Flexible Shaft
9/10/2026 3:22:23 PM
Sample Rate (Hz) = 2000.00
Effective Sample Rate (Hz) = 2000.00
time (s)	Voltage (V)	Current (A)	Distal Tach (rad/s)	Motor Tach (rad/s)

0.0000	0.0056	0.0005	8.4601	0.0501
0.0005	0.0056	0.0008	8.6733	0.0466
0.0010	0.0055	-0.0027	8.8313	0.0564
0.0015	0.0056	0.0016	8.8071	0.0556
0.0020	0.0058	-0.0018	8.8161	0.0607
0.0025	0.0060	-0.0005	9.0051	0.0602
0.0030	0.0058	-0.0001	9.1829	0.0575
0.0035	0.0059	-0.0017	9.1757	0.0544
0.0040	0.0063	-0.0025	9.1607	0.0609
0.0045	0.0061	0.0004	9.3256	0.0640
0.0050	0.0064	0.0018	9.5098	0.0607
0.0055	0.0063	-0.0011	9.5208	0.0610
0.0060	0.0068	-0.0017	9.4846	0.0591
0.0065	0.0068	-0.0020	9.6177	0.0663
0.0070	0.0069	0.0013	9.8090	0.0693
0.0075	0.0068	0.0018	9.8453	0.0667
0.0080	0.0068	-0.0017	9.7931	0.0723
0.0085	0.0068	-0.0008	9.8911	0.0656
0.0090	0.0067	-0.0023	10.0754	0.0722
0.0095	0.0074	0.0011	10.1355	0.0667
0.0100	0.0075	-0.0027	10.0813	0.0787
0.0105	0.0073	-0.0018	10.1380	0.0713
0.0110	0.0075	0.0021	10.2856	0.0743
0.0115	0.0076	0.0001	10.3232	0.0737
0.0120	0.0080	0.0024	10.3341	0.0705
0.0125	0.0077	0.0009	10.3335	0.0698
0.0130	0.0077	0.0025	10.4581	0.0761
0.0135	0.0073	0.0004	10.5745	0.0788
0.0140	0.0077	-0.0011	10.5660	0.0744
0.0145	0.0082	0.0042	10.5251	0.0734
0.0150	0.0079	-0.0017	10.6181	0.0771
0.0155	0.0078	-0.0020	10.7441	0.0806
0.0160	0.0080	-0.0023	10.7455	0.0792
0.0165	0.0083	-0.0006	10.6663	0.0798
0.0170	0.0083	-0.0009	10.7188	0.0837
0.0175	0.0083	-0.0027	10.8348	0.0842
0.0180	0.0083	-0.0046	10.7864	0.0817
0.0185	0.0084	-0.0024	10.6328	0.0837
0.0190	0.0087	-0.0005	10.6614	0.0846
0.0195	0.0083	0.0024	10.8216	0.0870
0.0200	0.0086	-0.0003	10.8668	0.0908
0.0205	0.0090	0.0001	10.8018	0.0852
0.0210	0.0083	-0.0015	10.8103	0.0877
0.0215	0.0089	-0.0012	10.9539	0.0868
0.0220	0.0090	-0.0029	11.0107	0.0867
0.0225	0.0089	-0.0044	10.9359	0.0894
0.0230	0.0087	0.0001	10.9160	0.0920
0.0235	0.0085	-0.0015	11.0561	0.0858
0.0240	0.0088	-0.0014	11.1643	0.0861
0.0245	0.0089	-0.0026	11.0897	0.0912
0.0250	0.0091	-0.0012	11.0282	0.0854
0.0255	0.0089	0.0002	11.1352	0.0875
0.0260	0.0088	-0.0011	11.2489	0.0873
0.0265	0.0090	-0.0038	11.1841	0.0892
0.0270	0.0091	0.0003	11.0824	0.0923
0.0275	0.0091	-0.0051	11.1390	0.0858
0.0280	0.0087	-0.0003	11.2632	0.0900
0.0285	0.0090	-0.0019	11.2409	0.0894
0.0290	0.0087	-0.0002	11.1338	0.0868
0.0295	0.0087	-0.0022	11.1550	0.0920
0.0300	0.0089	-0.0028	11.2706	0.0858
0.0305	0.0089	-0.0031	11.2551	0.0892
0.0310	0.0085	0.0003	11.1230	0.0848
0.0315	0.0086	-0.0038	11.1073	0.0859
0.0320	0.0087	-0.0033	11.2361	0.0875
0.0325	0.0088	-0.0036	11.2672	0.0926
0.0330	0.0094	-0.0025	11.1392	0.0939
0.0335	0.0097	-0.0020	11.0755	0.0943
0.0340	0.0096	-0.0007	11.1664	0.0919
0.0345	0.0097	-0.0017	11.1938	0.0952
0.0350	0.0095	-0.0034	11.0613	0.0931
0.0355	0.0090	-0.0000	10.9723	0.0906
0.0360	0.0090	-0.0035	11.0482	0.0869
0.0365	0.0083	-0.0022	11.0988	0.0844
0.0370	0.0088	0.0004	10.9804	0.0813
0.0375	0.0089	0.0014	10.8700	0.0863
0.0380	0.0092	-0.0004	10.9158	0.0858
0.0385	0.0091	-0.0032	10.9675	0.0918
0.0390	0.0093	0.0009	10.8584	0.0972
0.0395	0.0098	-0.0007	10.7204	0.0948
0.0400	0.0093	0.0012	10.7383	0.0920
0.0405	0.0093	-0.0023	10.8016	0.0949
0.0410	0.0089	-0.0029	10.7117	0.0881
0.0415	0.0085	-0.0028	10.5511	0.0829
0.0420	0.0086	-0.0029	10.5397	0.0850
0.0425	0.0091	-0.0033	10.5959	0.0890
0.0430	0.0086	0.0054	10.5142	0.0843
0.0435	0.0096	0.0006	10.3427	0.0861
0.0440	0.0093	-0.0007	10.2926	0.0938
0.0445	0.0092	0.0019	10.3397	0.0973
0.0450	0.0095	-0.0004	10.2772	0.1009
0.0455	0.0095	-0.0030	10.0963	0.0901
0.0460	0.0091	0.0008	10.0185	0.0899
0.0465	0.0086	-0.0031	10.0589	0.0863
0.0470	0.0073	-0.0015	10.0090	0.0740
0.0475	0.0068	-0.0010	9.8305	0.0611
0.0480	0.0065	0.0033	9.7217	0.0575
0.0485	0.0070	-0.0032	9.7487	0.0677
0.0490	0.0083	0.0031	9.7018	0.0763
0.0495	0.0088	0.0021	9.5204	0.0867
0.0500	0.0099	0.0035	9.3949	0.0919
0.0505	0.0106	-0.0020	9.4084	0.0989
0.0510	0.0106	-0.0035	9.3810	0.1049
0.0515	0.0100	0.0013	9.2106	0.1013
0.0520	0.0091	-0.0035	9.0676	0.0889
0.0525	0.0075	0.0030	9.0655	0.0780
0.0530	0.0068	-0.0028	9.0556	0.0709
0.0535	0.0063	0.0001	8.8886	0.0691
0.0540	0.0072	-0.0000	8.7059	0.0615
0.0545	0.0078	0.0012	8.6705	0.0734
0.0550	0.0082	-0.0002	8.6699	0.0837
0.0555	0.0095	0.0012	8.5179	0.0916
0.0560	0.0100	-0.0021	8.2134	0.0972
0.0565	0.0095	0.0021	8.0390	0.0979
0.0570	0.0094	0.0020	8.0296	0.0961
0.0575	0.0080	-0.0032	7.9156	0.0835
0.0580	0.0076	0.0001	7.7374	0.0777
0.0585	0.0067	0.0005	7.6380	0.0768
0.0590	0.0069	-0.0020	7.6353	0.0623
0.0595	0.0066	0.0015	7.5642	0.0677
0.0600	0.0075	-0.0021	7.4020	0.0775
0.0605	0.0083	-0.0040	7.2830	0.0827
0.0610	0.0089	0.0026	7.2748	0.0887
0.0615	0.0092	-0.0039	7.2223	0.0913
0.0620	0.0086	-0.0022	7.0523	0.0940
0.0625	0.0083	0.0004	6.9141	0.0859
0.0630	0.0076	0.0003	6.8923	0.0743
0.0635	0.0069	-0.0045	6.8705	0.0731
0.0640	0.0064	-0.0031	6.7097	0.0621
0.0645	0.0065	-0.0017	6.5336	0.0641
0.0650	0.0066	0.0026	6.4856	0.0598
0.0655	0.0071	-0.0025	6.4655	0.0768
0.0660	0.0077	0.0003	6.3229	0.0745
0.0665	0.0081	0.0009	6.1317	0.0781
0.0670	0.0079	-0.0020	6.0586	0.0792
0.0675	0.0079	-0.0008	6.0450	0.0796
0.0680	0.0070	0.0015	5.9147	0.0702
0.0685	0.0064	-0.0027	5.7146	0.0627
0.0690	0.0055	-0.0048	5.6211	0.0565
0.0695	0.0054	0.0001	5.6079	0.0577
0.0700	0.0056	-0.0004	5.4958	0.0594
0.0705	0.0055	-0.0014	5.2975	0.0595
0.0710	0.0059	-0.0024	5.1764	0.0584
0.0715	0.0061	-0.0011	5.1480	0.0539
0.0720	0.0056	-0.0011	5.0638	0.0566
0.0725	0.0058	0.0003	4.8710	0.0482
0.0730	0.0049	-0.0001	4.7234	0.0421
0.0735	0.0045	-0.0025	4.6815	0.0454
0.0740	0.0047	-0.0035	4.6037	0.0451
0.0745	0.0049	0.0018	4.4237	0.0398
0.0750	0.0050	-0.0020	4.2547	0.0455
0.0755	0.0054	-0.0028	4.1958	0.0481
0.0760	0.0056	-0.0026	4.1349	0.0565
0.0765	0.0057	-0.0008	3.9633	0.0554
0.0770	0.0056	-0.0041	3.7748	0.0575
0.0775	0.0055	0.0018	3.7005	0.0536
0.0780	0.0051	-0.0050	3.6472	0.0463
0.0785	0.0043	-0.0010	3.4905	0.0374
0.0790	0.0041	0.0036	3.2911	0.0450
0.0795	0.0038	-0.0020	3.1948	0.0370
0.0800	0.0043	0.0014	3.1461	0.0404
0.0805	0.0039	0.0025	3.0041	0.0431
0.0810	0.0047	0.0015	2.8085	0.0517
0.0815	0.0047	-0.0007	2.6891	0.0430
0.0820	0.0050	0.0010	2.6348	0.0451
0.0825	0.0048	-0.0015	2.5087	0.0453
0.0830	0.0042	-0.0013	2.3120	0.0404
0.0835	0.0042	0.0001	2.1780	0.0394
0.0840	0.0035	-0.0034	2.1156	0.0386
0.0845	0.0032	-0.0005	2.0024	0.0356
0.0850	0.0033	-0.0000	1.8091	0.0386
0.0855	0.0037	0.0003	1.6599	0.0315
0.0860	0.0038	0.0010	1.5892	0.0386
0.0865	0.0038	-0.0024	1.4845	0.0332
0.0870	0.0036	-0.0002	1.3004	0.0358
0.0875	0.0040	-0.0052	1.1415	0.0409
0.0880	0.0038	0.0032	1.0556	0.0311
0.0885	0.0031	-0.0006	0.9615	0.0342
0.0890	0.0029	0.0004	0.7935	0.0297
0.0895	0.0026	-0.0011	0.6227	0.0330
0.0900	0.0021	0.0018	0.5279	0.0269
0.0905	0.0025	-0.0026	0.4334	0.0237
0.0910	0.0025	0.0015	0.2772	0.0229
0.0915	0.0024	-0.0017	0.1178	0.0241
0.0920	0.0027	-0.0034	0.0079	0.0241
0.0925	0.0023	-0.0005	-0.0586	0.0258
0.0930	0.0028	-0.0010	-0.1725	0.0163
0.0935	0.0024	-0.0001	-0.3982	0.0224
0.0940	0.0016	0.0015	-0.5807	0.0206
0.0945	0.0014	0.0009	-0.6102	0.0155
0.0950	0.0016	0.0005	-0.6770	0.0155
0.0955	0.0016	0.0008	-0.8806	0.0192
0.0960	0.0014	-0.0031	-1.0805	0.0089
0.0965	0.0014	-0.0018	-1.1492	0.0153
0.0970	0.0015	-0.0014	-1.1966	0.0101
0.0975	0.0011	-0.0007	-1.3754	0.0094
0.0980	0.0012	0.0012	-1.5882	0.0088
0.0985	0.0013	-0.0007	-1.6746	0.0071
0.0990	0.0008	0.0036	-1.7102	0.0118
0.0995	0.0007	-0.0031	-1.8627	0.0149
0.1000	0.0009	-0.0027	-2.0840	0.0088
0.1005	0.0011	0.0009	-2.1924	0.0065
0.1010	0.0007	-0.0011	-2.2238	0.0060
0.1015	0.0005	0.0024	-2.3489	0.0105
0.1020	0.0009	-0.0049	-2.5723	0.0037
0.1025	0.0006	-0.0013	-2.6752	0.0058
0.1030	0.0009	-0.0033	-2.6324	0.0021
0.1035	0.0004	-0.0002	-2.7437	0.0039
0.1040	0.0003	-0.0000	-2.9905	0.0084
0.1045	0.0010	-0.0032	-3.1353	0.0020
0.1050	0.0007	-0.0037	-3.1454	0.0111
0.1055	0.0006	-0.0002	-3.2535	0.0034
0.1060	0.0009	-0.0008	-3.4838	-0.0019
0.1065	0.0004	0.0036	-3.6290	0.0043
0.1070	0.0003	-0.0005	-3.6425	0.0051
0.1075	0.0007	0.0004	-3.7287	-0.0009
0.1080	0.0005	-0.0010	-3.9476	0.0051
0.1085	0.0006	-0.0040	-4.1143	0.0032
0.1090	0.0001	-0.0029	-4.1380	0.0025
0.1095	-0.0002	-0.0010	-4.1975	0.0003
0.1100	0.0002	0.0005	-4.4050	0.0041
0.1105	-0.0002	-0.0035	-4.5863	-0.0024
0.1110	0.0002	-0.0016	-4.6244	-0.0041
0.1115	-0.0002	-0.0053	-4.6665	-0.0077
0.1120	-0.0003	0.0002	-4.8480	-0.0057
0.1125	-0.0008	0.0009	-5.0448	-0.0032
0.1130	-0.0001	-0.0020	-5.1087	-0.0069
0.1135	-0.0003	-0.0041	-5.1323	-0.0035
0.1140	-0.0007	-0.0014	-5.2815	-0.0031
0.1145	-0.0008	-0.0055	-5.4895	-0.0068
0.1150	-0.0006	0.0003	-5.5716	0.0008
0.1155	-0.0011	-0.0039	-5.5896	-0.0083
0.1160	-0.0008	-0.0009	-5.7204	-0.0027
0.1165	-0.0006	-0.0045	-5.9260	-0.0037
0.1170	-0.0008	-0.0008	-6.0308	-0.0057
0.1175	-0.0008	-0.0034	-6.0493	-0.0127
0.1180	-0.0009	-0.0056	-6.1543	-0.0066
0.1185	-0.0007	0.0015	-6.3516	-0.0142
0.1190	-0.0010	0.0001	-6.4732	-0.0102
0.1195	-0.0013	-0.0029	-6.4961	-0.0159
0.1200	-0.0010	-0.0023	-6.5794	-0.0154
0.1205	-0.0017	0.0010	-6.7602	-0.0116
0.1210	-0.0019	-0.0025	-6.9016	-0.0170
0.1215	-0.0015	0.0005	-6.9308	-0.0189
0.1220	-0.0015	0.0004	-6.9879	-0.0217
0.1225	-0.0023	-0.0013	-7.1508	-0.0280
0.1230	-0.0021	0.0009	-7.3049	-0.0222
0.1235	-0.0026	-0.0019	-7.3493	-0.0324
0.1240	-0.0025	-0.0008	-7.3876	-0.0251
0.1245	-0.0028	-0.0015	-7.5270	-0.0302
0.1250	-0.0030	0.0004	-7.6910	-0.0361
0.1255	-0.0028	0.0019	-7.7524	-0.0290
0.1260	-0.0029	-0.0021	-7.7770	-0.0301
0.1265	-0.0026	0.0017	-7.8950	-0.0331
0.1270	-0.0029	-0.0015	-8.0598	-0.0289
0.1275	-0.0030	0.0035	-8.1353	-0.0279
0.1280	-0.0035	0.0004	-8.1441	-0.0388
0.1285	-0.0036	0.0004	-8.2328	-0.0425
0.1290	-0.0043	-0.0005	-8.3955	-0.0428
0.1295	-0.0039	0.0009	-8.4938	-0.0434
0.1300	-0.0039	-0.0005	-8.5048	-0.0450
0.1305	-0.0039	0.0028	-8.5726	-0.0431
0.1310	-0.0038	0.0004	-8.7235	-0.0455
0.1315	-0.0039	-0.0014	-8.8349	-0.0385
0.1320	-0.0035	-0.0025	-8.8429	-0.0368
0.1325	-0.0034	-0.0016	-8.8838	-0.0420
0.1330	-0.0045	-0.0028	-9.0237	-0.0471
0.1335	-0.0046	0.0004	-9.1506	-0.0438
0.1340	-0.0046	0.0012	-9.1659	-0.0490
0.1345	-0.0052	-0.0016	-9.1824	-0.0525
0.1350	-0.0046	-0.0011	-9.3075	-0.0496
0.1355	-0.0049	-0.0007	-9.4488	-0.0492
0.1360	-0.0049	-0.0027	-9.4781	-0.0483
0.1365	-0.0041	-0.0029	-9.4753	-0.0473
0.1370	-0.0048	-0.0026	-9.5777	-0.0483
0.1375	-0.0051	0.0004	-9.7157	-0.0503
0.1380	-0.0048	-0.0021	-9.7559	-0.0432
0.1385	-0.0047	-0.0009	-9.7399	-0.0558
0.1390	-0.0051	-0.0012	-9.8087	-0.0540
0.1395	-0.0050	0.0007	-9.9489	-0.0558
0.1400	-0.0054	-0.0017	-10.0031	-0.0606
0.1405	-0.0054	-0.0038	-9.9800	-0.0530
0.1410	-0.0054	-0.0030	-10.0236	-0.0590
0.1415	-0.0056	-0.0005	-10.1497	-0.0521
0.1420	-0.0053	-0.0011	-10.2159	-0.0571
0.1425	-0.0056	-0.0004	-10.1867	-0.0570
0.1430	-0.0056	-0.0022	-10.2050	-0.0592
0.1435	-0.0057	-0.0009	-10.3171	-0.0535
0.1440	-0.0061	-0.0006	-10.3893	-0.0646
0.1445	-0.0063	-0.0047	-10.3526	-0.0634
0.1450	-0.0063	-0.0003	-10.3432	-0.0644
0.1455	-0.0061	-0.0005	-10.4379	-0.0627
0.1460	-0.0064	-0.0006	-10.5184	-0.0635
0.1465	-0.0066	-0.0002	-10.4950	-0.0639
0.1470	-0.0061	-0.0017	-10.4744	-0.0658
0.1475	-0.0061	-0.0022	-10.5453	-0.0714
0.1480	-0.0065	-0.0032	-10.6159	-0.0662
0.1485	-0.0063	0.0028	-10.5939	-0.0695
0.1490	-0.0067	-0.0020	-10.5471	-0.0738
0.1495	-0.0066	-0.0005	-10.5883	-0.0721
0.1500	-0.0068	0.0036	-10.6646	-0.0714
0.1505	-0.0066	0.0007	-10.6678	-0.0679
0.1510	-0.0071	-0.0044	-10.6236	-0.0730
0.1515	-0.0064	-0.0010	-10.6517	-0.0714
0.1520	-0.0065	-0.0008	-10.7193	-0.0692
0.1525	-0.0070	-0.0015	-10.7185	-0.0703
0.1530	-0.0070	-0.0003	-10.6344	-0.0700
0.1535	-0.0071	0.0002	-10.6288	-0.0696
0.1540	-0.0073	0.0044	-10.6872	-0.0739
0.1545	-0.0069	-0.0005	-10.6946	-0.0705
0.1550	-0.0075	-0.0018	-10.6039	-0.0746
0.1555	-0.0074	-0.0037	-10.5866	-0.0800
0.1560	-0.0074	-0.0001	-10.6437	-0.0693
0.1565	-0.0076	-0.0002	-10.6716	-0.0740
0.1570	-0.0071	-0.0026	-10.4598	-0.0777
0.1575	-0.0071	-0.0029	-10.2845	-0.0742
0.1580	-0.0071	0.0026	-10.3477	-0.0756
0.1585	-0.0072	-0.0003	-10.3603	-0.0755
0.1590	-0.0072	0.0009	-10.3083	-0.0765
0.1595	-0.0074	-0.0017	-10.2609	-0.0787
0.1600	-0.0074	-0.0032	-10.3416	-0.0748
0.1605	-0.0080	-0.0005	-10.3841	-0.0790
0.1610	-0.0077	0.0014	-10.3100	-0.0797
0.1615	-0.0076	0.0054	-10.2400	-0.0802
0.1620	-0.0075	0.0006	-10.2919	-0.0777
0.1625	-0.0081	-0.0014	-10.3371	-0.0789
0.1630	-0.0071	-0.0031	-10.2684	-0.0752
0.1635	-0.0074	-0.0026	-10.1854	-0.0732
0.1640	-0.0071	0.0018	-10.2153	-0.0794
0.1645	-0.0075	0.0009	-10.2772	-0.0784
0.1650	-0.0072	-0.0007	-10.2143	-0.0786
0.1655	-0.0073	0.0016	-10.1020	-0.0778
0.1660	-0.0079	-0.0005	-10.1069	-0.0788
0.1665	-0.0083	-0.0011	-10.1725	-0.0770
0.1670	-0.0078	-0.0004	-10.1140	-0.0776
0.1675	-0.0078	-0.0019	-9.9794	-0.0777
0.1680	-0.0074	-0.0009	-9.9544	-0.0708
0.1685	-0.0073	0.0010	-10.0207	-0.0748
0.1690	-0.0075	-0.0010	-9.9811	-0.0753
0.1695	-0.0071	0.0006	-9.8398	-0.0793
0.1700	-0.0071	-0.0021	-9.7839	-0.0748
0.1705	-0.0076	-0.0048	-9.8357	-0.0767
0.1710	-0.0076	-0.0031	-9.8141	-0.0736
0.1715	-0.0074	-0.0023	-9.6765	-0.0763
0.1720	-0.0071	0.0006	-9.5955	-0.0734
0.1725	-0.0071	0.0013	-9.6255	-0.0758
0.1730	-0.0068	-0.0037	-9.6050	-0.0698
0.1735	-0.0068	0.0011	-9.4705	-0.0718
0.1740	-0.0072	-0.0008	-9.3621	-0.0776
0.1745	-0.0075	-0.0032	-9.3764	-0.0797
0.1750	-0.0075	0.0012	-9.3667	-0.0748
0.1755	-0.0074	0.0015	-9.2291	-0.0831
0.1760	-0.0073	-0.0018	-9.1010	-0.0767
0.1765	-0.0071	-0.0010	-9.0980	-0.0717
0.1770	-0.0069	-0.0026	-9.0965	-0.0653
0.1775	-0.0064	0.0009	-8.9689	-0.0589
0.1780	-0.0065	-0.0023	-8.8194	-0.0688
0.1785	-0.0066	0.0033	-8.7906	-0.0668
0.1790	-0.0067	-0.0014	-8.7934	-0.0636
0.1795	-0.0072	0.0016	-8.6790	-0.0682
0.1800	-0.0076	-0.0004	-8.5169	-0.0745
0.1805	-0.0072	-0.0009	-8.4540	-0.0714
0.1810	-0.0072	-0.0004	-8.4551	-0.0762
0.1815	-0.0074	0.0006	-8.3589	-0.0719
0.1820	-0.0068	-0.0016	-8.1942	-0.0655
0.1825	-0.0068	0.0029	-8.1128	-0.0699
0.1830	-0.0068	-0.0015	-8.1039	-0.0634
0.1835	-0.0067	-0.0011	-8.0243	-0.0707
0.1840	-0.0069	-0.0006	-7.8618	-0.0675
0.1845	-0.0064	-0.0054	-7.7592	-0.0722
0.1850	-0.0071	0.0013	-7.7376	-0.0645
0.1855	-0.0072	-0.0007	-7.6659	-0.0760
0.1860	-0.0069	0.0015	-7.5063	-0.0715
0.1865	-0.0069	0.0033	-7.3868	-0.0664
0.1870	-0.0065	-0.0012	-7.3573	-0.0663
0.1875	-0.0060	-0.0055	-7.2966	-0.0699
0.1880	-0.0059	0.0029	-7.1391	-0.0601
0.1885	-0.0063	-0.0006	-7.0050	-0.0614
0.1890	-0.0060	-0.0005	-6.9550	-0.0652
0.1895	-0.0063	0.0022	-6.8996	-0.0652
0.1900	-0.0065	-0.0002	-6.7546	-0.0698
0.1905	-0.0060	0.0011	-6.6074	-0.0669
0.1910	-0.0067	-0.0003	-6.5435	-0.0661
0.1915	-0.0063	-0.0011	-6.4886	-0.0686
0.1920	-0.0061	0.0001	-6.3490	-0.0638
0.1925	-0.0059	-0.0027	-6.1940	-0.0622
0.1930	-0.0058	0.0001	-6.1088	-0.0614
0.1935	-0.0054	-0.0018	-6.0523	-0.0516
0.1940	-0.0057	-0.0003	-5.9258	-0.0586
0.1945	-0.0057	0.0017	-5.7634	-0.0542
0.1950	-0.0051	-0.0030	-5.6677	-0.0611
0.1955	-0.0056	0.0017	-5.6114	-0.0561
0.1960	-0.0056	-0.0031	-5.4952	-0.0616
0.1965	-0.0056	-0.0005	-5.3286	-0.0597
0.1970	-0.0055	-0.0041	-5.2136	-0.0552
0.1975	-0.0053	0.0018	-5.1513	-0.0532
0.1980	-0.0049	-0.0018	-5.0504	-0.0530
0.1985	-0.0047	-0.0023	-4.8831	-0.0468
0.1990	-0.0047	-0.0007	-4.7462	-0.0499
0.1995	-0.0045	-0.0020	-4.6813	-0.0460
0.2000	-0.0047	-0.0039	-4.5903	-0.0437
0.2005	-0.0047	0.0006	-4.4288	-0.0467
0.2010	-0.0043	-0.0036	-4.2858	-0.0459
0.2015	-0.0050	-0.0020	-4.2114	-0.0473
0.2020	-0.0049	-0.0016	-4.1249	-0.0476
0.2025	-0.0045	0.0011	-3.9648	-0.0431
0.2030	-0.0042	-0.0020	-3.8068	-0.0449
0.2035	-0.0038	-0.0014	-3.7223	-0.0405
0.2040	-0.0038	0.0012	-3.6448	-0.0323
0.2045	-0.0035	-0.0021	-3.4970	-0.0363
0.2050	-0.0033	-0.0007	-3.3323	-0.0322
0.2055	-0.0037	-0.0012	-3.2293	-0.0276
0.2060	-0.0037	0.0023	-3.1546	-0.0325
0.2065	-0.0039	0.0030	-3.0187	-0.0397
0.2070	-0.0036	0.0005	-2.8496	-0.0310
0.2075	-0.0034	0.0012	-2.7346	-0.0349
0.2080	-0.0033	-0.0005	-2.6585	-0.0334
0.2085	-0.0032	0.0024	-2.5341	-0.0317
0.2090	-0.0031	-0.0026	-2.3622	-0.0317
0.2095	-0.0027	-0.0019	-2.2380	-0.0275
0.2100	-0.0025	0.0024	-2.1552	-0.0220
0.2105	-0.0025	0.0013	-2.0365	-0.0255
0.2110	-0.0021	-0.0020	-1.8732	-0.0276
0.2115	-0.0029	-0.0024	-1.7338	-0.0214
0.2120	-0.0024	-0.0014	-1.6446	-0.0255
0.2125	-0.0024	0.0027	-1.5368	-0.0287
0.2130	-0.0026	-0.0020	-1.3831	-0.0177
0.2135	-0.0022	-0.0038	-1.2384	-0.0243
0.2140	-0.0018	-0.0014	-1.1416	-0.0160
0.2145	-0.0018	-0.0020	-1.0318	-0.0230
0.2150	-0.0014	0.0006	-0.8847	-0.0158
0.2155	-0.0014	-0.0039	-0.7409	-0.0173
0.2160	-0.0015	-0.0029	-0.6278	-0.0157
0.2165	-0.0017	0.0003	-0.5252	-0.0147
0.2170	-0.0011	0.0012	-0.3873	-0.0172
0.2175	-0.0011	0.0012	-0.2458	-0.0063
0.2180	-0.0013	-0.0001	-0.1322	-0.0148
0.2185	-0.0014	0.0026	-0.0307	-0.0098
0.2190	-0.0011	-0.0016	0.0971	-0.0066
0.2195	-0.0004	-0.0027	0.2287	-0.0043
0.2200	-0.0005	0.0033	0.3394	-0.0037
0.2205	-0.0005	-0.0011	0.4545	-0.0069
0.2210	-0.0006	0.0012	0.5908	-0.0025
0.2215	-0.0006	-0.0020	0.7279	-0.0027
0.2220	-0.0002	0.0050	0.8405	-0.0042
0.2225	-0.0001	0.0002	0.9512	-0.0054
0.2230	0.0003	-0.0011	1.0847	-0.0007
0.2235	-0.0002	-0.0047	1.2242	-0.0010
0.2240	0.0002	-0.0032	1.3352	-0.0005
0.2245	0.0005	0.0003	1.4408	0.0027
0.2250	0.0003	-0.0005	1.5683	-0.0007
0.2255	0.0006	-0.0018	1.7118	0.0035
0.2260	0.0005	-0.0012	1.8282	0.0039
0.2265	0.0007	-0.0040	1.9299	0.0020
0.2270	0.0007	0.0022	2.0557	0.0111
0.2275	0.0004	-0.0000	2.1968	0.0011
0.2280	0.0003	-0.0044	2.3184	0.0076
0.2285	0.0007	-0.0022	2.4168	0.0020
0.2290	0.0007	-0.0023	2.5353	0.0097
0.2295	0.0009	-0.0035	2.6739	0.0059
0.2300	0.0012	-0.0026	2.7739	0.0112
0.2305	0.0010	-0.0056	2.8490	0.0108
0.2310	0.0011	-0.0019	2.9722	0.0104
0.2315	0.0013	-0.0003	3.1319	0.0072
0.2320	0.0014	-0.0011	3.3271	0.0149
0.2325	0.0013	0.0018	3.4188	0.0114
0.2330	0.0018	-0.0020	3.4639	0.0113
0.2335	0.0016	-0.0011	3.5941	0.0149
0.2340	0.0013	-0.0008	3.7879	0.0169
0.2345	0.0018	-0.0016	3.8973	0.0185
0.2350	0.0015	0.0012	3.9394	0.0190
0.2355	0.0015	0.0002	4.0528	0.0148
0.2360	0.0017	-0.0058	4.2418	0.0172
0.2365	0.0015	0.0028	4.3692	0.0109
0.2370	0.0021	-0.0011	4.4167	0.0205
0.2375	0.0019	-0.0018	4.5091	0.0206
0.2380	0.0022	-0.0026	4.6866	0.0201
0.2385	0.0026	-0.0048	4.8221	0.0173
0.2390	0.0021	-0.0017	4.8794	0.0223
0.2395	0.0023	0.0031	4.9609	0.0197
0.2400	0.0024	-0.0008	5.1257	0.0226
0.2405	0.0027	-0.0023	5.2696	0.0229
0.2410	0.0027	0.0027	5.3307	0.0260
0.2415	0.0029	-0.0055	5.3966	0.0227
0.2420	0.0029	0.0024	5.5480	0.0275
0.2425	0.0030	-0.0013	5.6977	0.0226
0.2430	0.0032	-0.0044	5.7663	0.0295
0.2435	0.0031	-0.0038	5.8267	0.0329
0.2440	0.0032	-0.0010	5.9651	0.0289
0.2445	0.0034	0.0007	6.1162	0.0310
0.2450	0.0030	-0.0006	6.1933	0.0336
0.2455	0.0028	-0.0032	6.2455	0.0329
0.2460	0.0032	-0.0007	6.3634	0.0319
0.2465	0.0035	-0.0038	6.5168	0.0376
0.2470	0.0034	0.0015	6.6024	0.0382
0.2475	0.0041	0.0033	6.6501	0.0363
0.2480	0.0040	-0.0023	6.7512	0.0377
0.2485	0.0038	-0.0006	6.8956	0.0408
0.2490	0.0041	-0.0021	6.9908	0.0399
0.2495	0.0039	0.0026	7.0352	0.0401
0.2500	0.0041	-0.0014	7.1240	0.0355
0.2505	0.0043	-0.0024	7.2571	0.0445
0.2510	0.0042	-0.0009	7.3610	0.0388
0.2515	0.0043	0.0016	7.4082	0.0400
0.2520	0.0048	0.0011	7.4720	0.0498
0.2525	0.0046	-0.0032	7.6002	0.0355
0.2530	0.0042	0.0015	7.7111	0.0454
0.2535	0.0050	0.0040	7.7611	0.0493
0.2540	0.0051	-0.0007	7.8159	0.0513
0.2545	0.0052	0.0025	7.9240	0.0444
0.2550	0.0048	0.0007	8.0355	0.0460
0.2555	0.0047	-0.0048	8.0885	0.0533
0.2560	0.0048	-0.0000	8.1361	0.0579
0.2565	0.0054	0.0017	8.2329	0.0552
0.2570	0.0053	0.0006	8.3407	0.0557
0.2575	0.0052	-0.0008	8.4044	0.0571
0.2580	0.0054	0.0009	8.4393	0.0549
0.2585	0.0057	0.0018	8.5259	0.0513
0.2590	0.0060	0.0007	8.6276	0.0545
0.2595	0.0059	0.0022	8.6931	0.0544
0.2600	0.0063	-0.0052	8.7199	0.0559
0.2605	0.0059	0.0004	8.7950	0.0584
0.2610	0.0063	0.0057	8.8830	0.0585
0.2615	0.0058	0.0040	8.9457	0.0598
0.2620	0.0061	-0.0055	8.9257	0.0601
0.2625	0.0062	0.0029	9.0132	0.0605
0.2630	0.0064	-0.0006	9.1240	0.0628
0.2635	0.0068	-0.0030	9.1465	0.0547
0.2640	0.0063	0.0006	9.1702	0.0666
0.2645	0.0072	0.0010	9.2406	0.0656
0.2650	0.0062	-0.0021	9.3310	0.0659
0.2655	0.0068	0.0018	9.3554	0.0694
0.2660	0.0065	0.0012	9.3566	0.0658
0.2665	0.0073	0.0033	9.4176	0.0662
0.2670	0.0072	-0.0008	9.5048	0.0703
0.2675	0.0069	-0.0029	9.5241	0.0674
0.2680	0.0073	-0.0004	9.5053	0.0668
0.2685	0.0071	-0.0026	9.5523	0.0702
0.2690	0.0074	-0.0014	9.6360	0.0691
0.2695	0.0077	-0.0007	9.6246	0.0702
0.2700	0.0078	-0.0022	9.5580	0.0694
0.2705	0.0077	-0.0038	9.5226	0.0723
0.2710	0.0074	0.0005	9.6189	0.0715
0.2715	0.0073	0.0013	9.6616	0.0802
0.2720	0.0077	-0.0050	9.6365	0.0737
0.2725	0.0083	-0.0038	9.6665	0.0741
0.2730	0.0072	-0.0033	9.7578	0.0736
0.2735	0.0079	-0.0038	9.8069	0.0761
0.2740	0.0078	0.0012	9.7725	0.0775
0.2745	0.0078	-0.0032	9.7786	0.0777
0.2750	0.0080	0.0003	9.8552	0.0782
0.2755	0.0084	-0.0001	9.9147	0.0725
0.2760	0.0077	-0.0001	9.9170	0.0806
0.2765	0.0081	0.0009	9.9097	0.0764
0.2770	0.0077	-0.0009	9.9596	0.0826
0.2775	0.0078	-0.0041	10.0206	0.0782
0.2780	0.0084	-0.0012	10.0161	0.0768
0.2785	0.0083	-0.0014	9.9869	0.0837
0.2790	0.0081	-0.0008	10.0183	0.0771
0.2795	0.0076	-0.0015	10.0703	0.0834
0.2800	0.0079	0.0015	10.0553	0.0821
0.2805	0.0084	-0.0038	10.0115	0.0867
0.2810	0.0083	-0.0012	10.0466	0.0790
0.2815	0.0082	-0.0032	10.1070	0.0828
0.2820	0.0082	0.0012	10.0964	0.0844
0.2825	0.0080	-0.0029	10.0423	0.0771
0.2830	0.0081	-0.0050	10.0507	0.0811
0.2835	0.0080	-0.0019	10.0986	0.0806
0.2840	0.0079	0.0010	10.0788	0.0837
0.2845	0.0082	0.0001	10.0192	0.0728
0.2850	0.0081	-0.0005	10.0257	0.0828
0.2855	0.0083	-0.0014	10.0849	0.0785
0.2860	0.0076	0.0018	10.0811	0.0791
0.2865	0.0082	-0.0055	10.0083	0.0798
0.2870	0.0082	-0.0019	9.9827	0.0858
0.2875	0.0082	0.0008	10.0159	0.0784
0.2880	0.0081	0.0016	10.0031	0.0812
0.2885	0.0079	-0.0029	9.9262	0.0791
0.2890	0.0075	-0.0006	9.8852	0.0736
0.2895	0.0074	0.0013	9.9157	0.0754
0.2900	0.0076	-0.0008	9.9148	0.0778
0.2905	0.0078	-0.0015	9.8339	0.0823
0.2910	0.0088	0.0007	9.7790	0.0847
0.2915	0.0083	-0.0012	9.8038	0.0860
0.2920	0.0085	0.0009	9.8022	0.0868
0.2925	0.0087	0.0034	9.7178	0.0881
0.2930	0.0086	0.0030	9.6406	0.0788
0.2935	0.0080	-0.0035	9.6406	0.0762
0.2940	0.0078	0.0014	9.6429	0.0863
0.2945	0.0078	0.0006	9.5753	0.0733
0.2950	0.0076	-0.0009	9.4857	0.0827
0.2955	0.0077	-0.0019	9.4584	0.0723
0.2960	0.0081	0.0040	9.4633	0.0751
0.2965	0.0085	-0.0005	9.4010	0.0819
0.2970	0.0086	0.0009	9.2935	0.0847
0.2975	0.0087	0.0006	9.2493	0.0870
0.2980	0.0084	-0.0020	9.2445	0.0873
0.2985	0.0085	-0.0005	9.1825	0.0853
0.2990	0.0081	0.0024	9.0656	0.0745
0.2995	0.0078	-0.0037	9.0040	0.0785
0.3000	0.0077	-0.0026	8.9920	0.0733
0.3005	0.0080	0.0038	8.9359	0.0830
0.3010	0.0073	-0.0013	8.8256	0.0766
0.3015	0.0082	-0.0004	8.7396	0.0790
0.3020	0.0083	0.0013	8.7124	0.0860
0.3025	0.0083	-0.0039	8.6634	0.0884
0.3030	0.0083	-0.0015	8.5562	0.0844
0.3035	0.0086	-0.0011	8.4578	0.0797
0.3040	0.0078	-0.0030	8.4137	0.0710
0.3045	0.0077	-0.0015	8.3604	0.0807
0.3050	0.0074	-0.0020	8.2574	0.0771
0.3055	0.0071	0.0020	8.1538	0.0730
0.3060	0.0071	-0.0035	8.0916	0.0736
0.3065	0.0071	-0.0041	8.0468	0.0715
0.3070	0.0080	0.0005	7.9506	0.0737
0.3075	0.0074	-0.0011	7.8383	0.0762
0.3080	0.0069	0.0039	7.7754	0.0635
0.3085	0.0059	0.0041	7.7263	0.0614
0.3090	0.0051	-0.0033	7.6389	0.0483
0.3095	0.0044	-0.0005	7.5178	0.0409
0.3100	0.0052	-0.0033	7.4286	0.0564
0.3105	0.0060	-0.0000	7.3665	0.0545
0.3110	0.0071	0.0031	7.2740	0.0663
0.3115	0.0081	-0.0035	7.1618	0.0843
0.3120	0.0087	-0.0005	7.0504	0.0900
0.3125	0.0084	-0.0031	6.8865	0.0842
0.3130	0.0077	0.0021	6.7106	0.0797
0.3135	0.0068	-0.0005	6.5812	0.0592
0.3140	0.0051	0.0004	6.4798	0.0600
0.3145	0.0048	-0.0011	6.4127	0.0469
0.3150	0.0046	0.0021	6.3427	0.0498
0.3155	0.0047	-0.0016	6.2411	0.0558
0.3160	0.0061	-0.0025	6.1268	0.0638
0.3165	0.0069	-0.0017	6.0528	0.0685
0.3170	0.0074	0.0027	5.9955	0.0782
0.3175	0.0082	0.0016	5.8960	0.0788
0.3180	0.0074	-0.0023	5.7770	0.0751
0.3185	0.0076	0.0037	5.6986	0.0816
0.3190	0.0061	-0.0006	5.6323	0.0591
0.3195	0.0054	0.0009	5.5397	0.0587
0.3200	0.0052	0.0001	5.4095	0.0509
0.3205	0.0051	-0.0001	5.3125	0.0517
0.3210	0.0056	-0.0003	5.2550	0.0483
0.3215	0.0059	0.0004	5.1718	0.0560
0.3220	0.0066	0.0023	5.0470	0.0673
0.3225	0.0071	0.0002	4.9340	0.0698
0.3230	0.0072	-0.0019	4.8612	0.0803
0.3235	0.0070	0.0036	4.7758	0.0641
0.3240	0.0063	-0.0013	4.6493	0.0628
0.3245	0.0050	-0.0037	4.5308	0.0527
0.3250	0.0045	-0.0017	4.4504	0.0423
0.3255	0.0040	-0.0022	4.3656	0.0428
0.3260	0.0044	-0.0001	4.2436	0.0463
0.3265	0.0049	0.0030	4.1147	0.0474
0.3270	0.0052	-0.0044	4.0311	0.0518
0.3275	0.0056	-0.0008	3.9486	0.0579
0.3280	0.0061	0.0004	3.8258	0.0658
0.3285	0.0055	-0.0043	3.6917	0.0584
0.3290	0.0056	-0.0003	3.5979	0.0550
0.3295	0.0049	-0.0016	3.5213	0.0462
0.3300	0.0042	-0.0014	3.3984	0.0443
0.3305	0.0037	-0.0020	3.2618	0.0361
0.3310	0.0037	-0.0015	3.1619	0.0376
0.3315	0.0036	-0.0065	3.0793	0.0330
0.3320	0.0034	-0.0012	2.9682	0.0360
0.3325	0.0038	0.0022	2.8240	0.0459
0.3330	0.0046	0.0006	2.7116	0.0466
0.3335	0.0050	0.0006	2.6303	0.0446
0.3340	0.0049	-0.0008	2.5207	0.0533
0.3345	0.0043	0.0013	2.3825	0.0452
0.3350	0.0033	0.0021	2.2628	0.0314
0.3355	0.0035	0.0015	2.1734	0.0350
0.3360	0.0029	-0.0010	2.0677	0.0312
0.3365	0.0034	0.0016	1.9324	0.0183
0.3370	0.0034	-0.0008	1.8031	0.0264
0.3375	0.0035	-0.0007	1.7103	0.0352
0.3380	0.0035	-0.0014	1.6086	0.0356
0.3385	0.0042	0.0037	1.4755	0.0408
0.3390	0.0039	-0.0004	1.3419	0.0422
0.3395	0.0035	-0.0027	1.2398	0.0308
0.3400	0.0032	0.0017	1.1434	0.0319
0.3405	0.0029	-0.0018	1.0123	0.0236
0.3410	0.0024	0.0004	0.8778	0.0205
0.3415	0.0022	0.0021	0.7696	0.0179
0.3420	0.0024	-0.0025	0.6707	0.0235
0.3425	0.0021	0.0020	0.5472	0.0212
0.3430	0.0026	0.0014	0.4123	0.0286
0.3435	0.0026	-0.0011	0.3005	0.0280
0.3440	0.0029	-0.0028	0.2023	0.0234
0.3445	0.0028	-0.0005	0.0843	0.0247
0.3450	0.0024	-0.0013	-0.0296	0.0160
0.3455	0.0021	-0.0024	-0.1034	0.0206
0.3460	0.0016	-0.0002	-0.2346	0.0160
0.3465	0.0017	0.0004	-0.4272	0.0086
0.3470	0.0013	-0.0005	-0.5459	0.0122
0.3475	0.0017	-0.0003	-0.5827	0.0098
0.3480	0.0015	0.0009	-0.6736	0.0105
0.3485	0.0021	-0.0017	-0.8594	0.0151
0.3490	0.0016	0.0025	-1.0152	0.0107
0.3495	0.0020	-0.0029	-1.0669	0.0160
0.3500	0.0018	0.0004	-1.1275	0.0157
0.3505	0.0007	0.0005	-1.2983	0.0090
0.3510	0.0012	-0.0016	-1.4714	0.0083
0.3515	0.0006	-0.0015	-1.5368	0.0063
0.3520	0.0008	0.0018	-1.5818	0.0097
0.3525	0.0012	-0.0016	-1.7385	0.0055
0.3530	0.0007	-0.0011	-1.9090	0.0087
0.3535	0.0008	0.0003	-1.9954	0.0059
0.3540	0.0008	0.0001	-2.0406	0.0061
0.3545	0.0007	-0.0044	-2.1612	0.0035
0.3550	0.0003	0.0008	-2.3379	0.0027
0.3555	0.0006	-0.0016	-2.4373	0.0031
0.3560	0.0009	-0.0020	-2.4841	0.0050
0.3565	0.0008	-0.0011	-2.5929	0.0133
0.3570	0.0006	-0.0007	-2.7504	-0.0003
0.3575	0.0004	-0.0042	-2.8689	0.0070
0.3580	0.0006	0.0042	-2.9271	0.0164
0.3585	0.0005	-0.0033	-3.0496	0.0046
0.3590	0.0005	-0.0054	-3.2250	0.0026
0.3595	0.0002	-0.0009	-3.3283	0.0074
0.3600	0.0005	-0.0010	-3.3753	0.0026
0.3605	0.0002	0.0015	-3.4828	-0.0030
0.3610	0.0005	0.0002	-3.6516	-0.0034
0.3615	0.0000	0.0018	-3.7701	0.0009
0.3620	0.0003	-0.0049	-3.8233	0.0024
0.3625	0.0002	-0.0023	-3.9132	0.0006
0.3630	0.0001	-0.0004	-4.0790	0.0009
0.3635	-0.0002	-0.0009	-4.2077	-0.0061
0.3640	-0.0001	-0.0026	-4.2606	-0.0011
0.3645	-0.0001	-0.0038	-4.3352	-0.0043
0.3650	-0.0002	-0.0031	-4.4924	-0.0072
0.3655	-0.0003	-0.0001	-4.6366	0.0001
0.3660	0.0002	-0.0003	-4.6946	-0.0007
0.3665	-0.0004	-0.0011	-4.7566	0.0018
0.3670	-0.0005	0.0063	-4.8986	0.0028
0.3675	-0.0005	-0.0023	-5.0453	-0.0058
0.3680	-0.0010	-0.0010	-5.1219	-0.0059
0.3685	-0.0006	-0.0039	-5.1750	-0.0090
0.3690	-0.0007	0.0012	-5.2959	-0.0074
0.3695	-0.0011	-0.0005	-5.4443	-0.0059
0.3700	-0.0010	0.0006	-5.5284	-0.0067
0.3705	-0.0010	-0.0020	-5.5786	-0.0077
0.3710	-0.0011	0.0003	-5.6853	-0.0140
0.3715	-0.0011	0.0048	-5.8316	-0.0099
0.3720	-0.0011	0.0032	-5.9274	-0.0115
0.3725	-0.0011	-0.0002	-5.9704	-0.0192
0.3730	-0.0011	-0.0010	-6.0637	-0.0160
0.3735	-0.0014	-0.0007	-6.2111	-0.0170
0.3740	-0.0018	-0.0000	-6.3117	-0.0208
0.3745	-0.0017	0.0006	-6.3532	-0.0223
0.3750	-0.0017	-0.0011	-6.4323	-0.0219
0.3755	-0.0015	0.0023	-6.5731	-0.0162
0.3760	-0.0018	-0.0027	-6.6853	-0.0181
0.3765	-0.0019	-0.0013	-6.7227	-0.0218
0.3770	-0.0022	-0.0012	-6.7819	-0.0234
0.3775	-0.0023	-0.0004	-6.9089	-0.0232
0.3780	-0.0023	0.0021	-7.0330	-0.0275
0.3785	-0.0024	-0.0026	-7.0813	-0.0285
0.3790	-0.0025	0.0012	-7.1289	-0.0301
0.3795	-0.0026	-0.0003	-7.2447	-0.0316
0.3800	-0.0030	-0.0014	-7.3692	-0.0284
0.3805	-0.0028	-0.0013	-7.4251	-0.0265
0.3810	-0.0030	0.0004	-7.4584	-0.0320
0.3815	-0.0032	0.0029	-7.5584	-0.0385
0.3820	-0.0033	0.0010	-7.6828	-0.0397
0.3825	-0.0031	-0.0008	-7.7428	-0.0365
0.3830	-0.0032	-0.0014	-7.7704	-0.0315
0.3835	-0.0035	0.0018	-7.8580	-0.0419
0.3840	-0.0037	-0.0037	-7.9783	-0.0334
0.3845	-0.0033	0.0031	-8.0432	-0.0344
0.3850	-0.0035	0.0012	-8.0675	-0.0367
0.3855	-0.0037	0.0007	-8.1487	-0.0427
0.3860	-0.0033	-0.0027	-8.2672	-0.0419
0.3865	-0.0039	0.0021	-8.3313	-0.0363
0.3870	-0.0041	-0.0018	-8.3510	-0.0404
0.3875	-0.0043	0.0016	-8.4155	-0.0461
0.3880	-0.0036	-0.0013	-8.5257	-0.0414
0.3885	-0.0039	0.0029	-8.5968	-0.0388
0.3890	-0.0041	-0.0003	-8.6090	-0.0447
0.3895	-0.0042	-0.0017	-8.6537	-0.0400
0.3900	-0.0043	-0.0015	-8.7548	-0.0432
0.3905	-0.0046	0.0006	-8.8367	-0.0487
0.3910	-0.0041	-0.0080	-8.8481	-0.0406
0.3915	-0.0045	-0.0010	-8.8713	-0.0486
0.3920	-0.0045	-0.0010	-8.9636	-0.0465
0.3925	-0.0044	-0.0043	-9.0424	-0.0486
0.3930	-0.0046	-0.0012	-9.0612	-0.0459
0.3935	-0.0049	-0.0020	-9.0707	-0.0483
0.3940	-0.0047	0.0007	-9.1425	-0.0435
0.3945	-0.0046	0.0003	-9.2249	-0.0541
0.3950	-0.0044	0.0015	-9.2378	-0.0516
0.3955	-0.0048	-0.0005	-9.2303	-0.0503
0.3960	-0.0049	0.0008	-9.2815	-0.0492
0.3965	-0.0049	0.0024	-9.3632	-0.0562
0.3970	-0.0049	0.0017	-9.3816	-0.0537
0.3975	-0.0052	-0.0001	-9.3654	-0.0521
0.3980	-0.0050	-0.0037	-9.4087	-0.0603
0.3985	-0.0052	-0.0009	-9.4877	-0.0628
0.3990	-0.0049	-0.0044	-9.5121	-0.0562
0.3995	-0.0056	-0.0000	-9.4761	-0.0540
0.4000	-0.0053	-0.0025	-9.4915	-0.0540
0.4005	-0.0058	-0.0003	-9.5645	-0.0542
0.4010	-0.0056	-0.0017	-9.5889	-0.0560
0.4015	-0.0059	-0.0007	-9.5500	-0.0571
0.4020	-0.0056	-0.0016	-9.5544	-0.0597
0.4025	-0.0058	0.0002	-9.6280	-0.0624
0.4030	-0.0057	0.0026	-9.6704	-0.0610
0.4035	-0.0059	-0.0041	-9.6252	-0.0625
0.4040	-0.0059	-0.0020	-9.6083	-0.0572
0.4045	-0.0062	-0.0002	-9.6624	-0.0632
0.4050	-0.0059	-0.0014	-9.6844	-0.0615
0.4055	-0.0061	-0.0029	-9.6262	-0.0665
0.4060	-0.0065	0.0032	-9.6066	-0.0644
0.4065	-0.0060	-0.0036	-9.6398	-0.0611
0.4070	-0.0061	-0.0035	-9.6630	-0.0623
0.4075	-0.0062	-0.0002	-9.6061	-0.0622
0.4080	-0.0064	-0.0016	-9.5723	-0.0697
0.4085	-0.0068	0.0015	-9.6071	-0.0666
0.4090	-0.0066	-0.0015	-9.6444	-0.0700
0.4095	-0.0067	0.0004	-9.5303	-0.0685
0.4100	-0.0062	-0.0044	-9.3308	-0.0644
0.4105	-0.0063	0.0006	-9.3503	-0.0661
0.4110	-0.0064	0.0030	-9.3534	-0.0594
0.4115	-0.0065	-0.0003	-9.3268	-0.0722
0.4120	-0.0063	0.0034	-9.2843	-0.0664
0.4125	-0.0063	0.0021	-9.3140	-0.0610
0.4130	-0.0064	-0.0032	-9.3657	-0.0685
0.4135	-0.0067	-0.0032	-9.3357	-0.0674
0.4140	-0.0066	-0.0008	-9.2666	-0.0693
0.4145	-0.0065	-0.0033	-9.2751	-0.0613
0.4150	-0.0065	-0.0023	-9.3211	-0.0645
0.4155	-0.0066	0.0048	-9.2988	-0.0714
0.4160	-0.0062	-0.0034	-9.2199	-0.0666
0.4165	-0.0064	0.0018	-9.2092	-0.0662
0.4170	-0.0058	0.0009	-9.2503	-0.0635
0.4175	-0.0064	0.0004	-9.2371	-0.0665
0.4180	-0.0066	0.0023	-9.1585	-0.0674
0.4185	-0.0062	0.0023	-9.1221	-0.0737
0.4190	-0.0069	-0.0029	-9.1495	-0.0657
0.4195	-0.0064	-0.0004	-9.1425	-0.0658
0.4200	-0.0065	-0.0008	-9.0651	-0.0706
0.4205	-0.0062	-0.0029	-9.0051	-0.0713
0.4210	-0.0065	-0.0016	-9.0110	-0.0662
0.4215	-0.0065	0.0014	-9.0078	-0.0647
0.4220	-0.0066	0.0028	-8.9341	-0.0664
0.4225	-0.0067	-0.0021	-8.8566	-0.0684
0.4230	-0.0061	-0.0020	-8.8493	-0.0612
0.4235	-0.0068	-0.0003	-8.8498	-0.0740
0.4240	-0.0064	0.0006	-8.7794	-0.0687
0.4245	-0.0068	-0.0001	-8.6842	-0.0688
0.4250	-0.0063	-0.0009	-8.6604	-0.0718
0.4255	-0.0063	0.0018	-8.6659	-0.0658
0.4260	-0.0061	-0.0006	-8.6012	-0.0627
0.4265	-0.0066	-0.0017	-8.4957	-0.0645
0.4270	-0.0064	0.0026	-8.4469	-0.0651
0.4275	-0.0065	-0.0029	-8.4423	-0.0644
0.4280	-0.0065	-0.0057	-8.3847	-0.0707
0.4285	-0.0065	-0.0036	-8.2747	-0.0649
0.4290	-0.0068	-0.0022	-8.2076	-0.0705
0.4295	-0.0061	-0.0016	-8.1953	-0.0663
0.4300	-0.0064	0.0001	-8.1386	-0.0701
0.4305	-0.0056	-0.0020	-8.0289	-0.0622
0.4310	-0.0055	-0.0014	-7.9457	-0.0525
0.4315	-0.0062	-0.0014	-7.9247	-0.0631
0.4320	-0.0058	0.0007	-7.8792	-0.0648
0.4325	-0.0062	0.0019	-7.7669	-0.0663
0.4330	-0.0065	-0.0023	-7.6710	-0.0687
0.4335	-0.0064	0.0012	-7.6384	-0.0682
0.4340	-0.0062	-0.0055	-7.5869	-0.0622
0.4345	-0.0061	-0.0002	-7.4771	-0.0683
0.4350	-0.0058	-0.0011	-7.3695	-0.0637
0.4355	-0.0054	0.0009	-7.3237	-0.0590
0.4360	-0.0052	-0.0000	-7.2715	-0.0587
0.4365	-0.0052	-0.0016	-7.1599	-0.0522
0.4370	-0.0056	0.0043	-7.0494	-0.0511
0.4375	-0.0054	-0.0009	-6.9913	-0.0556
0.4380	-0.0058	-0.0005	-6.9457	-0.0583
0.4385	-0.0059	-0.0000	-6.8425	-0.0540
0.4390	-0.0061	-0.0017	-6.7137	-0.0539
0.4395	-0.0058	-0.0024	-6.6391	-0.0611
0.4400	-0.0057	0.0008	-6.6024	-0.0492
0.4405	-0.0055	-0.0013	-6.5079	-0.0607
0.4410	-0.0051	-0.0018	-6.3708	-0.0530
0.4415	-0.0047	-0.0023	-6.2757	-0.0503
0.4420	-0.0047	-0.0039	-6.2339	-0.0513
0.4425	-0.0050	0.0006	-6.1498	-0.0500
0.4430	-0.0049	-0.0023	-6.0152	-0.0485
0.4435	-0.0054	-0.0020	-5.9080	-0.0568
0.4440	-0.0058	-0.0015	-5.8544	-0.0575
0.4445	-0.0053	0.0009	-5.7817	-0.0574
0.4450	-0.0055	-0.0032	-5.6480	-0.0590
0.4455	-0.0051	-0.0021	-5.5310	-0.0517
0.4460	-0.0047	-0.0032	-5.4633	-0.0554
0.4465	-0.0045	-0.0021	-5.3857	-0.0493
0.4470	-0.0047	0.0001	-5.2583	-0.0454
0.4475	-0.0041	-0.0044	-5.1369	-0.0501
0.4480	-0.0048	0.0004	-5.0631	-0.0454
0.4485	-0.0041	-0.0013	-4.9897	-0.0436
0.4490	-0.0046	0.0002	-4.8638	-0.0454
0.4495	-0.0047	-0.0062	-4.7333	-0.0460
0.4500	-0.0047	0.0024	-4.6531	-0.0478
0.4505	-0.0049	0.0005	-4.5773	-0.0482
0.4510	-0.0046	0.0015	-4.4565	-0.0480
0.4515	-0.0040	-0.0034	-4.3201	-0.0372
0.4520	-0.0041	-0.0016	-4.2267	-0.0438
0.4525	-0.0037	-0.0000	-4.1569	-0.0334
0.4530	-0.0040	0.0015	-4.0412	-0.0398
0.4535	-0.0038	0.0009	-3.9017	-0.0394
0.4540	-0.0039	0.0022	-3.7975	-0.0417
0.4545	-0.0041	0.0024	-3.7224	-0.0465
0.4550	-0.0041	0.0015	-3.6137	-0.0456
0.4555	-0.0040	-0.0004	-3.4768	-0.0475
0.4560	-0.0040	-0.0010	-3.3672	-0.0352
0.4565	-0.0032	-0.0014	-3.2876	-0.0396
0.4570	-0.0034	0.0004	-3.1832	-0.0354
0.4575	-0.0030	-0.0014	-3.0440	-0.0323
0.4580	-0.0030	0.0019	-2.9238	-0.0309
0.4585	-0.0026	-0.0008	-2.8422	-0.0310
0.4590	-0.0026	0.0002	-2.7417	-0.0278
0.4595	-0.0029	-0.0016	-2.6049	-0.0335
0.4600	-0.0031	0.0004	-2.4803	-0.0327
0.4605	-0.0028	-0.0011	-2.3869	-0.0306
0.4610	-0.0027	0.0001	-2.2927	-0.0325
0.4615	-0.0028	0.0039	-2.1627	-0.0286
0.4620	-0.0027	-0.0024	-2.0262	-0.0237
0.4625	-0.0021	0.0013	-1.9262	-0.0244
0.4630	-0.0019	-0.0034	-1.8370	-0.0232
0.4635	-0.0018	0.0017	-1.7117	-0.0185
0.4640	-0.0022	-0.0035	-1.5743	-0.0135
0.4645	-0.0014	-0.0000	-1.4667	-0.0165
0.4650	-0.0017	0.0024	-1.3766	-0.0222
0.4655	-0.0023	-0.0035	-1.2572	-0.0271
0.4660	-0.0021	-0.0010	-1.1208	-0.0203
0.4665	-0.0014	0.0015	-1.0072	-0.0170
0.4670	-0.0018	-0.0013	-0.9134	-0.0145
0.4675	-0.0014	-0.0036	-0.7965	-0.0200
0.4680	-0.0015	0.0006	-0.6642	-0.0108
0.4685	-0.0013	-0.0011	-0.5449	-0.0145
0.4690	-0.0012	-0.0029	-0.4504	-0.0104
0.4695	-0.0009	-0.0015	-0.3366	-0.0071
0.4700	-0.0006	-0.0023	-0.2054	-0.0072
0.4705	-0.0008	0.0001	-0.0878	-0.0134
0.4710	-0.0006	-0.0000	0.0096	-0.0139
0.4715	-0.0009	-0.0022	0.1054	-0.0061
0.4720	-0.0006	-0.0004	0.2163	-0.0041
0.4725	-0.0005	0.0049	0.3396	-0.0051
0.4730	-0.0004	0.0005	0.4612	-0.0041
0.4735	-0.0006	-0.0029	0.5744	-0.0051
0.4740	0.0001	-0.0019	0.6760	-0.0009
0.4745	0.0000	-0.0008	0.7864	0.0007
0.4750	0.0002	0.0039	0.9070	-0.0064
0.4755	0.0002	-0.0019	1.0285	-0.0002
0.4760	0.0002	-0.0029	1.1344	-0.0026
0.4765	0.0001	0.0001	1.2327	0.0022
0.4770	0.0004	-0.0004	1.3514	0.0076
0.4775	0.0002	0.0024	1.4738	0.0003
0.4780	0.0004	0.0004	1.5854	0.0088
0.4785	0.0006	-0.0044	1.6839	0.0079
0.4790	0.0006	-0.0002	1.7987	0.0047
0.4795	0.0009	-0.0035	1.9192	0.0059
0.4800	0.0010	0.0017	2.0297	0.0040
0.4805	0.0007	0.0023	2.1301	0.0107
0.4810	0.0008	0.0027	2.2360	0.0019
0.4815	0.0009	0.0006	2.3616	0.0126
0.4820	0.0007	-0.0021	2.4720	0.0074
0.4825	0.0010	-0.0008	2.5695	0.0005
0.4830	0.0009	-0.0026	2.6469	0.0105
0.4835	0.0011	-0.0021	2.7432	0.0095
0.4840	0.0013	0.0004	2.8657	0.0123
0.4845	0.0014	0.0004	3.0244	0.0063
0.4850	0.0011	0.0021	3.1771	0.0100
0.4855	0.0015	-0.0014	3.2262	0.0128
0.4860	0.0015	-0.0005	3.2911	0.0101
0.4865	0.0015	-0.0008	3.4450	0.0193
0.4870	0.0016	-0.0022	3.6038	0.0134
0.4875	0.0019	-0.0055	3.6650	0.0176
0.4880	0.0019	0.0035	3.7165	0.0146
0.4885	0.0019	-0.0011	3.8598	0.0138
0.4890	0.0019	-0.0038	4.0232	0.0132
0.4895	0.0019	0.0004	4.0971	0.0152
0.4900	0.0023	0.0014	4.1402	0.0099
0.4905	0.0022	-0.0034	4.2633	0.0211
0.4910	0.0019	0.0025	4.4273	0.0241
0.4915	0.0019	0.0009	4.5157	0.0166
0.4920	0.0026	0.0036	4.5555	0.0246
0.4925	0.0023	-0.0007	4.6589	0.0202
0.4930	0.0024	0.0030	4.8219	0.0187
0.4935	0.0027	-0.0002	4.9205	0.0246
0.4940	0.0023	-0.0011	4.9564	0.0241
0.4945	0.0025	0.0001	5.0458	0.0277
0.4950	0.0024	-0.0012	5.2025	0.0211
0.4955	0.0028	0.0002	5.3130	0.0297
0.4960	0.0028	-0.0000	5.3475	0.0284
0.4965	0.0029	-0.0026	5.4220	0.0287
0.4970	0.0030	0.0012	5.5750	0.0275
0.4975	0.0034	0.0034	5.6907	0.0286
0.4980	0.0032	-0.0011	5.7284	0.0308
0.4985	0.0030	-0.0028	5.7889	0.0298
0.4990	0.0033	0.0063	5.9278	0.0276
0.4995	0.0032	-0.0038	6.0586	0.0366
0.5000	0.0028	-0.0017	6.0966	0.0338
0.5005	0.0035	0.0033	6.1395	0.0293
0.5010	0.0036	0.0001	6.2727	0.0433
0.5015	0.0035	-0.0000	6.4064	0.0314
0.5020	0.0036	0.0007	6.4539	0.0373
0.5025	0.0039	0.0018	6.4842	0.0314
0.5030	0.0039	0.0002	6.5966	0.0415
0.5035	0.0042	0.0024	6.7364	0.0409
0.5040	0.0040	-0.0015	6.7912	0.0351
0.5045	0.0036	0.0013	6.8120	0.0353
0.5050	0.0040	-0.0015	6.9104	0.0384
0.5055	0.0042	0.0053	7.0474	0.0456
0.5060	0.0045	-0.0018	7.1115	0.0414
0.5065	0.0043	0.0052	7.1274	0.0352
0.5070	0.0049	0.0004	7.2071	0.0462
0.5075	0.0049	0.0001	7.3408	0.0439
0.5080	0.0049	-0.0030	7.4166	0.0394
0.5085	0.0052	-0.0036	7.4254	0.0503
0.5090	0.0047	0.0006	7.4825	0.0553
0.5095	0.0050	0.0026	7.6120	0.0428
0.5100	0.0051	-0.0055	7.6955	0.0472
0.5105	0.0050	-0.0001	7.6962	0.0425
0.5110	0.0046	-0.0005	7.7345	0.0514
0.5115	0.0054	-0.0022	7.8490	0.0487
0.5120	0.0050	0.0009	7.9019	0.0507
0.5125	0.0048	0.0001	7.9501	0.0513
0.5130	0.0055	0.0009	7.9699	0.0537
0.5135	0.0055	-0.0035	8.0537	0.0496
0.5140	0.0057	-0.0017	8.1532	0.0533
0.5145	0.0057	0.0036	8.1869	0.0529
0.5150	0.0061	0.0002	8.1962	0.0540
0.5155	0.0055	-0.0012	8.2568	0.0601
0.5160	0.0057	0.0042	8.3405	0.0549
0.5165	0.0057	0.0014	8.3801	0.0532
0.5170	0.0061	-0.0031	8.3868	0.0619
0.5175	0.0059	-0.0004	8.4324	0.0619
0.5180	0.0063	-0.0002	8.5060	0.0556
0.5185	0.0062	-0.0041	8.5389	0.0598
0.5190	0.0061	-0.0024	8.5353	0.0598
0.5195	0.0062	-0.0035	8.5772	0.0602
0.5200	0.0063	-0.0012	8.6389	0.0635
0.5205	0.0063	0.0048	8.6487	0.0528
0.5210	0.0061	-0.0034	8.6109	0.0648
0.5215	0.0066	-0.0034	8.5861	0.0576
0.5220	0.0066	0.0028	8.6560	0.0687
0.5225	0.0062	-0.0020	8.6927	0.0645
0.5230	0.0071	-0.0011	8.6917	0.0681
0.5235	0.0066	-0.0007	8.7152	0.0619
0.5240	0.0067	-0.0017	8.7885	0.0628
0.5245	0.0068	0.0007	8.8365	0.0721
0.5250	0.0068	-0.0000	8.8268	0.0663
0.5255	0.0070	-0.0033	8.8311	0.0656
0.5260	0.0067	0.0012	8.8981	0.0671
0.5265	0.0065	0.0018	8.9463	0.0671
0.5270	0.0071	0.0002	8.9323	0.0672
0.5275	0.0068	-0.0015	8.9562	0.0654
0.5280	0.0072	-0.0007	9.0210	0.0716
0.5285	0.0070	-0.0024	9.0557	0.0628
0.5290	0.0069	-0.0009	9.0371	0.0671
0.5295	0.0073	-0.0004	9.0380	0.0710
0.5300	0.0072	-0.0025	9.0887	0.0741
0.5305	0.0073	0.0022	9.1223	0.0735
0.5310	0.0072	0.0007	9.1118	0.0669
0.5315	0.0073	-0.0049	9.0845	0.0742
0.5320	0.0071	0.0026	9.1036	0.0699
0.5325	0.0076	-0.0021	9.1471	0.0674
0.5330	0.0073	-0.0036	9.1488	0.0718
0.5335	0.0071	0.0021	9.1252	0.0728
0.5340	0.0073	-0.0032	9.1311	0.0749
0.5345	0.0074	0.0006	9.1650	0.0743
0.5350	0.0072	-0.0015	9.1705	0.0734
0.5355	0.0074	-0.0053	9.1323	0.0703
0.5360	0.0074	0.0010	9.1118	0.0653
0.5365	0.0073	0.0004	9.1358	0.0711
0.5370	0.0073	-0.0003	9.1483	0.0708
0.5375	0.0074	0.0001	9.1221	0.0729
0.5380	0.0075	0.0021	9.1017	0.0744
0.5385	0.0072	-0.0018	9.1224	0.0689
0.5390	0.0073	-0.0016	9.1265	0.0701
0.5395	0.0072	-0.0005	9.0872	0.0689
0.5400	0.0076	-0.0019	9.0451	0.0691
0.5405	0.0072	0.0015	9.0430	0.0744
0.5410	0.0074	-0.0020	9.0452	0.0674
0.5415	0.0072	-0.0045	9.0068	0.0700
0.5420	0.0070	0.0008	8.9566	0.0697
0.5425	0.0073	0.0007	8.9487	0.0692
0.5430	0.0075	-0.0032	8.9522	0.0683
0.5435	0.0071	0.0013	8.9075	0.0704
0.5440	0.0077	-0.0032	8.8567	0.0714
0.5445	0.0074	0.0001	8.8394	0.0722
0.5450	0.0071	-0.0053	8.8309	0.0692
0.5455	0.0071	0.0024	8.7874	0.0671
0.5460	0.0069	-0.0027	8.7265	0.0693
0.5465	0.0068	-0.0009	8.6937	0.0642
0.5470	0.0072	-0.0006	8.6794	0.0701
0.5475	0.0073	-0.0032	8.6377	0.0705
0.5480	0.0074	-0.0011	8.5745	0.0772
0.5485	0.0080	-0.0014	8.5302	0.0826
0.5490	0.0081	-0.0037	8.5061	0.0765
0.5495	0.0079	0.0021	8.4646	0.0732
0.5500	0.0075	-0.0036	8.4000	0.0728
0.5505	0.0070	-0.0017	8.3409	0.0742
0.5510	0.0068	-0.0029	8.3026	0.0715
0.5515	0.0070	0.0048	8.2588	0.0680
0.5520	0.0074	-0.0023	8.1902	0.0656
0.5525	0.0072	-0.0000	8.1195	0.0701
0.5530	0.0074	-0.0016	8.0709	0.0718
0.5535	0.0078	0.0015	8.0276	0.0774
0.5540	0.0078	-0.0038	7.9566	0.0746
0.5545	0.0079	0.0034	7.8750	0.0753
0.5550	0.0074	-0.0025	7.8241	0.0739
0.5555	0.0076	0.0001	7.7782	0.0737
0.5560	0.0074	0.0018	7.7019	0.0646
0.5565	0.0067	0.0030	7.6135	0.0694
0.5570	0.0069	-0.0029	7.5567	0.0725
0.5575	0.0064	-0.0042	7.5085	0.0702
0.5580	0.0069	-0.0029	7.4313	0.0690
0.5585	0.0076	0.0011	7.3344	0.0674
0.5590	0.0073	-0.0022	7.2626	0.0771
0.5595	0.0075	-0.0000	7.2117	0.0697
0.5600	0.0072	-0.0041	7.1407	0.0701
0.5605	0.0073	0.0008	7.0409	0.0705
0.5610	0.0069	-0.0036	6.9580	0.0649
0.5615	0.0070	0.0013	6.9067	0.0678
0.5620	0.0064	-0.0003	6.8330	0.0625
0.5625	0.0064	0.0053	6.7367	0.0669
0.5630	0.0063	-0.0018	6.6577	0.0648
0.5635	0.0067	0.0015	6.5987	0.0629
0.5640	0.0070	0.0036	6.5240	0.0669
0.5645	0.0066	-0.0017	6.4278	0.0645
0.5650	0.0065	0.0010	6.3329	0.0695
0.5655	0.0067	0.0004	6.2636	0.0621
0.5660	0.0064	-0.0010	6.1875	0.0653
0.5665	0.0063	0.0011	6.0796	0.0627
0.5670	0.0054	-0.0011	5.9767	0.0545
0.5675	0.0051	-0.0001	5.9191	0.0543
0.5680	0.0052	-0.0016	5.8262	0.0507
0.5685	0.0045	0.0042	5.6805	0.0478
0.5690	0.0046	-0.0023	5.4943	0.0411
0.5695	0.0049	-0.0026	5.3853	0.0386
0.5700	0.0046	-0.0017	5.3148	0.0424
0.5705	0.0053	0.0002	5.1963	0.0495
0.5710	0.0049	-0.0008	5.0835	0.0528
0.5715	0.0053	-0.0002	5.0265	0.0518
0.5720	0.0057	-0.0026	4.9738	0.0623
0.5725	0.0059	0.0014	4.8586	0.0567
0.5730	0.0058	0.0018	4.7289	0.0598
0.5735	0.0053	-0.0005	4.6639	0.0540
0.5740	0.0050	-0.0020	4.6193	0.0511
0.5745	0.0049	-0.0031	4.5148	0.0436
0.5750	0.0042	-0.0019	4.3810	0.0470
0.5755	0.0042	0.0039	4.2987	0.0405
0.5760	0.0046	-0.0033	4.2540	0.0477
0.5765	0.0051	0.0017	4.1595	0.0421
0.5770	0.0053	-0.0015	4.0204	0.0453
0.5775	0.0057	0.0010	3.9261	0.0529
0.5780	0.0054	-0.0038	3.8784	0.0528
0.5785	0.0051	0.0001	3.7847	0.0483
0.5790	0.0053	-0.0024	3.6459	0.0482
0.5795	0.0046	0.0028	3.5466	0.0418
0.5800	0.0043	-0.0034	3.4921	0.0360
0.5805	0.0039	0.0001	3.4120	0.0424
0.5810	0.0040	0.0015	3.2765	0.0433
0.5815	0.0042	0.0002	3.1599	0.0329
0.5820	0.0046	0.0006	3.0961	0.0441
0.5825	0.0046	-0.0026	3.0195	0.0414
0.5830	0.0044	0.0008	2.8846	0.0515
0.5835	0.0044	-0.0001	2.7591	0.0404
0.5840	0.0046	0.0012	2.6912	0.0459
0.5845	0.0042	-0.0025	2.6162	0.0325
0.5850	0.0038	-0.0038	2.4878	0.0411
0.5855	0.0041	-0.0029	2.3557	0.0383
0.5860	0.0035	-0.0023	2.2785	0.0401
0.5865	0.0031	-0.0028	2.2076	0.0346
0.5870	0.0037	-0.0026	2.0883	0.0322
0.5875	0.0035	-0.0018	1.9508	0.0342
0.5880	0.0042	-0.0032	1.8553	0.0420
0.5885	0.0034	-0.0011	1.7897	0.0363
0.5890	0.0034	-0.0008	1.6772	0.0363
0.5895	0.0030	-0.0026	1.5344	0.0270
0.5900	0.0030	0.0050	1.4351	0.0249
0.5905	0.0031	-0.0005	1.3649	0.0309
0.5910	0.0027	-0.0026	1.2602	0.0265
0.5915	0.0026	-0.0004	1.1202	0.0270
0.5920	0.0027	0.0037	1.0114	0.0226
0.5925	0.0030	-0.0021	0.9375	0.0276
0.5930	0.0030	-0.0025	0.8363	0.0264
0.5935	0.0026	-0.0008	0.7039	0.0304
0.5940	0.0025	0.0009	0.5852	0.0255
0.5945	0.0025	0.0013	0.5050	0.0221
0.5950	0.0022	-0.0006	0.4148	0.0132
0.5955	0.0021	-0.0010	0.2850	0.0188
0.5960	0.0019	0.0023	0.1668	0.0183
0.5965	0.0019	-0.0032	0.0808	0.0184
0.5970	0.0021	-0.0031	-0.0030	0.0170
0.5975	0.0018	-0.0002	-0.0986	0.0174
0.5980	0.0018	0.0004	-0.2166	0.0159
0.5985	0.0014	-0.0002	-0.3620	0.0218
0.5990	0.0021	-0.0010	-0.4513	0.0103
0.5995	0.0014	-0.0016	-0.5250	0.0171
0.6000	0.0018	0.0007	-0.6275	0.0159
0.6005	0.0023	0.0015	-0.7704	0.0088
0.6010	0.0014	-0.0012	-0.8805	0.0151
0.6015	0.0009	-0.0020	-0.9334	0.0170
0.6020	0.0017	-0.0012	-1.0420	0.0114
0.6025	0.0014	0.0004	-1.1926	0.0077
0.6030	0.0010	0.0017	-1.2997	0.0067
0.6035	0.0010	0.0006	-1.3596	0.0077
0.6040	0.0011	-0.0002	-1.4564	0.0063
0.6045	0.0006	0.0032	-1.6033	0.0099
0.6050	0.0006	0.0008	-1.7172	0.0074
0.6055	0.0009	-0.0016	-1.7802	0.0034
0.6060	0.0005	-0.0061	-1.8700	0.0042
0.6065	0.0008	-0.0017	-2.0160	0.0038
0.6070	0.0008	-0.0039	-2.1360	0.0066
0.6075	0.0005	-0.0035	-2.1994	0.0034
0.6080	0.0006	0.0007	-2.2775	0.0040
0.6085	0.0006	-0.0004	-2.4116	-0.0003
0.6090	0.0010	0.0014	-2.5363	0.0039
0.6095	0.0002	-0.0020	-2.5811	0.0037
0.6100	0.0005	-0.0028	-2.6624	0.0024
0.6105	0.0004	-0.0002	-2.8278	0.0015
0.6110	0.0007	0.0002	-2.9565	0.0012
0.6115	0.0005	-0.0036	-3.0335	0.0051
0.6120	0.0004	0.0009	-3.1001	0.0059
0.6125	0.0004	-0.0024	-3.2254	-0.0014
0.6130	-0.0000	0.0010	-3.3570	0.0112
0.6135	0.0005	0.0020	-3.4391	-0.0043
0.6140	0.0005	-0.0017	-3.5021	0.0010
0.6145	0.0002	-0.0008	-3.6156	0.0039
0.6150	-0.0002	-0.0021	-3.7499	-0.0006
0.6155	0.0000	0.0012	-3.8411	-0.0012
0.6160	0.0002	-0.0033	-3.9052	-0.0010
0.6165	-0.0001	-0.0018	-4.0030	-0.0058
0.6170	0.0002	0.0001	-4.1313	0.0012
0.6175	-0.0002	-0.0005	-4.2326	-0.0023
0.6180	-0.0004	-0.0020	-4.2913	-0.0012
0.6185	-0.0002	0.0015	-4.3796	-0.0041
0.6190	-0.0002	-0.0043	-4.5066	-0.0059
0.6195	-0.0007	-0.0003	-4.6146	-0.0069
0.6200	-0.0007	-0.0006	-4.6752	-0.0017
0.6205	-0.0007	-0.0007	-4.7504	-0.0068
0.6210	-0.0008	-0.0003	-4.8721	-0.0072
0.6215	-0.0008	-0.0004	-4.9832	-0.0064
0.6220	-0.0006	0.0012	-5.0488	-0.0097
0.6225	-0.0007	0.0016	-5.1157	-0.0096
0.6230	-0.0010	0.0004	-5.2306	-0.0131
0.6235	-0.0007	-0.0024	-5.3468	-0.0127
0.6240	-0.0007	-0.0020	-5.4132	-0.0093
0.6245	-0.0012	-0.0017	-5.4662	-0.0086
0.6250	-0.0013	-0.0029	-5.5711	-0.0168
0.6255	-0.0012	0.0018	-5.6908	-0.0156
0.6260	-0.0018	-0.0020	-5.7652	-0.0158
0.6265	-0.0018	0.0019	-5.8174	-0.0164
0.6270	-0.0014	-0.0004	-5.9083	-0.0154
0.6275	-0.0014	-0.0011	-6.0262	-0.0182
0.6280	-0.0017	0.0010	-6.1023	-0.0172
0.6285	-0.0020	-0.0037	-6.1550	-0.0252
0.6290	-0.0022	0.0022	-6.2359	-0.0198
0.6295	-0.0019	0.0008	-6.3449	-0.0239
0.6300	-0.0022	-0.0007	-6.4207	-0.0240
0.6305	-0.0024	0.0009	-6.4722	-0.0255
0.6310	-0.0020	-0.0028	-6.5471	-0.0208
0.6315	-0.0022	0.0024	-6.6476	-0.0221
0.6320	-0.0021	-0.0005	-6.7327	-0.0203
0.6325	-0.0024	0.0004	-6.7820	-0.0263
0.6330	-0.0024	0.0005	-6.8414	-0.0304
0.6335	-0.0029	0.0019	-6.9335	-0.0284
0.6340	-0.0027	-0.0005	-7.0261	-0.0260
0.6345	-0.0029	0.0009	-7.0796	-0.0320
0.6350	-0.0029	0.0015	-7.1317	-0.0315
0.6355	-0.0031	-0.0026	-7.2149	-0.0332
0.6360	-0.0027	0.0006	-7.2998	-0.0279
0.6365	-0.0029	-0.0014	-7.3559	-0.0324
0.6370	-0.0027	-0.0007	-7.3997	-0.0327
0.6375	-0.0029	-0.0008	-7.4751	-0.0284
0.6380	-0.0031	-0.0002	-7.5592	-0.0274
0.6385	-0.0031	-0.0039	-7.6111	-0.0292
0.6390	-0.0033	-0.0032	-7.6457	-0.0322
0.6395	-0.0032	0.0004	-7.7059	-0.0397
0.6400	-0.0033	0.0013	-7.7910	-0.0388
0.6405	-0.0037	-0.0007	-7.8476	-0.0428
0.6410	-0.0035	0.0015	-7.8765	-0.0368
0.6415	-0.0034	-0.0009	-7.9273	-0.0385
0.6420	-0.0038	-0.0006	-8.0014	-0.0332
0.6425	-0.0038	0.0021	-8.0599	-0.0358
0.6430	-0.0038	-0.0028	-8.0827	-0.0392
0.6435	-0.0038	-0.0030	-8.1225	-0.0357
0.6440	-0.0038	-0.0025	-8.1899	-0.0426
0.6445	-0.0041	0.0004	-8.2431	-0.0460
0.6450	-0.0035	-0.0032	-8.2650	-0.0423
0.6455	-0.0042	0.0001	-8.2903	-0.0368
0.6460	-0.0044	-0.0013	-8.3420	-0.0458
0.6465	-0.0040	-0.0032	-8.3943	-0.0462
0.6470	-0.0040	0.0062	-8.4148	-0.0463
0.6475	-0.0038	-0.0017	-8.4322	-0.0418
0.6480	-0.0038	-0.0016	-8.4748	-0.0438
0.6485	-0.0043	0.0006	-8.5241	-0.0483
0.6490	-0.0044	-0.0011	-8.5492	-0.0448
0.6495	-0.0046	-0.0038	-8.5634	-0.0507
0.6500	-0.0045	0.0016	-8.5926	-0.0461
0.6505	-0.0046	0.0001	-8.6283	-0.0583
0.6510	-0.0044	-0.0005	-8.6478	-0.0497
0.6515	-0.0046	-0.0006	-8.6531	-0.0477
0.6520	-0.0048	-0.0043	-8.6696	-0.0543
0.6525	-0.0048	0.0004	-8.7009	-0.0541
0.6530	-0.0047	-0.0050	-8.7211	-0.0461
0.6535	-0.0048	-0.0046	-8.7269	-0.0508
0.6540	-0.0048	0.0016	-8.7435	-0.0465
0.6545	-0.0050	0.0006	-8.7703	-0.0488
0.6550	-0.0047	-0.0035	-8.7839	-0.0535
0.6555	-0.0052	0.0001	-8.7871	-0.0503
0.6560	-0.0056	0.0022	-8.7874	-0.0527
0.6565	-0.0049	0.0003	-8.7866	-0.0522
0.6570	-0.0051	-0.0021	-8.7885	-0.0573
0.6575	-0.0052	-0.0006	-8.7918	-0.0540
0.6580	-0.0052	0.0001	-8.7866	-0.0580
0.6585	-0.0053	-0.0022	-8.7715	-0.0521
0.6590	-0.0051	-0.0016	-8.7662	-0.0500
0.6595	-0.0053	0.0030	-8.7641	-0.0542
0.6600	-0.0056	-0.0033	-8.7712	-0.0503
0.6605	-0.0060	-0.0008	-8.7531	-0.0628
0.6610	-0.0054	0.0018	-8.7452	-0.0551
0.6615	-0.0052	0.0004	-8.6893	-0.0466
0.6620	-0.0055	-0.0024	-8.5437	-0.0550
0.6625	-0.0058	-0.0002	-8.5328	-0.0574
0.6630	-0.0053	-0.0011	-8.4860	-0.0574
0.6635	-0.0059	-0.0014	-8.4842	-0.0558
0.6640	-0.0057	-0.0034	-8.5020	-0.0545
0.6645	-0.0056	0.0001	-8.4956	-0.0558
0.6650	-0.0055	0.0020	-8.4817	-0.0552
0.6655	-0.0060	0.0041	-8.4850	-0.0603
0.6660	-0.0054	0.0009	-8.4803	-0.0645
0.6665	-0.0055	-0.0006	-8.4646	-0.0599
0.6670	-0.0059	0.0004	-8.4453	-0.0586
0.6675	-0.0056	0.0009	-8.4406	-0.0634
0.6680	-0.0060	0.0009	-8.4296	-0.0595
0.6685	-0.0054	0.0003	-8.4050	-0.0569
0.6690	-0.0058	0.0006	-8.3837	-0.0602
0.6695	-0.0056	-0.0006	-8.3703	-0.0568
0.6700	-0.0058	0.0021	-8.3555	-0.0577
0.6705	-0.0055	0.0018	-8.3350	-0.0649
0.6710	-0.0054	0.0015	-8.3070	-0.0634
0.6715	-0.0056	-0.0055	-8.2748	-0.0635
0.6720	-0.0059	0.0001	-8.2543	-0.0582
0.6725	-0.0054	-0.0020	-8.2293	-0.0590
0.6730	-0.0060	-0.0002	-8.1969	-0.0555
0.6735	-0.0057	-0.0046	-8.1556	-0.0541
0.6740	-0.0059	0.0027	-8.1242	-0.0594
0.6745	-0.0055	-0.0026	-8.0906	-0.0594
0.6750	-0.0059	-0.0044	-8.0552	-0.0617
0.6755	-0.0057	-0.0000	-8.0130	-0.0596
0.6760	-0.0060	0.0008	-7.9708	-0.0615
0.6765	-0.0057	-0.0034	-7.9310	-0.0596
0.6770	-0.0061	0.0027	-7.8927	-0.0641
0.6775	-0.0061	-0.0011	-7.8462	-0.0596
0.6780	-0.0056	-0.0023	-7.7954	-0.0591
0.6785	-0.0055	-0.0002	-7.7501	-0.0574
0.6790	-0.0058	-0.0003	-7.7099	-0.0585
0.6795	-0.0056	-0.0022	-7.6581	-0.0639
0.6800	-0.0056	0.0014	-7.6034	-0.0594
0.6805	-0.0059	-0.0035	-7.5467	-0.0662
0.6810	-0.0057	0.0026	-7.4952	-0.0624
0.6815	-0.0058	-0.0013	-7.4371	-0.0572
0.6820	-0.0057	0.0011	-7.3815	-0.0632
0.6825	-0.0056	0.0009	-7.3212	-0.0574
0.6830	-0.0054	-0.0022	-7.2602	-0.0570
0.6835	-0.0056	-0.0014	-7.2024	-0.0601
0.6840	-0.0050	-0.0032	-7.1349	-0.0528
0.6845	-0.0057	0.0032	-7.0713	-0.0514
0.6850	-0.0055	-0.0014	-7.0086	-0.0593
0.6855	-0.0051	-0.0025	-6.9432	-0.0589
0.6860	-0.0052	-0.0050	-6.8808	-0.0571
0.6865	-0.0055	0.0012	-6.8060	-0.0550
0.6870	-0.0055	-0.0040	-6.7372	-0.0563
0.6875	-0.0053	-0.0026	-6.6691	-0.0570
0.6880	-0.0049	-0.0003	-6.6025	-0.0528
0.6885	-0.0046	0.0003	-6.5227	-0.0531
0.6890	-0.0048	-0.0051	-6.4413	-0.0491
0.6895	-0.0046	-0.0015	-6.3741	-0.0465
0.6900	-0.0049	0.0017	-6.3059	-0.0525
0.6905	-0.0051	-0.0024	-6.2208	-0.0601
0.6910	-0.0055	-0.0029	-6.1312	-0.0478
0.6915	-0.0055	-0.0004	-6.0545	-0.0580
0.6920	-0.0054	0.0007	-5.9865	-0.0596
0.6925	-0.0052	-0.0033	-5.9028	-0.0562
0.6930	-0.0049	0.0013	-5.8091	-0.0425
0.6935	-0.0047	-0.0005	-5.7314	-0.0506
0.6940	-0.0042	0.0006	-5.6597	-0.0434
0.6945	-0.0041	0.0015	-5.5712	-0.0385
0.6950	-0.0039	-0.0051	-5.4712	-0.0452
0.6955	-0.0043	0.0002	-5.3906	-0.0406
0.6960	-0.0044	-0.0034	-5.3191	-0.0470
0.6965	-0.0047	-0.0002	-5.2325	-0.0537
0.6970	-0.0048	-0.0003	-5.1309	-0.0560
0.6975	-0.0049	-0.0029	-5.0404	-0.0479
0.6980	-0.0046	0.0009	-4.9649	-0.0462
0.6985	-0.0045	0.0012	-4.8757	-0.0400
0.6990	-0.0037	0.0033	-4.7715	-0.0373
0.6995	-0.0038	-0.0035	-4.6794	-0.0400
0.7000	-0.0038	0.0011	-4.6018	-0.0362
0.7005	-0.0035	0.0015	-4.5091	-0.0368
0.7010	-0.0033	-0.0017	-4.4019	-0.0374
0.7015	-0.0041	-0.0008	-4.3068	-0.0449
0.7020	-0.0043	-0.0037	-4.2259	-0.0401
0.7025	-0.0037	0.0006	-4.1377	-0.0438
0.7030	-0.0040	-0.0036	-4.0332	-0.0395
0.7035	-0.0037	-0.0010	-3.9287	-0.0385
0.7040	-0.0034	0.0006	-3.8418	-0.0317
0.7045	-0.0032	0.0010	-3.7495	-0.0362
0.7050	-0.0030	0.0009	-3.6463	-0.0302
0.7055	-0.0026	-0.0055	-3.5423	-0.0326
0.7060	-0.0032	-0.0000	-3.4501	-0.0343
0.7065	-0.0035	-0.0004	-3.3612	-0.0406
0.7070	-0.0035	-0.0048	-3.2574	-0.0344
0.7075	-0.0028	-0.0025	-3.1469	-0.0325
0.7080	-0.0029	-0.0049	-3.0535	-0.0367
0.7085	-0.0030	0.0028	-2.9582	-0.0272
0.7090	-0.0026	-0.0060	-2.8527	-0.0323
0.7095	-0.0022	0.0027	-2.7435	-0.0282
0.7100	-0.0023	-0.0021	-2.6482	-0.0212
0.7105	-0.0022	0.0002	-2.5541	-0.0262
0.7110	-0.0023	-0.0010	-2.4513	-0.0324
0.7115	-0.0023	0.0029	-2.3379	-0.0248
0.7120	-0.0024	0.0013	-2.2358	-0.0235
0.7125	-0.0025	-0.0011	-2.1403	-0.0154
0.7130	-0.0024	0.0012	-2.0333	-0.0302
0.7135	-0.0022	0.0030	-1.9248	-0.0270
0.7140	-0.0021	-0.0015	-1.8212	-0.0166
0.7145	-0.0022	0.0005	-1.7234	-0.0231
0.7150	-0.0019	-0.0012	-1.6191	-0.0230
0.7155	-0.0017	0.0014	-1.5074	-0.0227
0.7160	-0.0013	-0.0001	-1.4030	-0.0172
0.7165	-0.0017	0.0043	-1.3033	-0.0105
0.7170	-0.0015	-0.0008	-1.1998	-0.0159
0.7175	-0.0014	-0.0008	-1.0892	-0.0238
0.7180	-0.0015	-0.0058	-0.9831	-0.0195
0.7185	-0.0016	-0.0017	-0.8828	-0.0176
0.7190	-0.0011	0.0001	-0.7795	-0.0148
0.7195	-0.0009	0.0011	-0.6690	-0.0067
0.7200	-0.0010	-0.0016	-0.5638	-0.0145
0.7205	-0.0008	-0.0046	-0.4622	-0.0062
0.7210	-0.0004	-0.0050	-0.3596	-0.0065
0.7215	-0.0004	0.0026	-0.2512	-0.0069
0.7220	-0.0007	-0.0027	-0.1418	-0.0157
0.7225	-0.0006	-0.0005	-0.0389	-0.0013
0.7230	-0.0011	0.0039	0.0568	-0.0078
0.7235	-0.0005	-0.0041	0.1517	-0.0102
0.7240	-0.0003	-0.0010	0.2546	-0.0114
0.7245	-0.0002	-0.0035	0.3676	-0.0036
0.7250	0.0000	-0.0008	0.4776	-0.0069
0.7255	0.0001	-0.0014	0.5853	0.0010
0.7260	0.0005	-0.0044	0.6772	-0.0013
0.7265	0.0003	0.0010	0.7749	-0.0020
0.7270	0.0006	0.0040	0.8923	0.0038
0.7275	0.0004	-0.0033	1.0070	0.0057
0.7280	0.0003	-0.0022	1.0959	0.0039
0.7285	0.0002	-0.0085	1.1867	0.0006
0.7290	-0.0001	-0.0001	1.2975	0.0048
0.7295	-0.0001	-0.0016	1.4179	0.0026
0.7300	0.0007	0.0018	1.5101	-0.0019
0.7305	0.0005	-0.0013	1.5996	0.0007
0.7310	0.0003	-0.0035	1.7106	0.0091
0.7315	0.0007	0.0018	1.8274	0.0031
0.7320	0.0008	0.0039	1.9221	0.0012
0.7325	0.0012	0.0019	2.0062	0.0028
0.7330	0.0009	-0.0025	2.1101	0.0048
0.7335	0.0005	-0.0005	2.2322	0.0114
0.7340	0.0007	-0.0035	2.3301	0.0072
0.7345	0.0008	-0.0011	2.4063	0.0058
0.7350	0.0012	-0.0014	2.4990	0.0091
0.7355	0.0010	-0.0044	2.5778	0.0095
0.7360	0.0010	-0.0014	2.6708	0.0046
0.7365	0.0011	-0.0026	2.7978	0.0067
0.7370	0.0012	-0.0062	2.9623	0.0130
0.7375	0.0012	-0.0013	3.0488	0.0089
0.7380	0.0013	-0.0008	3.0784	0.0113
0.7385	0.0016	0.0009	3.1840	0.0171
0.7390	0.0016	-0.0003	3.3492	0.0143
0.7395	0.0015	0.0008	3.4452	0.0095
0.7400	0.0018	-0.0011	3.4750	0.0144
0.7405	0.0014	-0.0029	3.5628	0.0146
0.7410	0.0016	0.0012	3.7250	0.0192
0.7415	0.0019	0.0033	3.8331	0.0203
0.7420	0.0023	-0.0019	3.8661	0.0195
0.7425	0.0018	0.0045	3.9399	0.0193
0.7430	0.0019	0.0021	4.0898	0.0185
0.7435	0.0019	0.0008	4.2088	0.0175
0.7440	0.0019	0.0004	4.2455	0.0187
0.7445	0.0020	-0.0015	4.3019	0.0200
0.7450	0.0020	-0.0010	4.4428	0.0269
0.7455	0.0023	0.0029	4.5698	0.0229
0.7460	0.0021	-0.0050	4.6195	0.0236
0.7465	0.0021	-0.0016	4.6595	0.0238
0.7470	0.0024	-0.0019	4.7847	0.0234
0.7475	0.0029	-0.0015	4.9214	0.0228
0.7480	0.0028	-0.0037	4.9798	0.0239
0.7485	0.0025	0.0019	5.0127	0.0248
0.7490	0.0025	-0.0022	5.1229	0.0258
0.7495	0.0027	-0.0001	5.2651	0.0322
0.7500	0.0028	-0.0011	5.3289	0.0317
0.7505	0.0033	-0.0003	5.3515	0.0310
0.7510	0.0032	0.0004	5.4497	0.0309
0.7515	0.0033	0.0004	5.5902	0.0325
0.7520	0.0034	0.0001	5.6657	0.0351
0.7525	0.0031	-0.0017	5.6841	0.0370
0.7530	0.0030	0.0006	5.7623	0.0300
0.7535	0.0033	-0.0051	5.8994	0.0294
0.7540	0.0034	-0.0000	5.9828	0.0395
0.7545	0.0032	-0.0031	6.0076	0.0271
0.7550	0.0038	-0.0032	6.0664	0.0362
0.7555	0.0037	-0.0002	6.1920	0.0291
0.7560	0.0035	-0.0013	6.2864	0.0342
0.7565	0.0031	0.0011	6.3100	0.0364
0.7570	0.0035	-0.0005	6.3523	0.0343
0.7575	0.0039	-0.0050	6.4679	0.0382
0.7580	0.0042	-0.0044	6.5711	0.0403
0.7585	0.0039	0.0006	6.5990	0.0409
0.7590	0.0044	-0.0047	6.6260	0.0380
0.7595	0.0038	-0.0039	6.7229	0.0387
0.7600	0.0042	-0.0018	6.8318	0.0432
0.7605	0.0041	-0.0017	6.8689	0.0430
0.7610	0.0042	-0.0002	6.8413	0.0463
0.7615	0.0037	-0.0015	6.9453	0.0463
0.7620	0.0046	-0.0005	7.0784	0.0500
0.7625	0.0047	-0.0004	7.1014	0.0443
0.7630	0.0043	-0.0025	7.0951	0.0430
0.7635	0.0050	-0.0005	7.1729	0.0473
0.7640	0.0044	-0.0033	7.2934	0.0493
0.7645	0.0044	0.0010	7.3325	0.0475
0.7650	0.0046	-0.0004	7.3180	0.0474
0.7655	0.0052	0.0006	7.3673	0.0488
0.7660	0.0048	-0.0044	7.4820	0.0491
0.7665	0.0049	0.0006	7.5334	0.0509
0.7670	0.0050	-0.0032	7.5123	0.0513
0.7675	0.0052	-0.0008	7.5406	0.0512
0.7680	0.0052	-0.0021	7.6434	0.0560
0.7685	0.0055	0.0042	7.7012	0.0518
0.7690	0.0056	-0.0018	7.6792	0.0556
0.7695	0.0055	-0.0006	7.6976	0.0517
0.7700	0.0053	-0.0038	7.7843	0.0521
0.7705	0.0054	0.0025	7.8372	0.0507
0.7710	0.0058	-0.0047	7.7998	0.0487
0.7715	0.0054	-0.0025	7.7707	0.0540
0.7720	0.0055	-0.0012	7.8225	0.0566
0.7725	0.0059	-0.0029	7.8887	0.0556
0.7730	0.0056	0.0026	7.8566	0.0591
0.7735	0.0057	-0.0035	7.8446	0.0540
0.7740	0.0055	-0.0021	7.9297	0.0585
0.7745	0.0057	-0.0019	8.0193	0.0559
0.7750	0.0059	-0.0011	8.0077	0.0616
0.7755	0.0064	0.0012	7.9722	0.0591
0.7760	0.0060	0.0006	8.0358	0.0553
0.7765	0.0068	-0.0012	8.1324	0.0566
0.7770	0.0058	-0.0039	8.1317	0.0638
0.7775	0.0060	0.0002	8.0755	0.0647
0.7780	0.0064	-0.0003	8.1303	0.0623
0.7785	0.0064	-0.0011	8.2510	0.0657
0.7790	0.0063	0.0001	8.2582	0.0614
0.7795	0.0061	0.0058	8.1878	0.0620
0.7800	0.0062	0.0004	8.2088	0.0630
0.7805	0.0066	-0.0038	8.3210	0.0605
0.7810	0.0067	-0.0016	8.3442	0.0526
0.7815	0.0067	-0.0009	8.2648	0.0698
0.7820	0.0062	-0.0047	8.2664	0.0672
0.7825	0.0065	-0.0025	8.3647	0.0625
0.7830	0.0062	-0.0021	8.3870	0.0757
0.7835	0.0064	-0.0025	8.3013	0.0640
0.7840	0.0067	-0.0003	8.2871	0.0671
0.7845	0.0070	0.0001	8.3840	0.0633
0.7850	0.0063	0.0006	8.4227	0.0671
0.7855	0.0070	0.0025	8.3425	0.0660
0.7860	0.0067	0.0015	8.3018	0.0651
0.7865	0.0067	-0.0017	8.3846	0.0676
0.7870	0.0065	-0.0014	8.4316	0.0643
0.7875	0.0067	0.0002	8.3471	0.0723
0.7880	0.0067	0.0019	8.2825	0.0621
0.7885	0.0068	0.0008	8.3485	0.0626
0.7890	0.0064	0.0030	8.4087	0.0636
0.7895	0.0068	-0.0017	8.3488	0.0694
0.7900	0.0068	0.0004	8.2704	0.0647
0.7905	0.0065	-0.0058	8.3130	0.0691
0.7910	0.0065	-0.0035	8.3779	0.0687
0.7915	0.0068	0.0013	8.3237	0.0671
0.7920	0.0065	-0.0012	8.2181	0.0674
0.7925	0.0067	-0.0023	8.2297	0.0673
0.7930	0.0068	-0.0002	8.2942	0.0673
0.7935	0.0068	0.0018	8.2499	0.0623
0.7940	0.0070	0.0005	8.1362	0.0657
0.7945	0.0066	-0.0010	8.1295	0.0628
0.7950	0.0066	-0.0014	8.1940	0.0677
0.7955	0.0066	0.0009	8.1625	0.0616
0.7960	0.0065	-0.0042	8.0444	0.0641
0.7965	0.0070	-0.0017	8.0157	0.0637
0.7970	0.0065	0.0018	8.0762	0.0578
0.7975	0.0064	-0.0009	8.0570	0.0643
0.7980	0.0065	0.0009	7.9374	0.0621
0.7985	0.0068	-0.0043	7.8811	0.0673
0.7990	0.0065	-0.0006	7.9240	0.0617
0.7995	0.0065	-0.0020	7.9198	0.0636
0.8000	0.0066	0.0012	7.7984	0.0658
0.8005	0.0065	0.0029	7.7200	0.0611
0.8010	0.0069	-0.0036	7.7589	0.0618
0.8015	0.0067	-0.0002	7.7593	0.0682
0.8020	0.0069	-0.0006	7.6434	0.0682
0.8025	0.0061	-0.0027	7.5472	0.0661
0.8030	0.0053	-0.0005	7.5677	0.0581
0.8035	0.0059	-0.0015	7.5746	0.0631
0.8040	0.0062	-0.0025	7.4646	0.0647
0.8045	0.0063	-0.0003	7.3477	0.0610
0.8050	0.0065	-0.0014	7.3476	0.0691
0.8055	0.0065	0.0027	7.3576	0.0712
0.8060	0.0071	-0.0002	7.2577	0.0709
0.8065	0.0069	0.0001	7.1318	0.0677
0.8070	0.0063	-0.0005	7.1082	0.0674
0.8075	0.0062	-0.0009	7.1212	0.0690
0.8080	0.0064	-0.0015	7.0307	0.0583
0.8085	0.0059	-0.0011	6.9007	0.0667
0.8090	0.0059	-0.0022	6.8578	0.0596
0.8095	0.0059	-0.0032	6.8651	0.0666
0.8100	0.0064	-0.0003	6.7859	0.0709
0.8105	0.0068	-0.0031	6.6566	0.0641
0.8110	0.0068	0.0012	6.5914	0.0705
0.8115	0.0068	0.0009	6.5906	0.0673
0.8120	0.0068	-0.0003	6.5258	0.0695
0.8125	0.0063	0.0039	6.3902	0.0591
0.8130	0.0061	0.0001	6.3033	0.0631
0.8135	0.0061	0.0004	6.2965	0.0513
0.8140	0.0054	-0.0012	6.2461	0.0601
0.8145	0.0060	0.0031	6.1151	0.0576
0.8150	0.0063	0.0006	6.0061	0.0579
0.8155	0.0061	-0.0026	5.9922	0.0589
0.8160	0.0064	0.0006	5.9560	0.0610
0.8165	0.0064	-0.0020	5.8215	0.0638
0.8170	0.0066	-0.0015	5.7015	0.0638
0.8175	0.0062	0.0010	5.6856	0.0594
0.8180	0.0056	0.0002	5.6578	0.0503
0.8185	0.0058	-0.0034	5.5281	0.0501
0.8190	0.0057	0.0018	5.3955	0.0518
0.8195	0.0052	-0.0032	5.3623	0.0550
0.8200	0.0053	-0.0029	5.3369	0.0443
0.8205	0.0050	0.0012	5.2192	0.0560
0.8210	0.0056	-0.0032	5.0742	0.0563
0.8215	0.0062	-0.0000	5.0202	0.0501
0.8220	0.0058	-0.0011	4.9888	0.0574
0.8225	0.0054	0.0008	4.8876	0.0539
0.8230	0.0051	-0.0017	4.7442	0.0513
0.8235	0.0049	0.0013	4.6800	0.0514
0.8240	0.0046	-0.0023	4.6264	0.0497
0.8245	0.0047	-0.0032	4.5186	0.0399
0.8250	0.0045	-0.0010	4.3422	0.0444
0.8255	0.0047	0.0009	4.1974	0.0443
0.8260	0.0046	-0.0029	4.1592	0.0436
0.8265	0.0045	-0.0034	4.0690	0.0462
0.8270	0.0048	-0.0012	3.9159	0.0526
0.8275	0.0046	-0.0045	3.8133	0.0472
0.8280	0.0047	0.0020	3.7989	0.0412
0.8285	0.0045	-0.0013	3.7394	0.0518
0.8290	0.0041	0.0017	3.5939	0.0414
0.8295	0.0035	0.0026	3.4664	0.0413
0.8300	0.0035	0.0047	3.4394	0.0299
0.8305	0.0035	-0.0026	3.3895	0.0271
0.8310	0.0034	-0.0010	3.2517	0.0320
0.8315	0.0037	0.0003	3.1155	0.0320
0.8320	0.0037	0.0020	3.0720	0.0312
0.8325	0.0034	-0.0010	3.0317	0.0347
0.8330	0.0036	-0.0008	2.9077	0.0300
0.8335	0.0032	-0.0058	2.7626	0.0260
0.8340	0.0030	-0.0014	2.7021	0.0267
0.8345	0.0028	-0.0000	2.6662	0.0309
0.8350	0.0032	-0.0007	2.5561	0.0307
0.8355	0.0036	-0.0005	2.4094	0.0305
0.8360	0.0028	-0.0014	2.3286	0.0299
0.8365	0.0037	-0.0003	2.2914	0.0315
0.8370	0.0035	0.0012	2.1925	0.0267
0.8375	0.0032	-0.0019	2.0466	0.0322
0.8380	0.0030	-0.0008	1.9548	0.0258
0.8385	0.0028	-0.0005	1.9108	0.0237
0.8390	0.0028	-0.0005	1.8256	0.0289
0.8395	0.0027	-0.0047	1.6806	0.0241
0.8400	0.0029	0.0015	1.5700	0.0265
0.8405	0.0027	-0.0019	1.5195	0.0294
0.8410	0.0031	-0.0045	1.4438	0.0221
0.8415	0.0030	-0.0020	1.3093	0.0300
0.8420	0.0026	-0.0005	1.1877	0.0217
0.8425	0.0027	-0.0044	1.1283	0.0291
0.8430	0.0028	0.0030	1.0594	0.0224
0.8435	0.0024	-0.0022	0.9318	0.0256
0.8440	0.0023	-0.0014	0.8067	0.0182
0.8445	0.0020	-0.0026	0.7354	0.0132
0.8450	0.0024	-0.0022	0.6692	0.0217
0.8455	0.0022	0.0017	0.5519	0.0211
0.8460	0.0020	-0.0038	0.4239	0.0279
0.8465	0.0022	0.0009	0.3405	0.0238
0.8470	0.0026	0.0018	0.2766	0.0235
0.8475	0.0024	0.0006	0.1700	0.0225
0.8480	0.0019	0.0011	0.0448	0.0201
0.8485	0.0017	-0.0038	-0.0303	0.0144
0.8490	0.0019	0.0003	-0.0696	0.0198
0.8495	0.0018	0.0009	-0.1808	0.0124
0.8500	0.0019	-0.0047	-0.3737	0.0202
0.8505	0.0014	0.0010	-0.4743	0.0105
0.8510	0.0018	-0.0029	-0.4491	0.0117
0.8515	0.0015	0.0027	-0.5082	0.0212
0.8520	0.0015	0.0006	-0.7539	0.0063
0.8525	0.0014	-0.0002	-0.9049	0.0110
0.8530	0.0011	-0.0003	-0.8589	0.0076
0.8535	0.0012	-0.0055	-0.8911	0.0079
0.8540	0.0012	0.0037	-1.1279	0.0058
0.8545	0.0007	-0.0019	-1.3091	0.0076
0.8550	0.0014	-0.0032	-1.2785	0.0068
0.8555	0.0009	-0.0004	-1.2716	0.0144
0.8560	0.0010	-0.0038	-1.4845	0.0039
0.8565	0.0009	-0.0019	-1.6931	0.0061
0.8570	0.0005	-0.0008	-1.6875	0.0042
0.8575	0.0004	-0.0017	-1.6551	0.0040
0.8580	0.0009	0.0013	-1.8410	0.0102
0.8585	0.0008	-0.0002	-2.0699	0.0008
0.8590	0.0010	-0.0045	-2.0915	0.0012
0.8595	0.0009	-0.0022	-2.0399	0.0101
0.8600	0.0007	0.0001	-2.1911	0.0012
0.8605	0.0008	-0.0007	-2.4327	0.0049
0.8610	0.0007	-0.0023	-2.4646	0.0009
0.8615	0.0008	0.0042	-2.3806	0.0020
0.8620	0.0008	0.0005	-2.5302	0.0025
0.8625	0.0011	0.0015	-2.8269	0.0109
0.8630	0.0006	-0.0002	-2.8727	0.0041
0.8635	0.0001	-0.0005	-2.7960	0.0098
0.8640	0.0003	-0.0036	-2.9156	0.0095
0.8645	0.0005	-0.0006	-3.1765	-0.0023
0.8650	0.0004	-0.0026	-3.2608	0.0091
0.8655	0.0003	-0.0019	-3.1876	0.0043
0.8660	0.0001	-0.0014	-3.2618	0.0043
0.8665	0.0004	0.0011	-3.5173	0.0061
0.8670	0.0003	0.0007	-3.6384	0.0001
0.8675	0.0000	0.0023	-3.5757	-0.0042
0.8680	0.0002	-0.0060	-3.6153	0.0041
0.8685	-0.0002	0.0015	-3.8506	0.0004
0.8690	-0.0003	-0.0005	-4.0056	-0.0012
0.8695	0.0003	-0.0019	-3.9592	-0.0007
0.8700	0.0000	0.0032	-3.9640	0.0000
0.8705	0.0001	0.0001	-4.1714	-0.0080
0.8710	0.0001	-0.0025	-4.3523	-0.0065
0.8715	-0.0003	0.0027	-4.3296	-0.0004
0.8720	-0.0004	0.0029	-4.3094	-0.0048
0.8725	-0.0004	-0.0014	-4.4871	-0.0047
0.8730	-0.0005	-0.0019	-4.6884	-0.0063
0.8735	-0.0000	-0.0047	-4.6902	-0.0159
0.8740	-0.0004	-0.0020	-4.6501	-0.0033
0.8745	-0.0005	-0.0002	-4.7982	-0.0001
0.8750	-0.0007	0.0014	-5.0120	-0.0092
0.8755	-0.0008	-0.0041	-5.0451	-0.0059
0.8760	-0.0009	-0.0002	-4.9921	-0.0092
0.8765	-0.0009	-0.0058	-5.1012	-0.0094
0.8770	-0.0007	-0.0026	-5.3148	-0.0130
0.8775	-0.0013	0.0011	-5.3776	-0.0134
0.8780	-0.0009	-0.0009	-5.3200	-0.0130
0.8785	-0.0013	-0.0020	-5.3985	-0.0180
0.8790	-0.0007	0.0004	-5.6044	-0.0150
0.8795	-0.0016	-0.0007	-5.6960	-0.0183
0.8800	-0.0016	0.0006	-5.6422	-0.0147
0.8805	-0.0018	-0.0003	-5.6893	-0.0129
0.8810	-0.0015	-0.0014	-5.8816	-0.0180
0.8815	-0.0012	0.0018	-5.9960	-0.0186
0.8820	-0.0019	0.0002	-5.9548	-0.0134
0.8825	-0.0018	-0.0001	-5.9665	-0.0183
0.8830	-0.0016	-0.0017	-6.1486	-0.0188
0.8835	-0.0021	0.0025	-6.2873	-0.0219
0.8840	-0.0021	0.0012	-6.2547	-0.0231
0.8845	-0.0023	0.0024	-6.2399	-0.0191
0.8850	-0.0022	0.0001	-6.3976	-0.0291
0.8855	-0.0021	-0.0015	-6.5564	-0.0245
0.8860	-0.0026	0.0055	-6.5423	-0.0345
0.8865	-0.0023	-0.0008	-6.5031	-0.0213
0.8870	-0.0027	-0.0027	-6.6333	-0.0258
0.8875	-0.0028	-0.0023	-6.8013	-0.0315
0.8880	-0.0025	0.0013	-6.8060	-0.0240
0.8885	-0.0023	0.0025	-6.7493	-0.0279
0.8890	-0.0027	0.0020	-6.8478	-0.0241
0.8895	-0.0029	-0.0017	-7.0210	-0.0290
0.8900	-0.0027	-0.0025	-7.0494	-0.0287
0.8905	-0.0029	-0.0000	-6.9860	-0.0287
0.8910	-0.0027	-0.0045	-7.0489	-0.0315
0.8915	-0.0033	-0.0011	-7.2219	-0.0317
0.8920	-0.0029	-0.0019	-7.2718	-0.0347
0.8925	-0.0032	-0.0017	-7.2026	-0.0354
0.8930	-0.0031	-0.0058	-7.2356	-0.0363
0.8935	-0.0032	-0.0020	-7.3982	-0.0311
0.8940	-0.0033	0.0026	-7.4674	-0.0300
0.8945	-0.0031	-0.0038	-7.4002	-0.0335
0.8950	-0.0032	-0.0013	-7.4037	-0.0365
0.8955	-0.0031	0.0036	-7.5473	-0.0374
0.8960	-0.0036	-0.0002	-7.6325	-0.0393
0.8965	-0.0032	-0.0014	-7.5717	-0.0343
0.8970	-0.0037	-0.0059	-7.5443	-0.0417
0.8975	-0.0035	-0.0023	-7.6687	-0.0382
0.8980	-0.0034	-0.0037	-7.7722	-0.0372
0.8985	-0.0037	0.0018	-7.7245	-0.0439
0.8990	-0.0036	0.0021	-7.6756	-0.0363
0.8995	-0.0040	-0.0058	-7.7826	-0.0393
0.9000	-0.0036	0.0006	-7.8975	-0.0442
0.9005	-0.0037	-0.0044	-7.8579	-0.0359
0.9010	-0.0042	-0.0035	-7.7870	-0.0379
0.9015	-0.0043	-0.0035	-7.8561	-0.0417
0.9020	-0.0038	0.0014	-7.9789	-0.0477
0.9025	-0.0040	-0.0002	-7.9617	-0.0383
0.9030	-0.0041	0.0056	-7.8742	-0.0432
0.9035	-0.0040	0.0012	-7.9193	-0.0472
0.9040	-0.0040	-0.0000	-8.0427	-0.0436
0.9045	-0.0041	-0.0031	-8.0481	-0.0438
0.9050	-0.0043	-0.0003	-7.9598	-0.0454
0.9055	-0.0043	-0.0029	-7.9743	-0.0492
0.9060	-0.0046	-0.0005	-8.0918	-0.0424
0.9065	-0.0040	-0.0008	-8.1138	-0.0510
0.9070	-0.0043	0.0007	-8.0131	-0.0435
0.9075	-0.0041	0.0025	-7.9822	-0.0548
0.9080	-0.0044	0.0002	-8.0834	-0.0473
0.9085	-0.0044	0.0029	-8.1334	-0.0434
0.9090	-0.0047	0.0045	-8.0333	-0.0476
0.9095	-0.0045	-0.0015	-7.9661	-0.0549
0.9100	-0.0049	-0.0014	-8.0559	-0.0438
0.9105	-0.0046	-0.0002	-8.1190	-0.0499
0.9110	-0.0049	-0.0016	-8.0354	-0.0476
0.9115	-0.0048	-0.0023	-7.9584	-0.0522
0.9120	-0.0048	0.0030	-8.0219	-0.0525
0.9125	-0.0047	-0.0025	-8.0961	-0.0523
0.9130	-0.0049	0.0013	-7.9672	-0.0514
0.9135	-0.0050	0.0010	-7.7558	-0.0487
0.9140	-0.0045	0.0021	-7.8021	-0.0543
0.9145	-0.0053	-0.0036	-7.8527	-0.0500
0.9150	-0.0044	-0.0014	-7.8004	-0.0549
0.9155	-0.0049	0.0004	-7.7279	-0.0475
0.9160	-0.0050	0.0015	-7.7481	-0.0458
0.9165	-0.0051	-0.0020	-7.8299	-0.0538
0.9170	-0.0050	0.0014	-7.8102	-0.0492
0.9175	-0.0051	-0.0056	-7.7174	-0.0512
0.9180	-0.0048	-0.0024	-7.7083	-0.0503
0.9185	-0.0046	-0.0025	-7.7804	-0.0558
0.9190	-0.0051	-0.0011	-7.7796	-0.0540
0.9195	-0.0047	-0.0009	-7.6831	-0.0551
0.9200	-0.0051	0.0003	-7.6394	-0.0528
0.9205	-0.0049	0.0030	-7.6994	-0.0432
0.9210	-0.0045	-0.0021	-7.7193	-0.0532
0.9215	-0.0048	-0.0039	-7.6283	-0.0520
0.9220	-0.0047	0.0007	-7.5571	-0.0512
0.9225	-0.0053	-0.0005	-7.6067	-0.0544
0.9230	-0.0050	-0.0017	-7.6410	-0.0472
0.9235	-0.0051	-0.0003	-7.5479	-0.0528
0.9240	-0.0048	0.0048	-7.4576	-0.0550
0.9245	-0.0053	0.0025	-7.4905	-0.0506
0.9250	-0.0048	0.0003	-7.5296	-0.0487
0.9255	-0.0048	-0.0001	-7.4459	-0.0618
0.9260	-0.0049	0.0003	-7.3376	-0.0501
0.9265	-0.0049	-0.0012	-7.3405	-0.0451
0.9270	-0.0048	0.0021	-7.3819	-0.0558
0.9275	-0.0051	-0.0009	-7.3168	-0.0467
0.9280	-0.0048	-0.0017	-7.1967	-0.0512
0.9285	-0.0046	-0.0034	-7.1731	-0.0502
0.9290	-0.0052	0.0009	-7.2097	-0.0511
0.9295	-0.0048	-0.0001	-7.1662	-0.0462
0.9300	-0.0046	-0.0060	-7.0397	-0.0550
0.9305	-0.0050	-0.0042	-6.9897	-0.0475
0.9310	-0.0048	-0.0020	-7.0222	-0.0537
0.9315	-0.0046	0.0041	-6.9897	-0.0475
0.9320	-0.0051	0.0028	-6.8665	-0.0507
0.9325	-0.0048	-0.0020	-6.7956	-0.0570
0.9330	-0.0049	-0.0028	-6.8194	-0.0530
0.9335	-0.0048	-0.0029	-6.8007	-0.0497
0.9340	-0.0048	-0.0030	-6.6721	-0.0516
0.9345	-0.0047	-0.0005	-6.5766	-0.0540
0.9350	-0.0044	-0.0023	-6.5830	-0.0476
0.9355	-0.0044	0.0020	-6.5780	-0.0477
0.9360	-0.0046	-0.0011	-6.4605	-0.0373
0.9365	-0.0047	0.0027	-6.3486	-0.0439
0.9370	-0.0047	-0.0019	-6.3373	-0.0502
0.9375	-0.0045	-0.0027	-6.3347	-0.0524
0.9380	-0.0047	-0.0005	-6.2273	-0.0477
0.9385	-0.0047	-0.0026	-6.1044	-0.0478
0.9390	-0.0046	-0.0018	-6.0694	-0.0496
0.9395	-0.0048	-0.0020	-6.0735	-0.0480
0.9400	-0.0045	0.0003	-5.9852	-0.0426
0.9405	-0.0043	-0.0022	-5.8491	-0.0430
0.9410	-0.0044	0.0002	-5.7942	-0.0473
0.9415	-0.0044	-0.0020	-5.7963	-0.0454
0.9420	-0.0046	-0.0046	-5.7193	-0.0511
0.9425	-0.0043	0.0005	-5.5782	-0.0477
0.9430	-0.0043	-0.0002	-5.5040	-0.0476
0.9435	-0.0043	0.0015	-5.4948	-0.0454
0.9440	-0.0041	0.0001	-5.4276	-0.0458
0.9445	-0.0042	-0.0011	-5.2938	-0.0427
0.9450	-0.0040	-0.0008	-5.1983	-0.0419
0.9455	-0.0042	-0.0031	-5.1764	-0.0462
0.9460	-0.0040	-0.0037	-5.1252	-0.0384
0.9465	-0.0037	-0.0022	-4.9860	-0.0424
0.9470	-0.0039	-0.0020	-4.8784	-0.0362
0.9475	-0.0035	0.0021	-4.8517	-0.0390
0.9480	-0.0033	-0.0067	-4.8049	-0.0362
0.9485	-0.0033	0.0025	-4.6731	-0.0335
0.9490	-0.0033	0.0015	-4.5553	-0.0397
0.9495	-0.0040	-0.0016	-4.5152	-0.0362
0.9500	-0.0035	-0.0001	-4.4747	-0.0395
0.9505	-0.0036	-0.0003	-4.3474	-0.0388
0.9510	-0.0040	0.0008	-4.2223	-0.0415
0.9515	-0.0037	0.0005	-4.1724	-0.0368
0.9520	-0.0037	-0.0041	-4.1339	-0.0446
0.9525	-0.0034	-0.0018	-4.0195	-0.0357
0.9530	-0.0031	-0.0005	-3.8842	-0.0281
0.9535	-0.0031	0.0020	-3.8190	-0.0265
0.9540	-0.0028	-0.0020	-3.7780	-0.0264
0.9545	-0.0031	0.0024	-3.6788	-0.0346
0.9550	-0.0028	-0.0003	-3.5386	-0.0340
0.9555	-0.0029	-0.0018	-3.4596	-0.0278
0.9560	-0.0035	-0.0009	-3.4207	-0.0312
0.9565	-0.0029	0.0001	-3.3294	-0.0305
0.9570	-0.0031	-0.0008	-3.1891	-0.0279
0.9575	-0.0029	0.0032	-3.0982	-0.0336
0.9580	-0.0023	-0.0004	-3.0517	-0.0331
0.9585	-0.0024	-0.0008	-2.9697	-0.0287
0.9590	-0.0024	0.0010	-2.8331	-0.0240
0.9595	-0.0027	-0.0008	-2.7289	-0.0265
0.9600	-0.0023	-0.0021	-2.6789	-0.0175
0.9605	-0.0023	-0.0023	-2.6035	-0.0282
0.9610	-0.0026	-0.0015	-2.4691	-0.0186
0.9615	-0.0020	-0.0022	-2.3584	-0.0314
0.9620	-0.0022	-0.0035	-2.2997	-0.0219
0.9625	-0.0022	-0.0053	-2.2302	-0.0243
0.9630	-0.0020	0.0042	-2.1010	-0.0247
0.9635	-0.0019	-0.0016	-1.9775	-0.0207
0.9640	-0.0018	-0.0006	-1.9088	-0.0211
0.9645	-0.0013	-0.0022	-1.8452	-0.0199
0.9650	-0.0016	-0.0020	-1.7233	-0.0193
0.9655	-0.0015	-0.0020	-1.5979	-0.0181
0.9660	-0.0014	-0.0005	-1.5217	-0.0190
0.9665	-0.0011	-0.0013	-1.4541	-0.0173
0.9670	-0.0013	-0.0011	-1.3444	-0.0139
0.9675	-0.0014	-0.0017	-1.2130	-0.0149
0.9680	-0.0012	-0.0017	-1.1291	-0.0128
0.9685	-0.0014	0.0019	-1.0610	-0.0135
0.9690	-0.0007	0.0013	-0.9579	-0.0117
0.9695	-0.0015	-0.0033	-0.8284	-0.0138
0.9700	-0.0007	0.0001	-0.7350	-0.0119
0.9705	-0.0007	-0.0007	-0.6676	-0.0142
0.9710	-0.0009	0.0021	-0.5713	-0.0083
0.9715	-0.0010	0.0001	-0.4463	-0.0140
0.9720	-0.0007	-0.0020	-0.3451	-0.0109
0.9725	-0.0006	-0.0036	-0.2740	-0.0045
0.9730	-0.0008	-0.0031	-0.1822	-0.0121
0.9735	-0.0002	0.0030	-0.0661	-0.0017
0.9740	-0.0002	-0.0019	0.0364	-0.0058
0.9745	-0.0002	0.0001	0.1121	-0.0067
0.9750	-0.0003	-0.0038	0.1951	-0.0055
0.9755	-0.0001	-0.0011	0.3049	-0.0006
0.9760	-0.0002	-0.0057	0.4079	-0.0032
0.9765	0.0004	0.0038	0.4890	-0.0016
0.9770	-0.0004	-0.0017	0.5804	-0.0065
0.9775	-0.0001	-0.0029	0.6975	0.0005
0.9780	0.0002	-0.0041	0.7943	-0.0037
0.9785	0.0004	-0.0009	0.8731	0.0048
0.9790	-0.0001	-0.0007	0.9640	0.0014
0.9795	0.0006	-0.0019	1.0743	0.0014
0.9800	0.0005	0.0012	1.1749	0.0003
0.9805	0.0003	0.0004	1.2531	0.0058
0.9810	0.0005	-0.0017	1.3430	0.0012
0.9815	0.0003	0.0045	1.4490	0.0008
0.9820	0.0006	-0.0005	1.5559	0.0040
0.9825	0.0006	0.0017	1.6360	0.0019
0.9830	0.0006	-0.0002	1.7210	0.0061
0.9835	0.0007	-0.0008	1.8252	0.0095
0.9840	0.0011	-0.0027	1.9291	0.0043
0.9845	0.0008	0.0018	2.0148	0.0056
0.9850	0.0008	-0.0052	2.0937	0.0073
0.9855	0.0008	0.0054	2.1951	0.0111
0.9860	0.0008	-0.0069	2.2995	0.0026
0.9865	0.0011	-0.0020	2.3766	0.0128
0.9870	0.0010	-0.0012	2.4398	0.0060
0.9875	0.0008	-0.0020	2.4928	0.0058
0.9880	0.0014	-0.0015	2.6201	0.0123
0.9885	0.0012	-0.0004	2.8025	0.0084
0.9890	0.0012	-0.0017	2.8901	0.0094
0.9895	0.0016	-0.0015	2.8799	0.0115
0.9900	0.0015	-0.0014	2.9705	0.0120
0.9905	0.0015	-0.0017	3.1556	0.0112
0.9910	0.0012	-0.0031	3.2584	0.0181
0.9915	0.0012	-0.0012	3.2494	0.0150
0.9920	0.0016	0.0010	3.3120	0.0109
0.9925	0.0017	-0.0009	3.4937	0.0146
0.9930	0.0018	0.0027	3.6128	0.0171
0.9935	0.0019	0.0017	3.6125	0.0115
0.9940	0.0021	-0.0044	3.6551	0.0171
0.9945	0.0018	-0.0029	3.8219	0.0120
0.9950	0.0018	0.0009	3.9606	0.0109
0.9955	0.0022	-0.0017	3.9719	0.0180
0.9960	0.0022	0.0009	3.9881	0.0194
0.9965	0.0027	-0.0008	4.1361	0.0246
0.9970	0.0023	0.0007	4.2893	0.0186
0.9975	0.0023	0.0048	4.3205	0.0183
0.9980	0.0020	-0.0023	4.3211	0.0249
0.9985	0.0024	-0.0005	4.4452	0.0166
0.9990	0.0021	-0.0024	4.6094	0.0187
0.9995	0.0024	-0.0000	4.6552	0.0245
1.0000	0.0030	0.0016	4.6456	0.0244
1.0005	0.0029	-0.0028	4.7445	0.0247
1.0010	0.0028	-0.0016	4.9113	0.0234
1.0015	0.0026	-0.0030	4.9805	0.0225
1.0020	0.0028	0.0048	4.9651	0.0299
1.0025	0.0028	-0.0008	5.0399	0.0296
1.0030	0.0026	-0.0070	5.2041	0.0263
1.0035	0.0025	-0.0047	5.2885	0.0263
1.0040	0.0030	-0.0029	5.2763	0.0229
1.0045	0.0029	-0.0005	5.3263	0.0239
1.0050	0.0028	-0.0020	5.4795	0.0273
1.0055	0.0031	-0.0007	5.5814	0.0310
1.0060	0.0033	0.0007	5.5739	0.0306
1.0065	0.0030	-0.0017	5.6044	0.0265
1.0070	0.0033	-0.0007	5.7406	0.0355
1.0075	0.0034	0.0027	5.8510	0.0302
1.0080	0.0026	0.0028	5.8512	0.0355
1.0085	0.0034	-0.0081	5.8663	0.0349
1.0090	0.0035	-0.0032	5.9820	0.0361
1.0095	0.0035	-0.0002	6.0715	0.0395
1.0100	0.0033	-0.0059	6.1114	0.0336
1.0105	0.0037	-0.0009	6.1207	0.0338
1.0110	0.0040	-0.0005	6.2042	0.0358
1.0115	0.0035	-0.0023	6.3186	0.0367
1.0120	0.0040	0.0020	6.3569	0.0408
1.0125	0.0037	-0.0029	6.3539	0.0377
1.0130	0.0043	-0.0049	6.4208	0.0378
1.0135	0.0043	0.0021	6.5369	0.0331
1.0140	0.0040	-0.0014	6.5825	0.0399
1.0145	0.0041	-0.0008	6.5660	0.0407
1.0150	0.0042	0.0001	6.6128	0.0404
1.0155	0.0043	0.0013	6.7220	0.0421
1.0160	0.0043	0.0023	6.7815	0.0432
1.0165	0.0043	-0.0005	6.7642	0.0431
1.0170	0.0048	0.0002	6.7869	0.0483
1.0175	0.0044	-0.0001	6.8846	0.0484
1.0180	0.0047	-0.0023	6.9476	0.0359
1.0185	0.0052	0.0016	6.9340	0.0449
1.0190	0.0047	-0.0024	6.9440	0.0431
1.0195	0.0047	-0.0049	7.0285	0.0472
1.0200	0.0046	-0.0023	7.0898	0.0433
1.0205	0.0047	0.0009	7.0722	0.0455
1.0210	0.0048	-0.0063	7.0577	0.0428
1.0215	0.0049	0.0049	7.1220	0.0472
1.0220	0.0049	0.0011	7.1784	0.0490
1.0225	0.0055	0.0001	7.1506	0.0469
1.0230	0.0053	-0.0069	7.1151	0.0484
1.0235	0.0055	0.0004	7.1827	0.0502
1.0240	0.0050	0.0025	7.2758	0.0407
1.0245	0.0057	-0.0022	7.2830	0.0455
1.0250	0.0051	0.0009	7.2504	0.0516
1.0255	0.0054	-0.0026	7.2953	0.0543
1.0260	0.0054	0.0009	7.3918	0.0516
1.0265	0.0054	-0.0008	7.4040	0.0507
1.0270	0.0055	-0.0020	7.3716	0.0471
1.0275	0.0057	-0.0010	7.3968	0.0556
1.0280	0.0058	-0.0031	7.4753	0.0548
1.0285	0.0057	-0.0023	7.5249	0.0539
1.0290	0.0055	0.0015	7.5010	0.0518
1.0295	0.0062	-0.0005	7.4964	0.0553
1.0300	0.0054	-0.0017	7.5629	0.0579
1.0305	0.0060	-0.0037	7.6134	0.0547
1.0310	0.0056	0.0033	7.5906	0.0559
1.0315	0.0052	-0.0006	7.5689	0.0592
1.0320	0.0063	-0.0002	7.6192	0.0508
1.0325	0.0058	0.0029	7.6785	0.0626
1.0330	0.0057	0.0009	7.6620	0.0589
1.0335	0.0057	0.0036	7.6155	0.0560
1.0340	0.0060	-0.0005	7.6365	0.0594
1.0345	0.0060	-0.0016	7.7016	0.0591
1.0350	0.0060	0.0008	7.7037	0.0608
1.0355	0.0060	-0.0017	7.6583	0.0618
1.0360	0.0065	0.0012	7.6583	0.0581
1.0365	0.0058	-0.0008	7.7142	0.0607
1.0370	0.0059	0.0019	7.7299	0.0578
1.0375	0.0057	0.0004	7.6785	0.0630
1.0380	0.0058	-0.0001	7.6580	0.0583
1.0385	0.0058	0.0010	7.6980	0.0605
1.0390	0.0058	0.0019	7.7121	0.0571
1.0395	0.0063	0.0010	7.6669	0.0552
1.0400	0.0059	0.0024	7.6312	0.0580
1.0405	0.0057	0.0011	7.6679	0.0643
1.0410	0.0063	-0.0014	7.6996	0.0627
1.0415	0.0061	0.0032	7.6556	0.0525
1.0420	0.0059	-0.0014	7.6049	0.0608
1.0425	0.0057	0.0037	7.6219	0.0611
1.0430	0.0058	-0.0015	7.6521	0.0604
1.0435	0.0060	-0.0014	7.6042	0.0566
1.0440	0.0061	0.0002	7.5406	0.0581
1.0445	0.0061	-0.0023	7.5377	0.0637
1.0450	0.0062	-0.0002	7.5643	0.0568
1.0455	0.0060	0.0011	7.5297	0.0568
1.0460	0.0059	-0.0003	7.4561	0.0611
1.0465	0.0061	0.0034	7.4441	0.0559
1.0470	0.0062	-0.0014	7.4667	0.0574
1.0475	0.0060	0.0006	7.4340	0.0580
1.0480	0.0060	0.0012	7.3574	0.0598
1.0485	0.0060	0.0009	7.3344	0.0597
1.0490	0.0058	-0.0024	7.3571	0.0633
1.0495	0.0062	-0.0038	7.3207	0.0538
1.0500	0.0062	-0.0014	7.2411	0.0571
1.0505	0.0059	-0.0026	7.2039	0.0579
1.0510	0.0057	0.0002	7.2130	0.0619
1.0515	0.0062	-0.0029	7.1871	0.0598
1.0520	0.0061	0.0017	7.1069	0.0575
1.0525	0.0060	0.0043	7.0515	0.0600
1.0530	0.0064	-0.0010	7.0547	0.0569
1.0535	0.0060	-0.0027	7.0371	0.0491
1.0540	0.0057	-0.0035	6.9528	0.0612
1.0545	0.0058	-0.0029	6.8840	0.0587
1.0550	0.0055	0.0036	6.8781	0.0607
1.0555	0.0056	-0.0035	6.8634	0.0500
1.0560	0.0058	0.0001	6.7829	0.0612
1.0565	0.0060	-0.0005	6.6960	0.0583
1.0570	0.0056	0.0010	6.6754	0.0557
1.0575	0.0060	-0.0023	6.6627	0.0581
1.0580	0.0053	-0.0025	6.5817	0.0559
1.0585	0.0057	0.0027	6.4841	0.0525
1.0590	0.0061	0.0019	6.4529	0.0591
1.0595	0.0056	-0.0018	6.4435	0.0534
1.0600	0.0050	-0.0004	6.3681	0.0478
1.0605	0.0054	0.0070	6.2597	0.0480
1.0610	0.0047	-0.0013	6.2109	0.0523
1.0615	0.0057	-0.0025	6.2030	0.0535
1.0620	0.0056	-0.0020	6.1392	0.0565
1.0625	0.0060	0.0022	6.0269	0.0547
1.0630	0.0061	-0.0004	5.9576	0.0619
1.0635	0.0059	-0.0007	5.9455	0.0545
1.0640	0.0053	-0.0027	5.8917	0.0581
1.0645	0.0052	-0.0005	5.7790	0.0544
1.0650	0.0051	-0.0029	5.6971	0.0537
1.0655	0.0049	-0.0000	5.6735	0.0538
1.0660	0.0053	-0.0011	5.6251	0.0463
1.0665	0.0051	-0.0038	5.5161	0.0414
1.0670	0.0052	0.0001	5.4213	0.0569
1.0675	0.0055	-0.0008	5.3859	0.0525
1.0680	0.0058	-0.0002	5.3491	0.0560
1.0685	0.0055	0.0039	5.2457	0.0588
1.0690	0.0056	-0.0026	5.1323	0.0513
1.0695	0.0053	0.0009	5.0897	0.0539
1.0700	0.0050	0.0024	5.0593	0.0457
1.0705	0.0047	0.0027	4.9645	0.0455
1.0710	0.0046	-0.0062	4.8393	0.0379
1.0715	0.0046	-0.0020	4.7799	0.0378
1.0720	0.0050	-0.0014	4.7660	0.0474
1.0725	0.0049	0.0004	4.6819	0.0495
1.0730	0.0055	-0.0036	4.5486	0.0577
1.0735	0.0050	0.0042	4.4732	0.0484
1.0740	0.0051	0.0045	4.4541	0.0518
1.0745	0.0050	0.0030	4.3817	0.0465
1.0750	0.0047	-0.0031	4.2462	0.0474
1.0755	0.0041	-0.0020	4.1543	0.0398
1.0760	0.0043	-0.0014	4.1276	0.0423
1.0765	0.0047	0.0002	4.0642	0.0404
1.0770	0.0047	-0.0039	3.9297	0.0415
1.0775	0.0045	0.0036	3.8196	0.0442
1.0780	0.0048	0.0027	3.7806	0.0397
1.0785	0.0042	0.0017	3.7320	0.0475
1.0790	0.0046	0.0011	3.6099	0.0454
1.0795	0.0045	-0.0055	3.4888	0.0436
1.0800	0.0039	-0.0022	3.4346	0.0432
1.0805	0.0041	-0.0013	3.3840	0.0373
1.0810	0.0041	0.0025	3.2488	0.0299
1.0815	0.0040	-0.0017	3.1164	0.0378
1.0820	0.0041	0.0016	3.0147	0.0350
1.0825	0.0038	0.0023	2.9535	0.0324
1.0830	0.0035	-0.0016	2.8508	0.0404
1.0835	0.0039	0.0006	2.7169	0.0346
1.0840	0.0039	-0.0008	2.6399	0.0351
1.0845	0.0040	-0.0024	2.5930	0.0370
1.0850	0.0034	-0.0008	2.5045	0.0349
1.0855	0.0034	-0.0043	2.3794	0.0302
1.0860	0.0029	-0.0051	2.2954	0.0352
1.0865	0.0034	-0.0017	2.2523	0.0281
1.0870	0.0033	-0.0088	2.1707	0.0327
1.0875	0.0027	-0.0038	2.0477	0.0281
1.0880	0.0030	-0.0019	1.9563	0.0314
1.0885	0.0030	0.0015	1.9056	0.0286
1.0890	0.0032	0.0020	1.8334	0.0249
1.0895	0.0028	-0.0007	1.7118	0.0293
1.0900	0.0034	-0.0023	1.6046	0.0364
1.0905	0.0031	0.0014	1.5497	0.0290
1.0910	0.0025	-0.0015	1.4843	0.0259
1.0915	0.0031	-0.0024	1.3666	0.0231
1.0920	0.0024	0.0028	1.2609	0.0259
1.0925	0.0023	-0.0017	1.1942	0.0202
1.0930	0.0027	-0.0038	1.1339	0.0244
1.0935	0.0025	0.0004	1.0246	0.0269
1.0940	0.0025	-0.0013	0.9089	0.0155
1.0945	0.0019	0.0025	0.8363	0.0221
1.0950	0.0022	-0.0055	0.7766	0.0257
1.0955	0.0020	-0.0005	0.6758	0.0179
1.0960	0.0021	-0.0027	0.5596	0.0217
1.0965	0.0023	-0.0032	0.4791	0.0210
1.0970	0.0015	0.0009	0.4185	0.0117
1.0975	0.0022	-0.0007	0.3237	0.0129
1.0980	0.0014	-0.0020	0.2098	0.0150
1.0985	0.0018	-0.0013	0.1245	0.0156
1.0990	0.0019	-0.0014	0.0598	0.0190
1.0995	0.0015	-0.0045	-0.0205	0.0076
1.1000	0.0017	-0.0026	-0.0859	0.0155
1.1005	0.0014	-0.0005	-0.1851	0.0134
1.1010	0.0015	-0.0026	-0.3429	0.0153
1.1015	0.0012	0.0021	-0.4110	0.0080
1.1020	0.0014	-0.0003	-0.4264	0.0135
1.1025	0.0015	0.0005	-0.5490	0.0115
1.1030	0.0017	0.0013	-0.7204	0.0084
1.1035	0.0011	-0.0017	-0.7929	0.0089
1.1040	0.0013	-0.0030	-0.8017	0.0103
1.1045	0.0013	-0.0046	-0.9044	0.0146
1.1050	0.0009	-0.0070	-1.0739	0.0035
1.1055	0.0010	0.0023	-1.1610	0.0025
1.1060	0.0009	0.0004	-1.1716	0.0059
1.1065	0.0006	-0.0014	-1.2543	0.0041
1.1070	0.0008	-0.0009	-1.4215	0.0073
1.1075	0.0006	-0.0026	-1.5255	0.0031
1.1080	0.0004	-0.0022	-1.5369	0.0031
1.1085	0.0006	-0.0018	-1.5999	0.0077
1.1090	0.0006	-0.0037	-1.7621	-0.0002
1.1095	0.0007	0.0013	-1.8843	0.0067
1.1100	0.0008	0.0013	-1.9023	0.0043
1.1105	0.0008	-0.0044	-1.9466	-0.0005
1.1110	0.0006	-0.0014	-2.0969	0.0041
1.1115	0.0006	-0.0007	-2.2338	0.0052
1.1120	0.0004	-0.0005	-2.2608	0.0061
1.1125	0.0008	0.0018	-2.2739	0.0022
1.1130	0.0003	-0.0021	-2.3797	0.0032
1.1135	0.0006	0.0048	-2.5688	0.0083
1.1140	0.0007	-0.0023	-2.6544	-0.0042
1.1145	0.0001	-0.0020	-2.6229	-0.0010
1.1150	0.0006	-0.0014	-2.7219	0.0039
1.1155	0.0004	-0.0003	-2.9331	-0.0006
1.1160	0.0001	-0.0046	-3.0144	0.0058
1.1165	0.0005	0.0015	-2.9753	0.0019
1.1170	0.0001	-0.0020	-3.0487	0.0041
1.1175	0.0001	-0.0034	-3.2524	0.0059
1.1180	-0.0003	-0.0005	-3.3638	-0.0004
1.1185	0.0002	-0.0041	-3.3307	-0.0020
1.1190	0.0000	0.0015	-3.3714	-0.0016
1.1195	-0.0000	-0.0006	-3.5672	-0.0042
1.1200	-0.0000	-0.0023	-3.6995	-0.0032
1.1205	0.0004	-0.0025	-3.6829	-0.0046
1.1210	0.0001	0.0013	-3.6980	-0.0009
1.1215	0.0003	-0.0019	-3.8691	-0.0057
1.1220	0.0002	0.0002	-4.0252	-0.0009
1.1225	-0.0003	-0.0005	-4.0231	-0.0057
1.1230	-0.0006	0.0019	-4.0191	-0.0013
1.1235	-0.0005	-0.0002	-4.1644	-0.0019
1.1240	-0.0004	-0.0005	-4.3350	-0.0071
1.1245	-0.0010	0.0019	-4.3544	-0.0113
1.1250	-0.0005	-0.0047	-4.3335	-0.0030
1.1255	-0.0008	-0.0028	-4.4559	-0.0042
1.1260	-0.0009	-0.0000	-4.6306	-0.0025
1.1265	-0.0007	-0.0029	-4.6735	-0.0079
1.1270	-0.0005	-0.0017	-4.6433	-0.0068
1.1275	-0.0009	-0.0021	-4.7404	-0.0088
1.1280	-0.0005	-0.0016	-4.9149	-0.0075
1.1285	-0.0006	-0.0010	-4.9757	-0.0096
1.1290	-0.0012	-0.0029	-4.9463	-0.0114
1.1295	-0.0013	0.0014	-5.0158	-0.0150
1.1300	-0.0012	-0.0007	-5.1858	-0.0159
1.1305	-0.0018	-0.0029	-5.2702	-0.0182
1.1310	-0.0012	0.0009	-5.2444	-0.0224
1.1315	-0.0016	-0.0012	-5.2890	-0.0115
1.1320	-0.0016	-0.0044	-5.4470	-0.0109
1.1325	-0.0011	-0.0020	-5.5463	-0.0133
1.1330	-0.0016	0.0012	-5.5260	-0.0178
1.1335	-0.0019	-0.0012	-5.5472	-0.0165
1.1340	-0.0018	-0.0023	-5.6924	-0.0198
1.1345	-0.0018	-0.0010	-5.8059	-0.0189
1.1350	-0.0023	0.0007	-5.7991	-0.0245
1.1355	-0.0020	-0.0029	-5.7960	-0.0284
1.1360	-0.0022	-0.0006	-5.9174	-0.0169
1.1365	-0.0023	-0.0011	-6.0470	-0.0276
1.1370	-0.0021	-0.0010	-6.0479	-0.0234
1.1375	-0.0021	0.0012	-6.0345	-0.0210
1.1380	-0.0017	-0.0025	-6.1371	-0.0226
1.1385	-0.0025	0.0009	-6.2679	-0.0196
1.1390	-0.0024	-0.0017	-6.2866	-0.0180
1.1395	-0.0023	-0.0041	-6.2602	-0.0190
1.1400	-0.0027	-0.0044	-6.3372	-0.0233
1.1405	-0.0026	0.0005	-6.4738	-0.0299
1.1410	-0.0024	-0.0048	-6.5083	-0.0239
1.1415	-0.0024	-0.0015	-6.4719	-0.0263
1.1420	-0.0026	-0.0019	-6.5256	-0.0235
1.1425	-0.0025	-0.0014	-6.6583	-0.0262
1.1430	-0.0027	-0.0023	-6.7041	-0.0269
1.1435	-0.0028	-0.0022	-6.6623	-0.0309
1.1440	-0.0025	-0.0032	-6.6937	-0.0234
1.1445	-0.0030	-0.0018	-6.8192	-0.0306
1.1450	-0.0027	0.0004	-6.8801	-0.0285
1.1455	-0.0031	-0.0023	-6.8349	-0.0371
1.1460	-0.0027	0.0009	-6.8402	-0.0353
1.1465	-0.0032	0.0004	-6.9555	-0.0265
1.1470	-0.0032	-0.0052	-7.0284	-0.0367
1.1475	-0.0030	0.0060	-6.9887	-0.0317
1.1480	-0.0031	-0.0023	-6.9754	-0.0313
1.1485	-0.0031	-0.0032	-7.0749	-0.0300
1.1490	-0.0031	0.0008	-7.1592	-0.0324
1.1495	-0.0030	-0.0032	-7.1323	-0.0342
1.1500	-0.0033	-0.0038	-7.0983	-0.0305
1.1505	-0.0039	-0.0050	-7.1674	-0.0395
1.1510	-0.0036	-0.0034	-7.2608	-0.0361
1.1515	-0.0041	-0.0008	-7.2459	-0.0358
1.1520	-0.0036	0.0014	-7.1907	-0.0392
1.1525	-0.0036	-0.0004	-7.2431	-0.0336
1.1530	-0.0039	0.0004	-7.3382	-0.0382
1.1535	-0.0034	0.0005	-7.3310	-0.0323
1.1540	-0.0037	0.0025	-7.2751	-0.0380
1.1545	-0.0038	0.0029	-7.3079	-0.0392
1.1550	-0.0036	-0.0030	-7.4041	-0.0449
1.1555	-0.0032	-0.0053	-7.4113	-0.0385
1.1560	-0.0041	0.0001	-7.3492	-0.0415
1.1565	-0.0039	0.0023	-7.3572	-0.0430
1.1570	-0.0042	0.0004	-7.4415	-0.0385
1.1575	-0.0038	-0.0038	-7.4553	-0.0405
1.1580	-0.0040	-0.0032	-7.3775	-0.0459
1.1585	-0.0041	-0.0017	-7.3654	-0.0383
1.1590	-0.0043	-0.0029	-7.4503	-0.0411
1.1595	-0.0034	-0.0003	-7.4742	-0.0398
1.1600	-0.0043	-0.0029	-7.3863	-0.0349
1.1605	-0.0043	-0.0015	-7.3546	-0.0397
1.1610	-0.0042	0.0012	-7.4236	-0.0440
1.1615	-0.0044	-0.0041	-7.4610	-0.0384
1.1620	-0.0041	-0.0016	-7.3910	-0.0457
1.1625	-0.0042	-0.0066	-7.3494	-0.0482
1.1630	-0.0044	-0.0014	-7.3973	-0.0458
1.1635	-0.0046	0.0024	-7.4456	-0.0440
1.1640	-0.0042	0.0005	-7.3117	-0.0479
1.1645	-0.0042	0.0009	-7.1503	-0.0387
1.1650	-0.0045	-0.0012	-7.2042	-0.0450
1.1655	-0.0044	-0.0010	-7.2183	-0.0428
1.1660	-0.0043	-0.0006	-7.1647	-0.0472
1.1665	-0.0046	0.0006	-7.1301	-0.0462
1.1670	-0.0047	-0.0023	-7.1574	-0.0458
1.1675	-0.0048	-0.0002	-7.1919	-0.0548
1.1680	-0.0046	0.0001	-7.1638	-0.0487
1.1685	-0.0046	-0.0018	-7.1158	-0.0450
1.1690	-0.0043	0.0025	-7.1210	-0.0481
1.1695	-0.0046	0.0024	-7.1513	-0.0439
1.1700	-0.0045	-0.0009	-7.1286	-0.0447
1.1705	-0.0046	-0.0032	-7.0744	-0.0482
1.1710	-0.0049	-0.0006	-7.0656	-0.0459
1.1715	-0.0043	0.0004	-7.0861	-0.0483
1.1720	-0.0044	0.0006	-7.0636	-0.0476
1.1725	-0.0046	-0.0041	-7.0085	-0.0507
1.1730	-0.0046	0.0004	-6.9854	-0.0425
1.1735	-0.0048	-0.0017	-6.9948	-0.0508
1.1740	-0.0044	-0.0041	-6.9835	-0.0436
1.1745	-0.0042	0.0001	-6.9318	-0.0468
1.1750	-0.0045	-0.0003	-6.8920	-0.0445
1.1755	-0.0044	0.0003	-6.8908	-0.0490
1.1760	-0.0043	-0.0015	-6.8803	-0.0486
1.1765	-0.0044	-0.0011	-6.8286	-0.0479
1.1770	-0.0048	-0.0026	-6.7786	-0.0444
1.1775	-0.0041	-0.0046	-6.7646	-0.0507
1.1780	-0.0045	0.0008	-6.7534	-0.0446
1.1785	-0.0044	-0.0020	-6.6969	-0.0434
1.1790	-0.0045	0.0021	-6.6356	-0.0486
1.1795	-0.0042	-0.0005	-6.6113	-0.0446
1.1800	-0.0045	0.0009	-6.6060	-0.0435
1.1805	-0.0046	-0.0027	-6.5531	-0.0487
1.1810	-0.0040	-0.0020	-6.4765	-0.0431
1.1815	-0.0044	0.0013	-6.4447	-0.0395
1.1820	-0.0040	-0.0044	-6.4370	-0.0522
1.1825	-0.0041	-0.0006	-6.3875	-0.0447
1.1830	-0.0038	-0.0008	-6.3085	-0.0445
1.1835	-0.0043	-0.0013	-6.2659	-0.0418
1.1840	-0.0041	0.0019	-6.2518	-0.0421
1.1845	-0.0041	-0.0029	-6.2024	-0.0450
1.1850	-0.0044	0.0028	-6.1272	-0.0424
1.1855	-0.0040	0.0004	-6.0705	-0.0414
1.1860	-0.0040	0.0014	-6.0511	-0.0429
1.1865	-0.0041	-0.0048	-6.0074	-0.0440
1.1870	-0.0042	-0.0002	-5.9211	-0.0406
1.1875	-0.0041	0.0009	-5.8545	-0.0455
1.1880	-0.0039	0.0005	-5.8265	-0.0482
1.1885	-0.0042	0.0003	-5.7892	-0.0416
1.1890	-0.0042	-0.0015	-5.7060	-0.0477
1.1895	-0.0036	-0.0047	-5.6297	-0.0415
1.1900	-0.0041	-0.0049	-5.5942	-0.0418
1.1905	-0.0041	0.0014	-5.5534	-0.0420
1.1910	-0.0036	0.0012	-5.4695	-0.0428
1.1915	-0.0040	-0.0046	-5.3867	-0.0380
1.1920	-0.0041	-0.0007	-5.3423	-0.0452
1.1925	-0.0040	-0.0008	-5.3049	-0.0312
1.1930	-0.0037	-0.0053	-5.2198	-0.0416
1.1935	-0.0040	0.0011	-5.1292	-0.0403
1.1940	-0.0037	-0.0062	-5.0748	-0.0361
1.1945	-0.0036	0.0021	-5.0326	-0.0406
1.1950	-0.0033	-0.0026	-4.9543	-0.0414
1.1955	-0.0037	-0.0028	-4.8615	-0.0425
1.1960	-0.0033	-0.0014	-4.7963	-0.0368
1.1965	-0.0035	-0.0020	-4.7493	-0.0386
1.1970	-0.0038	-0.0018	-4.6728	-0.0384
1.1975	-0.0033	0.0018	-4.5753	-0.0341
1.1980	-0.0036	-0.0016	-4.4984	-0.0344
1.1985	-0.0034	-0.0017	-4.4495	-0.0333
1.1990	-0.0033	0.0030	-4.3790	-0.0332
1.1995	-0.0036	-0.0029	-4.2788	-0.0355
1.2000	-0.0032	-0.0008	-4.1969	-0.0365
1.2005	-0.0034	-0.0007	-4.1431	-0.0313
1.2010	-0.0030	0.0032	-4.0726	-0.0362
1.2015	-0.0028	-0.0030	-3.9699	-0.0313
1.2020	-0.0029	-0.0027	-3.8852	-0.0280
1.2025	-0.0031	0.0004	-3.8283	-0.0379
1.2030	-0.0027	-0.0020	-3.7592	-0.0321
1.2035	-0.0025	0.0004	-3.6615	-0.0286
1.2040	-0.0026	-0.0026	-3.5641	-0.0323
1.2045	-0.0026	0.0015	-3.5018	-0.0282
1.2050	-0.0029	-0.0014	-3.4422	-0.0318
1.2055	-0.0023	-0.0039	-3.3442	-0.0224
1.2060	-0.0027	-0.0019	-3.2415	-0.0284
1.2065	-0.0026	0.0006	-3.1705	-0.0266
1.2070	-0.0020	-0.0029	-3.1117	-0.0265
1.2075	-0.0022	0.0015	-3.0200	-0.0188
1.2080	-0.0020	-0.0012	-2.9101	-0.0203
1.2085	-0.0019	-0.0000	-2.8328	-0.0227
1.2090	-0.0017	-0.0005	-2.7746	-0.0281
1.2095	-0.0022	0.0012	-2.6878	-0.0208
1.2100	-0.0021	0.0035	-2.5791	-0.0247
1.2105	-0.0025	-0.0013	-2.4914	-0.0239
1.2110	-0.0019	0.0039	-2.4299	-0.0315
1.2115	-0.0018	-0.0007	-2.3508	-0.0169
1.2120	-0.0020	0.0022	-2.2407	-0.0253
1.2125	-0.0019	-0.0019	-2.1467	-0.0198
1.2130	-0.0018	-0.0013	-2.0803	-0.0120
1.2135	-0.0013	0.0024	-2.0001	-0.0140
1.2140	-0.0018	0.0008	-1.8944	-0.0155
1.2145	-0.0017	-0.0007	-1.7966	-0.0201
1.2150	-0.0014	0.0006	-1.7253	-0.0202
1.2155	-0.0018	0.0004	-1.6473	-0.0171
1.2160	-0.0019	-0.0009	-1.5445	-0.0186
1.2165	-0.0015	-0.0000	-1.4439	-0.0179
1.2170	-0.0016	-0.0040	-1.3653	-0.0120
1.2175	-0.0011	0.0005	-1.2877	-0.0172
1.2180	-0.0011	-0.0017	-1.1876	-0.0152
1.2185	-0.0011	-0.0026	-1.0846	-0.0106
1.2190	-0.0006	-0.0016	-1.0037	-0.0097
1.2195	-0.0010	-0.0018	-0.9274	-0.0120
1.2200	-0.0009	0.0033	-0.8284	-0.0127
1.2205	-0.0009	-0.0007	-0.7269	-0.0090
1.2210	-0.0009	-0.0008	-0.6402	-0.0128
1.2215	-0.0017	0.0003	-0.5636	-0.0133
1.2220	-0.0006	-0.0027	-0.4703	-0.0076
1.2225	-0.0005	0.0051	-0.3668	-0.0025
1.2230	-0.0003	-0.0039	-0.2798	-0.0030
1.2235	-0.0004	0.0021	-0.2020	-0.0062
1.2240	-0.0003	-0.0014	-0.1131	0.0034
1.2245	-0.0002	-0.0016	-0.0102	-0.0007
1.2250	-0.0004	-0.0009	0.0760	-0.0042
1.2255	-0.0001	-0.0005	0.1494	-0.0067
1.2260	-0.0005	-0.0012	0.2341	-0.0127
1.2265	-0.0004	-0.0021	0.3282	-0.0017
1.2270	-0.0000	-0.0033	0.4143	-0.0064
1.2275	-0.0001	-0.0067	0.4949	-0.0054
1.2280	-0.0000	0.0030	0.5955	0.0012
1.2285	-0.0001	-0.0018	0.6983	-0.0033
1.2290	0.0003	0.0021	0.7725	0.0024
1.2295	-0.0002	0.0033	0.8483	0.0022
1.2300	-0.0000	-0.0041	0.9470	-0.0005
1.2305	0.0010	0.0025	1.0508	-0.0065
1.2310	0.0005	-0.0029	1.1250	0.0089
1.2315	0.0006	-0.0070	1.1973	0.0020
1.2320	0.0003	0.0001	1.2948	0.0003
1.2325	0.0008	0.0019	1.3968	0.0098
1.2330	0.0003	-0.0015	1.4782	0.0073
1.2335	0.0007	0.0045	1.5476	0.0086
1.2340	0.0013	-0.0008	1.6412	0.0062
1.2345	0.0004	-0.0005	1.7435	0.0080
1.2350	0.0010	-0.0013	1.8287	0.0005
1.2355	0.0006	0.0022	1.8979	0.0041
1.2360	0.0014	-0.0033	1.9829	0.0110
1.2365	0.0008	0.0002	2.0832	0.0058
1.2370	0.0008	0.0001	2.1734	0.0108
1.2375	0.0003	0.0024	2.2337	0.0185
1.2380	0.0007	0.0043	2.3106	0.0109
1.2385	0.0007	0.0015	2.3796	0.0069
1.2390	0.0010	-0.0032	2.4413	0.0099
1.2395	0.0011	0.0003	2.5825	0.0093
1.2400	0.0009	0.0015	2.7350	0.0092
1.2405	0.0009	-0.0036	2.7663	0.0162
1.2410	0.0017	0.0020	2.7754	0.0100
1.2415	0.0018	0.0001	2.9015	0.0115
1.2420	0.0018	-0.0020	3.0608	0.0190
1.2425	0.0016	0.0002	3.1101	0.0108
1.2430	0.0018	0.0032	3.1105	0.0131
1.2435	0.0014	-0.0037	3.2123	0.0133
1.2440	0.0012	0.0002	3.3735	0.0082
1.2445	0.0014	-0.0011	3.4453	0.0101
1.2450	0.0015	-0.0015	3.4399	0.0136
1.2455	0.0017	-0.0002	3.5209	0.0144
1.2460	0.0017	0.0006	3.6760	0.0112
1.2465	0.0020	0.0017	3.7642	0.0182
1.2470	0.0020	-0.0020	3.7640	0.0217
1.2475	0.0020	-0.0029	3.8198	0.0172
1.2480	0.0019	-0.0020	3.9712	0.0211
1.2485	0.0021	-0.0005	4.0767	0.0130
1.2490	0.0019	-0.0000	4.0796	0.0151
1.2495	0.0020	-0.0027	4.1183	0.0133
1.2500	0.0024	0.0002	4.2556	0.0213
1.2505	0.0024	0.0003	4.3756	0.0213
1.2510	0.0023	-0.0020	4.3868	0.0129
1.2515	0.0025	-0.0011	4.4051	0.0212
1.2520	0.0029	-0.0026	4.5309	0.0290
1.2525	0.0022	0.0025	4.6581	0.0237
1.2530	0.0024	0.0004	4.6817	0.0219
1.2535	0.0025	0.0048	4.6896	0.0238
1.2540	0.0026	-0.0008	4.7922	0.0245
1.2545	0.0026	-0.0033	4.9262	0.0210
1.2550	0.0027	0.0018	4.9635	0.0249
1.2555	0.0027	-0.0023	4.9591	0.0260
1.2560	0.0030	0.0004	5.0466	0.0234
1.2565	0.0029	0.0005	5.1841	0.0339
1.2570	0.0033	-0.0011	5.2074	0.0281
1.2575	0.0030	-0.0031	5.1962	0.0300
1.2580	0.0030	-0.0001	5.2966	0.0237
1.2585	0.0031	-0.0027	5.4211	0.0293
1.2590	0.0026	-0.0029	5.4674	0.0285
1.2595	0.0031	0.0018	5.4540	0.0311
1.2600	0.0031	-0.0011	5.5205	0.0273
1.2605	0.0033	-0.0012	5.6449	0.0279
1.2610	0.0033	-0.0000	5.6999	0.0293
1.2615	0.0035	-0.0015	5.6871	0.0309
1.2620	0.0034	-0.0006	5.7365	0.0306
1.2625	0.0033	-0.0023	5.8488	0.0343
1.2630	0.0036	0.0050	5.9155	0.0343
1.2635	0.0038	-0.0029	5.9053	0.0297
1.2640	0.0034	-0.0005	5.9306	0.0390
1.2645	0.0039	-0.0031	6.0377	0.0361
1.2650	0.0034	0.0003	6.1103	0.0361
1.2655	0.0036	-0.0041	6.1005	0.0335
1.2660	0.0042	-0.0017	6.1058	0.0381
1.2665	0.0041	0.0025	6.1979	0.0325
1.2670	0.0039	0.0030	6.2809	0.0409
1.2675	0.0043	0.0006	6.2764	0.0387
1.2680	0.0040	-0.0014	6.2718	0.0347
1.2685	0.0041	0.0019	6.3463	0.0369
1.2690	0.0042	-0.0006	6.4222	0.0420
1.2695	0.0043	-0.0038	6.4226	0.0397
1.2700	0.0044	0.0004	6.4028	0.0416
1.2705	0.0041	0.0006	6.4573	0.0440
1.2710	0.0045	-0.0012	6.5314	0.0412
1.2715	0.0045	-0.0044	6.5290	0.0511
1.2720	0.0044	-0.0019	6.4865	0.0450
1.2725	0.0043	0.0006	6.5208	0.0390
1.2730	0.0044	0.0016	6.6079	0.0464
1.2735	0.0044	-0.0017	6.6372	0.0416
1.2740	0.0046	-0.0014	6.6123	0.0402
1.2745	0.0047	-0.0026	6.6374	0.0543
1.2750	0.0051	0.0012	6.7259	0.0464
1.2755	0.0047	-0.0032	6.7653	0.0519
1.2760	0.0048	-0.0028	6.7359	0.0525
1.2765	0.0048	-0.0020	6.7438	0.0488
1.2770	0.0050	-0.0008	6.8283	0.0454
1.2775	0.0050	-0.0039	6.8705	0.0447
1.2780	0.0047	-0.0020	6.8394	0.0473
1.2785	0.0049	0.0020	6.8562	0.0483
1.2790	0.0047	-0.0004	6.9335	0.0537
1.2795	0.0050	0.0016	6.9722	0.0485
1.2800	0.0050	-0.0026	6.9381	0.0537
1.2805	0.0051	0.0009	6.9359	0.0566
1.2810	0.0053	-0.0036	7.0052	0.0483
1.2815	0.0052	-0.0019	7.0470	0.0477
1.2820	0.0050	0.0009	7.0139	0.0512
1.2825	0.0057	0.0054	6.9991	0.0507
1.2830	0.0053	-0.0028	7.0595	0.0538
1.2835	0.0055	-0.0015	7.0980	0.0514
1.2840	0.0055	-0.0011	7.0568	0.0606
1.2845	0.0053	-0.0008	7.0293	0.0511
1.2850	0.0057	-0.0041	7.0776	0.0529
1.2855	0.0050	0.0028	7.1341	0.0453
1.2860	0.0053	0.0013	7.1022	0.0477
1.2865	0.0054	-0.0035	7.0513	0.0550
1.2870	0.0055	0.0005	7.0896	0.0486
1.2875	0.0057	-0.0057	7.1478	0.0519
1.2880	0.0056	-0.0019	7.1220	0.0511
1.2885	0.0053	-0.0032	7.0614	0.0477
1.2890	0.0058	-0.0009	7.0735	0.0558
1.2895	0.0053	-0.0026	7.1269	0.0546
1.2900	0.0057	0.0028	7.1137	0.0568
1.2905	0.0052	-0.0014	7.0450	0.0555
1.2910	0.0052	-0.0029	7.0438	0.0610
1.2915	0.0053	0.0015	7.0992	0.0532
1.2920	0.0051	-0.0006	7.1022	0.0557
1.2925	0.0055	-0.0031	7.0359	0.0605
1.2930	0.0059	-0.0033	7.0067	0.0495
1.2935	0.0060	0.0033	7.0489	0.0485
1.2940	0.0058	-0.0017	7.0591	0.0576
1.2945	0.0055	0.0007	6.9842	0.0608
1.2950	0.0053	0.0004	6.9370	0.0492
1.2955	0.0054	-0.0014	6.9698	0.0517
1.2960	0.0062	0.0007	6.9827	0.0589
1.2965	0.0054	0.0002	6.9113	0.0506
1.2970	0.0057	0.0017	6.8491	0.0589
1.2975	0.0057	-0.0023	6.8749	0.0484
1.2980	0.0052	-0.0005	6.8941	0.0518
1.2985	0.0052	0.0009	6.8275	0.0516
1.2990	0.0055	-0.0029	6.7512	0.0578
1.2995	0.0057	0.0013	6.7597	0.0518
1.3000	0.0053	-0.0016	6.7922	0.0528
1.3005	0.0053	-0.0023	6.7308	0.0539
1.3010	0.0057	-0.0009	6.6392	0.0568
1.3015	0.0054	-0.0002	6.6307	0.0519
1.3020	0.0054	0.0006	6.6631	0.0481
1.3025	0.0056	-0.0028	6.6144	0.0523
1.3030	0.0055	-0.0009	6.5128	0.0557
1.3035	0.0052	-0.0005	6.4803	0.0600
1.3040	0.0055	-0.0045	6.5093	0.0503
1.3045	0.0053	-0.0027	6.4716	0.0507
1.3050	0.0054	-0.0001	6.3704	0.0545
1.3055	0.0057	-0.0004	6.3203	0.0562
1.3060	0.0053	0.0012	6.3403	0.0478
1.3065	0.0050	0.0011	6.3142	0.0559
1.3070	0.0056	0.0033	6.2138	0.0545
1.3075	0.0052	0.0003	6.1434	0.0521
1.3080	0.0056	0.0027	6.1527	0.0506
1.3085	0.0050	0.0041	6.1362	0.0524
1.3090	0.0055	-0.0007	6.0324	0.0544
1.3095	0.0055	-0.0020	5.9515	0.0450
1.3100	0.0053	-0.0003	5.9460	0.0536
1.3105	0.0047	0.0007	5.9332	0.0482
1.3110	0.0052	-0.0017	5.8352	0.0470
1.3115	0.0051	0.0004	5.7406	0.0447
1.3120	0.0048	0.0009	5.7192	0.0526
1.3125	0.0053	-0.0039	5.7129	0.0528
1.3130	0.0054	-0.0013	5.6228	0.0500
1.3135	0.0053	0.0004	5.5116	0.0465
1.3140	0.0055	-0.0020	5.4821	0.0564
1.3145	0.0049	-0.0013	5.4784	0.0456
1.3150	0.0053	0.0030	5.3983	0.0509
1.3155	0.0046	0.0023	5.2779	0.0424
1.3160	0.0047	-0.0017	5.2271	0.0480
1.3165	0.0045	-0.0017	5.2263	0.0432
1.3170	0.0040	0.0005	5.1593	0.0377
1.3175	0.0042	0.0027	5.0384	0.0382
1.3180	0.0043	-0.0030	4.9741	0.0512
1.3185	0.0047	0.0022	4.9605	0.0403
1.3190	0.0051	0.0021	4.9045	0.0430
1.3195	0.0049	-0.0025	4.7835	0.0527
1.3200	0.0053	0.0006	4.7018	0.0513
1.3205	0.0053	-0.0004	4.6834	0.0407
1.3210	0.0052	-0.0027	4.6385	0.0407
1.3215	0.0042	-0.0058	4.5227	0.0383
1.3220	0.0036	-0.0011	4.4271	0.0393
1.3225	0.0038	-0.0005	4.4029	0.0319
1.3230	0.0036	0.0006	4.3629	0.0393
1.3235	0.0040	0.0004	4.2507	0.0370
1.3240	0.0043	0.0011	4.1460	0.0467
1.3245	0.0042	0.0041	4.1088	0.0403
1.3250	0.0047	0.0018	4.0718	0.0422
1.3255	0.0049	-0.0002	3.9648	0.0416
1.3260	0.0045	-0.0005	3.8542	0.0426
1.3265	0.0039	-0.0022	3.8090	0.0436
1.3270	0.0040	-0.0005	3.7817	0.0410
1.3275	0.0034	-0.0006	3.6786	0.0336
1.3280	0.0038	-0.0005	3.5604	0.0348
1.3285	0.0037	0.0024	3.5017	0.0383
1.3290	0.0039	-0.0028	3.4758	0.0361
1.3295	0.0045	-0.0012	3.3815	0.0366
1.3300	0.0046	-0.0028	3.2545	0.0450
1.3305	0.0039	0.0031	3.1881	0.0377
1.3310	0.0041	-0.0014	3.1613	0.0337
1.3315	0.0034	-0.0008	3.0745	0.0350
1.3320	0.0033	0.0010	2.9450	0.0281
1.3325	0.0036	-0.0031	2.8644	0.0314
1.3330	0.0032	-0.0003	2.8305	0.0295
1.3335	0.0032	0.0056	2.7538	0.0316
1.3340	0.0034	-0.0000	2.6268	0.0316
1.3345	0.0033	-0.0008	2.5315	0.0371
1.3350	0.0035	0.0030	2.4931	0.0349
1.3355	0.0031	0.0004	2.4325	0.0353
1.3360	0.0037	0.0013	2.3077	0.0309
1.3365	0.0030	0.0009	2.2055	0.0310
1.3370	0.0029	-0.0012	2.1574	0.0322
1.3375	0.0030	0.0007	2.1030	0.0286
1.3380	0.0027	-0.0019	1.9861	0.0262
1.3385	0.0026	-0.0053	1.8723	0.0244
1.3390	0.0025	-0.0026	1.8180	0.0254
1.3395	0.0028	-0.0030	1.7658	0.0308
1.3400	0.0028	-0.0028	1.6485	0.0267
1.3405	0.0029	-0.0003	1.5286	0.0270
1.3410	0.0028	-0.0035	1.4615	0.0286
1.3415	0.0026	-0.0022	1.4082	0.0277
1.3420	0.0029	-0.0033	1.3068	0.0246
1.3425	0.0023	0.0040	1.1812	0.0262
1.3430	0.0017	-0.0030	1.1080	0.0222
1.3435	0.0017	0.0014	1.0556	0.0192
1.3440	0.0016	0.0024	0.9667	0.0233
1.3445	0.0020	-0.0011	0.8547	0.0204
1.3450	0.0027	0.0011	0.7679	0.0177
1.3455	0.0019	-0.0021	0.7151	0.0214
1.3460	0.0028	-0.0022	0.6390	0.0201
1.3465	0.0023	0.0001	0.5301	0.0247
1.3470	0.0023	-0.0035	0.4374	0.0141
1.3475	0.0020	-0.0010	0.3797	0.0215
1.3480	0.0015	-0.0029	0.3084	0.0176
1.3485	0.0017	-0.0019	0.2049	0.0131
1.3490	0.0014	-0.0017	0.1152	0.0131
1.3495	0.0015	0.0002	0.0519	0.0180
1.3500	0.0015	0.0012	-0.0119	0.0165
1.3505	0.0017	-0.0002	-0.0669	0.0130
1.3510	0.0013	-0.0009	-0.1471	0.0155
1.3515	0.0016	0.0033	-0.3188	0.0214
1.3520	0.0012	-0.0017	-0.4173	0.0134
1.3525	0.0015	-0.0012	-0.4099	0.0032
1.3530	0.0014	0.0014	-0.4879	0.0052
1.3535	0.0005	-0.0002	-0.6567	0.0043
1.3540	0.0012	-0.0012	-0.7560	0.0093
1.3545	0.0010	-0.0015	-0.7554	0.0088
1.3550	0.0010	-0.0017	-0.8146	0.0018
1.3555	0.0009	-0.0006	-0.9797	0.0115
1.3560	0.0012	-0.0005	-1.0958	0.0100
1.3565	0.0008	-0.0007	-1.0998	0.0057
1.3570	0.0011	-0.0004	-1.1421	0.0039
1.3575	0.0007	-0.0017	-1.2990	0.0111
1.3580	0.0006	-0.0005	-1.4295	0.0021
1.3585	0.0008	-0.0027	-1.4433	0.0092
1.3590	0.0003	-0.0011	-1.4707	-0.0006
1.3595	0.0009	-0.0024	-1.6141	0.0055
1.3600	0.0002	0.0015	-1.7591	0.0017
1.3605	0.0005	-0.0016	-1.7886	0.0112
1.3610	0.0006	-0.0009	-1.8001	0.0030
1.3615	0.0006	-0.0018	-1.9246	0.0014
1.3620	0.0009	-0.0016	-2.0787	0.0062
1.3625	0.0004	-0.0020	-2.1224	0.0032
1.3630	0.0006	-0.0008	-2.1289	0.0082
1.3635	0.0007	-0.0010	-2.2219	0.0050
1.3640	0.0004	-0.0014	-2.3452	-0.0003
1.3645	0.0006	-0.0010	-2.4272	0.0043
1.3650	0.0004	0.0027	-2.4958	0.0060
1.3655	0.0007	-0.0008	-2.5445	0.0040
1.3660	0.0004	0.0006	-2.6529	0.0004
1.3665	0.0003	0.0025	-2.7822	0.0041
1.3670	0.0007	-0.0008	-2.8350	-0.0045
1.3675	0.0002	-0.0011	-2.8622	0.0031
1.3680	0.0004	-0.0008	-2.9595	-0.0055
1.3685	0.0003	-0.0013	-3.0876	0.0000
1.3690	0.0005	-0.0021	-3.1507	-0.0025
1.3695	0.0004	0.0009	-3.1774	0.0010
1.3700	0.0004	0.0015	-3.2594	-0.0016
1.3705	0.0001	-0.0006	-3.3885	0.0015
1.3710	-0.0002	-0.0026	-3.4673	-0.0040
1.3715	0.0001	0.0012	-3.4872	-0.0058
1.3720	-0.0000	-0.0047	-3.5496	-0.0035
1.3725	0.0000	-0.0012	-3.6766	-0.0036
1.3730	-0.0004	-0.0017	-3.7686	-0.0064
1.3735	0.0002	-0.0005	-3.7908	-0.0059
1.3740	-0.0003	-0.0051	-3.8417	-0.0051
1.3745	-0.0004	-0.0018	-3.9585	-0.0080
1.3750	0.0001	-0.0002	-4.0562	-0.0071
1.3755	-0.0003	-0.0017	-4.0872	-0.0061
1.3760	-0.0003	-0.0022	-4.1256	-0.0073
1.3765	-0.0002	-0.0035	-4.2346	-0.0077
1.3770	-0.0008	0.0018	-4.3373	-0.0093
1.3775	-0.0008	-0.0009	-4.3765	-0.0105
1.3780	-0.0008	0.0009	-4.4083	-0.0094
1.3785	-0.0007	-0.0023	-4.5023	-0.0071
1.3790	-0.0009	-0.0008	-4.6071	-0.0108
1.3795	-0.0010	-0.0008	-4.6522	-0.0138
1.3800	-0.0011	-0.0044	-4.6774	-0.0147
1.3805	-0.0009	-0.0010	-4.7584	-0.0116
1.3810	-0.0013	-0.0014	-4.8673	-0.0150
1.3815	-0.0016	-0.0005	-4.9172	-0.0141
1.3820	-0.0011	-0.0017	-4.9367	-0.0150
1.3825	-0.0009	-0.0009	-5.0063	-0.0120
1.3830	-0.0015	-0.0014	-5.1121	-0.0168
1.3835	-0.0013	0.0001	-5.1697	-0.0149
1.3840	-0.0015	-0.0050	-5.1827	-0.0171
1.3845	-0.0014	-0.0011	-5.2417	-0.0118
1.3850	-0.0018	-0.0038	-5.3415	-0.0115
1.3855	-0.0012	0.0012	-5.4048	-0.0167
1.3860	-0.0019	-0.0031	-5.4228	-0.0224
1.3865	-0.0020	-0.0024	-5.4618	-0.0201
1.3870	-0.0017	-0.0014	-5.5552	-0.0178
1.3875	-0.0017	-0.0005	-5.6290	-0.0138
1.3880	-0.0017	0.0030	-5.6421	-0.0185
1.3885	-0.0014	-0.0051	-5.6696	-0.0164
1.3890	-0.0019	-0.0018	-5.7600	-0.0211
1.3895	-0.0020	-0.0016	-5.8354	-0.0251
1.3900	-0.0021	0.0005	-5.8516	-0.0168
1.3905	-0.0018	-0.0026	-5.8707	-0.0231
1.3910	-0.0020	-0.0024	-5.9462	-0.0223
1.3915	-0.0021	-0.0039	-6.0265	-0.0207
1.3920	-0.0024	0.0004	-6.0440	-0.0218
1.3925	-0.0025	-0.0011	-6.0536	-0.0198
1.3930	-0.0021	0.0005	-6.1174	-0.0251
1.3935	-0.0020	0.0023	-6.1931	-0.0152
1.3940	-0.0022	-0.0018	-6.2140	-0.0252
1.3945	-0.0022	-0.0040	-6.2121	-0.0244
1.3950	-0.0025	0.0040	-6.2684	-0.0271
1.3955	-0.0028	0.0069	-6.3446	-0.0264
1.3960	-0.0025	0.0014	-6.3690	-0.0314
1.3965	-0.0024	-0.0024	-6.3561	-0.0331
1.3970	-0.0028	0.0006	-6.3989	-0.0265
1.3975	-0.0026	-0.0032	-6.4722	-0.0280
1.3980	-0.0031	-0.0026	-6.5059	-0.0280
1.3985	-0.0028	-0.0001	-6.4926	-0.0296
1.3990	-0.0028	-0.0048	-6.5191	-0.0303
1.3995	-0.0029	0.0008	-6.5850	-0.0316
1.4000	-0.0026	0.0005	-6.6172	-0.0275
1.4005	-0.0029	0.0011	-6.6012	-0.0272
1.4010	-0.0036	-0.0001	-6.6174	-0.0330
1.4015	-0.0032	-0.0039	-6.6742	-0.0279
1.4020	-0.0031	-0.0017	-6.7062	-0.0325
1.4025	-0.0031	0.0012	-6.6932	-0.0401
1.4030	-0.0033	-0.0050	-6.6936	-0.0336
1.4035	-0.0030	-0.0006	-6.7452	-0.0315
1.4040	-0.0030	-0.0034	-6.7805	-0.0332
1.4045	-0.0031	0.0012	-6.7757	-0.0261
1.4050	-0.0032	-0.0023	-6.7676	-0.0345
1.4055	-0.0029	-0.0028	-6.8052	-0.0305
1.4060	-0.0036	0.0006	-6.8433	-0.0303
1.4065	-0.0033	0.0011	-6.8355	-0.0385
1.4070	-0.0034	-0.0014	-6.8209	-0.0392
1.4075	-0.0033	-0.0042	-6.8397	-0.0410
1.4080	-0.0032	-0.0038	-6.8663	-0.0368
1.4085	-0.0033	-0.0019	-6.8632	-0.0294
1.4090	-0.0036	-0.0002	-6.8461	-0.0385
1.4095	-0.0035	0.0008	-6.8492	-0.0336
1.4100	-0.0034	-0.0017	-6.8672	-0.0347
1.4105	-0.0035	0.0006	-6.8669	-0.0406
1.4110	-0.0038	-0.0031	-6.8469	-0.0417
1.4115	-0.0037	-0.0021	-6.8364	-0.0377
1.4120	-0.0032	-0.0005	-6.8567	-0.0383
1.4125	-0.0038	0.0015	-6.8633	-0.0358
1.4130	-0.0038	-0.0009	-6.8487	-0.0356
1.4135	-0.0035	-0.0004	-6.8220	-0.0445
1.4140	-0.0037	0.0008	-6.8375	-0.0364
1.4145	-0.0039	-0.0025	-6.7911	-0.0372
1.4150	-0.0038	-0.0053	-6.6724	-0.0390
1.4155	-0.0038	-0.0029	-6.6542	-0.0395
1.4160	-0.0042	-0.0019	-6.6432	-0.0373
1.4165	-0.0038	-0.0002	-6.6151	-0.0401
1.4170	-0.0040	-0.0047	-6.6328	-0.0466
1.4175	-0.0036	-0.0027	-6.6383	-0.0383
1.4180	-0.0039	-0.0005	-6.6078	-0.0372
1.4185	-0.0035	-0.0001	-6.5976	-0.0382
1.4190	-0.0041	-0.0004	-6.6107	-0.0373
1.4195	-0.0039	-0.0041	-6.6138	-0.0454
1.4200	-0.0039	0.0012	-6.5779	-0.0406
1.4205	-0.0041	-0.0021	-6.5528	-0.0454
1.4210	-0.0038	0.0015	-6.5611	-0.0377
1.4215	-0.0043	-0.0016	-6.5601	-0.0385
1.4220	-0.0039	-0.0015	-6.5264	-0.0425
1.4225	-0.0044	-0.0003	-6.4889	-0.0398
1.4230	-0.0039	-0.0000	-6.4858	-0.0379
1.4235	-0.0044	-0.0037	-6.4858	-0.0432
1.4240	-0.0041	-0.0017	-6.4522	-0.0473
1.4245	-0.0045	-0.0014	-6.4100	-0.0407
1.4250	-0.0036	0.0009	-6.3956	-0.0470
1.4255	-0.0037	0.0006	-6.3972	-0.0387
1.4260	-0.0037	-0.0003	-6.3693	-0.0414
1.4265	-0.0039	-0.0006	-6.3170	-0.0423
1.4270	-0.0040	-0.0046	-6.2853	-0.0410
1.4275	-0.0040	-0.0030	-6.2827	-0.0440
1.4280	-0.0038	-0.0002	-6.2612	-0.0374
1.4285	-0.0038	-0.0043	-6.2040	-0.0366
1.4290	-0.0039	-0.0020	-6.1622	-0.0425
1.4295	-0.0034	-0.0016	-6.1555	-0.0434
1.4300	-0.0040	-0.0015	-6.1320	-0.0353
1.4305	-0.0038	0.0005	-6.0683	-0.0341
1.4310	-0.0039	-0.0032	-6.0184	-0.0375
1.4315	-0.0038	-0.0034	-6.0035	-0.0347
1.4320	-0.0036	-0.0038	-5.9841	-0.0429
1.4325	-0.0039	-0.0014	-5.9179	-0.0378
1.4330	-0.0034	-0.0023	-5.8599	-0.0372
1.4335	-0.0039	0.0010	-5.8369	-0.0382
1.4340	-0.0036	-0.0043	-5.8214	-0.0423
1.4345	-0.0038	-0.0031	-5.7580	-0.0401
1.4350	-0.0038	-0.0002	-5.6833	-0.0384
1.4355	-0.0031	-0.0032	-5.6569	-0.0410
1.4360	-0.0035	-0.0017	-5.6394	-0.0408
1.4365	-0.0036	-0.0019	-5.5788	-0.0371
1.4370	-0.0035	-0.0018	-5.5013	-0.0382
1.4375	-0.0035	-0.0069	-5.4615	-0.0376
1.4380	-0.0035	-0.0001	-5.4448	-0.0352
1.4385	-0.0041	-0.0019	-5.3916	-0.0312
1.4390	-0.0033	-0.0005	-5.3031	-0.0325
1.4395	-0.0032	-0.0032	-5.2510	-0.0342
1.4400	-0.0036	0.0004	-5.2329	-0.0378
1.4405	-0.0034	0.0001	-5.1782	-0.0378
1.4410	-0.0036	0.0001	-5.0893	-0.0414
1.4415	-0.0034	0.0006	-5.0286	-0.0361
1.4420	-0.0033	-0.0063	-5.0003	-0.0386
1.4425	-0.0033	-0.0005	-4.9530	-0.0357
1.4430	-0.0032	-0.0061	-4.8608	-0.0358
1.4435	-0.0037	0.0004	-4.7905	-0.0383
1.4440	-0.0035	-0.0033	-4.7555	-0.0367
1.4445	-0.0035	-0.0018	-4.7038	-0.0289
1.4450	-0.0036	-0.0028	-4.6214	-0.0352
1.4455	-0.0033	0.0025	-4.5417	-0.0332
1.4460	-0.0033	-0.0063	-4.4996	-0.0388
1.4465	-0.0033	-0.0001	-4.4460	-0.0355
1.4470	-0.0030	-0.0017	-4.3631	-0.0338
1.4475	-0.0033	-0.0027	-4.2841	-0.0266
1.4480	-0.0029	-0.0046	-4.2304	-0.0363
1.4485	-0.0029	-0.0045	-4.1812	-0.0295
1.4490	-0.0030	0.0026	-4.0977	-0.0286
1.4495	-0.0032	0.0011	-4.0085	-0.0309
1.4500	-0.0029	0.0039	-3.9520	-0.0303
1.4505	-0.0026	0.0011	-3.9007	-0.0272
1.4510	-0.0028	-0.0027	-3.8198	-0.0353
1.4515	-0.0025	-0.0043	-3.7289	-0.0328
1.4520	-0.0027	-0.0011	-3.6632	-0.0305
1.4525	-0.0034	-0.0035	-3.6108	-0.0287
1.4530	-0.0028	-0.0013	-3.5346	-0.0261
1.4535	-0.0027	-0.0059	-3.4390	-0.0283
1.4540	-0.0024	-0.0007	-3.3665	-0.0326
1.4545	-0.0026	0.0008	-3.3110	-0.0281
1.4550	-0.0028	-0.0037	-3.2368	-0.0296
1.4555	-0.0025	-0.0045	-3.1427	-0.0240
1.4560	-0.0020	-0.0040	-3.0632	-0.0238
1.4565	-0.0023	-0.0018	-3.0083	-0.0249
1.4570	-0.0024	0.0013	-2.9323	-0.0273
1.4575	-0.0023	-0.0005	-2.8384	-0.0223
1.4580	-0.0021	-0.0010	-2.7572	-0.0176
1.4585	-0.0022	0.0004	-2.6997	-0.0217
1.4590	-0.0021	-0.0004	-2.6263	-0.0197
1.4595	-0.0018	-0.0017	-2.5296	-0.0199
1.4600	-0.0017	-0.0032	-2.4435	-0.0180
1.4605	-0.0023	-0.0003	-2.3800	-0.0244
1.4610	-0.0017	-0.0024	-2.3098	-0.0193
1.4615	-0.0018	-0.0019	-2.2173	-0.0222
1.4620	-0.0020	-0.0002	-2.1246	-0.0224
1.4625	-0.0019	-0.0003	-2.0597	-0.0141
1.4630	-0.0016	0.0006	-1.9892	-0.0190
1.4635	-0.0019	-0.0008	-1.8972	-0.0137
1.4640	-0.0016	-0.0037	-1.8000	-0.0185
1.4645	-0.0017	-0.0020	-1.7293	-0.0108
1.4650	-0.0017	0.0017	-1.6607	-0.0172
1.4655	-0.0017	0.0011	-1.5713	-0.0148
1.4660	-0.0012	0.0015	-1.4777	-0.0108
1.4665	-0.0013	0.0017	-1.3984	-0.0119
1.4670	-0.0013	0.0003	-1.3312	-0.0155
1.4675	-0.0016	-0.0023	-1.2434	-0.0111
1.4680	-0.0013	0.0007	-1.1464	-0.0094
1.4685	-0.0010	-0.0034	-1.0652	-0.0095
1.4690	-0.0015	0.0001	-0.9942	-0.0050
1.4695	-0.0010	0.0012	-0.9132	-0.0087
1.4700	-0.0007	-0.0040	-0.8165	-0.0077
1.4705	-0.0008	-0.0001	-0.7303	-0.0103
1.4710	-0.0004	-0.0011	-0.6596	-0.0092
1.4715	-0.0004	-0.0020	-0.5759	-0.0103
1.4720	-0.0005	-0.0027	-0.4801	-0.0021
1.4725	-0.0004	0.0002	-0.3958	-0.0052
1.4730	-0.0004	-0.0039	-0.3195	-0.0042
1.4735	-0.0007	-0.0028	-0.2428	-0.0043
1.4740	-0.0005	0.0032	-0.1512	-0.0028
1.4745	-0.0004	0.0001	-0.0638	-0.0040
1.4750	-0.0004	-0.0015	0.0119	-0.0044
1.4755	-0.0000	-0.0050	0.0885	-0.0041
1.4760	-0.0000	0.0019	0.1735	0.0008
1.4765	0.0002	-0.0005	0.2537	-0.0022
1.4770	0.0004	0.0005	0.3296	-0.0072
1.4775	0.0004	-0.0011	0.4001	-0.0003
1.4780	0.0004	0.0005	0.4888	0.0015
1.4785	0.0002	-0.0020	0.5975	0.0043
1.4790	0.0001	-0.0000	0.6794	0.0019
1.4795	0.0003	-0.0008	0.7322	0.0059
1.4800	0.0004	-0.0041	0.8137	-0.0006
1.4805	0.0005	0.0029	0.9247	0.0018
1.4810	0.0007	0.0029	1.0062	0.0041
1.4815	0.0002	-0.0030	1.0599	0.0067
1.4820	0.0004	-0.0004	1.1354	0.0009
1.4825	0.0006	0.0009	1.2442	0.0109
1.4830	0.0005	-0.0019	1.3344	0.0025
1.4835	0.0004	-0.0014	1.3876	0.0042
1.4840	0.0005	0.0004	1.4578	0.0086
1.4845	0.0006	-0.0041	1.5620	0.0047
1.4850	0.0011	0.0001	1.6547	0.0103
1.4855	0.0007	-0.0042	1.7151	0.0046
1.4860	0.0009	-0.0029	1.7776	0.0118
1.4865	0.0004	-0.0021	1.8763	0.0109
1.4870	0.0010	-0.0023	1.9788	0.0043
1.4875	0.0011	0.0006	2.0366	0.0094
1.4880	0.0011	-0.0011	2.0979	0.0089
1.4885	0.0011	0.0008	2.1801	0.0003
1.4890	0.0010	-0.0014	2.2733	0.0136
1.4895	0.0013	-0.0001	2.3039	0.0107
1.4900	0.0013	-0.0010	2.3469	0.0059
1.4905	0.0008	-0.0042	2.5275	0.0098
1.4910	0.0015	-0.0017	2.6674	0.0102
1.4915	0.0013	-0.0001	2.6504	0.0093
1.4920	0.0017	-0.0036	2.6527	0.0131
1.4925	0.0015	0.0027	2.8140	0.0107
1.4930	0.0015	-0.0027	2.9729	0.0149
1.4935	0.0014	-0.0038	2.9742	0.0088
1.4940	0.0013	-0.0005	2.9570	0.0104
1.4945	0.0015	-0.0005	3.0969	0.0140
1.4950	0.0014	-0.0015	3.2648	0.0181
1.4955	0.0017	-0.0003	3.2882	0.0141
1.4960	0.0014	-0.0017	3.2574	0.0139
1.4965	0.0017	-0.0002	3.3696	0.0173
1.4970	0.0018	-0.0005	3.5478	0.0175
1.4975	0.0022	-0.0001	3.5909	0.0156
1.4980	0.0020	0.0005	3.5534	0.0155
1.4985	0.0022	-0.0004	3.6375	0.0150
1.4990	0.0021	-0.0033	3.8181	0.0152
1.4995	0.0019	-0.0015	3.8849	0.0167
1.5000	0.0020	-0.0005	3.8433	0.0186
1.5005	0.0022	-0.0010	3.8979	0.0185
1.5010	0.0020	0.0010	4.0721	0.0190
1.5015	0.0027	-0.0022	4.1663	0.0195
1.5020	0.0022	-0.0025	4.1274	0.0234
1.5025	0.0023	-0.0025	4.1564	0.0186
1.5030	0.0023	0.0017	4.3185	0.0151
1.5035	0.0022	-0.0020	4.4336	0.0248
1.5040	0.0026	-0.0025	4.3863	0.0202
1.5045	0.0026	0.0011	4.3794	0.0252
1.5050	0.0026	-0.0022	4.5528	0.0238
1.5055	0.0025	0.0001	4.6862	0.0237
1.5060	0.0029	-0.0001	4.6552	0.0264
1.5065	0.0026	0.0007	4.6302	0.0306
1.5070	0.0026	-0.0017	4.7723	0.0269
1.5075	0.0027	0.0003	4.9178	0.0242
1.5080	0.0027	-0.0011	4.9046	0.0270
1.5085	0.0026	-0.0019	4.8603	0.0258
1.5090	0.0032	-0.0006	4.9803	0.0271
1.5095	0.0031	-0.0032	5.1396	0.0248
1.5100	0.0034	-0.0048	5.1395	0.0291
1.5105	0.0029	-0.0034	5.0849	0.0219
1.5110	0.0031	0.0001	5.1734	0.0322
1.5115	0.0030	-0.0008	5.3367	0.0254
1.5120	0.0035	0.0003	5.3607	0.0293
1.5125	0.0034	-0.0014	5.2950	0.0284
1.5130	0.0033	-0.0024	5.3532	0.0328
1.5135	0.0030	0.0008	5.5102	0.0330
1.5140	0.0030	0.0012	5.5582	0.0305
1.5145	0.0034	-0.0052	5.4902	0.0306
1.5150	0.0035	-0.0035	5.5167	0.0318
1.5155	0.0038	0.0051	5.6687	0.0359
1.5160	0.0036	-0.0035	5.7384	0.0402
1.5165	0.0038	-0.0007	5.6735	0.0295
1.5170	0.0036	-0.0016	5.6733	0.0350
1.5175	0.0039	-0.0026	5.8041	0.0325
1.5180	0.0037	-0.0036	5.8860	0.0383
1.5185	0.0033	-0.0031	5.8261	0.0319
1.5190	0.0037	0.0019	5.7971	0.0364
1.5195	0.0035	-0.0033	5.9116	0.0373
1.5200	0.0041	-0.0015	6.0011	0.0400
1.5205	0.0044	-0.0001	5.9484	0.0416
1.5210	0.0043	-0.0021	5.8911	0.0379
1.5215	0.0038	0.0015	5.9820	0.0361
1.5220	0.0042	-0.0008	6.0892	0.0443
1.5225	0.0038	-0.0023	6.0682	0.0404
1.5230	0.0044	-0.0040	6.0127	0.0431
1.5235	0.0037	0.0015	6.0848	0.0382
1.5240	0.0043	-0.0002	6.2071	0.0397
1.5245	0.0047	-0.0002	6.2104	0.0393
1.5250	0.0041	0.0025	6.1374	0.0384
1.5255	0.0044	-0.0006	6.1791	0.0446
1.5260	0.0042	0.0001	6.3103	0.0423
1.5265	0.0045	-0.0028	6.3355	0.0454
1.5270	0.0045	-0.0006	6.2471	0.0403
1.5275	0.0048	0.0019	6.2614	0.0455
1.5280	0.0041	0.0031	6.4091	0.0441
1.5285	0.0048	-0.0034	6.4568	0.0412
1.5290	0.0045	0.0006	6.3616	0.0443
1.5295	0.0048	-0.0016	6.3420	0.0449
1.5300	0.0048	-0.0011	6.4732	0.0451
1.5305	0.0042	0.0005	6.5434	0.0451
1.5310	0.0045	-0.0005	6.4570	0.0466
1.5315	0.0044	0.0025	6.4037	0.0466
1.5320	0.0049	-0.0037	6.5146	0.0507
1.5325	0.0045	-0.0003	6.6107	0.0470
1.5330	0.0047	-0.0016	6.5361	0.0444
1.5335	0.0051	-0.0011	6.4466	0.0465
1.5340	0.0051	-0.0046	6.5287	0.0521
1.5345	0.0050	0.0002	6.6350	0.0440
1.5350	0.0050	-0.0010	6.5846	0.0509
1.5355	0.0049	-0.0014	6.4862	0.0453
1.5360	0.0046	0.0009	6.5350	0.0500
1.5365	0.0050	-0.0036	6.6475	0.0447
1.5370	0.0053	-0.0040	6.6213	0.0502
1.5375	0.0048	0.0024	6.5153	0.0498
1.5380	0.0051	0.0020	6.5355	0.0461
1.5385	0.0049	-0.0020	6.6444	0.0488
1.5390	0.0052	-0.0050	6.6311	0.0515
1.5395	0.0049	-0.0021	6.5158	0.0542
1.5400	0.0050	-0.0020	6.5058	0.0487
1.5405	0.0047	-0.0025	6.6102	0.0513
1.5410	0.0049	-0.0018	6.6241	0.0547
1.5415	0.0050	0.0036	6.5069	0.0478
1.5420	0.0051	0.0010	6.4732	0.0446
1.5425	0.0051	-0.0039	6.5747	0.0492
1.5430	0.0051	-0.0001	6.6077	0.0470
1.5435	0.0050	0.0010	6.4948	0.0523
1.5440	0.0052	0.0018	6.4276	0.0474
1.5445	0.0051	0.0005	6.5122	0.0524
1.5450	0.0053	-0.0028	6.5565	0.0447
1.5455	0.0056	0.0023	6.4528	0.0485
1.5460	0.0046	-0.0020	6.3580	0.0497
1.5465	0.0051	-0.0030	6.4158	0.0484
1.5470	0.0046	0.0015	6.4796	0.0472
1.5475	0.0051	0.0021	6.3872	0.0480
1.5480	0.0047	-0.0010	6.2763	0.0506
1.5485	0.0051	0.0027	6.3111	0.0537
1.5490	0.0049	-0.0023	6.3854	0.0464
1.5495	0.0051	-0.0015	6.3149	0.0469
1.5500	0.0051	0.0008	6.1846	0.0466
1.5505	0.0052	0.0006	6.1964	0.0542
1.5510	0.0055	-0.0002	6.2742	0.0481
1.5515	0.0051	-0.0008	6.2256	0.0546
1.5520	0.0049	-0.0026	6.0839	0.0497
1.5525	0.0057	-0.0015	6.0619	0.0529
1.5530	0.0049	-0.0027	6.1446	0.0493
1.5535	0.0047	-0.0019	6.1118	0.0528
1.5540	0.0050	0.0015	5.9678	0.0441
1.5545	0.0049	-0.0008	5.9162	0.0508
1.5550	0.0050	0.0021	5.9851	0.0505
1.5555	0.0047	-0.0045	5.9797	0.0471
1.5560	0.0052	0.0018	5.8394	0.0528
1.5565	0.0052	-0.0024	5.7604	0.0480
1.5570	0.0050	-0.0014	5.8149	0.0509
1.5575	0.0049	0.0022	5.8250	0.0521
1.5580	0.0050	0.0017	5.6942	0.0496
1.5585	0.0048	-0.0015	5.5930	0.0480
1.5590	0.0046	-0.0014	5.6312	0.0524
1.5595	0.0049	0.0021	5.6535	0.0503
1.5600	0.0052	0.0011	5.5349	0.0463
1.5605	0.0048	0.0028	5.4135	0.0442
1.5610	0.0046	-0.0015	5.4232	0.0461
1.5615	0.0048	0.0006	5.4598	0.0474
1.5620	0.0045	-0.0005	5.3601	0.0495
1.5625	0.0044	-0.0005	5.2162	0.0503
1.5630	0.0046	-0.0005	5.2014	0.0435
1.5635	0.0047	-0.0020	5.2443	0.0473
1.5640	0.0046	-0.0038	5.1616	0.0465
1.5645	0.0046	-0.0011	5.0133	0.0452
1.5650	0.0043	-0.0030	4.9738	0.0410
1.5655	0.0045	0.0006	5.0119	0.0531
1.5660	0.0050	-0.0040	4.9494	0.0411
1.5665	0.0044	0.0009	4.8006	0.0379
1.5670	0.0043	-0.0032	4.7351	0.0430
1.5675	0.0046	-0.0040	4.7737	0.0383
1.5680	0.0043	-0.0022	4.7298	0.0456
1.5685	0.0045	-0.0015	4.5773	0.0413
1.5690	0.0043	-0.0048	4.4887	0.0459
1.5695	0.0043	-0.0023	4.5115	0.0447
1.5700	0.0043	-0.0009	4.4922	0.0424
1.5705	0.0041	-0.0035	4.3487	0.0410
1.5710	0.0042	-0.0009	4.2395	0.0420
1.5715	0.0040	-0.0032	4.2471	0.0395
1.5720	0.0042	0.0014	4.2397	0.0430
1.5725	0.0040	0.0001	4.1122	0.0432
1.5730	0.0038	0.0006	3.9842	0.0381
1.5735	0.0036	-0.0038	3.9728	0.0405
1.5740	0.0040	-0.0010	3.9745	0.0358
1.5745	0.0033	-0.0010	3.8590	0.0286
1.5750	0.0034	0.0004	3.7189	0.0333
1.5755	0.0030	-0.0016	3.6916	0.0250
1.5760	0.0037	0.0026	3.6992	0.0331
1.5765	0.0037	-0.0010	3.6027	0.0368
1.5770	0.0042	-0.0029	3.4505	0.0347
1.5775	0.0042	0.0004	3.4014	0.0394
1.5780	0.0041	-0.0000	3.4107	0.0451
1.5785	0.0037	-0.0037	3.3311	0.0408
1.5790	0.0036	0.0014	3.1860	0.0304
1.5795	0.0032	0.0002	3.1077	0.0239
1.5800	0.0032	-0.0035	3.1120	0.0223
1.5805	0.0031	-0.0002	3.0435	0.0296
1.5810	0.0028	-0.0031	2.9035	0.0315
1.5815	0.0034	-0.0002	2.8131	0.0325
1.5820	0.0036	-0.0018	2.8082	0.0331
1.5825	0.0037	-0.0012	2.7613	0.0364
1.5830	0.0036	-0.0033	2.6235	0.0337
1.5835	0.0038	-0.0006	2.5149	0.0318
1.5840	0.0035	0.0006	2.4971	0.0335
1.5845	0.0032	-0.0001	2.4627	0.0320
1.5850	0.0027	0.0016	2.3365	0.0262
1.5855	0.0029	-0.0007	2.2147	0.0213
1.5860	0.0026	-0.0029	2.1774	0.0226
1.5865	0.0024	0.0012	2.1544	0.0223
1.5870	0.0028	-0.0056	2.0426	0.0245
1.5875	0.0032	0.0021	1.9122	0.0300
1.5880	0.0028	-0.0005	1.8634	0.0258
1.5885	0.0035	0.0027	1.8379	0.0260
1.5890	0.0029	-0.0003	1.7415	0.0275
1.5895	0.0031	-0.0047	1.6101	0.0222
1.5900	0.0025	-0.0011	1.5449	0.0183
1.5905	0.0026	-0.0037	1.5199	0.0190
1.5910	0.0017	0.0001	1.4356	0.0245
1.5915	0.0020	0.0002	1.3064	0.0280
1.5920	0.0023	-0.0023	1.2261	0.0166
1.5925	0.0025	-0.0011	1.1967	0.0218
1.5930	0.0023	-0.0055	1.1284	0.0257
1.5935	0.0024	-0.0052	0.9988	0.0267
1.5940	0.0025	0.0009	0.9042	0.0171
1.5945	0.0016	-0.0049	0.8707	0.0153
1.5950	0.0017	-0.0023	0.8100	0.0154
1.5955	0.0015	-0.0027	0.6909	0.0191
1.5960	0.0016	0.0015	0.5896	0.0162
1.5965	0.0016	-0.0011	0.5420	0.0073
1.5970	0.0019	-0.0017	0.4891	0.0144
1.5975	0.0019	0.0007	0.3803	0.0170
1.5980	0.0020	-0.0066	0.2759	0.0195
1.5985	0.0021	0.0036	0.2203	0.0186
1.5990	0.0018	0.0004	0.1681	0.0185
1.5995	0.0015	-0.0011	0.0728	0.0212
1.6000	0.0019	-0.0040	-0.0183	0.0153
1.6005	0.0015	0.0027	-0.0532	0.0122
1.6010	0.0014	-0.0017	-0.1115	0.0090
1.6015	0.0012	-0.0036	-0.2715	0.0080
1.6020	0.0017	-0.0009	-0.3758	0.0098
1.6025	0.0012	0.0004	-0.3817	0.0129
1.6030	0.0015	0.0005	-0.4340	0.0132
1.6035	0.0011	-0.0023	-0.5746	0.0120
1.6040	0.0012	-0.0006	-0.6854	0.0129
1.6045	0.0012	-0.0000	-0.7040	0.0080
1.6050	0.0008	-0.0018	-0.7441	0.0039
1.6055	0.0009	-0.0011	-0.8716	0.0059
1.6060	0.0007	-0.0032	-0.9947	0.0107
1.6065	0.0005	-0.0008	-1.0283	0.0052
1.6070	0.0012	-0.0042	-1.0593	0.0071
1.6075	0.0007	-0.0005	-1.1737	0.0024
1.6080	0.0009	-0.0020	-1.3012	0.0059
1.6085	0.0010	-0.0002	-1.3461	0.0022
1.6090	0.0006	-0.0048	-1.3686	0.0110
1.6095	0.0006	0.0005	-1.4724	0.0097
1.6100	0.0002	-0.0014	-1.6062	-0.0017
1.6105	0.0008	-0.0035	-1.6607	0.0011
1.6110	0.0003	0.0018	-1.6750	0.0029
1.6115	0.0008	-0.0015	-1.7656	0.0069
1.6120	0.0006	-0.0044	-1.9006	0.0065
1.6125	0.0010	-0.0008	-1.9703	0.0004
1.6130	0.0009	0.0034	-1.9826	-0.0021
1.6135	0.0004	-0.0014	-2.0585	0.0067
1.6140	0.0003	-0.0035	-2.1880	0.0042
1.6145	0.0007	-0.0011	-2.2391	0.0039
1.6150	0.0004	0.0009	-2.2566	0.0009
1.6155	0.0003	-0.0023	-2.3825	-0.0012
1.6160	0.0000	0.0014	-2.4911	-0.0005
1.6165	0.0003	-0.0007	-2.5211	-0.0038
1.6170	0.0001	0.0009	-2.5771	0.0001
1.6175	0.0002	-0.0022	-2.6960	0.0014
1.6180	0.0004	0.0022	-2.7885	0.0004
1.6185	0.0004	-0.0028	-2.8188	0.0038
1.6190	0.0002	-0.0008	-2.8710	-0.0076
1.6195	0.0001	-0.0003	-2.9757	0.0019
1.6200	0.0002	-0.0022	-3.0746	-0.0010
1.6205	0.0001	0.0015	-3.1111	0.0024
1.6210	-0.0001	-0.0009	-3.1501	-0.0040
1.6215	-0.0001	-0.0006	-3.2515	-0.0036
1.6220	0.0001	0.0001	-3.3565	-0.0031
1.6225	-0.0000	0.0027	-3.3981	-0.0026
1.6230	0.0002	-0.0015	-3.4297	-0.0089
1.6235	-0.0005	-0.0001	-3.5210	-0.0077
1.6240	-0.0001	-0.0020	-3.6290	-0.0071
1.6245	-0.0002	0.0021	-3.6809	-0.0038
1.6250	-0.0008	-0.0044	-3.7007	-0.0023
1.6255	-0.0008	-0.0020	-3.7814	-0.0079
1.6260	-0.0007	-0.0014	-3.8869	0.0016
1.6265	-0.0007	-0.0000	-3.9485	-0.0067
1.6270	-0.0003	-0.0031	-3.9677	-0.0037
1.6275	-0.0007	-0.0007	-4.0360	-0.0096
1.6280	-0.0005	0.0011	-4.1417	-0.0065
1.6285	-0.0008	-0.0020	-4.2101	0.0004
1.6290	-0.0011	-0.0021	-4.2288	-0.0120
1.6295	-0.0008	-0.0000	-4.2770	-0.0055
1.6300	-0.0011	-0.0037	-4.3773	-0.0061
1.6305	-0.0012	-0.0032	-4.4559	-0.0103
1.6310	-0.0011	-0.0004	-4.4766	-0.0127
1.6315	-0.0010	-0.0009	-4.5201	-0.0216
1.6320	-0.0014	-0.0039	-4.6106	-0.0130
1.6325	-0.0009	-0.0022	-4.6884	-0.0139
1.6330	-0.0011	-0.0011	-4.7159	-0.0141
1.6335	-0.0014	-0.0027	-4.7491	-0.0115
1.6340	-0.0009	-0.0017	-4.8256	-0.0113
1.6345	-0.0012	-0.0041	-4.9088	-0.0115
1.6350	-0.0013	0.0013	-4.9424	-0.0170
1.6355	-0.0007	-0.0052	-4.9646	-0.0166
1.6360	-0.0013	0.0010	-5.0338	-0.0169
1.6365	-0.0018	-0.0047	-5.1166	-0.0175
1.6370	-0.0018	-0.0023	-5.1602	-0.0204
1.6375	-0.0015	-0.0030	-5.1735	-0.0111
1.6380	-0.0016	-0.0017	-5.2284	-0.0179
1.6385	-0.0013	-0.0005	-5.3108	-0.0186
1.6390	-0.0013	-0.0025	-5.3586	-0.0232
1.6395	-0.0016	-0.0002	-5.3709	-0.0196
1.6400	-0.0019	-0.0019	-5.4073	-0.0157
1.6405	-0.0020	-0.0019	-5.4878	-0.0240
1.6410	-0.0016	0.0005	-5.5411	-0.0223
1.6415	-0.0023	-0.0011	-5.5489	-0.0168
1.6420	-0.0017	0.0005	-5.5749	-0.0252
1.6425	-0.0018	-0.0019	-5.6447	-0.0220
1.6430	-0.0022	0.0027	-5.7023	-0.0195
1.6435	-0.0018	-0.0020	-5.7147	-0.0220
1.6440	-0.0020	-0.0011	-5.7254	-0.0202
1.6445	-0.0019	-0.0007	-5.7845	-0.0239
1.6450	-0.0022	-0.0005	-5.8461	-0.0247
1.6455	-0.0019	0.0005	-5.8559	-0.0251
1.6460	-0.0021	-0.0032	-5.8625	-0.0237
1.6465	-0.0026	-0.0003	-5.9148	-0.0292
1.6470	-0.0026	-0.0010	-5.9742	-0.0255
1.6475	-0.0022	0.0019	-5.9945	-0.0185
1.6480	-0.0025	-0.0013	-5.9923	-0.0281
1.6485	-0.0022	-0.0006	-6.0261	-0.0208
1.6490	-0.0025	0.0019	-6.0826	-0.0219
1.6495	-0.0023	0.0023	-6.1062	-0.0238
1.6500	-0.0022	0.0024	-6.0980	-0.0192
1.6505	-0.0027	-0.0050	-6.1154	-0.0295
1.6510	-0.0028	-0.0015	-6.1704	-0.0230
1.6515	-0.0028	0.0012	-6.1964	-0.0265
1.6520	-0.0027	-0.0012	-6.1838	-0.0340
1.6525	-0.0024	0.0004	-6.1948	-0.0305
1.6530	-0.0031	-0.0002	-6.2420	-0.0341
1.6535	-0.0025	-0.0007	-6.2742	-0.0336
1.6540	-0.0029	-0.0032	-6.2653	-0.0340
1.6545	-0.0030	0.0006	-6.2660	-0.0290
1.6550	-0.0032	-0.0002	-6.3049	-0.0274
1.6555	-0.0026	0.0105	-6.3373	-0.0275
1.6560	-0.0031	-0.0045	-6.3318	-0.0287
1.6565	-0.0029	0.0004	-6.3179	-0.0346
1.6570	-0.0033	-0.0052	-6.3399	-0.0283
1.6575	-0.0033	-0.0002	-6.3633	-0.0295
1.6580	-0.0034	-0.0002	-6.3549	-0.0414
1.6585	-0.0034	-0.0009	-6.3458	-0.0327
1.6590	-0.0032	-0.0000	-6.3584	-0.0320
1.6595	-0.0031	-0.0059	-6.3761	-0.0346
1.6600	-0.0029	0.0019	-6.3667	-0.0260
1.6605	-0.0033	-0.0019	-6.3510	-0.0336
1.6610	-0.0031	0.0002	-6.3601	-0.0357
1.6615	-0.0034	-0.0011	-6.3683	-0.0404
1.6620	-0.0030	-0.0027	-6.3580	-0.0387
1.6625	-0.0036	-0.0005	-6.3547	-0.0394
1.6630	-0.0032	0.0001	-6.3531	-0.0397
1.6635	-0.0034	-0.0030	-6.3605	-0.0383
1.6640	-0.0032	0.0009	-6.3390	-0.0392
1.6645	-0.0035	-0.0053	-6.3228	-0.0390
1.6650	-0.0035	-0.0007	-6.2236	-0.0321
1.6655	-0.0033	-0.0029	-6.1882	-0.0366
1.6660	-0.0035	-0.0008	-6.1822	-0.0390
1.6665	-0.0035	-0.0002	-6.1374	-0.0395
1.6670	-0.0032	-0.0032	-6.1222	-0.0351
1.6675	-0.0032	-0.0000	-6.1713	-0.0417
1.6680	-0.0037	-0.0001	-6.1614	-0.0393
1.6685	-0.0038	-0.0030	-6.1043	-0.0408
1.6690	-0.0037	-0.0029	-6.1001	-0.0361
1.6695	-0.0035	0.0015	-6.1421	-0.0397
1.6700	-0.0032	-0.0057	-6.1394	-0.0447
1.6705	-0.0034	0.0031	-6.0770	-0.0380
1.6710	-0.0036	-0.0050	-6.0476	-0.0358
1.6715	-0.0037	0.0042	-6.0830	-0.0395
1.6720	-0.0036	-0.0003	-6.0901	-0.0361
1.6725	-0.0034	-0.0005	-6.0297	-0.0316
1.6730	-0.0038	0.0042	-5.9839	-0.0397
1.6735	-0.0034	-0.0049	-6.0030	-0.0415
1.6740	-0.0038	-0.0014	-6.0142	-0.0314
1.6745	-0.0037	-0.0018	-5.9597	-0.0405
1.6750	-0.0034	0.0020	-5.9056	-0.0406
1.6755	-0.0037	-0.0007	-5.9119	-0.0359
1.6760	-0.0032	-0.0017	-5.9235	-0.0387
1.6765	-0.0042	0.0008	-5.8800	-0.0363
1.6770	-0.0033	-0.0006	-5.8151	-0.0372
1.6775	-0.0035	-0.0011	-5.8059	-0.0475
1.6780	-0.0037	0.0027	-5.8132	-0.0344
1.6785	-0.0035	-0.0037	-5.7694	-0.0377
1.6790	-0.0038	-0.0011	-5.7066	-0.0399
1.6795	-0.0035	0.0021	-5.6839	-0.0338
1.6800	-0.0033	-0.0014	-5.6902	-0.0378
1.6805	-0.0033	0.0015	-5.6544	-0.0331
1.6810	-0.0036	0.0004	-5.5864	-0.0389
1.6815	-0.0036	0.0012	-5.5461	-0.0382
1.6820	-0.0034	0.0013	-5.5426	-0.0372
1.6825	-0.0033	0.0018	-5.5116	-0.0400
1.6830	-0.0038	-0.0002	-5.4417	-0.0403
1.6835	-0.0037	-0.0007	-5.3941	-0.0352
1.6840	-0.0037	-0.0008	-5.3883	-0.0393
1.6845	-0.0030	-0.0009	-5.3587	-0.0348
1.6850	-0.0032	0.0013	-5.2845	-0.0342
1.6855	-0.0034	-0.0014	-5.2335	-0.0352
1.6860	-0.0033	0.0030	-5.2204	-0.0347
1.6865	-0.0035	-0.0023	-5.1850	-0.0316
1.6870	-0.0033	0.0023	-5.1118	-0.0351
1.6875	-0.0035	-0.0019	-5.0579	-0.0413
1.6880	-0.0032	-0.0076	-5.0374	-0.0366
1.6885	-0.0034	-0.0021	-5.0040	-0.0279
1.6890	-0.0034	-0.0004	-4.9331	-0.0307
1.6895	-0.0029	0.0001	-4.8677	-0.0261
1.6900	-0.0034	-0.0009	-4.8381	-0.0306
1.6905	-0.0028	-0.0049	-4.8090	-0.0403
1.6910	-0.0030	0.0001	-4.7398	-0.0305
1.6915	-0.0031	-0.0020	-4.6629	-0.0337
1.6920	-0.0032	0.0029	-4.6250	-0.0295
1.6925	-0.0029	-0.0014	-4.5992	-0.0338
1.6930	-0.0028	0.0012	-4.5272	-0.0315
1.6935	-0.0028	0.0019	-4.4471	-0.0300
1.6940	-0.0031	0.0007	-4.3975	-0.0302
1.6945	-0.0033	-0.0055	-4.3691	-0.0349
1.6950	-0.0029	0.0004	-4.3055	-0.0275
1.6955	-0.0029	-0.0021	-4.2179	-0.0303
1.6960	-0.0025	-0.0027	-4.1621	-0.0314
1.6965	-0.0030	-0.0015	-4.1268	-0.0279
1.6970	-0.0031	-0.0008	-4.0709	-0.0260
1.6975	-0.0029	0.0012	-3.9790	-0.0284
1.6980	-0.0028	-0.0035	-3.9102	-0.0256
1.6985	-0.0029	0.0023	-3.8751	-0.0285
1.6990	-0.0027	-0.0007	-3.8214	-0.0296
1.6995	-0.0026	0.0008	-3.7314	-0.0318
1.7000	-0.0024	-0.0009	-3.6538	-0.0309
1.7005	-0.0026	0.0029	-3.6110	-0.0326
1.7010	-0.0025	-0.0021	-3.5648	-0.0217
1.7015	-0.0023	-0.0014	-3.4701	-0.0234
1.7020	-0.0026	-0.0053	-3.3885	-0.0278
1.7025	-0.0023	-0.0011	-3.3414	-0.0274
1.7030	-0.0027	0.0004	-3.2954	-0.0263
1.7035	-0.0023	-0.0005	-3.2082	-0.0289
1.7040	-0.0019	-0.0019	-3.1172	-0.0261
1.7045	-0.0022	0.0015	-3.0638	-0.0221
1.7050	-0.0018	0.0007	-3.0178	-0.0263
1.7055	-0.0021	0.0025	-2.9339	-0.0266
1.7060	-0.0020	-0.0005	-2.8455	-0.0293
1.7065	-0.0020	-0.0011	-2.7811	-0.0196
1.7070	-0.0020	-0.0050	-2.7300	-0.0199
1.7075	-0.0019	-0.0002	-2.6527	-0.0156
1.7080	-0.0019	-0.0012	-2.5604	-0.0217
1.7085	-0.0018	-0.0042	-2.4932	-0.0195
1.7090	-0.0015	0.0045	-2.4414	-0.0206
1.7095	-0.0018	-0.0032	-2.3673	-0.0212
1.7100	-0.0019	0.0033	-2.2702	-0.0158
1.7105	-0.0015	-0.0029	-2.1941	-0.0182
1.7110	-0.0016	-0.0009	-2.1441	-0.0134
1.7115	-0.0017	-0.0014	-2.0718	-0.0223
1.7120	-0.0015	-0.0007	-1.9762	-0.0155
1.7125	-0.0017	-0.0000	-1.8941	-0.0127
1.7130	-0.0011	-0.0013	-1.8419	-0.0169
1.7135	-0.0013	-0.0001	-1.7727	-0.0133
1.7140	-0.0010	-0.0033	-1.6797	-0.0164
1.7145	-0.0015	-0.0018	-1.5937	-0.0128
1.7150	-0.0011	-0.0043	-1.5332	-0.0208
1.7155	-0.0013	-0.0014	-1.4671	-0.0119
1.7160	-0.0014	-0.0030	-1.3778	-0.0185
1.7165	-0.0012	-0.0032	-1.2882	-0.0157
1.7170	-0.0011	0.0015	-1.2223	-0.0117
1.7175	-0.0009	0.0009	-1.1600	-0.0196
1.7180	-0.0004	-0.0029	-1.0682	-0.0089
1.7185	-0.0006	0.0018	-0.9803	-0.0125
1.7190	-0.0010	-0.0000	-0.9120	-0.0126
1.7195	-0.0006	-0.0018	-0.8423	-0.0129
1.7200	-0.0007	-0.0044	-0.7619	-0.0051
1.7205	-0.0007	0.0004	-0.6706	-0.0077
1.7210	-0.0006	0.0012	-0.5983	-0.0084
1.7215	-0.0003	0.0021	-0.5317	-0.0096
1.7220	-0.0004	0.0001	-0.4518	-0.0139
1.7225	-0.0005	-0.0013	-0.3613	-0.0057
1.7230	-0.0004	-0.0024	-0.2837	-0.0032
1.7235	-0.0005	-0.0014	-0.2169	0.0006
1.7240	0.0002	0.0021	-0.1405	0.0015
1.7245	-0.0000	0.0009	-0.0544	0.0017
1.7250	-0.0007	-0.0006	0.0257	-0.0052
1.7255	-0.0003	0.0008	0.0905	-0.0057
1.7260	-0.0002	0.0033	0.1629	0.0048
1.7265	0.0000	0.0009	0.2419	-0.0011
1.7270	-0.0001	0.0013	0.3173	-0.0013
1.7275	0.0005	-0.0008	0.3807	0.0000
1.7280	-0.0002	0.0014	0.4545	-0.0041
1.7285	0.0001	-0.0000	0.5603	-0.0048
1.7290	0.0002	-0.0018	0.6484	0.0021
1.7295	0.0004	0.0039	0.6907	0.0107
1.7300	-0.0001	0.0015	0.7558	0.0014
1.7305	0.0004	-0.0021	0.8646	0.0052
1.7310	0.0006	0.0013	0.9568	0.0080
1.7315	0.0004	-0.0038	1.0008	0.0084
1.7320	0.0007	-0.0008	1.0579	0.0037
1.7325	0.0006	0.0042	1.1608	0.0020
1.7330	0.0009	0.0008	1.2594	0.0028
1.7335	0.0008	-0.0032	1.3073	0.0129
1.7340	0.0007	0.0039	1.3603	0.0049
1.7345	0.0007	0.0032	1.4599	0.0059
1.7350	0.0010	-0.0044	1.5575	0.0099
1.7355	0.0004	-0.0029	1.6122	0.0084
1.7360	0.0008	0.0047	1.6567	0.0083
1.7365	0.0007	-0.0011	1.7516	0.0072
1.7370	0.0011	0.0012	1.8537	0.0115
1.7375	0.0011	0.0035	1.9118	0.0105
1.7380	0.0010	-0.0023	1.9546	0.0056
1.7385	0.0012	0.0009	2.0380	0.0072
1.7390	0.0009	-0.0036	2.1344	0.0092
1.7395	0.0013	-0.0021	2.1933	0.0088
1.7400	0.0011	0.0039	2.2057	0.0091
1.7405	0.0012	-0.0047	2.2582	0.0130
1.7410	0.0012	-0.0000	2.4450	0.0118
1.7415	0.0012	-0.0042	2.5684	0.0107
1.7420	0.0012	0.0027	2.5320	0.0129
1.7425	0.0016	0.0006	2.5393	0.0132
1.7430	0.0017	-0.0007	2.7100	0.0100
1.7435	0.0013	-0.0030	2.8557	0.0133
1.7440	0.0016	-0.0001	2.8334	0.0166
1.7445	0.0016	-0.0021	2.8166	0.0086
1.7450	0.0012	-0.0034	2.9669	0.0129
1.7455	0.0015	0.0010	3.1243	0.0155
1.7460	0.0015	-0.0018	3.1255	0.0179
1.7465	0.0017	0.0002	3.0919	0.0191
1.7470	0.0017	-0.0080	3.2192	0.0180
1.7475	0.0014	0.0022	3.3847	0.0131
1.7480	0.0019	-0.0049	3.4086	0.0186
1.7485	0.0021	0.0004	3.3647	0.0092
1.7490	0.0022	-0.0035	3.4602	0.0117
1.7495	0.0018	-0.0000	3.6322	0.0132
1.7500	0.0020	-0.0038	3.6765	0.0125
1.7505	0.0021	-0.0023	3.6109	0.0152
1.7510	0.0024	-0.0018	3.6897	0.0246
1.7515	0.0023	-0.0004	3.8762	0.0196
1.7520	0.0023	0.0021	3.9406	0.0201
1.7525	0.0022	-0.0030	3.8814	0.0233
1.7530	0.0023	0.0012	3.9181	0.0236
1.7535	0.0020	-0.0021	4.0968	0.0237
1.7540	0.0029	0.0003	4.1858	0.0176
1.7545	0.0024	-0.0017	4.1321	0.0192
1.7550	0.0020	-0.0048	4.1408	0.0238
1.7555	0.0025	-0.0009	4.3057	0.0260
1.7560	0.0022	-0.0007	4.4213	0.0268
1.7565	0.0022	-0.0021	4.3740	0.0180
1.7570	0.0026	-0.0064	4.3611	0.0248
1.7575	0.0030	-0.0004	4.5038	0.0241
1.7580	0.0028	-0.0025	4.6366	0.0284
1.7585	0.0026	-0.0026	4.6089	0.0145
1.7590	0.0030	0.0012	4.5697	0.0257
1.7595	0.0027	-0.0002	4.6886	0.0249
1.7600	0.0032	-0.0027	4.8357	0.0265
1.7605	0.0031	-0.0019	4.8239	0.0250
1.7610	0.0027	-0.0025	4.7673	0.0239
1.7615	0.0030	-0.0027	4.8582	0.0299
1.7620	0.0034	-0.0011	5.0091	0.0328
1.7625	0.0031	0.0002	5.0220	0.0306
1.7630	0.0029	-0.0002	4.9555	0.0319
1.7635	0.0029	-0.0035	5.0164	0.0314
1.7640	0.0029	-0.0024	5.1736	0.0268
1.7645	0.0030	-0.0023	5.2089	0.0335
1.7650	0.0028	-0.0030	5.1358	0.0331
1.7655	0.0029	0.0015	5.1598	0.0366
1.7660	0.0033	-0.0008	5.3063	0.0257
1.7665	0.0032	-0.0000	5.3652	0.0340
1.7670	0.0035	0.0046	5.2912	0.0380
1.7675	0.0036	-0.0008	5.2902	0.0305
1.7680	0.0036	-0.0017	5.4258	0.0328
1.7685	0.0033	-0.0017	5.4893	0.0316
1.7690	0.0033	0.0051	5.4127	0.0419
1.7695	0.0034	-0.0023	5.3820	0.0366
1.7700	0.0036	-0.0011	5.4940	0.0317
1.7705	0.0033	-0.0033	5.5869	0.0360
1.7710	0.0037	0.0003	5.5387	0.0363
1.7715	0.0039	0.0030	5.4993	0.0353
1.7720	0.0039	0.0023	5.5989	0.0369
1.7725	0.0040	-0.0015	5.7045	0.0376
1.7730	0.0041	-0.0029	5.6816	0.0384
1.7735	0.0043	-0.0041	5.6260	0.0386
1.7740	0.0038	-0.0017	5.6907	0.0414
1.7745	0.0039	0.0024	5.8078	0.0329
1.7750	0.0040	-0.0010	5.8125	0.0353
1.7755	0.0045	-0.0029	5.7448	0.0389
1.7760	0.0040	-0.0002	5.7746	0.0372
1.7765	0.0043	-0.0031	5.8862	0.0431
1.7770	0.0045	-0.0012	5.9308	0.0403
1.7775	0.0040	-0.0026	5.8694	0.0342
1.7780	0.0042	0.0001	5.8604	0.0434
1.7785	0.0040	-0.0034	5.9631	0.0440
1.7790	0.0046	-0.0040	6.0214	0.0371
1.7795	0.0040	0.0013	5.9613	0.0412
1.7800	0.0043	-0.0038	5.9330	0.0464
1.7805	0.0042	-0.0016	6.0185	0.0463
1.7810	0.0045	-0.0014	6.0876	0.0403
1.7815	0.0047	-0.0041	6.0406	0.0476
1.7820	0.0043	-0.0029	5.9970	0.0421
1.7825	0.0047	0.0021	6.0579	0.0420
1.7830	0.0046	-0.0031	6.1278	0.0466
1.7835	0.0043	-0.0023	6.0890	0.0442
1.7840	0.0044	0.0004	6.0269	0.0483
1.7845	0.0048	-0.0009	6.0751	0.0449
1.7850	0.0046	0.0009	6.1568	0.0454
1.7855	0.0045	-0.0036	6.1323	0.0446
1.7860	0.0050	-0.0024	6.0577	0.0407
1.7865	0.0045	-0.0038	6.0805	0.0476
1.7870	0.0046	0.0015	6.1639	0.0430
1.7875	0.0047	-0.0015	6.1552	0.0500
1.7880	0.0049	-0.0008	6.0752	0.0460
1.7885	0.0044	-0.0038	6.0759	0.0457
1.7890	0.0045	-0.0055	6.1492	0.0393
1.7895	0.0046	-0.0005	6.1503	0.0441
1.7900	0.0049	-0.0022	6.0700	0.0469
1.7905	0.0047	-0.0008	6.0521	0.0478
1.7910	0.0050	-0.0010	6.1208	0.0447
1.7915	0.0053	0.0014	6.1359	0.0447
1.7920	0.0048	-0.0063	6.0588	0.0473
1.7925	0.0055	-0.0006	6.0269	0.0485
1.7930	0.0044	-0.0010	6.0834	0.0407
1.7935	0.0047	-0.0014	6.1101	0.0478
1.7940	0.0048	0.0021	6.0341	0.0449
1.7945	0.0050	0.0009	5.9802	0.0462
1.7950	0.0050	-0.0042	6.0227	0.0482
1.7955	0.0046	-0.0028	6.0541	0.0482
1.7960	0.0051	0.0033	5.9863	0.0465
1.7965	0.0047	0.0038	5.9149	0.0450
1.7970	0.0046	-0.0016	5.9381	0.0475
1.7975	0.0047	-0.0008	5.9731	0.0462
1.7980	0.0050	-0.0002	5.9167	0.0460
1.7985	0.0047	-0.0003	5.8334	0.0526
1.7990	0.0047	-0.0032	5.8409	0.0487
1.7995	0.0049	0.0018	5.8824	0.0410
1.8000	0.0046	-0.0017	5.8347	0.0345
1.8005	0.0045	-0.0021	5.7430	0.0446
1.8010	0.0047	-0.0019	5.7304	0.0444
1.8015	0.0046	0.0043	5.7696	0.0450
1.8020	0.0049	-0.0014	5.7434	0.0503
1.8025	0.0041	-0.0038	5.6440	0.0522
1.8030	0.0046	-0.0022	5.6079	0.0508
1.8035	0.0049	-0.0049	5.6464	0.0473
1.8040	0.0049	-0.0023	5.6287	0.0460
1.8045	0.0048	0.0015	5.5283	0.0444
1.8050	0.0046	-0.0016	5.4740	0.0467
1.8055	0.0046	-0.0005	5.5021	0.0529
1.8060	0.0045	0.0009	5.4956	0.0507
1.8065	0.0051	-0.0006	5.3992	0.0504
1.8070	0.0045	-0.0014	5.3280	0.0438
1.8075	0.0045	-0.0020	5.3457	0.0382
1.8080	0.0045	-0.0017	5.3457	0.0445
1.8085	0.0044	-0.0034	5.2558	0.0455
1.8090	0.0046	-0.0006	5.1716	0.0395
1.8095	0.0047	-0.0010	5.1703	0.0459
1.8100	0.0049	0.0027	5.1798	0.0443
1.8105	0.0045	-0.0023	5.1024	0.0421
1.8110	0.0040	0.0018	5.0013	0.0445
1.8115	0.0045	-0.0022	4.9854	0.0425
1.8120	0.0046	-0.0010	4.9971	0.0451
1.8125	0.0046	0.0007	4.9270	0.0453
1.8130	0.0042	-0.0029	4.8175	0.0424
1.8135	0.0048	-0.0020	4.7865	0.0466
1.8140	0.0042	0.0025	4.7971	0.0425
1.8145	0.0042	0.0005	4.7347	0.0443
1.8150	0.0042	0.0016	4.6235	0.0408
1.8155	0.0045	0.0001	4.5757	0.0449
1.8160	0.0041	0.0003	4.5790	0.0445
1.8165	0.0047	0.0012	4.5307	0.0393
1.8170	0.0044	-0.0050	4.4191	0.0415
1.8175	0.0044	-0.0018	4.3496	0.0428
1.8180	0.0042	-0.0004	4.3535	0.0351
1.8185	0.0040	-0.0021	4.3167	0.0398
1.8190	0.0040	-0.0012	4.2044	0.0374
1.8195	0.0040	-0.0032	4.1269	0.0363
1.8200	0.0043	-0.0020	4.1181	0.0428
1.8205	0.0041	-0.0017	4.0920	0.0461
1.8210	0.0039	-0.0011	3.9862	0.0332
1.8215	0.0040	0.0018	3.8899	0.0352
1.8220	0.0039	-0.0047	3.8702	0.0340
1.8225	0.0039	-0.0035	3.8520	0.0370
1.8230	0.0039	0.0009	3.7529	0.0332
1.8235	0.0038	0.0028	3.6473	0.0411
1.8240	0.0036	-0.0001	3.6203	0.0393
1.8245	0.0038	-0.0033	3.6073	0.0377
1.8250	0.0036	-0.0014	3.5144	0.0346
1.8255	0.0033	0.0012	3.3994	0.0332
1.8260	0.0036	-0.0034	3.3609	0.0327
1.8265	0.0033	-0.0028	3.3424	0.0383
1.8270	0.0036	-0.0029	3.2636	0.0381
1.8275	0.0030	-0.0049	3.1496	0.0310
1.8280	0.0036	-0.0042	3.0927	0.0381
1.8285	0.0034	0.0006	3.0771	0.0364
1.8290	0.0035	0.0016	3.0067	0.0310
1.8295	0.0032	-0.0047	2.8913	0.0341
1.8300	0.0035	-0.0005	2.8240	0.0327
1.8305	0.0034	0.0002	2.8020	0.0264
1.8310	0.0026	0.0007	2.7397	0.0237
1.8315	0.0022	-0.0029	2.6269	0.0208
1.8320	0.0025	-0.0010	2.5441	0.0234
1.8325	0.0025	0.0004	2.5211	0.0225
1.8330	0.0033	-0.0007	2.4657	0.0235
1.8335	0.0035	-0.0003	2.3539	0.0358
1.8340	0.0034	-0.0048	2.2647	0.0333
1.8345	0.0033	0.0009	2.2311	0.0346
1.8350	0.0032	-0.0005	2.1845	0.0309
1.8355	0.0033	-0.0002	2.0804	0.0285
1.8360	0.0024	-0.0023	1.9806	0.0226
1.8365	0.0026	-0.0015	1.9395	0.0183
1.8370	0.0020	-0.0029	1.8934	0.0201
1.8375	0.0022	-0.0021	1.7977	0.0228
1.8380	0.0024	-0.0015	1.6923	0.0250
1.8385	0.0024	-0.0008	1.6426	0.0353
1.8390	0.0030	-0.0012	1.6064	0.0218
1.8395	0.0029	-0.0008	1.5183	0.0358
1.8400	0.0032	-0.0029	1.4088	0.0304
1.8405	0.0026	-0.0008	1.3479	0.0234
1.8410	0.0024	-0.0008	1.3058	0.0216
1.8415	0.0024	0.0001	1.2269	0.0207
1.8420	0.0017	-0.0041	1.1190	0.0173
1.8425	0.0020	0.0027	1.0500	0.0194
1.8430	0.0020	0.0003	1.0067	0.0131
1.8435	0.0022	-0.0012	0.9352	0.0234
1.8440	0.0022	-0.0029	0.8318	0.0266
1.8445	0.0024	-0.0011	0.7547	0.0197
1.8450	0.0023	0.0015	0.7039	0.0233
1.8455	0.0022	0.0021	0.6378	0.0253
1.8460	0.0018	-0.0047	0.5428	0.0193
1.8465	0.0015	0.0038	0.4561	0.0190
1.8470	0.0018	-0.0022	0.4029	0.0152
1.8475	0.0015	-0.0038	0.3403	0.0166
1.8480	0.0015	-0.0021	0.2492	0.0134
1.8485	0.0013	-0.0004	0.1637	0.0146
1.8490	0.0018	-0.0041	0.1042	0.0206
1.8495	0.0016	-0.0015	0.0450	0.0153
1.8500	0.0020	-0.0007	-0.0249	0.0195
1.8505	0.0017	0.0018	-0.0688	0.0154
1.8510	0.0014	-0.0005	-0.1524	0.0129
1.8515	0.0012	-0.0017	-0.2857	0.0113
1.8520	0.0013	0.0007	-0.3710	0.0121
1.8525	0.0013	-0.0023	-0.3997	0.0124
1.8530	0.0014	-0.0027	-0.4441	0.0126
1.8535	0.0012	-0.0026	-0.5591	0.0061
1.8540	0.0010	-0.0019	-0.6637	0.0146
1.8545	0.0010	-0.0026	-0.6959	0.0154
1.8550	0.0011	-0.0027	-0.7289	0.0104
1.8555	0.0010	-0.0006	-0.8384	0.0094
1.8560	0.0006	-0.0007	-0.9520	0.0077
1.8565	0.0010	-0.0021	-0.9950	0.0104
1.8570	0.0007	-0.0017	-1.0254	0.0109
1.8575	0.0012	-0.0007	-1.1233	0.0060
1.8580	0.0008	0.0004	-1.2395	0.0076
1.8585	0.0010	-0.0022	-1.2903	0.0020
1.8590	0.0009	-0.0020	-1.3170	0.0118
1.8595	0.0004	0.0017	-1.4072	0.0003
1.8600	0.0005	-0.0026	-1.5207	0.0113
1.8605	0.0007	-0.0024	-1.5843	0.0061
1.8610	0.0008	-0.0017	-1.6064	0.0059
1.8615	0.0007	-0.0035	-1.6837	0.0024
1.8620	0.0004	-0.0008	-1.8027	0.0103
1.8625	0.0005	0.0003	-1.8673	0.0030
1.8630	0.0004	0.0021	-1.8910	0.0042
1.8635	0.0005	-0.0014	-1.9566	0.0058
1.8640	0.0006	-0.0019	-2.0762	0.0077
1.8645	0.0007	-0.0015	-2.1373	0.0034
1.8650	0.0002	-0.0020	-2.1331	0.0012
1.8655	0.0006	-0.0024	-2.2268	0.0014
1.8660	0.0005	-0.0011	-2.3870	0.0017
1.8665	0.0005	-0.0008	-2.4109	0.0034
1.8670	0.0006	-0.0016	-2.4039	0.0008
1.8675	0.0004	-0.0020	-2.5162	0.0016
1.8680	0.0001	0.0027	-2.6659	0.0069
1.8685	0.0002	-0.0046	-2.7001	0.0072
1.8690	0.0004	0.0030	-2.6850	-0.0080
1.8695	-0.0001	-0.0014	-2.7749	-0.0001
1.8700	0.0001	-0.0043	-2.9223	0.0046
1.8705	-0.0004	-0.0010	-2.9772	-0.0041
1.8710	0.0000	0.0029	-2.9577	0.0049
1.8715	-0.0001	-0.0041	-3.0266	0.0010
1.8720	-0.0001	0.0030	-3.1738	0.0017
1.8725	-0.0005	-0.0003	-3.2439	-0.0053
1.8730	-0.0004	0.0015	-3.2264	-0.0001
1.8735	-0.0001	0.0017	-3.2738	0.0018
1.8740	0.0001	-0.0008	-3.4145	-0.0001
1.8745	-0.0004	-0.0011	-3.5043	-0.0064
1.8750	-0.0004	-0.0015	-3.4940	-0.0013
1.8755	0.0003	-0.0026	-3.5167	-0.0033
1.8760	-0.0004	-0.0044	-3.6470	-0.0048
1.8765	-0.0003	0.0001	-3.7485	-0.0099
1.8770	-0.0007	-0.0029	-3.7460	-0.0064
1.8775	-0.0005	0.0015	-3.7573	-0.0087
1.8780	-0.0002	-0.0041	-3.8715	0.0011
1.8785	-0.0005	0.0026	-3.9843	-0.0050
1.8790	-0.0007	-0.0057	-3.9920	-0.0113
1.8795	-0.0007	-0.0002	-3.9887	-0.0089
1.8800	-0.0007	0.0016	-4.0893	-0.0084
1.8805	-0.0010	-0.0040	-4.2070	-0.0072
1.8810	-0.0010	-0.0012	-4.2261	-0.0120
1.8815	-0.0013	-0.0005	-4.2141	-0.0095
1.8820	-0.0005	-0.0002	-4.2974	-0.0126
1.8825	-0.0012	-0.0032	-4.4201	-0.0105
1.8830	-0.0012	-0.0005	-4.4488	-0.0087
1.8835	-0.0009	-0.0023	-4.4352	-0.0046
1.8840	-0.0012	-0.0026	-4.4984	-0.0069
1.8845	-0.0011	-0.0024	-4.6180	-0.0160
1.8850	-0.0010	-0.0015	-4.6631	-0.0072
1.8855	-0.0012	0.0048	-4.6417	-0.0158
1.8860	-0.0010	-0.0027	-4.6861	-0.0201
1.8865	-0.0012	0.0015	-4.8055	-0.0102
1.8870	-0.0011	-0.0014	-4.8593	-0.0164
1.8875	-0.0016	-0.0002	-4.8369	-0.0200
1.8880	-0.0015	-0.0041	-4.8603	-0.0148
1.8885	-0.0013	-0.0010	-4.9705	-0.0140
1.8890	-0.0013	0.0018	-5.0438	-0.0123
1.8895	-0.0014	-0.0028	-5.0230	-0.0223
1.8900	-0.0012	0.0009	-5.0242	-0.0170
1.8905	-0.0016	-0.0003	-5.1225	-0.0126
1.8910	-0.0018	0.0013	-5.2045	-0.0175
1.8915	-0.0016	0.0035	-5.1926	-0.0162
1.8920	-0.0015	-0.0019	-5.1769	-0.0155
1.8925	-0.0020	0.0006	-5.2598	-0.0240
1.8930	-0.0018	-0.0005	-5.3516	-0.0182
1.8935	-0.0015	0.0023	-5.3482	-0.0192
1.8940	-0.0018	-0.0036	-5.3199	-0.0243
1.8945	-0.0019	0.0004	-5.3854	-0.0227
1.8950	-0.0015	0.0019	-5.4791	-0.0202
1.8955	-0.0017	0.0015	-5.4855	-0.0197
1.8960	-0.0021	-0.0011	-5.4562	-0.0268
1.8965	-0.0020	-0.0005	-5.5013	-0.0183
1.8970	-0.0019	-0.0008	-5.5898	-0.0175
1.8975	-0.0021	-0.0028	-5.6056	-0.0203
1.8980	-0.0021	0.0030	-5.5720	-0.0239
1.8985	-0.0020	0.0012	-5.5991	-0.0207
1.8990	-0.0021	-0.0016	-5.6806	-0.0223
1.8995	-0.0023	0.0031	-5.7047	-0.0259
1.9000	-0.0022	0.0016	-5.6738	-0.0229
1.9005	-0.0021	-0.0037	-5.6825	-0.0295
1.9010	-0.0025	-0.0002	-5.7587	-0.0276
1.9015	-0.0023	-0.0011	-5.7936	-0.0280
1.9020	-0.0026	-0.0051	-5.7644	-0.0212
1.9025	-0.0026	-0.0020	-5.7568	-0.0210
1.9030	-0.0021	-0.0053	-5.8246	-0.0237
1.9035	-0.0022	0.0018	-5.8681	-0.0266
1.9040	-0.0024	0.0018	-5.8386	-0.0285
1.9045	-0.0025	0.0012	-5.8195	-0.0265
1.9050	-0.0024	-0.0004	-5.8759	-0.0322
1.9055	-0.0028	0.0024	-5.9232	-0.0306
1.9060	-0.0023	0.0023	-5.8938	-0.0260
1.9065	-0.0027	0.0003	-5.8558	-0.0261
1.9070	-0.0023	0.0006	-5.8957	-0.0221
1.9075	-0.0025	0.0009	-5.9475	-0.0269
1.9080	-0.0028	0.0009	-5.9344	-0.0334
1.9085	-0.0031	-0.0023	-5.8866	-0.0285
1.9090	-0.0025	-0.0011	-5.9009	-0.0282
1.9095	-0.0028	-0.0035	-5.9497	-0.0290
1.9100	-0.0026	0.0025	-5.9473	-0.0300
1.9105	-0.0028	0.0016	-5.8959	-0.0281
1.9110	-0.0028	-0.0008	-5.8893	-0.0338
1.9115	-0.0028	0.0002	-5.9377	-0.0275
1.9120	-0.0028	-0.0020	-5.9542	-0.0251
1.9125	-0.0029	-0.0025	-5.9041	-0.0303
1.9130	-0.0031	-0.0043	-5.8843	-0.0229
1.9135	-0.0028	-0.0001	-5.9194	-0.0289
1.9140	-0.0031	-0.0081	-5.9339	-0.0366
1.9145	-0.0030	-0.0040	-5.8677	-0.0355
1.9150	-0.0030	0.0005	-5.7512	-0.0289
1.9155	-0.0028	-0.0034	-5.7588	-0.0284
1.9160	-0.0035	-0.0002	-5.7736	-0.0247
1.9165	-0.0031	0.0023	-5.7137	-0.0322
1.9170	-0.0030	0.0009	-5.6723	-0.0312
1.9175	-0.0030	-0.0013	-5.7282	-0.0362
1.9180	-0.0029	0.0036	-5.7523	-0.0328
1.9185	-0.0031	-0.0030	-5.6834	-0.0365
1.9190	-0.0028	0.0004	-5.6486	-0.0362
1.9195	-0.0027	-0.0011	-5.6928	-0.0261
1.9200	-0.0032	-0.0041	-5.7209	-0.0341
1.9205	-0.0029	-0.0017	-5.6621	-0.0303
1.9210	-0.0033	-0.0018	-5.6004	-0.0312
1.9215	-0.0033	-0.0038	-5.6328	-0.0317
1.9220	-0.0032	-0.0002	-5.6701	-0.0328
1.9225	-0.0029	-0.0036	-5.6127	-0.0330
1.9230	-0.0035	0.0004	-5.5449	-0.0305
1.9235	-0.0031	-0.0032	-5.5574	-0.0314
1.9240	-0.0029	0.0003	-5.5910	-0.0334
1.9245	-0.0028	-0.0015	-5.5471	-0.0347
1.9250	-0.0035	-0.0026	-5.4679	-0.0320
1.9255	-0.0031	-0.0039	-5.4678	-0.0324
1.9260	-0.0035	-0.0032	-5.4998	-0.0332
1.9265	-0.0032	0.0042	-5.4649	-0.0355
1.9270	-0.0033	0.0005	-5.3851	-0.0315
1.9275	-0.0033	-0.0044	-5.3683	-0.0338
1.9280	-0.0033	-0.0014	-5.3990	-0.0328
1.9285	-0.0030	0.0002	-5.3702	-0.0290
1.9290	-0.0033	0.0001	-5.2835	-0.0325
1.9295	-0.0032	-0.0000	-5.2513	-0.0312
1.9300	-0.0032	0.0021	-5.2790	-0.0382
1.9305	-0.0030	-0.0026	-5.2565	-0.0291
1.9310	-0.0033	-0.0009	-5.1693	-0.0293
1.9315	-0.0031	-0.0001	-5.1202	-0.0353
1.9320	-0.0029	-0.0026	-5.1425	-0.0333
1.9325	-0.0030	0.0027	-5.1313	-0.0374
1.9330	-0.0031	0.0004	-5.0401	-0.0315
1.9335	-0.0028	-0.0030	-4.9740	-0.0324
1.9340	-0.0032	-0.0041	-4.9842	-0.0343
1.9345	-0.0032	-0.0027	-4.9801	-0.0293
1.9350	-0.0030	0.0006	-4.8995	-0.0376
1.9355	-0.0024	-0.0044	-4.8210	-0.0340
1.9360	-0.0032	0.0001	-4.8150	-0.0342
1.9365	-0.0028	0.0003	-4.8197	-0.0314
1.9370	-0.0031	0.0008	-4.7485	-0.0258
1.9375	-0.0029	-0.0004	-4.6581	-0.0278
1.9380	-0.0028	0.0015	-4.6340	-0.0262
1.9385	-0.0029	-0.0020	-4.6380	-0.0316
1.9390	-0.0026	-0.0033	-4.5806	-0.0321
1.9395	-0.0024	-0.0012	-4.4844	-0.0305
1.9400	-0.0033	-0.0035	-4.4446	-0.0261
1.9405	-0.0023	-0.0013	-4.4426	-0.0276
1.9410	-0.0029	0.0005	-4.3980	-0.0301
1.9415	-0.0024	-0.0024	-4.3041	-0.0287
1.9420	-0.0029	-0.0010	-4.2454	-0.0270
1.9425	-0.0026	0.0004	-4.2397	-0.0273
1.9430	-0.0026	-0.0041	-4.2046	-0.0250
1.9435	-0.0025	0.0012	-4.1055	-0.0260
1.9440	-0.0027	-0.0035	-4.0359	-0.0263
1.9445	-0.0027	0.0004	-4.0210	-0.0287
1.9450	-0.0025	-0.0042	-3.9939	-0.0261
1.9455	-0.0023	-0.0015	-3.9006	-0.0237
1.9460	-0.0025	-0.0019	-3.8152	-0.0282
1.9465	-0.0023	0.0001	-3.7935	-0.0294
1.9470	-0.0024	-0.0026	-3.7672	-0.0224
1.9475	-0.0026	0.0009	-3.6820	-0.0258
1.9480	-0.0028	-0.0023	-3.5872	-0.0245
1.9485	-0.0022	-0.0005	-3.5560	-0.0278
1.9490	-0.0024	-0.0002	-3.5322	-0.0234
1.9495	-0.0019	-0.0011	-3.4537	-0.0264
1.9500	-0.0023	-0.0079	-3.3566	-0.0214
1.9505	-0.0022	-0.0047	-3.3056	-0.0235
1.9510	-0.0018	-0.0014	-3.2822	-0.0223
1.9515	-0.0023	0.0025	-3.2138	-0.0232
1.9520	-0.0020	-0.0032	-3.1142	-0.0158
1.9525	-0.0019	0.0024	-3.0541	-0.0282
1.9530	-0.0022	-0.0026	-3.0276	-0.0186
1.9535	-0.0016	0.0021	-2.9639	-0.0204
1.9540	-0.0017	0.0002	-2.8672	-0.0224
1.9545	-0.0020	-0.0022	-2.7939	-0.0151
1.9550	-0.0017	-0.0038	-2.7635	-0.0241
1.9555	-0.0018	0.0006	-2.7104	-0.0258
1.9560	-0.0017	-0.0040	-2.6088	-0.0179
1.9565	-0.0022	0.0001	-2.5303	-0.0177
1.9570	-0.0021	0.0006	-2.4923	-0.0228
1.9575	-0.0015	0.0010	-2.4411	-0.0212
1.9580	-0.0017	-0.0034	-2.3446	-0.0210
1.9585	-0.0015	0.0030	-2.2594	-0.0156
1.9590	-0.0015	-0.0008	-2.2153	-0.0249
1.9595	-0.0014	-0.0029	-2.1669	-0.0138
1.9600	-0.0017	-0.0023	-2.0791	-0.0133
1.9605	-0.0013	-0.0015	-1.9832	-0.0095
1.9610	-0.0012	0.0001	-1.9352	-0.0180
1.9615	-0.0014	-0.0023	-1.8915	-0.0171
1.9620	-0.0017	-0.0018	-1.8034	-0.0148
1.9625	-0.0015	-0.0004	-1.7071	-0.0126
1.9630	-0.0013	-0.0008	-1.6493	-0.0134
1.9635	-0.0007	-0.0029	-1.6054	-0.0140
1.9640	-0.0011	0.0004	-1.5255	-0.0133
1.9645	-0.0013	-0.0012	-1.4310	-0.0182
1.9650	-0.0008	-0.0025	-1.3595	-0.0107
1.9655	-0.0011	-0.0010	-1.3195	-0.0119
1.9660	-0.0012	0.0030	-1.2447	-0.0080
1.9665	-0.0009	0.0019	-1.1461	-0.0148
1.9670	-0.0007	0.0015	-1.0741	-0.0116
1.9675	-0.0008	-0.0052	-1.0280	-0.0118
1.9680	-0.0010	0.0015	-0.9604	-0.0114
1.9685	-0.0004	-0.0002	-0.8632	-0.0058
1.9690	-0.0007	-0.0003	-0.7824	-0.0078
1.9695	-0.0006	-0.0000	-0.7353	-0.0121
1.9700	-0.0007	-0.0003	-0.6704	-0.0041
1.9705	-0.0003	-0.0035	-0.5754	-0.0092
1.9710	-0.0002	0.0004	-0.4925	-0.0030
1.9715	-0.0008	-0.0001	-0.4377	-0.0053
1.9720	-0.0003	-0.0011	-0.3785	-0.0069
1.9725	-0.0002	-0.0058	-0.2915	-0.0093
1.9730	-0.0003	0.0033	-0.2031	0.0029
1.9735	-0.0004	0.0018	-0.1440	-0.0016
1.9740	-0.0006	-0.0010	-0.0866	-0.0026
1.9745	0.0003	-0.0023	-0.0035	-0.0003
1.9750	0.0004	-0.0014	0.0788	-0.0045
1.9755	-0.0002	-0.0007	0.1424	-0.0045
1.9760	0.0002	0.0014	0.1983	-0.0023
1.9765	0.0001	-0.0005	0.2672	-0.0063
1.9770	-0.0001	0.0009	0.3451	0.0043
1.9775	0.0001	-0.0049	0.4169	-0.0040
1.9780	-0.0000	0.0006	0.4989	-0.0011
1.9785	0.0004	0.0001	0.5799	0.0009
1.9790	0.0003	0.0018	0.6395	-0.0022
1.9795	0.0003	0.0004	0.6986	0.0043
1.9800	0.0003	0.0040	0.7812	0.0036
1.9805	0.0009	0.0001	0.8669	0.0076
1.9810	0.0006	-0.0012	0.9258	0.0037
1.9815	0.0007	-0.0008	0.9811	0.0035
1.9820	0.0006	-0.0047	1.0626	0.0069
1.9825	0.0008	-0.0021	1.1502	-0.0034
1.9830	0.0008	-0.0023	1.2102	0.0074
1.9835	0.0009	-0.0015	1.2641	0.0114
1.9840	0.0009	-0.0033	1.3413	0.0016
1.9845	0.0001	-0.0006	1.4320	0.0129
1.9850	0.0012	0.0023	1.4950	0.0001
1.9855	0.0010	-0.0037	1.5441	0.0074
1.9860	0.0006	-0.0017	1.6161	0.0038
1.9865	0.0009	0.0039	1.7035	0.0037
1.9870	0.0008	-0.0016	1.7722	0.0086
1.9875	0.0008	-0.0025	1.8213	0.0099
1.9880	0.0009	-0.0041	1.8886	0.0053
1.9885	0.0011	-0.0016	1.9733	0.0108
1.9890	0.0013	0.0018	2.0351	0.0077
1.9895	0.0010	-0.0014	2.0816	0.0100
1.9900	0.0009	0.0011	2.1295	0.0086
1.9905	0.0010	-0.0026	2.1715	0.0094
1.9910	0.0012	0.0020	2.2939	0.0112
1.9915	0.0007	0.0012	2.4294	0.0112
1.9920	0.0013	-0.0011	2.4486	0.0136
1.9925	0.0012	0.0040	2.4391	0.0102
1.9930	0.0014	-0.0008	2.5440	0.0145
1.9935	0.0012	-0.0061	2.6835	0.0091
1.9940	0.0015	-0.0014	2.7202	0.0110
1.9945	0.0011	0.0002	2.7032	0.0120
1.9950	0.0017	-0.0011	2.7874	0.0181
1.9955	0.0013	0.0001	2.9197	0.0148
1.9960	0.0018	0.0002	2.9668	0.0121
1.9965	0.0010	-0.0023	2.9712	0.0138
1.9970	0.0017	-0.0026	3.0400	0.0071
1.9975	0.0017	-0.0033	3.1619	0.0206
1.9980	0.0015	0.0013	3.2247	0.0118
1.9985	0.0016	0.0028	3.2243	0.0143
1.9990	0.0020	-0.0003	3.2714	0.0160
1.9995	0.0017	-0.0002	3.3907	0.0198
2.0000	0.0018	0.0008	3.4673	0.0196
2.0005	0.0018	-0.0008	3.4647	0.0130
2.0010	0.0016	-0.0011	3.4978	0.0154
2.0015	0.0023	-0.0031	3.6101	0.0176
2.0020	0.0021	0.0034	3.7004	0.0108
2.0025	0.0021	-0.0019	3.7042	0.0192
2.0030	0.0022	-0.0017	3.7195	0.0162
2.0035	0.0021	-0.0017	3.8226	0.0212
2.0040	0.0019	0.0018	3.9202	0.0194
2.0045	0.0023	-0.0000	3.9300	0.0157
2.0050	0.0024	-0.0031	3.9350	0.0169
2.0055	0.0021	-0.0013	4.0220	0.0203
2.0060	0.0024	-0.0026	4.1226	0.0196
2.0065	0.0026	-0.0011	4.1436	0.0285
2.0070	0.0023	0.0004	4.1383	0.0268
2.0075	0.0025	-0.0029	4.2118	0.0218
2.0080	0.0023	-0.0014	4.3158	0.0293
2.0085	0.0026	0.0009	4.3418	0.0222
2.0090	0.0023	-0.0000	4.3304	0.0277
2.0095	0.0025	-0.0004	4.3867	0.0225
2.0100	0.0023	-0.0037	4.4862	0.0194
2.0105	0.0022	-0.0009	4.5265	0.0231
2.0110	0.0028	0.0016	4.5132	0.0242
2.0115	0.0028	-0.0025	4.5545	0.0216
2.0120	0.0027	-0.0027	4.6517	0.0212
2.0125	0.0027	0.0012	4.7025	0.0239
2.0130	0.0031	-0.0005	4.6820	0.0243
2.0135	0.0029	-0.0026	4.7057	0.0252
2.0140	0.0029	-0.0032	4.7940	0.0264
2.0145	0.0031	-0.0003	4.8510	0.0291
2.0150	0.0032	-0.0023	4.8382	0.0253
2.0155	0.0032	-0.0029	4.8485	0.0317
2.0160	0.0033	0.0015	4.9250	0.0265
2.0165	0.0029	-0.0007	4.9791	0.0268
2.0170	0.0035	-0.0002	4.9678	0.0291
2.0175	0.0033	0.0024	4.9536	0.0324
2.0180	0.0033	-0.0038	5.0163	0.0306
2.0185	0.0032	-0.0017	5.0846	0.0309
2.0190	0.0033	0.0036	5.0766	0.0306
2.0195	0.0035	-0.0015	5.0667	0.0315
2.0200	0.0034	0.0044	5.1260	0.0283
2.0205	0.0036	-0.0005	5.1960	0.0304
2.0210	0.0034	0.0013	5.2089	0.0279
2.0215	0.0036	-0.0002	5.1980	0.0408
2.0220	0.0036	0.0036	5.2421	0.0295
2.0225	0.0029	-0.0041	5.3033	0.0346
2.0230	0.0041	-0.0017	5.3214	0.0330
2.0235	0.0038	0.0037	5.3171	0.0281
2.0240	0.0034	0.0003	5.3480	0.0421
2.0245	0.0036	-0.0005	5.4025	0.0320
2.0250	0.0033	0.0017	5.4154	0.0410
2.0255	0.0035	-0.0028	5.4167	0.0409
2.0260	0.0035	-0.0023	5.4509	0.0356
2.0265	0.0041	0.0005	5.5018	0.0395
2.0270	0.0034	0.0004	5.5092	0.0372
2.0275	0.0035	-0.0039	5.5017	0.0326
2.0280	0.0035	-0.0020	5.5280	0.0431
2.0285	0.0043	-0.0014	5.5743	0.0474
2.0290	0.0037	-0.0016	5.5878	0.0397
2.0295	0.0034	-0.0020	5.5696	0.0318
2.0300	0.0044	0.0008	5.5860	0.0392
2.0305	0.0044	-0.0010	5.6320	0.0386
2.0310	0.0039	0.0001	5.6507	0.0355
2.0315	0.0043	-0.0029	5.6280	0.0409
2.0320	0.0041	-0.0029	5.6265	0.0419
2.0325	0.0043	-0.0023	5.6659	0.0408
2.0330	0.0041	-0.0041	5.6834	0.0409
2.0335	0.0042	0.0028	5.6623	0.0422
2.0340	0.0040	0.0005	5.6549	0.0410
2.0345	0.0044	-0.0027	5.6925	0.0449
2.0350	0.0038	-0.0027	5.7142	0.0409
2.0355	0.0043	0.0044	5.6891	0.0470
2.0360	0.0045	-0.0016	5.6712	0.0415
2.0365	0.0040	-0.0029	5.7032	0.0438
2.0370	0.0042	0.0006	5.7255	0.0413
2.0375	0.0037	-0.0032	5.7002	0.0432
2.0380	0.0043	-0.0002	5.6788	0.0444
2.0385	0.0044	-0.0020	5.6918	0.0374
2.0390	0.0041	-0.0017	5.7131	0.0431
2.0395	0.0039	-0.0010	5.6960	0.0361
2.0400	0.0044	-0.0007	5.6653	0.0418
2.0405	0.0045	0.0035	5.6703	0.0359
2.0410	0.0043	0.0010	5.6911	0.0433
2.0415	0.0046	0.0002	5.6750	0.0431
2.0420	0.0043	-0.0037	5.6495	0.0465
2.0425	0.0045	0.0032	5.6441	0.0442
2.0430	0.0044	-0.0004	5.6637	0.0452
2.0435	0.0043	-0.0005	5.6487	0.0469
2.0440	0.0042	-0.0020	5.6074	0.0481
2.0445	0.0047	-0.0009	5.5987	0.0368
2.0450	0.0045	-0.0014	5.6098	0.0443
2.0455	0.0043	-0.0027	5.5949	0.0450
2.0460	0.0045	0.0013	5.5523	0.0451
2.0465	0.0043	-0.0022	5.5303	0.0440
2.0470	0.0046	0.0017	5.5353	0.0394
2.0475	0.0047	-0.0031	5.5217	0.0423
2.0480	0.0048	-0.0013	5.4741	0.0405
2.0485	0.0046	-0.0002	5.4460	0.0433
2.0490	0.0044	-0.0034	5.4470	0.0414
2.0495	0.0044	0.0014	5.4340	0.0461
2.0500	0.0042	-0.0002	5.3904	0.0419
2.0505	0.0043	-0.0037	5.3519	0.0476
2.0510	0.0042	-0.0011	5.3449	0.0426
2.0515	0.0042	-0.0009	5.3343	0.0506
2.0520	0.0044	0.0001	5.2935	0.0435
2.0525	0.0042	-0.0000	5.2520	0.0404
2.0530	0.0043	-0.0021	5.2339	0.0421
2.0535	0.0042	-0.0001	5.2176	0.0425
2.0540	0.0044	0.0004	5.1822	0.0420
2.0545	0.0043	-0.0057	5.1353	0.0502
2.0550	0.0041	0.0040	5.1050	0.0378
2.0555	0.0046	-0.0026	5.0931	0.0449
2.0560	0.0042	0.0004	5.0545	0.0400
2.0565	0.0043	-0.0041	5.0038	0.0434
2.0570	0.0044	-0.0020	4.9669	0.0407
2.0575	0.0044	-0.0002	4.9482	0.0432
2.0580	0.0043	-0.0003	4.9144	0.0384
2.0585	0.0043	-0.0004	4.8582	0.0369
2.0590	0.0045	0.0026	4.8169	0.0389
2.0595	0.0044	0.0004	4.7952	0.0420
2.0600	0.0039	-0.0007	4.7617	0.0368
2.0605	0.0043	0.0004	4.7012	0.0414
2.0610	0.0040	0.0015	4.6521	0.0381
2.0615	0.0043	-0.0039	4.6252	0.0414
2.0620	0.0046	-0.0019	4.5933	0.0460
2.0625	0.0040	-0.0014	4.5338	0.0355
2.0630	0.0040	-0.0050	4.4789	0.0363
2.0635	0.0040	0.0001	4.4454	0.0442
2.0640	0.0040	0.0015	4.4102	0.0391
2.0645	0.0038	-0.0028	4.3486	0.0359
2.0650	0.0041	-0.0038	4.2915	0.0414
2.0655	0.0040	0.0016	4.2542	0.0425
2.0660	0.0040	0.0024	4.2129	0.0374
2.0665	0.0040	-0.0002	4.1552	0.0399
2.0670	0.0043	0.0024	4.0911	0.0443
2.0675	0.0035	0.0001	4.0482	0.0309
2.0680	0.0042	-0.0026	4.0026	0.0343
2.0685	0.0038	-0.0001	3.9466	0.0356
2.0690	0.0038	0.0014	3.8845	0.0379
2.0695	0.0035	0.0011	3.8333	0.0340
2.0700	0.0036	-0.0005	3.7884	0.0351
2.0705	0.0036	-0.0012	3.7350	0.0340
2.0710	0.0034	-0.0026	3.6675	0.0337
2.0715	0.0037	-0.0037	3.6070	0.0350
2.0720	0.0037	-0.0038	3.5608	0.0359
2.0725	0.0037	-0.0032	3.5118	0.0343
2.0730	0.0033	0.0003	3.4450	0.0339
2.0735	0.0035	-0.0019	3.3805	0.0378
2.0740	0.0035	0.0010	3.3323	0.0301
2.0745	0.0033	0.0024	3.2789	0.0381
2.0750	0.0034	-0.0023	3.2120	0.0300
2.0755	0.0035	-0.0032	3.1440	0.0277
2.0760	0.0037	-0.0028	3.0908	0.0310
2.0765	0.0030	0.0032	3.0394	0.0306
2.0770	0.0030	-0.0011	2.9727	0.0361
2.0775	0.0034	0.0021	2.9019	0.0263
2.0780	0.0031	-0.0023	2.8488	0.0345
2.0785	0.0031	-0.0005	2.7924	0.0316
2.0790	0.0032	-0.0036	2.7271	0.0306
2.0795	0.0033	-0.0029	2.6561	0.0352
2.0800	0.0029	-0.0009	2.5944	0.0260
2.0805	0.0029	-0.0019	2.5379	0.0266
2.0810	0.0028	-0.0014	2.4709	0.0333
2.0815	0.0030	0.0037	2.4028	0.0299
2.0820	0.0033	-0.0017	2.3384	0.0287
2.0825	0.0027	-0.0040	2.2777	0.0265
2.0830	0.0029	-0.0031	2.2116	0.0257
2.0835	0.0030	-0.0034	2.1407	0.0263
2.0840	0.0027	0.0013	2.0775	0.0214
2.0845	0.0025	-0.0029	2.0147	0.0234
2.0850	0.0028	-0.0010	1.9465	0.0268
2.0855	0.0022	0.0004	1.8749	0.0234
2.0860	0.0022	-0.0014	1.8136	0.0288
2.0865	0.0020	-0.0005	1.7460	0.0192
2.0870	0.0027	-0.0017	1.6747	0.0172
2.0875	0.0022	-0.0005	1.6052	0.0275
2.0880	0.0019	-0.0037	1.5409	0.0231
2.0885	0.0023	-0.0010	1.4730	0.0229
2.0890	0.0022	-0.0027	1.4032	0.0233
2.0895	0.0026	-0.0023	1.3340	0.0221
2.0900	0.0021	-0.0013	1.2686	0.0229
2.0905	0.0018	0.0021	1.2015	0.0186
2.0910	0.0017	0.0029	1.1280	0.0094
2.0915	0.0015	-0.0038	1.0592	0.0126
2.0920	0.0010	-0.0008	0.9899	0.0094
2.0925	0.0014	-0.0004	0.9235	0.0130
2.0930	0.0021	0.0004	0.8534	0.0143
2.0935	0.0020	0.0015	0.7819	0.0299
2.0940	0.0027	0.0003	0.7146	0.0217
2.0945	0.0020	-0.0022	0.6470	0.0195
2.0950	0.0020	-0.0036	0.5759	0.0193
2.0955	0.0023	0.0016	0.5026	0.0126
2.0960	0.0016	0.0001	0.4384	0.0107
2.0965	0.0018	-0.0037	0.3688	0.0136
2.0970	0.0013	-0.0040	0.3004	0.0101
2.0975	0.0013	-0.0007	0.2270	0.0083
2.0980	0.0015	-0.0022	0.1605	0.0155
2.0985	0.0014	-0.0022	0.0945	0.0172
2.0990	0.0018	-0.0016	0.0267	0.0176
2.0995	0.0016	-0.0031	-0.0287	0.0187
2.1000	0.0014	-0.0026	-0.0643	0.0140
2.1005	0.0013	-0.0035	-0.1528	0.0159
2.1010	0.0012	0.0018	-0.2826	0.0069
2.1015	0.0013	-0.0040	-0.3529	0.0113
2.1020	0.0015	-0.0033	-0.3623	0.0128
2.1025	0.0006	-0.0013	-0.4228	0.0049
2.1030	0.0012	-0.0009	-0.5444	0.0101
2.1035	0.0010	0.0027	-0.6280	0.0093
2.1040	0.0011	0.0029	-0.6444	0.0004
2.1045	0.0012	0.0015	-0.6837	0.0004
2.1050	0.0012	-0.0032	-0.8039	0.0097
2.1055	0.0013	-0.0009	-0.9032	0.0046
2.1060	0.0010	-0.0028	-0.9228	0.0122
2.1065	0.0008	0.0009	-0.9580	0.0053
2.1070	0.0009	0.0021	-1.0717	0.0148
2.1075	0.0008	-0.0017	-1.1762	0.0032
2.1080	0.0010	-0.0008	-1.2056	0.0118
2.1085	0.0009	-0.0033	-1.2283	0.0024
2.1090	0.0006	-0.0020	-1.3308	0.0065
2.1095	0.0008	-0.0001	-1.4443	-0.0038
2.1100	0.0004	-0.0016	-1.4808	-0.0004
2.1105	0.0004	-0.0003	-1.4984	0.0048
2.1110	0.0006	0.0017	-1.5888	0.0045
2.1115	0.0007	-0.0011	-1.7060	0.0038
2.1120	0.0011	-0.0043	-1.7528	0.0041
2.1125	0.0007	-0.0010	-1.7642	0.0035
2.1130	0.0005	-0.0050	-1.8426	0.0003
2.1135	0.0006	0.0015	-1.9618	-0.0015
2.1140	0.0003	0.0012	-2.0217	0.0066
2.1145	0.0009	-0.0005	-2.0119	-0.0012
2.1150	0.0005	-0.0026	-2.0559	0.0018
2.1155	0.0005	0.0026	-2.2138	0.0019
2.1160	0.0004	0.0006	-2.3197	0.0027
2.1165	0.0004	-0.0023	-2.2684	0.0052
2.1170	0.0003	-0.0035	-2.2991	-0.0021
2.1175	0.0005	-0.0005	-2.4883	0.0047
2.1180	0.0003	-0.0038	-2.5944	0.0017
2.1185	0.0003	-0.0005	-2.5401	0.0029
2.1190	0.0004	0.0023	-2.5474	0.0056
2.1195	0.0003	-0.0000	-2.7177	-0.0010
2.1200	0.0003	-0.0031	-2.8446	0.0010
2.1205	0.0001	-0.0004	-2.8092	0.0035
2.1210	-0.0003	0.0005	-2.7897	0.0092
2.1215	-0.0001	0.0017	-2.9358	0.0037
2.1220	-0.0003	-0.0038	-3.0847	-0.0052
2.1225	-0.0001	-0.0017	-3.0729	0.0061
2.1230	-0.0000	-0.0059	-3.0317	-0.0016
2.1235	-0.0001	-0.0011	-3.1523	0.0037
2.1240	0.0001	0.0005	-3.3147	-0.0052
2.1245	-0.0001	-0.0022	-3.3209	-0.0085
2.1250	-0.0004	0.0011	-3.2702	-0.0084
2.1255	-0.0003	0.0021	-3.3658	-0.0021
2.1260	-0.0007	-0.0001	-3.5325	-0.0097
2.1265	0.0001	-0.0050	-3.5635	-0.0059
2.1270	-0.0008	-0.0038	-3.5041	-0.0078
2.1275	-0.0000	-0.0020	-3.5687	-0.0035
2.1280	-0.0003	-0.0053	-3.7368	-0.0026
2.1285	-0.0004	-0.0016	-3.7961	-0.0072
2.1290	-0.0007	-0.0033	-3.7368	-0.0115
2.1295	-0.0008	-0.0038	-3.7706	-0.0076
2.1300	-0.0002	0.0012	-3.9343	-0.0090
2.1305	-0.0011	0.0027	-4.0153	-0.0051
2.1310	-0.0006	0.0017	-3.9632	-0.0105
2.1315	-0.0008	0.0001	-3.9689	-0.0016
2.1320	-0.0006	-0.0038	-4.1118	-0.0082
2.1325	-0.0008	-0.0044	-4.2175	-0.0080
2.1330	-0.0007	0.0001	-4.1747	-0.0099
2.1335	-0.0010	-0.0041	-4.1580	-0.0073
2.1340	-0.0011	-0.0003	-4.2856	-0.0034
2.1345	-0.0013	0.0003	-4.4042	-0.0138
2.1350	-0.0013	-0.0070	-4.3772	-0.0114
2.1355	-0.0013	0.0002	-4.3421	-0.0071
2.1360	-0.0007	0.0012	-4.4472	-0.0117
2.1365	-0.0013	-0.0010	-4.5790	-0.0151
2.1370	-0.0011	-0.0027	-4.5677	-0.0085
2.1375	-0.0012	0.0008	-4.5154	-0.0142
2.1380	-0.0012	0.0005	-4.5955	-0.0188
2.1385	-0.0012	-0.0019	-4.7342	-0.0181
2.1390	-0.0016	0.0042	-4.7416	-0.0167
2.1395	-0.0013	-0.0037	-4.6780	-0.0136
2.1400	-0.0011	-0.0000	-4.7332	-0.0128
2.1405	-0.0013	0.0012	-4.8707	-0.0141
2.1410	-0.0018	-0.0002	-4.9018	-0.0133
2.1415	-0.0017	-0.0033	-4.8333	-0.0192
2.1420	-0.0014	-0.0017	-4.8628	-0.0183
2.1425	-0.0017	-0.0022	-4.9956	-0.0166
2.1430	-0.0017	0.0007	-5.0439	-0.0197
2.1435	-0.0013	-0.0019	-4.9778	-0.0176
2.1440	-0.0017	-0.0029	-4.9866	-0.0165
2.1445	-0.0017	-0.0005	-5.1084	-0.0142
2.1450	-0.0015	0.0012	-5.1736	-0.0100
2.1455	-0.0014	-0.0020	-5.1103	-0.0109
2.1460	-0.0018	0.0012	-5.0912	-0.0217
2.1465	-0.0017	0.0020	-5.2008	-0.0197
2.1470	-0.0018	-0.0026	-5.2792	-0.0201
2.1475	-0.0019	0.0044	-5.2251	-0.0213
2.1480	-0.0017	0.0006	-5.1858	-0.0202
2.1485	-0.0018	-0.0031	-5.2793	-0.0216
2.1490	-0.0016	-0.0018	-5.3676	-0.0180
2.1495	-0.0021	-0.0013	-5.3272	-0.0152
2.1500	-0.0017	-0.0012	-5.2730	-0.0289
2.1505	-0.0022	0.0020	-5.3425	-0.0229
2.1510	-0.0018	0.0001	-5.4428	-0.0240
2.1515	-0.0019	-0.0010	-5.4195	-0.0227
2.1520	-0.0019	0.0011	-5.3523	-0.0202
2.1525	-0.0014	0.0008	-5.3981	-0.0171
2.1530	-0.0023	-0.0017	-5.5001	-0.0162
2.1535	-0.0026	-0.0018	-5.4970	-0.0230
2.1540	-0.0022	-0.0001	-5.4218	-0.0248
2.1545	-0.0024	-0.0008	-5.4373	-0.0259
2.1550	-0.0020	0.0001	-5.5347	-0.0241
2.1555	-0.0028	0.0026	-5.5461	-0.0230
2.1560	-0.0018	-0.0036	-5.4620	-0.0226
2.1565	-0.0022	0.0006	-5.4576	-0.0285
2.1570	-0.0019	-0.0033	-5.5514	-0.0293
2.1575	-0.0024	-0.0038	-5.5799	-0.0279
2.1580	-0.0025	-0.0014	-5.4953	-0.0251
2.1585	-0.0023	0.0020	-5.4611	-0.0226
2.1590	-0.0024	-0.0025	-5.5502	-0.0278
2.1595	-0.0024	0.0028	-5.5938	-0.0261
2.1600	-0.0026	-0.0057	-5.5141	-0.0307
2.1605	-0.0024	-0.0008	-5.4530	-0.0273
2.1610	-0.0027	-0.0016	-5.5303	-0.0306
2.1615	-0.0026	-0.0017	-5.6006	-0.0235
2.1620	-0.0024	-0.0008	-5.5337	-0.0202
2.1625	-0.0022	-0.0024	-5.4531	-0.0232
2.1630	-0.0026	-0.0035	-5.5039	-0.0271
2.1635	-0.0024	-0.0031	-5.5722	-0.0238
2.1640	-0.0025	0.0001	-5.5133	-0.0309
2.1645	-0.0023	-0.0038	-5.3522	-0.0260
2.1650	-0.0028	-0.0005	-5.3459	-0.0273
2.1655	-0.0023	-0.0017	-5.4149	-0.0249
2.1660	-0.0028	0.0033	-5.3729	-0.0315
2.1665	-0.0026	-0.0073	-5.2692	-0.0268
2.1670	-0.0027	-0.0003	-5.2982	-0.0240
2.1675	-0.0026	-0.0034	-5.3946	-0.0269
2.1680	-0.0026	0.0004	-5.3481	-0.0279
2.1685	-0.0027	-0.0005	-5.2448	-0.0317
2.1690	-0.0026	0.0009	-5.2578	-0.0273
2.1695	-0.0027	0.0012	-5.3524	-0.0301
2.1700	-0.0028	-0.0005	-5.3299	-0.0270
2.1705	-0.0026	-0.0020	-5.2155	-0.0279
2.1710	-0.0029	-0.0038	-5.1969	-0.0293
2.1715	-0.0030	-0.0062	-5.2851	-0.0275
2.1720	-0.0025	0.0001	-5.2861	-0.0315
2.1725	-0.0029	0.0009	-5.1736	-0.0281
2.1730	-0.0027	-0.0038	-5.1257	-0.0325
2.1735	-0.0026	-0.0012	-5.2045	-0.0342
2.1740	-0.0027	0.0006	-5.2187	-0.0331
2.1745	-0.0033	-0.0006	-5.1117	-0.0310
2.1750	-0.0029	0.0001	-5.0417	-0.0295
2.1755	-0.0027	0.0009	-5.1083	-0.0309
2.1760	-0.0028	0.0068	-5.1412	-0.0295
2.1765	-0.0032	-0.0017	-5.0381	-0.0281
2.1770	-0.0026	0.0001	-4.9481	-0.0287
2.1775	-0.0028	-0.0004	-4.9938	-0.0312
2.1780	-0.0028	-0.0008	-5.0471	-0.0306
2.1785	-0.0026	-0.0033	-4.9570	-0.0275
2.1790	-0.0031	-0.0030	-4.8517	-0.0242
2.1795	-0.0027	0.0019	-4.8704	-0.0283
2.1800	-0.0024	0.0018	-4.9260	-0.0245
2.1805	-0.0029	-0.0020	-4.8581	-0.0283
2.1810	-0.0026	-0.0004	-4.7395	-0.0216
2.1815	-0.0023	0.0001	-4.7325	-0.0237
2.1820	-0.0027	0.0002	-4.7923	-0.0311
2.1825	-0.0029	-0.0024	-4.7456	-0.0237
2.1830	-0.0027	-0.0017	-4.6219	-0.0285
2.1835	-0.0031	-0.0001	-4.5886	-0.0283
2.1840	-0.0024	-0.0054	-4.6407	-0.0276
2.1845	-0.0026	-0.0022	-4.6140	-0.0320
2.1850	-0.0029	-0.0050	-4.4921	-0.0362
2.1855	-0.0026	0.0021	-4.4304	-0.0271
2.1860	-0.0026	-0.0023	-4.4792	-0.0259
2.1865	-0.0023	-0.0011	-4.4697	-0.0272
2.1870	-0.0027	-0.0002	-4.3493	-0.0186
2.1875	-0.0028	-0.0019	-4.2652	-0.0220
2.1880	-0.0027	0.0021	-4.2995	-0.0296
2.1885	-0.0027	-0.0016	-4.3090	-0.0293
2.1890	-0.0023	0.0009	-4.1940	-0.0292
2.1895	-0.0030	-0.0002	-4.0916	-0.0324
2.1900	-0.0026	0.0016	-4.1053	-0.0248
2.1905	-0.0023	0.0006	-4.1294	-0.0335
2.1910	-0.0025	-0.0024	-4.0309	-0.0303
2.1915	-0.0023	0.0010	-3.9094	-0.0336
2.1920	-0.0025	-0.0000	-3.9051	-0.0269
2.1925	-0.0026	-0.0017	-3.9336	-0.0237
2.1930	-0.0023	-0.0038	-3.8556	-0.0252
2.1935	-0.0025	-0.0005	-3.7256	-0.0284
2.1940	-0.0023	0.0012	-3.6961	-0.0244
2.1945	-0.0020	0.0001	-3.7244	-0.0239
2.1950	-0.0018	-0.0025	-3.6646	-0.0230
2.1955	-0.0026	-0.0005	-3.5310	-0.0243
2.1960	-0.0023	-0.0025	-3.4777	-0.0244
2.1965	-0.0022	-0.0024	-3.5082	-0.0154
2.1970	-0.0021	0.0012	-3.4631	-0.0220
2.1975	-0.0020	-0.0019	-3.3325	-0.0240
2.1980	-0.0019	0.0009	-3.2559	-0.0193
2.1985	-0.0018	-0.0053	-3.2744	-0.0260
2.1990	-0.0017	-0.0014	-3.2509	-0.0221
2.1995	-0.0019	0.0013	-3.1210	-0.0201
2.2000	-0.0021	-0.0027	-3.0271	-0.0190
2.2005	-0.0015	-0.0039	-3.0356	-0.0209
2.2010	-0.0018	-0.0005	-3.0198	-0.0196
2.2015	-0.0019	-0.0026	-2.9076	-0.0133
2.2020	-0.0017	-0.0003	-2.7953	-0.0222
2.2025	-0.0017	0.0009	-2.7888	-0.0145
2.2030	-0.0014	0.0015	-2.7876	-0.0218
2.2035	-0.0020	-0.0008	-2.6825	-0.0151
2.2040	-0.0016	-0.0017	-2.5584	-0.0168
2.2045	-0.0016	-0.0018	-2.5350	-0.0219
2.2050	-0.0014	-0.0020	-2.5386	-0.0139
2.2055	-0.0016	-0.0024	-2.4503	-0.0187
2.2060	-0.0015	-0.0005	-2.3218	-0.0222
2.2065	-0.0016	-0.0036	-2.2770	-0.0185
2.2070	-0.0013	-0.0020	-2.2807	-0.0129
2.2075	-0.0014	0.0003	-2.2061	-0.0119
2.2080	-0.0009	-0.0019	-2.0772	-0.0189
2.2085	-0.0012	-0.0023	-2.0139	-0.0120
2.2090	-0.0009	-0.0036	-2.0164	-0.0188
2.2095	-0.0011	-0.0004	-1.9549	-0.0098
2.2100	-0.0012	-0.0008	-1.8286	-0.0121
2.2105	-0.0011	-0.0017	-1.7527	-0.0102
2.2110	-0.0012	-0.0040	-1.7468	-0.0117
2.2115	-0.0007	0.0021	-1.7014	-0.0140
2.2120	-0.0010	0.0024	-1.5749	-0.0067
2.2125	-0.0009	0.0005	-1.4889	-0.0130
2.2130	-0.0010	-0.0026	-1.4739	-0.0090
2.2135	-0.0011	-0.0007	-1.4371	-0.0139
2.2140	-0.0006	-0.0033	-1.3229	-0.0096
2.2145	-0.0009	-0.0002	-1.2213	-0.0083
2.2150	-0.0011	-0.0000	-1.1964	-0.0089
2.2155	-0.0002	-0.0029	-1.1661	-0.0094
2.2160	-0.0007	0.0006	-1.0652	-0.0120
2.2165	-0.0005	-0.0013	-0.9544	-0.0093
2.2170	-0.0007	-0.0006	-0.9161	-0.0061
2.2175	-0.0006	-0.0017	-0.8930	-0.0031
2.2180	-0.0006	0.0026	-0.8013	-0.0036
2.2185	-0.0004	-0.0030	-0.6887	-0.0108
2.2190	-0.0003	-0.0032	-0.6391	-0.0061
2.2195	-0.0007	0.0034	-0.6155	-0.0004
2.2200	-0.0002	0.0009	-0.5333	-0.0065
2.2205	-0.0007	0.0011	-0.4245	-0.0068
2.2210	-0.0000	-0.0002	-0.3618	-0.0061
2.2215	-0.0004	-0.0005	-0.3345	-0.0062
2.2220	0.0002	0.0020	-0.2648	-0.0058
2.2225	-0.0001	-0.0005	-0.1581	-0.0059
2.2230	0.0003	0.0019	-0.0900	-0.0065
2.2235	-0.0000	0.0002	-0.0558	-0.0014
2.2240	-0.0000	0.0006	0.0042	-0.0027
2.2245	-0.0001	-0.0044	0.0951	-0.0074
2.2250	-0.0002	-0.0035	0.1706	0.0010
2.2255	0.0003	-0.0017	0.2148	-0.0036
2.2260	0.0005	-0.0014	0.2620	-0.0035
2.2265	0.0005	-0.0031	0.3414	0.0016
2.2270	-0.0001	0.0079	0.4335	-0.0024
2.2275	0.0004	-0.0023	0.5060	0.0010
2.2280	0.0003	-0.0041	0.5490	-0.0025
2.2285	0.0005	-0.0002	0.6074	-0.0017
2.2290	0.0002	0.0012	0.6959	0.0006
2.2295	0.0005	-0.0012	0.7704	0.0065
2.2300	0.0005	-0.0034	0.8218	-0.0004
2.2305	0.0005	-0.0020	0.8733	0.0040
2.2310	0.0008	-0.0011	0.9553	0.0010
2.2315	0.0004	-0.0034	1.0375	0.0080
2.2320	0.0008	-0.0033	1.0906	-0.0023
2.2325	0.0009	0.0006	1.1382	-0.0014
2.2330	0.0008	0.0003	1.2133	0.0091
2.2335	0.0010	-0.0035	1.3029	0.0065
2.2340	0.0006	0.0009	1.3569	0.0115
2.2345	0.0008	-0.0030	1.3983	0.0031
2.2350	0.0009	-0.0045	1.4740	0.0058
2.2355	0.0010	-0.0012	1.5588	0.0039
2.2360	0.0010	-0.0030	1.6215	0.0089
2.2365	0.0012	0.0015	1.6591	0.0060
2.2370	0.0010	-0.0010	1.7254	0.0024
2.2375	0.0009	-0.0013	1.8128	0.0073
2.2380	0.0012	-0.0019	1.8756	0.0043
2.2385	0.0009	-0.0001	1.9159	0.0130
2.2390	0.0009	-0.0011	1.9665	0.0080
2.2395	0.0009	-0.0031	2.0462	0.0046
2.2400	0.0010	0.0004	2.0903	0.0084
2.2405	0.0015	0.0022	2.0828	0.0053
2.2410	0.0015	0.0010	2.2241	0.0088
2.2415	0.0012	0.0015	2.3870	0.0051
2.2420	0.0011	-0.0023	2.3805	0.0124
2.2425	0.0014	-0.0046	2.3376	0.0146
2.2430	0.0018	-0.0007	2.4489	0.0052
2.2435	0.0010	0.0018	2.6182	0.0148
2.2440	0.0010	-0.0014	2.6381	0.0120
2.2445	0.0014	-0.0009	2.5880	0.0123
2.2450	0.0011	0.0028	2.6688	0.0080
2.2455	0.0020	-0.0035	2.8425	0.0102
2.2460	0.0010	0.0025	2.8849	0.0103
2.2465	0.0018	-0.0010	2.8325	0.0153
2.2470	0.0014	0.0015	2.8885	0.0159
2.2475	0.0017	-0.0008	3.0562	0.0130
2.2480	0.0014	-0.0001	3.1208	0.0165
2.2485	0.0020	-0.0018	3.0705	0.0173
2.2490	0.0017	0.0012	3.1043	0.0197
2.2495	0.0015	0.0009	3.2604	0.0131
2.2500	0.0016	0.0005	3.3489	0.0164
2.2505	0.0022	-0.0011	3.3032	0.0155
2.2510	0.0016	0.0021	3.3096	0.0173
2.2515	0.0020	0.0006	3.4516	0.0113
2.2520	0.0018	-0.0033	3.5585	0.0184
2.2525	0.0017	-0.0014	3.5278	0.0205
2.2530	0.0018	-0.0025	3.5122	0.0249
2.2535	0.0024	0.0025	3.6391	0.0245
2.2540	0.0018	-0.0032	3.7590	0.0234
2.2545	0.0023	-0.0042	3.7379	0.0233
2.2550	0.0021	-0.0053	3.7069	0.0171
2.2555	0.0020	-0.0022	3.8130	0.0213
2.2560	0.0024	-0.0014	3.9418	0.0270
2.2565	0.0024	-0.0007	3.9398	0.0237
2.2570	0.0025	0.0026	3.8938	0.0265
2.2575	0.0028	-0.0025	3.9765	0.0205
2.2580	0.0022	0.0004	4.1133	0.0212
2.2585	0.0026	-0.0046	4.1272	0.0197
2.2590	0.0023	-0.0077	4.0744	0.0238
2.2595	0.0026	0.0006	4.1351	0.0296
2.2600	0.0029	-0.0030	4.2701	0.0281
2.2605	0.0025	0.0006	4.3034	0.0171
2.2610	0.0026	0.0020	4.2451	0.0119
2.2615	0.0027	-0.0047	4.2766	0.0273
2.2620	0.0027	0.0015	4.4084	0.0289
2.2625	0.0026	0.0019	4.4626	0.0245
2.2630	0.0026	0.0002	4.4081	0.0196
2.2635	0.0028	-0.0017	4.4112	0.0265
2.2640	0.0027	-0.0008	4.5257	0.0288
2.2645	0.0029	-0.0042	4.5906	0.0283
2.2650	0.0033	0.0012	4.5362	0.0284
2.2655	0.0031	-0.0032	4.5161	0.0285
2.2660	0.0032	-0.0010	4.6185	0.0346
2.2665	0.0031	-0.0029	4.7098	0.0329
2.2670	0.0028	0.0022	4.6677	0.0248
2.2675	0.0031	-0.0036	4.6376	0.0241
2.2680	0.0028	0.0019	4.7202	0.0252
2.2685	0.0033	-0.0011	4.8170	0.0271
2.2690	0.0029	0.0049	4.8005	0.0259
2.2695	0.0032	-0.0041	4.7601	0.0239
2.2700	0.0036	-0.0014	4.8280	0.0232
2.2705	0.0034	0.0020	4.9229	0.0288
2.2710	0.0031	0.0013	4.9220	0.0297
2.2715	0.0031	0.0024	4.8837	0.0310
2.2720	0.0032	-0.0020	4.9269	0.0404
2.2725	0.0034	0.0002	5.0222	0.0287
2.2730	0.0034	-0.0023	5.0295	0.0317
2.2735	0.0036	0.0036	4.9771	0.0329
2.2740	0.0036	-0.0014	5.0119	0.0319
2.2745	0.0034	-0.0037	5.1180	0.0360
2.2750	0.0033	-0.0044	5.1378	0.0331
2.2755	0.0033	0.0033	5.0753	0.0341
2.2760	0.0040	-0.0044	5.0872	0.0306
2.2765	0.0039	0.0021	5.1881	0.0285
2.2770	0.0036	-0.0015	5.2231	0.0316
2.2775	0.0036	-0.0032	5.1621	0.0326
2.2780	0.0037	-0.0010	5.1464	0.0328
2.2785	0.0037	-0.0009	5.2377	0.0315
2.2790	0.0031	-0.0021	5.2894	0.0296
2.2795	0.0037	-0.0017	5.2362	0.0348
2.2800	0.0041	-0.0014	5.2030	0.0370
2.2805	0.0032	0.0007	5.2725	0.0403
2.2810	0.0039	-0.0006	5.3306	0.0390
2.2815	0.0035	0.0013	5.2856	0.0420
2.2820	0.0040	0.0011	5.2353	0.0431
2.2825	0.0035	-0.0059	5.2891	0.0370
2.2830	0.0037	-0.0011	5.3636	0.0324
2.2835	0.0036	0.0001	5.3311	0.0352
2.2840	0.0040	-0.0012	5.2661	0.0305
2.2845	0.0035	0.0018	5.2972	0.0378
2.2850	0.0036	0.0001	5.3740	0.0362
2.2855	0.0038	0.0001	5.3587	0.0347
2.2860	0.0038	0.0019	5.2841	0.0388
2.2865	0.0037	-0.0008	5.2946	0.0416
2.2870	0.0039	-0.0002	5.3737	0.0324
2.2875	0.0040	-0.0026	5.3650	0.0392
2.2880	0.0040	0.0015	5.2874	0.0382
2.2885	0.0045	-0.0040	5.2765	0.0384
2.2890	0.0044	-0.0041	5.3475	0.0376
2.2895	0.0037	-0.0022	5.3578	0.0372
2.2900	0.0038	-0.0014	5.2806	0.0389
2.2905	0.0043	-0.0016	5.2484	0.0387
2.2910	0.0040	-0.0006	5.3163	0.0349
2.2915	0.0036	0.0017	5.3415	0.0388
2.2920	0.0041	0.0013	5.2680	0.0361
2.2925	0.0038	-0.0028	5.2207	0.0349
2.2930	0.0039	-0.0032	5.2674	0.0322
2.2935	0.0039	-0.0035	5.3040	0.0364
2.2940	0.0038	-0.0026	5.2370	0.0374
2.2945	0.0040	0.0005	5.1739	0.0472
2.2950	0.0042	0.0007	5.2016	0.0363
2.2955	0.0041	-0.0005	5.2410	0.0429
2.2960	0.0044	-0.0023	5.1849	0.0419
2.2965	0.0040	-0.0009	5.1073	0.0391
2.2970	0.0042	0.0024	5.1200	0.0372
2.2975	0.0041	-0.0017	5.1581	0.0407
2.2980	0.0041	0.0001	5.1152	0.0436
2.2985	0.0041	-0.0035	5.0342	0.0339
2.2990	0.0041	0.0036	5.0247	0.0411
2.2995	0.0045	-0.0016	5.0662	0.0390
2.3000	0.0040	-0.0001	5.0350	0.0382
2.3005	0.0040	-0.0043	4.9497	0.0339
2.3010	0.0037	0.0012	4.9245	0.0394
2.3015	0.0042	-0.0005	4.9594	0.0410
2.3020	0.0041	0.0011	4.9410	0.0376
2.3025	0.0041	-0.0020	4.8564	0.0310
2.3030	0.0041	0.0009	4.8144	0.0414
2.3035	0.0040	0.0053	4.8414	0.0330
2.3040	0.0043	-0.0050	4.8327	0.0401
2.3045	0.0039	-0.0026	4.7499	0.0319
2.3050	0.0040	0.0042	4.6920	0.0419
2.3055	0.0037	-0.0002	4.7111	0.0372
2.3060	0.0036	0.0029	4.7090	0.0388
2.3065	0.0040	-0.0011	4.6285	0.0345
2.3070	0.0040	0.0010	4.5603	0.0352
2.3075	0.0043	-0.0015	4.5647	0.0411
2.3080	0.0040	0.0020	4.5701	0.0357
2.3085	0.0040	-0.0013	4.4984	0.0416
2.3090	0.0039	0.0010	4.4175	0.0320
2.3095	0.0033	-0.0021	4.4092	0.0343
2.3100	0.0039	-0.0007	4.4178	0.0382
2.3105	0.0040	-0.0002	4.3562	0.0373
2.3110	0.0034	-0.0032	4.2639	0.0338
2.3115	0.0037	-0.0010	4.2407	0.0355
2.3120	0.0035	-0.0017	4.2543	0.0362
2.3125	0.0034	0.0044	4.2003	0.0307
2.3130	0.0034	0.0017	4.1031	0.0345
2.3135	0.0040	-0.0023	4.0653	0.0371
2.3140	0.0038	0.0005	4.0718	0.0318
2.3145	0.0037	-0.0017	4.0306	0.0401
2.3150	0.0032	0.0013	3.9294	0.0266
2.3155	0.0037	0.0039	3.8741	0.0381
2.3160	0.0037	-0.0001	3.8794	0.0379
2.3165	0.0033	-0.0027	3.8462	0.0372
2.3170	0.0039	-0.0011	3.7473	0.0348
2.3175	0.0033	0.0021	3.6777	0.0349
2.3180	0.0035	-0.0050	3.6736	0.0281
2.3185	0.0032	-0.0017	3.6500	0.0360
2.3190	0.0034	-0.0016	3.5553	0.0336
2.3195	0.0033	0.0002	3.4726	0.0350
2.3200	0.0035	-0.0011	3.4588	0.0314
2.3205	0.0034	-0.0048	3.4440	0.0291
2.3210	0.0035	-0.0009	3.3581	0.0275
2.3215	0.0035	-0.0016	3.2666	0.0343
2.3220	0.0033	-0.0008	3.2393	0.0293
2.3225	0.0028	-0.0012	3.2309	0.0307
2.3230	0.0033	-0.0036	3.1534	0.0293
2.3235	0.0033	-0.0053	3.0527	0.0252
2.3240	0.0031	0.0005	3.0131	0.0276
2.3245	0.0032	0.0009	3.0063	0.0316
2.3250	0.0030	-0.0026	2.9415	0.0266
2.3255	0.0027	-0.0006	2.8367	0.0273
2.3260	0.0026	0.0024	2.7841	0.0268
2.3265	0.0033	-0.0004	2.7748	0.0243
2.3270	0.0031	-0.0024	2.7182	0.0268
2.3275	0.0026	-0.0008	2.6147	0.0328
2.3280	0.0030	-0.0035	2.5488	0.0276
2.3285	0.0029	-0.0052	2.5333	0.0269
2.3290	0.0028	-0.0025	2.4896	0.0176
2.3295	0.0025	-0.0023	2.3872	0.0233
2.3300	0.0029	-0.0008	2.3079	0.0243
2.3305	0.0025	-0.0029	2.2846	0.0278
2.3310	0.0029	-0.0013	2.2494	0.0280
2.3315	0.0026	-0.0005	2.1545	0.0229
2.3320	0.0024	-0.0035	2.0663	0.0263
2.3325	0.0023	0.0009	2.0324	0.0236
2.3330	0.0026	-0.0018	2.0015	0.0252
2.3335	0.0023	-0.0017	1.9116	0.0176
2.3340	0.0025	-0.0005	1.8172	0.0248
2.3345	0.0020	-0.0007	1.7783	0.0227
2.3350	0.0024	-0.0076	1.7473	0.0179
2.3355	0.0022	-0.0020	1.6686	0.0177
2.3360	0.0024	-0.0005	1.5665	0.0205
2.3365	0.0021	-0.0038	1.5173	0.0150
2.3370	0.0022	0.0026	1.4913	0.0176
2.3375	0.0018	0.0001	1.4209	0.0221
2.3380	0.0024	-0.0023	1.3163	0.0181
2.3385	0.0017	-0.0055	1.2552	0.0221
2.3390	0.0023	-0.0016	1.2286	0.0191
2.3395	0.0019	-0.0016	1.1645	0.0222
2.3400	0.0019	-0.0046	1.0649	0.0259
2.3405	0.0021	-0.0019	0.9953	0.0193
2.3410	0.0018	-0.0005	0.9651	0.0152
2.3415	0.0018	-0.0024	0.9066	0.0143
2.3420	0.0018	-0.0032	0.8134	0.0100
2.3425	0.0017	-0.0014	0.7346	0.0183
2.3430	0.0018	-0.0044	0.6972	0.0135
2.3435	0.0017	0.0021	0.6461	0.0124
2.3440	0.0018	-0.0006	0.5558	0.0163
2.3445	0.0020	0.0012	0.4767	0.0108
2.3450	0.0014	-0.0035	0.4316	0.0172
2.3455	0.0015	-0.0017	0.3830	0.0154
2.3460	0.0011	0.0022	0.3043	0.0108
2.3465	0.0011	0.0001	0.2205	0.0151
2.3470	0.0012	0.0021	0.1703	0.0069
2.3475	0.0011	-0.0061	0.1198	0.0101
2.3480	0.0013	-0.0012	0.0488	0.0131
2.3485	0.0015	0.0026	-0.0171	0.0160
2.3490	0.0013	-0.0007	-0.0439	0.0105
2.3495	0.0011	-0.0002	-0.1054	0.0117
2.3500	0.0010	-0.0033	-0.2318	0.0110
2.3505	0.0009	-0.0018	-0.3236	0.0117
2.3510	0.0014	-0.0047	-0.3310	0.0115
2.3515	0.0009	0.0004	-0.3653	0.0146
2.3520	0.0009	0.0025	-0.4775	0.0088
2.3525	0.0005	0.0036	-0.5776	0.0053
2.3530	0.0009	0.0050	-0.5956	0.0078
2.3535	0.0010	0.0009	-0.6192	0.0128
2.3540	0.0008	0.0011	-0.7204	0.0007
2.3545	0.0006	0.0009	-0.8275	0.0019
2.3550	0.0008	-0.0039	-0.8623	0.0094
2.3555	0.0015	0.0017	-0.8776	0.0019
2.3560	0.0005	-0.0010	-0.9695	0.0052
2.3565	0.0013	-0.0016	-1.0861	0.0083
2.3570	0.0005	-0.0032	-1.1260	0.0089
2.3575	0.0007	0.0008	-1.1353	0.0045
2.3580	0.0005	-0.0038	-1.2146	0.0017
2.3585	0.0004	-0.0011	-1.3344	0.0067
2.3590	0.0004	-0.0033	-1.3855	0.0103
2.3595	0.0007	0.0046	-1.3920	-0.0020
2.3600	0.0005	-0.0031	-1.4574	0.0063
2.3605	0.0005	0.0015	-1.5791	-0.0014
2.3610	0.0003	-0.0001	-1.6434	0.0093
2.3615	0.0007	-0.0020	-1.6459	0.0049
2.3620	0.0007	-0.0018	-1.6991	0.0087
2.3625	0.0005	0.0009	-1.8158	0.0048
2.3630	0.0008	0.0026	-1.8915	0.0055
2.3635	0.0003	-0.0025	-1.8987	0.0024
2.3640	0.0008	0.0035	-1.9264	0.0042
2.3645	0.0004	0.0002	-2.0131	0.0037
2.3650	0.0003	-0.0005	-2.1191	0.0071
2.3655	-0.0000	0.0031	-2.1833	0.0006
2.3660	0.0004	-0.0023	-2.1694	0.0035
2.3665	0.0003	-0.0001	-2.2279	0.0003
2.3670	0.0003	-0.0002	-2.3805	0.0028
2.3675	0.0006	0.0008	-2.4467	0.0031
2.3680	0.0006	-0.0010	-2.4103	-0.0002
2.3685	0.0003	-0.0046	-2.4507	-0.0065
2.3690	0.0002	-0.0008	-2.5997	-0.0001
2.3695	-0.0002	0.0018	-2.6864	-0.0011
2.3700	0.0002	-0.0013	-2.6563	-0.0040
2.3705	-0.0002	-0.0031	-2.6742	0.0000
2.3710	0.0002	0.0023	-2.8108	-0.0016
2.3715	0.0001	0.0045	-2.9153	-0.0095
2.3720	-0.0000	0.0021	-2.8969	-0.0036
2.3725	-0.0003	-0.0011	-2.8952	-0.0042
2.3730	0.0002	0.0002	-3.0143	-0.0061
2.3735	0.0001	-0.0040	-3.1340	-0.0046
2.3740	-0.0002	-0.0018	-3.1308	-0.0027
2.3745	-0.0005	-0.0031	-3.1156	-0.0052
2.3750	-0.0001	-0.0002	-3.2125	-0.0027
2.3755	0.0002	-0.0017	-3.3391	-0.0028
2.3760	-0.0003	-0.0003	-3.3541	-0.0019
2.3765	-0.0003	0.0007	-3.3298	-0.0042
2.3770	-0.0004	0.0017	-3.4094	-0.0036
2.3775	-0.0001	0.0009	-3.5334	-0.0045
2.3780	-0.0004	0.0005	-3.5677	-0.0042
2.3785	-0.0005	-0.0019	-3.5380	-0.0046
2.3790	0.0000	0.0039	-3.5939	-0.0115
2.3795	-0.0005	-0.0020	-3.7215	-0.0031
2.3800	-0.0004	-0.0009	-3.7714	-0.0090
2.3805	-0.0003	-0.0029	-3.7412	-0.0085
2.3810	-0.0006	0.0030	-3.7764	-0.0079
2.3815	-0.0005	-0.0006	-3.8917	-0.0134
2.3820	-0.0006	-0.0002	-3.9587	-0.0074
2.3825	-0.0008	0.0008	-3.9349	-0.0139
2.3830	-0.0008	0.0009	-3.9501	-0.0109
2.3835	-0.0011	-0.0038	-4.0576	-0.0094
2.3840	-0.0012	-0.0008	-4.1345	-0.0098
2.3845	-0.0005	-0.0008	-4.1136	-0.0065
2.3850	-0.0013	-0.0022	-4.1127	-0.0104
2.3855	-0.0006	0.0012	-4.2061	-0.0038
2.3860	-0.0010	0.0012	-4.2929	-0.0106
2.3865	-0.0007	-0.0053	-4.2834	-0.0179
2.3870	-0.0008	0.0016	-4.2646	-0.0123
2.3875	-0.0012	0.0001	-4.3481	-0.0161
2.3880	-0.0014	-0.0040	-4.4409	-0.0137
2.3885	-0.0011	-0.0033	-4.4419	-0.0127
2.3890	-0.0017	-0.0027	-4.4134	-0.0135
2.3895	-0.0014	-0.0020	-4.4754	-0.0116
2.3900	-0.0015	-0.0010	-4.5740	-0.0159
2.3905	-0.0008	-0.0008	-4.5855	-0.0147
2.3910	-0.0013	-0.0000	-4.5516	-0.0154
2.3915	-0.0014	0.0030	-4.5954	-0.0136
2.3920	-0.0019	0.0018	-4.6984	-0.0189
2.3925	-0.0011	-0.0019	-4.7239	-0.0170
2.3930	-0.0016	0.0018	-4.6821	-0.0162
2.3935	-0.0016	-0.0024	-4.7026	-0.0162
2.3940	-0.0017	0.0006	-4.8010	-0.0156
2.3945	-0.0018	0.0009	-4.8416	-0.0243
2.3950	-0.0013	-0.0029	-4.7988	-0.0168
2.3955	-0.0019	-0.0013	-4.7955	-0.0118
2.3960	-0.0016	-0.0010	-4.8820	-0.0187
2.3965	-0.0018	-0.0017	-4.9422	-0.0203
2.3970	-0.0017	0.0012	-4.9032	-0.0146
2.3975	-0.0017	-0.0009	-4.8817	-0.0185
2.3980	-0.0023	-0.0014	-4.9577	-0.0178
2.3985	-0.0018	0.0018	-5.0244	-0.0217
2.3990	-0.0018	0.0025	-4.9973	-0.0216
2.3995	-0.0022	-0.0006	-4.9620	-0.0248
2.4000	-0.0018	-0.0017	-5.0226	-0.0128
2.4005	-0.0015	-0.0008	-5.0954	-0.0199
2.4010	-0.0017	-0.0034	-5.0762	-0.0210
2.4015	-0.0021	0.0021	-5.0329	-0.0218
2.4020	-0.0017	-0.0015	-5.0751	-0.0196
2.4025	-0.0020	-0.0058	-5.1476	-0.0249
2.4030	-0.0019	-0.0003	-5.1403	-0.0282
2.4035	-0.0022	-0.0012	-5.0871	-0.0253
2.4040	-0.0019	0.0021	-5.1087	-0.0199
2.4045	-0.0018	0.0024	-5.1762	-0.0281
2.4050	-0.0021	0.0009	-5.1772	-0.0228
2.4055	-0.0025	0.0028	-5.1270	-0.0227
2.4060	-0.0021	0.0001	-5.1305	-0.0274
2.4065	-0.0023	-0.0021	-5.1930	-0.0224
2.4070	-0.0020	-0.0020	-5.2023	-0.0241
2.4075	-0.0022	-0.0012	-5.1488	-0.0187
2.4080	-0.0021	-0.0009	-5.1342	-0.0227
2.4085	-0.0023	0.0014	-5.1916	-0.0269
2.4090	-0.0026	-0.0016	-5.2118	-0.0279
2.4095	-0.0025	-0.0018	-5.1557	-0.0230
2.4100	-0.0026	0.0024	-5.1319	-0.0207
2.4105	-0.0026	0.0021	-5.1861	-0.0234
2.4110	-0.0020	0.0006	-5.2172	-0.0239
2.4115	-0.0021	-0.0011	-5.1640	-0.0219
2.4120	-0.0025	0.0037	-5.1263	-0.0243
2.4125	-0.0021	-0.0022	-5.1544	-0.0255
2.4130	-0.0027	0.0022	-5.1958	-0.0294
2.4135	-0.0023	0.0024	-5.1224	-0.0252
2.4140	-0.0027	-0.0002	-4.9960	-0.0209
2.4145	-0.0025	-0.0027	-5.0130	-0.0186
2.4150	-0.0025	0.0024	-5.0391	-0.0255
2.4155	-0.0023	-0.0019	-5.0074	-0.0232
2.4160	-0.0023	-0.0038	-4.9441	-0.0200
2.4165	-0.0023	0.0022	-4.9724	-0.0284
2.4170	-0.0023	0.0007	-5.0255	-0.0245
2.4175	-0.0025	-0.0023	-4.9787	-0.0264
2.4180	-0.0028	0.0012	-4.9174	-0.0300
2.4185	-0.0028	0.0001	-4.9357	-0.0323
2.4190	-0.0021	0.0037	-4.9868	-0.0253
2.4195	-0.0023	0.0002	-4.9532	-0.0224
2.4200	-0.0027	-0.0005	-4.8813	-0.0293
2.4205	-0.0023	-0.0011	-4.8759	-0.0294
2.4210	-0.0024	-0.0049	-4.9257	-0.0261
2.4215	-0.0028	-0.0044	-4.9101	-0.0285
2.4220	-0.0022	-0.0022	-4.8264	-0.0275
2.4225	-0.0024	0.0001	-4.8080	-0.0262
2.4230	-0.0024	-0.0020	-4.8540	-0.0287
2.4235	-0.0020	-0.0038	-4.8471	-0.0199
2.4240	-0.0031	0.0009	-4.7607	-0.0344
2.4245	-0.0025	-0.0002	-4.7215	-0.0261
2.4250	-0.0025	0.0007	-4.7644	-0.0212
2.4255	-0.0022	-0.0026	-4.7663	-0.0287
2.4260	-0.0024	-0.0050	-4.6869	-0.0280
2.4265	-0.0021	-0.0001	-4.6318	-0.0222
2.4270	-0.0024	-0.0023	-4.6590	-0.0279
2.4275	-0.0021	-0.0032	-4.6753	-0.0231
2.4280	-0.0023	-0.0019	-4.6062	-0.0232
2.4285	-0.0024	-0.0000	-4.5357	-0.0281
2.4290	-0.0024	-0.0014	-4.5453	-0.0335
2.4295	-0.0021	-0.0017	-4.5665	-0.0210
2.4300	-0.0022	0.0015	-4.5054	-0.0269
2.4305	-0.0023	-0.0017	-4.4233	-0.0251
2.4310	-0.0023	0.0013	-4.4242	-0.0270
2.4315	-0.0022	-0.0028	-4.4462	-0.0304
2.4320	-0.0023	-0.0012	-4.3900	-0.0187
2.4325	-0.0022	-0.0010	-4.3021	-0.0293
2.4330	-0.0025	-0.0005	-4.2892	-0.0262
2.4335	-0.0024	-0.0035	-4.3125	-0.0223
2.4340	-0.0026	-0.0017	-4.2677	-0.0265
2.4345	-0.0023	-0.0032	-4.1731	-0.0253
2.4350	-0.0022	-0.0020	-4.1359	-0.0240
2.4355	-0.0021	0.0025	-4.1582	-0.0283
2.4360	-0.0023	0.0040	-4.1248	-0.0185
2.4365	-0.0021	-0.0013	-4.0298	-0.0247
2.4370	-0.0016	0.0023	-3.9805	-0.0230
2.4375	-0.0020	-0.0012	-3.9961	-0.0235
2.4380	-0.0023	-0.0008	-3.9704	-0.0211
2.4385	-0.0026	-0.0002	-3.8736	-0.0243
2.4390	-0.0025	0.0041	-3.8129	-0.0227
2.4395	-0.0021	-0.0039	-3.8230	-0.0198
2.4400	-0.0024	-0.0034	-3.8044	-0.0251
2.4405	-0.0019	0.0038	-3.7144	-0.0227
2.4410	-0.0018	-0.0024	-3.6369	-0.0207
2.4415	-0.0024	-0.0035	-3.6342	-0.0235
2.4420	-0.0019	0.0027	-3.6253	-0.0292
2.4425	-0.0021	0.0004	-3.5440	-0.0187
2.4430	-0.0020	-0.0008	-3.4519	-0.0172
2.4435	-0.0019	-0.0056	-3.4374	-0.0255
2.4440	-0.0017	-0.0023	-3.4359	-0.0256
2.4445	-0.0020	0.0016	-3.3603	-0.0237
2.4450	-0.0020	-0.0034	-3.2655	-0.0172
2.4455	-0.0020	-0.0027	-3.2349	-0.0223
2.4460	-0.0013	-0.0001	-3.2361	-0.0178
2.4465	-0.0017	0.0022	-3.1720	-0.0152
2.4470	-0.0019	-0.0010	-3.0679	-0.0190
2.4475	-0.0017	-0.0025	-3.0260	-0.0226
2.4480	-0.0018	0.0034	-3.0234	-0.0191
2.4485	-0.0020	-0.0026	-2.9746	-0.0158
2.4490	-0.0014	-0.0024	-2.8679	-0.0167
2.4495	-0.0021	0.0030	-2.8098	-0.0222
2.4500	-0.0014	-0.0032	-2.8021	-0.0193
2.4505	-0.0016	-0.0026	-2.7591	-0.0162
2.4510	-0.0017	-0.0015	-2.6611	-0.0202
2.4515	-0.0017	-0.0017	-2.5886	-0.0175
2.4520	-0.0009	-0.0048	-2.5748	-0.0149
2.4525	-0.0016	0.0014	-2.5408	-0.0115
2.4530	-0.0013	-0.0020	-2.4423	-0.0146
2.4535	-0.0013	0.0051	-2.3641	-0.0173
2.4540	-0.0014	-0.0032	-2.3414	-0.0139
2.4545	-0.0016	0.0002	-2.3102	-0.0192
2.4550	-0.0015	-0.0089	-2.2212	-0.0127
2.4555	-0.0018	0.0005	-2.1328	-0.0169
2.4560	-0.0012	-0.0001	-2.0994	-0.0181
2.4565	-0.0015	0.0001	-2.0750	-0.0129
2.4570	-0.0016	0.0010	-1.9942	-0.0084
2.4575	-0.0013	-0.0020	-1.8974	-0.0076
2.4580	-0.0012	0.0021	-1.8523	-0.0107
2.4585	-0.0009	-0.0015	-1.8297	-0.0108
2.4590	-0.0014	0.0023	-1.7573	-0.0119
2.4595	-0.0010	0.0025	-1.6564	-0.0092
2.4600	-0.0007	-0.0008	-1.6046	-0.0072
2.4605	-0.0008	-0.0019	-1.5797	-0.0138
2.4610	-0.0009	-0.0035	-1.5158	-0.0118
2.4615	-0.0011	-0.0007	-1.4168	-0.0137
2.4620	-0.0009	0.0015	-1.3548	-0.0147
2.4625	-0.0011	0.0022	-1.3282	-0.0108
2.4630	-0.0007	-0.0015	-1.2702	-0.0068
2.4635	-0.0004	-0.0017	-1.1741	-0.0093
2.4640	-0.0004	-0.0032	-1.0993	-0.0119
2.4645	-0.0003	-0.0020	-1.0707	-0.0087
2.4650	-0.0004	-0.0058	-1.0197	-0.0034
2.4655	-0.0008	-0.0038	-0.9270	-0.0100
2.4660	-0.0005	0.0030	-0.8464	-0.0020
2.4665	-0.0001	-0.0046	-0.8110	-0.0053
2.4670	-0.0003	-0.0019	-0.7654	-0.0082
2.4675	-0.0003	-0.0001	-0.6798	-0.0042
2.4680	-0.0005	-0.0024	-0.5955	-0.0051
2.4685	-0.0005	-0.0027	-0.5537	-0.0065
2.4690	-0.0000	-0.0052	-0.5071	-0.0059
2.4695	-0.0003	-0.0001	-0.4288	0.0007
2.4700	0.0000	0.0016	-0.3410	0.0036
2.4705	0.0001	0.0026	-0.2943	-0.0045
2.4710	-0.0002	-0.0003	-0.2502	-0.0022
2.4715	-0.0004	-0.0023	-0.1776	-0.0001
2.4720	-0.0001	-0.0007	-0.0930	0.0039
2.4725	-0.0000	-0.0004	-0.0375	-0.0021
2.4730	-0.0003	0.0022	0.0050	0.0042
2.4735	0.0002	0.0005	0.0670	0.0004
2.4740	0.0001	-0.0036	0.1494	-0.0031
2.4745	0.0003	0.0006	0.2159	-0.0007
2.4750	0.0005	-0.0030	0.2539	-0.0011
2.4755	0.0003	-0.0024	0.3034	0.0008
2.4760	-0.0001	-0.0011	0.3940	0.0025
2.4765	0.0002	-0.0013	0.4803	0.0012
2.4770	0.0001	0.0036	0.5238	0.0110
2.4775	0.0007	-0.0026	0.5573	0.0027
2.4780	0.0006	-0.0026	0.6352	0.0019
2.4785	0.0009	-0.0014	0.7273	0.0077
2.4790	0.0005	-0.0016	0.7821	0.0105
2.4795	0.0007	-0.0032	0.8130	0.0047
2.4800	0.0005	0.0021	0.8806	-0.0028
2.4805	0.0008	-0.0061	0.9749	0.0012
2.4810	0.0004	0.0004	1.0366	0.0027
2.4815	0.0007	0.0028	1.0622	0.0099
2.4820	0.0006	0.0005	1.1192	0.0057
2.4825	0.0007	-0.0023	1.2163	0.0057
2.4830	0.0009	-0.0005	1.2847	0.0091
2.4835	0.0007	-0.0017	1.3148	0.0088
2.4840	0.0008	0.0006	1.3649	0.0042
2.4845	0.0007	0.0015	1.4551	0.0050
2.4850	0.0013	-0.0002	1.5297	0.0090
2.4855	0.0008	-0.0035	1.5611	0.0121
2.4860	0.0011	-0.0023	1.6020	0.0060
2.4865	0.0010	-0.0006	1.6879	0.0154
2.4870	0.0009	0.0019	1.7721	0.0125
2.4875	0.0009	-0.0036	1.8015	0.0048
2.4880	0.0012	0.0012	1.8406	0.0087
2.4885	0.0009	-0.0010	1.9017	0.0111
2.4890	0.0014	-0.0023	1.9816	0.0082
2.4895	0.0010	0.0015	1.9962	0.0051
2.4900	0.0013	-0.0002	1.9904	0.0105
2.4905	0.0012	-0.0021	2.1572	0.0109
2.4910	0.0013	-0.0017	2.3118	0.0070
2.4915	0.0012	-0.0014	2.2713	0.0100
2.4920	0.0014	-0.0038	2.2216	0.0111
2.4925	0.0015	-0.0038	2.3620	0.0107
2.4930	0.0013	-0.0005	2.5293	0.0100
2.4935	0.0013	-0.0002	2.5175	0.0091
2.4940	0.0012	-0.0008	2.4528	0.0150
2.4945	0.0015	-0.0027	2.5610	0.0113
2.4950	0.0015	-0.0007	2.7373	0.0076
2.4955	0.0017	-0.0037	2.7563	0.0090
2.4960	0.0016	0.0004	2.6811	0.0197
2.4965	0.0015	-0.0041	2.7555	0.0093
2.4970	0.0017	-0.0011	2.9339	0.0134
2.4975	0.0018	0.0015	2.9791	0.0177
2.4980	0.0018	-0.0026	2.9038	0.0092
2.4985	0.0016	0.0001	2.9439	0.0182
2.4990	0.0016	-0.0011	3.1208	0.0131
2.4995	0.0018	-0.0025	3.1948	0.0130
2.5000	0.0017	-0.0029	3.1211	0.0143
2.5005	0.0018	0.0003	3.1335	0.0161
2.5010	0.0020	-0.0032	3.2934	0.0190
2.5015	0.0020	-0.0032	3.3927	0.0179
2.5020	0.0020	-0.0027	3.3336	0.0210
2.5025	0.0020	-0.0017	3.3133	0.0173
2.5030	0.0020	-0.0038	3.4569	0.0233
2.5035	0.0020	-0.0013	3.5739	0.0200
2.5040	0.0017	-0.0028	3.5322	0.0194
2.5045	0.0020	0.0014	3.4934	0.0244
2.5050	0.0022	-0.0002	3.6095	0.0173
2.5055	0.0018	-0.0039	3.7467	0.0197
2.5060	0.0019	0.0055	3.7246	0.0162
2.5065	0.0025	0.0032	3.6735	0.0196
2.5070	0.0022	0.0010	3.7633	0.0242
2.5075	0.0023	-0.0008	3.9018	0.0191
2.5080	0.0024	-0.0018	3.8994	0.0250
2.5085	0.0023	-0.0010	3.8340	0.0235
2.5090	0.0025	0.0012	3.8988	0.0260
2.5095	0.0023	-0.0003	4.0449	0.0231
2.5100	0.0023	0.0038	4.0650	0.0215
2.5105	0.0024	-0.0009	3.9910	0.0271
2.5110	0.0024	-0.0003	4.0264	0.0192
2.5115	0.0025	-0.0005	4.1632	0.0266
2.5120	0.0027	0.0026	4.1973	0.0237
2.5125	0.0029	-0.0007	4.1263	0.0293
2.5130	0.0025	0.0021	4.1300	0.0229
2.5135	0.0023	-0.0014	4.2608	0.0217
2.5140	0.0028	-0.0023	4.3248	0.0237
2.5145	0.0026	0.0001	4.2538	0.0248
2.5150	0.0025	-0.0006	4.2469	0.0205
2.5155	0.0027	0.0029	4.3588	0.0229
2.5160	0.0027	0.0007	4.4451	0.0294
2.5165	0.0028	-0.0001	4.3947	0.0249
2.5170	0.0028	0.0004	4.3668	0.0239
2.5175	0.0028	0.0014	4.4651	0.0269
2.5180	0.0031	0.0002	4.5568	0.0274
2.5185	0.0027	-0.0026	4.5209	0.0321
2.5190	0.0028	-0.0060	4.4793	0.0320
2.5195	0.0030	-0.0031	4.5645	0.0246
2.5200	0.0030	0.0009	4.6642	0.0289
2.5205	0.0029	-0.0032	4.6376	0.0252
2.5210	0.0031	0.0005	4.5860	0.0350
2.5215	0.0028	-0.0007	4.6398	0.0259
2.5220	0.0032	-0.0003	4.7494	0.0302
2.5225	0.0034	-0.0005	4.7531	0.0336
2.5230	0.0033	-0.0007	4.6907	0.0286
2.5235	0.0033	0.0001	4.7122	0.0319
2.5240	0.0028	-0.0004	4.8203	0.0319
2.5245	0.0034	-0.0023	4.8457	0.0286
2.5250	0.0031	-0.0011	4.7773	0.0315
2.5255	0.0039	-0.0007	4.7799	0.0223
2.5260	0.0031	-0.0028	4.8807	0.0311
2.5265	0.0038	0.0005	4.9172	0.0274
2.5270	0.0032	-0.0011	4.8549	0.0308
2.5275	0.0035	0.0010	4.8359	0.0286
2.5280	0.0036	-0.0006	4.9225	0.0309
2.5285	0.0033	-0.0030	4.9773	0.0297
2.5290	0.0038	0.0007	4.9167	0.0333
2.5295	0.0034	-0.0025	4.8747	0.0347
2.5300	0.0039	-0.0017	4.9483	0.0326
2.5305	0.0035	-0.0030	5.0130	0.0322
2.5310	0.0037	0.0025	4.9626	0.0318
2.5315	0.0035	-0.0008	4.9099	0.0306
2.5320	0.0031	0.0003	4.9684	0.0321
2.5325	0.0038	-0.0011	5.0395	0.0357
2.5330	0.0033	-0.0000	4.9983	0.0400
2.5335	0.0035	-0.0013	4.9319	0.0332
2.5340	0.0036	0.0013	4.9706	0.0319
2.5345	0.0037	-0.0029	5.0488	0.0314
2.5350	0.0040	-0.0002	5.0248	0.0343
2.5355	0.0036	0.0013	4.9461	0.0337
2.5360	0.0038	-0.0027	4.9637	0.0339
2.5365	0.0035	-0.0020	5.0426	0.0369
2.5370	0.0039	0.0016	5.0262	0.0341
2.5375	0.0038	0.0027	4.9459	0.0395
2.5380	0.0037	-0.0030	4.9414	0.0337
2.5385	0.0041	-0.0034	5.0140	0.0408
2.5390	0.0034	-0.0012	5.0178	0.0409
2.5395	0.0035	-0.0007	4.9352	0.0352
2.5400	0.0037	0.0015	4.9120	0.0394
2.5405	0.0036	0.0009	4.9821	0.0317
2.5410	0.0037	0.0012	4.9972	0.0381
2.5415	0.0041	-0.0023	4.9205	0.0371
2.5420	0.0036	-0.0002	4.8771	0.0403
2.5425	0.0038	-0.0035	4.9291	0.0393
2.5430	0.0036	-0.0011	4.9592	0.0399
2.5435	0.0037	-0.0027	4.8879	0.0329
2.5440	0.0037	-0.0036	4.8288	0.0370
2.5445	0.0040	0.0001	4.8654	0.0349
2.5450	0.0038	-0.0003	4.8994	0.0351
2.5455	0.0035	0.0021	4.8354	0.0352
2.5460	0.0038	-0.0039	4.7644	0.0319
2.5465	0.0030	0.0006	4.7826	0.0348
2.5470	0.0039	-0.0008	4.8225	0.0345
2.5475	0.0038	-0.0007	4.7688	0.0390
2.5480	0.0038	-0.0011	4.6881	0.0389
2.5485	0.0035	-0.0041	4.6887	0.0333
2.5490	0.0036	-0.0019	4.7315	0.0381
2.5495	0.0039	-0.0030	4.6926	0.0342
2.5500	0.0037	0.0008	4.6041	0.0326
2.5505	0.0033	0.0002	4.5900	0.0332
2.5510	0.0035	0.0010	4.6285	0.0373
2.5515	0.0034	-0.0017	4.5989	0.0327
2.5520	0.0034	-0.0029	4.5117	0.0364
2.5525	0.0037	0.0033	4.4834	0.0340
2.5530	0.0037	0.0007	4.5147	0.0331
2.5535	0.0034	-0.0072	4.5024	0.0395
2.5540	0.0035	-0.0012	4.4081	0.0351
2.5545	0.0037	-0.0055	4.3616	0.0351
2.5550	0.0037	-0.0000	4.3893	0.0389
2.5555	0.0035	0.0006	4.3856	0.0355
2.5560	0.0038	-0.0008	4.2975	0.0317
2.5565	0.0036	0.0011	4.2339	0.0350
2.5570	0.0034	-0.0035	4.2490	0.0362
2.5575	0.0036	0.0006	4.2544	0.0339
2.5580	0.0030	-0.0020	4.1704	0.0374
2.5585	0.0031	-0.0004	4.0956	0.0331
2.5590	0.0034	-0.0011	4.0951	0.0341
2.5595	0.0034	0.0006	4.1102	0.0370
2.5600	0.0032	0.0007	4.0363	0.0295
2.5605	0.0034	-0.0011	3.9490	0.0319
2.5610	0.0033	-0.0007	3.9361	0.0325
2.5615	0.0032	-0.0019	3.9494	0.0322
2.5620	0.0034	-0.0016	3.8871	0.0353
2.5625	0.0033	0.0008	3.7922	0.0286
2.5630	0.0035	-0.0011	3.7682	0.0352
2.5635	0.0030	-0.0003	3.7770	0.0331
2.5640	0.0032	-0.0039	3.7269	0.0368
2.5645	0.0036	0.0015	3.6290	0.0320
2.5650	0.0037	-0.0011	3.5889	0.0312
2.5655	0.0031	-0.0007	3.5968	0.0284
2.5660	0.0030	0.0004	3.5543	0.0316
2.5665	0.0032	-0.0046	3.4544	0.0321
2.5670	0.0037	-0.0046	3.3969	0.0307
2.5675	0.0032	0.0005	3.4015	0.0355
2.5680	0.0030	-0.0026	3.3719	0.0307
2.5685	0.0034	0.0009	3.2755	0.0280
2.5690	0.0030	-0.0005	3.2050	0.0336
2.5695	0.0032	0.0001	3.1988	0.0288
2.5700	0.0032	0.0015	3.1790	0.0276
2.5705	0.0026	0.0025	3.0889	0.0371
2.5710	0.0029	-0.0008	3.0040	0.0295
2.5715	0.0027	-0.0035	2.9908	0.0341
2.5720	0.0028	-0.0002	2.9766	0.0239
2.5725	0.0029	-0.0021	2.8938	0.0320
2.5730	0.0028	0.0004	2.8046	0.0280
2.5735	0.0025	0.0013	2.7736	0.0257
2.5740	0.0023	-0.0033	2.7636	0.0253
2.5745	0.0026	0.0004	2.6921	0.0284
2.5750	0.0024	-0.0049	2.6000	0.0186
2.5755	0.0026	-0.0043	2.5568	0.0213
2.5760	0.0027	-0.0002	2.5462	0.0260
2.5765	0.0026	0.0001	2.4837	0.0301
2.5770	0.0026	-0.0009	2.3847	0.0263
2.5775	0.0026	0.0018	2.3343	0.0262
2.5780	0.0022	-0.0014	2.3208	0.0175
2.5785	0.0026	-0.0038	2.2699	0.0244
2.5790	0.0027	0.0014	2.1716	0.0279
2.5795	0.0025	-0.0003	2.1063	0.0243
2.5800	0.0029	-0.0029	2.0882	0.0239
2.5805	0.0026	-0.0016	2.0413	0.0196
2.5810	0.0026	-0.0008	1.9483	0.0191
2.5815	0.0027	0.0023	1.8737	0.0234
2.5820	0.0023	-0.0014	1.8482	0.0213
2.5825	0.0022	0.0009	1.8078	0.0217
2.5830	0.0020	-0.0008	1.7202	0.0179
2.5835	0.0024	0.0006	1.6395	0.0170
2.5840	0.0024	-0.0007	1.6075	0.0221
2.5845	0.0020	0.0004	1.5691	0.0197
2.5850	0.0020	-0.0037	1.4877	0.0243
2.5855	0.0023	-0.0005	1.4028	0.0183
2.5860	0.0022	-0.0028	1.3635	0.0226
2.5865	0.0019	0.0006	1.3278	0.0249
2.5870	0.0020	-0.0017	1.2526	0.0222
2.5875	0.0016	-0.0018	1.1619	0.0206
2.5880	0.0018	-0.0006	1.1185	0.0170
2.5885	0.0020	-0.0024	1.0832	0.0140
2.5890	0.0022	-0.0013	1.0125	0.0227
2.5895	0.0016	-0.0042	0.9218	0.0194
2.5900	0.0017	-0.0021	0.8692	0.0235
2.5905	0.0020	-0.0007	0.8333	0.0140
2.5910	0.0018	0.0024	0.7712	0.0186
2.5915	0.0017	-0.0017	0.6858	0.0148
2.5920	0.0021	-0.0006	0.6200	0.0171
2.5925	0.0016	-0.0011	0.5826	0.0134
2.5930	0.0014	-0.0010	0.5280	0.0070
2.5935	0.0012	-0.0008	0.4427	0.0175
2.5940	0.0013	-0.0002	0.3757	0.0169
2.5945	0.0012	-0.0015	0.3329	0.0136
2.5950	0.0015	-0.0033	0.2817	0.0104
2.5955	0.0011	-0.0006	0.2048	0.0160
2.5960	0.0015	0.0020	0.1335	0.0145
2.5965	0.0017	0.0034	0.0854	0.0141
2.5970	0.0009	-0.0032	0.0384	0.0102
2.5975	0.0012	-0.0008	-0.0202	0.0179
2.5980	0.0012	0.0012	-0.0588	0.0111
2.5985	0.0010	-0.0014	-0.1242	0.0086
2.5990	0.0014	-0.0010	-0.2405	0.0119
2.5995	0.0011	0.0009	-0.3092	0.0131
2.6000	0.0013	-0.0005	-0.3197	0.0151
2.6005	0.0008	-0.0018	-0.3666	0.0119
2.6010	0.0011	0.0001	-0.4734	0.0090
2.6015	0.0011	-0.0029	-0.5550	0.0038
2.6020	0.0012	-0.0016	-0.5680	0.0082
2.6025	0.0009	-0.0007	-0.6054	0.0059
2.6030	0.0009	0.0001	-0.7049	0.0036
2.6035	0.0011	-0.0005	-0.7855	0.0111
2.6040	0.0009	-0.0035	-0.8115	0.0031
2.6045	0.0013	-0.0016	-0.8458	0.0101
2.6050	0.0008	-0.0039	-0.9389	0.0047
2.6055	0.0009	-0.0014	-1.0327	0.0071
2.6060	0.0005	-0.0041	-1.0649	0.0016
2.6065	0.0007	0.0046	-1.0833	0.0035
2.6070	0.0008	-0.0035	-1.1716	-0.0005
2.6075	0.0007	-0.0005	-1.2693	0.0051
2.6080	0.0009	-0.0019	-1.3064	0.0003
2.6085	0.0011	-0.0028	-1.3250	0.0061
2.6090	0.0005	0.0023	-1.3987	0.0042
2.6095	0.0003	0.0012	-1.5026	0.0081
2.6100	0.0007	-0.0002	-1.5462	-0.0002
2.6105	0.0005	-0.0003	-1.5599	-0.0003
2.6110	0.0005	-0.0079	-1.6230	0.0014
2.6115	0.0004	0.0006	-1.7259	0.0048
2.6120	0.0004	-0.0065	-1.7816	0.0061
2.6125	0.0005	-0.0031	-1.7937	0.0012
2.6130	0.0004	-0.0014	-1.8473	-0.0003
2.6135	0.0007	0.0015	-1.9271	0.0019
2.6140	-0.0000	-0.0005	-1.9779	0.0008
2.6145	0.0009	-0.0054	-2.0279	0.0069
2.6150	0.0001	0.0005	-2.1056	0.0058
2.6155	0.0002	0.0001	-2.1442	-0.0043
2.6160	0.0005	-0.0034	-2.1921	0.0028
2.6165	0.0002	-0.0009	-2.2825	-0.0022
2.6170	0.0001	-0.0014	-2.3399	-0.0026
2.6175	-0.0000	-0.0006	-2.3600	0.0016
2.6180	0.0000	-0.0002	-2.4086	-0.0055
2.6185	-0.0000	-0.0047	-2.4915	-0.0004
2.6190	0.0002	0.0009	-2.5561	0.0017
2.6195	0.0000	-0.0011	-2.5794	0.0029
2.6200	0.0001	0.0003	-2.6188	-0.0012
2.6205	-0.0002	0.0005	-2.7001	-0.0045
2.6210	-0.0001	0.0006	-2.7696	-0.0066
2.6215	0.0003	-0.0024	-2.7935	-0.0043
2.6220	-0.0002	-0.0029	-2.8242	0.0007
2.6225	-0.0004	-0.0021	-2.8986	-0.0061
2.6230	-0.0003	-0.0014	-2.9707	-0.0043
2.6235	0.0000	-0.0040	-3.0001	-0.0028
2.6240	-0.0001	0.0018	-3.0235	-0.0045
2.6245	-0.0002	-0.0008	-3.0925	-0.0047
2.6250	-0.0004	-0.0029	-3.1655	-0.0071
2.6255	0.0002	-0.0032	-3.1991	-0.0022
2.6260	-0.0003	-0.0000	-3.2203	0.0005
2.6265	-0.0006	0.0026	-3.2789	-0.0012
2.6270	-0.0002	-0.0013	-3.3535	0.0009
2.6275	-0.0002	-0.0032	-3.3897	-0.0038
2.6280	-0.0002	-0.0002	-3.4042	-0.0019
2.6285	-0.0005	-0.0002	-3.4557	-0.0055
2.6290	-0.0006	-0.0037	-3.5296	-0.0069
2.6295	-0.0006	0.0010	-3.5713	-0.0077
2.6300	-0.0007	-0.0004	-3.5854	-0.0086
2.6305	-0.0005	-0.0034	-3.6254	-0.0067
2.6310	-0.0008	-0.0000	-3.6947	-0.0063
2.6315	-0.0008	0.0001	-3.7387	-0.0105
2.6320	-0.0006	-0.0007	-3.7529	-0.0077
2.6325	-0.0007	0.0032	-3.7846	-0.0072
2.6330	-0.0004	0.0032	-3.8521	-0.0080
2.6335	-0.0013	0.0039	-3.8996	-0.0123
2.6340	-0.0009	0.0004	-3.9101	-0.0048
2.6345	-0.0009	0.0009	-3.9364	-0.0089
2.6350	-0.0004	-0.0022	-3.9980	-0.0080
2.6355	-0.0010	0.0024	-4.0460	-0.0139
2.6360	-0.0007	-0.0008	-4.0605	-0.0140
2.6365	-0.0008	-0.0030	-4.0776	-0.0123
2.6370	-0.0010	0.0001	-4.1305	-0.0198
2.6375	-0.0013	-0.0016	-4.1817	-0.0087
2.6380	-0.0009	-0.0033	-4.1987	-0.0134
2.6385	-0.0011	-0.0048	-4.2070	-0.0114
2.6390	-0.0009	-0.0005	-4.2546	-0.0130
2.6395	-0.0010	0.0018	-4.3105	-0.0146
2.6400	-0.0013	-0.0006	-4.3290	-0.0134
2.6405	-0.0008	-0.0002	-4.3325	-0.0139
2.6410	-0.0010	-0.0038	-4.3686	-0.0068
2.6415	-0.0012	-0.0013	-4.4205	-0.0145
2.6420	-0.0011	0.0035	-4.4435	-0.0138
2.6425	-0.0013	-0.0002	-4.4408	-0.0181
2.6430	-0.0013	0.0061	-4.4676	-0.0165
2.6435	-0.0012	-0.0008	-4.5175	-0.0195
2.6440	-0.0012	0.0009	-4.5446	-0.0069
2.6445	-0.0012	-0.0052	-4.5394	-0.0129
2.6450	-0.0009	-0.0007	-4.5540	-0.0177
2.6455	-0.0017	-0.0082	-4.6012	-0.0154
2.6460	-0.0016	-0.0031	-4.6325	-0.0140
2.6465	-0.0016	0.0014	-4.6278	-0.0193
2.6470	-0.0017	-0.0023	-4.6354	-0.0145
2.6475	-0.0014	-0.0017	-4.6772	-0.0167
2.6480	-0.0017	-0.0008	-4.7123	-0.0154
2.6485	-0.0013	-0.0030	-4.7073	-0.0219
2.6490	-0.0020	-0.0012	-4.7035	-0.0140
2.6495	-0.0016	0.0006	-4.7388	-0.0159
2.6500	-0.0014	0.0029	-4.7739	-0.0191
2.6505	-0.0016	-0.0016	-4.7724	-0.0169
2.6510	-0.0017	0.0006	-4.7624	-0.0252
2.6515	-0.0018	-0.0013	-4.7849	-0.0196
2.6520	-0.0018	-0.0031	-4.8206	-0.0218
2.6525	-0.0019	-0.0008	-4.8185	-0.0170
2.6530	-0.0017	-0.0015	-4.7983	-0.0227
2.6535	-0.0017	0.0027	-4.8181	-0.0227
2.6540	-0.0015	-0.0072	-4.8486	-0.0186
2.6545	-0.0013	-0.0011	-4.8507	-0.0178
2.6550	-0.0016	-0.0016	-4.8281	-0.0206
2.6555	-0.0021	-0.0038	-4.8294	-0.0210
2.6560	-0.0020	-0.0004	-4.8627	-0.0232
2.6565	-0.0019	-0.0041	-4.8693	-0.0217
2.6570	-0.0016	-0.0036	-4.8427	-0.0240
2.6575	-0.0024	0.0026	-4.8336	-0.0213
2.6580	-0.0017	-0.0014	-4.8609	-0.0253
2.6585	-0.0022	0.0012	-4.8751	-0.0199
2.6590	-0.0020	0.0001	-4.8525	-0.0202
2.6595	-0.0017	-0.0013	-4.8370	-0.0227
2.6600	-0.0018	-0.0002	-4.8572	-0.0224
2.6605	-0.0018	-0.0008	-4.8751	-0.0144
2.6610	-0.0019	0.0010	-4.8479	-0.0216
2.6615	-0.0016	0.0010	-4.8174	-0.0164
2.6620	-0.0022	-0.0005	-4.8249	-0.0219
2.6625	-0.0023	-0.0005	-4.8085	-0.0336
2.6630	-0.0021	-0.0005	-4.7256	-0.0140
2.6635	-0.0023	0.0007	-4.6911	-0.0240
2.6640	-0.0020	-0.0011	-4.6823	-0.0271
2.6645	-0.0019	-0.0006	-4.6980	-0.0227
2.6650	-0.0020	-0.0016	-4.6821	-0.0249
2.6655	-0.0016	-0.0017	-4.6571	-0.0211
2.6660	-0.0018	0.0015	-4.6699	-0.0220
2.6665	-0.0022	-0.0031	-4.6684	-0.0175
2.6670	-0.0021	-0.0007	-4.6478	-0.0239
2.6675	-0.0021	-0.0005	-4.6273	-0.0266
2.6680	-0.0020	-0.0008	-4.6298	-0.0258
2.6685	-0.0020	0.0022	-4.6310	-0.0253
2.6690	-0.0025	-0.0025	-4.6101	-0.0228
2.6695	-0.0024	0.0021	-4.5839	-0.0220
2.6700	-0.0020	-0.0023	-4.5761	-0.0210
2.6705	-0.0020	-0.0018	-4.5779	-0.0252
2.6710	-0.0024	0.0019	-4.5580	-0.0250
2.6715	-0.0022	0.0031	-4.5245	-0.0272
2.6720	-0.0021	-0.0010	-4.5097	-0.0243
2.6725	-0.0021	-0.0005	-4.5121	-0.0249
2.6730	-0.0020	0.0035	-4.4904	-0.0218
2.6735	-0.0022	-0.0017	-4.4537	-0.0253
2.6740	-0.0023	-0.0017	-4.4296	-0.0216
2.6745	-0.0020	-0.0008	-4.4255	-0.0241
2.6750	-0.0024	0.0004	-4.4129	-0.0243
2.6755	-0.0023	0.0006	-4.3716	-0.0262
2.6760	-0.0022	-0.0017	-4.3415	-0.0218
2.6765	-0.0024	0.0001	-4.3336	-0.0228
2.6770	-0.0020	-0.0017	-4.3197	-0.0239
2.6775	-0.0019	0.0014	-4.2817	-0.0202
2.6780	-0.0023	-0.0033	-4.2459	-0.0287
2.6785	-0.0020	0.0004	-4.2343	-0.0217
2.6790	-0.0018	0.0023	-4.2170	-0.0196
2.6795	-0.0019	-0.0015	-4.1766	-0.0290
2.6800	-0.0021	-0.0001	-4.1360	-0.0254
2.6805	-0.0020	-0.0038	-4.1155	-0.0202
2.6810	-0.0017	0.0001	-4.1015	-0.0239
2.6815	-0.0021	0.0006	-4.0639	-0.0199
2.6820	-0.0021	-0.0008	-4.0148	-0.0210
2.6825	-0.0024	-0.0021	-3.9861	-0.0217
2.6830	-0.0023	0.0030	-3.9733	-0.0250
2.6835	-0.0023	0.0021	-3.9398	-0.0214
2.6840	-0.0019	0.0012	-3.8894	-0.0256
2.6845	-0.0025	0.0011	-3.8514	-0.0204
2.6850	-0.0020	-0.0008	-3.8323	-0.0176
2.6855	-0.0021	-0.0011	-3.7982	-0.0198
2.6860	-0.0021	-0.0007	-3.7420	-0.0234
2.6865	-0.0018	-0.0002	-3.7050	-0.0198
2.6870	-0.0018	-0.0016	-3.6769	-0.0218
2.6875	-0.0020	-0.0008	-3.6474	-0.0221
2.6880	-0.0015	0.0036	-3.5959	-0.0172
2.6885	-0.0017	-0.0070	-3.5477	-0.0287
2.6890	-0.0017	0.0001	-3.5117	-0.0189
2.6895	-0.0019	-0.0017	-3.4817	-0.0171
2.6900	-0.0021	-0.0015	-3.4334	-0.0206
2.6905	-0.0019	0.0036	-3.3812	-0.0187
2.6910	-0.0016	-0.0015	-3.3443	-0.0211
2.6915	-0.0020	-0.0009	-3.3086	-0.0265
2.6920	-0.0015	-0.0011	-3.2636	-0.0152
2.6925	-0.0018	-0.0002	-3.2037	-0.0230
2.6930	-0.0019	-0.0039	-3.1588	-0.0239
2.6935	-0.0019	0.0020	-3.1307	-0.0209
2.6940	-0.0023	-0.0002	-3.0823	-0.0166
2.6945	-0.0016	0.0025	-3.0210	-0.0193
2.6950	-0.0016	-0.0016	-2.9721	-0.0140
2.6955	-0.0020	0.0009	-2.9389	-0.0180
2.6960	-0.0014	-0.0036	-2.8950	-0.0212
2.6965	-0.0023	0.0024	-2.8356	-0.0188
2.6970	-0.0018	-0.0038	-2.7790	-0.0191
2.6975	-0.0015	-0.0009	-2.7411	-0.0130
2.6980	-0.0014	0.0010	-2.6984	-0.0222
2.6985	-0.0015	-0.0008	-2.6408	-0.0166
2.6990	-0.0011	-0.0003	-2.5805	-0.0178
2.6995	-0.0013	-0.0019	-2.5383	-0.0141
2.7000	-0.0010	0.0006	-2.4974	-0.0175
2.7005	-0.0015	0.0019	-2.4388	-0.0180
2.7010	-0.0013	-0.0007	-2.3758	-0.0168
2.7015	-0.0015	-0.0010	-2.3295	-0.0114
2.7020	-0.0012	-0.0000	-2.2840	-0.0149
2.7025	-0.0009	0.0009	-2.2290	-0.0148
2.7030	-0.0013	0.0012	-2.1646	-0.0134
2.7035	-0.0013	-0.0038	-2.1119	-0.0095
2.7040	-0.0013	0.0021	-2.0676	-0.0119
2.7045	-0.0012	0.0001	-2.0092	-0.0109
2.7050	-0.0009	0.0024	-1.9428	-0.0185
2.7055	-0.0013	-0.0040	-1.8920	-0.0164
2.7060	-0.0012	0.0036	-1.8442	-0.0138
2.7065	-0.0011	0.0015	-1.7853	-0.0099
2.7070	-0.0007	-0.0026	-1.7207	-0.0129
2.7075	-0.0009	0.0036	-1.6637	-0.0115
2.7080	-0.0009	0.0006	-1.6158	-0.0083
2.7085	-0.0011	0.0004	-1.5567	-0.0147
2.7090	-0.0012	0.0004	-1.4921	-0.0120
2.7095	-0.0008	0.0008	-1.4303	-0.0111
2.7100	-0.0009	-0.0001	-1.3836	-0.0096
2.7105	-0.0009	0.0012	-1.3290	-0.0120
2.7110	-0.0005	-0.0023	-1.2600	-0.0130
2.7115	-0.0008	-0.0006	-1.1953	-0.0014
2.7120	-0.0003	0.0010	-1.1459	-0.0073
2.7125	-0.0004	-0.0005	-1.0898	-0.0044
2.7130	-0.0003	0.0006	-1.0272	-0.0077
2.7135	-0.0003	-0.0006	-0.9597	-0.0055
2.7140	-0.0007	-0.0018	-0.9070	-0.0030
2.7145	-0.0007	-0.0003	-0.8532	-0.0010
2.7150	-0.0004	-0.0000	-0.7870	-0.0108
2.7155	-0.0004	0.0004	-0.7216	0.0003
2.7160	-0.0004	0.0002	-0.6682	0.0004
2.7165	-0.0001	0.0037	-0.6158	-0.0053
2.7170	-0.0004	-0.0011	-0.5514	-0.0073
2.7175	-0.0004	0.0003	-0.4872	0.0026
2.7180	0.0000	-0.0035	-0.4254	-0.0065
2.7185	-0.0001	-0.0014	-0.3722	-0.0038
2.7190	-0.0004	0.0020	-0.3108	-0.0013
2.7195	0.0001	0.0020	-0.2443	-0.0024
2.7200	0.0001	0.0002	-0.1860	0.0056
2.7205	0.0001	0.0012	-0.1333	-0.0010
2.7210	0.0000	-0.0013	-0.0730	-0.0076
2.7215	-0.0004	0.0022	-0.0114	0.0004
2.7220	-0.0003	-0.0032	0.0441	0.0053
2.7225	0.0000	0.0009	0.0981	0.0003
2.7230	0.0004	0.0035	0.1659	0.0006
2.7235	0.0002	0.0024	0.2231	0.0056
2.7240	0.0003	0.0032	0.2640	0.0000
2.7245	0.0006	-0.0011	0.3216	-0.0035
2.7250	0.0008	-0.0036	0.4035	-0.0010
2.7255	0.0004	-0.0016	0.4725	0.0012
2.7260	0.0006	-0.0014	0.5152	0.0005
2.7265	0.0005	0.0014	0.5585	0.0021
2.7270	0.0007	-0.0053	0.6328	0.0015
2.7275	0.0009	-0.0021	0.7107	0.0072
2.7280	0.0009	0.0048	0.7552	0.0027
2.7285	0.0012	-0.0000	0.7927	0.0014
2.7290	0.0006	-0.0009	0.8644	0.0069
2.7295	0.0012	0.0010	0.9426	0.0059
2.7300	0.0003	-0.0035	0.9934	0.0068
2.7305	0.0008	0.0015	1.0270	0.0069
2.7310	0.0008	0.0001	1.0891	0.0017
2.7315	0.0007	-0.0004	1.1723	0.0087
2.7320	0.0008	-0.0004	1.2308	0.0088
2.7325	0.0003	0.0015	1.2603	0.0037
2.7330	0.0007	-0.0033	1.3178	0.0059
2.7335	0.0009	-0.0014	1.3976	-0.0007
2.7340	0.0007	-0.0017	1.4590	0.0052
2.7345	0.0008	-0.0012	1.4906	0.0115
2.7350	0.0009	0.0011	1.5389	0.0065
2.7355	0.0009	0.0015	1.6187	0.0030
2.7360	0.0010	-0.0049	1.6867	0.0048
2.7365	0.0008	-0.0009	1.7169	0.0117
2.7370	0.0010	-0.0053	1.7602	0.0132
2.7375	0.0011	-0.0004	1.8248	0.0051
2.7380	0.0011	0.0009	1.8814	0.0159
2.7385	0.0012	0.0005	1.9114	0.0156
2.7390	0.0009	-0.0019	1.9101	0.0153
2.7395	0.0013	-0.0002	2.0201	0.0058
2.7400	0.0012	0.0001	2.1790	0.0118
2.7405	0.0013	-0.0020	2.1915	0.0068
2.7410	0.0015	0.0003	2.1369	0.0173
2.7415	0.0012	-0.0026	2.2161	0.0094
2.7420	0.0016	-0.0005	2.3770	0.0099
2.7425	0.0014	0.0009	2.4155	0.0128
2.7430	0.0013	-0.0032	2.3577	0.0111
2.7435	0.0013	0.0015	2.4096	0.0088
2.7440	0.0012	-0.0022	2.5638	0.0113
2.7445	0.0017	0.0006	2.6326	0.0140
2.7450	0.0013	-0.0035	2.5748	0.0128
2.7455	0.0015	-0.0024	2.5948	0.0125
2.7460	0.0015	0.0003	2.7460	0.0183
2.7465	0.0017	0.0008	2.8354	0.0186
2.7470	0.0016	-0.0022	2.7838	0.0149
2.7475	0.0015	-0.0029	2.7784	0.0172
2.7480	0.0019	-0.0047	2.9167	0.0212
2.7485	0.0014	-0.0027	3.0245	0.0120
2.7490	0.0018	-0.0026	2.9864	0.0104
2.7495	0.0017	-0.0026	2.9628	0.0136
2.7500	0.0019	0.0009	3.0779	0.0183
2.7505	0.0018	0.0004	3.2000	0.0140
2.7510	0.0018	0.0013	3.1801	0.0184
2.7515	0.0023	-0.0036	3.1389	0.0160
2.7520	0.0020	0.0018	3.2366	0.0175
2.7525	0.0018	-0.0010	3.3698	0.0171
2.7530	0.0022	0.0034	3.3683	0.0190
2.7535	0.0019	0.0002	3.3141	0.0200
2.7540	0.0022	-0.0005	3.3840	0.0211
2.7545	0.0021	0.0017	3.5185	0.0213
2.7550	0.0020	-0.0025	3.5386	0.0149
2.7555	0.0022	-0.0010	3.4809	0.0159
2.7560	0.0025	-0.0028	3.5269	0.0166
2.7565	0.0019	-0.0029	3.6620	0.0211
2.7570	0.0021	-0.0014	3.6972	0.0204
2.7575	0.0022	0.0013	3.6377	0.0229
2.7580	0.0023	0.0021	3.6584	0.0208
2.7585	0.0019	-0.0011	3.7842	0.0242
2.7590	0.0023	-0.0050	3.8399	0.0211
2.7595	0.0022	-0.0044	3.7853	0.0202
2.7600	0.0023	-0.0039	3.7830	0.0247
2.7605	0.0025	0.0009	3.8956	0.0273
2.7610	0.0025	-0.0049	3.9724	0.0226
2.7615	0.0023	-0.0011	3.9222	0.0207
2.7620	0.0027	-0.0034	3.9029	0.0263
2.7625	0.0023	0.0004	3.9953	0.0237
2.7630	0.0022	-0.0034	4.0777	0.0243
2.7635	0.0031	-0.0023	4.0395	0.0287
2.7640	0.0021	-0.0005	4.0066	0.0185
2.7645	0.0023	-0.0012	4.0939	0.0217
2.7650	0.0025	-0.0010	4.1897	0.0293
2.7655	0.0026	0.0005	4.1675	0.0228
2.7660	0.0029	-0.0025	4.1206	0.0235
2.7665	0.0027	-0.0008	4.1932	0.0311
2.7670	0.0028	-0.0017	4.2981	0.0198
2.7675	0.0024	-0.0013	4.2907	0.0262
2.7680	0.0030	0.0029	4.2309	0.0246
2.7685	0.0031	-0.0011	4.2745	0.0224
2.7690	0.0028	-0.0002	4.3842	0.0262
2.7695	0.0030	0.0033	4.3905	0.0182
2.7700	0.0025	0.0001	4.3380	0.0274
2.7705	0.0027	-0.0026	4.3664	0.0228
2.7710	0.0029	0.0012	4.4636	0.0301
2.7715	0.0033	-0.0011	4.4872	0.0280
2.7720	0.0029	-0.0007	4.4302	0.0275
2.7725	0.0031	-0.0027	4.4397	0.0239
2.7730	0.0029	0.0018	4.5294	0.0300
2.7735	0.0028	0.0017	4.5667	0.0269
2.7740	0.0032	0.0010	4.5106	0.0259
2.7745	0.0031	0.0009	4.4993	0.0285
2.7750	0.0030	-0.0007	4.5798	0.0304
2.7755	0.0031	0.0015	4.6309	0.0291
2.7760	0.0031	0.0014	4.5834	0.0233
2.7765	0.0030	0.0012	4.5517	0.0258
2.7770	0.0034	-0.0027	4.6206	0.0331
2.7775	0.0035	0.0009	4.6775	0.0308
2.7780	0.0031	-0.0010	4.6353	0.0172
2.7785	0.0031	-0.0011	4.5946	0.0343
2.7790	0.0032	0.0029	4.6437	0.0219
2.7795	0.0034	-0.0006	4.7062	0.0345
2.7800	0.0030	-0.0010	4.6830	0.0310
2.7805	0.0036	0.0007	4.6305	0.0274
2.7810	0.0032	-0.0038	4.6571	0.0294
2.7815	0.0028	-0.0009	4.7239	0.0314
2.7820	0.0033	0.0016	4.7101	0.0331
2.7825	0.0034	-0.0023	4.6532	0.0314
2.7830	0.0033	0.0024	4.6631	0.0293
2.7835	0.0038	0.0001	4.7278	0.0302
2.7840	0.0033	0.0014	4.7284	0.0266
2.7845	0.0035	-0.0012	4.6648	0.0327
2.7850	0.0033	-0.0007	4.6588	0.0352
2.7855	0.0031	-0.0033	4.7141	0.0302
2.7860	0.0033	-0.0005	4.7202	0.0349
2.7865	0.0032	-0.0003	4.6650	0.0288
2.7870	0.0032	0.0020	4.6383	0.0351
2.7875	0.0037	-0.0010	4.6892	0.0358
2.7880	0.0033	-0.0005	4.7088	0.0268
2.7885	0.0035	-0.0011	4.6511	0.0366
2.7890	0.0035	-0.0014	4.6153	0.0324
2.7895	0.0032	0.0016	4.6556	0.0309
2.7900	0.0036	0.0030	4.6824	0.0290
2.7905	0.0037	0.0009	4.6316	0.0335
2.7910	0.0035	-0.0011	4.5814	0.0356
2.7915	0.0035	0.0037	4.6077	0.0288
2.7920	0.0034	0.0015	4.6399	0.0310
2.7925	0.0036	-0.0069	4.5966	0.0320
2.7930	0.0032	0.0021	4.5381	0.0347
2.7935	0.0034	-0.0023	4.5473	0.0267
2.7940	0.0038	0.0002	4.5778	0.0265
2.7945	0.0031	-0.0005	4.5445	0.0329
2.7950	0.0036	0.0032	4.4779	0.0321
2.7955	0.0036	0.0018	4.4732	0.0293
2.7960	0.0031	-0.0013	4.5062	0.0250
2.7965	0.0037	-0.0033	4.4781	0.0321
2.7970	0.0034	-0.0007	4.4075	0.0339
2.7975	0.0035	0.0002	4.3870	0.0304
2.7980	0.0038	0.0012	4.4149	0.0317
2.7985	0.0034	0.0003	4.3985	0.0371
2.7990	0.0035	-0.0014	4.3291	0.0360
2.7995	0.0033	-0.0011	4.2965	0.0280
2.8000	0.0031	0.0036	4.3174	0.0377
2.8005	0.0034	-0.0010	4.3050	0.0381
2.8010	0.0034	0.0017	4.2383	0.0333
2.8015	0.0037	0.0006	4.1933	0.0346
2.8020	0.0032	-0.0013	4.2099	0.0315
2.8025	0.0032	-0.0005	4.2107	0.0316
2.8030	0.0031	0.0014	4.1405	0.0363
2.8035	0.0034	0.0004	4.0832	0.0371
2.8040	0.0032	0.0004	4.0907	0.0302
2.8045	0.0035	-0.0018	4.0947	0.0302
2.8050	0.0032	-0.0014	4.0321	0.0317
2.8055	0.0033	-0.0011	3.9657	0.0301
2.8060	0.0031	0.0036	3.9623	0.0284
2.8065	0.0035	-0.0026	3.9668	0.0317
2.8070	0.0033	-0.0014	3.9091	0.0322
2.8075	0.0033	-0.0049	3.8358	0.0343
2.8080	0.0031	-0.0033	3.8197	0.0361
2.8085	0.0033	0.0009	3.8281	0.0367
2.8090	0.0037	-0.0017	3.7771	0.0305
2.8095	0.0028	-0.0020	3.6957	0.0324
2.8100	0.0038	0.0018	3.6705	0.0315
2.8105	0.0034	-0.0025	3.6769	0.0332
2.8110	0.0029	-0.0029	3.6333	0.0280
2.8115	0.0029	-0.0011	3.5480	0.0257
2.8120	0.0032	0.0005	3.5093	0.0298
2.8125	0.0030	0.0027	3.5115	0.0317
2.8130	0.0032	-0.0005	3.4761	0.0295
2.8135	0.0028	0.0005	3.3951	0.0238
2.8140	0.0030	-0.0026	3.3414	0.0202
2.8145	0.0033	0.0009	3.3402	0.0262
2.8150	0.0031	-0.0030	3.3132	0.0258
2.8155	0.0033	-0.0022	3.2338	0.0247
2.8160	0.0029	-0.0002	3.1729	0.0310
2.8165	0.0027	-0.0016	3.1574	0.0281
2.8170	0.0034	-0.0005	3.1337	0.0252
2.8175	0.0025	-0.0016	3.0620	0.0267
2.8180	0.0030	-0.0001	2.9873	0.0244
2.8185	0.0028	-0.0004	2.9706	0.0254
2.8190	0.0029	-0.0047	2.9513	0.0275
2.8195	0.0025	0.0001	2.8816	0.0268
2.8200	0.0028	-0.0017	2.8051	0.0267
2.8205	0.0024	-0.0027	2.7746	0.0320
2.8210	0.0029	-0.0056	2.7560	0.0237
2.8215	0.0027	0.0010	2.6989	0.0266
2.8220	0.0025	-0.0008	2.6132	0.0239
2.8225	0.0025	0.0009	2.5720	0.0208
2.8230	0.0030	0.0009	2.5577	0.0264
2.8235	0.0026	0.0009	2.5018	0.0252
2.8240	0.0024	-0.0035	2.4180	0.0271
2.8245	0.0023	-0.0029	2.3692	0.0248
2.8250	0.0025	-0.0056	2.3535	0.0218
2.8255	0.0028	-0.0020	2.3025	0.0210
2.8260	0.0026	-0.0012	2.2189	0.0226
2.8265	0.0027	-0.0014	2.1597	0.0248
2.8270	0.0024	-0.0007	2.1369	0.0215
2.8275	0.0025	0.0015	2.0941	0.0247
2.8280	0.0026	-0.0063	2.0152	0.0229
2.8285	0.0025	0.0017	1.9443	0.0225
2.8290	0.0024	-0.0003	1.9188	0.0200
2.8295	0.0023	-0.0023	1.8810	0.0232
2.8300	0.0023	-0.0004	1.8027	0.0177
2.8305	0.0020	-0.0006	1.7274	0.0171
2.8310	0.0027	0.0003	1.6945	0.0218
2.8315	0.0021	-0.0005	1.6589	0.0197
2.8320	0.0022	-0.0002	1.5867	0.0215
2.8325	0.0021	-0.0031	1.5067	0.0140
2.8330	0.0022	0.0021	1.4657	0.0213
2.8335	0.0020	-0.0025	1.4344	0.0126
2.8340	0.0021	0.0003	1.3657	0.0224
2.8345	0.0021	-0.0007	1.2848	0.0253
2.8350	0.0021	0.0017	1.2351	0.0179
2.8355	0.0021	0.0006	1.2038	0.0154
2.8360	0.0016	0.0009	1.1391	0.0165
2.8365	0.0020	0.0003	1.0605	0.0171
2.8370	0.0015	-0.0022	1.0028	0.0167
2.8375	0.0019	0.0012	0.9700	0.0170
2.8380	0.0017	-0.0062	0.9123	0.0154
2.8385	0.0018	-0.0005	0.8334	0.0167
2.8390	0.0014	-0.0003	0.7712	0.0152
2.8395	0.0020	-0.0015	0.7365	0.0166
2.8400	0.0014	-0.0020	0.6831	0.0167
2.8405	0.0016	-0.0032	0.6072	0.0132
2.8410	0.0016	-0.0050	0.5422	0.0140
2.8415	0.0011	0.0039	0.4999	0.0060
2.8420	0.0014	-0.0014	0.4517	0.0107
2.8425	0.0015	-0.0026	0.3799	0.0145
2.8430	0.0014	0.0006	0.3093	0.0128
2.8435	0.0017	0.0050	0.2678	0.0076
2.8440	0.0013	-0.0013	0.2177	0.0108
2.8445	0.0017	-0.0035	0.1521	0.0095
2.8450	0.0015	0.0018	0.0850	0.0086
2.8455	0.0014	-0.0026	0.0368	0.0088
2.8460	0.0020	0.0015	-0.0055	0.0111
2.8465	0.0016	-0.0009	-0.0442	0.0130
2.8470	0.0012	-0.0033	-0.0967	0.0080
2.8475	0.0010	0.0017	-0.1976	0.0129
2.8480	0.0015	0.0015	-0.2828	0.0110
2.8485	0.0014	0.0005	-0.3039	0.0166
2.8490	0.0008	0.0022	-0.3327	0.0110
2.8495	0.0011	-0.0005	-0.4158	0.0060
2.8500	0.0011	0.0015	-0.5085	0.0032
2.8505	0.0009	-0.0015	-0.5396	0.0060
2.8510	0.0012	-0.0006	-0.5576	0.0057
2.8515	0.0011	-0.0032	-0.6379	0.0103
2.8520	0.0008	-0.0004	-0.7286	0.0052
2.8525	0.0005	-0.0000	-0.7645	0.0074
2.8530	0.0012	-0.0005	-0.7858	0.0071
2.8535	0.0007	-0.0052	-0.8588	0.0029
2.8540	0.0011	0.0006	-0.9570	0.0053
2.8545	0.0008	0.0021	-1.0042	0.0069
2.8550	0.0006	-0.0047	-1.0175	0.0045
2.8555	0.0006	-0.0025	-1.0804	0.0070
2.8560	0.0005	-0.0032	-1.1806	0.0016
2.8565	0.0006	0.0035	-1.2318	0.0001
2.8570	0.0006	-0.0024	-1.2432	0.0050
2.8575	0.0003	-0.0017	-1.2971	0.0034
2.8580	0.0008	0.0017	-1.3963	0.0051
2.8585	0.0004	-0.0035	-1.4591	0.0039
2.8590	0.0007	-0.0021	-1.4695	0.0025
2.8595	0.0008	-0.0003	-1.5116	0.0008
2.8600	0.0005	-0.0029	-1.6078	0.0041
2.8605	0.0005	-0.0041	-1.6776	-0.0036
2.8610	0.0005	0.0042	-1.6906	0.0073
2.8615	0.0006	-0.0001	-1.7202	0.0035
2.8620	0.0004	0.0021	-1.8143	-0.0052
2.8625	0.0006	-0.0003	-1.8757	0.0024
2.8630	0.0004	-0.0003	-1.8752	-0.0033
2.8635	0.0004	0.0019	-1.9212	0.0029
2.8640	-0.0001	-0.0002	-2.0521	0.0020
2.8645	0.0002	-0.0019	-2.0940	-0.0013
2.8650	0.0001	-0.0017	-2.0767	0.0020
2.8655	0.0003	0.0006	-2.1531	-0.0045
2.8660	-0.0000	0.0006	-2.2720	0.0036
2.8665	0.0005	0.0011	-2.3042	0.0041
2.8670	0.0004	-0.0031	-2.2837	-0.0044
2.8675	0.0002	-0.0029	-2.3422	0.0039
2.8680	0.0003	0.0030	-2.4644	-0.0047
2.8685	-0.0001	-0.0029	-2.5148	-0.0036
2.8690	0.0000	-0.0014	-2.4923	0.0009
2.8695	-0.0000	-0.0010	-2.5347	-0.0042
2.8700	0.0001	-0.0035	-2.6512	0.0005
2.8705	0.0001	0.0018	-2.7161	-0.0068
2.8710	0.0004	-0.0030	-2.6948	0.0010
2.8715	0.0003	-0.0006	-2.7222	-0.0048
2.8720	0.0004	0.0004	-2.8314	-0.0061
2.8725	0.0001	-0.0005	-2.9092	-0.0031
2.8730	-0.0002	0.0017	-2.8947	-0.0032
2.8735	-0.0001	-0.0040	-2.9047	-0.0042
2.8740	-0.0002	-0.0033	-3.0010	-0.0074
2.8745	-0.0001	-0.0015	-3.0909	-0.0016
2.8750	-0.0003	-0.0025	-3.0893	-0.0037
2.8755	0.0000	-0.0026	-3.0825	-0.0015
2.8760	0.0001	0.0021	-3.1673	-0.0034
2.8765	-0.0001	0.0004	-3.2598	-0.0022
2.8770	-0.0002	0.0004	-3.2717	-0.0044
2.8775	-0.0001	-0.0001	-3.2531	-0.0003
2.8780	-0.0002	-0.0020	-3.3190	-0.0059
2.8785	-0.0004	-0.0009	-3.4193	-0.0084
2.8790	-0.0005	-0.0023	-3.4448	-0.0126
2.8795	-0.0007	0.0026	-3.4195	-0.0027
2.8800	-0.0007	0.0024	-3.4681	-0.0115
2.8805	-0.0004	-0.0010	-3.5664	-0.0062
2.8810	-0.0005	0.0008	-3.6031	-0.0087
2.8815	-0.0005	-0.0005	-3.5764	-0.0078
2.8820	-0.0005	0.0010	-3.6073	-0.0040
2.8825	-0.0006	-0.0017	-3.7019	-0.0076
2.8830	-0.0004	0.0006	-3.7519	-0.0128
2.8835	-0.0005	-0.0048	-3.7283	-0.0113
2.8840	-0.0005	-0.0005	-3.7410	-0.0119
2.8845	-0.0004	-0.0008	-3.8278	-0.0026
2.8850	-0.0005	-0.0026	-3.8842	-0.0107
2.8855	-0.0008	0.0004	-3.8696	-0.0053
2.8860	-0.0012	-0.0026	-3.8691	-0.0093
2.8865	-0.0004	-0.0032	-3.9481	-0.0139
2.8870	-0.0010	-0.0013	-4.0143	-0.0113
2.8875	-0.0008	-0.0008	-4.0003	-0.0107
2.8880	-0.0011	-0.0057	-3.9869	-0.0092
2.8885	-0.0011	-0.0004	-4.0536	-0.0093
2.8890	-0.0011	-0.0002	-4.1262	-0.0113
2.8895	-0.0009	0.0021	-4.1200	-0.0120
2.8900	-0.0008	-0.0005	-4.0953	-0.0117
2.8905	-0.0011	0.0008	-4.1444	-0.0165
2.8910	-0.0008	-0.0030	-4.2225	-0.0167
2.8915	-0.0009	-0.0005	-4.2306	-0.0106
2.8920	-0.0011	0.0023	-4.1960	-0.0178
2.8925	-0.0011	-0.0041	-4.2283	-0.0116
2.8930	-0.0012	-0.0020	-4.3056	-0.0156
2.8935	-0.0017	-0.0034	-4.3256	-0.0141
2.8940	-0.0011	-0.0029	-4.2889	-0.0088
2.8945	-0.0011	-0.0016	-4.3027	-0.0085
2.8950	-0.0017	-0.0002	-4.3764	-0.0110
2.8955	-0.0012	0.0013	-4.4109	-0.0172
2.8960	-0.0013	-0.0029	-4.3740	-0.0136
2.8965	-0.0015	0.0026	-4.3736	-0.0113
2.8970	-0.0015	-0.0027	-4.4414	-0.0181
2.8975	-0.0017	0.0015	-4.4782	-0.0126
2.8980	-0.0017	0.0020	-4.4480	-0.0183
2.8985	-0.0016	-0.0025	-4.4343	-0.0195
2.8990	-0.0017	-0.0020	-4.4841	-0.0191
2.8995	-0.0015	0.0001	-4.5314	-0.0176
2.9000	-0.0015	0.0010	-4.5071	-0.0161
2.9005	-0.0015	-0.0041	-4.4754	-0.0150
2.9010	-0.0016	0.0019	-4.5139	-0.0192
2.9015	-0.0020	-0.0013	-4.5656	-0.0178
2.9020	-0.0014	-0.0021	-4.5507	-0.0237
2.9025	-0.0020	-0.0015	-4.5114	-0.0186
2.9030	-0.0017	0.0016	-4.5344	-0.0203
2.9035	-0.0019	-0.0020	-4.5834	-0.0120
2.9040	-0.0017	-0.0000	-4.5747	-0.0183
2.9045	-0.0012	0.0042	-4.5336	-0.0235
2.9050	-0.0017	-0.0046	-4.5455	-0.0169
2.9055	-0.0020	-0.0016	-4.5912	-0.0203
2.9060	-0.0019	-0.0020	-4.5847	-0.0208
2.9065	-0.0021	-0.0006	-4.5393	-0.0224
2.9070	-0.0020	0.0011	-4.5401	-0.0249
2.9075	-0.0015	0.0018	-4.5874	-0.0173
2.9080	-0.0019	0.0007	-4.5969	-0.0193
2.9085	-0.0017	0.0025	-4.5502	-0.0235
2.9090	-0.0009	-0.0013	-4.5357	-0.0189
2.9095	-0.0021	0.0014	-4.5740	-0.0231
2.9100	-0.0021	-0.0030	-4.5806	-0.0235
2.9105	-0.0019	-0.0017	-4.5384	-0.0157
2.9110	-0.0020	-0.0006	-4.4984	-0.0235
2.9115	-0.0020	-0.0029	-4.4621	-0.0199
2.9120	-0.0019	0.0009	-4.4588	-0.0253
2.9125	-0.0019	-0.0028	-4.4180	-0.0223
2.9130	-0.0022	0.0011	-4.3749	-0.0134
2.9135	-0.0021	-0.0014	-4.3939	-0.0149
2.9140	-0.0020	0.0027	-4.4176	-0.0256
2.9145	-0.0017	-0.0014	-4.3975	-0.0244
2.9150	-0.0020	-0.0048	-4.3644	-0.0168
2.9155	-0.0022	0.0018	-4.3551	-0.0125
2.9160	-0.0018	0.0018	-4.3772	-0.0255
2.9165	-0.0019	0.0011	-4.3705	-0.0160
2.9170	-0.0024	-0.0012	-4.3284	-0.0228
2.9175	-0.0017	0.0016	-4.3162	-0.0208
2.9180	-0.0025	0.0022	-4.3344	-0.0238
2.9185	-0.0019	-0.0013	-4.3275	-0.0130
2.9190	-0.0020	-0.0017	-4.2841	-0.0156
2.9195	-0.0017	0.0001	-4.2557	-0.0206
2.9200	-0.0019	-0.0051	-4.2751	-0.0168
2.9205	-0.0018	0.0042	-4.2717	-0.0239
2.9210	-0.0021	-0.0012	-4.2281	-0.0197
2.9215	-0.0024	-0.0011	-4.1933	-0.0285
2.9220	-0.0018	-0.0055	-4.2025	-0.0182
2.9225	-0.0020	-0.0013	-4.2036	-0.0247
2.9230	-0.0023	0.0009	-4.1580	-0.0179
2.9235	-0.0021	-0.0013	-4.1138	-0.0245
2.9240	-0.0019	0.0012	-4.1179	-0.0197
2.9245	-0.0020	-0.0000	-4.1202	-0.0243
2.9250	-0.0023	-0.0033	-4.0784	-0.0207
2.9255	-0.0023	0.0008	-4.0294	-0.0242
2.9260	-0.0018	-0.0014	-4.0200	-0.0220
2.9265	-0.0019	0.0021	-4.0239	-0.0168
2.9270	-0.0017	0.0014	-3.9889	-0.0222
2.9275	-0.0020	0.0013	-3.9329	-0.0213
2.9280	-0.0020	-0.0007	-3.9181	-0.0250
2.9285	-0.0020	-0.0005	-3.9203	-0.0198
2.9290	-0.0019	-0.0017	-3.8876	-0.0217
2.9295	-0.0017	0.0012	-3.8303	-0.0158
2.9300	-0.0021	0.0010	-3.8001	-0.0149
2.9305	-0.0015	-0.0005	-3.7996	-0.0179
2.9310	-0.0014	-0.0029	-3.7766	-0.0173
2.9315	-0.0019	-0.0029	-3.7163	-0.0271
2.9320	-0.0018	0.0013	-3.6746	-0.0216
2.9325	-0.0017	-0.0007	-3.6675	-0.0155
2.9330	-0.0020	0.0005	-3.6507	-0.0219
2.9335	-0.0017	-0.0022	-3.5940	-0.0170
2.9340	-0.0016	0.0004	-3.5434	-0.0210
2.9345	-0.0022	-0.0069	-3.5329	-0.0144
2.9350	-0.0014	0.0015	-3.5148	-0.0212
2.9355	-0.0017	-0.0005	-3.4556	-0.0189
2.9360	-0.0018	-0.0035	-3.3971	-0.0181
2.9365	-0.0015	-0.0029	-3.3826	-0.0227
2.9370	-0.0019	0.0024	-3.3672	-0.0181
2.9375	-0.0016	-0.0072	-3.3074	-0.0217
2.9380	-0.0015	-0.0053	-3.2474	-0.0211
2.9385	-0.0019	-0.0004	-3.2277	-0.0171
2.9390	-0.0014	-0.0011	-3.2103	-0.0221
2.9395	-0.0014	-0.0002	-3.1528	-0.0178
2.9400	-0.0014	-0.0008	-3.0872	-0.0169
2.9405	-0.0013	-0.0005	-3.0578	-0.0189
2.9410	-0.0012	0.0051	-3.0431	-0.0196
2.9415	-0.0014	-0.0051	-2.9901	-0.0210
2.9420	-0.0013	-0.0021	-2.9199	-0.0142
2.9425	-0.0014	-0.0024	-2.8843	-0.0223
2.9430	-0.0011	0.0012	-2.8678	-0.0204
2.9435	-0.0016	0.0028	-2.8199	-0.0124
2.9440	-0.0014	-0.0037	-2.7445	-0.0139
2.9445	-0.0011	-0.0013	-2.6978	-0.0237
2.9450	-0.0013	-0.0030	-2.6833	-0.0145
2.9455	-0.0014	-0.0027	-2.6430	-0.0157
2.9460	-0.0014	0.0009	-2.5639	-0.0135
2.9465	-0.0012	-0.0020	-2.5120	-0.0155
2.9470	-0.0013	-0.0016	-2.4927	-0.0158
2.9475	-0.0018	-0.0023	-2.4526	-0.0173
2.9480	-0.0009	-0.0012	-2.3808	-0.0161
2.9485	-0.0011	-0.0012	-2.3214	-0.0090
2.9490	-0.0010	-0.0008	-2.2959	-0.0159
2.9495	-0.0012	-0.0005	-2.2597	-0.0156
2.9500	-0.0010	-0.0018	-2.1899	-0.0162
2.9505	-0.0009	-0.0032	-2.1239	-0.0110
2.9510	-0.0012	0.0002	-2.0916	-0.0038
2.9515	-0.0010	-0.0079	-2.0597	-0.0107
2.9520	-0.0009	0.0024	-1.9931	-0.0082
2.9525	-0.0013	0.0009	-1.9232	-0.0135
2.9530	-0.0007	-0.0003	-1.8808	-0.0186
2.9535	-0.0009	0.0008	-1.8494	-0.0145
2.9540	-0.0012	-0.0016	-1.7887	-0.0160
2.9545	-0.0013	-0.0031	-1.7156	-0.0124
2.9550	-0.0008	-0.0014	-1.6706	-0.0124
2.9555	-0.0006	0.0002	-1.6347	-0.0061
2.9560	-0.0008	-0.0023	-1.5803	-0.0139
2.9565	-0.0009	-0.0023	-1.5062	-0.0111
2.9570	-0.0009	-0.0009	-1.4523	-0.0082
2.9575	-0.0008	0.0014	-1.4189	-0.0106
2.9580	-0.0006	-0.0062	-1.3622	-0.0106
2.9585	-0.0006	-0.0028	-1.2910	0.0014
2.9590	-0.0003	-0.0022	-1.2338	-0.0104
2.9595	-0.0009	-0.0011	-1.1913	-0.0066
2.9600	-0.0008	0.0039	-1.1456	-0.0113
2.9605	-0.0009	0.0006	-1.0743	-0.0041
2.9610	-0.0005	-0.0037	-1.0133	-0.0042
2.9615	-0.0006	0.0010	-0.9690	-0.0040
2.9620	-0.0002	0.0001	-0.9216	-0.0004
2.9625	-0.0001	-0.0023	-0.8527	-0.0068
2.9630	-0.0003	-0.0005	-0.7880	-0.0069
2.9635	-0.0005	-0.0011	-0.7408	-0.0022
2.9640	-0.0005	0.0036	-0.6947	-0.0080
2.9645	-0.0002	-0.0044	-0.6320	-0.0058
2.9650	-0.0004	0.0012	-0.5650	-0.0083
2.9655	0.0000	0.0012	-0.5128	0.0007
2.9660	-0.0003	0.0004	-0.4663	-0.0063
2.9665	-0.0001	0.0015	-0.4057	-0.0014
2.9670	-0.0001	-0.0016	-0.3396	-0.0006
2.9675	0.0000	0.0009	-0.2847	-0.0004
2.9680	0.0003	-0.0012	-0.2383	-0.0037
2.9685	0.0003	0.0001	-0.1825	-0.0009
2.9690	-0.0002	-0.0023	-0.1167	0.0016
2.9695	0.0002	0.0011	-0.0594	0.0032
2.9700	-0.0000	-0.0026	-0.0155	0.0003
2.9705	0.0009	-0.0011	0.0366	-0.0001
2.9710	0.0005	0.0017	0.0951	0.0035
2.9715	0.0003	-0.0014	0.1628	0.0024
2.9720	0.0003	0.0014	0.2083	-0.0041
2.9725	0.0005	-0.0005	0.2439	0.0055
2.9730	0.0005	0.0009	0.3075	-0.0016
2.9735	0.0007	-0.0005	0.3887	0.0073
2.9740	0.0001	0.0034	0.4498	0.0088
2.9745	0.0003	-0.0022	0.4806	0.0068
2.9750	0.0003	0.0018	0.5256	0.0055
2.9755	0.0006	-0.0046	0.6041	0.0018
2.9760	0.0008	0.0014	0.6748	0.0017
2.9765	0.0002	0.0016	0.7102	0.0008
2.9770	0.0005	0.0004	0.7473	0.0051
2.9775	0.0005	-0.0011	0.8207	0.0031
2.9780	0.0003	0.0002	0.8915	0.0020
2.9785	0.0010	-0.0031	0.9312	-0.0002
2.9790	0.0005	0.0001	0.9659	0.0066
2.9795	0.0008	0.0028	1.0323	0.0129
2.9800	0.0005	0.0004	1.1080	0.0103
2.9805	0.0008	-0.0011	1.1538	0.0077
2.9810	0.0007	-0.0035	1.1825	0.0026
2.9815	0.0010	0.0001	1.2452	0.0115
2.9820	0.0004	-0.0029	1.3210	0.0087
2.9825	0.0016	-0.0004	1.3708	0.0061
2.9830	0.0008	-0.0026	1.3992	0.0066
2.9835	0.0012	-0.0011	1.4531	0.0041
2.9840	0.0006	-0.0041	1.5308	0.0041
2.9845	0.0011	-0.0025	1.5848	0.0104
2.9850	0.0012	-0.0014	1.6147	0.0140
2.9855	0.0010	0.0023	1.6614	0.0117
2.9860	0.0008	-0.0015	1.7349	0.0030
2.9865	0.0009	0.0027	1.7782	0.0108
2.9870	0.0010	-0.0032	1.8005	0.0062
2.9875	0.0009	-0.0033	1.8327	0.0086
2.9880	0.0007	-0.0038	1.8785	0.0121
2.9885	0.0011	-0.0017	1.9796	0.0105
2.9890	0.0010	0.0003	2.0762	0.0103
2.9895	0.0015	-0.0013	2.0883	0.0068
2.9900	0.0013	0.0016	2.0835	0.0081
2.9905	0.0013	-0.0041	2.1634	0.0124
2.9910	0.0010	-0.0033	2.2668	0.0114
2.9915	0.0014	0.0010	2.2923	0.0112
2.9920	0.0014	0.0004	2.2805	0.0090
2.9925	0.0016	-0.0014	2.3456	0.0153
2.9930	0.0013	0.0027	2.4516	0.0144
2.9935	0.0016	0.0007	2.4870	0.0101
2.9940	0.0006	0.0006	2.4750	0.0141
2.9945	0.0015	0.0030	2.5254	0.0160
2.9950	0.0013	-0.0022	2.6261	0.0143
2.9955	0.0017	0.0007	2.6750	0.0125
2.9960	0.0017	-0.0005	2.6628	0.0125
2.9965	0.0015	-0.0018	2.6956	0.0165
2.9970	0.0013	0.0018	2.7928	0.0170
2.9975	0.0016	0.0021	2.8523	0.0139
2.9980	0.0017	0.0012	2.8466	0.0074
2.9985	0.0019	-0.0011	2.8657	0.0213
2.9990	0.0019	-0.0032	2.9549	0.0184
2.9995	0.0017	0.0012	3.0206	0.0188
3.0000	0.0020	-0.0017	3.0176	0.0129
3.0005	0.0021	-0.0018	3.0244	0.0180
3.0010	0.0021	0.0003	3.1019	0.0145
3.0015	0.0020	0.0005	3.1767	0.0138
3.0020	0.0014	-0.0017	3.1841	0.0170
3.0025	0.0019	0.0026	3.1822	0.0197
3.0030	0.0021	-0.0020	3.2481	0.0171
3.0035	0.0023	-0.0004	3.3251	0.0225
3.0040	0.0018	-0.0020	3.3409	0.0214
3.0045	0.0022	-0.0031	3.3255	0.0172
3.0050	0.0021	0.0020	3.3759	0.0185
3.0055	0.0021	-0.0031	3.4581	0.0139
3.0060	0.0020	-0.0035	3.4788	0.0204
3.0065	0.0021	-0.0017	3.4678	0.0175
3.0070	0.0023	0.0003	3.4995	0.0238
3.0075	0.0019	-0.0008	3.5768	0.0207
3.0080	0.0023	-0.0045	3.6079	0.0176
3.0085	0.0026	-0.0034	3.5798	0.0215
3.0090	0.0019	-0.0037	3.6070	0.0232
3.0095	0.0018	-0.0028	3.6808	0.0213
3.0100	0.0027	-0.0034	3.7197	0.0239
3.0105	0.0025	-0.0019	3.7047	0.0264
3.0110	0.0022	-0.0006	3.7236	0.0186
3.0115	0.0024	-0.0021	3.7966	0.0253
3.0120	0.0023	-0.0002	3.8428	0.0180
3.0125	0.0025	0.0010	3.8260	0.0180
3.0130	0.0028	0.0049	3.8284	0.0162
3.0135	0.0026	-0.0027	3.9000	0.0244
3.0140	0.0028	-0.0047	3.9563	0.0268
3.0145	0.0024	-0.0004	3.9457	0.0258
3.0150	0.0023	0.0035	3.9330	0.0234
3.0155	0.0025	-0.0020	3.9922	0.0194
3.0160	0.0026	0.0009	4.0557	0.0221
3.0165	0.0029	0.0007	4.0449	0.0215
3.0170	0.0024	-0.0030	4.0249	0.0234
3.0175	0.0022	0.0012	4.0802	0.0235
3.0180	0.0029	-0.0023	4.1487	0.0273
3.0185	0.0021	-0.0007	4.1439	0.0176
3.0190	0.0029	-0.0004	4.1146	0.0244
3.0195	0.0028	-0.0011	4.1563	0.0318
3.0200	0.0027	0.0016	4.2230	0.0232
3.0205	0.0026	-0.0005	4.2298	0.0296
3.0210	0.0026	-0.0003	4.1941	0.0201
3.0215	0.0023	-0.0007	4.2186	0.0321
3.0220	0.0029	-0.0015	4.2854	0.0288
3.0225	0.0029	-0.0021	4.2989	0.0268
3.0230	0.0027	-0.0020	4.2657	0.0222
3.0235	0.0025	0.0001	4.2704	0.0335
3.0240	0.0028	0.0003	4.3369	0.0298
3.0245	0.0028	0.0010	4.3592	0.0301
3.0250	0.0031	-0.0023	4.3209	0.0294
3.0255	0.0032	-0.0011	4.3135	0.0286
3.0260	0.0025	0.0003	4.3692	0.0306
3.0265	0.0030	-0.0022	4.4039	0.0328
3.0270	0.0030	-0.0011	4.3639	0.0304
3.0275	0.0032	0.0002	4.3459	0.0288
3.0280	0.0033	-0.0019	4.3918	0.0324
3.0285	0.0029	-0.0020	4.4341	0.0300
3.0290	0.0032	-0.0017	4.4013	0.0325
3.0295	0.0028	-0.0004	4.3655	0.0275
3.0300	0.0029	-0.0043	4.4067	0.0279
3.0305	0.0031	0.0024	4.4506	0.0258
3.0310	0.0032	-0.0003	4.4282	0.0339
3.0315	0.0032	0.0036	4.3829	0.0304
3.0320	0.0029	0.0012	4.4083	0.0227
3.0325	0.0032	0.0036	4.4570	0.0293
3.0330	0.0034	-0.0014	4.4379	0.0300
3.0335	0.0031	0.0001	4.3856	0.0305
3.0340	0.0033	-0.0006	4.3938	0.0305
3.0345	0.0032	-0.0021	4.4419	0.0364
3.0350	0.0037	-0.0014	4.4347	0.0298
3.0355	0.0032	-0.0016	4.3805	0.0310
3.0360	0.0034	0.0010	4.3727	0.0335
3.0365	0.0031	-0.0023	4.4166	0.0290
3.0370	0.0032	0.0021	4.4216	0.0255
3.0375	0.0032	-0.0008	4.3643	0.0316
3.0380	0.0036	-0.0008	4.3440	0.0293
3.0385	0.0035	-0.0023	4.3877	0.0325
3.0390	0.0036	-0.0019	4.3955	0.0317
3.0395	0.0030	-0.0026	4.3428	0.0317
3.0400	0.0034	-0.0013	4.3084	0.0310
3.0405	0.0033	0.0008	4.3385	0.0309
3.0410	0.0031	-0.0003	4.3554	0.0299
3.0415	0.0033	-0.0003	4.3078	0.0301
3.0420	0.0034	-0.0014	4.2607	0.0328
3.0425	0.0032	0.0035	4.2779	0.0270
3.0430	0.0031	0.0030	4.2955	0.0287
3.0435	0.0034	0.0020	4.2512	0.0371
3.0440	0.0030	-0.0004	4.1984	0.0329
3.0445	0.0035	-0.0001	4.2028	0.0333
3.0450	0.0032	-0.0006	4.2262	0.0328
3.0455	0.0031	-0.0023	4.1853	0.0347
3.0460	0.0033	0.0006	4.1270	0.0337
3.0465	0.0028	0.0016	4.1207	0.0304
3.0470	0.0036	-0.0017	4.1372	0.0262
3.0475	0.0035	0.0001	4.1092	0.0394
3.0480	0.0031	-0.0035	4.0468	0.0339
3.0485	0.0033	0.0012	4.0268	0.0308
3.0490	0.0029	0.0012	4.0432	0.0351
3.0495	0.0031	-0.0006	4.0219	0.0319
3.0500	0.0027	-0.0022	3.9591	0.0351
3.0505	0.0036	-0.0027	3.9264	0.0280
3.0510	0.0030	0.0026	3.9391	0.0348
3.0515	0.0034	-0.0015	3.9261	0.0262
3.0520	0.0033	-0.0011	3.8626	0.0314
3.0525	0.0036	0.0022	3.8195	0.0238
3.0530	0.0037	-0.0007	3.8248	0.0291
3.0535	0.0035	0.0001	3.8183	0.0268
3.0540	0.0030	-0.0002	3.7562	0.0322
3.0545	0.0036	0.0021	3.7032	0.0307
3.0550	0.0033	0.0012	3.7007	0.0306
3.0555	0.0033	-0.0026	3.6947	0.0318
3.0560	0.0032	0.0024	3.6405	0.0338
3.0565	0.0028	0.0026	3.5770	0.0270
3.0570	0.0034	-0.0005	3.5645	0.0324
3.0575	0.0030	-0.0042	3.5640	0.0331
3.0580	0.0030	0.0015	3.5148	0.0256
3.0585	0.0030	-0.0026	3.4422	0.0270
3.0590	0.0030	-0.0009	3.4179	0.0256
3.0595	0.0033	0.0011	3.4191	0.0274
3.0600	0.0027	-0.0005	3.3742	0.0242
3.0605	0.0028	0.0024	3.3024	0.0246
3.0610	0.0027	0.0005	3.2657	0.0248
3.0615	0.0028	-0.0032	3.2654	0.0298
3.0620	0.0030	-0.0004	3.2289	0.0317
3.0625	0.0026	0.0005	3.1521	0.0265
3.0630	0.0031	-0.0008	3.1066	0.0328
3.0635	0.0029	-0.0002	3.0989	0.0255
3.0640	0.0026	-0.0021	3.0700	0.0234
3.0645	0.0027	0.0015	2.9988	0.0237
3.0650	0.0028	-0.0014	2.9406	0.0287
3.0655	0.0025	-0.0034	2.9273	0.0319
3.0660	0.0026	0.0017	2.9044	0.0269
3.0665	0.0030	-0.0057	2.8335	0.0331
3.0670	0.0025	0.0004	2.7684	0.0232
3.0675	0.0029	0.0005	2.7482	0.0321
3.0680	0.0029	-0.0017	2.7277	0.0228
3.0685	0.0028	-0.0046	2.6619	0.0258
3.0690	0.0025	-0.0007	2.5877	0.0260
3.0695	0.0027	-0.0010	2.5624	0.0271
3.0700	0.0021	-0.0029	2.5427	0.0201
3.0705	0.0027	-0.0025	2.4845	0.0324
3.0710	0.0029	-0.0008	2.4121	0.0234
3.0715	0.0023	-0.0029	2.3723	0.0275
3.0720	0.0023	0.0012	2.3534	0.0215
3.0725	0.0023	-0.0031	2.2995	0.0265
3.0730	0.0023	-0.0069	2.2214	0.0225
3.0735	0.0021	-0.0009	2.1779	0.0289
3.0740	0.0025	0.0005	2.1565	0.0219
3.0745	0.0024	-0.0035	2.1074	0.0205
3.0750	0.0028	0.0012	2.0326	0.0161
3.0755	0.0023	0.0036	1.9776	0.0165
3.0760	0.0022	0.0018	1.9518	0.0248
3.0765	0.0022	-0.0035	1.9142	0.0218
3.0770	0.0024	0.0004	1.8391	0.0180
3.0775	0.0021	-0.0018	1.7758	0.0203
3.0780	0.0022	0.0026	1.7455	0.0206
3.0785	0.0025	-0.0003	1.7069	0.0151
3.0790	0.0020	0.0031	1.6376	0.0169
3.0795	0.0020	0.0010	1.5710	0.0173
3.0800	0.0024	0.0018	1.5345	0.0153
3.0805	0.0023	0.0018	1.4994	0.0188
3.0810	0.0017	0.0027	1.4313	0.0195
3.0815	0.0022	0.0005	1.3614	0.0093
3.0820	0.0020	0.0001	1.3196	0.0171
3.0825	0.0015	-0.0035	1.2813	0.0123
3.0830	0.0018	0.0004	1.2224	0.0145
3.0835	0.0022	-0.0003	1.1511	0.0218
3.0840	0.0017	-0.0001	1.1024	0.0120
3.0845	0.0020	0.0033	1.0657	0.0148
3.0850	0.0018	-0.0023	1.0072	0.0144
3.0855	0.0022	-0.0031	0.9375	0.0217
3.0860	0.0017	-0.0021	0.8837	0.0170
3.0865	0.0019	-0.0021	0.8465	0.0169
3.0870	0.0017	-0.0039	0.7927	0.0156
3.0875	0.0017	0.0003	0.7216	0.0122
3.0880	0.0016	-0.0015	0.6639	0.0167
3.0885	0.0012	0.0025	0.6237	0.0146
3.0890	0.0019	-0.0034	0.5742	0.0100
3.0895	0.0012	0.0018	0.5044	0.0097
3.0900	0.0017	-0.0004	0.4454	0.0177
3.0905	0.0012	-0.0004	0.4023	0.0102
3.0910	0.0019	0.0021	0.3552	0.0099
3.0915	0.0012	-0.0005	0.2891	0.0072
3.0920	0.0013	-0.0003	0.2267	0.0169
3.0925	0.0016	-0.0030	0.1809	0.0104
3.0930	0.0011	0.0001	0.1346	0.0125
3.0935	0.0010	-0.0032	0.0747	0.0093
3.0940	0.0013	0.0020	0.0148	0.0097
3.0945	0.0010	-0.0021	-0.0200	0.0086
3.0950	0.0012	-0.0011	-0.0472	0.0079
3.0955	0.0011	0.0029	-0.1135	0.0132
3.0960	0.0010	-0.0021	-0.2161	0.0073
3.0965	0.0010	-0.0022	-0.2782	0.0143
3.0970	0.0011	-0.0017	-0.2880	0.0102
3.0975	0.0014	-0.0002	-0.3277	0.0057
3.0980	0.0007	0.0015	-0.4217	0.0030
3.0985	0.0013	-0.0014	-0.4945	0.0101
3.0990	0.0010	-0.0037	-0.5099	0.0082
3.0995	0.0011	0.0015	-0.5397	0.0037
3.1000	0.0012	-0.0032	-0.6287	0.0148
3.1005	0.0006	0.0005	-0.7068	0.0010
3.1010	0.0009	-0.0014	-0.7205	0.0068
3.1015	0.0012	-0.0033	-0.7454	-0.0041
3.1020	0.0009	0.0016	-0.8410	0.0071
3.1025	0.0009	0.0006	-0.9270	0.0073
3.1030	0.0006	0.0010	-0.9467	0.0011
3.1035	0.0005	0.0004	-0.9619	0.0080
3.1040	0.0010	0.0011	-1.0441	0.0018
3.1045	0.0003	-0.0019	-1.1371	0.0053
3.1050	0.0003	-0.0038	-1.1677	0.0040
3.1055	0.0007	0.0024	-1.1757	0.0058
3.1060	0.0005	-0.0047	-1.2467	0.0078
3.1065	0.0009	-0.0001	-1.3473	0.0066
3.1070	0.0004	-0.0014	-1.3849	0.0017
3.1075	0.0003	0.0009	-1.3878	0.0079
3.1080	0.0008	-0.0030	-1.4474	0.0031
3.1085	0.0003	-0.0035	-1.5443	-0.0002
3.1090	0.0006	0.0001	-1.5951	0.0041
3.1095	0.0004	-0.0078	-1.5968	0.0040
3.1100	0.0002	0.0019	-1.6409	0.0031
3.1105	0.0005	0.0001	-1.7416	0.0024
3.1110	0.0003	0.0001	-1.7984	-0.0006
3.1115	0.0005	-0.0032	-1.7822	0.0038
3.1120	0.0000	-0.0008	-1.8022	-0.0010
3.1125	0.0005	0.0028	-1.9396	-0.0014
3.1130	0.0003	-0.0020	-2.0372	0.0007
3.1135	0.0001	-0.0013	-1.9798	-0.0012
3.1140	0.0007	0.0008	-1.9867	0.0042
3.1145	0.0001	-0.0004	-2.1491	0.0063
3.1150	0.0006	-0.0011	-2.2510	-0.0013
3.1155	-0.0005	-0.0034	-2.1897	-0.0003
3.1160	0.0001	-0.0008	-2.1687	0.0039
3.1165	0.0002	-0.0029	-2.3138	0.0006
3.1170	0.0003	0.0016	-2.4402	-0.0006
3.1175	0.0002	-0.0043	-2.4002	-0.0009
3.1180	0.0004	-0.0000	-2.3570	-0.0053
3.1185	0.0000	0.0027	-2.4769	-0.0064
3.1190	-0.0002	-0.0022	-2.6171	-0.0006
3.1195	-0.0001	-0.0006	-2.5999	-0.0048
3.1200	-0.0000	0.0020	-2.5423	0.0003
3.1205	0.0001	-0.0015	-2.6377	-0.0026
3.1210	-0.0000	0.0019	-2.7862	-0.0017
3.1215	-0.0001	-0.0043	-2.7909	-0.0019
3.1220	-0.0001	-0.0014	-2.7295	0.0031
3.1225	-0.0006	0.0003	-2.7932	-0.0083
3.1230	-0.0002	-0.0007	-2.9399	-0.0019
3.1235	-0.0001	-0.0011	-2.9749	-0.0036
3.1240	-0.0004	-0.0029	-2.9076	0.0009
3.1245	-0.0002	0.0008	-2.9434	-0.0006
3.1250	-0.0002	-0.0014	-3.0906	-0.0013
3.1255	-0.0003	-0.0008	-3.1438	-0.0114
3.1260	-0.0003	0.0022	-3.0821	0.0006
3.1265	0.0001	-0.0029	-3.0889	-0.0024
3.1270	-0.0002	0.0002	-3.2252	-0.0061
3.1275	-0.0005	-0.0033	-3.3057	-0.0085
3.1280	-0.0006	-0.0004	-3.2478	-0.0067
3.1285	-0.0002	0.0009	-3.2307	-0.0044
3.1290	-0.0004	0.0005	-3.3520	-0.0073
3.1295	-0.0004	-0.0000	-3.4521	-0.0117
3.1300	-0.0007	-0.0002	-3.4080	-0.0109
3.1305	-0.0006	-0.0029	-3.3689	-0.0052
3.1310	-0.0005	-0.0022	-3.4708	-0.0048
3.1315	-0.0010	-0.0023	-3.5826	-0.0110
3.1320	-0.0006	0.0018	-3.5588	-0.0103
3.1325	-0.0005	0.0013	-3.5022	-0.0054
3.1330	-0.0002	-0.0023	-3.5835	-0.0057
3.1335	-0.0005	-0.0027	-3.7066	-0.0095
3.1340	-0.0008	-0.0041	-3.6989	-0.0052
3.1345	-0.0005	0.0001	-3.6295	-0.0093
3.1350	-0.0008	-0.0064	-3.6868	-0.0116
3.1355	-0.0012	0.0011	-3.8120	-0.0062
3.1360	-0.0008	0.0026	-3.8235	-0.0067
3.1365	-0.0007	0.0035	-3.7530	-0.0047
3.1370	-0.0010	-0.0002	-3.7816	-0.0104
3.1375	-0.0008	-0.0032	-3.9015	-0.0094
3.1380	-0.0008	-0.0023	-3.9372	-0.0149
3.1385	-0.0009	-0.0016	-3.8651	-0.0095
3.1390	-0.0010	-0.0006	-3.8677	-0.0133
3.1395	-0.0008	-0.0024	-3.9803	-0.0066
3.1400	-0.0007	0.0006	-4.0371	-0.0164
3.1405	-0.0008	-0.0013	-3.9715	-0.0090
3.1410	-0.0009	-0.0033	-3.9527	-0.0086
3.1415	-0.0013	0.0047	-4.0488	-0.0134
3.1420	-0.0009	-0.0010	-4.1180	-0.0094
3.1425	-0.0007	0.0004	-4.0698	-0.0177
3.1430	-0.0007	-0.0011	-4.0301	-0.0154
3.1435	-0.0012	-0.0005	-4.1115	-0.0141
3.1440	-0.0009	-0.0032	-4.1940	-0.0076
3.1445	-0.0013	-0.0035	-4.1526	-0.0195
3.1450	-0.0011	-0.0047	-4.0976	-0.0134
3.1455	-0.0012	-0.0003	-4.1592	-0.0138
3.1460	-0.0010	-0.0022	-4.2495	-0.0180
3.1465	-0.0012	0.0014	-4.2278	-0.0140
3.1470	-0.0013	0.0010	-4.1610	-0.0129
3.1475	-0.0011	-0.0008	-4.1979	-0.0156
3.1480	-0.0016	-0.0038	-4.2899	-0.0135
3.1485	-0.0013	-0.0028	-4.2799	-0.0191
3.1490	-0.0013	0.0039	-4.2081	-0.0133
3.1495	-0.0015	-0.0020	-4.2237	-0.0097
3.1500	-0.0014	-0.0059	-4.3166	-0.0146
3.1505	-0.0017	0.0006	-4.3231	-0.0169
3.1510	-0.0013	-0.0044	-4.2448	-0.0219
3.1515	-0.0011	-0.0038	-4.2370	-0.0196
3.1520	-0.0012	-0.0023	-4.3226	-0.0191
3.1525	-0.0020	0.0007	-4.3469	-0.0175
3.1530	-0.0017	-0.0043	-4.2792	-0.0168
3.1535	-0.0017	-0.0017	-4.2512	-0.0235
3.1540	-0.0016	0.0021	-4.3209	-0.0173
3.1545	-0.0016	-0.0055	-4.3559	-0.0099
3.1550	-0.0018	-0.0004	-4.2964	-0.0166
3.1555	-0.0015	-0.0020	-4.2496	-0.0182
3.1560	-0.0015	-0.0017	-4.3130	-0.0169
3.1565	-0.0016	-0.0035	-4.3627	-0.0166
3.1570	-0.0016	-0.0019	-4.3070	-0.0171
3.1575	-0.0018	0.0013	-4.2490	-0.0145
3.1580	-0.0016	0.0013	-4.2932	-0.0178
3.1585	-0.0018	-0.0000	-4.3460	-0.0207
3.1590	-0.0014	-0.0021	-4.3044	-0.0199
3.1595	-0.0017	-0.0007	-4.2175	-0.0147
3.1600	-0.0018	0.0022	-4.1794	-0.0227
3.1605	-0.0017	-0.0014	-4.2220	-0.0214
3.1610	-0.0019	-0.0016	-4.1951	-0.0130
3.1615	-0.0014	-0.0008	-4.1079	-0.0226
3.1620	-0.0014	-0.0035	-4.1100	-0.0234
3.1625	-0.0018	0.0005	-4.1789	-0.0239
3.1630	-0.0019	-0.0000	-4.1685	-0.0203
3.1635	-0.0019	-0.0014	-4.0993	-0.0199
3.1640	-0.0020	-0.0026	-4.0823	-0.0141
3.1645	-0.0016	-0.0012	-4.1281	-0.0189
3.1650	-0.0018	-0.0008	-4.1407	-0.0211
3.1655	-0.0014	0.0021	-4.0761	-0.0150
3.1660	-0.0017	0.0004	-4.0335	-0.0188
3.1665	-0.0021	-0.0008	-4.0795	-0.0171
3.1670	-0.0017	-0.0011	-4.0998	-0.0185
3.1675	-0.0017	0.0005	-4.0375	-0.0171
3.1680	-0.0019	0.0006	-3.9823	-0.0200
3.1685	-0.0018	-0.0021	-4.0135	-0.0211
3.1690	-0.0020	-0.0002	-4.0439	-0.0125
3.1695	-0.0018	0.0016	-3.9897	-0.0211
3.1700	-0.0014	-0.0003	-3.9202	-0.0251
3.1705	-0.0019	-0.0026	-3.9372	-0.0186
3.1710	-0.0020	-0.0004	-3.9750	-0.0239
3.1715	-0.0020	0.0015	-3.9311	-0.0188
3.1720	-0.0015	-0.0008	-3.8527	-0.0238
3.1725	-0.0018	-0.0008	-3.8483	-0.0197
3.1730	-0.0014	-0.0019	-3.8879	-0.0180
3.1735	-0.0020	-0.0022	-3.8586	-0.0146
3.1740	-0.0021	0.0005	-3.7757	-0.0239
3.1745	-0.0015	0.0009	-3.7570	-0.0185
3.1750	-0.0020	0.0009	-3.7935	-0.0188
3.1755	-0.0017	-0.0013	-3.7734	-0.0165
3.1760	-0.0017	-0.0009	-3.6899	-0.0164
3.1765	-0.0016	0.0068	-3.6537	-0.0214
3.1770	-0.0018	-0.0022	-3.6862	-0.0145
3.1775	-0.0017	-0.0017	-3.6804	-0.0204
3.1780	-0.0017	-0.0016	-3.6017	-0.0181
3.1785	-0.0015	-0.0001	-3.5462	-0.0208
3.1790	-0.0015	-0.0069	-3.5672	-0.0222
3.1795	-0.0016	0.0058	-3.5718	-0.0142
3.1800	-0.0014	-0.0009	-3.4964	-0.0249
3.1805	-0.0018	-0.0026	-3.4286	-0.0129
3.1810	-0.0016	0.0023	-3.4403	-0.0172
3.1815	-0.0017	0.0038	-3.4480	-0.0212
3.1820	-0.0012	0.0020	-3.3795	-0.0116
3.1825	-0.0018	-0.0019	-3.3049	-0.0167
3.1830	-0.0017	0.0027	-3.3022	-0.0126
3.1835	-0.0013	0.0001	-3.3170	-0.0242
3.1840	-0.0017	-0.0014	-3.2548	-0.0198
3.1845	-0.0020	0.0015	-3.1730	-0.0159
3.1850	-0.0013	-0.0010	-3.1572	-0.0212
3.1855	-0.0018	-0.0045	-3.1713	-0.0204
3.1860	-0.0011	-0.0002	-3.1202	-0.0115
3.1865	-0.0018	-0.0000	-3.0346	-0.0176
3.1870	-0.0016	-0.0006	-3.0055	-0.0164
3.1875	-0.0012	0.0010	-3.0160	-0.0188
3.1880	-0.0019	0.0002	-2.9750	-0.0172
3.1885	-0.0014	0.0005	-2.8860	-0.0188
3.1890	-0.0015	-0.0028	-2.8475	-0.0198
3.1895	-0.0015	-0.0042	-2.8543	-0.0180
3.1900	-0.0013	-0.0004	-2.8212	-0.0108
3.1905	-0.0013	-0.0047	-2.7338	-0.0097
3.1910	-0.0011	-0.0011	-2.6807	-0.0210
3.1915	-0.0011	0.0012	-2.6832	-0.0121
3.1920	-0.0012	-0.0011	-2.6595	-0.0162
3.1925	-0.0011	0.0029	-2.5733	-0.0090
3.1930	-0.0014	0.0053	-2.5108	-0.0182
3.1935	-0.0011	-0.0015	-2.5038	-0.0150
3.1940	-0.0016	-0.0019	-2.4867	-0.0201
3.1945	-0.0016	-0.0013	-2.4101	-0.0124
3.1950	-0.0008	-0.0002	-2.3334	-0.0199
3.1955	-0.0012	-0.0026	-2.3179	-0.0159
3.1960	-0.0011	0.0010	-2.3079	-0.0144
3.1965	-0.0012	0.0008	-2.2384	-0.0119
3.1970	-0.0013	-0.0015	-2.1556	-0.0117
3.1975	-0.0012	0.0011	-2.1311	-0.0076
3.1980	-0.0011	0.0020	-2.1227	-0.0152
3.1985	-0.0008	-0.0027	-2.0579	-0.0119
3.1990	-0.0010	-0.0002	-1.9778	-0.0090
3.1995	-0.0007	-0.0011	-1.9339	-0.0125
3.2000	-0.0011	0.0015	-1.9248	-0.0099
3.2005	-0.0005	-0.0025	-1.8737	-0.0166
3.2010	-0.0006	-0.0021	-1.7872	-0.0092
3.2015	-0.0009	-0.0026	-1.7371	-0.0073
3.2020	-0.0010	0.0022	-1.7235	-0.0092
3.2025	-0.0007	-0.0005	-1.6798	-0.0069
3.2030	-0.0008	0.0015	-1.5965	-0.0051
3.2035	-0.0012	-0.0008	-1.5396	-0.0104
3.2040	-0.0006	0.0004	-1.5187	-0.0114
3.2045	-0.0007	-0.0013	-1.4812	-0.0090
3.2050	-0.0012	0.0012	-1.4029	-0.0119
3.2055	-0.0007	-0.0014	-1.3340	-0.0110
3.2060	-0.0006	0.0004	-1.3093	-0.0056
3.2065	-0.0004	-0.0005	-1.2768	-0.0062
3.2070	-0.0006	0.0012	-1.1993	-0.0113
3.2075	-0.0007	-0.0009	-1.1272	-0.0037
3.2080	-0.0008	-0.0017	-1.0960	-0.0083
3.2085	-0.0004	-0.0012	-1.0669	-0.0014
3.2090	-0.0001	-0.0011	-0.9964	-0.0023
3.2095	0.0000	-0.0011	-0.9226	-0.0088
3.2100	-0.0006	0.0024	-0.8802	-0.0036
3.2105	-0.0004	-0.0014	-0.8507	-0.0093
3.2110	-0.0001	0.0010	-0.7901	-0.0002
3.2115	-0.0002	0.0015	-0.7115	-0.0054
3.2120	-0.0002	-0.0016	-0.6656	-0.0009
3.2125	-0.0003	0.0018	-0.6369	-0.0035
3.2130	0.0001	0.0006	-0.5818	-0.0046
3.2135	-0.0001	0.0004	-0.5062	-0.0014
3.2140	0.0003	0.0004	-0.4511	-0.0048
3.2145	-0.0001	-0.0039	-0.4184	-0.0041
3.2150	0.0000	0.0008	-0.3662	-0.0061
3.2155	0.0005	0.0028	-0.2937	-0.0005
3.2160	-0.0001	0.0004	-0.2390	-0.0020
3.2165	0.0002	0.0019	-0.2020	0.0007
3.2170	0.0004	-0.0025	-0.1550	-0.0032
3.2175	0.0003	-0.0010	-0.0868	0.0018
3.2180	0.0002	0.0026	-0.0278	0.0021
3.2185	0.0003	0.0014	0.0105	-0.0022
3.2190	0.0003	-0.0018	0.0491	-0.0007
3.2195	0.0005	-0.0027	0.1172	0.0074
3.2200	0.0004	-0.0045	0.1804	0.0012
3.2205	0.0003	-0.0002	0.2134	-0.0015
3.2210	-0.0001	-0.0020	0.2483	0.0007
3.2215	0.0007	-0.0034	0.3203	0.0029
3.2220	0.0003	-0.0011	0.4017	0.0045
3.2225	0.0002	-0.0025	0.4411	0.0048
3.2230	0.0005	0.0003	0.4614	0.0058
3.2235	0.0002	-0.0042	0.5243	0.0050
3.2240	0.0004	-0.0033	0.6042	0.0068
3.2245	0.0006	0.0004	0.6559	0.0072
3.2250	0.0009	0.0005	0.6783	0.0072
3.2255	0.0006	-0.0016	0.7268	0.0038
3.2260	0.0009	-0.0017	0.8116	0.0065
3.2265	0.0004	-0.0017	0.8674	0.0065
3.2270	0.0004	-0.0044	0.8901	0.0024
3.2275	0.0007	-0.0014	0.9331	0.0031
3.2280	0.0006	-0.0010	1.0127	0.0091
3.2285	0.0010	-0.0009	1.0735	0.0079
3.2290	0.0006	-0.0031	1.0980	0.0052
3.2295	0.0007	0.0017	1.1390	0.0130
3.2300	0.0011	0.0016	1.2117	0.0025
3.2305	0.0006	-0.0014	1.2782	0.0134
3.2310	0.0011	-0.0005	1.3094	0.0057
3.2315	0.0011	0.0046	1.3409	0.0052
3.2320	0.0012	-0.0002	1.4072	0.0067
3.2325	0.0014	0.0002	1.4792	0.0104
3.2330	0.0006	-0.0026	1.5116	0.0059
3.2335	0.0012	0.0002	1.5376	0.0089
3.2340	0.0012	0.0001	1.5989	0.0103
3.2345	0.0010	0.0009	1.6750	0.0126
3.2350	0.0011	0.0014	1.7007	0.0121
3.2355	0.0008	-0.0033	1.7081	0.0150
3.2360	0.0011	0.0004	1.7611	0.0141
3.2365	0.0008	-0.0054	1.8144	0.0076
3.2370	0.0011	-0.0009	1.8652	0.0079
3.2375	0.0009	-0.0008	1.9380	0.0083
3.2380	0.0013	-0.0038	2.0112	0.0050
3.2385	0.0014	0.0024	2.0275	0.0089
3.2390	0.0008	-0.0009	2.0454	0.0071
3.2395	0.0012	0.0010	2.1165	0.0093
3.2400	0.0015	-0.0011	2.1930	0.0110
3.2405	0.0012	-0.0015	2.2116	0.0108
3.2410	0.0016	-0.0035	2.2264	0.0073
3.2415	0.0015	-0.0011	2.2892	0.0118
3.2420	0.0014	-0.0049	2.3659	0.0133
3.2425	0.0016	0.0012	2.3932	0.0123
3.2430	0.0014	-0.0024	2.4044	0.0129
3.2435	0.0016	-0.0047	2.4570	0.0165
3.2440	0.0013	-0.0004	2.5325	0.0170
3.2445	0.0014	-0.0002	2.5696	0.0125
3.2450	0.0017	0.0005	2.5743	0.0140
3.2455	0.0014	-0.0006	2.6189	0.0091
3.2460	0.0014	0.0031	2.6920	0.0195
3.2465	0.0014	-0.0014	2.7337	0.0108
3.2470	0.0015	-0.0003	2.7379	0.0175
3.2475	0.0016	0.0041	2.7724	0.0195
3.2480	0.0020	0.0015	2.8422	0.0218
3.2485	0.0018	-0.0033	2.8935	0.0152
3.2490	0.0021	0.0021	2.8966	0.0166
3.2495	0.0017	-0.0001	2.9189	0.0135
3.2500	0.0015	-0.0050	2.9894	0.0151
3.2505	0.0018	-0.0017	3.0391	0.0200
3.2510	0.0018	-0.0028	3.0422	0.0126
3.2515	0.0022	-0.0035	3.0562	0.0218
3.2520	0.0023	0.0007	3.1178	0.0175
3.2525	0.0018	0.0001	3.1751	0.0256
3.2530	0.0018	-0.0015	3.1866	0.0104
3.2535	0.0022	0.0008	3.1897	0.0191
3.2540	0.0019	0.0024	3.2406	0.0227
3.2545	0.0024	0.0016	3.2943	0.0207
3.2550	0.0022	-0.0003	3.3069	0.0193
3.2555	0.0020	-0.0015	3.3053	0.0233
3.2560	0.0021	-0.0002	3.3486	0.0200
3.2565	0.0017	-0.0030	3.4017	0.0185
3.2570	0.0022	0.0011	3.4210	0.0177
3.2575	0.0021	0.0001	3.4236	0.0184
3.2580	0.0019	0.0011	3.4592	0.0234
3.2585	0.0023	-0.0008	3.5209	0.0270
3.2590	0.0022	-0.0017	3.5411	0.0196
3.2595	0.0021	-0.0045	3.5366	0.0238
3.2600	0.0028	-0.0050	3.5686	0.0227
3.2605	0.0026	-0.0044	3.6254	0.0187
3.2610	0.0028	-0.0007	3.6567	0.0202
3.2615	0.0021	0.0026	3.6508	0.0226
3.2620	0.0025	-0.0008	3.6693	0.0289
3.2625	0.0022	-0.0007	3.7231	0.0231
3.2630	0.0024	0.0009	3.7588	0.0254
3.2635	0.0028	0.0020	3.7520	0.0257
3.2640	0.0024	-0.0005	3.7553	0.0203
3.2645	0.0028	-0.0026	3.8116	0.0188
3.2650	0.0023	0.0028	3.8546	0.0222
3.2655	0.0024	-0.0053	3.8483	0.0227
3.2660	0.0022	0.0021	3.8433	0.0227
3.2665	0.0025	-0.0002	3.8887	0.0252
3.2670	0.0026	-0.0003	3.9362	0.0235
3.2675	0.0023	0.0002	3.9363	0.0235
3.2680	0.0024	0.0028	3.9230	0.0221
3.2685	0.0033	-0.0014	3.9557	0.0225
3.2690	0.0024	0.0009	4.0074	0.0236
3.2695	0.0024	0.0041	4.0058	0.0244
3.2700	0.0027	-0.0014	3.9899	0.0267
3.2705	0.0027	-0.0066	4.0137	0.0263
3.2710	0.0025	0.0003	4.0619	0.0296
3.2715	0.0026	-0.0011	4.0733	0.0287
3.2720	0.0025	0.0012	4.0526	0.0226
3.2725	0.0028	0.0038	4.0615	0.0306
3.2730	0.0027	-0.0044	4.1060	0.0269
3.2735	0.0029	-0.0040	4.1189	0.0232
3.2740	0.0028	0.0007	4.0968	0.0286
3.2745	0.0027	-0.0063	4.0985	0.0235
3.2750	0.0026	-0.0008	4.1354	0.0286
3.2755	0.0027	-0.0025	4.1524	0.0274
3.2760	0.0027	-0.0021	4.1363	0.0283
3.2765	0.0031	0.0019	4.1286	0.0324
3.2770	0.0026	0.0003	4.1587	0.0242
3.2775	0.0032	0.0009	4.1770	0.0234
3.2780	0.0029	-0.0025	4.1570	0.0262
3.2785	0.0025	-0.0001	4.1465	0.0296
3.2790	0.0030	-0.0043	4.1685	0.0288
3.2795	0.0029	0.0028	4.1909	0.0264
3.2800	0.0030	-0.0015	4.1735	0.0319
3.2805	0.0026	0.0008	4.1525	0.0382
3.2810	0.0030	0.0003	4.1691	0.0309
3.2815	0.0035	-0.0011	4.1947	0.0275
3.2820	0.0029	0.0021	4.1741	0.0264
3.2825	0.0027	0.0009	4.1456	0.0328
3.2830	0.0029	0.0009	4.1550	0.0283
3.2835	0.0028	0.0030	4.1771	0.0305
3.2840	0.0029	-0.0002	4.1634	0.0294
3.2845	0.0025	-0.0002	4.1330	0.0297
3.2850	0.0028	0.0027	4.1331	0.0210
3.2855	0.0030	-0.0030	4.1550	0.0305
3.2860	0.0027	0.0005	4.1458	0.0264
3.2865	0.0031	-0.0023	4.1091	0.0318
3.2870	0.0030	0.0054	4.1045	0.0242
3.2875	0.0035	-0.0010	4.1259	0.0317
3.2880	0.0029	0.0004	4.1188	0.0264
3.2885	0.0031	-0.0040	4.0798	0.0318
3.2890	0.0033	0.0021	4.0651	0.0324
3.2895	0.0032	-0.0012	4.0771	0.0280
3.2900	0.0032	0.0027	4.0768	0.0302
3.2905	0.0031	0.0015	4.0409	0.0330
3.2910	0.0033	0.0012	4.0131	0.0226
3.2915	0.0030	0.0007	4.0197	0.0327
3.2920	0.0029	-0.0035	4.0164	0.0318
3.2925	0.0034	0.0027	3.9827	0.0310
3.2930	0.0028	0.0012	3.9506	0.0338
3.2935	0.0035	0.0013	3.9499	0.0273
3.2940	0.0030	-0.0009	3.9471	0.0301
3.2945	0.0030	-0.0038	3.9105	0.0280
3.2950	0.0031	0.0004	3.8774	0.0274
3.2955	0.0034	0.0009	3.8709	0.0332
3.2960	0.0033	0.0007	3.8683	0.0294
3.2965	0.0032	-0.0000	3.8336	0.0306
3.2970	0.0035	-0.0017	3.7946	0.0260
3.2975	0.0034	0.0017	3.7831	0.0310
3.2980	0.0027	-0.0017	3.7765	0.0328
3.2985	0.0031	-0.0015	3.7468	0.0228
3.2990	0.0031	0.0012	3.7054	0.0284
3.2995	0.0033	-0.0039	3.6826	0.0275
3.3000	0.0029	-0.0048	3.6760	0.0231
3.3005	0.0031	-0.0014	3.6500	0.0326
3.3010	0.0032	0.0026	3.6063	0.0270
3.3015	0.0028	-0.0011	3.5774	0.0260
3.3020	0.0026	0.0009	3.5670	0.0269
3.3025	0.0034	-0.0029	3.5427	0.0297
3.3030	0.0031	0.0012	3.4971	0.0244
3.3035	0.0029	-0.0014	3.4615	0.0310
3.3040	0.0032	-0.0011	3.4470	0.0338
3.3045	0.0028	0.0004	3.4263	0.0281
3.3050	0.0033	-0.0073	3.3805	0.0284
3.3055	0.0029	-0.0008	3.3400	0.0276
3.3060	0.0029	-0.0000	3.3216	0.0296
3.3065	0.0030	-0.0053	3.2989	0.0266
3.3070	0.0028	0.0015	3.2530	0.0257
3.3075	0.0023	-0.0027	3.2077	0.0328
3.3080	0.0029	0.0005	3.1850	0.0293
3.3085	0.0025	0.0034	3.1608	0.0271
3.3090	0.0031	-0.0014	3.1166	0.0247
3.3095	0.0028	0.0027	3.0688	0.0249
3.3100	0.0027	0.0001	3.0384	0.0290
3.3105	0.0027	0.0001	3.0168	0.0252
3.3110	0.0027	-0.0004	2.9726	0.0211
3.3115	0.0025	0.0030	2.9230	0.0319
3.3120	0.0027	-0.0020	2.8883	0.0235
3.3125	0.0025	0.0003	2.8640	0.0297
3.3130	0.0025	0.0020	2.8207	0.0255
3.3135	0.0024	-0.0042	2.7654	0.0294
3.3140	0.0033	-0.0038	2.7256	0.0175
3.3145	0.0022	-0.0038	2.7018	0.0300
3.3150	0.0023	-0.0017	2.6605	0.0253
3.3155	0.0027	-0.0001	2.6054	0.0201
3.3160	0.0025	-0.0013	2.5582	0.0200
3.3165	0.0024	-0.0002	2.5324	0.0333
3.3170	0.0028	-0.0008	2.4998	0.0225
3.3175	0.0022	-0.0016	2.4407	0.0177
3.3180	0.0026	-0.0017	2.3887	0.0226
3.3185	0.0019	-0.0038	2.3597	0.0250
3.3190	0.0021	-0.0019	2.3260	0.0221
3.3195	0.0023	0.0038	2.2659	0.0120
3.3200	0.0025	-0.0013	2.2115	0.0278
3.3205	0.0022	-0.0054	2.1759	0.0213
3.3210	0.0022	-0.0005	2.1447	0.0216
3.3215	0.0020	0.0004	2.0889	0.0177
3.3220	0.0022	-0.0011	2.0295	0.0221
3.3225	0.0020	-0.0030	1.9921	0.0223
3.3230	0.0021	-0.0035	1.9588	0.0228
3.3235	0.0021	0.0017	1.9028	0.0226
3.3240	0.0022	-0.0017	1.8459	0.0195
3.3245	0.0022	0.0023	1.8028	0.0184
3.3250	0.0019	-0.0024	1.7684	0.0182
3.3255	0.0020	0.0006	1.7164	0.0145
3.3260	0.0020	0.0005	1.6540	0.0203
3.3265	0.0023	-0.0020	1.6058	0.0198
3.3270	0.0021	-0.0015	1.5716	0.0175
3.3275	0.0018	0.0004	1.5235	0.0208
3.3280	0.0020	0.0005	1.4619	0.0247
3.3285	0.0019	-0.0016	1.4104	0.0136
3.3290	0.0019	-0.0026	1.3712	0.0201
3.3295	0.0021	-0.0032	1.3233	0.0128
3.3300	0.0018	-0.0015	1.2682	0.0175
3.3305	0.0023	-0.0033	1.2084	0.0201
3.3310	0.0021	0.0005	1.1673	0.0162
3.3315	0.0016	-0.0007	1.1230	0.0126
3.3320	0.0019	-0.0017	1.0659	0.0172
3.3325	0.0017	0.0016	1.0064	0.0113
3.3330	0.0019	0.0039	0.9619	0.0164
3.3335	0.0015	-0.0047	0.9177	0.0173
3.3340	0.0018	0.0035	0.8601	0.0174
3.3345	0.0018	-0.0032	0.8045	0.0153
3.3350	0.0015	-0.0026	0.7557	0.0149
3.3355	0.0014	0.0026	0.7102	0.0133
3.3360	0.0016	-0.0035	0.6550	0.0148
3.3365	0.0018	-0.0005	0.5976	0.0166
3.3370	0.0015	-0.0009	0.5482	0.0129
3.3375	0.0017	-0.0026	0.5017	0.0132
3.3380	0.0013	0.0009	0.4494	0.0177
3.3385	0.0014	0.0010	0.3923	0.0143
3.3390	0.0012	-0.0007	0.3381	0.0166
3.3395	0.0018	-0.0017	0.2925	0.0149
3.3400	0.0014	-0.0031	0.2415	0.0082
3.3405	0.0015	-0.0014	0.1830	0.0091
3.3410	0.0012	0.0011	0.1324	0.0138
3.3415	0.0008	-0.0038	0.0866	0.0162
3.3420	0.0011	-0.0053	0.0362	0.0049
3.3425	0.0012	-0.0029	-0.0110	0.0095
3.3430	0.0013	0.0009	-0.0370	0.0118
3.3435	0.0010	-0.0014	-0.0802	0.0072
3.3440	0.0011	-0.0028	-0.1736	0.0142
3.3445	0.0010	0.0030	-0.2573	0.0032
3.3450	0.0011	-0.0007	-0.2759	0.0118
3.3455	0.0006	0.0012	-0.2878	0.0126
3.3460	0.0007	-0.0012	-0.3646	0.0061
3.3465	0.0008	-0.0008	-0.4555	0.0146
3.3470	0.0008	-0.0020	-0.4865	0.0115
3.3475	0.0010	0.0030	-0.4929	0.0035
3.3480	0.0008	-0.0044	-0.5606	0.0125
3.3485	0.0011	-0.0015	-0.6573	0.0048
3.3490	0.0007	-0.0005	-0.6913	0.0113
3.3495	0.0010	0.0040	-0.6859	0.0018
3.3500	0.0010	-0.0027	-0.7557	0.0053
3.3505	0.0010	0.0007	-0.8618	0.0081
3.3510	0.0006	0.0015	-0.9059	0.0060
3.3515	0.0008	0.0003	-0.8974	0.0071
3.3520	0.0009	0.0015	-0.9502	0.0034
3.3525	0.0006	-0.0031	-1.0577	0.0070
3.3530	0.0008	-0.0019	-1.1117	0.0050
3.3535	0.0002	-0.0021	-1.1073	0.0012
3.3540	0.0007	0.0018	-1.1441	0.0083
3.3545	0.0004	-0.0005	-1.2457	0.0014
3.3550	0.0008	0.0004	-1.3140	0.0019
3.3555	0.0004	-0.0026	-1.3152	0.0037
3.3560	0.0005	-0.0008	-1.3354	0.0015
3.3565	0.0005	0.0017	-1.4331	0.0065
3.3570	0.0006	-0.0027	-1.5148	-0.0017
3.3575	0.0008	-0.0003	-1.5156	0.0022
3.3580	0.0004	0.0006	-1.5261	0.0077
3.3585	0.0007	-0.0067	-1.6116	0.0038
3.3590	0.0004	0.0005	-1.6994	0.0053
3.3595	0.0007	-0.0011	-1.7113	0.0001
3.3600	0.0004	0.0033	-1.6958	0.0066
3.3605	0.0008	0.0013	-1.7567	0.0019
3.3610	0.0003	-0.0047	-1.8805	0.0049
3.3615	0.0003	-0.0023	-1.9470	0.0025
3.3620	0.0003	-0.0036	-1.8977	-0.0032
3.3625	-0.0001	-0.0063	-1.9173	0.0004
3.3630	0.0003	-0.0035	-2.0731	-0.0017
3.3635	0.0005	-0.0036	-2.1555	0.0065
3.3640	0.0006	-0.0014	-2.0984	-0.0014
3.3645	0.0003	-0.0048	-2.0851	-0.0020
3.3650	-0.0001	-0.0004	-2.2271	-0.0003
3.3655	0.0004	-0.0037	-2.3340	0.0005
3.3660	0.0001	-0.0050	-2.2901	0.0031
3.3665	0.0002	-0.0002	-2.2613	0.0001
3.3670	0.0004	0.0036	-2.3817	0.0034
3.3675	0.0000	0.0009	-2.5047	0.0018
3.3680	-0.0000	-0.0014	-2.4817	0.0003
3.3685	0.0003	-0.0012	-2.4341	-0.0045
3.3690	-0.0002	-0.0011	-2.5289	0.0055
3.3695	-0.0001	-0.0023	-2.6630	0.0030
3.3700	-0.0001	-0.0005	-2.6634	-0.0004
3.3705	-0.0003	0.0036	-2.6062	-0.0041
3.3710	-0.0004	0.0005	-2.6760	-0.0074
3.3715	-0.0001	-0.0007	-2.8107	-0.0014
3.3720	0.0000	-0.0026	-2.8331	-0.0035
3.3725	-0.0003	0.0006	-2.7708	0.0020
3.3730	-0.0002	0.0006	-2.8142	-0.0066
3.3735	-0.0001	-0.0001	-2.9511	-0.0026
3.3740	-0.0004	0.0016	-2.9931	-0.0025
3.3745	-0.0001	-0.0000	-2.9310	-0.0012
3.3750	0.0000	-0.0023	-2.9489	-0.0080
3.3755	-0.0006	0.0005	-3.0803	0.0006
3.3760	-0.0003	-0.0011	-3.1454	-0.0031
3.3765	-0.0002	0.0041	-3.0861	-0.0058
3.3770	-0.0008	0.0018	-3.0791	-0.0052
3.3775	-0.0005	0.0040	-3.1996	-0.0015
3.3780	-0.0004	-0.0012	-3.2830	-0.0067
3.3785	-0.0009	0.0001	-3.2351	-0.0072
3.3790	-0.0007	-0.0042	-3.2049	-0.0069
3.3795	-0.0005	-0.0005	-3.3126	-0.0105
3.3800	-0.0007	-0.0005	-3.4107	-0.0027
3.3805	-0.0008	0.0022	-3.3757	-0.0119
3.3810	-0.0007	-0.0006	-3.3274	-0.0064
3.3815	-0.0006	0.0038	-3.4117	-0.0073
3.3820	-0.0010	-0.0014	-3.5247	-0.0057
3.3825	-0.0004	0.0018	-3.5053	-0.0120
3.3830	-0.0012	-0.0016	-3.4461	-0.0084
3.3835	-0.0007	-0.0028	-3.5063	-0.0083
3.3840	-0.0009	-0.0007	-3.6190	-0.0103
3.3845	-0.0005	-0.0008	-3.6194	-0.0069
3.3850	-0.0010	0.0004	-3.5566	-0.0120
3.3855	-0.0012	-0.0017	-3.5946	-0.0058
3.3860	-0.0013	0.0001	-3.7066	-0.0062
3.3865	-0.0013	-0.0057	-3.7278	-0.0105
3.3870	-0.0010	0.0033	-3.6605	-0.0036
3.3875	-0.0006	-0.0013	-3.6727	-0.0043
3.3880	-0.0010	0.0024	-3.7799	-0.0149
3.3885	-0.0008	0.0018	-3.8201	-0.0064
3.3890	-0.0013	-0.0046	-3.7581	-0.0126
3.3895	-0.0005	0.0027	-3.7475	-0.0056
3.3900	-0.0010	0.0030	-3.8472	-0.0147
3.3905	-0.0014	-0.0020	-3.9078	-0.0111
3.3910	-0.0009	-0.0000	-3.8483	-0.0133
3.3915	-0.0009	-0.0035	-3.8173	-0.0097
3.3920	-0.0007	-0.0015	-3.9037	-0.0171
3.3925	-0.0011	0.0015	-3.9737	-0.0066
3.3930	-0.0012	0.0027	-3.9285	-0.0136
3.3935	-0.0014	-0.0011	-3.8825	-0.0093
3.3940	-0.0010	-0.0005	-3.9494	-0.0154
3.3945	-0.0011	-0.0045	-4.0238	-0.0172
3.3950	-0.0010	-0.0042	-3.9935	-0.0130
3.3955	-0.0008	-0.0020	-3.9353	-0.0096
3.3960	-0.0016	-0.0020	-3.9767	-0.0127
3.3965	-0.0012	-0.0015	-4.0580	-0.0097
3.3970	-0.0013	-0.0022	-4.0451	-0.0162
3.3975	-0.0009	-0.0012	-3.9822	-0.0126
3.3980	-0.0014	-0.0044	-4.0013	-0.0148
3.3985	-0.0014	0.0003	-4.0810	-0.0084
3.3990	-0.0016	-0.0032	-4.0819	-0.0209
3.3995	-0.0010	0.0007	-4.0139	-0.0192
3.4000	-0.0016	-0.0014	-4.0113	-0.0156
3.4005	-0.0012	-0.0018	-4.0919	-0.0161
3.4010	-0.0014	0.0012	-4.1090	-0.0187
3.4015	-0.0015	0.0035	-4.0355	-0.0106
3.4020	-0.0015	0.0033	-4.0138	-0.0197
3.4025	-0.0014	-0.0004	-4.0859	-0.0141
3.4030	-0.0012	-0.0002	-4.1165	-0.0158
3.4035	-0.0017	-0.0002	-4.0505	-0.0127
3.4040	-0.0014	-0.0005	-4.0190	-0.0142
3.4045	-0.0013	0.0025	-4.0770	-0.0195
3.4050	-0.0017	-0.0007	-4.1200	-0.0121
3.4055	-0.0013	-0.0025	-4.0632	-0.0115
3.4060	-0.0017	-0.0003	-4.0100	-0.0171
3.4065	-0.0020	0.0021	-4.0521	-0.0167
3.4070	-0.0012	-0.0020	-4.0971	-0.0125
3.4075	-0.0018	0.0021	-4.0606	-0.0147
3.4080	-0.0012	-0.0025	-3.9735	-0.0169
3.4085	-0.0015	-0.0020	-3.9428	-0.0167
3.4090	-0.0019	0.0008	-3.9821	-0.0185
3.4095	-0.0013	-0.0014	-3.9517	-0.0197
3.4100	-0.0016	-0.0011	-3.8779	-0.0140
3.4105	-0.0014	-0.0007	-3.8796	-0.0211
3.4110	-0.0016	0.0003	-3.9381	-0.0121
3.4115	-0.0017	0.0010	-3.9291	-0.0162
3.4120	-0.0018	-0.0058	-3.8685	-0.0177
3.4125	-0.0018	0.0030	-3.8479	-0.0182
3.4130	-0.0018	-0.0000	-3.8925	-0.0172
3.4135	-0.0017	-0.0009	-3.8974	-0.0158
3.4140	-0.0016	-0.0002	-3.8398	-0.0155
3.4145	-0.0016	0.0027	-3.8062	-0.0130
3.4150	-0.0017	-0.0002	-3.8424	-0.0175
3.4155	-0.0018	0.0021	-3.8599	-0.0125
3.4160	-0.0016	0.0009	-3.8023	-0.0198
3.4165	-0.0014	0.0023	-3.7528	-0.0170
3.4170	-0.0015	0.0039	-3.7772	-0.0179
3.4175	-0.0019	-0.0009	-3.8024	-0.0213
3.4180	-0.0019	-0.0008	-3.7547	-0.0201
3.4185	-0.0014	0.0039	-3.6967	-0.0234
3.4190	-0.0013	-0.0016	-3.7042	-0.0182
3.4195	-0.0017	0.0019	-3.7352	-0.0202
3.4200	-0.0018	0.0012	-3.6972	-0.0204
3.4205	-0.0018	0.0017	-3.6270	-0.0178
3.4210	-0.0012	0.0015	-3.6240	-0.0214
3.4215	-0.0016	0.0006	-3.6502	-0.0197
3.4220	-0.0018	-0.0001	-3.6202	-0.0210
3.4225	-0.0018	-0.0011	-3.5522	-0.0169
3.4230	-0.0018	-0.0011	-3.5329	-0.0173
3.4235	-0.0017	0.0004	-3.5600	-0.0138
3.4240	-0.0016	-0.0011	-3.5423	-0.0167
3.4245	-0.0012	0.0048	-3.4672	-0.0204
3.4250	-0.0013	0.0029	-3.4337	-0.0154
3.4255	-0.0016	-0.0024	-3.4548	-0.0190
3.4260	-0.0016	0.0036	-3.4460	-0.0148
3.4265	-0.0016	0.0024	-3.3777	-0.0206
3.4270	-0.0016	0.0004	-3.3356	-0.0252
3.4275	-0.0018	-0.0012	-3.3467	-0.0173
3.4280	-0.0012	-0.0004	-3.3413	-0.0198
3.4285	-0.0013	0.0004	-3.2781	-0.0189
3.4290	-0.0016	-0.0013	-3.2198	-0.0130
3.4295	-0.0014	-0.0012	-3.2209	-0.0162
3.4300	-0.0016	-0.0010	-3.2198	-0.0150
3.4305	-0.0014	-0.0019	-3.1683	-0.0169
3.4310	-0.0018	0.0033	-3.1032	-0.0152
3.4315	-0.0012	-0.0018	-3.0914	-0.0131
3.4320	-0.0015	0.0033	-3.0942	-0.0119
3.4325	-0.0015	-0.0005	-3.0489	-0.0180
3.4330	-0.0017	-0.0017	-2.9797	-0.0169
3.4335	-0.0016	0.0006	-2.9558	-0.0172
3.4340	-0.0015	-0.0032	-2.9575	-0.0177
3.4345	-0.0017	-0.0002	-2.9173	-0.0083
3.4350	-0.0014	0.0020	-2.8470	-0.0159
3.4355	-0.0013	-0.0023	-2.8124	-0.0172
3.4360	-0.0017	0.0004	-2.8112	-0.0166
3.4365	-0.0012	-0.0029	-2.7753	-0.0160
3.4370	-0.0017	0.0027	-2.7055	-0.0141
3.4375	-0.0017	0.0013	-2.6627	-0.0166
3.4380	-0.0010	-0.0013	-2.6526	-0.0154
3.4385	-0.0014	-0.0029	-2.6250	-0.0133
3.4390	-0.0015	0.0012	-2.5578	-0.0183
3.4395	-0.0017	-0.0002	-2.5088	-0.0131
3.4400	-0.0010	-0.0054	-2.4941	-0.0126
3.4405	-0.0014	0.0010	-2.4694	-0.0168
3.4410	-0.0009	0.0006	-2.4025	-0.0078
3.4415	-0.0016	0.0031	-2.3441	-0.0152
3.4420	-0.0012	0.0006	-2.3266	-0.0130
3.4425	-0.0013	-0.0029	-2.3035	-0.0110
3.4430	-0.0010	0.0023	-2.2389	-0.0180
3.4435	-0.0010	0.0007	-2.1800	-0.0097
3.4440	-0.0012	-0.0043	-2.1534	-0.0074
3.4445	-0.0011	-0.0041	-2.1327	-0.0058
3.4450	-0.0010	-0.0011	-2.0761	-0.0111
3.4455	-0.0006	-0.0002	-2.0061	-0.0123
3.4460	-0.0011	-0.0014	-1.9755	-0.0141
3.4465	-0.0015	-0.0027	-1.9539	-0.0067
3.4470	-0.0007	0.0014	-1.9012	-0.0072
3.4475	-0.0008	-0.0010	-1.8345	-0.0103
3.4480	-0.0009	0.0027	-1.7916	-0.0125
3.4485	-0.0008	-0.0005	-1.7700	-0.0135
3.4490	-0.0007	0.0008	-1.7255	-0.0128
3.4495	-0.0006	0.0021	-1.6549	-0.0161
3.4500	-0.0008	-0.0016	-1.6056	-0.0117
3.4505	-0.0008	0.0020	-1.5812	-0.0033
3.4510	-0.0005	-0.0017	-1.5424	-0.0110
3.4515	-0.0010	-0.0029	-1.4741	-0.0064
3.4520	-0.0008	-0.0015	-1.4157	-0.0117
3.4525	-0.0008	-0.0022	-1.3884	-0.0148
3.4530	-0.0009	0.0003	-1.3486	-0.0078
3.4535	-0.0006	0.0020	-1.2883	-0.0088
3.4540	-0.0007	0.0002	-1.2256	-0.0077
3.4545	-0.0007	-0.0017	-1.1899	0.0005
3.4550	-0.0006	-0.0005	-1.1554	-0.0077
3.4555	-0.0004	0.0013	-1.0934	-0.0030
3.4560	-0.0005	0.0014	-1.0320	-0.0045
3.4565	-0.0005	-0.0014	-0.9921	-0.0068
3.4570	-0.0001	-0.0021	-0.9550	-0.0052
3.4575	-0.0007	-0.0044	-0.8976	-0.0082
3.4580	-0.0003	-0.0012	-0.8346	-0.0045
3.4585	-0.0003	-0.0014	-0.7894	-0.0068
3.4590	-0.0007	0.0029	-0.7546	-0.0063
3.4595	-0.0001	-0.0008	-0.7024	-0.0073
3.4600	-0.0003	0.0003	-0.6357	-0.0044
3.4605	-0.0001	0.0018	-0.5879	0.0004
3.4610	-0.0001	0.0001	-0.5506	-0.0036
3.4615	0.0002	-0.0011	-0.5016	-0.0005
3.4620	-0.0000	-0.0017	-0.4392	-0.0031
3.4625	-0.0002	0.0016	-0.3867	-0.0024
3.4630	-0.0001	-0.0002	-0.3437	-0.0002
3.4635	-0.0000	0.0009	-0.2992	-0.0017
3.4640	0.0003	-0.0018	-0.2368	-0.0058
3.4645	0.0001	-0.0008	-0.1819	0.0024
3.4650	0.0003	0.0013	-0.1415	-0.0020
3.4655	0.0000	0.0001	-0.0966	-0.0002
3.4660	0.0004	-0.0017	-0.0424	0.0019
3.4665	0.0002	0.0001	0.0075	-0.0011
3.4670	0.0003	-0.0005	0.0442	0.0022
3.4675	-0.0001	-0.0004	0.0968	0.0057
3.4680	0.0003	-0.0015	0.1626	-0.0001
3.4685	0.0004	0.0007	0.2035	-0.0015
3.4690	0.0005	-0.0024	0.2358	0.0039
3.4695	0.0004	-0.0001	0.2914	0.0035
3.4700	0.0002	-0.0020	0.3686	-0.0036
3.4705	0.0004	0.0021	0.4171	0.0019
3.4710	0.0003	-0.0012	0.4376	0.0028
3.4715	0.0007	-0.0032	0.4840	-0.0022
3.4720	0.0003	-0.0002	0.5596	-0.0007
3.4725	0.0006	-0.0041	0.6189	0.0055
3.4730	0.0002	0.0052	0.6429	0.0020
3.4735	0.0011	-0.0032	0.6782	0.0043
3.4740	0.0007	0.0001	0.7525	0.0037
3.4745	0.0004	-0.0038	0.8150	0.0009
3.4750	0.0006	0.0015	0.8404	0.0072
3.4755	0.0007	0.0027	0.8757	0.0066
3.4760	0.0009	0.0033	0.9445	0.0084
3.4765	0.0012	-0.0005	1.0092	0.0084
3.4770	0.0008	-0.0022	1.0404	0.0061
3.4775	0.0009	-0.0019	1.0686	0.0073
3.4780	0.0005	0.0012	1.1338	0.0069
3.4785	0.0011	-0.0033	1.1997	0.0163
3.4790	0.0005	-0.0032	1.2373	0.0091
3.4795	0.0009	-0.0027	1.2607	0.0058
3.4800	0.0007	0.0027	1.3191	0.0129
3.4805	0.0004	-0.0008	1.3887	0.0071
3.4810	0.0006	-0.0005	1.4254	0.0125
3.4815	0.0012	-0.0010	1.4494	0.0103
3.4820	0.0009	-0.0020	1.5004	0.0052
3.4825	0.0011	-0.0038	1.5715	0.0132
3.4830	0.0004	-0.0061	1.6155	0.0095
3.4835	0.0006	-0.0050	1.6240	0.0061
3.4840	0.0013	-0.0033	1.6564	0.0122
3.4845	0.0011	-0.0007	1.7261	0.0052
3.4850	0.0010	0.0012	1.7514	0.0051
3.4855	0.0015	0.0016	1.7861	0.0087
3.4860	0.0011	0.0015	1.8622	0.0071
3.4865	0.0008	0.0015	1.9509	0.0097
3.4870	0.0011	0.0023	1.9682	0.0165
3.4875	0.0015	-0.0015	1.9618	0.0095
3.4880	0.0008	0.0001	2.0240	0.0079
3.4885	0.0015	-0.0026	2.1170	0.0151
3.4890	0.0010	-0.0011	2.1425	0.0113
3.4895	0.0014	-0.0031	2.1368	0.0136
3.4900	0.0016	0.0013	2.1875	0.0097
3.4905	0.0015	0.0003	2.2743	0.0100
3.4910	0.0013	-0.0008	2.3127	0.0118
3.4915	0.0015	-0.0005	2.3012	0.0065
3.4920	0.0014	0.0017	2.3407	0.0090
3.4925	0.0013	-0.0058	2.4296	0.0077
3.4930	0.0013	0.0004	2.4736	0.0131
3.4935	0.0014	0.0011	2.4671	0.0070
3.4940	0.0013	0.0011	2.4927	0.0133
3.4945	0.0013	-0.0005	2.5746	0.0112
3.4950	0.0016	0.0002	2.6272	0.0174
3.4955	0.0017	0.0001	2.6238	0.0117
3.4960	0.0019	-0.0001	2.6391	0.0177
3.4965	0.0019	-0.0037	2.7120	0.0155
3.4970	0.0020	0.0018	2.7736	0.0119
3.4975	0.0012	-0.0024	2.7732	0.0126
3.4980	0.0019	-0.0047	2.7758	0.0124
3.4985	0.0019	-0.0040	2.8405	0.0146
3.4990	0.0014	-0.0017	2.9080	0.0129
3.4995	0.0020	-0.0020	2.9187	0.0181
3.5000	0.0013	-0.0026	2.9083	0.0161
3.5005	0.0023	-0.0017	2.9529	0.0120
3.5010	0.0020	-0.0055	3.0246	0.0150
3.5015	0.0017	-0.0019	3.0400	0.0208
3.5020	0.0019	-0.0000	3.0283	0.0185
3.5025	0.0018	-0.0039	3.0611	0.0180
3.5030	0.0023	-0.0005	3.1308	0.0210
3.5035	0.0014	-0.0014	3.1589	0.0227
3.5040	0.0025	0.0006	3.1485	0.0263
3.5045	0.0021	0.0002	3.1764	0.0163
3.5050	0.0018	0.0038	3.2436	0.0236
3.5055	0.0020	0.0003	3.2781	0.0164
3.5060	0.0020	-0.0010	3.2649	0.0197
3.5065	0.0022	0.0004	3.2834	0.0165
3.5070	0.0024	-0.0002	3.3501	0.0237
3.5075	0.0026	0.0017	3.3913	0.0177
3.5080	0.0024	-0.0047	3.3820	0.0146
3.5085	0.0021	0.0005	3.3862	0.0244
3.5090	0.0025	-0.0053	3.4437	0.0182
3.5095	0.0023	-0.0008	3.4935	0.0167
3.5100	0.0022	-0.0013	3.4892	0.0218
3.5105	0.0025	0.0013	3.4825	0.0156
3.5110	0.0018	-0.0014	3.5281	0.0160
3.5115	0.0023	-0.0017	3.5853	0.0259
3.5120	0.0026	-0.0014	3.5867	0.0252
3.5125	0.0023	-0.0001	3.5746	0.0172
3.5130	0.0022	0.0033	3.6072	0.0200
3.5135	0.0026	-0.0022	3.6653	0.0191
3.5140	0.0025	-0.0039	3.6777	0.0201
3.5145	0.0022	-0.0037	3.6595	0.0229
3.5150	0.0026	0.0001	3.6790	0.0237
3.5155	0.0024	-0.0030	3.7355	0.0226
3.5160	0.0023	-0.0007	3.7524	0.0193
3.5165	0.0027	-0.0018	3.7331	0.0274
3.5170	0.0026	-0.0013	3.7408	0.0256
3.5175	0.0033	-0.0038	3.7929	0.0239
3.5180	0.0028	-0.0014	3.8208	0.0257
3.5185	0.0025	0.0023	3.7998	0.0224
3.5190	0.0030	0.0010	3.7970	0.0170
3.5195	0.0026	-0.0013	3.8421	0.0279
3.5200	0.0024	-0.0000	3.8719	0.0250
3.5205	0.0026	-0.0031	3.8508	0.0262
3.5210	0.0028	-0.0005	3.8380	0.0228
3.5215	0.0024	-0.0046	3.8776	0.0215
3.5220	0.0029	-0.0026	3.9119	0.0278
3.5225	0.0026	-0.0005	3.8934	0.0263
3.5230	0.0031	-0.0018	3.8739	0.0241
3.5235	0.0021	-0.0025	3.9042	0.0304
3.5240	0.0030	-0.0023	3.9441	0.0286
3.5245	0.0025	-0.0002	3.9294	0.0234
3.5250	0.0024	-0.0002	3.8984	0.0216
3.5255	0.0031	0.0006	3.9204	0.0330
3.5260	0.0025	-0.0007	3.9604	0.0305
3.5265	0.0028	0.0027	3.9527	0.0335
3.5270	0.0029	-0.0027	3.9168	0.0298
3.5275	0.0027	-0.0027	3.9263	0.0290
3.5280	0.0027	-0.0038	3.9688	0.0310
3.5285	0.0032	-0.0014	3.9628	0.0289
3.5290	0.0029	0.0062	3.9258	0.0267
3.5295	0.0026	0.0008	3.9242	0.0235
3.5300	0.0031	-0.0011	3.9579	0.0330
3.5305	0.0032	-0.0036	3.9612	0.0297
3.5310	0.0027	0.0001	3.9217	0.0224
3.5315	0.0029	-0.0052	3.9116	0.0243
3.5320	0.0026	0.0024	3.9386	0.0270
3.5325	0.0031	-0.0007	3.9446	0.0347
3.5330	0.0028	0.0024	3.9111	0.0257
3.5335	0.0033	-0.0025	3.8914	0.0247
3.5340	0.0027	-0.0024	3.9115	0.0280
3.5345	0.0027	-0.0032	3.9243	0.0305
3.5350	0.0029	-0.0024	3.8938	0.0234
3.5355	0.0030	0.0006	3.8623	0.0298
3.5360	0.0026	-0.0015	3.8763	0.0308
3.5365	0.0028	-0.0025	3.8912	0.0247
3.5370	0.0027	-0.0014	3.8634	0.0286
3.5375	0.0030	-0.0019	3.8253	0.0308
3.5380	0.0030	-0.0008	3.8288	0.0231
3.5385	0.0029	-0.0011	3.8433	0.0255
3.5390	0.0028	-0.0037	3.8213	0.0289
3.5395	0.0032	-0.0027	3.7802	0.0278
3.5400	0.0032	0.0030	3.7699	0.0250
3.5405	0.0029	-0.0010	3.7823	0.0305
3.5410	0.0027	0.0006	3.7636	0.0260
3.5415	0.0024	-0.0014	3.7222	0.0190
3.5420	0.0026	0.0015	3.7005	0.0247
3.5425	0.0030	0.0017	3.7081	0.0262
3.5430	0.0029	-0.0000	3.6974	0.0248
3.5435	0.0031	-0.0005	3.6551	0.0283
3.5440	0.0023	-0.0016	3.6264	0.0241
3.5445	0.0028	-0.0001	3.6301	0.0281
3.5450	0.0031	0.0017	3.6195	0.0250
3.5455	0.0029	0.0009	3.5768	0.0327
3.5460	0.0027	-0.0002	3.5421	0.0249
3.5465	0.0034	-0.0014	3.5388	0.0241
3.5470	0.0026	-0.0050	3.5322	0.0254
3.5475	0.0029	0.0017	3.4895	0.0307
3.5480	0.0029	0.0021	3.4494	0.0255
3.5485	0.0031	-0.0021	3.4390	0.0307
3.5490	0.0027	-0.0014	3.4347	0.0234
3.5495	0.0030	0.0010	3.3963	0.0273
3.5500	0.0031	-0.0010	3.3512	0.0311
3.5505	0.0028	0.0019	3.3347	0.0284
3.5510	0.0031	-0.0017	3.3258	0.0300
3.5515	0.0027	-0.0049	3.2915	0.0279
3.5520	0.0031	0.0024	3.2431	0.0288
3.5525	0.0032	-0.0040	3.2202	0.0288
3.5530	0.0024	-0.0021	3.2104	0.0286
3.5535	0.0029	-0.0010	3.1797	0.0269
3.5540	0.0028	0.0002	3.1286	0.0216
3.5545	0.0028	-0.0002	3.0969	0.0249
3.5550	0.0030	-0.0012	3.0868	0.0234
3.5555	0.0026	0.0020	3.0583	0.0249
3.5560	0.0026	-0.0000	3.0044	0.0229
3.5565	0.0026	0.0024	2.9657	0.0200
3.5570	0.0026	-0.0033	2.9499	0.0234
3.5575	0.0028	0.0002	2.9266	0.0232
3.5580	0.0026	-0.0038	2.8718	0.0229
3.5585	0.0028	-0.0035	2.8280	0.0246
3.5590	0.0025	-0.0021	2.8081	0.0264
3.5595	0.0025	-0.0016	2.7893	0.0218
3.5600	0.0025	-0.0000	2.7343	0.0265
3.5605	0.0029	0.0019	2.6808	0.0180
3.5610	0.0025	0.0019	2.6589	0.0247
3.5615	0.0026	-0.0034	2.6413	0.0257
3.5620	0.0021	-0.0025	2.5882	0.0236
3.5625	0.0028	-0.0029	2.5334	0.0283
3.5630	0.0023	-0.0022	2.5049	0.0226
3.5635	0.0024	-0.0021	2.4813	0.0252
3.5640	0.0022	-0.0004	2.4356	0.0262
3.5645	0.0026	0.0016	2.3747	0.0208
3.5650	0.0027	-0.0028	2.3411	0.0246
3.5655	0.0019	0.0015	2.3211	0.0246
3.5660	0.0025	-0.0007	2.2785	0.0180
3.5665	0.0021	-0.0007	2.2139	0.0234
3.5670	0.0026	-0.0035	2.1725	0.0157
3.5675	0.0021	-0.0028	2.1528	0.0185
3.5680	0.0022	0.0017	2.1158	0.0165
3.5685	0.0021	-0.0011	2.0499	0.0224
3.5690	0.0022	0.0004	2.0039	0.0165
3.5695	0.0021	-0.0016	1.9801	0.0119
3.5700	0.0023	-0.0027	1.9420	0.0144
3.5705	0.0019	-0.0031	1.8814	0.0215
3.5710	0.0019	-0.0018	1.8256	0.0191
3.5715	0.0020	-0.0021	1.8020	0.0121
3.5720	0.0022	-0.0014	1.7669	0.0221
3.5725	0.0019	-0.0014	1.7038	0.0163
3.5730	0.0018	0.0024	1.6469	0.0174
3.5735	0.0018	0.0045	1.6167	0.0241
3.5740	0.0022	-0.0014	1.5848	0.0162
3.5745	0.0014	0.0014	1.5262	0.0172
3.5750	0.0021	-0.0053	1.4644	0.0211
3.5755	0.0019	0.0020	1.4307	0.0113
3.5760	0.0018	0.0006	1.3972	0.0180
3.5765	0.0021	-0.0046	1.3419	0.0190
3.5770	0.0016	-0.0019	1.2800	0.0190
3.5775	0.0018	-0.0008	1.2386	0.0173
3.5780	0.0016	0.0005	1.2067	0.0152
3.5785	0.0018	-0.0035	1.1559	0.0098
3.5790	0.0014	0.0033	1.0924	0.0144
3.5795	0.0017	0.0012	1.0479	0.0138
3.5800	0.0014	-0.0038	1.0134	0.0141
3.5805	0.0016	0.0018	0.9660	0.0198
3.5810	0.0015	0.0022	0.9009	0.0187
3.5815	0.0015	0.0032	0.8484	0.0152
3.5820	0.0015	-0.0011	0.8168	0.0167
3.5825	0.0012	0.0024	0.7723	0.0141
3.5830	0.0016	-0.0039	0.7089	0.0109
3.5835	0.0015	0.0044	0.6552	0.0074
3.5840	0.0014	-0.0021	0.6184	0.0153
3.5845	0.0015	-0.0004	0.5763	0.0068
3.5850	0.0013	-0.0017	0.5163	0.0118
3.5855	0.0014	-0.0004	0.4579	0.0090
3.5860	0.0016	0.0005	0.4206	0.0103
3.5865	0.0012	-0.0035	0.3785	0.0177
3.5870	0.0014	0.0005	0.3189	0.0114
3.5875	0.0016	-0.0033	0.2617	0.0144
3.5880	0.0016	0.0012	0.2213	0.0149
3.5885	0.0012	0.0004	0.1794	0.0105
3.5890	0.0012	0.0040	0.1259	0.0121
3.5895	0.0011	-0.0046	0.0719	0.0088
3.5900	0.0013	-0.0014	0.0271	0.0068
3.5905	0.0011	-0.0011	-0.0106	0.0105
3.5910	0.0014	-0.0037	-0.0378	0.0113
3.5915	0.0009	0.0003	-0.0801	0.0142
3.5920	0.0009	0.0013	-0.1706	0.0107
3.5925	0.0010	-0.0009	-0.2497	0.0092
3.5930	0.0013	-0.0014	-0.2664	0.0053
3.5935	0.0007	-0.0005	-0.2783	0.0086
3.5940	0.0012	-0.0005	-0.3529	0.0061
3.5945	0.0008	-0.0011	-0.4429	0.0017
3.5950	0.0008	0.0019	-0.4681	0.0140
3.5955	0.0009	-0.0061	-0.4703	0.0080
3.5960	0.0008	-0.0034	-0.5391	0.0080
3.5965	0.0006	-0.0012	-0.6278	0.0067
3.5970	0.0008	0.0006	-0.6629	0.0029
3.5975	0.0010	-0.0005	-0.6564	0.0053
3.5980	0.0009	-0.0020	-0.7175	0.0063
3.5985	0.0003	0.0011	-0.8252	0.0110
3.5990	0.0006	-0.0025	-0.8674	-0.0047
3.5995	0.0006	-0.0029	-0.8547	0.0028
3.6000	0.0008	-0.0024	-0.9027	0.0072
3.6005	0.0007	0.0023	-1.0061	0.0032
3.6010	0.0006	0.0008	-1.0625	-0.0001
3.6015	0.0002	-0.0033	-1.0544	0.0070
3.6020	0.0002	-0.0017	-1.0849	0.0082
3.6025	0.0007	-0.0048	-1.1868	0.0047
3.6030	0.0007	-0.0043	-1.2564	0.0029
3.6035	0.0009	0.0037	-1.2473	0.0020
3.6040	0.0009	0.0006	-1.2691	-0.0041
3.6045	0.0006	-0.0028	-1.3613	-0.0026
3.6050	0.0003	0.0011	-1.4394	0.0008
3.6055	0.0005	-0.0014	-1.4420	-0.0011
3.6060	0.0006	0.0026	-1.4485	0.0046
3.6065	0.0004	-0.0013	-1.5335	0.0014
3.6070	-0.0001	0.0021	-1.6190	0.0015
3.6075	0.0004	-0.0006	-1.6319	-0.0027
3.6080	0.0002	-0.0037	-1.6291	0.0034
3.6085	0.0008	0.0021	-1.6790	0.0059
3.6090	0.0006	-0.0043	-1.7599	0.0034
3.6095	0.0001	-0.0041	-1.8229	-0.0021
3.6100	0.0003	-0.0044	-1.8451	0.0059
3.6105	0.0002	-0.0014	-1.8480	-0.0009
3.6110	0.0003	-0.0034	-1.9105	0.0021
3.6115	0.0001	-0.0002	-2.0164	-0.0046
3.6120	0.0000	-0.0011	-2.0453	0.0022
3.6125	0.0005	-0.0005	-2.0232	-0.0014
3.6130	-0.0001	-0.0010	-2.0670	-0.0005
3.6135	0.0002	-0.0018	-2.1708	0.0051
3.6140	0.0001	0.0036	-2.2138	-0.0026
3.6145	0.0002	0.0022	-2.1969	0.0014
3.6150	0.0003	-0.0005	-2.2257	-0.0010
3.6155	-0.0000	0.0036	-2.3250	0.0051
3.6160	0.0002	-0.0005	-2.3810	0.0035
3.6165	-0.0001	-0.0022	-2.3659	-0.0015
3.6170	-0.0002	0.0006	-2.3791	-0.0019
3.6175	0.0003	-0.0026	-2.4689	0.0049
3.6180	0.0001	0.0008	-2.5387	-0.0005
3.6185	-0.0002	-0.0041	-2.5291	-0.0050
3.6190	0.0003	-0.0020	-2.5322	-0.0004
3.6195	0.0001	-0.0038	-2.6091	-0.0027
3.6200	-0.0002	0.0012	-2.6825	-0.0048
3.6205	-0.0003	-0.0036	-2.6815	-0.0053
3.6210	-0.0004	-0.0047	-2.6751	-0.0026
3.6215	0.0003	0.0057	-2.7446	-0.0025
3.6220	-0.0001	0.0030	-2.8245	-0.0065
3.6225	-0.0003	-0.0000	-2.8316	-0.0027
3.6230	-0.0004	-0.0027	-2.8140	-0.0035
3.6235	-0.0003	0.0013	-2.8681	0.0006
3.6240	-0.0003	0.0002	-2.9517	-0.0030
3.6245	-0.0005	0.0015	-2.9749	0.0001
3.6250	-0.0006	-0.0015	-2.9477	-0.0040
3.6255	-0.0003	0.0009	-2.9902	-0.0092
3.6260	-0.0006	0.0003	-3.0774	-0.0023
3.6265	-0.0003	-0.0005	-3.1055	-0.0031
3.6270	-0.0002	-0.0017	-3.0768	-0.0066
3.6275	-0.0005	-0.0005	-3.1028	-0.0146
3.6280	-0.0007	0.0012	-3.1893	-0.0064
3.6285	-0.0006	-0.0011	-3.2299	-0.0044
3.6290	-0.0007	0.0003	-3.2022	-0.0099
3.6295	-0.0007	-0.0026	-3.2106	-0.0095
3.6300	-0.0003	0.0027	-3.2893	-0.0092
3.6305	-0.0006	-0.0026	-3.3387	-0.0078
3.6310	-0.0006	0.0009	-3.3154	-0.0031
3.6315	-0.0005	0.0030	-3.3114	0.0001
3.6320	-0.0008	-0.0020	-3.3811	-0.0063
3.6325	-0.0005	-0.0025	-3.4383	-0.0084
3.6330	-0.0010	0.0022	-3.4196	-0.0061
3.6335	-0.0008	-0.0000	-3.4045	-0.0098
3.6340	-0.0009	0.0001	-3.4638	-0.0099
3.6345	-0.0004	0.0019	-3.5253	-0.0144
3.6350	-0.0005	-0.0015	-3.5167	-0.0083
3.6355	0.0000	-0.0009	-3.4952	-0.0012
3.6360	-0.0010	-0.0028	-3.5404	-0.0093
3.6365	-0.0004	-0.0005	-3.6037	-0.0144
3.6370	-0.0006	-0.0025	-3.6048	-0.0134
3.6375	-0.0006	0.0018	-3.5753	-0.0123
3.6380	-0.0010	-0.0004	-3.6043	-0.0105
3.6385	-0.0009	-0.0044	-3.6691	-0.0136
3.6390	-0.0012	-0.0002	-3.6817	-0.0094
3.6395	-0.0008	-0.0021	-3.6492	-0.0175
3.6400	-0.0009	0.0018	-3.6665	-0.0088
3.6405	-0.0009	-0.0002	-3.7274	-0.0105
3.6410	-0.0010	-0.0014	-3.7454	-0.0099
3.6415	-0.0010	-0.0036	-3.7140	-0.0134
3.6420	-0.0011	0.0012	-3.7166	-0.0126
3.6425	-0.0008	-0.0026	-3.7712	-0.0124
3.6430	-0.0010	0.0005	-3.7992	-0.0133
3.6435	-0.0012	-0.0018	-3.7632	-0.0119
3.6440	-0.0009	0.0003	-3.7519	-0.0126
3.6445	-0.0010	-0.0008	-3.8011	-0.0155
3.6450	-0.0008	-0.0011	-3.8365	-0.0104
3.6455	-0.0013	-0.0041	-3.8074	-0.0111
3.6460	-0.0017	-0.0002	-3.7835	-0.0152
3.6465	-0.0008	-0.0026	-3.8208	-0.0096
3.6470	-0.0012	0.0006	-3.8652	-0.0104
3.6475	-0.0012	-0.0009	-3.8353	-0.0133
3.6480	-0.0011	-0.0041	-3.8084	-0.0173
3.6485	-0.0013	-0.0007	-3.8364	-0.0173
3.6490	-0.0015	0.0032	-3.8778	-0.0151
3.6495	-0.0008	-0.0014	-3.8573	-0.0064
3.6500	-0.0013	-0.0035	-3.8168	-0.0099
3.6505	-0.0013	-0.0031	-3.8351	-0.0129
3.6510	-0.0015	-0.0020	-3.8787	-0.0188
3.6515	-0.0010	-0.0026	-3.8719	-0.0124
3.6520	-0.0013	-0.0002	-3.8320	-0.0119
3.6525	-0.0013	0.0007	-3.8320	-0.0173
3.6530	-0.0014	-0.0027	-3.8738	-0.0147
3.6535	-0.0017	-0.0014	-3.8753	-0.0189
3.6540	-0.0013	0.0015	-3.8291	-0.0244
3.6545	-0.0013	-0.0018	-3.8124	-0.0139
3.6550	-0.0015	-0.0015	-3.8509	-0.0151
3.6555	-0.0011	-0.0002	-3.8607	-0.0111
3.6560	-0.0014	0.0026	-3.8103	-0.0100
3.6565	-0.0015	-0.0018	-3.7400	-0.0164
3.6570	-0.0013	0.0007	-3.7379	-0.0164
3.6575	-0.0016	0.0027	-3.7481	-0.0188
3.6580	-0.0017	0.0017	-3.7057	-0.0146
3.6585	-0.0010	-0.0002	-3.6669	-0.0129
3.6590	-0.0014	0.0033	-3.6938	-0.0157
3.6595	-0.0013	-0.0035	-3.7177	-0.0189
3.6600	-0.0011	-0.0018	-3.6852	-0.0202
3.6605	-0.0014	0.0002	-3.6496	-0.0116
3.6610	-0.0014	-0.0022	-3.6529	-0.0145
3.6615	-0.0014	0.0039	-3.6760	-0.0124
3.6620	-0.0013	0.0045	-3.6567	-0.0152
3.6625	-0.0011	0.0016	-3.6137	-0.0152
3.6630	-0.0014	0.0009	-3.6113	-0.0128
3.6635	-0.0011	-0.0011	-3.6332	-0.0138
3.6640	-0.0016	0.0009	-3.6172	-0.0129
3.6645	-0.0016	-0.0005	-3.5710	-0.0189
3.6650	-0.0012	0.0031	-3.5548	-0.0195
3.6655	-0.0013	-0.0023	-3.5750	-0.0156
3.6660	-0.0010	-0.0014	-3.5636	-0.0198
3.6665	-0.0011	-0.0008	-3.5170	-0.0159
3.6670	-0.0015	-0.0002	-3.4925	-0.0083
3.6675	-0.0016	-0.0005	-3.5053	-0.0133
3.6680	-0.0014	0.0019	-3.4975	-0.0121
3.6685	-0.0014	0.0021	-3.4558	-0.0135
3.6690	-0.0013	0.0018	-3.4205	-0.0142
3.6695	-0.0013	-0.0022	-3.4244	-0.0175
3.6700	-0.0012	-0.0019	-3.4246	-0.0158
3.6705	-0.0013	-0.0009	-3.3819	-0.0157
3.6710	-0.0011	0.0012	-3.3409	-0.0178
3.6715	-0.0015	0.0014	-3.3400	-0.0162
3.6720	-0.0016	-0.0018	-3.3443	-0.0166
3.6725	-0.0014	-0.0050	-3.2986	-0.0156
3.6730	-0.0013	-0.0031	-3.2551	-0.0133
3.6735	-0.0013	-0.0034	-3.2464	-0.0176
3.6740	-0.0013	-0.0012	-3.2450	-0.0145
3.6745	-0.0010	0.0010	-3.2108	-0.0162
3.6750	-0.0017	0.0004	-3.1607	-0.0147
3.6755	-0.0016	-0.0018	-3.1449	-0.0179
3.6760	-0.0011	0.0001	-3.1420	-0.0134
3.6765	-0.0019	-0.0032	-3.1124	-0.0152
3.6770	-0.0009	0.0028	-3.0575	-0.0155
3.6775	-0.0016	-0.0002	-3.0295	-0.0176
3.6780	-0.0013	0.0002	-3.0296	-0.0159
3.6785	-0.0012	-0.0013	-3.0042	-0.0137
3.6790	-0.0015	-0.0030	-2.9433	-0.0139
3.6795	-0.0010	0.0037	-2.9076	-0.0139
3.6800	-0.0012	-0.0006	-2.9087	-0.0191
3.6805	-0.0012	-0.0032	-2.8860	-0.0217
3.6810	-0.0014	0.0003	-2.8256	-0.0140
3.6815	-0.0014	-0.0008	-2.7800	-0.0068
3.6820	-0.0012	-0.0008	-2.7742	-0.0154
3.6825	-0.0015	0.0021	-2.7576	-0.0192
3.6830	-0.0009	-0.0008	-2.6966	-0.0162
3.6835	-0.0013	0.0028	-2.6472	-0.0103
3.6840	-0.0016	-0.0003	-2.6389	-0.0136
3.6845	-0.0010	-0.0026	-2.6242	-0.0128
3.6850	-0.0009	0.0004	-2.5686	-0.0073
3.6855	-0.0012	-0.0032	-2.5057	-0.0171
3.6860	-0.0010	0.0012	-2.4908	-0.0082
3.6865	-0.0012	-0.0019	-2.4788	-0.0127
3.6870	-0.0013	-0.0021	-2.4279	-0.0128
3.6875	-0.0008	0.0012	-2.3647	-0.0120
3.6880	-0.0013	-0.0021	-2.3371	-0.0125
3.6885	-0.0012	0.0024	-2.3269	-0.0175
3.6890	-0.0009	-0.0004	-2.2768	-0.0115
3.6895	-0.0011	-0.0018	-2.2165	-0.0094
3.6900	-0.0009	0.0021	-2.1824	-0.0149
3.6905	-0.0010	-0.0023	-2.1665	-0.0117
3.6910	-0.0011	0.0027	-2.1269	-0.0142
3.6915	-0.0011	0.0012	-2.0594	-0.0116
3.6920	-0.0004	-0.0008	-2.0183	-0.0116
3.6925	-0.0012	-0.0017	-2.0004	-0.0059
3.6930	-0.0005	-0.0059	-1.9626	-0.0109
3.6935	-0.0009	-0.0018	-1.9022	-0.0116
3.6940	-0.0007	0.0014	-1.8529	-0.0127
3.6945	-0.0005	-0.0023	-1.8307	-0.0090
3.6950	-0.0009	-0.0026	-1.7973	-0.0094
3.6955	-0.0009	0.0004	-1.7346	-0.0068
3.6960	-0.0007	0.0015	-1.6826	-0.0071
3.6965	-0.0003	-0.0003	-1.6584	-0.0076
3.6970	-0.0011	-0.0019	-1.6263	-0.0100
3.6975	-0.0009	-0.0003	-1.5683	-0.0041
3.6980	-0.0008	0.0021	-1.5096	-0.0113
3.6985	-0.0009	0.0010	-1.4759	-0.0094
3.6990	-0.0006	-0.0024	-1.4447	-0.0080
3.6995	-0.0007	0.0013	-1.3929	-0.0042
3.7000	-0.0002	-0.0041	-1.3313	-0.0014
3.7005	-0.0008	0.0021	-1.2948	-0.0092
3.7010	-0.0004	-0.0020	-1.2652	-0.0046
3.7015	-0.0009	-0.0016	-1.2147	-0.0045
3.7020	-0.0002	-0.0029	-1.1518	-0.0043
3.7025	-0.0008	-0.0007	-1.1082	-0.0108
3.7030	-0.0001	0.0030	-1.0777	-0.0063
3.7035	-0.0002	-0.0017	-1.0308	-0.0026
3.7040	-0.0005	-0.0016	-0.9683	-0.0079
3.7045	-0.0004	-0.0011	-0.9199	-0.0051
3.7050	-0.0001	0.0009	-0.8898	-0.0085
3.7055	-0.0004	-0.0040	-0.8423	-0.0006
3.7060	-0.0007	-0.0003	-0.7819	0.0045
3.7065	-0.0001	-0.0023	-0.7320	0.0021
3.7070	-0.0003	0.0001	-0.6960	-0.0022
3.7075	-0.0001	-0.0004	-0.6530	0.0021
3.7080	0.0003	-0.0021	-0.5965	-0.0053
3.7085	0.0004	0.0012	-0.5427	0.0057
3.7090	-0.0002	-0.0041	-0.5022	-0.0050
3.7095	-0.0002	-0.0025	-0.4646	0.0019
3.7100	0.0003	-0.0008	-0.4057	0.0001
3.7105	0.0002	-0.0006	-0.3517	-0.0006
3.7110	-0.0003	0.0022	-0.3110	-0.0022
3.7115	0.0001	-0.0038	-0.2687	-0.0015
3.7120	0.0003	0.0031	-0.2178	0.0006
3.7125	0.0003	-0.0019	-0.1618	-0.0025
3.7130	0.0003	0.0028	-0.1205	-0.0011
3.7135	0.0002	-0.0035	-0.0790	-0.0020
3.7140	0.0001	-0.0002	-0.0290	0.0047
3.7145	0.0001	-0.0002	0.0154	-0.0015
3.7150	-0.0001	-0.0033	0.0544	0.0009
3.7155	0.0001	-0.0032	0.1030	0.0035
3.7160	0.0005	0.0014	0.1624	0.0029
3.7165	0.0006	0.0023	0.1997	0.0051
3.7170	0.0005	0.0012	0.2340	0.0061
3.7175	0.0005	0.0033	0.2961	-0.0013
3.7180	0.0008	-0.0020	0.3659	0.0018
3.7185	0.0000	0.0009	0.3996	0.0015
3.7190	0.0005	-0.0017	0.4211	0.0019
3.7195	0.0002	0.0016	0.4746	0.0040
3.7200	0.0005	-0.0020	0.5450	0.0039
3.7205	0.0005	0.0005	0.5908	0.0053
3.7210	0.0007	-0.0023	0.6152	0.0015
3.7215	0.0003	0.0001	0.6590	0.0020
3.7220	0.0004	-0.0044	0.7308	0.0073
3.7225	0.0001	0.0010	0.7801	0.0047
3.7230	0.0003	-0.0044	0.8042	0.0053
3.7235	0.0007	-0.0013	0.8441	0.0065
3.7240	0.0009	0.0018	0.9101	0.0089
3.7245	0.0007	0.0003	0.9688	0.0125
3.7250	0.0006	0.0019	0.9901	0.0070
3.7255	0.0009	0.0015	1.0287	0.0060
3.7260	0.0008	-0.0008	1.0879	0.0083
3.7265	0.0006	0.0011	1.1480	0.0111
3.7270	0.0009	0.0009	1.1749	0.0095
3.7275	0.0007	-0.0022	1.2082	0.0024
3.7280	0.0010	-0.0038	1.2660	0.0051
3.7285	0.0007	0.0001	1.3293	0.0063
3.7290	0.0008	0.0027	1.3538	0.0007
3.7295	0.0011	-0.0017	1.3847	0.0070
3.7300	0.0011	-0.0023	1.4377	0.0004
3.7305	0.0007	-0.0023	1.5023	0.0081
3.7310	0.0009	-0.0001	1.5358	0.0053
3.7315	0.0012	-0.0014	1.5549	0.0091
3.7320	0.0011	-0.0006	1.5855	0.0110
3.7325	0.0011	-0.0011	1.6509	0.0049
3.7330	0.0011	-0.0031	1.6780	0.0119
3.7335	0.0011	-0.0002	1.6886	0.0140
3.7340	0.0010	-0.0008	1.7568	0.0091
3.7345	0.0009	-0.0039	1.8412	0.0094
3.7350	0.0011	-0.0008	1.8933	0.0040
3.7355	0.0010	-0.0017	1.8850	0.0094
3.7360	0.0009	0.0018	1.9106	0.0129
3.7365	0.0014	-0.0011	1.9962	0.0093
3.7370	0.0013	0.0006	2.0522	0.0046
3.7375	0.0014	-0.0026	2.0525	0.0082
3.7380	0.0011	-0.0039	2.0659	0.0165
3.7385	0.0014	0.0030	2.1431	0.0059
3.7390	0.0012	-0.0018	2.2100	0.0047
3.7395	0.0013	-0.0005	2.2119	0.0092
3.7400	0.0013	-0.0039	2.2162	0.0132
3.7405	0.0013	-0.0035	2.2888	0.0135
3.7410	0.0015	-0.0011	2.3575	0.0154
3.7415	0.0011	-0.0009	2.3664	0.0121
3.7420	0.0013	0.0015	2.3658	0.0140
3.7425	0.0016	0.0039	2.4237	0.0156
3.7430	0.0017	-0.0013	2.4975	0.0111
3.7435	0.0010	-0.0010	2.5175	0.0146
3.7440	0.0017	-0.0017	2.5092	0.0144
3.7445	0.0014	-0.0022	2.5544	0.0160
3.7450	0.0019	-0.0020	2.6346	0.0146
3.7455	0.0013	0.0015	2.6588	0.0167
3.7460	0.0014	0.0006	2.6452	0.0123
3.7465	0.0017	-0.0035	2.6743	0.0117
3.7470	0.0015	0.0018	2.7529	0.0148
3.7475	0.0017	-0.0008	2.7814	0.0119
3.7480	0.0016	0.0012	2.7647	0.0138
3.7485	0.0018	0.0010	2.7822	0.0149
3.7490	0.0015	-0.0019	2.8549	0.0185
3.7495	0.0017	-0.0014	2.8986	0.0228
3.7500	0.0017	-0.0030	2.8820	0.0164
3.7505	0.0019	0.0003	2.8991	0.0217
3.7510	0.0019	-0.0001	2.9623	0.0093
3.7515	0.0016	0.0004	3.0159	0.0128
3.7520	0.0016	0.0011	3.0038	0.0125
3.7525	0.0016	0.0015	3.0057	0.0186
3.7530	0.0017	0.0007	3.0684	0.0184
3.7535	0.0018	0.0004	3.1258	0.0183
3.7540	0.0018	0.0008	3.1234	0.0149
3.7545	0.0022	0.0026	3.1151	0.0211
3.7550	0.0022	-0.0040	3.1668	0.0228
3.7555	0.0014	-0.0027	3.2284	0.0247
3.7560	0.0018	0.0038	3.2296	0.0146
3.7565	0.0018	-0.0022	3.2157	0.0205
3.7570	0.0021	0.0032	3.2581	0.0179
3.7575	0.0024	-0.0033	3.3157	0.0188
3.7580	0.0019	0.0008	3.3240	0.0229
3.7585	0.0021	-0.0024	3.3144	0.0203
3.7590	0.0020	-0.0026	3.3421	0.0183
3.7595	0.0022	0.0026	3.4027	0.0255
3.7600	0.0026	-0.0005	3.4159	0.0226
3.7605	0.0023	0.0007	3.3969	0.0210
3.7610	0.0018	-0.0012	3.4236	0.0193
3.7615	0.0023	0.0006	3.4764	0.0177
3.7620	0.0021	0.0004	3.4934	0.0215
3.7625	0.0024	0.0007	3.4779	0.0239
3.7630	0.0025	-0.0008	3.4901	0.0182
3.7635	0.0021	-0.0020	3.5400	0.0258
3.7640	0.0025	0.0003	3.5613	0.0205
3.7645	0.0021	0.0020	3.5472	0.0280
3.7650	0.0026	0.0015	3.5529	0.0212
3.7655	0.0020	-0.0001	3.5938	0.0215
3.7660	0.0024	0.0001	3.6221	0.0246
3.7665	0.0024	-0.0005	3.6111	0.0222
3.7670	0.0027	-0.0013	3.6038	0.0195
3.7675	0.0027	-0.0020	3.6388	0.0226
3.7680	0.0030	0.0009	3.6699	0.0264
3.7685	0.0022	0.0017	3.6582	0.0223
3.7690	0.0024	-0.0016	3.6466	0.0247
3.7695	0.0025	-0.0044	3.6740	0.0207
3.7700	0.0026	-0.0040	3.7045	0.0283
3.7705	0.0027	-0.0034	3.6990	0.0249
3.7710	0.0022	0.0012	3.6810	0.0252
3.7715	0.0028	0.0018	3.7007	0.0166
3.7720	0.0029	-0.0050	3.7320	0.0236
3.7725	0.0025	-0.0010	3.7294	0.0257
3.7730	0.0025	0.0036	3.7034	0.0297
3.7735	0.0024	-0.0019	3.7156	0.0231
3.7740	0.0026	0.0006	3.7456	0.0243
3.7745	0.0028	0.0013	3.7466	0.0214
3.7750	0.0028	-0.0034	3.7214	0.0244
3.7755	0.0027	0.0009	3.7238	0.0294
3.7760	0.0027	-0.0030	3.7488	0.0231
3.7765	0.0030	0.0006	3.7566	0.0286
3.7770	0.0025	-0.0023	3.7274	0.0221
3.7775	0.0029	0.0003	3.7231	0.0281
3.7780	0.0028	-0.0018	3.7425	0.0258
3.7785	0.0031	-0.0047	3.7492	0.0275
3.7790	0.0028	0.0022	3.7240	0.0291
3.7795	0.0027	-0.0022	3.7099	0.0302
3.7800	0.0030	0.0002	3.7234	0.0291
3.7805	0.0026	0.0056	3.7330	0.0243
3.7810	0.0026	-0.0023	3.7080	0.0233
3.7815	0.0027	-0.0058	3.6884	0.0264
3.7820	0.0026	0.0006	3.6983	0.0179
3.7825	0.0027	0.0001	3.7080	0.0308
3.7830	0.0028	-0.0008	3.6919	0.0262
3.7835	0.0029	0.0027	3.6654	0.0256
3.7840	0.0029	0.0036	3.6637	0.0287
3.7845	0.0026	0.0024	3.6757	0.0268
3.7850	0.0030	0.0004	3.6604	0.0231
3.7855	0.0027	-0.0053	3.6294	0.0274
3.7860	0.0027	0.0016	3.6196	0.0283
3.7865	0.0024	-0.0002	3.6295	0.0281
3.7870	0.0032	0.0006	3.6211	0.0289
3.7875	0.0027	0.0007	3.5829	0.0235
3.7880	0.0028	-0.0017	3.5678	0.0291
3.7885	0.0028	0.0001	3.5733	0.0278
3.7890	0.0026	0.0013	3.5643	0.0273
3.7895	0.0027	-0.0039	3.5307	0.0263
3.7900	0.0027	0.0007	3.5038	0.0253
3.7905	0.0030	0.0009	3.5038	0.0196
3.7910	0.0026	0.0030	3.4973	0.0241
3.7915	0.0027	-0.0022	3.4627	0.0229
3.7920	0.0027	0.0005	3.4338	0.0277
3.7925	0.0026	-0.0014	3.4293	0.0295
3.7930	0.0028	0.0025	3.4201	0.0257
3.7935	0.0028	-0.0017	3.3886	0.0260
3.7940	0.0027	0.0011	3.3523	0.0263
3.7945	0.0031	-0.0050	3.3429	0.0276
3.7950	0.0024	0.0006	3.3363	0.0234
3.7955	0.0023	-0.0022	3.3044	0.0258
3.7960	0.0027	-0.0029	3.2655	0.0212
3.7965	0.0025	-0.0027	3.2461	0.0198
3.7970	0.0026	0.0012	3.2430	0.0231
3.7975	0.0028	0.0009	3.2112	0.0224
3.7980	0.0027	-0.0015	3.1678	0.0265
3.7985	0.0029	-0.0005	3.1453	0.0285
3.7990	0.0029	0.0006	3.1383	0.0195
3.7995	0.0023	0.0012	3.1138	0.0291
3.8000	0.0026	-0.0007	3.0671	0.0232
3.8005	0.0028	0.0027	3.0353	0.0205
3.8010	0.0025	-0.0022	3.0294	0.0243
3.8015	0.0023	-0.0016	3.0032	0.0266
3.8020	0.0023	-0.0039	2.9574	0.0243
3.8025	0.0023	-0.0012	2.9222	0.0244
3.8030	0.0028	0.0004	2.9133	0.0224
3.8035	0.0026	-0.0022	2.8872	0.0196
3.8040	0.0021	-0.0022	2.8380	0.0259
3.8045	0.0027	-0.0017	2.8016	0.0255
3.8050	0.0025	-0.0022	2.7833	0.0263
3.8055	0.0025	-0.0000	2.7606	0.0218
3.8060	0.0026	-0.0055	2.7127	0.0239
3.8065	0.0024	-0.0020	2.6687	0.0234
3.8070	0.0023	-0.0016	2.6481	0.0269
3.8075	0.0024	-0.0034	2.6269	0.0254
3.8080	0.0020	-0.0027	2.5806	0.0183
3.8085	0.0024	-0.0011	2.5314	0.0268
3.8090	0.0027	-0.0004	2.5055	0.0211
3.8095	0.0030	-0.0030	2.4888	0.0208
3.8100	0.0025	-0.0000	2.4414	0.0245
3.8105	0.0024	0.0012	2.3882	0.0247
3.8110	0.0020	-0.0001	2.3584	0.0176
3.8115	0.0026	-0.0034	2.3405	0.0246
3.8120	0.0023	-0.0056	2.2971	0.0187
3.8125	0.0016	0.0015	2.2404	0.0212
3.8130	0.0023	0.0010	2.2065	0.0273
3.8135	0.0022	0.0020	2.1881	0.0201
3.8140	0.0022	0.0008	2.1458	0.0246
3.8145	0.0023	0.0017	2.0869	0.0207
3.8150	0.0020	-0.0035	2.0485	0.0207
3.8155	0.0023	-0.0002	2.0260	0.0159
3.8160	0.0023	-0.0019	1.9894	0.0214
3.8165	0.0015	-0.0035	1.9300	0.0226
3.8170	0.0024	-0.0041	1.8834	0.0219
3.8175	0.0023	-0.0006	1.8582	0.0138
3.8180	0.0023	-0.0011	1.8241	0.0173
3.8185	0.0020	0.0015	1.7675	0.0241
3.8190	0.0021	0.0040	1.7161	0.0151
3.8195	0.0019	-0.0029	1.6901	0.0141
3.8200	0.0018	0.0009	1.6552	0.0175
3.8205	0.0019	-0.0017	1.5981	0.0237
3.8210	0.0018	-0.0046	1.5486	0.0191
3.8215	0.0018	0.0011	1.5154	0.0194
3.8220	0.0019	-0.0011	1.4847	0.0190
3.8225	0.0017	-0.0025	1.4304	0.0159
3.8230	0.0015	-0.0018	1.3765	0.0163
3.8235	0.0018	-0.0017	1.3362	0.0123
3.8240	0.0020	-0.0004	1.3051	0.0133
3.8245	0.0017	0.0021	1.2564	0.0171
3.8250	0.0020	-0.0015	1.1985	0.0142
3.8255	0.0018	0.0021	1.1546	0.0151
3.8260	0.0017	-0.0004	1.1240	0.0231
3.8265	0.0013	-0.0002	1.0771	0.0139
3.8270	0.0015	-0.0027	1.0197	0.0216
3.8275	0.0014	-0.0004	0.9730	0.0160
3.8280	0.0017	0.0009	0.9401	0.0160
3.8285	0.0016	-0.0009	0.8960	0.0098
3.8290	0.0011	0.0033	0.8397	0.0093
3.8295	0.0018	-0.0007	0.7891	0.0173
3.8300	0.0012	0.0031	0.7543	0.0157
3.8305	0.0015	0.0004	0.7111	0.0153
3.8310	0.0011	-0.0009	0.6551	0.0139
3.8315	0.0017	0.0010	0.6042	0.0164
3.8320	0.0013	-0.0026	0.5672	0.0169
3.8325	0.0014	-0.0025	0.5265	0.0188
3.8330	0.0016	-0.0004	0.4714	0.0115
3.8335	0.0017	-0.0004	0.4175	0.0172
3.8340	0.0014	-0.0008	0.3767	0.0149
3.8345	0.0016	0.0012	0.3393	0.0117
3.8350	0.0015	-0.0002	0.2842	0.0083
3.8355	0.0015	-0.0020	0.2316	0.0130
3.8360	0.0010	-0.0045	0.1891	0.0092
3.8365	0.0010	0.0015	0.1474	0.0151
3.8370	0.0010	-0.0030	0.0991	0.0090
3.8375	0.0011	-0.0014	0.0491	0.0065
3.8380	0.0012	-0.0037	0.0070	0.0152
3.8385	0.0014	0.0007	-0.0218	0.0100
3.8390	0.0009	0.0009	-0.0469	0.0065
3.8395	0.0010	0.0048	-0.1088	0.0048
3.8400	0.0013	0.0030	-0.2016	0.0100
3.8405	0.0009	-0.0014	-0.2532	0.0061
3.8410	0.0011	-0.0023	-0.2540	0.0042
3.8415	0.0010	0.0048	-0.2862	0.0089
3.8420	0.0013	-0.0006	-0.3748	0.0081
3.8425	0.0011	-0.0014	-0.4398	0.0112
3.8430	0.0010	-0.0015	-0.4441	0.0070
3.8435	0.0011	-0.0026	-0.4652	0.0132
3.8440	0.0012	-0.0053	-0.5509	0.0098
3.8445	0.0008	-0.0020	-0.6208	0.0086
3.8450	0.0007	-0.0051	-0.6304	0.0080
3.8455	0.0007	-0.0035	-0.6333	-0.0021
3.8460	0.0009	-0.0008	-0.7200	0.0060
3.8465	0.0008	-0.0021	-0.8139	0.0079
3.8470	0.0008	0.0025	-0.8265	0.0038
3.8475	0.0004	-0.0034	-0.8228	0.0055
3.8480	0.0009	-0.0014	-0.8911	0.0109
3.8485	0.0008	-0.0019	-0.9909	0.0036
3.8490	0.0008	-0.0032	-1.0128	0.0050
3.8495	0.0007	-0.0017	-1.0036	0.0126
3.8500	0.0004	0.0013	-1.0608	0.0070
3.8505	0.0005	-0.0023	-1.1624	0.0083
3.8510	0.0006	-0.0022	-1.2000	0.0087
3.8515	0.0004	-0.0022	-1.1878	0.0060
3.8520	0.0009	-0.0023	-1.2308	0.0062
3.8525	0.0005	-0.0014	-1.3306	0.0062
3.8530	0.0008	0.0015	-1.3793	0.0072
3.8535	0.0002	-0.0017	-1.3696	0.0018
3.8540	0.0003	-0.0006	-1.3981	0.0100
3.8545	0.0006	-0.0012	-1.4935	-0.0004
3.8550	0.0002	0.0004	-1.5554	0.0030
3.8555	0.0005	-0.0009	-1.5485	0.0066
3.8560	0.0006	0.0005	-1.5653	0.0020
3.8565	0.0004	0.0027	-1.6443	0.0046
3.8570	0.0005	-0.0049	-1.6927	0.0009
3.8575	0.0004	0.0009	-1.7023	0.0012
3.8580	-0.0000	-0.0006	-1.7581	-0.0015
3.8585	0.0006	0.0006	-1.8285	0.0056
3.8590	0.0001	0.0019	-1.8367	-0.0099
3.8595	0.0003	0.0001	-1.8683	0.0019
3.8600	0.0003	0.0001	-1.9438	0.0046
3.8605	0.0000	0.0004	-1.9966	-0.0021
3.8610	0.0001	-0.0042	-2.0019	0.0016
3.8615	0.0003	0.0023	-2.0216	0.0048
3.8620	0.0003	-0.0008	-2.0897	0.0047
3.8625	0.0003	0.0012	-2.1508	0.0040
3.8630	0.0001	-0.0002	-2.1636	0.0018
3.8635	0.0005	0.0012	-2.1740	0.0018
3.8640	0.0001	0.0008	-2.2356	0.0000
3.8645	0.0002	-0.0023	-2.3022	0.0020
3.8650	0.0003	0.0002	-2.3187	-0.0005
3.8655	-0.0000	-0.0042	-2.3197	-0.0012
3.8660	-0.0002	0.0018	-2.3765	-0.0020
3.8665	0.0000	-0.0029	-2.4425	0.0009
3.8670	0.0001	-0.0023	-2.4661	0.0014
3.8675	-0.0001	0.0015	-2.4673	-0.0065
3.8680	0.0001	-0.0019	-2.5076	0.0003
3.8685	0.0000	-0.0032	-2.5760	-0.0016
3.8690	0.0003	0.0015	-2.6085	-0.0035
3.8695	-0.0001	-0.0002	-2.6078	-0.0089
3.8700	-0.0003	-0.0000	-2.6394	0.0005
3.8705	-0.0002	0.0001	-2.7015	-0.0037
3.8710	0.0000	-0.0014	-2.7347	0.0039
3.8715	0.0001	0.0042	-2.7436	-0.0142
3.8720	0.0003	-0.0029	-2.7651	-0.0084
3.8725	-0.0001	0.0020	-2.8233	0.0034
3.8730	-0.0002	-0.0027	-2.8623	-0.0034
3.8735	-0.0005	-0.0029	-2.8672	-0.0057
3.8740	0.0001	-0.0002	-2.8826	-0.0063
3.8745	-0.0000	0.0021	-2.9350	-0.0109
3.8750	-0.0006	-0.0053	-2.9782	-0.0065
3.8755	-0.0005	-0.0005	-2.9823	-0.0050
3.8760	-0.0005	0.0015	-2.9918	0.0018
3.8765	-0.0005	0.0018	-3.0389	-0.0080
3.8770	-0.0003	-0.0056	-3.0803	-0.0041
3.8775	-0.0008	0.0005	-3.0920	-0.0013
3.8780	-0.0005	0.0013	-3.0991	-0.0073
3.8785	-0.0004	-0.0006	-3.1382	-0.0066
3.8790	-0.0002	0.0012	-3.1805	-0.0098
3.8795	-0.0007	-0.0041	-3.1894	-0.0083
3.8800	-0.0005	-0.0000	-3.1934	-0.0076
3.8805	-0.0004	-0.0009	-3.2255	-0.0038
3.8810	-0.0005	-0.0011	-3.2678	-0.0059
3.8815	-0.0013	0.0035	-3.2843	-0.0050
3.8820	-0.0006	-0.0001	-3.2812	-0.0120
3.8825	-0.0007	-0.0008	-3.3036	-0.0026
3.8830	-0.0008	0.0017	-3.3466	-0.0097
3.8835	-0.0005	0.0064	-3.3687	-0.0072
3.8840	-0.0006	-0.0006	-3.3671	-0.0071
3.8845	-0.0006	0.0008	-3.3794	-0.0075
3.8850	-0.0008	-0.0004	-3.4190	-0.0079
3.8855	-0.0012	0.0002	-3.4447	-0.0111
3.8860	-0.0007	0.0030	-3.4369	-0.0064
3.8865	-0.0009	-0.0015	-3.4477	-0.0088
3.8870	-0.0009	-0.0007	-3.4830	-0.0169
3.8875	-0.0007	-0.0010	-3.5058	-0.0118
3.8880	-0.0006	-0.0006	-3.5020	-0.0077
3.8885	-0.0011	-0.0003	-3.5055	-0.0127
3.8890	-0.0012	0.0032	-3.5358	-0.0079
3.8895	-0.0009	-0.0047	-3.5592	-0.0086
3.8900	-0.0010	0.0034	-3.5562	-0.0140
3.8905	-0.0005	-0.0013	-3.5498	-0.0100
3.8910	-0.0008	-0.0026	-3.5698	-0.0110
3.8915	-0.0007	0.0008	-3.5987	-0.0072
3.8920	-0.0011	0.0001	-3.6006	-0.0088
3.8925	-0.0007	-0.0004	-3.5894	-0.0090
3.8930	-0.0009	-0.0035	-3.6037	-0.0098
3.8935	-0.0010	-0.0054	-3.6283	-0.0080
3.8940	-0.0008	-0.0006	-3.6306	-0.0136
3.8945	-0.0008	-0.0021	-3.6180	-0.0142
3.8950	-0.0011	-0.0008	-3.6229	-0.0092
3.8955	-0.0008	-0.0013	-3.6475	-0.0142
3.8960	-0.0004	0.0012	-3.6540	-0.0102
3.8965	-0.0007	-0.0029	-3.6358	-0.0158
3.8970	-0.0010	0.0028	-3.6359	-0.0216
3.8975	-0.0012	0.0011	-3.6569	-0.0075
3.8980	-0.0012	-0.0009	-3.6622	-0.0168
3.8985	-0.0012	-0.0030	-3.6453	-0.0092
3.8990	-0.0008	-0.0023	-3.6412	-0.0156
3.8995	-0.0014	-0.0021	-3.6592	-0.0133
3.9000	-0.0014	0.0003	-3.6699	-0.0041
3.9005	-0.0015	-0.0025	-3.6523	-0.0079
3.9010	-0.0011	0.0009	-3.6403	-0.0084
3.9015	-0.0014	-0.0030	-3.6534	-0.0058
3.9020	-0.0012	-0.0002	-3.6585	-0.0130
3.9025	-0.0013	-0.0043	-3.6392	-0.0142
3.9030	-0.0012	0.0024	-3.6240	-0.0120
3.9035	-0.0010	-0.0017	-3.6326	-0.0148
3.9040	-0.0011	-0.0003	-3.6362	-0.0117
3.9045	-0.0013	-0.0036	-3.5692	-0.0098
3.9050	-0.0007	0.0001	-3.5235	-0.0117
3.9055	-0.0009	-0.0035	-3.5255	-0.0116
3.9060	-0.0013	0.0013	-3.5268	-0.0102
3.9065	-0.0012	0.0007	-3.5090	-0.0139
3.9070	-0.0016	0.0016	-3.4869	-0.0157
3.9075	-0.0013	-0.0013	-3.4915	-0.0142
3.9080	-0.0009	-0.0031	-3.4986	-0.0115
3.9085	-0.0014	0.0006	-3.4905	-0.0185
3.9090	-0.0012	-0.0035	-3.4608	-0.0102
3.9095	-0.0016	-0.0020	-3.4503	-0.0166
3.9100	-0.0012	-0.0008	-3.4602	-0.0125
3.9105	-0.0014	-0.0052	-3.4537	-0.0127
3.9110	-0.0012	-0.0020	-3.4227	-0.0185
3.9115	-0.0014	-0.0014	-3.4061	-0.0102
3.9120	-0.0012	-0.0005	-3.4125	-0.0127
3.9125	-0.0012	-0.0023	-3.4102	-0.0123
3.9130	-0.0010	0.0003	-3.3783	-0.0195
3.9135	-0.0009	-0.0014	-3.3528	-0.0124
3.9140	-0.0012	0.0009	-3.3543	-0.0093
3.9145	-0.0011	-0.0006	-3.3525	-0.0114
3.9150	-0.0008	-0.0015	-3.3217	-0.0140
3.9155	-0.0018	0.0016	-3.2898	-0.0147
3.9160	-0.0013	-0.0058	-3.2871	-0.0171
3.9165	-0.0012	-0.0033	-3.2850	-0.0154
3.9170	-0.0015	-0.0002	-3.2576	-0.0156
3.9175	-0.0012	-0.0024	-3.2220	-0.0169
3.9180	-0.0008	-0.0020	-3.2122	-0.0072
3.9185	-0.0015	0.0008	-3.2126	-0.0133
3.9190	-0.0012	-0.0014	-3.1835	-0.0130
3.9195	-0.0011	0.0006	-3.1439	-0.0167
3.9200	-0.0015	-0.0006	-3.1296	-0.0126
3.9205	-0.0011	0.0023	-3.1261	-0.0125
3.9210	-0.0009	-0.0020	-3.1020	-0.0076
3.9215	-0.0011	0.0001	-3.0584	-0.0187
3.9220	-0.0014	0.0004	-3.0385	-0.0129
3.9225	-0.0009	-0.0021	-3.0316	-0.0102
3.9230	-0.0009	-0.0011	-3.0091	-0.0121
3.9235	-0.0014	0.0021	-2.9659	-0.0177
3.9240	-0.0009	-0.0030	-2.9400	-0.0113
3.9245	-0.0012	0.0043	-2.9297	-0.0167
3.9250	-0.0013	0.0034	-2.9090	-0.0149
3.9255	-0.0011	0.0004	-2.8698	-0.0073
3.9260	-0.0007	-0.0014	-2.8341	-0.0103
3.9265	-0.0014	-0.0024	-2.8188	-0.0149
3.9270	-0.0014	0.0009	-2.7995	-0.0160
3.9275	-0.0011	-0.0005	-2.7603	-0.0147
3.9280	-0.0013	-0.0011	-2.7195	-0.0113
3.9285	-0.0007	0.0002	-2.6990	-0.0095
3.9290	-0.0009	0.0030	-2.6800	-0.0033
3.9295	-0.0014	0.0001	-2.6452	-0.0092
3.9300	-0.0010	-0.0044	-2.6019	-0.0121
3.9305	-0.0010	-0.0006	-2.5740	-0.0099
3.9310	-0.0012	-0.0014	-2.5551	-0.0172
3.9315	-0.0008	-0.0022	-2.5206	-0.0111
3.9320	-0.0009	-0.0051	-2.4732	-0.0123
3.9325	-0.0012	-0.0049	-2.4408	-0.0136
3.9330	-0.0011	-0.0002	-2.4212	-0.0046
3.9335	-0.0010	-0.0029	-2.3891	-0.0155
3.9340	-0.0008	0.0010	-2.3410	-0.0134
3.9345	-0.0009	0.0017	-2.3029	-0.0092
3.9350	-0.0011	-0.0023	-2.2815	-0.0064
3.9355	-0.0010	-0.0003	-2.2511	-0.0116
3.9360	-0.0012	-0.0014	-2.2024	-0.0071
3.9365	-0.0005	-0.0026	-2.1596	-0.0118
3.9370	-0.0008	0.0001	-2.1320	-0.0134
3.9375	-0.0011	-0.0002	-2.1051	-0.0149
3.9380	-0.0007	-0.0034	-2.0594	-0.0147
3.9385	-0.0014	-0.0002	-2.0085	-0.0092
3.9390	-0.0007	-0.0034	-1.9808	-0.0126
3.9395	-0.0009	-0.0020	-1.9504	-0.0107
3.9400	-0.0004	0.0001	-1.9050	-0.0034
3.9405	-0.0008	-0.0004	-1.8569	-0.0078
3.9410	-0.0007	0.0008	-1.8209	-0.0061
3.9415	-0.0006	-0.0031	-1.7961	-0.0176
3.9420	-0.0012	-0.0011	-1.7525	-0.0079
3.9425	-0.0007	0.0028	-1.7004	-0.0078
3.9430	-0.0005	0.0010	-1.6644	-0.0059
3.9435	-0.0008	0.0015	-1.6327	-0.0079
3.9440	-0.0001	0.0005	-1.5912	-0.0092
3.9445	-0.0008	-0.0015	-1.5366	-0.0045
3.9450	-0.0005	0.0051	-1.4968	-0.0085
3.9455	0.0000	0.0015	-1.4668	-0.0090
3.9460	-0.0006	-0.0033	-1.4252	-0.0074
3.9465	-0.0004	-0.0015	-1.3732	-0.0056
3.9470	-0.0005	-0.0013	-1.3263	-0.0103
3.9475	-0.0006	-0.0042	-1.2951	-0.0061
3.9480	-0.0005	-0.0011	-1.2551	-0.0016
3.9485	-0.0005	-0.0012	-1.2017	-0.0123
3.9490	-0.0008	-0.0013	-1.1575	-0.0062
3.9495	-0.0002	0.0006	-1.1223	-0.0069
3.9500	-0.0003	-0.0027	-1.0813	-0.0088
3.9505	-0.0003	-0.0038	-1.0318	-0.0075
3.9510	-0.0007	0.0009	-0.9832	-0.0004
3.9515	-0.0005	-0.0006	-0.9434	-0.0016
3.9520	-0.0005	0.0015	-0.9065	-0.0003
3.9525	-0.0001	0.0012	-0.8555	-0.0002
3.9530	0.0001	-0.0004	-0.8063	-0.0004
3.9535	-0.0003	-0.0003	-0.7633	-0.0026
3.9540	-0.0001	-0.0023	-0.7229	-0.0019
3.9545	0.0000	-0.0022	-0.6747	-0.0073
3.9550	-0.0002	-0.0014	-0.6236	-0.0007
3.9555	0.0000	-0.0004	-0.5854	-0.0066
3.9560	0.0007	-0.0038	-0.5445	0.0008
3.9565	-0.0004	-0.0019	-0.4956	-0.0028
3.9570	-0.0003	-0.0019	-0.4463	0.0016
3.9575	0.0004	-0.0022	-0.4020	-0.0073
3.9580	0.0004	-0.0038	-0.3636	-0.0068
3.9585	0.0000	0.0050	-0.3169	-0.0028
3.9590	0.0002	-0.0014	-0.2677	0.0020
3.9595	0.0005	-0.0032	-0.2207	0.0050
3.9600	0.0001	-0.0022	-0.1787	0.0038
3.9605	0.0006	0.0012	-0.1347	0.0031
3.9610	0.0001	-0.0005	-0.0853	0.0022
3.9615	-0.0000	0.0013	-0.0400	0.0072
3.9620	0.0002	-0.0015	-0.0015	-0.0048
3.9625	0.0001	-0.0014	0.0333	0.0014
3.9630	-0.0000	-0.0003	0.0766	0.0049
3.9635	0.0002	0.0007	0.1370	0.0007
3.9640	0.0004	-0.0010	0.1785	0.0029
3.9645	0.0006	-0.0058	0.2041	0.0081
3.9650	0.0005	0.0001	0.2541	0.0025
3.9655	0.0002	0.0002	0.3273	0.0028
3.9660	0.0011	-0.0005	0.3698	-0.0021
3.9665	0.0005	-0.0006	0.3850	0.0049
3.9670	0.0009	-0.0013	0.4272	0.0028
3.9675	0.0007	0.0001	0.4984	0.0025
3.9680	0.0008	-0.0044	0.5484	0.0035
3.9685	0.0009	-0.0018	0.5705	0.0073
3.9690	0.0004	-0.0027	0.6047	0.0067
3.9695	0.0009	0.0009	0.6705	0.0072
3.9700	0.0007	0.0028	0.7271	-0.0010
3.9705	0.0008	0.0011	0.7478	0.0111
3.9710	0.0008	-0.0026	0.7797	-0.0012
3.9715	0.0009	0.0019	0.8417	0.0061
3.9720	0.0010	-0.0009	0.9021	0.0050
3.9725	0.0005	-0.0064	0.9271	0.0008
3.9730	0.0010	-0.0020	0.9545	0.0093
3.9735	0.0007	0.0023	1.0123	0.0047
3.9740	0.0011	-0.0012	1.0747	0.0087
3.9745	0.0010	0.0004	1.1033	0.0026
3.9750	0.0008	0.0005	1.1250	0.0167
3.9755	0.0013	-0.0017	1.1789	0.0056
3.9760	0.0012	0.0039	1.2430	0.0088
3.9765	0.0012	-0.0036	1.2772	0.0081
3.9770	0.0008	-0.0026	1.2936	0.0078
3.9775	0.0010	-0.0000	1.3411	0.0125
3.9780	0.0008	-0.0005	1.4054	0.0030
3.9785	0.0010	0.0035	1.4462	0.0092
3.9790	0.0010	0.0001	1.4611	-0.0055
3.9795	0.0010	-0.0013	1.5012	0.0097
3.9800	0.0009	0.0019	1.5482	0.0076
3.9805	0.0008	0.0001	1.5888	0.0108
3.9810	0.0011	-0.0013	1.6104	0.0087
3.9815	0.0009	-0.0065	1.6240	0.0052
3.9820	0.0014	0.0008	1.7004	0.0079
3.9825	0.0011	0.0006	1.7615	0.0063
3.9830	0.0011	-0.0031	1.8015	0.0058
3.9835	0.0012	-0.0032	1.8237	0.0088
3.9840	0.0015	-0.0026	1.8543	0.0049
3.9845	0.0013	-0.0009	1.9085	0.0093
3.9850	0.0014	-0.0010	1.9549	0.0066
3.9855	0.0011	-0.0021	1.9755	0.0128
3.9860	0.0012	-0.0022	2.0003	0.0090
3.9865	0.0014	-0.0013	2.0527	0.0156
3.9870	0.0014	-0.0028	2.1002	0.0138
3.9875	0.0016	0.0006	2.1218	0.0150
3.9880	0.0016	-0.0021	2.1457	0.0117
3.9885	0.0016	0.0008	2.1897	0.0120
3.9890	0.0009	-0.0005	2.2403	0.0121
3.9895	0.0019	-0.0002	2.2637	0.0118
3.9900	0.0017	-0.0037	2.2842	0.0105
3.9905	0.0015	0.0006	2.3256	0.0129
3.9910	0.0017	-0.0030	2.3746	0.0166
3.9915	0.0020	-0.0021	2.4001	0.0109
3.9920	0.0016	-0.0020	2.4153	0.0151
3.9925	0.0016	0.0003	2.4517	0.0152
3.9930	0.0018	-0.0031	2.4945	0.0080
3.9935	0.0018	0.0003	2.5192	0.0150
3.9940	0.0016	0.0039	2.5339	0.0135
3.9945	0.0015	-0.0032	2.5602	0.0134
3.9950	0.0015	-0.0000	2.6093	0.0216
3.9955	0.0021	0.0012	2.6368	0.0156
3.9960	0.0020	0.0018	2.6480	0.0122
3.9965	0.0020	0.0007	2.6746	0.0194
3.9970	0.0019	-0.0008	2.7203	0.0145
3.9975	0.0018	-0.0010	2.7525	0.0140
3.9980	0.0018	0.0008	2.7633	0.0152
3.9985	0.0020	-0.0034	2.7834	0.0170
3.9990	0.0022	0.0029	2.8282	0.0207
3.9995	0.0020	0.0009	2.8636	0.0172
4.0000	0.0017	0.0005	2.8752	0.0084
4.0005	0.0021	-0.0013	2.8938	0.0100
4.0010	0.0019	-0.0002	2.9319	0.0170
4.0015	0.0019	-0.0008	2.9670	0.0126
4.0020	0.0017	0.0017	2.9792	0.0197
4.0025	0.0020	-0.0013	2.9948	0.0153
4.0030	0.0022	-0.0064	3.0292	0.0180
4.0035	0.0016	-0.0000	3.0636	0.0167
4.0040	0.0019	-0.0037	3.0767	0.0191
4.0045	0.0024	-0.0004	3.0827	0.0152
4.0050	0.0020	-0.0000	3.1145	0.0163
4.0055	0.0018	0.0001	3.1556	0.0181
4.0060	0.0019	-0.0002	3.1679	0.0207
4.0065	0.0019	0.0004	3.1680	0.0161
4.0070	0.0022	-0.0050	3.1948	0.0262
4.0075	0.0023	0.0039	3.2354	0.0174
4.0080	0.0021	-0.0019	3.2494	0.0205
4.0085	0.0022	0.0003	3.2465	0.0184
4.0090	0.0020	-0.0024	3.2690	0.0188
4.0095	0.0022	0.0043	3.3059	0.0211
4.0100	0.0020	0.0020	3.3246	0.0225
4.0105	0.0021	0.0002	3.3195	0.0217
4.0110	0.0019	-0.0025	3.3309	0.0281
4.0115	0.0024	-0.0003	3.3668	0.0163
4.0120	0.0020	0.0003	3.3871	0.0193
4.0125	0.0023	-0.0021	3.3818	0.0212
4.0130	0.0020	-0.0028	3.3881	0.0150
4.0135	0.0023	0.0018	3.4222	0.0203
4.0140	0.0026	-0.0043	3.4457	0.0267
4.0145	0.0024	-0.0006	3.4353	0.0241
4.0150	0.0023	-0.0006	3.4324	0.0201
4.0155	0.0022	0.0018	3.4638	0.0201
4.0160	0.0023	0.0019	3.4889	0.0301
4.0165	0.0021	0.0008	3.4788	0.0206
4.0170	0.0022	-0.0004	3.4694	0.0256
4.0175	0.0024	0.0023	3.4956	0.0180
4.0180	0.0025	-0.0050	3.5206	0.0247
4.0185	0.0021	-0.0006	3.5165	0.0176
4.0190	0.0025	-0.0029	3.5024	0.0236
4.0195	0.0025	0.0005	3.5178	0.0179
4.0200	0.0028	-0.0010	3.5431	0.0254
4.0205	0.0028	-0.0002	3.5392	0.0287
4.0210	0.0026	-0.0017	3.5248	0.0198
4.0215	0.0028	-0.0025	3.5302	0.0256
4.0220	0.0024	-0.0011	3.5573	0.0231
4.0225	0.0026	0.0017	3.5578	0.0233
4.0230	0.0027	-0.0034	3.5423	0.0278
4.0235	0.0026	-0.0033	3.5370	0.0256
4.0240	0.0029	-0.0007	3.5598	0.0243
4.0245	0.0025	-0.0002	3.5657	0.0245
4.0250	0.0022	-0.0018	3.5418	0.0215
4.0255	0.0029	-0.0042	3.5315	0.0217
4.0260	0.0023	0.0001	3.5493	0.0247
4.0265	0.0025	-0.0004	3.5573	0.0229
4.0270	0.0026	-0.0003	3.5366	0.0197
4.0275	0.0025	-0.0013	3.5197	0.0236
4.0280	0.0025	-0.0028	3.5317	0.0233
4.0285	0.0023	-0.0032	3.5403	0.0229
4.0290	0.0026	-0.0010	3.5239	0.0241
4.0295	0.0029	0.0050	3.5000	0.0259
4.0300	0.0028	0.0003	3.5054	0.0259
4.0305	0.0030	-0.0063	3.5159	0.0217
4.0310	0.0026	0.0001	3.5015	0.0219
4.0315	0.0025	-0.0044	3.4776	0.0206
4.0320	0.0026	-0.0018	3.4716	0.0228
4.0325	0.0026	-0.0015	3.4826	0.0205
4.0330	0.0025	-0.0022	3.4728	0.0210
4.0335	0.0028	0.0021	3.4423	0.0289
4.0340	0.0028	0.0003	3.4296	0.0228
4.0345	0.0024	-0.0017	3.4374	0.0181
4.0350	0.0022	-0.0023	3.4284	0.0203
4.0355	0.0029	0.0004	3.3984	0.0250
4.0360	0.0029	0.0005	3.3780	0.0243
4.0365	0.0023	-0.0004	3.3805	0.0283
4.0370	0.0029	-0.0007	3.3716	0.0179
4.0375	0.0023	-0.0005	3.3441	0.0285
4.0380	0.0026	-0.0005	3.3185	0.0255
4.0385	0.0025	0.0010	3.3161	0.0182
4.0390	0.0026	-0.0031	3.3074	0.0247
4.0395	0.0029	-0.0015	3.2761	0.0268
4.0400	0.0027	-0.0012	3.2490	0.0188
4.0405	0.0023	0.0012	3.2437	0.0192
4.0410	0.0025	0.0027	3.2340	0.0302
4.0415	0.0023	-0.0017	3.2042	0.0246
4.0420	0.0026	-0.0016	3.1715	0.0208
4.0425	0.0027	-0.0053	3.1589	0.0180
4.0430	0.0027	-0.0002	3.1498	0.0263
4.0435	0.0027	-0.0019	3.1252	0.0226
4.0440	0.0026	-0.0017	3.0869	0.0252
4.0445	0.0025	0.0002	3.0697	0.0195
4.0450	0.0026	-0.0033	3.0591	0.0184
4.0455	0.0026	0.0024	3.0335	0.0252
4.0460	0.0027	-0.0058	2.9959	0.0181
4.0465	0.0024	-0.0008	2.9692	0.0203
4.0470	0.0025	0.0002	2.9617	0.0283
4.0475	0.0026	-0.0023	2.9380	0.0241
4.0480	0.0021	0.0006	2.8971	0.0219
4.0485	0.0025	-0.0001	2.8665	0.0222
4.0490	0.0026	-0.0014	2.8525	0.0293
4.0495	0.0022	0.0012	2.8320	0.0163
4.0500	0.0023	-0.0000	2.7931	0.0222
4.0505	0.0028	-0.0011	2.7589	0.0252
4.0510	0.0025	-0.0004	2.7381	0.0223
4.0515	0.0024	-0.0055	2.7208	0.0227
4.0520	0.0024	0.0040	2.6814	0.0225
4.0525	0.0023	-0.0038	2.6408	0.0262
4.0530	0.0024	0.0006	2.6152	0.0191
4.0535	0.0025	-0.0001	2.5977	0.0227
4.0540	0.0024	0.0015	2.5610	0.0259
4.0545	0.0022	-0.0019	2.5164	0.0215
4.0550	0.0023	-0.0005	2.4884	0.0259
4.0555	0.0021	-0.0021	2.4680	0.0214
4.0560	0.0022	-0.0030	2.4351	0.0215
4.0565	0.0021	0.0004	2.3869	0.0221
4.0570	0.0021	0.0015	2.3558	0.0113
4.0575	0.0023	-0.0029	2.3337	0.0198
4.0580	0.0022	0.0020	2.2980	0.0164
4.0585	0.0023	-0.0041	2.2528	0.0213
4.0590	0.0022	-0.0021	2.2139	0.0185
4.0595	0.0024	-0.0005	2.1907	0.0222
4.0600	0.0017	-0.0038	2.1586	0.0217
4.0605	0.0023	-0.0016	2.1097	0.0187
4.0610	0.0022	0.0002	2.0691	0.0204
4.0615	0.0025	0.0001	2.0434	0.0205
4.0620	0.0023	-0.0009	2.0112	0.0268
4.0625	0.0023	-0.0004	1.9605	0.0208
4.0630	0.0023	-0.0001	1.9171	0.0164
4.0635	0.0020	-0.0010	1.8888	0.0231
4.0640	0.0022	-0.0022	1.8606	0.0185
4.0645	0.0017	-0.0020	1.8121	0.0233
4.0650	0.0018	-0.0014	1.7613	0.0156
4.0655	0.0018	-0.0014	1.7336	0.0176
4.0660	0.0017	-0.0041	1.6991	0.0149
4.0665	0.0016	-0.0021	1.6543	0.0215
4.0670	0.0023	-0.0023	1.6042	0.0149
4.0675	0.0022	-0.0017	1.5701	0.0133
4.0680	0.0018	-0.0007	1.5391	0.0144
4.0685	0.0019	0.0022	1.4938	0.0144
4.0690	0.0022	0.0045	1.4418	0.0145
4.0695	0.0017	-0.0032	1.4050	0.0181
4.0700	0.0018	0.0011	1.3748	0.0145
4.0705	0.0018	-0.0038	1.3313	0.0176
4.0710	0.0019	-0.0008	1.2771	0.0123
4.0715	0.0020	-0.0004	1.2394	0.0139
4.0720	0.0019	-0.0006	1.2050	0.0153
4.0725	0.0019	-0.0021	1.1636	0.0151
4.0730	0.0018	0.0007	1.1114	0.0172
4.0735	0.0017	-0.0000	1.0656	0.0107
4.0740	0.0019	-0.0008	1.0343	0.0151
4.0745	0.0012	-0.0000	0.9909	0.0184
4.0750	0.0018	-0.0023	0.9394	0.0149
4.0755	0.0015	0.0040	0.8961	0.0114
4.0760	0.0016	-0.0000	0.8602	0.0129
4.0765	0.0011	-0.0035	0.8178	0.0152
4.0770	0.0015	-0.0028	0.7649	0.0186
4.0775	0.0015	0.0062	0.7177	0.0144
4.0780	0.0013	-0.0023	0.6801	0.0141
4.0785	0.0016	0.0002	0.6430	0.0093
4.0790	0.0013	0.0025	0.5925	0.0097
4.0795	0.0016	0.0009	0.5441	0.0103
4.0800	0.0012	0.0019	0.5039	0.0144
4.0805	0.0012	-0.0034	0.4629	0.0173
4.0810	0.0013	-0.0026	0.4168	0.0070
4.0815	0.0012	-0.0014	0.3635	0.0088
4.0820	0.0015	-0.0052	0.3232	0.0120
4.0825	0.0014	-0.0002	0.2847	0.0076
4.0830	0.0016	-0.0044	0.2372	0.0092
4.0835	0.0012	-0.0039	0.1894	0.0082
4.0840	0.0010	0.0004	0.1450	0.0066
4.0845	0.0007	-0.0034	0.1052	0.0070
4.0850	0.0012	-0.0026	0.0614	0.0111
4.0855	0.0011	-0.0011	0.0156	0.0037
4.0860	0.0014	-0.0023	-0.0169	0.0123
4.0865	0.0006	-0.0011	-0.0402	0.0051
4.0870	0.0011	-0.0014	-0.0879	0.0109
4.0875	0.0012	0.0018	-0.1715	0.0081
4.0880	0.0011	-0.0029	-0.2391	0.0103
4.0885	0.0009	-0.0013	-0.2429	0.0120
4.0890	0.0010	-0.0045	-0.2583	0.0057
4.0895	0.0010	0.0015	-0.3354	0.0057
4.0900	0.0009	-0.0000	-0.4105	0.0032
4.0905	0.0010	-0.0011	-0.4239	0.0017
4.0910	0.0010	0.0003	-0.4329	0.0035
4.0915	0.0009	-0.0009	-0.5026	0.0117
4.0920	0.0007	-0.0001	-0.5817	0.0100
4.0925	0.0011	-0.0030	-0.6043	0.0038
4.0930	0.0007	0.0020	-0.5967	0.0011
4.0935	0.0011	-0.0056	-0.6582	0.0037
4.0940	0.0009	-0.0020	-0.7565	0.0043
4.0945	0.0011	-0.0035	-0.7922	0.0028
4.0950	0.0008	-0.0025	-0.7800	0.0055
4.0955	0.0009	-0.0026	-0.8238	0.0008
4.0960	0.0008	-0.0035	-0.9242	0.0035
4.0965	0.0006	-0.0014	-0.9678	0.0008
4.0970	0.0003	-0.0003	-0.9579	0.0040
4.0975	0.0008	-0.0035	-0.9881	0.0030
4.0980	0.0004	-0.0004	-1.0834	0.0042
4.0985	0.0002	-0.0017	-1.1435	0.0104
4.0990	0.0005	0.0003	-1.1333	0.0015
4.0995	0.0003	-0.0032	-1.1535	0.0014
4.1000	0.0004	-0.0017	-1.2418	0.0112
4.1005	0.0005	-0.0047	-1.3097	-0.0011
4.1010	0.0003	-0.0037	-1.3083	0.0035
4.1015	0.0004	-0.0009	-1.3176	0.0028
4.1020	0.0003	0.0026	-1.3962	-0.0011
4.1025	0.0006	0.0006	-1.4754	0.0006
4.1030	0.0004	-0.0034	-1.4785	0.0029
4.1035	0.0003	0.0009	-1.4778	0.0045
4.1040	0.0004	-0.0039	-1.5484	-0.0021
4.1045	0.0006	0.0004	-1.6239	0.0039
4.1050	0.0001	-0.0035	-1.6189	0.0022
4.1055	0.0000	-0.0040	-1.6163	0.0017
4.1060	0.0001	-0.0021	-1.7194	-0.0004
4.1065	0.0002	-0.0009	-1.8081	0.0029
4.1070	0.0007	-0.0016	-1.7686	0.0022
4.1075	0.0003	-0.0030	-1.7573	-0.0036
4.1080	0.0003	-0.0012	-1.8853	-0.0011
4.1085	0.0007	0.0001	-1.9749	0.0001
4.1090	0.0001	-0.0014	-1.9328	0.0065
4.1095	-0.0000	0.0012	-1.9055	-0.0023
4.1100	0.0001	0.0017	-2.0127	0.0024
4.1105	0.0002	-0.0011	-2.1163	0.0000
4.1110	0.0001	-0.0017	-2.0947	0.0022
4.1115	0.0000	-0.0008	-2.0534	-0.0050
4.1120	-0.0002	0.0019	-2.1374	0.0027
4.1125	0.0002	0.0035	-2.2525	0.0015
4.1130	0.0001	0.0009	-2.2475	0.0061
4.1135	0.0000	-0.0004	-2.2009	-0.0068
4.1140	0.0004	0.0011	-2.2601	-0.0050
4.1145	0.0001	-0.0038	-2.3813	-0.0044
4.1150	-0.0001	-0.0038	-2.3965	0.0025
4.1155	0.0002	-0.0031	-2.3416	-0.0005
4.1160	-0.0003	0.0004	-2.3791	-0.0046
4.1165	0.0000	0.0015	-2.4970	-0.0004
4.1170	0.0002	0.0021	-2.5369	-0.0025
4.1175	0.0004	0.0014	-2.4833	-0.0088
4.1180	-0.0000	-0.0029	-2.4958	-0.0054
4.1185	-0.0001	0.0021	-2.6075	-0.0036
4.1190	-0.0002	0.0035	-2.6630	-0.0067
4.1195	-0.0000	-0.0024	-2.6182	-0.0017
4.1200	-0.0001	-0.0045	-2.6131	-0.0054
4.1205	-0.0007	0.0002	-2.7106	0.0004
4.1210	0.0001	0.0012	-2.7801	-0.0050
4.1215	-0.0004	-0.0024	-2.7444	-0.0053
4.1220	-0.0001	-0.0014	-2.7223	-0.0059
4.1225	-0.0001	-0.0035	-2.8071	-0.0105
4.1230	-0.0001	0.0021	-2.8875	-0.0069
4.1235	0.0002	-0.0002	-2.8605	-0.0020
4.1240	-0.0004	0.0001	-2.8303	-0.0129
4.1245	-0.0005	0.0006	-2.8989	-0.0083
4.1250	-0.0003	-0.0022	-2.9818	-0.0158
4.1255	-0.0005	-0.0008	-2.9725	-0.0025
4.1260	-0.0006	-0.0014	-2.9300	-0.0042
4.1265	-0.0008	-0.0033	-2.9779	-0.0045
4.1270	-0.0004	0.0024	-3.0696	-0.0059
4.1275	-0.0005	0.0019	-3.0733	-0.0121
4.1280	-0.0004	0.0037	-3.0237	-0.0080
4.1285	-0.0006	0.0030	-3.0597	-0.0064
4.1290	-0.0005	0.0006	-3.1436	-0.0121
4.1295	-0.0007	0.0029	-3.1624	-0.0034
4.1300	-0.0006	-0.0011	-3.1140	-0.0111
4.1305	-0.0008	-0.0002	-3.1295	-0.0082
4.1310	-0.0008	-0.0031	-3.2132	-0.0057
4.1315	-0.0007	0.0033	-3.2456	-0.0078
4.1320	-0.0008	-0.0020	-3.1999	-0.0074
4.1325	-0.0010	0.0034	-3.1947	-0.0105
4.1330	-0.0002	-0.0040	-3.2705	-0.0012
4.1335	-0.0006	0.0010	-3.3146	-0.0044
4.1340	-0.0010	-0.0005	-3.2751	-0.0061
4.1345	-0.0008	-0.0000	-3.2540	-0.0076
4.1350	-0.0009	-0.0000	-3.3201	-0.0088
4.1355	-0.0008	-0.0035	-3.3720	-0.0117
4.1360	-0.0006	0.0026	-3.3431	-0.0108
4.1365	-0.0011	-0.0063	-3.3093	-0.0037
4.1370	-0.0008	-0.0026	-3.3605	-0.0123
4.1375	-0.0007	0.0012	-3.4194	-0.0071
4.1380	-0.0013	-0.0022	-3.3958	-0.0050
4.1385	-0.0007	0.0035	-3.3535	-0.0038
4.1390	-0.0008	-0.0017	-3.3913	-0.0156
4.1395	-0.0005	0.0001	-3.4536	-0.0059
4.1400	-0.0009	-0.0026	-3.4394	-0.0076
4.1405	-0.0010	-0.0020	-3.3908	-0.0046
4.1410	-0.0009	-0.0026	-3.4117	-0.0123
4.1415	-0.0010	0.0010	-3.4728	-0.0125
4.1420	-0.0009	-0.0059	-3.4729	-0.0107
4.1425	-0.0008	-0.0007	-3.4214	-0.0069
4.1430	-0.0008	0.0020	-3.4270	-0.0083
4.1435	-0.0012	-0.0007	-3.4867	-0.0093
4.1440	-0.0006	-0.0009	-3.4951	-0.0126
4.1445	-0.0010	-0.0031	-3.4395	-0.0106
4.1450	-0.0009	-0.0000	-3.4336	-0.0111
4.1455	-0.0011	-0.0016	-3.4872	-0.0058
4.1460	-0.0010	-0.0005	-3.5045	-0.0127
4.1465	-0.0015	-0.0014	-3.4579	-0.0111
4.1470	-0.0010	-0.0013	-3.4375	-0.0121
4.1475	-0.0008	-0.0026	-3.4824	-0.0093
4.1480	-0.0009	-0.0053	-3.5103	-0.0098
4.1485	-0.0010	0.0003	-3.4670	-0.0104
4.1490	-0.0006	0.0015	-3.4341	-0.0189
4.1495	-0.0008	-0.0055	-3.4674	-0.0082
4.1500	-0.0014	0.0045	-3.4951	-0.0164
4.1505	-0.0010	-0.0002	-3.4620	-0.0117
4.1510	-0.0011	-0.0008	-3.4198	-0.0084
4.1515	-0.0012	-0.0002	-3.4431	-0.0106
4.1520	-0.0015	0.0003	-3.4566	-0.0121
4.1525	-0.0011	-0.0013	-3.3883	-0.0124
4.1530	-0.0010	-0.0005	-3.3241	-0.0128
4.1535	-0.0011	-0.0010	-3.3271	-0.0141
4.1540	-0.0009	-0.0022	-3.3645	-0.0167
4.1545	-0.0011	0.0036	-3.3435	-0.0162
4.1550	-0.0014	-0.0044	-3.2922	-0.0123
4.1555	-0.0013	-0.0004	-3.2919	-0.0139
4.1560	-0.0014	-0.0019	-3.3306	-0.0181
4.1565	-0.0012	0.0011	-3.3291	-0.0115
4.1570	-0.0012	-0.0036	-3.2692	-0.0047
4.1575	-0.0013	-0.0041	-3.2482	-0.0137
4.1580	-0.0009	0.0004	-3.2855	-0.0062
4.1585	-0.0013	-0.0031	-3.2946	-0.0123
4.1590	-0.0009	0.0001	-3.2368	-0.0121
4.1595	-0.0014	0.0015	-3.2021	-0.0137
4.1600	-0.0009	0.0026	-3.2356	-0.0080
4.1605	-0.0013	0.0010	-3.2502	-0.0116
4.1610	-0.0010	-0.0004	-3.1962	-0.0107
4.1615	-0.0013	0.0015	-3.1519	-0.0099
4.1620	-0.0012	-0.0024	-3.1715	-0.0063
4.1625	-0.0015	0.0003	-3.1936	-0.0173
4.1630	-0.0010	-0.0003	-3.1481	-0.0119
4.1635	-0.0013	0.0020	-3.0921	-0.0120
4.1640	-0.0011	-0.0028	-3.1013	-0.0106
4.1645	-0.0009	-0.0006	-3.1254	-0.0180
4.1650	-0.0009	-0.0009	-3.0894	-0.0124
4.1655	-0.0014	0.0009	-3.0309	-0.0165
4.1660	-0.0011	-0.0002	-3.0255	-0.0104
4.1665	-0.0013	-0.0003	-3.0501	-0.0099
4.1670	-0.0013	-0.0035	-3.0188	-0.0117
4.1675	-0.0009	0.0001	-2.9580	-0.0066
4.1680	-0.0014	-0.0025	-2.9394	-0.0131
4.1685	-0.0013	0.0015	-2.9638	-0.0120
4.1690	-0.0012	-0.0033	-2.9428	-0.0142
4.1695	-0.0013	-0.0020	-2.8775	-0.0141
4.1700	-0.0010	-0.0003	-2.8495	-0.0141
4.1705	-0.0009	-0.0008	-2.8690	-0.0079
4.1710	-0.0014	0.0017	-2.8574	-0.0159
4.1715	-0.0011	0.0006	-2.7899	-0.0173
4.1720	-0.0007	0.0024	-2.7514	-0.0089
4.1725	-0.0008	-0.0010	-2.7636	-0.0082
4.1730	-0.0014	-0.0017	-2.7615	-0.0073
4.1735	-0.0012	0.0028	-2.6998	-0.0126
4.1740	-0.0010	-0.0023	-2.6469	-0.0138
4.1745	-0.0009	-0.0017	-2.6551	-0.0097
4.1750	-0.0017	-0.0015	-2.6569	-0.0106
4.1755	-0.0011	0.0012	-2.5997	-0.0102
4.1760	-0.0009	0.0004	-2.5387	-0.0062
4.1765	-0.0007	-0.0021	-2.5384	-0.0117
4.1770	-0.0011	-0.0013	-2.5412	-0.0106
4.1775	-0.0011	-0.0014	-2.4874	-0.0098
4.1780	-0.0010	-0.0011	-2.4212	-0.0099
4.1785	-0.0010	-0.0047	-2.4109	-0.0082
4.1790	-0.0008	0.0006	-2.4204	-0.0087
4.1795	-0.0007	0.0001	-2.3735	-0.0077
4.1800	-0.0014	0.0032	-2.3022	-0.0054
4.1805	-0.0008	0.0007	-2.2798	-0.0154
4.1810	-0.0009	-0.0000	-2.2875	-0.0140
4.1815	-0.0010	0.0011	-2.2514	-0.0024
4.1820	-0.0010	0.0017	-2.1771	-0.0011
4.1825	-0.0008	-0.0021	-2.1461	-0.0155
4.1830	-0.0004	-0.0016	-2.1497	-0.0054
4.1835	-0.0011	-0.0006	-2.1227	-0.0110
4.1840	-0.0007	0.0002	-2.0492	-0.0084
4.1845	-0.0003	-0.0014	-2.0060	-0.0065
4.1850	-0.0007	-0.0012	-2.0079	-0.0104
4.1855	-0.0008	0.0014	-1.9851	-0.0068
4.1860	-0.0005	0.0002	-1.9152	-0.0096
4.1865	-0.0005	-0.0025	-1.8622	-0.0058
4.1870	-0.0007	0.0006	-1.8551	-0.0048
4.1875	-0.0005	-0.0031	-1.8381	-0.0098
4.1880	-0.0009	0.0016	-1.7760	-0.0114
4.1885	-0.0004	-0.0000	-1.7190	-0.0040
4.1890	-0.0005	-0.0026	-1.7004	-0.0089
4.1895	-0.0006	-0.0007	-1.6883	-0.0063
4.1900	-0.0006	-0.0047	-1.6305	-0.0100
4.1905	-0.0006	0.0010	-1.5648	-0.0076
4.1910	-0.0008	-0.0018	-1.5412	-0.0026
4.1915	-0.0007	-0.0031	-1.5316	-0.0045
4.1920	-0.0007	0.0042	-1.4813	-0.0056
4.1925	-0.0001	0.0010	-1.4153	-0.0063
4.1930	-0.0002	-0.0021	-1.3817	-0.0075
4.1935	-0.0003	0.0021	-1.3673	-0.0063
4.1940	-0.0004	0.0003	-1.3236	-0.0036
4.1945	0.0001	-0.0034	-1.2574	-0.0044
4.1950	0.0001	0.0001	-1.2172	-0.0057
4.1955	-0.0002	-0.0025	-1.2006	-0.0025
4.1960	-0.0001	0.0027	-1.1665	-0.0037
4.1965	-0.0001	-0.0034	-1.0989	-0.0007
4.1970	-0.0005	0.0012	-1.0518	-0.0047
4.1975	-0.0003	0.0018	-1.0326	-0.0068
4.1980	-0.0002	0.0009	-0.9983	-0.0023
4.1985	-0.0003	0.0029	-0.9369	-0.0073
4.1990	-0.0006	-0.0036	-0.8840	-0.0055
4.1995	-0.0002	0.0003	-0.8602	-0.0016
4.2000	0.0001	-0.0015	-0.8321	-0.0019
4.2005	0.0002	-0.0064	-0.7743	0.0041
4.2010	0.0001	-0.0035	-0.7179	-0.0011
4.2015	0.0002	-0.0002	-0.6880	0.0003
4.2020	-0.0001	-0.0012	-0.6593	-0.0030
4.2025	-0.0005	-0.0012	-0.6015	0.0030
4.2030	0.0003	-0.0004	-0.5467	-0.0010
4.2035	-0.0000	-0.0015	-0.5159	0.0009
4.2040	0.0001	-0.0053	-0.4866	-0.0054
4.2045	0.0001	-0.0001	-0.4344	-0.0013
4.2050	-0.0001	0.0002	-0.3799	0.0005
4.2055	0.0001	0.0034	-0.3399	0.0028
4.2060	0.0001	0.0006	-0.3113	0.0003
4.2065	0.0004	0.0003	-0.2650	-0.0069
4.2070	-0.0001	-0.0013	-0.2093	-0.0043
4.2075	0.0003	0.0013	-0.1677	0.0005
4.2080	0.0003	-0.0010	-0.1357	-0.0036
4.2085	0.0003	-0.0007	-0.0937	0.0087
4.2090	0.0001	0.0018	-0.0439	0.0053
4.2095	0.0003	-0.0008	0.0001	0.0000
4.2100	0.0002	0.0018	0.0253	0.0014
4.2105	0.0000	-0.0001	0.0660	0.0017
4.2110	0.0003	0.0008	0.1251	0.0065
4.2115	0.0001	-0.0001	0.1687	0.0045
4.2120	0.0003	0.0004	0.1935	0.0047
4.2125	0.0008	-0.0024	0.2368	0.0047
4.2130	0.0005	-0.0021	0.3047	0.0026
4.2135	0.0002	0.0006	0.3517	0.0052
4.2140	0.0003	-0.0016	0.3633	-0.0011
4.2145	0.0007	0.0009	0.4001	0.0048
4.2150	0.0007	-0.0001	0.4690	0.0058
4.2155	0.0007	-0.0003	0.5163	0.0038
4.2160	0.0007	0.0015	0.5386	0.0060
4.2165	0.0005	-0.0017	0.5730	0.0055
4.2170	0.0009	-0.0017	0.6309	0.0080
4.2175	0.0005	-0.0014	0.6870	0.0046
4.2180	0.0006	-0.0006	0.7116	0.0055
4.2185	0.0009	0.0004	0.7364	0.0041
4.2190	0.0011	-0.0024	0.7965	0.0082
4.2195	0.0009	-0.0059	0.8552	0.0081
4.2200	0.0010	-0.0036	0.8790	0.0032
4.2205	0.0008	-0.0032	0.9022	0.0090
4.2210	0.0010	-0.0033	0.9573	0.0100
4.2215	0.0011	-0.0002	1.0175	0.0088
4.2220	0.0009	-0.0014	1.0469	0.0078
4.2225	0.0011	0.0003	1.0660	0.0063
4.2230	0.0013	0.0015	1.1139	0.0104
4.2235	0.0009	-0.0018	1.1759	0.0060
4.2240	0.0008	0.0026	1.2129	0.0059
4.2245	0.0013	0.0025	1.2266	0.0107
4.2250	0.0010	-0.0007	1.2719	0.0104
4.2255	0.0012	-0.0013	1.3332	0.0090
4.2260	0.0008	0.0022	1.3713	0.0086
4.2265	0.0006	-0.0032	1.3871	0.0051
4.2270	0.0010	-0.0007	1.4236	0.0152
4.2275	0.0011	0.0010	1.4824	0.0114
4.2280	0.0011	-0.0027	1.5095	0.0061
4.2285	0.0016	-0.0008	1.5253	0.0126
4.2290	0.0011	-0.0013	1.5606	0.0097
4.2295	0.0012	-0.0020	1.5977	0.0117
4.2300	0.0013	-0.0010	1.6546	0.0149
4.2305	0.0013	-0.0025	1.6897	0.0128
4.2310	0.0014	0.0017	1.7345	0.0098
4.2315	0.0013	-0.0023	1.7825	0.0132
4.2320	0.0010	-0.0026	1.8035	0.0124
4.2325	0.0015	-0.0021	1.8306	0.0177
4.2330	0.0013	0.0003	1.8765	0.0068
4.2335	0.0018	0.0010	1.9248	0.0162
4.2340	0.0015	-0.0003	1.9492	0.0098
4.2345	0.0014	-0.0011	1.9686	0.0045
4.2350	0.0014	0.0018	2.0141	0.0113
4.2355	0.0012	-0.0022	2.0590	0.0067
4.2360	0.0018	-0.0005	2.0866	0.0152
4.2365	0.0014	0.0010	2.1034	0.0131
4.2370	0.0014	0.0026	2.1397	0.0108
4.2375	0.0009	0.0005	2.1872	0.0184
4.2380	0.0015	-0.0019	2.2130	0.0152
4.2385	0.0014	-0.0008	2.2285	0.0118
4.2390	0.0017	0.0018	2.2571	0.0138
4.2395	0.0011	0.0018	2.3008	0.0094
4.2400	0.0018	0.0007	2.3302	0.0102
4.2405	0.0016	-0.0018	2.3452	0.0138
4.2410	0.0014	-0.0038	2.3722	0.0151
4.2415	0.0018	-0.0021	2.4138	0.0120
4.2420	0.0017	-0.0011	2.4493	0.0115
4.2425	0.0014	-0.0045	2.4649	0.0172
4.2430	0.0018	0.0002	2.4864	0.0145
4.2435	0.0017	0.0036	2.5273	0.0115
4.2440	0.0013	0.0051	2.5623	0.0183
4.2445	0.0024	-0.0002	2.5770	0.0093
4.2450	0.0019	-0.0014	2.5992	0.0119
4.2455	0.0013	-0.0037	2.6366	0.0183
4.2460	0.0016	0.0006	2.6729	0.0175
4.2465	0.0019	0.0031	2.6876	0.0144
4.2470	0.0014	-0.0041	2.7061	0.0120
4.2475	0.0018	-0.0039	2.7395	0.0110
4.2480	0.0020	-0.0016	2.7734	0.0185
4.2485	0.0020	-0.0023	2.7882	0.0203
4.2490	0.0022	0.0012	2.8020	0.0092
4.2495	0.0016	0.0015	2.8363	0.0206
4.2500	0.0019	-0.0002	2.8672	0.0186
4.2505	0.0017	-0.0008	2.8839	0.0169
4.2510	0.0017	-0.0045	2.8915	0.0132
4.2515	0.0022	-0.0001	2.9194	0.0141
4.2520	0.0019	0.0002	2.9556	0.0185
4.2525	0.0020	0.0016	2.9743	0.0177
4.2530	0.0016	-0.0004	2.9799	0.0207
4.2535	0.0018	-0.0023	2.9979	0.0184
4.2540	0.0020	-0.0002	3.0342	0.0238
4.2545	0.0020	-0.0011	3.0547	0.0190
4.2550	0.0022	0.0017	3.0573	0.0203
4.2555	0.0025	0.0001	3.0724	0.0173
4.2560	0.0015	-0.0024	3.1066	0.0190
4.2565	0.0021	-0.0016	3.1288	0.0157
4.2570	0.0022	-0.0011	3.1285	0.0183
4.2575	0.0018	-0.0042	3.1389	0.0173
4.2580	0.0017	-0.0003	3.1689	0.0227
4.2585	0.0022	-0.0017	3.1923	0.0143
4.2590	0.0023	-0.0032	3.1967	0.0148
4.2595	0.0018	0.0018	3.1935	0.0207
4.2600	0.0024	-0.0015	3.2246	0.0218
4.2605	0.0021	-0.0019	3.2529	0.0205
4.2610	0.0019	-0.0003	3.2515	0.0206
4.2615	0.0021	-0.0035	3.2469	0.0173
4.2620	0.0023	0.0001	3.2694	0.0120
4.2625	0.0023	0.0016	3.2938	0.0160
4.2630	0.0023	-0.0026	3.2967	0.0215
4.2635	0.0024	-0.0019	3.2879	0.0184
4.2640	0.0023	-0.0044	3.3000	0.0182
4.2645	0.0023	0.0002	3.3283	0.0215
4.2650	0.0024	-0.0041	3.3348	0.0229
4.2655	0.0023	0.0022	3.3229	0.0219
4.2660	0.0024	-0.0014	3.3313	0.0227
4.2665	0.0020	-0.0001	3.3550	0.0233
4.2670	0.0023	-0.0013	3.3630	0.0242
4.2675	0.0022	-0.0011	3.3506	0.0215
4.2680	0.0025	-0.0005	3.3507	0.0233
4.2685	0.0028	0.0039	3.3709	0.0283
4.2690	0.0026	0.0018	3.3790	0.0207
4.2695	0.0021	-0.0011	3.3655	0.0222
4.2700	0.0022	-0.0039	3.3633	0.0190
4.2705	0.0024	0.0039	3.3802	0.0170
4.2710	0.0024	0.0002	3.3874	0.0247
4.2715	0.0026	0.0030	3.3736	0.0222
4.2720	0.0023	-0.0038	3.3662	0.0213
4.2725	0.0025	-0.0006	3.3754	0.0245
4.2730	0.0024	-0.0006	3.3851	0.0194
4.2735	0.0026	0.0006	3.3713	0.0281
4.2740	0.0024	-0.0046	3.3573	0.0263
4.2745	0.0025	-0.0015	3.3662	0.0231
4.2750	0.0024	-0.0031	3.3734	0.0184
4.2755	0.0025	-0.0005	3.3609	0.0275
4.2760	0.0022	-0.0000	3.3433	0.0243
4.2765	0.0025	-0.0014	3.3477	0.0161
4.2770	0.0025	-0.0011	3.3528	0.0231
4.2775	0.0027	0.0006	3.3406	0.0263
4.2780	0.0025	-0.0036	3.3196	0.0198
4.2785	0.0028	0.0024	3.3203	0.0190
4.2790	0.0031	-0.0023	3.3275	0.0236
4.2795	0.0025	0.0014	3.3173	0.0225
4.2800	0.0025	-0.0049	3.2927	0.0265
4.2805	0.0027	0.0019	3.2846	0.0229
4.2810	0.0026	0.0022	3.2928	0.0271
4.2815	0.0022	-0.0013	3.2808	0.0201
4.2820	0.0025	0.0008	3.2520	0.0183
4.2825	0.0025	0.0013	3.2378	0.0241
4.2830	0.0029	-0.0005	3.2452	0.0239
4.2835	0.0027	-0.0017	3.2381	0.0237
4.2840	0.0027	0.0004	3.2059	0.0276
4.2845	0.0024	-0.0001	3.1839	0.0249
4.2850	0.0029	-0.0021	3.1885	0.0204
4.2855	0.0026	-0.0001	3.1823	0.0216
4.2860	0.0030	0.0030	3.1487	0.0247
4.2865	0.0028	-0.0027	3.1257	0.0196
4.2870	0.0029	-0.0001	3.1202	0.0222
4.2875	0.0026	-0.0029	3.1144	0.0226
4.2880	0.0023	0.0012	3.0870	0.0245
4.2885	0.0024	0.0005	3.0532	0.0246
4.2890	0.0025	-0.0014	3.0454	0.0188
4.2895	0.0026	0.0002	3.0398	0.0263
4.2900	0.0026	-0.0049	3.0087	0.0256
4.2905	0.0024	-0.0020	2.9767	0.0254
4.2910	0.0022	-0.0012	2.9616	0.0236
4.2915	0.0026	-0.0008	2.9595	0.0202
4.2920	0.0028	-0.0011	2.9300	0.0190
4.2925	0.0026	-0.0005	2.8929	0.0242
4.2930	0.0025	-0.0030	2.8731	0.0203
4.2935	0.0025	0.0006	2.8634	0.0216
4.2940	0.0026	0.0003	2.8423	0.0242
4.2945	0.0025	0.0028	2.8010	0.0204
4.2950	0.0023	-0.0030	2.7727	0.0179
4.2955	0.0024	0.0018	2.7642	0.0195
4.2960	0.0022	-0.0014	2.7467	0.0235
4.2965	0.0022	0.0028	2.7034	0.0193
4.2970	0.0025	-0.0026	2.6751	0.0214
4.2975	0.0022	-0.0021	2.6618	0.0227
4.2980	0.0023	0.0001	2.6402	0.0216
4.2985	0.0026	0.0002	2.5997	0.0176
4.2990	0.0024	-0.0011	2.5656	0.0204
4.2995	0.0019	-0.0006	2.5508	0.0185
4.3000	0.0022	-0.0045	2.5281	0.0218
4.3005	0.0027	0.0006	2.4917	0.0192
4.3010	0.0020	0.0046	2.4521	0.0206
4.3015	0.0024	-0.0018	2.4306	0.0179
4.3020	0.0023	-0.0027	2.4119	0.0255
4.3025	0.0023	-0.0011	2.3737	0.0227
4.3030	0.0023	0.0006	2.3301	0.0239
4.3035	0.0016	-0.0045	2.3045	0.0236
4.3040	0.0020	-0.0017	2.2872	0.0254
4.3045	0.0021	0.0006	2.2483	0.0204
4.3050	0.0020	-0.0026	2.2034	0.0234
4.3055	0.0021	0.0011	2.1753	0.0169
4.3060	0.0017	-0.0013	2.1568	0.0170
4.3065	0.0016	-0.0007	2.1182	0.0223
4.3070	0.0021	0.0015	2.0681	0.0145
4.3075	0.0023	-0.0020	2.0397	0.0208
4.3080	0.0021	0.0006	2.0186	0.0151
4.3085	0.0017	-0.0037	1.9799	0.0203
4.3090	0.0017	0.0001	1.9358	0.0118
4.3095	0.0022	-0.0011	1.8964	0.0198
4.3100	0.0017	0.0001	1.8714	0.0195
4.3105	0.0017	0.0016	1.8381	0.0166
4.3110	0.0019	0.0004	1.7905	0.0175
4.3115	0.0018	-0.0004	1.7513	0.0208
4.3120	0.0019	-0.0038	1.7259	0.0164
4.3125	0.0018	-0.0037	1.6932	0.0177
4.3130	0.0022	-0.0003	1.6440	0.0202
4.3135	0.0018	-0.0008	1.6001	0.0136
4.3140	0.0017	-0.0036	1.5750	0.0150
4.3145	0.0020	0.0001	1.5430	0.0172
4.3150	0.0019	-0.0037	1.4905	0.0196
4.3155	0.0016	0.0012	1.4463	0.0150
4.3160	0.0017	0.0012	1.4172	0.0122
4.3165	0.0015	-0.0037	1.3860	0.0149
4.3170	0.0018	0.0021	1.3402	0.0172
4.3175	0.0019	-0.0010	1.2909	0.0152
4.3180	0.0018	0.0015	1.2544	0.0122
4.3185	0.0015	-0.0041	1.2249	0.0142
4.3190	0.0022	-0.0004	1.1838	0.0100
4.3195	0.0016	-0.0002	1.1328	0.0125
4.3200	0.0017	0.0011	1.0935	0.0105
4.3205	0.0016	-0.0038	1.0652	0.0215
4.3210	0.0018	-0.0041	1.0231	0.0186
4.3215	0.0017	-0.0022	0.9713	0.0100
4.3220	0.0015	-0.0016	0.9297	0.0120
4.3225	0.0018	-0.0070	0.8985	0.0129
4.3230	0.0013	0.0030	0.8596	0.0115
4.3235	0.0015	-0.0021	0.8087	0.0132
4.3240	0.0013	0.0003	0.7664	0.0108
4.3245	0.0015	0.0011	0.7295	0.0166
4.3250	0.0015	0.0004	0.6909	0.0161
4.3255	0.0015	-0.0020	0.6439	0.0126
4.3260	0.0016	-0.0069	0.5990	0.0177
4.3265	0.0012	0.0040	0.5612	0.0068
4.3270	0.0018	0.0017	0.5264	0.0111
4.3275	0.0018	-0.0002	0.4755	0.0095
4.3280	0.0012	-0.0034	0.4296	0.0111
4.3285	0.0011	-0.0024	0.3910	0.0050
4.3290	0.0010	0.0011	0.3547	0.0157
4.3295	0.0011	-0.0000	0.3059	0.0125
4.3300	0.0013	-0.0017	0.2567	0.0105
4.3305	0.0010	-0.0047	0.2213	0.0100
4.3310	0.0012	-0.0025	0.1819	0.0154
4.3315	0.0011	0.0021	0.1370	0.0076
4.3320	0.0010	0.0004	0.0909	0.0090
4.3325	0.0010	-0.0003	0.0495	0.0059
4.3330	0.0015	-0.0012	0.0128	0.0133
4.3335	0.0008	0.0036	-0.0180	0.0078
4.3340	0.0012	0.0006	-0.0422	0.0076
4.3345	0.0010	0.0006	-0.0849	0.0042
4.3350	0.0009	-0.0041	-0.1664	0.0056
4.3355	0.0010	-0.0028	-0.2331	0.0052
4.3360	0.0010	-0.0011	-0.2363	0.0047
4.3365	0.0011	-0.0011	-0.2502	0.0095
4.3370	0.0009	-0.0024	-0.3242	0.0058
4.3375	0.0007	0.0003	-0.3941	0.0062
4.3380	0.0010	0.0012	-0.4072	0.0039
4.3385	0.0007	-0.0020	-0.4165	0.0090
4.3390	0.0008	0.0027	-0.4832	-0.0017
4.3395	0.0010	-0.0026	-0.5603	0.0043
4.3400	0.0011	-0.0014	-0.5813	0.0077
4.3405	0.0006	-0.0015	-0.5768	0.0039
4.3410	0.0008	0.0001	-0.6260	0.0074
4.3415	0.0007	-0.0006	-0.7228	0.0061
4.3420	0.0004	-0.0016	-0.7615	0.0098
4.3425	0.0008	-0.0023	-0.7500	-0.0003
4.3430	0.0006	-0.0029	-0.7858	0.0017
4.3435	0.0008	-0.0008	-0.8786	0.0008
4.3440	0.0006	0.0009	-0.9302	0.0024
4.3445	0.0006	0.0018	-0.9172	0.0052
4.3450	0.0010	-0.0001	-0.9430	0.0035
4.3455	0.0003	-0.0005	-1.0301	0.0038
4.3460	0.0006	0.0031	-1.0904	0.0082
4.3465	0.0002	0.0009	-1.0854	-0.0056
4.3470	0.0006	-0.0037	-1.1026	0.0078
4.3475	0.0007	0.0038	-1.1806	-0.0033
4.3480	0.0006	0.0024	-1.2510	0.0071
4.3485	0.0004	-0.0025	-1.2537	0.0004
4.3490	0.0003	-0.0010	-1.2570	0.0037
4.3495	0.0006	-0.0034	-1.3323	0.0017
4.3500	0.0000	-0.0053	-1.4049	0.0012
4.3505	0.0007	0.0009	-1.4151	0.0017
4.3510	0.0004	-0.0047	-1.4112	0.0100
4.3515	0.0005	0.0004	-1.4741	0.0021
4.3520	0.0010	-0.0013	-1.5566	0.0082
4.3525	0.0003	0.0011	-1.5650	0.0084
4.3530	0.0002	0.0006	-1.5385	-0.0011
4.3535	0.0001	0.0019	-1.5999	0.0080
4.3540	0.0004	-0.0011	-1.7241	0.0036
4.3545	0.0003	0.0030	-1.7453	0.0020
4.3550	0.0003	0.0003	-1.6705	0.0060
4.3555	0.0011	-0.0014	-1.7203	0.0004
4.3560	0.0007	0.0033	-1.8853	0.0028
4.3565	0.0003	0.0006	-1.9172	-0.0031
4.3570	0.0003	0.0030	-1.8293	0.0024
4.3575	0.0008	0.0027	-1.8443	0.0016
4.3580	-0.0003	-0.0024	-2.0021	0.0039
4.3585	0.0001	-0.0006	-2.0631	0.0020
4.3590	-0.0001	0.0009	-1.9845	-0.0009
4.3595	-0.0001	-0.0028	-1.9752	0.0080
4.3600	-0.0002	-0.0027	-2.1136	0.0051
4.3605	-0.0004	-0.0005	-2.2045	0.0012
4.3610	0.0001	-0.0002	-2.1381	0.0034
4.3615	0.0002	-0.0023	-2.1022	-0.0024
4.3620	0.0001	0.0006	-2.2227	0.0031
4.3625	0.0002	0.0009	-2.3343	0.0003
4.3630	0.0003	-0.0023	-2.2858	-0.0043
4.3635	0.0001	-0.0020	-2.2316	-0.0007
4.3640	0.0002	-0.0008	-2.3290	-0.0043
4.3645	-0.0000	0.0017	-2.4472	-0.0011
4.3650	0.0000	-0.0009	-2.4241	-0.0076
4.3655	-0.0000	0.0030	-2.3611	-0.0026
4.3660	-0.0002	0.0036	-2.4294	0.0001
4.3665	0.0005	0.0024	-2.5560	-0.0072
4.3670	-0.0000	-0.0002	-2.5532	0.0006
4.3675	-0.0002	0.0036	-2.4802	-0.0017
4.3680	-0.0003	-0.0034	-2.5250	-0.0044
4.3685	0.0001	0.0001	-2.6524	-0.0031
4.3690	-0.0003	0.0023	-2.6713	0.0007
4.3695	-0.0002	-0.0012	-2.6000	-0.0003
4.3700	0.0001	0.0046	-2.6185	-0.0022
4.3705	0.0000	-0.0017	-2.7412	0.0020
4.3710	-0.0004	-0.0002	-2.7827	-0.0040
4.3715	-0.0003	-0.0023	-2.7122	-0.0071
4.3720	-0.0007	0.0014	-2.7074	-0.0033
4.3725	-0.0003	-0.0020	-2.8175	-0.0043
4.3730	-0.0005	0.0019	-2.8790	-0.0054
4.3735	-0.0001	-0.0032	-2.8179	-0.0068
4.3740	-0.0004	-0.0009	-2.7908	-0.0030
4.3745	-0.0005	-0.0038	-2.8890	-0.0063
4.3750	-0.0002	0.0008	-2.9705	-0.0050
4.3755	-0.0003	-0.0010	-2.9186	-0.0064
4.3760	-0.0003	0.0006	-2.8716	-0.0098
4.3765	-0.0004	-0.0002	-2.9534	-0.0002
4.3770	-0.0005	0.0015	-3.0432	-0.0067
4.3775	-0.0003	0.0009	-3.0140	-0.0094
4.3780	-0.0006	0.0021	-2.9534	-0.0124
4.3785	-0.0005	-0.0042	-3.0119	-0.0045
4.3790	-0.0006	-0.0034	-3.1108	-0.0088
4.3795	-0.0004	0.0016	-3.0955	-0.0037
4.3800	-0.0008	-0.0044	-3.0308	-0.0133
4.3805	-0.0005	0.0001	-3.0685	-0.0046
4.3810	-0.0008	0.0015	-3.1663	-0.0065
4.3815	-0.0003	-0.0010	-3.1667	-0.0048
4.3820	-0.0008	-0.0029	-3.0986	-0.0078
4.3825	-0.0007	-0.0008	-3.1140	-0.0131
4.3830	-0.0003	-0.0006	-3.2094	-0.0067
4.3835	-0.0011	0.0003	-3.2321	-0.0115
4.3840	-0.0004	-0.0015	-3.1610	-0.0050
4.3845	-0.0009	-0.0002	-3.1518	-0.0103
4.3850	-0.0009	-0.0018	-3.2397	-0.0069
4.3855	-0.0009	-0.0010	-3.2782	-0.0097
4.3860	-0.0006	0.0020	-3.2178	-0.0088
4.3865	-0.0006	0.0011	-3.1874	-0.0110
4.3870	-0.0007	-0.0038	-3.2614	-0.0076
4.3875	-0.0004	0.0003	-3.3170	-0.0157
4.3880	-0.0005	0.0004	-3.2597	-0.0085
4.3885	-0.0009	-0.0032	-3.2133	-0.0130
4.3890	-0.0009	-0.0017	-3.2715	-0.0056
4.3895	-0.0009	0.0019	-3.3395	-0.0114
4.3900	-0.0009	0.0003	-3.2974	-0.0097
4.3905	-0.0008	0.0014	-3.2386	-0.0090
4.3910	-0.0005	-0.0001	-3.2756	-0.0142
4.3915	-0.0009	-0.0035	-3.3467	-0.0079
4.3920	-0.0007	0.0012	-3.3222	-0.0078
4.3925	-0.0005	-0.0039	-3.2522	-0.0148
4.3930	-0.0007	0.0036	-3.2725	-0.0065
4.3935	-0.0004	-0.0002	-3.3464	-0.0110
4.3940	-0.0011	0.0027	-3.3407	-0.0116
4.3945	-0.0008	-0.0011	-3.2678	-0.0113
4.3950	-0.0008	-0.0008	-3.2682	-0.0134
4.3955	-0.0009	-0.0030	-3.3416	-0.0119
4.3960	-0.0013	0.0031	-3.3486	-0.0128
4.3965	-0.0007	0.0004	-3.2782	-0.0098
4.3970	-0.0006	0.0009	-3.2551	-0.0175
4.3975	-0.0015	-0.0026	-3.3167	-0.0075
4.3980	-0.0005	0.0002	-3.3355	-0.0170
4.3985	-0.0011	-0.0000	-3.2726	-0.0072
4.3990	-0.0010	0.0006	-3.2380	-0.0134
4.3995	-0.0012	0.0024	-3.2901	-0.0065
4.4000	-0.0010	0.0014	-3.2947	-0.0086
4.4005	-0.0011	-0.0006	-3.1950	-0.0128
4.4010	-0.0014	0.0033	-3.1344	-0.0131
4.4015	-0.0003	-0.0000	-3.1746	-0.0089
4.4020	-0.0011	0.0010	-3.2193	-0.0147
4.4025	-0.0012	0.0024	-3.1613	-0.0097
4.4030	-0.0008	-0.0018	-3.1020	-0.0141
4.4035	-0.0006	0.0002	-3.1321	-0.0166
4.4040	-0.0009	-0.0038	-3.1928	-0.0137
4.4045	-0.0006	0.0009	-3.1576	-0.0185
4.4050	-0.0009	-0.0040	-3.0691	-0.0208
4.4055	-0.0009	-0.0006	-3.0829	-0.0159
4.4060	-0.0013	-0.0007	-3.1448	-0.0096
4.4065	-0.0011	0.0001	-3.1253	-0.0110
4.4070	-0.0011	-0.0020	-3.0417	-0.0117
4.4075	-0.0011	-0.0018	-3.0304	-0.0123
4.4080	-0.0010	-0.0011	-3.0902	-0.0129
4.4085	-0.0011	0.0030	-3.0910	-0.0028
4.4090	-0.0009	0.0006	-3.0071	-0.0151
4.4095	-0.0010	-0.0080	-2.9722	-0.0146
4.4100	-0.0009	0.0002	-3.0246	-0.0078
4.4105	-0.0014	-0.0017	-3.0346	-0.0075
4.4110	-0.0009	-0.0014	-2.9560	-0.0105
4.4115	-0.0013	0.0010	-2.9114	-0.0119
4.4120	-0.0013	-0.0033	-2.9527	-0.0150
4.4125	-0.0008	-0.0017	-2.9755	-0.0051
4.4130	-0.0014	-0.0016	-2.9037	-0.0117
4.4135	-0.0007	0.0040	-2.8446	-0.0087
4.4140	-0.0011	-0.0014	-2.8728	-0.0133
4.4145	-0.0010	0.0013	-2.9009	-0.0077
4.4150	-0.0013	-0.0011	-2.8403	-0.0137
4.4155	-0.0011	0.0024	-2.7693	-0.0084
4.4160	-0.0011	0.0012	-2.7821	-0.0092
4.4165	-0.0010	-0.0002	-2.8177	-0.0130
4.4170	-0.0012	-0.0025	-2.7705	-0.0110
4.4175	-0.0011	0.0017	-2.6918	-0.0146
4.4180	-0.0008	0.0026	-2.6862	-0.0129
4.4185	-0.0010	-0.0008	-2.7235	-0.0149
4.4190	-0.0010	-0.0002	-2.6922	-0.0113
4.4195	-0.0004	-0.0026	-2.6089	-0.0140
4.4200	-0.0010	0.0007	-2.5866	-0.0134
4.4205	-0.0009	-0.0066	-2.6179	-0.0136
4.4210	-0.0008	-0.0013	-2.6022	-0.0095
4.4215	-0.0012	-0.0038	-2.5234	-0.0107
4.4220	-0.0011	-0.0006	-2.4833	-0.0151
4.4225	-0.0008	-0.0027	-2.5079	-0.0083
4.4230	-0.0012	-0.0014	-2.5023	-0.0069
4.4235	-0.0012	0.0024	-2.4279	-0.0065
4.4240	-0.0010	-0.0039	-2.3782	-0.0067
4.4245	-0.0010	-0.0045	-2.3930	-0.0100
4.4250	-0.0008	0.0016	-2.3914	-0.0117
4.4255	-0.0009	-0.0015	-2.3280	-0.0076
4.4260	-0.0008	0.0040	-2.2642	-0.0109
4.4265	-0.0011	0.0002	-2.2696	-0.0118
4.4270	-0.0004	-0.0008	-2.2750	-0.0151
4.4275	-0.0011	-0.0018	-2.2165	-0.0098
4.4280	-0.0007	-0.0044	-2.1497	-0.0130
4.4285	-0.0008	0.0006	-2.1428	-0.0087
4.4290	-0.0010	-0.0012	-2.1499	-0.0061
4.4295	-0.0004	0.0009	-2.0998	-0.0063
4.4300	-0.0006	-0.0055	-2.0273	-0.0072
4.4305	-0.0005	-0.0038	-2.0085	-0.0096
4.4310	-0.0006	-0.0017	-2.0170	-0.0102
4.4315	-0.0007	-0.0014	-1.9742	-0.0140
4.4320	-0.0005	-0.0019	-1.8987	-0.0111
4.4325	-0.0009	0.0014	-1.8734	-0.0110
4.4330	-0.0005	-0.0007	-1.8793	-0.0017
4.4335	-0.0006	-0.0003	-1.8464	-0.0056
4.4340	-0.0004	-0.0016	-1.7719	-0.0010
4.4345	-0.0005	0.0014	-1.7340	-0.0033
4.4350	-0.0003	-0.0004	-1.7354	-0.0076
4.4355	-0.0007	-0.0026	-1.7064	-0.0080
4.4360	-0.0007	-0.0029	-1.6363	-0.0118
4.4365	-0.0006	0.0017	-1.5909	0.0018
4.4370	-0.0003	-0.0029	-1.5857	-0.0067
4.4375	-0.0004	0.0001	-1.5660	-0.0042
4.4380	-0.0002	0.0021	-1.4984	-0.0121
4.4385	-0.0005	-0.0005	-1.4421	-0.0051
4.4390	-0.0004	-0.0029	-1.4358	-0.0067
4.4395	-0.0004	-0.0010	-1.4194	0.0007
4.4400	-0.0004	-0.0029	-1.3554	-0.0078
4.4405	-0.0002	0.0009	-1.2919	-0.0013
4.4410	-0.0003	-0.0051	-1.2743	0.0025
4.4415	-0.0001	-0.0014	-1.2625	-0.0066
4.4420	-0.0004	0.0001	-1.2078	-0.0022
4.4425	-0.0001	-0.0038	-1.1413	-0.0089
4.4430	-0.0004	0.0021	-1.1166	-0.0037
4.4435	0.0000	-0.0028	-1.1060	-0.0035
4.4440	-0.0005	-0.0017	-1.0568	-0.0026
4.4445	-0.0000	0.0039	-0.9889	0.0043
4.4450	0.0001	0.0001	-0.9555	-0.0096
4.4455	-0.0001	-0.0006	-0.9460	-0.0092
4.4460	-0.0000	0.0018	-0.9036	-0.0038
4.4465	0.0000	0.0005	-0.8344	-0.0047
4.4470	-0.0006	-0.0023	-0.7904	0.0009
4.4475	0.0001	-0.0020	-0.7808	-0.0027
4.4480	0.0000	0.0006	-0.7455	-0.0019
4.4485	-0.0003	-0.0042	-0.6788	-0.0031
4.4490	0.0001	-0.0005	-0.6299	0.0007
4.4495	0.0002	-0.0023	-0.6124	0.0015
4.4500	0.0002	0.0030	-0.5820	-0.0063
4.4505	0.0002	-0.0027	-0.5217	0.0045
4.4510	0.0003	-0.0044	-0.4668	0.0017
4.4515	-0.0002	-0.0012	-0.4447	0.0024
4.4520	0.0002	0.0004	-0.4172	0.0019
4.4525	0.0002	0.0009	-0.3636	-0.0004
4.4530	0.0001	-0.0009	-0.3066	0.0070
4.4535	0.0001	-0.0012	-0.2755	0.0000
4.4540	0.0000	-0.0013	-0.2529	0.0028
4.4545	0.0003	-0.0035	-0.2005	-0.0013
4.4550	0.0007	-0.0017	-0.1441	0.0066
4.4555	0.0001	-0.0034	-0.1092	0.0036
4.4560	0.0003	-0.0027	-0.0849	0.0047
4.4565	-0.0003	-0.0012	-0.0385	0.0003
4.4570	0.0004	-0.0020	0.0084	0.0021
4.4575	0.0005	0.0021	0.0364	-0.0035
4.4580	0.0007	-0.0050	0.0727	0.0001
4.4585	0.0009	-0.0000	0.1260	0.0038
4.4590	0.0002	0.0004	0.1689	0.0008
4.4595	0.0005	0.0004	0.1958	-0.0032
4.4600	0.0000	-0.0032	0.2382	0.0042
4.4605	0.0001	-0.0022	0.2999	0.0073
4.4610	0.0003	-0.0006	0.3367	0.0009
4.4615	0.0006	-0.0023	0.3566	0.0046
4.4620	0.0008	-0.0035	0.3976	0.0045
4.4625	0.0003	0.0019	0.4531	0.0025
4.4630	0.0004	0.0003	0.4960	0.0063
4.4635	0.0009	-0.0023	0.5230	0.0063
4.4640	0.0005	-0.0007	0.5587	0.0067
4.4645	0.0012	-0.0007	0.6118	0.0032
4.4650	0.0007	0.0001	0.6573	0.0049
4.4655	0.0008	0.0008	0.6842	0.0040
4.4660	0.0007	-0.0004	0.7170	0.0098
4.4665	0.0006	-0.0030	0.7677	0.0017
4.4670	0.0005	0.0009	0.8169	0.0094
4.4675	0.0007	-0.0001	0.8455	0.0010
4.4680	0.0006	-0.0006	0.8732	0.0027
4.4685	0.0009	-0.0032	0.9216	0.0118
4.4690	0.0011	0.0004	0.9731	0.0036
4.4695	0.0009	-0.0035	1.0037	0.0074
4.4700	0.0009	-0.0034	1.0252	0.0101
4.4705	0.0008	-0.0014	1.0743	0.0118
4.4710	0.0008	-0.0017	1.1256	0.0101
4.4715	0.0007	0.0030	1.1581	0.0063
4.4720	0.0004	-0.0031	1.1799	0.0082
4.4725	0.0010	0.0021	1.2220	0.0039
4.4730	0.0009	0.0023	1.2721	0.0091
4.4735	0.0012	-0.0000	1.3092	0.0104
4.4740	0.0008	0.0001	1.3303	0.0063
4.4745	0.0010	-0.0020	1.3699	0.0118
4.4750	0.0011	-0.0038	1.4190	0.0024
4.4755	0.0006	-0.0005	1.4511	0.0157
4.4760	0.0010	0.0014	1.4574	0.0142
4.4765	0.0011	0.0024	1.5005	0.0089
4.4770	0.0008	-0.0054	1.5460	0.0102
4.4775	0.0012	-0.0018	1.5597	0.0020
4.4780	0.0012	-0.0005	1.6015	0.0145
4.4785	0.0010	-0.0052	1.6519	0.0100
4.4790	0.0009	-0.0008	1.7191	0.0156
4.4795	0.0014	0.0001	1.7367	0.0105
4.4800	0.0013	-0.0035	1.7389	0.0081
4.4805	0.0011	0.0030	1.7816	0.0156
4.4810	0.0010	-0.0011	1.8466	0.0109
4.4815	0.0015	0.0001	1.8740	0.0155
4.4820	0.0011	-0.0005	1.8706	0.0090
4.4825	0.0017	0.0038	1.9025	0.0122
4.4830	0.0013	-0.0003	1.9673	0.0100
4.4835	0.0013	-0.0026	1.9999	0.0063
4.4840	0.0015	0.0010	2.0003	0.0148
4.4845	0.0015	-0.0007	2.0219	0.0180
4.4850	0.0015	0.0007	2.0831	0.0146
4.4855	0.0015	-0.0005	2.1259	0.0134
4.4860	0.0014	-0.0005	2.1282	0.0160
4.4865	0.0018	0.0011	2.1447	0.0088
4.4870	0.0014	0.0031	2.1939	0.0099
4.4875	0.0012	-0.0025	2.2367	0.0135
4.4880	0.0016	-0.0032	2.2450	0.0143
4.4885	0.0018	0.0013	2.2559	0.0151
4.4890	0.0016	0.0001	2.3040	0.0099
4.4895	0.0018	-0.0012	2.3477	0.0107
4.4900	0.0014	0.0033	2.3617	0.0088
4.4905	0.0011	-0.0019	2.3681	0.0163
4.4910	0.0016	0.0005	2.4112	0.0086
4.4915	0.0015	-0.0020	2.4588	0.0126
4.4920	0.0016	-0.0023	2.4740	0.0227
4.4925	0.0017	-0.0017	2.4758	0.0143
4.4930	0.0018	-0.0020	2.5109	0.0164
4.4935	0.0021	0.0011	2.5585	0.0176
4.4940	0.0019	-0.0024	2.5779	0.0143
4.4945	0.0019	-0.0031	2.5788	0.0120
4.4950	0.0018	0.0006	2.6067	0.0151
4.4955	0.0014	0.0026	2.6552	0.0164
4.4960	0.0016	-0.0064	2.6781	0.0146
4.4965	0.0019	-0.0025	2.6757	0.0121
4.4970	0.0021	-0.0010	2.6932	0.0102
4.4975	0.0020	-0.0013	2.7374	0.0120
4.4980	0.0023	0.0009	2.7648	0.0217
4.4985	0.0020	-0.0042	2.7664	0.0146
4.4990	0.0023	0.0009	2.7789	0.0207
4.4995	0.0022	-0.0010	2.8167	0.0213
4.5000	0.0020	0.0030	2.8486	0.0252
4.5005	0.0019	-0.0017	2.8508	0.0157
4.5010	0.0021	-0.0002	2.8564	0.0151
4.5015	0.0019	0.0018	2.8896	0.0166
4.5020	0.0016	-0.0010	2.9209	0.0153
4.5025	0.0020	0.0007	2.9311	0.0196
4.5030	0.0027	-0.0015	2.9280	0.0200
4.5035	0.0020	0.0021	2.9537	0.0244
4.5040	0.0021	-0.0005	2.9870	0.0215
4.5045	0.0020	0.0016	2.9961	0.0173
4.5050	0.0018	-0.0019	2.9935	0.0241
4.5055	0.0020	0.0002	3.0162	0.0164
4.5060	0.0022	0.0002	3.0435	0.0126
4.5065	0.0019	-0.0006	3.0556	0.0255
4.5070	0.0018	-0.0008	3.0554	0.0207
4.5075	0.0018	-0.0002	3.0700	0.0152
4.5080	0.0021	0.0018	3.0951	0.0196
4.5085	0.0021	0.0010	3.1049	0.0221
4.5090	0.0024	-0.0026	3.1053	0.0250
4.5095	0.0025	0.0036	3.1122	0.0138
4.5100	0.0022	-0.0035	3.1323	0.0191
4.5105	0.0025	0.0025	3.1469	0.0162
4.5110	0.0021	-0.0027	3.1406	0.0298
4.5115	0.0019	0.0026	3.1465	0.0226
4.5120	0.0024	-0.0019	3.1655	0.0173
4.5125	0.0020	-0.0015	3.1789	0.0188
4.5130	0.0024	-0.0009	3.1769	0.0221
4.5135	0.0023	0.0015	3.1755	0.0222
4.5140	0.0025	-0.0029	3.1904	0.0215
4.5145	0.0022	0.0003	3.2059	0.0174
4.5150	0.0018	-0.0004	3.1988	0.0226
4.5155	0.0027	0.0005	3.1939	0.0243
4.5160	0.0023	-0.0006	3.2058	0.0270
4.5165	0.0023	-0.0002	3.2165	0.0167
4.5170	0.0023	-0.0009	3.2150	0.0231
4.5175	0.0025	-0.0019	3.2052	0.0252
4.5180	0.0022	-0.0017	3.2116	0.0196
4.5185	0.0025	-0.0031	3.2243	0.0246
4.5190	0.0023	0.0006	3.2221	0.0218
4.5195	0.0021	-0.0020	3.2103	0.0226
4.5200	0.0023	0.0013	3.2095	0.0216
4.5205	0.0024	-0.0016	3.2192	0.0235
4.5210	0.0026	-0.0002	3.2179	0.0226
4.5215	0.0024	-0.0031	3.2050	0.0191
4.5220	0.0024	0.0006	3.1967	0.0265
4.5225	0.0024	-0.0024	3.2061	0.0170
4.5230	0.0022	0.0021	3.2047	0.0218
4.5235	0.0029	0.0006	3.1901	0.0249
4.5240	0.0022	-0.0031	3.1851	0.0287
4.5245	0.0024	-0.0004	3.1872	0.0247
4.5250	0.0027	0.0024	3.1826	0.0177
4.5255	0.0025	-0.0020	3.1703	0.0224
4.5260	0.0022	0.0011	3.1596	0.0243
4.5265	0.0027	-0.0007	3.1603	0.0195
4.5270	0.0023	-0.0005	3.1571	0.0207
4.5275	0.0020	0.0008	3.1420	0.0249
4.5280	0.0024	-0.0035	3.1260	0.0243
4.5285	0.0024	-0.0040	3.1256	0.0179
4.5290	0.0027	-0.0044	3.1244	0.0214
4.5295	0.0022	-0.0004	3.1060	0.0267
4.5300	0.0026	-0.0032	3.0857	0.0245
4.5305	0.0026	-0.0018	3.0792	0.0274
4.5310	0.0024	-0.0011	3.0781	0.0224
4.5315	0.0022	0.0020	3.0577	0.0238
4.5320	0.0023	0.0012	3.0356	0.0235
4.5325	0.0022	0.0033	3.0252	0.0136
4.5330	0.0022	-0.0008	3.0210	0.0287
4.5335	0.0027	-0.0003	3.0038	0.0268
4.5340	0.0023	-0.0040	2.9752	0.0222
4.5345	0.0027	-0.0044	2.9638	0.0202
4.5350	0.0026	0.0007	2.9566	0.0207
4.5355	0.0022	-0.0007	2.9376	0.0154
4.5360	0.0024	-0.0016	2.9100	0.0231
4.5365	0.0025	-0.0010	2.8905	0.0218
4.5370	0.0026	0.0011	2.8849	0.0145
4.5375	0.0023	-0.0008	2.8642	0.0222
4.5380	0.0025	-0.0038	2.8385	0.0195
4.5385	0.0025	-0.0014	2.8145	0.0245
4.5390	0.0027	-0.0037	2.8022	0.0248
4.5395	0.0024	-0.0026	2.7861	0.0216
4.5400	0.0017	-0.0053	2.7542	0.0187
4.5405	0.0022	0.0011	2.7290	0.0171
4.5410	0.0019	0.0018	2.7169	0.0255
4.5415	0.0025	-0.0020	2.6976	0.0175
4.5420	0.0025	0.0008	2.6699	0.0263
4.5425	0.0029	0.0010	2.6387	0.0181
4.5430	0.0024	-0.0088	2.6237	0.0179
4.5435	0.0024	-0.0090	2.6061	0.0250
4.5440	0.0022	0.0006	2.5724	0.0171
4.5445	0.0024	0.0018	2.5450	0.0224
4.5450	0.0018	0.0006	2.5238	0.0210
4.5455	0.0018	-0.0003	2.5020	0.0224
4.5460	0.0024	-0.0018	2.4740	0.0216
4.5465	0.0020	-0.0056	2.4418	0.0172
4.5470	0.0020	-0.0005	2.4160	0.0228
4.5475	0.0021	-0.0034	2.3957	0.0179
4.5480	0.0023	-0.0030	2.3677	0.0255
4.5485	0.0025	-0.0009	2.3312	0.0188
4.5490	0.0021	-0.0015	2.3066	0.0224
4.5495	0.0022	-0.0038	2.2828	0.0149
4.5500	0.0022	0.0006	2.2539	0.0202
4.5505	0.0021	-0.0014	2.2165	0.0237
4.5510	0.0020	-0.0031	2.1855	0.0144
4.5515	0.0019	-0.0022	2.1657	0.0180
4.5520	0.0021	-0.0018	2.1341	0.0191
4.5525	0.0018	-0.0068	2.0982	0.0169
4.5530	0.0020	-0.0039	2.0607	0.0176
4.5535	0.0020	0.0036	2.0378	0.0202
4.5540	0.0020	-0.0008	2.0063	0.0171
4.5545	0.0020	-0.0011	1.9695	0.0167
4.5550	0.0023	-0.0041	1.9329	0.0184
4.5555	0.0023	-0.0031	1.9072	0.0165
4.5560	0.0024	-0.0019	1.8742	0.0188
4.5565	0.0018	0.0003	1.8357	0.0088
4.5570	0.0019	-0.0012	1.7990	0.0187
4.5575	0.0018	-0.0047	1.7692	0.0162
4.5580	0.0023	-0.0014	1.7374	0.0145
4.5585	0.0022	0.0002	1.6972	0.0179
4.5590	0.0018	-0.0036	1.6615	0.0198
4.5595	0.0022	0.0028	1.6287	0.0177
4.5600	0.0020	0.0004	1.5959	0.0161
4.5605	0.0018	-0.0041	1.5543	0.0183
4.5610	0.0018	-0.0005	1.5174	0.0219
4.5615	0.0019	-0.0030	1.4858	0.0176
4.5620	0.0017	-0.0026	1.4518	0.0123
4.5625	0.0016	-0.0008	1.4133	0.0119
4.5630	0.0016	-0.0047	1.3717	0.0191
4.5635	0.0018	-0.0028	1.3369	0.0157
4.5640	0.0016	-0.0001	1.3043	0.0102
4.5645	0.0016	0.0014	1.2646	0.0213
4.5650	0.0017	0.0018	1.2233	0.0163
4.5655	0.0014	0.0005	1.1878	0.0063
4.5660	0.0019	-0.0008	1.1514	0.0104
4.5665	0.0018	0.0005	1.1112	0.0108
4.5670	0.0015	-0.0071	1.0698	0.0162
4.5675	0.0017	-0.0008	1.0329	0.0143
4.5680	0.0012	0.0011	0.9971	0.0161
4.5685	0.0014	-0.0006	0.9551	0.0155
4.5690	0.0014	0.0001	0.9125	0.0133
4.5695	0.0014	-0.0033	0.8747	0.0133
4.5700	0.0012	0.0004	0.8412	0.0140
4.5705	0.0011	0.0006	0.8001	0.0135
4.5710	0.0015	-0.0005	0.7587	0.0113
4.5715	0.0013	-0.0013	0.7163	0.0167
4.5720	0.0015	-0.0037	0.6819	0.0115
4.5725	0.0014	-0.0019	0.6422	0.0198
4.5730	0.0014	-0.0028	0.5996	0.0120
4.5735	0.0008	-0.0008	0.5609	0.0084
4.5740	0.0010	-0.0046	0.5201	0.0070
4.5745	0.0015	0.0033	0.4820	0.0077
4.5750	0.0012	0.0001	0.4391	0.0130
4.5755	0.0014	-0.0018	0.3972	0.0102
4.5760	0.0012	-0.0029	0.3559	0.0139
4.5765	0.0013	-0.0010	0.3209	0.0110
4.5770	0.0019	0.0019	0.2764	0.0102
4.5775	0.0012	-0.0044	0.2344	0.0124
4.5780	0.0010	-0.0011	0.1966	0.0109
4.5785	0.0010	-0.0003	0.1543	0.0079
4.5790	0.0011	-0.0017	0.1153	0.0135
4.5795	0.0014	-0.0003	0.0714	0.0128
4.5800	0.0014	-0.0037	0.0348	0.0111
4.5805	0.0011	-0.0000	-0.0009	0.0101
4.5810	0.0014	-0.0036	-0.0270	0.0062
4.5815	0.0010	-0.0025	-0.0487	0.0120
4.5820	0.0011	-0.0038	-0.1068	0.0057
4.5825	0.0007	-0.0005	-0.1864	0.0080
4.5830	0.0006	-0.0010	-0.2270	0.0030
4.5835	0.0014	-0.0034	-0.2273	0.0047
4.5840	0.0012	-0.0051	-0.2585	0.0041
4.5845	0.0012	-0.0064	-0.3367	0.0103
4.5850	0.0008	-0.0005	-0.3892	0.0061
4.5855	0.0008	-0.0032	-0.3866	0.0073
4.5860	0.0008	-0.0031	-0.4137	0.0045
4.5865	0.0008	-0.0070	-0.4917	0.0052
4.5870	0.0005	-0.0055	-0.5491	0.0048
4.5875	0.0007	-0.0047	-0.5551	0.0038
4.5880	0.0011	0.0018	-0.5629	0.0034
4.5885	0.0008	-0.0017	-0.6265	0.0074
4.5890	0.0006	-0.0043	-0.7078	0.0087
4.5895	0.0009	-0.0022	-0.7272	0.0093
4.5900	0.0007	-0.0075	-0.7255	0.0040
4.5905	0.0007	-0.0022	-0.7765	0.0043
4.5910	0.0011	0.0011	-0.8586	0.0022
4.5915	0.0007	-0.0032	-0.8883	0.0065
4.5920	0.0005	0.0019	-0.8832	0.0036
4.5925	0.0007	-0.0052	-0.9251	0.0091
4.5930	0.0012	-0.0016	-1.0090	0.0086
4.5935	0.0004	-0.0040	-1.0454	0.0050
4.5940	0.0010	-0.0000	-1.0407	0.0017
4.5945	0.0003	-0.0006	-1.0774	0.0019
4.5950	0.0002	-0.0005	-1.1529	0.0035
4.5955	0.0005	0.0020	-1.2006	0.0052
4.5960	0.0006	-0.0026	-1.1984	0.0012
4.5965	0.0005	-0.0026	-1.2195	-0.0010
4.5970	0.0006	-0.0001	-1.2954	-0.0007
4.5975	0.0004	-0.0002	-1.3466	-0.0015
4.5980	0.0005	-0.0020	-1.3500	0.0027
4.5985	0.0008	0.0004	-1.3654	0.0036
4.5990	0.0007	-0.0033	-1.4333	-0.0017
4.5995	0.0003	-0.0039	-1.4962	0.0074
4.6000	0.0001	0.0015	-1.4984	0.0045
4.6005	0.0005	0.0024	-1.4896	-0.0001
4.6010	0.0001	-0.0049	-1.5413	0.0039
4.6015	0.0004	-0.0039	-1.6365	0.0014
4.6020	0.0004	0.0002	-1.6714	-0.0006
4.6025	0.0006	-0.0004	-1.6381	-0.0051
4.6030	0.0004	0.0011	-1.6521	-0.0007
4.6035	0.0002	-0.0014	-1.7719	-0.0036
4.6040	0.0003	0.0025	-1.8438	-0.0001
4.6045	0.0003	-0.0000	-1.7963	-0.0001
4.6050	0.0006	-0.0025	-1.7831	0.0006
4.6055	0.0005	0.0019	-1.8836	-0.0006
4.6060	0.0003	-0.0023	-1.9678	-0.0024
4.6065	0.0004	-0.0017	-1.9388	0.0019
4.6070	0.0001	-0.0019	-1.9165	0.0011
4.6075	0.0001	-0.0009	-2.0022	0.0011
4.6080	0.0002	-0.0014	-2.0936	0.0014
4.6085	0.0002	0.0012	-2.0790	0.0034
4.6090	0.0001	-0.0000	-2.0411	0.0004
4.6095	-0.0002	-0.0019	-2.1102	-0.0076
4.6100	0.0004	0.0036	-2.2064	0.0035
4.6105	0.0006	0.0014	-2.2086	-0.0017
4.6110	0.0002	-0.0034	-2.1690	0.0020
4.6115	0.0000	0.0012	-2.2132	-0.0054
4.6120	-0.0000	0.0012	-2.3159	0.0073
4.6125	0.0002	-0.0028	-2.3322	-0.0014
4.6130	0.0004	0.0028	-2.2888	0.0011
4.6135	-0.0004	-0.0023	-2.3162	-0.0005
4.6140	0.0002	0.0037	-2.4127	-0.0014
4.6145	-0.0002	-0.0032	-2.4473	-0.0074
4.6150	-0.0001	0.0001	-2.4032	-0.0011
4.6155	0.0001	-0.0013	-2.4162	-0.0047
4.6160	-0.0003	-0.0032	-2.5094	-0.0041
4.6165	0.0002	-0.0008	-2.5551	0.0079
4.6170	-0.0003	-0.0017	-2.5149	-0.0013
4.6175	0.0001	-0.0007	-2.5119	-0.0012
4.6180	0.0001	-0.0032	-2.5920	-0.0056
4.6185	0.0001	-0.0013	-2.6502	-0.0040
4.6190	-0.0001	-0.0036	-2.6190	0.0008
4.6195	0.0000	-0.0003	-2.6016	0.0024
4.6200	0.0001	-0.0032	-2.6677	-0.0080
4.6205	-0.0007	-0.0032	-2.7388	-0.0062
4.6210	-0.0004	0.0009	-2.7193	-0.0021
4.6215	-0.0003	0.0016	-2.6863	-0.0098
4.6220	-0.0004	-0.0002	-2.7396	-0.0084
4.6225	-0.0002	-0.0012	-2.8141	-0.0054
4.6230	-0.0001	-0.0050	-2.8113	-0.0066
4.6235	-0.0005	-0.0017	-2.7726	-0.0061
4.6240	-0.0005	-0.0000	-2.8088	0.0009
4.6245	-0.0003	-0.0041	-2.8852	-0.0016
4.6250	-0.0003	0.0013	-2.8933	0.0024
4.6255	-0.0007	-0.0002	-2.8480	-0.0021
4.6260	-0.0003	0.0009	-2.8706	-0.0061
4.6265	-0.0002	0.0010	-2.9474	-0.0072
4.6270	-0.0004	0.0024	-2.9652	-0.0055
4.6275	-0.0004	-0.0023	-2.9221	-0.0034
4.6280	-0.0005	-0.0012	-2.9283	-0.0055
4.6285	-0.0002	-0.0026	-2.9996	-0.0100
4.6290	-0.0003	0.0003	-3.0260	-0.0082
4.6295	-0.0002	-0.0029	-2.9831	-0.0085
4.6300	-0.0009	-0.0017	-2.9763	-0.0063
4.6305	-0.0004	0.0012	-3.0370	-0.0064
4.6310	-0.0007	-0.0027	-3.0764	-0.0038
4.6315	-0.0007	0.0027	-3.0373	-0.0068
4.6320	-0.0003	-0.0039	-3.0160	-0.0077
4.6325	-0.0005	-0.0032	-3.0706	-0.0026
4.6330	-0.0009	-0.0012	-3.1197	-0.0037
4.6335	-0.0005	-0.0022	-3.0868	-0.0073
4.6340	-0.0005	-0.0037	-3.0536	-0.0093
4.6345	-0.0005	0.0018	-3.0946	-0.0099
4.6350	-0.0006	0.0004	-3.1477	-0.0079
4.6355	-0.0006	-0.0038	-3.1250	-0.0065
4.6360	-0.0009	0.0027	-3.0825	-0.0017
4.6365	-0.0006	-0.0018	-3.1088	-0.0084
4.6370	-0.0008	-0.0027	-3.1677	-0.0044
4.6375	-0.0005	-0.0034	-3.1547	-0.0120
4.6380	-0.0007	-0.0013	-3.1065	-0.0107
4.6385	-0.0005	-0.0022	-3.1200	-0.0066
4.6390	-0.0006	-0.0007	-3.1746	-0.0047
4.6395	-0.0006	-0.0011	-3.1759	-0.0140
4.6400	-0.0006	-0.0011	-3.1200	-0.0085
4.6405	-0.0007	-0.0010	-3.1187	-0.0104
4.6410	-0.0007	-0.0053	-3.1733	-0.0138
4.6415	-0.0005	0.0006	-3.1860	-0.0067
4.6420	-0.0006	0.0001	-3.1339	-0.0142
4.6425	-0.0011	-0.0037	-3.1182	-0.0055
4.6430	-0.0007	-0.0011	-3.1683	-0.0146
4.6435	-0.0008	-0.0052	-3.1874	-0.0142
4.6440	-0.0011	0.0021	-3.1399	-0.0069
4.6445	-0.0010	-0.0011	-3.1047	-0.0084
4.6450	-0.0005	-0.0011	-3.1439	-0.0131
4.6455	-0.0008	-0.0030	-3.1750	-0.0076
4.6460	-0.0007	0.0002	-3.1360	-0.0131
4.6465	-0.0006	-0.0005	-3.0889	-0.0130
4.6470	-0.0007	-0.0014	-3.1181	-0.0054
4.6475	-0.0013	-0.0014	-3.1254	-0.0130
4.6480	-0.0011	-0.0008	-3.0582	-0.0088
4.6485	-0.0006	0.0017	-2.9943	-0.0079
4.6490	-0.0008	-0.0016	-3.0111	-0.0148
4.6495	-0.0009	0.0002	-3.0569	-0.0082
4.6500	-0.0007	-0.0053	-3.0269	-0.0110
4.6505	-0.0007	-0.0011	-2.9665	-0.0078
4.6510	-0.0008	-0.0006	-2.9748	-0.0077
4.6515	-0.0010	0.0022	-3.0208	-0.0110
4.6520	-0.0010	-0.0039	-3.0090	-0.0114
4.6525	-0.0007	-0.0031	-2.9449	-0.0108
4.6530	-0.0009	-0.0008	-2.9281	-0.0061
4.6535	-0.0006	0.0026	-2.9733	-0.0087
4.6540	-0.0011	0.0039	-2.9774	-0.0088
4.6545	-0.0011	0.0044	-2.9109	-0.0099
4.6550	-0.0007	-0.0005	-2.8798	-0.0108
4.6555	-0.0010	0.0021	-2.9235	-0.0149
4.6560	-0.0009	-0.0008	-2.9344	-0.0096
4.6565	-0.0009	-0.0011	-2.8782	-0.0114
4.6570	-0.0007	0.0001	-2.8307	-0.0066
4.6575	-0.0006	0.0009	-2.8583	-0.0050
4.6580	-0.0006	0.0035	-2.8807	-0.0095
4.6585	-0.0006	-0.0023	-2.8276	-0.0050
4.6590	-0.0007	0.0011	-2.7735	-0.0113
4.6595	-0.0012	-0.0002	-2.7923	-0.0095
4.6600	-0.0010	0.0039	-2.8195	-0.0158
4.6605	-0.0010	-0.0013	-2.7764	-0.0065
4.6610	-0.0009	0.0007	-2.7126	-0.0116
4.6615	-0.0010	-0.0011	-2.7154	-0.0145
4.6620	-0.0010	0.0012	-2.7454	-0.0076
4.6625	-0.0009	0.0004	-2.7154	-0.0099
4.6630	-0.0010	-0.0000	-2.6455	-0.0116
4.6635	-0.0011	-0.0039	-2.6300	-0.0103
4.6640	-0.0005	0.0033	-2.6629	-0.0095
4.6645	-0.0009	0.0006	-2.6416	-0.0140
4.6650	-0.0012	0.0009	-2.5701	-0.0036
4.6655	-0.0006	0.0020	-2.5436	-0.0098
4.6660	-0.0005	-0.0025	-2.5722	-0.0124
4.6665	-0.0008	-0.0023	-2.5599	-0.0130
4.6670	-0.0008	-0.0006	-2.4869	-0.0075
4.6675	-0.0011	0.0023	-2.4490	-0.0064
4.6680	-0.0012	-0.0017	-2.4750	-0.0077
4.6685	-0.0008	0.0003	-2.4714	-0.0036
4.6690	-0.0009	-0.0020	-2.4039	-0.0111
4.6695	-0.0005	0.0001	-2.3521	-0.0129
4.6700	-0.0005	-0.0027	-2.3694	-0.0121
4.6705	-0.0005	-0.0011	-2.3749	-0.0107
4.6710	-0.0010	0.0012	-2.3095	-0.0117
4.6715	-0.0006	0.0018	-2.2503	-0.0105
4.6720	-0.0007	0.0018	-2.2605	-0.0083
4.6725	-0.0006	-0.0010	-2.2694	-0.0066
4.6730	-0.0006	-0.0040	-2.2140	-0.0109
4.6735	-0.0010	-0.0002	-2.1452	-0.0107
4.6740	-0.0008	-0.0032	-2.1377	-0.0016
4.6745	-0.0007	-0.0028	-2.1575	-0.0066
4.6750	-0.0008	-0.0008	-2.1102	-0.0089
4.6755	-0.0009	0.0027	-2.0362	-0.0133
4.6760	-0.0010	-0.0005	-2.0150	-0.0080
4.6765	-0.0007	-0.0036	-2.0317	-0.0124
4.6770	-0.0005	-0.0023	-1.9975	-0.0073
4.6775	-0.0002	-0.0006	-1.9202	-0.0073
4.6780	-0.0007	-0.0017	-1.8895	-0.0076
4.6785	-0.0008	-0.0014	-1.9030	-0.0085
4.6790	-0.0009	-0.0004	-1.8757	-0.0042
4.6795	-0.0005	-0.0006	-1.8036	-0.0071
4.6800	-0.0008	-0.0036	-1.7600	-0.0074
4.6805	-0.0005	-0.0034	-1.7674	-0.0113
4.6810	-0.0004	-0.0004	-1.7506	-0.0092
4.6815	-0.0006	-0.0014	-1.6789	-0.0066
4.6820	-0.0007	-0.0014	-1.6282	-0.0072
4.6825	-0.0004	0.0018	-1.6304	-0.0089
4.6830	-0.0005	-0.0011	-1.6164	-0.0082
4.6835	-0.0004	-0.0015	-1.5525	-0.0067
4.6840	-0.0004	-0.0007	-1.4938	-0.0063
4.6845	-0.0005	-0.0019	-1.4870	-0.0035
4.6850	-0.0003	-0.0039	-1.4777	-0.0073
4.6855	-0.0004	-0.0007	-1.4204	0.0025
4.6860	-0.0001	0.0029	-1.3552	-0.0032
4.6865	-0.0002	0.0027	-1.3388	0.0001
4.6870	-0.0004	0.0021	-1.3353	-0.0052
4.6875	-0.0002	-0.0010	-1.2843	-0.0023
4.6880	-0.0006	-0.0021	-1.2127	-0.0037
4.6885	-0.0000	0.0021	-1.1886	-0.0079
4.6890	-0.0003	-0.0021	-1.1865	0.0007
4.6895	-0.0003	-0.0002	-1.1433	0.0009
4.6900	-0.0002	-0.0015	-1.0735	0.0012
4.6905	-0.0001	-0.0008	-1.0377	-0.0038
4.6910	-0.0002	0.0002	-1.0316	-0.0057
4.6915	-0.0001	-0.0054	-0.9988	-0.0017
4.6920	-0.0001	-0.0029	-0.9297	0.0009
4.6925	-0.0002	-0.0001	-0.8841	0.0027
4.6930	0.0003	0.0017	-0.8766	0.0000
4.6935	0.0002	-0.0027	-0.8503	-0.0097
4.6940	0.0001	0.0009	-0.7825	-0.0033
4.6945	-0.0004	0.0005	-0.7303	-0.0088
4.6950	0.0001	0.0023	-0.7163	-0.0006
4.6955	-0.0002	0.0002	-0.6966	-0.0036
4.6960	0.0000	-0.0041	-0.6347	0.0000
4.6965	-0.0001	-0.0059	-0.5789	-0.0043
4.6970	-0.0001	0.0003	-0.5578	-0.0015
4.6975	-0.0001	-0.0009	-0.5373	-0.0071
4.6980	0.0000	-0.0030	-0.4842	-0.0028
4.6985	0.0004	0.0015	-0.4253	-0.0010
4.6990	0.0004	-0.0016	-0.3981	0.0031
4.6995	0.0002	0.0031	-0.3789	0.0026
4.7000	0.0003	-0.0002	-0.3330	-0.0011
4.7005	0.0005	-0.0024	-0.2707	0.0046
4.7010	0.0004	-0.0014	-0.2377	0.0012
4.7015	0.0002	-0.0035	-0.2189	0.0028
4.7020	0.0006	-0.0003	-0.1762	0.0001
4.7025	0.0002	0.0009	-0.1201	0.0030
4.7030	0.0000	-0.0030	-0.0814	0.0004
4.7035	0.0005	0.0020	-0.0574	0.0012
4.7040	0.0003	-0.0014	-0.0227	0.0052
4.7045	0.0006	0.0001	0.0199	0.0098
4.7050	0.0002	-0.0023	0.0529	0.0024
4.7055	0.0006	-0.0003	0.0958	0.0045
4.7060	0.0008	-0.0036	0.1419	-0.0013
4.7065	0.0007	0.0012	0.1734	0.0037
4.7070	0.0000	-0.0015	0.2085	0.0079
4.7075	0.0004	-0.0011	0.2573	0.0063
4.7080	0.0005	-0.0015	0.3020	0.0000
4.7085	0.0007	0.0009	0.3297	0.0009
4.7090	0.0007	-0.0009	0.3565	0.0060
4.7095	0.0009	-0.0039	0.4067	0.0062
4.7100	0.0009	-0.0024	0.4521	0.0005
4.7105	0.0004	-0.0014	0.4845	0.0008
4.7110	0.0007	0.0019	0.5166	0.0029
4.7115	0.0006	-0.0019	0.5595	0.0078
4.7120	0.0006	0.0011	0.6043	0.0019
4.7125	0.0004	-0.0038	0.6387	0.0087
4.7130	0.0004	0.0031	0.6685	0.0080
4.7135	0.0006	-0.0029	0.7083	0.0058
4.7140	0.0009	-0.0025	0.7547	0.0045
4.7145	0.0006	0.0005	0.7927	0.0063
4.7150	0.0007	0.0024	0.8176	0.0074
4.7155	0.0005	-0.0032	0.8566	0.0000
4.7160	0.0008	0.0015	0.9039	0.0103
4.7165	0.0012	-0.0012	0.9391	0.0114
4.7170	0.0008	-0.0008	0.9668	0.0045
4.7175	0.0009	0.0005	1.0046	0.0048
4.7180	0.0008	-0.0050	1.0493	0.0071
4.7185	0.0013	0.0010	1.0860	0.0060
4.7190	0.0010	-0.0002	1.1128	0.0082
4.7195	0.0012	-0.0058	1.1468	0.0073
4.7200	0.0011	-0.0031	1.1921	0.0058
4.7205	0.0005	0.0010	1.2293	0.0057
4.7210	0.0012	0.0011	1.2571	0.0101
4.7215	0.0008	-0.0041	1.2884	0.0102
4.7220	0.0008	0.0019	1.3310	0.0108
4.7225	0.0013	-0.0024	1.3726	0.0065
4.7230	0.0009	-0.0011	1.3946	0.0121
4.7235	0.0009	0.0004	1.4101	0.0049
4.7240	0.0012	-0.0029	1.4521	0.0094
4.7245	0.0008	-0.0002	1.5054	0.0091
4.7250	0.0007	-0.0008	1.5023	0.0157
4.7255	0.0008	-0.0008	1.5257	0.0113
4.7260	0.0014	-0.0023	1.5896	0.0112
4.7265	0.0008	0.0041	1.6534	0.0109
4.7270	0.0010	0.0002	1.6790	0.0070
4.7275	0.0012	-0.0007	1.6691	0.0065
4.7280	0.0012	-0.0043	1.7079	0.0077
4.7285	0.0015	0.0015	1.7754	0.0120
4.7290	0.0010	-0.0014	1.8048	0.0110
4.7295	0.0010	0.0002	1.7943	0.0070
4.7300	0.0009	0.0008	1.8217	0.0092
4.7305	0.0013	-0.0002	1.8900	0.0197
4.7310	0.0013	-0.0019	1.9299	0.0112
4.7315	0.0009	0.0006	1.9240	0.0166
4.7320	0.0016	-0.0022	1.9349	0.0079
4.7325	0.0013	0.0018	1.9974	0.0125
4.7330	0.0014	-0.0024	2.0432	0.0213
4.7335	0.0015	0.0006	2.0429	0.0099
4.7340	0.0014	0.0030	2.0479	0.0176
4.7345	0.0015	0.0045	2.1067	0.0144
4.7350	0.0013	0.0007	2.1557	0.0156
4.7355	0.0015	-0.0001	2.1559	0.0133
4.7360	0.0015	-0.0001	2.1581	0.0084
4.7365	0.0015	-0.0032	2.2110	0.0109
4.7370	0.0017	0.0021	2.2647	0.0140
4.7375	0.0017	0.0002	2.2722	0.0125
4.7380	0.0017	-0.0043	2.2691	0.0135
4.7385	0.0012	-0.0060	2.3107	0.0103
4.7390	0.0015	-0.0002	2.3656	0.0140
4.7395	0.0013	0.0029	2.3807	0.0175
4.7400	0.0015	-0.0029	2.3711	0.0121
4.7405	0.0016	-0.0040	2.4026	0.0099
4.7410	0.0013	-0.0041	2.4595	0.0146
4.7415	0.0015	-0.0032	2.4810	0.0100
4.7420	0.0019	0.0003	2.4704	0.0139
4.7425	0.0014	0.0001	2.4926	0.0152
4.7430	0.0014	0.0003	2.5471	0.0153
4.7435	0.0020	-0.0006	2.5726	0.0145
4.7440	0.0019	0.0021	2.5612	0.0145
4.7445	0.0014	0.0024	2.5777	0.0117
4.7450	0.0018	-0.0033	2.6265	0.0146
4.7455	0.0017	-0.0017	2.6572	0.0100
4.7460	0.0015	0.0025	2.6469	0.0133
4.7465	0.0016	0.0006	2.6561	0.0186
4.7470	0.0019	0.0010	2.7037	0.0185
4.7475	0.0019	-0.0002	2.7363	0.0191
4.7480	0.0017	-0.0017	2.7297	0.0183
4.7485	0.0018	-0.0036	2.7287	0.0160
4.7490	0.0020	0.0020	2.7689	0.0155
4.7495	0.0018	-0.0036	2.8058	0.0208
4.7500	0.0021	-0.0037	2.7980	0.0218
4.7505	0.0018	-0.0014	2.7943	0.0203
4.7510	0.0019	-0.0038	2.8302	0.0184
4.7515	0.0015	0.0028	2.8688	0.0144
4.7520	0.0020	-0.0024	2.8669	0.0225
4.7525	0.0018	-0.0024	2.8545	0.0156
4.7530	0.0020	0.0013	2.8823	0.0208
4.7535	0.0021	-0.0007	2.9267	0.0203
4.7540	0.0023	-0.0048	2.9283	0.0172
4.7545	0.0019	-0.0012	2.9088	0.0169
4.7550	0.0020	0.0029	2.9273	0.0231
4.7555	0.0021	0.0001	2.9699	0.0190
4.7560	0.0021	-0.0068	2.9775	0.0262
4.7565	0.0023	-0.0023	2.9539	0.0183
4.7570	0.0022	-0.0017	2.9648	0.0231
4.7575	0.0018	-0.0014	3.0044	0.0192
4.7580	0.0020	0.0012	3.0152	0.0194
4.7585	0.0020	-0.0030	2.9957	0.0283
4.7590	0.0021	-0.0030	2.9974	0.0174
4.7595	0.0021	0.0030	3.0328	0.0203
4.7600	0.0017	-0.0008	3.0482	0.0197
4.7605	0.0019	-0.0049	3.0289	0.0192
4.7610	0.0020	-0.0004	3.0196	0.0203
4.7615	0.0022	-0.0002	3.0494	0.0186
4.7620	0.0021	-0.0001	3.0715	0.0221
4.7625	0.0026	-0.0029	3.0523	0.0169
4.7630	0.0022	-0.0001	3.0362	0.0194
4.7635	0.0021	0.0015	3.0612	0.0131
4.7640	0.0018	-0.0046	3.0852	0.0184
4.7645	0.0023	0.0019	3.0688	0.0222
4.7650	0.0016	0.0008	3.0467	0.0216
4.7655	0.0023	-0.0000	3.0642	0.0172
4.7660	0.0021	0.0001	3.0902	0.0227
4.7665	0.0027	0.0026	3.0773	0.0231
4.7670	0.0022	0.0006	3.0494	0.0192
4.7675	0.0021	-0.0018	3.0572	0.0162
4.7680	0.0022	0.0027	3.0835	0.0226
4.7685	0.0023	-0.0050	3.0749	0.0266
4.7690	0.0024	-0.0027	3.0455	0.0142
4.7695	0.0021	0.0012	3.0438	0.0242
4.7700	0.0022	0.0002	3.0676	0.0234
4.7705	0.0019	-0.0037	3.0638	0.0197
4.7710	0.0021	-0.0002	3.0313	0.0236
4.7715	0.0025	-0.0014	3.0236	0.0213
4.7720	0.0025	-0.0014	3.0454	0.0227
4.7725	0.0024	-0.0009	3.0467	0.0194
4.7730	0.0025	-0.0029	3.0137	0.0181
4.7735	0.0020	-0.0031	2.9972	0.0183
4.7740	0.0022	0.0021	3.0142	0.0217
4.7745	0.0023	-0.0002	3.0174	0.0254
4.7750	0.0026	-0.0058	2.9877	0.0176
4.7755	0.0027	0.0042	2.9658	0.0271
4.7760	0.0022	-0.0007	2.9814	0.0213
4.7765	0.0024	0.0004	2.9853	0.0217
4.7770	0.0022	-0.0012	2.9542	0.0276
4.7775	0.0022	-0.0023	2.9234	0.0227
4.7780	0.0023	0.0032	2.9313	0.0188
4.7785	0.0024	-0.0027	2.9408	0.0210
4.7790	0.0022	-0.0017	2.9149	0.0193
4.7795	0.0023	0.0017	2.8803	0.0244
4.7800	0.0023	0.0001	2.8745	0.0214
4.7805	0.0025	-0.0011	2.8829	0.0271
4.7810	0.0025	0.0025	2.8619	0.0193
4.7815	0.0022	0.0001	2.8208	0.0225
4.7820	0.0024	-0.0020	2.8119	0.0204
4.7825	0.0020	-0.0030	2.8219	0.0188
4.7830	0.0027	0.0007	2.8013	0.0173
4.7835	0.0024	0.0032	2.7614	0.0182
4.7840	0.0024	0.0018	2.7423	0.0179
4.7845	0.0021	0.0007	2.7474	0.0166
4.7850	0.0021	0.0005	2.7357	0.0203
4.7855	0.0021	-0.0010	2.6894	0.0225
4.7860	0.0023	0.0015	2.6654	0.0159
4.7865	0.0023	-0.0032	2.6666	0.0266
4.7870	0.0027	-0.0020	2.6551	0.0283
4.7875	0.0023	-0.0006	2.6125	0.0236
4.7880	0.0019	-0.0012	2.5820	0.0227
4.7885	0.0020	-0.0025	2.5808	0.0182
4.7890	0.0023	-0.0050	2.5711	0.0284
4.7895	0.0026	0.0004	2.5364	0.0212
4.7900	0.0024	-0.0014	2.4929	0.0191
4.7905	0.0024	-0.0012	2.4883	0.0192
4.7910	0.0023	-0.0070	2.4825	0.0259
4.7915	0.0021	0.0002	2.4457	0.0166
4.7920	0.0022	-0.0024	2.4008	0.0175
4.7925	0.0020	-0.0014	2.3859	0.0245
4.7930	0.0019	-0.0020	2.3861	0.0210
4.7935	0.0021	-0.0024	2.3516	0.0192
4.7940	0.0017	-0.0033	2.3023	0.0204
4.7945	0.0022	-0.0014	2.2831	0.0201
4.7950	0.0020	-0.0045	2.2827	0.0213
4.7955	0.0022	-0.0001	2.2490	0.0250
4.7960	0.0021	-0.0016	2.2014	0.0234
4.7965	0.0022	-0.0011	2.1737	0.0227
4.7970	0.0024	-0.0020	2.1711	0.0183
4.7975	0.0024	-0.0002	2.1415	0.0244
4.7980	0.0021	-0.0055	2.0921	0.0164
4.7985	0.0022	-0.0025	2.0629	0.0180
4.7990	0.0023	-0.0025	2.0539	0.0185
4.7995	0.0021	0.0002	2.0272	0.0154
4.8000	0.0020	-0.0014	1.9796	0.0159
4.8005	0.0020	0.0001	1.9408	0.0175
4.8010	0.0021	-0.0020	1.9275	0.0196
4.8015	0.0021	-0.0047	1.9079	0.0208
4.8020	0.0018	0.0030	1.8586	0.0274
4.8025	0.0019	-0.0013	1.8171	0.0200
4.8030	0.0019	-0.0032	1.7993	0.0169
4.8035	0.0017	0.0024	1.7807	0.0157
4.8040	0.0022	-0.0047	1.7337	0.0160
4.8045	0.0020	-0.0041	1.6877	0.0205
4.8050	0.0017	0.0022	1.6682	0.0122
4.8055	0.0015	-0.0015	1.6483	0.0175
4.8060	0.0019	-0.0019	1.6014	0.0171
4.8065	0.0020	-0.0016	1.5575	0.0155
4.8070	0.0021	0.0040	1.5328	0.0187
4.8075	0.0019	-0.0002	1.5130	0.0177
4.8080	0.0017	-0.0027	1.4669	0.0153
4.8085	0.0016	-0.0023	1.4174	0.0156
4.8090	0.0018	-0.0009	1.3924	0.0184
4.8095	0.0020	-0.0006	1.3739	0.0188
4.8100	0.0014	-0.0036	1.3330	0.0162
4.8105	0.0019	-0.0001	1.2767	0.0207
4.8110	0.0017	0.0002	1.2456	0.0235
4.8115	0.0018	-0.0024	1.2295	0.0152
4.8120	0.0015	-0.0021	1.1928	0.0221
4.8125	0.0015	-0.0004	1.1372	0.0142
4.8130	0.0014	-0.0017	1.1004	0.0198
4.8135	0.0016	0.0019	1.0818	0.0129
4.8140	0.0015	0.0009	1.0494	0.0155
4.8145	0.0018	-0.0020	0.9926	0.0217
4.8150	0.0016	0.0021	0.9520	0.0151
4.8155	0.0017	0.0007	0.9291	0.0152
4.8160	0.0016	-0.0002	0.9002	0.0174
4.8165	0.0018	-0.0033	0.8483	0.0117
4.8170	0.0016	-0.0032	0.8015	0.0100
4.8175	0.0012	0.0002	0.7795	0.0138
4.8180	0.0019	0.0006	0.7472	0.0113
4.8185	0.0009	0.0026	0.6996	0.0115
4.8190	0.0017	0.0004	0.6535	0.0113
4.8195	0.0015	-0.0014	0.6221	0.0103
4.8200	0.0013	-0.0042	0.5966	0.0134
4.8205	0.0012	-0.0005	0.5487	0.0104
4.8210	0.0014	-0.0016	0.5010	0.0134
4.8215	0.0019	0.0009	0.4681	0.0149
4.8220	0.0014	-0.0035	0.4405	0.0136
4.8225	0.0011	-0.0017	0.3973	0.0072
4.8230	0.0013	0.0048	0.3486	0.0130
4.8235	0.0010	0.0037	0.3116	0.0111
4.8240	0.0012	-0.0050	0.2835	0.0146
4.8245	0.0014	0.0012	0.2457	0.0133
4.8250	0.0008	-0.0047	0.1930	0.0131
4.8255	0.0009	0.0001	0.1568	0.0095
4.8260	0.0011	-0.0046	0.1275	0.0031
4.8265	0.0012	0.0021	0.0897	0.0126
4.8270	0.0009	-0.0008	0.0440	0.0141
4.8275	0.0010	-0.0025	0.0073	0.0089
4.8280	0.0011	0.0018	-0.0148	0.0114
4.8285	0.0013	0.0035	-0.0342	0.0057
4.8290	0.0012	-0.0002	-0.0767	0.0094
4.8295	0.0010	-0.0044	-0.1507	0.0065
4.8300	0.0009	0.0004	-0.2091	0.0105
4.8305	0.0009	-0.0023	-0.2209	0.0069
4.8310	0.0008	0.0022	-0.2280	0.0092
4.8315	0.0009	0.0019	-0.2893	0.0031
4.8320	0.0004	-0.0026	-0.3620	0.0034
4.8325	0.0010	-0.0058	-0.3762	0.0077
4.8330	0.0011	-0.0031	-0.3850	0.0071
4.8335	0.0008	-0.0020	-0.4368	0.0076
4.8340	0.0007	0.0033	-0.5090	0.0007
4.8345	0.0010	-0.0021	-0.5314	0.0098
4.8350	0.0009	0.0024	-0.5359	-0.0032
4.8355	0.0008	0.0015	-0.5712	0.0049
4.8360	0.0010	-0.0038	-0.6443	0.0086
4.8365	0.0007	0.0011	-0.6941	0.0072
4.8370	0.0005	-0.0021	-0.6972	0.0056
4.8375	0.0006	-0.0014	-0.7235	0.0049
4.8380	0.0007	-0.0055	-0.7879	0.0057
4.8385	0.0006	-0.0032	-0.8438	0.0017
4.8390	0.0010	-0.0042	-0.8523	0.0062
4.8395	0.0006	-0.0024	-0.8672	0.0012
4.8400	0.0009	-0.0000	-0.9310	0.0073
4.8405	0.0005	0.0001	-0.9878	0.0026
4.8410	0.0008	-0.0026	-1.0002	-0.0009
4.8415	0.0008	0.0009	-1.0127	0.0092
4.8420	0.0005	-0.0027	-1.0730	0.0056
4.8425	0.0003	0.0042	-1.1362	0.0039
4.8430	0.0005	-0.0032	-1.1479	0.0020
4.8435	0.0008	-0.0002	-1.1564	0.0038
4.8440	0.0006	0.0014	-1.2077	0.0050
4.8445	0.0003	0.0011	-1.2721	0.0097
4.8450	0.0007	-0.0008	-1.2943	-0.0003
4.8455	0.0005	-0.0000	-1.2980	-0.0017
4.8460	0.0004	-0.0025	-1.3423	0.0030
4.8465	0.0001	-0.0026	-1.4071	0.0028
4.8470	0.0006	0.0047	-1.4370	0.0020
4.8475	0.0003	-0.0008	-1.4370	0.0091
4.8480	0.0007	-0.0035	-1.4623	0.0060
4.8485	0.0004	0.0015	-1.5133	0.0011
4.8490	0.0003	-0.0002	-1.5638	0.0018
4.8495	0.0005	0.0044	-1.5859	0.0087
4.8500	0.0003	-0.0023	-1.6082	0.0065
4.8505	0.0003	0.0008	-1.6358	0.0018
4.8510	0.0004	-0.0004	-1.6816	0.0008
4.8515	0.0001	-0.0057	-1.7390	0.0026
4.8520	0.0005	-0.0002	-1.7567	0.0012
4.8525	0.0001	-0.0023	-1.7653	0.0043
4.8530	0.0003	0.0012	-1.8045	0.0006
4.8535	0.0002	-0.0014	-1.8622	-0.0007
4.8540	0.0003	0.0017	-1.8813	-0.0016
4.8545	0.0003	0.0033	-1.8897	0.0016
4.8550	0.0004	0.0001	-1.9210	0.0016
4.8555	-0.0002	0.0025	-1.9760	0.0027
4.8560	0.0005	-0.0020	-2.0051	-0.0033
4.8565	0.0004	0.0030	-2.0105	0.0016
4.8570	-0.0000	0.0001	-2.0382	0.0037
4.8575	0.0002	0.0028	-2.0881	-0.0006
4.8580	0.0001	-0.0008	-2.1165	0.0028
4.8585	0.0003	-0.0028	-2.1254	0.0026
4.8590	0.0000	-0.0006	-2.1461	0.0020
4.8595	-0.0000	0.0006	-2.1922	-0.0016
4.8600	0.0004	-0.0022	-2.2269	0.0005
4.8605	-0.0001	-0.0002	-2.2332	-0.0047
4.8610	0.0003	-0.0020	-2.2514	-0.0017
4.8615	-0.0003	-0.0016	-2.2955	0.0020
4.8620	-0.0002	-0.0011	-2.3276	-0.0041
4.8625	-0.0001	0.0038	-2.3370	-0.0031
4.8630	-0.0002	-0.0023	-2.3509	0.0045
4.8635	0.0004	-0.0019	-2.3905	-0.0068
4.8640	-0.0002	-0.0011	-2.4223	0.0056
4.8645	0.0003	-0.0020	-2.4319	-0.0052
4.8650	-0.0003	-0.0011	-2.4458	-0.0061
4.8655	-0.0001	0.0006	-2.4761	0.0008
4.8660	-0.0000	-0.0052	-2.5112	-0.0037
4.8665	-0.0000	0.0006	-2.5247	0.0021
4.8670	-0.0000	-0.0028	-2.5314	-0.0047
4.8675	0.0003	-0.0023	-2.5577	0.0015
4.8680	-0.0002	-0.0017	-2.5934	-0.0027
4.8685	-0.0002	0.0001	-2.6078	0.0015
4.8690	-0.0004	-0.0043	-2.6161	0.0012
4.8695	-0.0003	-0.0020	-2.6348	-0.0010
4.8700	-0.0005	0.0024	-2.6686	-0.0020
4.8705	-0.0006	-0.0001	-2.6871	0.0008
4.8710	0.0000	0.0018	-2.6905	0.0011
4.8715	-0.0005	0.0006	-2.7034	-0.0113
4.8720	-0.0001	-0.0032	-2.7351	-0.0024
4.8725	-0.0005	0.0022	-2.7571	0.0020
4.8730	-0.0003	0.0001	-2.7618	-0.0036
4.8735	-0.0005	-0.0067	-2.7676	-0.0025
4.8740	-0.0003	0.0055	-2.7945	-0.0016
4.8745	-0.0002	-0.0050	-2.8176	-0.0096
4.8750	-0.0004	-0.0040	-2.8241	-0.0017
4.8755	-0.0002	-0.0014	-2.8267	-0.0065
4.8760	-0.0005	-0.0003	-2.8468	0.0010
4.8765	-0.0006	-0.0034	-2.8730	-0.0027
4.8770	-0.0003	-0.0017	-2.8768	-0.0083
4.8775	-0.0003	0.0006	-2.8740	-0.0057
4.8780	-0.0006	-0.0025	-2.8899	-0.0020
4.8785	-0.0004	-0.0010	-2.9125	-0.0079
4.8790	-0.0004	-0.0026	-2.9208	-0.0022
4.8795	-0.0006	0.0005	-2.9216	-0.0082
4.8800	-0.0007	0.0006	-2.9278	-0.0102
4.8805	-0.0008	-0.0011	-2.9492	-0.0090
4.8810	-0.0005	0.0017	-2.9586	0.0004
4.8815	-0.0004	-0.0046	-2.9543	-0.0140
4.8820	-0.0005	-0.0012	-2.9546	-0.0032
4.8825	-0.0007	0.0015	-2.9750	-0.0076
4.8830	-0.0000	-0.0009	-2.9874	-0.0044
4.8835	-0.0006	-0.0035	-2.9807	-0.0069
4.8840	-0.0001	-0.0012	-2.9805	-0.0056
4.8845	-0.0006	-0.0034	-2.9955	-0.0028
4.8850	-0.0004	-0.0023	-3.0044	-0.0066
4.8855	-0.0005	-0.0009	-2.9986	-0.0103
4.8860	-0.0006	-0.0015	-2.9930	-0.0090
4.8865	-0.0008	-0.0002	-3.0035	-0.0024
4.8870	-0.0008	-0.0032	-3.0103	-0.0048
4.8875	-0.0008	-0.0003	-3.0073	-0.0157
4.8880	-0.0007	-0.0017	-3.0031	-0.0075
4.8885	-0.0008	-0.0003	-3.0099	-0.0079
4.8890	-0.0005	0.0006	-3.0166	-0.0104
4.8895	-0.0005	-0.0020	-3.0142	-0.0115
4.8900	-0.0008	0.0006	-3.0014	-0.0103
4.8905	-0.0004	-0.0027	-3.0072	-0.0019
4.8910	-0.0007	0.0008	-3.0132	-0.0085
4.8915	-0.0009	-0.0020	-3.0066	-0.0051
4.8920	-0.0006	-0.0015	-2.9904	-0.0071
4.8925	-0.0007	0.0009	-2.9906	-0.0107
4.8930	-0.0010	-0.0044	-3.0026	-0.0045
4.8935	-0.0007	-0.0014	-2.9940	-0.0069
4.8940	-0.0009	-0.0032	-2.9746	-0.0103
4.8945	-0.0008	0.0007	-2.9622	-0.0098
4.8950	-0.0007	0.0005	-2.9325	-0.0069
4.8955	-0.0008	-0.0016	-2.9074	-0.0127
4.8960	-0.0004	-0.0014	-2.8822	-0.0078
4.8965	-0.0008	0.0008	-2.8761	-0.0074
4.8970	-0.0007	-0.0024	-2.8828	-0.0138
4.8975	-0.0009	-0.0026	-2.8746	-0.0048
4.8980	-0.0006	-0.0013	-2.8512	-0.0117
4.8985	-0.0008	-0.0059	-2.8468	-0.0138
4.8990	-0.0012	-0.0006	-2.8554	-0.0085
4.8995	-0.0008	-0.0016	-2.8529	-0.0099
4.9000	-0.0009	-0.0020	-2.8283	-0.0061
4.9005	-0.0008	-0.0014	-2.8081	-0.0054
4.9010	-0.0004	0.0024	-2.8142	-0.0126
4.9015	-0.0008	-0.0014	-2.8131	-0.0109
4.9020	-0.0009	0.0004	-2.7908	-0.0124
4.9025	-0.0008	-0.0008	-2.7661	-0.0113
4.9030	-0.0007	-0.0009	-2.7651	-0.0067
4.9035	-0.0007	-0.0024	-2.7716	-0.0117
4.9040	-0.0010	0.0001	-2.7478	-0.0075
4.9045	-0.0005	0.0007	-2.7206	-0.0172
4.9050	-0.0008	0.0012	-2.7128	-0.0038
4.9055	-0.0007	0.0005	-2.7150	-0.0038
4.9060	-0.0008	-0.0038	-2.6968	-0.0131
4.9065	-0.0005	-0.0013	-2.6644	-0.0068
4.9070	-0.0011	0.0015	-2.6525	-0.0124
4.9075	-0.0008	0.0013	-2.6548	-0.0075
4.9080	-0.0010	-0.0011	-2.6363	-0.0041
4.9085	-0.0010	0.0054	-2.6017	-0.0106
4.9090	-0.0007	-0.0008	-2.5843	-0.0105
4.9095	-0.0008	-0.0002	-2.5822	-0.0086
4.9100	-0.0005	0.0009	-2.5689	-0.0069
4.9105	-0.0007	-0.0024	-2.5379	-0.0117
4.9110	-0.0008	-0.0003	-2.5112	-0.0133
4.9115	-0.0008	-0.0018	-2.5019	-0.0075
4.9120	-0.0007	-0.0011	-2.4947	-0.0083
4.9125	-0.0008	0.0036	-2.4606	-0.0043
4.9130	-0.0009	0.0006	-2.4277	-0.0080
4.9135	-0.0010	0.0029	-2.4151	-0.0144
4.9140	-0.0006	0.0006	-2.4095	-0.0052
4.9145	-0.0009	0.0006	-2.3801	-0.0124
4.9150	-0.0008	-0.0020	-2.3446	-0.0058
4.9155	-0.0004	0.0005	-2.3244	-0.0045
4.9160	-0.0007	0.0029	-2.3189	-0.0056
4.9165	-0.0008	0.0006	-2.2928	-0.0107
4.9170	-0.0006	-0.0025	-2.2559	-0.0083
4.9175	-0.0005	-0.0037	-2.2280	-0.0059
4.9180	-0.0005	-0.0008	-2.2194	-0.0104
4.9185	-0.0005	-0.0038	-2.1965	-0.0076
4.9190	-0.0011	-0.0016	-2.1606	-0.0058
4.9195	-0.0004	-0.0004	-2.1295	-0.0035
4.9200	-0.0003	-0.0024	-2.1170	-0.0017
4.9205	-0.0006	-0.0051	-2.0979	-0.0072
4.9210	-0.0005	-0.0021	-2.0568	-0.0071
4.9215	-0.0002	-0.0029	-2.0229	-0.0036
4.9220	-0.0007	-0.0025	-2.0076	-0.0031
4.9225	-0.0008	-0.0017	-1.9890	-0.0106
4.9230	-0.0001	-0.0005	-1.9499	-0.0092
4.9235	-0.0005	-0.0014	-1.9141	-0.0077
4.9240	-0.0008	0.0008	-1.8923	-0.0083
4.9245	-0.0004	-0.0013	-1.8741	-0.0087
4.9250	-0.0003	-0.0011	-1.8363	-0.0075
4.9255	-0.0005	0.0010	-1.7950	-0.0034
4.9260	-0.0001	-0.0015	-1.7714	-0.0056
4.9265	-0.0002	0.0012	-1.7531	-0.0017
4.9270	-0.0003	0.0015	-1.7183	-0.0085
4.9275	-0.0006	-0.0022	-1.6777	-0.0015
4.9280	-0.0006	-0.0007	-1.6491	-0.0021
4.9285	-0.0007	0.0030	-1.6279	-0.0041
4.9290	-0.0005	0.0001	-1.5955	-0.0074
4.9295	-0.0004	0.0031	-1.5538	-0.0031
4.9300	-0.0002	-0.0028	-1.5196	-0.0076
4.9305	-0.0003	-0.0031	-1.4962	-0.0032
4.9310	0.0002	-0.0001	-1.4656	-0.0073
4.9315	-0.0005	0.0007	-1.4223	-0.0027
4.9320	-0.0004	0.0001	-1.3872	-0.0048
4.9325	-0.0004	-0.0031	-1.3638	-0.0126
4.9330	-0.0005	0.0012	-1.3343	-0.0015
4.9335	-0.0002	-0.0008	-1.2905	-0.0066
4.9340	-0.0004	0.0001	-1.2505	0.0004
4.9345	-0.0004	0.0036	-1.2280	-0.0040
4.9350	-0.0002	-0.0014	-1.1960	0.0008
4.9355	0.0000	-0.0023	-1.1561	-0.0099
4.9360	-0.0005	-0.0016	-1.1146	-0.0007
4.9365	-0.0004	-0.0041	-1.0833	-0.0030
4.9370	0.0005	0.0003	-1.0560	-0.0052
4.9375	-0.0002	-0.0020	-1.0156	-0.0015
4.9380	-0.0002	0.0020	-0.9722	0.0029
4.9385	-0.0000	0.0013	-0.9389	0.0036
4.9390	0.0003	-0.0032	-0.9146	-0.0082
4.9395	0.0001	-0.0008	-0.8748	0.0000
4.9400	0.0004	-0.0035	-0.8301	-0.0053
4.9405	0.0001	0.0031	-0.7946	-0.0045
4.9410	-0.0001	-0.0024	-0.7663	-0.0013
4.9415	0.0003	-0.0038	-0.7328	0.0021
4.9420	0.0003	-0.0017	-0.6852	-0.0031
4.9425	0.0000	-0.0034	-0.6478	0.0046
4.9430	0.0002	0.0017	-0.6205	-0.0001
4.9435	0.0001	-0.0035	-0.5832	0.0035
4.9440	0.0002	0.0045	-0.5397	0.0008
4.9445	0.0002	-0.0035	-0.4994	-0.0007
4.9450	0.0001	0.0018	-0.4690	0.0000
4.9455	0.0002	-0.0073	-0.4367	0.0022
4.9460	0.0004	-0.0012	-0.3950	0.0071
4.9465	-0.0002	-0.0032	-0.3525	-0.0019
4.9470	0.0001	0.0001	-0.3219	0.0019
4.9475	0.0002	-0.0023	-0.2845	0.0077
4.9480	0.0005	-0.0004	-0.2435	-0.0007
4.9485	0.0004	-0.0038	-0.2021	0.0008
4.9490	0.0005	0.0012	-0.1689	0.0017
4.9495	0.0002	-0.0032	-0.1364	-0.0007
4.9500	0.0008	-0.0043	-0.0974	0.0014
4.9505	0.0005	-0.0024	-0.0560	-0.0025
4.9510	0.0005	-0.0002	-0.0227	0.0025
4.9515	0.0007	-0.0010	0.0097	-0.0010
4.9520	0.0005	-0.0013	0.0338	0.0008
4.9525	0.0006	-0.0036	0.0813	0.0055
4.9530	0.0005	-0.0026	0.1336	0.0004
4.9535	0.0004	-0.0020	0.1616	0.0027
4.9540	0.0010	-0.0027	0.1829	0.0010
4.9545	0.0008	-0.0035	0.2318	0.0091
4.9550	0.0005	-0.0014	0.2840	0.0035
4.9555	0.0008	-0.0036	0.3139	0.0027
4.9560	0.0004	-0.0018	0.3291	0.0072
4.9565	0.0008	-0.0026	0.3771	0.0043
4.9570	0.0007	-0.0028	0.4282	0.0067
4.9575	0.0009	0.0012	0.4592	0.0011
4.9580	0.0005	-0.0020	0.4827	0.0050
4.9585	0.0008	0.0012	0.5218	0.0048
4.9590	0.0009	0.0007	0.5738	0.0062
4.9595	0.0009	-0.0017	0.6045	0.0038
4.9600	0.0013	0.0007	0.6294	0.0009
4.9605	0.0002	0.0066	0.6669	0.0046
4.9610	0.0008	-0.0041	0.7135	0.0086
4.9615	0.0007	0.0014	0.7493	0.0068
4.9620	0.0005	0.0029	0.7720	0.0068
4.9625	0.0006	-0.0064	0.8059	0.0091
4.9630	0.0004	-0.0008	0.8529	0.0078
4.9635	0.0011	-0.0020	0.8943	0.0115
4.9640	0.0007	-0.0021	0.9166	0.0025
4.9645	0.0005	-0.0010	0.9452	0.0099
4.9650	0.0004	-0.0015	0.9894	0.0061
4.9655	0.0005	-0.0044	1.0348	0.0081
4.9660	0.0011	-0.0036	1.0573	0.0077
4.9665	0.0008	0.0015	1.0847	0.0057
4.9670	0.0010	-0.0002	1.1269	0.0140
4.9675	0.0010	-0.0022	1.1700	0.0060
4.9680	0.0012	-0.0033	1.1968	0.0055
4.9685	0.0013	-0.0026	1.2160	0.0065
4.9690	0.0011	0.0002	1.2616	0.0080
4.9695	0.0008	-0.0047	1.3022	0.0115
4.9700	0.0006	-0.0003	1.3316	0.0086
4.9705	0.0010	0.0004	1.3465	0.0122
4.9710	0.0011	-0.0023	1.3721	0.0058
4.9715	0.0009	0.0015	1.4201	0.0069
4.9720	0.0011	-0.0029	1.4637	0.0114
4.9725	0.0012	0.0002	1.4498	0.0091
4.9730	0.0012	0.0039	1.4765	0.0032
4.9735	0.0016	-0.0017	1.5518	0.0097
4.9740	0.0008	0.0011	1.5974	0.0071
4.9745	0.0007	0.0036	1.6175	0.0125
4.9750	0.0012	-0.0011	1.6198	0.0084
4.9755	0.0013	-0.0030	1.6614	0.0100
4.9760	0.0012	0.0007	1.7175	0.0084
4.9765	0.0011	-0.0002	1.7391	0.0092
4.9770	0.0014	-0.0021	1.7337	0.0128
4.9775	0.0012	0.0022	1.7693	0.0156
4.9780	0.0011	-0.0020	1.8250	0.0120
4.9785	0.0010	-0.0014	1.8539	0.0099
4.9790	0.0015	-0.0026	1.8570	0.0134
4.9795	0.0014	-0.0018	1.8803	0.0093
4.9800	0.0012	-0.0018	1.9346	0.0144
4.9805	0.0013	0.0012	1.9665	0.0109
4.9810	0.0011	-0.0000	1.9717	0.0112
4.9815	0.0010	0.0010	1.9888	0.0152
4.9820	0.0014	-0.0000	2.0383	0.0139
4.9825	0.0010	0.0007	2.0752	0.0098
4.9830	0.0017	-0.0050	2.0835	0.0113
4.9835	0.0016	-0.0052	2.0965	0.0062
4.9840	0.0011	0.0004	2.1391	0.0107
4.9845	0.0014	-0.0016	2.1766	0.0046
4.9850	0.0013	-0.0029	2.1896	0.0165
4.9855	0.0012	-0.0014	2.1968	0.0161
4.9860	0.0012	-0.0016	2.2325	0.0119
4.9865	0.0013	0.0010	2.2741	0.0078
4.9870	0.0013	-0.0019	2.2879	0.0162
4.9875	0.0014	0.0015	2.2924	0.0135
4.9880	0.0017	-0.0011	2.3216	0.0095
4.9885	0.0016	0.0006	2.3639	0.0141
4.9890	0.0011	0.0003	2.3781	0.0167
4.9895	0.0015	-0.0002	2.3823	0.0138
4.9900	0.0018	0.0012	2.4070	0.0140
4.9905	0.0019	-0.0055	2.4486	0.0142
4.9910	0.0016	-0.0046	2.4664	0.0092
4.9915	0.0015	-0.0005	2.4656	0.0149
4.9920	0.0018	0.0006	2.4849	0.0101
4.9925	0.0017	-0.0002	2.5251	0.0217
4.9930	0.0017	0.0024	2.5516	0.0174
4.9935	0.0013	-0.0026	2.5484	0.0136
4.9940	0.0014	-0.0028	2.5568	0.0165
4.9945	0.0017	-0.0032	2.5943	0.0167
4.9950	0.0016	-0.0036	2.6286	0.0142
4.9955	0.0013	-0.0018	2.6245	0.0175
4.9960	0.0022	0.0027	2.6252	0.0167
4.9965	0.0016	0.0023	2.6613	0.0182
4.9970	0.0017	-0.0048	2.6891	0.0163
4.9975	0.0016	0.0004	2.6900	0.0143
4.9980	0.0015	-0.0026	2.6900	0.0235
4.9985	0.0017	-0.0011	2.7191	0.0150
4.9990	0.0018	0.0030	2.7458	0.0165
4.9995	0.0019	-0.0044	2.7495	0.0125
5.0000	0.0016	0.0001	2.7515	0.0073
5.0005	0.0021	-0.0016	2.7718	0.0149
5.0010	0.0022	-0.0010	2.7947	0.0173
5.0015	0.0021	-0.0006	2.8053	0.0196
5.0020	0.0021	0.0004	2.7995	0.0164
5.0025	0.0021	-0.0024	2.8114	0.0138
5.0030	0.0018	-0.0015	2.8387	0.0185
5.0035	0.0021	0.0016	2.8473	0.0176
5.0040	0.0019	-0.0001	2.8381	0.0183
5.0045	0.0019	0.0022	2.8461	0.0138
5.0050	0.0015	-0.0004	2.8695	0.0279
5.0055	0.0019	-0.0000	2.8817	0.0190
5.0060	0.0020	-0.0008	2.8724	0.0200
5.0065	0.0024	-0.0011	2.8770	0.0171
5.0070	0.0019	0.0028	2.8980	0.0164
5.0075	0.0021	0.0010	2.9104	0.0205
5.0080	0.0022	0.0001	2.9020	0.0135
5.0085	0.0020	0.0009	2.8966	0.0194
5.0090	0.0020	-0.0050	2.9131	0.0196
5.0095	0.0022	-0.0025	2.9302	0.0244
5.0100	0.0017	-0.0005	2.9195	0.0200
5.0105	0.0019	-0.0026	2.9119	0.0229
5.0110	0.0021	0.0038	2.9270	0.0201
5.0115	0.0024	0.0062	2.9402	0.0215
5.0120	0.0024	0.0017	2.9329	0.0208
5.0125	0.0019	0.0010	2.9203	0.0223
5.0130	0.0019	-0.0023	2.9309	0.0207
5.0135	0.0019	-0.0014	2.9438	0.0238
5.0140	0.0023	-0.0038	2.9365	0.0207
5.0145	0.0021	-0.0007	2.9201	0.0206
5.0150	0.0023	-0.0040	2.9234	0.0215
5.0155	0.0023	0.0011	2.9340	0.0184
5.0160	0.0022	0.0001	2.9298	0.0192
5.0165	0.0020	0.0001	2.9143	0.0234
5.0170	0.0017	-0.0027	2.9110	0.0236
5.0175	0.0020	-0.0001	2.9209	0.0129
5.0180	0.0021	-0.0014	2.9157	0.0191
5.0185	0.0024	-0.0017	2.9012	0.0119
5.0190	0.0020	0.0015	2.8914	0.0214
5.0195	0.0022	0.0029	2.8984	0.0187
5.0200	0.0022	-0.0023	2.8961	0.0225
5.0205	0.0020	-0.0055	2.8788	0.0202
5.0210	0.0019	-0.0030	2.8680	0.0257
5.0215	0.0023	-0.0016	2.8737	0.0217
5.0220	0.0023	0.0009	2.8726	0.0228
5.0225	0.0022	-0.0028	2.8512	0.0215
5.0230	0.0018	0.0006	2.8365	0.0153
5.0235	0.0021	0.0022	2.8394	0.0224
5.0240	0.0021	-0.0017	2.8376	0.0202
5.0245	0.0017	0.0003	2.8125	0.0216
5.0250	0.0019	-0.0001	2.7955	0.0160
5.0255	0.0023	-0.0011	2.7928	0.0231
5.0260	0.0019	-0.0019	2.7890	0.0214
5.0265	0.0022	-0.0008	2.7708	0.0249
5.0270	0.0023	-0.0032	2.7498	0.0234
5.0275	0.0024	-0.0038	2.7405	0.0260
5.0280	0.0020	-0.0020	2.7355	0.0179
5.0285	0.0024	-0.0019	2.7201	0.0228
5.0290	0.0021	-0.0016	2.6924	0.0175
5.0295	0.0021	0.0004	2.6794	0.0146
5.0300	0.0018	-0.0049	2.6756	0.0191
5.0305	0.0023	-0.0014	2.6567	0.0195
5.0310	0.0026	-0.0020	2.6296	0.0156
5.0315	0.0021	-0.0023	2.6130	0.0194
5.0320	0.0020	-0.0032	2.6054	0.0176
5.0325	0.0024	-0.0007	2.5879	0.0177
5.0330	0.0023	-0.0005	2.5580	0.0172
5.0335	0.0021	0.0012	2.5401	0.0269
5.0340	0.0023	0.0015	2.5280	0.0173
5.0345	0.0020	-0.0005	2.5119	0.0172
5.0350	0.0021	-0.0063	2.4837	0.0193
5.0355	0.0020	-0.0026	2.4586	0.0221
5.0360	0.0023	-0.0002	2.4495	0.0145
5.0365	0.0020	-0.0011	2.4350	0.0162
5.0370	0.0019	-0.0008	2.4033	0.0153
5.0375	0.0023	0.0047	2.3751	0.0177
5.0380	0.0018	-0.0030	2.3602	0.0162
5.0385	0.0020	0.0020	2.3430	0.0170
5.0390	0.0021	0.0020	2.3159	0.0187
5.0395	0.0021	-0.0015	2.2851	0.0177
5.0400	0.0022	-0.0004	2.2665	0.0217
5.0405	0.0022	-0.0010	2.2464	0.0194
5.0410	0.0018	-0.0017	2.2233	0.0195
5.0415	0.0020	0.0007	2.1890	0.0267
5.0420	0.0021	0.0009	2.1680	0.0186
5.0425	0.0015	0.0015	2.1519	0.0125
5.0430	0.0019	-0.0038	2.1240	0.0227
5.0435	0.0022	0.0001	2.0899	0.0191
5.0440	0.0019	-0.0016	2.0618	0.0165
5.0445	0.0020	0.0008	2.0418	0.0224
5.0450	0.0022	-0.0009	2.0169	0.0213
5.0455	0.0014	-0.0013	1.9841	0.0146
5.0460	0.0016	-0.0012	1.9523	0.0198
5.0465	0.0020	-0.0014	1.9281	0.0126
5.0470	0.0025	0.0012	1.9047	0.0161
5.0475	0.0015	-0.0020	1.8740	0.0245
5.0480	0.0022	0.0032	1.8385	0.0186
5.0485	0.0016	-0.0060	1.8097	0.0184
5.0490	0.0015	-0.0045	1.7857	0.0150
5.0495	0.0016	0.0005	1.7554	0.0225
5.0500	0.0021	-0.0019	1.7183	0.0222
5.0505	0.0018	-0.0035	1.6880	0.0094
5.0510	0.0022	-0.0001	1.6630	0.0172
5.0515	0.0012	-0.0011	1.6328	0.0191
5.0520	0.0019	0.0018	1.5966	0.0207
5.0525	0.0020	-0.0001	1.5628	0.0131
5.0530	0.0013	-0.0022	1.5378	0.0159
5.0535	0.0015	-0.0011	1.5026	0.0134
5.0540	0.0018	-0.0033	1.4688	0.0123
5.0545	0.0017	-0.0022	1.4359	0.0124
5.0550	0.0020	0.0001	1.4061	0.0228
5.0555	0.0018	0.0015	1.3737	0.0207
5.0560	0.0017	0.0041	1.3368	0.0144
5.0565	0.0015	0.0001	1.3016	0.0182
5.0570	0.0017	0.0068	1.2734	0.0135
5.0575	0.0017	-0.0033	1.2402	0.0169
5.0580	0.0016	-0.0007	1.2023	0.0167
5.0585	0.0015	-0.0000	1.1652	0.0160
5.0590	0.0016	-0.0010	1.1343	0.0098
5.0595	0.0016	-0.0020	1.1024	0.0177
5.0600	0.0017	-0.0029	1.0648	0.0121
5.0605	0.0018	0.0042	1.0289	0.0129
5.0610	0.0013	0.0005	0.9954	0.0166
5.0615	0.0017	-0.0026	0.9616	0.0083
5.0620	0.0015	0.0011	0.9265	0.0131
5.0625	0.0014	0.0039	0.8883	0.0172
5.0630	0.0013	-0.0018	0.8528	0.0119
5.0635	0.0015	-0.0004	0.8187	0.0129
5.0640	0.0018	0.0013	0.7833	0.0164
5.0645	0.0009	-0.0011	0.7473	0.0123
5.0650	0.0015	-0.0010	0.7104	0.0095
5.0655	0.0015	-0.0034	0.6734	0.0154
5.0660	0.0015	0.0017	0.6377	0.0144
5.0665	0.0012	-0.0005	0.6019	0.0083
5.0670	0.0013	-0.0025	0.5633	0.0125
5.0675	0.0011	-0.0026	0.5276	0.0167
5.0680	0.0009	-0.0022	0.4928	0.0115
5.0685	0.0012	-0.0008	0.4547	0.0121
5.0690	0.0018	0.0051	0.4157	0.0077
5.0695	0.0013	0.0004	0.3798	0.0112
5.0700	0.0012	-0.0038	0.3427	0.0143
5.0705	0.0015	-0.0003	0.3039	0.0120
5.0710	0.0009	-0.0027	0.2666	0.0078
5.0715	0.0010	-0.0001	0.2314	0.0136
5.0720	0.0017	-0.0023	0.1944	0.0095
5.0725	0.0010	-0.0026	0.1561	0.0032
5.0730	0.0012	-0.0037	0.1213	0.0135
5.0735	0.0008	0.0002	0.0853	0.0036
5.0740	0.0010	-0.0050	0.0490	0.0093
5.0745	0.0011	0.0010	0.0117	0.0107
5.0750	0.0009	0.0004	-0.0168	0.0114
5.0755	0.0010	-0.0023	-0.0363	0.0069
5.0760	0.0012	-0.0011	-0.0672	0.0144
5.0765	0.0011	-0.0052	-0.1379	0.0076
5.0770	0.0010	-0.0024	-0.2018	0.0048
5.0775	0.0009	-0.0019	-0.2107	0.0073
5.0780	0.0009	-0.0021	-0.2170	0.0092
5.0785	0.0008	-0.0010	-0.2726	0.0108
5.0790	0.0008	-0.0053	-0.3396	0.0065
5.0795	0.0008	-0.0054	-0.3623	0.0117
5.0800	0.0010	0.0001	-0.3630	0.0079
5.0805	0.0007	0.0004	-0.4115	0.0049
5.0810	0.0008	0.0020	-0.4810	0.0059
5.0815	0.0007	-0.0029	-0.5113	0.0079
5.0820	0.0009	-0.0008	-0.5113	0.0073
5.0825	0.0007	0.0015	-0.5440	0.0056
5.0830	0.0005	0.0022	-0.6068	0.0118
5.0835	0.0009	-0.0017	-0.6587	0.0074
5.0840	0.0003	0.0002	-0.6667	0.0067
5.0845	0.0007	-0.0014	-0.6877	0.0087
5.0850	0.0005	0.0011	-0.7472	0.0061
5.0855	0.0009	0.0008	-0.8023	0.0053
5.0860	0.0005	-0.0018	-0.8155	0.0093
5.0865	0.0004	-0.0002	-0.8279	0.0042
5.0870	0.0006	0.0005	-0.8825	-0.0016
5.0875	0.0006	-0.0032	-0.9386	0.0063
5.0880	0.0009	-0.0021	-0.9571	0.0066
5.0885	0.0006	-0.0010	-0.9650	0.0077
5.0890	0.0008	0.0021	-1.0194	0.0025
5.0895	0.0008	-0.0012	-1.0792	-0.0022
5.0900	0.0007	-0.0008	-1.0984	0.0015
5.0905	0.0007	-0.0017	-1.1057	0.0063
5.0910	0.0007	0.0015	-1.1489	-0.0019
5.0915	0.0004	-0.0012	-1.2121	0.0104
5.0920	0.0006	-0.0012	-1.2357	0.0097
5.0925	0.0004	-0.0021	-1.2410	0.0014
5.0930	0.0006	-0.0033	-1.2786	0.0052
5.0935	0.0004	-0.0012	-1.3409	0.0079
5.0940	0.0003	-0.0047	-1.3704	0.0034
5.0945	0.0006	0.0018	-1.3758	0.0003
5.0950	0.0007	-0.0011	-1.4055	0.0076
5.0955	0.0005	0.0015	-1.4566	0.0040
5.0960	0.0002	-0.0002	-1.4783	0.0060
5.0965	0.0005	-0.0038	-1.4957	0.0038
5.0970	0.0004	0.0035	-1.5372	0.0048
5.0975	0.0001	0.0001	-1.5910	-0.0043
5.0980	0.0003	0.0023	-1.6088	-0.0020
5.0985	0.0004	-0.0040	-1.6131	0.0061
5.0990	0.0006	0.0015	-1.6711	0.0100
5.0995	0.0004	0.0004	-1.7304	0.0063
5.1000	0.0001	-0.0043	-1.7340	0.0062
5.1005	0.0011	-0.0031	-1.7329	-0.0014
5.1010	0.0005	-0.0023	-1.7810	0.0019
5.1015	0.0003	-0.0024	-1.8414	0.0063
5.1020	0.0003	-0.0032	-1.8533	-0.0030
5.1025	0.0000	-0.0011	-1.8531	-0.0016
5.1030	0.0003	-0.0005	-1.8917	0.0018
5.1035	0.0007	-0.0003	-1.9476	0.0048
5.1040	-0.0001	-0.0018	-1.9692	0.0024
5.1045	0.0002	0.0002	-1.9653	0.0020
5.1050	0.0003	-0.0005	-1.9972	-0.0033
5.1055	0.0001	-0.0038	-2.0496	0.0073
5.1060	-0.0001	0.0032	-2.0774	0.0055
5.1065	-0.0000	0.0004	-2.0753	-0.0020
5.1070	-0.0002	-0.0020	-2.0980	0.0041
5.1075	0.0001	-0.0008	-2.1476	-0.0002
5.1080	0.0001	-0.0029	-2.1806	-0.0032
5.1085	0.0004	0.0001	-2.1804	-0.0002
5.1090	-0.0001	-0.0009	-2.1945	-0.0015
5.1095	0.0002	-0.0011	-2.2375	-0.0059
5.1100	-0.0001	-0.0023	-2.2721	0.0035
5.1105	0.0002	-0.0064	-2.2768	-0.0010
5.1110	-0.0003	0.0033	-2.2869	-0.0023
5.1115	0.0004	-0.0019	-2.3221	0.0039
5.1120	0.0000	-0.0029	-2.3609	-0.0011
5.1125	-0.0004	-0.0026	-2.3685	-0.0011
5.1130	-0.0001	-0.0015	-2.3756	-0.0034
5.1135	0.0001	0.0044	-2.4020	-0.0017
5.1140	0.0000	-0.0025	-2.4413	0.0030
5.1145	-0.0001	-0.0004	-2.4549	-0.0074
5.1150	0.0000	-0.0011	-2.4558	-0.0024
5.1155	-0.0001	-0.0020	-2.4795	0.0012
5.1160	-0.0002	0.0009	-2.5186	-0.0041
5.1165	0.0000	-0.0008	-2.5327	-0.0028
5.1170	-0.0004	0.0006	-2.5344	-0.0011
5.1175	0.0001	-0.0036	-2.5481	-0.0021
5.1180	-0.0002	-0.0023	-2.5827	-0.0003
5.1185	-0.0003	-0.0006	-2.6061	-0.0040
5.1190	0.0001	-0.0009	-2.6036	0.0010
5.1195	-0.0002	0.0044	-2.6127	-0.0023
5.1200	-0.0003	0.0018	-2.6452	-0.0012
5.1205	0.0002	-0.0014	-2.6692	-0.0011
5.1210	-0.0004	-0.0038	-2.6691	-0.0047
5.1215	0.0004	0.0003	-2.6712	-0.0026
5.1220	-0.0000	-0.0032	-2.6963	-0.0021
5.1225	-0.0007	-0.0029	-2.7233	-0.0037
5.1230	0.0000	0.0014	-2.7259	-0.0037
5.1235	-0.0006	-0.0045	-2.7232	-0.0048
5.1240	-0.0000	-0.0012	-2.7413	-0.0016
5.1245	-0.0006	-0.0001	-2.7664	-0.0045
5.1250	-0.0001	-0.0006	-2.7696	-0.0055
5.1255	-0.0003	-0.0026	-2.7667	-0.0067
5.1260	-0.0006	-0.0029	-2.7814	-0.0066
5.1265	-0.0008	-0.0025	-2.8048	-0.0044
5.1270	-0.0006	-0.0015	-2.8085	0.0004
5.1275	-0.0004	-0.0049	-2.8053	-0.0059
5.1280	-0.0001	-0.0030	-2.8124	-0.0096
5.1285	-0.0001	-0.0014	-2.8316	-0.0067
5.1290	0.0003	-0.0008	-2.8370	-0.0083
5.1295	-0.0006	-0.0018	-2.8326	-0.0064
5.1300	-0.0006	-0.0074	-2.8375	-0.0092
5.1305	-0.0004	-0.0001	-2.8563	-0.0154
5.1310	-0.0006	-0.0021	-2.8630	-0.0040
5.1315	-0.0005	-0.0017	-2.8527	-0.0059
5.1320	-0.0005	-0.0008	-2.8547	-0.0067
5.1325	-0.0005	-0.0010	-2.8715	-0.0052
5.1330	-0.0005	-0.0055	-2.8767	-0.0072
5.1335	-0.0006	0.0002	-2.8690	-0.0084
5.1340	-0.0005	-0.0050	-2.8631	-0.0027
5.1345	-0.0013	-0.0034	-2.8756	-0.0067
5.1350	-0.0005	-0.0015	-2.8867	-0.0084
5.1355	-0.0005	0.0009	-2.8751	-0.0054
5.1360	-0.0002	0.0021	-2.8693	-0.0052
5.1365	-0.0006	-0.0008	-2.8778	-0.0051
5.1370	-0.0007	-0.0006	-2.8885	-0.0119
5.1375	-0.0009	0.0009	-2.8790	-0.0074
5.1380	-0.0009	0.0018	-2.8662	-0.0107
5.1385	-0.0005	-0.0005	-2.8712	-0.0085
5.1390	-0.0008	-0.0011	-2.8766	-0.0021
5.1395	-0.0006	0.0019	-2.8707	-0.0059
5.1400	-0.0005	0.0004	-2.8562	-0.0040
5.1405	-0.0005	-0.0018	-2.8553	-0.0068
5.1410	-0.0008	-0.0014	-2.8582	-0.0069
5.1415	-0.0003	0.0011	-2.8534	-0.0099
5.1420	-0.0007	0.0013	-2.8329	-0.0077
5.1425	-0.0009	-0.0001	-2.7859	-0.0116
5.1430	-0.0005	-0.0023	-2.7668	-0.0052
5.1435	-0.0005	-0.0014	-2.7597	-0.0092
5.1440	-0.0007	0.0015	-2.7552	-0.0116
5.1445	-0.0001	-0.0024	-2.7486	-0.0120
5.1450	-0.0008	-0.0002	-2.7300	-0.0075
5.1455	-0.0005	-0.0039	-2.7213	-0.0106
5.1460	-0.0007	0.0015	-2.7257	-0.0071
5.1465	-0.0007	-0.0015	-2.7193	-0.0109
5.1470	-0.0006	-0.0003	-2.7068	-0.0102
5.1475	-0.0007	-0.0004	-2.6924	-0.0075
5.1480	-0.0007	-0.0045	-2.6862	-0.0034
5.1485	-0.0004	-0.0011	-2.6813	-0.0075
5.1490	-0.0008	0.0016	-2.6693	-0.0078
5.1495	-0.0007	-0.0018	-2.6551	-0.0158
5.1500	-0.0010	-0.0010	-2.6429	-0.0071
5.1505	-0.0009	-0.0032	-2.6374	-0.0074
5.1510	-0.0008	-0.0006	-2.6249	-0.0100
5.1515	-0.0004	-0.0006	-2.6094	-0.0038
5.1520	-0.0010	-0.0012	-2.5953	-0.0067
5.1525	-0.0004	0.0006	-2.5856	-0.0058
5.1530	-0.0007	-0.0008	-2.5727	-0.0077
5.1535	-0.0008	-0.0021	-2.5568	-0.0125
5.1540	-0.0007	0.0006	-2.5374	-0.0076
5.1545	-0.0006	-0.0017	-2.5251	-0.0065
5.1550	-0.0007	-0.0005	-2.5132	-0.0023
5.1555	-0.0007	-0.0017	-2.4977	-0.0057
5.1560	-0.0006	-0.0004	-2.4765	-0.0095
5.1565	-0.0008	-0.0030	-2.4614	-0.0080
5.1570	-0.0005	-0.0011	-2.4465	-0.0096
5.1575	-0.0006	0.0027	-2.4287	-0.0116
5.1580	-0.0007	-0.0063	-2.4098	-0.0108
5.1585	-0.0006	-0.0029	-2.3908	-0.0038
5.1590	-0.0007	-0.0020	-2.3768	-0.0173
5.1595	-0.0008	-0.0002	-2.3540	-0.0111
5.1600	-0.0003	-0.0041	-2.3314	-0.0068
5.1605	-0.0006	0.0002	-2.3152	-0.0102
5.1610	-0.0006	-0.0023	-2.2950	-0.0120
5.1615	-0.0004	-0.0026	-2.2721	-0.0044
5.1620	-0.0002	-0.0022	-2.2477	-0.0089
5.1625	-0.0005	0.0013	-2.2287	-0.0016
5.1630	-0.0005	-0.0009	-2.2107	-0.0041
5.1635	-0.0006	-0.0020	-2.1826	-0.0093
5.1640	-0.0009	-0.0068	-2.1600	-0.0048
5.1645	-0.0005	0.0006	-2.1399	-0.0085
5.1650	-0.0004	-0.0053	-2.1186	0.0015
5.1655	-0.0004	-0.0038	-2.0927	-0.0030
5.1660	-0.0002	-0.0014	-2.0657	-0.0071
5.1665	-0.0003	0.0006	-2.0433	-0.0032
5.1670	-0.0009	-0.0020	-2.0221	-0.0068
5.1675	-0.0000	-0.0017	-1.9977	-0.0072
5.1680	-0.0006	0.0012	-1.9663	-0.0048
5.1685	-0.0005	-0.0000	-1.9403	-0.0066
5.1690	-0.0007	0.0022	-1.9194	-0.0055
5.1695	-0.0004	-0.0006	-1.8947	-0.0051
5.1700	0.0001	0.0006	-1.8602	-0.0088
5.1705	-0.0003	-0.0017	-1.8327	-0.0107
5.1710	-0.0003	-0.0017	-1.8123	-0.0023
5.1715	-0.0005	-0.0025	-1.7850	-0.0056
5.1720	-0.0004	0.0012	-1.7504	-0.0103
5.1725	-0.0004	0.0004	-1.7232	-0.0051
5.1730	-0.0006	-0.0005	-1.6988	-0.0075
5.1735	-0.0002	0.0025	-1.6694	-0.0050
5.1740	-0.0011	-0.0059	-1.6372	-0.0027
5.1745	-0.0002	-0.0010	-1.6057	-0.0063
5.1750	-0.0005	-0.0020	-1.5779	0.0017
5.1755	-0.0005	-0.0023	-1.5533	-0.0007
5.1760	0.0003	-0.0014	-1.5155	-0.0046
5.1765	-0.0007	-0.0011	-1.4828	-0.0105
5.1770	-0.0006	-0.0050	-1.4596	-0.0013
5.1775	-0.0003	-0.0009	-1.4309	-0.0041
5.1780	-0.0002	-0.0001	-1.3935	-0.0014
5.1785	-0.0002	0.0024	-1.3607	-0.0062
5.1790	0.0001	-0.0003	-1.3344	-0.0032
5.1795	-0.0003	-0.0041	-1.3046	-0.0071
5.1800	-0.0003	-0.0023	-1.2692	-0.0054
5.1805	-0.0004	0.0006	-1.2329	-0.0034
5.1810	0.0001	0.0032	-1.2046	-0.0033
5.1815	-0.0002	-0.0006	-1.1716	-0.0027
5.1820	-0.0000	0.0030	-1.1375	-0.0024
5.1825	0.0000	-0.0023	-1.1005	-0.0073
5.1830	0.0002	0.0009	-1.0689	-0.0016
5.1835	-0.0003	-0.0033	-1.0419	-0.0005
5.1840	-0.0003	-0.0023	-1.0052	-0.0015
5.1845	-0.0003	0.0045	-0.9676	-0.0034
5.1850	0.0001	-0.0020	-0.9333	0.0027
5.1855	-0.0003	0.0003	-0.9019	0.0017
5.1860	-0.0003	0.0006	-0.8702	-0.0090
5.1865	-0.0000	-0.0017	-0.8331	-0.0001
5.1870	0.0003	-0.0061	-0.7946	-0.0020
5.1875	0.0000	0.0003	-0.7649	-0.0038
5.1880	0.0000	0.0002	-0.7315	0.0014
5.1885	0.0003	0.0012	-0.6907	-0.0032
5.1890	-0.0002	-0.0002	-0.6564	0.0032
5.1895	0.0003	-0.0009	-0.6245	0.0019
5.1900	0.0003	0.0018	-0.5894	0.0028
5.1905	-0.0001	-0.0013	-0.5517	-0.0017
5.1910	0.0007	-0.0047	-0.5150	0.0009
5.1915	-0.0004	0.0004	-0.4823	-0.0019
5.1920	0.0006	-0.0014	-0.4497	0.0007
5.1925	0.0002	0.0006	-0.4108	0.0047
5.1930	0.0004	-0.0035	-0.3724	0.0011
5.1935	0.0005	-0.0017	-0.3386	0.0036
5.1940	0.0004	-0.0012	-0.3041	0.0016
5.1945	0.0005	-0.0017	-0.2697	-0.0006
5.1950	0.0000	-0.0040	-0.2297	0.0099
5.1955	0.0004	-0.0059	-0.1964	0.0070
5.1960	0.0006	0.0027	-0.1621	0.0031
5.1965	0.0001	-0.0048	-0.1253	-0.0023
5.1970	0.0002	0.0003	-0.0887	-0.0025
5.1975	0.0002	-0.0017	-0.0572	0.0045
5.1980	0.0003	-0.0011	-0.0203	0.0027
5.1985	0.0005	0.0015	0.0082	-0.0004
5.1990	0.0010	-0.0026	0.0339	0.0005
5.1995	0.0006	0.0017	0.0750	-0.0035
5.2000	0.0005	-0.0002	0.1268	0.0043
5.2005	0.0006	-0.0038	0.1548	0.0065
5.2010	0.0007	0.0010	0.1791	0.0083
5.2015	0.0008	0.0013	0.2200	0.0006
5.2020	0.0008	-0.0002	0.2717	-0.0016
5.2025	0.0005	-0.0002	0.2999	0.0021
5.2030	0.0002	-0.0008	0.3177	0.0058
5.2035	0.0006	-0.0033	0.3583	0.0060
5.2040	0.0007	-0.0050	0.4089	0.0055
5.2045	0.0006	-0.0008	0.4370	0.0035
5.2050	0.0009	-0.0016	0.4618	0.0084
5.2055	0.0007	-0.0027	0.4984	0.0019
5.2060	0.0008	-0.0004	0.5465	0.0019
5.2065	0.0009	0.0003	0.5798	0.0016
5.2070	0.0009	-0.0002	0.6018	0.0058
5.2075	0.0008	-0.0005	0.6363	0.0083
5.2080	0.0004	-0.0012	0.6834	0.0120
5.2085	0.0007	-0.0029	0.7179	0.0091
5.2090	0.0007	0.0029	0.7418	-0.0003
5.2095	0.0005	-0.0029	0.7724	0.0056
5.2100	0.0008	-0.0045	0.8162	0.0109
5.2105	0.0006	0.0036	0.8532	0.0062
5.2110	0.0011	0.0004	0.8776	0.0047
5.2115	0.0004	-0.0008	0.9075	0.0070
5.2120	0.0011	-0.0010	0.9474	0.0068
5.2125	0.0004	-0.0035	0.9882	0.0130
5.2130	0.0010	-0.0018	1.0151	0.0060
5.2135	0.0011	-0.0027	1.0403	0.0091
5.2140	0.0007	-0.0005	1.0781	0.0062
5.2145	0.0011	-0.0013	1.1204	0.0050
5.2150	0.0008	-0.0038	1.1428	0.0031
5.2155	0.0010	0.0037	1.1687	0.0126
5.2160	0.0012	-0.0032	1.2040	0.0036
5.2165	0.0015	-0.0001	1.2476	0.0089
5.2170	0.0012	-0.0003	1.2736	0.0046
5.2175	0.0009	-0.0002	1.2949	0.0078
5.2180	0.0011	0.0015	1.3181	0.0060
5.2185	0.0009	0.0031	1.3536	0.0026
5.2190	0.0015	-0.0028	1.3957	0.0028
5.2195	0.0008	-0.0026	1.4197	0.0101
5.2200	0.0011	0.0005	1.4026	0.0119
5.2205	0.0012	0.0001	1.4550	0.0095
5.2210	0.0007	0.0009	1.5271	0.0055
5.2215	0.0013	-0.0013	1.5474	0.0132
5.2220	0.0011	0.0029	1.5594	0.0099
5.2225	0.0014	-0.0006	1.5828	0.0052
5.2230	0.0015	-0.0034	1.6348	0.0088
5.2235	0.0013	0.0034	1.6600	0.0083
5.2240	0.0014	-0.0041	1.6698	0.0117
5.2245	0.0011	-0.0006	1.6912	0.0118
5.2250	0.0015	-0.0005	1.7395	0.0072
5.2255	0.0020	0.0045	1.7722	0.0066
5.2260	0.0017	-0.0017	1.7824	0.0092
5.2265	0.0015	0.0021	1.8032	0.0058
5.2270	0.0013	0.0006	1.8428	0.0051
5.2275	0.0016	0.0033	1.8820	0.0156
5.2280	0.0019	-0.0047	1.8942	0.0100
5.2285	0.0015	-0.0032	1.9090	0.0095
5.2290	0.0014	-0.0017	1.9481	0.0102
5.2295	0.0012	-0.0035	1.9844	0.0093
5.2300	0.0010	-0.0033	2.0010	0.0107
5.2305	0.0015	-0.0004	2.0121	0.0101
5.2310	0.0016	0.0002	2.0417	0.0041
5.2315	0.0014	-0.0052	2.0797	0.0108
5.2320	0.0014	0.0006	2.0997	0.0138
5.2325	0.0014	-0.0036	2.1085	0.0123
5.2330	0.0011	-0.0021	2.1361	0.0154
5.2335	0.0018	-0.0023	2.1754	0.0134
5.2340	0.0019	-0.0038	2.1946	0.0162
5.2345	0.0012	0.0035	2.2026	0.0078
5.2350	0.0017	-0.0023	2.2231	0.0091
5.2355	0.0013	0.0019	2.2563	0.0146
5.2360	0.0015	-0.0031	2.2784	0.0129
5.2365	0.0013	-0.0038	2.2867	0.0156
5.2370	0.0018	-0.0022	2.3063	0.0139
5.2375	0.0013	0.0028	2.3366	0.0057
5.2380	0.0015	-0.0040	2.3625	0.0169
5.2385	0.0012	-0.0032	2.3711	0.0111
5.2390	0.0018	-0.0017	2.3844	0.0086
5.2395	0.0015	0.0008	2.4115	0.0169
5.2400	0.0013	-0.0005	2.4355	0.0159
5.2405	0.0018	-0.0001	2.4478	0.0173
5.2410	0.0017	-0.0007	2.4592	0.0142
5.2415	0.0020	-0.0033	2.4790	0.0090
5.2420	0.0018	-0.0042	2.5017	0.0152
5.2425	0.0013	-0.0012	2.5145	0.0076
5.2430	0.0017	-0.0020	2.5237	0.0144
5.2435	0.0020	-0.0042	2.5402	0.0099
5.2440	0.0016	-0.0020	2.5642	0.0195
5.2445	0.0019	0.0014	2.5777	0.0184
5.2450	0.0019	-0.0017	2.5862	0.0068
5.2455	0.0016	-0.0053	2.5960	0.0188
5.2460	0.0019	0.0060	2.6207	0.0164
5.2465	0.0018	-0.0026	2.6356	0.0126
5.2470	0.0019	-0.0021	2.6385	0.0171
5.2475	0.0018	0.0006	2.6481	0.0173
5.2480	0.0018	-0.0032	2.6702	0.0174
5.2485	0.0022	-0.0014	2.6860	0.0097
5.2490	0.0018	-0.0005	2.6843	0.0212
5.2495	0.0019	0.0014	2.6895	0.0151
5.2500	0.0018	-0.0006	2.7114	0.0164
5.2505	0.0020	-0.0001	2.7214	0.0243
5.2510	0.0021	-0.0012	2.7197	0.0183
5.2515	0.0020	-0.0038	2.7264	0.0234
5.2520	0.0017	0.0004	2.7422	0.0161
5.2525	0.0022	-0.0014	2.7561	0.0186
5.2530	0.0020	0.0006	2.7510	0.0143
5.2535	0.0022	0.0002	2.7543	0.0173
5.2540	0.0017	0.0012	2.7685	0.0163
5.2545	0.0015	0.0018	2.7818	0.0229
5.2550	0.0023	-0.0033	2.7795	0.0152
5.2555	0.0020	-0.0032	2.7784	0.0122
5.2560	0.0021	0.0001	2.7871	0.0193
5.2565	0.0019	0.0007	2.7978	0.0173
5.2570	0.0023	-0.0017	2.7969	0.0198
5.2575	0.0024	0.0001	2.7904	0.0160
5.2580	0.0024	-0.0002	2.7960	0.0156
5.2585	0.0017	0.0015	2.8123	0.0159
5.2590	0.0022	-0.0003	2.8044	0.0138
5.2595	0.0017	-0.0014	2.7972	0.0167
5.2600	0.0015	0.0010	2.8051	0.0205
5.2605	0.0021	-0.0022	2.8124	0.0223
5.2610	0.0026	-0.0012	2.8081	0.0231
5.2615	0.0025	0.0024	2.7981	0.0183
5.2620	0.0017	0.0046	2.7959	0.0182
5.2625	0.0019	0.0005	2.8039	0.0219
5.2630	0.0019	0.0040	2.8019	0.0205
5.2635	0.0023	-0.0019	2.7933	0.0190
5.2640	0.0016	-0.0017	2.7869	0.0164
5.2645	0.0018	0.0003	2.7908	0.0188
5.2650	0.0020	-0.0018	2.7876	0.0188
5.2655	0.0023	0.0012	2.7760	0.0129
5.2660	0.0023	-0.0024	2.7656	0.0192
5.2665	0.0024	-0.0026	2.7697	0.0174
5.2670	0.0019	0.0010	2.7681	0.0125
5.2675	0.0023	0.0006	2.7574	0.0198
5.2680	0.0017	-0.0013	2.7430	0.0125
5.2685	0.0022	0.0019	2.7425	0.0239
5.2690	0.0022	-0.0020	2.7421	0.0155
5.2695	0.0018	0.0001	2.7290	0.0225
5.2700	0.0020	-0.0053	2.7141	0.0175
5.2705	0.0020	-0.0034	2.7062	0.0157
5.2710	0.0018	0.0004	2.7077	0.0194
5.2715	0.0022	-0.0020	2.6953	0.0159
5.2720	0.0022	-0.0020	2.6756	0.0193
5.2725	0.0024	-0.0042	2.6670	0.0198
5.2730	0.0020	0.0021	2.6644	0.0126
5.2735	0.0021	0.0017	2.6515	0.0172
5.2740	0.0022	-0.0077	2.6315	0.0177
5.2745	0.0019	0.0002	2.6212	0.0232
5.2750	0.0022	-0.0006	2.6127	0.0192
5.2755	0.0017	-0.0008	2.6007	0.0173
5.2760	0.0016	0.0009	2.5789	0.0187
5.2765	0.0018	0.0001	2.5629	0.0149
5.2770	0.0020	-0.0017	2.5534	0.0200
5.2775	0.0020	0.0008	2.5410	0.0176
5.2780	0.0017	-0.0025	2.5194	0.0172
5.2785	0.0021	-0.0003	2.5014	0.0193
5.2790	0.0019	-0.0015	2.4872	0.0157
5.2795	0.0015	-0.0006	2.4765	0.0154
5.2800	0.0016	0.0004	2.4532	0.0186
5.2805	0.0023	-0.0033	2.4314	0.0192
5.2810	0.0020	-0.0026	2.4159	0.0180
5.2815	0.0020	0.0012	2.4009	0.0194
5.2820	0.0021	-0.0016	2.3793	0.0145
5.2825	0.0023	-0.0002	2.3542	0.0206
5.2830	0.0021	-0.0005	2.3369	0.0152
5.2835	0.0018	-0.0022	2.3201	0.0174
5.2840	0.0021	-0.0010	2.2974	0.0148
5.2845	0.0019	-0.0001	2.2726	0.0154
5.2850	0.0018	-0.0004	2.2540	0.0176
5.2855	0.0023	0.0015	2.2354	0.0132
5.2860	0.0014	-0.0048	2.2148	0.0216
5.2865	0.0018	-0.0026	2.1873	0.0157
5.2870	0.0020	-0.0043	2.1654	0.0205
5.2875	0.0018	-0.0012	2.1468	0.0161
5.2880	0.0023	-0.0032	2.1234	0.0218
5.2885	0.0022	-0.0059	2.0943	0.0190
5.2890	0.0021	-0.0009	2.0699	0.0228
5.2895	0.0019	0.0027	2.0492	0.0097
5.2900	0.0017	-0.0016	2.0266	0.0218
5.2905	0.0021	0.0021	1.9969	0.0201
5.2910	0.0016	0.0001	1.9705	0.0112
5.2915	0.0022	0.0004	1.9471	0.0124
5.2920	0.0019	-0.0002	1.9270	0.0160
5.2925	0.0018	-0.0011	1.8955	0.0187
5.2930	0.0022	0.0010	1.8630	0.0176
5.2935	0.0014	0.0007	1.8424	0.0201
5.2940	0.0024	0.0008	1.8193	0.0155
5.2945	0.0014	0.0036	1.7881	0.0154
5.2950	0.0022	0.0009	1.7531	0.0124
5.2955	0.0018	-0.0011	1.7294	0.0135
5.2960	0.0016	-0.0012	1.7096	0.0120
5.2965	0.0017	-0.0011	1.6747	0.0151
5.2970	0.0016	0.0011	1.6394	0.0138
5.2975	0.0021	0.0010	1.6147	0.0165
5.2980	0.0017	-0.0014	1.5937	0.0124
5.2985	0.0016	-0.0030	1.5597	0.0125
5.2990	0.0017	0.0001	1.5224	0.0157
5.2995	0.0018	0.0013	1.4900	0.0145
5.3000	0.0014	-0.0005	1.4696	0.0107
5.3005	0.0015	-0.0036	1.4396	0.0144
5.3010	0.0012	-0.0035	1.3983	0.0148
5.3015	0.0013	0.0009	1.3676	0.0146
5.3020	0.0014	-0.0035	1.3420	0.0111
5.3025	0.0020	-0.0008	1.3149	0.0174
5.3030	0.0016	0.0017	1.2720	0.0142
5.3035	0.0019	0.0026	1.2366	0.0135
5.3040	0.0014	0.0041	1.2141	0.0120
5.3045	0.0016	-0.0020	1.1855	0.0126
5.3050	0.0010	0.0030	1.1455	0.0149
5.3055	0.0012	0.0010	1.1071	0.0156
5.3060	0.0013	-0.0014	1.0820	0.0114
5.3065	0.0013	0.0010	1.0534	0.0144
5.3070	0.0015	0.0007	1.0136	0.0105
5.3075	0.0013	-0.0039	0.9752	0.0185
5.3080	0.0013	0.0012	0.9465	0.0130
5.3085	0.0018	0.0009	0.9199	0.0082
5.3090	0.0017	-0.0038	0.8802	0.0081
5.3095	0.0015	0.0016	0.8399	0.0112
5.3100	0.0015	-0.0022	0.8094	0.0093
5.3105	0.0018	-0.0038	0.7825	0.0095
5.3110	0.0014	-0.0010	0.7447	0.0087
5.3115	0.0013	0.0015	0.7048	0.0129
5.3120	0.0012	-0.0003	0.6717	0.0125
5.3125	0.0015	-0.0068	0.6427	0.0104
5.3130	0.0014	0.0021	0.6071	0.0111
5.3135	0.0011	-0.0023	0.5654	0.0119
5.3140	0.0011	0.0035	0.5283	0.0059
5.3145	0.0011	0.0009	0.5041	0.0122
5.3150	0.0014	0.0024	0.4680	0.0133
5.3155	0.0014	-0.0023	0.4267	0.0032
5.3160	0.0012	-0.0033	0.3883	0.0134
5.3165	0.0012	-0.0004	0.3595	0.0068
5.3170	0.0013	0.0014	0.3291	0.0086
5.3175	0.0016	-0.0027	0.2876	0.0111
5.3180	0.0012	0.0005	0.2469	0.0117
5.3185	0.0011	-0.0038	0.2174	0.0092
5.3190	0.0012	-0.0007	0.1844	0.0057
5.3195	0.0013	0.0006	0.1473	0.0063
5.3200	0.0011	-0.0018	0.1053	0.0078
5.3205	0.0010	-0.0011	0.0721	0.0074
5.3210	0.0009	-0.0026	0.0408	0.0090
5.3215	0.0009	0.0035	0.0075	0.0087
5.3220	0.0011	-0.0026	-0.0184	0.0079
5.3225	0.0004	0.0014	-0.0358	0.0056
5.3230	0.0011	0.0002	-0.0706	0.0123
5.3235	0.0007	0.0020	-0.1410	0.0070
5.3240	0.0011	0.0023	-0.1961	0.0101
5.3245	0.0010	-0.0027	-0.2049	0.0089
5.3250	0.0008	-0.0048	-0.2112	0.0066
5.3255	0.0012	0.0006	-0.2672	0.0068
5.3260	0.0010	-0.0042	-0.3338	0.0026
5.3265	0.0009	-0.0013	-0.3478	0.0036
5.3270	0.0009	0.0033	-0.3492	0.0055
5.3275	0.0007	-0.0007	-0.4015	0.0073
5.3280	0.0008	-0.0012	-0.4692	0.0073
5.3285	0.0003	0.0014	-0.4932	0.0046
5.3290	0.0010	0.0004	-0.4914	0.0073
5.3295	0.0009	0.0023	-0.5312	0.0066
5.3300	0.0006	0.0019	-0.5884	0.0041
5.3305	0.0012	-0.0023	-0.6311	0.0031
5.3310	0.0008	0.0031	-0.6454	-0.0023
5.3315	0.0008	-0.0029	-0.6703	0.0049
5.3320	0.0004	-0.0005	-0.7269	0.0026
5.3325	0.0005	-0.0024	-0.7683	0.0058
5.3330	0.0009	0.0006	-0.7830	0.0016
5.3335	0.0006	-0.0055	-0.8059	-0.0043
5.3340	0.0006	0.0012	-0.8562	0.0049
5.3345	0.0006	0.0018	-0.9020	0.0041
5.3350	0.0007	0.0006	-0.9163	-0.0014
5.3355	0.0005	-0.0024	-0.9346	0.0094
5.3360	0.0005	-0.0005	-0.9844	0.0012
5.3365	0.0008	0.0030	-1.0356	0.0043
5.3370	0.0007	0.0001	-1.0535	0.0039
5.3375	0.0005	-0.0030	-1.0675	0.0009
5.3380	0.0005	0.0003	-1.1126	0.0059
5.3385	0.0009	0.0004	-1.1657	0.0059
5.3390	0.0005	0.0002	-1.1857	-0.0012
5.3395	0.0001	-0.0021	-1.1967	-0.0002
5.3400	0.0007	0.0028	-1.2334	-0.0056
5.3405	0.0004	-0.0028	-1.2899	0.0108
5.3410	0.0009	0.0012	-1.3157	0.0053
5.3415	0.0002	0.0025	-1.3209	-0.0002
5.3420	0.0006	-0.0018	-1.3568	0.0000
5.3425	0.0002	0.0023	-1.4091	0.0004
5.3430	0.0005	-0.0014	-1.4262	0.0022
5.3435	0.0003	-0.0005	-1.4221	0.0037
5.3440	0.0005	-0.0008	-1.4700	0.0077
5.3445	0.0002	-0.0017	-1.5331	-0.0013
5.3450	0.0004	-0.0013	-1.5576	0.0030
5.3455	0.0003	-0.0017	-1.5473	-0.0004
5.3460	0.0002	-0.0006	-1.5738	0.0029
5.3465	0.0002	0.0001	-1.6632	0.0058
5.3470	0.0003	0.0011	-1.6941	-0.0032
5.3475	-0.0000	0.0031	-1.6650	0.0031
5.3480	0.0007	-0.0029	-1.6857	0.0007
5.3485	0.0003	0.0008	-1.7656	0.0038
5.3490	0.0003	-0.0007	-1.8067	0.0011
5.3495	-0.0001	0.0012	-1.7846	0.0015
5.3500	0.0002	-0.0003	-1.7896	0.0000
5.3505	0.0006	-0.0019	-1.8611	0.0041
5.3510	-0.0003	-0.0039	-1.9142	-0.0025
5.3515	0.0005	-0.0002	-1.8967	0.0032
5.3520	-0.0001	0.0012	-1.8927	-0.0037
5.3525	0.0000	-0.0017	-1.9537	0.0014
5.3530	0.0008	-0.0003	-2.0130	0.0008
5.3535	0.0002	0.0006	-2.0065	-0.0026
5.3540	0.0001	-0.0017	-1.9938	-0.0073
5.3545	0.0001	0.0021	-2.0458	-0.0050
5.3550	0.0002	-0.0038	-2.1060	-0.0024
5.3555	0.0001	-0.0017	-2.1061	-0.0026
5.3560	0.0005	-0.0028	-2.0898	-0.0004
5.3565	-0.0000	-0.0013	-2.1308	0.0006
5.3570	0.0005	-0.0016	-2.1924	-0.0006
5.3575	0.0000	-0.0021	-2.2022	-0.0061
5.3580	0.0001	-0.0031	-2.1820	-0.0025
5.3585	-0.0002	-0.0014	-2.2130	0.0001
5.3590	0.0005	-0.0001	-2.2703	-0.0007
5.3595	0.0000	-0.0064	-2.2907	-0.0028
5.3600	0.0001	-0.0030	-2.2702	0.0004
5.3605	0.0001	-0.0002	-2.2869	-0.0045
5.3610	-0.0002	0.0006	-2.3452	-0.0043
5.3615	0.0001	-0.0044	-2.3686	0.0006
5.3620	-0.0004	0.0015	-2.3513	-0.0048
5.3625	-0.0002	0.0004	-2.3596	-0.0063
5.3630	0.0001	0.0024	-2.4124	-0.0069
5.3635	-0.0001	-0.0029	-2.4440	-0.0069
5.3640	-0.0002	-0.0035	-2.4262	-0.0046
5.3645	0.0001	-0.0003	-2.4301	-0.0024
5.3650	0.0001	-0.0041	-2.4753	-0.0016
5.3655	0.0001	0.0017	-2.5079	-0.0019
5.3660	-0.0002	-0.0029	-2.4964	-0.0088
5.3665	-0.0003	0.0008	-2.4936	-0.0013
5.3670	-0.0001	-0.0047	-2.5303	-0.0057
5.3675	0.0000	-0.0003	-2.5691	-0.0021
5.3680	0.0001	-0.0047	-2.5601	0.0031
5.3685	-0.0002	-0.0031	-2.5484	-0.0017
5.3690	-0.0000	-0.0038	-2.5823	-0.0069
5.3695	-0.0002	-0.0041	-2.6178	-0.0047
5.3700	-0.0002	0.0015	-2.6129	-0.0032
5.3705	-0.0002	-0.0019	-2.5981	-0.0113
5.3710	-0.0001	-0.0014	-2.6189	-0.0001
5.3715	-0.0004	-0.0021	-2.6605	-0.0056
5.3720	-0.0005	-0.0003	-2.6618	-0.0057
5.3725	-0.0004	-0.0010	-2.6414	-0.0006
5.3730	0.0000	-0.0042	-2.6564	-0.0093
5.3735	-0.0002	0.0001	-2.6927	-0.0022
5.3740	-0.0003	-0.0021	-2.7023	-0.0073
5.3745	-0.0004	-0.0015	-2.6791	-0.0072
5.3750	-0.0006	-0.0008	-2.6789	0.0009
5.3755	-0.0005	-0.0012	-2.7184	-0.0094
5.3760	-0.0005	-0.0005	-2.7312	-0.0030
5.3765	-0.0009	0.0015	-2.7122	-0.0046
5.3770	-0.0004	-0.0017	-2.7040	-0.0065
5.3775	-0.0004	0.0011	-2.7364	-0.0077
5.3780	-0.0005	-0.0010	-2.7559	-0.0064
5.3785	-0.0001	-0.0023	-2.7342	-0.0075
5.3790	-0.0006	-0.0020	-2.7223	-0.0063
5.3795	-0.0006	0.0005	-2.7465	0.0016
5.3800	-0.0009	-0.0014	-2.7679	-0.0068
5.3805	-0.0005	-0.0021	-2.7498	-0.0069
5.3810	-0.0004	0.0016	-2.7316	-0.0068
5.3815	-0.0009	-0.0005	-2.7500	-0.0031
5.3820	-0.0004	-0.0040	-2.7741	-0.0066
5.3825	-0.0011	-0.0051	-2.7588	-0.0042
5.3830	-0.0003	-0.0031	-2.7382	-0.0063
5.3835	-0.0005	-0.0017	-2.7494	-0.0096
5.3840	-0.0002	0.0024	-2.7700	-0.0111
5.3845	-0.0005	-0.0006	-2.7626	-0.0092
5.3850	-0.0005	-0.0039	-2.7375	-0.0099
5.3855	-0.0007	0.0008	-2.7408	-0.0113
5.3860	-0.0006	-0.0035	-2.7574	-0.0077
5.3865	-0.0006	-0.0015	-2.7532	-0.0086
5.3870	-0.0006	0.0007	-2.7281	-0.0037
5.3875	-0.0002	0.0033	-2.7234	-0.0090
5.3880	-0.0002	-0.0000	-2.7392	-0.0079
5.3885	-0.0008	0.0023	-2.7374	-0.0055
5.3890	-0.0005	-0.0012	-2.7134	-0.0089
5.3895	-0.0004	-0.0053	-2.6794	-0.0154
5.3900	-0.0012	0.0010	-2.6576	-0.0068
5.3905	-0.0008	-0.0004	-2.6495	-0.0073
5.3910	-0.0006	-0.0001	-2.6281	-0.0098
5.3915	-0.0006	-0.0020	-2.6211	-0.0099
5.3920	-0.0007	-0.0040	-2.6200	-0.0037
5.3925	-0.0006	-0.0005	-2.6124	-0.0076
5.3930	-0.0011	-0.0037	-2.5989	-0.0093
5.3935	-0.0005	0.0019	-2.5915	-0.0026
5.3940	-0.0010	-0.0011	-2.5922	-0.0052
5.3945	-0.0001	-0.0023	-2.5894	-0.0116
5.3950	-0.0007	-0.0038	-2.5704	-0.0093
5.3955	-0.0006	-0.0015	-2.5543	-0.0108
5.3960	-0.0001	-0.0015	-2.5506	-0.0126
5.3965	-0.0006	0.0001	-2.5501	-0.0115
5.3970	-0.0007	-0.0005	-2.5333	-0.0074
5.3975	-0.0008	0.0004	-2.5108	-0.0107
5.3980	-0.0003	0.0010	-2.5048	-0.0027
5.3985	-0.0008	0.0010	-2.5006	-0.0068
5.3990	-0.0003	-0.0023	-2.4878	-0.0128
5.3995	-0.0005	0.0014	-2.4670	-0.0085
5.4000	-0.0005	-0.0026	-2.4534	-0.0086
5.4005	-0.0008	-0.0023	-2.4492	-0.0113
5.4010	-0.0009	0.0015	-2.4354	-0.0100
5.4015	-0.0008	-0.0048	-2.4095	-0.0085
5.4020	-0.0008	-0.0007	-2.3958	-0.0071
5.4025	-0.0005	-0.0005	-2.3891	-0.0080
5.4030	-0.0007	-0.0007	-2.3772	-0.0043
5.4035	-0.0008	-0.0004	-2.3536	-0.0107
5.4040	-0.0004	-0.0031	-2.3309	-0.0015
5.4045	-0.0005	0.0026	-2.3208	-0.0065
5.4050	-0.0005	-0.0026	-2.3113	-0.0086
5.4055	-0.0002	0.0022	-2.2826	-0.0115
5.4060	-0.0008	-0.0032	-2.2625	-0.0080
5.4065	-0.0003	-0.0036	-2.2495	-0.0079
5.4070	-0.0008	-0.0044	-2.2377	-0.0085
5.4075	-0.0007	-0.0021	-2.2114	-0.0001
5.4080	-0.0006	-0.0014	-2.1820	-0.0079
5.4085	-0.0005	0.0014	-2.1696	-0.0067
5.4090	-0.0007	0.0006	-2.1573	-0.0087
5.4095	-0.0008	-0.0005	-2.1303	-0.0065
5.4100	-0.0003	-0.0018	-2.1013	-0.0040
5.4105	-0.0003	0.0028	-2.0833	-0.0088
5.4110	-0.0004	-0.0023	-2.0709	-0.0089
5.4115	-0.0003	-0.0005	-2.0444	-0.0080
5.4120	-0.0002	-0.0025	-2.0135	-0.0053
5.4125	-0.0004	-0.0017	-1.9940	-0.0072
5.4130	-0.0003	-0.0022	-1.9801	-0.0093
5.4135	-0.0002	-0.0011	-1.9545	-0.0036
5.4140	-0.0005	-0.0006	-1.9221	-0.0103
5.4145	-0.0002	-0.0042	-1.8990	-0.0087
5.4150	-0.0006	-0.0022	-1.8833	-0.0094
5.4155	-0.0002	0.0012	-1.8585	-0.0084
5.4160	-0.0001	0.0009	-1.8256	-0.0013
5.4165	-0.0001	-0.0011	-1.7982	-0.0035
5.4170	-0.0001	0.0009	-1.7805	-0.0035
5.4175	-0.0005	0.0007	-1.7554	-0.0136
5.4180	-0.0002	0.0003	-1.7225	-0.0012
5.4185	0.0001	0.0015	-1.6933	-0.0032
5.4190	-0.0001	-0.0023	-1.6724	-0.0069
5.4195	-0.0001	0.0027	-1.6513	-0.0087
5.4200	-0.0000	-0.0000	-1.6187	-0.0088
5.4205	-0.0000	0.0028	-1.5853	-0.0042
5.4210	-0.0005	-0.0038	-1.5591	-0.0085
5.4215	-0.0005	0.0004	-1.5390	-0.0012
5.4220	-0.0001	-0.0017	-1.5047	-0.0011
5.4225	0.0001	-0.0027	-1.4735	-0.0054
5.4230	-0.0000	0.0015	-1.4472	-0.0027
5.4235	-0.0005	0.0022	-1.4220	-0.0062
5.4240	-0.0002	-0.0016	-1.3921	-0.0031
5.4245	-0.0003	-0.0022	-1.3558	-0.0038
5.4250	-0.0002	0.0008	-1.3262	-0.0045
5.4255	-0.0000	0.0035	-1.2992	-0.0046
5.4260	-0.0001	0.0010	-1.2727	-0.0021
5.4265	-0.0002	-0.0008	-1.2351	-0.0062
5.4270	-0.0001	0.0035	-1.2042	-0.0014
5.4275	-0.0002	0.0017	-1.1760	-0.0015
5.4280	-0.0001	0.0024	-1.1488	-0.0059
5.4285	0.0003	0.0005	-1.1105	-0.0033
5.4290	-0.0003	-0.0023	-1.0803	-0.0092
5.4295	0.0002	-0.0050	-1.0490	0.0010
5.4300	-0.0003	0.0020	-1.0182	-0.0001
5.4305	0.0006	-0.0024	-0.9837	-0.0007
5.4310	-0.0002	0.0004	-0.9489	-0.0006
5.4315	-0.0002	-0.0002	-0.9232	-0.0034
5.4320	-0.0000	-0.0011	-0.8900	0.0004
5.4325	-0.0004	0.0011	-0.8551	-0.0015
5.4330	0.0001	-0.0031	-0.8173	0.0026
5.4335	0.0005	0.0015	-0.7882	-0.0032
5.4340	-0.0001	-0.0034	-0.7595	-0.0050
5.4345	0.0004	0.0004	-0.7219	-0.0022
5.4350	0.0000	-0.0034	-0.6855	0.0022
5.4355	0.0001	0.0057	-0.6572	0.0005
5.4360	0.0001	-0.0022	-0.6236	0.0005
5.4365	0.0001	-0.0016	-0.5879	-0.0012
5.4370	0.0001	-0.0005	-0.5527	-0.0009
5.4375	-0.0003	-0.0004	-0.5183	0.0079
5.4380	0.0003	-0.0023	-0.4893	-0.0036
5.4385	-0.0000	0.0041	-0.4546	0.0090
5.4390	0.0002	0.0007	-0.4183	0.0043
5.4395	0.0004	-0.0009	-0.3835	0.0045
5.4400	-0.0001	-0.0028	-0.3527	0.0010
5.4405	0.0001	-0.0023	-0.3164	-0.0074
5.4410	0.0003	-0.0020	-0.2817	-0.0020
5.4415	0.0004	0.0009	-0.2489	0.0040
5.4420	0.0001	-0.0032	-0.2159	0.0058
5.4425	0.0003	-0.0002	-0.1818	0.0042
5.4430	0.0003	-0.0005	-0.1471	-0.0011
5.4435	0.0001	-0.0005	-0.1121	0.0001
5.4440	0.0005	0.0023	-0.0755	0.0076
5.4445	0.0003	-0.0031	-0.0459	0.0043
5.4450	0.0002	-0.0006	-0.0125	0.0059
5.4455	0.0005	0.0001	0.0129	0.0015
5.4460	0.0004	-0.0038	0.0362	0.0061
5.4465	-0.0002	-0.0029	0.0814	0.0048
5.4470	0.0005	0.0006	0.1337	0.0037
5.4475	0.0006	0.0027	0.1572	0.0101
5.4480	0.0002	0.0009	0.1759	0.0025
5.4485	0.0005	-0.0035	0.2209	-0.0055
5.4490	0.0003	0.0015	0.2696	0.0036
5.4495	0.0005	-0.0005	0.2925	0.0009
5.4500	0.0004	-0.0017	0.3117	0.0052
5.4505	0.0009	-0.0005	0.3519	0.0039
5.4510	0.0004	0.0026	0.3994	0.0043
5.4515	0.0004	-0.0031	0.4311	-0.0024
5.4520	0.0006	0.0011	0.4505	0.0051
5.4525	0.0002	-0.0039	0.4872	0.0067
5.4530	0.0009	0.0006	0.5319	0.0072
5.4535	0.0008	0.0005	0.5632	0.0086
5.4540	0.0008	-0.0059	0.5860	-0.0012
5.4545	0.0006	0.0016	0.6179	0.0071
5.4550	0.0008	-0.0008	0.6643	0.0029
5.4555	0.0009	-0.0018	0.6963	0.0088
5.4560	0.0005	0.0015	0.7173	0.0018
5.4565	0.0007	-0.0005	0.7485	0.0066
5.4570	0.0003	-0.0035	0.7917	0.0057
5.4575	0.0007	-0.0009	0.8274	0.0059
5.4580	0.0006	-0.0039	0.8474	0.0105
5.4585	0.0009	-0.0013	0.8767	0.0061
5.4590	0.0009	-0.0001	0.9158	0.0078
5.4595	0.0008	0.0015	0.9549	0.0059
5.4600	0.0009	0.0006	0.9756	0.0086
5.4605	0.0009	0.0019	1.0006	0.0102
5.4610	0.0005	-0.0037	1.0424	0.0048
5.4615	0.0009	0.0045	1.0780	0.0110
5.4620	0.0006	-0.0061	1.1037	0.0049
5.4625	0.0009	0.0015	1.1247	0.0095
5.4630	0.0006	-0.0057	1.1592	0.0113
5.4635	0.0008	-0.0014	1.2012	0.0063
5.4640	0.0006	-0.0050	1.2245	0.0068
5.4645	0.0009	0.0004	1.2477	0.0103
5.4650	0.0006	-0.0034	1.2741	0.0124
5.4655	0.0007	-0.0024	1.3008	0.0056
5.4660	0.0011	0.0035	1.3377	0.0082
5.4665	0.0008	0.0022	1.3728	0.0086
5.4670	0.0014	-0.0002	1.3721	0.0091
5.4675	0.0012	-0.0011	1.3733	0.0042
5.4680	0.0009	-0.0020	1.4626	0.0017
5.4685	0.0011	0.0042	1.4996	0.0121
5.4690	0.0009	0.0039	1.4931	0.0139
5.4695	0.0012	-0.0042	1.5180	0.0067
5.4700	0.0014	0.0039	1.5704	0.0063
5.4705	0.0011	0.0010	1.6049	0.0105
5.4710	0.0014	-0.0019	1.6067	0.0029
5.4715	0.0012	-0.0017	1.6241	0.0056
5.4720	0.0013	-0.0019	1.6739	0.0039
5.4725	0.0015	-0.0028	1.7132	0.0149
5.4730	0.0013	-0.0013	1.7187	0.0069
5.4735	0.0015	0.0021	1.7289	0.0136
5.4740	0.0009	-0.0026	1.7749	0.0113
5.4745	0.0012	0.0020	1.8161	0.0121
5.4750	0.0013	-0.0014	1.8234	0.0171
5.4755	0.0014	0.0012	1.8303	0.0114
5.4760	0.0013	-0.0032	1.8711	0.0122
5.4765	0.0017	0.0003	1.9154	0.0049
5.4770	0.0012	0.0019	1.9275	0.0136
5.4775	0.0011	0.0012	1.9295	0.0066
5.4780	0.0015	-0.0000	1.9599	0.0120
5.4785	0.0013	-0.0019	2.0057	0.0059
5.4790	0.0016	-0.0041	2.0226	0.0151
5.4795	0.0013	-0.0002	2.0233	0.0121
5.4800	0.0016	-0.0004	2.0495	0.0086
5.4805	0.0010	-0.0017	2.0943	0.0117
5.4810	0.0010	-0.0003	2.1116	0.0114
5.4815	0.0015	0.0017	2.1107	0.0091
5.4820	0.0014	-0.0018	2.1317	0.0100
5.4825	0.0016	0.0011	2.1713	0.0184
5.4830	0.0020	0.0007	2.1946	0.0181
5.4835	0.0015	0.0012	2.1919	0.0114
5.4840	0.0018	-0.0048	2.2095	0.0104
5.4845	0.0015	0.0006	2.2469	0.0134
5.4850	0.0010	0.0001	2.2717	0.0118
5.4855	0.0015	0.0043	2.2707	0.0153
5.4860	0.0013	-0.0011	2.2832	0.0173
5.4865	0.0016	0.0010	2.3205	0.0148
5.4870	0.0018	-0.0032	2.3442	0.0110
5.4875	0.0014	0.0027	2.3435	0.0120
5.4880	0.0017	-0.0008	2.3470	0.0119
5.4885	0.0017	0.0050	2.3843	0.0112
5.4890	0.0011	-0.0011	2.4109	0.0170
5.4895	0.0014	-0.0003	2.4105	0.0132
5.4900	0.0019	-0.0004	2.4130	0.0141
5.4905	0.0014	0.0007	2.4423	0.0157
5.4910	0.0019	0.0006	2.4713	0.0141
5.4915	0.0015	0.0018	2.4725	0.0173
5.4920	0.0016	-0.0022	2.4701	0.0087
5.4925	0.0018	0.0026	2.4964	0.0197
5.4930	0.0016	-0.0001	2.5238	0.0124
5.4935	0.0020	-0.0028	2.5254	0.0155
5.4940	0.0016	-0.0009	2.5209	0.0112
5.4945	0.0018	0.0024	2.5403	0.0200
5.4950	0.0018	0.0027	2.5688	0.0238
5.4955	0.0017	-0.0017	2.5738	0.0173
5.4960	0.0018	-0.0035	2.5685	0.0195
5.4965	0.0020	0.0004	2.5807	0.0153
5.4970	0.0015	0.0013	2.6003	0.0183
5.4975	0.0017	0.0031	2.6110	0.0159
5.4980	0.0017	0.0022	2.6054	0.0172
5.4985	0.0021	-0.0010	2.6109	0.0184
5.4990	0.0018	0.0042	2.6319	0.0120
5.4995	0.0021	0.0027	2.6427	0.0196
5.5000	0.0018	0.0008	2.6378	0.0191
5.5005	0.0019	-0.0014	2.6366	0.0124
5.5010	0.0017	-0.0016	2.6574	0.0146
5.5015	0.0017	-0.0014	2.6659	0.0170
5.5020	0.0021	-0.0019	2.6606	0.0083
5.5025	0.0018	-0.0020	2.6572	0.0190
5.5030	0.0019	-0.0020	2.6718	0.0093
5.5035	0.0020	0.0033	2.6846	0.0146
5.5040	0.0015	0.0002	2.6746	0.0196
5.5045	0.0016	0.0002	2.6675	0.0101
5.5050	0.0018	-0.0002	2.6831	0.0207
5.5055	0.0023	-0.0015	2.6922	0.0226
5.5060	0.0020	-0.0038	2.6848	0.0107
5.5065	0.0019	-0.0019	2.6759	0.0205
5.5070	0.0018	-0.0007	2.6841	0.0148
5.5075	0.0020	-0.0010	2.6931	0.0176
5.5080	0.0022	0.0010	2.6859	0.0176
5.5085	0.0021	0.0010	2.6730	0.0138
5.5090	0.0020	-0.0034	2.6770	0.0155
5.5095	0.0020	0.0004	2.6876	0.0217
5.5100	0.0022	-0.0017	2.6835	0.0166
5.5105	0.0022	-0.0009	2.6696	0.0159
5.5110	0.0019	-0.0005	2.6640	0.0200
5.5115	0.0019	0.0005	2.6723	0.0208
5.5120	0.0017	-0.0006	2.6689	0.0208
5.5125	0.0015	-0.0008	2.6558	0.0193
5.5130	0.0023	-0.0041	2.6498	0.0157
5.5135	0.0019	-0.0015	2.6530	0.0163
5.5140	0.0025	-0.0007	2.6498	0.0215
5.5145	0.0019	0.0006	2.6353	0.0118
5.5150	0.0016	-0.0030	2.6243	0.0184
5.5155	0.0021	0.0008	2.6237	0.0162
5.5160	0.0023	-0.0015	2.6269	0.0148
5.5165	0.0017	-0.0012	2.6079	0.0159
5.5170	0.0020	0.0035	2.5938	0.0150
5.5175	0.0019	-0.0005	2.5943	0.0169
5.5180	0.0019	0.0044	2.5941	0.0183
5.5185	0.0021	-0.0047	2.5775	0.0244
5.5190	0.0021	-0.0029	2.5549	0.0182
5.5195	0.0021	0.0032	2.5508	0.0165
5.5200	0.0021	-0.0012	2.5512	0.0219
5.5205	0.0018	-0.0043	2.5341	0.0185
5.5210	0.0017	0.0004	2.5119	0.0173
5.5215	0.0016	0.0023	2.5029	0.0187
5.5220	0.0017	-0.0015	2.5017	0.0129
5.5225	0.0023	-0.0050	2.4846	0.0153
5.5230	0.0020	-0.0017	2.4594	0.0125
5.5235	0.0022	0.0006	2.4488	0.0172
5.5240	0.0023	0.0011	2.4450	0.0215
5.5245	0.0022	-0.0041	2.4290	0.0185
5.5250	0.0017	0.0007	2.4011	0.0181
5.5255	0.0016	-0.0017	2.3837	0.0165
5.5260	0.0019	-0.0010	2.3826	0.0145
5.5265	0.0017	-0.0014	2.3659	0.0138
5.5270	0.0025	-0.0029	2.3389	0.0176
5.5275	0.0021	-0.0007	2.3162	0.0239
5.5280	0.0016	-0.0015	2.3117	0.0161
5.5285	0.0016	-0.0022	2.2970	0.0186
5.5290	0.0019	-0.0000	2.2666	0.0195
5.5295	0.0016	0.0012	2.2429	0.0154
5.5300	0.0019	-0.0023	2.2340	0.0155
5.5305	0.0017	-0.0018	2.2203	0.0194
5.5310	0.0019	0.0006	2.1911	0.0146
5.5315	0.0021	-0.0008	2.1631	0.0193
5.5320	0.0022	-0.0010	2.1518	0.0212
5.5325	0.0018	0.0006	2.1410	0.0192
5.5330	0.0017	-0.0003	2.1110	0.0164
5.5335	0.0016	0.0002	2.0832	0.0166
5.5340	0.0017	-0.0019	2.0647	0.0191
5.5345	0.0016	-0.0009	2.0537	0.0141
5.5350	0.0015	0.0048	2.0262	0.0139
5.5355	0.0016	0.0005	1.9932	0.0165
5.5360	0.0018	0.0014	1.9765	0.0139
5.5365	0.0019	0.0002	1.9618	0.0179
5.5370	0.0017	-0.0011	1.9337	0.0124
5.5375	0.0019	0.0026	1.8984	0.0173
5.5380	0.0018	0.0027	1.8779	0.0155
5.5385	0.0015	-0.0019	1.8614	0.0159
5.5390	0.0019	0.0003	1.8378	0.0135
5.5395	0.0013	0.0001	1.8016	0.0167
5.5400	0.0013	0.0008	1.7773	0.0197
5.5405	0.0016	-0.0047	1.7590	0.0077
5.5410	0.0016	0.0008	1.7367	0.0175
5.5415	0.0015	0.0005	1.6941	0.0150
5.5420	0.0012	0.0029	1.6685	0.0202
5.5425	0.0017	-0.0024	1.6514	0.0140
5.5430	0.0016	0.0018	1.6284	0.0138
5.5435	0.0017	0.0033	1.5886	0.0154
5.5440	0.0018	-0.0027	1.5568	0.0154
5.5445	0.0019	-0.0026	1.5401	0.0173
5.5450	0.0018	-0.0000	1.5177	0.0141
5.5455	0.0019	0.0009	1.4793	0.0078
5.5460	0.0017	0.0004	1.4389	0.0150
5.5465	0.0017	-0.0008	1.4225	0.0160
5.5470	0.0017	0.0034	1.4021	0.0146
5.5475	0.0014	-0.0011	1.3615	0.0126
5.5480	0.0016	-0.0008	1.3238	0.0145
5.5485	0.0013	0.0017	1.3017	0.0152
5.5490	0.0017	-0.0015	1.2798	0.0094
5.5495	0.0017	-0.0000	1.2446	0.0164
5.5500	0.0016	0.0020	1.2012	0.0138
5.5505	0.0021	-0.0009	1.1786	0.0183
5.5510	0.0014	-0.0016	1.1560	0.0069
5.5515	0.0011	0.0033	1.1216	0.0122
5.5520	0.0013	-0.0013	1.0820	0.0079
5.5525	0.0018	0.0001	1.0535	0.0057
5.5530	0.0015	0.0002	1.0309	0.0145
5.5535	0.0015	-0.0017	0.9956	0.0060
5.5540	0.0015	0.0026	0.9551	0.0107
5.5545	0.0013	-0.0014	0.9252	0.0049
5.5550	0.0015	-0.0006	0.9015	0.0145
5.5555	0.0012	0.0016	0.8666	0.0094
5.5560	0.0013	-0.0032	0.8286	0.0093
5.5565	0.0012	-0.0008	0.7929	0.0093
5.5570	0.0011	-0.0017	0.7681	0.0100
5.5575	0.0015	0.0012	0.7385	0.0078
5.5580	0.0013	0.0006	0.7003	0.0128
5.5585	0.0011	0.0005	0.6619	0.0093
5.5590	0.0011	-0.0000	0.6345	0.0166
5.5595	0.0013	-0.0020	0.6064	0.0113
5.5600	0.0011	0.0019	0.5689	0.0128
5.5605	0.0013	0.0001	0.5280	0.0150
5.5610	0.0014	-0.0018	0.4981	0.0053
5.5615	0.0014	0.0033	0.4699	0.0090
5.5620	0.0010	0.0041	0.4325	0.0047
5.5625	0.0008	-0.0021	0.3932	0.0120
5.5630	0.0009	-0.0038	0.3627	0.0082
5.5635	0.0009	-0.0032	0.3347	0.0092
5.5640	0.0009	-0.0011	0.2990	0.0087
5.5645	0.0011	0.0004	0.2599	0.0055
5.5650	0.0011	-0.0029	0.2251	0.0134
5.5655	0.0008	-0.0007	0.1965	0.0107
5.5660	0.0011	-0.0011	0.1623	0.0051
5.5665	0.0011	0.0001	0.1224	0.0099
5.5670	0.0013	-0.0023	0.0883	0.0056
5.5675	0.0010	-0.0014	0.0575	0.0074
5.5680	0.0013	0.0027	0.0273	0.0083
5.5685	0.0011	-0.0015	-0.0051	0.0068
5.5690	0.0010	0.0006	-0.0246	0.0056
5.5695	0.0010	-0.0021	-0.0435	0.0055
5.5700	0.0009	-0.0004	-0.0929	0.0051
5.5705	0.0010	-0.0050	-0.1604	0.0039
5.5710	0.0005	-0.0007	-0.1987	0.0086
5.5715	0.0010	-0.0001	-0.1978	0.0063
5.5720	0.0013	0.0008	-0.2195	0.0047
5.5725	0.0011	-0.0003	-0.2847	0.0119
5.5730	0.0008	-0.0035	-0.3319	0.0057
5.5735	0.0004	-0.0017	-0.3351	0.0112
5.5740	0.0009	0.0017	-0.3491	0.0184
5.5745	0.0006	-0.0017	-0.4093	0.0050
5.5750	0.0008	-0.0001	-0.4649	0.0059
5.5755	0.0009	-0.0023	-0.4718	0.0082
5.5760	0.0009	0.0004	-0.4793	0.0065
5.5765	0.0010	0.0032	-0.5337	0.0043
5.5770	0.0007	-0.0006	-0.5833	0.0055
5.5775	0.0008	0.0022	-0.6046	0.0110
5.5780	0.0007	0.0004	-0.6222	0.0065
5.5785	0.0005	-0.0017	-0.6656	0.0071
5.5790	0.0005	-0.0028	-0.7128	0.0038
5.5795	0.0004	0.0012	-0.7374	0.0059
5.5800	0.0006	-0.0025	-0.7538	0.0100
5.5805	0.0009	-0.0002	-0.7892	0.0058
5.5810	0.0007	-0.0020	-0.8397	0.0036
5.5815	0.0004	-0.0014	-0.8691	0.0004
5.5820	0.0007	-0.0010	-0.8828	-0.0028
5.5825	0.0007	0.0009	-0.9131	0.0019
5.5830	0.0006	0.0003	-0.9666	0.0061
5.5835	0.0005	-0.0012	-1.0015	0.0020
5.5840	0.0008	0.0021	-1.0121	0.0018
5.5845	0.0007	-0.0020	-1.0381	0.0030
5.5850	0.0006	0.0013	-1.0881	0.0076
5.5855	0.0006	-0.0032	-1.1252	0.0036
5.5860	0.0004	-0.0002	-1.1387	0.0011
5.5865	0.0005	0.0002	-1.1602	0.0062
5.5870	0.0005	-0.0017	-1.2064	0.0037
5.5875	0.0004	-0.0018	-1.2469	0.0070
5.5880	0.0005	-0.0007	-1.2606	0.0019
5.5885	0.0004	-0.0035	-1.2771	0.0005
5.5890	0.0003	-0.0012	-1.3220	0.0045
5.5895	0.0005	-0.0003	-1.3689	0.0099
5.5900	0.0005	-0.0036	-1.3759	0.0024
5.5905	0.0003	0.0024	-1.3733	0.0018
5.5910	0.0002	-0.0041	-1.4176	0.0065
5.5915	0.0007	0.0001	-1.4806	0.0034
5.5920	0.0005	-0.0017	-1.4934	0.0074
5.5925	0.0001	-0.0041	-1.4980	0.0011
5.5930	0.0000	-0.0005	-1.5230	0.0027
5.5935	0.0004	-0.0006	-1.5897	0.0006
5.5940	0.0004	0.0010	-1.6349	0.0037
5.5945	0.0001	0.0014	-1.6235	0.0055
5.5950	-0.0001	-0.0026	-1.6257	-0.0012
5.5955	0.0000	-0.0020	-1.6860	-0.0002
5.5960	0.0001	-0.0015	-1.7365	-0.0038
5.5965	0.0000	-0.0050	-1.7309	0.0042
5.5970	0.0003	0.0024	-1.7301	0.0060
5.5975	0.0002	-0.0026	-1.7841	0.0028
5.5980	0.0005	0.0020	-1.8374	0.0060
5.5985	0.0004	0.0001	-1.8372	-0.0050
5.5990	0.0003	-0.0019	-1.8276	0.0053
5.5995	0.0002	-0.0017	-1.8739	0.0055
5.6000	0.0003	-0.0042	-1.9317	0.0000
5.6005	0.0003	0.0015	-1.9382	-0.0040
5.6010	0.0002	-0.0004	-1.9269	0.0009
5.6015	0.0003	0.0027	-1.9608	0.0006
5.6020	-0.0001	-0.0033	-2.0179	0.0000
5.6025	-0.0005	-0.0002	-2.0303	-0.0024
5.6030	0.0003	-0.0029	-2.0207	0.0001
5.6035	0.0004	-0.0009	-2.0450	0.0056
5.6040	0.0003	-0.0005	-2.1021	-0.0015
5.6045	-0.0002	-0.0023	-2.1199	0.0015
5.6050	0.0003	-0.0009	-2.1049	-0.0024
5.6055	-0.0001	-0.0044	-2.1208	-0.0015
5.6060	0.0004	-0.0010	-2.1761	-0.0041
5.6065	0.0000	0.0009	-2.2052	-0.0062
5.6070	0.0000	0.0001	-2.1900	0.0049
5.6075	-0.0000	-0.0008	-2.1981	0.0003
5.6080	-0.0003	0.0028	-2.2492	-0.0005
5.6085	0.0000	-0.0011	-2.2803	-0.0073
5.6090	-0.0005	0.0014	-2.2681	-0.0002
5.6095	0.0003	-0.0012	-2.2650	0.0037
5.6100	-0.0001	0.0007	-2.3116	0.0006
5.6105	-0.0002	-0.0022	-2.3508	-0.0017
5.6110	0.0001	-0.0024	-2.3412	-0.0036
5.6115	0.0000	-0.0027	-2.3336	-0.0099
5.6120	-0.0001	-0.0015	-2.3678	0.0000
5.6125	-0.0003	-0.0026	-2.4119	-0.0095
5.6130	-0.0001	-0.0026	-2.4068	0.0005
5.6135	0.0003	0.0001	-2.3952	-0.0067
5.6140	-0.0004	0.0012	-2.4223	-0.0035
5.6145	0.0001	-0.0041	-2.4661	0.0014
5.6150	-0.0000	0.0024	-2.4677	-0.0041
5.6155	-0.0003	-0.0011	-2.4503	0.0007
5.6160	-0.0003	-0.0009	-2.4672	-0.0030
5.6165	-0.0001	-0.0026	-2.5102	-0.0021
5.6170	0.0001	0.0006	-2.5164	0.0018
5.6175	-0.0002	0.0038	-2.4981	-0.0020
5.6180	0.0000	-0.0029	-2.5036	-0.0036
5.6185	-0.0004	-0.0020	-2.5486	-0.0030
5.6190	-0.0002	0.0010	-2.5614	-0.0057
5.6195	-0.0006	-0.0003	-2.5396	-0.0080
5.6200	-0.0005	-0.0021	-2.5393	-0.0045
5.6205	0.0000	-0.0023	-2.5784	-0.0071
5.6210	-0.0003	-0.0014	-2.5982	-0.0046
5.6215	-0.0003	-0.0020	-2.5755	-0.0084
5.6220	0.0001	-0.0038	-2.5646	-0.0015
5.6225	-0.0001	-0.0011	-2.6004	-0.0027
5.6230	-0.0005	0.0006	-2.6246	-0.0076
5.6235	0.0002	-0.0004	-2.6034	-0.0055
5.6240	-0.0008	-0.0015	-2.5907	-0.0041
5.6245	-0.0007	-0.0005	-2.6147	0.0001
5.6250	-0.0002	-0.0018	-2.6410	-0.0023
5.6255	-0.0001	0.0011	-2.6277	-0.0022
5.6260	-0.0004	-0.0034	-2.6071	-0.0046
5.6265	-0.0003	-0.0002	-2.6238	-0.0035
5.6270	-0.0003	0.0006	-2.6495	-0.0056
5.6275	-0.0000	-0.0010	-2.6412	-0.0020
5.6280	-0.0006	-0.0014	-2.6194	-0.0097
5.6285	-0.0001	0.0018	-2.6285	-0.0066
5.6290	-0.0004	-0.0002	-2.6529	-0.0076
5.6295	-0.0001	-0.0015	-2.6526	-0.0087
5.6300	-0.0004	0.0044	-2.6280	-0.0124
5.6305	-0.0004	-0.0009	-2.6254	-0.0092
5.6310	-0.0004	-0.0014	-2.6517	-0.0064
5.6315	-0.0009	0.0011	-2.6530	-0.0103
5.6320	-0.0005	-0.0035	-2.6287	-0.0067
5.6325	-0.0005	0.0017	-2.6193	-0.0102
5.6330	-0.0002	0.0020	-2.6376	-0.0061
5.6335	-0.0003	0.0013	-2.6440	-0.0014
5.6340	-0.0003	0.0009	-2.6211	-0.0062
5.6345	-0.0006	-0.0003	-2.6008	-0.0152
5.6350	-0.0002	-0.0029	-2.6168	-0.0067
5.6355	-0.0004	0.0004	-2.6278	-0.0038
5.6360	-0.0006	0.0027	-2.6078	-0.0072
5.6365	-0.0003	-0.0019	-2.5725	-0.0057
5.6370	-0.0006	-0.0011	-2.5495	-0.0037
5.6375	-0.0005	0.0005	-2.5398	-0.0043
5.6380	-0.0004	-0.0009	-2.5228	-0.0064
5.6385	-0.0002	-0.0025	-2.5062	-0.0051
5.6390	-0.0002	0.0014	-2.5009	-0.0075
5.6395	-0.0003	-0.0002	-2.5007	-0.0072
5.6400	-0.0004	-0.0018	-2.4932	-0.0083
5.6405	-0.0007	-0.0019	-2.4820	-0.0098
5.6410	-0.0006	-0.0032	-2.4694	-0.0053
5.6415	-0.0009	-0.0006	-2.4712	-0.0094
5.6420	-0.0001	-0.0017	-2.4647	-0.0064
5.6425	-0.0005	-0.0023	-2.4459	-0.0034
5.6430	-0.0007	-0.0020	-2.4331	-0.0074
5.6435	-0.0004	0.0018	-2.4311	-0.0020
5.6440	-0.0006	-0.0009	-2.4246	-0.0066
5.6445	-0.0005	0.0008	-2.4050	-0.0065
5.6450	-0.0005	0.0002	-2.3912	-0.0041
5.6455	-0.0003	-0.0018	-2.3850	-0.0074
5.6460	-0.0006	-0.0012	-2.3780	-0.0054
5.6465	-0.0007	-0.0016	-2.3604	-0.0116
5.6470	-0.0004	-0.0038	-2.3416	-0.0102
5.6475	-0.0005	-0.0013	-2.3335	-0.0024
5.6480	-0.0004	0.0015	-2.3277	-0.0026
5.6485	-0.0006	-0.0063	-2.3079	-0.0074
5.6490	-0.0009	0.0021	-2.2874	-0.0025
5.6495	-0.0008	-0.0039	-2.2745	-0.0034
5.6500	-0.0006	-0.0029	-2.2680	0.0008
5.6505	-0.0005	0.0011	-2.2492	-0.0073
5.6510	-0.0004	0.0025	-2.2264	-0.0083
5.6515	-0.0009	-0.0036	-2.2105	-0.0085
5.6520	-0.0003	0.0004	-2.2024	-0.0076
5.6525	-0.0005	-0.0028	-2.1864	-0.0041
5.6530	-0.0006	-0.0019	-2.1600	-0.0100
5.6535	-0.0004	-0.0014	-2.1416	-0.0038
5.6540	-0.0005	-0.0011	-2.1296	-0.0032
5.6545	-0.0004	-0.0001	-2.1155	-0.0034
5.6550	-0.0006	-0.0011	-2.0905	-0.0065
5.6555	-0.0004	-0.0040	-2.0646	-0.0065
5.6560	-0.0007	-0.0043	-2.0529	-0.0023
5.6565	-0.0006	0.0009	-2.0395	-0.0036
5.6570	-0.0006	-0.0014	-2.0112	-0.0026
5.6575	0.0001	-0.0021	-1.9820	-0.0108
5.6580	-0.0006	-0.0001	-1.9657	-0.0130
5.6585	-0.0004	-0.0023	-1.9545	-0.0009
5.6590	-0.0006	0.0019	-1.9292	-0.0048
5.6595	-0.0003	-0.0023	-1.8979	-0.0066
5.6600	-0.0005	-0.0010	-1.8752	-0.0079
5.6605	-0.0001	-0.0030	-1.8624	-0.0089
5.6610	-0.0006	-0.0019	-1.8384	-0.0047
5.6615	-0.0003	0.0009	-1.8065	-0.0016
5.6620	-0.0010	-0.0002	-1.7853	-0.0064
5.6625	-0.0005	-0.0017	-1.7691	-0.0046
5.6630	0.0002	-0.0051	-1.7452	-0.0011
5.6635	-0.0003	0.0012	-1.7093	-0.0074
5.6640	-0.0002	0.0012	-1.6843	-0.0063
5.6645	-0.0007	-0.0051	-1.6683	-0.0090
5.6650	-0.0008	-0.0022	-1.6459	-0.0033
5.6655	-0.0004	-0.0014	-1.6098	-0.0107
5.6660	-0.0005	-0.0002	-1.5810	0.0003
5.6665	-0.0000	0.0007	-1.5643	-0.0079
5.6670	-0.0004	0.0021	-1.5445	0.0009
5.6675	0.0002	-0.0017	-1.5101	-0.0026
5.6680	-0.0002	-0.0048	-1.4760	-0.0004
5.6685	-0.0004	0.0012	-1.4559	-0.0078
5.6690	-0.0003	-0.0008	-1.4370	-0.0045
5.6695	-0.0002	-0.0004	-1.4008	0.0018
5.6700	-0.0004	0.0039	-1.3622	-0.0020
5.6705	-0.0004	0.0007	-1.3431	-0.0073
5.6710	-0.0005	-0.0016	-1.3248	-0.0021
5.6715	-0.0000	-0.0026	-1.2919	-0.0048
5.6720	-0.0001	0.0006	-1.2530	-0.0098
5.6725	-0.0000	-0.0002	-1.2270	-0.0054
5.6730	-0.0003	0.0029	-1.2090	-0.0052
5.6735	-0.0003	0.0032	-1.1760	0.0005
5.6740	-0.0001	0.0010	-1.1371	-0.0041
5.6745	-0.0000	-0.0013	-1.1066	-0.0075
5.6750	0.0003	0.0002	-1.0892	-0.0092
5.6755	-0.0003	-0.0009	-1.0590	-0.0074
5.6760	-0.0005	0.0016	-1.0172	-0.0057
5.6765	-0.0004	-0.0018	-0.9831	-0.0022
5.6770	-0.0001	0.0015	-0.9664	-0.0010
5.6775	-0.0001	-0.0023	-0.9375	-0.0057
5.6780	0.0001	-0.0026	-0.8970	-0.0055
5.6785	-0.0001	0.0036	-0.8598	-0.0001
5.6790	-0.0001	-0.0002	-0.8379	0.0065
5.6795	0.0001	-0.0030	-0.8111	0.0014
5.6800	-0.0001	0.0040	-0.7702	0.0022
5.6805	0.0003	-0.0011	-0.7342	-0.0001
5.6810	0.0002	0.0029	-0.7098	-0.0023
5.6815	0.0000	0.0001	-0.6817	-0.0057
5.6820	0.0003	-0.0005	-0.6422	0.0035
5.6825	0.0004	0.0015	-0.6052	0.0007
5.6830	0.0002	-0.0014	-0.5810	0.0019
5.6835	-0.0001	0.0016	-0.5545	0.0015
5.6840	0.0005	0.0027	-0.5197	0.0061
5.6845	-0.0001	-0.0011	-0.4759	-0.0020
5.6850	0.0008	-0.0008	-0.4466	0.0032
5.6855	0.0003	0.0004	-0.4260	-0.0014
5.6860	0.0000	-0.0067	-0.3881	0.0006
5.6865	-0.0002	-0.0025	-0.3479	0.0069
5.6870	0.0004	-0.0032	-0.3160	0.0006
5.6875	0.0001	-0.0019	-0.2918	-0.0001
5.6880	-0.0000	0.0029	-0.2606	0.0058
5.6885	0.0001	0.0003	-0.2185	0.0025
5.6890	0.0001	-0.0031	-0.1848	0.0008
5.6895	0.0006	-0.0037	-0.1588	-0.0004
5.6900	0.0004	0.0035	-0.1271	0.0005
5.6905	0.0000	-0.0008	-0.0881	0.0031
5.6910	0.0002	-0.0023	-0.0538	0.0039
5.6915	0.0004	0.0024	-0.0286	0.0088
5.6920	0.0004	-0.0031	-0.0019	0.0074
5.6925	0.0002	-0.0001	0.0246	0.0008
5.6930	-0.0000	0.0016	0.0511	0.0080
5.6935	0.0006	-0.0020	0.1030	0.0015
5.6940	0.0005	0.0002	0.1440	0.0061
5.6945	0.0004	-0.0015	0.1598	0.0040
5.6950	0.0001	-0.0022	0.1829	0.0041
5.6955	0.0003	-0.0023	0.2318	0.0019
5.6960	0.0005	-0.0006	0.2772	0.0097
5.6965	0.0006	-0.0026	0.2941	0.0061
5.6970	0.0006	0.0001	0.3128	-0.0011
5.6975	0.0005	-0.0032	0.3570	0.0050
5.6980	0.0006	-0.0009	0.4010	0.0058
5.6985	0.0008	0.0023	0.4228	0.0042
5.6990	0.0005	-0.0015	0.4445	0.0074
5.6995	0.0007	-0.0008	0.4864	0.0048
5.7000	0.0006	-0.0002	0.5278	0.0063
5.7005	0.0006	0.0011	0.5527	0.0000
5.7010	0.0011	-0.0006	0.5708	0.0020
5.7015	0.0008	-0.0020	0.6085	0.0021
5.7020	0.0012	-0.0009	0.6536	0.0069
5.7025	0.0005	0.0003	0.6806	0.0053
5.7030	0.0010	-0.0034	0.6982	0.0061
5.7035	0.0009	0.0008	0.7318	0.0120
5.7040	0.0008	0.0029	0.7775	0.0077
5.7045	0.0002	-0.0017	0.8048	0.0048
5.7050	0.0006	-0.0015	0.8256	0.0029
5.7055	0.0010	-0.0023	0.8539	0.0074
5.7060	0.0009	-0.0007	0.8985	0.0052
5.7065	0.0006	-0.0015	0.9277	-0.0015
5.7070	0.0010	-0.0004	0.9469	0.0099
5.7075	0.0008	0.0033	0.9737	0.0097
5.7080	0.0009	-0.0000	1.0155	0.0134
5.7085	0.0009	-0.0012	1.0499	0.0109
5.7090	0.0007	0.0006	1.0678	0.0074
5.7095	0.0008	0.0024	1.0898	0.0093
5.7100	0.0008	0.0057	1.1278	0.0039
5.7105	0.0011	-0.0011	1.1656	0.0103
5.7110	0.0008	0.0028	1.1850	0.0047
5.7115	0.0013	0.0005	1.2096	0.0087
5.7120	0.0009	-0.0029	1.2362	0.0070
5.7125	0.0008	-0.0026	1.2604	0.0152
5.7130	0.0009	0.0021	1.2965	0.0067
5.7135	0.0010	-0.0017	1.3291	0.0082
5.7140	0.0009	-0.0031	1.3402	0.0080
5.7145	0.0008	-0.0005	1.3282	0.0076
5.7150	0.0015	0.0024	1.3924	0.0048
5.7155	0.0012	0.0004	1.4599	0.0077
5.7160	0.0010	-0.0021	1.4459	0.0140
5.7165	0.0013	0.0012	1.4566	0.0082
5.7170	0.0012	0.0032	1.5182	0.0131
5.7175	0.0010	-0.0003	1.5639	0.0145
5.7180	0.0008	0.0004	1.5594	0.0108
5.7185	0.0011	0.0001	1.5616	0.0053
5.7190	0.0012	-0.0013	1.6151	0.0121
5.7195	0.0015	-0.0002	1.6662	0.0065
5.7200	0.0014	0.0004	1.6694	0.0157
5.7205	0.0017	0.0006	1.6635	0.0090
5.7210	0.0012	0.0029	1.7076	0.0103
5.7215	0.0011	-0.0011	1.7638	0.0142
5.7220	0.0013	-0.0013	1.7701	0.0120
5.7225	0.0010	0.0025	1.7604	0.0039
5.7230	0.0011	-0.0016	1.7969	0.0133
5.7235	0.0009	0.0027	1.8542	0.0104
5.7240	0.0013	-0.0038	1.8685	0.0068
5.7245	0.0013	-0.0006	1.8562	0.0093
5.7250	0.0012	-0.0011	1.8823	0.0104
5.7255	0.0012	-0.0017	1.9404	0.0055
5.7260	0.0009	0.0009	1.9613	0.0093
5.7265	0.0013	-0.0008	1.9472	0.0151
5.7270	0.0013	-0.0028	1.9652	0.0078
5.7275	0.0018	0.0020	2.0218	0.0111
5.7280	0.0015	-0.0034	2.0478	0.0144
5.7285	0.0015	-0.0009	2.0340	0.0119
5.7290	0.0012	-0.0011	2.0436	0.0135
5.7295	0.0012	0.0021	2.0931	0.0109
5.7300	0.0014	-0.0036	2.1297	0.0113
5.7305	0.0011	-0.0005	2.1146	0.0100
5.7310	0.0013	-0.0042	2.1137	0.0136
5.7315	0.0018	0.0005	2.1603	0.0136
5.7320	0.0013	0.0012	2.2024	0.0177
5.7325	0.0016	-0.0038	2.1964	0.0126
5.7330	0.0016	-0.0042	2.1867	0.0094
5.7335	0.0017	0.0016	2.2238	0.0133
5.7340	0.0015	0.0028	2.2685	0.0130
5.7345	0.0011	-0.0023	2.2689	0.0093
5.7350	0.0018	-0.0041	2.2536	0.0145
5.7355	0.0017	-0.0027	2.2813	0.0159
5.7360	0.0015	-0.0052	2.3271	0.0151
5.7365	0.0018	-0.0011	2.3334	0.0166
5.7370	0.0019	-0.0012	2.3159	0.0162
5.7375	0.0015	-0.0011	2.3329	0.0120
5.7380	0.0017	-0.0008	2.3837	0.0197
5.7385	0.0016	-0.0019	2.3951	0.0089
5.7390	0.0016	-0.0001	2.3734	0.0187
5.7395	0.0015	-0.0020	2.3825	0.0104
5.7400	0.0018	-0.0017	2.4265	0.0154
5.7405	0.0015	-0.0032	2.4453	0.0149
5.7410	0.0022	-0.0020	2.4239	0.0192
5.7415	0.0013	-0.0020	2.4193	0.0149
5.7420	0.0019	-0.0051	2.4642	0.0136
5.7425	0.0018	-0.0013	2.4915	0.0156
5.7430	0.0021	-0.0030	2.4668	0.0125
5.7435	0.0021	0.0026	2.4533	0.0110
5.7440	0.0018	0.0006	2.4945	0.0162
5.7445	0.0017	-0.0013	2.5273	0.0175
5.7450	0.0021	0.0039	2.5085	0.0123
5.7455	0.0018	0.0028	2.4863	0.0214
5.7460	0.0016	0.0024	2.5189	0.0170
5.7465	0.0021	-0.0031	2.5538	0.0180
5.7470	0.0020	-0.0014	2.5397	0.0226
5.7475	0.0018	0.0006	2.5123	0.0174
5.7480	0.0021	0.0001	2.5384	0.0153
5.7485	0.0017	-0.0041	2.5721	0.0157
5.7490	0.0017	-0.0029	2.5664	0.0109
5.7495	0.0016	0.0012	2.5361	0.0132
5.7500	0.0020	-0.0029	2.5476	0.0132
5.7505	0.0017	0.0002	2.5836	0.0122
5.7510	0.0018	0.0009	2.5815	0.0140
5.7515	0.0021	0.0012	2.5507	0.0163
5.7520	0.0020	0.0060	2.5524	0.0152
5.7525	0.0018	0.0003	2.5895	0.0125
5.7530	0.0019	-0.0010	2.5941	0.0207
5.7535	0.0016	-0.0060	2.5608	0.0241
5.7540	0.0018	0.0029	2.5536	0.0157
5.7545	0.0017	-0.0020	2.5838	0.0175
5.7550	0.0019	-0.0032	2.5957	0.0097
5.7555	0.0017	-0.0005	2.5636	0.0169
5.7560	0.0021	0.0021	2.5487	0.0175
5.7565	0.0018	0.0017	2.5730	0.0221
5.7570	0.0018	-0.0005	2.5900	0.0207
5.7575	0.0016	0.0039	2.5637	0.0206
5.7580	0.0015	-0.0021	2.5382	0.0203
5.7585	0.0023	-0.0024	2.5521	0.0221
5.7590	0.0019	-0.0000	2.5745	0.0128
5.7595	0.0019	0.0015	2.5537	0.0160
5.7600	0.0021	-0.0026	2.5199	0.0164
5.7605	0.0016	-0.0032	2.5298	0.0174
5.7610	0.0021	0.0021	2.5546	0.0164
5.7615	0.0023	-0.0031	2.5360	0.0192
5.7620	0.0017	0.0006	2.4995	0.0154
5.7625	0.0019	-0.0014	2.4996	0.0174
5.7630	0.0021	0.0018	2.5246	0.0201
5.7635	0.0022	0.0009	2.5126	0.0142
5.7640	0.0017	-0.0009	2.4725	0.0170
5.7645	0.0014	-0.0017	2.4636	0.0160
5.7650	0.0018	-0.0002	2.4872	0.0198
5.7655	0.0016	0.0015	2.4831	0.0239
5.7660	0.0019	0.0015	2.4392	0.0148
5.7665	0.0020	0.0002	2.4229	0.0150
5.7670	0.0023	0.0004	2.4410	0.0164
5.7675	0.0019	-0.0029	2.4399	0.0198
5.7680	0.0018	-0.0008	2.4007	0.0170
5.7685	0.0021	-0.0015	2.3753	0.0195
5.7690	0.0019	0.0006	2.3908	0.0184
5.7695	0.0018	-0.0014	2.3944	0.0250
5.7700	0.0019	0.0013	2.3553	0.0196
5.7705	0.0019	-0.0010	2.3201	0.0224
5.7710	0.0019	-0.0001	2.3302	0.0237
5.7715	0.0023	-0.0021	2.3399	0.0166
5.7720	0.0017	-0.0031	2.3017	0.0136
5.7725	0.0019	-0.0008	2.2641	0.0291
5.7730	0.0020	0.0002	2.2666	0.0183
5.7735	0.0017	-0.0042	2.2757	0.0148
5.7740	0.0021	0.0002	2.2417	0.0177
5.7745	0.0017	-0.0005	2.1997	0.0164
5.7750	0.0017	-0.0072	2.1956	0.0151
5.7755	0.0017	0.0009	2.2059	0.0210
5.7760	0.0020	-0.0007	2.1800	0.0212
5.7765	0.0015	-0.0014	2.1317	0.0171
5.7770	0.0018	-0.0035	2.1181	0.0228
5.7775	0.0022	-0.0004	2.1273	0.0187
5.7780	0.0018	-0.0021	2.1058	0.0192
5.7785	0.0021	-0.0042	2.0598	0.0156
5.7790	0.0016	-0.0025	2.0382	0.0123
5.7795	0.0019	0.0015	2.0460	0.0214
5.7800	0.0018	0.0006	2.0293	0.0123
5.7805	0.0020	-0.0015	1.9847	0.0173
5.7810	0.0022	-0.0023	1.9537	0.0191
5.7815	0.0020	-0.0018	1.9556	0.0170
5.7820	0.0021	-0.0005	1.9484	0.0177
5.7825	0.0015	0.0014	1.9012	0.0223
5.7830	0.0017	-0.0050	1.8640	0.0213
5.7835	0.0019	0.0011	1.8657	0.0090
5.7840	0.0018	0.0001	1.8581	0.0152
5.7845	0.0018	-0.0041	1.8154	0.0115
5.7850	0.0019	0.0006	1.7701	0.0066
5.7855	0.0014	0.0004	1.7649	0.0193
5.7860	0.0020	-0.0007	1.7576	0.0120
5.7865	0.0014	-0.0008	1.7234	0.0128
5.7870	0.0018	0.0004	1.6767	0.0115
5.7875	0.0015	-0.0021	1.6618	0.0139
5.7880	0.0016	-0.0002	1.6606	0.0169
5.7885	0.0016	-0.0006	1.6257	0.0195
5.7890	0.0017	-0.0005	1.5763	0.0123
5.7895	0.0015	0.0033	1.5564	0.0160
5.7900	0.0019	0.0009	1.5518	0.0203
5.7905	0.0018	0.0017	1.5206	0.0194
5.7910	0.0019	-0.0005	1.4728	0.0083
5.7915	0.0019	0.0009	1.4466	0.0180
5.7920	0.0017	-0.0060	1.4387	0.0126
5.7925	0.0018	-0.0010	1.4130	0.0160
5.7930	0.0017	-0.0041	1.3668	0.0174
5.7935	0.0015	-0.0035	1.3343	0.0180
5.7940	0.0013	-0.0011	1.3288	0.0140
5.7945	0.0017	0.0037	1.3024	0.0043
5.7950	0.0015	-0.0052	1.2561	0.0126
5.7955	0.0015	-0.0012	1.2191	0.0103
5.7960	0.0015	0.0001	1.2104	0.0130
5.7965	0.0018	0.0007	1.1883	0.0109
5.7970	0.0014	-0.0051	1.1426	0.0124
5.7975	0.0017	-0.0023	1.1018	0.0122
5.7980	0.0010	-0.0024	1.0845	0.0139
5.7985	0.0012	0.0015	1.0706	0.0104
5.7990	0.0013	-0.0002	1.0243	0.0095
5.7995	0.0010	-0.0000	0.9815	0.0182
5.8000	0.0017	-0.0017	0.9662	0.0109
5.8005	0.0013	-0.0016	0.9487	0.0126
5.8010	0.0010	-0.0018	0.9078	0.0094
5.8015	0.0016	0.0006	0.8618	0.0107
5.8020	0.0013	-0.0010	0.8366	0.0101
5.8025	0.0015	-0.0007	0.8226	0.0053
5.8030	0.0014	0.0007	0.7845	0.0133
5.8035	0.0017	-0.0030	0.7386	0.0113
5.8040	0.0010	-0.0001	0.7092	0.0077
5.8045	0.0011	-0.0020	0.6945	0.0082
5.8050	0.0011	-0.0009	0.6582	0.0094
5.8055	0.0010	-0.0032	0.6167	0.0094
5.8060	0.0013	-0.0011	0.5787	0.0110
5.8065	0.0015	0.0024	0.5639	0.0082
5.8070	0.0012	-0.0002	0.5327	0.0126
5.8075	0.0008	-0.0044	0.4874	0.0088
5.8080	0.0010	-0.0006	0.4526	0.0071
5.8085	0.0012	0.0012	0.4308	0.0114
5.8090	0.0010	-0.0032	0.4047	0.0133
5.8095	0.0015	0.0008	0.3634	0.0087
5.8100	0.0010	-0.0003	0.3206	0.0056
5.8105	0.0011	0.0033	0.2992	0.0016
5.8110	0.0008	-0.0007	0.2704	0.0087
5.8115	0.0008	-0.0008	0.2322	0.0134
5.8120	0.0011	-0.0044	0.1899	-0.0007
5.8125	0.0009	-0.0034	0.1649	0.0101
5.8130	0.0011	-0.0034	0.1418	0.0094
5.8135	0.0012	0.0018	0.1027	0.0047
5.8140	0.0009	0.0009	0.0618	0.0022
5.8145	0.0010	0.0018	0.0333	0.0070
5.8150	0.0012	-0.0004	0.0108	0.0111
5.8155	0.0010	0.0001	-0.0175	0.0037
5.8160	0.0013	-0.0007	-0.0314	0.0103
5.8165	0.0009	-0.0045	-0.0621	0.0131
5.8170	0.0012	-0.0020	-0.1244	0.0058
5.8175	0.0005	0.0015	-0.1811	0.0041
5.8180	0.0007	-0.0003	-0.1914	0.0088
5.8185	0.0009	-0.0027	-0.1949	0.0105
5.8190	0.0012	-0.0016	-0.2391	0.0062
5.8195	0.0006	-0.0032	-0.3049	0.0063
5.8200	0.0010	0.0006	-0.3265	0.0055
5.8205	0.0009	-0.0029	-0.3220	0.0132
5.8210	0.0011	0.0015	-0.3627	0.0032
5.8215	0.0011	0.0001	-0.4273	0.0014
5.8220	0.0012	-0.0002	-0.4581	0.0061
5.8225	0.0010	-0.0014	-0.4546	-0.0004
5.8230	0.0008	0.0019	-0.4853	0.0069
5.8235	0.0009	-0.0000	-0.5416	-0.0022
5.8240	0.0010	-0.0002	-0.5708	0.0087
5.8245	0.0009	-0.0017	-0.5860	0.0099
5.8250	0.0009	-0.0047	-0.6181	0.0071
5.8255	0.0007	0.0021	-0.6667	0.0120
5.8260	0.0009	-0.0041	-0.7018	0.0073
5.8265	0.0006	-0.0009	-0.7156	0.0016
5.8270	0.0005	-0.0020	-0.7400	0.0031
5.8275	0.0007	-0.0014	-0.7884	0.0047
5.8280	0.0005	-0.0031	-0.8262	-0.0022
5.8285	0.0005	-0.0005	-0.8415	0.0027
5.8290	0.0007	-0.0025	-0.8615	0.0042
5.8295	0.0003	-0.0014	-0.9083	0.0071
5.8300	0.0008	0.0028	-0.9507	0.0061
5.8305	0.0007	-0.0048	-0.9658	0.0055
5.8310	0.0004	-0.0014	-0.9809	0.0073
5.8315	0.0007	-0.0002	-1.0219	0.0078
5.8320	0.0009	-0.0008	-1.0702	0.0025
5.8325	0.0007	-0.0009	-1.0889	0.0005
5.8330	0.0007	-0.0023	-1.1007	0.0035
5.8335	0.0007	-0.0004	-1.1365	0.0016
5.8340	0.0003	0.0004	-1.1852	0.0008
5.8345	0.0004	-0.0035	-1.2095	0.0111
5.8350	0.0006	-0.0001	-1.2163	0.0042
5.8355	0.0005	-0.0000	-1.2477	-0.0001
5.8360	0.0007	0.0017	-1.2930	0.0058
5.8365	0.0005	-0.0001	-1.3238	0.0005
5.8370	0.0003	0.0011	-1.3266	-0.0031
5.8375	0.0004	-0.0012	-1.3402	-0.0014
5.8380	0.0005	-0.0019	-1.3808	-0.0013
5.8385	0.0003	-0.0006	-1.4331	0.0041
5.8390	0.0004	0.0007	-1.4337	0.0073
5.8395	0.0000	-0.0001	-1.4580	0.0045
5.8400	0.0003	-0.0018	-1.4973	0.0028
5.8405	0.0005	-0.0010	-1.5243	0.0053
5.8410	-0.0000	-0.0009	-1.5609	0.0030
5.8415	0.0007	-0.0000	-1.5789	0.0021
5.8420	0.0003	0.0045	-1.5982	0.0046
5.8425	0.0004	0.0072	-1.6249	0.0019
5.8430	0.0004	0.0030	-1.6598	0.0015
5.8435	0.0004	-0.0011	-1.6808	0.0046
5.8440	0.0003	-0.0011	-1.6937	0.0015
5.8445	0.0003	0.0051	-1.7215	0.0034
5.8450	0.0003	0.0015	-1.7526	-0.0025
5.8455	0.0007	-0.0010	-1.7746	0.0011
5.8460	0.0003	-0.0009	-1.7874	-0.0021
5.8465	0.0003	-0.0001	-1.8123	0.0059
5.8470	0.0003	-0.0016	-1.8450	0.0037
5.8475	0.0001	-0.0025	-1.8682	-0.0035
5.8480	0.0000	-0.0017	-1.8772	0.0005
5.8485	-0.0003	-0.0025	-1.9002	0.0081
5.8490	0.0004	0.0028	-1.9301	-0.0020
5.8495	0.0003	-0.0030	-1.9543	0.0028
5.8500	0.0002	-0.0014	-1.9644	-0.0059
5.8505	-0.0000	0.0048	-1.9822	-0.0025
5.8510	0.0002	-0.0001	-2.0132	0.0005
5.8515	0.0004	-0.0006	-2.0385	0.0052
5.8520	0.0000	0.0016	-2.0489	-0.0067
5.8525	-0.0000	0.0004	-2.0609	0.0030
5.8530	0.0004	-0.0003	-2.0877	-0.0031
5.8535	-0.0001	0.0002	-2.1136	-0.0007
5.8540	0.0003	-0.0013	-2.1239	-0.0080
5.8545	0.0000	-0.0049	-2.1337	-0.0058
5.8550	0.0001	-0.0029	-2.1570	-0.0035
5.8555	-0.0001	-0.0045	-2.1820	0.0016
5.8560	-0.0002	-0.0063	-2.1935	-0.0074
5.8565	0.0000	0.0021	-2.2012	0.0017
5.8570	0.0002	0.0006	-2.2211	-0.0087
5.8575	0.0001	-0.0041	-2.2469	-0.0038
5.8580	0.0002	-0.0020	-2.2578	-0.0037
5.8585	-0.0001	-0.0005	-2.2661	0.0010
5.8590	-0.0005	-0.0027	-2.2789	-0.0012
5.8595	0.0000	-0.0038	-2.3031	0.0018
5.8600	-0.0000	-0.0011	-2.3147	-0.0040
5.8605	-0.0001	-0.0054	-2.3194	-0.0032
5.8610	-0.0000	0.0024	-2.3358	-0.0009
5.8615	-0.0000	-0.0003	-2.3559	-0.0028
5.8620	-0.0003	0.0001	-2.3676	-0.0079
5.8625	-0.0001	0.0027	-2.3699	-0.0034
5.8630	-0.0001	-0.0006	-2.3776	-0.0035
5.8635	-0.0003	-0.0019	-2.3975	-0.0035
5.8640	0.0000	-0.0035	-2.4083	0.0006
5.8645	-0.0002	-0.0002	-2.4115	-0.0028
5.8650	-0.0004	-0.0005	-2.4210	-0.0079
5.8655	-0.0002	0.0027	-2.4364	-0.0021
5.8660	-0.0003	-0.0035	-2.4457	-0.0089
5.8665	-0.0003	-0.0044	-2.4528	-0.0032
5.8670	-0.0004	-0.0016	-2.4556	-0.0065
5.8675	0.0000	-0.0035	-2.4676	-0.0065
5.8680	-0.0001	-0.0023	-2.4746	0.0003
5.8685	-0.0003	-0.0026	-2.4808	-0.0048
5.8690	0.0001	-0.0021	-2.4838	-0.0028
5.8695	-0.0002	-0.0008	-2.4915	-0.0041
5.8700	-0.0002	-0.0035	-2.5025	-0.0022
5.8705	-0.0003	-0.0058	-2.5077	-0.0013
5.8710	-0.0003	-0.0004	-2.5050	-0.0028
5.8715	-0.0002	0.0001	-2.5088	-0.0051
5.8720	-0.0002	-0.0018	-2.5192	-0.0069
5.8725	-0.0004	-0.0036	-2.5229	-0.0026
5.8730	-0.0004	-0.0026	-2.5201	-0.0053
5.8735	-0.0003	-0.0020	-2.5206	-0.0019
5.8740	0.0000	0.0021	-2.5279	-0.0020
5.8745	-0.0003	-0.0050	-2.5321	-0.0025
5.8750	-0.0003	-0.0035	-2.5289	-0.0022
5.8755	-0.0004	-0.0023	-2.5255	-0.0090
5.8760	-0.0004	-0.0010	-2.5343	-0.0062
5.8765	-0.0004	0.0005	-2.5363	-0.0033
5.8770	-0.0005	0.0020	-2.5362	-0.0012
5.8775	0.0002	-0.0044	-2.5260	-0.0072
5.8780	-0.0004	-0.0031	-2.5315	-0.0073
5.8785	-0.0007	-0.0002	-2.5374	-0.0038
5.8790	-0.0006	0.0006	-2.5307	-0.0066
5.8795	-0.0001	0.0004	-2.5162	-0.0041
5.8800	-0.0005	-0.0030	-2.5154	-0.0028
5.8805	-0.0004	0.0006	-2.5232	-0.0034
5.8810	-0.0004	0.0012	-2.5194	-0.0084
5.8815	-0.0003	0.0004	-2.5070	-0.0003
5.8820	-0.0004	0.0009	-2.5003	-0.0067
5.8825	-0.0006	0.0014	-2.5060	-0.0103
5.8830	-0.0006	-0.0014	-2.5047	-0.0044
5.8835	-0.0004	-0.0017	-2.4689	-0.0053
5.8840	-0.0003	0.0017	-2.4301	-0.0043
5.8845	-0.0001	-0.0017	-2.4190	-0.0090
5.8850	-0.0007	0.0006	-2.4184	-0.0095
5.8855	-0.0006	-0.0026	-2.4101	-0.0054
5.8860	-0.0006	-0.0006	-2.3928	-0.0075
5.8865	-0.0004	-0.0014	-2.3825	-0.0095
5.8870	-0.0003	0.0015	-2.3839	-0.0037
5.8875	-0.0006	-0.0017	-2.3846	-0.0075
5.8880	-0.0005	0.0009	-2.3691	-0.0048
5.8885	-0.0005	-0.0014	-2.3560	-0.0084
5.8890	-0.0005	-0.0023	-2.3531	-0.0038
5.8895	-0.0005	-0.0017	-2.3526	-0.0123
5.8900	-0.0005	-0.0014	-2.3346	-0.0067
5.8905	-0.0004	-0.0062	-2.3159	-0.0119
5.8910	-0.0000	-0.0004	-2.3104	-0.0129
5.8915	-0.0006	-0.0038	-2.3114	-0.0053
5.8920	-0.0004	0.0005	-2.2939	-0.0041
5.8925	-0.0006	0.0033	-2.2737	-0.0063
5.8930	-0.0006	-0.0011	-2.2639	-0.0063
5.8935	-0.0007	0.0004	-2.2647	-0.0065
5.8940	-0.0010	-0.0017	-2.2476	-0.0085
5.8945	-0.0008	-0.0040	-2.2234	-0.0041
5.8950	-0.0008	-0.0016	-2.2159	-0.0102
5.8955	-0.0007	0.0014	-2.2100	-0.0009
5.8960	-0.0006	0.0004	-2.1947	-0.0090
5.8965	-0.0005	0.0012	-2.1705	-0.0151
5.8970	-0.0002	-0.0027	-2.1569	-0.0059
5.8975	-0.0006	0.0043	-2.1474	-0.0095
5.8980	-0.0005	-0.0047	-2.1359	-0.0088
5.8985	-0.0006	-0.0019	-2.1118	-0.0061
5.8990	-0.0007	-0.0011	-2.0927	-0.0048
5.8995	-0.0004	-0.0016	-2.0845	-0.0107
5.9000	-0.0005	-0.0007	-2.0712	-0.0058
5.9005	-0.0008	-0.0003	-2.0447	-0.0138
5.9010	-0.0005	-0.0007	-2.0206	-0.0014
5.9015	-0.0002	-0.0026	-2.0109	-0.0077
5.9020	-0.0005	-0.0014	-1.9988	-0.0017
5.9025	-0.0004	-0.0009	-1.9740	-0.0044
5.9030	-0.0005	-0.0026	-1.9486	-0.0134
5.9035	-0.0004	0.0029	-1.9340	-0.0053
5.9040	-0.0004	-0.0029	-1.9189	-0.0023
5.9045	-0.0001	-0.0004	-1.9004	-0.0085
5.9050	-0.0000	-0.0017	-1.8667	-0.0030
5.9055	-0.0003	0.0010	-1.8467	-0.0031
5.9060	-0.0002	-0.0002	-1.8347	0.0014
5.9065	-0.0000	-0.0026	-1.8178	-0.0034
5.9070	-0.0005	-0.0015	-1.7896	-0.0087
5.9075	-0.0005	-0.0028	-1.7629	-0.0035
5.9080	-0.0002	0.0007	-1.7481	-0.0063
5.9085	-0.0003	0.0001	-1.7270	-0.0033
5.9090	-0.0004	0.0008	-1.6985	0.0001
5.9095	-0.0004	0.0015	-1.6708	0.0011
5.9100	-0.0002	-0.0019	-1.6551	-0.0027
5.9105	-0.0005	-0.0032	-1.6343	-0.0013
5.9110	-0.0008	-0.0006	-1.6036	-0.0066
5.9115	-0.0002	-0.0002	-1.5759	-0.0066
5.9120	-0.0007	0.0033	-1.5562	-0.0066
5.9125	-0.0002	0.0009	-1.5396	-0.0138
5.9130	-0.0002	-0.0037	-1.5082	-0.0053
5.9135	-0.0004	-0.0022	-1.4786	-0.0035
5.9140	-0.0001	0.0014	-1.4547	-0.0090
5.9145	-0.0004	0.0017	-1.4344	0.0003
5.9150	-0.0005	0.0001	-1.4098	-0.0054
5.9155	-0.0003	-0.0007	-1.3764	0.0030
5.9160	-0.0002	-0.0013	-1.3517	-0.0075
5.9165	-0.0000	-0.0006	-1.3294	-0.0003
5.9170	-0.0002	-0.0018	-1.2997	-0.0065
5.9175	-0.0001	-0.0000	-1.2732	-0.0042
5.9180	-0.0003	-0.0034	-1.2423	-0.0094
5.9185	0.0000	0.0006	-1.2209	-0.0068
5.9190	0.0002	-0.0005	-1.1899	-0.0053
5.9195	-0.0001	-0.0017	-1.1578	0.0005
5.9200	-0.0002	-0.0021	-1.1290	-0.0040
5.9205	0.0001	0.0015	-1.1073	-0.0094
5.9210	0.0000	-0.0000	-1.0795	-0.0021
5.9215	0.0001	0.0026	-1.0466	-0.0045
5.9220	0.0003	-0.0008	-1.0162	-0.0021
5.9225	-0.0001	-0.0020	-0.9917	-0.0074
5.9230	-0.0000	-0.0022	-0.9620	-0.0068
5.9235	-0.0000	0.0021	-0.9297	-0.0004
5.9240	0.0000	-0.0008	-0.8984	-0.0017
5.9245	0.0002	-0.0000	-0.8748	0.0025
5.9250	0.0002	0.0011	-0.8431	-0.0062
5.9255	0.0002	-0.0008	-0.8084	-0.0001
5.9260	-0.0001	-0.0005	-0.7790	-0.0072
5.9265	0.0002	0.0019	-0.7528	-0.0051
5.9270	0.0002	-0.0019	-0.7220	0.0014
5.9275	-0.0001	0.0005	-0.6893	-0.0031
5.9280	0.0004	0.0020	-0.6573	-0.0016
5.9285	0.0001	0.0012	-0.6300	-0.0041
5.9290	-0.0003	-0.0016	-0.5998	-0.0019
5.9295	0.0002	-0.0004	-0.5682	0.0028
5.9300	0.0002	-0.0026	-0.5357	0.0018
5.9305	0.0001	-0.0004	-0.5046	0.0009
5.9310	0.0005	0.0021	-0.4762	-0.0014
5.9315	0.0006	-0.0038	-0.4455	-0.0042
5.9320	0.0001	-0.0019	-0.4105	0.0024
5.9325	0.0004	0.0011	-0.3804	0.0028
5.9330	0.0007	-0.0015	-0.3517	0.0027
5.9335	-0.0002	-0.0045	-0.3192	0.0031
5.9340	0.0005	0.0003	-0.2877	0.0010
5.9345	0.0002	-0.0008	-0.2533	0.0012
5.9350	0.0008	-0.0036	-0.2249	0.0055
5.9355	0.0004	0.0009	-0.1933	0.0024
5.9360	0.0003	-0.0029	-0.1616	0.0009
5.9365	0.0004	-0.0021	-0.1265	0.0027
5.9370	0.0001	-0.0023	-0.1001	0.0050
5.9375	0.0006	0.0019	-0.0699	0.0036
5.9380	0.0000	-0.0008	-0.0370	0.0005
5.9385	0.0008	0.0008	-0.0071	0.0030
5.9390	0.0003	0.0003	0.0153	0.0086
5.9395	0.0005	-0.0024	0.0375	0.0043
5.9400	0.0006	-0.0008	0.0798	0.0021
5.9405	0.0008	-0.0003	0.1305	0.0063
5.9410	0.0007	-0.0041	0.1487	0.0008
5.9415	0.0005	-0.0008	0.1629	0.0039
5.9420	0.0004	-0.0024	0.2050	0.0031
5.9425	0.0006	-0.0029	0.2586	0.0050
5.9430	0.0005	0.0005	0.2785	0.0015
5.9435	0.0010	-0.0011	0.2867	0.0026
5.9440	0.0003	0.0009	0.3244	0.0097
5.9445	0.0004	-0.0062	0.3764	0.0007
5.9450	0.0009	-0.0031	0.4033	0.0001
5.9455	0.0006	-0.0005	0.4149	0.0082
5.9460	0.0008	-0.0032	0.4470	-0.0023
5.9465	0.0007	0.0004	0.4977	0.0029
5.9470	0.0010	-0.0063	0.5256	0.0027
5.9475	0.0003	-0.0042	0.5392	0.0037
5.9480	0.0007	-0.0058	0.5683	0.0070
5.9485	0.0006	0.0036	0.6177	-0.0012
5.9490	0.0010	-0.0013	0.6500	0.0050
5.9495	0.0006	-0.0016	0.6634	0.0035
5.9500	0.0006	-0.0047	0.6864	0.0062
5.9505	0.0010	-0.0028	0.7314	0.0011
5.9510	0.0007	-0.0047	0.7698	0.0086
5.9515	0.0007	0.0021	0.7847	0.0102
5.9520	0.0006	-0.0039	0.8063	0.0103
5.9525	0.0009	0.0032	0.8490	0.0049
5.9530	0.0006	-0.0008	0.8857	0.0024
5.9535	0.0006	0.0010	0.9032	0.0084
5.9540	0.0011	-0.0035	0.9206	0.0066
5.9545	0.0008	-0.0044	0.9604	0.0058
5.9550	0.0009	0.0029	0.9998	0.0049
5.9555	0.0010	0.0006	1.0190	0.0086
5.9560	0.0010	-0.0002	1.0340	0.0058
5.9565	0.0011	0.0009	1.0702	0.0095
5.9570	0.0011	-0.0008	1.1094	-0.0007
5.9575	0.0011	-0.0041	1.1323	0.0102
5.9580	0.0008	-0.0035	1.1459	0.0041
5.9585	0.0012	-0.0002	1.1767	0.0070
5.9590	0.0009	0.0011	1.2123	0.0039
5.9595	0.0010	-0.0024	1.2274	0.0068
5.9600	0.0012	-0.0026	1.2604	0.0100
5.9605	0.0006	-0.0001	1.2923	0.0041
5.9610	0.0011	0.0005	1.3084	0.0072
5.9615	0.0011	0.0003	1.2932	0.0126
5.9620	0.0009	0.0010	1.3391	0.0043
5.9625	0.0009	-0.0008	1.4239	0.0061
5.9630	0.0007	-0.0002	1.4146	0.0124
5.9635	0.0014	-0.0025	1.4033	0.0053
5.9640	0.0010	-0.0017	1.4677	0.0086
5.9645	0.0008	0.0006	1.5295	0.0133
5.9650	0.0014	-0.0013	1.5209	0.0060
5.9655	0.0010	0.0002	1.5044	0.0133
5.9660	0.0013	0.0020	1.5574	0.0141
5.9665	0.0009	0.0007	1.6232	0.0035
5.9670	0.0012	0.0004	1.6258	0.0110
5.9675	0.0011	-0.0000	1.6032	0.0086
5.9680	0.0013	0.0002	1.6449	0.0067
5.9685	0.0013	0.0015	1.7145	0.0092
5.9690	0.0011	-0.0035	1.7266	0.0095
5.9695	0.0010	0.0043	1.7015	0.0079
5.9700	0.0012	-0.0010	1.7264	0.0065
5.9705	0.0010	-0.0023	1.7978	0.0120
5.9710	0.0010	-0.0011	1.8196	0.0098
5.9715	0.0012	0.0038	1.7957	0.0138
5.9720	0.0013	-0.0022	1.8102	0.0115
5.9725	0.0010	-0.0034	1.8786	0.0134
5.9730	0.0015	0.0019	1.9085	0.0094
5.9735	0.0016	-0.0026	1.8832	0.0083
5.9740	0.0015	0.0004	1.8850	0.0117
5.9745	0.0011	-0.0020	1.9465	0.0118
5.9750	0.0010	-0.0023	1.9893	0.0114
5.9755	0.0013	-0.0008	1.9690	0.0089
5.9760	0.0011	-0.0045	1.9643	0.0101
5.9765	0.0008	0.0006	2.0151	0.0140
5.9770	0.0013	-0.0032	2.0627	0.0164
5.9775	0.0015	-0.0014	2.0511	0.0169
5.9780	0.0013	-0.0034	2.0337	0.0095
5.9785	0.0015	-0.0013	2.0785	0.0128
5.9790	0.0015	-0.0018	2.1306	0.0135
5.9795	0.0012	-0.0000	2.1269	0.0073
5.9800	0.0016	0.0024	2.1014	0.0153
5.9805	0.0013	0.0006	2.1364	0.0111
5.9810	0.0016	-0.0002	2.1914	0.0070
5.9815	0.0020	-0.0011	2.1952	0.0169
5.9820	0.0012	-0.0005	2.1695	0.0160
5.9825	0.0016	-0.0009	2.1942	0.0071
5.9830	0.0011	0.0017	2.2448	0.0149
5.9835	0.0018	0.0001	2.2573	0.0114
5.9840	0.0014	0.0005	2.2332	0.0153
5.9845	0.0013	-0.0020	2.2449	0.0118
5.9850	0.0016	0.0012	2.2916	0.0180
5.9855	0.0015	-0.0036	2.3095	0.0138
5.9860	0.0017	-0.0026	2.2870	0.0117
5.9865	0.0014	0.0009	2.2896	0.0107
5.9870	0.0016	-0.0029	2.3331	0.0129
5.9875	0.0018	0.0027	2.3533	0.0157
5.9880	0.0017	-0.0006	2.3369	0.0110
5.9885	0.0016	-0.0040	2.3320	0.0170
5.9890	0.0017	-0.0008	2.3679	0.0140
5.9895	0.0019	-0.0032	2.3930	0.0166
5.9900	0.0021	0.0016	2.3794	0.0172
5.9905	0.0015	-0.0020	2.3670	0.0082
5.9910	0.0015	-0.0023	2.3945	0.0166
5.9915	0.0020	0.0010	2.4251	0.0114
5.9920	0.0019	0.0021	2.4171	0.0213
5.9925	0.0013	-0.0004	2.3974	0.0223
5.9930	0.0018	0.0023	2.4156	0.0145
5.9935	0.0016	-0.0004	2.4484	0.0179
5.9940	0.0015	-0.0017	2.4456	0.0119
5.9945	0.0018	-0.0040	2.4219	0.0181
5.9950	0.0016	-0.0007	2.4332	0.0198
5.9955	0.0017	-0.0006	2.4624	0.0197
5.9960	0.0016	-0.0038	2.4671	0.0191
5.9965	0.0018	0.0010	2.4433	0.0144
5.9970	0.0017	-0.0023	2.4424	0.0191
5.9975	0.0019	-0.0037	2.4736	0.0213
5.9980	0.0018	-0.0037	2.4795	0.0183
5.9985	0.0016	-0.0011	2.4582	0.0205
5.9990	0.0013	0.0012	2.4503	0.0210
5.9995	0.0016	0.0012	2.4752	0.0172
6.0000	0.0016	-0.0015	2.4872	0.0164
6.0005	0.0014	-0.0026	2.4654	0.0144
6.0010	0.0019	-0.0009	2.4516	0.0176
6.0015	0.0021	0.0034	2.4705	0.0165
6.0020	0.0016	-0.0016	2.4848	0.0139
6.0025	0.0022	-0.0003	2.4649	0.0174
6.0030	0.0020	0.0026	2.4478	0.0193
6.0035	0.0014	-0.0030	2.4579	0.0234
6.0040	0.0019	-0.0012	2.4793	0.0175
6.0045	0.0019	0.0028	2.4600	0.0176
6.0050	0.0016	0.0033	2.4351	0.0160
6.0055	0.0019	0.0009	2.4426	0.0139
6.0060	0.0024	0.0018	2.4634	0.0191
6.0065	0.0015	-0.0033	2.4492	0.0156
6.0070	0.0023	0.0006	2.4200	0.0218
6.0075	0.0018	-0.0014	2.4204	0.0130
6.0080	0.0015	-0.0022	2.4397	0.0195
6.0085	0.0015	-0.0044	2.4287	0.0153
6.0090	0.0016	-0.0035	2.3973	0.0207
6.0095	0.0016	-0.0005	2.3908	0.0145
6.0100	0.0019	-0.0008	2.4125	0.0182
6.0105	0.0019	-0.0010	2.4043	0.0119
6.0110	0.0017	0.0037	2.3669	0.0155
6.0115	0.0018	-0.0034	2.3584	0.0217
6.0120	0.0017	0.0017	2.3779	0.0231
6.0125	0.0022	-0.0006	2.3736	0.0237
6.0130	0.0021	0.0030	2.3362	0.0133
6.0135	0.0017	-0.0011	2.3170	0.0162
6.0140	0.0014	0.0012	2.3303	0.0154
6.0145	0.0012	-0.0038	2.3321	0.0202
6.0150	0.0018	-0.0023	2.2970	0.0180
6.0155	0.0020	-0.0014	2.2697	0.0133
6.0160	0.0018	0.0003	2.2805	0.0139
6.0165	0.0018	0.0028	2.2863	0.0159
6.0170	0.0017	-0.0020	2.2541	0.0181
6.0175	0.0021	-0.0011	2.2172	0.0172
6.0180	0.0015	-0.0027	2.2219	0.0198
6.0185	0.0018	-0.0014	2.2316	0.0202
6.0190	0.0022	0.0004	2.2007	0.0133
6.0195	0.0018	0.0015	2.1603	0.0173
6.0200	0.0020	0.0032	2.1570	0.0139
6.0205	0.0016	-0.0002	2.1671	0.0173
6.0210	0.0012	-0.0022	2.1438	0.0160
6.0215	0.0020	0.0006	2.0995	0.0216
6.0220	0.0020	-0.0030	2.0908	0.0185
6.0225	0.0018	0.0006	2.0970	0.0176
6.0230	0.0016	-0.0014	2.0787	0.0167
6.0235	0.0022	-0.0003	2.0342	0.0169
6.0240	0.0019	-0.0010	2.0159	0.0151
6.0245	0.0016	0.0039	2.0274	0.0081
6.0250	0.0020	-0.0056	2.0097	0.0206
6.0255	0.0019	0.0018	1.9650	0.0113
6.0260	0.0020	-0.0001	1.9414	0.0204
6.0265	0.0019	0.0001	1.9456	0.0135
6.0270	0.0017	-0.0024	1.9327	0.0166
6.0275	0.0020	0.0036	1.8880	0.0159
6.0280	0.0018	0.0016	1.8597	0.0191
6.0285	0.0018	0.0012	1.8612	0.0225
6.0290	0.0017	0.0001	1.8518	0.0202
6.0295	0.0015	-0.0028	1.8066	0.0142
6.0300	0.0015	-0.0048	1.7736	0.0161
6.0305	0.0015	0.0012	1.7699	0.0176
6.0310	0.0018	-0.0022	1.7611	0.0146
6.0315	0.0016	-0.0042	1.7233	0.0157
6.0320	0.0016	-0.0035	1.6855	0.0142
6.0325	0.0019	0.0021	1.6744	0.0135
6.0330	0.0017	-0.0039	1.6680	0.0124
6.0335	0.0018	0.0006	1.6334	0.0148
6.0340	0.0019	-0.0041	1.5905	0.0117
6.0345	0.0015	-0.0047	1.5741	0.0185
6.0350	0.0019	-0.0015	1.5696	0.0144
6.0355	0.0020	-0.0041	1.5379	0.0148
6.0360	0.0015	-0.0010	1.4960	0.0143
6.0365	0.0017	0.0015	1.4730	0.0119
6.0370	0.0012	0.0056	1.4670	0.0131
6.0375	0.0016	-0.0016	1.4416	0.0179
6.0380	0.0014	-0.0007	1.3965	0.0155
6.0385	0.0013	-0.0027	1.3673	0.0090
6.0390	0.0017	-0.0044	1.3599	0.0148
6.0395	0.0017	-0.0013	1.3355	0.0140
6.0400	0.0014	-0.0009	1.2941	0.0166
6.0405	0.0017	-0.0008	1.2610	0.0103
6.0410	0.0015	-0.0005	1.2484	0.0111
6.0415	0.0019	0.0005	1.2253	0.0128
6.0420	0.0017	-0.0008	1.1857	0.0153
6.0425	0.0017	-0.0005	1.1492	0.0114
6.0430	0.0013	-0.0005	1.1357	0.0174
6.0435	0.0015	-0.0005	1.1166	0.0112
6.0440	0.0014	-0.0005	1.0788	0.0100
6.0445	0.0014	0.0018	1.0360	0.0154
6.0450	0.0016	-0.0005	1.0192	0.0110
6.0455	0.0013	-0.0023	1.0015	0.0185
6.0460	0.0013	0.0009	0.9642	0.0082
6.0465	0.0015	-0.0017	0.9212	0.0119
6.0470	0.0011	0.0013	0.9016	0.0161
6.0475	0.0015	-0.0010	0.8855	0.0122
6.0480	0.0010	-0.0006	0.8489	0.0111
6.0485	0.0013	-0.0046	0.8057	0.0134
6.0490	0.0008	-0.0023	0.7776	0.0118
6.0495	0.0015	-0.0005	0.7628	0.0086
6.0500	0.0012	-0.0029	0.7304	0.0087
6.0505	0.0009	-0.0028	0.6853	0.0131
6.0510	0.0017	-0.0032	0.6565	0.0110
6.0515	0.0012	0.0033	0.6401	0.0123
6.0520	0.0015	0.0027	0.6109	0.0120
6.0525	0.0012	-0.0012	0.5674	0.0065
6.0530	0.0010	-0.0011	0.5313	0.0102
6.0535	0.0014	0.0001	0.5146	0.0081
6.0540	0.0012	0.0004	0.4901	0.0104
6.0545	0.0009	-0.0005	0.4486	0.0055
6.0550	0.0013	-0.0005	0.4085	0.0020
6.0555	0.0012	0.0019	0.3890	0.0102
6.0560	0.0011	-0.0006	0.3634	0.0124
6.0565	0.0011	-0.0004	0.3242	0.0057
6.0570	0.0009	-0.0052	0.2862	0.0113
6.0575	0.0008	-0.0023	0.2587	0.0079
6.0580	0.0010	-0.0016	0.2368	0.0101
6.0585	0.0012	-0.0022	0.2008	0.0082
6.0590	0.0014	-0.0006	0.1613	0.0087
6.0595	0.0010	-0.0016	0.1354	0.0132
6.0600	0.0008	0.0020	0.1120	0.0060
6.0605	0.0010	0.0030	0.0778	0.0053
6.0610	0.0013	-0.0008	0.0408	0.0109
6.0615	0.0010	-0.0007	0.0109	0.0094
6.0620	0.0006	-0.0029	-0.0099	0.0094
6.0625	0.0007	-0.0004	-0.0255	0.0026
6.0630	0.0009	-0.0035	-0.0508	0.0065
6.0635	0.0008	-0.0006	-0.0987	0.0094
6.0640	0.0009	-0.0020	-0.1616	0.0074
6.0645	0.0008	0.0011	-0.1879	0.0104
6.0650	0.0010	0.0039	-0.1875	0.0030
6.0655	0.0007	-0.0009	-0.2153	0.0073
6.0660	0.0007	0.0003	-0.2784	0.0063
6.0665	0.0006	-0.0011	-0.3143	0.0053
6.0670	0.0008	-0.0030	-0.3134	0.0032
6.0675	0.0005	-0.0000	-0.3360	0.0125
6.0680	0.0011	-0.0035	-0.3967	0.0027
6.0685	0.0007	-0.0009	-0.4368	0.0031
6.0690	0.0014	-0.0043	-0.4383	0.0059
6.0695	0.0007	0.0007	-0.4560	0.0024
6.0700	0.0006	0.0025	-0.5063	0.0040
6.0705	0.0011	-0.0011	-0.5497	0.0025
6.0710	0.0004	-0.0004	-0.5653	0.0032
6.0715	0.0008	-0.0039	-0.5881	0.0052
6.0720	0.0009	-0.0006	-0.6274	0.0045
6.0725	0.0006	-0.0041	-0.6711	0.0011
6.0730	0.0004	0.0010	-0.6855	0.0019
6.0735	0.0008	0.0001	-0.7035	0.0051
6.0740	0.0004	0.0012	-0.7440	-0.0015
6.0745	0.0006	-0.0003	-0.7890	0.0026
6.0750	0.0005	-0.0011	-0.8068	0.0042
6.0755	0.0011	-0.0016	-0.8237	0.0039
6.0760	0.0005	-0.0012	-0.8562	0.0007
6.0765	0.0002	-0.0014	-0.9034	0.0061
6.0770	0.0005	-0.0029	-0.9299	0.0051
6.0775	0.0004	0.0015	-0.9419	0.0055
6.0780	0.0004	-0.0014	-0.9693	0.0004
6.0785	0.0005	-0.0003	-1.0148	0.0007
6.0790	0.0008	-0.0002	-1.0418	0.0038
6.0795	0.0007	-0.0001	-1.0572	0.0027
6.0800	0.0004	-0.0015	-1.0814	0.0048
6.0805	0.0007	0.0015	-1.1237	-0.0026
6.0810	0.0005	-0.0021	-1.1563	0.0010
6.0815	0.0006	0.0007	-1.1691	0.0041
6.0820	0.0007	0.0036	-1.1902	0.0052
6.0825	0.0006	-0.0005	-1.2311	-0.0010
6.0830	0.0001	-0.0016	-1.2637	-0.0003
6.0835	0.0005	-0.0036	-1.2809	0.0102
6.0840	0.0010	-0.0030	-1.2943	0.0087
6.0845	0.0003	-0.0004	-1.3176	-0.0010
6.0850	0.0005	-0.0007	-1.3460	0.0011
6.0855	0.0007	0.0012	-1.3853	-0.0001
6.0860	0.0003	-0.0007	-1.3969	0.0065
6.0865	0.0006	0.0006	-1.4246	-0.0003
6.0870	0.0008	0.0008	-1.4691	-0.0015
6.0875	0.0005	-0.0005	-1.4723	-0.0056
6.0880	0.0004	0.0018	-1.5012	0.0094
6.0885	0.0004	0.0011	-1.5440	0.0046
6.0890	0.0006	0.0006	-1.5672	0.0012
6.0895	0.0005	-0.0034	-1.5751	0.0021
6.0900	-0.0001	-0.0002	-1.5947	0.0038
6.0905	0.0011	-0.0026	-1.6329	0.0027
6.0910	0.0001	0.0021	-1.6588	0.0018
6.0915	0.0009	0.0009	-1.6691	0.0038
6.0920	0.0002	-0.0003	-1.6875	-0.0009
6.0925	0.0006	-0.0002	-1.7184	-0.0003
6.0930	0.0003	-0.0015	-1.7495	-0.0014
6.0935	0.0003	0.0004	-1.7597	0.0020
6.0940	0.0002	-0.0011	-1.7748	-0.0028
6.0945	0.0002	0.0008	-1.8034	0.0027
6.0950	0.0003	0.0006	-1.8328	0.0057
6.0955	-0.0000	-0.0026	-1.8410	0.0000
6.0960	0.0003	-0.0017	-1.8567	-0.0035
6.0965	0.0002	0.0023	-1.8861	-0.0002
6.0970	0.0003	-0.0036	-1.9141	0.0015
6.0975	0.0001	0.0009	-1.9255	0.0024
6.0980	0.0005	-0.0020	-1.9344	-0.0033
6.0985	-0.0001	-0.0027	-1.9626	-0.0076
6.0990	0.0004	-0.0029	-1.9919	-0.0036
6.0995	0.0002	-0.0000	-2.0017	-0.0015
6.1000	-0.0000	-0.0036	-2.0078	0.0005
6.1005	-0.0000	-0.0014	-2.0297	-0.0043
6.1010	0.0002	-0.0030	-2.0598	0.0016
6.1015	0.0001	-0.0023	-2.0738	0.0028
6.1020	0.0000	-0.0023	-2.0789	-0.0026
6.1025	-0.0001	-0.0005	-2.0950	-0.0059
6.1030	0.0000	-0.0034	-2.1228	-0.0004
6.1035	-0.0001	-0.0038	-2.1368	-0.0026
6.1040	0.0001	-0.0009	-2.1415	0.0020
6.1045	-0.0004	-0.0028	-2.1568	-0.0061
6.1050	-0.0003	-0.0019	-2.1828	0.0006
6.1055	-0.0002	-0.0037	-2.1987	-0.0043
6.1060	-0.0005	-0.0010	-2.2006	-0.0016
6.1065	-0.0002	0.0007	-2.2081	-0.0032
6.1070	-0.0000	-0.0017	-2.2344	-0.0026
6.1075	0.0002	-0.0016	-2.2499	0.0039
6.1080	0.0002	-0.0032	-2.2520	-0.0028
6.1085	-0.0001	0.0006	-2.2565	0.0017
6.1090	-0.0003	0.0018	-2.2775	-0.0030
6.1095	-0.0001	0.0024	-2.2936	-0.0073
6.1100	-0.0001	0.0020	-2.2938	-0.0011
6.1105	-0.0003	-0.0015	-2.3002	-0.0063
6.1110	-0.0004	0.0018	-2.3170	-0.0023
6.1115	0.0001	0.0026	-2.3349	-0.0021
6.1120	-0.0003	-0.0033	-2.3366	-0.0005
6.1125	-0.0003	0.0017	-2.3364	-0.0055
6.1130	-0.0004	-0.0018	-2.3515	-0.0009
6.1135	-0.0004	-0.0024	-2.3672	-0.0033
6.1140	-0.0002	0.0013	-2.3664	-0.0015
6.1145	0.0001	0.0004	-2.3621	-0.0041
6.1150	-0.0002	-0.0020	-2.3775	-0.0028
6.1155	-0.0002	-0.0008	-2.3920	0.0001
6.1160	0.0001	-0.0000	-2.3918	-0.0042
6.1165	0.0000	-0.0014	-2.3897	-0.0043
6.1170	-0.0000	-0.0023	-2.3968	-0.0021
6.1175	-0.0005	-0.0009	-2.4116	-0.0037
6.1180	-0.0005	-0.0017	-2.4123	-0.0085
6.1185	-0.0004	-0.0024	-2.4068	-0.0016
6.1190	-0.0001	-0.0012	-2.4127	-0.0028
6.1195	-0.0004	-0.0010	-2.4239	-0.0005
6.1200	-0.0001	-0.0016	-2.4277	-0.0071
6.1205	-0.0004	0.0022	-2.4192	-0.0015
6.1210	-0.0001	0.0015	-2.4212	-0.0067
6.1215	-0.0003	-0.0007	-2.4309	-0.0099
6.1220	-0.0007	0.0006	-2.4317	-0.0036
6.1225	-0.0003	0.0027	-2.4253	-0.0067
6.1230	-0.0001	0.0008	-2.4264	-0.0079
6.1235	-0.0002	-0.0042	-2.4348	-0.0075
6.1240	-0.0006	0.0012	-2.4353	-0.0011
6.1245	-0.0001	-0.0018	-2.4272	-0.0026
6.1250	-0.0005	-0.0001	-2.4252	-0.0015
6.1255	-0.0000	-0.0005	-2.4258	-0.0019
6.1260	-0.0003	-0.0042	-2.4274	-0.0005
6.1265	-0.0000	0.0001	-2.4160	-0.0046
6.1270	-0.0005	-0.0014	-2.4122	-0.0027
6.1275	-0.0004	0.0021	-2.4180	-0.0062
6.1280	-0.0002	-0.0003	-2.4148	-0.0004
6.1285	-0.0003	0.0028	-2.4032	-0.0074
6.1290	-0.0005	0.0001	-2.3980	-0.0076
6.1295	0.0001	-0.0023	-2.3969	-0.0048
6.1300	-0.0002	0.0030	-2.3968	-0.0047
6.1305	-0.0003	-0.0026	-2.3672	-0.0100
6.1310	-0.0002	0.0009	-2.3273	-0.0077
6.1315	-0.0007	-0.0011	-2.3151	-0.0056
6.1320	-0.0003	0.0025	-2.3141	-0.0052
6.1325	0.0000	-0.0041	-2.3116	-0.0092
6.1330	-0.0005	0.0043	-2.2935	-0.0005
6.1335	-0.0001	0.0012	-2.2803	-0.0065
6.1340	-0.0005	-0.0002	-2.2839	-0.0074
6.1345	-0.0004	0.0002	-2.2826	-0.0068
6.1350	-0.0002	0.0010	-2.2669	-0.0084
6.1355	-0.0004	-0.0002	-2.2510	-0.0125
6.1360	-0.0004	-0.0038	-2.2493	-0.0062
6.1365	-0.0004	-0.0001	-2.2479	-0.0085
6.1370	-0.0004	0.0045	-2.2348	-0.0033
6.1375	-0.0002	0.0006	-2.2142	-0.0045
6.1380	-0.0004	-0.0014	-2.2079	-0.0093
6.1385	-0.0003	-0.0001	-2.2096	-0.0046
6.1390	-0.0002	0.0001	-2.1927	-0.0116
6.1395	-0.0010	-0.0002	-2.1715	-0.0094
6.1400	-0.0004	-0.0005	-2.1628	-0.0053
6.1405	-0.0005	0.0011	-2.1616	-0.0102
6.1410	0.0000	0.0008	-2.1476	-0.0026
6.1415	-0.0003	0.0017	-2.1245	-0.0074
6.1420	-0.0002	0.0008	-2.1111	-0.0028
6.1425	0.0001	-0.0014	-2.1094	-0.0084
6.1430	-0.0006	-0.0032	-2.0959	-0.0002
6.1435	-0.0006	-0.0011	-2.0716	-0.0059
6.1440	-0.0001	-0.0017	-2.0532	-0.0045
6.1445	0.0001	-0.0006	-2.0470	0.0006
6.1450	-0.0005	-0.0035	-2.0358	-0.0032
6.1455	-0.0003	0.0007	-2.0126	-0.0093
6.1460	-0.0003	-0.0030	-1.9941	-0.0017
6.1465	-0.0003	-0.0011	-1.9812	-0.0011
6.1470	0.0001	0.0002	-1.9740	-0.0110
6.1475	-0.0002	-0.0037	-1.9502	-0.0051
6.1480	-0.0008	-0.0028	-1.9259	-0.0073
6.1485	-0.0004	-0.0006	-1.9133	-0.0086
6.1490	-0.0005	0.0050	-1.9010	-0.0063
6.1495	-0.0005	0.0011	-1.8800	-0.0035
6.1500	0.0002	-0.0012	-1.8562	-0.0023
6.1505	-0.0003	-0.0030	-1.8422	-0.0040
6.1510	-0.0008	-0.0008	-1.8272	-0.0123
6.1515	-0.0004	-0.0001	-1.8038	-0.0061
6.1520	-0.0003	-0.0001	-1.7790	-0.0082
6.1525	-0.0001	0.0004	-1.7618	-0.0022
6.1530	-0.0001	0.0018	-1.7459	0.0027
6.1535	-0.0000	-0.0002	-1.7247	-0.0042
6.1540	-0.0004	-0.0008	-1.6930	0.0015
6.1545	-0.0003	-0.0030	-1.6755	-0.0068
6.1550	-0.0006	-0.0017	-1.6592	-0.0035
6.1555	-0.0000	-0.0049	-1.6372	0.0009
6.1560	-0.0005	0.0027	-1.6086	-0.0059
6.1565	0.0000	-0.0044	-1.5898	-0.0105
6.1570	-0.0002	-0.0029	-1.5714	-0.0003
6.1575	-0.0002	0.0009	-1.5479	-0.0004
6.1580	-0.0003	-0.0033	-1.5195	-0.0057
6.1585	0.0002	0.0017	-1.4935	-0.0053
6.1590	-0.0002	0.0019	-1.4775	-0.0046
6.1595	-0.0001	-0.0007	-1.4545	-0.0030
6.1600	-0.0002	-0.0014	-1.4226	-0.0048
6.1605	0.0002	-0.0028	-1.3970	-0.0059
6.1610	-0.0004	-0.0009	-1.3773	-0.0086
6.1615	-0.0001	0.0008	-1.3540	-0.0045
6.1620	-0.0002	-0.0035	-1.3269	-0.0050
6.1625	0.0003	-0.0019	-1.2981	-0.0063
6.1630	-0.0003	0.0031	-1.2763	-0.0037
6.1635	0.0002	-0.0038	-1.2534	-0.0056
6.1640	0.0001	-0.0000	-1.2234	-0.0063
6.1645	-0.0006	-0.0045	-1.1928	-0.0050
6.1650	0.0003	-0.0027	-1.1720	-0.0034
6.1655	-0.0005	-0.0013	-1.1473	-0.0035
6.1660	-0.0001	-0.0008	-1.1187	-0.0016
6.1665	0.0001	-0.0032	-1.0885	-0.0054
6.1670	-0.0001	0.0017	-1.0640	0.0026
6.1675	0.0003	0.0030	-1.0389	-0.0037
6.1680	-0.0000	-0.0025	-1.0103	-0.0026
6.1685	0.0000	0.0013	-0.9796	-0.0061
6.1690	0.0001	0.0020	-0.9507	-0.0009
6.1695	0.0002	0.0002	-0.9300	-0.0015
6.1700	0.0004	0.0018	-0.8984	-0.0021
6.1705	0.0001	0.0018	-0.8641	-0.0020
6.1710	0.0000	-0.0033	-0.8396	-0.0013
6.1715	0.0003	0.0015	-0.8143	-0.0011
6.1720	-0.0001	-0.0002	-0.7883	0.0014
6.1725	0.0001	-0.0006	-0.7492	-0.0005
6.1730	0.0000	-0.0021	-0.7243	0.0048
6.1735	-0.0001	-0.0001	-0.6974	0.0024
6.1740	0.0000	-0.0026	-0.6694	-0.0055
6.1745	0.0001	-0.0022	-0.6375	0.0008
6.1750	-0.0000	0.0007	-0.6042	0.0001
6.1755	0.0003	-0.0002	-0.5798	0.0050
6.1760	0.0002	0.0018	-0.5512	0.0005
6.1765	0.0000	-0.0013	-0.5152	0.0089
6.1770	0.0003	0.0016	-0.4848	0.0043
6.1775	0.0005	-0.0045	-0.4582	-0.0045
6.1780	0.0002	-0.0008	-0.4328	0.0060
6.1785	-0.0000	-0.0017	-0.3972	0.0015
6.1790	-0.0001	0.0037	-0.3647	-0.0035
6.1795	0.0005	-0.0002	-0.3376	0.0062
6.1800	0.0003	-0.0010	-0.3126	-0.0006
6.1805	0.0006	0.0001	-0.2824	-0.0010
6.1810	0.0001	-0.0012	-0.2452	0.0010
6.1815	0.0002	0.0063	-0.2178	0.0021
6.1820	-0.0000	-0.0004	-0.1898	0.0065
6.1825	0.0007	-0.0016	-0.1587	-0.0033
6.1830	0.0006	-0.0028	-0.1268	0.0031
6.1835	-0.0000	-0.0012	-0.0952	-0.0014
6.1840	0.0004	-0.0046	-0.0684	0.0050
6.1845	0.0007	-0.0002	-0.0403	0.0038
6.1850	0.0006	-0.0027	-0.0109	0.0050
6.1855	0.0003	-0.0031	0.0134	0.0003
6.1860	0.0004	-0.0030	0.0286	-0.0032
6.1865	0.0004	0.0009	0.0724	0.0030
6.1870	0.0006	-0.0060	0.1226	0.0040
6.1875	0.0004	0.0002	0.1442	0.0007
6.1880	0.0008	-0.0014	0.1511	-0.0042
6.1885	0.0007	-0.0050	0.1875	0.0042
6.1890	0.0004	-0.0040	0.2412	0.0058
6.1895	0.0004	0.0004	0.2669	0.0059
6.1900	0.0005	-0.0023	0.2727	0.0035
6.1905	0.0007	-0.0002	0.3034	0.0029
6.1910	0.0005	-0.0019	0.3558	0.0066
6.1915	0.0005	0.0024	0.3851	0.0098
6.1920	0.0006	-0.0023	0.3934	0.0067
6.1925	0.0005	0.0001	0.4245	0.0052
6.1930	0.0006	-0.0057	0.4720	0.0034
6.1935	0.0008	-0.0029	0.5034	0.0007
6.1940	0.0007	-0.0020	0.5130	0.0041
6.1945	0.0011	0.0035	0.5361	0.0041
6.1950	0.0010	-0.0026	0.5854	0.0060
6.1955	0.0006	-0.0039	0.6211	0.0048
6.1960	0.0009	-0.0015	0.6325	0.0012
6.1965	0.0008	0.0018	0.6541	0.0110
6.1970	0.0007	-0.0035	0.6974	0.0018
6.1975	0.0011	-0.0029	0.7361	0.0048
6.1980	0.0010	-0.0016	0.7500	0.0066
6.1985	0.0007	-0.0016	0.7661	0.0079
6.1990	0.0013	-0.0035	0.8079	0.0092
6.1995	0.0005	-0.0017	0.8508	0.0090
6.2000	0.0010	-0.0048	0.8619	0.0004
6.2005	0.0011	-0.0008	0.8773	0.0109
6.2010	0.0010	0.0039	0.9157	0.0017
6.2015	0.0008	-0.0018	0.9582	0.0022
6.2020	0.0007	0.0013	0.9733	0.0149
6.2025	0.0006	0.0013	0.9857	0.0042
6.2030	0.0008	-0.0003	1.0199	0.0149
6.2035	0.0009	-0.0000	1.0658	0.0057
6.2040	0.0010	0.0004	1.0857	0.0122
6.2045	0.0009	0.0002	1.0942	0.0148
6.2050	0.0011	-0.0030	1.1262	0.0084
6.2055	0.0008	0.0009	1.1643	0.0081
6.2060	0.0007	0.0016	1.1736	0.0136
6.2065	0.0008	-0.0004	1.1954	0.0046
6.2070	0.0012	0.0021	1.2389	0.0057
6.2075	0.0009	-0.0006	1.2708	0.0071
6.2080	0.0008	-0.0020	1.2704	0.0131
6.2085	0.0008	-0.0010	1.2603	0.0080
6.2090	0.0007	0.0016	1.3158	0.0118
6.2095	0.0007	-0.0005	1.4025	0.0115
6.2100	0.0014	-0.0036	1.3720	0.0049
6.2105	0.0009	-0.0002	1.3500	0.0153
6.2110	0.0015	-0.0054	1.4374	0.0133
6.2115	0.0012	-0.0005	1.5099	0.0093
6.2120	0.0007	0.0018	1.4792	0.0098
6.2125	0.0014	-0.0039	1.4462	0.0120
6.2130	0.0007	-0.0023	1.5174	0.0080
6.2135	0.0010	0.0001	1.5998	0.0112
6.2140	0.0012	-0.0020	1.5838	0.0155
6.2145	0.0010	-0.0034	1.5411	0.0081
6.2150	0.0011	-0.0010	1.5976	0.0093
6.2155	0.0010	0.0023	1.6835	0.0092
6.2160	0.0009	-0.0026	1.6835	0.0066
6.2165	0.0011	-0.0000	1.6348	0.0104
6.2170	0.0016	-0.0024	1.6702	0.0145
6.2175	0.0012	-0.0038	1.7633	0.0123
6.2180	0.0013	0.0001	1.7763	0.0133
6.2185	0.0011	-0.0007	1.7256	0.0073
6.2190	0.0009	-0.0034	1.7419	0.0145
6.2195	0.0015	-0.0008	1.8318	0.0149
6.2200	0.0014	-0.0020	1.8636	0.0101
6.2205	0.0010	-0.0026	1.8149	0.0128
6.2210	0.0013	-0.0038	1.8162	0.0070
6.2215	0.0013	-0.0002	1.8987	0.0084
6.2220	0.0013	0.0034	1.9395	0.0123
6.2225	0.0018	-0.0044	1.8995	0.0119
6.2230	0.0010	0.0009	1.8859	0.0157
6.2235	0.0014	0.0007	1.9573	0.0118
6.2240	0.0008	-0.0028	2.0131	0.0093
6.2245	0.0016	0.0018	1.9793	0.0124
6.2250	0.0012	-0.0032	1.9557	0.0171
6.2255	0.0011	-0.0021	2.0142	0.0129
6.2260	0.0015	-0.0018	2.0776	0.0103
6.2265	0.0011	-0.0014	2.0566	0.0118
6.2270	0.0012	-0.0033	2.0175	0.0151
6.2275	0.0016	-0.0041	2.0673	0.0149
6.2280	0.0013	0.0002	2.1355	0.0092
6.2285	0.0017	-0.0032	2.1212	0.0211
6.2290	0.0015	0.0015	2.0784	0.0182
6.2295	0.0012	0.0015	2.1138	0.0135
6.2300	0.0013	-0.0025	2.1850	0.0139
6.2305	0.0015	-0.0002	2.1896	0.0154
6.2310	0.0013	-0.0008	2.1379	0.0176
6.2315	0.0013	-0.0020	2.1532	0.0150
6.2320	0.0021	-0.0014	2.2266	0.0120
6.2325	0.0018	-0.0011	2.2411	0.0144
6.2330	0.0014	-0.0007	2.1924	0.0093
6.2335	0.0014	-0.0002	2.1896	0.0154
6.2340	0.0015	-0.0032	2.2622	0.0150
6.2345	0.0014	-0.0021	2.2888	0.0141
6.2350	0.0015	-0.0018	2.2418	0.0154
6.2355	0.0013	0.0017	2.2235	0.0113
6.2360	0.0018	0.0005	2.2855	0.0136
6.2365	0.0018	0.0020	2.3273	0.0154
6.2370	0.0017	-0.0006	2.2837	0.0091
6.2375	0.0018	-0.0010	2.2569	0.0128
6.2380	0.0015	-0.0013	2.3058	0.0094
6.2385	0.0012	0.0024	2.3599	0.0130
6.2390	0.0020	-0.0019	2.3232	0.0161
6.2395	0.0016	-0.0003	2.2826	0.0207
6.2400	0.0019	-0.0015	2.3253	0.0191
6.2405	0.0019	0.0018	2.3820	0.0119
6.2410	0.0014	0.0001	2.3537	0.0166
6.2415	0.0018	-0.0003	2.3071	0.0155
6.2420	0.0018	-0.0013	2.3356	0.0247
6.2425	0.0018	-0.0018	2.3934	0.0141
6.2430	0.0016	0.0015	2.3792	0.0145
6.2435	0.0017	0.0006	2.3260	0.0187
6.2440	0.0016	-0.0039	2.3378	0.0117
6.2445	0.0016	-0.0029	2.3997	0.0143
6.2450	0.0015	0.0012	2.3966	0.0169
6.2455	0.0018	0.0004	2.3396	0.0119
6.2460	0.0016	0.0009	2.3351	0.0140
6.2465	0.0017	-0.0041	2.3966	0.0149
6.2470	0.0017	0.0017	2.4056	0.0194
6.2475	0.0017	-0.0042	2.3514	0.0132
6.2480	0.0016	-0.0017	2.3341	0.0166
6.2485	0.0017	0.0008	2.3855	0.0150
6.2490	0.0013	0.0001	2.4048	0.0190
6.2495	0.0019	0.0050	2.3534	0.0212
6.2500	0.0017	0.0028	2.3243	0.0153
6.2505	0.0017	-0.0020	2.3717	0.0142
6.2510	0.0019	-0.0005	2.4004	0.0108
6.2515	0.0014	-0.0022	2.3499	0.0174
6.2520	0.0020	0.0018	2.3094	0.0214
6.2525	0.0018	0.0015	2.3478	0.0157
6.2530	0.0019	0.0004	2.3845	0.0193
6.2535	0.0022	0.0012	2.3458	0.0154
6.2540	0.0018	0.0013	2.2949	0.0150
6.2545	0.0014	-0.0039	2.3174	0.0118
6.2550	0.0017	0.0008	2.3613	0.0171
6.2555	0.0016	-0.0035	2.3304	0.0196
6.2560	0.0019	0.0004	2.2718	0.0132
6.2565	0.0019	-0.0018	2.2830	0.0175
6.2570	0.0017	-0.0009	2.3305	0.0208
6.2575	0.0019	-0.0023	2.3064	0.0143
6.2580	0.0015	-0.0035	2.2464	0.0142
6.2585	0.0020	-0.0006	2.2449	0.0162
6.2590	0.0020	0.0016	2.2919	0.0171
6.2595	0.0020	-0.0067	2.2839	0.0143
6.2600	0.0018	0.0002	2.2173	0.0204
6.2605	0.0019	-0.0002	2.2023	0.0239
6.2610	0.0016	0.0024	2.2431	0.0138
6.2615	0.0019	-0.0004	2.2442	0.0133
6.2620	0.0022	0.0009	2.1830	0.0254
6.2625	0.0021	-0.0009	2.1503	0.0169
6.2630	0.0018	-0.0002	2.1886	0.0173
6.2635	0.0018	-0.0004	2.2007	0.0126
6.2640	0.0017	0.0033	2.1432	0.0166
6.2645	0.0017	0.0003	2.0965	0.0156
6.2650	0.0017	0.0009	2.1273	0.0162
6.2655	0.0020	0.0017	2.1491	0.0151
6.2660	0.0023	-0.0029	2.0961	0.0144
6.2665	0.0015	0.0006	2.0420	0.0193
6.2670	0.0021	0.0005	2.0587	0.0150
6.2675	0.0018	-0.0020	2.0888	0.0160
6.2680	0.0019	-0.0001	2.0459	0.0104
6.2685	0.0015	-0.0014	1.9832	0.0187
6.2690	0.0022	-0.0004	1.9883	0.0176
6.2695	0.0016	-0.0043	2.0188	0.0128
6.2700	0.0020	0.0010	1.9880	0.0119
6.2705	0.0020	-0.0007	1.9201	0.0148
6.2710	0.0015	-0.0043	1.9105	0.0094
6.2715	0.0017	-0.0003	1.9457	0.0166
6.2720	0.0016	-0.0020	1.9238	0.0117
6.2725	0.0020	-0.0034	1.8530	0.0153
6.2730	0.0017	-0.0035	1.8323	0.0173
6.2735	0.0017	-0.0037	1.8668	0.0120
6.2740	0.0016	0.0035	1.8529	0.0143
6.2745	0.0016	0.0010	1.7855	0.0131
6.2750	0.0015	0.0019	1.7503	0.0207
6.2755	0.0015	-0.0009	1.7771	0.0207
6.2760	0.0018	-0.0038	1.7767	0.0143
6.2765	0.0015	-0.0017	1.7124	0.0156
6.2770	0.0014	0.0016	1.6646	0.0121
6.2775	0.0015	-0.0008	1.6838	0.0191
6.2780	0.0017	0.0011	1.6952	0.0141
6.2785	0.0019	0.0013	1.6333	0.0150
6.2790	0.0017	-0.0045	1.5763	0.0176
6.2795	0.0016	-0.0008	1.5881	0.0180
6.2800	0.0016	-0.0000	1.6045	0.0141
6.2805	0.0016	0.0017	1.5513	0.0150
6.2810	0.0013	-0.0024	1.4852	0.0156
6.2815	0.0016	-0.0026	1.4885	0.0173
6.2820	0.0010	-0.0006	1.5047	0.0081
6.2825	0.0019	-0.0034	1.4626	0.0172
6.2830	0.0014	-0.0006	1.3937	0.0157
6.2835	0.0014	0.0005	1.3828	0.0126
6.2840	0.0015	-0.0002	1.4024	0.0103
6.2845	0.0015	-0.0020	1.3702	0.0129
6.2850	0.0011	-0.0004	1.2986	0.0111
6.2855	0.0013	-0.0022	1.2781	0.0122
6.2860	0.0015	-0.0002	1.2961	0.0131
6.2865	0.0017	-0.0004	1.2726	0.0109
6.2870	0.0011	-0.0039	1.2060	0.0124
6.2875	0.0019	0.0012	1.1697	0.0145
6.2880	0.0013	0.0011	1.1820	0.0206
6.2885	0.0016	-0.0037	1.1699	0.0170
6.2890	0.0017	0.0014	1.1098	0.0114
6.2895	0.0010	-0.0017	1.0622	0.0087
6.2900	0.0013	-0.0016	1.0703	0.0114
6.2905	0.0016	-0.0029	1.0617	0.0207
6.2910	0.0010	-0.0005	1.0034	0.0165
6.2915	0.0012	0.0004	0.9533	0.0091
6.2920	0.0015	0.0005	0.9521	0.0142
6.2925	0.0011	-0.0002	0.9547	0.0181
6.2930	0.0014	-0.0003	0.9017	0.0126
6.2935	0.0014	-0.0020	0.8431	0.0110
6.2940	0.0016	-0.0002	0.8353	0.0087
6.2945	0.0016	-0.0026	0.8347	0.0149
6.2950	0.0012	0.0015	0.7959	0.0140
6.2955	0.0016	-0.0020	0.7349	0.0092
6.2960	0.0010	0.0032	0.7151	0.0131
6.2965	0.0012	0.0010	0.7208	0.0131
6.2970	0.0013	-0.0011	0.6830	0.0139
6.2975	0.0014	-0.0020	0.6207	0.0124
6.2980	0.0012	0.0023	0.5948	0.0120
6.2985	0.0011	-0.0023	0.5962	0.0060
6.2990	0.0013	0.0030	0.5664	0.0135
6.2995	0.0013	-0.0008	0.5100	0.0111
6.3000	0.0013	-0.0002	0.4749	0.0151
6.3005	0.0008	0.0007	0.4704	0.0114
6.3010	0.0006	-0.0029	0.4508	0.0122
6.3015	0.0012	-0.0014	0.3961	0.0133
6.3020	0.0012	-0.0024	0.3535	0.0089
6.3025	0.0014	0.0004	0.3458	0.0148
6.3030	0.0012	-0.0007	0.3302	0.0112
6.3035	0.0010	-0.0023	0.2799	0.0073
6.3040	0.0014	0.0018	0.2354	0.0065
6.3045	0.0010	0.0001	0.2196	0.0112
6.3050	0.0011	-0.0005	0.2069	0.0052
6.3055	0.0013	0.0001	0.1664	0.0110
6.3060	0.0011	-0.0044	0.1169	0.0078
6.3065	0.0011	-0.0020	0.0987	0.0182
6.3070	0.0012	0.0068	0.0843	0.0125
6.3075	0.0009	-0.0030	0.0471	0.0068
6.3080	0.0007	0.0030	0.0061	0.0056
6.3085	0.0007	-0.0013	-0.0100	0.0029
6.3090	0.0007	-0.0020	-0.0202	0.0123
6.3095	0.0008	-0.0009	-0.0482	0.0069
6.3100	0.0007	-0.0012	-0.0958	0.0073
6.3105	0.0010	-0.0043	-0.1491	-0.0005
6.3110	0.0008	-0.0013	-0.1783	0.0068
6.3115	0.0007	-0.0014	-0.1828	0.0090
6.3120	0.0007	0.0009	-0.2056	0.0092
6.3125	0.0012	-0.0023	-0.2617	0.0083
6.3130	0.0005	-0.0031	-0.2989	0.0017
6.3135	0.0005	-0.0003	-0.3029	0.0130
6.3140	0.0007	-0.0017	-0.3206	0.0097
6.3145	0.0006	0.0017	-0.3744	0.0026
6.3150	0.0009	-0.0020	-0.4183	0.0047
6.3155	0.0005	-0.0013	-0.4214	0.0066
6.3160	0.0007	-0.0044	-0.4378	0.0112
6.3165	0.0007	0.0015	-0.4843	0.0049
6.3170	0.0006	-0.0002	-0.5218	0.0063
6.3175	0.0010	-0.0044	-0.5385	0.0017
6.3180	0.0011	-0.0006	-0.5627	0.0038
6.3185	0.0009	-0.0021	-0.6043	0.0050
6.3190	0.0009	-0.0020	-0.6404	0.0061
6.3195	0.0009	0.0030	-0.6573	0.0082
6.3200	0.0007	0.0006	-0.6793	0.0041
6.3205	0.0007	-0.0005	-0.7166	0.0067
6.3210	0.0005	0.0016	-0.7535	0.0052
6.3215	0.0004	-0.0017	-0.7742	-0.0002
6.3220	0.0008	0.0004	-0.7910	0.0089
6.3225	0.0004	-0.0030	-0.8268	0.0060
6.3230	0.0007	0.0011	-0.8617	0.0012
6.3235	0.0006	0.0009	-0.8897	0.0006
6.3240	0.0000	-0.0017	-0.9058	0.0063
6.3245	0.0009	0.0011	-0.9352	0.0029
6.3250	0.0010	-0.0041	-0.9733	0.0015
6.3255	0.0004	-0.0032	-0.9986	-0.0003
6.3260	0.0006	-0.0012	-1.0151	0.0029
6.3265	0.0005	-0.0043	-1.0422	0.0094
6.3270	0.0004	-0.0004	-1.0767	0.0039
6.3275	0.0001	-0.0025	-1.1083	0.0027
6.3280	0.0001	-0.0028	-1.1200	0.0037
6.3285	0.0003	-0.0003	-1.1456	-0.0016
6.3290	0.0009	-0.0022	-1.1797	-0.0007
6.3295	0.0006	0.0045	-1.2095	0.0065
6.3300	0.0005	0.0027	-1.2251	0.0045
6.3305	0.0003	-0.0016	-1.2483	0.0048
6.3310	0.0008	-0.0001	-1.2740	0.0087
6.3315	0.0006	-0.0002	-1.2937	0.0020
6.3320	0.0005	0.0009	-1.3054	0.0003
6.3325	0.0006	-0.0050	-1.3483	-0.0024
6.3330	0.0005	-0.0030	-1.3722	0.0057
6.3335	0.0002	0.0004	-1.3960	0.0014
6.3340	0.0006	-0.0018	-1.4261	0.0011
6.3345	0.0003	-0.0031	-1.4335	-0.0002
6.3350	0.0005	-0.0051	-1.4683	0.0070
6.3355	0.0004	-0.0052	-1.5092	0.0037
6.3360	0.0005	0.0032	-1.5236	0.0024
6.3365	0.0004	-0.0032	-1.5247	0.0067
6.3370	0.0005	-0.0047	-1.5587	0.0029
6.3375	0.0003	0.0006	-1.5968	-0.0024
6.3380	-0.0003	0.0003	-1.6116	0.0028
6.3385	0.0010	0.0027	-1.6139	0.0012
6.3390	0.0004	0.0039	-1.6434	0.0028
6.3395	0.0004	0.0007	-1.6825	-0.0001
6.3400	0.0002	-0.0026	-1.7016	-0.0012
6.3405	0.0001	-0.0002	-1.6987	0.0058
6.3410	-0.0000	0.0027	-1.7242	-0.0035
6.3415	0.0002	0.0012	-1.7623	0.0011
6.3420	0.0003	0.0004	-1.7819	0.0012
6.3425	0.0005	-0.0017	-1.7846	0.0014
6.3430	0.0001	0.0014	-1.7997	0.0010
6.3435	0.0001	0.0022	-1.8381	-0.0004
6.3440	0.0004	-0.0009	-1.8602	0.0036
6.3445	-0.0003	0.0024	-1.8619	-0.0017
6.3450	0.0004	-0.0004	-1.8731	-0.0020
6.3455	0.0004	-0.0014	-1.9073	0.0045
6.3460	0.0005	0.0009	-1.9298	0.0003
6.3465	-0.0000	-0.0011	-1.9363	0.0018
6.3470	-0.0000	0.0015	-1.9431	-0.0053
6.3475	0.0000	-0.0009	-1.9675	0.0074
6.3480	0.0002	-0.0005	-1.9988	-0.0023
6.3485	0.0003	-0.0011	-2.0028	0.0014
6.3490	0.0001	-0.0013	-2.0052	-0.0022
6.3495	-0.0001	0.0003	-2.0298	-0.0024
6.3500	-0.0002	-0.0047	-2.0570	-0.0001
6.3505	0.0003	-0.0001	-2.0673	-0.0024
6.3510	-0.0004	0.0009	-2.0663	-0.0010
6.3515	0.0000	0.0017	-2.0842	-0.0001
6.3520	-0.0000	0.0008	-2.1115	-0.0067
6.3525	0.0000	0.0016	-2.1264	0.0043
6.3530	0.0003	0.0001	-2.1223	-0.0017
6.3535	0.0002	-0.0017	-2.1308	-0.0004
6.3540	-0.0001	0.0008	-2.1578	-0.0005
6.3545	-0.0003	-0.0003	-2.1746	-0.0054
6.3550	-0.0003	-0.0007	-2.1665	0.0012
6.3555	0.0001	-0.0000	-2.1753	0.0001
6.3560	0.0001	-0.0013	-2.1969	-0.0050
6.3565	-0.0001	0.0015	-2.2171	0.0019
6.3570	-0.0001	0.0033	-2.2127	-0.0032
6.3575	0.0001	-0.0012	-2.2128	-0.0047
6.3580	-0.0004	-0.0014	-2.2329	-0.0011
6.3585	-0.0004	-0.0031	-2.2526	0.0032
6.3590	0.0001	-0.0021	-2.2525	-0.0079
6.3595	-0.0002	-0.0029	-2.2462	-0.0032
6.3600	-0.0004	-0.0003	-2.2626	-0.0038
6.3605	-0.0003	-0.0022	-2.2818	0.0004
6.3610	-0.0001	-0.0002	-2.2843	-0.0034
6.3615	-0.0000	-0.0017	-2.2736	-0.0014
6.3620	0.0003	-0.0012	-2.2834	-0.0061
6.3625	-0.0001	-0.0026	-2.3044	-0.0069
6.3630	-0.0002	0.0013	-2.3108	0.0012
6.3635	-0.0002	0.0001	-2.2988	-0.0045
6.3640	0.0000	0.0001	-2.3024	0.0018
6.3645	-0.0004	-0.0074	-2.3214	-0.0064
6.3650	-0.0002	0.0002	-2.3288	-0.0106
6.3655	0.0001	-0.0019	-2.3145	-0.0038
6.3660	-0.0004	-0.0001	-2.3136	0.0036
6.3665	-0.0003	-0.0020	-2.3311	-0.0024
6.3670	-0.0007	-0.0040	-2.3382	-0.0032
6.3675	-0.0001	0.0006	-2.3299	0.0020
6.3680	-0.0003	0.0001	-2.3197	-0.0085
6.3685	-0.0005	0.0021	-2.3343	0.0004
6.3690	-0.0001	0.0003	-2.3455	-0.0016
6.3695	-0.0001	-0.0003	-2.3367	-0.0096
6.3700	-0.0006	0.0001	-2.3223	-0.0059
6.3705	-0.0005	-0.0038	-2.3325	-0.0023
6.3710	-0.0007	0.0054	-2.3458	-0.0069
6.3715	-0.0001	-0.0008	-2.3376	-0.0032
6.3720	-0.0003	0.0008	-2.3206	-0.0093
6.3725	-0.0006	0.0014	-2.3228	-0.0089
6.3730	-0.0000	0.0012	-2.3311	-0.0009
6.3735	0.0000	0.0021	-2.3292	-0.0044
6.3740	-0.0006	-0.0019	-2.3108	-0.0098
6.3745	0.0000	0.0006	-2.3099	-0.0024
6.3750	-0.0006	0.0015	-2.3179	-0.0089
6.3755	-0.0007	-0.0047	-2.3128	-0.0065
6.3760	-0.0004	0.0010	-2.2980	-0.0075
6.3765	-0.0004	0.0003	-2.2905	-0.0059
6.3770	0.0001	-0.0009	-2.2949	-0.0085
6.3775	-0.0001	-0.0014	-2.2640	-0.0086
6.3780	-0.0003	0.0006	-2.2262	-0.0089
6.3785	-0.0001	0.0001	-2.2096	-0.0054
6.3790	-0.0004	0.0014	-2.2165	-0.0063
6.3795	-0.0002	0.0004	-2.2193	-0.0073
6.3800	-0.0002	0.0009	-2.1959	-0.0125
6.3805	-0.0000	0.0001	-2.1754	-0.0074
6.3810	-0.0001	0.0001	-2.1803	-0.0098
6.3815	-0.0005	-0.0020	-2.1932	-0.0047
6.3820	-0.0002	-0.0029	-2.1732	-0.0015
6.3825	-0.0001	-0.0005	-2.1485	-0.0099
6.3830	-0.0003	-0.0014	-2.1475	-0.0062
6.3835	0.0000	-0.0004	-2.1581	0.0012
6.3840	-0.0003	0.0040	-2.1414	-0.0099
6.3845	-0.0004	-0.0051	-2.1129	-0.0023
6.3850	-0.0006	0.0006	-2.1064	-0.0077
6.3855	-0.0004	-0.0008	-2.1149	-0.0030
6.3860	-0.0004	0.0009	-2.1023	-0.0083
6.3865	-0.0003	-0.0027	-2.0722	-0.0040
6.3870	-0.0003	-0.0041	-2.0607	-0.0100
6.3875	-0.0005	0.0024	-2.0642	-0.0031
6.3880	-0.0004	0.0015	-2.0582	-0.0064
6.3885	-0.0003	-0.0012	-2.0250	-0.0013
6.3890	-0.0002	0.0015	-2.0080	-0.0082
6.3895	-0.0002	-0.0028	-2.0124	-0.0093
6.3900	-0.0001	-0.0010	-2.0076	-0.0088
6.3905	-0.0006	-0.0044	-1.9743	-0.0082
6.3910	0.0000	0.0030	-1.9490	-0.0044
6.3915	-0.0003	0.0004	-1.9548	-0.0095
6.3920	-0.0005	-0.0023	-1.9488	-0.0059
6.3925	-0.0003	-0.0026	-1.9203	-0.0012
6.3930	-0.0004	-0.0026	-1.8900	-0.0025
6.3935	-0.0006	-0.0044	-1.8857	-0.0100
6.3940	-0.0002	-0.0004	-1.8837	-0.0090
6.3945	-0.0005	-0.0021	-1.8586	-0.0065
6.3950	-0.0002	-0.0001	-1.8254	-0.0011
6.3955	-0.0005	-0.0021	-1.8172	-0.0079
6.3960	-0.0007	0.0016	-1.8169	-0.0024
6.3965	-0.0001	-0.0017	-1.7913	-0.0044
6.3970	-0.0003	0.0024	-1.7565	-0.0017
6.3975	-0.0001	-0.0026	-1.7445	-0.0019
6.3980	-0.0005	-0.0005	-1.7404	-0.0090
6.3985	-0.0004	-0.0021	-1.7189	-0.0021
6.3990	-0.0005	-0.0068	-1.6821	-0.0013
6.3995	-0.0004	-0.0011	-1.6622	-0.0048
6.4000	-0.0002	0.0012	-1.6599	-0.0034
6.4005	0.0001	-0.0020	-1.6402	-0.0046
6.4010	-0.0001	-0.0026	-1.6033	-0.0033
6.4015	-0.0002	-0.0026	-1.5787	-0.0033
6.4020	-0.0005	-0.0045	-1.5745	-0.0011
6.4025	-0.0000	0.0012	-1.5605	-0.0006
6.4030	-0.0003	0.0021	-1.5235	-0.0002
6.4035	-0.0001	-0.0024	-1.4926	-0.0040
6.4040	-0.0002	0.0021	-1.4841	-0.0084
6.4045	-0.0002	-0.0010	-1.4717	-0.0084
6.4050	0.0002	0.0008	-1.4391	-0.0022
6.4055	-0.0003	-0.0026	-1.4016	0.0025
6.4060	0.0002	-0.0020	-1.3908	-0.0118
6.4065	-0.0000	0.0034	-1.3811	-0.0030
6.4070	-0.0001	0.0031	-1.3500	-0.0076
6.4075	-0.0001	-0.0030	-1.3128	0.0003
6.4080	0.0001	-0.0014	-1.2937	0.0018
6.4085	-0.0005	-0.0033	-1.2832	-0.0069
6.4090	0.0002	-0.0014	-1.2547	-0.0056
6.4095	0.0000	-0.0000	-1.2154	-0.0031
6.4100	0.0003	-0.0015	-1.1942	-0.0047
6.4105	-0.0004	-0.0002	-1.1841	-0.0016
6.4110	-0.0001	-0.0001	-1.1581	-0.0003
6.4115	0.0001	-0.0018	-1.1188	-0.0025
6.4120	0.0003	0.0023	-1.0916	0.0012
6.4125	-0.0001	-0.0008	-1.0797	-0.0080
6.4130	0.0004	-0.0007	-1.0547	-0.0010
6.4135	0.0004	0.0036	-1.0166	-0.0014
6.4140	0.0000	0.0009	-0.9874	-0.0030
6.4145	0.0000	0.0030	-0.9720	0.0011
6.4150	-0.0000	0.0025	-0.9495	-0.0052
6.4155	-0.0002	-0.0006	-0.9148	-0.0044
6.4160	-0.0001	-0.0035	-0.8791	0.0040
6.4165	0.0001	0.0027	-0.8609	-0.0065
6.4170	0.0002	-0.0020	-0.8436	-0.0031
6.4175	0.0001	0.0033	-0.8083	0.0014
6.4180	0.0001	-0.0005	-0.7682	0.0035
6.4185	0.0001	0.0011	-0.7466	-0.0059
6.4190	0.0003	-0.0029	-0.7319	-0.0012
6.4195	0.0000	-0.0044	-0.6973	-0.0007
6.4200	0.0001	-0.0008	-0.6601	-0.0031
6.4205	0.0002	0.0029	-0.6366	0.0001
6.4210	-0.0001	-0.0026	-0.6155	-0.0051
6.4215	0.0003	0.0002	-0.5881	0.0024
6.4220	0.0002	-0.0007	-0.5485	0.0005
6.4225	0.0002	-0.0008	-0.5214	0.0028
6.4230	0.0000	0.0006	-0.5013	-0.0004
6.4235	0.0001	0.0004	-0.4743	0.0003
6.4240	0.0002	0.0002	-0.4378	-0.0019
6.4245	0.0004	-0.0022	-0.4061	0.0016
6.4250	0.0004	-0.0027	-0.3868	0.0011
6.4255	0.0001	-0.0030	-0.3611	-0.0002
6.4260	0.0005	-0.0012	-0.3240	-0.0026
6.4265	0.0005	-0.0019	-0.2915	0.0000
6.4270	0.0006	0.0034	-0.2714	0.0034
6.4275	0.0004	0.0048	-0.2442	0.0056
6.4280	-0.0001	0.0027	-0.2078	0.0038
6.4285	0.0002	0.0018	-0.1757	-0.0050
6.4290	0.0002	0.0010	-0.1503	0.0010
6.4295	0.0005	-0.0022	-0.1298	-0.0053
6.4300	0.0002	-0.0006	-0.0961	0.0057
6.4305	0.0004	-0.0027	-0.0624	0.0071
6.4310	0.0003	-0.0046	-0.0361	0.0071
6.4315	0.0004	0.0027	-0.0130	-0.0067
6.4320	0.0005	-0.0020	0.0108	0.0078
6.4325	0.0001	-0.0015	0.0288	0.0028
6.4330	0.0009	0.0014	0.0684	0.0083
6.4335	0.0003	0.0017	0.1161	-0.0016
6.4340	0.0006	-0.0032	0.1400	0.0087
6.4345	0.0005	-0.0023	0.1466	0.0103
6.4350	0.0006	-0.0037	0.1797	0.0032
6.4355	0.0010	0.0004	0.2301	0.0058
6.4360	0.0007	-0.0019	0.2586	0.0035
6.4365	0.0005	0.0001	0.2642	0.0040
6.4370	0.0005	-0.0020	0.2901	0.0052
6.4375	0.0007	0.0011	0.3394	0.0051
6.4380	0.0002	-0.0033	0.3720	0.0072
6.4385	0.0006	0.0035	0.3794	0.0018
6.4390	0.0005	0.0010	0.4070	0.0041
6.4395	0.0003	0.0010	0.4517	0.0053
6.4400	0.0008	-0.0053	0.4842	0.0055
6.4405	0.0005	0.0042	0.4965	0.0021
6.4410	0.0009	0.0006	0.5175	0.0045
6.4415	0.0008	-0.0036	0.5630	0.0063
6.4420	0.0006	0.0008	0.5965	0.0077
6.4425	0.0008	0.0008	0.6094	0.0046
6.4430	0.0005	-0.0045	0.6267	0.0080
6.4435	0.0007	0.0030	0.6701	0.0071
6.4440	0.0008	-0.0026	0.7079	0.0005
6.4445	0.0008	-0.0014	0.7208	0.0072
6.4450	0.0010	-0.0017	0.7368	0.0086
6.4455	0.0009	0.0011	0.7753	0.0035
6.4460	0.0005	-0.0017	0.8136	0.0052
6.4465	0.0006	0.0008	0.8312	0.0041
6.4470	0.0007	0.0009	0.8432	0.0088
6.4475	0.0008	0.0001	0.8793	0.0017
6.4480	0.0011	-0.0023	0.9225	0.0057
6.4485	0.0008	-0.0017	0.9375	0.0039
6.4490	0.0009	0.0028	0.9478	0.0087
6.4495	0.0007	-0.0028	0.9817	0.0059
6.4500	0.0008	-0.0020	1.0223	0.0079
6.4505	0.0010	-0.0005	1.0435	0.0018
6.4510	0.0006	-0.0002	1.0530	0.0051
6.4515	0.0008	0.0025	1.0773	0.0089
6.4520	0.0010	-0.0023	1.1188	0.0043
6.4525	0.0011	-0.0038	1.1282	0.0120
6.4530	0.0011	-0.0006	1.1431	0.0048
6.4535	0.0008	0.0006	1.1901	0.0005
6.4540	0.0007	-0.0035	1.2225	0.0129
6.4545	0.0009	-0.0034	1.2300	0.0069
6.4550	0.0011	0.0024	1.2351	0.0070
6.4555	0.0013	-0.0021	1.2450	0.0051
6.4560	0.0008	-0.0019	1.3060	0.0097
6.4565	0.0010	-0.0002	1.3674	0.0091
6.4570	0.0010	0.0005	1.3240	0.0068
6.4575	0.0009	-0.0021	1.3187	0.0110
6.4580	0.0009	-0.0047	1.4234	0.0098
6.4585	0.0009	-0.0021	1.4793	0.0151
6.4590	0.0009	0.0019	1.4244	0.0065
6.4595	0.0014	-0.0009	1.4068	0.0091
6.4600	0.0010	-0.0002	1.4998	0.0149
6.4605	0.0010	0.0001	1.5696	0.0094
6.4610	0.0012	-0.0031	1.5254	0.0094
6.4615	0.0011	0.0009	1.4965	0.0092
6.4620	0.0016	-0.0018	1.5726	0.0029
6.4625	0.0011	-0.0010	1.6531	0.0072
6.4630	0.0012	0.0001	1.6277	0.0114
6.4635	0.0011	-0.0002	1.5813	0.0138
6.4640	0.0011	-0.0042	1.6373	0.0122
6.4645	0.0010	0.0018	1.7264	0.0133
6.4650	0.0016	-0.0000	1.7163	0.0062
6.4655	0.0015	0.0005	1.6679	0.0105
6.4660	0.0013	-0.0002	1.7048	0.0077
6.4665	0.0014	0.0027	1.7954	0.0120
6.4670	0.0012	0.0004	1.8002	0.0091
6.4675	0.0011	-0.0008	1.7465	0.0125
6.4680	0.0012	-0.0041	1.7696	0.0157
6.4685	0.0010	0.0002	1.8595	0.0060
6.4690	0.0013	-0.0016	1.8805	0.0105
6.4695	0.0013	-0.0011	1.8268	0.0078
6.4700	0.0016	-0.0040	1.8311	0.0132
6.4705	0.0012	-0.0055	1.9152	0.0088
6.4710	0.0017	0.0038	1.9512	0.0084
6.4715	0.0015	-0.0033	1.9020	0.0121
6.4720	0.0016	-0.0004	1.8880	0.0104
6.4725	0.0014	-0.0002	1.9655	0.0124
6.4730	0.0018	0.0012	2.0155	0.0180
6.4735	0.0013	-0.0037	1.9739	0.0108
6.4740	0.0011	0.0001	1.9472	0.0067
6.4745	0.0011	0.0004	2.0093	0.0108
6.4750	0.0016	-0.0010	2.0710	0.0100
6.4755	0.0014	0.0005	2.0433	0.0074
6.4760	0.0018	-0.0005	2.0062	0.0134
6.4765	0.0014	0.0025	2.0489	0.0140
6.4770	0.0014	-0.0041	2.1193	0.0092
6.4775	0.0017	-0.0024	2.1052	0.0117
6.4780	0.0015	-0.0005	2.0586	0.0110
6.4785	0.0015	-0.0029	2.0902	0.0141
6.4790	0.0016	0.0010	2.1553	0.0169
6.4795	0.0016	-0.0033	2.1579	0.0165
6.4800	0.0009	-0.0004	2.1094	0.0052
6.4805	0.0016	-0.0004	2.1235	0.0162
6.4810	0.0016	-0.0019	2.1884	0.0157
6.4815	0.0014	0.0009	2.2006	0.0149
6.4820	0.0017	-0.0018	2.1560	0.0120
6.4825	0.0019	-0.0015	2.1561	0.0155
6.4830	0.0013	0.0007	2.2155	0.0101
6.4835	0.0016	-0.0000	2.2368	0.0160
6.4840	0.0013	-0.0018	2.1944	0.0119
6.4845	0.0015	-0.0025	2.1832	0.0131
6.4850	0.0016	-0.0010	2.2346	0.0117
6.4855	0.0012	-0.0005	2.2647	0.0173
6.4860	0.0018	-0.0016	2.2321	0.0113
6.4865	0.0017	0.0001	2.2058	0.0177
6.4870	0.0018	-0.0016	2.2442	0.0083
6.4875	0.0020	-0.0023	2.2844	0.0101
6.4880	0.0017	-0.0016	2.2587	0.0094
6.4885	0.0017	-0.0006	2.2244	0.0126
6.4890	0.0016	0.0009	2.2559	0.0110
6.4895	0.0016	0.0032	2.2983	0.0148
6.4900	0.0018	-0.0004	2.2767	0.0139
6.4905	0.0015	0.0005	2.2390	0.0175
6.4910	0.0015	-0.0043	2.2592	0.0141
6.4915	0.0015	0.0004	2.3017	0.0115
6.4920	0.0019	-0.0016	2.2925	0.0183
6.4925	0.0018	-0.0037	2.2496	0.0146
6.4930	0.0021	-0.0001	2.2577	0.0101
6.4935	0.0018	-0.0002	2.3009	0.0188
6.4940	0.0019	0.0005	2.2989	0.0159
6.4945	0.0015	-0.0019	2.2560	0.0185
6.4950	0.0018	-0.0018	2.2515	0.0152
6.4955	0.0015	-0.0032	2.2930	0.0109
6.4960	0.0014	-0.0029	2.2967	0.0146
6.4965	0.0016	0.0006	2.2558	0.0151
6.4970	0.0016	0.0001	2.2424	0.0214
6.4975	0.0019	-0.0017	2.2779	0.0195
6.4980	0.0013	0.0001	2.2895	0.0138
6.4985	0.0016	-0.0001	2.2455	0.0113
6.4990	0.0013	-0.0011	2.2238	0.0134
6.4995	0.0021	0.0042	2.2550	0.0136
6.5000	0.0013	0.0012	2.2767	0.0167
6.5005	0.0015	-0.0008	2.2378	0.0136
6.5010	0.0016	-0.0045	2.2058	0.0160
6.5015	0.0016	-0.0025	2.2292	0.0181
6.5020	0.0018	-0.0027	2.2542	0.0204
6.5025	0.0018	0.0020	2.2227	0.0151
6.5030	0.0012	-0.0040	2.1833	0.0074
6.5035	0.0013	-0.0007	2.1977	0.0105
6.5040	0.0018	-0.0029	2.2242	0.0118
6.5045	0.0015	0.0015	2.2011	0.0130
6.5050	0.0020	-0.0029	2.1529	0.0252
6.5055	0.0017	0.0003	2.1609	0.0111
6.5060	0.0013	0.0022	2.1903	0.0170
6.5065	0.0015	-0.0003	2.1677	0.0194
6.5070	0.0015	-0.0008	2.1199	0.0118
6.5075	0.0017	0.0002	2.1125	0.0098
6.5080	0.0014	0.0037	2.1450	0.0140
6.5085	0.0016	-0.0024	2.1339	0.0148
6.5090	0.0015	-0.0008	2.0805	0.0092
6.5095	0.0015	-0.0002	2.0657	0.0193
6.5100	0.0015	-0.0035	2.0955	0.0125
6.5105	0.0016	0.0001	2.0922	0.0151
6.5110	0.0020	-0.0024	2.0388	0.0139
6.5115	0.0013	-0.0000	2.0121	0.0200
6.5120	0.0016	-0.0039	2.0337	0.0143
6.5125	0.0021	-0.0001	2.0421	0.0167
6.5130	0.0019	-0.0010	1.9906	0.0193
6.5135	0.0017	-0.0037	1.9529	0.0182
6.5140	0.0018	-0.0014	1.9674	0.0202
6.5145	0.0019	0.0027	1.9820	0.0185
6.5150	0.0015	0.0014	1.9418	0.0139
6.5155	0.0018	-0.0050	1.8951	0.0135
6.5160	0.0017	-0.0012	1.8983	0.0165
6.5165	0.0018	-0.0020	1.9161	0.0181
6.5170	0.0018	-0.0024	1.8859	0.0130
6.5175	0.0014	-0.0029	1.8287	0.0128
6.5180	0.0017	-0.0028	1.8277	0.0179
6.5185	0.0018	0.0037	1.8461	0.0124
6.5190	0.0017	-0.0026	1.8183	0.0190
6.5195	0.0020	-0.0049	1.7675	0.0129
6.5200	0.0015	-0.0008	1.7501	0.0130
6.5205	0.0014	0.0004	1.7663	0.0141
6.5210	0.0015	-0.0023	1.7496	0.0111
6.5215	0.0013	-0.0001	1.6963	0.0141
6.5220	0.0014	-0.0070	1.6700	0.0072
6.5225	0.0019	-0.0038	1.6832	0.0140
6.5230	0.0015	-0.0023	1.6735	0.0173
6.5235	0.0016	0.0017	1.6214	0.0155
6.5240	0.0015	-0.0004	1.5863	0.0181
6.5245	0.0016	0.0014	1.5968	0.0119
6.5250	0.0016	-0.0028	1.5913	0.0107
6.5255	0.0017	-0.0008	1.5417	0.0112
6.5260	0.0009	0.0012	1.5040	0.0082
6.5265	0.0016	0.0001	1.5037	0.0138
6.5270	0.0014	0.0001	1.5041	0.0131
6.5275	0.0011	0.0006	1.4621	0.0077
6.5280	0.0007	0.0014	1.4146	0.0155
6.5285	0.0014	0.0024	1.4089	0.0146
6.5290	0.0015	-0.0035	1.4084	0.0109
6.5295	0.0017	-0.0013	1.3730	0.0132
6.5300	0.0011	-0.0020	1.3255	0.0175
6.5305	0.0013	0.0007	1.3125	0.0062
6.5310	0.0012	0.0001	1.3104	0.0121
6.5315	0.0016	-0.0008	1.2828	0.0128
6.5320	0.0011	-0.0038	1.2323	0.0136
6.5325	0.0014	0.0002	1.2080	0.0080
6.5330	0.0014	-0.0021	1.2122	0.0090
6.5335	0.0015	0.0012	1.1866	0.0161
6.5340	0.0013	-0.0013	1.1345	0.0061
6.5345	0.0010	-0.0000	1.1029	0.0129
6.5350	0.0015	0.0020	1.1032	0.0157
6.5355	0.0011	-0.0022	1.0861	0.0157
6.5360	0.0013	-0.0008	1.0352	0.0092
6.5365	0.0013	-0.0011	1.0014	0.0082
6.5370	0.0013	0.0027	0.9949	0.0093
6.5375	0.0016	-0.0011	0.9801	0.0142
6.5380	0.0013	0.0018	0.9363	0.0079
6.5385	0.0015	-0.0002	0.8956	0.0138
6.5390	0.0013	-0.0011	0.8862	0.0113
6.5395	0.0014	-0.0049	0.8749	0.0140
6.5400	0.0013	-0.0004	0.8338	0.0150
6.5405	0.0011	0.0009	0.7892	0.0138
6.5410	0.0012	-0.0000	0.7720	0.0103
6.5415	0.0010	0.0012	0.7656	0.0128
6.5420	0.0015	0.0009	0.7254	0.0051
6.5425	0.0013	0.0012	0.6820	0.0051
6.5430	0.0009	-0.0008	0.6614	0.0105
6.5435	0.0012	-0.0032	0.6532	0.0111
6.5440	0.0016	0.0001	0.6187	0.0042
6.5445	0.0011	-0.0006	0.5699	0.0104
6.5450	0.0015	-0.0012	0.5429	0.0099
6.5455	0.0012	-0.0010	0.5366	0.0103
6.5460	0.0013	0.0018	0.5089	0.0015
6.5465	0.0009	-0.0006	0.4618	0.0124
6.5470	0.0013	-0.0011	0.4290	0.0098
6.5475	0.0011	-0.0011	0.4186	0.0046
6.5480	0.0013	-0.0005	0.3914	0.0071
6.5485	0.0007	-0.0027	0.3517	0.0063
6.5490	0.0014	-0.0026	0.3137	0.0094
6.5495	0.0010	-0.0022	0.2997	0.0100
6.5500	0.0010	-0.0011	0.2779	0.0122
6.5505	0.0012	-0.0023	0.2383	0.0090
6.5510	0.0010	-0.0018	0.2005	0.0007
6.5515	0.0012	-0.0029	0.1790	0.0100
6.5520	0.0011	-0.0017	0.1600	0.0066
6.5525	0.0010	-0.0023	0.1236	0.0121
6.5530	0.0013	-0.0020	0.0869	0.0071
6.5535	0.0012	-0.0006	0.0632	0.0034
6.5540	0.0010	-0.0025	0.0419	0.0092
6.5545	0.0013	-0.0020	0.0129	0.0086
6.5550	0.0009	-0.0076	-0.0176	0.0006
6.5555	0.0015	-0.0037	-0.0263	0.0066
6.5560	0.0011	-0.0050	-0.0503	0.0061
6.5565	0.0013	0.0031	-0.0999	0.0077
6.5570	0.0009	-0.0030	-0.1542	0.0049
6.5575	0.0010	-0.0010	-0.1765	0.0081
6.5580	0.0008	-0.0041	-0.1730	0.0078
6.5585	0.0009	0.0029	-0.2036	0.0112
6.5590	0.0006	0.0031	-0.2608	0.0125
6.5595	0.0007	-0.0008	-0.2880	0.0133
6.5600	0.0008	-0.0014	-0.2919	0.0101
6.5605	0.0007	-0.0003	-0.3141	0.0043
6.5610	0.0007	0.0002	-0.3679	0.0032
6.5615	0.0008	-0.0020	-0.4050	0.0063
6.5620	0.0007	0.0019	-0.4058	0.0045
6.5625	0.0006	-0.0004	-0.4251	0.0060
6.5630	0.0008	0.0001	-0.4746	0.0082
6.5635	0.0003	-0.0008	-0.5065	0.0050
6.5640	0.0009	-0.0036	-0.5167	0.0091
6.5645	0.0007	0.0016	-0.5431	0.0036
6.5650	0.0009	0.0012	-0.5902	0.0014
6.5655	0.0006	-0.0024	-0.6208	0.0069
6.5660	0.0009	-0.0011	-0.6311	0.0032
6.5665	0.0008	0.0004	-0.6516	0.0039
6.5670	0.0005	-0.0002	-0.6973	0.0038
6.5675	0.0005	0.0004	-0.7312	0.0088
6.5680	0.0002	-0.0031	-0.7413	0.0093
6.5685	0.0007	-0.0015	-0.7602	0.0053
6.5690	0.0006	-0.0052	-0.8024	0.0046
6.5695	0.0006	0.0024	-0.8377	0.0053
6.5700	0.0007	-0.0021	-0.8514	0.0037
6.5705	0.0007	-0.0036	-0.8682	0.0050
6.5710	0.0002	-0.0011	-0.9047	0.0016
6.5715	0.0008	-0.0002	-0.9426	0.0058
6.5720	0.0003	-0.0025	-0.9578	0.0049
6.5725	0.0008	0.0024	-0.9723	0.0051
6.5730	0.0002	-0.0024	-1.0085	0.0025
6.5735	0.0005	-0.0060	-1.0447	0.0025
6.5740	0.0003	-0.0023	-1.0645	0.0050
6.5745	0.0003	0.0009	-1.0777	0.0039
6.5750	0.0006	-0.0007	-1.1073	0.0102
6.5755	0.0009	0.0004	-1.1447	-0.0030
6.5760	0.0003	0.0002	-1.1664	0.0027
6.5765	0.0004	-0.0030	-1.1751	-0.0058
6.5770	0.0002	0.0029	-1.2002	0.0001
6.5775	0.0002	-0.0002	-1.2414	-0.0019
6.5780	0.0008	-0.0027	-1.2572	0.0050
6.5785	0.0001	0.0012	-1.2538	0.0025
6.5790	0.0006	0.0006	-1.2775	0.0008
6.5795	-0.0000	-0.0047	-1.3413	0.0038
6.5800	0.0004	-0.0008	-1.3468	-0.0010
6.5805	0.0003	-0.0014	-1.3575	0.0042
6.5810	0.0000	-0.0008	-1.3908	0.0021
6.5815	0.0005	-0.0033	-1.4128	0.0001
6.5820	0.0007	0.0009	-1.4466	0.0067
6.5825	0.0005	-0.0010	-1.4672	0.0084
6.5830	0.0002	-0.0047	-1.4791	0.0055
6.5835	0.0002	-0.0034	-1.4995	0.0031
6.5840	0.0004	0.0037	-1.5310	-0.0014
6.5845	0.0009	-0.0007	-1.5544	0.0008
6.5850	0.0002	-0.0038	-1.5652	-0.0028
6.5855	0.0004	-0.0003	-1.5797	0.0018
6.5860	0.0001	0.0030	-1.6111	-0.0011
6.5865	0.0000	-0.0027	-1.6345	0.0022
6.5870	0.0003	-0.0035	-1.6445	0.0012
6.5875	0.0004	-0.0024	-1.6603	0.0006
6.5880	0.0004	-0.0029	-1.6863	-0.0005
6.5885	0.0000	-0.0043	-1.7122	0.0046
6.5890	0.0003	0.0004	-1.7238	-0.0031
6.5895	0.0001	-0.0044	-1.7371	-0.0031
6.5900	0.0001	0.0001	-1.7606	-0.0010
6.5905	0.0002	0.0022	-1.7858	-0.0037
6.5910	-0.0000	-0.0004	-1.7995	-0.0017
6.5915	0.0002	-0.0029	-1.8064	0.0034
6.5920	0.0002	-0.0011	-1.8295	-0.0004
6.5925	0.0000	-0.0043	-1.8530	0.0005
6.5930	0.0003	-0.0024	-1.8657	0.0040
6.5935	0.0003	-0.0004	-1.8725	-0.0019
6.5940	-0.0001	-0.0047	-1.8947	-0.0032
6.5945	0.0002	0.0017	-1.9170	-0.0002
6.5950	0.0002	-0.0038	-1.9278	0.0011
6.5955	-0.0000	-0.0038	-1.9366	-0.0007
6.5960	0.0004	-0.0023	-1.9557	-0.0016
6.5965	0.0002	-0.0005	-1.9745	0.0007
6.5970	0.0003	-0.0041	-1.9862	0.0042
6.5975	-0.0001	-0.0012	-1.9902	0.0004
6.5980	0.0001	-0.0020	-2.0065	0.0006
6.5985	0.0000	-0.0000	-2.0296	-0.0011
6.5990	-0.0001	-0.0007	-2.0389	-0.0044
6.5995	-0.0003	-0.0011	-2.0414	-0.0027
6.6000	-0.0004	-0.0032	-2.0553	-0.0037
6.6005	0.0001	-0.0009	-2.0718	-0.0012
6.6010	-0.0002	-0.0005	-2.0848	-0.0061
6.6015	-0.0003	0.0011	-2.0866	0.0024
6.6020	-0.0002	0.0018	-2.0967	-0.0030
6.6025	-0.0003	-0.0023	-2.1155	0.0000
6.6030	-0.0001	0.0025	-2.1245	0.0048
6.6035	0.0002	0.0057	-2.1271	-0.0038
6.6040	-0.0002	0.0024	-2.1306	-0.0027
6.6045	-0.0001	-0.0066	-2.1509	-0.0016
6.6050	-0.0003	-0.0002	-2.1634	-0.0064
6.6055	0.0001	-0.0017	-2.1621	-0.0003
6.6060	0.0001	0.0009	-2.1621	-0.0021
6.6065	0.0001	-0.0019	-2.1778	-0.0077
6.6070	-0.0001	-0.0026	-2.1913	0.0001
6.6075	-0.0004	-0.0020	-2.1888	-0.0005
6.6080	0.0000	-0.0042	-2.1893	0.0008
6.6085	-0.0001	0.0001	-2.2029	-0.0043
6.6090	-0.0002	-0.0005	-2.2154	-0.0033
6.6095	-0.0007	0.0008	-2.2160	-0.0047
6.6100	-0.0001	-0.0008	-2.2091	-0.0094
6.6105	-0.0002	-0.0007	-2.2187	-0.0011
6.6110	0.0002	-0.0019	-2.2289	-0.0040
6.6115	-0.0005	0.0028	-2.2327	-0.0084
6.6120	-0.0004	-0.0050	-2.2240	-0.0047
6.6125	-0.0003	-0.0022	-2.2296	-0.0098
6.6130	-0.0003	-0.0017	-2.2414	-0.0035
6.6135	-0.0005	-0.0023	-2.2403	-0.0088
6.6140	-0.0004	0.0016	-2.2363	-0.0057
6.6145	-0.0001	0.0013	-2.2366	0.0038
6.6150	-0.0002	-0.0000	-2.2469	-0.0055
6.6155	-0.0003	0.0006	-2.2499	-0.0057
6.6160	-0.0004	-0.0034	-2.2407	-0.0016
6.6165	-0.0003	-0.0002	-2.2350	-0.0073
6.6170	-0.0003	-0.0038	-2.2444	-0.0030
6.6175	-0.0002	-0.0026	-2.2484	-0.0010
6.6180	-0.0005	-0.0031	-2.2420	-0.0094
6.6185	-0.0005	0.0001	-2.2344	-0.0068
6.6190	-0.0003	0.0005	-2.2350	-0.0145
6.6195	-0.0004	0.0005	-2.2392	-0.0074
6.6200	-0.0003	-0.0029	-2.2317	-0.0059
6.6205	-0.0003	0.0049	-2.2250	-0.0013
6.6210	-0.0006	0.0012	-2.2264	-0.0034
6.6215	-0.0004	-0.0030	-2.2253	0.0004
6.6220	-0.0003	0.0003	-2.2187	-0.0076
6.6225	-0.0002	-0.0014	-2.2100	-0.0001
6.6230	-0.0005	-0.0018	-2.2115	-0.0083
6.6235	-0.0001	-0.0054	-2.2076	-0.0071
6.6240	-0.0006	0.0012	-2.1877	-0.0034
6.6245	-0.0002	-0.0023	-2.1488	0.0016
6.6250	-0.0005	-0.0041	-2.1302	-0.0082
6.6255	-0.0002	-0.0010	-2.1296	-0.0038
6.6260	-0.0006	-0.0015	-2.1244	-0.0010
6.6265	-0.0006	-0.0005	-2.1127	-0.0032
6.6270	-0.0002	0.0004	-2.0974	-0.0055
6.6275	-0.0004	0.0018	-2.0951	-0.0038
6.6280	-0.0004	0.0007	-2.0931	-0.0088
6.6285	-0.0004	-0.0002	-2.0865	-0.0040
6.6290	-0.0002	-0.0018	-2.0725	-0.0016
6.6295	-0.0005	-0.0025	-2.0638	-0.0067
6.6300	-0.0002	-0.0034	-2.0612	-0.0050
6.6305	-0.0008	-0.0030	-2.0531	-0.0021
6.6310	-0.0006	0.0040	-2.0377	-0.0043
6.6315	-0.0001	-0.0039	-2.0247	-0.0063
6.6320	-0.0006	-0.0003	-2.0199	-0.0028
6.6325	-0.0004	-0.0023	-2.0148	-0.0045
6.6330	-0.0005	-0.0015	-1.9967	-0.0120
6.6335	-0.0003	-0.0028	-1.9798	-0.0051
6.6340	-0.0003	-0.0036	-1.9758	0.0003
6.6345	-0.0004	-0.0012	-1.9702	-0.0003
6.6350	-0.0003	-0.0024	-1.9518	-0.0090
6.6355	-0.0002	0.0003	-1.9329	-0.0051
6.6360	-0.0003	0.0008	-1.9262	-0.0078
6.6365	-0.0005	-0.0032	-1.9179	-0.0012
6.6370	-0.0005	-0.0014	-1.9001	-0.0088
6.6375	-0.0002	-0.0017	-1.8809	-0.0089
6.6380	-0.0004	-0.0029	-1.8705	-0.0045
6.6385	-0.0003	-0.0018	-1.8622	-0.0027
6.6390	-0.0002	0.0009	-1.8427	-0.0078
6.6395	-0.0006	-0.0045	-1.8221	-0.0064
6.6400	-0.0000	-0.0018	-1.8071	0.0005
6.6405	-0.0003	0.0026	-1.8002	-0.0031
6.6410	-0.0003	-0.0021	-1.7830	-0.0055
6.6415	-0.0003	0.0013	-1.7568	-0.0034
6.6420	-0.0000	-0.0004	-1.7436	-0.0024
6.6425	-0.0001	0.0020	-1.7320	-0.0007
6.6430	-0.0002	-0.0023	-1.7171	-0.0048
6.6435	-0.0006	-0.0029	-1.6917	-0.0024
6.6440	-0.0002	-0.0005	-1.6743	-0.0037
6.6445	-0.0003	-0.0039	-1.6606	-0.0080
6.6450	-0.0005	-0.0038	-1.6429	-0.0012
6.6455	-0.0003	-0.0011	-1.6215	-0.0026
6.6460	-0.0006	0.0007	-1.5981	-0.0044
6.6465	-0.0005	-0.0025	-1.5849	0.0004
6.6470	-0.0001	-0.0002	-1.5699	-0.0054
6.6475	0.0003	0.0012	-1.5423	0.0016
6.6480	-0.0002	-0.0017	-1.5193	0.0010
6.6485	-0.0004	-0.0042	-1.5042	-0.0013
6.6490	-0.0000	0.0001	-1.4894	0.0025
6.6495	0.0001	-0.0002	-1.4631	-0.0027
6.6500	-0.0000	-0.0013	-1.4356	-0.0014
6.6505	-0.0002	-0.0005	-1.4200	-0.0045
6.6510	-0.0002	-0.0034	-1.4061	-0.0045
6.6515	-0.0003	-0.0009	-1.3801	0.0035
6.6520	-0.0003	0.0024	-1.3498	0.0025
6.6525	-0.0001	0.0011	-1.3330	-0.0046
6.6530	-0.0002	0.0004	-1.3186	-0.0031
6.6535	-0.0000	0.0006	-1.2903	0.0001
6.6540	-0.0007	-0.0050	-1.2616	-0.0054
6.6545	0.0003	-0.0004	-1.2428	-0.0003
6.6550	-0.0002	-0.0017	-1.2249	-0.0020
6.6555	-0.0001	-0.0031	-1.2006	-0.0040
6.6560	-0.0001	-0.0020	-1.1676	-0.0047
6.6565	-0.0002	-0.0032	-1.1465	-0.0019
6.6570	-0.0004	0.0006	-1.1305	-0.0061
6.6575	-0.0000	0.0030	-1.1050	0.0006
6.6580	0.0002	-0.0011	-1.0740	-0.0057
6.6585	-0.0001	-0.0026	-1.0477	-0.0004
6.6590	0.0005	-0.0050	-1.0334	0.0014
6.6595	-0.0003	0.0030	-1.0062	-0.0038
6.6600	0.0000	-0.0031	-0.9761	-0.0010
6.6605	0.0002	-0.0001	-0.9499	-0.0034
6.6610	-0.0004	-0.0031	-0.9281	-0.0015
6.6615	0.0002	-0.0030	-0.9028	-0.0016
6.6620	-0.0002	0.0009	-0.8730	-0.0047
6.6625	-0.0001	0.0004	-0.8426	-0.0037
6.6630	0.0001	-0.0026	-0.8238	-0.0089
6.6635	0.0000	0.0030	-0.8017	-0.0026
6.6640	-0.0001	-0.0031	-0.7718	-0.0019
6.6645	-0.0000	-0.0025	-0.7408	0.0001
6.6650	0.0003	0.0029	-0.7181	-0.0007
6.6655	-0.0003	-0.0056	-0.6968	0.0046
6.6660	-0.0000	-0.0003	-0.6631	-0.0022
6.6665	0.0002	-0.0000	-0.6323	-0.0038
6.6670	0.0002	-0.0026	-0.6101	-0.0040
6.6675	0.0006	-0.0012	-0.5875	-0.0028
6.6680	0.0003	-0.0018	-0.5561	0.0038
6.6685	0.0003	0.0010	-0.5264	-0.0031
6.6690	0.0004	-0.0005	-0.4979	0.0056
6.6695	-0.0000	-0.0014	-0.4789	-0.0003
6.6700	0.0003	-0.0013	-0.4473	0.0008
6.6705	0.0005	-0.0009	-0.4177	-0.0028
6.6710	0.0002	0.0006	-0.3896	0.0062
6.6715	0.0004	-0.0003	-0.3674	-0.0024
6.6720	-0.0001	0.0022	-0.3388	0.0059
6.6725	0.0006	-0.0002	-0.3060	0.0019
6.6730	0.0004	-0.0041	-0.2805	0.0034
6.6735	0.0003	0.0030	-0.2544	-0.0007
6.6740	0.0005	0.0009	-0.2268	0.0049
6.6745	0.0009	-0.0013	-0.1967	0.0072
6.6750	0.0006	-0.0011	-0.1662	0.0001
6.6755	0.0007	-0.0035	-0.1431	-0.0006
6.6760	-0.0001	-0.0000	-0.1143	-0.0007
6.6765	0.0000	0.0020	-0.0844	0.0045
6.6770	0.0007	0.0022	-0.0536	0.0068
6.6775	0.0007	-0.0019	-0.0308	0.0021
6.6780	0.0009	-0.0061	-0.0086	0.0021
6.6785	0.0006	-0.0017	0.0145	0.0083
6.6790	0.0002	-0.0041	0.0314	-0.0005
6.6795	0.0005	-0.0027	0.0719	0.0056
6.6800	0.0003	-0.0041	0.1176	0.0017
6.6805	0.0009	-0.0006	0.1341	0.0029
6.6810	0.0008	-0.0035	0.1453	0.0037
6.6815	0.0007	0.0006	0.1817	0.0046
6.6820	0.0008	-0.0009	0.2282	0.0021
6.6825	0.0006	-0.0051	0.2479	0.0056
6.6830	0.0008	0.0001	0.2541	0.0038
6.6835	0.0008	-0.0023	0.2875	0.0016
6.6840	0.0005	0.0003	0.3343	0.0043
6.6845	0.0009	-0.0026	0.3563	-0.0017
6.6850	0.0008	0.0004	0.3671	0.0056
6.6855	0.0011	-0.0002	0.3988	0.0041
6.6860	0.0005	-0.0045	0.4406	0.0025
6.6865	0.0008	-0.0022	0.4659	0.0086
6.6870	0.0006	-0.0030	0.4754	0.0049
6.6875	0.0005	-0.0013	0.5053	0.0061
6.6880	0.0009	0.0006	0.5475	0.0084
6.6885	0.0007	-0.0035	0.5770	0.0062
6.6890	0.0002	0.0027	0.5858	0.0058
6.6895	0.0008	0.0015	0.6088	0.0025
6.6900	0.0008	-0.0029	0.6514	0.0071
6.6905	0.0008	-0.0031	0.6830	0.0021
6.6910	0.0006	0.0016	0.6920	0.0082
6.6915	0.0008	0.0018	0.7100	0.0060
6.6920	0.0007	-0.0029	0.7521	0.0051
6.6925	0.0004	0.0012	0.7873	0.0060
6.6930	0.0005	-0.0007	0.7997	0.0099
6.6935	0.0012	-0.0029	0.8106	0.0080
6.6940	0.0013	-0.0029	0.8539	0.0018
6.6945	0.0008	0.0024	0.8902	0.0100
6.6950	0.0010	-0.0003	0.9023	0.0045
6.6955	0.0010	-0.0003	0.9119	0.0098
6.6960	0.0010	0.0004	0.9507	-0.0031
6.6965	0.0003	0.0001	0.9879	0.0036
6.6970	0.0011	0.0030	1.0033	0.0104
6.6975	0.0007	-0.0018	1.0114	0.0111
6.6980	0.0007	-0.0001	1.0416	0.0089
6.6985	0.0010	-0.0011	1.0801	0.0093
6.6990	0.0006	-0.0012	1.0865	0.0059
6.6995	0.0008	-0.0013	1.1033	0.0030
6.7000	0.0010	0.0003	1.1483	0.0014
6.7005	0.0009	-0.0018	1.1820	0.0060
6.7010	0.0010	-0.0032	1.1857	0.0129
6.7015	0.0012	-0.0047	1.1958	0.0100
6.7020	0.0014	0.0006	1.2190	0.0080
6.7025	0.0011	-0.0035	1.2365	0.0035
6.7030	0.0010	-0.0020	1.2935	0.0099
6.7035	0.0011	-0.0025	1.3268	0.0093
6.7040	0.0007	-0.0022	1.2840	0.0061
6.7045	0.0012	-0.0002	1.3127	0.0174
6.7050	0.0010	0.0004	1.4134	0.0148
6.7055	0.0010	-0.0016	1.4327	0.0100
6.7060	0.0010	-0.0020	1.3771	0.0111
6.7065	0.0013	-0.0014	1.3930	0.0113
6.7070	0.0013	-0.0020	1.4878	0.0076
6.7075	0.0015	-0.0021	1.5228	0.0135
6.7080	0.0013	0.0004	1.4740	0.0130
6.7085	0.0012	0.0010	1.4699	0.0057
6.7090	0.0011	-0.0010	1.5547	0.0121
6.7095	0.0013	0.0007	1.6033	0.0093
6.7100	0.0013	-0.0041	1.5619	0.0094
6.7105	0.0014	0.0001	1.5460	0.0153
6.7110	0.0011	0.0015	1.6211	0.0081
6.7115	0.0014	-0.0032	1.6830	0.0068
6.7120	0.0016	0.0036	1.6496	0.0135
6.7125	0.0012	-0.0002	1.6190	0.0109
6.7130	0.0010	-0.0035	1.6831	0.0143
6.7135	0.0012	-0.0067	1.7527	0.0089
6.7140	0.0012	0.0020	1.7329	0.0095
6.7145	0.0016	-0.0034	1.6921	0.0130
6.7150	0.0014	0.0004	1.7398	0.0126
6.7155	0.0013	0.0009	1.8172	0.0121
6.7160	0.0015	-0.0050	1.8049	0.0112
6.7165	0.0015	0.0001	1.7653	0.0139
6.7170	0.0012	-0.0017	1.7949	0.0131
6.7175	0.0016	-0.0070	1.8718	0.0145
6.7180	0.0011	0.0001	1.8811	0.0100
6.7185	0.0019	-0.0040	1.8335	0.0190
6.7190	0.0011	-0.0023	1.8469	0.0141
6.7195	0.0017	-0.0007	1.9235	0.0100
6.7200	0.0012	-0.0044	1.9427	0.0157
6.7205	0.0016	-0.0004	1.8969	0.0076
6.7210	0.0013	-0.0025	1.9016	0.0154
6.7215	0.0013	-0.0041	1.9677	0.0146
6.7220	0.0013	-0.0034	1.9982	0.0151
6.7225	0.0018	-0.0011	1.9559	0.0183
6.7230	0.0013	-0.0006	1.9472	0.0167
6.7235	0.0017	-0.0023	2.0088	0.0153
6.7240	0.0016	-0.0014	2.0494	0.0125
6.7245	0.0015	-0.0054	2.0128	0.0164
6.7250	0.0010	-0.0028	1.9874	0.0155
6.7255	0.0017	0.0047	2.0407	0.0123
6.7260	0.0015	-0.0031	2.0949	0.0166
6.7265	0.0013	0.0037	2.0631	0.0151
6.7270	0.0020	-0.0007	2.0293	0.0136
6.7275	0.0018	-0.0026	2.0711	0.0107
6.7280	0.0014	-0.0011	2.1263	0.0122
6.7285	0.0015	0.0002	2.1092	0.0098
6.7290	0.0020	0.0005	2.0650	0.0108
6.7295	0.0015	-0.0018	2.0940	0.0112
6.7300	0.0014	-0.0054	2.1548	0.0151
6.7305	0.0014	-0.0021	2.1488	0.0072
6.7310	0.0014	-0.0005	2.0987	0.0145
6.7315	0.0013	-0.0005	2.1117	0.0130
6.7320	0.0017	0.0001	2.1741	0.0088
6.7325	0.0014	0.0007	2.1787	0.0134
6.7330	0.0013	-0.0021	2.1288	0.0118
6.7335	0.0023	-0.0015	2.1286	0.0076
6.7340	0.0015	0.0033	2.1859	0.0157
6.7345	0.0013	-0.0046	2.2007	0.0175
6.7350	0.0018	-0.0040	2.1540	0.0060
6.7355	0.0015	-0.0001	2.1372	0.0159
6.7360	0.0013	0.0024	2.1901	0.0156
6.7365	0.0017	-0.0022	2.2158	0.0165
6.7370	0.0015	0.0016	2.1730	0.0193
6.7375	0.0016	-0.0014	2.1496	0.0151
6.7380	0.0017	-0.0023	2.1907	0.0045
6.7385	0.0015	0.0017	2.2241	0.0222
6.7390	0.0020	0.0001	2.1853	0.0131
6.7395	0.0016	0.0024	2.1548	0.0215
6.7400	0.0015	-0.0060	2.1829	0.0115
6.7405	0.0018	-0.0048	2.2219	0.0065
6.7410	0.0018	0.0039	2.1945	0.0120
6.7415	0.0017	-0.0014	2.1550	0.0204
6.7420	0.0015	-0.0023	2.1731	0.0144
6.7425	0.0014	0.0004	2.2139	0.0136
6.7430	0.0016	-0.0016	2.1984	0.0184
6.7435	0.0015	0.0012	2.1512	0.0101
6.7440	0.0022	-0.0033	2.1560	0.0086
6.7445	0.0016	0.0001	2.2002	0.0162
6.7450	0.0019	-0.0033	2.1892	0.0195
6.7455	0.0016	-0.0012	2.1417	0.0165
6.7460	0.0016	0.0015	2.1390	0.0098
6.7465	0.0019	0.0012	2.1793	0.0162
6.7470	0.0018	0.0020	2.1780	0.0186
6.7475	0.0013	-0.0018	2.1317	0.0195
6.7480	0.0018	0.0008	2.1149	0.0131
6.7485	0.0017	-0.0024	2.1533	0.0212
6.7490	0.0021	-0.0029	2.1591	0.0082
6.7495	0.0018	0.0009	2.1108	0.0161
6.7500	0.0020	-0.0006	2.0832	0.0115
6.7505	0.0016	-0.0046	2.1200	0.0115
6.7510	0.0017	-0.0008	2.1326	0.0162
6.7515	0.0014	-0.0004	2.0888	0.0173
6.7520	0.0015	0.0034	2.0542	0.0155
6.7525	0.0017	-0.0026	2.0777	0.0120
6.7530	0.0017	0.0008	2.0996	0.0203
6.7535	0.0018	-0.0037	2.0592	0.0139
6.7540	0.0015	0.0018	2.0166	0.0134
6.7545	0.0015	-0.0019	2.0328	0.0177
6.7550	0.0015	-0.0024	2.0573	0.0134
6.7555	0.0019	-0.0043	2.0251	0.0146
6.7560	0.0016	0.0012	1.9764	0.0123
6.7565	0.0017	-0.0032	1.9795	0.0175
6.7570	0.0015	0.0020	2.0077	0.0154
6.7575	0.0017	0.0002	1.9839	0.0169
6.7580	0.0015	-0.0029	1.9358	0.0065
6.7585	0.0016	-0.0044	1.9236	0.0117
6.7590	0.0017	-0.0030	1.9522	0.0195
6.7595	0.0013	-0.0048	1.9376	0.0182
6.7600	0.0015	0.0004	1.8868	0.0156
6.7605	0.0017	0.0027	1.8654	0.0142
6.7610	0.0016	-0.0038	1.8880	0.0141
6.7615	0.0015	-0.0037	1.8840	0.0129
6.7620	0.0020	-0.0011	1.8341	0.0185
6.7625	0.0017	-0.0044	1.8050	0.0118
6.7630	0.0019	-0.0017	1.8208	0.0051
6.7635	0.0016	-0.0037	1.8234	0.0129
6.7640	0.0019	-0.0023	1.7793	0.0094
6.7645	0.0018	-0.0005	1.7421	0.0142
6.7650	0.0015	-0.0037	1.7483	0.0179
6.7655	0.0017	-0.0055	1.7557	0.0078
6.7660	0.0017	-0.0011	1.7159	0.0160
6.7665	0.0015	0.0047	1.6738	0.0121
6.7670	0.0020	-0.0024	1.6726	0.0143
6.7675	0.0016	-0.0044	1.6835	0.0161
6.7680	0.0017	0.0004	1.6456	0.0156
6.7685	0.0014	-0.0008	1.6006	0.0150
6.7690	0.0019	-0.0043	1.5902	0.0129
6.7695	0.0013	-0.0010	1.6063	0.0150
6.7700	0.0015	0.0017	1.5766	0.0121
6.7705	0.0017	-0.0018	1.5241	0.0081
6.7710	0.0017	0.0009	1.5072	0.0112
6.7715	0.0019	-0.0032	1.5208	0.0111
6.7720	0.0011	0.0006	1.5003	0.0166
6.7725	0.0017	-0.0055	1.4470	0.0143
6.7730	0.0013	0.0002	1.4204	0.0125
6.7735	0.0017	-0.0018	1.4314	0.0099
6.7740	0.0013	-0.0021	1.4181	0.0167
6.7745	0.0017	-0.0011	1.3626	0.0155
6.7750	0.0015	-0.0059	1.3338	0.0232
6.7755	0.0012	0.0027	1.3389	0.0154
6.7760	0.0018	0.0006	1.3308	0.0165
6.7765	0.0013	-0.0011	1.2790	0.0088
6.7770	0.0015	-0.0030	1.2412	0.0128
6.7775	0.0016	0.0008	1.2414	0.0118
6.7780	0.0014	-0.0000	1.2409	0.0125
6.7785	0.0022	0.0021	1.1930	0.0120
6.7790	0.0016	0.0014	1.1489	0.0156
6.7795	0.0012	-0.0004	1.1418	0.0141
6.7800	0.0019	0.0015	1.1421	0.0132
6.7805	0.0010	-0.0015	1.1029	0.0128
6.7810	0.0010	-0.0004	1.0505	0.0102
6.7815	0.0010	-0.0022	1.0384	0.0107
6.7820	0.0014	0.0035	1.0437	0.0146
6.7825	0.0012	0.0009	1.0107	0.0047
6.7830	0.0014	-0.0007	0.9568	0.0142
6.7835	0.0015	-0.0004	0.9358	0.0092
6.7840	0.0011	-0.0029	0.9377	0.0102
6.7845	0.0014	0.0006	0.9125	0.0073
6.7850	0.0015	-0.0041	0.8603	0.0114
6.7855	0.0014	-0.0018	0.8309	0.0113
6.7860	0.0010	-0.0008	0.8286	0.0119
6.7865	0.0015	-0.0020	0.8100	0.0067
6.7870	0.0012	-0.0020	0.7602	0.0104
6.7875	0.0014	-0.0006	0.7238	0.0132
6.7880	0.0009	-0.0003	0.7201	0.0083
6.7885	0.0012	0.0017	0.7049	0.0103
6.7890	0.0013	-0.0021	0.6595	0.0131
6.7895	0.0011	-0.0027	0.6167	0.0107
6.7900	0.0012	-0.0002	0.6090	0.0062
6.7905	0.0014	-0.0014	0.5979	0.0107
6.7910	0.0014	-0.0009	0.5574	0.0093
6.7915	0.0008	-0.0006	0.5095	0.0125
6.7920	0.0009	-0.0007	0.4948	0.0091
6.7925	0.0011	-0.0039	0.4861	0.0146
6.7930	0.0009	-0.0008	0.4500	0.0089
6.7935	0.0010	0.0037	0.4021	0.0082
6.7940	0.0011	-0.0041	0.3821	0.0024
6.7945	0.0014	-0.0029	0.3746	0.0076
6.7950	0.0009	-0.0017	0.3408	0.0053
6.7955	0.0009	0.0001	0.2949	0.0125
6.7960	0.0012	0.0004	0.2694	0.0060
6.7965	0.0010	-0.0044	0.2604	0.0105
6.7970	0.0005	-0.0012	0.2333	0.0100
6.7975	0.0013	0.0024	0.1864	0.0143
6.7980	0.0015	-0.0002	0.1588	0.0129
6.7985	0.0010	0.0017	0.1436	0.0114
6.7990	0.0004	0.0005	0.1205	0.0065
6.7995	0.0007	-0.0011	0.0807	0.0069
6.8000	0.0009	-0.0021	0.0471	0.0095
6.8005	0.0009	-0.0035	0.0329	0.0150
6.8010	0.0007	-0.0038	0.0079	0.0043
6.8015	0.0010	0.0019	-0.0159	0.0117
6.8020	0.0005	-0.0000	-0.0298	0.0089
6.8025	0.0008	-0.0016	-0.0520	0.0099
6.8030	0.0010	-0.0037	-0.1050	0.0022
6.8035	0.0007	0.0018	-0.1547	0.0058
6.8040	0.0011	-0.0030	-0.1698	0.0144
6.8045	0.0008	0.0008	-0.1723	0.0084
6.8050	0.0008	0.0029	-0.2070	0.0028
6.8055	0.0008	-0.0017	-0.2602	0.0066
6.8060	0.0008	0.0006	-0.2824	0.0094
6.8065	0.0011	0.0001	-0.2801	0.0037
6.8070	0.0013	-0.0034	-0.3087	0.0045
6.8075	0.0007	0.0021	-0.3628	0.0108
6.8080	0.0006	0.0004	-0.3909	0.0039
6.8085	0.0005	0.0016	-0.3922	0.0115
6.8090	0.0007	0.0027	-0.4174	0.0084
6.8095	0.0006	-0.0026	-0.4667	0.0040
6.8100	0.0004	-0.0031	-0.4879	0.0073
6.8105	0.0007	-0.0004	-0.4969	0.0041
6.8110	0.0005	-0.0046	-0.5315	0.0059
6.8115	0.0008	-0.0008	-0.5781	0.0025
6.8120	0.0007	-0.0026	-0.5997	0.0045
6.8125	0.0006	0.0012	-0.6067	0.0014
6.8130	0.0006	-0.0016	-0.6313	0.0076
6.8135	0.0004	0.0006	-0.6803	0.0068
6.8140	0.0008	-0.0015	-0.7083	0.0086
6.8145	0.0005	-0.0002	-0.7113	0.0015
6.8150	0.0009	0.0020	-0.7353	0.0019
6.8155	0.0008	0.0004	-0.7821	0.0032
6.8160	0.0010	0.0004	-0.8113	0.0078
6.8165	0.0005	-0.0006	-0.8185	0.0018
6.8170	0.0005	-0.0044	-0.8388	0.0047
6.8175	0.0003	0.0025	-0.8844	0.0024
6.8180	0.0007	-0.0002	-0.9157	0.0030
6.8185	0.0008	-0.0011	-0.9225	0.0048
6.8190	0.0005	0.0006	-0.9379	0.0006
6.8195	0.0008	-0.0023	-0.9791	0.0062
6.8200	0.0008	0.0024	-1.0142	0.0022
6.8205	0.0006	0.0018	-1.0251	0.0067
6.8210	0.0006	-0.0037	-1.0363	0.0059
6.8215	0.0005	0.0011	-1.0739	0.0007
6.8220	0.0003	-0.0002	-1.1097	0.0067
6.8225	0.0005	-0.0029	-1.1220	0.0030
6.8230	0.0005	-0.0021	-1.1302	0.0020
6.8235	0.0002	0.0015	-1.1608	0.0080
6.8240	0.0005	-0.0023	-1.2027	0.0045
6.8245	0.0005	0.0001	-1.2157	0.0047
6.8250	0.0008	0.0003	-1.2104	0.0073
6.8255	0.0008	-0.0050	-1.2318	0.0080
6.8260	0.0002	-0.0014	-1.2856	0.0045
6.8265	0.0002	-0.0041	-1.3189	0.0010
6.8270	0.0004	0.0076	-1.2960	0.0097
6.8275	0.0001	0.0009	-1.3283	-0.0064
6.8280	0.0008	0.0009	-1.3794	-0.0037
6.8285	0.0003	-0.0002	-1.3881	0.0081
6.8290	0.0000	-0.0019	-1.3975	0.0042
6.8295	0.0004	0.0037	-1.4278	0.0093
6.8300	0.0004	-0.0023	-1.4600	0.0060
6.8305	0.0006	-0.0004	-1.4745	0.0021
6.8310	0.0005	-0.0019	-1.4836	0.0059
6.8315	0.0002	0.0001	-1.5108	0.0010
6.8320	0.0002	0.0024	-1.5399	0.0007
6.8325	0.0000	0.0001	-1.5537	-0.0033
6.8330	-0.0000	0.0001	-1.5605	0.0039
6.8335	0.0003	-0.0053	-1.5834	0.0046
6.8340	0.0004	-0.0032	-1.6159	0.0017
6.8345	-0.0001	-0.0029	-1.6304	-0.0024
6.8350	0.0002	0.0034	-1.6385	-0.0051
6.8355	0.0001	0.0014	-1.6577	-0.0015
6.8360	0.0001	0.0028	-1.6849	0.0037
6.8365	0.0005	0.0042	-1.7038	0.0005
6.8370	0.0005	0.0014	-1.7134	0.0011
6.8375	0.0002	-0.0005	-1.7229	-0.0002
6.8380	0.0006	-0.0006	-1.7487	-0.0072
6.8385	0.0003	0.0021	-1.7709	0.0060
6.8390	0.0001	-0.0050	-1.7801	-0.0047
6.8395	-0.0001	-0.0061	-1.7891	0.0084
6.8400	0.0003	-0.0007	-1.8116	-0.0032
6.8405	0.0001	-0.0040	-1.8343	-0.0007
6.8410	-0.0000	0.0009	-1.8422	-0.0003
6.8415	-0.0003	0.0027	-1.8484	0.0058
6.8420	-0.0000	-0.0038	-1.8686	0.0022
6.8425	-0.0001	-0.0010	-1.8887	-0.0010
6.8430	0.0003	-0.0030	-1.9014	-0.0024
6.8435	0.0004	-0.0014	-1.9049	0.0032
6.8440	-0.0001	-0.0017	-1.9216	-0.0005
6.8445	0.0005	0.0035	-1.9415	0.0020
6.8450	0.0003	-0.0019	-1.9496	-0.0042
6.8455	-0.0002	-0.0026	-1.9553	0.0000
6.8460	0.0001	-0.0054	-1.9671	0.0053
6.8465	-0.0004	-0.0021	-1.9817	-0.0073
6.8470	0.0001	-0.0020	-1.9940	-0.0017
6.8475	-0.0000	0.0016	-1.9995	-0.0032
6.8480	-0.0002	0.0027	-2.0094	0.0024
6.8485	-0.0001	-0.0017	-2.0244	-0.0042
6.8490	-0.0001	0.0015	-2.0343	-0.0050
6.8495	-0.0002	-0.0004	-2.0382	-0.0072
6.8500	0.0002	-0.0048	-2.0459	-0.0048
6.8505	0.0001	0.0015	-2.0608	-0.0027
6.8510	-0.0002	-0.0005	-2.0710	0.0014
6.8515	-0.0002	-0.0014	-2.0703	0.0009
6.8520	0.0002	0.0031	-2.0742	-0.0040
6.8525	0.0001	-0.0035	-2.0881	-0.0012
6.8530	-0.0002	-0.0031	-2.1010	-0.0088
6.8535	-0.0005	0.0003	-2.0998	-0.0047
6.8540	-0.0003	-0.0004	-2.1016	0.0001
6.8545	-0.0003	0.0012	-2.1130	-0.0065
6.8550	0.0001	0.0013	-2.1214	0.0031
6.8555	0.0002	0.0012	-2.1236	0.0024
6.8560	0.0001	-0.0002	-2.1210	0.0001
6.8565	-0.0005	-0.0006	-2.1304	0.0007
6.8570	-0.0005	-0.0023	-2.1407	-0.0030
6.8575	-0.0000	-0.0050	-2.1416	-0.0094
6.8580	-0.0003	-0.0000	-2.1371	-0.0001
6.8585	-0.0008	-0.0046	-2.1410	-0.0055
6.8590	0.0000	-0.0017	-2.1527	-0.0066
6.8595	-0.0003	-0.0043	-2.1552	0.0010
6.8600	-0.0002	-0.0005	-2.1460	-0.0069
6.8605	-0.0003	0.0025	-2.1512	-0.0017
6.8610	-0.0001	-0.0045	-2.1583	-0.0073
6.8615	0.0000	-0.0004	-2.1616	-0.0068
6.8620	-0.0005	-0.0017	-2.1536	0.0026
6.8625	-0.0002	0.0023	-2.1521	-0.0071
6.8630	-0.0003	0.0026	-2.1583	-0.0073
6.8635	0.0001	-0.0017	-2.1602	-0.0007
6.8640	-0.0006	-0.0042	-2.1549	-0.0063
6.8645	-0.0008	-0.0055	-2.1493	-0.0027
6.8650	-0.0002	-0.0008	-2.1540	-0.0067
6.8655	-0.0004	-0.0038	-2.1536	-0.0063
6.8660	0.0001	0.0005	-2.1479	-0.0074
6.8665	-0.0000	0.0015	-2.1385	0.0051
6.8670	0.0003	-0.0031	-2.1426	-0.0050
6.8675	-0.0001	-0.0007	-2.1434	-0.0012
6.8680	-0.0001	0.0016	-2.1344	-0.0048
6.8685	0.0002	-0.0008	-2.1243	-0.0034
6.8690	-0.0004	0.0036	-2.1288	-0.0038
6.8695	-0.0005	-0.0002	-2.1296	-0.0069
6.8700	-0.0003	0.0008	-2.1190	-0.0043
6.8705	-0.0000	0.0006	-2.1018	0.0014
6.8710	0.0003	0.0016	-2.0710	0.0020
6.8715	0.0001	-0.0003	-2.0556	0.0004
6.8720	-0.0004	-0.0007	-2.0440	0.0029
6.8725	0.0001	-0.0007	-2.0314	-0.0034
6.8730	-0.0001	-0.0005	-2.0274	0.0012
6.8735	-0.0000	-0.0017	-2.0249	-0.0011
6.8740	-0.0004	0.0018	-2.0126	-0.0063
6.8745	-0.0002	0.0048	-1.9991	-0.0001
6.8750	-0.0003	-0.0046	-2.0011	-0.0069
6.8755	-0.0001	0.0043	-1.9985	0.0001
6.8760	-0.0002	-0.0035	-1.9830	-0.0001
6.8765	-0.0005	-0.0026	-1.9687	-0.0030
6.8770	-0.0002	-0.0032	-1.9652	-0.0057
6.8775	-0.0004	0.0035	-1.9634	0.0005
6.8780	0.0000	-0.0038	-1.9501	-0.0032
6.8785	-0.0004	-0.0012	-1.9327	0.0015
6.8790	0.0001	-0.0064	-1.9265	-0.0013
6.8795	-0.0005	-0.0005	-1.9239	-0.0025
6.8800	-0.0003	-0.0005	-1.9121	-0.0047
6.8805	-0.0003	-0.0028	-1.8897	-0.0020
6.8810	0.0001	0.0009	-1.8803	-0.0020
6.8815	0.0000	-0.0022	-1.8748	-0.0019
6.8820	-0.0005	-0.0026	-1.8662	-0.0027
6.8825	-0.0001	0.0024	-1.8439	0.0010
6.8830	-0.0004	-0.0007	-1.8288	0.0022
6.8835	-0.0002	0.0017	-1.8245	-0.0064
6.8840	0.0001	-0.0023	-1.8154	0.0021
6.8845	-0.0001	-0.0009	-1.7920	0.0000
6.8850	0.0001	-0.0027	-1.7768	-0.0010
6.8855	0.0003	-0.0017	-1.7686	-0.0026
6.8860	-0.0004	-0.0001	-1.7598	0.0005
6.8865	-0.0001	-0.0035	-1.7351	0.0030
6.8870	-0.0005	0.0018	-1.7151	-0.0065
6.8875	-0.0001	-0.0028	-1.7088	0.0032
6.8880	-0.0001	-0.0017	-1.6972	-0.0013
6.8885	-0.0002	-0.0032	-1.6758	-0.0048
6.8890	-0.0001	0.0020	-1.6532	-0.0041
6.8895	-0.0001	-0.0017	-1.6411	-0.0025
6.8900	-0.0004	-0.0022	-1.6310	-0.0033
6.8905	0.0001	-0.0066	-1.6075	0.0006
6.8910	-0.0002	-0.0027	-1.5822	-0.0038
6.8915	0.0000	-0.0043	-1.5700	-0.0061
6.8920	-0.0003	0.0025	-1.5575	-0.0090
6.8925	-0.0001	0.0014	-1.5376	-0.0016
6.8930	-0.0000	0.0009	-1.5136	-0.0017
6.8935	-0.0001	0.0006	-1.4946	-0.0007
6.8940	0.0001	-0.0013	-1.4819	-0.0052
6.8945	0.0001	-0.0019	-1.4614	-0.0085
6.8950	0.0005	0.0040	-1.4359	0.0009
6.8955	-0.0002	0.0018	-1.4144	-0.0020
6.8960	-0.0001	-0.0010	-1.4030	0.0016
6.8965	-0.0002	0.0033	-1.3847	-0.0053
6.8970	-0.0002	-0.0053	-1.3584	-0.0016
6.8975	-0.0001	-0.0015	-1.3334	-0.0011
6.8980	-0.0006	-0.0014	-1.3181	-0.0078
6.8985	0.0004	0.0021	-1.3024	0.0035
6.8990	0.0001	-0.0033	-1.2752	-0.0057
6.8995	0.0002	-0.0033	-1.2483	-0.0043
6.9000	0.0000	-0.0043	-1.2298	-0.0052
6.9005	-0.0002	0.0015	-1.2165	0.0049
6.9010	-0.0000	0.0002	-1.1903	-0.0062
6.9015	0.0003	0.0015	-1.1609	-0.0030
6.9020	-0.0002	-0.0003	-1.1400	-0.0048
6.9025	-0.0001	0.0021	-1.1253	0.0034
6.9030	0.0006	-0.0005	-1.0991	-0.0010
6.9035	0.0000	-0.0002	-1.0748	0.0006
6.9040	-0.0000	0.0022	-1.0493	-0.0016
6.9045	-0.0004	-0.0017	-1.0322	0.0001
6.9050	0.0003	0.0010	-1.0083	-0.0035
6.9055	-0.0003	0.0033	-0.9813	-0.0063
6.9060	-0.0001	-0.0020	-0.9537	-0.0006
6.9065	0.0003	-0.0024	-0.9361	-0.0064
6.9070	0.0002	-0.0026	-0.9122	-0.0019
6.9075	-0.0000	0.0026	-0.8829	-0.0078
6.9080	0.0001	-0.0014	-0.8523	-0.0017
6.9085	0.0005	0.0015	-0.8362	-0.0019
6.9090	0.0004	-0.0023	-0.8130	0.0018
6.9095	0.0002	-0.0003	-0.7856	-0.0042
6.9100	-0.0000	-0.0020	-0.7549	-0.0014
6.9105	-0.0005	-0.0002	-0.7339	0.0043
6.9110	0.0003	0.0006	-0.7122	0.0006
6.9115	0.0004	-0.0026	-0.6847	0.0095
6.9120	-0.0000	0.0024	-0.6540	0.0017
6.9125	0.0005	-0.0006	-0.6284	0.0045
6.9130	0.0001	0.0023	-0.6056	0.0015
6.9135	0.0002	0.0001	-0.5799	0.0049
6.9140	-0.0000	-0.0004	-0.5514	-0.0002
6.9145	0.0001	0.0038	-0.5256	0.0034
6.9150	0.0002	-0.0004	-0.5029	0.0020
6.9155	0.0006	0.0001	-0.4726	0.0027
6.9160	0.0002	-0.0012	-0.4459	0.0019
6.9165	0.0001	-0.0000	-0.4173	0.0017
6.9170	0.0004	0.0030	-0.3939	-0.0016
6.9175	0.0004	-0.0038	-0.3697	0.0018
6.9180	0.0002	-0.0008	-0.3418	0.0009
6.9185	0.0006	0.0013	-0.3135	0.0052
6.9190	0.0004	-0.0012	-0.2896	0.0082
6.9195	0.0004	-0.0030	-0.2641	0.0027
6.9200	0.0005	0.0026	-0.2353	-0.0017
6.9205	0.0002	-0.0026	-0.2051	-0.0063
6.9210	0.0003	0.0018	-0.1819	-0.0004
6.9215	0.0005	0.0023	-0.1541	0.0087
6.9220	-0.0001	-0.0020	-0.1268	0.0086
6.9225	0.0003	0.0018	-0.0996	0.0018
6.9230	0.0006	-0.0038	-0.0749	0.0028
6.9235	0.0006	0.0017	-0.0507	0.0035
6.9240	0.0004	0.0008	-0.0258	0.0034
6.9245	0.0005	0.0005	0.0016	0.0091
6.9250	0.0003	-0.0002	0.0152	0.0062
6.9255	0.0005	0.0016	0.0401	0.0049
6.9260	0.0009	-0.0016	0.0840	0.0102
6.9265	0.0007	0.0017	0.1205	0.0063
6.9270	0.0009	-0.0002	0.1292	0.0092
6.9275	0.0005	-0.0004	0.1475	0.0091
6.9280	0.0008	0.0001	0.1910	0.0019
6.9285	0.0004	-0.0009	0.2287	0.0074
6.9290	0.0008	-0.0005	0.2381	0.0058
6.9295	0.0006	-0.0042	0.2516	0.0025
6.9300	0.0004	-0.0013	0.2926	0.0032
6.9305	0.0008	0.0006	0.3295	0.0025
6.9310	0.0004	-0.0020	0.3444	0.0080
6.9315	0.0004	-0.0052	0.3583	0.0078
6.9320	0.0007	-0.0038	0.3949	0.0069
6.9325	0.0010	-0.0020	0.4355	0.0059
6.9330	0.0008	-0.0013	0.4515	0.0072
6.9335	0.0006	0.0013	0.4646	0.0057
6.9340	0.0011	-0.0033	0.4956	0.0039
6.9345	0.0004	-0.0018	0.5385	0.0056
6.9350	0.0008	-0.0005	0.5572	0.0100
6.9355	0.0006	-0.0032	0.5636	0.0024
6.9360	0.0010	-0.0023	0.5956	0.0093
6.9365	0.0009	-0.0041	0.6389	0.0089
6.9370	0.0009	0.0017	0.6632	0.0073
6.9375	0.0005	0.0022	0.6706	0.0126
6.9380	0.0010	-0.0043	0.6956	0.0046
6.9385	0.0005	0.0001	0.7373	0.0108
6.9390	0.0010	-0.0005	0.7618	0.0021
6.9395	0.0005	-0.0004	0.7717	0.0114
6.9400	0.0007	0.0015	0.7902	0.0008
6.9405	0.0006	-0.0000	0.8328	0.0068
6.9410	0.0009	-0.0002	0.8622	0.0062
6.9415	0.0006	0.0026	0.8692	0.0048
6.9420	0.0011	-0.0007	0.8858	0.0123
6.9425	0.0011	0.0014	0.9247	0.0012
6.9430	0.0005	-0.0014	0.9597	0.0132
6.9435	0.0009	-0.0058	0.9665	0.0144
6.9440	0.0010	-0.0014	0.9771	0.0070
6.9445	0.0010	-0.0021	1.0146	0.0078
6.9450	0.0007	-0.0016	1.0444	0.0030
6.9455	0.0007	-0.0010	1.0472	0.0092
6.9460	0.0011	-0.0007	1.0683	0.0079
6.9465	0.0007	0.0025	1.1163	0.0051
6.9470	0.0007	-0.0014	1.1402	0.0059
6.9475	0.0013	0.0009	1.1406	0.0082
6.9480	0.0008	-0.0011	1.1554	0.0071
6.9485	0.0011	0.0004	1.1966	0.0131
6.9490	0.0017	-0.0021	1.1955	0.0133
6.9495	0.0006	-0.0020	1.2130	0.0113
6.9500	0.0007	0.0004	1.2858	0.0111
6.9505	0.0008	-0.0000	1.3001	0.0126
6.9510	0.0008	-0.0029	1.2488	0.0103
6.9515	0.0010	-0.0007	1.2983	0.0134
6.9520	0.0010	0.0005	1.3982	0.0115
6.9525	0.0007	-0.0036	1.4005	0.0125
6.9530	0.0012	-0.0001	1.3391	0.0088
6.9535	0.0009	-0.0011	1.3673	0.0066
6.9540	0.0009	-0.0000	1.4695	0.0083
6.9545	0.0010	0.0006	1.4888	0.0125
6.9550	0.0011	-0.0004	1.4269	0.0133
6.9555	0.0013	-0.0017	1.4381	0.0171
6.9560	0.0011	0.0018	1.5348	0.0084
6.9565	0.0014	0.0007	1.5697	0.0078
6.9570	0.0014	-0.0035	1.5144	0.0097
6.9575	0.0010	0.0008	1.5041	0.0124
6.9580	0.0012	0.0012	1.5965	0.0121
6.9585	0.0012	0.0042	1.6487	0.0087
6.9590	0.0012	0.0026	1.6030	0.0073
6.9595	0.0014	0.0019	1.5762	0.0151
6.9600	0.0011	-0.0005	1.6509	-0.0002
6.9605	0.0013	-0.0016	1.7146	0.0091
6.9610	0.0015	-0.0041	1.6775	0.0102
6.9615	0.0010	0.0005	1.6411	0.0177
6.9620	0.0014	-0.0031	1.7036	0.0176
6.9625	0.0010	0.0015	1.7781	0.0111
6.9630	0.0016	-0.0002	1.7531	0.0090
6.9635	0.0011	0.0011	1.7071	0.0108
6.9640	0.0014	0.0003	1.7522	0.0073
6.9645	0.0016	-0.0019	1.8297	0.0138
6.9650	0.0014	-0.0006	1.8236	0.0130
6.9655	0.0015	0.0003	1.7708	0.0154
6.9660	0.0011	0.0001	1.7988	0.0078
6.9665	0.0013	-0.0027	1.8815	0.0080
6.9670	0.0013	-0.0005	1.8861	0.0094
6.9675	0.0015	0.0019	1.8303	0.0107
6.9680	0.0016	0.0036	1.8431	0.0138
6.9685	0.0015	-0.0002	1.9232	0.0112
6.9690	0.0015	-0.0021	1.9426	0.0135
6.9695	0.0016	-0.0008	1.8867	0.0115
6.9700	0.0016	-0.0008	1.8819	0.0157
6.9705	0.0015	-0.0029	1.9535	0.0080
6.9710	0.0014	-0.0015	1.9917	0.0156
6.9715	0.0015	-0.0036	1.9403	0.0077
6.9720	0.0010	-0.0004	1.9214	0.0121
6.9725	0.0015	-0.0008	1.9817	0.0108
6.9730	0.0017	0.0018	2.0276	0.0074
6.9735	0.0015	-0.0023	1.9891	0.0126
6.9740	0.0013	0.0009	1.9580	0.0086
6.9745	0.0010	-0.0005	2.0053	0.0123
6.9750	0.0016	-0.0020	2.0612	0.0111
6.9755	0.0010	0.0049	2.0343	0.0101
6.9760	0.0013	-0.0032	1.9919	0.0174
6.9765	0.0012	0.0036	2.0274	0.0115
6.9770	0.0012	0.0015	2.0851	0.0163
6.9775	0.0016	-0.0029	2.0700	0.0191
6.9780	0.0012	-0.0028	2.0236	0.0162
6.9785	0.0016	-0.0002	2.0422	0.0172
6.9790	0.0014	0.0001	2.0990	0.0107
6.9795	0.0016	-0.0023	2.0981	0.0122
6.9800	0.0015	-0.0014	2.0510	0.0139
6.9805	0.0014	0.0018	2.0551	0.0150
6.9810	0.0015	-0.0008	2.1102	0.0153
6.9815	0.0015	0.0021	2.1191	0.0088
6.9820	0.0014	0.0021	2.0692	0.0109
6.9825	0.0018	0.0014	2.0614	0.0133
6.9830	0.0015	0.0006	2.1141	0.0086
6.9835	0.0016	0.0001	2.1341	0.0123
6.9840	0.0017	0.0009	2.0870	0.0181
6.9845	0.0019	-0.0033	2.0646	0.0154
6.9850	0.0018	-0.0017	2.1130	0.0068
6.9855	0.0011	0.0004	2.1417	0.0170
6.9860	0.0016	-0.0014	2.1014	0.0094
6.9865	0.0015	-0.0018	2.0678	0.0173
6.9870	0.0014	-0.0005	2.1028	0.0084
6.9875	0.0018	0.0027	2.1387	0.0173
6.9880	0.0018	0.0022	2.1106	0.0123
6.9885	0.0017	-0.0030	2.0630	0.0153
6.9890	0.0018	0.0021	2.0882	0.0140
6.9895	0.0016	0.0015	2.1318	0.0102
6.9900	0.0016	-0.0003	2.1087	0.0138
6.9905	0.0019	-0.0002	2.0584	0.0150
6.9910	0.0015	-0.0017	2.0713	0.0157
6.9915	0.0019	-0.0027	2.1133	0.0093
6.9920	0.0013	0.0030	2.1007	0.0115
6.9925	0.0013	0.0033	2.0497	0.0160
6.9930	0.0016	-0.0043	2.0487	0.0118
6.9935	0.0013	0.0010	2.0909	0.0123
6.9940	0.0019	-0.0006	2.0885	0.0164
6.9945	0.0018	-0.0027	2.0387	0.0179
6.9950	0.0018	0.0006	2.0246	0.0102
6.9955	0.0012	-0.0023	2.0621	0.0154
6.9960	0.0019	-0.0040	2.0676	0.0149
6.9965	0.0017	0.0001	2.0183	0.0105
6.9970	0.0013	-0.0009	1.9979	0.0138
6.9975	0.0014	-0.0027	2.0281	0.0172
6.9980	0.0020	-0.0039	2.0411	0.0119
6.9985	0.0017	0.0017	1.9973	0.0068
6.9990	0.0018	-0.0011	1.9611	0.0101
6.9995	0.0017	0.0024	1.9895	0.0180
7.0000	0.0013	0.0022	2.0044	0.0119
7.0005	0.0016	0.0031	1.9659	0.0151
7.0010	0.0016	-0.0005	1.9282	0.0131
7.0015	0.0014	-0.0010	1.9391	0.0124
7.0020	0.0019	-0.0011	1.9635	0.0109
7.0025	0.0015	0.0020	1.9323	0.0133
7.0030	0.0018	-0.0015	1.8853	0.0142
7.0035	0.0018	-0.0013	1.8895	0.0142
7.0040	0.0014	0.0015	1.9133	0.0117
7.0045	0.0018	-0.0055	1.8921	0.0142
7.0050	0.0013	-0.0046	1.8407	0.0206
7.0055	0.0016	0.0007	1.8368	0.0128
7.0060	0.0013	0.0032	1.8589	0.0113
7.0065	0.0011	-0.0032	1.8452	0.0159
7.0070	0.0019	-0.0044	1.7929	0.0097
7.0075	0.0015	-0.0012	1.7791	0.0153
7.0080	0.0016	0.0007	1.7992	0.0153
7.0085	0.0019	-0.0021	1.7909	0.0134
7.0090	0.0014	-0.0028	1.7402	0.0180
7.0095	0.0019	0.0031	1.7175	0.0210
7.0100	0.0015	0.0034	1.7326	0.0151
7.0105	0.0016	-0.0023	1.7306	0.0163
7.0110	0.0012	0.0027	1.6845	0.0169
7.0115	0.0014	-0.0022	1.6535	0.0114
7.0120	0.0014	-0.0008	1.6638	0.0142
7.0125	0.0014	0.0016	1.6647	0.0152
7.0130	0.0017	0.0002	1.6234	0.0063
7.0135	0.0016	0.0001	1.5813	0.0126
7.0140	0.0015	-0.0002	1.5893	0.0156
7.0145	0.0014	0.0018	1.5924	0.0144
7.0150	0.0015	0.0036	1.5585	0.0101
7.0155	0.0015	-0.0004	1.5129	0.0162
7.0160	0.0015	-0.0010	1.5096	0.0192
7.0165	0.0017	0.0019	1.5178	0.0139
7.0170	0.0013	-0.0019	1.4860	0.0051
7.0175	0.0015	0.0015	1.4414	0.0126
7.0180	0.0014	-0.0025	1.4278	0.0133
7.0185	0.0011	0.0008	1.4368	0.0128
7.0190	0.0015	-0.0020	1.4100	0.0124
7.0195	0.0015	0.0006	1.3611	0.0119
7.0200	0.0017	-0.0017	1.3394	0.0112
7.0205	0.0012	-0.0029	1.3473	0.0128
7.0210	0.0016	-0.0010	1.3318	0.0109
7.0215	0.0012	-0.0014	1.2822	0.0098
7.0220	0.0016	-0.0002	1.2551	0.0130
7.0225	0.0013	-0.0015	1.2596	0.0139
7.0230	0.0013	0.0007	1.2470	0.0100
7.0235	0.0016	-0.0012	1.2016	0.0109
7.0240	0.0013	-0.0040	1.1659	0.0084
7.0245	0.0013	-0.0039	1.1679	0.0095
7.0250	0.0018	-0.0046	1.1566	0.0131
7.0255	0.0015	-0.0012	1.1132	0.0162
7.0260	0.0018	0.0019	1.0752	0.0109
7.0265	0.0014	0.0006	1.0699	0.0128
7.0270	0.0017	-0.0014	1.0658	0.0174
7.0275	0.0018	0.0018	1.0257	0.0060
7.0280	0.0011	-0.0008	0.9835	0.0097
7.0285	0.0016	-0.0011	0.9733	0.0059
7.0290	0.0016	-0.0002	0.9699	0.0062
7.0295	0.0015	0.0005	0.9355	0.0073
7.0300	0.0013	-0.0005	0.8855	0.0072
7.0305	0.0012	-0.0009	0.8706	0.0049
7.0310	0.0010	-0.0030	0.8696	0.0105
7.0315	0.0015	-0.0055	0.8368	0.0102
7.0320	0.0012	0.0017	0.7905	0.0019
7.0325	0.0011	-0.0013	0.7671	0.0144
7.0330	0.0010	0.0003	0.7666	0.0108
7.0335	0.0016	-0.0026	0.7402	0.0089
7.0340	0.0007	0.0008	0.6937	0.0027
7.0345	0.0011	-0.0030	0.6651	0.0069
7.0350	0.0008	0.0025	0.6600	0.0115
7.0355	0.0011	-0.0010	0.6393	0.0138
7.0360	0.0014	-0.0015	0.5935	0.0081
7.0365	0.0008	0.0006	0.5613	0.0073
7.0370	0.0012	-0.0025	0.5524	0.0084
7.0375	0.0009	-0.0013	0.5368	0.0104
7.0380	0.0010	-0.0035	0.4922	0.0161
7.0385	0.0009	-0.0023	0.4535	0.0040
7.0390	0.0009	-0.0029	0.4431	0.0080
7.0395	0.0013	0.0006	0.4312	0.0101
7.0400	0.0011	0.0017	0.3910	0.0080
7.0405	0.0008	-0.0019	0.3504	0.0120
7.0410	0.0012	0.0025	0.3362	0.0069
7.0415	0.0011	-0.0022	0.3222	0.0145
7.0420	0.0011	0.0001	0.2889	0.0071
7.0425	0.0010	0.0001	0.2494	-0.0020
7.0430	0.0005	-0.0002	0.2254	0.0063
7.0435	0.0010	-0.0011	0.2145	0.0048
7.0440	0.0010	-0.0020	0.1861	0.0115
7.0445	0.0010	0.0009	0.1435	0.0070
7.0450	0.0006	-0.0000	0.1192	0.0070
7.0455	0.0013	-0.0026	0.1042	0.0060
7.0460	0.0008	-0.0017	0.0784	0.0012
7.0465	0.0005	-0.0012	0.0416	0.0039
7.0470	0.0008	0.0006	0.0148	0.0070
7.0475	0.0013	0.0009	0.0002	0.0056
7.0480	0.0008	-0.0009	-0.0207	0.0035
7.0485	0.0005	-0.0016	-0.0349	0.0092
7.0490	0.0006	-0.0002	-0.0660	0.0039
7.0495	0.0009	-0.0035	-0.1170	0.0087
7.0500	0.0008	0.0019	-0.1566	0.0108
7.0505	0.0008	-0.0027	-0.1666	0.0042
7.0510	0.0010	-0.0011	-0.1729	0.0072
7.0515	0.0011	0.0007	-0.2153	0.0017
7.0520	0.0005	0.0009	-0.2619	0.0048
7.0525	0.0008	0.0020	-0.2741	0.0092
7.0530	0.0009	-0.0018	-0.2776	0.0086
7.0535	0.0004	0.0001	-0.3165	0.0070
7.0540	0.0003	0.0012	-0.3641	0.0061
7.0545	0.0009	0.0012	-0.3823	0.0020
7.0550	0.0011	-0.0022	-0.3833	0.0010
7.0555	0.0008	-0.0036	-0.4152	0.0042
7.0560	0.0008	0.0002	-0.4595	0.0011
7.0565	0.0013	-0.0034	-0.4734	0.0078
7.0570	0.0006	-0.0049	-0.4905	0.0121
7.0575	0.0006	-0.0005	-0.5239	-0.0014
7.0580	0.0006	-0.0010	-0.5667	0.0036
7.0585	0.0008	-0.0020	-0.5843	0.0031
7.0590	0.0006	-0.0036	-0.5912	0.0025
7.0595	0.0008	0.0009	-0.6245	0.0045
7.0600	0.0008	-0.0047	-0.6635	0.0048
7.0605	0.0008	-0.0005	-0.6845	0.0062
7.0610	0.0003	-0.0035	-0.6920	0.0016
7.0615	0.0010	-0.0026	-0.7200	0.0045
7.0620	0.0006	0.0001	-0.7625	0.0000
7.0625	0.0005	-0.0016	-0.7875	0.0052
7.0630	0.0007	-0.0037	-0.7947	0.0040
7.0635	0.0003	-0.0021	-0.8205	0.0066
7.0640	0.0010	-0.0026	-0.8613	0.0045
7.0645	0.0003	-0.0018	-0.8865	-0.0066
7.0650	0.0005	-0.0023	-0.8934	0.0036
7.0655	0.0006	-0.0017	-0.9125	-0.0033
7.0660	0.0004	0.0009	-0.9548	0.0077
7.0665	0.0004	-0.0002	-0.9826	-0.0005
7.0670	0.0005	-0.0035	-0.9877	0.0038
7.0675	0.0005	0.0028	-1.0047	-0.0001
7.0680	0.0005	-0.0038	-1.0428	0.0056
7.0685	0.0004	0.0045	-1.0764	0.0011
7.0690	0.0006	0.0004	-1.0842	0.0072
7.0695	0.0003	-0.0038	-1.0951	0.0021
7.0700	0.0004	0.0003	-1.1279	0.0017
7.0705	0.0007	0.0036	-1.1661	0.0008
7.0710	0.0007	0.0015	-1.1764	0.0046
7.0715	0.0006	-0.0050	-1.1757	0.0025
7.0720	0.0003	-0.0009	-1.2021	-0.0016
7.0725	0.0002	0.0037	-1.2329	0.0037
7.0730	0.0001	-0.0010	-1.2686	0.0028
7.0735	0.0004	-0.0025	-1.2696	0.0017
7.0740	0.0007	-0.0014	-1.2735	0.0055
7.0745	0.0001	0.0006	-1.3375	-0.0020
7.0750	0.0004	0.0021	-1.3531	-0.0015
7.0755	0.0008	0.0012	-1.3396	0.0028
7.0760	0.0004	0.0013	-1.3744	0.0036
7.0765	0.0008	-0.0020	-1.4291	0.0082
7.0770	0.0002	0.0010	-1.4364	0.0027
7.0775	0.0001	0.0006	-1.4202	-0.0005
7.0780	0.0000	0.0041	-1.4439	0.0019
7.0785	0.0001	0.0001	-1.4978	0.0010
7.0790	0.0003	-0.0002	-1.5146	0.0017
7.0795	0.0001	0.0004	-1.5000	0.0049
7.0800	0.0002	-0.0017	-1.5161	-0.0001
7.0805	0.0003	-0.0038	-1.5673	0.0037
7.0810	0.0003	-0.0010	-1.5906	0.0022
7.0815	0.0005	0.0024	-1.5737	0.0016
7.0820	0.0001	-0.0028	-1.5852	0.0020
7.0825	0.0005	-0.0033	-1.6336	-0.0010
7.0830	-0.0001	-0.0011	-1.6595	-0.0011
7.0835	0.0002	-0.0029	-1.6454	0.0048
7.0840	0.0003	-0.0017	-1.6503	-0.0078
7.0845	0.0005	-0.0017	-1.6941	-0.0027
7.0850	-0.0002	0.0006	-1.7235	0.0016
7.0855	0.0005	-0.0017	-1.7129	-0.0021
7.0860	0.0002	-0.0039	-1.7100	0.0005
7.0865	0.0002	0.0010	-1.7479	-0.0021
7.0870	-0.0001	0.0024	-1.7835	-0.0015
7.0875	0.0006	-0.0005	-1.7767	0.0018
7.0880	0.0003	0.0021	-1.7677	0.0034
7.0885	-0.0000	0.0003	-1.7983	-0.0021
7.0890	0.0004	0.0005	-1.8379	-0.0033
7.0895	-0.0001	0.0009	-1.8358	-0.0030
7.0900	0.0001	0.0002	-1.8231	-0.0006
7.0905	0.0002	-0.0022	-1.8432	-0.0012
7.0910	-0.0002	-0.0000	-1.8847	0.0014
7.0915	0.0002	-0.0017	-1.8874	-0.0041
7.0920	0.0002	-0.0000	-1.8703	-0.0051
7.0925	-0.0003	-0.0041	-1.8838	-0.0033
7.0930	-0.0001	-0.0014	-1.9251	-0.0051
7.0935	0.0001	0.0015	-1.9331	-0.0034
7.0940	-0.0000	-0.0003	-1.9174	0.0034
7.0945	0.0002	0.0009	-1.9216	0.0024
7.0950	-0.0004	0.0015	-1.9600	-0.0019
7.0955	-0.0001	0.0012	-1.9722	-0.0005
7.0960	0.0000	0.0002	-1.9574	0.0020
7.0965	0.0002	-0.0032	-1.9568	0.0010
7.0970	0.0003	-0.0011	-1.9920	-0.0031
7.0975	-0.0000	0.0003	-2.0077	-0.0059
7.0980	0.0003	0.0014	-1.9897	-0.0004
7.0985	-0.0000	-0.0045	-1.9856	-0.0086
7.0990	-0.0002	-0.0029	-2.0120	-0.0068
7.0995	0.0003	0.0030	-2.0349	-0.0014
7.1000	0.0002	-0.0015	-2.0211	-0.0050
7.1005	0.0003	-0.0043	-2.0109	-0.0030
7.1010	0.0000	0.0041	-2.0326	0.0000
7.1015	-0.0002	0.0001	-2.0580	-0.0020
7.1020	0.0000	0.0023	-2.0462	-0.0017
7.1025	-0.0001	-0.0005	-2.0292	-0.0035
7.1030	-0.0002	-0.0039	-2.0465	0.0004
7.1035	-0.0003	-0.0015	-2.0726	-0.0010
7.1040	-0.0001	0.0020	-2.0654	-0.0064
7.1045	-0.0001	0.0007	-2.0462	-0.0022
7.1050	-0.0004	-0.0019	-2.0547	-0.0063
7.1055	-0.0004	-0.0014	-2.0800	0.0001
7.1060	-0.0001	0.0015	-2.0787	-0.0062
7.1065	-0.0000	-0.0011	-2.0577	0.0005
7.1070	0.0001	-0.0028	-2.0591	-0.0059
7.1075	-0.0002	-0.0027	-2.0830	-0.0064
7.1080	-0.0003	-0.0002	-2.0876	0.0008
7.1085	-0.0003	0.0007	-2.0639	-0.0033
7.1090	-0.0002	-0.0002	-2.0606	-0.0044
7.1095	-0.0003	-0.0003	-2.0835	-0.0066
7.1100	-0.0001	0.0005	-2.0882	0.0043
7.1105	0.0002	0.0029	-2.0675	-0.0054
7.1110	-0.0003	-0.0024	-2.0574	-0.0061
7.1115	0.0001	-0.0023	-2.0720	-0.0089
7.1120	-0.0004	-0.0033	-2.0834	-0.0058
7.1125	-0.0004	0.0010	-2.0620	-0.0097
7.1130	-0.0003	-0.0008	-2.0462	0.0045
7.1135	-0.0005	0.0006	-2.0606	-0.0061
7.1140	-0.0004	-0.0019	-2.0703	-0.0005
7.1145	-0.0001	-0.0005	-2.0530	-0.0025
7.1150	-0.0000	0.0007	-2.0334	-0.0043
7.1155	-0.0002	-0.0000	-2.0423	-0.0020
7.1160	-0.0001	-0.0003	-2.0517	-0.0053
7.1165	0.0002	-0.0014	-2.0380	-0.0036
7.1170	-0.0002	-0.0022	-2.0149	-0.0052
7.1175	-0.0001	-0.0008	-1.9982	-0.0062
7.1180	-0.0005	-0.0021	-1.9870	-0.0025
7.1185	0.0001	0.0030	-1.9696	-0.0068
7.1190	0.0001	-0.0006	-1.9460	-0.0056
7.1195	-0.0004	-0.0036	-1.9457	-0.0044
7.1200	0.0000	0.0028	-1.9496	-0.0022
7.1205	-0.0001	-0.0004	-1.9395	-0.0046
7.1210	-0.0001	0.0019	-1.9152	-0.0085
7.1215	-0.0001	0.0021	-1.9121	-0.0069
7.1220	-0.0002	0.0042	-1.9231	-0.0080
7.1225	0.0001	-0.0009	-1.9146	-0.0027
7.1230	-0.0001	-0.0035	-1.8877	-0.0031
7.1235	-0.0003	-0.0018	-1.8808	-0.0025
7.1240	0.0001	-0.0005	-1.8864	-0.0036
7.1245	-0.0002	0.0033	-1.8791	-0.0017
7.1250	-0.0004	0.0017	-1.8542	-0.0059
7.1255	-0.0000	-0.0007	-1.8379	-0.0051
7.1260	-0.0003	-0.0020	-1.8425	-0.0050
7.1265	-0.0003	-0.0024	-1.8413	-0.0011
7.1270	-0.0000	-0.0031	-1.8178	-0.0068
7.1275	-0.0003	0.0012	-1.7939	-0.0110
7.1280	0.0002	-0.0035	-1.7934	-0.0017
7.1285	0.0001	-0.0027	-1.7939	-0.0022
7.1290	-0.0001	-0.0024	-1.7732	0.0016
7.1295	-0.0005	0.0015	-1.7488	-0.0066
7.1300	0.0001	-0.0011	-1.7450	-0.0033
7.1305	-0.0005	-0.0005	-1.7449	0.0009
7.1310	-0.0002	-0.0030	-1.7253	0.0035
7.1315	-0.0002	-0.0048	-1.6967	-0.0004
7.1320	0.0000	0.0047	-1.6857	-0.0051
7.1325	0.0000	-0.0028	-1.6893	-0.0051
7.1330	-0.0005	-0.0009	-1.6710	-0.0076
7.1335	0.0001	-0.0017	-1.6400	-0.0014
7.1340	0.0004	-0.0002	-1.6265	-0.0035
7.1345	-0.0002	-0.0004	-1.6260	-0.0077
7.1350	-0.0004	-0.0020	-1.6121	-0.0066
7.1355	-0.0002	-0.0027	-1.5791	-0.0024
7.1360	0.0000	-0.0032	-1.5637	-0.0121
7.1365	0.0001	0.0012	-1.5590	-0.0030
7.1370	-0.0001	-0.0008	-1.5489	-0.0040
7.1375	0.0003	-0.0047	-1.5161	0.0052
7.1380	-0.0002	0.0010	-1.4940	-0.0030
7.1385	0.0001	0.0024	-1.4892	-0.0007
7.1390	-0.0001	-0.0041	-1.4793	-0.0025
7.1395	-0.0001	0.0016	-1.4470	-0.0013
7.1400	-0.0005	0.0019	-1.4222	-0.0028
7.1405	-0.0001	-0.0006	-1.4176	-0.0033
7.1410	-0.0001	0.0015	-1.4084	-0.0034
7.1415	-0.0002	0.0039	-1.3785	-0.0053
7.1420	-0.0002	-0.0055	-1.3451	-0.0016
7.1425	0.0002	0.0014	-1.3370	-0.0028
7.1430	0.0003	0.0035	-1.3314	0.0011
7.1435	-0.0000	-0.0016	-1.3039	-0.0033
7.1440	-0.0007	0.0006	-1.2696	-0.0080
7.1445	0.0002	-0.0028	-1.2549	-0.0041
7.1450	0.0000	0.0014	-1.2493	0.0003
7.1455	0.0001	0.0001	-1.2220	-0.0015
7.1460	0.0001	-0.0031	-1.1897	0.0027
7.1465	0.0002	0.0006	-1.1717	-0.0047
7.1470	-0.0002	-0.0034	-1.1641	0.0006
7.1475	-0.0001	0.0023	-1.1420	-0.0006
7.1480	-0.0000	0.0004	-1.1051	-0.0048
7.1485	-0.0005	-0.0011	-1.0829	0.0011
7.1490	0.0001	-0.0008	-1.0742	-0.0030
7.1495	-0.0002	-0.0001	-1.0563	-0.0009
7.1500	-0.0000	-0.0006	-1.0185	0.0030
7.1505	-0.0002	-0.0041	-0.9924	-0.0012
7.1510	0.0001	0.0004	-0.9825	-0.0076
7.1515	0.0002	0.0019	-0.9660	0.0042
7.1520	0.0001	-0.0055	-0.9310	-0.0010
7.1525	0.0004	-0.0032	-0.9010	0.0015
7.1530	0.0001	-0.0011	-0.8886	-0.0042
7.1535	0.0000	-0.0020	-0.8720	-0.0012
7.1540	0.0002	0.0021	-0.8402	0.0057
7.1545	0.0001	-0.0026	-0.8067	0.0008
7.1550	0.0005	-0.0004	-0.7899	-0.0017
7.1555	-0.0003	-0.0024	-0.7757	0.0011
7.1560	-0.0002	0.0009	-0.7466	0.0003
7.1565	-0.0000	0.0024	-0.7118	0.0034
7.1570	0.0010	-0.0030	-0.6881	0.0039
7.1575	0.0002	0.0016	-0.6756	-0.0021
7.1580	0.0001	-0.0024	-0.6489	0.0003
7.1585	0.0002	-0.0053	-0.6132	-0.0050
7.1590	0.0003	0.0012	-0.5922	-0.0010
7.1595	0.0002	-0.0033	-0.5747	-0.0010
7.1600	0.0003	0.0001	-0.5509	0.0025
7.1605	0.0002	-0.0063	-0.5190	0.0020
7.1610	0.0005	-0.0005	-0.4889	-0.0006
7.1615	0.0003	-0.0029	-0.4749	0.0067
7.1620	0.0001	-0.0010	-0.4520	0.0057
7.1625	0.0004	0.0004	-0.4177	0.0036
7.1630	0.0003	0.0036	-0.3895	0.0025
7.1635	0.0004	-0.0002	-0.3701	0.0008
7.1640	0.0002	-0.0002	-0.3517	0.0058
7.1645	0.0005	-0.0014	-0.3179	-0.0012
7.1650	0.0004	-0.0021	-0.2855	0.0001
7.1655	0.0006	-0.0008	-0.2659	0.0092
7.1660	0.0006	0.0028	-0.2470	0.0004
7.1665	0.0007	-0.0003	-0.2175	0.0025
7.1670	0.0006	0.0018	-0.1837	0.0039
7.1675	0.0005	-0.0012	-0.1627	0.0082
7.1680	0.0002	-0.0032	-0.1435	0.0040
7.1685	0.0006	-0.0008	-0.1154	0.0046
7.1690	0.0001	0.0030	-0.0846	0.0066
7.1695	0.0009	-0.0020	-0.0573	0.0037
7.1700	0.0008	0.0015	-0.0387	-0.0031
7.1705	0.0007	0.0012	-0.0161	0.0006
7.1710	0.0004	-0.0038	0.0074	0.0007
7.1715	0.0004	-0.0005	0.0218	0.0018
7.1720	0.0005	-0.0014	0.0524	0.0035
7.1725	0.0006	0.0019	0.0963	0.0082
7.1730	0.0006	-0.0021	0.1207	-0.0006
7.1735	0.0005	0.0016	0.1295	0.0066
7.1740	0.0008	0.0004	0.1562	0.0087
7.1745	0.0011	0.0006	0.2004	0.0103
7.1750	0.0009	-0.0017	0.2277	0.0042
7.1755	0.0007	-0.0021	0.2346	0.0070
7.1760	0.0009	-0.0016	0.2560	0.0058
7.1765	0.0009	0.0024	0.2971	0.0031
7.1770	0.0008	-0.0017	0.3265	0.0132
7.1775	0.0006	0.0017	0.3340	0.0094
7.1780	0.0010	-0.0027	0.3577	0.0046
7.1785	0.0009	0.0024	0.3987	0.0035
7.1790	0.0010	0.0015	0.4269	0.0065
7.1795	0.0005	-0.0015	0.4380	0.0081
7.1800	0.0011	-0.0029	0.4568	0.0055
7.1805	0.0008	-0.0015	0.4961	0.0043
7.1810	0.0011	-0.0006	0.5263	0.0090
7.1815	0.0006	-0.0009	0.5379	0.0058
7.1820	0.0004	-0.0004	0.5544	0.0150
7.1825	0.0008	-0.0007	0.5898	0.0047
7.1830	0.0007	0.0002	0.6257	0.0074
7.1835	0.0009	-0.0002	0.6383	0.0083
7.1840	0.0007	-0.0013	0.6490	0.0065
7.1845	0.0007	-0.0015	0.6843	0.0063
7.1850	0.0011	-0.0039	0.7195	0.0028
7.1855	0.0010	0.0016	0.7376	0.0105
7.1860	0.0011	0.0009	0.7461	0.0110
7.1865	0.0009	0.0002	0.7729	0.0056
7.1870	0.0009	-0.0023	0.8127	0.0091
7.1875	0.0010	-0.0021	0.8318	0.0135
7.1880	0.0006	0.0018	0.8412	0.0026
7.1885	0.0008	-0.0003	0.8649	0.0090
7.1890	0.0009	-0.0029	0.9017	0.0081
7.1895	0.0012	-0.0009	0.9233	0.0076
7.1900	0.0007	-0.0016	0.9327	0.0074
7.1905	0.0009	-0.0002	0.9525	0.0124
7.1910	0.0009	0.0012	0.9874	0.0094
7.1915	0.0010	-0.0014	1.0017	0.0076
7.1920	0.0009	-0.0009	1.0153	0.0053
7.1925	0.0010	-0.0006	1.0510	0.0069
7.1930	0.0013	0.0030	1.0860	0.0102
7.1935	0.0011	-0.0031	1.0926	0.0081
7.1940	0.0008	-0.0005	1.1020	0.0072
7.1945	0.0009	-0.0045	1.1316	0.0073
7.1950	0.0008	-0.0033	1.1720	0.0084
7.1955	0.0013	0.0011	1.1639	0.0070
7.1960	0.0012	-0.0020	1.1530	0.0099
7.1965	0.0012	-0.0022	1.2365	0.0027
7.1970	0.0011	0.0006	1.2994	0.0100
7.1975	0.0013	0.0028	1.2361	0.0062
7.1980	0.0012	-0.0008	1.1973	0.0047
7.1985	0.0007	0.0011	1.3246	0.0047
7.1990	0.0014	-0.0020	1.4110	0.0069
7.1995	0.0011	0.0021	1.3343	0.0080
7.2000	0.0010	-0.0004	1.2755	0.0084
7.2005	0.0009	-0.0015	1.3816	0.0141
7.2010	0.0013	0.0018	1.4845	0.0102
7.2015	0.0009	-0.0027	1.4269	0.0120
7.2020	0.0009	-0.0020	1.3518	0.0111
7.2025	0.0010	-0.0031	1.4362	0.0089
7.2030	0.0009	0.0011	1.5521	0.0129
7.2035	0.0011	0.0008	1.5164	0.0143
7.2040	0.0012	0.0013	1.4335	0.0124
7.2045	0.0012	-0.0012	1.4849	0.0061
7.2050	0.0012	0.0018	1.6105	0.0115
7.2055	0.0010	-0.0017	1.6005	0.0005
7.2060	0.0012	-0.0011	1.5127	0.0165
7.2065	0.0015	-0.0002	1.5385	0.0100
7.2070	0.0010	-0.0035	1.6591	0.0095
7.2075	0.0010	0.0009	1.6768	0.0094
7.2080	0.0012	0.0036	1.5870	0.0081
7.2085	0.0016	0.0001	1.5917	0.0131
7.2090	0.0012	0.0010	1.7059	0.0123
7.2095	0.0011	-0.0015	1.7480	0.0138
7.2100	0.0014	-0.0023	1.6647	0.0071
7.2105	0.0012	0.0015	1.6426	0.0122
7.2110	0.0014	-0.0021	1.7451	0.0050
7.2115	0.0016	-0.0018	1.8095	0.0105
7.2120	0.0011	-0.0014	1.7380	0.0101
7.2125	0.0014	0.0008	1.6914	0.0171
7.2130	0.0009	0.0002	1.7778	0.0110
7.2135	0.0015	-0.0021	1.8578	0.0143
7.2140	0.0012	-0.0002	1.8056	0.0114
7.2145	0.0012	-0.0015	1.7422	0.0120
7.2150	0.0011	0.0008	1.8085	0.0118
7.2155	0.0014	-0.0017	1.9017	0.0134
7.2160	0.0010	-0.0026	1.8672	0.0112
7.2165	0.0017	-0.0011	1.7923	0.0130
7.2170	0.0013	-0.0005	1.8410	0.0210
7.2175	0.0017	0.0001	1.9376	0.0087
7.2180	0.0015	-0.0017	1.9195	0.0131
7.2185	0.0013	0.0014	1.8385	0.0157
7.2190	0.0017	-0.0018	1.8650	0.0113
7.2195	0.0014	0.0003	1.9652	0.0160
7.2200	0.0014	0.0015	1.9692	0.0082
7.2205	0.0018	-0.0025	1.8864	0.0171
7.2210	0.0016	0.0016	1.8871	0.0133
7.2215	0.0017	0.0039	1.9806	0.0107
7.2220	0.0016	-0.0079	2.0078	0.0124
7.2225	0.0016	-0.0040	1.9281	0.0182
7.2230	0.0012	0.0033	1.9033	0.0077
7.2235	0.0016	-0.0037	1.9910	0.0100
7.2240	0.0018	-0.0024	2.0371	0.0139
7.2245	0.0013	-0.0029	1.9667	0.0141
7.2250	0.0015	-0.0032	1.9261	0.0131
7.2255	0.0012	-0.0008	1.9979	0.0144
7.2260	0.0018	-0.0013	2.0581	0.0153
7.2265	0.0016	0.0016	1.9999	0.0151
7.2270	0.0018	-0.0002	1.9418	0.0140
7.2275	0.0015	-0.0035	1.9995	0.0144
7.2280	0.0012	0.0005	2.0686	0.0151
7.2285	0.0021	-0.0001	2.0268	0.0133
7.2290	0.0018	-0.0029	1.9565	0.0171
7.2295	0.0015	-0.0039	1.9955	0.0157
7.2300	0.0014	-0.0011	2.0745	0.0108
7.2305	0.0019	-0.0020	2.0469	0.0193
7.2310	0.0014	-0.0040	1.9708	0.0124
7.2315	0.0016	0.0002	1.9916	0.0115
7.2320	0.0015	-0.0028	2.0710	0.0154
7.2325	0.0014	-0.0008	2.0612	0.0130
7.2330	0.0017	-0.0035	1.9828	0.0120
7.2335	0.0015	-0.0024	1.9789	0.0149
7.2340	0.0014	0.0036	2.0598	0.0108
7.2345	0.0017	-0.0034	2.0655	0.0119
7.2350	0.0013	0.0006	1.9876	0.0146
7.2355	0.0012	0.0015	1.9667	0.0135
7.2360	0.0016	-0.0014	2.0414	0.0136
7.2365	0.0016	0.0025	2.0655	0.0141
7.2370	0.0019	-0.0026	1.9930	0.0176
7.2375	0.0016	-0.0017	1.9559	0.0132
7.2380	0.0017	-0.0020	2.0128	0.0112
7.2385	0.0016	-0.0049	2.0536	0.0159
7.2390	0.0016	-0.0015	1.9910	0.0174
7.2395	0.0018	0.0005	1.9387	0.0156
7.2400	0.0016	-0.0046	1.9853	0.0100
7.2405	0.0014	-0.0017	2.0342	0.0156
7.2410	0.0016	-0.0025	1.9849	0.0181
7.2415	0.0016	-0.0033	1.9200	0.0204
7.2420	0.0017	-0.0011	1.9519	0.0174
7.2425	0.0015	0.0011	2.0059	0.0122
7.2430	0.0017	-0.0011	1.9699	0.0113
7.2435	0.0015	0.0011	1.8978	0.0150
7.2440	0.0018	-0.0008	1.9153	0.0104
7.2445	0.0017	0.0006	1.9727	0.0192
7.2450	0.0019	-0.0067	1.9466	0.0095
7.2455	0.0014	0.0005	1.8764	0.0132
7.2460	0.0015	0.0005	1.8733	0.0134
7.2465	0.0011	-0.0012	1.9295	0.0181
7.2470	0.0017	0.0022	1.9217	0.0119
7.2475	0.0013	0.0042	1.8453	0.0135
7.2480	0.0016	0.0015	1.8278	0.0133
7.2485	0.0015	0.0021	1.8810	0.0125
7.2490	0.0018	-0.0032	1.8856	0.0113
7.2495	0.0014	0.0022	1.8144	0.0146
7.2500	0.0017	-0.0014	1.7791	0.0128
7.2505	0.0013	-0.0013	1.8246	0.0193
7.2510	0.0014	-0.0073	1.8454	0.0144
7.2515	0.0017	0.0018	1.7768	0.0161
7.2520	0.0017	0.0011	1.7325	0.0160
7.2525	0.0017	-0.0003	1.7666	0.0146
7.2530	0.0017	-0.0025	1.7917	0.0150
7.2535	0.0016	0.0017	1.7390	0.0155
7.2540	0.0012	-0.0020	1.6786	0.0104
7.2545	0.0017	0.0004	1.7036	0.0145
7.2550	0.0013	0.0009	1.7358	0.0139
7.2555	0.0019	0.0012	1.6927	0.0183
7.2560	0.0020	-0.0011	1.6251	0.0155
7.2565	0.0013	-0.0016	1.6371	0.0111
7.2570	0.0011	-0.0018	1.6718	0.0161
7.2575	0.0011	-0.0010	1.6382	0.0129
7.2580	0.0015	0.0032	1.5702	0.0110
7.2585	0.0013	-0.0029	1.5652	0.0120
7.2590	0.0016	-0.0028	1.6028	0.0136
7.2595	0.0011	0.0010	1.5819	0.0154
7.2600	0.0016	-0.0023	1.5123	0.0138
7.2605	0.0014	-0.0013	1.4902	0.0153
7.2610	0.0012	-0.0006	1.5262	0.0154
7.2615	0.0015	-0.0047	1.5191	0.0138
7.2620	0.0013	-0.0008	1.4510	0.0128
7.2625	0.0012	0.0015	1.4177	0.0100
7.2630	0.0015	-0.0000	1.4468	0.0113
7.2635	0.0014	0.0002	1.4483	0.0134
7.2640	0.0015	-0.0015	1.3833	0.0063
7.2645	0.0018	0.0016	1.3410	0.0205
7.2650	0.0017	-0.0020	1.3625	0.0174
7.2655	0.0012	-0.0047	1.3720	0.0138
7.2660	0.0014	-0.0011	1.3136	0.0143
7.2665	0.0015	-0.0032	1.2600	0.0121
7.2670	0.0011	-0.0005	1.2750	0.0149
7.2675	0.0014	0.0001	1.2883	0.0099
7.2680	0.0012	-0.0021	1.2399	0.0104
7.2685	0.0013	-0.0002	1.1793	0.0086
7.2690	0.0011	-0.0023	1.1841	0.0159
7.2695	0.0014	-0.0019	1.2032	0.0132
7.2700	0.0014	0.0014	1.1647	0.0103
7.2705	0.0014	0.0027	1.1002	0.0104
7.2710	0.0015	0.0009	1.0896	0.0159
7.2715	0.0017	-0.0002	1.1116	0.0149
7.2720	0.0012	-0.0012	1.0821	0.0145
7.2725	0.0019	0.0008	1.0172	0.0104
7.2730	0.0012	0.0018	0.9954	0.0118
7.2735	0.0008	-0.0027	1.0132	0.0113
7.2740	0.0012	-0.0010	0.9959	0.0111
7.2745	0.0012	-0.0005	0.9329	0.0088
7.2750	0.0015	-0.0026	0.9038	0.0087
7.2755	0.0014	-0.0002	0.9165	0.0097
7.2760	0.0014	-0.0009	0.9068	0.0120
7.2765	0.0009	-0.0030	0.8469	0.0086
7.2770	0.0013	-0.0014	0.8054	0.0148
7.2775	0.0013	0.0017	0.8144	0.0065
7.2780	0.0012	-0.0041	0.8122	0.0077
7.2785	0.0009	-0.0033	0.7593	0.0107
7.2790	0.0010	0.0013	0.7113	0.0149
7.2795	0.0012	0.0004	0.7134	0.0057
7.2800	0.0012	0.0009	0.7172	0.0072
7.2805	0.0015	-0.0058	0.6667	0.0040
7.2810	0.0010	-0.0002	0.6160	0.0107
7.2815	0.0013	-0.0003	0.6099	0.0110
7.2820	0.0009	0.0004	0.6159	0.0101
7.2825	0.0013	-0.0019	0.5762	0.0050
7.2830	0.0010	-0.0026	0.5212	0.0148
7.2835	0.0010	0.0031	0.5068	0.0102
7.2840	0.0008	-0.0010	0.5095	0.0103
7.2845	0.0012	-0.0019	0.4767	0.0140
7.2850	0.0008	-0.0018	0.4232	0.0040
7.2855	0.0008	-0.0009	0.4016	0.0093
7.2860	0.0011	-0.0003	0.4017	0.0084
7.2865	0.0010	0.0004	0.3809	0.0057
7.2870	0.0008	-0.0026	0.3291	0.0067
7.2875	0.0014	-0.0002	0.2975	0.0089
7.2880	0.0006	0.0031	0.2958	0.0093
7.2885	0.0011	0.0012	0.2784	0.0108
7.2890	0.0011	0.0019	0.2297	0.0026
7.2895	0.0007	-0.0017	0.1957	0.0047
7.2900	0.0011	0.0016	0.1869	0.0100
7.2905	0.0010	-0.0009	0.1711	0.0069
7.2910	0.0010	-0.0017	0.1323	0.0072
7.2915	0.0007	-0.0037	0.0930	0.0050
7.2920	0.0008	-0.0017	0.0802	0.0058
7.2925	0.0010	-0.0021	0.0662	0.0113
7.2930	0.0005	-0.0024	0.0310	0.0129
7.2935	0.0012	0.0003	-0.0001	0.0018
7.2940	0.0011	0.0012	-0.0133	0.0086
7.2945	0.0010	-0.0016	-0.0223	0.0079
7.2950	0.0007	-0.0015	-0.0484	0.0050
7.2955	0.0005	0.0001	-0.0867	0.0076
7.2960	0.0007	-0.0037	-0.1326	0.0018
7.2965	0.0009	-0.0007	-0.1580	0.0157
7.2970	0.0011	-0.0014	-0.1651	0.0030
7.2975	0.0012	0.0023	-0.1871	0.0062
7.2980	0.0010	0.0029	-0.2312	0.0065
7.2985	0.0011	-0.0056	-0.2585	0.0071
7.2990	0.0009	0.0007	-0.2664	0.0049
7.2995	0.0008	-0.0040	-0.2824	0.0073
7.3000	0.0006	0.0009	-0.3272	0.0053
7.3005	0.0009	-0.0060	-0.3605	0.0015
7.3010	0.0007	0.0024	-0.3676	0.0062
7.3015	0.0007	0.0008	-0.3837	0.0025
7.3020	0.0004	-0.0021	-0.4219	0.0102
7.3025	0.0004	-0.0005	-0.4527	0.0088
7.3030	0.0012	-0.0002	-0.4586	0.0159
7.3035	0.0008	0.0018	-0.4871	0.0090
7.3040	0.0004	0.0001	-0.5261	0.0062
7.3045	0.0009	-0.0008	-0.5526	0.0014
7.3050	0.0010	0.0010	-0.5611	-0.0004
7.3055	0.0007	-0.0017	-0.5825	0.0006
7.3060	0.0007	-0.0043	-0.6243	0.0039
7.3065	0.0007	-0.0001	-0.6545	0.0057
7.3070	0.0011	-0.0008	-0.6605	0.0018
7.3075	0.0004	-0.0034	-0.6760	0.0065
7.3080	0.0009	-0.0044	-0.7180	0.0048
7.3085	0.0007	0.0004	-0.7492	-0.0037
7.3090	0.0006	0.0011	-0.7607	0.0046
7.3095	0.0006	-0.0025	-0.7716	0.0038
7.3100	0.0009	0.0009	-0.8089	0.0011
7.3105	0.0005	0.0015	-0.8459	-0.0009
7.3110	0.0007	0.0015	-0.8557	0.0026
7.3115	0.0007	-0.0006	-0.8640	0.0037
7.3120	0.0004	-0.0046	-0.8952	0.0063
7.3125	0.0007	0.0010	-0.9357	0.0042
7.3130	0.0007	-0.0016	-0.9513	0.0038
7.3135	0.0003	-0.0017	-0.9561	0.0005
7.3140	0.0006	0.0015	-0.9853	0.0031
7.3145	0.0007	-0.0033	-1.0245	0.0028
7.3150	0.0008	-0.0008	-1.0428	0.0076
7.3155	0.0005	-0.0023	-1.0465	0.0057
7.3160	0.0002	-0.0009	-1.0690	0.0058
7.3165	0.0003	0.0017	-1.1080	0.0047
7.3170	0.0007	-0.0004	-1.1301	0.0022
7.3175	0.0005	0.0001	-1.1352	-0.0004
7.3180	0.0003	-0.0023	-1.1460	-0.0033
7.3185	0.0011	0.0003	-1.1782	0.0037
7.3190	0.0002	-0.0006	-1.1970	-0.0005
7.3195	0.0003	-0.0024	-1.2105	0.0041
7.3200	0.0009	0.0001	-1.2430	0.0046
7.3205	0.0006	-0.0009	-1.2492	0.0032
7.3210	0.0006	-0.0050	-1.2811	0.0077
7.3215	0.0003	0.0007	-1.3111	-0.0004
7.3220	0.0003	-0.0026	-1.3016	0.0042
7.3225	0.0008	0.0085	-1.3300	-0.0033
7.3230	0.0003	-0.0044	-1.3766	0.0017
7.3235	0.0004	-0.0021	-1.3926	0.0030
7.3240	0.0004	0.0009	-1.3811	-0.0043
7.3245	0.0004	-0.0010	-1.3976	0.0012
7.3250	0.0007	-0.0004	-1.4484	0.0034
7.3255	0.0005	-0.0039	-1.4683	0.0000
7.3260	0.0005	-0.0026	-1.4549	-0.0011
7.3265	0.0006	0.0015	-1.4665	0.0004
7.3270	0.0004	-0.0011	-1.5122	0.0012
7.3275	0.0004	-0.0045	-1.5394	0.0015
7.3280	0.0006	-0.0029	-1.5281	0.0025
7.3285	0.0002	-0.0008	-1.5324	-0.0014
7.3290	0.0005	0.0014	-1.5706	0.0072
7.3295	0.0006	0.0026	-1.6071	-0.0057
7.3300	0.0004	-0.0036	-1.5981	0.0055
7.3305	0.0005	0.0018	-1.5927	0.0004
7.3310	0.0005	0.0025	-1.6312	-0.0007
7.3315	0.0003	-0.0060	-1.6677	0.0036
7.3320	0.0003	0.0011	-1.6622	-0.0015
7.3325	0.0002	-0.0017	-1.6525	0.0022
7.3330	0.0002	-0.0005	-1.6828	-0.0021
7.3335	0.0002	-0.0014	-1.7226	-0.0024
7.3340	0.0009	-0.0014	-1.7241	0.0018
7.3345	0.0002	-0.0005	-1.7116	-0.0034
7.3350	0.0001	-0.0012	-1.7311	0.0006
7.3355	0.0004	0.0003	-1.7725	-0.0005
7.3360	0.0001	0.0003	-1.7793	-0.0006
7.3365	0.0002	-0.0023	-1.7655	0.0035
7.3370	0.0000	-0.0016	-1.7765	0.0015
7.3375	-0.0001	-0.0014	-1.8116	-0.0019
7.3380	-0.0002	0.0009	-1.8252	-0.0013
7.3385	0.0003	-0.0016	-1.8098	-0.0004
7.3390	0.0002	-0.0016	-1.8151	-0.0009
7.3395	0.0000	0.0021	-1.8520	-0.0050
7.3400	-0.0000	-0.0077	-1.8701	-0.0002
7.3405	0.0001	-0.0000	-1.8564	-0.0024
7.3410	-0.0000	-0.0022	-1.8510	-0.0014
7.3415	0.0003	-0.0035	-1.8816	-0.0009
7.3420	-0.0001	-0.0002	-1.9059	-0.0015
7.3425	0.0002	-0.0036	-1.8941	0.0045
7.3430	0.0001	-0.0039	-1.8834	-0.0017
7.3435	-0.0001	0.0004	-1.9074	-0.0031
7.3440	0.0000	0.0045	-1.9351	-0.0036
7.3445	-0.0000	-0.0002	-1.9256	-0.0020
7.3450	-0.0002	0.0022	-1.9137	0.0017
7.3455	0.0002	-0.0015	-1.9299	-0.0057
7.3460	-0.0005	-0.0023	-1.9592	-0.0073
7.3465	-0.0002	-0.0012	-1.9546	-0.0043
7.3470	0.0001	0.0003	-1.9363	-0.0082
7.3475	0.0002	-0.0026	-1.9493	0.0020
7.3480	0.0002	-0.0002	-1.9776	-0.0106
7.3485	0.0000	-0.0002	-1.9779	-0.0034
7.3490	-0.0001	0.0003	-1.9583	-0.0037
7.3495	-0.0000	0.0011	-1.9637	0.0038
7.3500	-0.0002	-0.0013	-1.9898	-0.0045
7.3505	0.0002	-0.0035	-1.9944	-0.0030
7.3510	-0.0004	0.0024	-1.9741	-0.0037
7.3515	0.0000	0.0009	-1.9735	-0.0035
7.3520	-0.0003	-0.0004	-1.9981	-0.0032
7.3525	0.0003	-0.0008	-2.0070	-0.0006
7.3530	-0.0000	-0.0011	-1.9845	-0.0019
7.3535	-0.0003	-0.0006	-1.9786	-0.0045
7.3540	0.0001	0.0033	-2.0014	-0.0058
7.3545	-0.0005	-0.0009	-2.0129	-0.0058
7.3550	0.0001	-0.0007	-1.9935	-0.0014
7.3555	-0.0001	0.0004	-1.9797	-0.0025
7.3560	0.0002	-0.0017	-1.9958	-0.0032
7.3565	-0.0001	-0.0017	-2.0133	-0.0030
7.3570	-0.0003	-0.0002	-1.9960	-0.0031
7.3575	-0.0001	-0.0009	-1.9793	-0.0026
7.3580	-0.0004	0.0005	-1.9855	0.0015
7.3585	0.0000	0.0006	-2.0025	-0.0090
7.3590	-0.0000	0.0051	-1.9929	-0.0062
7.3595	-0.0001	0.0012	-1.9669	-0.0048
7.3600	0.0001	0.0022	-1.9734	-0.0092
7.3605	0.0001	-0.0032	-1.9899	-0.0045
7.3610	0.0001	0.0018	-1.9789	-0.0027
7.3615	-0.0000	-0.0066	-1.9560	-0.0062
7.3620	-0.0001	0.0026	-1.9571	-0.0014
7.3625	0.0001	-0.0007	-1.9727	-0.0005
7.3630	-0.0003	-0.0035	-1.9646	-0.0056
7.3635	-0.0001	-0.0006	-1.9398	-0.0026
7.3640	-0.0004	-0.0010	-1.9154	-0.0062
7.3645	-0.0003	0.0011	-1.9083	-0.0025
7.3650	0.0003	0.0027	-1.8974	-0.0020
7.3655	-0.0003	0.0011	-1.8714	-0.0073
7.3660	-0.0002	0.0001	-1.8593	-0.0074
7.3665	-0.0002	0.0007	-1.8720	-0.0022
7.3670	0.0000	-0.0002	-1.8684	-0.0022
7.3675	-0.0004	0.0022	-1.8415	-0.0013
7.3680	-0.0002	0.0002	-1.8263	-0.0051
7.3685	-0.0003	-0.0016	-1.8377	-0.0005
7.3690	-0.0001	0.0012	-1.8421	-0.0061
7.3695	-0.0001	-0.0005	-1.8176	-0.0069
7.3700	0.0002	0.0009	-1.7982	-0.0019
7.3705	-0.0002	-0.0020	-1.8016	-0.0054
7.3710	-0.0002	0.0036	-1.8083	0.0031
7.3715	-0.0003	-0.0061	-1.7883	-0.0058
7.3720	0.0001	0.0004	-1.7615	-0.0108
7.3725	-0.0003	-0.0051	-1.7598	0.0007
7.3730	-0.0001	-0.0032	-1.7647	-0.0089
7.3735	0.0002	0.0015	-1.7493	0.0022
7.3740	-0.0004	-0.0002	-1.7235	-0.0062
7.3745	-0.0005	-0.0002	-1.7149	-0.0096
7.3750	-0.0001	0.0019	-1.7195	-0.0057
7.3755	0.0004	-0.0034	-1.7076	0.0019
7.3760	0.0002	-0.0026	-1.6787	-0.0042
7.3765	0.0001	-0.0002	-1.6656	-0.0006
7.3770	-0.0001	0.0016	-1.6670	-0.0061
7.3775	0.0001	-0.0006	-1.6577	0.0007
7.3780	-0.0000	0.0012	-1.6300	-0.0020
7.3785	-0.0003	-0.0020	-1.6117	-0.0007
7.3790	-0.0002	-0.0015	-1.6148	-0.0020
7.3795	-0.0002	0.0010	-1.6038	-0.0050
7.3800	0.0002	-0.0023	-1.5784	-0.0022
7.3805	-0.0002	-0.0008	-1.5528	-0.0064
7.3810	0.0003	0.0017	-1.5544	-0.0034
7.3815	0.0001	-0.0026	-1.5451	-0.0006
7.3820	0.0001	-0.0010	-1.5172	-0.0083
7.3825	-0.0002	-0.0013	-1.4924	-0.0058
7.3830	-0.0000	-0.0036	-1.4869	0.0053
7.3835	0.0002	-0.0023	-1.4818	0.0000
7.3840	-0.0000	0.0006	-1.4566	-0.0053
7.3845	-0.0001	-0.0032	-1.4270	-0.0047
7.3850	0.0000	-0.0008	-1.4183	-0.0033
7.3855	-0.0000	-0.0020	-1.4153	-0.0007
7.3860	-0.0001	0.0001	-1.3898	-0.0023
7.3865	0.0003	0.0018	-1.3588	-0.0050
7.3870	-0.0000	0.0053	-1.3444	0.0010
7.3875	0.0002	-0.0035	-1.3390	-0.0024
7.3880	0.0002	-0.0053	-1.3228	-0.0061
7.3885	-0.0001	-0.0005	-1.2877	-0.0003
7.3890	-0.0002	-0.0022	-1.2700	-0.0026
7.3895	0.0002	-0.0025	-1.2660	-0.0040
7.3900	0.0001	0.0004	-1.2480	-0.0004
7.3905	-0.0001	0.0038	-1.2164	-0.0033
7.3910	0.0001	0.0023	-1.1918	-0.0017
7.3915	0.0001	-0.0014	-1.1804	-0.0016
7.3920	-0.0001	0.0001	-1.1713	-0.0006
7.3925	0.0001	0.0022	-1.1407	-0.0012
7.3930	0.0000	0.0027	-1.1126	-0.0004
7.3935	-0.0001	-0.0017	-1.1002	-0.0036
7.3940	0.0004	-0.0021	-1.0898	0.0016
7.3945	0.0005	-0.0002	-1.0613	0.0005
7.3950	0.0003	0.0021	-1.0286	-0.0036
7.3955	0.0004	-0.0001	-1.0158	0.0007
7.3960	0.0000	0.0024	-1.0044	-0.0016
7.3965	0.0003	-0.0020	-0.9759	-0.0003
7.3970	0.0001	0.0019	-0.9426	-0.0014
7.3975	-0.0001	-0.0012	-0.9268	-0.0019
7.3980	0.0000	-0.0035	-0.9161	-0.0047
7.3985	0.0003	-0.0001	-0.8897	-0.0011
7.3990	-0.0001	0.0021	-0.8571	-0.0012
7.3995	0.0003	-0.0044	-0.8352	-0.0002
7.4000	-0.0001	0.0047	-0.8261	-0.0024
7.4005	0.0001	-0.0027	-0.8020	0.0031
7.4010	0.0003	-0.0017	-0.7683	-0.0004
7.4015	0.0003	-0.0011	-0.7424	-0.0040
7.4020	0.0004	0.0002	-0.7303	0.0012
7.4025	0.0006	0.0003	-0.7118	0.0014
7.4030	0.0003	0.0035	-0.6767	0.0025
7.4035	0.0001	-0.0026	-0.6494	-0.0047
7.4040	0.0001	-0.0043	-0.6356	0.0015
7.4045	0.0003	-0.0001	-0.6160	0.0051
7.4050	0.0006	-0.0008	-0.5856	0.0059
7.4055	-0.0001	0.0001	-0.5514	-0.0016
7.4060	0.0002	-0.0034	-0.5376	0.0017
7.4065	0.0002	-0.0038	-0.5203	0.0053
7.4070	0.0001	0.0004	-0.4886	0.0045
7.4075	0.0004	-0.0032	-0.4587	0.0004
7.4080	0.0002	0.0042	-0.4375	0.0050
7.4085	0.0005	0.0009	-0.4218	-0.0035
7.4090	0.0006	-0.0023	-0.3927	0.0057
7.4095	0.0006	0.0039	-0.3594	0.0017
7.4100	0.0004	-0.0023	-0.3387	0.0037
7.4105	0.0004	0.0010	-0.3210	0.0043
7.4110	0.0005	-0.0000	-0.2935	0.0029
7.4115	0.0008	-0.0058	-0.2618	0.0014
7.4120	0.0007	-0.0055	-0.2380	0.0014
7.4125	0.0001	0.0001	-0.2241	0.0034
7.4130	0.0004	-0.0020	-0.1976	0.0062
7.4135	0.0006	-0.0009	-0.1644	0.0047
7.4140	0.0005	0.0009	-0.1394	0.0010
7.4145	0.0004	0.0042	-0.1222	0.0077
7.4150	-0.0000	-0.0046	-0.0977	0.0049
7.4155	0.0003	0.0029	-0.0676	0.0011
7.4160	0.0006	-0.0036	-0.0423	0.0051
7.4165	0.0008	-0.0006	-0.0237	0.0026
7.4170	0.0003	-0.0018	-0.0019	0.0087
7.4175	0.0003	-0.0031	0.0135	0.0053
7.4180	0.0005	0.0001	0.0367	0.0049
7.4185	0.0003	-0.0021	0.0731	0.0031
7.4190	0.0010	-0.0015	0.1076	0.0068
7.4195	0.0004	-0.0024	0.1193	0.0009
7.4200	0.0007	-0.0005	0.1374	0.0121
7.4205	0.0008	-0.0037	0.1732	0.0030
7.4210	0.0005	-0.0008	0.2069	0.0080
7.4215	0.0012	-0.0006	0.2213	0.0079
7.4220	0.0006	-0.0000	0.2313	0.0041
7.4225	0.0006	0.0001	0.2655	0.0082
7.4230	0.0008	-0.0020	0.3032	0.0009
7.4235	0.0004	-0.0048	0.3155	0.0056
7.4240	0.0006	0.0005	0.3322	0.0110
7.4245	0.0009	-0.0044	0.3634	0.0057
7.4250	0.0005	-0.0011	0.4001	0.0074
7.4255	0.0006	-0.0038	0.4157	0.0120
7.4260	0.0008	-0.0030	0.4273	-0.0025
7.4265	0.0007	-0.0014	0.4586	0.0105
7.4270	0.0010	-0.0008	0.4933	0.0090
7.4275	0.0009	-0.0009	0.5132	0.0052
7.4280	0.0007	-0.0016	0.5233	0.0049
7.4285	0.0008	0.0014	0.5495	0.0077
7.4290	0.0007	0.0001	0.5881	0.0066
7.4295	0.0005	-0.0004	0.6086	0.0086
7.4300	0.0008	0.0010	0.6192	0.0124
7.4305	0.0010	0.0014	0.6441	0.0078
7.4310	0.0005	0.0009	0.6751	0.0062
7.4315	0.0010	-0.0047	0.7044	0.0063
7.4320	0.0007	-0.0055	0.7131	0.0074
7.4325	0.0011	-0.0019	0.7310	0.0058
7.4330	0.0010	-0.0047	0.7665	0.0081
7.4335	0.0009	-0.0020	0.7935	0.0108
7.4340	0.0007	-0.0023	0.8036	0.0034
7.4345	0.0007	-0.0019	0.8216	0.0098
7.4350	0.0012	-0.0038	0.8513	0.0083
7.4355	0.0011	-0.0024	0.8810	0.0012
7.4360	0.0011	0.0007	0.8941	0.0080
7.4365	0.0007	-0.0028	0.9067	0.0086
7.4370	0.0006	-0.0007	0.9365	0.0117
7.4375	0.0009	0.0006	0.9537	0.0138
7.4380	0.0014	-0.0016	0.9660	0.0109
7.4385	0.0008	-0.0000	1.0005	0.0081
7.4390	0.0009	-0.0029	1.0323	0.0130
7.4395	0.0007	0.0006	1.0432	0.0115
7.4400	0.0013	-0.0024	1.0532	0.0089
7.4405	0.0006	-0.0004	1.0800	0.0097
7.4410	0.0008	0.0003	1.1125	0.0090
7.4415	0.0009	-0.0014	1.1263	0.0123
7.4420	0.0011	-0.0005	1.1255	0.0052
7.4425	0.0008	0.0001	1.1227	0.0084
7.4430	0.0011	-0.0047	1.1960	0.0140
7.4435	0.0012	0.0007	1.2512	0.0052
7.4440	0.0010	-0.0014	1.2168	0.0112
7.4445	0.0013	-0.0016	1.1643	0.0112
7.4450	0.0015	-0.0012	1.2547	0.0110
7.4455	0.0010	-0.0027	1.3649	0.0132
7.4460	0.0009	-0.0002	1.3188	0.0115
7.4465	0.0007	-0.0038	1.2433	0.0088
7.4470	0.0012	-0.0019	1.3102	0.0069
7.4475	0.0010	-0.0009	1.4285	0.0111
7.4480	0.0008	-0.0047	1.4121	0.0068
7.4485	0.0013	-0.0002	1.3248	0.0087
7.4490	0.0006	-0.0043	1.3688	0.0170
7.4495	0.0013	-0.0026	1.4883	0.0089
7.4500	0.0012	-0.0022	1.4923	0.0083
7.4505	0.0013	0.0021	1.4059	0.0120
7.4510	0.0010	0.0010	1.4202	0.0078
7.4515	0.0011	-0.0027	1.5392	0.0035
7.4520	0.0011	0.0008	1.5669	0.0099
7.4525	0.0011	-0.0017	1.4873	0.0059
7.4530	0.0011	-0.0014	1.4752	0.0144
7.4535	0.0014	-0.0006	1.5829	0.0095
7.4540	0.0010	-0.0037	1.6328	0.0067
7.4545	0.0013	-0.0034	1.5637	0.0088
7.4550	0.0012	0.0014	1.5313	0.0169
7.4555	0.0013	-0.0031	1.6263	0.0100
7.4560	0.0010	-0.0002	1.6916	0.0120
7.4565	0.0012	0.0027	1.6335	0.0131
7.4570	0.0016	-0.0021	1.5915	0.0077
7.4575	0.0010	0.0015	1.6654	0.0165
7.4580	0.0015	-0.0004	1.7455	0.0072
7.4585	0.0013	0.0002	1.7016	0.0140
7.4590	0.0014	0.0001	1.6403	0.0146
7.4595	0.0016	-0.0019	1.7007	0.0145
7.4600	0.0013	-0.0000	1.7860	0.0152
7.4605	0.0015	-0.0047	1.7638	0.0080
7.4610	0.0012	-0.0032	1.6954	0.0150
7.4615	0.0011	-0.0002	1.7281	0.0149
7.4620	0.0014	-0.0018	1.8195	0.0197
7.4625	0.0017	-0.0002	1.8189	0.0151
7.4630	0.0014	0.0002	1.7477	0.0100
7.4635	0.0012	-0.0030	1.7608	0.0185
7.4640	0.0018	-0.0032	1.8471	0.0053
7.4645	0.0017	-0.0011	1.8621	0.0129
7.4650	0.0011	0.0006	1.7965	0.0074
7.4655	0.0014	0.0012	1.7877	0.0130
7.4660	0.0020	-0.0030	1.8716	0.0122
7.4665	0.0017	0.0013	1.9009	0.0124
7.4670	0.0017	-0.0029	1.8435	0.0140
7.4675	0.0015	-0.0015	1.8177	0.0124
7.4680	0.0017	-0.0027	1.8879	0.0120
7.4685	0.0016	0.0004	1.9337	0.0154
7.4690	0.0012	-0.0011	1.8816	0.0118
7.4695	0.0013	0.0009	1.8424	0.0196
7.4700	0.0016	-0.0022	1.9011	0.0177
7.4705	0.0016	-0.0009	1.9553	0.0175
7.4710	0.0013	0.0001	1.9140	0.0066
7.4715	0.0015	-0.0014	1.8635	0.0176
7.4720	0.0018	0.0018	1.9079	0.0173
7.4725	0.0014	-0.0032	1.9714	0.0143
7.4730	0.0018	-0.0008	1.9430	0.0201
7.4735	0.0012	-0.0043	1.8855	0.0159
7.4740	0.0017	0.0013	1.9104	0.0202
7.4745	0.0018	-0.0050	1.9809	0.0095
7.4750	0.0015	-0.0011	1.9661	0.0139
7.4755	0.0016	-0.0016	1.9016	0.0082
7.4760	0.0015	0.0012	1.9127	0.0151
7.4765	0.0013	-0.0000	1.9764	0.0151
7.4770	0.0012	0.0007	1.9811	0.0119
7.4775	0.0016	0.0009	1.9161	0.0070
7.4780	0.0016	0.0024	1.9114	0.0111
7.4785	0.0015	-0.0026	1.9741	0.0091
7.4790	0.0018	0.0006	1.9860	0.0156
7.4795	0.0018	-0.0030	1.9278	0.0095
7.4800	0.0018	-0.0028	1.9038	0.0140
7.4805	0.0014	-0.0038	1.9622	0.0132
7.4810	0.0018	-0.0016	1.9851	0.0102
7.4815	0.0017	-0.0012	1.9297	0.0174
7.4820	0.0014	-0.0032	1.8968	0.0172
7.4825	0.0015	-0.0015	1.9432	0.0129
7.4830	0.0017	0.0047	1.9783	0.0181
7.4835	0.0015	-0.0035	1.9339	0.0177
7.4840	0.0017	0.0011	1.8872	0.0111
7.4845	0.0015	-0.0054	1.9200	0.0155
7.4850	0.0014	-0.0007	1.9651	0.0148
7.4855	0.0018	0.0021	1.9278	0.0111
7.4860	0.0016	-0.0031	1.8745	0.0128
7.4865	0.0013	-0.0011	1.8934	0.0142
7.4870	0.0017	-0.0011	1.9401	0.0150
7.4875	0.0013	-0.0029	1.9195	0.0170
7.4880	0.0018	-0.0002	1.8574	0.0124
7.4885	0.0015	0.0010	1.8628	0.0138
7.4890	0.0016	-0.0042	1.9135	0.0095
7.4895	0.0013	-0.0023	1.9017	0.0074
7.4900	0.0015	0.0006	1.8380	0.0057
7.4905	0.0018	-0.0034	1.8323	0.0174
7.4910	0.0014	-0.0017	1.8768	0.0154
7.4915	0.0013	-0.0043	1.8752	0.0181
7.4920	0.0017	0.0014	1.8147	0.0202
7.4925	0.0016	0.0002	1.7943	0.0099
7.4930	0.0014	-0.0006	1.8349	0.0182
7.4935	0.0017	0.0001	1.8442	0.0117
7.4940	0.0017	-0.0001	1.7861	0.0172
7.4945	0.0013	-0.0035	1.7544	0.0130
7.4950	0.0015	0.0014	1.7883	0.0161
7.4955	0.0015	-0.0032	1.8074	0.0149
7.4960	0.0015	0.0008	1.7553	0.0030
7.4965	0.0013	-0.0018	1.7135	0.0225
7.4970	0.0017	-0.0027	1.7344	0.0180
7.4975	0.0016	0.0036	1.7576	0.0113
7.4980	0.0015	0.0021	1.7191	0.0157
7.4985	0.0018	-0.0010	1.6685	0.0179
7.4990	0.0014	0.0014	1.6773	0.0151
7.4995	0.0013	-0.0044	1.7077	0.0139
7.5000	0.0014	0.0013	1.6748	0.0170
7.5005	0.0018	0.0007	1.6207	0.0160
7.5010	0.0015	-0.0028	1.6222	0.0132
7.5015	0.0019	0.0016	1.6507	0.0122
7.5020	0.0016	0.0012	1.6271	0.0124
7.5025	0.0016	0.0032	1.5704	0.0194
7.5030	0.0016	-0.0011	1.5554	0.0132
7.5035	0.0017	-0.0023	1.5875	0.0165
7.5040	0.0012	-0.0046	1.5734	0.0182
7.5045	0.0018	-0.0008	1.5141	0.0070
7.5050	0.0012	-0.0026	1.4916	0.0099
7.5055	0.0014	-0.0006	1.5179	0.0161
7.5060	0.0013	0.0015	1.5135	0.0100
7.5065	0.0016	-0.0005	1.4590	0.0110
7.5070	0.0012	-0.0050	1.4250	0.0105
7.5075	0.0015	-0.0012	1.4444	0.0150
7.5080	0.0017	-0.0034	1.4481	0.0210
7.5085	0.0014	-0.0009	1.3992	0.0138
7.5090	0.0013	0.0009	1.3552	0.0156
7.5095	0.0013	-0.0016	1.3676	0.0128
7.5100	0.0017	-0.0032	1.3766	0.0149
7.5105	0.0012	-0.0013	1.3341	0.0175
7.5110	0.0013	-0.0038	1.2834	0.0130
7.5115	0.0015	-0.0032	1.2862	0.0117
7.5120	0.0014	-0.0004	1.3017	0.0163
7.5125	0.0015	-0.0012	1.2650	0.0160
7.5130	0.0013	0.0006	1.2085	0.0182
7.5135	0.0020	-0.0019	1.2032	0.0052
7.5140	0.0012	-0.0010	1.2199	0.0117
7.5145	0.0013	-0.0013	1.1919	0.0130
7.5150	0.0011	0.0009	1.1336	0.0144
7.5155	0.0013	0.0054	1.1197	0.0133
7.5160	0.0012	-0.0038	1.1340	0.0204
7.5165	0.0013	0.0012	1.1150	0.0155
7.5170	0.0013	-0.0017	1.0597	0.0119
7.5175	0.0012	-0.0046	1.0302	0.0055
7.5180	0.0011	0.0008	1.0446	0.0169
7.5185	0.0011	0.0008	1.0313	0.0092
7.5190	0.0009	0.0021	0.9800	0.0125
7.5195	0.0013	0.0015	0.9435	0.0148
7.5200	0.0015	-0.0005	0.9520	0.0154
7.5205	0.0009	-0.0014	0.9478	0.0138
7.5210	0.0014	-0.0001	0.8976	0.0108
7.5215	0.0013	0.0003	0.8565	0.0120
7.5220	0.0012	0.0004	0.8565	0.0077
7.5225	0.0013	-0.0025	0.8565	0.0133
7.5230	0.0013	-0.0003	0.8121	0.0091
7.5235	0.0015	0.0011	0.7659	0.0185
7.5240	0.0012	0.0009	0.7615	0.0115
7.5245	0.0009	-0.0023	0.7645	0.0128
7.5250	0.0011	-0.0001	0.7265	0.0152
7.5255	0.0013	-0.0024	0.6769	0.0126
7.5260	0.0012	-0.0046	0.6645	0.0164
7.5265	0.0011	-0.0024	0.6695	0.0138
7.5270	0.0013	0.0015	0.6333	0.0037
7.5275	0.0013	0.0006	0.5881	0.0118
7.5280	0.0015	0.0024	0.5664	0.0139
7.5285	0.0015	-0.0008	0.5676	0.0069
7.5290	0.0012	0.0007	0.5421	0.0108
7.5295	0.0007	0.0006	0.4948	0.0095
7.5300	0.0010	-0.0002	0.4694	0.0087
7.5305	0.0013	0.0014	0.4673	0.0123
7.5310	0.0010	-0.0011	0.4514	0.0094
7.5315	0.0011	0.0016	0.4010	0.0082
7.5320	0.0012	0.0007	0.3715	0.0087
7.5325	0.0009	-0.0021	0.3629	0.0120
7.5330	0.0012	0.0009	0.3487	0.0043
7.5335	0.0010	0.0007	0.3066	0.0027
7.5340	0.0007	0.0013	0.2713	0.0108
7.5345	0.0009	-0.0019	0.2611	0.0048
7.5350	0.0010	-0.0030	0.2515	0.0083
7.5355	0.0011	-0.0009	0.2151	0.0091
7.5360	0.0009	0.0016	0.1756	0.0028
7.5365	0.0008	-0.0009	0.1593	0.0028
7.5370	0.0008	0.0024	0.1482	0.0093
7.5375	0.0011	-0.0034	0.1174	0.0040
7.5380	0.0012	-0.0025	0.0771	0.0067
7.5385	0.0009	0.0009	0.0598	0.0068
7.5390	0.0007	0.0031	0.0456	0.0111
7.5395	0.0010	-0.0038	0.0223	0.0087
7.5400	0.0006	0.0015	-0.0087	0.0072
7.5405	0.0005	0.0012	-0.0187	0.0043
7.5410	0.0010	0.0033	-0.0317	0.0133
7.5415	0.0010	0.0024	-0.0668	0.0091
7.5420	0.0006	-0.0000	-0.1156	0.0050
7.5425	0.0009	-0.0042	-0.1448	0.0009
7.5430	0.0007	0.0028	-0.1531	0.0123
7.5435	0.0010	0.0001	-0.1667	0.0041
7.5440	0.0010	0.0014	-0.2049	0.0123
7.5445	0.0004	0.0004	-0.2403	0.0047
7.5450	0.0010	-0.0003	-0.2534	0.0089
7.5455	0.0004	-0.0006	-0.2622	0.0102
7.5460	0.0005	0.0009	-0.2969	0.0111
7.5465	0.0008	-0.0003	-0.3369	0.0047
7.5470	0.0009	-0.0001	-0.3520	0.0080
7.5475	0.0008	-0.0014	-0.3608	0.0084
7.5480	0.0005	-0.0053	-0.3909	0.0047
7.5485	0.0009	-0.0017	-0.4280	0.0053
7.5490	0.0007	-0.0016	-0.4388	0.0028
7.5495	0.0008	-0.0000	-0.4484	0.0060
7.5500	0.0008	-0.0041	-0.4911	0.0032
7.5505	0.0008	0.0015	-0.5300	0.0063
7.5510	0.0007	0.0015	-0.5390	0.0058
7.5515	0.0009	0.0003	-0.5470	0.0083
7.5520	0.0009	-0.0035	-0.5827	0.0046
7.5525	0.0010	-0.0001	-0.6212	0.0029
7.5530	0.0008	-0.0027	-0.6345	0.0045
7.5535	0.0004	-0.0061	-0.6405	-0.0001
7.5540	0.0006	-0.0001	-0.6705	0.0082
7.5545	0.0004	-0.0003	-0.7147	0.0071
7.5550	0.0002	-0.0002	-0.7297	0.0030
7.5555	0.0008	0.0018	-0.7337	0.0003
7.5560	0.0005	-0.0020	-0.7603	0.0068
7.5565	0.0000	-0.0029	-0.8022	0.0010
7.5570	0.0007	0.0001	-0.8231	0.0031
7.5575	0.0006	-0.0005	-0.8266	0.0058
7.5580	0.0006	-0.0017	-0.8467	0.0109
7.5585	0.0008	0.0036	-0.8877	0.0046
7.5590	0.0001	-0.0019	-0.9133	0.0079
7.5595	0.0002	0.0006	-0.9145	0.0088
7.5600	0.0001	0.0006	-0.9347	0.0019
7.5605	0.0005	-0.0023	-0.9698	0.0093
7.5610	0.0008	-0.0050	-0.9995	0.0086
7.5615	0.0006	-0.0023	-1.0036	0.0021
7.5620	0.0003	-0.0010	-1.0156	0.0035
7.5625	0.0005	-0.0051	-1.0510	-0.0028
7.5630	0.0002	-0.0002	-1.0791	0.0061
7.5635	0.0002	0.0004	-1.0903	0.0059
7.5640	0.0004	-0.0020	-1.0972	0.0048
7.5645	0.0007	0.0005	-1.1294	0.0037
7.5650	0.0004	-0.0017	-1.1544	0.0010
7.5655	0.0006	-0.0003	-1.1572	-0.0014
7.5660	0.0006	-0.0050	-1.1562	0.0035
7.5665	0.0005	-0.0015	-1.2134	0.0065
7.5670	0.0001	-0.0002	-1.2348	0.0047
7.5675	0.0003	0.0039	-1.2229	0.0076
7.5680	0.0009	0.0008	-1.2606	-0.0032
7.5685	0.0005	-0.0025	-1.2830	-0.0053
7.5690	0.0001	-0.0003	-1.2908	-0.0006
7.5695	0.0002	-0.0032	-1.3202	0.0079
7.5700	0.0005	-0.0006	-1.3463	-0.0014
7.5705	0.0005	0.0010	-1.3597	0.0008
7.5710	-0.0000	0.0003	-1.3639	0.0007
7.5715	0.0008	-0.0009	-1.3844	0.0080
7.5720	0.0003	-0.0025	-1.4162	0.0031
7.5725	0.0003	-0.0036	-1.4285	0.0051
7.5730	0.0007	0.0012	-1.4315	0.0011
7.5735	0.0001	-0.0011	-1.4516	0.0006
7.5740	0.0006	-0.0017	-1.4800	-0.0019
7.5745	0.0003	0.0001	-1.4975	0.0026
7.5750	0.0004	-0.0040	-1.4978	0.0024
7.5755	0.0004	-0.0026	-1.5090	0.0012
7.5760	0.0002	0.0012	-1.5403	0.0077
7.5765	0.0005	0.0038	-1.5566	0.0003
7.5770	0.0006	-0.0032	-1.5576	0.0057
7.5775	0.0003	0.0021	-1.5684	-0.0003
7.5780	0.0004	0.0046	-1.5922	-0.0028
7.5785	0.0002	-0.0012	-1.6147	-0.0014
7.5790	0.0001	0.0033	-1.6191	0.0008
7.5795	0.0005	-0.0007	-1.6242	0.0056
7.5800	0.0001	-0.0039	-1.6458	-0.0010
7.5805	0.0005	0.0007	-1.6669	0.0007
7.5810	0.0005	0.0038	-1.6700	-0.0021
7.5815	0.0001	-0.0018	-1.6728	0.0020
7.5820	0.0000	0.0012	-1.6921	-0.0009
7.5825	-0.0000	-0.0048	-1.7147	-0.0004
7.5830	0.0000	-0.0002	-1.7190	0.0027
7.5835	0.0005	-0.0030	-1.7188	-0.0057
7.5840	-0.0000	-0.0002	-1.7332	-0.0003
7.5845	0.0005	-0.0040	-1.7549	-0.0035
7.5850	0.0002	-0.0020	-1.7647	0.0001
7.5855	0.0002	-0.0035	-1.7612	-0.0040
7.5860	0.0003	0.0002	-1.7752	0.0005
7.5865	0.0003	-0.0023	-1.7923	0.0001
7.5870	0.0001	-0.0024	-1.7999	-0.0048
7.5875	0.0002	-0.0033	-1.8006	0.0020
7.5880	0.0002	-0.0063	-1.8086	0.0004
7.5885	0.0001	0.0016	-1.8247	-0.0061
7.5890	0.0000	-0.0050	-1.8333	0.0003
7.5895	0.0004	0.0028	-1.8314	-0.0028
7.5900	-0.0002	-0.0010	-1.8351	-0.0009
7.5905	0.0001	-0.0008	-1.8525	0.0034
7.5910	0.0001	-0.0038	-1.8602	-0.0011
7.5915	-0.0001	-0.0020	-1.8605	-0.0051
7.5920	-0.0002	0.0041	-1.8630	0.0030
7.5925	0.0000	-0.0012	-1.8741	0.0067
7.5930	0.0004	-0.0024	-1.8842	-0.0067
7.5935	0.0001	-0.0044	-1.8850	-0.0063
7.5940	0.0001	-0.0025	-1.8813	-0.0023
7.5945	0.0000	0.0025	-1.8910	-0.0016
7.5950	0.0002	0.0006	-1.9015	-0.0010
7.5955	-0.0002	0.0009	-1.9038	-0.0048
7.5960	-0.0002	0.0014	-1.8980	-0.0025
7.5965	0.0001	0.0006	-1.9053	0.0012
7.5970	0.0002	-0.0007	-1.9142	-0.0033
7.5975	0.0002	-0.0049	-1.9138	-0.0025
7.5980	-0.0000	0.0034	-1.9075	-0.0094
7.5985	-0.0000	-0.0015	-1.9140	0.0005
7.5990	-0.0002	0.0007	-1.9223	0.0069
7.5995	0.0000	-0.0002	-1.9232	-0.0028
7.6000	-0.0001	0.0007	-1.9172	-0.0031
7.6005	-0.0004	0.0023	-1.9162	0.0036
7.6010	-0.0002	-0.0011	-1.9273	-0.0072
7.6015	0.0002	-0.0043	-1.9261	-0.0021
7.6020	0.0002	-0.0033	-1.9177	-0.0019
7.6025	0.0002	0.0026	-1.9155	-0.0031
7.6030	-0.0000	-0.0037	-1.9236	-0.0033
7.6035	0.0002	-0.0014	-1.9226	0.0020
7.6040	0.0000	-0.0035	-1.9141	-0.0083
7.6045	-0.0003	-0.0018	-1.9088	-0.0043
7.6050	-0.0001	0.0021	-1.9137	0.0006
7.6055	0.0006	-0.0020	-1.9146	-0.0048
7.6060	0.0000	-0.0011	-1.9044	-0.0004
7.6065	-0.0001	-0.0014	-1.8975	-0.0022
7.6070	0.0001	0.0001	-1.8989	-0.0065
7.6075	-0.0000	0.0004	-1.8995	-0.0006
7.6080	-0.0002	-0.0011	-1.8918	-0.0045
7.6085	-0.0004	0.0001	-1.8818	0.0012
7.6090	0.0001	0.0012	-1.8821	-0.0066
7.6095	-0.0001	-0.0067	-1.8861	-0.0010
7.6100	-0.0001	-0.0053	-1.8760	-0.0095
7.6105	-0.0003	0.0012	-1.8532	-0.0044
7.6110	-0.0002	-0.0013	-1.8262	-0.0022
7.6115	0.0000	-0.0017	-1.8162	0.0012
7.6120	-0.0000	0.0006	-1.8078	-0.0043
7.6125	0.0004	-0.0052	-1.7944	0.0016
7.6130	-0.0005	-0.0004	-1.7880	-0.0088
7.6135	-0.0000	-0.0014	-1.7860	-0.0007
7.6140	0.0003	-0.0002	-1.7770	-0.0017
7.6145	-0.0002	0.0018	-1.7642	-0.0002
7.6150	-0.0001	-0.0018	-1.7572	-0.0037
7.6155	0.0001	-0.0007	-1.7578	-0.0044
7.6160	0.0001	-0.0011	-1.7489	-0.0012
7.6165	0.0001	0.0003	-1.7351	-0.0054
7.6170	0.0000	0.0030	-1.7271	-0.0052
7.6175	-0.0001	-0.0013	-1.7246	-0.0013
7.6180	0.0004	-0.0000	-1.7143	-0.0051
7.6185	-0.0004	-0.0011	-1.7019	-0.0017
7.6190	-0.0002	-0.0035	-1.6878	0.0001
7.6195	-0.0006	0.0016	-1.6821	-0.0025
7.6200	-0.0001	-0.0039	-1.6771	-0.0056
7.6205	-0.0001	0.0004	-1.6613	-0.0002
7.6210	-0.0006	-0.0024	-1.6460	-0.0072
7.6215	0.0000	-0.0029	-1.6375	-0.0058
7.6220	-0.0001	0.0006	-1.6313	-0.0063
7.6225	-0.0000	-0.0015	-1.6183	-0.0071
7.6230	-0.0001	-0.0019	-1.5987	-0.0052
7.6235	-0.0004	-0.0000	-1.5892	-0.0046
7.6240	-0.0003	-0.0035	-1.5817	-0.0106
7.6245	-0.0000	-0.0013	-1.5675	0.0008
7.6250	-0.0004	-0.0000	-1.5476	0.0018
7.6255	-0.0001	-0.0000	-1.5340	0.0017
7.6260	-0.0004	0.0015	-1.5270	-0.0041
7.6265	-0.0001	-0.0011	-1.5143	0.0001
7.6270	0.0001	-0.0037	-1.4939	0.0010
7.6275	0.0002	-0.0022	-1.4769	-0.0012
7.6280	-0.0000	-0.0030	-1.4679	-0.0053
7.6285	-0.0004	-0.0023	-1.4538	-0.0026
7.6290	0.0000	-0.0011	-1.4326	-0.0013
7.6295	-0.0004	-0.0028	-1.4173	-0.0027
7.6300	0.0000	-0.0026	-1.4097	-0.0006
7.6305	-0.0001	-0.0033	-1.3910	-0.0130
7.6310	-0.0001	0.0007	-1.3730	-0.0021
7.6315	-0.0002	-0.0030	-1.3522	0.0010
7.6320	0.0002	-0.0014	-1.3399	0.0007
7.6325	0.0001	-0.0014	-1.3257	-0.0010
7.6330	0.0002	0.0028	-1.3022	-0.0052
7.6335	0.0000	-0.0017	-1.2851	-0.0016
7.6340	0.0001	-0.0006	-1.2717	-0.0011
7.6345	0.0003	0.0029	-1.2584	-0.0006
7.6350	0.0000	-0.0008	-1.2349	-0.0012
7.6355	0.0002	0.0010	-1.2151	0.0004
7.6360	-0.0001	-0.0005	-1.1994	0.0005
7.6365	-0.0001	0.0013	-1.1828	-0.0077
7.6370	0.0001	0.0001	-1.1618	0.0001
7.6375	-0.0000	-0.0009	-1.1411	-0.0041
7.6380	-0.0002	-0.0020	-1.1231	0.0005
7.6385	-0.0001	-0.0032	-1.1093	-0.0053
7.6390	-0.0001	0.0036	-1.0869	-0.0028
7.6395	-0.0000	0.0004	-1.0643	0.0034
7.6400	0.0000	-0.0012	-1.0456	0.0011
7.6405	0.0003	-0.0021	-1.0305	-0.0025
7.6410	0.0005	0.0004	-1.0094	0.0009
7.6415	0.0001	0.0014	-0.9821	-0.0048
7.6420	0.0001	-0.0023	-0.9620	-0.0021
7.6425	-0.0001	-0.0012	-0.9494	-0.0026
7.6430	0.0001	-0.0012	-0.9271	-0.0015
7.6435	-0.0000	0.0011	-0.8983	0.0022
7.6440	-0.0001	-0.0004	-0.8794	0.0011
7.6445	0.0001	-0.0011	-0.8638	0.0014
7.6450	0.0000	-0.0023	-0.8436	-0.0056
7.6455	0.0000	-0.0014	-0.8120	-0.0047
7.6460	0.0004	0.0024	-0.7920	0.0024
7.6465	0.0006	-0.0023	-0.7761	-0.0036
7.6470	0.0002	-0.0020	-0.7543	0.0028
7.6475	0.0004	-0.0008	-0.7283	0.0011
7.6480	0.0000	-0.0023	-0.7024	-0.0032
7.6485	0.0003	-0.0001	-0.6856	0.0015
7.6490	0.0002	-0.0007	-0.6643	-0.0051
7.6495	0.0001	-0.0006	-0.6376	0.0000
7.6500	0.0003	0.0002	-0.6117	0.0019
7.6505	0.0001	-0.0006	-0.5936	-0.0003
7.6510	0.0002	-0.0005	-0.5732	0.0000
7.6515	0.0001	-0.0017	-0.5471	0.0034
7.6520	0.0002	0.0005	-0.5203	0.0022
7.6525	0.0006	0.0013	-0.4996	0.0024
7.6530	0.0002	0.0001	-0.4803	0.0018
7.6535	0.0006	0.0008	-0.4560	-0.0056
7.6540	0.0005	-0.0017	-0.4286	0.0030
7.6545	0.0004	0.0009	-0.4083	0.0068
7.6550	0.0008	-0.0024	-0.3882	-0.0007
7.6555	0.0002	-0.0021	-0.3631	0.0039
7.6560	0.0001	0.0022	-0.3361	0.0010
7.6565	0.0002	-0.0028	-0.3124	0.0040
7.6570	0.0003	0.0020	-0.2923	0.0009
7.6575	0.0002	0.0011	-0.2679	0.0037
7.6580	0.0006	-0.0047	-0.2420	0.0024
7.6585	-0.0004	-0.0040	-0.2170	0.0024
7.6590	0.0005	0.0007	-0.1979	0.0000
7.6595	0.0008	-0.0014	-0.1724	0.0031
7.6600	0.0008	0.0010	-0.1484	0.0035
7.6605	0.0003	-0.0022	-0.1225	0.0017
7.6610	0.0003	-0.0026	-0.1011	0.0073
7.6615	0.0008	-0.0008	-0.0789	-0.0016
7.6620	0.0004	-0.0011	-0.0535	0.0062
7.6625	0.0002	-0.0008	-0.0294	0.0021
7.6630	0.0002	-0.0034	-0.0075	0.0057
7.6635	0.0002	0.0008	0.0097	0.0049
7.6640	0.0004	0.0019	0.0253	0.0025
7.6645	0.0008	-0.0041	0.0576	0.0059
7.6650	0.0006	-0.0030	0.0923	0.0041
7.6655	0.0004	-0.0019	0.1128	0.0039
7.6660	0.0005	0.0019	0.1245	0.0045
7.6665	0.0005	-0.0000	0.1523	0.0108
7.6670	0.0008	-0.0047	0.1890	0.0038
7.6675	0.0007	-0.0003	0.2097	0.0109
7.6680	0.0007	-0.0023	0.2192	0.0029
7.6685	0.0006	-0.0038	0.2439	-0.0027
7.6690	0.0003	0.0007	0.2794	0.0087
7.6695	0.0007	0.0042	0.3020	0.0053
7.6700	0.0006	-0.0040	0.3127	-0.0034
7.6705	0.0008	-0.0018	0.3387	0.0043
7.6710	0.0006	-0.0006	0.3725	0.0008
7.6715	0.0010	-0.0005	0.3949	0.0051
7.6720	0.0006	-0.0007	0.4057	0.0081
7.6725	0.0009	-0.0012	0.4282	0.0092
7.6730	0.0004	-0.0061	0.4643	0.0089
7.6735	0.0007	0.0021	0.4862	0.0070
7.6740	0.0007	0.0001	0.5004	0.0093
7.6745	0.0006	-0.0053	0.5191	0.0084
7.6750	0.0005	-0.0032	0.5520	0.0058
7.6755	0.0005	-0.0035	0.5772	0.0036
7.6760	0.0005	0.0016	0.5919	0.0061
7.6765	0.0007	-0.0006	0.6094	0.0086
7.6770	0.0004	0.0021	0.6366	0.0024
7.6775	0.0006	-0.0005	0.6685	0.0052
7.6780	0.0012	-0.0060	0.6837	0.0042
7.6785	0.0008	-0.0012	0.6952	0.0122
7.6790	0.0007	-0.0006	0.7250	0.0084
7.6795	0.0008	0.0009	0.7537	0.0009
7.6800	0.0011	-0.0017	0.7705	0.0027
7.6805	0.0006	-0.0043	0.7836	0.0081
7.6810	0.0006	0.0030	0.8073	0.0087
7.6815	0.0009	-0.0022	0.8387	0.0084
7.6820	0.0008	-0.0077	0.8570	0.0101
7.6825	0.0010	-0.0015	0.8678	0.0041
7.6830	0.0008	0.0020	0.8918	0.0028
7.6835	0.0011	-0.0000	0.9074	0.0070
7.6840	0.0009	-0.0016	0.9246	0.0018
7.6845	0.0003	-0.0040	0.9568	0.0057
7.6850	0.0011	-0.0000	0.9815	0.0029
7.6855	0.0007	-0.0002	0.9966	0.0076
7.6860	0.0011	-0.0022	1.0094	0.0154
7.6865	0.0010	0.0011	1.0348	0.0046
7.6870	0.0006	0.0021	1.0620	0.0102
7.6875	0.0008	-0.0001	1.0777	-0.0001
7.6880	0.0009	0.0013	1.0836	0.0104
7.6885	0.0010	-0.0036	1.1085	0.0086
7.6890	0.0013	-0.0031	1.1113	0.0121
7.6895	0.0009	-0.0033	1.1542	0.0032
7.6900	0.0012	0.0019	1.1928	0.0131
7.6905	0.0010	0.0014	1.1942	0.0060
7.6910	0.0007	-0.0008	1.1684	0.0103
7.6915	0.0011	-0.0036	1.1942	0.0107
7.6920	0.0010	0.0004	1.2886	0.0078
7.6925	0.0012	0.0006	1.3017	0.0006
7.6930	0.0013	0.0004	1.2497	0.0073
7.6935	0.0009	-0.0006	1.2567	0.0046
7.6940	0.0011	-0.0007	1.3465	0.0121
7.6945	0.0010	-0.0022	1.3812	0.0070
7.6950	0.0010	0.0001	1.3276	0.0102
7.6955	0.0017	-0.0037	1.3207	0.0053
7.6960	0.0015	0.0029	1.3997	0.0061
7.6965	0.0015	-0.0043	1.4487	0.0088
7.6970	0.0013	-0.0019	1.4041	0.0131
7.6975	0.0010	-0.0055	1.3806	0.0099
7.6980	0.0011	-0.0016	1.4504	0.0105
7.6985	0.0009	0.0006	1.5101	0.0154
7.6990	0.0012	0.0012	1.4779	0.0058
7.6995	0.0012	-0.0005	1.4422	0.0123
7.7000	0.0017	-0.0002	1.4987	0.0036
7.7005	0.0011	0.0028	1.5635	0.0080
7.7010	0.0011	-0.0026	1.5467	0.0131
7.7015	0.0013	0.0012	1.5017	0.0123
7.7020	0.0011	-0.0019	1.5454	0.0066
7.7025	0.0015	0.0047	1.6163	0.0133
7.7030	0.0018	-0.0005	1.6054	0.0131
7.7035	0.0011	-0.0031	1.5598	0.0115
7.7040	0.0013	-0.0032	1.5877	0.0139
7.7045	0.0013	0.0009	1.6615	0.0111
7.7050	0.0014	-0.0005	1.6661	0.0094
7.7055	0.0015	0.0012	1.6152	0.0108
7.7060	0.0014	-0.0026	1.6289	0.0123
7.7065	0.0013	0.0006	1.6960	0.0051
7.7070	0.0013	-0.0026	1.7144	0.0078
7.7075	0.0013	-0.0001	1.6673	0.0089
7.7080	0.0013	0.0039	1.6647	0.0133
7.7085	0.0011	0.0001	1.7296	0.0093
7.7090	0.0012	0.0012	1.7571	0.0111
7.7095	0.0015	-0.0015	1.7146	0.0083
7.7100	0.0014	0.0022	1.6976	0.0067
7.7105	0.0015	0.0007	1.7564	0.0150
7.7110	0.0013	0.0009	1.7958	0.0097
7.7115	0.0016	-0.0014	1.7602	0.0153
7.7120	0.0015	-0.0024	1.7321	0.0155
7.7125	0.0015	0.0021	1.7797	0.0115
7.7130	0.0012	-0.0010	1.8294	0.0101
7.7135	0.0013	-0.0004	1.7988	0.0098
7.7140	0.0015	-0.0000	1.7659	0.0138
7.7145	0.0017	-0.0013	1.7981	0.0123
7.7150	0.0015	-0.0029	1.8506	0.0105
7.7155	0.0012	-0.0010	1.8345	0.0112
7.7160	0.0012	0.0035	1.7953	0.0101
7.7165	0.0015	-0.0035	1.8142	0.0119
7.7170	0.0014	-0.0019	1.8663	0.0067
7.7175	0.0015	-0.0032	1.8631	0.0155
7.7180	0.0017	-0.0029	1.8168	0.0113
7.7185	0.0013	-0.0019	1.8246	0.0130
7.7190	0.0011	-0.0022	1.8786	0.0146
7.7195	0.0013	0.0004	1.8822	0.0138
7.7200	0.0015	-0.0029	1.8379	0.0080
7.7205	0.0014	-0.0009	1.8339	0.0119
7.7210	0.0018	-0.0000	1.8837	0.0133
7.7215	0.0012	0.0009	1.8951	0.0110
7.7220	0.0014	0.0013	1.8548	0.0108
7.7225	0.0013	0.0024	1.8362	0.0124
7.7230	0.0017	-0.0020	1.8787	0.0150
7.7235	0.0012	-0.0005	1.9036	0.0154
7.7240	0.0019	-0.0039	1.8688	0.0093
7.7245	0.0015	-0.0023	1.8394	0.0154
7.7250	0.0013	-0.0011	1.8731	0.0115
7.7255	0.0016	0.0001	1.9067	0.0115
7.7260	0.0014	-0.0001	1.8745	0.0121
7.7265	0.0014	0.0018	1.8387	0.0143
7.7270	0.0013	-0.0011	1.8630	0.0161
7.7275	0.0014	-0.0024	1.8964	0.0108
7.7280	0.0017	-0.0041	1.8727	0.0109
7.7285	0.0017	-0.0002	1.8358	0.0134
7.7290	0.0011	-0.0032	1.8515	0.0113
7.7295	0.0018	-0.0005	1.8892	0.0125
7.7300	0.0016	-0.0002	1.8737	0.0153
7.7305	0.0012	-0.0017	1.8269	0.0144
7.7310	0.0014	0.0016	1.8296	0.0150
7.7315	0.0015	-0.0011	1.8733	0.0115
7.7320	0.0014	-0.0005	1.8668	0.0153
7.7325	0.0017	0.0015	1.8178	0.0130
7.7330	0.0015	-0.0018	1.8088	0.0157
7.7335	0.0016	-0.0027	1.8453	0.0132
7.7340	0.0014	-0.0002	1.8495	0.0125
7.7345	0.0016	0.0006	1.8038	0.0132
7.7350	0.0011	-0.0014	1.7826	0.0148
7.7355	0.0018	-0.0032	1.8170	0.0095
7.7360	0.0012	-0.0003	1.8253	0.0118
7.7365	0.0017	0.0009	1.7850	0.0080
7.7370	0.0017	-0.0038	1.7572	0.0124
7.7375	0.0013	0.0036	1.7800	0.0164
7.7380	0.0015	-0.0011	1.7962	0.0159
7.7385	0.0012	0.0023	1.7610	0.0175
7.7390	0.0016	-0.0006	1.7246	0.0128
7.7395	0.0013	-0.0018	1.7417	0.0140
7.7400	0.0016	-0.0017	1.7623	0.0176
7.7405	0.0012	-0.0023	1.7327	0.0103
7.7410	0.0017	0.0024	1.6905	0.0166
7.7415	0.0010	-0.0034	1.6966	0.0129
7.7420	0.0013	-0.0008	1.7203	0.0111
7.7425	0.0015	0.0024	1.6962	0.0128
7.7430	0.0020	-0.0037	1.6517	0.0094
7.7435	0.0015	0.0033	1.6482	0.0095
7.7440	0.0015	-0.0022	1.6732	0.0160
7.7445	0.0018	-0.0016	1.6560	0.0119
7.7450	0.0015	-0.0001	1.6104	0.0118
7.7455	0.0015	-0.0037	1.5996	0.0095
7.7460	0.0015	-0.0028	1.6202	0.0109
7.7465	0.0020	0.0003	1.6117	0.0101
7.7470	0.0015	0.0003	1.5647	0.0125
7.7475	0.0015	-0.0035	1.5441	0.0171
7.7480	0.0016	0.0032	1.5645	0.0092
7.7485	0.0013	-0.0006	1.5609	0.0079
7.7490	0.0013	-0.0032	1.5179	0.0120
7.7495	0.0018	-0.0050	1.4854	0.0049
7.7500	0.0015	0.0014	1.4988	0.0110
7.7505	0.0014	0.0008	1.5043	0.0177
7.7510	0.0010	-0.0075	1.4642	0.0138
7.7515	0.0015	-0.0020	1.4274	0.0160
7.7520	0.0014	0.0001	1.4351	0.0119
7.7525	0.0017	-0.0006	1.4421	0.0129
7.7530	0.0013	0.0006	1.4058	0.0112
7.7535	0.0013	-0.0061	1.3648	0.0084
7.7540	0.0016	0.0025	1.3644	0.0131
7.7545	0.0014	0.0003	1.3770	0.0117
7.7550	0.0012	-0.0007	1.3452	0.0104
7.7555	0.0013	-0.0020	1.3001	0.0100
7.7560	0.0013	0.0024	1.2920	0.0174
7.7565	0.0013	-0.0004	1.3049	0.0104
7.7570	0.0013	0.0002	1.2830	0.0156
7.7575	0.0015	-0.0036	1.2351	0.0149
7.7580	0.0012	-0.0008	1.2148	0.0094
7.7585	0.0019	-0.0011	1.2286	0.0175
7.7590	0.0011	-0.0011	1.2120	0.0120
7.7595	0.0012	0.0024	1.1648	0.0107
7.7600	0.0012	-0.0005	1.1423	0.0081
7.7605	0.0012	-0.0052	1.1473	0.0107
7.7610	0.0013	0.0019	1.1362	0.0132
7.7615	0.0015	0.0006	1.0941	0.0126
7.7620	0.0015	-0.0003	1.0570	0.0131
7.7625	0.0016	-0.0017	1.0664	0.0126
7.7630	0.0012	-0.0019	1.0612	0.0097
7.7635	0.0013	-0.0011	1.0170	0.0119
7.7640	0.0011	0.0015	0.9791	0.0144
7.7645	0.0013	0.0013	0.9790	0.0115
7.7650	0.0015	-0.0007	0.9769	0.0090
7.7655	0.0010	0.0018	0.9392	0.0145
7.7660	0.0013	-0.0020	0.8993	0.0122
7.7665	0.0010	0.0021	0.8926	0.0090
7.7670	0.0014	-0.0032	0.8949	0.0107
7.7675	0.0010	-0.0036	0.8558	0.0098
7.7680	0.0011	-0.0016	0.8135	0.0124
7.7685	0.0007	-0.0008	0.8009	0.0120
7.7690	0.0018	-0.0025	0.8008	0.0035
7.7695	0.0011	-0.0030	0.7741	0.0110
7.7700	0.0013	-0.0057	0.7295	0.0006
7.7705	0.0013	-0.0017	0.7099	0.0118
7.7710	0.0011	-0.0012	0.7131	0.0164
7.7715	0.0017	0.0014	0.6865	0.0060
7.7720	0.0008	-0.0011	0.6430	0.0124
7.7725	0.0012	-0.0008	0.6177	0.0056
7.7730	0.0012	0.0003	0.6180	0.0065
7.7735	0.0014	-0.0030	0.6011	0.0112
7.7740	0.0012	0.0009	0.5558	0.0105
7.7745	0.0012	-0.0024	0.5298	0.0036
7.7750	0.0012	-0.0003	0.5219	0.0100
7.7755	0.0011	-0.0035	0.5072	0.0088
7.7760	0.0010	-0.0029	0.4682	0.0089
7.7765	0.0011	0.0004	0.4345	0.0176
7.7770	0.0006	-0.0007	0.4296	0.0141
7.7775	0.0012	-0.0035	0.4122	0.0118
7.7780	0.0011	0.0013	0.3780	0.0115
7.7785	0.0008	0.0011	0.3420	0.0052
7.7790	0.0011	-0.0029	0.3297	0.0062
7.7795	0.0009	-0.0000	0.3164	0.0083
7.7800	0.0008	-0.0002	0.2847	0.0076
7.7805	0.0010	0.0024	0.2511	0.0067
7.7810	0.0009	-0.0034	0.2317	0.0063
7.7815	0.0013	0.0047	0.2223	0.0061
7.7820	0.0012	-0.0038	0.1917	0.0104
7.7825	0.0006	-0.0002	0.1552	0.0114
7.7830	0.0011	0.0025	0.1332	0.0099
7.7835	0.0010	0.0016	0.1224	0.0046
7.7840	0.0009	0.0015	0.0968	0.0100
7.7845	0.0010	0.0004	0.0642	0.0088
7.7850	0.0010	0.0001	0.0392	0.0070
7.7855	0.0008	0.0002	0.0240	0.0089
7.7860	0.0009	-0.0015	0.0032	0.0049
7.7865	0.0011	0.0027	-0.0152	0.0065
7.7870	0.0008	-0.0015	-0.0251	0.0078
7.7875	0.0009	-0.0041	-0.0498	0.0089
7.7880	0.0010	0.0012	-0.0950	0.0027
7.7885	0.0005	-0.0047	-0.1357	0.0070
7.7890	0.0008	0.0015	-0.1486	0.0124
7.7895	0.0010	-0.0047	-0.1536	0.0039
7.7900	0.0008	-0.0028	-0.1821	0.0059
7.7905	0.0014	0.0009	-0.2255	0.0047
7.7910	0.0009	0.0002	-0.2449	-0.0021
7.7915	0.0009	-0.0021	-0.2482	0.0077
7.7920	0.0005	-0.0019	-0.2724	0.0010
7.7925	0.0005	-0.0011	-0.3150	0.0084
7.7930	0.0007	-0.0047	-0.3399	0.0034
7.7935	0.0009	-0.0027	-0.3410	0.0048
7.7940	0.0009	0.0037	-0.3640	0.0087
7.7945	0.0010	-0.0040	-0.4052	0.0034
7.7950	0.0008	0.0015	-0.4251	0.0022
7.7955	0.0005	-0.0015	-0.4257	0.0022
7.7960	0.0006	-0.0000	-0.4538	0.0076
7.7965	0.0005	-0.0038	-0.5042	0.0007
7.7970	0.0010	0.0025	-0.5204	0.0102
7.7975	0.0009	-0.0047	-0.5190	-0.0028
7.7980	0.0009	0.0019	-0.5435	-0.0023
7.7985	0.0005	-0.0008	-0.5902	0.0074
7.7990	0.0007	-0.0005	-0.6139	0.0041
7.7995	0.0005	-0.0025	-0.6123	0.0066
7.8000	0.0004	0.0029	-0.6299	0.0066
7.8005	0.0006	0.0003	-0.6744	0.0011
7.8010	0.0006	-0.0009	-0.7054	0.0035
7.8015	0.0005	-0.0008	-0.7042	0.0057
7.8020	0.0007	0.0007	-0.7157	0.0063
7.8025	0.0008	-0.0007	-0.7589	0.0047
7.8030	0.0005	-0.0014	-0.7923	0.0021
7.8035	0.0008	-0.0020	-0.7949	0.0006
7.8040	0.0004	-0.0021	-0.8032	0.0059
7.8045	0.0006	0.0022	-0.8443	0.0029
7.8050	0.0003	0.0009	-0.8779	0.0041
7.8055	0.0002	-0.0021	-0.8830	0.0028
7.8060	0.0004	-0.0019	-0.8864	0.0043
7.8065	0.0004	0.0042	-0.9222	0.0005
7.8070	0.0005	-0.0020	-0.9582	0.0037
7.8075	0.0008	-0.0001	-0.9670	0.0060
7.8080	0.0010	0.0004	-0.9674	0.0043
7.8085	0.0006	0.0013	-0.9972	0.0081
7.8090	0.0007	-0.0055	-1.0384	0.0067
7.8095	0.0005	0.0012	-1.0476	0.0029
7.8100	0.0008	0.0006	-1.0475	0.0069
7.8105	0.0004	-0.0011	-1.0745	0.0059
7.8110	0.0005	-0.0033	-1.1150	0.0022
7.8115	0.0004	0.0011	-1.1243	0.0036
7.8120	0.0002	-0.0004	-1.1160	0.0057
7.8125	0.0005	-0.0012	-1.1284	0.0035
7.8130	0.0004	-0.0008	-1.1865	0.0021
7.8135	0.0004	0.0001	-1.2162	0.0030
7.8140	0.0003	-0.0001	-1.1751	0.0009
7.8145	0.0002	-0.0014	-1.2065	0.0012
7.8150	0.0005	-0.0014	-1.2722	-0.0045
7.8155	0.0003	-0.0006	-1.2714	0.0034
7.8160	0.0009	0.0004	-1.2600	-0.0057
7.8165	0.0006	0.0010	-1.2930	0.0045
7.8170	0.0006	0.0003	-1.3356	0.0036
7.8175	0.0004	0.0003	-1.3427	-0.0015
7.8180	0.0001	0.0021	-1.3321	0.0029
7.8185	0.0007	0.0036	-1.3549	0.0093
7.8190	0.0004	0.0014	-1.3992	0.0040
7.8195	0.0007	-0.0012	-1.4096	0.0026
7.8200	0.0003	-0.0016	-1.3944	-0.0002
7.8205	0.0007	-0.0028	-1.4095	0.0003
7.8210	0.0001	-0.0007	-1.4585	0.0063
7.8215	0.0001	-0.0070	-1.4742	-0.0005
7.8220	0.0004	0.0021	-1.4582	-0.0052
7.8225	0.0005	-0.0072	-1.4670	-0.0019
7.8230	0.0006	-0.0009	-1.5102	0.0029
7.8235	0.0003	-0.0008	-1.5343	-0.0064
7.8240	0.0001	-0.0008	-1.5213	0.0032
7.8245	0.0004	-0.0061	-1.5205	-0.0001
7.8250	0.0004	-0.0021	-1.5596	0.0041
7.8255	-0.0003	-0.0019	-1.5843	0.0019
7.8260	0.0002	-0.0010	-1.5766	0.0030
7.8265	0.0005	-0.0009	-1.5734	-0.0031
7.8270	0.0001	0.0028	-1.6052	0.0051
7.8275	0.0003	-0.0029	-1.6334	-0.0006
7.8280	0.0005	-0.0034	-1.6282	-0.0002
7.8285	0.0002	-0.0035	-1.6181	0.0058
7.8290	-0.0001	-0.0007	-1.6428	0.0035
7.8295	0.0001	0.0001	-1.6771	0.0026
7.8300	0.0004	0.0003	-1.6782	0.0018
7.8305	0.0003	-0.0008	-1.6639	0.0008
7.8310	-0.0003	0.0001	-1.6817	-0.0011
7.8315	0.0000	-0.0017	-1.7159	0.0042
7.8320	0.0001	-0.0008	-1.7200	0.0008
7.8325	0.0001	0.0001	-1.7037	-0.0007
7.8330	0.0001	-0.0014	-1.7136	-0.0009
7.8335	0.0000	-0.0006	-1.7483	0.0019
7.8340	0.0004	0.0032	-1.7566	-0.0075
7.8345	0.0002	-0.0002	-1.7393	0.0024
7.8350	-0.0000	0.0006	-1.7424	0.0030
7.8355	0.0002	0.0001	-1.7748	0.0038
7.8360	0.0002	-0.0063	-1.7870	-0.0016
7.8365	0.0004	0.0014	-1.7716	-0.0034
7.8370	0.0003	-0.0009	-1.7673	0.0000
7.8375	0.0003	0.0015	-1.7962	0.0006
7.8380	0.0003	-0.0037	-1.8116	0.0008
7.8385	-0.0001	-0.0012	-1.7993	0.0038
7.8390	0.0001	-0.0031	-1.7875	-0.0036
7.8395	0.0005	-0.0011	-1.8119	-0.0046
7.8400	0.0006	-0.0029	-1.8326	-0.0022
7.8405	-0.0000	0.0013	-1.8202	0.0055
7.8410	0.0004	-0.0031	-1.8057	0.0012
7.8415	0.0002	0.0027	-1.8242	-0.0053
7.8420	0.0003	-0.0028	-1.8474	-0.0025
7.8425	-0.0002	0.0004	-1.8365	0.0000
7.8430	-0.0005	-0.0005	-1.8197	-0.0044
7.8435	0.0000	-0.0007	-1.8309	-0.0005
7.8440	0.0002	0.0009	-1.8549	-0.0044
7.8445	-0.0003	0.0012	-1.8507	-0.0057
7.8450	-0.0001	-0.0020	-1.8285	-0.0020
7.8455	-0.0002	0.0002	-1.8343	-0.0028
7.8460	-0.0004	-0.0013	-1.8586	-0.0006
7.8465	0.0001	0.0037	-1.8615	-0.0061
7.8470	-0.0004	-0.0049	-1.8375	-0.0054
7.8475	-0.0001	-0.0039	-1.8365	-0.0010
7.8480	-0.0001	-0.0041	-1.8582	-0.0001
7.8485	-0.0003	-0.0019	-1.8587	-0.0031
7.8490	0.0001	0.0021	-1.8420	-0.0072
7.8495	0.0000	0.0024	-1.8319	-0.0051
7.8500	-0.0004	-0.0017	-1.8518	-0.0011
7.8505	0.0000	-0.0020	-1.8563	-0.0046
7.8510	0.0003	-0.0013	-1.8368	-0.0007
7.8515	-0.0003	-0.0031	-1.8227	0.0015
7.8520	-0.0000	-0.0002	-1.8367	0.0001
7.8525	0.0000	-0.0023	-1.8484	-0.0054
7.8530	0.0001	-0.0032	-1.8293	-0.0003
7.8535	-0.0003	-0.0025	-1.8115	-0.0036
7.8540	0.0001	-0.0021	-1.8202	0.0045
7.8545	0.0001	0.0006	-1.8354	-0.0073
7.8550	-0.0000	-0.0000	-1.8194	0.0020
7.8555	-0.0001	-0.0011	-1.7941	-0.0011
7.8560	-0.0004	-0.0011	-1.7994	-0.0061
7.8565	-0.0000	0.0033	-1.8155	-0.0036
7.8570	-0.0001	0.0021	-1.7929	-0.0004
7.8575	0.0002	0.0025	-1.7446	-0.0032
7.8580	-0.0000	0.0027	-1.7340	-0.0025
7.8585	-0.0002	0.0018	-1.7449	0.0015
7.8590	0.0001	-0.0026	-1.7360	-0.0054
7.8595	-0.0002	-0.0003	-1.7092	-0.0030
7.8600	-0.0001	-0.0036	-1.7026	-0.0002
7.8605	0.0002	-0.0016	-1.7095	-0.0030
7.8610	0.0002	0.0001	-1.7038	-0.0027
7.8615	-0.0004	0.0009	-1.6827	0.0016
7.8620	0.0002	-0.0008	-1.6714	-0.0032
7.8625	-0.0003	0.0006	-1.6774	0.0015
7.8630	-0.0000	-0.0007	-1.6742	-0.0024
7.8635	-0.0002	-0.0030	-1.6540	-0.0055
7.8640	0.0001	0.0016	-1.6417	0.0008
7.8645	-0.0000	-0.0007	-1.6397	-0.0009
7.8650	-0.0000	0.0035	-1.6414	-0.0025
7.8655	-0.0000	-0.0031	-1.6227	-0.0051
7.8660	0.0001	-0.0041	-1.5996	-0.0072
7.8665	-0.0001	-0.0027	-1.5974	-0.0078
7.8670	-0.0002	-0.0018	-1.6009	-0.0010
7.8675	0.0002	0.0006	-1.5819	0.0001
7.8680	0.0002	-0.0029	-1.5585	-0.0046
7.8685	0.0002	-0.0004	-1.5518	-0.0064
7.8690	0.0002	-0.0047	-1.5535	-0.0005
7.8695	-0.0001	0.0041	-1.5408	-0.0015
7.8700	-0.0002	0.0021	-1.5131	0.0015
7.8705	-0.0002	0.0011	-1.5020	-0.0051
7.8710	-0.0001	0.0006	-1.5051	-0.0082
7.8715	-0.0002	-0.0034	-1.4903	-0.0019
7.8720	-0.0000	-0.0001	-1.4647	0.0016
7.8725	-0.0004	-0.0032	-1.4506	-0.0019
7.8730	-0.0001	0.0002	-1.4504	-0.0082
7.8735	-0.0004	-0.0034	-1.4391	-0.0041
7.8740	-0.0000	0.0032	-1.4100	-0.0086
7.8745	0.0002	-0.0030	-1.3934	0.0029
7.8750	-0.0001	0.0004	-1.3904	-0.0002
7.8755	-0.0001	-0.0040	-1.3814	-0.0022
7.8760	-0.0000	0.0007	-1.3499	-0.0034
7.8765	0.0000	-0.0011	-1.3327	-0.0019
7.8770	-0.0001	-0.0015	-1.3271	-0.0130
7.8775	0.0000	-0.0020	-1.3186	0.0000
7.8780	-0.0000	-0.0004	-1.2925	-0.0072
7.8785	-0.0002	-0.0012	-1.2696	-0.0035
7.8790	-0.0000	0.0016	-1.2600	0.0046
7.8795	0.0000	-0.0027	-1.2531	-0.0026
7.8800	0.0002	-0.0025	-1.2298	-0.0040
7.8805	0.0002	0.0009	-1.1992	0.0029
7.8810	0.0000	-0.0023	-1.1911	0.0029
7.8815	0.0002	-0.0005	-1.1832	-0.0032
7.8820	0.0002	-0.0002	-1.1604	0.0021
7.8825	0.0001	0.0004	-1.1314	0.0045
7.8830	-0.0000	0.0031	-1.1173	-0.0021
7.8835	0.0001	-0.0008	-1.1107	-0.0015
7.8840	-0.0002	-0.0026	-1.0958	-0.0014
7.8845	-0.0003	-0.0031	-1.0625	0.0000
7.8850	0.0004	-0.0053	-1.0431	0.0037
7.8855	-0.0000	-0.0008	-1.0366	-0.0004
7.8860	0.0003	0.0004	-1.0174	-0.0020
7.8865	-0.0000	-0.0020	-0.9898	-0.0013
7.8870	0.0004	0.0008	-0.9644	0.0043
7.8875	0.0003	-0.0008	-0.9560	-0.0036
7.8880	0.0001	0.0046	-0.9408	-0.0047
7.8885	0.0002	-0.0001	-0.9092	0.0024
7.8890	0.0002	0.0012	-0.8843	0.0036
7.8895	0.0001	0.0003	-0.8780	-0.0038
7.8900	-0.0001	-0.0003	-0.8624	0.0020
7.8905	0.0001	-0.0028	-0.8322	-0.0041
7.8910	0.0005	-0.0050	-0.8072	0.0020
7.8915	0.0002	-0.0004	-0.7911	0.0035
7.8920	0.0006	-0.0050	-0.7773	-0.0009
7.8925	0.0003	0.0007	-0.7501	0.0028
7.8930	0.0002	-0.0021	-0.7211	-0.0019
7.8935	0.0003	-0.0007	-0.7058	0.0047
7.8940	0.0003	-0.0001	-0.6906	-0.0010
7.8945	0.0005	-0.0029	-0.6657	0.0032
7.8950	0.0003	0.0003	-0.6361	0.0011
7.8955	0.0002	-0.0035	-0.6168	0.0078
7.8960	0.0004	-0.0003	-0.6050	-0.0005
7.8965	0.0002	-0.0047	-0.5805	0.0001
7.8970	0.0004	-0.0022	-0.5505	0.0006
7.8975	0.0001	-0.0039	-0.5271	0.0006
7.8980	0.0003	-0.0009	-0.5139	-0.0042
7.8985	0.0005	-0.0044	-0.4931	-0.0022
7.8990	-0.0000	-0.0007	-0.4614	0.0048
7.8995	0.0007	-0.0029	-0.4381	0.0053
7.9000	0.0002	0.0018	-0.4246	0.0059
7.9005	0.0002	0.0004	-0.4044	0.0032
7.9010	0.0003	-0.0032	-0.3716	-0.0009
7.9015	0.0005	0.0006	-0.3472	0.0026
7.9020	0.0005	0.0027	-0.3301	0.0025
7.9025	0.0006	-0.0008	-0.3121	0.0036
7.9030	0.0007	-0.0012	-0.2842	0.0029
7.9035	0.0002	-0.0005	-0.2561	0.0003
7.9040	0.0006	-0.0014	-0.2375	0.0084
7.9045	0.0007	-0.0035	-0.2222	-0.0022
7.9050	0.0003	-0.0048	-0.1939	0.0058
7.9055	0.0006	-0.0005	-0.1657	0.0030
7.9060	0.0007	-0.0026	-0.1458	-0.0014
7.9065	0.0007	-0.0000	-0.1285	0.0016
7.9070	0.0003	-0.0011	-0.1036	-0.0043
7.9075	0.0002	-0.0004	-0.0758	0.0027
7.9080	0.0011	0.0024	-0.0560	0.0036
7.9085	0.0003	-0.0011	-0.0370	0.0041
7.9090	0.0007	-0.0041	-0.0145	0.0037
7.9095	0.0008	0.0009	0.0078	-0.0022
7.9100	0.0001	-0.0035	0.0210	0.0035
7.9105	0.0005	0.0001	0.0433	-0.0006
7.9110	0.0005	0.0024	0.0775	0.0057
7.9115	0.0008	-0.0014	0.1012	0.0052
7.9120	0.0004	0.0006	0.1178	0.0039
7.9125	0.0008	-0.0017	0.1375	0.0060
7.9130	0.0002	0.0008	0.1732	0.0035
7.9135	0.0008	-0.0039	0.1970	0.0040
7.9140	0.0008	-0.0023	0.2091	0.0101
7.9145	0.0006	-0.0062	0.2247	0.0090
7.9150	0.0008	0.0001	0.2586	0.0025
7.9155	0.0005	-0.0051	0.2819	0.0012
7.9160	0.0007	0.0012	0.2966	0.0017
7.9165	0.0005	-0.0012	0.3193	0.0030
7.9170	0.0009	-0.0020	0.3498	0.0098
7.9175	0.0006	-0.0000	0.3749	0.0061
7.9180	0.0003	-0.0033	0.3869	0.0009
7.9185	0.0007	0.0013	0.4066	0.0039
7.9190	0.0004	0.0027	0.4364	-0.0037
7.9195	0.0007	-0.0021	0.4640	0.0028
7.9200	0.0011	-0.0038	0.4767	0.0018
7.9205	0.0012	-0.0059	0.4953	0.0099
7.9210	0.0003	-0.0050	0.5245	0.0035
7.9215	0.0007	-0.0032	0.5497	0.0060
7.9220	0.0007	-0.0005	0.5652	0.0058
7.9225	0.0011	-0.0063	0.5813	0.0060
7.9230	0.0006	-0.0003	0.6076	0.0039
7.9235	0.0008	-0.0032	0.6346	0.0025
7.9240	0.0007	-0.0019	0.6537	0.0055
7.9245	0.0003	-0.0002	0.6674	0.0093
7.9250	0.0007	-0.0012	0.6919	0.0076
7.9255	0.0008	0.0045	0.7195	0.0041
7.9260	0.0008	-0.0032	0.7358	0.0042
7.9265	0.0011	-0.0032	0.7486	0.0040
7.9270	0.0011	0.0001	0.7729	0.0070
7.9275	0.0008	-0.0014	0.8000	0.0034
7.9280	0.0013	-0.0047	0.8169	0.0043
7.9285	0.0005	-0.0020	0.8321	0.0084
7.9290	0.0009	-0.0024	0.8487	0.0047
7.9295	0.0006	-0.0029	0.8642	0.0003
7.9300	0.0012	0.0012	0.8892	0.0095
7.9305	0.0014	-0.0027	0.9205	0.0031
7.9310	0.0008	-0.0022	0.9376	0.0123
7.9315	0.0008	-0.0045	0.9451	0.0062
7.9320	0.0009	0.0014	0.9675	0.0107
7.9325	0.0009	-0.0008	0.9974	0.0122
7.9330	0.0010	-0.0005	1.0134	0.0066
7.9335	0.0011	-0.0016	1.0211	0.0119
7.9340	0.0009	-0.0012	1.0399	0.0022
7.9345	0.0005	0.0044	1.0744	0.0050
7.9350	0.0008	-0.0026	1.0924	0.0066
7.9355	0.0014	0.0044	1.0755	0.0069
7.9360	0.0011	-0.0021	1.1017	0.0019
7.9365	0.0012	-0.0005	1.1636	0.0052
7.9370	0.0012	0.0004	1.1734	0.0105
7.9375	0.0011	0.0006	1.1436	0.0059
7.9380	0.0012	-0.0005	1.1439	0.0154
7.9385	0.0011	0.0024	1.2350	0.0066
7.9390	0.0013	-0.0025	1.2856	0.0098
7.9395	0.0014	0.0010	1.2324	0.0101
7.9400	0.0011	0.0024	1.2079	0.0062
7.9405	0.0009	0.0019	1.2868	0.0058
7.9410	0.0011	-0.0041	1.3539	0.0115
7.9415	0.0008	0.0003	1.3121	0.0076
7.9420	0.0012	0.0014	1.2707	0.0094
7.9425	0.0014	-0.0031	1.3374	0.0062
7.9430	0.0009	-0.0035	1.4115	0.0080
7.9435	0.0006	0.0006	1.3845	0.0107
7.9440	0.0013	-0.0010	1.3381	0.0097
7.9445	0.0011	-0.0014	1.3847	0.0111
7.9450	0.0014	-0.0036	1.4669	0.0114
7.9455	0.0015	-0.0009	1.4556	0.0049
7.9460	0.0010	0.0017	1.4034	0.0083
7.9465	0.0011	0.0021	1.4320	0.0082
7.9470	0.0010	0.0030	1.5142	0.0126
7.9475	0.0007	0.0009	1.5194	0.0108
7.9480	0.0014	-0.0012	1.4614	0.0061
7.9485	0.0012	-0.0034	1.4745	0.0124
7.9490	0.0011	-0.0005	1.5553	0.0120
7.9495	0.0010	-0.0033	1.5764	0.0112
7.9500	0.0011	-0.0005	1.5218	0.0070
7.9505	0.0011	-0.0049	1.5165	0.0068
7.9510	0.0011	0.0011	1.5921	0.0103
7.9515	0.0013	0.0024	1.6301	0.0081
7.9520	0.0017	-0.0011	1.5793	0.0107
7.9525	0.0013	-0.0017	1.5547	0.0115
7.9530	0.0008	0.0002	1.6234	0.0110
7.9535	0.0012	-0.0005	1.6761	0.0111
7.9540	0.0017	-0.0008	1.6304	0.0117
7.9545	0.0013	-0.0023	1.5943	0.0125
7.9550	0.0015	0.0014	1.6501	0.0072
7.9555	0.0014	-0.0053	1.7116	0.0089
7.9560	0.0013	-0.0023	1.6824	0.0156
7.9565	0.0015	-0.0010	1.6349	0.0065
7.9570	0.0011	-0.0046	1.6730	0.0076
7.9575	0.0013	0.0010	1.7395	0.0107
7.9580	0.0012	-0.0029	1.7246	0.0120
7.9585	0.0012	-0.0003	1.6710	0.0164
7.9590	0.0014	-0.0000	1.6958	0.0129
7.9595	0.0013	0.0009	1.7621	0.0164
7.9600	0.0012	-0.0010	1.7583	0.0082
7.9605	0.0012	-0.0001	1.7067	0.0093
7.9610	0.0018	-0.0088	1.7142	0.0086
7.9615	0.0017	0.0026	1.7791	0.0132
7.9620	0.0018	-0.0012	1.7913	0.0115
7.9625	0.0015	-0.0044	1.7357	0.0099
7.9630	0.0015	-0.0035	1.7300	0.0080
7.9635	0.0013	-0.0005	1.7906	0.0163
7.9640	0.0010	-0.0028	1.8124	0.0063
7.9645	0.0012	0.0010	1.7627	0.0097
7.9650	0.0015	-0.0011	1.7416	0.0088
7.9655	0.0016	-0.0017	1.7951	0.0134
7.9660	0.0012	0.0030	1.8280	0.0126
7.9665	0.0014	0.0009	1.7852	0.0161
7.9670	0.0017	0.0012	1.7516	0.0062
7.9675	0.0013	-0.0050	1.7952	0.0126
7.9680	0.0010	-0.0007	1.8373	0.0162
7.9685	0.0013	0.0001	1.8017	0.0135
7.9690	0.0014	-0.0038	1.7621	0.0109
7.9695	0.0012	-0.0029	1.7946	0.0174
7.9700	0.0015	0.0051	1.8390	0.0120
7.9705	0.0015	-0.0022	1.8146	0.0108
7.9710	0.0014	-0.0006	1.7648	0.0145
7.9715	0.0017	-0.0035	1.7843	0.0129
7.9720	0.0015	-0.0023	1.8359	0.0128
7.9725	0.0011	-0.0035	1.8215	0.0095
7.9730	0.0014	-0.0004	1.7699	0.0110
7.9735	0.0012	0.0013	1.7751	0.0128
7.9740	0.0013	-0.0041	1.8252	0.0111
7.9745	0.0011	-0.0005	1.8209	0.0055
7.9750	0.0015	-0.0014	1.7673	0.0108
7.9755	0.0012	-0.0023	1.7616	0.0162
7.9760	0.0014	0.0009	1.8072	0.0141
7.9765	0.0016	-0.0014	1.8132	0.0097
7.9770	0.0013	0.0026	1.7636	0.0102
7.9775	0.0013	0.0012	1.7419	0.0101
7.9780	0.0015	0.0027	1.7874	0.0173
7.9785	0.0013	-0.0037	1.8044	0.0148
7.9790	0.0015	-0.0023	1.7555	0.0135
7.9795	0.0019	0.0032	1.7239	0.0153
7.9800	0.0012	-0.0007	1.7576	0.0080
7.9805	0.0015	-0.0015	1.7838	0.0104
7.9810	0.0016	-0.0023	1.7437	0.0154
7.9815	0.0014	-0.0026	1.7013	0.0102
7.9820	0.0018	-0.0030	1.7273	0.0058
7.9825	0.0015	-0.0032	1.7561	0.0162
7.9830	0.0015	0.0001	1.7255	0.0105
7.9835	0.0017	0.0006	1.6797	0.0100
7.9840	0.0015	0.0045	1.6911	0.0194
7.9845	0.0014	-0.0000	1.7244	0.0125
7.9850	0.0010	0.0013	1.6992	0.0138
7.9855	0.0017	-0.0019	1.6506	0.0104
7.9860	0.0012	-0.0025	1.6533	0.0126
7.9865	0.0012	0.0017	1.6869	0.0138
7.9870	0.0014	-0.0041	1.6725	0.0129
7.9875	0.0012	-0.0007	1.6197	0.0150
7.9880	0.0020	0.0028	1.6127	0.0100
7.9885	0.0014	-0.0042	1.6409	0.0113
7.9890	0.0015	0.0030	1.6363	0.0151
7.9895	0.0014	-0.0010	1.5869	0.0035
7.9900	0.0013	-0.0012	1.5668	0.0161
7.9905	0.0015	0.0010	1.5940	0.0134
7.9910	0.0014	0.0012	1.5942	0.0154
7.9915	0.0015	0.0021	1.5461	0.0139
7.9920	0.0013	0.0006	1.5188	0.0176
7.9925	0.0013	-0.0032	1.5406	0.0092
7.9930	0.0014	-0.0011	1.5494	0.0179
7.9935	0.0011	-0.0028	1.5040	0.0117
7.9940	0.0016	-0.0038	1.4690	0.0128
7.9945	0.0008	-0.0010	1.4809	0.0148
7.9950	0.0018	-0.0007	1.4966	0.0110
7.9955	0.0013	-0.0027	1.4595	0.0078
7.9960	0.0010	-0.0043	1.4171	0.0109
7.9965	0.0014	-0.0006	1.4206	0.0103
7.9970	0.0015	-0.0051	1.4401	0.0164
7.9975	0.0017	-0.0005	1.4093	0.0124
7.9980	0.0011	-0.0005	1.3617	0.0192
7.9985	0.0016	-0.0002	1.3559	0.0149
7.9990	0.0013	-0.0003	1.3767	0.0170
7.9995	0.0017	-0.0016	1.3513	0.0161
8.0000	0.0015	0.0009	1.3036	0.0083
8.0005	0.0014	-0.0035	1.2889	0.0067
8.0010	0.0013	-0.0024	1.3061	0.0114
8.0015	0.0014	-0.0019	1.2927	0.0135
8.0020	0.0013	-0.0041	1.2409	0.0176
8.0025	0.0015	0.0006	1.2200	0.0108
8.0030	0.0013	-0.0023	1.2332	0.0092
8.0035	0.0013	-0.0035	1.2269	0.0138
8.0040	0.0017	-0.0042	1.1802	0.0132
8.0045	0.0015	-0.0037	1.1505	0.0088
8.0050	0.0012	0.0008	1.1601	0.0125
8.0055	0.0013	-0.0033	1.1600	0.0084
8.0060	0.0014	-0.0020	1.1124	0.0102
8.0065	0.0010	-0.0021	1.0750	0.0077
8.0070	0.0015	-0.0013	1.0791	0.0046
8.0075	0.0014	-0.0029	1.0854	0.0091
8.0080	0.0018	-0.0017	1.0445	0.0163
8.0085	0.0012	-0.0002	1.0004	0.0128
8.0090	0.0014	-0.0035	1.0004	0.0124
8.0095	0.0012	0.0005	1.0055	0.0060
8.0100	0.0016	-0.0012	0.9718	0.0086
8.0105	0.0012	-0.0008	0.9267	0.0031
8.0110	0.0013	-0.0008	0.9165	0.0121
8.0115	0.0010	-0.0008	0.9244	0.0134
8.0120	0.0009	-0.0021	0.8972	0.0175
8.0125	0.0009	-0.0000	0.8485	0.0080
8.0130	0.0014	0.0015	0.8314	0.0130
8.0135	0.0009	-0.0028	0.8408	0.0125
8.0140	0.0010	-0.0039	0.8207	0.0136
8.0145	0.0010	-0.0004	0.7712	0.0093
8.0150	0.0011	-0.0025	0.7455	0.0095
8.0155	0.0009	-0.0005	0.7532	0.0083
8.0160	0.0014	-0.0002	0.7358	0.0146
8.0165	0.0012	-0.0012	0.6909	0.0056
8.0170	0.0010	0.0008	0.6588	0.0060
8.0175	0.0013	-0.0053	0.6619	0.0148
8.0180	0.0014	0.0015	0.6506	0.0091
8.0185	0.0012	0.0017	0.6055	0.0125
8.0190	0.0013	-0.0023	0.5714	0.0166
8.0195	0.0012	-0.0016	0.5685	0.0107
8.0200	0.0012	0.0024	0.5644	0.0037
8.0205	0.0011	-0.0020	0.5231	0.0067
8.0210	0.0015	0.0004	0.4862	0.0073
8.0215	0.0012	-0.0000	0.4786	0.0077
8.0220	0.0011	0.0001	0.4735	0.0095
8.0225	0.0010	0.0009	0.4403	0.0143
8.0230	0.0011	0.0018	0.3965	0.0076
8.0235	0.0010	-0.0027	0.3832	0.0113
8.0240	0.0009	0.0010	0.3791	0.0068
8.0245	0.0009	-0.0000	0.3507	0.0063
8.0250	0.0013	-0.0000	0.3102	0.0040
8.0255	0.0010	0.0017	0.2925	0.0089
8.0260	0.0007	-0.0019	0.2840	0.0086
8.0265	0.0008	-0.0004	0.2622	0.0119
8.0270	0.0011	0.0010	0.2203	0.0101
8.0275	0.0008	-0.0041	0.1979	0.0089
8.0280	0.0010	-0.0029	0.1898	0.0131
8.0285	0.0010	0.0030	0.1723	0.0052
8.0290	0.0011	-0.0009	0.1320	0.0060
8.0295	0.0005	0.0019	0.1065	0.0119
8.0300	0.0010	0.0001	0.0940	0.0073
8.0305	0.0012	-0.0008	0.0785	0.0056
8.0310	0.0012	0.0009	0.0479	0.0104
8.0315	0.0006	-0.0020	0.0187	0.0084
8.0320	0.0009	-0.0019	0.0029	0.0053
8.0325	0.0008	-0.0013	-0.0106	0.0016
8.0330	0.0009	0.0002	-0.0239	0.0063
8.0335	0.0011	0.0031	-0.0417	0.0039
8.0340	0.0014	-0.0014	-0.0759	0.0108
8.0345	0.0006	0.0002	-0.1212	0.0072
8.0350	0.0007	-0.0027	-0.1456	0.0056
8.0355	0.0007	-0.0037	-0.1489	0.0136
8.0360	0.0005	-0.0029	-0.1671	0.0042
8.0365	0.0008	0.0009	-0.2045	0.0105
8.0370	0.0008	-0.0020	-0.2353	0.0039
8.0375	0.0006	0.0048	-0.2398	0.0093
8.0380	0.0007	-0.0029	-0.2536	0.0049
8.0385	0.0005	-0.0029	-0.2897	0.0101
8.0390	0.0008	0.0014	-0.3224	0.0058
8.0395	0.0008	-0.0014	-0.3320	0.0100
8.0400	0.0006	-0.0011	-0.3419	0.0058
8.0405	0.0007	-0.0016	-0.3783	0.0024
8.0410	0.0008	0.0006	-0.4112	0.0051
8.0415	0.0011	-0.0003	-0.4114	0.0008
8.0420	0.0009	-0.0020	-0.4255	0.0089
8.0425	0.0007	-0.0007	-0.4698	0.0018
8.0430	0.0005	0.0001	-0.5055	0.0092
8.0435	0.0009	0.0027	-0.5052	0.0060
8.0440	0.0006	-0.0011	-0.5131	0.0046
8.0445	0.0003	-0.0038	-0.5559	0.0021
8.0450	0.0008	-0.0003	-0.5916	0.0040
8.0455	0.0005	-0.0003	-0.5950	0.0074
8.0460	0.0007	-0.0033	-0.5989	0.0081
8.0465	0.0004	-0.0011	-0.6373	0.0074
8.0470	0.0007	-0.0013	-0.6759	0.0042
8.0475	0.0007	-0.0010	-0.6854	0.0102
8.0480	0.0008	-0.0002	-0.6855	0.0071
8.0485	0.0006	-0.0013	-0.7163	0.0058
8.0490	0.0006	0.0015	-0.7608	0.0093
8.0495	0.0004	0.0022	-0.7723	0.0053
8.0500	0.0005	-0.0026	-0.7690	0.0038
8.0505	0.0009	0.0013	-0.7964	0.0036
8.0510	0.0006	-0.0025	-0.8378	0.0039
8.0515	0.0005	0.0013	-0.8570	0.0058
8.0520	0.0006	0.0009	-0.8503	0.0063
8.0525	0.0007	0.0018	-0.8716	0.0047
8.0530	-0.0000	0.0018	-0.9144	-0.0017
8.0535	0.0008	-0.0020	-0.9366	0.0058
8.0540	0.0007	0.0030	-0.9335	0.0010
8.0545	0.0007	0.0009	-0.9476	0.0006
8.0550	0.0008	-0.0013	-0.9869	0.0041
8.0555	0.0008	-0.0015	-1.0148	0.0043
8.0560	0.0005	0.0006	-1.0097	0.0047
8.0565	0.0007	0.0023	-1.0214	0.0017
8.0570	0.0002	-0.0005	-1.0606	0.0058
8.0575	-0.0000	-0.0037	-1.0910	0.0020
8.0580	0.0003	0.0024	-1.0849	0.0035
8.0585	0.0009	-0.0020	-1.0829	-0.0019
8.0590	0.0002	-0.0005	-1.1102	0.0057
8.0595	0.0001	-0.0014	-1.1548	0.0039
8.0600	0.0003	-0.0037	-1.1792	0.0026
8.0605	0.0002	0.0017	-1.1430	0.0019
8.0610	0.0006	-0.0015	-1.1722	0.0032
8.0615	0.0005	-0.0008	-1.2480	0.0083
8.0620	0.0005	0.0028	-1.2376	0.0091
8.0625	0.0002	-0.0032	-1.2106	-0.0062
8.0630	0.0005	-0.0015	-1.2519	0.0050
8.0635	0.0008	0.0018	-1.3160	0.0017
8.0640	0.0005	-0.0022	-1.3113	0.0038
8.0645	0.0001	-0.0008	-1.2774	0.0042
8.0650	0.0003	-0.0053	-1.3069	0.0012
8.0655	0.0001	0.0002	-1.3702	0.0000
8.0660	0.0005	-0.0008	-1.3801	0.0027
8.0665	0.0002	0.0006	-1.3445	0.0076
8.0670	0.0003	-0.0032	-1.3605	0.0014
8.0675	0.0005	0.0021	-1.4232	0.0093
8.0680	0.0005	0.0007	-1.4420	0.0057
8.0685	0.0005	-0.0017	-1.4107	0.0031
8.0690	0.0004	0.0002	-1.4129	0.0003
8.0695	0.0003	-0.0023	-1.4695	0.0026
8.0700	0.0001	0.0006	-1.4995	0.0016
8.0705	0.0005	0.0001	-1.4680	0.0014
8.0710	0.0000	0.0021	-1.4598	0.0029
8.0715	0.0003	-0.0040	-1.5137	0.0016
8.0720	0.0003	0.0001	-1.5521	0.0020
8.0725	0.0002	-0.0013	-1.5246	0.0039
8.0730	-0.0000	-0.0011	-1.5066	-0.0013
8.0735	0.0004	-0.0007	-1.5500	-0.0044
8.0740	-0.0001	0.0014	-1.5942	0.0000
8.0745	0.0004	0.0015	-1.5786	0.0046
8.0750	0.0001	0.0001	-1.5542	-0.0014
8.0755	-0.0001	0.0047	-1.5843	0.0001
8.0760	0.0005	-0.0033	-1.6348	0.0035
8.0765	0.0000	0.0004	-1.6287	0.0025
8.0770	-0.0001	-0.0011	-1.5974	0.0001
8.0775	0.0002	-0.0011	-1.6178	0.0020
8.0780	-0.0003	0.0003	-1.6661	-0.0012
8.0785	0.0000	-0.0005	-1.6705	0.0053
8.0790	-0.0001	0.0009	-1.6366	0.0026
8.0795	0.0000	-0.0035	-1.6458	0.0008
8.0800	0.0004	0.0001	-1.6922	0.0003
8.0805	-0.0000	-0.0031	-1.7057	0.0019
8.0810	-0.0003	-0.0013	-1.6724	-0.0053
8.0815	0.0001	0.0017	-1.6702	0.0014
8.0820	0.0005	-0.0023	-1.7164	0.0046
8.0825	0.0003	-0.0047	-1.7362	-0.0030
8.0830	0.0001	-0.0015	-1.7071	0.0005
8.0835	0.0001	0.0029	-1.6953	0.0001
8.0840	-0.0001	-0.0029	-1.7330	0.0056
8.0845	0.0002	-0.0019	-1.7596	-0.0004
8.0850	0.0003	0.0002	-1.7352	0.0019
8.0855	-0.0001	0.0001	-1.7159	0.0049
8.0860	0.0002	0.0001	-1.7453	-0.0014
8.0865	0.0001	0.0011	-1.7757	0.0026
8.0870	0.0000	-0.0005	-1.7579	0.0035
8.0875	0.0001	-0.0039	-1.7334	-0.0021
8.0880	0.0001	0.0004	-1.7536	0.0009
8.0885	-0.0006	-0.0026	-1.7863	-0.0023
8.0890	0.0004	-0.0032	-1.7785	-0.0026
8.0895	-0.0001	0.0001	-1.7455	-0.0023
8.0900	0.0002	0.0018	-1.7573	-0.0009
8.0905	-0.0001	0.0018	-1.7915	0.0024
8.0910	0.0001	0.0011	-1.7894	0.0003
8.0915	0.0001	0.0009	-1.7568	-0.0027
8.0920	-0.0005	-0.0021	-1.7573	-0.0022
8.0925	0.0000	-0.0024	-1.7964	-0.0009
8.0930	-0.0002	-0.0005	-1.7979	0.0009
8.0935	0.0003	-0.0032	-1.7659	0.0017
8.0940	0.0001	0.0004	-1.7553	0.0028
8.0945	0.0004	-0.0019	-1.7864	-0.0007
8.0950	0.0000	0.0024	-1.8005	0.0062
8.0955	-0.0001	0.0001	-1.7691	-0.0003
8.0960	-0.0003	-0.0046	-1.7506	-0.0032
8.0965	-0.0005	-0.0018	-1.7771	-0.0033
8.0970	0.0001	-0.0016	-1.7945	0.0000
8.0975	-0.0003	-0.0008	-1.7641	-0.0033
8.0980	-0.0000	-0.0031	-1.7435	0.0057
8.0985	0.0004	-0.0007	-1.7632	-0.0019
8.0990	0.0001	0.0083	-1.7812	-0.0002
8.0995	-0.0003	-0.0020	-1.7597	-0.0078
8.1000	-0.0004	-0.0021	-1.7303	-0.0063
8.1005	-0.0002	-0.0008	-1.7455	-0.0015
8.1010	-0.0003	0.0029	-1.7660	-0.0034
8.1015	-0.0001	-0.0041	-1.7471	0.0018
8.1020	-0.0001	-0.0032	-1.7174	-0.0014
8.1025	-0.0001	0.0017	-1.7212	-0.0058
8.1030	0.0001	-0.0021	-1.7436	-0.0047
8.1035	-0.0001	-0.0019	-1.7267	0.0017
8.1040	0.0001	-0.0005	-1.6736	0.0024
8.1045	0.0002	-0.0011	-1.6566	-0.0016
8.1050	0.0001	0.0009	-1.6752	-0.0014
8.1055	0.0002	0.0003	-1.6699	-0.0027
8.1060	-0.0001	0.0002	-1.6392	-0.0058
8.1065	0.0002	-0.0046	-1.6245	-0.0046
8.1070	-0.0000	0.0001	-1.6408	-0.0058
8.1075	0.0000	-0.0008	-1.6400	-0.0021
8.1080	0.0001	-0.0011	-1.6127	-0.0036
8.1085	-0.0002	0.0003	-1.5942	0.0028
8.1090	-0.0002	-0.0044	-1.6073	-0.0025
8.1095	0.0002	-0.0043	-1.6115	0.0035
8.1100	0.0002	-0.0007	-1.5856	-0.0038
8.1105	0.0001	-0.0006	-1.5639	-0.0012
8.1110	0.0000	0.0016	-1.5690	-0.0042
8.1115	-0.0001	0.0001	-1.5751	0.0027
8.1120	0.0001	0.0006	-1.5540	-0.0072
8.1125	-0.0003	-0.0049	-1.5270	0.0032
8.1130	0.0001	0.0003	-1.5272	0.0037
8.1135	0.0001	0.0033	-1.5381	0.0003
8.1140	-0.0002	0.0049	-1.5185	-0.0005
8.1145	0.0001	-0.0047	-1.4870	0.0020
8.1150	0.0001	-0.0021	-1.4766	-0.0056
8.1155	0.0001	0.0024	-1.4863	-0.0033
8.1160	-0.0000	-0.0021	-1.4753	-0.0024
8.1165	0.0006	-0.0022	-1.4422	0.0029
8.1170	0.0002	-0.0005	-1.4294	-0.0024
8.1175	0.0001	-0.0026	-1.4376	-0.0042
8.1180	0.0002	-0.0030	-1.4282	0.0018
8.1185	-0.0001	-0.0047	-1.3972	-0.0014
8.1190	-0.0002	-0.0008	-1.3759	0.0015
8.1195	0.0001	-0.0020	-1.3804	-0.0023
8.1200	0.0000	0.0002	-1.3764	-0.0036
8.1205	-0.0004	-0.0005	-1.3487	0.0039
8.1210	-0.0001	0.0009	-1.3209	-0.0058
8.1215	0.0001	0.0039	-1.3243	-0.0013
8.1220	-0.0004	0.0002	-1.3212	-0.0014
8.1225	0.0003	-0.0035	-1.2906	-0.0046
8.1230	-0.0000	0.0006	-1.2616	-0.0048
8.1235	0.0002	-0.0035	-1.2563	0.0026
8.1240	0.0004	-0.0053	-1.2591	0.0017
8.1245	-0.0002	-0.0016	-1.2333	-0.0043
8.1250	-0.0001	0.0036	-1.2002	0.0019
8.1255	0.0004	-0.0002	-1.1935	-0.0067
8.1260	0.0003	-0.0035	-1.1953	-0.0059
8.1265	0.0000	-0.0025	-1.1738	-0.0054
8.1270	-0.0001	-0.0014	-1.1378	0.0014
8.1275	-0.0002	-0.0049	-1.1239	-0.0068
8.1280	0.0003	0.0008	-1.1289	-0.0059
8.1285	-0.0002	-0.0000	-1.1076	-0.0012
8.1290	0.0002	0.0034	-1.0730	0.0007
8.1295	0.0001	-0.0002	-1.0532	-0.0061
8.1300	0.0001	-0.0026	-1.0571	-0.0038
8.1305	0.0000	-0.0018	-1.0392	-0.0006
8.1310	0.0001	-0.0008	-1.0037	-0.0030
8.1315	0.0000	0.0035	-0.9833	-0.0038
8.1320	0.0002	-0.0022	-0.9800	-0.0012
8.1325	0.0001	0.0032	-0.9679	0.0012
8.1330	0.0004	-0.0002	-0.9354	-0.0028
8.1335	0.0002	-0.0009	-0.9092	0.0004
8.1340	0.0002	0.0033	-0.9012	0.0025
8.1345	0.0002	-0.0031	-0.8949	0.0036
8.1350	-0.0000	0.0004	-0.8602	-0.0017
8.1355	0.0000	0.0009	-0.8310	0.0026
8.1360	0.0001	0.0016	-0.8226	0.0018
8.1365	0.0001	-0.0008	-0.8156	0.0039
8.1370	0.0005	-0.0018	-0.7894	-0.0006
8.1375	0.0002	-0.0040	-0.7526	0.0036
8.1380	-0.0000	0.0003	-0.7424	-0.0012
8.1385	0.0000	0.0009	-0.7352	-0.0005
8.1390	-0.0000	-0.0041	-0.7084	0.0066
8.1395	-0.0000	-0.0002	-0.6742	0.0025
8.1400	0.0000	-0.0044	-0.6596	-0.0007
8.1405	0.0005	0.0003	-0.6513	-0.0004
8.1410	0.0003	-0.0003	-0.6270	0.0032
8.1415	0.0004	-0.0046	-0.5925	-0.0001
8.1420	0.0005	0.0020	-0.5714	0.0014
8.1425	0.0003	-0.0002	-0.5638	0.0024
8.1430	0.0005	0.0016	-0.5453	0.0011
8.1435	0.0004	0.0015	-0.5101	0.0016
8.1440	0.0005	0.0011	-0.4860	0.0041
8.1445	0.0000	0.0007	-0.4767	0.0025
8.1450	0.0003	0.0020	-0.4607	0.0017
8.1455	0.0006	-0.0055	-0.4262	-0.0017
8.1460	0.0005	-0.0000	-0.3996	-0.0020
8.1465	0.0007	0.0006	-0.3857	0.0049
8.1470	0.0005	0.0016	-0.3743	-0.0015
8.1475	0.0000	-0.0013	-0.3397	-0.0028
8.1480	0.0005	0.0024	-0.3132	0.0020
8.1485	-0.0002	-0.0036	-0.2999	0.0057
8.1490	-0.0000	-0.0025	-0.2823	0.0020
8.1495	0.0007	0.0015	-0.2551	0.0011
8.1500	0.0008	-0.0018	-0.2241	0.0007
8.1505	0.0005	-0.0021	-0.2099	0.0000
8.1510	0.0006	0.0019	-0.1962	0.0010
8.1515	0.0001	-0.0002	-0.1693	-0.0003
8.1520	0.0006	-0.0021	-0.1399	0.0005
8.1525	0.0006	-0.0017	-0.1197	0.0024
8.1530	0.0004	-0.0013	-0.1051	-0.0016
8.1535	0.0005	0.0009	-0.0837	0.0021
8.1540	0.0004	-0.0037	-0.0539	-0.0015
8.1545	0.0006	-0.0006	-0.0337	0.0072
8.1550	0.0008	-0.0012	-0.0173	0.0035
8.1555	0.0004	-0.0020	0.0009	0.0083
8.1560	0.0007	-0.0003	0.0192	0.0057
8.1565	0.0006	-0.0020	0.0385	0.0063
8.1570	0.0005	-0.0061	0.0688	0.0050
8.1575	0.0005	0.0032	0.0948	0.0035
8.1580	0.0007	-0.0073	0.1113	0.0036
8.1585	0.0008	-0.0030	0.1302	0.0042
8.1590	0.0009	-0.0022	0.1596	0.0068
8.1595	0.0003	0.0001	0.1859	0.0031
8.1600	0.0003	-0.0006	0.2011	0.0121
8.1605	0.0005	-0.0008	0.2167	-0.0031
8.1610	0.0006	-0.0040	0.2425	0.0069
8.1615	0.0012	0.0022	0.2697	0.0029
8.1620	0.0005	-0.0002	0.2857	0.0062
8.1625	0.0009	-0.0026	0.3048	0.0042
8.1630	0.0006	-0.0000	0.3300	0.0050
8.1635	0.0011	0.0033	0.3561	0.0068
8.1640	0.0002	-0.0019	0.3705	0.0046
8.1645	0.0005	-0.0009	0.3916	0.0036
8.1650	0.0009	-0.0008	0.4154	0.0053
8.1655	0.0009	-0.0002	0.4396	0.0056
8.1660	0.0009	-0.0035	0.4589	0.0041
8.1665	0.0005	0.0004	0.4738	0.0051
8.1670	0.0009	-0.0050	0.4992	0.0056
8.1675	0.0007	-0.0038	0.5229	0.0087
8.1680	0.0009	0.0013	0.5443	0.0067
8.1685	0.0008	-0.0042	0.5600	0.0113
8.1690	0.0012	-0.0009	0.5799	0.0019
8.1695	0.0005	-0.0015	0.6061	0.0119
8.1700	0.0008	-0.0008	0.6227	0.0082
8.1705	0.0007	-0.0024	0.6393	0.0055
8.1710	0.0009	-0.0029	0.6616	0.0072
8.1715	0.0008	0.0009	0.6871	0.0026
8.1720	0.0006	-0.0024	0.7034	0.0076
8.1725	0.0005	-0.0047	0.7209	0.0035
8.1730	0.0007	0.0025	0.7407	0.0086
8.1735	0.0009	-0.0016	0.7631	-0.0012
8.1740	0.0008	0.0001	0.7840	-0.0004
8.1745	0.0006	0.0001	0.7968	0.0093
8.1750	0.0006	0.0042	0.8062	0.0060
8.1755	0.0012	-0.0020	0.8262	0.0084
8.1760	0.0010	0.0009	0.8646	-0.0001
8.1765	0.0009	-0.0002	0.8857	0.0115
8.1770	0.0008	0.0011	0.8867	0.0090
8.1775	0.0011	-0.0000	0.8999	0.0028
8.1780	0.0006	-0.0018	0.9350	0.0036
8.1785	0.0011	0.0009	0.9587	0.0045
8.1790	0.0007	-0.0057	0.9684	0.0031
8.1795	0.0006	0.0017	0.9832	-0.0027
8.1800	0.0010	0.0010	1.0122	0.0076
8.1805	0.0011	-0.0060	1.0408	-0.0005
8.1810	0.0005	0.0014	1.0419	0.0105
8.1815	0.0012	-0.0018	1.0510	0.0022
8.1820	0.0012	-0.0021	1.0623	0.0074
8.1825	0.0010	-0.0020	1.0838	0.0115
8.1830	0.0010	-0.0030	1.1286	0.0119
8.1835	0.0008	-0.0021	1.1249	0.0060
8.1840	0.0017	-0.0003	1.1217	0.0088
8.1845	0.0011	-0.0014	1.1332	0.0061
8.1850	0.0010	-0.0027	1.1877	0.0143
8.1855	0.0006	0.0003	1.2341	0.0043
8.1860	0.0007	-0.0026	1.2124	0.0078
8.1865	0.0009	-0.0041	1.1959	0.0095
8.1870	0.0014	-0.0041	1.2426	0.0091
8.1875	0.0011	-0.0017	1.2925	0.0043
8.1880	0.0007	-0.0055	1.2820	0.0097
8.1885	0.0008	-0.0014	1.2586	0.0135
8.1890	0.0014	-0.0007	1.2972	0.0083
8.1895	0.0010	-0.0003	1.3513	0.0102
8.1900	0.0009	-0.0018	1.3479	0.0132
8.1905	0.0010	-0.0007	1.3191	0.0039
8.1910	0.0016	-0.0021	1.3450	0.0070
8.1915	0.0008	-0.0002	1.4030	0.0073
8.1920	0.0009	-0.0005	1.4111	0.0062
8.1925	0.0011	-0.0015	1.3799	0.0072
8.1930	0.0015	0.0005	1.3923	0.0047
8.1935	0.0010	-0.0061	1.4473	0.0108
8.1940	0.0012	0.0015	1.4649	0.0174
8.1945	0.0013	-0.0030	1.4392	0.0100
8.1950	0.0015	0.0011	1.4404	0.0090
8.1955	0.0014	-0.0027	1.4879	0.0114
8.1960	0.0011	0.0004	1.5158	0.0141
8.1965	0.0013	-0.0050	1.4923	0.0071
8.1970	0.0013	-0.0046	1.4823	0.0105
8.1975	0.0012	0.0007	1.5234	0.0082
8.1980	0.0010	0.0035	1.5573	0.0092
8.1985	0.0013	0.0006	1.5397	0.0087
8.1990	0.0012	-0.0030	1.5225	0.0000
8.1995	0.0013	0.0014	1.5563	0.0065
8.2000	0.0010	-0.0023	1.5958	0.0094
8.2005	0.0013	-0.0026	1.5857	0.0143
8.2010	0.0012	0.0033	1.5629	0.0122
8.2015	0.0015	-0.0008	1.5886	0.0080
8.2020	0.0014	0.0012	1.6297	0.0056
8.2025	0.0011	-0.0031	1.6238	0.0120
8.2030	0.0014	-0.0002	1.6019	0.0059
8.2035	0.0011	-0.0052	1.6155	0.0126
8.2040	0.0013	-0.0031	1.6569	0.0093
8.2045	0.0014	0.0010	1.6612	0.0082
8.2050	0.0016	0.0007	1.6343	0.0105
8.2055	0.0015	-0.0032	1.6395	0.0126
8.2060	0.0012	-0.0017	1.6792	0.0118
8.2065	0.0009	-0.0027	1.6919	0.0079
8.2070	0.0009	-0.0000	1.6654	0.0121
8.2075	0.0012	-0.0042	1.6618	0.0078
8.2080	0.0011	-0.0013	1.6978	0.0188
8.2085	0.0011	-0.0018	1.7174	0.0131
8.2090	0.0014	-0.0004	1.6923	0.0128
8.2095	0.0015	-0.0027	1.6788	0.0125
8.2100	0.0010	0.0011	1.7122	0.0083
8.2105	0.0011	-0.0001	1.7329	0.0098
8.2110	0.0014	-0.0002	1.7138	0.0111
8.2115	0.0014	0.0009	1.6952	0.0114
8.2120	0.0014	-0.0020	1.7180	0.0084
8.2125	0.0015	0.0017	1.7461	0.0145
8.2130	0.0013	-0.0023	1.7298	0.0100
8.2135	0.0010	-0.0035	1.7074	0.0122
8.2140	0.0013	0.0006	1.7216	0.0157
8.2145	0.0013	-0.0018	1.7486	0.0097
8.2150	0.0015	0.0004	1.7404	0.0097
8.2155	0.0013	0.0010	1.7140	0.0124
8.2160	0.0015	0.0010	1.7212	0.0105
8.2165	0.0015	-0.0007	1.7506	0.0048
8.2170	0.0015	-0.0026	1.7467	0.0107
8.2175	0.0013	-0.0014	1.7151	0.0104
8.2180	0.0017	-0.0041	1.7179	0.0118
8.2185	0.0012	0.0051	1.7454	0.0092
8.2190	0.0018	-0.0006	1.7433	0.0102
8.2195	0.0016	0.0004	1.7135	0.0092
8.2200	0.0014	0.0014	1.7110	0.0098
8.2205	0.0015	0.0021	1.7352	0.0041
8.2210	0.0017	-0.0008	1.7422	0.0171
8.2215	0.0015	0.0006	1.7120	0.0107
8.2220	0.0017	-0.0032	1.7006	0.0161
8.2225	0.0012	-0.0031	1.7200	0.0073
8.2230	0.0014	0.0006	1.7313	0.0081
8.2235	0.0011	-0.0042	1.7049	0.0146
8.2240	0.0016	-0.0013	1.6871	0.0112
8.2245	0.0015	0.0020	1.7033	0.0067
8.2250	0.0017	0.0018	1.7144	0.0130
8.2255	0.0015	-0.0019	1.6926	0.0138
8.2260	0.0013	0.0005	1.6677	0.0135
8.2265	0.0019	-0.0007	1.6814	0.0130
8.2270	0.0014	-0.0002	1.6957	0.0157
8.2275	0.0016	-0.0001	1.6759	0.0135
8.2280	0.0013	-0.0042	1.6475	0.0157
8.2285	0.0013	-0.0014	1.6533	0.0167
8.2290	0.0011	-0.0010	1.6696	0.0129
8.2295	0.0012	-0.0005	1.6535	0.0133
8.2300	0.0016	-0.0011	1.6267	0.0122
8.2305	0.0015	-0.0013	1.6241	0.0120
8.2310	0.0013	0.0022	1.6390	0.0087
8.2315	0.0014	0.0026	1.6249	0.0133
8.2320	0.0015	0.0039	1.6003	0.0091
8.2325	0.0017	0.0022	1.5897	0.0046
8.2330	0.0015	-0.0029	1.5979	0.0073
8.2335	0.0012	-0.0026	1.5949	0.0037
8.2340	0.0015	-0.0038	1.5636	0.0136
8.2345	0.0014	0.0001	1.5505	0.0126
8.2350	0.0013	-0.0031	1.5594	0.0151
8.2355	0.0015	0.0020	1.5554	0.0124
8.2360	0.0012	-0.0032	1.5294	0.0181
8.2365	0.0014	0.0004	1.5079	0.0146
8.2370	0.0012	-0.0014	1.5128	0.0081
8.2375	0.0015	-0.0016	1.5112	0.0046
8.2380	0.0012	-0.0005	1.4832	0.0048
8.2385	0.0012	-0.0029	1.4628	0.0142
8.2390	0.0013	-0.0017	1.4638	0.0095
8.2395	0.0011	-0.0019	1.4630	0.0149
8.2400	0.0013	-0.0005	1.4406	0.0123
8.2405	0.0012	0.0001	1.4113	0.0146
8.2410	0.0010	-0.0015	1.4088	0.0140
8.2415	0.0016	-0.0042	1.4142	0.0107
8.2420	0.0014	-0.0024	1.3926	0.0120
8.2425	0.0015	-0.0005	1.3615	0.0092
8.2430	0.0015	-0.0025	1.3531	0.0118
8.2435	0.0012	-0.0039	1.3575	0.0098
8.2440	0.0018	0.0021	1.3379	0.0087
8.2445	0.0013	0.0031	1.3049	0.0111
8.2450	0.0011	-0.0023	1.2951	0.0050
8.2455	0.0012	-0.0017	1.2963	0.0107
8.2460	0.0017	0.0006	1.2828	0.0062
8.2465	0.0014	-0.0013	1.2476	0.0115
8.2470	0.0013	0.0009	1.2314	0.0053
8.2475	0.0016	-0.0031	1.2350	0.0099
8.2480	0.0017	-0.0001	1.2224	0.0067
8.2485	0.0012	0.0004	1.1910	0.0090
8.2490	0.0014	0.0032	1.1685	0.0091
8.2495	0.0014	0.0006	1.1667	0.0118
8.2500	0.0013	0.0004	1.1558	0.0052
8.2505	0.0014	-0.0023	1.1260	0.0119
8.2510	0.0012	-0.0001	1.1016	0.0092
8.2515	0.0010	-0.0009	1.0970	0.0120
8.2520	0.0008	-0.0026	1.0867	0.0119
8.2525	0.0009	0.0011	1.0585	0.0119
8.2530	0.0011	0.0017	1.0303	0.0141
8.2535	0.0015	-0.0000	1.0245	0.0089
8.2540	0.0015	0.0015	1.0159	0.0165
8.2545	0.0013	0.0007	0.9896	0.0093
8.2550	0.0013	0.0019	0.9576	0.0121
8.2555	0.0009	-0.0016	0.9453	0.0108
8.2560	0.0011	0.0015	0.9375	0.0051
8.2565	0.0010	0.0011	0.9163	0.0031
8.2570	0.0015	-0.0032	0.8834	0.0029
8.2575	0.0013	-0.0015	0.8679	0.0088
8.2580	0.0010	0.0034	0.8594	0.0070
8.2585	0.0013	-0.0035	0.8394	0.0117
8.2590	0.0012	-0.0009	0.8081	0.0067
8.2595	0.0015	-0.0011	0.7855	0.0109
8.2600	0.0019	-0.0016	0.7778	0.0083
8.2605	0.0011	-0.0067	0.7615	0.0037
8.2610	0.0014	0.0010	0.7266	0.0035
8.2615	0.0012	0.0018	0.7052	0.0110
8.2620	0.0007	0.0001	0.6982	0.0084
8.2625	0.0012	-0.0025	0.6822	0.0095
8.2630	0.0016	0.0036	0.6476	0.0036
8.2635	0.0009	-0.0006	0.6213	0.0144
8.2640	0.0011	0.0020	0.6135	0.0130
8.2645	0.0008	-0.0039	0.6010	0.0071
8.2650	0.0010	0.0009	0.5669	0.0077
8.2655	0.0011	0.0039	0.5397	0.0010
8.2660	0.0012	-0.0002	0.5283	0.0028
8.2665	0.0009	-0.0020	0.5138	0.0077
8.2670	0.0009	-0.0006	0.4876	0.0045
8.2675	0.0010	0.0009	0.4559	0.0113
8.2680	0.0009	0.0015	0.4411	0.0018
8.2685	0.0010	-0.0006	0.4266	0.0059
8.2690	0.0009	-0.0019	0.4016	0.0034
8.2695	0.0012	0.0037	0.3710	0.0082
8.2700	0.0013	0.0021	0.3529	0.0081
8.2705	0.0010	-0.0032	0.3405	0.0045
8.2710	0.0012	0.0027	0.3161	0.0084
8.2715	0.0011	-0.0032	0.2864	0.0059
8.2720	0.0007	0.0004	0.2640	0.0053
8.2725	0.0007	0.0018	0.2507	0.0056
8.2730	0.0006	0.0033	0.2297	0.0041
8.2735	0.0006	0.0030	0.1996	0.0070
8.2740	0.0005	-0.0008	0.1755	0.0025
8.2745	0.0013	0.0010	0.1600	0.0082
8.2750	0.0008	0.0012	0.1390	0.0107
8.2755	0.0008	0.0006	0.1111	0.0094
8.2760	0.0008	-0.0017	0.0868	0.0078
8.2765	0.0008	0.0003	0.0691	0.0040
8.2770	0.0012	0.0027	0.0507	0.0123
8.2775	0.0007	-0.0000	0.0265	0.0139
8.2780	0.0004	0.0018	0.0013	0.0039
8.2785	0.0004	-0.0032	-0.0112	0.0078
8.2790	0.0006	0.0001	-0.0221	0.0053
8.2795	0.0009	-0.0007	-0.0391	0.0000
8.2800	0.0010	0.0004	-0.0731	0.0042
8.2805	0.0011	0.0015	-0.1132	-0.0005
8.2810	0.0011	-0.0032	-0.1393	0.0061
8.2815	0.0011	-0.0016	-0.1450	0.0141
8.2820	0.0010	-0.0011	-0.1598	0.0038
8.2825	0.0006	-0.0044	-0.1955	0.0036
8.2830	0.0009	0.0001	-0.2223	0.0094
8.2835	0.0010	-0.0012	-0.2326	0.0058
8.2840	0.0006	0.0001	-0.2446	0.0067
8.2845	0.0011	0.0005	-0.2777	0.0062
8.2850	0.0007	0.0023	-0.3086	0.0081
8.2855	0.0008	-0.0001	-0.3200	0.0048
8.2860	0.0012	-0.0000	-0.3298	0.0017
8.2865	0.0009	0.0017	-0.3625	0.0058
8.2870	0.0011	-0.0008	-0.3936	0.0004
8.2875	0.0007	0.0011	-0.3967	0.0032
8.2880	0.0007	0.0014	-0.4072	0.0056
8.2885	0.0010	0.0038	-0.4492	0.0025
8.2890	0.0009	-0.0034	-0.4849	0.0050
8.2895	0.0006	-0.0023	-0.4862	0.0062
8.2900	0.0007	-0.0001	-0.4924	0.0081
8.2905	0.0003	-0.0005	-0.5281	0.0050
8.2910	0.0007	-0.0005	-0.5650	0.0017
8.2915	0.0006	0.0009	-0.5715	0.0056
8.2920	0.0003	-0.0052	-0.5750	0.0018
8.2925	0.0005	0.0015	-0.6078	0.0049
8.2930	0.0003	0.0001	-0.6470	0.0055
8.2935	0.0005	-0.0011	-0.6582	0.0076
8.2940	0.0003	0.0001	-0.6570	0.0076
8.2945	0.0008	-0.0041	-0.6838	0.0008
8.2950	0.0006	-0.0017	-0.7260	0.0022
8.2955	0.0005	0.0026	-0.7435	0.0000
8.2960	0.0009	-0.0020	-0.7404	0.0078
8.2965	0.0007	0.0017	-0.7615	0.0082
8.2970	0.0010	0.0006	-0.8019	-0.0028
8.2975	0.0006	0.0014	-0.8241	-0.0021
8.2980	0.0013	0.0006	-0.8206	0.0037
8.2985	0.0005	0.0030	-0.8346	0.0035
8.2990	0.0004	0.0033	-0.8797	0.0034
8.2995	0.0004	-0.0005	-0.8997	-0.0004
8.3000	0.0002	-0.0044	-0.9001	0.0094
8.3005	0.0004	-0.0009	-0.9096	0.0071
8.3010	0.0006	0.0037	-0.9519	0.0040
8.3015	0.0004	-0.0005	-0.9762	0.0003
8.3020	0.0001	0.0002	-0.9764	0.0043
8.3025	0.0007	-0.0008	-0.9802	0.0020
8.3030	0.0004	0.0039	-1.0160	-0.0003
8.3035	0.0007	-0.0000	-1.0487	0.0090
8.3040	0.0006	0.0029	-1.0513	0.0040
8.3045	0.0006	-0.0046	-1.0460	-0.0030
8.3050	0.0008	-0.0024	-1.0736	0.0051
8.3055	0.0002	0.0056	-1.0984	-0.0007
8.3060	0.0005	0.0004	-1.1085	0.0021
8.3065	0.0001	-0.0000	-1.1366	0.0102
8.3070	0.0006	0.0007	-1.1358	-0.0034
8.3075	0.0007	-0.0016	-1.1544	0.0020
8.3080	0.0005	-0.0022	-1.2041	0.0048
8.3085	0.0005	-0.0005	-1.1960	-0.0005
8.3090	0.0001	-0.0001	-1.1834	0.0021
8.3095	0.0003	-0.0011	-1.2308	0.0010
8.3100	0.0006	-0.0032	-1.2726	0.0038
8.3105	0.0005	-0.0005	-1.2625	-0.0009
8.3110	0.0004	0.0003	-1.2498	0.0005
8.3115	0.0005	0.0004	-1.2847	-0.0016
8.3120	0.0005	-0.0021	-1.3279	0.0028
8.3125	0.0004	0.0055	-1.3262	0.0008
8.3130	0.0006	-0.0007	-1.3061	0.0024
8.3135	0.0003	-0.0002	-1.3338	-0.0010
8.3140	0.0004	0.0012	-1.3802	0.0022
8.3145	0.0004	0.0001	-1.3887	0.0029
8.3150	0.0004	-0.0019	-1.3660	0.0058
8.3155	0.0001	0.0028	-1.3793	0.0011
8.3160	0.0007	-0.0019	-1.4285	0.0026
8.3165	0.0003	0.0042	-1.4412	0.0011
8.3170	0.0002	-0.0030	-1.4197	0.0061
8.3175	0.0006	-0.0035	-1.4269	0.0003
8.3180	-0.0003	-0.0036	-1.4719	-0.0003
8.3185	0.0001	-0.0004	-1.4922	0.0038
8.3190	-0.0001	-0.0002	-1.4718	0.0009
8.3195	0.0003	-0.0023	-1.4683	-0.0010
8.3200	0.0001	-0.0023	-1.5090	0.0029
8.3205	-0.0001	-0.0005	-1.5360	0.0052
8.3210	0.0001	-0.0008	-1.5196	-0.0001
8.3215	0.0006	-0.0045	-1.5128	-0.0038
8.3220	0.0002	-0.0017	-1.5447	-0.0001
8.3225	-0.0000	-0.0020	-1.5744	0.0036
8.3230	0.0005	-0.0016	-1.5625	0.0020
8.3235	0.0003	-0.0012	-1.5498	0.0042
8.3240	-0.0002	-0.0015	-1.5791	0.0028
8.3245	0.0003	-0.0008	-1.6097	-0.0046
8.3250	-0.0001	0.0005	-1.6036	0.0019
8.3255	0.0001	-0.0029	-1.5841	0.0042
8.3260	0.0002	-0.0019	-1.6044	0.0036
8.3265	0.0003	0.0001	-1.6367	0.0016
8.3270	0.0000	-0.0038	-1.6338	-0.0028
8.3275	-0.0001	-0.0002	-1.6127	-0.0007
8.3280	0.0003	-0.0028	-1.6264	0.0009
8.3285	-0.0004	-0.0022	-1.6605	-0.0011
8.3290	0.0005	-0.0011	-1.6658	-0.0021
8.3295	0.0000	-0.0003	-1.6404	-0.0001
8.3300	0.0004	0.0015	-1.6441	-0.0014
8.3305	0.0003	-0.0017	-1.6770	-0.0014
8.3310	-0.0001	0.0011	-1.6908	-0.0010
8.3315	0.0001	-0.0007	-1.6667	-0.0089
8.3320	0.0001	-0.0020	-1.6578	-0.0026
8.3325	-0.0001	-0.0037	-1.6911	-0.0032
8.3330	-0.0001	-0.0026	-1.7082	0.0010
8.3335	0.0006	-0.0004	-1.6872	-0.0072
8.3340	0.0002	-0.0012	-1.6745	-0.0043
8.3345	0.0002	-0.0052	-1.6987	-0.0045
8.3350	0.0002	-0.0023	-1.7168	0.0041
8.3355	-0.0000	0.0039	-1.7029	-0.0016
8.3360	0.0001	0.0021	-1.6840	-0.0003
8.3365	0.0001	-0.0018	-1.7009	-0.0026
8.3370	0.0002	-0.0011	-1.7265	0.0050
8.3375	-0.0003	-0.0050	-1.7141	-0.0048
8.3380	0.0000	-0.0009	-1.6907	-0.0024
8.3385	-0.0001	-0.0026	-1.7022	-0.0058
8.3390	-0.0002	-0.0027	-1.7262	0.0022
8.3395	0.0004	-0.0026	-1.7208	-0.0019
8.3400	0.0003	-0.0031	-1.6951	-0.0055
8.3405	-0.0001	0.0014	-1.6982	-0.0028
8.3410	-0.0000	0.0004	-1.7254	-0.0022
8.3415	0.0002	-0.0036	-1.7225	-0.0052
8.3420	0.0002	-0.0010	-1.6952	-0.0040
8.3425	0.0001	-0.0008	-1.6910	-0.0016
8.3430	-0.0000	-0.0002	-1.7137	0.0004
8.3435	-0.0001	0.0010	-1.7150	-0.0050
8.3440	-0.0003	-0.0031	-1.6910	-0.0012
8.3445	0.0001	0.0018	-1.6821	-0.0032
8.3450	0.0004	-0.0068	-1.7010	0.0072
8.3455	0.0003	0.0001	-1.7091	0.0007
8.3460	0.0003	-0.0005	-1.6807	-0.0038
8.3465	-0.0001	-0.0006	-1.6665	-0.0019
8.3470	0.0000	0.0035	-1.6829	-0.0017
8.3475	0.0004	-0.0001	-1.6931	-0.0055
8.3480	-0.0002	0.0017	-1.6697	-0.0046
8.3485	-0.0003	-0.0020	-1.6516	-0.0001
8.3490	0.0001	-0.0014	-1.6635	-0.0001
8.3495	-0.0003	-0.0008	-1.6726	-0.0082
8.3500	0.0001	-0.0044	-1.6424	-0.0012
8.3505	0.0002	-0.0021	-1.6047	-0.0014
8.3510	-0.0002	-0.0005	-1.5985	-0.0050
8.3515	-0.0002	-0.0018	-1.6092	-0.0013
8.3520	-0.0003	-0.0012	-1.5922	-0.0057
8.3525	0.0002	0.0021	-1.5657	0.0040
8.3530	-0.0001	0.0026	-1.5681	-0.0038
8.3535	0.0001	-0.0002	-1.5741	-0.0003
8.3540	-0.0001	0.0014	-1.5640	-0.0026
8.3545	-0.0001	0.0030	-1.5372	0.0012
8.3550	-0.0000	-0.0057	-1.5380	0.0039
8.3555	-0.0001	-0.0038	-1.5469	0.0047
8.3560	0.0001	-0.0002	-1.5363	-0.0026
8.3565	-0.0002	-0.0008	-1.5092	0.0036
8.3570	0.0001	-0.0008	-1.5038	-0.0071
8.3575	-0.0001	0.0011	-1.5113	0.0016
8.3580	-0.0001	-0.0036	-1.5030	-0.0044
8.3585	0.0002	-0.0026	-1.4763	-0.0010
8.3590	0.0003	0.0015	-1.4627	-0.0005
8.3595	-0.0005	0.0006	-1.4670	0.0015
8.3600	-0.0000	-0.0032	-1.4636	-0.0007
8.3605	0.0004	-0.0000	-1.4416	-0.0084
8.3610	-0.0002	-0.0018	-1.4197	0.0022
8.3615	0.0004	-0.0014	-1.4220	0.0016
8.3620	0.0006	-0.0015	-1.4217	-0.0014
8.3625	0.0001	-0.0017	-1.3988	0.0014
8.3630	-0.0001	-0.0007	-1.3755	-0.0037
8.3635	0.0001	-0.0040	-1.3749	-0.0021
8.3640	0.0003	-0.0023	-1.3703	-0.0023
8.3645	0.0001	-0.0020	-1.3515	0.0007
8.3650	0.0000	-0.0041	-1.3292	0.0001
8.3655	0.0002	-0.0014	-1.3213	-0.0038
8.3660	-0.0001	-0.0040	-1.3213	-0.0054
8.3665	0.0003	-0.0002	-1.3041	-0.0079
8.3670	-0.0002	-0.0014	-1.2782	-0.0038
8.3675	0.0002	0.0035	-1.2652	-0.0051
8.3680	-0.0001	-0.0008	-1.2652	-0.0046
8.3685	0.0001	0.0053	-1.2501	-0.0043
8.3690	0.0005	-0.0018	-1.2222	0.0006
8.3695	0.0000	-0.0016	-1.2071	0.0009
8.3700	-0.0002	0.0021	-1.2059	-0.0038
8.3705	0.0003	-0.0012	-1.1931	0.0026
8.3710	-0.0002	-0.0027	-1.1648	-0.0047
8.3715	-0.0002	-0.0000	-1.1434	-0.0021
8.3720	0.0001	-0.0015	-1.1413	-0.0051
8.3725	0.0000	-0.0023	-1.1308	0.0028
8.3730	0.0003	0.0030	-1.1065	0.0017
8.3735	0.0006	-0.0018	-1.0805	-0.0046
8.3740	0.0002	0.0018	-1.0764	-0.0015
8.3745	0.0000	0.0028	-1.0686	0.0034
8.3750	-0.0003	-0.0020	-1.0431	-0.0028
8.3755	0.0004	-0.0009	-1.0159	0.0053
8.3760	-0.0002	-0.0014	-1.0050	-0.0013
8.3765	0.0003	0.0019	-1.0002	-0.0041
8.3770	0.0003	-0.0039	-0.9780	0.0071
8.3775	0.0000	-0.0031	-0.9486	0.0014
8.3780	0.0004	0.0035	-0.9326	-0.0017
8.3785	-0.0001	-0.0010	-0.9259	-0.0021
8.3790	0.0001	-0.0001	-0.9089	-0.0012
8.3795	0.0004	-0.0006	-0.8801	0.0018
8.3800	0.0002	0.0006	-0.8624	-0.0050
8.3805	0.0002	-0.0011	-0.8540	0.0019
8.3810	0.0005	0.0009	-0.8345	0.0045
8.3815	0.0003	0.0021	-0.8060	0.0038
8.3820	0.0005	-0.0050	-0.7869	-0.0001
8.3825	0.0003	0.0011	-0.7774	-0.0016
8.3830	0.0001	0.0004	-0.7619	0.0010
8.3835	0.0005	-0.0021	-0.7343	0.0009
8.3840	0.0004	-0.0057	-0.7130	0.0001
8.3845	0.0002	-0.0029	-0.6971	0.0031
8.3850	0.0008	0.0008	-0.6843	-0.0004
8.3855	0.0002	0.0007	-0.6552	0.0046
8.3860	-0.0001	-0.0002	-0.6317	-0.0027
8.3865	0.0005	0.0015	-0.6188	0.0019
8.3870	0.0004	-0.0005	-0.6042	0.0046
8.3875	0.0001	0.0004	-0.5796	-0.0002
8.3880	0.0002	-0.0003	-0.5527	0.0001
8.3885	0.0004	-0.0040	-0.5361	0.0036
8.3890	0.0002	-0.0019	-0.5212	0.0030
8.3895	-0.0000	0.0006	-0.5013	0.0046
8.3900	0.0002	-0.0002	-0.4738	0.0008
8.3905	-0.0001	-0.0007	-0.4540	0.0001
8.3910	0.0001	-0.0001	-0.4385	0.0001
8.3915	0.0002	-0.0044	-0.4179	-0.0004
8.3920	-0.0001	0.0001	-0.3909	0.0029
8.3925	0.0001	0.0002	-0.3696	0.0030
8.3930	-0.0002	0.0018	-0.3548	0.0063
8.3935	0.0006	-0.0035	-0.3333	0.0027
8.3940	0.0002	0.0018	-0.3095	0.0021
8.3945	0.0005	-0.0011	-0.2857	-0.0001
8.3950	0.0003	0.0013	-0.2696	0.0029
8.3955	0.0004	0.0015	-0.2496	0.0022
8.3960	0.0006	-0.0004	-0.2247	0.0040
8.3965	0.0004	-0.0044	-0.2001	-0.0016
8.3970	0.0005	-0.0003	-0.1838	-0.0004
8.3975	0.0005	0.0013	-0.1654	0.0035
8.3980	0.0003	0.0001	-0.1413	0.0008
8.3985	0.0007	0.0042	-0.1154	0.0068
8.3990	0.0005	0.0004	-0.0991	0.0005
8.3995	0.0003	0.0015	-0.0777	0.0037
8.4000	0.0008	0.0032	-0.0551	0.0012
8.4005	0.0005	0.0036	-0.0352	0.0069
8.4010	0.0008	-0.0092	-0.0154	0.0041
8.4015	0.0006	0.0018	0.0012	0.0052
8.4020	0.0002	-0.0021	0.0168	0.0028
8.4025	0.0004	0.0001	0.0357	0.0078
8.4030	0.0008	0.0006	0.0657	0.0053
8.4035	0.0004	0.0005	0.0931	0.0080
8.4040	0.0006	-0.0046	0.1060	0.0017
8.4045	0.0004	0.0020	0.1252	0.0025
8.4050	0.0007	-0.0025	0.1524	0.0115
8.4055	0.0008	-0.0031	0.1797	0.0050
8.4060	0.0004	0.0008	0.1925	0.0049
8.4065	0.0006	-0.0005	0.2064	0.0004
8.4070	0.0009	-0.0019	0.2308	0.0088
8.4075	0.0007	-0.0018	0.2556	-0.0067
8.4080	0.0006	-0.0026	0.2743	0.0011
8.4085	0.0006	0.0009	0.2929	0.0040
8.4090	0.0004	0.0010	0.3165	0.0005
8.4095	0.0011	-0.0043	0.3371	0.0060
8.4100	0.0006	-0.0039	0.3592	0.0108
8.4105	0.0007	-0.0022	0.3771	0.0062
8.4110	0.0010	0.0002	0.3983	0.0039
8.4115	0.0005	-0.0036	0.4177	0.0059
8.4120	0.0009	-0.0038	0.4385	0.0069
8.4125	0.0010	0.0001	0.4595	0.0038
8.4130	0.0005	0.0010	0.4803	0.0059
8.4135	0.0007	-0.0020	0.4980	0.0077
8.4140	0.0009	-0.0006	0.5191	0.0105
8.4145	0.0007	-0.0036	0.5389	0.0031
8.4150	0.0009	0.0006	0.5599	0.0020
8.4155	0.0004	0.0021	0.5780	0.0074
8.4160	0.0007	0.0001	0.5966	0.0083
8.4165	0.0012	-0.0041	0.6165	0.0098
8.4170	0.0007	-0.0019	0.6371	0.0090
8.4175	0.0008	0.0004	0.6548	0.0053
8.4180	0.0011	-0.0005	0.6731	0.0055
8.4185	0.0008	-0.0000	0.6924	0.0067
8.4190	0.0013	0.0005	0.7125	0.0070
8.4195	0.0006	-0.0030	0.7316	0.0045
8.4200	0.0010	0.0023	0.7516	0.0129
8.4205	0.0008	-0.0002	0.7605	0.0088
8.4210	0.0007	-0.0018	0.7752	0.0078
8.4215	0.0010	-0.0023	0.8086	0.0092
8.4220	0.0009	-0.0002	0.8368	0.0105
8.4225	0.0012	-0.0001	0.8428	0.0063
8.4230	0.0011	0.0015	0.8465	0.0052
8.4235	0.0010	-0.0026	0.8756	0.0038
8.4240	0.0009	-0.0027	0.9144	0.0089
8.4245	0.0006	-0.0010	0.9256	0.0009
8.4250	0.0010	-0.0046	0.9268	0.0061
8.4255	0.0006	0.0018	0.9491	0.0039
8.4260	0.0008	-0.0023	0.9878	0.0125
8.4265	0.0011	0.0016	0.9962	0.0101
8.4270	0.0005	-0.0025	0.9969	0.0059
8.4275	0.0009	-0.0010	1.0139	0.0073
8.4280	0.0009	-0.0026	1.0463	0.0172
8.4285	0.0008	-0.0044	1.0519	0.0102
8.4290	0.0013	-0.0001	1.0397	0.0066
8.4295	0.0012	-0.0046	1.0892	0.0069
8.4300	0.0012	-0.0027	1.1124	0.0058
8.4305	0.0011	0.0011	1.1152	0.0090
8.4310	0.0011	0.0015	1.0970	0.0093
8.4315	0.0013	-0.0014	1.1353	-0.0010
8.4320	0.0009	-0.0017	1.2082	0.0121
8.4325	0.0007	0.0019	1.2006	0.0051
8.4330	0.0007	-0.0004	1.1626	0.0100
8.4335	0.0010	0.0030	1.1879	0.0129
8.4340	0.0007	0.0006	1.2613	0.0087
8.4345	0.0013	-0.0002	1.2689	0.0092
8.4350	0.0011	-0.0023	1.2253	0.0067
8.4355	0.0009	-0.0002	1.2367	0.0107
8.4360	0.0012	-0.0008	1.3070	0.0120
8.4365	0.0013	-0.0019	1.3298	0.0094
8.4370	0.0008	0.0016	1.2921	0.0120
8.4375	0.0009	0.0001	1.2878	0.0112
8.4380	0.0010	-0.0026	1.3522	0.0065
8.4385	0.0012	-0.0032	1.3851	0.0061
8.4390	0.0013	-0.0001	1.3498	0.0099
8.4395	0.0016	-0.0041	1.3388	0.0132
8.4400	0.0013	-0.0017	1.3932	0.0060
8.4405	0.0015	-0.0005	1.4339	0.0079
8.4410	0.0014	-0.0020	1.4097	0.0091
8.4415	0.0012	-0.0023	1.3874	0.0079
8.4420	0.0014	0.0001	1.4304	0.0094
8.4425	0.0011	0.0015	1.4762	0.0062
8.4430	0.0010	0.0012	1.4582	0.0087
8.4435	0.0013	-0.0054	1.4298	0.0081
8.4440	0.0012	-0.0014	1.4646	0.0076
8.4445	0.0011	-0.0048	1.5140	0.0140
8.4450	0.0016	-0.0041	1.5064	0.0068
8.4455	0.0013	-0.0003	1.4725	0.0069
8.4460	0.0009	-0.0018	1.4980	0.0097
8.4465	0.0011	-0.0000	1.5476	0.0099
8.4470	0.0010	0.0006	1.5466	0.0083
8.4475	0.0011	-0.0020	1.5133	0.0129
8.4480	0.0012	-0.0055	1.5231	0.0105
8.4485	0.0013	-0.0028	1.5773	0.0068
8.4490	0.0013	0.0003	1.5866	0.0111
8.4495	0.0017	-0.0025	1.5485	0.0105
8.4500	0.0016	-0.0011	1.5478	0.0083
8.4505	0.0012	0.0006	1.6006	0.0139
8.4510	0.0011	-0.0014	1.6179	0.0146
8.4515	0.0014	-0.0038	1.5847	0.0066
8.4520	0.0014	0.0020	1.5735	0.0087
8.4525	0.0016	-0.0025	1.6166	0.0140
8.4530	0.0013	0.0010	1.6431	0.0099
8.4535	0.0015	-0.0005	1.6133	0.0087
8.4540	0.0012	0.0009	1.5967	0.0103
8.4545	0.0013	0.0017	1.6309	0.0114
8.4550	0.0007	0.0003	1.6611	0.0058
8.4555	0.0012	-0.0020	1.6387	0.0174
8.4560	0.0013	0.0005	1.6127	0.0159
8.4565	0.0014	-0.0027	1.6403	0.0111
8.4570	0.0012	-0.0023	1.6758	0.0069
8.4575	0.0011	-0.0011	1.6584	0.0047
8.4580	0.0017	-0.0000	1.6278	0.0122
8.4585	0.0013	-0.0034	1.6457	0.0110
8.4590	0.0014	0.0030	1.6830	0.0114
8.4595	0.0016	-0.0041	1.6721	0.0191
8.4600	0.0013	-0.0027	1.6405	0.0119
8.4605	0.0017	-0.0036	1.6459	0.0102
8.4610	0.0013	-0.0006	1.6869	0.0092
8.4615	0.0018	-0.0002	1.6838	0.0215
8.4620	0.0013	0.0012	1.6484	0.0134
8.4625	0.0015	-0.0022	1.6457	0.0076
8.4630	0.0008	-0.0008	1.6833	0.0159
8.4635	0.0015	0.0018	1.6892	0.0136
8.4640	0.0015	0.0007	1.6540	0.0134
8.4645	0.0014	-0.0011	1.6428	0.0089
8.4650	0.0012	-0.0023	1.6755	0.0165
8.4655	0.0011	-0.0013	1.6906	0.0110
8.4660	0.0011	-0.0013	1.6559	0.0093
8.4665	0.0012	0.0006	1.6359	0.0115
8.4670	0.0013	0.0029	1.6601	0.0135
8.4675	0.0016	0.0024	1.6824	0.0119
8.4680	0.0013	0.0010	1.6543	0.0100
8.4685	0.0011	-0.0008	1.6277	0.0135
8.4690	0.0015	0.0012	1.6468	0.0019
8.4695	0.0016	-0.0020	1.6664	0.0058
8.4700	0.0017	0.0009	1.6444	0.0065
8.4705	0.0017	-0.0032	1.6143	0.0070
8.4710	0.0015	0.0021	1.6245	0.0100
8.4715	0.0014	-0.0020	1.6494	0.0107
8.4720	0.0016	-0.0029	1.6339	0.0109
8.4725	0.0017	-0.0010	1.5998	0.0083
8.4730	0.0012	0.0035	1.6021	0.0090
8.4735	0.0015	0.0004	1.6269	0.0138
8.4740	0.0015	-0.0020	1.6153	0.0040
8.4745	0.0017	0.0006	1.5793	0.0090
8.4750	0.0014	0.0001	1.5734	0.0110
8.4755	0.0013	-0.0005	1.5963	0.0108
8.4760	0.0011	-0.0004	1.5912	0.0129
8.4765	0.0019	-0.0007	1.5575	0.0131
8.4770	0.0013	0.0025	1.5441	0.0115
8.4775	0.0013	-0.0016	1.5625	0.0143
8.4780	0.0014	-0.0024	1.5632	0.0122
8.4785	0.0017	-0.0011	1.5329	0.0072
8.4790	0.0015	-0.0023	1.5132	0.0167
8.4795	0.0017	-0.0010	1.5244	0.0060
8.4800	0.0014	0.0001	1.5310	0.0173
8.4805	0.0011	-0.0025	1.5007	0.0123
8.4810	0.0014	-0.0026	1.4738	0.0201
8.4815	0.0014	0.0024	1.4831	0.0101
8.4820	0.0012	0.0021	1.4902	0.0136
8.4825	0.0012	-0.0031	1.4636	0.0082
8.4830	0.0011	-0.0017	1.4357	0.0104
8.4835	0.0014	0.0024	1.4372	0.0098
8.4840	0.0015	0.0029	1.4475	0.0132
8.4845	0.0013	-0.0023	1.4242	0.0074
8.4850	0.0012	0.0001	1.3909	0.0141
8.4855	0.0013	0.0005	1.3855	0.0058
8.4860	0.0013	-0.0019	1.3983	0.0109
8.4865	0.0012	-0.0032	1.3825	0.0133
8.4870	0.0010	-0.0001	1.3470	0.0072
8.4875	0.0013	-0.0039	1.3375	0.0083
8.4880	0.0014	-0.0017	1.3449	0.0141
8.4885	0.0013	-0.0022	1.3329	0.0074
8.4890	0.0016	-0.0049	1.2970	0.0114
8.4895	0.0012	-0.0017	1.2830	0.0094
8.4900	0.0015	-0.0042	1.2914	0.0108
8.4905	0.0015	0.0027	1.2814	0.0135
8.4910	0.0017	-0.0011	1.2457	0.0117
8.4915	0.0015	-0.0013	1.2263	0.0103
8.4920	0.0011	-0.0014	1.2335	0.0092
8.4925	0.0011	-0.0016	1.2247	0.0046
8.4930	0.0012	-0.0020	1.1920	0.0126
8.4935	0.0014	0.0012	1.1640	0.0144
8.4940	0.0010	-0.0060	1.1644	0.0135
8.4945	0.0009	-0.0002	1.1643	0.0105
8.4950	0.0012	-0.0027	1.1329	0.0105
8.4955	0.0011	-0.0030	1.1017	0.0129
8.4960	0.0014	-0.0008	1.1009	0.0099
8.4965	0.0014	-0.0026	1.1007	0.0047
8.4970	0.0011	-0.0041	1.0712	0.0114
8.4975	0.0014	-0.0012	1.0385	0.0060
8.4980	0.0013	-0.0011	1.0274	0.0062
8.4985	0.0013	0.0006	1.0308	0.0090
8.4990	0.0009	-0.0031	1.0071	0.0056
8.4995	0.0012	-0.0035	0.9693	0.0089
8.5000	0.0015	-0.0002	0.9591	0.0107
8.5005	0.0015	-0.0020	0.9602	0.0120
8.5010	0.0012	0.0009	0.9393	0.0094
8.5015	0.0011	0.0032	0.8990	0.0122
8.5020	0.0015	0.0014	0.8825	0.0092
8.5025	0.0011	-0.0012	0.8838	0.0067
8.5030	0.0012	-0.0040	0.8685	0.0146
8.5035	0.0014	-0.0011	0.8309	0.0160
8.5040	0.0012	-0.0014	0.8102	0.0055
8.5045	0.0010	-0.0029	0.8062	0.0145
8.5050	0.0009	0.0013	0.7953	0.0037
8.5055	0.0013	0.0003	0.7594	0.0079
8.5060	0.0011	-0.0019	0.7331	0.0099
8.5065	0.0012	0.0024	0.7278	0.0068
8.5070	0.0010	-0.0024	0.7171	0.0107
8.5075	0.0012	-0.0036	0.6848	0.0081
8.5080	0.0011	-0.0002	0.6553	0.0081
8.5085	0.0004	-0.0037	0.6482	0.0100
8.5090	0.0010	-0.0011	0.6402	0.0093
8.5095	0.0009	-0.0024	0.6085	0.0090
8.5100	0.0011	-0.0002	0.5783	0.0063
8.5105	0.0010	-0.0020	0.5640	0.0070
8.5110	0.0015	-0.0030	0.5566	0.0072
8.5115	0.0010	-0.0002	0.5345	0.0082
8.5120	0.0011	0.0001	0.4979	0.0058
8.5125	0.0010	-0.0043	0.4825	0.0073
8.5130	0.0015	-0.0029	0.4753	0.0065
8.5135	0.0007	-0.0006	0.4548	0.0073
8.5140	0.0011	-0.0016	0.4193	0.0035
8.5145	0.0010	-0.0038	0.3986	0.0065
8.5150	0.0010	0.0015	0.3886	0.0057
8.5155	0.0012	-0.0011	0.3709	0.0097
8.5160	0.0011	-0.0020	0.3383	0.0065
8.5165	0.0009	-0.0025	0.3114	0.0053
8.5170	0.0011	-0.0000	0.3028	0.0091
8.5175	0.0011	0.0006	0.2867	0.0017
8.5180	0.0007	-0.0023	0.2557	0.0084
8.5185	0.0008	-0.0007	0.2278	0.0029
8.5190	0.0013	0.0020	0.2133	0.0097
8.5195	0.0006	0.0005	0.1973	0.0099
8.5200	0.0015	-0.0011	0.1708	0.0100
8.5205	0.0008	0.0009	0.1452	0.0125
8.5210	0.0007	0.0030	0.1267	0.0087
8.5215	0.0006	0.0022	0.1130	0.0100
8.5220	0.0011	-0.0008	0.0889	0.0094
8.5225	0.0013	0.0010	0.0606	0.0073
8.5230	0.0010	-0.0009	0.0419	0.0063
8.5235	0.0011	-0.0055	0.0265	0.0051
8.5240	0.0009	-0.0020	0.0044	0.0027
8.5245	0.0008	-0.0010	-0.0139	0.0059
8.5250	0.0008	-0.0021	-0.0205	0.0024
8.5255	0.0007	-0.0021	-0.0372	0.0121
8.5260	0.0008	-0.0014	-0.0708	0.0019
8.5265	0.0010	-0.0024	-0.1098	0.0128
8.5270	0.0008	0.0017	-0.1327	0.0005
8.5275	0.0006	-0.0033	-0.1383	0.0050
8.5280	0.0007	-0.0023	-0.1561	0.0073
8.5285	0.0007	-0.0032	-0.1877	0.0094
8.5290	0.0004	-0.0033	-0.2143	0.0038
8.5295	0.0005	-0.0038	-0.2217	0.0051
8.5300	0.0006	0.0018	-0.2339	0.0046
8.5305	0.0010	-0.0023	-0.2680	0.0016
8.5310	0.0008	0.0023	-0.2969	0.0061
8.5315	0.0006	0.0012	-0.3072	0.0100
8.5320	0.0003	-0.0027	-0.3179	-0.0030
8.5325	0.0004	-0.0057	-0.3486	0.0021
8.5330	0.0009	-0.0007	-0.3759	0.0074
8.5335	0.0008	0.0003	-0.3832	0.0060
8.5340	0.0008	0.0038	-0.3873	0.0094
8.5345	0.0006	-0.0000	-0.4300	0.0020
8.5350	0.0002	-0.0009	-0.4690	0.0038
8.5355	0.0005	-0.0011	-0.4733	0.0017
8.5360	0.0005	-0.0041	-0.4725	0.0086
8.5365	0.0009	0.0009	-0.5071	0.0021
8.5370	0.0005	-0.0040	-0.5485	0.0049
8.5375	0.0008	-0.0008	-0.5555	0.0074
8.5380	0.0008	0.0006	-0.5545	0.0039
8.5385	0.0007	-0.0024	-0.5810	0.0017
8.5390	0.0006	0.0025	-0.6255	0.0108
8.5395	0.0005	-0.0021	-0.6389	0.0047
8.5400	0.0006	-0.0032	-0.6335	0.0050
8.5405	0.0009	-0.0008	-0.6566	0.0006
8.5410	0.0008	0.0007	-0.6998	0.0059
8.5415	0.0007	-0.0055	-0.7190	0.0025
8.5420	0.0005	-0.0020	-0.7131	0.0020
8.5425	0.0001	-0.0064	-0.7299	0.0062
8.5430	0.0004	0.0001	-0.7738	0.0040
8.5435	0.0008	-0.0053	-0.7960	0.0016
8.5440	0.0006	0.0051	-0.7927	0.0020
8.5445	0.0004	0.0012	-0.8025	0.0100
8.5450	0.0003	-0.0017	-0.8430	0.0004
8.5455	0.0007	-0.0018	-0.8707	0.0012
8.5460	0.0004	-0.0041	-0.8670	0.0053
8.5465	0.0001	0.0002	-0.8725	0.0016
8.5470	0.0008	-0.0017	-0.9101	0.0051
8.5475	0.0006	-0.0000	-0.9431	0.0087
8.5480	0.0002	-0.0023	-0.9410	0.0066
8.5485	0.0006	-0.0014	-0.9415	0.0046
8.5490	0.0004	-0.0017	-0.9774	0.0024
8.5495	0.0001	-0.0003	-1.0118	0.0080
8.5500	0.0005	0.0004	-1.0138	0.0027
8.5505	0.0006	-0.0019	-1.0100	0.0018
8.5510	0.0003	-0.0001	-1.0347	0.0027
8.5515	0.0004	-0.0041	-1.0628	0.0039
8.5520	0.0003	-0.0015	-1.0661	0.0046
8.5525	0.0005	0.0004	-1.0627	0.0003
8.5530	0.0004	0.0015	-1.1161	0.0029
8.5535	0.0005	0.0018	-1.1288	-0.0007
8.5540	-0.0000	-0.0014	-1.1142	-0.0005
8.5545	0.0005	-0.0024	-1.1492	0.0068
8.5550	0.0002	-0.0020	-1.1723	0.0027
8.5555	0.0001	0.0034	-1.1729	0.0047
8.5560	0.0004	-0.0010	-1.1933	0.0059
8.5565	0.0002	0.0036	-1.2193	0.0061
8.5570	0.0004	0.0001	-1.2320	0.0009
8.5575	0.0004	-0.0039	-1.2320	0.0058
8.5580	0.0002	-0.0052	-1.2497	0.0057
8.5585	0.0007	0.0017	-1.2739	0.0071
8.5590	0.0005	0.0021	-1.2880	0.0042
8.5595	-0.0002	-0.0023	-1.2908	0.0018
8.5600	0.0002	-0.0022	-1.3011	0.0022
8.5605	0.0002	0.0018	-1.3231	0.0025
8.5610	0.0003	-0.0047	-1.3395	0.0037
8.5615	0.0007	-0.0023	-1.3410	-0.0009
8.5620	0.0003	0.0015	-1.3506	-0.0014
8.5625	0.0003	-0.0035	-1.3703	0.0022
8.5630	0.0003	0.0061	-1.3899	0.0005
8.5635	0.0003	0.0001	-1.3919	0.0026
8.5640	0.0002	-0.0055	-1.3972	0.0006
8.5645	0.0003	0.0008	-1.4125	0.0001
8.5650	0.0006	-0.0032	-1.4348	-0.0024
8.5655	0.0003	-0.0028	-1.4378	-0.0003
8.5660	0.0000	-0.0050	-1.4385	-0.0002
8.5665	0.0006	0.0020	-1.4523	-0.0100
8.5670	0.0003	-0.0063	-1.4745	0.0029
8.5675	-0.0001	-0.0035	-1.4801	0.0008
8.5680	0.0004	-0.0021	-1.4782	0.0040
8.5685	0.0002	-0.0010	-1.4894	0.0069
8.5690	0.0002	-0.0047	-1.5089	0.0029
8.5695	0.0003	-0.0056	-1.5176	-0.0027
8.5700	0.0002	-0.0003	-1.5133	0.0018
8.5705	0.0001	-0.0023	-1.5205	0.0018
8.5710	0.0002	-0.0009	-1.5413	0.0026
8.5715	0.0001	0.0010	-1.5482	-0.0057
8.5720	0.0001	-0.0014	-1.5487	-0.0025
8.5725	-0.0002	-0.0002	-1.5494	0.0034
8.5730	0.0002	-0.0044	-1.5671	-0.0071
8.5735	0.0001	-0.0008	-1.5775	0.0008
8.5740	0.0003	-0.0048	-1.5746	-0.0002
8.5745	0.0002	-0.0002	-1.5735	-0.0107
8.5750	0.0001	-0.0020	-1.5883	0.0000
8.5755	0.0006	0.0002	-1.6006	0.0022
8.5760	0.0003	-0.0015	-1.5995	0.0053
8.5765	0.0003	0.0005	-1.5964	-0.0040
8.5770	0.0004	-0.0004	-1.6056	0.0070
8.5775	0.0007	-0.0021	-1.6177	0.0056
8.5780	-0.0000	-0.0032	-1.6168	0.0020
8.5785	0.0004	-0.0034	-1.6141	-0.0027
8.5790	-0.0001	0.0008	-1.6209	-0.0014
8.5795	0.0006	-0.0030	-1.6328	-0.0032
8.5800	-0.0003	-0.0026	-1.6322	-0.0012
8.5805	0.0002	-0.0014	-1.6277	-0.0017
8.5810	0.0002	-0.0034	-1.6313	-0.0025
8.5815	-0.0000	0.0001	-1.6407	-0.0004
8.5820	-0.0000	-0.0024	-1.6411	-0.0011
8.5825	-0.0001	-0.0003	-1.6392	0.0004
8.5830	0.0002	-0.0008	-1.6395	-0.0052
8.5835	0.0000	-0.0004	-1.6455	-0.0016
8.5840	0.0005	0.0014	-1.6496	-0.0051
8.5845	-0.0003	-0.0016	-1.6443	-0.0021
8.5850	0.0003	-0.0017	-1.6415	-0.0004
8.5855	0.0008	0.0017	-1.6463	0.0065
8.5860	0.0001	0.0025	-1.6513	0.0026
8.5865	-0.0000	-0.0023	-1.6465	0.0011
8.5870	-0.0000	-0.0026	-1.6395	-0.0009
8.5875	-0.0001	-0.0017	-1.6450	-0.0017
8.5880	-0.0001	-0.0032	-1.6479	0.0043
8.5885	-0.0001	-0.0030	-1.6410	-0.0066
8.5890	0.0001	-0.0001	-1.6350	-0.0048
8.5895	0.0003	-0.0040	-1.6382	-0.0031
8.5900	-0.0001	-0.0015	-1.6373	0.0009
8.5905	-0.0002	-0.0016	-1.6344	-0.0022
8.5910	-0.0004	-0.0032	-1.6253	-0.0027
8.5915	0.0002	-0.0016	-1.6237	0.0028
8.5920	-0.0001	-0.0024	-1.6260	-0.0024
8.5925	-0.0000	-0.0012	-1.6205	0.0001
8.5930	0.0004	-0.0004	-1.6117	-0.0026
8.5935	0.0001	-0.0011	-1.6087	-0.0095
8.5940	0.0000	-0.0009	-1.6127	-0.0014
8.5945	-0.0002	-0.0005	-1.6036	-0.0002
8.5950	-0.0001	0.0002	-1.5945	0.0017
8.5955	0.0000	-0.0019	-1.5924	-0.0024
8.5960	-0.0001	-0.0002	-1.5881	0.0032
8.5965	0.0005	-0.0014	-1.5741	-0.0015
8.5970	0.0000	-0.0031	-1.5473	-0.0013
8.5975	0.0001	-0.0006	-1.5317	0.0049
8.5980	0.0000	-0.0039	-1.5278	-0.0078
8.5985	0.0002	-0.0014	-1.5216	0.0001
8.5990	0.0004	0.0004	-1.5096	0.0039
8.5995	0.0001	-0.0047	-1.5039	-0.0034
8.6000	-0.0003	0.0011	-1.4977	-0.0001
8.6005	0.0003	-0.0029	-1.4908	0.0019
8.6010	0.0002	-0.0004	-1.4826	-0.0073
8.6015	-0.0001	-0.0023	-1.4747	-0.0007
8.6020	-0.0001	0.0001	-1.4699	-0.0005
8.6025	-0.0001	0.0013	-1.4603	0.0001
8.6030	0.0002	-0.0038	-1.4519	-0.0012
8.6035	0.0000	-0.0005	-1.4423	0.0022
8.6040	-0.0002	-0.0011	-1.4372	-0.0033
8.6045	0.0003	-0.0016	-1.4284	-0.0014
8.6050	0.0002	-0.0003	-1.4159	-0.0033
8.6055	0.0004	-0.0041	-1.4047	0.0025
8.6060	-0.0002	-0.0016	-1.3968	-0.0062
8.6065	0.0002	-0.0038	-1.3871	-0.0047
8.6070	0.0002	-0.0033	-1.3781	0.0004
8.6075	0.0000	-0.0017	-1.3621	-0.0024
8.6080	-0.0002	-0.0030	-1.3548	0.0026
8.6085	-0.0000	0.0006	-1.3453	-0.0061
8.6090	-0.0002	0.0007	-1.3340	0.0022
8.6095	0.0002	-0.0020	-1.3213	0.0022
8.6100	0.0001	-0.0017	-1.3099	-0.0006
8.6105	-0.0001	-0.0010	-1.3002	-0.0001
8.6110	-0.0002	-0.0063	-1.2857	0.0000
8.6115	0.0000	-0.0014	-1.2726	0.0035
8.6120	-0.0001	0.0006	-1.2607	0.0000
8.6125	-0.0001	-0.0026	-1.2519	-0.0066
8.6130	0.0004	-0.0002	-1.2338	-0.0071
8.6135	0.0002	-0.0013	-1.2193	0.0003
8.6140	0.0003	0.0006	-1.2100	-0.0005
8.6145	0.0002	-0.0005	-1.1960	0.0004
8.6150	0.0001	-0.0025	-1.1799	-0.0006
8.6155	0.0004	-0.0019	-1.1671	-0.0027
8.6160	0.0002	-0.0058	-1.1522	0.0005
8.6165	0.0001	-0.0013	-1.1392	0.0004
8.6170	0.0001	-0.0025	-1.1226	0.0007
8.6175	0.0003	0.0022	-1.1067	0.0018
8.6180	-0.0001	0.0015	-1.0955	-0.0050
8.6185	0.0001	0.0022	-1.0801	0.0059
8.6190	0.0004	0.0017	-1.0630	0.0001
8.6195	0.0004	-0.0008	-1.0470	-0.0011
8.6200	0.0002	-0.0017	-1.0317	-0.0022
8.6205	0.0005	-0.0053	-1.0161	-0.0006
8.6210	0.0004	0.0003	-1.0023	0.0020
8.6215	0.0005	0.0030	-0.9831	-0.0045
8.6220	0.0000	-0.0008	-0.9688	0.0037
8.6225	0.0004	-0.0008	-0.9544	-0.0010
8.6230	0.0004	-0.0027	-0.9355	0.0008
8.6235	0.0001	0.0027	-0.9192	-0.0017
8.6240	0.0005	-0.0030	-0.9010	0.0039
8.6245	0.0002	0.0012	-0.8847	0.0031
8.6250	0.0006	-0.0020	-0.8689	0.0037
8.6255	-0.0000	-0.0022	-0.8487	0.0041
8.6260	0.0001	-0.0011	-0.8312	0.0048
8.6265	0.0000	-0.0027	-0.8140	0.0074
8.6270	0.0001	-0.0002	-0.7998	0.0043
8.6275	0.0004	-0.0008	-0.7786	-0.0016
8.6280	0.0003	-0.0041	-0.7577	-0.0003
8.6285	0.0002	0.0033	-0.7441	-0.0033
8.6290	0.0002	-0.0031	-0.7265	0.0059
8.6295	0.0007	0.0015	-0.7070	0.0042
8.6300	-0.0000	-0.0014	-0.6852	-0.0030
8.6305	0.0005	0.0024	-0.6706	0.0060
8.6310	0.0006	-0.0005	-0.6534	0.0030
8.6315	0.0001	-0.0002	-0.6344	0.0047
8.6320	0.0004	0.0047	-0.6094	0.0001
8.6325	0.0003	-0.0014	-0.5947	0.0041
8.6330	0.0002	-0.0013	-0.5789	0.0065
8.6335	0.0006	0.0015	-0.5572	-0.0019
8.6340	0.0004	-0.0000	-0.5336	0.0049
8.6345	0.0006	0.0051	-0.5176	0.0051
8.6350	0.0003	0.0003	-0.4970	0.0039
8.6355	0.0005	-0.0032	-0.4774	0.0086
8.6360	-0.0002	0.0015	-0.4559	0.0073
8.6365	0.0002	-0.0023	-0.4361	-0.0023
8.6370	0.0005	-0.0020	-0.4200	0.0049
8.6375	0.0007	-0.0005	-0.3989	-0.0037
8.6380	0.0006	0.0015	-0.3769	0.0051
8.6385	0.0003	-0.0042	-0.3560	0.0015
8.6390	0.0008	0.0042	-0.3377	0.0040
8.6395	0.0003	-0.0008	-0.3190	0.0059
8.6400	0.0009	0.0017	-0.2958	0.0021
8.6405	0.0004	-0.0007	-0.2747	0.0062
8.6410	0.0007	-0.0003	-0.2545	0.0046
8.6415	0.0003	-0.0017	-0.2389	0.0001
8.6420	0.0003	-0.0038	-0.2171	0.0061
8.6425	0.0005	-0.0035	-0.1932	0.0010
8.6430	0.0002	0.0004	-0.1754	0.0114
8.6435	0.0006	-0.0001	-0.1566	0.0024
8.6440	0.0006	0.0007	-0.1347	0.0036
8.6445	0.0002	-0.0001	-0.1132	0.0065
8.6450	0.0004	-0.0050	-0.0935	0.0035
8.6455	0.0010	0.0009	-0.0741	0.0083
8.6460	0.0002	0.0037	-0.0534	0.0030
8.6465	0.0008	-0.0052	-0.0332	0.0026
8.6470	0.0007	-0.0036	-0.0143	0.0019
8.6475	0.0003	0.0006	0.0040	0.0068
8.6480	0.0006	-0.0005	0.0183	-0.0035
8.6485	0.0006	-0.0010	0.0347	0.0124
8.6490	0.0005	0.0039	0.0665	0.0066
8.6495	0.0007	-0.0017	0.0894	0.0018
8.6500	0.0007	-0.0030	0.1029	0.0063
8.6505	0.0004	-0.0011	0.1197	0.0060
8.6510	0.0008	-0.0003	0.1464	0.0088
8.6515	0.0004	-0.0055	0.1719	0.0079
8.6520	0.0004	0.0009	0.1830	0.0069
8.6525	0.0007	0.0008	0.1987	0.0088
8.6530	0.0003	-0.0033	0.2197	0.0093
8.6535	0.0008	-0.0023	0.2496	-0.0041
8.6540	0.0004	-0.0012	0.2678	0.0086
8.6545	0.0005	-0.0056	0.2819	0.0072
8.6550	0.0006	-0.0030	0.3000	0.0061
8.6555	0.0003	-0.0033	0.3261	0.0086
8.6560	0.0008	-0.0034	0.3463	0.0041
8.6565	0.0006	-0.0014	0.3609	0.0092
8.6570	0.0004	-0.0027	0.3785	0.0081
8.6575	0.0003	-0.0014	0.4027	0.0060
8.6580	0.0006	-0.0018	0.4259	0.0068
8.6585	0.0008	-0.0040	0.4436	0.0041
8.6590	0.0006	-0.0006	0.4593	0.0062
8.6595	0.0005	0.0006	0.4793	0.0101
8.6600	0.0005	-0.0018	0.5024	0.0057
8.6605	0.0009	0.0045	0.5195	0.0073
8.6610	0.0005	-0.0021	0.5334	0.0071
8.6615	0.0008	-0.0021	0.5555	0.0047
8.6620	0.0008	-0.0061	0.5807	0.0086
8.6625	0.0013	0.0005	0.5963	0.0073
8.6630	0.0007	-0.0032	0.6120	0.0032
8.6635	0.0013	0.0022	0.6312	0.0047
8.6640	0.0009	-0.0019	0.6540	0.0129
8.6645	0.0009	-0.0041	0.6707	0.0173
8.6650	0.0010	-0.0038	0.6840	0.0073
8.6655	0.0010	-0.0020	0.7018	0.0091
8.6660	0.0008	-0.0000	0.7176	0.0111
8.6665	0.0010	0.0024	0.7287	0.0086
8.6670	0.0012	0.0006	0.7589	-0.0010
8.6675	0.0008	-0.0003	0.7870	0.0066
8.6680	0.0007	-0.0029	0.7976	0.0089
8.6685	0.0007	0.0017	0.8085	0.0081
8.6690	0.0010	0.0001	0.8320	0.0042
8.6695	0.0012	-0.0011	0.8633	0.0097
8.6700	0.0012	0.0030	0.8713	0.0036
8.6705	0.0010	-0.0004	0.8764	0.0073
8.6710	0.0012	0.0045	0.8984	0.0073
8.6715	0.0008	-0.0038	0.9307	0.0037
8.6720	0.0008	-0.0047	0.9424	0.0120
8.6725	0.0006	-0.0029	0.9460	0.0091
8.6730	0.0011	-0.0037	0.9621	0.0032
8.6735	0.0008	0.0009	0.9954	0.0063
8.6740	0.0012	-0.0010	1.0069	0.0097
8.6745	0.0011	0.0007	1.0080	0.0115
8.6750	0.0010	-0.0014	1.0112	0.0094
8.6755	0.0007	-0.0022	1.0286	0.0089
8.6760	0.0010	0.0001	1.0748	0.0065
8.6765	0.0006	0.0010	1.0705	0.0077
8.6770	0.0011	-0.0010	1.0747	0.0024
8.6775	0.0009	-0.0038	1.0918	0.0022
8.6780	0.0004	-0.0001	1.1146	0.0072
8.6785	0.0011	-0.0064	1.1596	0.0134
8.6790	0.0007	-0.0003	1.1630	0.0103
8.6795	0.0010	-0.0029	1.1519	0.0060
8.6800	0.0011	0.0015	1.1681	0.0117
8.6805	0.0008	0.0001	1.2108	0.0058
8.6810	0.0011	-0.0039	1.2223	0.0130
8.6815	0.0011	-0.0018	1.2089	0.0056
8.6820	0.0013	0.0039	1.2187	0.0086
8.6825	0.0013	-0.0027	1.2591	0.0051
8.6830	0.0008	0.0005	1.2774	0.0060
8.6835	0.0015	-0.0011	1.2644	0.0140
8.6840	0.0009	0.0015	1.2678	0.0139
8.6845	0.0011	-0.0013	1.3066	0.0107
8.6850	0.0012	-0.0000	1.3268	0.0072
8.6855	0.0007	0.0015	1.3183	0.0138
8.6860	0.0008	-0.0001	1.3160	0.0080
8.6865	0.0009	-0.0027	1.3511	0.0120
8.6870	0.0010	0.0015	1.3773	0.0140
8.6875	0.0009	0.0004	1.3664	0.0087
8.6880	0.0014	0.0002	1.3603	0.0099
8.6885	0.0012	-0.0008	1.3892	0.0041
8.6890	0.0010	-0.0003	1.4162	0.0132
8.6895	0.0015	-0.0037	1.4121	0.0079
8.6900	0.0010	-0.0029	1.3991	0.0139
8.6905	0.0010	0.0019	1.4236	0.0135
8.6910	0.0011	-0.0000	1.4542	0.0047
8.6915	0.0011	-0.0012	1.4524	0.0078
8.6920	0.0013	0.0014	1.4392	0.0109
8.6925	0.0009	-0.0031	1.4538	0.0117
8.6930	0.0012	-0.0028	1.4846	0.0079
8.6935	0.0010	-0.0023	1.4880	0.0076
8.6940	0.0012	0.0004	1.4745	0.0089
8.6945	0.0013	0.0007	1.4828	0.0150
8.6950	0.0013	-0.0005	1.5130	0.0138
8.6955	0.0013	-0.0041	1.5234	0.0095
8.6960	0.0012	-0.0044	1.5077	0.0115
8.6965	0.0009	0.0015	1.5096	0.0105
8.6970	0.0013	0.0008	1.5366	0.0148
8.6975	0.0010	-0.0006	1.5494	0.0053
8.6980	0.0010	-0.0017	1.5346	0.0131
8.6985	0.0012	-0.0008	1.5318	0.0059
8.6990	0.0012	-0.0000	1.5551	0.0095
8.6995	0.0012	0.0003	1.5740	0.0091
8.7000	0.0011	0.0007	1.5622	0.0148
8.7005	0.0012	-0.0001	1.5503	0.0150
8.7010	0.0013	-0.0035	1.5702	0.0133
8.7015	0.0011	0.0034	1.5929	0.0172
8.7020	0.0014	0.0015	1.5805	0.0049
8.7025	0.0012	0.0016	1.5641	0.0105
8.7030	0.0009	-0.0012	1.5816	0.0123
8.7035	0.0010	-0.0023	1.6035	0.0135
8.7040	0.0012	-0.0000	1.5982	0.0131
8.7045	0.0012	-0.0003	1.5793	0.0105
8.7050	0.0013	-0.0026	1.5866	0.0087
8.7055	0.0016	0.0010	1.6099	0.0104
8.7060	0.0010	-0.0037	1.6080	0.0094
8.7065	0.0013	-0.0023	1.5878	0.0118
8.7070	0.0014	-0.0026	1.5934	0.0162
8.7075	0.0013	0.0004	1.6164	0.0125
8.7080	0.0013	0.0009	1.6148	0.0119
8.7085	0.0012	0.0009	1.5926	0.0126
8.7090	0.0015	-0.0018	1.5924	0.0130
8.7095	0.0014	-0.0008	1.6113	0.0155
8.7100	0.0011	-0.0009	1.6184	0.0128
8.7105	0.0010	-0.0016	1.5952	0.0087
8.7110	0.0009	0.0014	1.5852	0.0165
8.7115	0.0016	0.0021	1.6051	0.0063
8.7120	0.0010	-0.0025	1.6144	0.0145
8.7125	0.0013	0.0026	1.5941	0.0131
8.7130	0.0011	-0.0031	1.5800	0.0183
8.7135	0.0018	-0.0032	1.5937	0.0171
8.7140	0.0011	0.0001	1.6053	0.0122
8.7145	0.0017	-0.0017	1.5880	0.0056
8.7150	0.0015	0.0021	1.5686	0.0201
8.7155	0.0012	-0.0014	1.5789	0.0077
8.7160	0.0014	0.0034	1.5915	0.0117
8.7165	0.0014	0.0021	1.5769	0.0087
8.7170	0.0010	-0.0012	1.5550	0.0181
8.7175	0.0012	-0.0002	1.5605	0.0172
8.7180	0.0011	-0.0003	1.5733	0.0056
8.7185	0.0011	0.0018	1.5625	0.0134
8.7190	0.0014	0.0024	1.5398	0.0204
8.7195	0.0013	-0.0006	1.5392	0.0099
8.7200	0.0016	-0.0010	1.5503	0.0071
8.7205	0.0015	-0.0005	1.5429	0.0176
8.7210	0.0011	0.0001	1.5186	0.0139
8.7215	0.0010	-0.0005	1.5109	0.0119
8.7220	0.0011	0.0023	1.5230	0.0128
8.7225	0.0013	-0.0032	1.5182	0.0121
8.7230	0.0015	-0.0028	1.4956	0.0112
8.7235	0.0014	0.0009	1.4841	0.0101
8.7240	0.0011	-0.0002	1.4896	0.0069
8.7245	0.0013	0.0004	1.4885	0.0142
8.7250	0.0017	0.0009	1.4683	0.0117
8.7255	0.0013	-0.0019	1.4503	0.0083
8.7260	0.0017	-0.0002	1.4558	0.0181
8.7265	0.0012	-0.0020	1.4568	0.0123
8.7270	0.0015	-0.0023	1.4367	0.0099
8.7275	0.0015	0.0001	1.4135	0.0132
8.7280	0.0010	-0.0026	1.4128	0.0089
8.7285	0.0012	0.0006	1.4166	0.0104
8.7290	0.0014	-0.0036	1.3997	0.0203
8.7295	0.0009	0.0028	1.3741	0.0120
8.7300	0.0015	0.0007	1.3702	0.0181
8.7305	0.0014	0.0015	1.3757	0.0071
8.7310	0.0015	-0.0044	1.3570	0.0169
8.7315	0.0016	0.0044	1.3314	0.0129
8.7320	0.0012	-0.0014	1.3228	0.0102
8.7325	0.0009	-0.0031	1.3266	0.0164
8.7330	0.0015	-0.0011	1.3142	0.0110
8.7335	0.0015	0.0015	1.2876	0.0138
8.7340	0.0013	-0.0030	1.2728	0.0124
8.7345	0.0015	-0.0028	1.2784	0.0146
8.7350	0.0012	0.0014	1.2663	0.0079
8.7355	0.0011	-0.0018	1.2379	0.0153
8.7360	0.0011	-0.0005	1.2203	0.0072
8.7365	0.0015	-0.0055	1.2215	0.0083
8.7370	0.0012	-0.0028	1.2144	0.0089
8.7375	0.0016	0.0054	1.1870	0.0113
8.7380	0.0014	0.0019	1.1664	0.0037
8.7385	0.0011	0.0013	1.1622	0.0099
8.7390	0.0011	-0.0029	1.1583	0.0108
8.7395	0.0012	-0.0025	1.1335	0.0144
8.7400	0.0011	0.0011	1.1068	0.0105
8.7405	0.0013	-0.0034	1.1007	0.0067
8.7410	0.0009	0.0008	1.0983	0.0067
8.7415	0.0011	-0.0021	1.0748	0.0090
8.7420	0.0014	0.0006	1.0483	0.0053
8.7425	0.0009	-0.0008	1.0368	0.0163
8.7430	0.0009	-0.0008	1.0321	0.0149
8.7435	0.0013	-0.0001	1.0149	0.0142
8.7440	0.0011	0.0012	0.9848	0.0084
8.7445	0.0014	0.0029	0.9710	0.0124
8.7450	0.0013	-0.0026	0.9675	0.0092
8.7455	0.0008	-0.0009	0.9500	0.0109
8.7460	0.0016	0.0003	0.9217	0.0114
8.7465	0.0011	-0.0023	0.9021	0.0092
8.7470	0.0013	-0.0029	0.8984	0.0119
8.7475	0.0007	-0.0018	0.8822	0.0150
8.7480	0.0009	-0.0006	0.8542	0.0057
8.7485	0.0012	-0.0014	0.8343	0.0062
8.7490	0.0012	-0.0012	0.8270	0.0102
8.7495	0.0011	0.0006	0.8135	0.0105
8.7500	0.0010	-0.0026	0.7854	0.0133
8.7505	0.0014	0.0005	0.7616	0.0111
8.7510	0.0013	-0.0007	0.7513	0.0063
8.7515	0.0011	-0.0026	0.7416	0.0051
8.7520	0.0006	-0.0031	0.7155	0.0063
8.7525	0.0008	-0.0008	0.6880	0.0176
8.7530	0.0010	-0.0017	0.6755	0.0142
8.7535	0.0013	-0.0020	0.6639	0.0053
8.7540	0.0008	0.0018	0.6400	0.0108
8.7545	0.0011	-0.0012	0.6108	0.0065
8.7550	0.0011	-0.0023	0.5978	0.0060
8.7555	0.0012	-0.0017	0.5861	0.0123
8.7560	0.0008	0.0006	0.5662	0.0101
8.7565	0.0012	-0.0048	0.5381	0.0088
8.7570	0.0008	-0.0017	0.5177	0.0128
8.7575	0.0010	0.0005	0.5082	0.0162
8.7580	0.0007	0.0024	0.4886	0.0092
8.7585	0.0012	0.0018	0.4622	0.0093
8.7590	0.0008	-0.0037	0.4404	0.0083
8.7595	0.0009	0.0006	0.4289	0.0089
8.7600	0.0011	-0.0017	0.4091	0.0043
8.7605	0.0011	-0.0031	0.3829	0.0045
8.7610	0.0013	-0.0020	0.3598	0.0048
8.7615	0.0009	-0.0021	0.3448	0.0080
8.7620	0.0010	0.0024	0.3288	0.0074
8.7625	0.0010	-0.0023	0.3049	0.0061
8.7630	0.0009	0.0019	0.2811	0.0105
8.7635	0.0008	-0.0022	0.2643	0.0073
8.7640	0.0011	-0.0030	0.2501	0.0073
8.7645	0.0011	-0.0014	0.2234	0.0139
8.7650	0.0011	-0.0027	0.1997	0.0042
8.7655	0.0008	-0.0025	0.1852	0.0010
8.7660	0.0008	-0.0008	0.1660	0.0070
8.7665	0.0008	-0.0055	0.1420	0.0093
8.7670	0.0010	0.0012	0.1174	0.0036
8.7675	0.0009	-0.0041	0.1027	0.0069
8.7680	0.0011	-0.0016	0.0847	0.0069
8.7685	0.0008	-0.0014	0.0642	0.0093
8.7690	0.0013	-0.0009	0.0382	0.0102
8.7695	0.0007	-0.0043	0.0206	0.0069
8.7700	0.0008	-0.0005	0.0049	0.0020
8.7705	0.0008	0.0006	-0.0118	0.0069
8.7710	0.0008	-0.0011	-0.0232	0.0043
8.7715	0.0006	0.0026	-0.0383	0.0035
8.7720	0.0007	-0.0029	-0.0689	0.0063
8.7725	0.0012	-0.0013	-0.1079	0.0042
8.7730	0.0010	-0.0020	-0.1286	0.0003
8.7735	0.0007	-0.0017	-0.1359	0.0066
8.7740	0.0007	0.0001	-0.1509	0.0068
8.7745	0.0008	0.0004	-0.1824	0.0028
8.7750	0.0005	-0.0035	-0.2101	0.0070
8.7755	0.0006	-0.0015	-0.2168	-0.0002
8.7760	0.0008	-0.0015	-0.2306	0.0097
8.7765	0.0006	-0.0012	-0.2580	-0.0004
8.7770	0.0004	0.0005	-0.2907	0.0079
8.7775	0.0008	-0.0022	-0.2988	0.0046
8.7780	0.0005	-0.0022	-0.3086	-0.0030
8.7785	0.0008	0.0006	-0.3381	0.0025
8.7790	0.0006	0.0002	-0.3670	0.0055
8.7795	0.0006	-0.0012	-0.3740	0.0104
8.7800	0.0005	-0.0000	-0.3765	0.0036
8.7805	0.0007	-0.0036	-0.4133	0.0065
8.7810	0.0008	-0.0017	-0.4550	0.0070
8.7815	0.0004	-0.0041	-0.4576	0.0050
8.7820	0.0012	0.0038	-0.4574	0.0034
8.7825	0.0006	-0.0035	-0.4877	0.0003
8.7830	0.0010	0.0004	-0.5307	0.0055
8.7835	0.0005	-0.0050	-0.5391	-0.0001
8.7840	0.0006	-0.0011	-0.5357	0.0040
8.7845	0.0007	-0.0005	-0.5599	0.0025
8.7850	0.0007	-0.0029	-0.6067	0.0072
8.7855	0.0008	0.0011	-0.6168	-0.0013
8.7860	0.0009	-0.0005	-0.6137	0.0068
8.7865	0.0007	0.0003	-0.6317	0.0031
8.7870	0.0010	-0.0016	-0.6743	0.0042
8.7875	0.0005	0.0008	-0.6957	0.0045
8.7880	0.0008	-0.0021	-0.6904	-0.0005
8.7885	0.0007	-0.0040	-0.7050	-0.0014
8.7890	0.0007	-0.0026	-0.7434	-0.0020
8.7895	0.0006	0.0016	-0.7693	0.0032
8.7900	0.0005	0.0009	-0.7654	0.0017
8.7905	0.0008	-0.0058	-0.7748	0.0001
8.7910	0.0006	-0.0012	-0.8135	0.0068
8.7915	0.0005	0.0027	-0.8430	-0.0012
8.7920	0.0002	-0.0029	-0.8399	0.0100
8.7925	0.0006	0.0009	-0.8412	0.0049
8.7930	0.0008	-0.0002	-0.8763	0.0126
8.7935	0.0004	-0.0019	-0.9088	-0.0043
8.7940	0.0006	-0.0014	-0.9102	0.0004
8.7945	0.0005	0.0005	-0.9072	0.0066
8.7950	0.0004	0.0053	-0.9369	0.0001
8.7955	0.0004	-0.0015	-0.9729	0.0028
8.7960	0.0005	-0.0008	-0.9767	0.0035
8.7965	0.0005	-0.0012	-0.9756	-0.0014
8.7970	0.0006	-0.0031	-0.9983	0.0056
8.7975	0.0004	0.0012	-1.0311	-0.0020
8.7980	0.0003	-0.0019	-1.0332	0.0018
8.7985	0.0008	-0.0003	-1.0232	-0.0037
8.7990	0.0008	0.0024	-1.0438	0.0070
8.7995	0.0004	-0.0035	-1.1101	0.0037
8.8000	0.0006	-0.0027	-1.1040	-0.0021
8.8005	0.0004	-0.0008	-1.0716	0.0004
8.8010	0.0003	-0.0021	-1.1234	0.0010
8.8015	0.0007	-0.0015	-1.1646	0.0053
8.8020	0.0005	-0.0002	-1.1466	-0.0006
8.8025	0.0002	-0.0008	-1.1427	0.0061
8.8030	0.0005	-0.0017	-1.1869	-0.0031
8.8035	0.0003	-0.0008	-1.2225	-0.0011
8.8040	0.0004	0.0034	-1.2083	0.0018
8.8045	0.0004	-0.0018	-1.2014	0.0056
8.8050	-0.0000	-0.0024	-1.2336	0.0038
8.8055	0.0003	0.0017	-1.2718	0.0020
8.8060	0.0005	-0.0002	-1.2651	-0.0004
8.8065	-0.0002	-0.0010	-1.2484	0.0043
8.8070	0.0005	-0.0023	-1.2771	0.0028
8.8075	0.0003	-0.0006	-1.3168	-0.0015
8.8080	0.0005	-0.0040	-1.3169	0.0069
8.8085	0.0005	-0.0008	-1.2993	0.0042
8.8090	0.0002	-0.0041	-1.3176	0.0045
8.8095	0.0003	-0.0000	-1.3590	-0.0011
8.8100	0.0003	-0.0038	-1.3649	-0.0014
8.8105	0.0004	-0.0035	-1.3468	0.0015
8.8110	0.0003	-0.0008	-1.3583	0.0038
8.8115	0.0004	-0.0032	-1.3973	0.0024
8.8120	0.0001	-0.0053	-1.4106	0.0006
8.8125	-0.0000	-0.0035	-1.3900	-0.0006
8.8130	0.0005	-0.0005	-1.3919	-0.0023
8.8135	0.0002	-0.0004	-1.4312	0.0031
8.8140	0.0003	0.0031	-1.4502	0.0028
8.8145	0.0002	0.0036	-1.4350	-0.0002
8.8150	0.0004	0.0019	-1.4285	0.0025
8.8155	-0.0002	0.0009	-1.4572	0.0031
8.8160	0.0005	-0.0037	-1.4834	-0.0027
8.8165	0.0002	0.0024	-1.4694	-0.0014
8.8170	0.0004	-0.0014	-1.4586	0.0034
8.8175	0.0002	-0.0002	-1.4835	0.0004
8.8180	0.0002	0.0030	-1.5099	-0.0004
8.8185	0.0005	-0.0024	-1.5030	-0.0003
8.8190	-0.0000	-0.0014	-1.4859	0.0016
8.8195	0.0004	0.0021	-1.5052	0.0051
8.8200	0.0003	-0.0037	-1.5370	0.0017
8.8205	0.0001	0.0002	-1.5308	0.0010
8.8210	0.0004	0.0006	-1.5137	0.0048
8.8215	0.0001	-0.0015	-1.5234	0.0012
8.8220	0.0002	0.0039	-1.5553	-0.0027
8.8225	0.0002	-0.0001	-1.5539	0.0017
8.8230	0.0002	-0.0013	-1.5347	0.0008
8.8235	0.0001	-0.0004	-1.5399	-0.0055
8.8240	0.0004	-0.0008	-1.5658	-0.0036
8.8245	0.0002	0.0004	-1.5717	0.0014
8.8250	-0.0001	0.0020	-1.5521	-0.0003
8.8255	0.0001	-0.0006	-1.5505	-0.0023
8.8260	0.0004	-0.0011	-1.5764	-0.0003
8.8265	-0.0002	0.0009	-1.5858	-0.0038
8.8270	0.0002	0.0012	-1.5646	-0.0009
8.8275	0.0005	-0.0008	-1.5586	0.0025
8.8280	0.0002	-0.0038	-1.5806	-0.0019
8.8285	0.0000	-0.0000	-1.5936	0.0026
8.8290	0.0003	-0.0011	-1.5771	-0.0025
8.8295	0.0002	-0.0034	-1.5641	-0.0017
8.8300	0.0000	-0.0038	-1.5831	-0.0013
8.8305	0.0002	-0.0010	-1.5998	0.0019
8.8310	-0.0001	0.0005	-1.5845	-0.0010
8.8315	0.0001	-0.0013	-1.5648	-0.0006
8.8320	0.0003	0.0007	-1.5805	-0.0057
8.8325	-0.0000	0.0032	-1.5976	0.0004
8.8330	0.0004	-0.0022	-1.5862	-0.0028
8.8335	0.0001	-0.0008	-1.5661	-0.0035
8.8340	0.0000	-0.0033	-1.5751	0.0030
8.8345	0.0002	0.0028	-1.5915	-0.0011
8.8350	-0.0000	0.0015	-1.5820	-0.0055
8.8355	0.0006	0.0008	-1.5617	0.0008
8.8360	0.0000	0.0018	-1.5646	0.0015
8.8365	0.0005	-0.0033	-1.5797	0.0046
8.8370	-0.0004	-0.0042	-1.5759	0.0011
8.8375	-0.0003	-0.0011	-1.5539	-0.0058
8.8380	0.0001	-0.0000	-1.5525	-0.0057
8.8385	0.0003	0.0015	-1.5661	-0.0032
8.8390	0.0001	-0.0007	-1.5644	0.0034
8.8395	-0.0000	-0.0033	-1.5435	-0.0090
8.8400	0.0002	0.0053	-1.5351	0.0038
8.8405	0.0001	-0.0004	-1.5468	-0.0051
8.8410	-0.0000	0.0012	-1.5500	-0.0041
8.8415	0.0000	-0.0029	-1.5293	-0.0020
8.8420	0.0003	-0.0019	-1.5152	0.0026
8.8425	0.0001	0.0035	-1.5201	-0.0015
8.8430	0.0001	0.0006	-1.5095	0.0008
8.8435	0.0002	-0.0038	-1.4823	-0.0027
8.8440	0.0001	-0.0041	-1.4582	-0.0028
8.8445	-0.0001	0.0024	-1.4599	-0.0032
8.8450	0.0004	-0.0011	-1.4646	-0.0033
8.8455	0.0004	-0.0026	-1.4515	-0.0001
8.8460	0.0001	-0.0009	-1.4328	0.0020
8.8465	0.0001	0.0010	-1.4277	-0.0082
8.8470	0.0002	-0.0002	-1.4336	-0.0054
8.8475	0.0004	-0.0028	-1.4247	-0.0027
8.8480	0.0002	0.0004	-1.4061	-0.0042
8.8485	0.0002	-0.0035	-1.3978	0.0006
8.8490	0.0005	-0.0009	-1.4024	-0.0005
8.8495	0.0002	0.0005	-1.3933	-0.0017
8.8500	0.0000	-0.0032	-1.3723	-0.0048
8.8505	0.0000	0.0013	-1.3660	-0.0031
8.8510	-0.0000	-0.0011	-1.3666	0.0018
8.8515	-0.0000	0.0027	-1.3601	0.0043
8.8520	0.0003	-0.0011	-1.3399	0.0020
8.8525	0.0001	-0.0005	-1.3244	0.0003
8.8530	0.0000	-0.0030	-1.3239	0.0034
8.8535	-0.0000	-0.0047	-1.3203	0.0009
8.8540	-0.0003	-0.0005	-1.2996	0.0031
8.8545	0.0000	-0.0019	-1.2826	0.0010
8.8550	0.0003	-0.0008	-1.2821	-0.0020
8.8555	0.0001	-0.0015	-1.2770	0.0007
8.8560	0.0007	-0.0034	-1.2586	0.0068
8.8565	-0.0001	-0.0020	-1.2396	-0.0061
8.8570	0.0000	0.0018	-1.2313	0.0032
8.8575	0.0005	-0.0014	-1.2288	-0.0026
8.8580	0.0000	-0.0028	-1.2134	-0.0056
8.8585	-0.0003	-0.0032	-1.1932	-0.0021
8.8590	0.0003	0.0004	-1.1822	-0.0006
8.8595	-0.0000	-0.0026	-1.1801	-0.0048
8.8600	-0.0000	-0.0047	-1.1637	0.0020
8.8605	0.0003	-0.0019	-1.1429	-0.0004
8.8610	-0.0000	-0.0013	-1.1320	0.0055
8.8615	-0.0000	-0.0019	-1.1240	0.0008
8.8620	0.0001	-0.0040	-1.1118	-0.0011
8.8625	0.0001	-0.0013	-1.0883	-0.0044
8.8630	-0.0001	-0.0051	-1.0737	-0.0028
8.8635	0.0004	0.0043	-1.0664	0.0012
8.8640	0.0002	-0.0016	-1.0542	0.0031
8.8645	-0.0002	-0.0014	-1.0319	0.0040
8.8650	-0.0003	-0.0003	-1.0167	-0.0033
8.8655	0.0002	-0.0057	-1.0119	0.0019
8.8660	-0.0000	-0.0008	-0.9967	0.0048
8.8665	0.0003	-0.0023	-0.9737	-0.0027
8.8670	0.0002	-0.0005	-0.9529	-0.0002
8.8675	0.0003	0.0028	-0.9456	-0.0005
8.8680	0.0002	-0.0001	-0.9303	-0.0057
8.8685	0.0004	-0.0008	-0.9124	0.0047
8.8690	0.0004	0.0024	-0.8944	0.0001
8.8695	0.0000	0.0002	-0.8808	0.0018
8.8700	0.0003	-0.0009	-0.8682	-0.0059
8.8705	-0.0001	-0.0014	-0.8515	-0.0013
8.8710	0.0003	-0.0024	-0.8278	0.0006
8.8715	0.0002	0.0011	-0.8128	-0.0017
8.8720	-0.0001	-0.0006	-0.8004	-0.0011
8.8725	-0.0000	0.0024	-0.7819	-0.0015
8.8730	0.0003	-0.0047	-0.7614	0.0028
8.8735	0.0002	0.0021	-0.7441	-0.0007
8.8740	0.0002	-0.0011	-0.7309	-0.0021
8.8745	0.0003	-0.0015	-0.7139	0.0003
8.8750	0.0008	0.0027	-0.6951	0.0016
8.8755	0.0005	0.0006	-0.6779	0.0014
8.8760	0.0001	-0.0012	-0.6601	-0.0028
8.8765	0.0002	0.0035	-0.6414	0.0000
8.8770	-0.0002	0.0012	-0.6216	0.0009
8.8775	0.0002	-0.0010	-0.6036	-0.0024
8.8780	0.0007	-0.0017	-0.5891	0.0000
8.8785	0.0005	-0.0006	-0.5684	0.0069
8.8790	-0.0001	-0.0023	-0.5475	0.0009
8.8795	0.0006	-0.0018	-0.5263	-0.0016
8.8800	0.0007	-0.0029	-0.5121	0.0036
8.8805	0.0003	-0.0037	-0.4936	0.0067
8.8810	-0.0000	-0.0041	-0.4741	0.0067
8.8815	0.0005	-0.0023	-0.4527	0.0012
8.8820	0.0003	-0.0011	-0.4361	0.0043
8.8825	0.0003	0.0022	-0.4185	-0.0023
8.8830	0.0006	0.0004	-0.3949	0.0032
8.8835	0.0006	0.0003	-0.3781	0.0053
8.8840	0.0002	0.0025	-0.3584	-0.0006
8.8845	0.0004	0.0001	-0.3425	-0.0009
8.8850	0.0002	-0.0041	-0.3221	0.0026
8.8855	0.0003	-0.0005	-0.2987	0.0001
8.8860	0.0004	-0.0034	-0.2842	-0.0023
8.8865	0.0009	-0.0034	-0.2636	0.0018
8.8870	0.0007	-0.0038	-0.2394	0.0056
8.8875	-0.0000	0.0015	-0.2249	0.0029
8.8880	0.0003	-0.0045	-0.2030	-0.0013
8.8885	0.0002	0.0051	-0.1843	0.0068
8.8890	0.0003	-0.0026	-0.1651	0.0078
8.8895	0.0006	-0.0043	-0.1441	-0.0061
8.8900	0.0006	-0.0032	-0.1274	0.0046
8.8905	0.0005	-0.0006	-0.1066	0.0036
8.8910	0.0006	0.0001	-0.0873	0.0001
8.8915	0.0003	0.0015	-0.0650	0.0018
8.8920	0.0006	-0.0027	-0.0457	0.0056
8.8925	0.0008	-0.0003	-0.0323	0.0038
8.8930	0.0005	0.0053	-0.0107	0.0043
8.8935	0.0004	-0.0011	0.0053	-0.0015
8.8940	0.0008	-0.0010	0.0185	0.0087
8.8945	0.0006	0.0005	0.0384	0.0004
8.8950	0.0007	-0.0014	0.0691	-0.0028
8.8955	0.0005	-0.0048	0.0901	0.0122
8.8960	0.0004	-0.0019	0.1027	0.0060
8.8965	0.0007	0.0015	0.1176	0.0049
8.8970	0.0003	0.0006	0.1478	0.0034
8.8975	0.0006	0.0024	0.1717	0.0077
8.8980	0.0008	0.0004	0.1796	-0.0004
8.8985	0.0006	-0.0006	0.1940	0.0031
8.8990	0.0007	-0.0010	0.2189	0.0067
8.8995	0.0005	0.0005	0.2494	0.0067
8.9000	0.0006	-0.0011	0.2624	0.0080
8.9005	0.0002	-0.0012	0.2690	0.0015
8.9010	0.0005	0.0006	0.2933	0.0102
8.9015	0.0008	0.0003	0.3234	0.0071
8.9020	0.0013	-0.0053	0.3385	-0.0019
8.9025	0.0005	0.0028	0.3494	-0.0022
8.9030	0.0007	-0.0017	0.3702	0.0016
8.9035	0.0009	-0.0033	0.3955	0.0043
8.9040	0.0007	-0.0025	0.4143	0.0028
8.9045	0.0010	-0.0021	0.4222	0.0067
8.9050	0.0002	0.0043	0.4427	0.0036
8.9055	0.0006	-0.0016	0.4714	0.0037
8.9060	0.0008	0.0029	0.4895	0.0036
8.9065	0.0005	0.0001	0.4946	0.0067
8.9070	0.0006	-0.0014	0.5162	0.0032
8.9075	0.0007	0.0028	0.5420	0.0108
8.9080	0.0007	-0.0040	0.5630	0.0041
8.9085	0.0009	0.0026	0.5728	0.0068
8.9090	0.0007	0.0017	0.5862	0.0024
8.9095	0.0009	0.0004	0.6128	0.0040
8.9100	0.0008	-0.0035	0.6361	0.0072
8.9105	0.0007	-0.0014	0.6462	0.0111
8.9110	0.0007	0.0003	0.6539	0.0017
8.9115	0.0008	0.0004	0.6703	0.0056
8.9120	0.0009	0.0018	0.6928	0.0121
8.9125	0.0006	-0.0008	0.7234	0.0016
8.9130	0.0003	-0.0005	0.7454	0.0118
8.9135	0.0009	-0.0016	0.7525	0.0086
8.9140	0.0008	-0.0022	0.7687	0.0073
8.9145	0.0010	-0.0023	0.7931	0.0059
8.9150	0.0007	0.0035	0.8133	0.0058
8.9155	0.0007	-0.0036	0.8203	0.0040
8.9160	0.0005	0.0006	0.8336	0.0103
8.9165	0.0007	0.0024	0.8603	0.0006
8.9170	0.0010	0.0036	0.8780	0.0047
8.9175	0.0007	0.0027	0.8898	0.0081
8.9180	0.0008	-0.0026	0.8981	0.0102
8.9185	0.0007	0.0003	0.9190	0.0045
8.9190	0.0009	-0.0025	0.9424	0.0040
8.9195	0.0008	0.0060	0.9518	0.0068
8.9200	0.0008	-0.0017	0.9609	0.0051
8.9205	0.0008	0.0002	0.9776	0.0088
8.9210	0.0009	0.0009	1.0016	0.0076
8.9215	0.0010	-0.0000	1.0007	0.0129
8.9220	0.0011	0.0009	0.9998	0.0073
8.9225	0.0008	0.0019	1.0416	0.0128
8.9230	0.0011	-0.0005	1.0537	0.0056
8.9235	0.0013	-0.0015	1.0687	0.0095
8.9240	0.0010	-0.0044	1.0602	0.0091
8.9245	0.0011	0.0007	1.0759	0.0091
8.9250	0.0009	0.0047	1.1378	0.0115
8.9255	0.0008	-0.0002	1.1505	0.0101
8.9260	0.0010	0.0015	1.1213	0.0066
8.9265	0.0011	-0.0023	1.1260	0.0110
8.9270	0.0012	-0.0019	1.1833	0.0099
8.9275	0.0011	0.0022	1.2067	0.0055
8.9280	0.0007	0.0002	1.1793	0.0140
8.9285	0.0010	-0.0045	1.1715	0.0105
8.9290	0.0013	-0.0022	1.2265	0.0140
8.9295	0.0013	-0.0014	1.2597	0.0081
8.9300	0.0010	0.0002	1.2355	0.0136
8.9305	0.0015	-0.0003	1.2226	0.0092
8.9310	0.0012	-0.0023	1.2644	0.0092
8.9315	0.0012	-0.0009	1.3086	0.0087
8.9320	0.0009	-0.0005	1.2873	0.0012
8.9325	0.0010	-0.0020	1.2659	0.0081
8.9330	0.0012	0.0017	1.2985	0.0073
8.9335	0.0012	-0.0017	1.3468	0.0076
8.9340	0.0011	-0.0010	1.3379	0.0103
8.9345	0.0016	0.0017	1.3099	0.0107
8.9350	0.0013	-0.0002	1.3350	0.0140
8.9355	0.0011	0.0016	1.3794	0.0056
8.9360	0.0011	-0.0038	1.3815	0.0115
8.9365	0.0013	0.0001	1.3496	0.0062
8.9370	0.0008	-0.0015	1.3644	0.0065
8.9375	0.0012	0.0017	1.4123	0.0083
8.9380	0.0012	0.0001	1.4200	0.0139
8.9385	0.0013	-0.0019	1.3913	0.0050
8.9390	0.0009	-0.0018	1.3956	0.0089
8.9395	0.0013	-0.0014	1.4396	0.0081
8.9400	0.0016	-0.0016	1.4557	0.0059
8.9405	0.0010	-0.0015	1.4266	0.0124
8.9410	0.0011	-0.0058	1.4253	0.0098
8.9415	0.0010	0.0020	1.4625	0.0111
8.9420	0.0012	-0.0011	1.4852	0.0111
8.9425	0.0013	0.0008	1.4625	0.0104
8.9430	0.0013	-0.0009	1.4487	0.0125
8.9435	0.0015	-0.0033	1.4850	0.0121
8.9440	0.0013	-0.0021	1.5092	0.0150
8.9445	0.0014	0.0009	1.4882	0.0094
8.9450	0.0014	-0.0004	1.4716	0.0045
8.9455	0.0012	-0.0023	1.4973	0.0063
8.9460	0.0010	-0.0017	1.5271	0.0149
8.9465	0.0008	-0.0001	1.5127	0.0131
8.9470	0.0010	-0.0029	1.4923	0.0056
8.9475	0.0010	0.0009	1.5113	0.0109
8.9480	0.0012	-0.0018	1.5394	0.0111
8.9485	0.0014	0.0028	1.5309	0.0071
8.9490	0.0017	-0.0006	1.5088	0.0102
8.9495	0.0012	0.0009	1.5164	0.0159
8.9500	0.0009	0.0004	1.5478	0.0107
8.9505	0.0012	0.0020	1.5467	0.0152
8.9510	0.0011	-0.0017	1.5216	0.0095
8.9515	0.0011	-0.0011	1.5232	0.0129
8.9520	0.0008	-0.0006	1.5504	0.0133
8.9525	0.0015	-0.0030	1.5532	0.0103
8.9530	0.0013	-0.0014	1.5299	0.0131
8.9535	0.0013	-0.0012	1.5253	0.0142
8.9540	0.0011	0.0004	1.5496	0.0093
8.9545	0.0009	-0.0019	1.5597	0.0105
8.9550	0.0012	0.0004	1.5357	0.0100
8.9555	0.0010	-0.0029	1.5227	0.0124
8.9560	0.0014	-0.0039	1.5446	0.0102
8.9565	0.0014	0.0010	1.5585	0.0086
8.9570	0.0011	0.0020	1.5381	0.0118
8.9575	0.0010	-0.0038	1.5204	0.0061
8.9580	0.0014	0.0039	1.5346	0.0139
8.9585	0.0014	-0.0010	1.5533	0.0100
8.9590	0.0014	-0.0014	1.5373	0.0140
8.9595	0.0015	0.0023	1.5115	0.0118
8.9600	0.0016	-0.0040	1.5259	0.0117
8.9605	0.0012	0.0027	1.5440	0.0150
8.9610	0.0012	0.0031	1.5310	0.0058
8.9615	0.0012	0.0022	1.5016	0.0195
8.9620	0.0011	-0.0033	1.5061	0.0041
8.9625	0.0011	-0.0015	1.5282	0.0129
8.9630	0.0010	-0.0005	1.5208	0.0152
8.9635	0.0015	-0.0013	1.4889	0.0104
8.9640	0.0009	-0.0006	1.4873	0.0119
8.9645	0.0014	0.0037	1.5093	0.0119
8.9650	0.0011	-0.0027	1.5036	0.0063
8.9655	0.0012	0.0045	1.4765	0.0170
8.9660	0.0015	0.0004	1.4653	0.0176
8.9665	0.0011	0.0036	1.4827	0.0157
8.9670	0.0012	0.0027	1.4847	0.0141
8.9675	0.0016	0.0031	1.4574	0.0084
8.9680	0.0013	-0.0046	1.4383	0.0086
8.9685	0.0011	-0.0010	1.4549	0.0045
8.9690	0.0015	-0.0008	1.4571	0.0125
8.9695	0.0014	-0.0006	1.4339	0.0084
8.9700	0.0013	-0.0029	1.4132	0.0069
8.9705	0.0013	-0.0010	1.4200	0.0049
8.9710	0.0008	0.0001	1.4277	0.0118
8.9715	0.0012	-0.0014	1.4017	0.0078
8.9720	0.0015	0.0006	1.3800	0.0138
8.9725	0.0014	-0.0002	1.3822	0.0125
8.9730	0.0011	0.0002	1.3927	0.0079
8.9735	0.0012	0.0008	1.3734	0.0135
8.9740	0.0013	-0.0040	1.3464	0.0092
8.9745	0.0010	-0.0035	1.3414	0.0150
8.9750	0.0015	-0.0068	1.3514	0.0102
8.9755	0.0014	-0.0005	1.3373	0.0114
8.9760	0.0013	0.0013	1.3085	0.0119
8.9765	0.0012	-0.0024	1.2987	0.0113
8.9770	0.0015	0.0018	1.3093	0.0103
8.9775	0.0013	-0.0037	1.2991	0.0110
8.9780	0.0014	-0.0012	1.2688	0.0128
8.9785	0.0013	-0.0034	1.2525	0.0068
8.9790	0.0012	-0.0022	1.2607	0.0139
8.9795	0.0018	-0.0015	1.2559	0.0120
8.9800	0.0014	0.0009	1.2220	0.0160
8.9805	0.0014	-0.0016	1.2040	0.0077
8.9810	0.0014	-0.0041	1.2112	0.0136
8.9815	0.0016	-0.0044	1.2069	0.0133
8.9820	0.0014	-0.0006	1.1776	0.0142
8.9825	0.0013	-0.0032	1.1539	0.0059
8.9830	0.0012	0.0021	1.1553	0.0066
8.9835	0.0015	-0.0022	1.1572	0.0083
8.9840	0.0012	-0.0038	1.1298	0.0122
8.9845	0.0012	-0.0009	1.1008	0.0141
8.9850	0.0015	-0.0026	1.0974	0.0065
8.9855	0.0011	0.0006	1.0988	0.0091
8.9860	0.0014	0.0031	1.0753	0.0070
8.9865	0.0013	-0.0004	1.0450	0.0087
8.9870	0.0014	0.0001	1.0372	0.0012
8.9875	0.0011	0.0001	1.0388	0.0146
8.9880	0.0011	-0.0022	1.0206	0.0141
8.9885	0.0010	0.0007	0.9865	0.0109
8.9890	0.0014	-0.0031	0.9763	0.0093
8.9895	0.0011	-0.0052	0.9779	0.0124
8.9900	0.0009	-0.0015	0.9612	0.0074
8.9905	0.0012	0.0012	0.9289	0.0100
8.9910	0.0015	-0.0012	0.9102	0.0057
8.9915	0.0010	-0.0024	0.9125	0.0161
8.9920	0.0011	-0.0002	0.8992	0.0118
8.9925	0.0010	-0.0025	0.8652	0.0115
8.9930	0.0009	-0.0023	0.8452	0.0068
8.9935	0.0011	0.0024	0.8418	0.0071
8.9940	0.0011	-0.0074	0.8301	0.0111
8.9945	0.0011	0.0017	0.7992	0.0108
8.9950	0.0011	-0.0016	0.7770	0.0095
8.9955	0.0009	0.0006	0.7701	0.0092
8.9960	0.0013	0.0001	0.7618	0.0082
8.9965	0.0013	-0.0013	0.7364	0.0074
8.9970	0.0007	0.0007	0.7078	0.0093
8.9975	0.0013	-0.0026	0.6979	0.0077
8.9980	0.0006	-0.0004	0.6925	0.0048
8.9985	0.0014	-0.0006	0.6669	0.0097
8.9990	0.0008	-0.0025	0.6349	0.0219
8.9995	0.0007	-0.0029	0.6221	0.0079
9.0000	0.0012	0.0020	0.6166	0.0118
9.0005	0.0013	0.0018	0.5966	0.0101
9.0010	0.0009	-0.0017	0.5638	0.0104
9.0015	0.0008	0.0005	0.5496	0.0109
9.0020	0.0008	-0.0018	0.5422	0.0056
9.0025	0.0012	0.0003	0.5214	0.0101
9.0030	0.0010	-0.0030	0.4943	0.0126
9.0035	0.0007	0.0011	0.4758	0.0074
9.0040	0.0012	-0.0055	0.4650	0.0053
9.0045	0.0011	-0.0011	0.4499	0.0041
9.0050	0.0009	-0.0001	0.4202	0.0068
9.0055	0.0008	-0.0038	0.3982	0.0076
9.0060	0.0008	-0.0004	0.3863	0.0080
9.0065	0.0008	0.0006	0.3716	0.0053
9.0070	0.0007	-0.0020	0.3455	0.0043
9.0075	0.0008	-0.0010	0.3220	0.0090
9.0080	0.0008	-0.0021	0.3091	0.0047
9.0085	0.0009	-0.0005	0.2949	0.0052
9.0090	0.0009	0.0007	0.2695	0.0053
9.0095	0.0015	0.0024	0.2433	0.0108
9.0100	0.0007	-0.0021	0.2294	0.0062
9.0105	0.0007	0.0021	0.2165	0.0115
9.0110	0.0011	0.0004	0.1959	0.0099
9.0115	0.0009	-0.0043	0.1697	0.0123
9.0120	0.0008	-0.0017	0.1496	0.0067
9.0125	0.0015	0.0007	0.1359	0.0078
9.0130	0.0007	-0.0005	0.1134	0.0086
9.0135	0.0008	0.0024	0.0904	0.0082
9.0140	0.0009	-0.0003	0.0713	0.0037
9.0145	0.0005	-0.0029	0.0540	0.0047
9.0150	0.0004	-0.0008	0.0366	0.0037
9.0155	0.0009	-0.0023	0.0129	0.0028
9.0160	0.0009	0.0020	-0.0034	0.0109
9.0165	0.0002	0.0003	-0.0152	0.0060
9.0170	0.0010	-0.0025	-0.0232	0.0014
9.0175	0.0004	-0.0028	-0.0449	0.0082
9.0180	0.0006	-0.0011	-0.0771	0.0086
9.0185	0.0007	0.0006	-0.1114	0.0086
9.0190	0.0006	-0.0029	-0.1281	0.0095
9.0195	0.0007	-0.0018	-0.1338	0.0077
9.0200	0.0004	-0.0002	-0.1523	0.0078
9.0205	0.0014	0.0025	-0.1835	0.0057
9.0210	0.0007	-0.0046	-0.2027	0.0133
9.0215	0.0007	0.0024	-0.2096	0.0092
9.0220	0.0007	-0.0034	-0.2291	0.0035
9.0225	0.0005	-0.0002	-0.2580	0.0100
9.0230	0.0009	0.0048	-0.2784	0.0068
9.0235	0.0007	-0.0032	-0.2892	0.0057
9.0240	0.0002	-0.0014	-0.3034	0.0038
9.0245	0.0008	-0.0011	-0.3330	0.0071
9.0250	0.0005	-0.0018	-0.3573	0.0042
9.0255	0.0005	-0.0011	-0.3607	0.0047
9.0260	0.0011	-0.0000	-0.3655	-0.0048
9.0265	0.0008	-0.0035	-0.4053	0.0038
9.0270	0.0005	-0.0050	-0.4398	0.0055
9.0275	0.0009	0.0016	-0.4429	0.0055
9.0280	0.0005	-0.0022	-0.4423	0.0026
9.0285	0.0006	-0.0013	-0.4743	0.0069
9.0290	0.0003	0.0021	-0.5143	0.0010
9.0295	0.0006	-0.0020	-0.5185	0.0086
9.0300	0.0007	-0.0007	-0.5177	0.0063
9.0305	0.0006	-0.0053	-0.5459	0.0113
9.0310	0.0008	-0.0035	-0.5842	0.0066
9.0315	0.0011	0.0003	-0.5950	0.0008
9.0320	0.0003	-0.0012	-0.5938	0.0034
9.0325	0.0008	-0.0011	-0.6152	0.0043
9.0330	0.0006	0.0007	-0.6569	0.0050
9.0335	0.0005	-0.0018	-0.6706	0.0038
9.0340	0.0004	0.0005	-0.6690	0.0046
9.0345	0.0007	0.0012	-0.6854	0.0019
9.0350	0.0005	0.0035	-0.7238	0.0043
9.0355	0.0001	-0.0015	-0.7441	0.0045
9.0360	0.0007	-0.0008	-0.7384	0.0006
9.0365	0.0007	-0.0009	-0.7496	0.0074
9.0370	0.0006	-0.0015	-0.7895	0.0028
9.0375	0.0000	0.0009	-0.8099	0.0053
9.0380	0.0006	-0.0028	-0.8110	0.0058
9.0385	0.0008	0.0055	-0.8159	0.0099
9.0390	0.0007	-0.0011	-0.8495	0.0055
9.0395	0.0004	-0.0029	-0.8766	-0.0038
9.0400	0.0010	-0.0014	-0.8777	0.0006
9.0405	0.0006	-0.0059	-0.8806	0.0035
9.0410	0.0006	-0.0029	-0.9095	0.0014
9.0415	0.0006	0.0012	-0.9407	-0.0001
9.0420	0.0003	-0.0027	-0.9426	0.0050
9.0425	0.0006	-0.0026	-0.9421	0.0006
9.0430	0.0004	0.0025	-0.9693	0.0047
9.0435	0.0005	0.0006	-1.0005	-0.0011
9.0440	0.0005	-0.0029	-0.9993	0.0031
9.0445	0.0004	-0.0017	-0.9914	0.0056
9.0450	0.0006	-0.0020	-1.0095	0.0081
9.0455	0.0006	-0.0024	-1.0436	0.0043
9.0460	0.0008	0.0014	-1.0836	0.0017
9.0465	0.0005	0.0011	-1.0531	0.0026
9.0470	0.0004	0.0014	-1.0509	0.0048
9.0475	0.0006	0.0003	-1.1219	0.0056
9.0480	0.0007	0.0011	-1.1381	0.0037
9.0485	0.0003	-0.0040	-1.0904	-0.0068
9.0490	0.0005	0.0003	-1.1149	0.0059
9.0495	0.0001	0.0004	-1.1831	0.0055
9.0500	0.0005	-0.0017	-1.1952	0.0047
9.0505	0.0005	-0.0022	-1.1544	0.0028
9.0510	0.0005	-0.0001	-1.1600	-0.0072
9.0515	0.0004	-0.0029	-1.2234	-0.0005
9.0520	0.0004	0.0006	-1.2497	-0.0021
9.0525	0.0005	-0.0006	-1.2113	0.0005
9.0530	0.0005	0.0012	-1.2040	0.0076
9.0535	0.0006	-0.0034	-1.2609	0.0061
9.0540	0.0002	-0.0012	-1.2957	-0.0028
9.0545	0.0007	0.0027	-1.2638	0.0000
9.0550	0.0004	-0.0014	-1.2460	0.0030
9.0555	0.0005	0.0016	-1.2985	-0.0012
9.0560	0.0004	-0.0009	-1.3393	0.0040
9.0565	0.0005	-0.0004	-1.3147	0.0043
9.0570	-0.0001	-0.0025	-1.2890	0.0052
9.0575	0.0000	0.0026	-1.3305	0.0063
9.0580	-0.0001	-0.0016	-1.3758	0.0056
9.0585	-0.0001	0.0009	-1.3583	0.0009
9.0590	0.0005	-0.0000	-1.3284	-0.0038
9.0595	0.0004	-0.0013	-1.3598	0.0006
9.0600	-0.0001	-0.0013	-1.4080	0.0004
9.0605	0.0003	-0.0010	-1.3991	0.0042
9.0610	0.0002	-0.0069	-1.3674	-0.0020
9.0615	0.0002	-0.0050	-1.3837	0.0003
9.0620	0.0000	0.0007	-1.4332	0.0007
9.0625	0.0003	0.0003	-1.4368	-0.0048
9.0630	0.0002	-0.0032	-1.4022	-0.0009
9.0635	0.0003	0.0001	-1.4073	-0.0023
9.0640	0.0004	-0.0032	-1.4551	0.0031
9.0645	-0.0001	0.0037	-1.4665	-0.0017
9.0650	0.0005	-0.0029	-1.4332	-0.0006
9.0655	0.0001	0.0013	-1.4298	-0.0033
9.0660	0.0004	-0.0006	-1.4692	-0.0016
9.0665	-0.0002	0.0024	-1.4922	0.0058
9.0670	0.0005	-0.0014	-1.4626	-0.0046
9.0675	0.0002	-0.0005	-1.4474	0.0040
9.0680	0.0002	-0.0035	-1.4847	-0.0015
9.0685	0.0005	0.0002	-1.5127	0.0016
9.0690	0.0001	0.0026	-1.4870	-0.0005
9.0695	-0.0002	-0.0014	-1.4683	0.0016
9.0700	0.0001	-0.0012	-1.4952	0.0025
9.0705	-0.0000	-0.0010	-1.5276	-0.0059
9.0710	0.0003	-0.0015	-1.5071	-0.0001
9.0715	0.0003	-0.0007	-1.4833	-0.0004
9.0720	0.0000	-0.0003	-1.5019	-0.0009
9.0725	0.0002	-0.0038	-1.5316	0.0010
9.0730	0.0000	-0.0008	-1.5226	-0.0027
9.0735	0.0005	-0.0033	-1.4934	-0.0037
9.0740	-0.0002	-0.0030	-1.5044	-0.0011
9.0745	0.0003	0.0005	-1.5371	-0.0038
9.0750	0.0002	-0.0025	-1.5351	-0.0036
9.0755	0.0000	-0.0004	-1.5062	-0.0038
9.0760	-0.0001	-0.0027	-1.5066	0.0050
9.0765	0.0004	-0.0038	-1.5400	-0.0011
9.0770	0.0004	-0.0017	-1.5424	-0.0037
9.0775	0.0003	0.0001	-1.5101	-0.0009
9.0780	0.0000	-0.0045	-1.5025	0.0008
9.0785	0.0002	-0.0009	-1.5301	0.0047
9.0790	0.0000	0.0004	-1.5414	0.0039
9.0795	0.0001	-0.0043	-1.5154	-0.0010
9.0800	-0.0002	0.0005	-1.5000	-0.0009
9.0805	0.0002	-0.0004	-1.5221	0.0021
9.0810	0.0000	-0.0006	-1.5373	-0.0032
9.0815	0.0003	-0.0020	-1.5136	0.0032
9.0820	0.0000	-0.0007	-1.4928	-0.0017
9.0825	-0.0002	-0.0016	-1.5071	0.0014
9.0830	0.0001	0.0042	-1.5268	0.0030
9.0835	0.0003	-0.0024	-1.5099	-0.0053
9.0840	0.0003	0.0011	-1.4817	-0.0009
9.0845	0.0004	-0.0019	-1.4887	0.0017
9.0850	0.0001	0.0026	-1.5116	0.0048
9.0855	0.0002	-0.0034	-1.4993	-0.0056
9.0860	0.0002	-0.0043	-1.4712	-0.0019
9.0865	-0.0001	0.0009	-1.4713	-0.0007
9.0870	0.0003	-0.0008	-1.4941	0.0009
9.0875	0.0003	-0.0005	-1.4848	-0.0023
9.0880	0.0001	-0.0028	-1.4553	-0.0021
9.0885	-0.0002	-0.0047	-1.4489	-0.0012
9.0890	-0.0001	-0.0005	-1.4636	0.0045
9.0895	0.0004	0.0006	-1.4482	0.0007
9.0900	0.0003	-0.0012	-1.4093	0.0005
9.0905	0.0003	0.0018	-1.3901	-0.0019
9.0910	0.0001	0.0004	-1.4023	-0.0051
9.0915	0.0002	-0.0022	-1.4066	0.0032
9.0920	0.0001	0.0010	-1.3810	-0.0036
9.0925	-0.0000	0.0001	-1.3625	0.0008
9.0930	0.0005	-0.0011	-1.3676	-0.0045
9.0935	0.0001	-0.0020	-1.3756	-0.0022
9.0940	-0.0001	-0.0015	-1.3535	0.0012
9.0945	-0.0000	-0.0010	-1.3342	0.0070
9.0950	-0.0002	0.0006	-1.3377	0.0018
9.0955	0.0003	-0.0025	-1.3440	0.0031
9.0960	0.0002	-0.0014	-1.3260	-0.0002
9.0965	0.0001	-0.0017	-1.3023	-0.0038
9.0970	0.0003	0.0004	-1.3022	-0.0017
9.0975	-0.0000	-0.0010	-1.3069	-0.0002
9.0980	0.0005	-0.0031	-1.2974	0.0000
9.0985	0.0004	-0.0009	-1.2687	-0.0012
9.0990	0.0002	0.0028	-1.2618	0.0037
9.0995	0.0004	-0.0039	-1.2672	0.0060
9.1000	0.0001	-0.0048	-1.2587	-0.0036
9.1005	-0.0000	-0.0038	-1.2321	0.0029
9.1010	0.0001	0.0030	-1.2215	-0.0006
9.1015	0.0003	-0.0033	-1.2245	0.0050
9.1020	-0.0002	-0.0067	-1.2183	-0.0050
9.1025	0.0003	-0.0027	-1.1918	0.0039
9.1030	0.0002	-0.0033	-1.1766	0.0007
9.1035	0.0003	0.0004	-1.1778	-0.0025
9.1040	-0.0003	-0.0043	-1.1713	-0.0002
9.1045	-0.0002	-0.0016	-1.1476	0.0039
9.1050	0.0005	-0.0014	-1.1262	0.0007
9.1055	-0.0000	-0.0002	-1.1265	0.0056
9.1060	0.0002	0.0001	-1.1219	0.0020
9.1065	0.0000	-0.0023	-1.1007	-0.0050
9.1070	-0.0002	-0.0014	-1.0758	-0.0012
9.1075	0.0003	-0.0011	-1.0712	0.0003
9.1080	-0.0000	0.0005	-1.0699	-0.0027
9.1085	0.0002	-0.0006	-1.0501	-0.0023
9.1090	0.0004	-0.0011	-1.0236	0.0022
9.1095	0.0000	-0.0053	-1.0151	0.0003
9.1100	0.0000	-0.0001	-1.0136	-0.0051
9.1105	0.0001	0.0015	-0.9948	0.0018
9.1110	0.0002	-0.0027	-0.9707	0.0014
9.1115	0.0002	-0.0042	-0.9580	-0.0021
9.1120	-0.0002	0.0007	-0.9549	-0.0030
9.1125	0.0004	-0.0053	-0.9416	0.0008
9.1130	0.0001	0.0010	-0.9126	-0.0040
9.1135	-0.0002	-0.0040	-0.8951	0.0003
9.1140	0.0005	-0.0008	-0.8943	0.0056
9.1145	0.0003	-0.0028	-0.8809	0.0024
9.1150	0.0005	-0.0014	-0.8550	0.0072
9.1155	0.0003	0.0013	-0.8334	0.0083
9.1160	0.0002	0.0003	-0.8292	0.0011
9.1165	0.0004	0.0004	-0.8175	-0.0036
9.1170	0.0000	-0.0007	-0.7936	-0.0037
9.1175	0.0003	0.0009	-0.7701	-0.0028
9.1180	0.0000	-0.0053	-0.7619	-0.0026
9.1185	0.0008	0.0002	-0.7542	-0.0028
9.1190	0.0006	-0.0034	-0.7315	0.0076
9.1195	0.0003	-0.0008	-0.7058	0.0049
9.1200	0.0008	0.0013	-0.6952	0.0035
9.1205	0.0003	-0.0003	-0.6877	-0.0012
9.1210	0.0005	-0.0002	-0.6666	0.0004
9.1215	-0.0001	0.0009	-0.6391	-0.0043
9.1220	0.0004	-0.0005	-0.6244	-0.0010
9.1225	0.0004	-0.0004	-0.6189	-0.0022
9.1230	0.0001	-0.0019	-0.5977	0.0039
9.1235	0.0007	0.0027	-0.5713	0.0061
9.1240	0.0005	-0.0029	-0.5542	0.0004
9.1245	0.0004	-0.0007	-0.5461	-0.0036
9.1250	0.0004	-0.0005	-0.5259	0.0038
9.1255	0.0008	-0.0019	-0.5017	0.0061
9.1260	0.0003	0.0010	-0.4839	0.0010
9.1265	0.0004	0.0030	-0.4719	0.0030
9.1270	0.0002	-0.0018	-0.4577	0.0058
9.1275	0.0004	-0.0067	-0.4315	0.0026
9.1280	0.0005	0.0024	-0.4091	0.0047
9.1285	0.0005	-0.0023	-0.3970	0.0032
9.1290	0.0007	0.0016	-0.3812	0.0071
9.1295	0.0006	0.0004	-0.3584	0.0045
9.1300	0.0003	0.0003	-0.3354	0.0082
9.1305	0.0006	-0.0003	-0.3216	0.0017
9.1310	0.0004	-0.0008	-0.3085	0.0006
9.1315	0.0009	0.0004	-0.2834	0.0070
9.1320	0.0007	0.0011	-0.2601	0.0028
9.1325	0.0006	0.0042	-0.2462	0.0039
9.1330	0.0005	0.0033	-0.2308	0.0030
9.1335	0.0005	0.0012	-0.2111	-0.0014
9.1340	0.0005	0.0003	-0.1854	-0.0005
9.1345	0.0006	0.0027	-0.1689	0.0070
9.1350	0.0006	-0.0024	-0.1572	-0.0009
9.1355	0.0007	-0.0002	-0.1376	0.0026
9.1360	0.0004	0.0005	-0.1129	0.0057
9.1365	0.0005	-0.0005	-0.0932	0.0031
9.1370	0.0004	-0.0023	-0.0786	-0.0001
9.1375	0.0007	-0.0018	-0.0615	0.0100
9.1380	0.0002	-0.0001	-0.0384	-0.0037
9.1385	0.0004	-0.0017	-0.0189	0.0068
9.1390	0.0010	-0.0010	-0.0053	0.0071
9.1395	0.0006	-0.0009	0.0086	0.0056
9.1400	0.0003	-0.0000	0.0224	0.0048
9.1405	0.0009	0.0002	0.0463	0.0089
9.1410	-0.0001	-0.0024	0.0698	0.0059
9.1415	0.0005	-0.0005	0.0879	0.0012
9.1420	0.0007	0.0015	0.1013	0.0030
9.1425	0.0007	-0.0002	0.1220	0.0040
9.1430	0.0006	-0.0021	0.1473	0.0053
9.1435	0.0008	0.0039	0.1652	0.0074
9.1440	0.0009	0.0012	0.1771	0.0016
9.1445	0.0003	-0.0006	0.1903	0.0052
9.1450	0.0007	-0.0007	0.2215	-0.0010
9.1455	0.0007	-0.0044	0.2439	0.0048
9.1460	0.0008	-0.0011	0.2505	0.0040
9.1465	0.0009	-0.0002	0.2634	0.0043
9.1470	0.0006	-0.0020	0.2928	0.0052
9.1475	0.0011	0.0005	0.3161	0.0031
9.1480	0.0009	0.0018	0.3230	0.0093
9.1485	0.0007	-0.0019	0.3382	0.0150
9.1490	0.0011	-0.0044	0.3667	-0.0026
9.1495	0.0006	-0.0007	0.3887	0.0050
9.1500	0.0006	0.0017	0.3974	0.0052
9.1505	0.0012	-0.0008	0.4098	0.0068
9.1510	0.0010	-0.0050	0.4353	0.0073
9.1515	0.0010	-0.0002	0.4605	0.0069
9.1520	0.0010	-0.0015	0.4710	0.0120
9.1525	0.0007	-0.0003	0.4789	0.0068
9.1530	0.0006	0.0004	0.5034	0.0103
9.1535	0.0009	-0.0002	0.5296	0.0056
9.1540	0.0006	-0.0014	0.5422	0.0063
9.1545	0.0010	-0.0032	0.5499	0.0026
9.1550	0.0009	0.0020	0.5714	0.0039
9.1555	0.0007	-0.0041	0.5982	0.0074
9.1560	0.0007	-0.0008	0.6123	0.0048
9.1565	0.0008	-0.0040	0.6137	0.0045
9.1570	0.0011	0.0032	0.6271	0.0071
9.1575	0.0009	-0.0039	0.6568	0.0051
9.1580	0.0010	-0.0002	0.6940	0.0084
9.1585	0.0008	-0.0027	0.7046	0.0125
9.1590	0.0007	-0.0029	0.7037	0.0083
9.1595	0.0010	-0.0014	0.7281	0.0098
9.1600	0.0008	-0.0005	0.7609	0.0074
9.1605	0.0013	-0.0006	0.7745	0.0026
9.1610	0.0010	0.0029	0.7714	0.0042
9.1615	0.0010	-0.0035	0.7884	0.0090
9.1620	0.0008	-0.0011	0.8218	0.0056
9.1625	0.0007	-0.0019	0.8391	0.0070
9.1630	0.0005	-0.0013	0.8361	0.0050
9.1635	0.0010	0.0020	0.8496	0.0043
9.1640	0.0009	-0.0026	0.8823	0.0115
9.1645	0.0012	-0.0025	0.9020	0.0046
9.1650	0.0010	-0.0006	0.8993	0.0009
9.1655	0.0010	0.0004	0.9096	0.0112
9.1660	0.0009	0.0011	0.9421	0.0049
9.1665	0.0013	-0.0036	0.9629	0.0130
9.1670	0.0009	0.0009	0.9579	0.0094
9.1675	0.0005	-0.0013	0.9651	0.0108
9.1680	0.0005	-0.0014	0.9808	0.0047
9.1685	0.0010	-0.0031	0.9980	0.0036
9.1690	0.0008	0.0003	1.0164	0.0107
9.1695	0.0011	0.0009	1.0102	0.0087
9.1700	0.0009	-0.0009	1.0500	0.0056
9.1705	0.0013	-0.0010	1.0593	0.0048
9.1710	0.0008	0.0017	1.0481	0.0091
9.1715	0.0012	-0.0023	1.0915	0.0102
9.1720	0.0010	0.0006	1.1224	0.0101
9.1725	0.0012	0.0008	1.1133	0.0098
9.1730	0.0012	0.0001	1.0991	0.0115
9.1735	0.0005	0.0001	1.1360	0.0122
9.1740	0.0011	-0.0002	1.1728	0.0117
9.1745	0.0012	-0.0008	1.1682	0.0122
9.1750	0.0013	0.0026	1.1514	0.0092
9.1755	0.0010	0.0004	1.1776	0.0121
9.1760	0.0013	-0.0017	1.2195	0.0146
9.1765	0.0007	0.0033	1.2217	0.0078
9.1770	0.0010	-0.0017	1.1987	0.0050
9.1775	0.0014	0.0025	1.2170	0.0102
9.1780	0.0012	0.0022	1.2609	0.0042
9.1785	0.0011	-0.0018	1.2688	0.0074
9.1790	0.0010	-0.0011	1.2436	0.0086
9.1795	0.0008	-0.0011	1.2532	0.0119
9.1800	0.0016	0.0018	1.2957	0.0072
9.1805	0.0011	-0.0014	1.3085	0.0112
9.1810	0.0015	-0.0012	1.2874	0.0130
9.1815	0.0014	-0.0035	1.2874	0.0105
9.1820	0.0009	-0.0003	1.3263	0.0043
9.1825	0.0007	-0.0042	1.3460	0.0079
9.1830	0.0010	-0.0021	1.3278	0.0062
9.1835	0.0015	0.0004	1.3217	0.0092
9.1840	0.0011	-0.0017	1.3537	0.0040
9.1845	0.0013	0.0002	1.3797	0.0094
9.1850	0.0013	0.0010	1.3631	0.0104
9.1855	0.0012	0.0018	1.3506	0.0095
9.1860	0.0015	-0.0022	1.3786	0.0118
9.1865	0.0014	0.0015	1.4112	0.0094
9.1870	0.0013	-0.0011	1.3951	0.0105
9.1875	0.0010	-0.0012	1.3776	0.0049
9.1880	0.0013	-0.0044	1.3991	0.0081
9.1885	0.0014	-0.0006	1.4314	0.0092
9.1890	0.0011	0.0016	1.4248	0.0101
9.1895	0.0015	0.0016	1.4032	0.0125
9.1900	0.0016	-0.0007	1.4183	0.0072
9.1905	0.0017	0.0024	1.4520	0.0040
9.1910	0.0013	0.0021	1.4491	0.0084
9.1915	0.0007	0.0023	1.4288	0.0025
9.1920	0.0011	-0.0024	1.4339	0.0163
9.1925	0.0012	0.0007	1.4663	0.0024
9.1930	0.0011	0.0037	1.4698	0.0090
9.1935	0.0015	-0.0001	1.4469	0.0135
9.1940	0.0015	-0.0053	1.4470	0.0115
9.1945	0.0013	-0.0027	1.4758	0.0119
9.1950	0.0015	0.0006	1.4866	0.0074
9.1955	0.0015	-0.0044	1.4608	0.0132
9.1960	0.0012	0.0010	1.4553	0.0157
9.1965	0.0011	-0.0060	1.4829	0.0133
9.1970	0.0010	-0.0029	1.4959	0.0123
9.1975	0.0011	-0.0016	1.4753	0.0074
9.1980	0.0012	-0.0020	1.4614	0.0122
9.1985	0.0011	-0.0020	1.4825	0.0101
9.1990	0.0014	-0.0009	1.5032	0.0160
9.1995	0.0015	-0.0008	1.4837	0.0079
9.2000	0.0014	0.0012	1.4646	0.0097
9.2005	0.0012	0.0001	1.4819	0.0171
9.2010	0.0015	-0.0005	1.5024	0.0156
9.2015	0.0015	0.0003	1.4884	0.0135
9.2020	0.0010	0.0021	1.4648	0.0157
9.2025	0.0015	-0.0031	1.4749	0.0071
9.2030	0.0015	-0.0004	1.4971	0.0118
9.2035	0.0011	0.0023	1.4876	0.0151
9.2040	0.0008	0.0017	1.4627	0.0144
9.2045	0.0015	-0.0009	1.4630	0.0129
9.2050	0.0013	-0.0027	1.4864	0.0109
9.2055	0.0015	-0.0005	1.4829	0.0107
9.2060	0.0016	0.0011	1.4558	0.0088
9.2065	0.0012	0.0006	1.4522	0.0097
9.2070	0.0015	0.0020	1.4748	0.0121
9.2075	0.0016	-0.0017	1.4723	0.0118
9.2080	0.0015	-0.0026	1.4469	0.0107
9.2085	0.0012	-0.0013	1.4376	0.0068
9.2090	0.0008	-0.0001	1.4573	0.0094
9.2095	0.0011	-0.0037	1.4598	0.0141
9.2100	0.0011	-0.0037	1.4359	0.0101
9.2105	0.0011	-0.0029	1.4207	0.0079
9.2110	0.0015	0.0008	1.4359	0.0129
9.2115	0.0013	-0.0032	1.4451	0.0093
9.2120	0.0008	0.0051	1.4195	0.0062
9.2125	0.0014	-0.0029	1.3998	0.0123
9.2130	0.0015	-0.0002	1.4096	0.0130
9.2135	0.0018	0.0004	1.4184	0.0100
9.2140	0.0019	-0.0018	1.4007	0.0028
9.2145	0.0013	-0.0005	1.3754	0.0088
9.2150	0.0014	0.0027	1.3804	0.0153
9.2155	0.0010	-0.0023	1.3938	0.0119
9.2160	0.0010	0.0027	1.3759	0.0091
9.2165	0.0013	-0.0014	1.3502	0.0151
9.2170	0.0011	-0.0029	1.3461	0.0134
9.2175	0.0014	-0.0017	1.3590	0.0140
9.2180	0.0014	0.0036	1.3497	0.0097
9.2185	0.0011	0.0002	1.3219	0.0062
9.2190	0.0016	-0.0025	1.3118	0.0132
9.2195	0.0006	0.0019	1.3239	0.0069
9.2200	0.0014	-0.0043	1.3173	0.0103
9.2205	0.0013	0.0027	1.2867	0.0105
9.2210	0.0012	-0.0002	1.2723	0.0113
9.2215	0.0016	-0.0026	1.2838	0.0143
9.2220	0.0017	0.0025	1.2801	0.0110
9.2225	0.0012	-0.0001	1.2498	0.0138
9.2230	0.0015	-0.0014	1.2311	0.0097
9.2235	0.0015	-0.0017	1.2383	0.0150
9.2240	0.0018	-0.0019	1.2372	0.0098
9.2245	0.0012	-0.0032	1.2100	0.0101
9.2250	0.0014	-0.0001	1.1870	0.0176
9.2255	0.0015	-0.0008	1.1917	0.0071
9.2260	0.0012	-0.0000	1.1931	0.0069
9.2265	0.0013	-0.0032	1.1685	0.0095
9.2270	0.0014	-0.0053	1.1418	0.0129
9.2275	0.0012	-0.0029	1.1373	0.0057
9.2280	0.0013	0.0015	1.1456	0.0065
9.2285	0.0009	-0.0029	1.1236	0.0081
9.2290	0.0017	-0.0014	1.0928	0.0101
9.2295	0.0011	-0.0016	1.0871	0.0157
9.2300	0.0013	-0.0035	1.0903	0.0120
9.2305	0.0009	-0.0023	1.0736	0.0107
9.2310	0.0015	-0.0014	1.0441	0.0129
9.2315	0.0013	-0.0003	1.0309	0.0073
9.2320	0.0012	-0.0025	1.0350	0.0160
9.2325	0.0008	-0.0053	1.0220	0.0146
9.2330	0.0015	0.0018	0.9892	0.0061
9.2335	0.0011	-0.0002	0.9727	0.0109
9.2340	0.0012	0.0001	0.9768	0.0159
9.2345	0.0013	0.0013	0.9659	0.0091
9.2350	0.0009	0.0024	0.9336	0.0034
9.2355	0.0012	-0.0021	0.9135	0.0093
9.2360	0.0018	-0.0022	0.9149	0.0107
9.2365	0.0012	0.0001	0.9064	0.0102
9.2370	0.0016	-0.0002	0.8775	0.0097
9.2375	0.0011	-0.0029	0.8521	0.0082
9.2380	0.0012	0.0016	0.8480	0.0167
9.2385	0.0016	-0.0023	0.8462	0.0069
9.2390	0.0014	-0.0009	0.8195	0.0047
9.2395	0.0011	-0.0008	0.7906	0.0125
9.2400	0.0010	-0.0037	0.7805	0.0130
9.2405	0.0011	0.0005	0.7782	0.0057
9.2410	0.0011	-0.0015	0.7555	0.0098
9.2415	0.0013	-0.0020	0.7246	0.0071
9.2420	0.0010	-0.0008	0.7144	0.0080
9.2425	0.0012	-0.0023	0.7099	0.0042
9.2430	0.0012	-0.0035	0.6899	0.0066
9.2435	0.0010	0.0015	0.6590	0.0179
9.2440	0.0012	0.0015	0.6434	0.0086
9.2445	0.0010	-0.0018	0.6391	0.0105
9.2450	0.0012	0.0027	0.6256	0.0071
9.2455	0.0011	-0.0026	0.5911	0.0057
9.2460	0.0010	0.0027	0.5721	0.0057
9.2465	0.0010	0.0002	0.5673	0.0091
9.2470	0.0014	-0.0009	0.5516	0.0040
9.2475	0.0011	0.0035	0.5246	0.0068
9.2480	0.0009	-0.0023	0.5025	0.0078
9.2485	0.0008	0.0012	0.4940	0.0029
9.2490	0.0012	0.0009	0.4809	0.0065
9.2495	0.0011	0.0005	0.4544	-0.0023
9.2500	0.0011	-0.0002	0.4296	0.0123
9.2505	0.0012	-0.0013	0.4187	0.0061
9.2510	0.0014	-0.0034	0.4115	0.0060
9.2515	0.0010	0.0004	0.3822	0.0057
9.2520	0.0013	-0.0036	0.3567	0.0139
9.2525	0.0012	-0.0023	0.3443	0.0027
9.2530	0.0015	-0.0023	0.3320	0.0112
9.2535	0.0010	-0.0007	0.3108	0.0088
9.2540	0.0012	0.0015	0.2835	0.0053
9.2545	0.0007	-0.0007	0.2695	0.0079
9.2550	0.0011	-0.0003	0.2573	0.0141
9.2555	0.0008	-0.0009	0.2373	0.0080
9.2560	0.0009	-0.0018	0.2110	0.0076
9.2565	0.0007	0.0002	0.1917	0.0038
9.2570	0.0006	-0.0009	0.1798	0.0066
9.2575	0.0009	-0.0031	0.1634	0.0091
9.2580	0.0008	-0.0049	0.1372	0.0082
9.2585	0.0004	0.0036	0.1148	0.0097
9.2590	0.0006	-0.0006	0.1025	0.0087
9.2595	0.0011	-0.0022	0.0860	0.0005
9.2600	0.0005	0.0017	0.0627	0.0037
9.2605	0.0009	-0.0050	0.0406	0.0059
9.2610	0.0006	-0.0001	0.0263	0.0040
9.2615	0.0006	0.0001	0.0120	0.0046
9.2620	0.0010	-0.0030	-0.0064	0.0070
9.2625	0.0007	-0.0002	-0.0178	0.0091
9.2630	0.0011	0.0011	-0.0239	0.0050
9.2635	0.0010	-0.0040	-0.0519	0.0003
9.2640	0.0010	0.0042	-0.0856	0.0103
9.2645	0.0004	-0.0003	-0.1127	0.0091
9.2650	0.0012	-0.0017	-0.1246	0.0046
9.2655	0.0009	-0.0011	-0.1348	0.0069
9.2660	0.0007	-0.0014	-0.1570	0.0009
9.2665	0.0006	0.0027	-0.1847	0.0130
9.2670	0.0008	0.0001	-0.1985	0.0062
9.2675	0.0008	-0.0002	-0.2076	0.0057
9.2680	0.0010	-0.0038	-0.2296	0.0077
9.2685	0.0010	-0.0000	-0.2583	0.0056
9.2690	0.0010	-0.0011	-0.2740	0.0102
9.2695	0.0007	-0.0004	-0.2815	0.0048
9.2700	0.0008	-0.0000	-0.3029	0.0059
9.2705	0.0007	-0.0003	-0.3286	0.0037
9.2710	0.0005	-0.0029	-0.3459	0.0021
9.2715	0.0007	-0.0003	-0.3506	0.0020
9.2720	0.0007	-0.0020	-0.3622	0.0040
9.2725	0.0006	0.0011	-0.3998	0.0036
9.2730	0.0005	-0.0014	-0.4305	0.0066
9.2735	0.0007	0.0014	-0.4285	0.0039
9.2740	0.0007	0.0030	-0.4346	0.0074
9.2745	0.0011	0.0006	-0.4689	0.0055
9.2750	0.0008	-0.0012	-0.5009	0.0057
9.2755	0.0006	-0.0028	-0.5028	0.0081
9.2760	0.0008	-0.0014	-0.5054	0.0087
9.2765	0.0008	0.0007	-0.5371	0.0071
9.2770	0.0006	-0.0026	-0.5693	0.0119
9.2775	0.0005	0.0027	-0.5757	0.0007
9.2780	0.0008	-0.0019	-0.5760	0.0056
9.2785	0.0006	-0.0031	-0.6021	0.0082
9.2790	0.0008	0.0015	-0.6360	0.0058
9.2795	0.0004	-0.0009	-0.6467	0.0090
9.2800	0.0009	-0.0016	-0.6451	0.0043
9.2805	0.0004	-0.0003	-0.6655	0.0084
9.2810	0.0007	-0.0030	-0.7021	0.0057
9.2815	0.0009	-0.0026	-0.7163	0.0072
9.2820	0.0007	-0.0067	-0.7141	0.0087
9.2825	0.0004	-0.0023	-0.7317	0.0079
9.2830	0.0007	-0.0036	-0.7655	0.0043
9.2835	0.0004	0.0016	-0.7854	0.0117
9.2840	0.0010	-0.0020	-0.7793	0.0046
9.2845	0.0009	-0.0022	-0.7893	-0.0032
9.2850	0.0005	0.0025	-0.8265	0.0045
9.2855	0.0005	0.0013	-0.8497	0.0102
9.2860	0.0005	-0.0032	-0.8449	0.0039
9.2865	0.0003	-0.0015	-0.8509	0.0037
9.2870	0.0006	0.0015	-0.8841	0.0093
9.2875	0.0007	-0.0003	-0.9085	0.0022
9.2880	0.0008	-0.0002	-0.9065	0.0046
9.2885	0.0004	-0.0031	-0.9084	0.0068
9.2890	0.0008	-0.0014	-0.9421	0.0091
9.2895	0.0003	0.0016	-0.9681	0.0041
9.2900	0.0004	-0.0001	-0.9673	0.0063
9.2905	0.0004	-0.0018	-0.9608	0.0058
9.2910	0.0008	-0.0031	-0.9818	0.0070
9.2915	0.0005	0.0032	-1.0055	0.0035
9.2920	0.0005	0.0030	-1.0216	0.0071
9.2925	0.0002	-0.0001	-1.0423	-0.0019
9.2930	0.0000	0.0025	-1.0309	0.0048
9.2935	0.0009	0.0012	-1.0531	0.0056
9.2940	0.0003	0.0019	-1.0990	-0.0035
9.2945	0.0001	-0.0002	-1.0871	-0.0025
9.2950	0.0002	-0.0047	-1.0655	0.0102
9.2955	0.0004	0.0022	-1.1106	0.0043
9.2960	0.0006	-0.0012	-1.1598	-0.0033
9.2965	0.0003	-0.0043	-1.1452	0.0108
9.2970	-0.0001	0.0016	-1.1166	0.0014
9.2975	0.0003	-0.0011	-1.1500	-0.0042
9.2980	0.0008	-0.0011	-1.2021	0.0016
9.2985	0.0006	0.0015	-1.1954	-0.0015
9.2990	0.0007	0.0004	-1.1632	0.0019
9.2995	0.0004	-0.0019	-1.1887	0.0030
9.3000	0.0005	-0.0039	-1.2435	0.0035
9.3005	0.0005	-0.0050	-1.2461	0.0049
9.3010	0.0004	-0.0002	-1.2118	0.0061
9.3015	0.0004	-0.0003	-1.2262	0.0012
9.3020	0.0001	0.0019	-1.2787	-0.0001
9.3025	0.0003	0.0005	-1.2899	0.0016
9.3030	0.0007	-0.0018	-1.2574	-0.0003
9.3035	0.0002	0.0040	-1.2546	0.0000
9.3040	0.0003	-0.0016	-1.3102	0.0014
9.3045	0.0003	-0.0006	-1.3330	-0.0001
9.3050	0.0002	-0.0013	-1.3007	-0.0033
9.3055	0.0005	0.0022	-1.2891	0.0061
9.3060	0.0006	-0.0031	-1.3363	0.0030
9.3065	0.0003	0.0024	-1.3668	0.0051
9.3070	0.0001	0.0011	-1.3391	0.0005
9.3075	0.0006	-0.0036	-1.3191	0.0020
9.3080	0.0002	-0.0044	-1.3584	0.0062
9.3085	0.0001	0.0003	-1.3973	-0.0026
9.3090	0.0007	0.0018	-1.3736	0.0016
9.3095	0.0004	-0.0018	-1.3467	-0.0032
9.3100	0.0005	-0.0017	-1.3748	0.0048
9.3105	0.0003	0.0004	-1.4186	-0.0053
9.3110	0.0002	-0.0010	-1.4062	-0.0012
9.3115	0.0006	0.0027	-1.3708	0.0052
9.3120	0.0004	-0.0014	-1.3919	0.0006
9.3125	0.0002	0.0032	-1.4383	0.0026
9.3130	0.0004	-0.0002	-1.4320	-0.0019
9.3135	0.0000	-0.0032	-1.3969	0.0014
9.3140	0.0004	-0.0023	-1.4069	-0.0053
9.3145	0.0008	-0.0006	-1.4515	0.0025
9.3150	0.0001	-0.0011	-1.4536	0.0056
9.3155	0.0001	0.0046	-1.4189	0.0094
9.3160	0.0004	-0.0014	-1.4165	0.0016
9.3165	0.0005	-0.0021	-1.4593	0.0038
9.3170	0.0004	0.0009	-1.4733	-0.0022
9.3175	0.0006	0.0005	-1.4379	0.0008
9.3180	0.0004	-0.0016	-1.4223	0.0014
9.3185	0.0006	0.0003	-1.4618	0.0052
9.3190	-0.0002	0.0009	-1.4844	0.0017
9.3195	0.0003	-0.0023	-1.4520	0.0025
9.3200	0.0005	0.0045	-1.4296	0.0015
9.3205	-0.0001	0.0010	-1.4616	0.0014
9.3210	0.0003	-0.0005	-1.4890	-0.0006
9.3215	0.0002	-0.0031	-1.4663	-0.0053
9.3220	0.0002	0.0025	-1.4382	0.0003
9.3225	0.0002	-0.0037	-1.4575	-0.0026
9.3230	-0.0003	0.0036	-1.4904	-0.0048
9.3235	0.0002	-0.0029	-1.4753	0.0018
9.3240	0.0003	0.0007	-1.4389	0.0007
9.3245	-0.0003	0.0001	-1.4524	-0.0003
9.3250	0.0000	0.0021	-1.4854	-0.0011
9.3255	0.0001	-0.0031	-1.4769	-0.0034
9.3260	0.0003	0.0024	-1.4410	-0.0032
9.3265	-0.0000	0.0025	-1.4433	0.0004
9.3270	0.0000	0.0009	-1.4764	-0.0001
9.3275	0.0002	-0.0002	-1.4718	-0.0026
9.3280	0.0003	0.0011	-1.4397	0.0050
9.3285	0.0001	0.0018	-1.4293	-0.0024
9.3290	0.0000	-0.0022	-1.4580	-0.0025
9.3295	-0.0002	-0.0003	-1.4671	0.0030
9.3300	0.0005	-0.0036	-1.4316	0.0076
9.3305	0.0000	0.0024	-1.4165	-0.0022
9.3310	0.0003	-0.0018	-1.4397	0.0001
9.3315	0.0003	-0.0007	-1.4554	-0.0033
9.3320	0.0000	-0.0033	-1.4238	0.0070
9.3325	0.0001	0.0004	-1.4011	-0.0052
9.3330	0.0003	-0.0000	-1.4174	-0.0019
9.3335	-0.0001	0.0013	-1.4341	0.0029
9.3340	0.0002	-0.0003	-1.4103	-0.0012
9.3345	0.0001	0.0002	-1.3826	-0.0017
9.3350	0.0000	0.0002	-1.3935	0.0027
9.3355	0.0002	0.0046	-1.4054	0.0001
9.3360	0.0000	-0.0017	-1.3738	-0.0001
9.3365	0.0002	0.0024	-1.3339	-0.0017
9.3370	0.0001	-0.0058	-1.3333	-0.0014
9.3375	0.0004	-0.0020	-1.3508	0.0021
9.3380	0.0001	-0.0001	-1.3383	-0.0026
9.3385	-0.0000	0.0012	-1.3067	-0.0047
9.3390	0.0003	-0.0037	-1.3018	-0.0010
9.3395	0.0002	0.0074	-1.3186	-0.0001
9.3400	0.0002	-0.0002	-1.3117	0.0032
9.3405	0.0002	-0.0002	-1.2821	-0.0041
9.3410	0.0000	-0.0015	-1.2720	-0.0004
9.3415	0.0001	0.0032	-1.2856	-0.0027
9.3420	0.0000	0.0006	-1.2846	0.0016
9.3425	0.0005	0.0024	-1.2558	0.0049
9.3430	0.0001	0.0009	-1.2378	0.0024
9.3435	-0.0001	-0.0020	-1.2487	-0.0064
9.3440	0.0004	0.0004	-1.2527	-0.0065
9.3445	-0.0002	-0.0014	-1.2250	-0.0013
9.3450	0.0000	-0.0048	-1.2014	-0.0010
9.3455	0.0006	0.0007	-1.2085	0.0030
9.3460	0.0002	-0.0022	-1.2127	-0.0035
9.3465	0.0002	0.0001	-1.1873	0.0067
9.3470	-0.0003	-0.0032	-1.1617	-0.0021
9.3475	0.0000	0.0010	-1.1640	-0.0003
9.3480	0.0003	-0.0010	-1.1683	-0.0007
9.3485	-0.0000	0.0004	-1.1511	0.0001
9.3490	0.0005	-0.0020	-1.1231	-0.0026
9.3495	-0.0004	0.0024	-1.1164	-0.0058
9.3500	0.0003	-0.0007	-1.1249	-0.0006
9.3505	0.0003	-0.0034	-1.1084	0.0060
9.3510	0.0003	-0.0000	-1.0770	0.0030
9.3515	0.0004	-0.0020	-1.0665	0.0016
9.3520	0.0002	-0.0002	-1.0737	0.0015
9.3525	-0.0000	-0.0015	-1.0602	0.0042
9.3530	0.0004	0.0009	-1.0293	-0.0019
9.3535	0.0003	-0.0003	-1.0148	0.0016
9.3540	0.0002	0.0024	-1.0215	-0.0010
9.3545	0.0002	-0.0050	-1.0168	0.0029
9.3550	0.0004	0.0009	-0.9819	0.0016
9.3555	0.0001	-0.0012	-0.9610	0.0014
9.3560	0.0003	-0.0026	-0.9651	-0.0012
9.3565	0.0004	-0.0019	-0.9583	-0.0020
9.3570	0.0005	-0.0003	-0.9317	-0.0053
9.3575	-0.0001	-0.0038	-0.9069	0.0037
9.3580	0.0002	-0.0016	-0.9063	0.0037
9.3585	-0.0000	-0.0005	-0.9025	0.0003
9.3590	0.0004	-0.0011	-0.8776	0.0028
9.3595	0.0001	-0.0017	-0.8528	0.0024
9.3600	0.0004	-0.0032	-0.8458	-0.0041
9.3605	0.0004	-0.0001	-0.8436	0.0001
9.3610	0.0001	-0.0011	-0.8198	0.0005
9.3615	0.0001	-0.0017	-0.7931	0.0094
9.3620	0.0004	0.0004	-0.7839	0.0025
9.3625	0.0001	-0.0003	-0.7864	-0.0061
9.3630	0.0005	0.0033	-0.7633	0.0014
9.3635	-0.0002	0.0002	-0.7347	0.0039
9.3640	0.0007	-0.0023	-0.7191	0.0097
9.3645	0.0003	-0.0024	-0.7192	0.0017
9.3650	0.0001	0.0007	-0.7021	0.0037
9.3655	0.0003	-0.0017	-0.6709	0.0048
9.3660	0.0005	0.0013	-0.6541	0.0040
9.3665	0.0006	-0.0024	-0.6530	-0.0024
9.3670	0.0005	-0.0024	-0.6396	-0.0002
9.3675	0.0002	-0.0035	-0.6106	0.0015
9.3680	0.0007	-0.0002	-0.5877	0.0022
9.3685	0.0003	-0.0024	-0.5830	0.0005
9.3690	0.0004	0.0010	-0.5748	0.0045
9.3695	0.0003	-0.0013	-0.5462	0.0078
9.3700	0.0005	-0.0036	-0.5195	0.0017
9.3705	0.0001	0.0010	-0.5132	-0.0017
9.3710	0.0003	-0.0035	-0.5064	0.0026
9.3715	0.0008	0.0003	-0.4787	-0.0006
9.3720	0.0002	-0.0000	-0.4500	0.0045
9.3725	0.0006	0.0018	-0.4425	0.0067
9.3730	0.0006	0.0004	-0.4350	-0.0028
9.3735	0.0001	-0.0017	-0.4114	0.0026
9.3740	0.0002	0.0036	-0.3846	0.0046
9.3745	0.0005	0.0011	-0.3697	-0.0046
9.3750	0.0005	0.0039	-0.3614	0.0069
9.3755	0.0008	-0.0058	-0.3415	0.0006
9.3760	0.0006	0.0006	-0.3142	0.0055
9.3765	0.0003	-0.0000	-0.2958	0.0007
9.3770	0.0005	-0.0010	-0.2877	0.0081
9.3775	0.0005	-0.0013	-0.2721	0.0069
9.3780	0.0003	-0.0036	-0.2424	-0.0003
9.3785	0.0004	0.0028	-0.2240	0.0028
9.3790	0.0004	-0.0026	-0.2158	0.0029
9.3795	0.0006	-0.0032	-0.2002	0.0009
9.3800	0.0008	0.0011	-0.1740	-0.0009
9.3805	0.0010	0.0004	-0.1520	0.0037
9.3810	0.0004	-0.0002	-0.1417	0.0045
9.3815	0.0003	0.0007	-0.1268	-0.0006
9.3820	0.0007	-0.0012	-0.1031	0.0008
9.3825	0.0010	0.0027	-0.0817	0.0058
9.3830	0.0006	-0.0001	-0.0670	-0.0005
9.3835	0.0006	0.0001	-0.0534	-0.0023
9.3840	0.0007	-0.0041	-0.0340	-0.0056
9.3845	0.0009	-0.0042	-0.0137	0.0014
9.3850	0.0005	-0.0002	-0.0006	-0.0007
9.3855	0.0003	0.0006	0.0121	-0.0046
9.3860	0.0008	-0.0029	0.0294	-0.0005
9.3865	0.0006	0.0016	0.0524	0.0007
9.3870	0.0007	0.0014	0.0757	0.0037
9.3875	0.0006	0.0001	0.0897	0.0080
9.3880	0.0004	-0.0008	0.1028	0.0027
9.3885	0.0008	-0.0076	0.1264	0.0010
9.3890	0.0009	-0.0028	0.1503	0.0056
9.3895	0.0006	-0.0032	0.1616	-0.0016
9.3900	0.0009	-0.0020	0.1684	0.0004
9.3905	0.0005	-0.0003	0.1958	0.0062
9.3910	0.0006	-0.0038	0.2229	0.0055
9.3915	0.0009	-0.0007	0.2341	0.0056
9.3920	0.0006	-0.0031	0.2402	0.0066
9.3925	0.0011	-0.0020	0.2663	0.0117
9.3930	0.0006	0.0014	0.2923	0.0032
9.3935	0.0008	0.0006	0.3080	0.0074
9.3940	0.0008	-0.0023	0.3111	0.0056
9.3945	0.0005	-0.0011	0.3355	0.0077
9.3950	0.0008	0.0017	0.3650	0.0019
9.3955	0.0009	0.0004	0.3776	0.0114
9.3960	0.0007	-0.0026	0.3840	0.0114
9.3965	0.0007	-0.0016	0.4057	-0.0004
9.3970	0.0008	-0.0036	0.4326	0.0094
9.3975	0.0003	-0.0026	0.4491	0.0069
9.3980	0.0012	0.0024	0.4534	0.0014
9.3985	0.0008	-0.0026	0.4687	0.0034
9.3990	0.0010	-0.0005	0.4998	0.0093
9.3995	0.0005	-0.0044	0.5124	-0.0020
9.4000	0.0005	0.0001	0.5211	0.0082
9.4005	0.0006	0.0032	0.5348	0.0036
9.4010	0.0010	0.0012	0.5626	0.0071
9.4015	0.0007	0.0004	0.5804	0.0022
9.4020	0.0006	-0.0002	0.5797	0.0083
9.4025	0.0007	-0.0017	0.5882	0.0068
9.4030	0.0007	-0.0030	0.6320	0.0141
9.4035	0.0010	0.0005	0.6677	0.0042
9.4040	0.0007	-0.0023	0.6604	0.0065
9.4045	0.0006	-0.0006	0.6589	0.0042
9.4050	0.0006	-0.0023	0.6928	0.0093
9.4055	0.0007	-0.0008	0.7291	0.0031
9.4060	0.0009	-0.0021	0.7290	0.0062
9.4065	0.0009	0.0031	0.7224	0.0040
9.4070	0.0005	-0.0008	0.7513	0.0099
9.4075	0.0009	-0.0038	0.7880	0.0003
9.4080	0.0007	-0.0014	0.7951	0.0076
9.4085	0.0011	0.0020	0.7862	0.0113
9.4090	0.0010	0.0001	0.8103	0.0068
9.4095	0.0011	0.0006	0.8473	0.0079
9.4100	0.0012	-0.0003	0.8567	0.0026
9.4105	0.0011	0.0014	0.8456	0.0090
9.4110	0.0009	0.0033	0.8632	0.0059
9.4115	0.0006	-0.0009	0.9045	0.0056
9.4120	0.0008	-0.0007	0.9211	0.0132
9.4125	0.0005	-0.0008	0.9088	0.0103
9.4130	0.0013	-0.0029	0.9168	0.0076
9.4135	0.0008	-0.0007	0.9517	0.0067
9.4140	0.0011	-0.0027	0.9760	0.0059
9.4145	0.0009	-0.0017	0.9490	0.0070
9.4150	0.0011	-0.0017	0.9532	0.0087
9.4155	0.0007	0.0035	0.9991	0.0105
9.4160	0.0008	0.0002	1.0248	0.0078
9.4165	0.0009	0.0008	1.0304	0.0083
9.4170	0.0009	-0.0008	0.9984	0.0104
9.4175	0.0009	0.0022	1.0220	0.0070
9.4180	0.0010	-0.0002	1.1060	0.0051
9.4185	0.0005	-0.0012	1.1069	0.0073
9.4190	0.0014	-0.0020	1.0534	0.0071
9.4195	0.0010	0.0004	1.0655	-0.0011
9.4200	0.0009	0.0017	1.1430	0.0107
9.4205	0.0008	-0.0017	1.1628	0.0014
9.4210	0.0013	-0.0039	1.1083	0.0070
9.4215	0.0008	0.0010	1.1042	0.0051
9.4220	0.0009	-0.0021	1.1747	0.0067
9.4225	0.0008	0.0021	1.2091	0.0076
9.4230	0.0012	0.0023	1.1615	0.0027
9.4235	0.0010	0.0004	1.1397	0.0131
9.4240	0.0012	0.0021	1.2049	0.0156
9.4245	0.0012	-0.0012	1.2521	0.0081
9.4250	0.0009	-0.0056	1.2125	0.0066
9.4255	0.0009	0.0005	1.1796	0.0049
9.4260	0.0009	-0.0016	1.2309	0.0118
9.4265	0.0009	0.0027	1.2865	0.0048
9.4270	0.0012	-0.0017	1.2601	0.0047
9.4275	0.0010	0.0009	1.2200	0.0099
9.4280	0.0008	-0.0001	1.2561	0.0042
9.4285	0.0010	0.0001	1.3160	0.0098
9.4290	0.0010	-0.0019	1.3036	0.0133
9.4295	0.0015	0.0025	1.2574	0.0062
9.4300	0.0010	0.0034	1.2792	0.0098
9.4305	0.0013	0.0018	1.3426	0.0084
9.4310	0.0009	-0.0024	1.3414	0.0103
9.4315	0.0010	-0.0019	1.2933	0.0098
9.4320	0.0011	-0.0038	1.3007	0.0101
9.4325	0.0012	-0.0017	1.3622	0.0063
9.4330	0.0015	0.0016	1.3731	0.0089
9.4335	0.0010	0.0005	1.3266	0.0086
9.4340	0.0011	-0.0008	1.3226	0.0148
9.4345	0.0011	-0.0009	1.3737	0.0040
9.4350	0.0011	0.0027	1.3994	0.0078
9.4355	0.0015	0.0001	1.3586	0.0035
9.4360	0.0010	-0.0001	1.3385	0.0098
9.4365	0.0013	-0.0009	1.3868	0.0091
9.4370	0.0015	-0.0028	1.4216	0.0123
9.4375	0.0015	-0.0069	1.3856	0.0077
9.4380	0.0016	-0.0013	1.3603	0.0077
9.4385	0.0012	-0.0017	1.3951	0.0091
9.4390	0.0012	-0.0015	1.4360	0.0068
9.4395	0.0013	-0.0011	1.4119	0.0165
9.4400	0.0014	-0.0008	1.3730	0.0004
9.4405	0.0016	0.0049	1.3986	0.0134
9.4410	0.0011	-0.0007	1.4421	0.0049
9.4415	0.0012	-0.0001	1.4281	0.0088
9.4420	0.0015	0.0015	1.3879	0.0076
9.4425	0.0010	-0.0008	1.4024	0.0102
9.4430	0.0015	-0.0048	1.4464	0.0062
9.4435	0.0013	-0.0016	1.4403	0.0088
9.4440	0.0009	-0.0030	1.3960	0.0057
9.4445	0.0013	-0.0005	1.4041	0.0076
9.4450	0.0011	-0.0008	1.4478	0.0114
9.4455	0.0015	-0.0020	1.4484	0.0119
9.4460	0.0011	0.0002	1.4057	0.0095
9.4465	0.0011	-0.0032	1.3988	0.0039
9.4470	0.0015	-0.0019	1.4416	0.0100
9.4475	0.0015	0.0004	1.4531	0.0098
9.4480	0.0010	0.0006	1.4118	0.0131
9.4485	0.0009	0.0042	1.3954	0.0126
9.4490	0.0014	-0.0013	1.4319	0.0059
9.4495	0.0006	-0.0043	1.4485	0.0087
9.4500	0.0008	0.0009	1.4126	0.0089
9.4505	0.0012	-0.0035	1.3876	0.0100
9.4510	0.0010	0.0001	1.4160	0.0112
9.4515	0.0012	0.0009	1.4436	0.0087
9.4520	0.0010	0.0005	1.4111	0.0164
9.4525	0.0012	-0.0009	1.3801	0.0146
9.4530	0.0011	-0.0016	1.3989	0.0059
9.4535	0.0016	0.0015	1.4280	0.0144
9.4540	0.0012	-0.0021	1.4061	0.0104
9.4545	0.0013	-0.0036	1.3655	0.0104
9.4550	0.0011	-0.0035	1.3790	0.0138
9.4555	0.0011	0.0033	1.4125	0.0176
9.4560	0.0013	-0.0040	1.3967	0.0099
9.4565	0.0014	0.0015	1.3547	0.0045
9.4570	0.0015	-0.0003	1.3585	0.0088
9.4575	0.0010	0.0006	1.3894	0.0103
9.4580	0.0015	-0.0028	1.3823	0.0102
9.4585	0.0014	-0.0015	1.3384	0.0109
9.4590	0.0015	-0.0009	1.3333	0.0084
9.4595	0.0010	0.0017	1.3632	0.0100
9.4600	0.0016	-0.0014	1.3634	0.0129
9.4605	0.0010	-0.0006	1.3228	0.0069
9.4610	0.0014	-0.0001	1.3051	0.0115
9.4615	0.0010	-0.0028	1.3304	0.0117
9.4620	0.0014	0.0015	1.3397	0.0139
9.4625	0.0012	-0.0018	1.2995	0.0113
9.4630	0.0014	0.0017	1.2743	0.0120
9.4635	0.0012	-0.0035	1.2923	0.0119
9.4640	0.0009	0.0015	1.3099	0.0117
9.4645	0.0016	-0.0021	1.2771	0.0084
9.4650	0.0017	-0.0019	1.2412	0.0071
9.4655	0.0011	0.0018	1.2558	0.0139
9.4660	0.0018	-0.0008	1.2745	0.0081
9.4665	0.0014	0.0010	1.2452	0.0082
9.4670	0.0017	0.0004	1.2087	0.0123
9.4675	0.0014	-0.0011	1.2147	0.0097
9.4680	0.0011	0.0012	1.2339	0.0079
9.4685	0.0012	0.0028	1.2143	0.0124
9.4690	0.0011	-0.0035	1.1705	0.0092
9.4695	0.0015	0.0004	1.1675	0.0070
9.4700	0.0010	-0.0014	1.1883	0.0108
9.4705	0.0011	-0.0029	1.1770	0.0081
9.4710	0.0012	-0.0015	1.1334	0.0144
9.4715	0.0013	-0.0000	1.1201	0.0084
9.4720	0.0012	0.0005	1.1410	0.0036
9.4725	0.0008	0.0003	1.1333	0.0126
9.4730	0.0012	-0.0046	1.0936	0.0100
9.4735	0.0010	0.0004	1.0732	0.0138
9.4740	0.0011	-0.0028	1.0894	0.0122
9.4745	0.0015	-0.0007	1.0898	0.0066
9.4750	0.0013	0.0016	1.0511	0.0151
9.4755	0.0011	0.0002	1.0256	0.0113
9.4760	0.0013	0.0004	1.0358	0.0045
9.4765	0.0012	-0.0008	1.0400	0.0077
9.4770	0.0013	-0.0015	1.0074	0.0105
9.4775	0.0013	-0.0040	0.9731	0.0102
9.4780	0.0011	-0.0033	0.9790	0.0113
9.4785	0.0014	-0.0006	0.9865	0.0129
9.4790	0.0012	0.0057	0.9555	0.0121
9.4795	0.0015	0.0004	0.9211	0.0134
9.4800	0.0010	-0.0057	0.9198	0.0201
9.4805	0.0008	-0.0003	0.9288	0.0111
9.4810	0.0010	-0.0008	0.9055	0.0025
9.4815	0.0004	0.0056	0.8657	0.0081
9.4820	0.0009	-0.0023	0.8596	0.0107
9.4825	0.0012	-0.0002	0.8692	0.0035
9.4830	0.0007	0.0002	0.8501	0.0065
9.4835	0.0009	-0.0017	0.8114	0.0050
9.4840	0.0012	-0.0019	0.7962	0.0070
9.4845	0.0010	0.0004	0.8058	0.0091
9.4850	0.0011	0.0017	0.7903	0.0094
9.4855	0.0012	-0.0032	0.7527	0.0022
9.4860	0.0004	-0.0017	0.7318	0.0074
9.4865	0.0011	-0.0016	0.7389	0.0143
9.4870	0.0008	0.0033	0.7300	0.0117
9.4875	0.0008	-0.0024	0.6943	0.0108
9.4880	0.0012	-0.0030	0.6684	0.0074
9.4885	0.0013	0.0024	0.6682	0.0095
9.4890	0.0011	-0.0006	0.6648	0.0067
9.4895	0.0008	-0.0005	0.6318	0.0131
9.4900	0.0012	-0.0017	0.6004	0.0079
9.4905	0.0010	0.0016	0.5993	0.0092
9.4910	0.0010	-0.0020	0.5954	0.0072
9.4915	0.0010	-0.0053	0.5695	0.0095
9.4920	0.0013	-0.0021	0.5350	0.0108
9.4925	0.0013	-0.0008	0.5271	0.0076
9.4930	0.0010	-0.0005	0.5278	0.0062
9.4935	0.0010	-0.0032	0.5035	0.0153
9.4940	0.0009	-0.0014	0.4688	0.0099
9.4945	0.0007	0.0009	0.4577	0.0076
9.4950	0.0010	-0.0004	0.4571	0.0076
9.4955	0.0010	0.0023	0.4362	0.0063
9.4960	0.0012	-0.0004	0.4019	0.0057
9.4965	0.0010	0.0001	0.3862	0.0022
9.4970	0.0007	-0.0004	0.3846	0.0066
9.4975	0.0011	-0.0002	0.3695	0.0093
9.4980	0.0010	-0.0031	0.3352	0.0070
9.4985	0.0006	0.0020	0.3134	0.0110
9.4990	0.0012	-0.0014	0.3120	-0.0016
9.4995	0.0008	-0.0003	0.2983	0.0101
9.5000	0.0010	0.0001	0.2687	0.0048
9.5005	0.0008	-0.0028	0.2412	0.0038
9.5010	0.0007	0.0012	0.2369	0.0084
9.5015	0.0009	-0.0007	0.2277	0.0101
9.5020	0.0011	-0.0044	0.1986	0.0047
9.5025	0.0010	0.0018	0.1695	0.0034
9.5030	0.0012	-0.0002	0.1608	0.0092
9.5035	0.0013	-0.0011	0.1532	0.0070
9.5040	0.0013	-0.0038	0.1271	0.0123
9.5045	0.0010	-0.0032	0.0999	0.0051
9.5050	0.0010	0.0007	0.0866	0.0035
9.5055	0.0009	0.0035	0.0765	0.0087
9.5060	0.0008	-0.0000	0.0571	0.0031
9.5065	0.0008	0.0012	0.0331	0.0043
9.5070	0.0013	-0.0020	0.0150	0.0037
9.5075	0.0006	-0.0024	0.0020	0.0032
9.5080	0.0009	-0.0002	-0.0102	0.0053
9.5085	0.0011	-0.0003	-0.0203	0.0077
9.5090	0.0003	-0.0068	-0.0331	0.0067
9.5095	0.0006	-0.0002	-0.0636	0.0071
9.5100	0.0007	-0.0005	-0.0979	0.0046
9.5105	0.0003	-0.0021	-0.1154	0.0087
9.5110	0.0006	-0.0002	-0.1256	0.0060
9.5115	0.0010	0.0007	-0.1401	0.0040
9.5120	0.0009	-0.0020	-0.1650	0.0089
9.5125	0.0007	-0.0017	-0.1858	0.0045
9.5130	0.0005	-0.0005	-0.1948	0.0035
9.5135	0.0010	-0.0024	-0.2078	0.0093
9.5140	0.0009	-0.0023	-0.2345	0.0041
9.5145	0.0010	-0.0020	-0.2566	0.0051
9.5150	0.0007	-0.0009	-0.2662	0.0057
9.5155	0.0008	0.0009	-0.2784	0.0034
9.5160	0.0010	0.0028	-0.3024	0.0100
9.5165	0.0009	-0.0007	-0.3290	0.0100
9.5170	0.0006	-0.0001	-0.3387	0.0115
9.5175	0.0009	0.0009	-0.3410	0.0062
9.5180	0.0007	0.0003	-0.3587	-0.0009
9.5185	0.0007	-0.0035	-0.3986	0.0068
9.5190	0.0008	-0.0014	-0.4191	0.0101
9.5195	0.0010	0.0006	-0.4143	0.0039
9.5200	0.0005	-0.0035	-0.4268	0.0068
9.5205	0.0007	-0.0055	-0.4645	0.0051
9.5210	0.0004	-0.0000	-0.4883	0.0079
9.5215	0.0008	-0.0001	-0.4869	0.0057
9.5220	0.0010	-0.0007	-0.4941	0.0036
9.5225	0.0010	-0.0011	-0.5288	0.0007
9.5230	0.0007	-0.0021	-0.5546	0.0098
9.5235	0.0003	0.0025	-0.5544	0.0017
9.5240	0.0008	-0.0032	-0.5609	0.0018
9.5245	0.0006	0.0003	-0.5925	0.0077
9.5250	0.0008	-0.0022	-0.6207	-0.0003
9.5255	0.0002	-0.0033	-0.6244	0.0016
9.5260	0.0004	0.0022	-0.6249	0.0048
9.5265	0.0003	0.0030	-0.6562	0.0030
9.5270	0.0005	0.0009	-0.6851	-0.0025
9.5275	0.0005	-0.0005	-0.6901	0.0038
9.5280	0.0002	-0.0013	-0.6901	-0.0015
9.5285	0.0008	-0.0005	-0.7137	0.0110
9.5290	0.0004	-0.0034	-0.7466	0.0026
9.5295	0.0004	-0.0002	-0.7571	0.0031
9.5300	0.0006	-0.0007	-0.7524	0.0045
9.5305	0.0005	0.0015	-0.7731	0.0008
9.5310	0.0008	0.0011	-0.8046	-0.0006
9.5315	0.0004	-0.0012	-0.8171	0.0063
9.5320	0.0005	-0.0037	-0.8161	0.0067
9.5325	0.0007	0.0006	-0.8294	0.0089
9.5330	0.0007	0.0011	-0.8611	0.0045
9.5335	0.0006	-0.0038	-0.8802	0.0003
9.5340	0.0006	0.0001	-0.8736	0.0009
9.5345	0.0009	-0.0003	-0.8837	-0.0013
9.5350	0.0006	0.0004	-0.9166	0.0049
9.5355	0.0009	0.0030	-0.9384	0.0001
9.5360	0.0002	-0.0025	-0.9339	0.0000
9.5365	0.0002	0.0031	-0.9377	0.0045
9.5370	0.0007	0.0029	-0.9578	0.0047
9.5375	0.0006	0.0032	-0.9803	0.0077
9.5380	0.0004	-0.0029	-0.9718	0.0067
9.5385	0.0008	0.0004	-0.9950	0.0037
9.5390	0.0002	-0.0007	-1.0316	0.0008
9.5395	0.0002	0.0036	-1.0187	0.0019
9.5400	0.0006	0.0011	-1.0272	0.0065
9.5405	0.0002	-0.0002	-1.0621	0.0051
9.5410	0.0005	0.0012	-1.0635	-0.0009
9.5415	0.0003	-0.0044	-1.0521	0.0026
9.5420	0.0007	-0.0000	-1.0860	0.0034
9.5425	0.0002	-0.0007	-1.1193	0.0073
9.5430	0.0005	-0.0022	-1.1097	-0.0023
9.5435	0.0002	-0.0052	-1.0992	0.0000
9.5440	0.0003	0.0008	-1.1244	-0.0027
9.5445	0.0003	0.0011	-1.1638	-0.0035
9.5450	0.0004	-0.0014	-1.1611	0.0071
9.5455	0.0000	-0.0031	-1.1443	0.0046
9.5460	0.0004	-0.0021	-1.1637	0.0036
9.5465	0.0003	-0.0008	-1.2013	0.0063
9.5470	0.0005	-0.0000	-1.2056	-0.0035
9.5475	0.0002	0.0013	-1.1869	0.0038
9.5480	0.0005	-0.0027	-1.1974	-0.0001
9.5485	0.0005	-0.0003	-1.2343	0.0041
9.5490	0.0005	0.0001	-1.2469	0.0055
9.5495	0.0006	-0.0047	-1.2288	-0.0011
9.5500	-0.0002	0.0010	-1.2296	0.0025
9.5505	0.0007	0.0004	-1.2623	0.0026
9.5510	0.0003	-0.0029	-1.2830	0.0043
9.5515	0.0005	0.0041	-1.2658	0.0051
9.5520	0.0004	0.0001	-1.2609	-0.0030
9.5525	0.0004	0.0002	-1.2915	0.0036
9.5530	0.0004	0.0010	-1.3139	0.0077
9.5535	0.0002	-0.0006	-1.3004	0.0063
9.5540	0.0002	-0.0062	-1.2928	0.0000
9.5545	0.0007	0.0006	-1.3122	0.0017
9.5550	-0.0001	0.0013	-1.3400	-0.0022
9.5555	0.0008	-0.0040	-1.3330	0.0048
9.5560	0.0002	0.0001	-1.3157	-0.0010
9.5565	0.0004	-0.0002	-1.3322	0.0009
9.5570	0.0001	-0.0026	-1.3596	-0.0022
9.5575	0.0001	-0.0030	-1.3575	-0.0040
9.5580	0.0004	0.0012	-1.3404	-0.0005
9.5585	0.0005	-0.0038	-1.3498	0.0048
9.5590	-0.0000	-0.0002	-1.3785	-0.0014
9.5595	0.0000	0.0004	-1.3780	-0.0023
9.5600	0.0001	-0.0010	-1.3604	-0.0007
9.5605	0.0006	-0.0001	-1.3630	-0.0014
9.5610	0.0003	-0.0021	-1.3914	0.0020
9.5615	-0.0000	-0.0006	-1.3960	0.0121
9.5620	0.0007	0.0028	-1.3771	-0.0048
9.5625	0.0001	-0.0031	-1.3748	0.0041
9.5630	0.0004	-0.0003	-1.3963	0.0017
9.5635	0.0000	-0.0016	-1.4068	-0.0031
9.5640	0.0001	-0.0016	-1.3912	-0.0074
9.5645	0.0007	-0.0006	-1.3829	-0.0053
9.5650	0.0004	-0.0000	-1.4021	-0.0045
9.5655	0.0002	0.0013	-1.4154	0.0024
9.5660	0.0001	0.0011	-1.4009	0.0022
9.5665	0.0003	-0.0035	-1.3882	-0.0009
9.5670	0.0002	0.0009	-1.4078	0.0021
9.5675	0.0001	-0.0023	-1.4215	0.0016
9.5680	0.0001	0.0004	-1.4065	-0.0050
9.5685	0.0005	-0.0019	-1.3947	-0.0022
9.5690	0.0000	-0.0001	-1.4047	-0.0053
9.5695	0.0003	0.0013	-1.4215	0.0052
9.5700	0.0003	-0.0012	-1.4088	-0.0011
9.5705	0.0003	-0.0011	-1.3923	0.0029
9.5710	-0.0000	-0.0022	-1.4020	-0.0022
9.5715	0.0003	0.0021	-1.4191	0.0005
9.5720	0.0004	-0.0044	-1.4091	-0.0001
9.5725	0.0001	-0.0034	-1.3913	0.0018
9.5730	-0.0004	0.0035	-1.3929	-0.0036
9.5735	0.0002	-0.0011	-1.4083	0.0006
9.5740	0.0002	0.0018	-1.4038	-0.0020
9.5745	-0.0001	-0.0038	-1.3849	0.0036
9.5750	0.0002	-0.0012	-1.3795	-0.0023
9.5755	0.0004	0.0010	-1.3967	0.0008
9.5760	0.0001	-0.0041	-1.3967	-0.0005
9.5765	0.0004	-0.0014	-1.3757	-0.0002
9.5770	-0.0000	-0.0011	-1.3667	0.0004
9.5775	0.0001	-0.0020	-1.3787	-0.0062
9.5780	-0.0000	0.0015	-1.3843	0.0028
9.5785	0.0001	-0.0001	-1.3608	-0.0004
9.5790	0.0003	-0.0019	-1.3518	0.0031
9.5795	0.0002	0.0006	-1.3580	0.0001
9.5800	0.0005	-0.0023	-1.3652	0.0020
9.5805	0.0000	-0.0029	-1.3473	0.0025
9.5810	0.0003	-0.0036	-1.3319	-0.0040
9.5815	0.0001	-0.0011	-1.3327	0.0036
9.5820	0.0005	-0.0047	-1.3310	0.0001
9.5825	0.0001	-0.0031	-1.3027	0.0069
9.5830	0.0001	0.0018	-1.2815	-0.0014
9.5835	0.0001	0.0012	-1.2770	-0.0016
9.5840	0.0003	-0.0022	-1.2798	0.0018
9.5845	0.0002	0.0004	-1.2728	0.0031
9.5850	0.0001	-0.0011	-1.2548	-0.0063
9.5855	0.0003	0.0021	-1.2460	0.0024
9.5860	0.0003	-0.0033	-1.2497	0.0027
9.5865	0.0000	-0.0002	-1.2436	0.0006
9.5870	0.0003	-0.0001	-1.2263	-0.0034
9.5875	-0.0002	-0.0035	-1.2203	0.0005
9.5880	0.0002	-0.0005	-1.2207	-0.0016
9.5885	0.0001	-0.0038	-1.2136	0.0059
9.5890	-0.0001	0.0026	-1.1936	0.0043
9.5895	0.0000	0.0009	-1.1845	0.0011
9.5900	0.0003	-0.0012	-1.1837	-0.0021
9.5905	-0.0001	-0.0000	-1.1813	-0.0009
9.5910	0.0002	-0.0036	-1.1606	0.0018
9.5915	0.0002	-0.0021	-1.1470	-0.0025
9.5920	0.0002	-0.0023	-1.1459	0.0034
9.5925	0.0002	0.0021	-1.1437	0.0014
9.5930	0.0004	0.0001	-1.1250	-0.0014
9.5935	0.0003	-0.0018	-1.1084	-0.0044
9.5940	-0.0004	-0.0000	-1.1032	0.0026
9.5945	-0.0000	-0.0020	-1.1046	-0.0012
9.5950	0.0003	0.0001	-1.0887	0.0007
9.5955	-0.0000	0.0028	-1.0671	-0.0003
9.5960	0.0003	-0.0023	-1.0616	-0.0003
9.5965	0.0005	0.0012	-1.0578	-0.0004
9.5970	0.0002	-0.0027	-1.0449	0.0019
9.5975	0.0001	0.0018	-1.0259	0.0031
9.5980	0.0001	-0.0012	-1.0126	-0.0058
9.5985	0.0000	-0.0023	-1.0106	0.0014
9.5990	0.0001	0.0024	-0.9973	0.0030
9.5995	0.0004	0.0017	-0.9768	0.0043
9.6000	0.0000	-0.0023	-0.9646	-0.0023
9.6005	-0.0000	0.0027	-0.9604	0.0000
9.6010	0.0003	-0.0021	-0.9503	0.0016
9.6015	0.0003	-0.0023	-0.9274	0.0029
9.6020	0.0006	-0.0048	-0.9132	-0.0006
9.6025	0.0004	0.0024	-0.9056	0.0010
9.6030	0.0003	0.0042	-0.8958	0.0017
9.6035	0.0002	-0.0029	-0.8784	-0.0051
9.6040	-0.0000	0.0014	-0.8586	0.0037
9.6045	0.0005	-0.0039	-0.8510	0.0026
9.6050	0.0001	-0.0020	-0.8418	0.0003
9.6055	0.0003	-0.0041	-0.8229	0.0017
9.6060	0.0002	-0.0001	-0.8030	0.0045
9.6065	0.0002	0.0009	-0.7935	0.0042
9.6070	0.0001	-0.0006	-0.7833	0.0008
9.6075	0.0004	-0.0003	-0.7661	-0.0046
9.6080	0.0004	-0.0002	-0.7447	-0.0023
9.6085	0.0005	-0.0033	-0.7348	0.0014
9.6090	0.0001	-0.0014	-0.7236	0.0034
9.6095	0.0006	-0.0002	-0.7068	0.0010
9.6100	-0.0001	0.0027	-0.6874	-0.0005
9.6105	0.0001	0.0033	-0.6726	-0.0030
9.6110	0.0004	-0.0010	-0.6627	0.0060
9.6115	0.0004	-0.0006	-0.6481	0.0024
9.6120	0.0004	-0.0024	-0.6256	-0.0036
9.6125	0.0002	0.0027	-0.6074	0.0008
9.6130	0.0004	0.0023	-0.6000	0.0031
9.6135	0.0007	0.0021	-0.5871	0.0077
9.6140	0.0001	-0.0027	-0.5648	0.0016
9.6145	0.0005	-0.0007	-0.5441	0.0028
9.6150	0.0000	0.0006	-0.5346	-0.0001
9.6155	0.0008	0.0033	-0.5227	0.0026
9.6160	0.0005	0.0029	-0.5022	0.0056
9.6165	0.0005	0.0017	-0.4819	0.0003
9.6170	0.0001	-0.0053	-0.4677	0.0079
9.6175	0.0001	0.0034	-0.4577	0.0042
9.6180	0.0002	-0.0005	-0.4344	0.0034
9.6185	0.0002	-0.0014	-0.4158	0.0057
9.6190	0.0000	-0.0033	-0.4021	0.0012
9.6195	0.0005	-0.0001	-0.3873	0.0000
9.6200	0.0000	-0.0041	-0.3689	0.0055
9.6205	0.0003	-0.0011	-0.3477	0.0053
9.6210	0.0005	-0.0011	-0.3318	0.0021
9.6215	0.0004	-0.0005	-0.3201	0.0037
9.6220	0.0011	-0.0045	-0.3043	0.0005
9.6225	0.0001	0.0028	-0.2809	0.0034
9.6230	0.0001	0.0007	-0.2630	0.0038
9.6235	0.0005	-0.0038	-0.2480	0.0104
9.6240	0.0002	0.0012	-0.2322	0.0042
9.6245	0.0004	-0.0017	-0.2134	0.0080
9.6250	0.0003	-0.0012	-0.1937	-0.0045
9.6255	0.0005	0.0012	-0.1782	0.0003
9.6260	0.0001	-0.0033	-0.1627	0.0015
9.6265	0.0007	-0.0001	-0.1452	0.0014
9.6270	0.0004	0.0026	-0.1233	0.0015
9.6275	0.0007	-0.0003	-0.1071	0.0071
9.6280	0.0006	-0.0019	-0.0932	0.0068
9.6285	0.0003	-0.0002	-0.0748	0.0094
9.6290	0.0007	-0.0023	-0.0553	-0.0005
9.6295	0.0006	-0.0050	-0.0387	0.0051
9.6300	0.0008	0.0003	-0.0220	0.0082
9.6305	0.0006	-0.0017	-0.0058	0.0069
9.6310	0.0007	-0.0055	0.0065	0.0056
9.6315	0.0007	-0.0009	0.0175	0.0046
9.6320	0.0006	-0.0028	0.0413	0.0079
9.6325	0.0009	-0.0025	0.0631	0.0084
9.6330	0.0003	-0.0031	0.0812	0.0012
9.6335	0.0005	0.0021	0.0925	0.0036
9.6340	0.0004	-0.0021	0.1111	0.0031
9.6345	0.0005	-0.0019	0.1362	-0.0001
9.6350	0.0009	0.0011	0.1492	0.0071
9.6355	0.0005	-0.0013	0.1558	0.0021
9.6360	0.0007	0.0033	0.1761	0.0027
9.6365	0.0008	-0.0005	0.2056	0.0090
9.6370	0.0007	-0.0055	0.2211	0.0006
9.6375	0.0008	-0.0012	0.2245	0.0036
9.6380	0.0010	-0.0034	0.2405	0.0063
9.6385	0.0007	-0.0038	0.2729	0.0048
9.6390	0.0005	0.0005	0.2865	0.0104
9.6395	0.0009	0.0009	0.2938	0.0037
9.6400	0.0007	-0.0026	0.3118	0.0084
9.6405	0.0005	0.0001	0.3377	0.0073
9.6410	0.0011	0.0009	0.3579	-0.0046
9.6415	0.0006	0.0006	0.3606	0.0110
9.6420	0.0009	0.0006	0.3763	0.0017
9.6425	0.0005	-0.0019	0.4031	0.0029
9.6430	0.0006	-0.0018	0.4226	0.0062
9.6435	0.0010	-0.0011	0.4307	0.0022
9.6440	0.0009	0.0015	0.4391	0.0118
9.6445	0.0010	-0.0016	0.4676	0.0004
9.6450	0.0008	-0.0043	0.4893	0.0071
9.6455	0.0011	0.0013	0.4982	0.0025
9.6460	0.0006	0.0016	0.5035	0.0129
9.6465	0.0006	-0.0006	0.5289	0.0014
9.6470	0.0008	0.0007	0.5459	0.0071
9.6475	0.0006	-0.0061	0.5497	0.0067
9.6480	0.0010	0.0002	0.5666	0.0035
9.6485	0.0007	-0.0039	0.6074	0.0077
9.6490	0.0006	-0.0067	0.6283	0.0059
9.6495	0.0006	-0.0038	0.6237	0.0072
9.6500	0.0010	-0.0041	0.6321	0.0095
9.6505	0.0005	-0.0014	0.6677	0.0068
9.6510	0.0009	-0.0010	0.6889	0.0110
9.6515	0.0006	0.0021	0.6883	0.0004
9.6520	0.0010	0.0028	0.6941	0.0056
9.6525	0.0008	-0.0027	0.7220	0.0074
9.6530	0.0006	-0.0002	0.7502	-0.0013
9.6535	0.0006	-0.0020	0.7512	0.0080
9.6540	0.0009	-0.0007	0.7500	0.0107
9.6545	0.0013	0.0008	0.7792	0.0094
9.6550	0.0009	0.0005	0.8081	0.0074
9.6555	0.0013	-0.0035	0.8106	0.0052
9.6560	0.0008	-0.0013	0.8085	0.0027
9.6565	0.0008	-0.0061	0.8299	0.0062
9.6570	0.0004	-0.0022	0.8643	0.0063
9.6575	0.0011	-0.0004	0.8679	0.0090
9.6580	0.0008	-0.0002	0.8650	0.0086
9.6585	0.0007	0.0010	0.8816	0.0040
9.6590	0.0014	-0.0009	0.9149	0.0062
9.6595	0.0009	0.0002	0.9260	0.0006
9.6600	0.0005	-0.0098	0.9168	0.0057
9.6605	0.0010	0.0002	0.9285	0.0098
9.6610	0.0011	-0.0001	0.9447	0.0048
9.6615	0.0012	-0.0015	0.9622	0.0056
9.6620	0.0008	-0.0000	0.9591	0.0055
9.6625	0.0007	-0.0048	0.9871	0.0077
9.6630	0.0012	0.0011	1.0211	0.0059
9.6635	0.0016	-0.0002	0.9871	0.0007
9.6640	0.0008	0.0004	0.9972	0.0108
9.6645	0.0011	0.0003	1.0675	0.0087
9.6650	0.0013	-0.0034	1.0826	0.0126
9.6655	0.0005	0.0012	1.0422	0.0048
9.6660	0.0009	0.0006	1.0372	0.0032
9.6665	0.0013	-0.0017	1.0981	0.0121
9.6670	0.0009	0.0027	1.1312	0.0020
9.6675	0.0010	-0.0056	1.0966	0.0065
9.6680	0.0011	-0.0016	1.0776	0.0077
9.6685	0.0009	-0.0016	1.1305	0.0070
9.6690	0.0010	0.0007	1.1713	0.0111
9.6695	0.0006	-0.0071	1.1433	0.0062
9.6700	0.0013	0.0025	1.1142	0.0046
9.6705	0.0008	-0.0061	1.1640	0.0136
9.6710	0.0009	-0.0007	1.2090	0.0090
9.6715	0.0008	-0.0002	1.1891	0.0058
9.6720	0.0008	0.0012	1.1570	0.0108
9.6725	0.0012	0.0004	1.1870	0.0052
9.6730	0.0011	-0.0007	1.2399	0.0094
9.6735	0.0013	-0.0002	1.2321	0.0087
9.6740	0.0011	-0.0047	1.1960	0.0120
9.6745	0.0012	0.0012	1.2146	0.0080
9.6750	0.0010	-0.0010	1.2671	0.0098
9.6755	0.0010	-0.0023	1.2664	0.0022
9.6760	0.0003	0.0009	1.2313	0.0090
9.6765	0.0017	-0.0044	1.2378	0.0089
9.6770	0.0007	-0.0008	1.2882	0.0056
9.6775	0.0016	0.0009	1.2986	0.0132
9.6780	0.0010	0.0004	1.2660	0.0059
9.6785	0.0013	0.0004	1.2609	0.0048
9.6790	0.0009	-0.0008	1.3074	0.0103
9.6795	0.0013	0.0034	1.3267	0.0073
9.6800	0.0014	0.0018	1.2945	0.0099
9.6805	0.0012	-0.0002	1.2810	0.0087
9.6810	0.0012	0.0018	1.3205	0.0153
9.6815	0.0015	0.0022	1.3492	0.0094
9.6820	0.0013	0.0033	1.3195	0.0152
9.6825	0.0010	-0.0002	1.3011	0.0101
9.6830	0.0011	-0.0045	1.3312	0.0142
9.6835	0.0012	0.0004	1.3634	0.0170
9.6840	0.0010	-0.0016	1.3425	0.0076
9.6845	0.0015	0.0024	1.3150	0.0071
9.6850	0.0010	-0.0011	1.3408	0.0117
9.6855	0.0014	-0.0023	1.3767	0.0183
9.6860	0.0013	-0.0042	1.3620	0.0035
9.6865	0.0010	-0.0017	1.3305	0.0100
9.6870	0.0014	0.0003	1.3440	0.0088
9.6875	0.0005	0.0029	1.3830	0.0124
9.6880	0.0011	-0.0014	1.3783	0.0062
9.6885	0.0013	0.0003	1.3428	0.0088
9.6890	0.0013	-0.0024	1.3463	0.0079
9.6895	0.0011	-0.0029	1.3843	0.0141
9.6900	0.0016	0.0008	1.3868	0.0060
9.6905	0.0010	0.0054	1.3516	0.0101
9.6910	0.0015	-0.0018	1.3471	0.0109
9.6915	0.0007	0.0003	1.3820	0.0132
9.6920	0.0014	-0.0005	1.3914	0.0100
9.6925	0.0010	0.0036	1.3593	0.0139
9.6930	0.0011	0.0018	1.3465	0.0080
9.6935	0.0012	0.0016	1.3762	0.0170
9.6940	0.0014	-0.0005	1.3902	0.0120
9.6945	0.0009	0.0001	1.3632	0.0049
9.6950	0.0011	-0.0006	1.3423	0.0117
9.6955	0.0011	-0.0026	1.3680	0.0068
9.6960	0.0015	0.0014	1.3879	0.0078
9.6965	0.0010	-0.0020	1.3657	0.0094
9.6970	0.0012	-0.0007	1.3352	0.0095
9.6975	0.0008	0.0004	1.3519	0.0077
9.6980	0.0011	-0.0007	1.3766	0.0081
9.6985	0.0013	-0.0026	1.3570	0.0038
9.6990	0.0013	-0.0020	1.3270	0.0101
9.6995	0.0016	0.0024	1.3358	0.0131
9.7000	0.0015	-0.0047	1.3614	0.0117
9.7005	0.0013	-0.0002	1.3503	0.0092
9.7010	0.0016	-0.0000	1.3183	0.0097
9.7015	0.0013	-0.0014	1.3163	0.0095
9.7020	0.0013	0.0004	1.3430	0.0090
9.7025	0.0014	0.0007	1.3360	0.0115
9.7030	0.0016	-0.0045	1.3023	0.0105
9.7035	0.0010	-0.0026	1.2925	0.0094
9.7040	0.0014	-0.0028	1.3202	0.0094
9.7045	0.0017	-0.0016	1.3207	0.0117
9.7050	0.0009	0.0012	1.2823	0.0111
9.7055	0.0014	0.0021	1.2715	0.0093
9.7060	0.0011	-0.0010	1.2902	0.0107
9.7065	0.0010	0.0012	1.2970	0.0107
9.7070	0.0015	0.0006	1.2660	0.0090
9.7075	0.0017	0.0050	1.2430	0.0094
9.7080	0.0009	0.0051	1.2597	0.0149
9.7085	0.0013	0.0029	1.2739	0.0088
9.7090	0.0012	-0.0053	1.2432	0.0133
9.7095	0.0014	-0.0041	1.2143	0.0098
9.7100	0.0013	0.0026	1.2255	0.0091
9.7105	0.0014	-0.0020	1.2401	0.0099
9.7110	0.0012	-0.0005	1.2168	0.0098
9.7115	0.0012	-0.0005	1.1857	0.0105
9.7120	0.0009	0.0007	1.1866	0.0091
9.7125	0.0012	-0.0051	1.2058	0.0128
9.7130	0.0010	-0.0017	1.1867	0.0115
9.7135	0.0013	-0.0012	1.1514	0.0091
9.7140	0.0013	-0.0031	1.1467	0.0026
9.7145	0.0014	-0.0004	1.1648	0.0152
9.7150	0.0009	-0.0051	1.1509	0.0130
9.7155	0.0010	-0.0005	1.1179	0.0110
9.7160	0.0015	-0.0018	1.1060	0.0110
9.7165	0.0014	-0.0005	1.1185	0.0121
9.7170	0.0010	-0.0035	1.1151	0.0112
9.7175	0.0013	-0.0026	1.0779	0.0100
9.7180	0.0013	0.0009	1.0606	0.0021
9.7185	0.0011	-0.0002	1.0724	0.0131
9.7190	0.0012	-0.0013	1.0711	0.0114
9.7195	0.0006	0.0004	1.0395	0.0110
9.7200	0.0012	0.0027	1.0147	0.0047
9.7205	0.0012	-0.0016	1.0222	0.0183
9.7210	0.0007	0.0009	1.0257	0.0074
9.7215	0.0016	-0.0018	0.9934	0.0098
9.7220	0.0011	-0.0079	0.9639	0.0124
9.7225	0.0013	-0.0030	0.9715	0.0060
9.7230	0.0012	-0.0049	0.9748	0.0139
9.7235	0.0008	-0.0009	0.9490	0.0142
9.7240	0.0010	-0.0015	0.9164	0.0072
9.7245	0.0010	-0.0035	0.9164	0.0126
9.7250	0.0008	-0.0003	0.9223	0.0056
9.7255	0.0014	0.0024	0.9015	0.0114
9.7260	0.0006	-0.0032	0.8669	0.0112
9.7265	0.0012	-0.0037	0.8590	0.0128
9.7270	0.0011	0.0005	0.8677	0.0111
9.7275	0.0010	0.0015	0.8490	0.0121
9.7280	0.0009	-0.0029	0.8120	0.0046
9.7285	0.0011	0.0046	0.7990	0.0090
9.7290	0.0011	-0.0052	0.8071	0.0121
9.7295	0.0010	0.0031	0.7949	0.0094
9.7300	0.0011	-0.0033	0.7608	0.0115
9.7305	0.0011	-0.0019	0.7402	0.0066
9.7310	0.0011	0.0018	0.7455	0.0113
9.7315	0.0011	0.0025	0.7389	0.0068
9.7320	0.0013	-0.0014	0.7038	0.0066
9.7325	0.0009	0.0019	0.6786	0.0098
9.7330	0.0013	0.0020	0.6785	0.0112
9.7335	0.0016	-0.0002	0.6767	0.0079
9.7340	0.0009	0.0030	0.6459	0.0073
9.7345	0.0012	-0.0010	0.6149	0.0118
9.7350	0.0013	0.0013	0.6136	0.0049
9.7355	0.0010	-0.0037	0.6140	0.0133
9.7360	0.0011	0.0022	0.5849	0.0081
9.7365	0.0010	-0.0019	0.5546	0.0090
9.7370	0.0009	0.0015	0.5491	0.0089
9.7375	0.0010	-0.0031	0.5479	0.0128
9.7380	0.0009	-0.0016	0.5256	0.0067
9.7385	0.0010	-0.0029	0.4924	0.0094
9.7390	0.0006	-0.0011	0.4790	0.0047
9.7395	0.0010	0.0014	0.4800	0.0063
9.7400	0.0011	-0.0020	0.4625	0.0124
9.7405	0.0010	-0.0014	0.4291	0.0073
9.7410	0.0007	0.0011	0.4118	0.0072
9.7415	0.0012	-0.0031	0.4098	0.0111
9.7420	0.0010	-0.0026	0.3956	0.0059
9.7425	0.0006	-0.0059	0.3633	0.0090
9.7430	0.0009	-0.0014	0.3432	0.0061
9.7435	0.0010	-0.0011	0.3405	0.0063
9.7440	0.0006	-0.0026	0.3273	0.0073
9.7445	0.0008	-0.0025	0.2981	0.0049
9.7450	0.0011	0.0010	0.2734	0.0070
9.7455	0.0007	-0.0002	0.2654	0.0065
9.7460	0.0009	-0.0005	0.2597	0.0101
9.7465	0.0011	-0.0049	0.2331	0.0082
9.7470	0.0009	0.0033	0.2075	0.0076
9.7475	0.0011	0.0004	0.1966	0.0058
9.7480	0.0009	0.0014	0.1870	0.0042
9.7485	0.0008	0.0007	0.1640	0.0109
9.7490	0.0004	0.0008	0.1379	0.0049
9.7495	0.0011	0.0011	0.1243	0.0081
9.7500	0.0007	0.0032	0.1155	0.0105
9.7505	0.0006	0.0003	0.0962	0.0032
9.7510	0.0008	-0.0018	0.0708	0.0074
9.7515	0.0002	0.0007	0.0557	0.0046
9.7520	0.0007	-0.0021	0.0428	0.0065
9.7525	0.0007	-0.0007	0.0257	0.0101
9.7530	0.0008	-0.0015	0.0065	0.0049
9.7535	0.0009	-0.0058	-0.0070	0.0058
9.7540	0.0009	-0.0008	-0.0164	0.0067
9.7545	0.0009	-0.0006	-0.0261	0.0077
9.7550	0.0006	0.0011	-0.0485	0.0063
9.7555	0.0010	-0.0022	-0.0781	0.0041
9.7560	0.0008	-0.0030	-0.1063	0.0070
9.7565	0.0010	0.0001	-0.1170	0.0146
9.7570	0.0004	-0.0027	-0.1266	0.0052
9.7575	0.0011	-0.0026	-0.1453	0.0035
9.7580	0.0007	-0.0000	-0.1702	0.0056
9.7585	0.0007	-0.0019	-0.1872	0.0076
9.7590	0.0010	-0.0022	-0.1953	0.0093
9.7595	0.0006	-0.0004	-0.2116	0.0020
9.7600	0.0006	-0.0031	-0.2347	0.0107
9.7605	0.0006	0.0032	-0.2542	0.0050
9.7610	0.0006	-0.0032	-0.2651	0.0076
9.7615	0.0013	-0.0011	-0.2800	0.0055
9.7620	0.0011	0.0022	-0.3048	0.0025
9.7625	0.0005	-0.0017	-0.3220	0.0049
9.7630	0.0007	-0.0023	-0.3297	0.0086
9.7635	0.0008	0.0018	-0.3370	0.0047
9.7640	0.0007	0.0009	-0.3641	0.0014
9.7645	0.0006	0.0004	-0.3950	0.0036
9.7650	0.0004	-0.0021	-0.4061	0.0049
9.7655	0.0010	0.0030	-0.4049	0.0038
9.7660	0.0007	0.0018	-0.4259	0.0027
9.7665	0.0008	0.0006	-0.4599	0.0036
9.7670	0.0009	-0.0017	-0.4726	0.0025
9.7675	0.0009	-0.0032	-0.4740	0.0052
9.7680	0.0007	0.0009	-0.4879	0.0063
9.7685	0.0010	0.0001	-0.5197	0.0040
9.7690	0.0003	0.0007	-0.5380	0.0032
9.7695	0.0010	0.0013	-0.5377	0.0029
9.7700	0.0005	-0.0019	-0.5502	0.0018
9.7705	0.0005	0.0009	-0.5829	0.0125
9.7710	0.0007	0.0004	-0.6031	0.0083
9.7715	0.0004	-0.0023	-0.6043	0.0123
9.7720	0.0008	-0.0048	-0.6136	0.0056
9.7725	0.0006	-0.0015	-0.6435	0.0055
9.7730	0.0008	0.0003	-0.6667	-0.0012
9.7735	0.0007	-0.0012	-0.6677	0.0009
9.7740	0.0006	0.0003	-0.6729	0.0030
9.7745	0.0002	-0.0034	-0.7014	0.0036
9.7750	0.0008	-0.0011	-0.7257	0.0027
9.7755	0.0007	-0.0005	-0.7301	0.0058
9.7760	0.0007	-0.0008	-0.7335	0.0072
9.7765	0.0005	0.0005	-0.7546	0.0047
9.7770	0.0006	0.0048	-0.7839	0.0046
9.7775	0.0005	-0.0014	-0.7893	0.0037
9.7780	0.0003	-0.0002	-0.7910	0.0047
9.7785	0.0003	-0.0020	-0.8114	-0.0025
9.7790	0.0006	0.0018	-0.8393	0.0104
9.7795	0.0003	-0.0021	-0.8473	-0.0010
9.7800	0.0005	-0.0011	-0.8471	-0.0010
9.7805	0.0006	-0.0052	-0.8638	0.0070
9.7810	0.0007	-0.0014	-0.8890	0.0007
9.7815	0.0004	0.0022	-0.9030	0.0068
9.7820	0.0004	0.0006	-0.9017	0.0016
9.7825	0.0006	0.0006	-0.9125	-0.0040
9.7830	0.0008	0.0014	-0.9392	0.0092
9.7835	0.0007	0.0003	-0.9443	0.0025
9.7840	0.0006	-0.0003	-0.9407	0.0056
9.7845	0.0004	-0.0008	-0.9468	0.0036
9.7850	0.0007	-0.0010	-0.9993	0.0045
9.7855	0.0008	-0.0000	-1.0132	0.0051
9.7860	0.0005	0.0004	-0.9778	0.0021
9.7865	0.0005	-0.0013	-1.0016	0.0060
9.7870	0.0005	-0.0014	-1.0583	0.0017
9.7875	0.0007	0.0003	-1.0394	0.0018
9.7880	0.0003	0.0002	-1.0156	0.0041
9.7885	0.0003	-0.0011	-1.0623	0.0008
9.7890	0.0003	-0.0020	-1.1081	-0.0011
9.7895	0.0005	0.0036	-1.0910	0.0083
9.7900	0.0005	0.0058	-1.0622	0.0074
9.7905	0.0006	-0.0027	-1.0968	0.0019
9.7910	0.0006	0.0015	-1.1457	-0.0017
9.7915	0.0008	0.0002	-1.1396	-0.0011
9.7920	0.0004	0.0012	-1.1050	0.0029
9.7925	0.0006	-0.0053	-1.1258	-0.0027
9.7930	0.0003	-0.0020	-1.1783	0.0012
9.7935	0.0005	-0.0016	-1.1808	0.0082
9.7940	0.0004	-0.0035	-1.1470	0.0028
9.7945	0.0002	-0.0046	-1.1579	-0.0013
9.7950	0.0007	0.0020	-1.2091	0.0062
9.7955	0.0004	-0.0005	-1.2218	0.0060
9.7960	0.0003	-0.0034	-1.1859	-0.0019
9.7965	0.0002	-0.0048	-1.1850	0.0010
9.7970	-0.0002	0.0028	-1.2302	0.0022
9.7975	0.0002	-0.0001	-1.2547	0.0028
9.7980	0.0004	-0.0005	-1.2257	0.0018
9.7985	0.0003	-0.0002	-1.2146	-0.0035
9.7990	0.0008	-0.0025	-1.2524	-0.0037
9.7995	0.0003	-0.0027	-1.2819	0.0018
9.8000	0.0004	0.0021	-1.2584	0.0063
9.8005	0.0005	0.0019	-1.2424	-0.0020
9.8010	0.0001	-0.0018	-1.2708	0.0092
9.8015	0.0005	-0.0027	-1.3052	0.0036
9.8020	0.0000	0.0007	-1.2883	-0.0027
9.8025	0.0000	0.0011	-1.2654	0.0046
9.8030	0.0006	-0.0042	-1.2868	0.0029
9.8035	0.0005	-0.0013	-1.3248	-0.0017
9.8040	0.0001	-0.0070	-1.3152	0.0073
9.8045	0.0002	0.0063	-1.2879	-0.0050
9.8050	0.0004	-0.0038	-1.3008	0.0004
9.8055	0.0006	-0.0002	-1.3404	0.0016
9.8060	0.0001	-0.0045	-1.3347	0.0006
9.8065	0.0005	-0.0006	-1.3053	0.0066
9.8070	0.0003	-0.0034	-1.3111	-0.0002
9.8075	0.0002	0.0012	-1.3463	-0.0019
9.8080	0.0000	-0.0058	-1.3535	0.0031
9.8085	0.0002	0.0013	-1.3239	-0.0007
9.8090	0.0005	-0.0029	-1.3156	0.0103
9.8095	0.0003	-0.0029	-1.3530	0.0008
9.8100	0.0003	-0.0042	-1.3647	-0.0048
9.8105	0.0000	0.0005	-1.3368	0.0040
9.8110	0.0000	-0.0017	-1.3254	0.0040
9.8115	0.0006	-0.0025	-1.3521	0.0031
9.8120	0.0003	-0.0017	-1.3727	0.0027
9.8125	0.0004	-0.0006	-1.3495	0.0049
9.8130	0.0005	-0.0023	-1.3286	0.0029
9.8135	0.0002	-0.0020	-1.3500	-0.0033
9.8140	0.0003	-0.0002	-1.3738	0.0021
9.8145	-0.0000	-0.0031	-1.3560	0.0050
9.8150	0.0004	0.0028	-1.3300	-0.0032
9.8155	0.0003	0.0004	-1.3454	0.0067
9.8160	0.0000	-0.0007	-1.3730	0.0042
9.8165	-0.0003	-0.0015	-1.3617	-0.0015
9.8170	0.0005	0.0025	-1.3327	-0.0035
9.8175	0.0002	0.0021	-1.3392	-0.0003
9.8180	0.0005	0.0022	-1.3655	0.0048
9.8185	0.0003	-0.0023	-1.3583	0.0034
9.8190	0.0003	0.0033	-1.3305	-0.0042
9.8195	0.0000	-0.0007	-1.3277	0.0018
9.8200	0.0004	-0.0029	-1.3510	-0.0061
9.8205	0.0001	0.0006	-1.3532	0.0029
9.8210	0.0001	0.0027	-1.3235	-0.0023
9.8215	0.0002	0.0013	-1.3165	0.0015
9.8220	-0.0002	0.0015	-1.3367	0.0063
9.8225	0.0003	-0.0044	-1.3437	-0.0009
9.8230	0.0001	-0.0011	-1.3161	-0.0022
9.8235	0.0005	0.0008	-1.3009	-0.0012
9.8240	-0.0000	-0.0002	-1.3205	0.0030
9.8245	0.0004	-0.0048	-1.3264	-0.0027
9.8250	0.0003	0.0039	-1.3028	0.0030
9.8255	0.0003	-0.0026	-1.2841	0.0008
9.8260	-0.0002	0.0009	-1.2969	-0.0057
9.8265	0.0004	0.0050	-1.3097	0.0016
9.8270	0.0003	-0.0022	-1.2878	-0.0026
9.8275	-0.0001	-0.0000	-1.2636	0.0018
9.8280	0.0002	-0.0025	-1.2645	-0.0024
9.8285	0.0002	0.0042	-1.2689	0.0026
9.8290	0.0005	-0.0011	-1.2446	0.0070
9.8295	0.0003	-0.0035	-1.2157	0.0022
9.8300	0.0003	0.0004	-1.2129	0.0101
9.8305	0.0006	0.0030	-1.2252	0.0036
9.8310	0.0003	-0.0013	-1.2181	-0.0002
9.8315	0.0003	0.0008	-1.1880	-0.0014
9.8320	0.0003	0.0015	-1.1789	0.0003
9.8325	0.0004	0.0008	-1.1951	0.0015
9.8330	-0.0001	0.0019	-1.1878	-0.0047
9.8335	0.0001	-0.0016	-1.1615	0.0012
9.8340	0.0003	-0.0026	-1.1489	0.0045
9.8345	0.0003	-0.0032	-1.1620	-0.0014
9.8350	0.0002	-0.0015	-1.1599	-0.0012
9.8355	0.0001	0.0004	-1.1326	0.0025
9.8360	0.0004	-0.0034	-1.1159	0.0015
9.8365	0.0000	0.0024	-1.1223	-0.0022
9.8370	0.0005	0.0006	-1.1278	0.0035
9.8375	-0.0003	-0.0030	-1.1050	0.0016
9.8380	0.0000	-0.0049	-1.0807	-0.0011
9.8385	0.0005	-0.0029	-1.0850	0.0025
9.8390	0.0004	0.0013	-1.0891	0.0030
9.8395	-0.0000	-0.0017	-1.0699	-0.0028
9.8400	0.0004	-0.0002	-1.0436	0.0010
9.8405	0.0004	-0.0012	-1.0442	-0.0012
9.8410	-0.0000	-0.0017	-1.0468	-0.0011
9.8415	0.0002	-0.0005	-1.0300	-0.0012
9.8420	-0.0001	-0.0004	-1.0030	0.0037
9.8425	0.0004	-0.0044	-0.9990	-0.0009
9.8430	0.0006	-0.0002	-1.0018	0.0038
9.8435	0.0005	-0.0011	-0.9872	-0.0014
9.8440	0.0004	-0.0012	-0.9631	0.0052
9.8445	-0.0002	0.0006	-0.9502	-0.0007
9.8450	-0.0003	0.0003	-0.9551	-0.0003
9.8455	-0.0001	-0.0014	-0.9431	-0.0063
9.8460	0.0003	-0.0011	-0.9172	0.0018
9.8465	0.0004	-0.0035	-0.9023	0.0008
9.8470	-0.0000	0.0005	-0.9027	0.0021
9.8475	0.0002	0.0013	-0.8938	-0.0001
9.8480	0.0005	-0.0038	-0.8672	0.0019
9.8485	0.0003	-0.0005	-0.8511	-0.0012
9.8490	0.0004	0.0008	-0.8481	0.0035
9.8495	0.0004	0.0029	-0.8439	0.0027
9.8500	0.0004	-0.0028	-0.8193	0.0048
9.8505	-0.0001	0.0001	-0.7988	0.0038
9.8510	0.0002	-0.0002	-0.7959	-0.0064
9.8515	0.0005	-0.0038	-0.7896	-0.0046
9.8520	0.0004	0.0033	-0.7676	0.0017
9.8525	0.0001	0.0021	-0.7444	0.0022
9.8530	0.0003	-0.0014	-0.7372	0.0051
9.8535	0.0004	-0.0044	-0.7319	0.0016
9.8540	0.0008	-0.0009	-0.7157	-0.0036
9.8545	0.0002	-0.0001	-0.6865	0.0072
9.8550	0.0004	0.0015	-0.6784	-0.0002
9.8555	0.0003	-0.0010	-0.6758	-0.0015
9.8560	0.0003	-0.0017	-0.6593	-0.0084
9.8565	0.0006	0.0001	-0.6335	-0.0012
9.8570	0.0004	-0.0028	-0.6199	0.0004
9.8575	0.0007	0.0027	-0.6152	-0.0022
9.8580	0.0003	0.0033	-0.6009	0.0022
9.8585	0.0005	-0.0004	-0.5753	0.0051
9.8590	0.0004	-0.0044	-0.5587	0.0069
9.8595	-0.0001	0.0016	-0.5508	0.0042
9.8600	0.0002	0.0017	-0.5409	0.0025
9.8605	0.0006	-0.0038	-0.5175	-0.0017
9.8610	0.0004	-0.0008	-0.4946	-0.0017
9.8615	0.0006	-0.0042	-0.4881	0.0027
9.8620	0.0006	-0.0005	-0.4774	0.0041
9.8625	0.0002	0.0011	-0.4570	0.0072
9.8630	-0.0004	-0.0023	-0.4329	0.0032
9.8635	0.0007	-0.0030	-0.4204	0.0055
9.8640	0.0005	-0.0017	-0.4130	0.0049
9.8645	0.0006	-0.0050	-0.3943	-0.0022
9.8650	0.0005	-0.0000	-0.3704	0.0040
9.8655	0.0003	-0.0034	-0.3565	-0.0002
9.8660	0.0002	-0.0001	-0.3461	0.0062
9.8665	0.0004	-0.0005	-0.3308	0.0071
9.8670	0.0004	0.0010	-0.3040	0.0020
9.8675	0.0003	-0.0006	-0.2898	0.0024
9.8680	0.0006	-0.0038	-0.2793	0.0053
9.8685	0.0002	-0.0009	-0.2659	0.0089
9.8690	0.0005	-0.0028	-0.2430	0.0009
9.8695	0.0002	-0.0011	-0.2205	0.0051
9.8700	0.0006	-0.0010	-0.2128	0.0017
9.8705	0.0007	0.0003	-0.1990	0.0082
9.8710	0.0006	0.0001	-0.1788	0.0049
9.8715	0.0002	-0.0037	-0.1552	0.0032
9.8720	0.0005	0.0003	-0.1440	0.0017
9.8725	0.0009	-0.0001	-0.1297	0.0057
9.8730	0.0006	-0.0025	-0.1095	0.0071
9.8735	0.0005	-0.0025	-0.0884	0.0024
9.8740	0.0002	-0.0015	-0.0740	0.0014
9.8745	0.0007	-0.0016	-0.0635	0.0020
9.8750	0.0008	0.0002	-0.0423	0.0093
9.8755	0.0004	-0.0000	-0.0250	0.0074
9.8760	0.0005	-0.0002	-0.0114	0.0052
9.8765	0.0003	-0.0024	0.0006	0.0015
9.8770	0.0012	-0.0008	0.0165	0.0104
9.8775	0.0006	-0.0002	0.0334	0.0031
9.8780	0.0001	-0.0027	0.0541	0.0071
9.8785	0.0003	0.0015	0.0705	0.0100
9.8790	0.0006	-0.0029	0.0863	0.0115
9.8795	0.0008	-0.0047	0.1029	0.0074
9.8800	0.0008	0.0048	0.1209	0.0052
9.8805	0.0010	-0.0041	0.1402	0.0123
9.8810	0.0005	0.0015	0.1469	0.0079
9.8815	0.0005	-0.0017	0.1659	0.0057
9.8820	0.0011	-0.0069	0.1891	-0.0003
9.8825	0.0008	-0.0005	0.2041	-0.0030
9.8830	0.0006	0.0012	0.2104	0.0051
9.8835	0.0006	0.0018	0.2284	0.0059
9.8840	0.0007	-0.0023	0.2519	0.0034
9.8845	0.0009	-0.0013	0.2669	0.0101
9.8850	0.0008	-0.0026	0.2773	-0.0007
9.8855	0.0008	0.0005	0.2926	0.0086
9.8860	0.0007	0.0006	0.3173	0.0026
9.8865	0.0006	-0.0014	0.3362	0.0061
9.8870	0.0004	-0.0011	0.3423	0.0011
9.8875	0.0005	0.0015	0.3538	0.0003
9.8880	0.0006	-0.0047	0.3792	0.0041
9.8885	0.0005	-0.0016	0.3995	0.0029
9.8890	0.0008	0.0015	0.4091	0.0032
9.8895	0.0007	-0.0008	0.4175	0.0068
9.8900	0.0011	-0.0029	0.4396	0.0005
9.8905	0.0005	-0.0020	0.4640	0.0045
9.8910	0.0006	-0.0015	0.4720	0.0088
9.8915	0.0007	0.0006	0.4798	0.0028
9.8920	0.0008	0.0013	0.4966	0.0020
9.8925	0.0010	-0.0027	0.5146	0.0063
9.8930	0.0006	0.0008	0.5303	0.0067
9.8935	0.0010	-0.0055	0.5575	0.0113
9.8940	0.0003	-0.0043	0.5731	0.0065
9.8945	0.0008	-0.0021	0.5847	0.0049
9.8950	0.0008	-0.0084	0.6023	0.0093
9.8955	0.0010	-0.0047	0.6188	0.0090
9.8960	0.0007	-0.0000	0.6335	0.0086
9.8965	0.0010	-0.0001	0.6457	0.0079
9.8970	0.0008	-0.0008	0.6598	0.0012
9.8975	0.0006	-0.0026	0.6763	0.0131
9.8980	0.0010	-0.0023	0.6890	0.0056
9.8985	0.0006	0.0004	0.7034	0.0028
9.8990	0.0011	-0.0008	0.7142	0.0111
9.8995	0.0008	-0.0014	0.7309	0.0068
9.9000	0.0010	-0.0005	0.7476	0.0093
9.9005	0.0004	-0.0021	0.7591	0.0062
9.9010	0.0007	0.0024	0.7704	0.0049
9.9015	0.0012	-0.0018	0.7861	0.0046
9.9020	0.0007	-0.0011	0.7994	0.0001
9.9025	0.0012	0.0025	0.8139	0.0069
9.9030	0.0009	-0.0001	0.8219	0.0071
9.9035	0.0007	-0.0034	0.8358	0.0028
9.9040	0.0010	-0.0014	0.8522	0.0071
9.9045	0.0009	-0.0061	0.8642	0.0086
9.9050	0.0011	-0.0034	0.8729	0.0053
9.9055	0.0009	-0.0005	0.8876	0.0051
9.9060	0.0008	-0.0044	0.9005	0.0070
9.9065	0.0005	-0.0044	0.9132	0.0099
9.9070	0.0013	0.0002	0.9163	0.0073
9.9075	0.0009	0.0014	0.9148	0.0073
9.9080	0.0009	0.0018	0.9325	0.0120
9.9085	0.0011	0.0015	0.9545	0.0077
9.9090	0.0012	0.0023	0.9896	0.0038
9.9095	0.0011	0.0033	0.9791	0.0063
9.9100	0.0011	-0.0024	0.9436	0.0076
9.9105	0.0009	-0.0023	1.0006	0.0084
9.9110	0.0009	-0.0043	1.0655	0.0132
9.9115	0.0011	0.0031	1.0370	0.0021
9.9120	0.0010	-0.0020	0.9916	0.0046
9.9125	0.0008	0.0010	1.0344	0.0087
9.9130	0.0010	0.0012	1.1026	0.0114
9.9135	0.0012	-0.0003	1.0876	0.0021
9.9140	0.0009	-0.0018	1.0387	0.0083
9.9145	0.0011	0.0028	1.0624	0.0120
9.9150	0.0011	0.0021	1.1354	0.0114
9.9155	0.0008	-0.0002	1.1363	0.0063
9.9160	0.0010	0.0011	1.0833	0.0060
9.9165	0.0011	-0.0014	1.0940	0.0089
9.9170	0.0015	-0.0014	1.1619	0.0008
9.9175	0.0009	-0.0044	1.1763	0.0087
9.9180	0.0010	-0.0027	1.1274	0.0058
9.9185	0.0012	0.0037	1.1227	0.0014
9.9190	0.0010	-0.0040	1.1859	0.0069
9.9195	0.0012	0.0002	1.2138	0.0121
9.9200	0.0012	0.0015	1.1669	0.0100
9.9205	0.0013	-0.0016	1.1493	0.0111
9.9210	0.0015	0.0004	1.2056	0.0094
9.9215	0.0009	-0.0017	1.2446	0.0074
9.9220	0.0013	-0.0018	1.2044	0.0110
9.9225	0.0007	0.0033	1.1751	0.0059
9.9230	0.0008	-0.0023	1.2244	0.0061
9.9235	0.0012	0.0027	1.2690	0.0122
9.9240	0.0008	-0.0042	1.2393	0.0081
9.9245	0.0011	-0.0002	1.2029	0.0073
9.9250	0.0012	-0.0024	1.2375	0.0077
9.9255	0.0006	0.0030	1.2915	0.0077
9.9260	0.0010	-0.0002	1.2712	0.0114
9.9265	0.0010	-0.0000	1.2247	0.0136
9.9270	0.0010	0.0030	1.2485	0.0069
9.9275	0.0012	-0.0030	1.3005	0.0097
9.9280	0.0012	-0.0022	1.2973	0.0065
9.9285	0.0011	-0.0042	1.2478	0.0099
9.9290	0.0009	-0.0039	1.2567	0.0101
9.9295	0.0011	-0.0011	1.3117	0.0122
9.9300	0.0013	-0.0002	1.3145	0.0164
9.9305	0.0010	0.0007	1.2704	0.0121
9.9310	0.0011	-0.0026	1.2648	0.0132
9.9315	0.0010	-0.0000	1.3161	0.0157
9.9320	0.0013	-0.0013	1.3326	0.0132
9.9325	0.0009	-0.0014	1.2891	0.0128
9.9330	0.0010	-0.0004	1.2715	0.0153
9.9335	0.0011	0.0015	1.3170	0.0034
9.9340	0.0012	-0.0020	1.3435	0.0078
9.9345	0.0008	0.0008	1.3054	0.0091
9.9350	0.0014	-0.0031	1.2773	0.0124
9.9355	0.0012	0.0011	1.3145	0.0061
9.9360	0.0010	-0.0011	1.3506	0.0090
9.9365	0.0012	-0.0008	1.3193	0.0080
9.9370	0.0012	-0.0020	1.2826	0.0125
9.9375	0.0012	-0.0015	1.3095	0.0083
9.9380	0.0011	-0.0037	1.3496	0.0102
9.9385	0.0011	0.0009	1.3271	0.0124
9.9390	0.0011	0.0019	1.2864	0.0107
9.9395	0.0009	-0.0023	1.3011	0.0138
9.9400	0.0013	-0.0001	1.3459	0.0139
9.9405	0.0009	-0.0016	1.3312	0.0039
9.9410	0.0011	-0.0008	1.2853	0.0047
9.9415	0.0010	-0.0010	1.2880	0.0040
9.9420	0.0013	-0.0002	1.3338	0.0104
9.9425	0.0009	0.0002	1.3286	0.0077
9.9430	0.0010	-0.0021	1.2822	0.0112
9.9435	0.0013	-0.0017	1.2766	0.0080
9.9440	0.0010	-0.0011	1.3205	0.0162
9.9445	0.0012	-0.0050	1.3223	0.0088
9.9450	0.0014	0.0009	1.2773	0.0114
9.9455	0.0012	0.0033	1.2636	0.0103
9.9460	0.0013	0.0006	1.2967	0.0049
9.9465	0.0013	0.0020	1.3113	0.0065
9.9470	0.0014	-0.0001	1.2721	0.0108
9.9475	0.0013	0.0006	1.2451	0.0125
9.9480	0.0011	-0.0039	1.2725	0.0086
9.9485	0.0014	0.0012	1.2952	0.0105
9.9490	0.0012	-0.0023	1.2619	0.0108
9.9495	0.0012	0.0012	1.2265	0.0125
9.9500	0.0010	-0.0035	1.2473	0.0149
9.9505	0.0014	0.0006	1.2742	0.0089
9.9510	0.0008	-0.0005	1.2473	0.0134
9.9515	0.0012	-0.0002	1.2097	0.0086
9.9520	0.0011	0.0006	1.2170	0.0065
9.9525	0.0015	-0.0023	1.2507	0.0146
9.9530	0.0006	-0.0010	1.2282	0.0118
9.9535	0.0010	-0.0047	1.1863	0.0098
9.9540	0.0008	0.0021	1.1880	0.0131
9.9545	0.0008	-0.0010	1.2186	0.0114
9.9550	0.0010	-0.0005	1.2083	0.0169
9.9555	0.0010	0.0016	1.1648	0.0094
9.9560	0.0014	-0.0020	1.1551	0.0055
9.9565	0.0013	-0.0062	1.1828	0.0099
9.9570	0.0014	-0.0011	1.1796	0.0077
9.9575	0.0011	-0.0000	1.1359	0.0077
9.9580	0.0013	0.0020	1.1198	0.0088
9.9585	0.0015	-0.0011	1.1458	0.0138
9.9590	0.0009	-0.0061	1.1496	0.0122
9.9595	0.0008	-0.0024	1.1093	0.0121
9.9600	0.0010	-0.0023	1.0816	0.0123
9.9605	0.0009	-0.0002	1.1017	0.0121
9.9610	0.0014	-0.0022	1.1110	0.0043
9.9615	0.0015	-0.0045	1.0755	0.0050
9.9620	0.0009	-0.0017	1.0448	0.0063
9.9625	0.0012	0.0001	1.0575	0.0086
9.9630	0.0009	-0.0011	1.0719	0.0068
9.9635	0.0014	-0.0000	1.0441	0.0083
9.9640	0.0011	0.0024	1.0052	0.0078
9.9645	0.0014	0.0034	1.0082	0.0082
9.9650	0.0012	0.0001	1.0250	0.0084
9.9655	0.0013	-0.0044	1.0047	0.0038
9.9660	0.0008	0.0004	0.9618	0.0120
9.9665	0.0012	-0.0010	0.9597	-0.0011
9.9670	0.0008	-0.0002	0.9781	0.0140
9.9675	0.0015	-0.0011	0.9613	0.0076
9.9680	0.0013	-0.0023	0.9213	0.0123
9.9685	0.0009	0.0006	0.9066	0.0089
9.9690	0.0016	-0.0015	0.9236	0.0118
9.9695	0.0015	-0.0041	0.9177	0.0040
9.9700	0.0014	-0.0030	0.8758	0.0024
9.9705	0.0011	-0.0003	0.8581	0.0104
9.9710	0.0011	-0.0049	0.8701	0.0101
9.9715	0.0012	-0.0005	0.8674	0.0063
9.9720	0.0010	0.0022	0.8303	0.0077
9.9725	0.0012	-0.0049	0.8010	0.0100
9.9730	0.0013	0.0006	0.8103	0.0086
9.9735	0.0010	-0.0038	0.8157	0.0113
9.9740	0.0012	-0.0005	0.7807	0.0092
9.9745	0.0007	0.0003	0.7516	0.0066
9.9750	0.0015	-0.0002	0.7540	0.0086
9.9755	0.0011	0.0010	0.7608	0.0031
9.9760	0.0010	-0.0023	0.7320	0.0065
9.9765	0.0011	0.0021	0.6939	0.0091
9.9770	0.0015	-0.0049	0.6946	0.0063
9.9775	0.0014	-0.0005	0.7028	0.0072
9.9780	0.0015	-0.0015	0.6771	0.0104
9.9785	0.0008	-0.0014	0.6402	0.0105
9.9790	0.0009	0.0015	0.6298	0.0124
9.9795	0.0008	-0.0017	0.6404	0.0149
9.9800	0.0004	0.0021	0.6238	0.0124
9.9805	0.0012	0.0025	0.5840	0.0148
9.9810	0.0009	0.0023	0.5706	0.0107
9.9815	0.0011	-0.0007	0.5766	0.0100
9.9820	0.0010	0.0002	0.5636	0.0076
9.9825	0.0008	0.0013	0.5272	0.0062
9.9830	0.0009	-0.0027	0.5045	0.0081
9.9835	0.0010	-0.0002	0.5109	0.0066
9.9840	0.0012	-0.0017	0.5024	0.0015
9.9845	0.0008	-0.0013	0.4677	0.0077
9.9850	0.0010	-0.0044	0.4393	0.0037
9.9855	0.0013	-0.0022	0.4408	0.0104
9.9860	0.0009	-0.0032	0.4354	0.0099
9.9865	0.0013	-0.0004	0.4066	0.0089
9.9870	0.0011	-0.0005	0.3750	0.0035
9.9875	0.0009	0.0027	0.3751	0.0028
9.9880	0.0012	-0.0011	0.3735	0.0118
9.9885	0.0011	0.0014	0.3442	0.0026
9.9890	0.0009	0.0024	0.3143	0.0077
9.9895	0.0008	-0.0020	0.3040	0.0070
9.9900	0.0009	-0.0036	0.3058	0.0071
9.9905	0.0010	-0.0032	0.2818	0.0059
9.9910	0.0010	-0.0039	0.2513	0.0084
9.9915	0.0011	0.0012	0.2348	0.0051
9.9920	0.0008	0.0020	0.2354	0.0081
9.9925	0.0008	-0.0023	0.2198	0.0108
9.9930	0.0011	-0.0013	0.1872	0.0042
9.9935	0.0008	-0.0017	0.1686	0.0020
9.9940	0.0011	0.0004	0.1657	0.0038
9.9945	0.0009	0.0010	0.1508	-0.0048
9.9950	0.0005	-0.0009	0.1249	0.0094
9.9955	0.0009	-0.0015	0.1019	0.0035
9.9960	0.0009	0.0004	0.0950	0.0089
9.9965	0.0006	-0.0011	0.0851	0.0027
9.9970	0.0008	-0.0012	0.0597	0.0041
9.9975	0.0011	-0.0000	0.0376	-0.0007
9.9980	0.0007	-0.0031	0.0276	0.0112
9.9985	0.0006	-0.0011	0.0151	0.0048
9.9990	0.0008	-0.0005	-0.0015	0.0084
9.9995	0.0010	-0.0008	-0.0152	0.0098
