Flexible Shaft
9/10/2026 3:44:14 PM
Sample Rate (Hz) = 2000.00
Effective Sample Rate (Hz) = 2000.00
time (s)	Voltage (V)	Current (A)	Distal Tach (rad/s)	Motor Tach (rad/s)

0.0000	8.2121	0.2756	78.3541	76.1916
0.0005	8.2122	0.2738	78.4877	75.9865
0.0010	8.2113	0.2784	77.5327	76.2625
0.0015	8.2108	0.2919	77.1552	75.8547
0.0020	8.2108	0.2893	77.1029	75.9142
0.0025	8.2109	0.2893	75.8993	76.3410
0.0030	8.2114	0.2815	73.6565	75.9196
0.0035	8.2125	0.2712	72.6071	75.8617
0.0040	8.2140	0.2560	74.1245	75.7983
0.0045	8.2130	0.2628	74.8127	75.8966
0.0050	8.2123	0.2750	74.8448	76.1988
0.0055	8.2105	0.2876	74.9068	75.6755
0.0060	8.2109	0.2915	76.0870	75.9970
0.0065	8.2110	0.2907	76.9910	76.5496
0.0070	8.2115	0.2786	76.7345	76.3658
0.0075	8.2123	0.2745	76.4981	76.3420
0.0080	8.2141	0.2541	77.2176	76.0135
0.0085	8.2142	0.2498	78.1430	76.1659
0.0090	8.2136	0.2564	77.1123	76.2451
0.0095	8.2135	0.2626	75.4015	75.8014
0.0100	8.2139	0.2576	76.3631	76.3253
0.0105	8.2150	0.2449	77.6302	76.4052
0.0110	8.2161	0.2387	77.8641	76.3821
0.0115	8.2165	0.2280	77.5104	76.5296
0.0120	8.2150	0.2448	77.7083	75.9743
0.0125	8.2138	0.2525	78.4704	75.8924
0.0130	8.2128	0.2638	78.0273	75.8374
0.0135	8.2137	0.2620	77.0101	75.8230
0.0140	8.2136	0.2585	75.7877	76.4193
0.0145	8.2140	0.2580	75.5116	76.4245
0.0150	8.2145	0.2475	74.1929	76.3410
0.0155	8.2148	0.2456	73.0036	76.6342
0.0160	8.2156	0.2385	73.7530	76.3110
0.0165	8.2159	0.2357	74.6629	76.2475
0.0170	8.2157	0.2384	75.6530	76.1435
0.0175	8.2163	0.2328	75.4814	76.2460
0.0180	8.2176	0.2258	75.7371	76.7080
0.0185	8.2186	0.2118	76.5917	76.7069
0.0190	8.2172	0.2163	77.3628	76.5126
0.0195	8.2170	0.2231	77.1885	76.6313
0.0200	8.2158	0.2354	76.9962	76.1587
0.0205	8.2141	0.2531	77.2677	76.1622
0.0210	8.2138	0.2570	76.3964	76.2257
0.0215	8.2131	0.2637	76.2371	76.3615
0.0220	8.2135	0.2599	76.4023	76.3375
0.0225	8.2152	0.2552	77.2159	76.0178
0.0230	8.2159	0.2333	78.1722	76.1559
0.0235	8.2148	0.2445	78.2719	76.1214
0.0240	8.2142	0.2525	77.6883	75.6235
0.0245	8.2150	0.2506	77.6166	75.7552
0.0250	8.2154	0.2408	77.8698	75.8997
0.0255	8.2158	0.2347	77.3548	76.3137
0.0260	8.2167	0.2325	75.9130	76.2710
0.0265	8.2165	0.2324	74.6857	75.9639
0.0270	8.2160	0.2399	74.0368	76.3532
0.0275	8.2142	0.2499	73.8964	76.5635
0.0280	8.2132	0.2665	74.1020	76.3068
0.0285	8.2120	0.2708	74.2673	76.3126
0.0290	8.2138	0.2575	75.3792	76.3310
0.0295	8.2147	0.2516	76.1939	76.5043
0.0300	8.2147	0.2545	76.2854	76.2353
0.0305	8.2154	0.2452	76.1946	75.9710
0.0310	8.2156	0.2371	76.8856	76.2787
0.0315	8.2175	0.2273	77.6479	76.2699
0.0320	8.2175	0.2246	77.2998	76.2933
0.0325	8.2166	0.2326	74.9822	76.2729
0.0330	8.2164	0.2284	75.5857	76.0546
0.0335	8.2184	0.2141	76.7960	76.1608
0.0340	8.2168	0.2234	77.1609	76.2909
0.0345	8.2148	0.2454	77.0744	76.0953
0.0350	8.2134	0.2616	77.6074	76.2569
0.0355	8.2117	0.2695	78.3885	76.1849
0.0360	8.2128	0.2697	78.1537	76.3641
0.0365	8.2120	0.2761	77.4331	76.5458
0.0370	8.2121	0.2752	76.9950	76.2936
0.0375	8.2124	0.2708	77.0665	76.4279
0.0380	8.2136	0.2613	75.8846	76.5054
0.0385	8.2134	0.2611	74.0047	76.2327
0.0390	8.2136	0.2567	73.6022	76.5332
0.0395	8.2142	0.2556	74.1044	76.4406
0.0400	8.2152	0.2436	75.0008	76.3734
0.0405	8.2151	0.2412	74.8657	76.2931
0.0410	8.2153	0.2458	75.3290	76.2974
0.0415	8.2145	0.2479	76.3843	76.7357
0.0420	8.2127	0.2657	77.1450	76.5028
0.0425	8.2116	0.2767	76.8123	76.0168
0.0430	8.2106	0.2978	76.8689	75.8193
0.0435	8.2103	0.2938	77.3805	75.7862
0.0440	8.2106	0.2838	76.8777	76.1615
0.0445	8.2111	0.2865	76.8942	76.0025
0.0450	8.2133	0.2724	75.8851	75.9420
0.0455	8.2136	0.2602	76.5466	76.4169
0.0460	8.2143	0.2537	77.5970	76.2707
0.0465	8.2147	0.2444	77.6928	75.7914
0.0470	8.2152	0.2461	77.4297	75.7894
0.0475	8.2156	0.2378	77.7712	75.6800
0.0480	8.2160	0.2366	78.1655	76.3942
0.0485	8.2160	0.2337	77.7201	76.5996
0.0490	8.2164	0.2334	76.4904	76.6374
0.0495	8.2161	0.2349	76.1702	76.8275
0.0500	8.2148	0.2435	74.7525	76.4342
0.0505	8.2136	0.2623	73.2004	76.2144
0.0510	8.2134	0.2593	73.4640	76.0695
0.0515	8.2132	0.2600	73.9441	75.7988
0.0520	8.2142	0.2500	75.0863	75.9336
0.0525	8.2154	0.2405	75.5037	76.2575
0.0530	8.2150	0.2419	75.7127	76.4330
0.0535	8.2145	0.2480	76.1125	76.3298
0.0540	8.2153	0.2453	77.0622	75.9465
0.0545	8.2159	0.2345	77.2595	75.9379
0.0550	8.2175	0.2226	77.3734	76.0513
0.0555	8.2177	0.2092	76.8462	75.8995
0.0560	8.2181	0.2113	76.8302	76.1100
0.0565	8.2174	0.2145	77.3729	76.5355
0.0570	8.2175	0.2198	76.1905	76.6516
0.0575	8.2167	0.2312	76.5544	76.5532
0.0580	8.2149	0.2444	77.4087	76.1622
0.0585	8.2141	0.2519	78.0501	76.3883
0.0590	8.2149	0.2452	77.8673	76.4692
0.0595	8.2142	0.2492	77.5938	76.1466
0.0600	8.2148	0.2419	77.6587	76.5888
0.0605	8.2170	0.2289	77.6030	76.6314
0.0610	8.2173	0.2186	76.7319	76.3711
0.0615	8.2165	0.2288	75.5000	76.3539
0.0620	8.2167	0.2274	73.3702	76.2673
0.0625	8.2168	0.2258	73.5284	76.4567
0.0630	8.2170	0.2230	74.0936	76.2080
0.0635	8.2170	0.2233	74.2106	75.6999
0.0640	8.2176	0.2210	74.7682	76.0098
0.0645	8.2166	0.2340	75.7097	76.3237
0.0650	8.2146	0.2461	76.3646	76.1486
0.0655	8.2130	0.2682	76.4799	76.0338
0.0660	8.2125	0.2738	76.6983	76.0834
0.0665	8.2126	0.2699	77.1814	76.5277
0.0670	8.2125	0.2678	77.7719	75.9053
0.0675	8.2130	0.2681	77.4256	75.5081
0.0680	8.2143	0.2508	76.6893	75.8284
0.0685	8.2133	0.2575	76.9571	76.2750
0.0690	8.2122	0.2751	76.7691	76.5216
0.0695	8.2127	0.2678	77.0153	76.4199
0.0700	8.2131	0.2694	77.2042	76.4643
0.0705	8.2133	0.2643	77.6501	76.6280
0.0710	8.2146	0.2525	78.1771	76.2216
0.0715	8.2144	0.2481	77.8498	75.9974
0.0720	8.2137	0.2525	77.2234	76.1407
0.0725	8.2141	0.2573	76.8067	76.0372
0.0730	8.2120	0.2773	76.7090	76.4061
0.0735	8.2114	0.2797	74.0474	76.3986
0.0740	8.2119	0.2757	72.5876	76.1780
0.0745	8.2122	0.2804	73.3752	76.0962
0.0750	8.2127	0.2652	74.3603	75.6994
0.0755	8.2133	0.2672	74.8502	75.8253
0.0760	8.2130	0.2671	74.8499	76.1530
0.0765	8.2133	0.2658	75.5496	76.0872
0.0770	8.2128	0.2632	76.5476	76.5183
0.0775	8.2136	0.2628	77.0494	76.6411
0.0780	8.2138	0.2520	76.7633	76.4205
0.0785	8.2150	0.2487	76.9514	76.3595
0.0790	8.2157	0.2369	77.6749	76.0222
0.0795	8.2147	0.2510	77.9434	76.3121
0.0800	8.2132	0.2590	76.8065	76.4579
0.0805	8.2124	0.2747	76.2357	76.5575
0.0810	8.2132	0.2649	76.9551	76.7331
0.0815	8.2141	0.2509	77.7408	76.4578
0.0820	8.2136	0.2532	77.7378	76.1031
0.0825	8.2140	0.2573	77.6031	76.1887
0.0830	8.2132	0.2592	78.0728	75.9726
0.0835	8.2128	0.2672	78.2828	76.2770
0.0840	8.2124	0.2711	77.6920	75.9985
0.0845	8.2132	0.2681	76.6483	75.8954
0.0850	8.2132	0.2673	75.5201	76.3971
0.0855	8.2126	0.2622	74.4361	76.0409
0.0860	8.2143	0.2569	73.2260	75.8655
0.0865	8.2146	0.2484	73.6798	75.8119
0.0870	8.2140	0.2518	74.0361	75.8202
0.0875	8.2128	0.2670	74.9550	76.2073
0.0880	8.2115	0.2782	75.5482	75.7226
0.0885	8.2119	0.2732	75.8409	75.8948
0.0890	8.2125	0.2746	76.2184	76.5439
0.0895	8.2124	0.2715	76.8474	76.4145
0.0900	8.2132	0.2670	77.2042	76.3723
0.0905	8.2141	0.2601	77.1458	76.0946
0.0910	8.2135	0.2607	77.3242	76.1415
0.0915	8.2129	0.2636	77.2885	76.3438
0.0920	8.2126	0.2613	76.2122	75.8465
0.0925	8.2137	0.2591	76.3954	76.2409
0.0930	8.2137	0.2529	76.8972	76.4266
0.0935	8.2146	0.2517	77.5599	76.3118
0.0940	8.2157	0.2388	78.1514	76.5422
0.0945	8.2147	0.2440	78.0168	76.0518
0.0950	8.2140	0.2601	77.9086	75.8950
0.0955	8.2126	0.2675	77.7650	75.9009
0.0960	8.2128	0.2667	77.6501	75.8122
0.0965	8.2125	0.2700	76.4769	76.3641
0.0970	8.2120	0.2738	75.1750	76.4988
0.0975	8.2128	0.2628	74.0115	76.3264
0.0980	8.2138	0.2628	73.3409	76.6420
0.0985	8.2148	0.2503	74.2126	76.3408
0.0990	8.2152	0.2449	74.2275	76.2120
0.0995	8.2145	0.2497	74.9420	76.1318
0.1000	8.2149	0.2446	75.6856	76.1985
0.1005	8.2149	0.2481	76.3837	76.6277
0.1010	8.2145	0.2517	76.3737	76.7735
0.1015	8.2146	0.2478	76.5132	76.5533
0.1020	8.2144	0.2463	77.1988	76.6951
0.1025	8.2135	0.2579	77.6618	76.2747
0.1030	8.2128	0.2717	77.4852	76.1514
0.1035	8.2116	0.2755	75.8068	76.2001
0.1040	8.2116	0.2800	75.9121	76.3393
0.1045	8.2115	0.2767	77.0713	76.3176
0.1050	8.2124	0.2746	77.3463	76.0413
0.1055	8.2133	0.2675	77.4285	76.1047
0.1060	8.2127	0.2673	77.8505	76.2228
0.1065	8.2109	0.2854	78.3213	75.7172
0.1070	8.2119	0.2762	78.1619	75.8048
0.1075	8.2130	0.2673	77.4037	75.9638
0.1080	8.2143	0.2552	76.8605	76.2788
0.1085	8.2148	0.2469	76.5885	76.2858
0.1090	8.2149	0.2481	75.3859	75.9191
0.1095	8.2147	0.2487	73.8889	76.2374
0.1100	8.2141	0.2561	73.2702	76.5492
0.1105	8.2130	0.2632	74.3343	76.3064
0.1110	8.2130	0.2682	74.8500	76.3117
0.1115	8.2139	0.2559	75.0093	76.3337
0.1120	8.2130	0.2601	75.4470	76.5342
0.1125	8.2132	0.2626	76.4706	76.3492
0.1130	8.2132	0.2639	76.8355	76.0246
0.1135	8.2138	0.2564	76.7880	76.1732
0.1140	8.2162	0.2309	76.8323	76.1726
0.1145	8.2165	0.2292	77.5566	76.2187
0.1150	8.2171	0.2159	75.9124	76.3003
0.1155	8.2177	0.2200	75.4372	76.0510
0.1160	8.2182	0.2059	76.0786	76.0595
0.1165	8.2176	0.2118	76.9685	76.2356
0.1170	8.2158	0.2334	77.7346	76.1022
0.1175	8.2144	0.2504	77.7345	76.1979
0.1180	8.2135	0.2641	77.7337	76.2135
0.1185	8.2133	0.2611	77.9605	76.3948
0.1190	8.2129	0.2644	78.1418	76.6280
0.1195	8.2129	0.2684	77.4328	76.3689
0.1200	8.2128	0.2701	76.5772	76.3910
0.1205	8.2131	0.2587	75.7171	76.5152
0.1210	8.2138	0.2579	74.6580	76.1940
0.1215	8.2134	0.2601	74.1013	76.4396
0.1220	8.2139	0.2552	73.6422	76.4434
0.1225	8.2151	0.2523	74.4165	76.3463
0.1230	8.2154	0.2399	75.1816	76.3383
0.1235	8.2143	0.2517	75.7844	76.3025
0.1240	8.2141	0.2561	76.0286	76.7617
0.1245	8.2122	0.2722	76.4997	76.6487
0.1250	8.2114	0.2811	77.0728	76.0898
0.1255	8.2102	0.2880	77.3919	75.8081
0.1260	8.2098	0.2999	77.3825	75.7113
0.1265	8.2100	0.2923	76.3296	76.0690
0.1270	8.2103	0.2983	76.9593	75.9758
0.1275	8.2111	0.2829	76.5972	75.8665
0.1280	8.2119	0.2778	76.4341	76.3464
0.1285	8.2120	0.2763	76.9674	76.3795
0.1290	8.2121	0.2741	77.5729	75.9181
0.1295	8.2133	0.2656	78.0030	75.9142
0.1300	8.2140	0.2543	77.9630	75.7159
0.1305	8.2143	0.2558	77.6756	76.3235
0.1310	8.2145	0.2516	77.5856	76.6073
0.1315	8.2155	0.2378	77.1529	76.5440
0.1320	8.2141	0.2450	76.4845	76.7500
0.1325	8.2129	0.2670	74.5507	76.4402
0.1330	8.2117	0.2806	73.0036	76.2563
0.1335	8.2119	0.2782	73.8394	76.1395
0.1340	8.2126	0.2679	74.2018	75.8736
0.1345	8.2119	0.2747	74.5619	75.9642
0.1350	8.2125	0.2729	75.0825	76.2912
0.1355	8.2135	0.2660	76.0719	76.4788
0.1360	8.2130	0.2692	76.5180	76.3878
0.1365	8.2131	0.2666	76.6237	75.9749
0.1370	8.2141	0.2545	76.7836	75.8788
0.1375	8.2153	0.2431	77.6227	76.0201
0.1380	8.2156	0.2369	77.5761	75.8542
0.1385	8.2170	0.2292	76.4846	76.0021
0.1390	8.2166	0.2268	76.9864	76.4611
0.1395	8.2159	0.2364	76.4962	76.6929
0.1400	8.2158	0.2350	77.0863	76.6520
0.1405	8.2138	0.2487	77.3193	76.3015
0.1410	8.2136	0.2617	77.3622	76.4462
0.1415	8.2141	0.2540	77.9041	76.5463
0.1420	8.2133	0.2607	78.2309	76.1467
0.1425	8.2139	0.2644	77.8293	76.4825
0.1430	8.2141	0.2458	77.1196	76.6089
0.1435	8.2152	0.2396	76.6228	76.3421
0.1440	8.2145	0.2494	76.3466	76.3481
0.1445	8.2145	0.2501	73.8623	76.3035
0.1450	8.2163	0.2334	72.9390	76.4808
0.1455	8.2161	0.2282	73.7535	76.3431
0.1460	8.2173	0.2219	74.5802	75.7854
0.1465	8.2180	0.2181	75.1121	75.9518
0.1470	8.2169	0.2231	75.2415	76.3212
0.1475	8.2150	0.2416	75.9072	76.1331
0.1480	8.2133	0.2558	76.8119	76.0103
0.1485	8.2129	0.2670	77.1180	75.9916
0.1490	8.2131	0.2640	76.9426	76.4953
0.1495	8.2130	0.2648	77.2572	76.0200
0.1500	8.2131	0.2664	77.6527	75.5446
0.1505	8.2154	0.2399	77.3096	75.7824
0.1510	8.2154	0.2410	76.8462	76.2728
0.1515	8.2138	0.2645	76.2455	76.5604
0.1520	8.2136	0.2623	77.0080	76.4650
0.1525	8.2139	0.2555	77.7807	76.4481
0.1530	8.2146	0.2509	77.6852	76.6293
0.1535	8.2154	0.2431	77.6113	76.2724
0.1540	8.2156	0.2396	77.7474	76.0125
0.1545	8.2144	0.2490	77.9335	76.1638
0.1550	8.2137	0.2580	76.9977	76.0396
0.1555	8.2128	0.2714	76.3484	76.3485
0.1560	8.2113	0.2812	74.2157	76.4361
0.1565	8.2113	0.2794	73.1064	76.1939
0.1570	8.2114	0.2741	73.5872	76.1602
0.1575	8.2119	0.2738	73.7795	75.7638
0.1580	8.2131	0.2698	74.5501	75.8152
0.1585	8.2114	0.2839	75.2616	76.1393
0.1590	8.2107	0.2909	75.7758	76.0726
0.1595	8.2104	0.2951	76.0669	76.4032
0.1600	8.2103	0.2938	76.7320	76.6568
0.1605	8.2114	0.2855	77.1972	76.4768
0.1610	8.2120	0.2791	77.3774	76.4353
0.1615	8.2124	0.2726	77.2069	76.1446
0.1620	8.2116	0.2816	77.4785	76.3017
0.1625	8.2104	0.2925	77.2671	76.4547
0.1630	8.2096	0.3010	76.8640	76.5071
0.1635	8.2101	0.2951	76.6966	76.7130
0.1640	8.2104	0.2932	77.0497	76.5278
0.1645	8.2096	0.2971	77.8526	76.1094
0.1650	8.2101	0.2954	78.2556	76.2412
0.1655	8.2100	0.2952	78.0282	76.0758
0.1660	8.2097	0.3006	77.7403	76.2836
0.1665	8.2089	0.3043	77.6598	76.0738
0.1670	8.2088	0.3074	77.3935	75.8490
0.1675	8.2097	0.3045	75.9425	76.3313
0.1680	8.2102	0.2909	74.1026	76.0910
0.1685	8.2115	0.2874	72.9469	75.8209
0.1690	8.2120	0.2747	74.0169	75.8659
0.1695	8.2116	0.2803	74.3482	75.8125
0.1700	8.2111	0.2826	74.5842	76.2350
0.1705	8.2102	0.2989	75.1689	75.8278
0.1710	8.2106	0.2968	76.1047	75.8295
0.1715	8.2104	0.2905	76.5939	76.5215
0.1720	8.2112	0.2895	76.5532	76.4715
0.1725	8.2114	0.2832	76.7844	76.4117
0.1730	8.2128	0.2664	77.4252	76.1457
0.1735	8.2137	0.2549	77.7090	76.0912
0.1740	8.2130	0.2673	77.2126	76.3556
0.1745	8.2125	0.2689	75.8840	75.8592
0.1750	8.2127	0.2680	76.5240	76.1588
0.1755	8.2137	0.2608	77.3422	76.4733
0.1760	8.2140	0.2566	77.3810	76.3441
0.1765	8.2150	0.2413	77.6077	76.6038
0.1770	8.2146	0.2479	78.0762	76.1660
0.1775	8.2141	0.2596	78.3845	75.9269
0.1780	8.2130	0.2665	77.8587	75.9386
0.1785	8.2128	0.2619	77.3238	75.7969
0.1790	8.2135	0.2658	76.5798	76.2674
0.1795	8.2130	0.2611	75.6020	76.5060
0.1800	8.2133	0.2639	74.2812	76.2902
0.1805	8.2140	0.2553	72.9829	76.6588
0.1810	8.2145	0.2473	73.9857	76.4339
0.1815	8.2154	0.2381	74.5791	76.2848
0.1820	8.2159	0.2461	75.1118	76.1962
0.1825	8.2148	0.2452	75.3739	76.2301
0.1830	8.2153	0.2439	75.9804	76.5953
0.1835	8.2167	0.2278	76.6699	76.7919
0.1840	8.2174	0.2231	76.9174	76.5309
0.1845	8.2169	0.2292	76.9918	76.6825
0.1850	8.2158	0.2328	77.2205	76.2911
0.1855	8.2137	0.2570	77.7047	76.1222
0.1860	8.2129	0.2632	76.4718	76.2906
0.1865	8.2132	0.2670	75.8742	76.3615
0.1870	8.2128	0.2731	76.5708	76.4125
0.1875	8.2139	0.2618	77.2736	76.1219
0.1880	8.2152	0.2443	77.8751	76.1082
0.1885	8.2145	0.2483	77.9180	76.2524
0.1890	8.2130	0.2614	77.9975	75.7289
0.1895	8.2135	0.2624	78.0670	75.7280
0.1900	8.2141	0.2527	77.8771	75.9258
0.1905	8.2150	0.2401	77.1434	76.2491
0.1910	8.2156	0.2393	76.3540	76.3717
0.1915	8.2161	0.2368	75.3364	75.9690
0.1920	8.2155	0.2381	74.3354	76.2223
0.1925	8.2146	0.2456	73.4939	76.6018
0.1930	8.2130	0.2616	74.0376	76.3514
0.1935	8.2127	0.2694	74.5479	76.3203
0.1940	8.2132	0.2639	75.2093	76.3417
0.1945	8.2135	0.2608	75.7045	76.5037
0.1950	8.2136	0.2615	76.2016	76.4017
0.1955	8.2148	0.2491	76.4973	76.0055
0.1960	8.2157	0.2381	76.9334	76.2246
0.1965	8.2172	0.2257	77.0836	76.2909
0.1970	8.2176	0.2208	77.5490	76.2819
0.1975	8.2163	0.2323	75.7689	76.3390
0.1980	8.2154	0.2431	75.3646	76.1371
0.1985	8.2163	0.2334	76.3832	76.1343
0.1990	8.2170	0.2278	76.9013	76.3303
0.1995	8.2152	0.2396	77.3562	76.1719
0.2000	8.2137	0.2567	77.6563	76.1494
0.2005	8.2124	0.2708	78.0851	76.1612
0.2010	8.2127	0.2687	78.0962	76.2637
0.2015	8.2126	0.2700	77.8490	76.5811
0.2020	8.2127	0.2737	77.3371	76.3874
0.2025	8.2125	0.2710	76.9449	76.4003
0.2030	8.2129	0.2664	76.0717	76.6102
0.2035	8.2130	0.2649	74.4900	76.2916
0.2040	8.2142	0.2579	73.9690	76.4725
0.2045	8.2148	0.2481	73.9043	76.5164
0.2050	8.2158	0.2396	74.5979	76.3361
0.2055	8.2162	0.2344	74.9589	76.3315
0.2060	8.2153	0.2416	75.4303	76.2198
0.2065	8.2146	0.2463	76.1939	76.6564
0.2070	8.2131	0.2638	76.7810	76.6846
0.2075	8.2118	0.2762	76.9687	76.1590
0.2080	8.2116	0.2809	77.0589	75.9422
0.2085	8.2113	0.2869	77.5648	75.8328
0.2090	8.2118	0.2818	76.6811	76.1231
0.2095	8.2116	0.2835	76.8668	76.0988
0.2100	8.2123	0.2715	76.4044	75.8705
0.2105	8.2127	0.2644	76.4247	76.3059
0.2110	8.2132	0.2659	77.2880	76.3765
0.2115	8.2135	0.2615	77.5189	75.8367
0.2120	8.2150	0.2450	77.6757	75.8169
0.2125	8.2156	0.2395	77.9365	75.6883
0.2130	8.2157	0.2331	78.0331	76.2419
0.2135	8.2156	0.2384	77.6924	76.6829
0.2140	8.2167	0.2240	76.8793	76.6071
0.2145	8.2161	0.2293	76.4822	76.8522
0.2150	8.2153	0.2394	75.1856	76.5450
0.2155	8.2139	0.2583	73.1608	76.2796
0.2160	8.2140	0.2527	73.5288	76.1391
0.2165	8.2144	0.2514	74.0295	75.8442
0.2170	8.2146	0.2488	74.7402	75.8763
0.2175	8.2157	0.2343	75.2267	76.1981
0.2180	8.2160	0.2352	75.8082	76.4340
0.2185	8.2154	0.2437	76.3164	76.4092
0.2190	8.2154	0.2431	76.8338	76.0762
0.2195	8.2162	0.2320	77.0344	75.9608
0.2200	8.2171	0.2169	77.3748	76.1429
0.2205	8.2181	0.2129	77.4087	75.9469
0.2210	8.2179	0.2078	76.6883	76.0370
0.2215	8.2175	0.2166	77.1538	76.4398
0.2220	8.2174	0.2249	76.3940	76.6407
0.2225	8.2169	0.2246	76.7313	76.6183
0.2230	8.2152	0.2398	77.3878	76.2703
0.2235	8.2142	0.2560	77.7240	76.3638
0.2240	8.2148	0.2433	77.8686	76.5748
0.2245	8.2137	0.2570	77.9566	76.2105
0.2250	8.2147	0.2464	77.7901	76.5119
0.2255	8.2160	0.2316	77.4613	76.7065
0.2260	8.2170	0.2196	76.7953	76.4156
0.2265	8.2168	0.2251	76.2536	76.3722
0.2270	8.2167	0.2288	74.0140	76.2703
0.2275	8.2171	0.2168	73.1547	76.4090
0.2280	8.2172	0.2207	73.7925	76.3351
0.2285	8.2179	0.2168	74.3287	75.7809
0.2290	8.2177	0.2139	74.9169	75.8985
0.2295	8.2179	0.2143	75.4148	76.3479
0.2300	8.2160	0.2312	76.0932	76.2133
0.2305	8.2143	0.2509	76.5462	76.0979
0.2310	8.2140	0.2571	76.9029	76.0307
0.2315	8.2138	0.2548	77.0955	76.5102
0.2320	8.2141	0.2568	77.4551	76.1177
0.2325	8.2142	0.2528	77.5962	75.5315
0.2330	8.2159	0.2337	76.9856	75.7238
0.2335	8.2161	0.2287	76.9624	76.1806
0.2340	8.2152	0.2396	76.6597	76.5299
0.2345	8.2151	0.2421	76.9062	76.4615
0.2350	8.2152	0.2446	77.4146	76.4470
0.2355	8.2149	0.2507	77.5765	76.6723
0.2360	8.2155	0.2385	77.9754	76.3806
0.2365	8.2160	0.2360	77.9285	76.0665
0.2370	8.2152	0.2405	77.6477	76.2052
0.2375	8.2152	0.2396	76.9092	76.0923
0.2380	8.2138	0.2582	76.7620	76.3190
0.2385	8.2130	0.2651	74.6463	76.4621
0.2390	8.2135	0.2580	72.8012	76.1721
0.2395	8.2139	0.2580	73.3754	76.1348
0.2400	8.2152	0.2430	74.0127	75.7497
0.2405	8.2157	0.2335	74.7033	75.7567
0.2410	8.2146	0.2430	74.9622	76.1153
0.2415	8.2142	0.2558	75.6102	76.1294
0.2420	8.2132	0.2563	76.3121	76.4049
0.2425	8.2131	0.2658	76.8502	76.7559
0.2430	8.2136	0.2626	76.8999	76.4944
0.2435	8.2143	0.2533	77.1432	76.4868
0.2440	8.2148	0.2438	77.5158	76.0720
0.2445	8.2148	0.2464	77.8258	76.2326
0.2450	8.2136	0.2583	77.0922	76.4142
0.2455	8.2130	0.2662	76.5066	76.4666
0.2460	8.2135	0.2625	76.8529	76.6786
0.2465	8.2149	0.2440	77.4328	76.5622
0.2470	8.2151	0.2432	77.7356	76.1438
0.2475	8.2155	0.2361	77.8476	76.2368
0.2480	8.2148	0.2474	78.0916	76.0224
0.2485	8.2139	0.2500	78.1962	76.2645
0.2490	8.2144	0.2542	77.7341	76.1814
0.2495	8.2144	0.2485	77.0623	75.8529
0.2500	8.2147	0.2490	75.9025	76.3836
0.2505	8.2152	0.2444	74.6884	76.1490
0.2510	8.2159	0.2371	73.1441	75.8085
0.2515	8.2168	0.2238	73.5103	75.8407
0.2520	8.2165	0.2261	74.0778	75.7283
0.2525	8.2154	0.2425	74.9025	76.1992
0.2530	8.2143	0.2543	75.4708	75.8912
0.2535	8.2130	0.2570	75.7423	75.7935
0.2540	8.2143	0.2557	76.1030	76.5126
0.2545	8.2142	0.2539	76.7356	76.5166
0.2550	8.2145	0.2490	77.1855	76.4156
0.2555	8.2162	0.2437	77.2748	76.1870
0.2560	8.2164	0.2286	77.3020	76.0308
0.2565	8.2162	0.2288	77.3856	76.3524
0.2570	8.2162	0.2290	76.3146	75.8834
0.2575	8.2154	0.2388	76.3611	76.0798
0.2580	8.2151	0.2410	76.9096	76.4888
0.2585	8.2160	0.2339	77.3815	76.3407
0.2590	8.2175	0.2159	78.0268	76.6241
0.2595	8.2166	0.2253	78.1167	76.2462
0.2600	8.2155	0.2384	78.0463	75.9265
0.2605	8.2142	0.2531	77.8050	75.9443
0.2610	8.2137	0.2602	77.6818	75.7904
0.2615	8.2148	0.2506	76.8232	76.1844
0.2620	8.2149	0.2443	75.4128	76.5063
0.2625	8.2160	0.2391	74.2495	76.2508
0.2630	8.2159	0.2373	73.2107	76.5881
0.2635	8.2174	0.2227	74.1361	76.4392
0.2640	8.2176	0.2174	74.3469	76.2615
0.2645	8.2169	0.2272	74.8650	76.2253
0.2650	8.2175	0.2168	75.5375	76.2282
0.2655	8.2172	0.2180	76.1552	76.5820
0.2660	8.2175	0.2163	76.4750	76.8074
0.2665	8.2183	0.2092	76.6559	76.5266
0.2670	8.2175	0.2156	77.1549	76.6452
0.2675	8.2173	0.2277	77.4897	76.3311
0.2680	8.2157	0.2385	77.6133	76.0996
0.2685	8.2144	0.2538	76.2726	76.2280
0.2690	8.2142	0.2504	75.8783	76.3378
0.2695	8.2137	0.2531	76.8317	76.4206
0.2700	8.2163	0.2365	77.2254	76.1576
0.2705	8.2178	0.2162	77.5097	76.0911
0.2710	8.2175	0.2197	77.8767	76.2645
0.2715	8.2168	0.2242	78.3694	75.7758
0.2720	8.2170	0.2253	78.0774	75.6790
0.2725	8.2171	0.2219	77.5783	75.8899
0.2730	8.2169	0.2260	77.0409	76.1746
0.2735	8.2171	0.2182	76.7140	76.3648
0.2740	8.2175	0.2244	75.6278	76.0370
0.2745	8.2173	0.2170	74.1886	76.1953
0.2750	8.2171	0.2228	73.2935	76.6249
0.2755	8.2158	0.2357	74.2038	76.3916
0.2760	8.2152	0.2461	74.7266	76.3303
0.2765	8.2161	0.2322	75.0267	76.3131
0.2770	8.2165	0.2306	75.3762	76.4425
0.2775	8.2166	0.2308	76.3364	76.3755
0.2780	8.2162	0.2336	76.7745	75.9726
0.2785	8.2173	0.2239	76.8448	76.1006
0.2790	8.2185	0.2148	76.8302	76.1795
0.2795	8.2179	0.2141	77.6017	76.2267
0.2800	8.2184	0.2098	76.1848	76.3889
0.2805	8.2187	0.2062	75.3267	76.1815
0.2810	8.2196	0.1971	76.0514	76.0892
0.2815	8.2194	0.2024	76.8224	76.2360
0.2820	8.2175	0.2130	77.6320	76.0996
0.2825	8.2157	0.2365	77.7298	76.0944
0.2830	8.2147	0.2543	77.8195	76.1302
0.2835	8.2145	0.2519	77.9349	76.2311
0.2840	8.2145	0.2451	78.0968	76.6096
0.2845	8.2147	0.2491	77.5849	76.4412
0.2850	8.2147	0.2461	76.8033	76.3849
0.2855	8.2162	0.2343	76.0372	76.5681
0.2860	8.2165	0.2283	74.7629	76.2853
0.2865	8.2171	0.2208	74.1350	76.3972
0.2870	8.2163	0.2305	73.7394	76.4971
0.2875	8.2162	0.2295	74.3021	76.3091
0.2880	8.2169	0.2274	75.0718	76.3448
0.2885	8.2165	0.2267	75.6034	76.2376
0.2890	8.2165	0.2315	76.0751	76.6504
0.2895	8.2152	0.2450	76.4447	76.7232
0.2900	8.2134	0.2621	77.0137	76.2288
0.2905	8.2121	0.2741	77.2866	75.8988
0.2910	8.2107	0.2895	77.5603	75.7548
0.2915	8.2111	0.2906	76.4533	76.0565
0.2920	8.2118	0.2748	76.8231	76.0788
0.2925	8.2129	0.2646	76.7439	75.8461
0.2930	8.2135	0.2576	76.4368	76.2268
0.2935	8.2140	0.2598	76.9839	76.4194
0.2940	8.2136	0.2522	77.3916	75.9058
0.2945	8.2150	0.2467	77.9583	75.8740
0.2950	8.2149	0.2440	78.0161	75.7122
0.2955	8.2152	0.2413	77.7540	76.1751
0.2960	8.2152	0.2436	77.5754	76.6881
0.2965	8.2163	0.2420	77.1999	76.5764
0.2970	8.2155	0.2387	76.6959	76.8002
0.2975	8.2143	0.2508	75.1746	76.5390
0.2980	8.2133	0.2601	73.0229	76.2230
0.2985	8.2131	0.2629	73.5558	76.1175
0.2990	8.2132	0.2630	74.1411	75.8650
0.2995	8.2143	0.2552	74.5820	75.8545
0.3000	8.2153	0.2423	75.0313	76.2031
0.3005	8.2159	0.2344	75.8232	76.4447
0.3010	8.2150	0.2429	76.4315	76.4489
0.3015	8.2154	0.2442	76.6685	76.1056
0.3020	8.2164	0.2314	76.8260	75.9137
0.3025	8.2167	0.2298	77.3608	76.0926
0.3030	8.2175	0.2192	77.6512	75.9463
0.3035	8.2178	0.2149	76.6015	75.9692
0.3040	8.2179	0.2173	76.9348	76.3865
0.3045	8.2170	0.2250	76.5322	76.6297
0.3050	8.2170	0.2211	76.8155	76.6483
0.3055	8.2156	0.2393	77.2731	76.3182
0.3060	8.2145	0.2508	77.4108	76.3196
0.3065	8.2155	0.2418	77.8269	76.5989
0.3070	8.2150	0.2465	78.1906	76.2367
0.3075	8.2154	0.2387	77.8493	76.4385
0.3080	8.2173	0.2189	77.2628	76.7047
0.3085	8.2191	0.2059	76.7122	76.4197
0.3090	8.2190	0.2027	76.4862	76.3683
0.3095	8.2185	0.2124	74.3028	76.2455
0.3100	8.2188	0.2106	72.9130	76.3609
0.3105	8.2188	0.2071	73.5974	76.3962
0.3110	8.2192	0.2056	74.4328	75.8428
0.3115	8.2192	0.1986	75.0366	75.8756
0.3120	8.2189	0.2021	75.2269	76.3459
0.3125	8.2179	0.2186	75.8196	76.2371
0.3130	8.2165	0.2309	76.5591	76.1017
0.3135	8.2148	0.2475	77.0661	75.9617
0.3140	8.2150	0.2467	77.0121	76.4460
0.3145	8.2143	0.2505	77.1639	76.1944
0.3150	8.2151	0.2467	77.6582	75.5386
0.3155	8.2177	0.2219	77.2955	75.6745
0.3160	8.2173	0.2183	76.9769	76.1221
0.3165	8.2168	0.2229	76.4009	76.4922
0.3170	8.2165	0.2337	76.7483	76.4705
0.3175	8.2169	0.2248	77.6954	76.4084
0.3180	8.2157	0.2381	77.6185	76.6310
0.3185	8.2161	0.2290	77.6460	76.4391
0.3190	8.2169	0.2287	77.7647	76.0498
0.3195	8.2157	0.2358	77.9500	76.2050
0.3200	8.2158	0.2329	77.1500	76.1064
0.3205	8.2142	0.2522	76.5094	76.2682
0.3210	8.2130	0.2564	74.6828	76.4750
0.3215	8.2130	0.2605	73.0554	76.1643
0.3220	8.2134	0.2607	73.5492	76.1470
0.3225	8.2143	0.2514	73.7102	75.7820
0.3230	8.2153	0.2387	74.3285	75.7458
0.3235	8.2150	0.2472	75.1193	76.1105
0.3240	8.2148	0.2487	75.8067	76.1353
0.3245	8.2147	0.2489	75.9985	76.3132
0.3250	8.2139	0.2555	76.5431	76.7002
0.3255	8.2145	0.2514	76.9987	76.5228
0.3260	8.2149	0.2443	77.3122	76.4892
0.3265	8.2158	0.2386	77.2778	76.1622
0.3270	8.2153	0.2390	77.5362	76.2237
0.3275	8.2145	0.2502	77.3122	76.4081
0.3280	8.2133	0.2631	76.8233	76.5069
0.3285	8.2121	0.2740	76.6192	76.6653
0.3290	8.2127	0.2659	76.9512	76.6467
0.3295	8.2124	0.2694	77.7561	76.1879
0.3300	8.2134	0.2632	78.2675	76.2782
0.3305	8.2133	0.2626	78.0469	76.0932
0.3310	8.2131	0.2657	77.7168	76.2160
0.3315	8.2133	0.2650	77.6297	76.1703
0.3320	8.2136	0.2650	77.6384	75.7835
0.3325	8.2128	0.2646	76.1801	76.2231
0.3330	8.2135	0.2598	74.3993	76.1721
0.3335	8.2142	0.2532	72.9493	75.8194
0.3340	8.2152	0.2473	73.8365	75.8950
0.3345	8.2152	0.2455	74.4290	75.7535
0.3350	8.2144	0.2535	74.3935	76.2241
0.3355	8.2129	0.2665	74.9521	75.9912
0.3360	8.2127	0.2723	75.9807	75.7561
0.3365	8.2127	0.2665	76.5853	76.4403
0.3370	8.2139	0.2608	76.4909	76.4903
0.3375	8.2151	0.2468	76.5814	76.3525
0.3380	8.2158	0.2365	77.3327	76.1794
0.3385	8.2166	0.2290	77.7731	75.9786
0.3390	8.2165	0.2368	77.4251	76.3610
0.3395	8.2159	0.2339	75.9329	75.9777
0.3400	8.2156	0.2376	76.2277	76.0655
0.3405	8.2162	0.2336	77.3135	76.5480
0.3410	8.2164	0.2269	77.3517	76.3711
0.3415	8.2182	0.2133	77.5122	76.6092
0.3420	8.2175	0.2177	77.9964	76.2827
0.3425	8.2157	0.2354	78.4655	75.8800
0.3430	8.2147	0.2457	77.9415	75.9200
0.3435	8.2139	0.2548	77.2060	75.7614
0.3440	8.2147	0.2449	76.7708	76.1278
0.3445	8.2151	0.2429	75.9059	76.5558
0.3450	8.2158	0.2395	74.5509	76.2984
0.3455	8.2162	0.2298	72.8177	76.6174
0.3460	8.2166	0.2275	73.6837	76.5360
0.3465	8.2172	0.2242	74.5672	76.2830
0.3470	8.2165	0.2276	75.0769	76.2459
0.3475	8.2170	0.2231	75.2194	76.1932
0.3480	8.2175	0.2202	75.6806	76.5026
0.3485	8.2186	0.2085	76.5926	76.7854
0.3490	8.2183	0.2141	77.0310	76.5086
0.3495	8.2170	0.2186	76.9403	76.6262
0.3500	8.2169	0.2222	76.9028	76.4034
0.3505	8.2155	0.2381	77.6861	76.1269
0.3510	8.2147	0.2517	76.9054	76.2582
0.3515	8.2143	0.2585	75.7523	76.3618
0.3520	8.2137	0.2647	76.2631	76.4533
0.3525	8.2155	0.2451	77.0593	76.1806
0.3530	8.2170	0.2231	78.0020	76.0406
0.3535	8.2169	0.2247	77.9572	76.2336
0.3540	8.2162	0.2290	77.7718	75.7980
0.3545	8.2161	0.2300	77.8795	75.6287
0.3550	8.2167	0.2292	78.1035	75.8881
0.3555	8.2168	0.2280	77.3630	76.1658
0.3560	8.2172	0.2252	76.3782	76.4061
0.3565	8.2169	0.2207	75.3714	76.0399
0.3570	8.2176	0.2174	74.6867	76.1574
0.3575	8.2167	0.2219	73.6797	76.6266
0.3580	8.2154	0.2417	73.7627	76.4350
0.3585	8.2144	0.2526	74.2068	76.3119
0.3590	8.2146	0.2469	75.1766	76.2938
0.3595	8.2159	0.2373	75.7781	76.3907
0.3600	8.2155	0.2393	76.0647	76.3901
0.3605	8.2164	0.2280	76.2125	75.9860
0.3610	8.2170	0.2237	76.9335	76.0957
0.3615	8.2177	0.2163	77.2442	76.2416
0.3620	8.2175	0.2101	77.4886	76.2876
0.3625	8.2176	0.2163	75.9178	76.4040
0.3630	8.2180	0.2136	75.2619	76.2365
0.3635	8.2185	0.2071	76.4465	76.1119
0.3640	8.2187	0.2087	76.6882	76.2987
0.3645	8.2169	0.2210	77.0478	76.1584
0.3650	8.2147	0.2413	77.5773	76.0636
0.3655	8.2137	0.2567	78.2937	76.1098
0.3660	8.2140	0.2582	78.0562	76.1723
0.3665	8.2137	0.2566	77.5836	76.5534
0.3670	8.2141	0.2608	77.4148	76.4455
0.3675	8.2144	0.2554	77.3112	76.3679
0.3680	8.2154	0.2534	76.4587	76.6264
0.3685	8.2150	0.2450	74.4626	76.3721
0.3690	8.2157	0.2407	73.8368	76.4012
0.3695	8.2164	0.2360	74.0859	76.5624
0.3700	8.2168	0.2295	74.5232	76.3218
0.3705	8.2170	0.2247	74.6893	76.3510
0.3710	8.2168	0.2283	75.0997	76.1957
0.3715	8.2157	0.2317	76.2674	76.5333
0.3720	8.2145	0.2469	76.8331	76.7296
0.3725	8.2131	0.2663	76.7840	76.2299
0.3730	8.2119	0.2734	76.6367	75.9798
0.3735	8.2109	0.2815	77.7079	75.8345
0.3740	8.2122	0.2744	77.1051	76.0384
0.3745	8.2123	0.2750	76.6047	76.1424
0.3750	8.2134	0.2637	76.2710	75.8429
0.3755	8.2146	0.2496	76.3131	76.1577
0.3760	8.2150	0.2457	77.4289	76.3989
0.3765	8.2150	0.2435	77.3912	75.8923
0.3770	8.2157	0.2340	77.3359	75.7977
0.3775	8.2162	0.2319	77.8358	75.6907
0.3780	8.2165	0.2290	78.3080	76.0797
0.3785	8.2161	0.2339	77.7772	76.6837
0.3790	8.2167	0.2313	76.7816	76.5795
0.3795	8.2167	0.2312	76.4733	76.8363
0.3800	8.2160	0.2353	75.8904	76.6156
0.3805	8.2133	0.2594	73.4471	76.3116
0.3810	8.2129	0.2662	73.0245	76.1809
0.3815	8.2132	0.2594	73.7828	75.8715
0.3820	8.2138	0.2618	74.9005	75.7934
0.3825	8.2143	0.2507	75.3044	76.1101
0.3830	8.2151	0.2464	75.3066	76.3968
0.3835	8.2144	0.2556	75.9918	76.4571
0.3840	8.2138	0.2559	76.9643	76.1617
0.3845	8.2146	0.2469	77.2739	75.9243
0.3850	8.2153	0.2381	76.9622	76.1079
0.3855	8.2160	0.2309	77.2775	75.9892
0.3860	8.2168	0.2269	76.9396	75.9525
0.3865	8.2168	0.2219	77.4747	76.3294
0.3870	8.2164	0.2292	76.4952	76.6009
0.3875	8.2155	0.2372	76.1715	76.6163
0.3880	8.2147	0.2461	77.4107	76.3242
0.3885	8.2133	0.2645	77.9148	76.2237
0.3890	8.2142	0.2579	77.7538	76.5762
0.3895	8.2135	0.2564	77.5622	76.2739
0.3900	8.2140	0.2582	77.8989	76.3937
0.3905	8.2154	0.2456	77.9635	76.7256
0.3910	8.2154	0.2401	76.8782	76.4538
0.3915	8.2149	0.2416	76.0826	76.3696
0.3920	8.2148	0.2484	74.4130	76.2945
0.3925	8.2158	0.2398	73.3292	76.3538
0.3930	8.2161	0.2300	73.7930	76.3918
0.3935	8.2168	0.2296	73.8948	75.8513
0.3940	8.2178	0.2134	74.7207	75.7526
0.3945	8.2179	0.2184	75.5474	76.2558
0.3950	8.2155	0.2334	76.0109	76.2313
0.3955	8.2144	0.2531	76.1307	76.1014
0.3960	8.2134	0.2583	76.6451	75.9865
0.3965	8.2138	0.2549	77.3106	76.4227
0.3970	8.2140	0.2587	77.5137	76.3021
0.3975	8.2138	0.2538	77.3566	75.5613
0.3980	8.2157	0.2362	76.9290	75.6143
0.3985	8.2158	0.2290	77.2319	76.0364
0.3990	8.2152	0.2369	76.9613	76.4365
0.3995	8.2152	0.2503	76.4349	76.4540
0.4000	8.2151	0.2399	77.0427	76.4055
0.4005	8.2149	0.2418	77.7469	76.5977
0.4010	8.2156	0.2415	78.2288	76.5029
0.4015	8.2158	0.2371	77.7113	76.0691
0.4020	8.2159	0.2386	77.3957	76.1849
0.4025	8.2155	0.2407	77.1774	76.1240
0.4030	8.2143	0.2531	77.1607	76.2021
0.4035	8.2131	0.2604	75.1620	76.4957
0.4040	8.2142	0.2568	72.5587	76.1452
0.4045	8.2139	0.2573	73.2601	76.1172
0.4050	8.2153	0.2438	74.1340	75.7950
0.4055	8.2159	0.2331	74.5607	75.6708
0.4060	8.2162	0.2392	74.6213	76.0379
0.4065	8.2158	0.2369	75.4001	76.1523
0.4070	8.2149	0.2447	76.3481	76.2837
0.4075	8.2149	0.2517	76.7664	76.7863
0.4080	8.2149	0.2490	76.5989	76.5338
0.4085	8.2156	0.2357	77.0507	76.4967
0.4090	8.2168	0.2259	77.6547	76.1150
0.4095	8.2166	0.2270	77.8600	76.1227
0.4100	8.2153	0.2419	77.0673	76.3590
0.4105	8.2139	0.2566	76.3999	76.4555
0.4110	8.2136	0.2557	76.9137	76.6289
0.4115	8.2153	0.2439	77.4323	76.6582
0.4120	8.2158	0.2339	77.4469	76.1811
0.4125	8.2162	0.2334	77.6717	76.2166
0.4130	8.2155	0.2357	78.1832	76.0549
0.4135	8.2149	0.2495	78.4298	76.1441
0.4140	8.2142	0.2549	77.6085	76.2402
0.4145	8.2146	0.2505	77.0265	75.7946
0.4150	8.2139	0.2513	76.3077	76.2108
0.4155	8.2136	0.2576	75.2944	76.2550
0.4160	8.2142	0.2519	73.2571	75.8179
0.4165	8.2146	0.2500	73.1067	75.8788
0.4170	8.2138	0.2470	74.1324	75.7350
0.4175	8.2137	0.2615	74.9068	76.1260
0.4180	8.2123	0.2679	75.1959	76.0185
0.4185	8.2125	0.2743	75.2802	75.6807
0.4190	8.2125	0.2673	76.1343	76.3329
0.4195	8.2131	0.2688	77.0158	76.5027
0.4200	8.2132	0.2647	77.0773	76.3429
0.4205	8.2135	0.2610	76.8733	76.2311
0.4210	8.2124	0.2680	77.0678	76.0012
0.4215	8.2112	0.2819	77.8062	76.3782
0.4220	8.2115	0.2816	76.7162	76.0739
0.4225	8.2123	0.2732	75.8964	76.0061
0.4230	8.2130	0.2705	76.6292	76.5109
0.4235	8.2137	0.2583	77.4839	76.2964
0.4240	8.2149	0.2511	78.1288	76.4901
0.4245	8.2141	0.2508	77.8992	76.2824
0.4250	8.2136	0.2608	77.7746	75.8358
0.4255	8.2131	0.2661	77.9934	75.8997
0.4260	8.2124	0.2668	77.9114	75.7642
0.4265	8.2138	0.2629	77.0480	76.0590
0.4270	8.2131	0.2566	75.4612	76.5698
0.4275	8.2148	0.2534	74.7244	76.3262
0.4280	8.2156	0.2376	73.4635	76.5577
0.4285	8.2158	0.2369	73.7598	76.5369
0.4290	8.2167	0.2281	74.0374	76.2047
0.4295	8.2160	0.2378	74.6518	76.1712
0.4300	8.2163	0.2371	75.6477	76.1166
0.4305	8.2165	0.2316	76.0542	76.4243
0.4310	8.2173	0.2232	76.2004	76.7676
0.4315	8.2178	0.2190	76.5133	76.5653
0.4320	8.2174	0.2209	77.2258	76.6461
0.4325	8.2170	0.2236	77.3954	76.5030
0.4330	8.2155	0.2358	77.4300	76.1336
0.4335	8.2142	0.2534	76.6079	76.2347
0.4340	8.2139	0.2553	75.9365	76.2709
0.4345	8.2132	0.2640	76.7595	76.3903
0.4350	8.2145	0.2543	76.8984	76.1698
0.4355	8.2155	0.2358	77.3647	75.9786
0.4360	8.2155	0.2440	77.9360	76.2298
0.4365	8.2145	0.2534	78.3688	75.8846
0.4370	8.2139	0.2550	77.9539	75.6545
0.4375	8.2154	0.2395	77.5931	75.8664
0.4380	8.2158	0.2366	77.3495	76.1294
0.4385	8.2167	0.2309	77.0527	76.4077
0.4390	8.2164	0.2374	75.7117	76.1186
0.4395	8.2166	0.2245	74.3647	76.0585
0.4400	8.2161	0.2337	73.4338	76.5390
0.4405	8.2157	0.2393	74.0999	76.4122
0.4410	8.2149	0.2484	74.5690	76.2589
0.4415	8.2147	0.2478	74.7005	76.2758
0.4420	8.2154	0.2422	75.3410	76.3832
0.4425	8.2152	0.2437	76.3112	76.4812
0.4430	8.2155	0.2360	76.6540	76.0891
0.4435	8.2159	0.2369	76.6066	76.1239
0.4440	8.2174	0.2187	76.6918	76.2221
0.4445	8.2178	0.2166	77.7100	76.2333
0.4450	8.2173	0.2189	76.7493	76.3651
0.4455	8.2174	0.2182	75.0696	76.1973
0.4460	8.2180	0.2101	75.8738	76.0139
0.4465	8.2190	0.2043	76.7423	76.1698
0.4470	8.2171	0.2255	77.5323	76.1309
0.4475	8.2153	0.2384	77.4608	76.0503
0.4480	8.2141	0.2552	77.6861	76.1632
0.4485	8.2138	0.2576	78.0953	76.2035
0.4490	8.2140	0.2563	78.2171	76.5847
0.4495	8.2138	0.2593	77.5991	76.5115
0.4500	8.2137	0.2558	76.8078	76.3401
0.4505	8.2148	0.2451	76.3847	76.5386
0.4510	8.2147	0.2455	75.1380	76.3389
0.4515	8.2140	0.2522	74.1406	76.2532
0.4520	8.2147	0.2462	73.6338	76.5139
0.4525	8.2155	0.2401	74.1588	76.2983
0.4530	8.2156	0.2405	75.0919	76.3570
0.4535	8.2158	0.2412	75.3479	76.2594
0.4540	8.2152	0.2440	75.8182	76.5164
0.4545	8.2139	0.2577	76.3368	76.7747
0.4550	8.2122	0.2768	77.1096	76.3230
0.4555	8.2111	0.2815	77.0606	75.9568
0.4560	8.2100	0.2995	77.4055	75.7999
0.4565	8.2099	0.3005	76.7278	75.9473
0.4570	8.2096	0.2977	76.8427	76.1110
0.4575	8.2103	0.2960	76.9545	75.8400
0.4580	8.2111	0.2850	76.0381	76.0927
0.4585	8.2119	0.2806	76.8021	76.4831
0.4590	8.2117	0.2819	77.4731	76.0274
0.4595	8.2127	0.2664	77.9593	75.8478
0.4600	8.2143	0.2578	77.8183	75.7683
0.4605	8.2145	0.2497	77.7111	75.9512
0.4610	8.2148	0.2510	77.7695	76.6256
0.4615	8.2148	0.2469	77.5324	76.5189
0.4620	8.2149	0.2422	76.6292	76.7306
0.4625	8.2139	0.2546	75.5445	76.6245
0.4630	8.2129	0.2692	73.4407	76.2777
0.4635	8.2127	0.2692	73.4968	76.1906
0.4640	8.2127	0.2695	74.0248	75.9479
0.4645	8.2127	0.2684	74.2796	75.8524
0.4650	8.2142	0.2528	74.9274	76.1172
0.4655	8.2154	0.2438	75.7014	76.4033
0.4660	8.2146	0.2498	76.2776	76.4571
0.4665	8.2146	0.2537	76.4448	76.1796
0.4670	8.2157	0.2352	76.8627	75.8622
0.4675	8.2170	0.2278	77.3061	76.0163
0.4680	8.2175	0.2201	77.7531	75.9572
0.4685	8.2185	0.2166	76.6976	75.8823
0.4690	8.2177	0.2165	76.8561	76.2858
0.4695	8.2170	0.2195	76.7962	76.6237
0.4700	8.2172	0.2238	76.5716	76.6970
0.4705	8.2157	0.2333	77.0453	76.4506
0.4710	8.2148	0.2458	77.3669	76.2424
0.4715	8.2156	0.2445	77.9525	76.5710
0.4720	8.2146	0.2440	78.1184	76.2819
0.4725	8.2145	0.2501	77.7515	76.2699
0.4730	8.2158	0.2394	77.3812	76.6720
0.4735	8.2164	0.2284	77.0086	76.4518
0.4740	8.2174	0.2257	76.7162	76.3533
0.4745	8.2169	0.2247	74.7524	76.3051
0.4750	8.2175	0.2201	72.8673	76.3438
0.4755	8.2178	0.2166	73.6209	76.4794
0.4760	8.2179	0.2088	74.3474	75.9931
0.4765	8.2186	0.2094	74.7885	75.7479
0.4770	8.2182	0.2139	74.9414	76.2357
0.4775	8.2174	0.2204	75.7414	76.2413
0.4780	8.2154	0.2329	76.5732	76.0688
0.4785	8.2141	0.2514	76.9408	75.9290
0.4790	8.2141	0.2531	76.9181	76.2807
0.4795	8.2139	0.2566	77.0760	76.3812
0.4800	8.2137	0.2550	77.7541	75.6441
0.4805	8.2156	0.2378	77.4509	75.6424
0.4810	8.2170	0.2280	76.8302	76.0476
0.4815	8.2160	0.2347	76.4914	76.4695
0.4820	8.2159	0.2375	76.6859	76.5078
0.4825	8.2150	0.2439	77.6054	76.3641
0.4830	8.2146	0.2469	77.5190	76.4828
0.4835	8.2151	0.2499	77.5750	76.5013
0.4840	8.2155	0.2425	77.8751	76.0307
0.4845	8.2150	0.2447	78.0719	76.0952
0.4850	8.2150	0.2412	77.1701	76.1329
0.4855	8.2145	0.2521	76.5337	76.1916
0.4860	8.2134	0.2621	75.5459	76.5259
0.4865	8.2128	0.2646	73.3637	76.2542
0.4870	8.2128	0.2695	73.2533	76.1926
0.4875	8.2135	0.2629	73.4264	75.9385
0.4880	8.2144	0.2469	74.2603	75.7001
0.4885	8.2142	0.2585	75.1249	76.0200
0.4890	8.2132	0.2624	75.5984	76.1461
0.4895	8.2127	0.2638	75.7142	76.2201
0.4900	8.2122	0.2728	76.3762	76.6806
0.4905	8.2133	0.2605	77.1209	76.5077
0.4910	8.2142	0.2532	77.3097	76.4766
0.4915	8.2149	0.2472	77.1599	76.2141
0.4920	8.2149	0.2428	77.4220	76.1640
0.4925	8.2141	0.2502	77.4607	76.3874
0.4930	8.2133	0.2614	76.8860	76.5318
0.4935	8.2129	0.2716	76.5802	76.6210
0.4940	8.2143	0.2561	76.9656	76.7083
0.4945	8.2139	0.2548	77.7330	76.2293
0.4950	8.2137	0.2581	78.0488	76.1857
0.4955	8.2140	0.2558	77.8009	76.1255
0.4960	8.2130	0.2648	77.9120	76.1120
0.4965	8.2131	0.2710	77.9373	76.2938
0.4970	8.2132	0.2654	77.7442	75.8375
0.4975	8.2133	0.2604	76.2825	76.1037
0.4980	8.2138	0.2551	74.7796	76.2924
0.4985	8.2145	0.2520	73.5546	75.8297
0.4990	8.2153	0.2442	73.6304	75.8715
0.4995	8.2152	0.2416	74.1236	75.7203
0.5000	8.2148	0.2451	74.1001	76.0864
0.5005	8.2138	0.2556	75.0141	76.1086
0.5010	8.2129	0.2708	75.9600	75.6754
0.5015	8.2135	0.2607	76.3406	76.2777
0.5020	8.2135	0.2612	76.2474	76.5694
0.5025	8.2149	0.2462	76.6846	76.3812
0.5030	8.2160	0.2363	77.4647	76.2863
0.5035	8.2164	0.2354	77.5312	75.9611
0.5040	8.2162	0.2285	77.3185	76.2914
0.5045	8.2155	0.2340	76.3790	76.0942
0.5050	8.2165	0.2313	76.2529	75.8716
0.5055	8.2167	0.2259	77.1119	76.4545
0.5060	8.2169	0.2246	77.0960	76.3456
0.5065	8.2176	0.2148	77.4241	76.5126
0.5070	8.2176	0.2219	78.1221	76.4448
0.5075	8.2159	0.2322	78.3549	75.9121
0.5080	8.2145	0.2468	77.8962	75.9405
0.5085	8.2139	0.2499	77.3491	75.8110
0.5090	8.2142	0.2513	77.2623	75.9538
0.5095	8.2143	0.2474	76.1495	76.5074
0.5100	8.2156	0.2422	74.8300	76.2981
0.5105	8.2168	0.2282	73.0146	76.4511
0.5110	8.2161	0.2351	73.5727	76.5868
0.5115	8.2174	0.2199	74.6023	76.2476
0.5120	8.2166	0.2289	74.7132	76.2436
0.5125	8.2166	0.2303	75.0291	76.1802
0.5130	8.2171	0.2212	75.7203	76.4290
0.5135	8.2178	0.2166	76.7262	76.8079
0.5140	8.2183	0.2116	76.6946	76.6083
0.5145	8.2174	0.2163	76.5955	76.5707
0.5150	8.2174	0.2226	77.0304	76.5024
0.5155	8.2164	0.2357	77.9050	76.0926
0.5160	8.2147	0.2463	77.2044	76.1785
0.5165	8.2145	0.2514	75.4632	76.2513
0.5170	8.2144	0.2585	76.1490	76.4386
0.5175	8.2148	0.2504	77.2625	76.2646
0.5180	8.2166	0.2273	77.7484	76.0596
0.5185	8.2171	0.2237	77.5448	76.2464
0.5190	8.2158	0.2349	77.8251	76.0000
0.5195	8.2160	0.2361	78.2414	75.6138
0.5200	8.2164	0.2316	78.2607	75.8478
0.5205	8.2170	0.2270	77.1941	76.0963
0.5210	8.2166	0.2310	76.4920	76.3585
0.5215	8.2166	0.2298	75.9737	76.1033
0.5220	8.2174	0.2207	74.9977	75.9906
0.5225	8.2167	0.2276	73.4824	76.5303
0.5230	8.2155	0.2427	73.4667	76.5019
0.5235	8.2144	0.2510	74.4436	76.3112
0.5240	8.2145	0.2504	75.1755	76.3284
0.5245	8.2152	0.2381	75.3685	76.3647
0.5250	8.2153	0.2387	75.6687	76.4714
0.5255	8.2160	0.2355	76.3755	76.0996
0.5260	8.2163	0.2353	77.0849	76.0154
0.5265	8.2172	0.2271	76.9564	76.1918
0.5270	8.2181	0.2157	77.1532	76.2212
0.5275	8.2178	0.2127	76.7455	76.3609
0.5280	8.2178	0.2163	75.4402	76.2751
0.5285	8.2182	0.2082	76.0569	76.0802
0.5290	8.2191	0.2051	76.2873	76.2354
0.5295	8.2177	0.2182	77.0755	76.2272
0.5300	8.2157	0.2311	77.8104	76.0572
0.5305	8.2147	0.2531	78.0645	76.1511
0.5310	8.2135	0.2555	77.7521	76.1321
0.5315	8.2140	0.2537	77.7763	76.4926
0.5320	8.2139	0.2543	77.9136	76.5076
0.5325	8.2142	0.2576	77.2843	76.3227
0.5330	8.2144	0.2483	76.3053	76.5444
0.5335	8.2143	0.2526	74.8405	76.4415
0.5340	8.2148	0.2502	74.3103	76.2936
0.5345	8.2158	0.2335	74.1671	76.5607
0.5350	8.2163	0.2342	73.9677	76.3361
0.5355	8.2168	0.2210	74.5432	76.3367
0.5360	8.2169	0.2316	75.2713	76.2064
0.5365	8.2163	0.2295	76.1993	76.3897
0.5370	8.2150	0.2434	76.3167	76.7691
0.5375	8.2133	0.2592	76.6125	76.3584
0.5380	8.2123	0.2708	76.9706	76.0210
0.5385	8.2115	0.2818	77.8317	75.8813
0.5390	8.2117	0.2797	77.0533	75.9032
0.5395	8.2120	0.2767	76.2759	76.1842
0.5400	8.2130	0.2668	76.7136	75.8783
0.5405	8.2145	0.2534	76.4555	76.0218
0.5410	8.2149	0.2455	77.0443	76.4172
0.5415	8.2153	0.2430	77.0675	76.0101
0.5420	8.2154	0.2378	77.5389	75.7311
0.5425	8.2160	0.2324	78.0825	75.6984
0.5430	8.2161	0.2363	78.1485	75.8535
0.5435	8.2155	0.2375	77.5703	76.6316
0.5440	8.2161	0.2370	77.1257	76.6175
0.5445	8.2168	0.2301	76.8152	76.8041
0.5450	8.2153	0.2387	76.2480	76.7680
0.5455	8.2142	0.2514	73.6170	76.2925
0.5460	8.2134	0.2687	72.9456	76.1212
0.5465	8.2137	0.2599	73.9619	75.9081
0.5470	8.2145	0.2505	74.6023	75.7293
0.5475	8.2147	0.2443	74.8882	76.0037
0.5480	8.2156	0.2425	75.1762	76.3246
0.5485	8.2149	0.2441	76.1833	76.4876
0.5490	8.2147	0.2510	76.7929	76.2831
0.5495	8.2155	0.2407	76.9248	75.9700
0.5500	8.2159	0.2353	76.8000	76.0757
0.5505	8.2162	0.2343	77.6233	76.0569
0.5510	8.2170	0.2282	77.0406	75.9058
0.5515	8.2173	0.2285	76.8691	76.2016
0.5520	8.2165	0.2305	76.5550	76.5193
0.5525	8.2158	0.2362	76.2840	76.5923
0.5530	8.2154	0.2409	77.3911	76.3922
0.5535	8.2136	0.2568	77.5594	76.1542
0.5540	8.2138	0.2506	77.5358	76.5333
0.5545	8.2140	0.2531	77.8323	76.3820
0.5550	8.2137	0.2564	78.0934	76.2586
0.5555	8.2151	0.2405	77.7539	76.7141
0.5560	8.2165	0.2242	76.8472	76.5510
0.5565	8.2172	0.2208	76.4445	76.3631
0.5570	8.2170	0.2239	75.3743	76.2790
0.5575	8.2174	0.2234	73.2596	76.2406
0.5580	8.2179	0.2130	73.3059	76.4017
0.5585	8.2179	0.2065	73.8809	75.9734
0.5590	8.2186	0.2039	74.7834	75.6646
0.5595	8.2182	0.2074	75.2680	76.1554
0.5600	8.2179	0.2207	75.5814	76.3251
0.5605	8.2158	0.2326	76.1373	76.1728
0.5610	8.2146	0.2477	76.9268	76.0300
0.5615	8.2147	0.2438	77.2007	76.2406
0.5620	8.2151	0.2461	77.0008	76.4414
0.5625	8.2145	0.2513	77.3163	75.6578
0.5630	8.2162	0.2378	77.4229	75.5005
0.5635	8.2177	0.2163	77.2786	75.8785
0.5640	8.2173	0.2198	76.7353	76.3745
0.5645	8.2168	0.2294	76.2330	76.4912
0.5650	8.2168	0.2299	77.2860	76.3754
0.5655	8.2168	0.2284	77.8222	76.5085
0.5660	8.2162	0.2304	77.7906	76.6236
0.5665	8.2168	0.2218	77.4897	76.1671
0.5670	8.2171	0.2251	77.7270	76.1323
0.5675	8.2164	0.2263	77.6680	76.2122
0.5680	8.2158	0.2375	76.9224	76.1653
0.5685	8.2147	0.2511	75.5742	76.4980
0.5690	8.2148	0.2511	73.1292	76.1994
0.5695	8.2146	0.2461	73.2838	76.0813
0.5700	8.2154	0.2483	73.8577	75.8959
0.5705	8.2167	0.2281	74.0730	75.6233
0.5710	8.2165	0.2296	74.6101	75.9414
0.5715	8.2160	0.2390	75.5299	76.1864
0.5720	8.2151	0.2419	76.1075	76.1868
0.5725	8.2149	0.2536	76.3805	76.6932
0.5730	8.2144	0.2534	76.6555	76.5922
0.5735	8.2151	0.2457	77.2011	76.4837
0.5740	8.2162	0.2291	77.5516	76.2388
0.5745	8.2162	0.2284	77.5067	76.0233
0.5750	8.2150	0.2440	77.2733	76.2959
0.5755	8.2138	0.2562	76.8501	76.4587
0.5760	8.2130	0.2610	76.8268	76.5676
0.5765	8.2139	0.2603	76.9858	76.7098
0.5770	8.2134	0.2581	77.2808	76.3166
0.5775	8.2135	0.2628	77.8434	76.1928
0.5780	8.2138	0.2593	78.2091	76.1829
0.5785	8.2130	0.2649	78.1481	76.0608
0.5790	8.2124	0.2744	77.5888	76.3265
0.5795	8.2129	0.2666	77.4638	75.8637
0.5800	8.2130	0.2658	76.7901	76.0059
0.5805	8.2133	0.2635	75.3885	76.2952
0.5810	8.2132	0.2576	73.4165	75.8288
0.5815	8.2144	0.2552	73.0331	75.8556
0.5820	8.2147	0.2448	74.1953	75.7364
0.5825	8.2144	0.2517	74.5344	76.0037
0.5830	8.2132	0.2615	74.9160	76.1851
0.5835	8.2132	0.2669	75.3439	75.6904
0.5840	8.2130	0.2646	76.1992	76.1405
0.5845	8.2134	0.2629	76.7079	76.5529
0.5850	8.2132	0.2626	76.7259	76.3551
0.5855	8.2143	0.2491	76.9164	76.3027
0.5860	8.2155	0.2383	77.3622	75.9701
0.5865	8.2162	0.2367	77.8151	76.2317
0.5870	8.2155	0.2364	76.7720	76.1816
0.5875	8.2149	0.2463	75.7266	75.8491
0.5880	8.2159	0.2421	76.6675	76.3949
0.5885	8.2154	0.2389	77.4371	76.3839
0.5890	8.2171	0.2322	77.7659	76.4450
0.5895	8.2170	0.2255	77.7998	76.4819
0.5900	8.2159	0.2354	77.9509	75.9141
0.5905	8.2146	0.2480	78.1893	75.8895
0.5910	8.2139	0.2598	77.7968	75.8185
0.5915	8.2138	0.2530	77.1937	75.8861
0.5920	8.2150	0.2493	75.8486	76.4619
0.5925	8.2156	0.2402	75.0602	76.3590
0.5930	8.2159	0.2301	73.7221	76.3820
0.5935	8.2162	0.2334	73.3956	76.6207
0.5940	8.2170	0.2251	74.0921	76.2449
0.5945	8.2167	0.2268	74.5866	76.2179
0.5950	8.2165	0.2272	75.3920	76.1620
0.5955	8.2179	0.2203	75.7105	76.3494
0.5960	8.2183	0.2133	76.1665	76.7435
0.5965	8.2186	0.2138	76.5079	76.6379
0.5970	8.2181	0.2107	77.1054	76.5209
0.5975	8.2177	0.2120	77.2616	76.5933
0.5980	8.2167	0.2283	77.3832	76.1002
0.5985	8.2153	0.2451	77.1121	76.2202
0.5990	8.2146	0.2461	75.9046	76.2836
0.5995	8.2140	0.2599	76.3560	76.3855
0.6000	8.2156	0.2452	76.8188	76.2854
0.6005	8.2174	0.2248	77.3115	75.9959
0.6010	8.2179	0.2193	77.8902	76.1623
0.6015	8.2170	0.2248	78.1907	76.0183
0.6020	8.2166	0.2261	77.9460	75.5652
0.6025	8.2170	0.2231	77.8261	75.7804
0.6030	8.2173	0.2191	77.4751	76.0471
0.6035	8.2175	0.2123	77.0897	76.3737
0.6040	8.2175	0.2189	75.9734	76.2378
0.6045	8.2177	0.2179	74.7746	76.0228
0.6050	8.2182	0.2107	73.7505	76.4338
0.6055	8.2170	0.2226	73.7598	76.5274
0.6060	8.2157	0.2375	74.3604	76.2512
0.6065	8.2153	0.2424	74.6081	76.3089
0.6070	8.2163	0.2326	75.2799	76.3191
0.6075	8.2166	0.2298	76.0725	76.4660
0.6080	8.2171	0.2253	76.4102	76.1537
0.6085	8.2177	0.2173	76.5206	76.0074
0.6090	8.2183	0.2086	76.8152	76.1861
0.6095	8.2190	0.2083	77.4559	76.2209
0.6100	8.2189	0.2104	77.2041	76.3551
0.6105	8.2179	0.2142	75.1153	76.2757
0.6110	8.2179	0.2116	75.6064	76.0478
0.6115	8.2191	0.2036	76.5930	76.1673
0.6120	8.2181	0.2148	77.3178	76.2417
0.6125	8.2158	0.2319	77.4292	76.0007
0.6130	8.2147	0.2539	77.6380	76.0960
0.6135	8.2132	0.2633	78.0592	76.0606
0.6140	8.2133	0.2578	78.1823	76.4151
0.6145	8.2133	0.2624	77.6891	76.5677
0.6150	8.2134	0.2630	76.9625	76.3153
0.6155	8.2147	0.2487	76.6737	76.4858
0.6160	8.2146	0.2502	75.5222	76.4674
0.6165	8.2149	0.2469	74.1882	76.2133
0.6170	8.2161	0.2405	73.7182	76.5127
0.6175	8.2156	0.2358	73.9442	76.3418
0.6180	8.2168	0.2340	74.9380	76.3024
0.6185	8.2162	0.2292	75.1418	76.2258
0.6190	8.2161	0.2388	75.6061	76.3448
0.6195	8.2152	0.2440	76.2446	76.7615
0.6200	8.2132	0.2626	77.0194	76.4339
0.6205	8.2118	0.2772	76.9973	75.9978
0.6210	8.2099	0.2956	77.2179	75.7788
0.6215	8.2103	0.2955	77.1025	75.8201
0.6220	8.2110	0.2857	76.6433	76.1368
0.6225	8.2121	0.2787	77.0098	75.9009
0.6230	8.2134	0.2614	76.0643	75.9261
0.6235	8.2142	0.2518	76.5926	76.3960
0.6240	8.2146	0.2531	77.4447	76.1415
0.6245	8.2149	0.2442	77.7846	75.7608
0.6250	8.2155	0.2403	77.6472	75.7479
0.6255	8.2147	0.2419	77.7727	75.7589
0.6260	8.2154	0.2410	77.9223	76.5529
0.6265	8.2159	0.2376	77.6646	76.5965
0.6270	8.2159	0.2316	76.5875	76.6883
0.6275	8.2153	0.2425	75.9831	76.7440
0.6280	8.2137	0.2538	74.2063	76.3292
0.6285	8.2127	0.2644	73.3109	76.1346
0.6290	8.2131	0.2635	73.7258	75.9669
0.6295	8.2130	0.2702	73.9708	75.7576
0.6300	8.2137	0.2593	74.9180	75.9860
0.6305	8.2147	0.2452	75.6185	76.3201
0.6310	8.2151	0.2425	76.0921	76.4795
0.6315	8.2153	0.2435	76.2091	76.3126
0.6320	8.2160	0.2341	76.8570	75.9156
0.6325	8.2165	0.2270	77.2381	75.9448
0.6330	8.2172	0.2186	77.6550	76.0096
0.6335	8.2178	0.2160	76.7871	75.8567
0.6340	8.2180	0.2135	76.7288	76.1294
0.6345	8.2173	0.2235	77.2185	76.5315
0.6350	8.2163	0.2252	76.4088	76.6467
0.6355	8.2165	0.2287	76.8479	76.5163
0.6360	8.2149	0.2423	77.2528	76.1746
0.6365	8.2150	0.2415	77.9337	76.4767
0.6370	8.2150	0.2384	78.0630	76.4187
0.6375	8.2150	0.2475	77.7327	76.1965
0.6380	8.2162	0.2336	77.5139	76.6288
0.6385	8.2175	0.2232	77.2716	76.5442
0.6390	8.2187	0.2059	76.8099	76.3289
0.6395	8.2181	0.2116	75.3974	76.2874
0.6400	8.2180	0.2160	73.0272	76.2104
0.6405	8.2186	0.2069	73.4899	76.4431
0.6410	8.2182	0.2066	74.1643	76.1323
0.6415	8.2184	0.2107	74.4674	75.7074
0.6420	8.2186	0.2090	74.7996	76.1026
0.6425	8.2173	0.2146	75.6293	76.3296
0.6430	8.2161	0.2313	76.5134	76.1331
0.6435	8.2141	0.2552	76.6893	75.9834
0.6440	8.2137	0.2567	76.6555	76.1041
0.6445	8.2137	0.2596	77.1284	76.4695
0.6450	8.2134	0.2651	77.7996	75.7542
0.6455	8.2144	0.2490	77.4448	75.5196
0.6460	8.2158	0.2366	76.6878	75.8503
0.6465	8.2155	0.2420	76.7150	76.3314
0.6470	8.2150	0.2474	76.8151	76.5438
0.6475	8.2149	0.2499	77.2558	76.3949
0.6480	8.2150	0.2499	77.2159	76.4598
0.6485	8.2143	0.2487	77.5806	76.6171
0.6490	8.2151	0.2479	78.0706	76.1647
0.6495	8.2149	0.2452	77.9910	76.0295
0.6500	8.2148	0.2455	77.2413	76.1536
0.6505	8.2141	0.2467	76.6181	76.0662
0.6510	8.2129	0.2619	76.3827	76.4324
0.6515	8.2129	0.2620	73.7556	76.2933
0.6520	8.2132	0.2676	72.7462	76.1236
0.6525	8.2138	0.2611	73.3905	76.0300
0.6530	8.2154	0.2396	74.2626	75.6815
0.6535	8.2146	0.2443	74.9686	75.9027
0.6540	8.2144	0.2521	75.1388	76.1834
0.6545	8.2144	0.2526	75.5599	76.1720
0.6550	8.2133	0.2593	76.4557	76.5898
0.6555	8.2131	0.2663	77.0542	76.5969
0.6560	8.2137	0.2558	76.9416	76.4291
0.6565	8.2155	0.2449	77.0168	76.2930
0.6570	8.2151	0.2319	77.5585	75.9937
0.6575	8.2153	0.2422	77.8020	76.3038
0.6580	8.2138	0.2558	76.8779	76.4708
0.6585	8.2130	0.2609	76.3906	76.5729
0.6590	8.2134	0.2575	76.8561	76.7391
0.6595	8.2139	0.2537	77.5552	76.4042
0.6600	8.2137	0.2578	77.8929	76.1631
0.6605	8.2147	0.2505	77.8521	76.1699
0.6610	8.2142	0.2510	78.0896	75.9630
0.6615	8.2136	0.2571	78.0168	76.3003
0.6620	8.2143	0.2561	77.5976	75.9400
0.6625	8.2148	0.2520	76.6099	75.9363
0.6630	8.2137	0.2595	75.4499	76.3684
0.6635	8.2146	0.2561	74.0427	75.9337
0.6640	8.2149	0.2460	73.1330	75.8757
0.6645	8.2151	0.2473	73.8364	75.7862
0.6650	8.2140	0.2523	74.1763	75.9216
0.6655	8.2136	0.2560	75.0695	76.2392
0.6660	8.2129	0.2662	75.5621	75.7159
0.6665	8.2129	0.2653	75.8835	75.9900
0.6670	8.2135	0.2620	76.2285	76.5225
0.6675	8.2145	0.2534	76.7761	76.3348
0.6680	8.2158	0.2417	77.2678	76.3024
0.6685	8.2163	0.2337	77.2838	75.9813
0.6690	8.2159	0.2313	77.3751	76.1648
0.6695	8.2165	0.2331	76.9678	76.2836
0.6700	8.2158	0.2331	76.0863	75.8604
0.6705	8.2163	0.2349	76.5829	76.3378
0.6710	8.2164	0.2322	76.9447	76.4394
0.6715	8.2169	0.2206	77.5087	76.3833
0.6720	8.2179	0.2110	78.1277	76.5268
0.6725	8.2166	0.2281	78.1437	75.9363
0.6730	8.2150	0.2430	77.9113	75.8409
0.6735	8.2140	0.2526	77.5446	75.8239
0.6740	8.2141	0.2598	77.5136	75.8058
0.6745	8.2148	0.2480	76.3182	76.4029
0.6750	8.2152	0.2457	75.1107	76.4400
0.6755	8.2162	0.2339	73.6487	76.3472
0.6760	8.2160	0.2327	73.3155	76.6507
0.6765	8.2173	0.2290	74.3560	76.2710
0.6770	8.2167	0.2237	74.3780	76.1891
0.6775	8.2165	0.2330	74.9860	76.1550
0.6780	8.2170	0.2251	75.6306	76.2477
0.6785	8.2173	0.2177	76.3552	76.6902
0.6790	8.2185	0.2092	76.5228	76.6880
0.6795	8.2176	0.2153	76.7248	76.4876
0.6800	8.2173	0.2207	77.1623	76.6179
0.6805	8.2161	0.2232	77.5884	76.1875
0.6810	8.2149	0.2469	77.3235	76.1697
0.6815	8.2140	0.2564	75.7782	76.2543
0.6820	8.2141	0.2570	76.0763	76.4098
0.6825	8.2141	0.2561	76.9750	76.3269
0.6830	8.2159	0.2370	77.4049	76.0343
0.6835	8.2174	0.2221	77.5738	76.1200
0.6840	8.2170	0.2275	77.9445	76.0981
0.6845	8.2168	0.2288	78.1849	75.5941
0.6850	8.2167	0.2272	77.9491	75.7288
0.6855	8.2171	0.2263	77.4154	76.0743
0.6860	8.2172	0.2264	76.9366	76.3217
0.6865	8.2173	0.2239	76.3367	76.2500
0.6870	8.2167	0.2186	75.1589	75.9576
0.6875	8.2178	0.2219	73.7029	76.3489
0.6880	8.2160	0.2280	73.4030	76.5844
0.6885	8.2149	0.2457	74.3462	76.2881
0.6890	8.2142	0.2519	74.7606	76.3274
0.6895	8.2155	0.2421	75.1539	76.3012
0.6900	8.2161	0.2365	75.6453	76.4402
0.6905	8.2157	0.2334	76.4239	76.1968
0.6910	8.2158	0.2358	76.7506	75.9690
0.6915	8.2164	0.2330	76.8039	76.1033
0.6920	8.2176	0.2163	77.0516	76.1343
0.6925	8.2183	0.2183	77.3812	76.3245
0.6930	8.2184	0.2095	75.5106	76.3350
0.6935	8.2187	0.2091	75.5285	76.0860
0.6940	8.2190	0.1998	76.2964	76.1268
0.6945	8.2184	0.2067	77.0814	76.2471
0.6950	8.2161	0.2307	77.6101	75.9851
0.6955	8.2148	0.2458	77.7127	76.0948
0.6960	8.2134	0.2573	77.8054	76.0921
0.6965	8.2144	0.2548	77.9898	76.3356
0.6970	8.2140	0.2586	77.9646	76.5933
0.6975	8.2134	0.2562	77.2442	76.3438
0.6980	8.2147	0.2467	76.6027	76.4597
0.6985	8.2155	0.2328	75.6839	76.5422
0.6990	8.2157	0.2373	74.4361	76.1975
0.6995	8.2167	0.2287	73.8767	76.4408
0.7000	8.2164	0.2322	73.6965	76.3879
0.7005	8.2167	0.2272	74.6290	76.2785
0.7010	8.2163	0.2284	75.2162	76.2416
0.7015	8.2160	0.2342	75.7221	76.2586
0.7020	8.2158	0.2430	76.0642	76.7280
0.7025	8.2140	0.2567	76.6968	76.5475
0.7030	8.2125	0.2675	77.0348	76.0580
0.7035	8.2109	0.2852	77.3167	75.7934
0.7040	8.2107	0.2898	77.2404	75.7511
0.7045	8.2113	0.2835	76.3897	76.1307
0.7050	8.2117	0.2796	76.9920	75.9619
0.7055	8.2133	0.2688	76.3520	75.8690
0.7060	8.2139	0.2598	76.5046	76.3491
0.7065	8.2141	0.2561	77.0915	76.2093
0.7070	8.2147	0.2520	77.5989	75.7230
0.7075	8.2146	0.2459	77.9107	75.7726
0.7080	8.2155	0.2451	77.9008	75.6967
0.7085	8.2150	0.2402	77.6945	76.4397
0.7090	8.2151	0.2399	77.5661	76.6436
0.7095	8.2158	0.2341	76.9400	76.6582
0.7100	8.2150	0.2418	76.3603	76.8041
0.7105	8.2138	0.2580	74.3354	76.3975
0.7110	8.2126	0.2691	72.9816	76.1172
0.7115	8.2127	0.2709	73.7854	75.9959
0.7120	8.2133	0.2676	74.1927	75.7331
0.7125	8.2135	0.2655	74.7296	75.8865
0.7130	8.2142	0.2546	75.1952	76.2519
0.7135	8.2145	0.2480	75.9924	76.4530
0.7140	8.2137	0.2583	76.4346	76.3879
0.7145	8.2149	0.2521	76.7589	75.9825
0.7150	8.2152	0.2430	76.8930	75.9427
0.7155	8.2160	0.2374	77.5337	76.0429
0.7160	8.2166	0.2330	77.2886	75.8790
0.7165	8.2172	0.2266	76.6703	76.0273
0.7170	8.2167	0.2298	76.9355	76.4369
0.7175	8.2159	0.2340	76.3153	76.6048
0.7180	8.2156	0.2354	76.9211	76.5073
0.7185	8.2139	0.2489	77.3416	76.1601
0.7190	8.2137	0.2602	77.6236	76.3776
0.7195	8.2141	0.2548	77.8634	76.4925
0.7200	8.2137	0.2583	77.9787	76.1662
0.7205	8.2148	0.2439	77.6969	76.5782
0.7210	8.2157	0.2350	77.2047	76.6380
0.7215	8.2162	0.2349	76.6902	76.3839
0.7220	8.2160	0.2329	75.8851	76.3407
0.7225	8.2163	0.2328	73.5053	76.1923
0.7230	8.2176	0.2184	73.1833	76.3879
0.7235	8.2182	0.2148	73.8368	76.1725
0.7240	8.2182	0.2106	74.4831	75.6573
0.7245	8.2183	0.2065	75.0105	75.9461
0.7250	8.2178	0.2148	75.4733	76.3093
0.7255	8.2161	0.2316	76.0748	76.1647
0.7260	8.2148	0.2475	76.5865	76.0471
0.7265	8.2142	0.2575	76.9560	76.0414
0.7270	8.2146	0.2526	77.0610	76.4908
0.7275	8.2144	0.2523	77.4302	75.9137
0.7280	8.2153	0.2440	77.5321	75.4462
0.7285	8.2172	0.2254	77.0231	75.7229
0.7290	8.2169	0.2268	76.8730	76.2205
0.7295	8.2165	0.2353	76.4244	76.5040
0.7300	8.2159	0.2382	77.0147	76.3926
0.7305	8.2159	0.2328	77.5588	76.4361
0.7310	8.2161	0.2314	77.6364	76.6718
0.7315	8.2170	0.2274	77.7968	76.2734
0.7320	8.2174	0.2228	77.7630	76.0325
0.7325	8.2164	0.2307	77.6721	76.1937
0.7330	8.2156	0.2353	76.9623	76.0906
0.7335	8.2142	0.2528	76.3124	76.4054
0.7340	8.2140	0.2617	73.8876	76.3100
0.7345	8.2139	0.2557	72.9266	76.0570
0.7350	8.2140	0.2544	73.6400	76.0170
0.7355	8.2152	0.2406	73.9961	75.6534
0.7360	8.2151	0.2417	74.5069	75.8070
0.7365	8.2140	0.2493	75.1078	76.1918
0.7370	8.2141	0.2549	75.8853	76.1486
0.7375	8.2136	0.2564	76.2814	76.5339
0.7380	8.2134	0.2558	76.6381	76.6955
0.7385	8.2142	0.2520	76.9373	76.4350
0.7390	8.2156	0.2409	77.3422	76.3238
0.7395	8.2156	0.2342	77.5198	75.9969
0.7400	8.2144	0.2542	77.5501	76.2112
0.7405	8.2132	0.2652	76.8975	76.4022
0.7410	8.2123	0.2749	76.6338	76.5057
0.7415	8.2125	0.2748	76.9146	76.7183
0.7420	8.2127	0.2703	77.3248	76.5309
0.7425	8.2124	0.2690	77.6344	76.1463
0.7430	8.2125	0.2694	77.9055	76.2579
0.7435	8.2125	0.2777	78.2649	76.0387
0.7440	8.2106	0.2926	78.0168	76.2585
0.7445	8.2112	0.2885	77.4328	76.0108
0.7450	8.2109	0.2838	76.9289	75.7919
0.7455	8.2115	0.2829	75.8167	76.2633
0.7460	8.2113	0.2821	74.3348	76.0011
0.7465	8.2126	0.2711	72.8995	75.8078
0.7470	8.2139	0.2521	73.7312	75.8395
0.7475	8.2139	0.2622	74.3689	75.8311
0.7480	8.2130	0.2638	74.9214	76.2439
0.7485	8.2124	0.2738	75.1966	75.7744
0.7490	8.2125	0.2667	75.7583	75.8685
0.7495	8.2125	0.2660	76.4755	76.4889
0.7500	8.2130	0.2629	76.8538	76.3730
0.7505	8.2149	0.2479	76.9106	76.3097
0.7510	8.2165	0.2304	77.1140	76.0434
0.7515	8.2169	0.2276	77.5549	76.0679
0.7520	8.2172	0.2220	77.3553	76.3429
0.7525	8.2170	0.2266	75.9278	75.8895
0.7530	8.2169	0.2183	76.2541	76.2125
0.7535	8.2171	0.2227	77.1589	76.4653
0.7540	8.2175	0.2228	77.6850	76.3040
0.7545	8.2182	0.2082	77.8713	76.5558
0.7550	8.2166	0.2244	77.8059	76.0477
0.7555	8.2155	0.2409	78.1059	75.8059
0.7560	8.2143	0.2487	77.9653	75.8746
0.7565	8.2139	0.2561	77.5042	75.7900
0.7570	8.2147	0.2452	76.3145	76.3047
0.7575	8.2149	0.2475	75.2868	76.4614
0.7580	8.2159	0.2319	74.1069	76.2589
0.7585	8.2162	0.2309	73.2167	76.6259
0.7590	8.2169	0.2250	73.9092	76.3218
0.7595	8.2168	0.2248	74.2817	76.1628
0.7600	8.2167	0.2264	75.1775	76.1760
0.7605	8.2176	0.2223	75.6051	76.2174
0.7610	8.2181	0.2104	75.9803	76.6256
0.7615	8.2194	0.2007	76.4035	76.7237
0.7620	8.2184	0.2106	76.9069	76.4690
0.7625	8.2178	0.2124	77.2271	76.6355
0.7630	8.2173	0.2182	77.2151	76.2333
0.7635	8.2154	0.2380	77.3278	76.1160
0.7640	8.2150	0.2449	76.2431	76.2899
0.7645	8.2144	0.2502	76.1039	76.3340
0.7650	8.2143	0.2537	76.6790	76.3566
0.7655	8.2166	0.2289	77.0825	76.0013
0.7660	8.2172	0.2166	77.7090	76.0007
0.7665	8.2162	0.2274	78.0686	76.1512
0.7670	8.2155	0.2385	78.0771	75.6427
0.7675	8.2161	0.2394	77.7803	75.6874
0.7680	8.2166	0.2278	77.6277	76.0523
0.7685	8.2172	0.2229	77.2390	76.3039
0.7690	8.2176	0.2169	76.4004	76.3161
0.7695	8.2176	0.2188	75.1201	75.9631
0.7700	8.2180	0.2146	74.0429	76.2317
0.7705	8.2174	0.2232	73.5420	76.5733
0.7710	8.2156	0.2342	74.2121	76.2776
0.7715	8.2148	0.2484	74.4220	76.2959
0.7720	8.2159	0.2342	75.0731	76.3517
0.7725	8.2164	0.2301	75.7763	76.4204
0.7730	8.2155	0.2367	76.4079	76.3021
0.7735	8.2166	0.2328	76.4523	75.9949
0.7740	8.2166	0.2319	76.7130	76.1211
0.7745	8.2169	0.2226	77.1110	76.2008
0.7750	8.2165	0.2285	77.6303	76.2942
0.7755	8.2160	0.2328	75.6566	76.3341
0.7760	8.2159	0.2371	75.3009	76.0821
0.7765	8.2165	0.2242	76.3699	76.0569
0.7770	8.2169	0.2234	77.0319	76.2455
0.7775	8.2158	0.2380	77.3382	76.0031
0.7780	8.2138	0.2551	77.4745	76.0579
0.7785	8.2126	0.2738	78.0256	76.0700
0.7790	8.2127	0.2719	78.1615	76.2231
0.7795	8.2134	0.2579	77.8672	76.6008
0.7800	8.2130	0.2656	77.2100	76.3911
0.7805	8.2139	0.2576	76.8104	76.3956
0.7810	8.2142	0.2537	76.0360	76.5751
0.7815	8.2137	0.2549	74.4752	76.2189
0.7820	8.2135	0.2583	73.8281	76.3737
0.7825	8.2147	0.2500	73.7848	76.4478
0.7830	8.2159	0.2356	74.6284	76.2469
0.7835	8.2160	0.2354	75.0209	76.2580
0.7840	8.2156	0.2368	75.4262	76.1807
0.7845	8.2155	0.2410	76.0666	76.6505
0.7850	8.2138	0.2582	76.7289	76.6058
0.7855	8.2121	0.2714	77.0020	76.1112
0.7860	8.2106	0.2869	76.9995	75.8875
0.7865	8.2106	0.2959	77.4068	75.7261
0.7870	8.2110	0.2888	76.6390	76.0938
0.7875	8.2112	0.2827	76.9163	76.0265
0.7880	8.2124	0.2703	76.3189	75.8226
0.7885	8.2132	0.2619	76.3255	76.2387
0.7890	8.2132	0.2587	77.2037	76.2993
0.7895	8.2147	0.2552	77.5292	75.7593
0.7900	8.2146	0.2467	77.6786	75.7292
0.7905	8.2155	0.2409	77.8173	75.6191
0.7910	8.2155	0.2350	77.9506	76.2726
0.7915	8.2159	0.2354	77.7041	76.6512
0.7920	8.2169	0.2263	76.8199	76.5960
0.7925	8.2160	0.2319	76.3358	76.8164
0.7930	8.2151	0.2431	75.0336	76.4788
0.7935	8.2133	0.2620	73.1744	76.1653
0.7940	8.2137	0.2564	73.4917	76.0322
0.7945	8.2136	0.2615	73.9212	75.7676
0.7950	8.2135	0.2620	74.7613	75.8353
0.7955	8.2154	0.2458	75.3008	76.1861
0.7960	8.2155	0.2391	75.7620	76.4257
0.7965	8.2148	0.2455	76.1336	76.4142
0.7970	8.2157	0.2417	76.7770	76.0333
0.7975	8.2162	0.2276	77.1353	75.8992
0.7980	8.2168	0.2274	77.4226	76.0353
0.7985	8.2177	0.2176	77.2631	75.8894
0.7990	8.2181	0.2127	76.5440	75.9498
0.7995	8.2177	0.2172	77.2297	76.3816
0.8000	8.2168	0.2247	76.4932	76.5937
0.8005	8.2166	0.2305	76.6272	76.5786
0.8010	8.2152	0.2404	77.2722	76.2256
0.8015	8.2147	0.2515	77.7209	76.3210
0.8020	8.2153	0.2434	77.9312	76.5513
0.8025	8.2146	0.2501	77.8625	76.1733
0.8030	8.2160	0.2342	77.6527	76.4748
0.8035	8.2172	0.2220	77.4594	76.6349
0.8040	8.2180	0.2167	76.8055	76.3652
0.8045	8.2178	0.2127	76.0925	76.3247
0.8050	8.2172	0.2164	73.7897	76.1940
0.8055	8.2179	0.2089	73.1400	76.3570
0.8060	8.2177	0.2148	73.9139	76.2943
0.8065	8.2182	0.2110	74.2976	75.7583
0.8070	8.2181	0.2113	74.7295	75.8920
0.8075	8.2179	0.2166	75.3896	76.3316
0.8080	8.2158	0.2322	76.1579	76.1855
0.8085	8.2144	0.2470	76.4991	76.0475
0.8090	8.2132	0.2623	76.7156	75.9576
0.8095	8.2139	0.2574	77.0357	76.4031
0.8100	8.2138	0.2620	77.5646	76.0493
0.8105	8.2139	0.2548	77.5764	75.4549
0.8110	8.2156	0.2405	76.8337	75.6948
0.8115	8.2158	0.2357	76.8929	76.1916
0.8120	8.2158	0.2368	76.7186	76.5250
0.8125	8.2153	0.2405	76.9044	76.4441
0.8130	8.2155	0.2396	77.2979	76.3718
0.8135	8.2146	0.2483	77.4723	76.6023
0.8140	8.2156	0.2382	78.0266	76.3433
0.8145	8.2153	0.2372	77.9507	75.9970
0.8150	8.2150	0.2425	77.5234	76.1532
0.8155	8.2144	0.2453	76.7158	76.0546
0.8160	8.2135	0.2573	76.7454	76.3207
0.8165	8.2124	0.2707	74.7288	76.4342
0.8170	8.2126	0.2675	72.7328	76.1154
0.8175	8.2126	0.2699	73.1892	76.1081
0.8180	8.2141	0.2620	73.9284	75.7453
0.8185	8.2143	0.2520	74.7856	75.7423
0.8190	8.2141	0.2551	75.0230	76.1155
0.8195	8.2142	0.2535	75.4114	76.0968
0.8200	8.2137	0.2605	76.1188	76.4069
0.8205	8.2135	0.2619	76.9496	76.6929
0.8210	8.2135	0.2615	76.9828	76.4178
0.8215	8.2139	0.2543	76.9981	76.4107
0.8220	8.2146	0.2466	77.2965	76.0470
0.8225	8.2139	0.2542	77.8453	76.2073
0.8230	8.2127	0.2700	77.2040	76.4667
0.8235	8.2121	0.2776	76.3779	76.5456
0.8240	8.2123	0.2768	76.6366	76.6929
0.8245	8.2132	0.2670	77.4020	76.5641
0.8250	8.2128	0.2706	77.8437	76.1066
0.8255	8.2135	0.2658	77.8432	76.1710
0.8260	8.2134	0.2594	77.8237	75.9133
0.8265	8.2133	0.2613	78.0329	76.1925
0.8270	8.2141	0.2576	77.8396	76.1871
0.8275	8.2141	0.2531	77.1612	75.8464
0.8280	8.2148	0.2437	75.8102	76.3407
0.8285	8.2153	0.2415	74.4973	76.1254
0.8290	8.2150	0.2414	73.1229	75.7868
0.8295	8.2163	0.2395	73.6515	75.8252
0.8300	8.2152	0.2398	74.0727	75.7162
0.8305	8.2137	0.2517	74.6863	76.1894
0.8310	8.2130	0.2623	75.3435	75.8804
0.8315	8.2126	0.2693	75.7737	75.7870
0.8320	8.2129	0.2666	76.1678	76.4495
0.8325	8.2133	0.2690	76.6491	76.4485
0.8330	8.2142	0.2546	77.0497	76.3555
0.8335	8.2160	0.2357	77.2369	76.1373
0.8340	8.2164	0.2325	77.2949	75.9780
0.8345	8.2166	0.2322	77.3151	76.3288
0.8350	8.2162	0.2292	76.2446	75.8655
0.8355	8.2163	0.2354	76.3739	76.0367
0.8360	8.2156	0.2356	76.8924	76.4643
0.8365	8.2161	0.2339	77.2588	76.2973
0.8370	8.2176	0.2244	77.8929	76.5861
0.8375	8.2165	0.2298	78.1190	76.2143
0.8380	8.2146	0.2459	78.1052	75.8367
0.8385	8.2139	0.2576	77.6770	75.9188
0.8390	8.2135	0.2647	77.5007	75.7410
0.8395	8.2140	0.2576	76.8902	76.1569
0.8400	8.2140	0.2546	75.5325	76.4664
0.8405	8.2155	0.2380	74.2281	76.2040
0.8410	8.2153	0.2340	73.0020	76.5499
0.8415	8.2165	0.2310	74.0464	76.3856
0.8420	8.2172	0.2218	74.4383	76.1560
0.8425	8.2162	0.2318	74.7829	76.2057
0.8430	8.2173	0.2222	75.2988	76.1906
0.8435	8.2171	0.2197	76.1208	76.5681
0.8440	8.2177	0.2179	76.5753	76.8097
0.8445	8.2175	0.2154	76.6084	76.4863
0.8450	8.2170	0.2216	76.8870	76.6010
0.8455	8.2161	0.2318	77.3444	76.2958
0.8460	8.2149	0.2464	77.7735	76.0595
0.8465	8.2140	0.2566	76.3750	76.1988
0.8470	8.2144	0.2572	75.6456	76.2993
0.8475	8.2134	0.2573	76.6551	76.4007
0.8480	8.2147	0.2452	77.2757	76.1326
0.8485	8.2163	0.2366	77.6565	76.0572
0.8490	8.2161	0.2347	77.6560	76.2430
0.8495	8.2155	0.2399	78.0901	75.8006
0.8500	8.2155	0.2405	78.1729	75.6336
0.8505	8.2160	0.2362	77.7493	75.9390
0.8510	8.2163	0.2329	77.0249	76.2091
0.8515	8.2166	0.2329	76.4901	76.2874
0.8520	8.2168	0.2266	75.5706	75.9938
0.8525	8.2168	0.2234	74.3760	76.1257
0.8530	8.2164	0.2305	73.2181	76.5895
0.8535	8.2145	0.2477	73.9522	76.3867
0.8540	8.2138	0.2525	74.6582	76.3276
0.8545	8.2147	0.2440	75.1192	76.3381
0.8550	8.2156	0.2366	75.3311	76.4193
0.8555	8.2151	0.2367	76.0059	76.3676
0.8560	8.2147	0.2396	76.6926	75.9949
0.8565	8.2158	0.2384	77.0293	76.0543
0.8570	8.2170	0.2262	76.7276	76.1445
0.8575	8.2172	0.2239	77.3447	76.1759
0.8580	8.2175	0.2181	76.2101	76.3409
0.8585	8.2179	0.2154	75.4311	76.1702
0.8590	8.2182	0.2077	76.0794	76.0299
0.8595	8.2189	0.2093	76.5270	76.2310
0.8600	8.2167	0.2260	77.4415	76.0776
0.8605	8.2151	0.2457	77.8188	76.0362
0.8610	8.2133	0.2596	77.8605	76.1240
0.8615	8.2137	0.2586	77.7127	76.1990
0.8620	8.2140	0.2541	77.9459	76.5646
0.8625	8.2129	0.2653	77.7104	76.4065
0.8630	8.2134	0.2613	76.8878	76.3261
0.8635	8.2145	0.2475	75.9277	76.5557
0.8640	8.2147	0.2461	74.6359	76.2528
0.8645	8.2152	0.2386	74.1930	76.3083
0.8650	8.2153	0.2394	73.8337	76.4905
0.8655	8.2161	0.2351	74.1403	76.2700
0.8660	8.2158	0.2298	74.8404	76.3127
0.8665	8.2155	0.2338	75.5695	76.1910
0.8670	8.2161	0.2320	76.1401	76.5804
0.8675	8.2146	0.2459	76.3420	76.6887
0.8680	8.2135	0.2634	76.8209	76.1741
0.8685	8.2118	0.2758	77.1677	75.8617
0.8690	8.2107	0.2872	77.6714	75.6885
0.8695	8.2113	0.2874	76.5226	76.0056
0.8700	8.2117	0.2806	76.6067	76.0747
0.8705	8.2131	0.2644	76.6898	75.8136
0.8710	8.2135	0.2629	76.4013	76.1555
0.8715	8.2125	0.2728	76.9523	76.4162
0.8720	8.2136	0.2644	77.2534	75.8640
0.8725	8.2145	0.2511	77.8049	75.7992
0.8730	8.2146	0.2541	78.0934	75.6834
0.8735	8.2149	0.2485	77.8271	76.0905
0.8740	8.2147	0.2494	77.4208	76.6600
0.8745	8.2157	0.2404	77.1399	76.5422
0.8750	8.2151	0.2436	76.7761	76.7819
0.8755	8.2136	0.2550	75.4140	76.5264
0.8760	8.2123	0.2701	72.9543	76.1895
0.8765	8.2119	0.2763	73.3469	76.0635
0.8770	8.2133	0.2714	74.2284	75.8273
0.8775	8.2135	0.2618	74.6247	75.7920
0.8780	8.2137	0.2568	74.8000	76.1702
0.8785	8.2145	0.2526	75.5406	76.4063
0.8790	8.2139	0.2559	76.4907	76.4574
0.8795	8.2139	0.2552	76.7991	76.1037
0.8800	8.2151	0.2449	76.6902	75.8658
0.8805	8.2157	0.2389	77.0307	76.0124
0.8810	8.2163	0.2330	77.7545	75.9070
0.8815	8.2169	0.2253	76.8311	75.8934
0.8820	8.2166	0.2245	76.8954	76.3048
0.8825	8.2163	0.2325	76.2487	76.5997
0.8830	8.2160	0.2336	76.6984	76.6204
0.8835	8.2148	0.2438	77.5143	76.3131
0.8840	8.2135	0.2616	77.4226	76.2345
0.8845	8.2147	0.2494	77.4968	76.5596
0.8850	8.2144	0.2491	77.9807	76.2118
0.8855	8.2156	0.2429	78.0959	76.3276
0.8860	8.2174	0.2267	77.4224	76.6614
0.8865	8.2183	0.2117	76.4886	76.3629
0.8870	8.2183	0.2143	76.3776	76.3147
0.8875	8.2171	0.2201	74.6200	76.2179
0.8880	8.2179	0.2143	73.0695	76.3254
0.8885	8.2181	0.2124	73.3888	76.4023
0.8890	8.2180	0.2092	74.1220	75.8634
0.8895	8.2182	0.2076	75.1123	75.8115
0.8900	8.2176	0.2138	75.2776	76.2943
0.8905	8.2162	0.2289	75.6057	76.2176
0.8910	8.2145	0.2430	76.3544	76.0641
0.8915	8.2135	0.2614	77.1219	75.9024
0.8920	8.2135	0.2632	77.2204	76.3039
0.8925	8.2131	0.2624	76.9578	76.2116
0.8930	8.2137	0.2595	77.3554	75.4999
0.8935	8.2154	0.2399	77.4183	75.6160
0.8940	8.2157	0.2393	77.1714	76.1037
0.8945	8.2157	0.2441	76.4309	76.5053
0.8950	8.2157	0.2423	76.3902	76.4889
0.8955	8.2154	0.2379	77.5660	76.3534
0.8960	8.2158	0.2391	77.8610	76.5641
0.8965	8.2163	0.2397	77.6625	76.4052
0.8970	8.2164	0.2343	77.4706	75.9916
0.8975	8.2156	0.2428	77.8561	76.1217
0.8980	8.2152	0.2441	77.3772	76.1036
0.8985	8.2141	0.2563	76.6344	76.3133
0.8990	8.2126	0.2737	74.7610	76.5076
0.8995	8.2128	0.2735	73.0035	76.1664
0.9000	8.2126	0.2673	73.6242	76.1380
0.9005	8.2135	0.2617	73.6667	75.7982
0.9010	8.2140	0.2555	74.0782	75.6586
0.9015	8.2143	0.2581	74.9415	76.0527
0.9020	8.2141	0.2511	75.9229	76.1020
0.9025	8.2141	0.2586	76.1001	76.2812
0.9030	8.2138	0.2583	76.1793	76.7229
0.9035	8.2147	0.2514	76.7283	76.4726
0.9040	8.2148	0.2439	77.5627	76.4723
0.9045	8.2156	0.2409	77.5240	76.1093
0.9050	8.2149	0.2472	77.2455	76.1471
0.9055	8.2135	0.2608	76.9803	76.4258
0.9060	8.2124	0.2743	76.9452	76.5354
0.9065	8.2115	0.2762	77.0100	76.6313
0.9070	8.2120	0.2785	76.8759	76.6427
0.9075	8.2114	0.2801	77.2715	76.1317
0.9080	8.2116	0.2860	78.1367	76.1992
0.9085	8.2114	0.2812	78.3275	76.0546
0.9090	8.2106	0.2909	77.9098	76.1338
0.9095	8.2108	0.2871	77.3190	76.2032
0.9100	8.2113	0.2860	77.4360	75.7955
0.9105	8.2117	0.2790	76.5653	76.1753
0.9110	8.2129	0.2683	74.8691	76.1913
0.9115	8.2131	0.2611	72.8763	75.7591
0.9120	8.2149	0.2466	73.3671	75.8401
0.9125	8.2143	0.2477	74.4510	75.7101
0.9130	8.2137	0.2582	74.6253	76.1293
0.9135	8.2130	0.2665	74.8423	75.9934
0.9140	8.2126	0.2711	75.5590	75.7075
0.9145	8.2127	0.2719	76.5320	76.3898
0.9150	8.2127	0.2661	76.7310	76.5049
0.9155	8.2138	0.2572	76.5398	76.3552
0.9160	8.2157	0.2402	76.9782	76.2087
0.9165	8.2164	0.2274	77.6519	75.9165
0.9170	8.2164	0.2286	77.7590	76.2819
0.9175	8.2168	0.2277	76.1282	75.9331
0.9180	8.2169	0.2334	75.7962	75.9017
0.9185	8.2168	0.2242	77.1095	76.4474
0.9190	8.2168	0.2295	77.6182	76.3283
0.9195	8.2177	0.2115	77.5620	76.5546
0.9200	8.2176	0.2163	77.6242	76.3596
0.9205	8.2159	0.2318	78.2463	75.8512
0.9210	8.2150	0.2422	78.2928	75.9069
0.9215	8.2141	0.2564	77.4577	75.7514
0.9220	8.2146	0.2499	76.5812	75.9941
0.9225	8.2147	0.2489	75.7339	76.4649
0.9230	8.2153	0.2428	75.0497	76.1985
0.9235	8.2159	0.2362	73.1598	76.4744
0.9240	8.2153	0.2426	73.3250	76.4809
0.9245	8.2158	0.2328	74.2406	76.1630
0.9250	8.2156	0.2400	75.1527	76.2453
0.9255	8.2169	0.2269	75.4725	76.2011
0.9260	8.2175	0.2203	75.4698	76.4862
0.9265	8.2184	0.2136	76.2405	76.7936
0.9270	8.2184	0.2118	76.9824	76.5005
0.9275	8.2171	0.2191	77.1979	76.5459
0.9280	8.2169	0.2225	76.8911	76.3777
0.9285	8.2151	0.2360	77.4011	76.0203
0.9290	8.2144	0.2497	77.0329	76.1967
0.9295	8.2144	0.2570	75.9318	76.2688
0.9300	8.2136	0.2587	76.1780	76.4255
0.9305	8.2151	0.2441	76.7510	76.2050
0.9310	8.2170	0.2279	77.8499	76.0134
0.9315	8.2160	0.2296	78.1371	76.2205
0.9320	8.2148	0.2431	77.9031	75.8646
0.9325	8.2147	0.2495	77.6487	75.5719
0.9330	8.2152	0.2404	77.9621	75.8687
0.9335	8.2151	0.2346	77.6028	76.1262
0.9340	8.2165	0.2326	76.6244	76.3118
0.9345	8.2166	0.2240	75.3374	76.0628
0.9350	8.2170	0.2248	74.6571	76.0478
0.9355	8.2166	0.2265	73.8204	76.5218
0.9360	8.2155	0.2424	73.8267	76.4113
0.9365	8.2138	0.2541	74.0953	76.2675
0.9370	8.2142	0.2527	74.8817	76.3095
0.9375	8.2156	0.2431	75.7815	76.3344
0.9380	8.2151	0.2411	76.1573	76.3795
0.9385	8.2159	0.2381	76.1012	76.0068
0.9390	8.2166	0.2327	76.6606	76.0150
0.9395	8.2173	0.2210	77.2100	76.1302
0.9400	8.2175	0.2183	77.6928	76.1805
0.9405	8.2178	0.2216	76.2066	76.3262
0.9410	8.2170	0.2183	74.9483	76.1900
0.9415	8.2177	0.2182	76.3162	76.0089
0.9420	8.2182	0.2105	76.8582	76.2164
0.9425	8.2167	0.2219	77.0615	76.1301
0.9430	8.2146	0.2415	77.2955	76.0372
0.9435	8.2132	0.2600	78.1077	76.1444
0.9440	8.2131	0.2649	78.2809	76.0836
0.9445	8.2138	0.2618	77.7460	76.5024
0.9450	8.2133	0.2580	77.2804	76.4613
0.9455	8.2134	0.2624	77.1305	76.2754
0.9460	8.2142	0.2559	76.7053	76.5162
0.9465	8.2136	0.2601	74.7812	76.3109
0.9470	8.2140	0.2560	73.7117	76.2748
0.9475	8.2146	0.2500	73.8508	76.5288
0.9480	8.2153	0.2422	74.5064	76.2906
0.9485	8.2162	0.2362	74.8671	76.3046
0.9490	8.2161	0.2364	74.9276	76.1820
0.9495	8.2153	0.2390	75.9147	76.4322
0.9500	8.2140	0.2540	76.7675	76.7035
0.9505	8.2123	0.2742	77.0271	76.2513
0.9510	8.2115	0.2802	76.5935	75.9074
0.9515	8.2103	0.2924	77.3680	75.7829
0.9520	8.2113	0.2857	77.1994	75.9496
0.9525	8.2116	0.2773	76.7900	76.1462
0.9530	8.2124	0.2738	76.4441	75.8527
0.9535	8.2135	0.2601	75.9838	76.0533
0.9540	8.2133	0.2586	77.2359	76.3997
0.9545	8.2145	0.2490	77.5896	75.9197
0.9550	8.2153	0.2467	77.4433	75.7196
0.9555	8.2157	0.2406	77.5913	75.6799
0.9560	8.2156	0.2401	78.1576	75.9293
0.9565	8.2156	0.2338	77.9949	76.6138
0.9570	8.2161	0.2333	77.0457	76.5475
0.9575	8.2169	0.2320	76.3140	76.7772
0.9580	8.2155	0.2381	75.9888	76.6591
0.9585	8.2137	0.2534	73.7474	76.2453
0.9590	8.2138	0.2535	73.0653	76.0987
0.9595	8.2133	0.2529	73.5885	75.8733
0.9600	8.2139	0.2540	74.5853	75.7332
0.9605	8.2155	0.2384	75.3670	76.0439
0.9610	8.2160	0.2347	75.4057	76.3164
0.9615	8.2153	0.2450	75.7688	76.4302
0.9620	8.2150	0.2422	76.6289	76.1695
0.9625	8.2161	0.2322	77.3487	75.8814
0.9630	8.2166	0.2269	77.1075	76.0209
0.9635	8.2170	0.2226	77.1920	75.9847
0.9640	8.2176	0.2199	76.6731	75.9051
0.9645	8.2178	0.2189	77.3598	76.2381
0.9650	8.2170	0.2229	76.7895	76.5682
0.9655	8.2159	0.2284	76.0300	76.6063
0.9660	8.2151	0.2467	76.9979	76.3481
0.9665	8.2135	0.2574	77.8385	76.1361
0.9670	8.2139	0.2573	78.0252	76.5068
0.9675	8.2141	0.2531	77.5921	76.2676
0.9680	8.2144	0.2490	77.5805	76.2300
0.9685	8.2164	0.2317	77.8573	76.6779
0.9690	8.2167	0.2287	77.2472	76.4744
0.9695	8.2170	0.2214	76.2850	76.3577
0.9700	8.2167	0.2290	74.4992	76.2684
0.9705	8.2166	0.2256	73.1960	76.2747
0.9710	8.2171	0.2229	73.9042	76.4033
0.9715	8.2174	0.2195	73.9791	75.9142
0.9720	8.2173	0.2180	74.3553	75.7091
0.9725	8.2174	0.2212	75.2103	76.2031
0.9730	8.2162	0.2341	76.1457	76.2184
0.9735	8.2141	0.2481	76.3163	76.0802
0.9740	8.2132	0.2616	76.4015	75.9191
0.9745	8.2127	0.2638	76.9828	76.2508
0.9750	8.2132	0.2668	77.5501	76.3589
0.9755	8.2132	0.2661	77.6543	75.5984
0.9760	8.2149	0.2455	76.8524	75.5648
0.9765	8.2155	0.2346	76.8150	75.9782
0.9770	8.2145	0.2443	77.0888	76.4035
0.9775	8.2145	0.2495	76.7132	76.4841
0.9780	8.2148	0.2478	76.9306	76.2953
0.9785	8.2145	0.2504	77.2977	76.4654
0.9790	8.2148	0.2486	78.1104	76.5026
0.9795	8.2157	0.2405	78.0514	76.0219
0.9800	8.2151	0.2441	77.4616	76.1132
0.9805	8.2145	0.2449	76.8717	76.1703
0.9810	8.2138	0.2583	77.0631	76.2417
0.9815	8.2119	0.2728	75.9269	76.5474
0.9820	8.2122	0.2682	72.8465	76.1873
0.9825	8.2122	0.2682	72.7449	76.1275
0.9830	8.2133	0.2667	73.8755	75.8706
0.9835	8.2143	0.2520	74.7679	75.6190
0.9840	8.2144	0.2547	74.6875	75.9469
0.9845	8.2137	0.2533	74.9589	76.0895
0.9850	8.2143	0.2551	76.0060	76.1478
0.9855	8.2124	0.2655	77.0382	76.6738
0.9860	8.2132	0.2628	76.8625	76.4964
0.9865	8.2138	0.2555	76.5872	76.4644
0.9870	8.2147	0.2461	77.2137	76.1904
0.9875	8.2145	0.2462	78.1574	76.0915
0.9880	8.2133	0.2582	77.5785	76.4011
0.9885	8.2130	0.2716	76.1772	76.5668
0.9890	8.2124	0.2762	76.3666	76.5961
0.9895	8.2131	0.2642	77.5189	76.6649
0.9900	8.2134	0.2597	77.8461	76.2047
0.9905	8.2135	0.2543	77.4317	76.1397
0.9910	8.2143	0.2564	77.5993	76.0427
0.9915	8.2134	0.2564	78.4992	76.0286
0.9920	8.2129	0.2641	78.1783	76.3025
0.9925	8.2127	0.2667	77.1418	75.8285
0.9930	8.2138	0.2587	75.9086	76.1153
0.9935	8.2143	0.2477	75.3839	76.3345
0.9940	8.2143	0.2547	73.9805	75.8298
0.9945	8.2153	0.2431	73.0632	75.8584
0.9950	8.2155	0.2433	73.6325	75.6872
0.9955	8.2144	0.2521	74.5308	76.0083
0.9960	8.2131	0.2651	75.5050	76.0708
0.9965	8.2120	0.2771	75.4497	75.6504
0.9970	8.2121	0.2738	75.6857	76.2182
0.9975	8.2124	0.2692	76.5839	76.5418
0.9980	8.2129	0.2590	77.2853	76.3583
0.9985	8.2151	0.2503	77.1081	76.2969
0.9990	8.2160	0.2363	76.8126	75.9549
0.9995	8.2157	0.2405	77.5343	76.2668
1.0000	8.2160	0.2322	77.1135	76.1006
1.0005	8.2152	0.2366	76.0745	75.8542
1.0010	8.2153	0.2358	76.2938	76.4004
1.0015	8.2150	0.2431	77.0780	76.3131
1.0020	8.2171	0.2284	78.1535	76.4608
1.0025	8.2165	0.2253	78.2177	76.4435
1.0030	8.2155	0.2425	77.6030	75.8857
1.0035	8.2143	0.2543	77.7071	75.9033
1.0040	8.2135	0.2607	77.9603	75.8004
1.0045	8.2137	0.2576	77.5185	75.9008
1.0050	8.2133	0.2641	75.5636	76.4621
1.0055	8.2136	0.2596	74.5947	76.2875
1.0060	8.2148	0.2464	73.6674	76.4085
1.0065	8.2159	0.2419	73.9348	76.5615
1.0070	8.2162	0.2261	74.0851	76.1563
1.0075	8.2160	0.2356	74.0937	76.1923
1.0080	8.2162	0.2306	75.3891	76.1453
1.0085	8.2166	0.2232	76.2214	76.3675
1.0090	8.2171	0.2218	76.3137	76.7598
1.0095	8.2178	0.2168	76.0771	76.5908
1.0100	8.2171	0.2215	76.9062	76.5356
1.0105	8.2173	0.2221	77.6743	76.5197
1.0110	8.2159	0.2327	77.6200	76.0807
1.0115	8.2141	0.2482	76.5180	76.1669
1.0120	8.2141	0.2537	75.5848	76.2401
1.0125	8.2137	0.2561	76.7755	76.3813
1.0130	8.2146	0.2476	77.1554	76.2507
1.0135	8.2168	0.2306	77.0170	75.9722
1.0140	8.2170	0.2249	77.4848	76.1971
1.0145	8.2157	0.2297	78.4616	75.9889
1.0150	8.2154	0.2390	78.3267	75.5953
1.0155	8.2164	0.2328	77.5445	75.8014
1.0160	8.2162	0.2298	76.9685	76.0452
1.0165	8.2164	0.2258	77.1422	76.3151
1.0170	8.2171	0.2201	76.2830	76.1617
1.0175	8.2168	0.2212	74.5382	76.0144
1.0180	8.2172	0.2211	73.2234	76.4621
1.0185	8.2161	0.2319	73.8589	76.5033
1.0190	8.2150	0.2443	74.7794	76.2772
1.0195	8.2154	0.2448	74.6689	76.3117
1.0200	8.2166	0.2331	74.8429	76.3279
1.0205	8.2163	0.2293	76.0494	76.4557
1.0210	8.2162	0.2319	76.9261	76.0958
1.0215	8.2161	0.2298	76.6217	75.9886
1.0220	8.2176	0.2189	76.2824	76.1184
1.0225	8.2184	0.2121	77.3554	76.1654
1.0230	8.2188	0.2084	77.4722	76.3127
1.0235	8.2185	0.2080	75.2663	76.2368
1.0240	8.2188	0.2097	75.2539	76.0218
1.0245	8.2190	0.1979	76.3435	76.1827
1.0250	8.2179	0.2135	77.7945	76.1980
1.0255	8.2165	0.2267	77.7307	76.0449
1.0260	8.2150	0.2390	77.2357	76.1361
1.0265	8.2143	0.2508	77.6610	76.0974
1.0270	8.2150	0.2489	78.5289	76.4475
1.0275	8.2148	0.2487	78.0809	76.5122
1.0280	8.2145	0.2518	76.5806	76.2891
1.0285	8.2156	0.2394	76.1229	76.4905
1.0290	8.2164	0.2244	75.6471	76.3929
1.0295	8.2164	0.2288	74.6046	76.1990
1.0300	8.2168	0.2285	73.4444	76.5049
1.0305	8.2167	0.2307	73.4852	76.3097
1.0310	8.2166	0.2245	75.1145	76.3240
1.0315	8.2165	0.2272	75.6774	76.2256
1.0320	8.2164	0.2268	75.5774	76.3837
1.0325	8.2154	0.2410	75.7291	76.7616
1.0330	8.2141	0.2539	77.0209	76.3804
1.0335	8.2125	0.2660	77.4972	75.9700
1.0340	8.2112	0.2820	77.2951	75.7475
1.0345	8.2111	0.2898	76.4771	75.8247
1.0350	8.2115	0.2776	76.5573	76.1291
1.0355	8.2132	0.2686	77.4579	75.8651
1.0360	8.2144	0.2518	76.2090	75.9631
1.0365	8.2144	0.2540	76.1729	76.4093
1.0370	8.2152	0.2489	77.1524	76.0760
1.0375	8.2153	0.2413	78.2282	75.7467
1.0380	8.2157	0.2393	77.9542	75.7589
1.0385	8.2155	0.2407	77.3613	75.8139
1.0390	8.2156	0.2380	77.5406	76.5817
1.0395	8.2160	0.2385	77.9222	76.5737
1.0400	8.2165	0.2309	76.9507	76.6995
1.0405	8.2152	0.2419	75.5368	76.6982
1.0410	8.2136	0.2576	73.4941	76.2604
1.0415	8.2130	0.2628	73.5721	76.0995
1.0420	8.2137	0.2608	74.2227	75.9096
1.0425	8.2142	0.2533	73.8828	75.7125
1.0430	8.2149	0.2453	74.4579	75.9981
1.0435	8.2159	0.2325	75.7366	76.3176
1.0440	8.2159	0.2333	76.5741	76.4697
1.0445	8.2149	0.2446	76.1674	76.2717
1.0450	8.2159	0.2407	76.3467	75.9107
1.0455	8.2163	0.2278	77.2303	75.9910
1.0460	8.2170	0.2260	78.1982	76.0040
1.0465	8.2174	0.2172	76.7317	75.8411
1.0470	8.2174	0.2192	76.2113	76.1176
1.0475	8.2173	0.2208	77.0831	76.4977
1.0480	8.2169	0.2266	76.9181	76.6015
1.0485	8.2164	0.2286	77.0838	76.4419
1.0490	8.2146	0.2423	76.8100	76.1312
1.0495	8.2151	0.2437	77.6163	76.4778
1.0500	8.2155	0.2375	78.5051	76.3748
1.0505	8.2158	0.2382	78.0634	76.2113
1.0510	8.2173	0.2193	77.0972	76.6397
1.0515	8.2182	0.2117	76.7624	76.5184
1.0520	8.2182	0.2039	77.0416	76.3276
1.0525	8.2179	0.2134	75.6924	76.2867
1.0530	8.2173	0.2173	72.7220	76.2168
1.0535	8.2182	0.2127	73.0259	76.4300
1.0540	8.2184	0.2071	74.3576	76.0548
1.0545	8.2189	0.2033	74.9982	75.6830
1.0550	8.2188	0.2022	74.7500	76.1139
1.0555	8.2180	0.2148	75.1522	76.2734
1.0560	8.2167	0.2309	76.4948	76.1060
1.0565	8.2145	0.2489	77.2498	75.9487
1.0570	8.2143	0.2558	76.7543	76.1118
1.0575	8.2139	0.2593	76.6011	76.4331
1.0580	8.2134	0.2597	77.6674	75.7153
1.0585	8.2159	0.2405	77.8756	75.5270
1.0590	8.2172	0.2197	76.9366	75.8796
1.0595	8.2164	0.2278	76.2217	76.3422
1.0600	8.2167	0.2276	76.4477	76.4776
1.0605	8.2156	0.2361	77.8037	76.3364
1.0610	8.2154	0.2378	77.5880	76.4530
1.0615	8.2150	0.2397	77.2002	76.5895
1.0620	8.2155	0.2319	77.6309	76.1281
1.0625	8.2162	0.2377	78.2542	76.0798
1.0630	8.2154	0.2346	77.6562	76.1539
1.0635	8.2149	0.2446	76.3620	76.1058
1.0640	8.2137	0.2581	75.7187	76.4354
1.0645	8.2130	0.2580	73.8013	76.2314
1.0650	8.2135	0.2571	73.3340	76.0993
1.0655	8.2147	0.2512	73.2235	75.9473
1.0660	8.2156	0.2354	73.7662	75.6183
1.0665	8.2153	0.2367	75.1171	75.9011
1.0670	8.2146	0.2454	75.6933	76.1604
1.0675	8.2144	0.2502	75.4588	76.1787
1.0680	8.2136	0.2562	75.9072	76.6073
1.0685	8.2141	0.2608	77.1224	76.5672
1.0690	8.2154	0.2453	77.6141	76.4527
1.0695	8.2161	0.2332	77.0108	76.2296
1.0700	8.2158	0.2375	76.8180	76.0034
1.0705	8.2152	0.2419	77.6273	76.2697
1.0710	8.2135	0.2545	77.4851	76.4954
1.0715	8.2131	0.2705	76.5560	76.5537
1.0720	8.2137	0.2569	76.3016	76.7115
1.0725	8.2146	0.2480	77.3449	76.3532
1.0730	8.2150	0.2428	78.4627	76.1367
1.0735	8.2152	0.2429	78.1089	76.1625
1.0740	8.2140	0.2555	77.5087	75.9845
1.0745	8.2135	0.2570	77.6439	76.2708
1.0750	8.2136	0.2565	78.0688	75.8696
1.0755	8.2139	0.2561	76.9228	75.9186
1.0760	8.2142	0.2559	75.0204	76.3062
1.0765	8.2143	0.2502	73.4599	75.8643
1.0770	8.2150	0.2457	73.4569	75.8396
1.0775	8.2156	0.2378	74.3517	75.7449
1.0780	8.2152	0.2422	73.9539	75.9261
1.0785	8.2143	0.2562	74.5409	76.1811
1.0790	8.2123	0.2682	75.7128	75.6644
1.0795	8.2127	0.2706	76.4764	76.0263
1.0800	8.2131	0.2642	76.2262	76.5246
1.0805	8.2136	0.2577	76.2617	76.3383
1.0810	8.2153	0.2428	77.2187	76.2892
1.0815	8.2169	0.2328	77.7716	75.9494
1.0820	8.2161	0.2316	77.3903	76.1591
1.0825	8.2161	0.2301	76.3741	76.1975
1.0830	8.2163	0.2346	76.0052	75.8063
1.0835	8.2167	0.2278	77.1770	76.3152
1.0840	8.2159	0.2334	77.1464	76.3660
1.0845	8.2174	0.2193	76.9834	76.3865
1.0850	8.2179	0.2128	77.8131	76.5012
1.0855	8.2158	0.2307	78.5633	75.9321
1.0860	8.2148	0.2428	78.2084	75.8623
1.0865	8.2138	0.2552	77.1147	75.8167
1.0870	8.2141	0.2541	77.1493	75.8056
1.0875	8.2145	0.2499	76.6070	76.3642
1.0880	8.2146	0.2445	75.3670	76.3456
1.0885	8.2160	0.2320	73.1361	76.3048
1.0890	8.2153	0.2385	72.9528	76.6130
1.0895	8.2156	0.2382	74.6308	76.2485
1.0900	8.2158	0.2440	74.8642	76.2099
1.0905	8.2156	0.2383	74.7958	76.1584
1.0910	8.2161	0.2278	75.1885	76.3067
1.0915	8.2171	0.2251	76.5467	76.6941
1.0920	8.2178	0.2169	77.0101	76.6279
1.0925	8.2170	0.2249	76.5837	76.4572
1.0930	8.2169	0.2244	76.5943	76.5566
1.0935	8.2158	0.2339	77.6723	76.0966
1.0940	8.2141	0.2488	77.8264	76.1244
1.0945	8.2136	0.2552	75.7245	76.2217
1.0950	8.2133	0.2550	75.6210	76.3663
1.0955	8.2146	0.2536	76.9053	76.3209
1.0960	8.2158	0.2416	77.9007	76.0047
1.0965	8.2160	0.2374	77.6998	76.1244
1.0970	8.2147	0.2526	77.4287	76.0932
1.0975	8.2134	0.2604	78.0027	75.6020
1.0980	8.2129	0.2631	78.4596	75.7084
1.0985	8.2141	0.2561	77.6314	75.9993
1.0990	8.2144	0.2517	76.4332	76.2994
1.0995	8.2155	0.2407	75.8692	76.1605
1.1000	8.2161	0.2366	75.4358	75.9162
1.1005	8.2165	0.2272	74.0904	76.3371
1.1010	8.2156	0.2370	73.1140	76.5014
1.1015	8.2142	0.2536	73.9610	76.2340
1.1020	8.2139	0.2540	75.0344	76.2791
1.1025	8.2149	0.2460	75.5549	76.2713
1.1030	8.2145	0.2470	75.4619	76.4291
1.1035	8.2153	0.2421	75.9516	76.1905
1.1040	8.2155	0.2372	76.9118	75.9696
1.1045	8.2163	0.2325	77.2965	76.1461
1.1050	8.2167	0.2233	76.9314	76.1959
1.1055	8.2172	0.2225	76.7840	76.2705
1.1060	8.2168	0.2260	75.5197	76.2874
1.1065	8.2169	0.2234	76.1236	76.0293
1.1070	8.2179	0.2167	76.2576	76.0851
1.1075	8.2174	0.2227	76.4792	76.1605
1.1080	8.2163	0.2313	77.5320	75.9772
1.1085	8.2143	0.2461	78.3115	76.0884
1.1090	8.2139	0.2531	77.9547	76.0563
1.1095	8.2141	0.2530	77.4256	76.3410
1.1100	8.2144	0.2518	77.7351	76.5682
1.1105	8.2145	0.2539	77.7244	76.3078
1.1110	8.2142	0.2502	76.7804	76.4362
1.1115	8.2151	0.2470	75.0154	76.4598
1.1120	8.2148	0.2489	74.1042	76.1911
1.1125	8.2154	0.2435	74.3763	76.4878
1.1130	8.2157	0.2363	74.1003	76.3682
1.1135	8.2157	0.2358	74.2061	76.2626
1.1140	8.2164	0.2301	74.7582	76.2373
1.1145	8.2154	0.2381	76.0967	76.2436
1.1150	8.2146	0.2451	76.5346	76.6886
1.1155	8.2133	0.2614	76.4046	76.4971
1.1160	8.2120	0.2724	76.5567	76.0313
1.1165	8.2111	0.2838	77.5699	75.8422
1.1170	8.2111	0.2899	77.7127	75.7872
1.1175	8.2122	0.2737	76.1875	76.1265
1.1180	8.2123	0.2719	76.4792	75.9299
1.1185	8.2143	0.2561	76.4233	75.8583
1.1190	8.2146	0.2507	77.1147	76.3320
1.1195	8.2149	0.2480	77.1113	76.1716
1.1200	8.2152	0.2403	77.0253	75.7004
1.1205	8.2149	0.2347	77.7831	75.7462
1.1210	8.2157	0.2363	78.4442	75.7022
1.1215	8.2158	0.2310	77.8104	76.4546
1.1220	8.2163	0.2352	76.9697	76.6302
1.1225	8.2163	0.2265	76.6709	76.6559
1.1230	8.2157	0.2352	76.8055	76.7741
1.1235	8.2145	0.2515	74.5675	76.3655
1.1240	8.2132	0.2662	72.5302	76.1196
1.1245	8.2134	0.2644	73.4637	75.9752
1.1250	8.2139	0.2629	74.6168	75.7175
1.1255	8.2142	0.2498	75.0918	75.8904
1.1260	8.2155	0.2403	74.7878	76.2511
1.1265	8.2152	0.2413	75.5952	76.4473
1.1270	8.2145	0.2523	76.8140	76.3504
1.1275	8.2151	0.2488	77.2312	75.9601
1.1280	8.2159	0.2372	76.5741	75.9400
1.1285	8.2163	0.2320	77.0193	76.0347
1.1290	8.2169	0.2254	77.4959	75.8710
1.1295	8.2172	0.2204	77.1962	76.0349
1.1300	8.2169	0.2269	76.7343	76.4345
1.1305	8.2157	0.2364	75.7792	76.5637
1.1310	8.2159	0.2354	77.0885	76.4766
1.1315	8.2141	0.2529	77.8864	76.1492
1.1320	8.2138	0.2603	77.5470	76.3797
1.1325	8.2149	0.2511	77.2719	76.4848
1.1330	8.2142	0.2511	77.9584	76.1533
1.1335	8.2162	0.2323	78.2646	76.5434
1.1340	8.2174	0.2234	77.1859	76.5874
1.1345	8.2175	0.2159	76.0656	76.3029
1.1350	8.2169	0.2214	75.7278	76.2821
1.1355	8.2170	0.2218	73.9556	76.2141
1.1360	8.2173	0.2174	73.3828	76.4023
1.1365	8.2177	0.2183	73.3500	76.1549
1.1370	8.2182	0.2169	74.1801	75.6948
1.1375	8.2179	0.2060	75.4303	75.9877
1.1380	8.2174	0.2118	75.8188	76.3193
1.1385	8.2160	0.2282	75.7163	76.1332
1.1390	8.2139	0.2498	76.1970	76.0090
1.1395	8.2137	0.2572	77.2693	75.9914
1.1400	8.2138	0.2557	77.4712	76.4433
1.1405	8.2137	0.2576	77.1290	75.8544
1.1410	8.2152	0.2475	77.0406	75.4638
1.1415	8.2171	0.2263	77.1921	75.7590
1.1420	8.2170	0.2288	77.2508	76.2499
1.1425	8.2157	0.2314	76.2859	76.4878
1.1430	8.2156	0.2404	76.5393	76.4073
1.1435	8.2157	0.2361	77.6137	76.4383
1.1440	8.2157	0.2369	78.1249	76.6088
1.1445	8.2164	0.2316	77.7002	76.2180
1.1450	8.2166	0.2272	77.3263	75.9966
1.1455	8.2158	0.2346	77.5835	76.1440
1.1460	8.2153	0.2446	77.3067	76.0573
1.1465	8.2133	0.2610	76.3750	76.3920
1.1470	8.2135	0.2588	73.4285	76.3352
1.1475	8.2139	0.2568	72.7976	76.1208
1.1480	8.2144	0.2567	73.9651	76.0472
1.1485	8.2155	0.2349	74.1394	75.6590
1.1490	8.2157	0.2364	74.2002	75.7945
1.1495	8.2147	0.2487	74.9195	76.1010
1.1500	8.2143	0.2555	76.1852	76.0649
1.1505	8.2138	0.2566	76.5308	76.4860
1.1510	8.2139	0.2561	76.3267	76.6409
1.1515	8.2147	0.2481	76.6695	76.4603
1.1520	8.2157	0.2407	77.6157	76.3404
1.1525	8.2162	0.2319	77.8009	75.9978
1.1530	8.2152	0.2390	77.2445	76.2128
1.1535	8.2142	0.2534	76.5141	76.4416
1.1540	8.2130	0.2690	76.8382	76.5589
1.1545	8.2132	0.2621	77.2887	76.6658
1.1550	8.2139	0.2506	77.1153	76.4407
1.1555	8.2143	0.2523	77.2383	76.0844
1.1560	8.2150	0.2511	78.0456	76.1789
1.1565	8.2146	0.2488	78.5852	75.9678
1.1570	8.2138	0.2520	77.8688	76.2484
1.1575	8.2142	0.2567	77.0219	75.9700
1.1580	8.2144	0.2424	76.9046	75.8322
1.1585	8.2147	0.2487	76.1528	76.3152
1.1590	8.2147	0.2469	74.2818	75.9879
1.1595	8.2152	0.2410	72.5083	75.7914
1.1600	8.2162	0.2314	73.5949	75.7713
1.1605	8.2160	0.2375	74.6619	75.7793
1.1610	8.2150	0.2484	75.0794	76.1902
1.1615	8.2129	0.2614	74.8961	75.7353
1.1620	8.2130	0.2669	75.5927	75.8749
1.1625	8.2132	0.2630	76.7162	76.5110
1.1630	8.2133	0.2632	76.9967	76.3916
1.1635	8.2147	0.2533	76.6351	76.3462
1.1640	8.2158	0.2322	76.9042	76.0351
1.1645	8.2158	0.2354	77.8022	76.0566
1.1650	8.2162	0.2321	77.5393	76.2834
1.1655	8.2159	0.2352	75.6839	75.8099
1.1660	8.2151	0.2409	76.0227	76.1932
1.1665	8.2152	0.2396	77.3184	76.4077
1.1670	8.2156	0.2401	77.9282	76.3308
1.1675	8.2173	0.2219	77.6837	76.5608
1.1680	8.2162	0.2366	77.5183	76.0666
1.1685	8.2145	0.2490	78.2300	75.8650
1.1690	8.2138	0.2573	78.2472	75.8567
1.1695	8.2135	0.2605	77.3728	75.7457
1.1700	8.2147	0.2477	75.9206	76.2410
1.1705	8.2147	0.2478	75.3624	76.3938
1.1710	8.2162	0.2343	74.4381	76.2067
1.1715	8.2157	0.2352	73.1311	76.5734
1.1720	8.2173	0.2255	73.5503	76.3256
1.1725	8.2174	0.2245	74.2717	76.2061
1.1730	8.2170	0.2275	75.5229	76.1595
1.1735	8.2173	0.2203	75.6904	76.1939
1.1740	8.2178	0.2210	75.6280	76.5826
1.1745	8.2181	0.2089	76.2325	76.7059
1.1750	8.2178	0.2171	77.1878	76.4700
1.1755	8.2174	0.2206	77.3519	76.6037
1.1760	8.2162	0.2303	76.9629	76.1920
1.1765	8.2143	0.2450	77.1562	76.0888
1.1770	8.2138	0.2545	76.4068	76.2041
1.1775	8.2134	0.2602	76.2877	76.3026
1.1780	8.2139	0.2618	76.4289	76.3435
1.1785	8.2160	0.2376	76.8268	76.0452
1.1790	8.2169	0.2209	77.8883	76.0393
1.1795	8.2169	0.2277	78.3076	76.1538
1.1800	8.2156	0.2376	77.9021	75.6266
1.1805	8.2159	0.2344	77.5123	75.6618
1.1810	8.2163	0.2324	77.7523	75.8944
1.1815	8.2167	0.2275	77.4522	76.2500
1.1820	8.2169	0.2259	76.2445	76.2791
1.1825	8.2168	0.2305	74.8182	75.9560
1.1830	8.2164	0.2259	74.0941	76.2233
1.1835	8.2157	0.2329	73.8075	76.5646
1.1840	8.2149	0.2448	74.1877	76.2900
1.1845	8.2147	0.2508	74.1505	76.2838
1.1850	8.2154	0.2404	75.0646	76.2588
1.1855	8.2157	0.2364	76.0026	76.3972
1.1860	8.2159	0.2332	76.4038	76.2557
1.1865	8.2162	0.2271	76.1653	75.9396
1.1870	8.2173	0.2218	76.6422	76.0774
1.1875	8.2175	0.2125	77.4088	76.1564
1.1880	8.2181	0.2131	77.7088	76.2392
1.1885	8.2181	0.2144	75.3253	76.3215
1.1890	8.2176	0.2164	75.0979	76.0952
1.1895	8.2184	0.2115	76.5707	76.0353
1.1900	8.2179	0.2076	77.2292	76.1994
1.1905	8.2162	0.2278	77.1524	76.0089
1.1910	8.2147	0.2393	77.2278	76.0246
1.1915	8.2136	0.2505	78.1435	76.0372
1.1920	8.2139	0.2514	78.4242	76.2150
1.1925	8.2151	0.2513	77.6881	76.5773
1.1930	8.2142	0.2481	76.8592	76.3482
1.1935	8.2154	0.2427	76.9024	76.3517
1.1940	8.2162	0.2294	76.3537	76.4867
1.1945	8.2155	0.2326	74.4134	76.1750
1.1950	8.2156	0.2323	73.4868	76.4082
1.1955	8.2157	0.2366	73.7462	76.4205
1.1960	8.2161	0.2346	74.9372	76.2603
1.1965	8.2159	0.2411	75.0692	76.2852
1.1970	8.2152	0.2414	75.0580	76.2122
1.1975	8.2145	0.2482	75.9593	76.6196
1.1980	8.2131	0.2638	77.0539	76.5936
1.1985	8.2121	0.2764	77.1056	76.1056
1.1990	8.2105	0.2876	76.7108	75.8534
1.1995	8.2101	0.2981	77.2056	75.7239
1.2000	8.2111	0.2882	76.8644	76.0421
1.2005	8.2112	0.2822	77.1069	75.9730
1.2010	8.2129	0.2673	76.1009	75.7950
1.2015	8.2135	0.2628	76.0561	76.2449
1.2020	8.2135	0.2589	77.3830	76.3227
1.2025	8.2141	0.2576	77.8189	75.7868
1.2030	8.2146	0.2508	77.5118	75.8311
1.2035	8.2147	0.2426	77.4922	75.6782
1.2040	8.2150	0.2450	78.0043	76.2538
1.2045	8.2151	0.2439	78.0004	76.6279
1.2050	8.2155	0.2388	76.7562	76.5543
1.2055	8.2149	0.2479	76.0387	76.7704
1.2060	8.2139	0.2505	75.0223	76.4396
1.2065	8.2130	0.2619	73.4302	76.1270
1.2070	8.2129	0.2653	73.4820	76.0302
1.2075	8.2132	0.2608	73.5993	75.7459
1.2080	8.2140	0.2606	74.6625	75.8130
1.2085	8.2149	0.2458	75.5773	76.1743
1.2090	8.2152	0.2402	75.8534	76.4160
1.2095	8.2144	0.2512	75.8701	76.4020
1.2100	8.2144	0.2511	76.5827	76.0273
1.2105	8.2154	0.2399	77.3392	75.8764
1.2110	8.2166	0.2287	77.5242	76.0352
1.2115	8.2173	0.2254	77.0245	75.8657
1.2120	8.2174	0.2175	76.4132	75.9264
1.2125	8.2174	0.2231	77.4044	76.3543
1.2130	8.2169	0.2242	76.6813	76.5730
1.2135	8.2168	0.2268	76.4196	76.5638
1.2140	8.2155	0.2413	76.9759	76.2096
1.2145	8.2145	0.2492	77.8119	76.2775
1.2150	8.2151	0.2422	78.1404	76.5143
1.2155	8.2148	0.2434	77.7472	76.1536
1.2160	8.2161	0.2320	77.3958	76.4258
1.2165	8.2170	0.2228	77.4776	76.6286
1.2170	8.2181	0.2107	77.0367	76.3454
1.2175	8.2178	0.2169	76.0622	76.3112
1.2180	8.2173	0.2190	73.5483	76.1780
1.2185	8.2183	0.2158	73.1144	76.3584
1.2190	8.2188	0.2094	74.0436	76.2780
1.2195	8.2185	0.2080	74.3026	75.7365
1.2200	8.2188	0.2051	74.5813	75.8376
1.2205	8.2183	0.2107	75.2853	76.2921
1.2210	8.2167	0.2255	76.2895	76.1507
1.2215	8.2150	0.2390	76.5391	76.0336
1.2220	8.2141	0.2544	76.5721	75.9217
1.2225	8.2138	0.2570	76.9508	76.4245
1.2230	8.2136	0.2587	77.6335	76.0501
1.2235	8.2145	0.2474	77.6480	75.4771
1.2240	8.2168	0.2335	76.7233	75.6654
1.2245	8.2165	0.2312	76.7444	76.1193
1.2250	8.2149	0.2395	76.7399	76.4676
1.2255	8.2151	0.2453	76.9626	76.4148
1.2260	8.2145	0.2487	77.2215	76.3324
1.2265	8.2143	0.2508	77.3686	76.5711
1.2270	8.2147	0.2485	77.9920	76.3360
1.2275	8.2150	0.2453	77.9998	75.9519
1.2280	8.2152	0.2434	77.5189	76.1105
1.2285	8.2147	0.2454	76.7121	75.9901
1.2290	8.2136	0.2599	76.6937	76.2509
1.2295	8.2129	0.2663	74.7075	76.4012
1.2300	8.2131	0.2656	72.7843	76.0831
1.2305	8.2130	0.2620	73.2101	76.1087
1.2310	8.2145	0.2520	73.8582	75.7328
1.2315	8.2153	0.2382	74.6851	75.7422
1.2320	8.2141	0.2486	75.0096	76.0973
1.2325	8.2146	0.2478	75.4359	76.0955
1.2330	8.2138	0.2592	76.0579	76.3166
1.2335	8.2135	0.2574	76.9150	76.5975
1.2340	8.2152	0.2464	76.9529	76.4002
1.2345	8.2160	0.2355	76.8961	76.3531
1.2350	8.2172	0.2228	77.1939	75.9992
1.2355	8.2160	0.2299	77.8419	76.1539
1.2360	8.2146	0.2454	77.3459	76.4402
1.2365	8.2134	0.2552	76.3912	76.5677
1.2370	8.2133	0.2613	76.4221	76.6717
1.2375	8.2148	0.2472	77.3339	76.6090
1.2380	8.2154	0.2368	77.9572	76.1150
1.2385	8.2159	0.2366	77.8411	76.1851
1.2390	8.2156	0.2336	77.7096	75.9157
1.2395	8.2148	0.2433	77.9898	76.1173
1.2400	8.2153	0.2501	77.9318	76.0647
1.2405	8.2158	0.2345	77.2324	75.6908
1.2410	8.2157	0.2347	75.6560	76.2503
1.2415	8.2161	0.2362	74.4991	76.1124
1.2420	8.2161	0.2320	73.2675	75.8056
1.2425	8.2172	0.2236	73.6673	75.8512
1.2430	8.2167	0.2194	73.9567	75.7474
1.2435	8.2155	0.2402	74.5437	76.1836
1.2440	8.2140	0.2497	75.3884	75.8570
1.2445	8.2129	0.2636	75.8967	75.7085
1.2450	8.2130	0.2629	76.1063	76.3677
1.2455	8.2134	0.2568	76.4829	76.4014
1.2460	8.2155	0.2426	77.0409	76.2982
1.2465	8.2166	0.2297	77.3230	76.1132
1.2470	8.2166	0.2252	77.2477	75.9561
1.2475	8.2163	0.2302	77.2319	76.3392
1.2480	8.2158	0.2325	76.2409	75.9164
1.2485	8.2162	0.2346	76.4119	76.0579
1.2490	8.2166	0.2285	76.8723	76.4414
1.2495	8.2169	0.2304	77.0738	76.2492
1.2500	8.2181	0.2147	77.8098	76.5080
1.2505	8.2170	0.2226	78.2520	76.1594
1.2510	8.2158	0.2383	78.1165	75.8028
1.2515	8.2146	0.2502	77.5510	75.8650
1.2520	8.2131	0.2569	77.4048	75.7219
1.2525	8.2150	0.2499	76.9981	76.1139
1.2530	8.2155	0.2428	75.5425	76.4786
1.2535	8.2170	0.2283	74.1340	76.2130
1.2540	8.2167	0.2239	72.9695	76.5411
1.2545	8.2170	0.2242	74.0929	76.4031
1.2550	8.2173	0.2225	74.4741	76.1847
1.2555	8.2172	0.2321	74.6339	76.1454
1.2560	8.2171	0.2206	75.1783	76.1392
1.2565	8.2170	0.2219	76.1560	76.4872
1.2570	8.2181	0.2178	76.6566	76.7405
1.2575	8.2179	0.2194	76.4985	76.4776
1.2580	8.2176	0.2175	76.7783	76.5902
1.2585	8.2167	0.2219	77.3706	76.3091
1.2590	8.2152	0.2409	77.8579	76.0416
1.2595	8.2141	0.2493	76.3491	76.1691
1.2600	8.2141	0.2551	75.4902	76.2532
1.2605	8.2139	0.2546	76.6832	76.3537
1.2610	8.2154	0.2412	77.3556	76.1028
1.2615	8.2170	0.2242	77.5791	76.0076
1.2620	8.2170	0.2245	77.5774	76.1984
1.2625	8.2164	0.2346	78.0812	75.7702
1.2630	8.2158	0.2351	78.2401	75.6064
1.2635	8.2165	0.2287	77.7760	75.8919
1.2640	8.2166	0.2330	76.8752	76.1514
1.2645	8.2165	0.2267	76.5228	76.3018
1.2650	8.2171	0.2216	75.7318	75.9821
1.2655	8.2170	0.2222	74.4063	76.0466
1.2660	8.2162	0.2268	73.1266	76.5399
1.2665	8.2151	0.2394	73.8273	76.3419
1.2670	8.2142	0.2522	74.6743	76.2720
1.2675	8.2144	0.2452	75.1617	76.2502
1.2680	8.2160	0.2387	75.2624	76.3472
1.2685	8.2156	0.2357	75.9028	76.3319
1.2690	8.2162	0.2360	76.6452	75.9699
1.2695	8.2166	0.2307	77.0632	75.9813
1.2700	8.2176	0.2192	76.7494	76.1083
1.2705	8.2182	0.2136	77.2339	76.1599
1.2710	8.2177	0.2100	76.2169	76.2874
1.2715	8.2180	0.2172	75.4724	76.1305
1.2720	8.2183	0.2070	76.0460	76.0006
1.2725	8.2188	0.2065	76.3913	76.2257
1.2730	8.2177	0.2162	77.3706	76.0925
1.2735	8.2162	0.2300	77.8844	76.0150
1.2740	8.2147	0.2466	77.8776	76.0821
1.2745	8.2149	0.2473	77.5911	76.1315
1.2750	8.2145	0.2505	77.8635	76.4957
1.2755	8.2141	0.2544	77.8084	76.3703
1.2760	8.2144	0.2499	76.9442	76.2585
1.2765	8.2156	0.2417	75.8559	76.5075
1.2770	8.2151	0.2403	74.5981	76.2539
1.2775	8.2157	0.2356	74.2968	76.3137
1.2780	8.2167	0.2313	73.8887	76.4913
1.2785	8.2169	0.2278	73.9583	76.2557
1.2790	8.2170	0.2260	74.7129	76.2959
1.2795	8.2162	0.2307	75.6268	76.1661
1.2800	8.2163	0.2337	76.2333	76.4888
1.2805	8.2148	0.2487	76.2184	76.6562
1.2810	8.2132	0.2638	76.6780	76.1694
1.2815	8.2118	0.2756	77.1557	75.8847
1.2820	8.2115	0.2845	77.7756	75.7012
1.2825	8.2119	0.2811	76.5167	75.9628
1.2830	8.2119	0.2743	76.3932	76.0783
1.2835	8.2131	0.2709	76.6992	75.8005
1.2840	8.2145	0.2520	76.5246	76.1252
1.2845	8.2150	0.2427	76.9159	76.3885
1.2850	8.2151	0.2394	77.0321	75.8153
1.2855	8.2156	0.2398	77.7373	75.7226
1.2860	8.2157	0.2376	78.1708	75.6574
1.2865	8.2154	0.2408	77.8770	76.0085
1.2870	8.2152	0.2405	77.2811	76.6363
1.2875	8.2162	0.2313	77.0699	76.5380
1.2880	8.2162	0.2380	76.8889	76.7719
1.2885	8.2147	0.2456	75.6020	76.5723
1.2890	8.2132	0.2565	72.9207	76.1771
1.2895	8.2129	0.2656	73.1647	76.0099
1.2900	8.2139	0.2567	74.2218	75.8013
1.2905	8.2148	0.2514	74.7048	75.6981
1.2910	8.2155	0.2458	74.7367	76.0463
1.2915	8.2157	0.2343	75.3497	76.3313
1.2920	8.2154	0.2440	76.4815	76.4159
1.2925	8.2151	0.2455	76.8835	76.1194
1.2930	8.2158	0.2316	76.6350	75.8964
1.2935	8.2165	0.2267	76.8550	76.0514
1.2940	8.2169	0.2220	77.7570	75.9444
1.2945	8.2172	0.2260	76.8984	75.8879
1.2950	8.2171	0.2198	76.8554	76.2520
1.2955	8.2167	0.2290	76.1922	76.5338
1.2960	8.2163	0.2340	76.5994	76.5526
1.2965	8.2153	0.2386	77.5758	76.2567
1.2970	8.2133	0.2573	77.3934	76.1232
1.2975	8.2144	0.2503	77.3621	76.4965
1.2980	8.2148	0.2518	77.9231	76.2110
1.2985	8.2154	0.2425	78.1893	76.2722
1.2990	8.2171	0.2221	77.5127	76.6782
1.2995	8.2179	0.2145	76.3802	76.4041
1.3000	8.2178	0.2098	76.3412	76.3148
1.3005	8.2170	0.2239	74.8354	76.2001
1.3010	8.2180	0.2225	73.0218	76.2795
1.3015	8.2178	0.2175	73.2409	76.3509
1.3020	8.2181	0.2118	74.0073	75.8233
1.3025	8.2190	0.2055	75.1639	75.7158
1.3030	8.2187	0.2037	75.3833	76.2168
1.3035	8.2167	0.2253	75.3842	76.1916
1.3040	8.2152	0.2420	76.1075	76.0681
1.3045	8.2135	0.2555	77.1469	75.8875
1.3050	8.2136	0.2568	77.2678	76.2801
1.3055	8.2137	0.2559	76.9246	76.2643
1.3060	8.2139	0.2487	77.2314	75.5068
1.3065	8.2165	0.2353	77.3878	75.5426
1.3070	8.2169	0.2229	77.2529	75.9890
1.3075	8.2158	0.2374	76.4019	76.4250
1.3080	8.2156	0.2385	76.2458	76.4392
1.3085	8.2155	0.2413	77.4474	76.2920
1.3090	8.2155	0.2410	77.8782	76.5180
1.3095	8.2160	0.2352	77.7128	76.4640
1.3100	8.2164	0.2294	77.3832	76.0024
1.3105	8.2162	0.2284	77.7862	76.1307
1.3110	8.2157	0.2406	77.4355	76.1496
1.3115	8.2143	0.2481	76.6784	76.2055
1.3120	8.2132	0.2668	74.8804	76.4350
1.3125	8.2133	0.2626	72.8945	76.0805
1.3130	8.2139	0.2626	73.5360	76.0251
1.3135	8.2144	0.2535	73.7674	75.7740
1.3140	8.2159	0.2380	74.0429	75.6489
1.3145	8.2151	0.2417	74.7608	76.0211
1.3150	8.2148	0.2447	75.7597	76.0970
1.3155	8.2143	0.2502	76.1157	76.2184
1.3160	8.2137	0.2621	76.2507	76.6328
1.3165	8.2143	0.2529	76.6204	76.4680
1.3170	8.2155	0.2394	77.4130	76.4232
1.3175	8.2164	0.2285	77.5366	76.1594
1.3180	8.2160	0.2311	77.3218	76.1660
1.3185	8.2148	0.2467	77.0192	76.4010
1.3190	8.2129	0.2626	76.8128	76.4632
1.3195	8.2126	0.2707	76.9071	76.5297
1.3200	8.2136	0.2588	76.8953	76.6292
1.3205	8.2141	0.2577	77.2157	76.1587
1.3210	8.2139	0.2529	78.0395	76.1783
1.3215	8.2136	0.2576	78.2952	76.1433
1.3220	8.2134	0.2617	77.9415	76.1938
1.3225	8.2127	0.2685	77.3092	76.2225
1.3230	8.2134	0.2634	77.3850	75.7417
1.3235	8.2131	0.2610	76.6259	75.9334
1.3240	8.2135	0.2643	74.9917	76.2116
1.3245	8.2140	0.2585	72.8724	75.7401
1.3250	8.2149	0.2437	73.2511	75.8874
1.3255	8.2152	0.2462	74.3916	75.8105
1.3260	8.2140	0.2493	74.5871	76.1732
1.3265	8.2130	0.2614	74.7670	75.9920
1.3270	8.2123	0.2751	75.3618	75.6765
1.3275	8.2127	0.2718	76.4088	76.0818
1.3280	8.2129	0.2679	76.8018	76.3774
1.3285	8.2137	0.2603	76.5852	76.2733
1.3290	8.2148	0.2461	76.8412	76.2055
1.3295	8.2154	0.2366	77.4323	75.9645
1.3300	8.2148	0.2429	77.7489	76.2869
1.3305	8.2145	0.2481	76.3240	76.0425
1.3310	8.2142	0.2477	75.7453	75.9047
1.3315	8.2149	0.2454	76.9163	76.2607
1.3320	8.2149	0.2452	77.5011	76.1590
1.3325	8.2168	0.2266	77.6201	76.4135
1.3330	8.2160	0.2328	77.6336	76.3261
1.3335	8.2152	0.2428	78.0927	75.8397
1.3340	8.2139	0.2513	78.2179	75.8567
1.3345	8.2132	0.2670	77.4952	75.7489
1.3350	8.2136	0.2539	76.7654	75.9575
1.3355	8.2139	0.2543	75.7682	76.3541
1.3360	8.2154	0.2466	75.0789	76.0962
1.3365	8.2159	0.2325	73.2504	76.4361
1.3370	8.2165	0.2314	73.2340	76.5144
1.3375	8.2177	0.2192	74.1591	76.2084
1.3380	8.2165	0.2259	74.9360	76.1579
1.3385	8.2167	0.2270	75.3757	76.0928
1.3390	8.2166	0.2235	75.5052	76.3431
1.3395	8.2174	0.2179	76.2009	76.6975
1.3400	8.2178	0.2162	76.8586	76.5299
1.3405	8.2171	0.2237	77.0904	76.5490
1.3410	8.2166	0.2254	76.8692	76.4755
1.3415	8.2155	0.2425	77.3176	76.0722
1.3420	8.2135	0.2544	77.0581	76.1832
1.3425	8.2139	0.2667	75.8751	76.2352
1.3430	8.2131	0.2605	76.2122	76.3420
1.3435	8.2145	0.2527	76.6972	76.1364
1.3440	8.2163	0.2302	77.6240	75.8950
1.3445	8.2164	0.2272	77.9883	76.1469
1.3450	8.2155	0.2349	77.9058	75.8729
1.3455	8.2151	0.2481	77.7395	75.5451
1.3460	8.2152	0.2410	77.8693	75.8230
1.3465	8.2160	0.2337	77.5059	76.1120
1.3470	8.2163	0.2337	76.6995	76.3431
1.3475	8.2165	0.2272	75.5159	76.1380
1.3480	8.2161	0.2239	74.6878	75.9727
1.3485	8.2158	0.2328	73.6990	76.4848
1.3490	8.2151	0.2470	73.7074	76.4033
1.3495	8.2142	0.2535	74.1287	76.2004
1.3500	8.2142	0.2490	74.7985	76.2305
1.3505	8.2150	0.2428	75.5854	76.2610
1.3510	8.2152	0.2432	76.0171	76.3699
1.3515	8.2160	0.2319	76.1653	76.0235
1.3520	8.2162	0.2339	76.6359	75.9879
1.3525	8.2168	0.2232	77.0188	76.1438
1.3530	8.2176	0.2139	77.5124	76.1772
1.3535	8.2182	0.2104	76.5153	76.2953
1.3540	8.2172	0.2207	75.0197	76.2078
1.3545	8.2175	0.2187	76.1317	75.9800
1.3550	8.2183	0.2069	76.6682	76.1423
1.3555	8.2174	0.2217	77.0061	76.1043
1.3560	8.2159	0.2354	77.2942	75.9514
1.3565	8.2144	0.2526	77.9870	76.0688
1.3570	8.2136	0.2619	78.1799	76.0510
1.3575	8.2143	0.2538	77.7951	76.4601
1.3580	8.2139	0.2574	77.4008	76.4939
1.3585	8.2146	0.2496	77.1121	76.2548
1.3590	8.2150	0.2418	76.6746	76.4385
1.3595	8.2158	0.2326	74.9879	76.3165
1.3600	8.2156	0.2344	73.8675	76.1910
1.3605	8.2154	0.2359	73.8189	76.4839
1.3610	8.2157	0.2386	74.2466	76.2667
1.3615	8.2156	0.2357	74.8242	76.3102
1.3620	8.2153	0.2413	74.8696	76.2124
1.3625	8.2151	0.2412	75.7890	76.4115
1.3630	8.2142	0.2472	76.5954	76.7428
1.3635	8.2126	0.2703	76.9785	76.3062
1.3640	8.2113	0.2815	76.6021	75.9123
1.3645	8.2103	0.2958	77.2677	75.6572
1.3650	8.2106	0.2879	77.1695	75.7940
1.3655	8.2121	0.2800	76.6964	76.0563
1.3660	8.2127	0.2678	76.5737	75.7967
1.3665	8.2143	0.2523	75.8641	75.9608
1.3670	8.2147	0.2489	76.9897	76.4238
1.3675	8.2154	0.2465	77.4986	76.0215
1.3680	8.2152	0.2377	77.4969	75.7407
1.3685	8.2157	0.2434	77.5370	75.7266
1.3690	8.2157	0.2397	78.0023	75.8218
1.3695	8.2153	0.2416	77.9782	76.5702
1.3700	8.2162	0.2358	77.2494	76.5033
1.3705	8.2159	0.2346	76.3135	76.6631
1.3710	8.2150	0.2470	75.9723	76.6308
1.3715	8.2132	0.2534	73.9268	76.2021
1.3720	8.2127	0.2602	73.0988	76.0572
1.3725	8.2135	0.2558	73.5622	75.8914
1.3730	8.2130	0.2609	74.3073	75.7397
1.3735	8.2145	0.2504	75.1770	76.0370
1.3740	8.2151	0.2473	75.4143	76.3160
1.3745	8.2143	0.2528	75.7611	76.4543
1.3750	8.2139	0.2591	76.3957	76.2068
1.3755	8.2142	0.2542	77.1887	75.8718
1.3760	8.2154	0.2430	77.1283	75.9367
1.3765	8.2163	0.2254	77.2826	75.9217
1.3770	8.2169	0.2255	76.7218	75.8092
1.3775	8.2170	0.2194	77.1155	76.1346
1.3780	8.2167	0.2273	76.9789	76.4818
1.3785	8.2161	0.2316	76.0695	76.5005
1.3790	8.2157	0.2365	76.8348	76.3515
1.3795	8.2144	0.2557	77.5864	76.1518
1.3800	8.2149	0.2483	77.9991	76.4702
1.3805	8.2148	0.2401	77.7402	76.3697
1.3810	8.2155	0.2459	77.5408	76.1452
1.3815	8.2168	0.2260	77.6455	76.6001
1.3820	8.2172	0.2230	77.2843	76.4508
1.3825	8.2171	0.2235	76.5389	76.2573
1.3830	8.2160	0.2311	74.8749	76.2120
1.3835	8.2168	0.2297	73.0428	76.1969
1.3840	8.2173	0.2228	73.6961	76.4041
1.3845	8.2175	0.2194	74.0453	76.0486
1.3850	8.2179	0.2121	74.3723	75.7838
1.3855	8.2181	0.2116	74.9222	76.1583
1.3860	8.2164	0.2260	75.8336	76.2429
1.3865	8.2146	0.2430	76.4032	76.0382
1.3870	8.2132	0.2589	76.4965	75.8877
1.3875	8.2132	0.2637	76.7917	76.1109
1.3880	8.2129	0.2641	77.3039	76.3657
1.3885	8.2133	0.2599	77.6959	75.6667
1.3890	8.2155	0.2470	77.1255	75.5838
1.3895	8.2159	0.2259	76.6989	75.8796
1.3900	8.2146	0.2436	76.8470	76.3439
1.3905	8.2140	0.2488	76.7187	76.4443
1.3910	8.2142	0.2565	77.0765	76.3394
1.3915	8.2141	0.2538	77.2104	76.4527
1.3920	8.2143	0.2516	77.7512	76.5485
1.3925	8.2148	0.2481	78.0547	76.0714
1.3930	8.2143	0.2468	77.7837	76.0527
1.3935	8.2144	0.2456	76.9836	76.1135
1.3940	8.2136	0.2581	76.6995	76.1073
1.3945	8.2124	0.2732	76.1740	76.4574
1.3950	8.2125	0.2718	73.3917	76.1967
1.3955	8.2126	0.2639	72.7724	76.1047
1.3960	8.2133	0.2601	73.4475	75.9550
1.3965	8.2144	0.2520	74.3693	75.6517
1.3970	8.2149	0.2514	74.8916	75.9385
1.3975	8.2140	0.2475	75.1133	76.1231
1.3980	8.2143	0.2552	75.6461	76.1178
1.3985	8.2134	0.2644	76.5182	76.5173
1.3990	8.2135	0.2614	77.0105	76.4811
1.3995	8.2147	0.2475	76.9084	76.4040
1.4000	8.2163	0.2360	77.0029	76.2268
1.4005	8.2164	0.2313	77.6408	76.1346
1.4010	8.2146	0.2444	77.6988	76.3592
1.4015	8.2129	0.2611	76.5929	76.5008
1.4020	8.2122	0.2735	76.2858	76.5033
1.4025	8.2133	0.2623	77.0636	76.6715
1.4030	8.2138	0.2527	77.8097	76.2702
1.4035	8.2145	0.2456	77.7228	76.0802
1.4040	8.2154	0.2375	77.4926	76.1356
1.4045	8.2146	0.2476	78.0709	76.0812
1.4050	8.2145	0.2542	78.2130	76.2334
1.4055	8.2146	0.2449	77.5685	75.8263
1.4060	8.2151	0.2440	76.2347	75.7892
1.4065	8.2152	0.2429	75.1793	76.2679
1.4070	8.2153	0.2446	74.0351	75.8504
1.4075	8.2165	0.2310	73.2650	75.8369
1.4080	8.2168	0.2264	73.6796	75.8417
1.4085	8.2159	0.2387	74.1146	76.1253
1.4090	8.2142	0.2456	75.2014	76.1056
1.4095	8.2129	0.2637	75.6642	75.6233
1.4100	8.2130	0.2661	75.8360	75.8846
1.4105	8.2131	0.2684	76.2025	76.3745
1.4110	8.2145	0.2520	76.9201	76.3054
1.4115	8.2159	0.2354	77.3389	76.2638
1.4120	8.2167	0.2266	77.1037	76.0167
1.4125	8.2167	0.2234	77.2360	76.1825
1.4130	8.2163	0.2313	76.9383	76.1588
1.4135	8.2155	0.2369	76.2024	75.7874
1.4140	8.2159	0.2292	76.5686	76.1953
1.4145	8.2165	0.2398	76.8593	76.1651
1.4150	8.2169	0.2266	77.6044	76.3015
1.4155	8.2181	0.2212	78.2223	76.4463
1.4160	8.2155	0.2295	77.9543	75.9556
1.4165	8.2145	0.2477	77.6536	75.8710
1.4170	8.2131	0.2615	77.6039	75.8003
1.4175	8.2138	0.2626	77.6637	75.8153
1.4180	8.2137	0.2554	76.1427	76.3093
1.4185	8.2145	0.2456	74.7058	76.1843
1.4190	8.2154	0.2388	73.4382	76.2495
1.4195	8.2163	0.2363	73.6216	76.5453
1.4200	8.2176	0.2172	74.3977	76.2200
1.4205	8.2165	0.2212	74.1472	76.1712
1.4210	8.2164	0.2290	74.9248	76.1001
1.4215	8.2165	0.2284	75.9140	76.2454
1.4220	8.2164	0.2307	76.5350	76.6199
1.4225	8.2172	0.2228	76.2285	76.6121
1.4230	8.2175	0.2240	76.4850	76.4733
1.4235	8.2167	0.2280	77.3735	76.5366
1.4240	8.2156	0.2378	77.8233	76.0818
1.4245	8.2138	0.2545	77.0155	76.0964
1.4250	8.2137	0.2602	75.4251	76.2095
1.4255	8.2132	0.2634	76.2870	76.2995
1.4260	8.2135	0.2611	77.2835	76.2033
1.4265	8.2153	0.2439	77.2453	75.9111
1.4270	8.2163	0.2298	77.2025	76.0892
1.4275	8.2158	0.2369	78.0340	76.0580
1.4280	8.2145	0.2455	78.4745	75.5747
1.4285	8.2155	0.2399	77.9299	75.7355
1.4290	8.2154	0.2360	77.0273	76.0246
1.4295	8.2157	0.2317	76.8344	76.2561
1.4300	8.2164	0.2338	76.4890	76.1589
1.4305	8.2166	0.2258	75.0302	75.8666
1.4310	8.2163	0.2343	73.3035	76.3130
1.4315	8.2146	0.2474	73.3753	76.4992
1.4320	8.2139	0.2510	74.6548	76.2236
1.4325	8.2141	0.2581	74.8707	76.2799
1.4330	8.2148	0.2410	74.8150	76.2615
1.4335	8.2151	0.2444	75.4960	76.4094
1.4340	8.2153	0.2435	76.7105	76.1156
1.4345	8.2162	0.2298	76.9240	75.9134
1.4350	8.2172	0.2269	76.4359	76.0432
1.4355	8.2175	0.2204	76.7732	76.0983
1.4360	8.2179	0.2104	77.5310	76.2345
1.4365	8.2176	0.2124	75.7112	76.2464
1.4370	8.2175	0.2155	75.3333	76.0362
1.4375	8.2186	0.2074	75.9407	76.0963
1.4380	8.2176	0.2154	77.2569	76.1996
1.4385	8.2158	0.2299	77.9126	75.9815
1.4390	8.2142	0.2450	77.5346	76.0530
1.4395	8.2137	0.2565	77.4113	76.0047
1.4400	8.2135	0.2585	78.0695	76.3012
1.4405	8.2136	0.2583	78.2982	76.4975
1.4410	8.2130	0.2693	77.0670	76.2555
1.4415	8.2132	0.2626	76.0841	76.3971
1.4420	8.2140	0.2543	75.5065	76.4377
1.4425	8.2142	0.2506	74.7714	76.1695
1.4430	8.2151	0.2458	73.9067	76.4732
1.4435	8.2149	0.2469	73.3329	76.3282
1.4440	8.2156	0.2366	74.5685	76.2569
1.4445	8.2154	0.2405	75.5649	76.2033
1.4450	8.2157	0.2377	75.8297	76.2251
1.4455	8.2151	0.2400	75.6701	76.6575
1.4460	8.2133	0.2571	76.4922	76.4335
1.4465	8.2122	0.2690	77.3730	75.9690
1.4470	8.2107	0.2877	77.6088	75.7723
1.4475	8.2109	0.2903	76.8162	75.7525
1.4480	8.2120	0.2776	76.0611	76.1069
1.4485	8.2124	0.2743	77.2101	75.9100
1.4490	8.2146	0.2508	76.5287	75.8659
1.4495	8.2153	0.2421	76.2980	76.3304
1.4500	8.2157	0.2318	76.7696	76.1464
1.4505	8.2156	0.2354	77.8100	75.6569
1.4510	8.2158	0.2419	78.1791	75.6931
1.4515	8.2151	0.2434	77.6582	75.6434
1.4520	8.2153	0.2455	77.2841	76.4231
1.4525	8.2151	0.2441	77.6163	76.6148
1.4530	8.2156	0.2382	77.2067	76.6446
1.4535	8.2146	0.2490	76.1819	76.7700
1.4540	8.2134	0.2600	73.8262	76.3576
1.4545	8.2121	0.2726	72.9888	76.0679
1.4550	8.2123	0.2723	74.1906	75.9084
1.4555	8.2127	0.2630	74.1737	75.6641
1.4560	8.2130	0.2662	74.2964	75.8417
1.4565	8.2135	0.2638	75.1044	76.1998
1.4570	8.2135	0.2625	76.3946	76.3942
1.4575	8.2132	0.2629	76.5340	76.2982
1.4580	8.2136	0.2646	76.4014	75.9355
1.4585	8.2150	0.2437	76.6866	75.9336
1.4590	8.2149	0.2399	77.9174	76.0119
1.4595	8.2157	0.2337	77.3284	75.8504
1.4600	8.2163	0.2273	76.2106	76.0110
1.4605	8.2163	0.2287	76.6758	76.4066
1.4610	8.2154	0.2399	76.6281	76.4820
1.4615	8.2154	0.2419	77.2809	76.3834
1.4620	8.2133	0.2581	77.0179	76.0845
1.4625	8.2134	0.2644	77.2222	76.3151
1.4630	8.2146	0.2574	78.0801	76.4583
1.4635	8.2147	0.2472	78.3618	76.1617
1.4640	8.2155	0.2396	77.4325	76.5532
1.4645	8.2168	0.2237	76.6709	76.5873
1.4650	8.2181	0.2136	76.7896	76.2750
1.4655	8.2166	0.2267	76.2652	76.2529
1.4660	8.2162	0.2325	73.2826	76.1320
1.4665	8.2170	0.2235	72.6754	76.3610
1.4670	8.2167	0.2257	73.8686	76.1364
1.4675	8.2177	0.2153	74.9805	75.7550
1.4680	8.2182	0.2128	74.9354	76.0098
1.4685	8.2171	0.2180	74.9088	76.2959
1.4690	8.2153	0.2425	76.0098	76.0758
1.4695	8.2136	0.2593	77.1715	75.9836
1.4700	8.2129	0.2605	77.0733	75.9611
1.4705	8.2128	0.2614	76.4532	76.4154
1.4710	8.2132	0.2631	77.1529	75.8651
1.4715	8.2143	0.2492	77.9403	75.5120
1.4720	8.2161	0.2313	77.3247	75.7552
1.4725	8.2163	0.2322	76.4672	76.2047
1.4730	8.2149	0.2439	76.0331	76.4431
1.4735	8.2151	0.2408	77.3832	76.3410
1.4740	8.2153	0.2416	77.8957	76.3696
1.4745	8.2149	0.2409	77.2867	76.5957
1.4750	8.2157	0.2369	77.3427	76.2316
1.4755	8.2163	0.2396	77.9766	76.0529
1.4760	8.2150	0.2493	78.0205	76.1921
1.4765	8.2144	0.2529	76.6818	76.0333
1.4770	8.2127	0.2612	75.8705	76.4014
1.4775	8.2124	0.2742	73.9918	76.2852
1.4780	8.2128	0.2738	73.2647	76.0444
1.4785	8.2127	0.2683	73.4188	76.0022
1.4790	8.2143	0.2535	73.5379	75.6406
1.4795	8.2150	0.2443	74.6395	75.8085
1.4800	8.2146	0.2473	75.5828	76.1175
1.4805	8.2144	0.2495	75.7563	76.0698
1.4810	8.2132	0.2534	75.7600	76.4291
1.4815	8.2135	0.2562	76.6509	76.5748
1.4820	8.2146	0.2465	77.3933	76.4040
1.4825	8.2155	0.2357	77.3674	76.3124
1.4830	8.2163	0.2306	76.9847	76.0663
1.4835	8.2149	0.2469	77.3382	76.2629
1.4840	8.2129	0.2591	77.3342	76.4959
1.4845	8.2121	0.2745	76.7719	76.4983
1.4850	8.2125	0.2773	76.4416	76.6534
1.4855	8.2130	0.2586	77.0295	76.4405
1.4860	8.2141	0.2585	78.0327	76.0807
1.4865	8.2144	0.2517	78.2209	76.1863
1.4870	8.2139	0.2547	77.7759	76.0711
1.4875	8.2125	0.2646	77.5411	76.2402
1.4880	8.2127	0.2652	77.7823	75.9873
1.4885	8.2133	0.2676	77.2792	75.7067
1.4890	8.2127	0.2680	75.5003	76.2070
1.4895	8.2130	0.2649	73.7695	75.9961
1.4900	8.2142	0.2545	73.0498	75.7879
1.4905	8.2149	0.2407	74.1615	75.8391
1.4910	8.2147	0.2423	74.1211	75.8632
1.4915	8.2140	0.2536	74.3969	76.1980
1.4920	8.2129	0.2676	75.2817	75.7265
1.4925	8.2120	0.2737	76.2149	75.7775
1.4930	8.2131	0.2642	76.3938	76.3089
1.4935	8.2136	0.2675	76.2881	76.3326
1.4940	8.2150	0.2491	76.7896	76.2771
1.4945	8.2164	0.2289	77.5357	76.0523
1.4950	8.2163	0.2273	77.6135	76.0592
1.4955	8.2164	0.2320	76.8816	76.2930
1.4960	8.2159	0.2336	75.7457	75.8106
1.4965	8.2161	0.2337	76.5860	76.1361
1.4970	8.2165	0.2287	77.2357	76.3046
1.4975	8.2164	0.2266	77.2436	76.2554
1.4980	8.2181	0.2135	77.6373	76.5019
1.4985	8.2163	0.2313	78.1569	76.0502
1.4990	8.2150	0.2399	78.2869	75.8365
1.4995	8.2138	0.2544	77.5117	75.8531
1.5000	8.2139	0.2555	77.1641	75.7608
1.5005	8.2142	0.2525	76.5992	76.2368
1.5010	8.2142	0.2474	75.5662	76.3496
1.5015	8.2153	0.2410	73.7972	76.1922
1.5020	8.2155	0.2406	72.7778	76.5785
1.5025	8.2160	0.2363	74.1485	76.3071
1.5030	8.2161	0.2298	74.7092	76.1823
1.5035	8.2162	0.2308	74.9216	76.1122
1.5040	8.2162	0.2275	75.0821	76.1688
1.5045	8.2172	0.2237	76.1125	76.5550
1.5050	8.2174	0.2130	76.8205	76.7067
1.5055	8.2173	0.2174	76.7537	76.4750
1.5060	8.2169	0.2188	76.7123	76.6134
1.5065	8.2165	0.2295	77.2603	76.2081
1.5070	8.2149	0.2522	77.8346	76.0628
1.5075	8.2143	0.2537	76.1678	76.1994
1.5080	8.2135	0.2605	75.4882	76.2830
1.5085	8.2135	0.2579	76.5834	76.3186
1.5090	8.2154	0.2438	77.5467	75.9829
1.5095	8.2162	0.2264	77.8124	76.0041
1.5100	8.2160	0.2317	77.5624	76.1485
1.5105	8.2150	0.2394	77.8112	75.6324
1.5110	8.2151	0.2437	78.2045	75.6548
1.5115	8.2154	0.2450	77.8354	75.9609
1.5120	8.2161	0.2405	76.7574	76.2381
1.5125	8.2157	0.2353	76.0983	76.2688
1.5130	8.2164	0.2306	75.3878	75.9298
1.5135	8.2166	0.2264	74.3645	76.1550
1.5140	8.2155	0.2403	73.2762	76.5366
1.5145	8.2141	0.2524	73.7611	76.2326
1.5150	8.2135	0.2605	74.5884	76.2636
1.5155	8.2143	0.2522	75.3929	76.2437
1.5160	8.2152	0.2427	75.5657	76.3931
1.5165	8.2145	0.2487	75.9303	76.2598
1.5170	8.2156	0.2403	76.4591	75.9537
1.5175	8.2156	0.2384	77.1384	76.0787
1.5180	8.2159	0.2369	77.0437	76.1635
1.5185	8.2154	0.2381	77.1453	76.2420
1.5190	8.2153	0.2495	75.6033	76.2829
1.5195	8.2151	0.2458	75.6021	76.0686
1.5200	8.2162	0.2342	76.3793	75.9855
1.5205	8.2161	0.2283	76.5679	76.1487
1.5210	8.2147	0.2402	77.1998	75.9409
1.5215	8.2143	0.2548	77.8836	75.9882
1.5220	8.2131	0.2684	78.1091	75.9839
1.5225	8.2129	0.2666	77.7021	76.1835
1.5230	8.2132	0.2623	77.6001	76.5575
1.5235	8.2131	0.2683	77.5265	76.3579
1.5240	8.2137	0.2635	77.0581	76.3392
1.5245	8.2142	0.2453	75.7463	76.4749
1.5250	8.2140	0.2533	74.1758	76.1694
1.5255	8.2142	0.2562	74.0495	76.3823
1.5260	8.2137	0.2530	74.0265	76.4009
1.5265	8.2141	0.2539	74.3270	76.2166
1.5270	8.2142	0.2540	74.6509	76.2743
1.5275	8.2139	0.2539	75.5290	76.1885
1.5280	8.2140	0.2522	76.4004	76.6143
1.5285	8.2124	0.2688	76.5870	76.6008
1.5290	8.2114	0.2826	76.5693	76.0788
1.5295	8.2104	0.2921	76.9993	75.8366
1.5300	8.2099	0.3002	77.7541	75.6706
1.5305	8.2110	0.2846	76.5915	76.0189
1.5310	8.2114	0.2797	76.5259	75.9835
1.5315	8.2136	0.2612	76.2658	75.7704
1.5320	8.2144	0.2520	76.5708	76.2209
1.5325	8.2146	0.2478	77.3007	76.3052
1.5330	8.2144	0.2509	77.2490	75.7559
1.5335	8.2147	0.2475	77.4489	75.7659
1.5340	8.2152	0.2440	77.9958	75.6282
1.5345	8.2154	0.2439	78.1071	76.2364
1.5350	8.2149	0.2403	77.4804	76.6374
1.5355	8.2159	0.2365	76.6492	76.5615
1.5360	8.2154	0.2405	76.5104	76.7629
1.5365	8.2140	0.2496	75.2674	76.4370
1.5370	8.2132	0.2657	72.9937	76.1221
1.5375	8.2129	0.2664	73.2029	75.9891
1.5380	8.2128	0.2708	74.0012	75.7210
1.5385	8.2133	0.2668	74.9294	75.8042
1.5390	8.2147	0.2487	75.0899	76.1469
1.5395	8.2147	0.2432	75.4232	76.4052
1.5400	8.2149	0.2447	76.2369	76.4064
1.5405	8.2144	0.2471	77.0081	76.0283
1.5410	8.2151	0.2385	76.9548	75.8625
1.5415	8.2162	0.2340	76.9797	75.9979
1.5420	8.2166	0.2275	77.2638	75.8562
1.5425	8.2168	0.2230	76.8375	75.9126
1.5430	8.2166	0.2227	77.2829	76.3230
1.5435	8.2163	0.2311	76.1015	76.5432
1.5440	8.2161	0.2300	76.4487	76.5168
1.5445	8.2149	0.2499	77.5027	76.1996
1.5450	8.2134	0.2576	77.7651	76.2218
1.5455	8.2147	0.2504	77.5612	76.5214
1.5460	8.2142	0.2481	77.6230	76.1819
1.5465	8.2148	0.2475	77.9339	76.3921
1.5470	8.2160	0.2337	77.6539	76.6523
1.5475	8.2170	0.2217	76.5108	76.3122
1.5480	8.2161	0.2326	75.8993	76.2664
1.5485	8.2155	0.2337	74.0633	76.1690
1.5490	8.2160	0.2292	73.3104	76.3143
1.5495	8.2168	0.2234	73.6555	76.2844
1.5500	8.2168	0.2207	73.9059	75.7754
1.5505	8.2178	0.2228	74.8585	75.8777
1.5510	8.2175	0.2194	75.6092	76.2963
1.5515	8.2155	0.2388	75.9608	76.1539
1.5520	8.2136	0.2547	76.1735	76.0198
1.5525	8.2128	0.2717	76.7318	75.8936
1.5530	8.2130	0.2668	77.3017	76.3846
1.5535	8.2130	0.2646	77.4232	76.0598
1.5540	8.2137	0.2649	77.2235	75.4788
1.5545	8.2155	0.2382	76.9233	75.6678
1.5550	8.2150	0.2381	77.1233	76.1038
1.5555	8.2138	0.2562	76.6389	76.4571
1.5560	8.2142	0.2540	76.5303	76.4123
1.5565	8.2141	0.2545	77.2036	76.3243
1.5570	8.2144	0.2521	77.7685	76.5422
1.5575	8.2148	0.2478	78.0075	76.3170
1.5580	8.2151	0.2458	77.5643	75.9261
1.5585	8.2150	0.2446	77.4864	76.1087
1.5590	8.2146	0.2459	77.0548	76.0175
1.5595	8.2129	0.2685	76.8404	76.2853
1.5600	8.2115	0.2736	74.5779	76.4453
1.5605	8.2123	0.2750	72.5503	76.1178
1.5610	8.2127	0.2726	73.3978	76.1178
1.5615	8.2142	0.2511	74.0463	75.7364
1.5620	8.2153	0.2458	74.4579	75.6799
1.5625	8.2144	0.2508	74.7255	76.0573
1.5630	8.2148	0.2440	75.5533	76.0560
1.5635	8.2140	0.2539	76.3011	76.2848
1.5640	8.2138	0.2612	76.6608	76.5907
1.5645	8.2140	0.2547	76.6093	76.4027
1.5650	8.2148	0.2424	77.1002	76.3885
1.5655	8.2160	0.2361	77.6108	76.1363
1.5660	8.2151	0.2446	77.6947	76.2080
1.5665	8.2133	0.2607	76.8416	76.4681
1.5670	8.2120	0.2772	76.4871	76.5563
1.5675	8.2115	0.2765	76.9596	76.5887
1.5680	8.2138	0.2590	77.1991	76.5505
1.5685	8.2136	0.2573	77.3313	76.0399
1.5690	8.2148	0.2473	77.8321	76.1268
1.5695	8.2152	0.2410	78.3184	76.0011
1.5700	8.2138	0.2594	78.1562	76.1606
1.5705	8.2137	0.2626	77.2937	76.1048
1.5710	8.2140	0.2528	76.9706	75.7124
1.5715	8.2150	0.2501	76.2424	76.1346
1.5720	8.2148	0.2454	74.9312	76.1657
1.5725	8.2152	0.2410	72.8870	75.7787
1.5730	8.2162	0.2313	73.2516	75.8170
1.5735	8.2155	0.2377	74.2760	75.6955
1.5740	8.2144	0.2528	74.8898	76.1571
1.5745	8.2124	0.2711	75.0533	75.8263
1.5750	8.2113	0.2837	75.3887	75.6644
1.5755	8.2117	0.2742	76.3228	76.2518
1.5760	8.2128	0.2652	76.9133	76.4169
1.5765	8.2140	0.2573	76.8167	76.3081
1.5770	8.2158	0.2425	76.8618	76.1449
1.5775	8.2162	0.2354	77.3811	75.9279
1.5780	8.2154	0.2431	77.7464	76.2982
1.5785	8.2150	0.2430	76.2299	75.8792
1.5790	8.2154	0.2403	75.8274	75.9813
1.5795	8.2158	0.2339	76.8461	76.3845
1.5800	8.2160	0.2369	77.6383	76.2482
1.5805	8.2173	0.2209	77.9048	76.5037
1.5810	8.2160	0.2313	77.6721	76.2130
1.5815	8.2144	0.2432	77.9467	75.8360
1.5820	8.2132	0.2586	78.1090	75.8924
1.5825	8.2132	0.2674	77.6318	75.7369
1.5830	8.2137	0.2591	76.5378	76.0646
1.5835	8.2141	0.2557	75.3854	76.4217
1.5840	8.2148	0.2450	74.7249	76.1547
1.5845	8.2156	0.2419	73.2662	76.4843
1.5850	8.2165	0.2313	73.6009	76.3962
1.5855	8.2169	0.2269	74.0634	76.1602
1.5860	8.2162	0.2335	74.9502	76.1621
1.5865	8.2163	0.2287	75.6263	76.1228
1.5870	8.2168	0.2277	75.7554	76.4613
1.5875	8.2173	0.2237	76.1105	76.7686
1.5880	8.2176	0.2172	76.7339	76.4436
1.5885	8.2165	0.2273	77.2936	76.5432
1.5890	8.2164	0.2308	77.1877	76.3151
1.5895	8.2148	0.2496	77.2442	76.0142
1.5900	8.2139	0.2558	76.4884	76.1469
1.5905	8.2134	0.2638	76.0130	76.2528
1.5910	8.2135	0.2652	76.6016	76.3644
1.5915	8.2143	0.2512	76.7831	76.1202
1.5920	8.2162	0.2358	77.4658	75.9566
1.5925	8.2163	0.2305	78.0523	76.1970
1.5930	8.2149	0.2420	78.2283	75.7753
1.5935	8.2152	0.2458	77.6824	75.5677
1.5940	8.2153	0.2414	77.5649	75.8632
1.5945	8.2159	0.2347	77.4025	76.1299
1.5950	8.2163	0.2354	76.8319	76.2420
1.5955	8.2168	0.2284	75.3870	76.0439
1.5960	8.2167	0.2348	74.1373	76.0217
1.5965	8.2158	0.2322	73.4836	76.5190
1.5970	8.2145	0.2481	74.1870	76.3666
1.5975	8.2134	0.2576	74.3428	76.2789
1.5980	8.2146	0.2531	74.6983	76.2735
1.5985	8.2152	0.2379	75.4852	76.3429
1.5990	8.2152	0.2428	76.3987	76.3379
1.5995	8.2158	0.2396	76.4443	75.9612
1.6000	8.2158	0.2357	76.5013	75.9354
1.6005	8.2172	0.2254	76.8379	76.0168
1.6010	8.2178	0.2154	77.7835	76.1094
1.6015	8.2176	0.2175	76.3164	76.2852
1.6020	8.2175	0.2195	74.8791	76.1663
1.6025	8.2179	0.2148	75.9929	76.0045
1.6030	8.2180	0.2110	76.9539	76.1886
1.6035	8.2168	0.2267	77.4206	76.0770
1.6040	8.2148	0.2442	77.2884	75.9848
1.6045	8.2131	0.2608	77.6766	76.0316
1.6050	8.2133	0.2620	78.1646	76.0739
1.6055	8.2138	0.2591	78.1254	76.4639
1.6060	8.2133	0.2611	77.2767	76.3697
1.6065	8.2135	0.2638	76.6831	76.2242
1.6070	8.2152	0.2499	76.4638	76.4449
1.6075	8.2152	0.2413	75.0454	76.2345
1.6080	8.2151	0.2451	73.8417	76.2842
1.6085	8.2154	0.2451	73.4621	76.5088
1.6090	8.2155	0.2415	74.3187	76.2759
1.6095	8.2154	0.2358	75.2066	76.3226
1.6100	8.2157	0.2427	75.2082	76.1590
1.6105	8.2151	0.2464	75.6502	76.4561
1.6110	8.2135	0.2546	76.4870	76.6585
1.6115	8.2122	0.2663	77.2086	76.1435
1.6120	8.2112	0.2830	76.9222	75.8198
1.6125	8.2095	0.2944	77.1847	75.6584
1.6130	8.2113	0.2847	76.7226	75.9016
1.6135	8.2113	0.2809	76.9210	76.0885
1.6140	8.2128	0.2720	76.7150	75.8156
1.6145	8.2140	0.2530	75.9070	76.1274
1.6150	8.2150	0.2481	76.8937	76.4261
1.6155	8.2153	0.2441	77.5846	75.8573
1.6160	8.2152	0.2453	77.7469	75.7182
1.6165	8.2150	0.2457	77.5894	75.5822
1.6170	8.2148	0.2428	77.7727	75.9262
1.6175	8.2151	0.2411	77.8831	76.5936
1.6180	8.2157	0.2386	77.2929	76.5070
1.6185	8.2157	0.2444	76.3367	76.7576
1.6190	8.2140	0.2534	75.4656	76.5690
1.6195	8.2133	0.2688	73.4951	76.1973
1.6200	8.2121	0.2759	73.4232	76.0510
1.6205	8.2134	0.2673	73.7655	75.8162
1.6210	8.2132	0.2637	74.2996	75.7042
1.6215	8.2144	0.2558	75.1348	76.0449
1.6220	8.2144	0.2438	75.7368	76.2981
1.6225	8.2142	0.2471	76.0713	76.4104
1.6230	8.2140	0.2576	76.3868	76.1051
1.6235	8.2145	0.2472	76.9521	75.8294
1.6240	8.2157	0.2396	77.2894	75.9803
1.6245	8.2160	0.2362	77.5445	75.9380
1.6250	8.2170	0.2263	76.4522	75.8484
1.6255	8.2171	0.2264	76.9429	76.2178
1.6260	8.2164	0.2303	76.7145	76.5325
1.6265	8.2158	0.2360	76.4584	76.5706
1.6270	8.2153	0.2398	77.0159	76.2734
1.6275	8.2134	0.2555	77.4473	76.0820
1.6280	8.2140	0.2519	77.9045	76.4490
1.6285	8.2149	0.2467	77.9426	76.2105
1.6290	8.2156	0.2431	77.6665	76.2475
1.6295	8.2169	0.2318	77.4359	76.6538
1.6300	8.2181	0.2118	76.9547	76.4226
1.6305	8.2176	0.2118	76.5362	76.2822
1.6310	8.2166	0.2249	74.5044	76.2181
1.6315	8.2167	0.2245	72.8678	76.2522
1.6320	8.2171	0.2216	73.6507	76.3906
1.6325	8.2170	0.2187	74.2331	75.9040
1.6330	8.2178	0.2175	74.6728	75.7615
1.6335	8.2176	0.2175	74.9473	76.1958
1.6340	8.2158	0.2316	75.8530	76.1803
1.6345	8.2143	0.2475	76.5519	76.0336
1.6350	8.2127	0.2646	76.6793	75.8923
1.6355	8.2127	0.2691	76.7310	76.2528
1.6360	8.2131	0.2711	77.2010	76.2986
1.6365	8.2136	0.2601	77.8225	75.5793
1.6370	8.2155	0.2393	77.2037	75.6044
1.6375	8.2167	0.2282	76.6363	75.9448
1.6380	8.2160	0.2334	76.5196	76.3641
1.6385	8.2147	0.2465	76.7798	76.3919
1.6390	8.2149	0.2413	77.4244	76.2948
1.6395	8.2151	0.2443	77.2789	76.4829
1.6400	8.2152	0.2475	77.6065	76.4985
1.6405	8.2159	0.2357	77.9552	76.0522
1.6410	8.2149	0.2390	77.9025	76.1547
1.6415	8.2146	0.2493	76.9764	76.1051
1.6420	8.2142	0.2556	76.6193	76.1546
1.6425	8.2123	0.2723	75.3960	76.4433
1.6430	8.2118	0.2732	73.0370	76.0936
1.6435	8.2123	0.2665	73.1582	76.0445
1.6440	8.2133	0.2618	73.5998	75.7925
1.6445	8.2145	0.2466	74.3717	75.6133
1.6450	8.2145	0.2471	74.8869	76.0040
1.6455	8.2139	0.2538	75.3891	76.1466
1.6460	8.2144	0.2567	75.8395	76.2170
1.6465	8.2130	0.2608	76.5235	76.6388
1.6470	8.2141	0.2547	76.9341	76.4737
1.6475	8.2154	0.2372	77.1029	76.4018
1.6480	8.2163	0.2378	77.1538	76.1372
1.6485	8.2152	0.2417	77.5569	76.1027
1.6490	8.2142	0.2570	77.4458	76.3480
1.6495	8.2127	0.2724	76.6780	76.4871
1.6500	8.2119	0.2805	76.4715	76.5349
1.6505	8.2127	0.2706	76.9588	76.6808
1.6510	8.2137	0.2572	77.6565	76.2025
1.6515	8.2141	0.2536	77.9360	76.1618
1.6520	8.2138	0.2549	77.7861	76.1247
1.6525	8.2137	0.2659	78.0111	76.1391
1.6530	8.2127	0.2714	77.8225	76.1789
1.6535	8.2134	0.2608	77.4525	75.7187
1.6540	8.2135	0.2651	76.1834	75.8577
1.6545	8.2130	0.2615	74.9395	76.2269
1.6550	8.2137	0.2626	73.4848	75.7666
1.6555	8.2149	0.2458	73.3581	75.8852
1.6560	8.2152	0.2424	73.9536	75.7756
1.6565	8.2141	0.2540	74.3147	76.1315
1.6570	8.2130	0.2644	75.1106	76.0461
1.6575	8.2114	0.2838	75.6134	75.6139
1.6580	8.2122	0.2750	76.0413	76.0486
1.6585	8.2128	0.2730	76.3911	76.3844
1.6590	8.2130	0.2629	76.8517	76.2546
1.6595	8.2150	0.2459	77.2512	76.2068
1.6600	8.2163	0.2306	77.2465	75.9370
1.6605	8.2159	0.2359	77.3400	76.2505
1.6610	8.2161	0.2369	76.4377	76.0689
1.6615	8.2150	0.2439	76.0348	75.8625
1.6620	8.2162	0.2355	76.8280	76.3399
1.6625	8.2159	0.2353	77.2053	76.2264
1.6630	8.2175	0.2202	77.6193	76.4058
1.6635	8.2175	0.2166	77.9092	76.3596
1.6640	8.2157	0.2388	78.0430	75.8444
1.6645	8.2142	0.2514	77.9447	75.8614
1.6650	8.2136	0.2593	77.4931	75.7681
1.6655	8.2135	0.2554	77.1217	75.8989
1.6660	8.2146	0.2560	75.8625	76.4200
1.6665	8.2145	0.2478	74.8460	76.2223
1.6670	8.2157	0.2349	73.2391	76.4139
1.6675	8.2154	0.2399	73.4978	76.5499
1.6680	8.2170	0.2252	74.3012	76.2244
1.6685	8.2170	0.2256	74.5817	76.1811
1.6690	8.2165	0.2292	75.1330	76.0836
1.6695	8.2172	0.2237	75.7132	76.3103
1.6700	8.2174	0.2203	76.4748	76.6499
1.6705	8.2180	0.2178	76.6151	76.5315
1.6710	8.2171	0.2216	76.7652	76.5078
1.6715	8.2166	0.2264	77.0326	76.4961
1.6720	8.2152	0.2413	77.6340	76.0541
1.6725	8.2138	0.2576	76.9980	76.1941
1.6730	8.2135	0.2566	75.5725	76.2607
1.6735	8.2132	0.2622	76.2594	76.3340
1.6740	8.2140	0.2522	77.0578	76.1578
1.6745	8.2159	0.2427	77.5700	75.8907
1.6750	8.2158	0.2298	77.5744	76.1226
1.6755	8.2148	0.2427	77.8598	75.9187
1.6760	8.2150	0.2470	78.1119	75.5405
1.6765	8.2151	0.2440	77.9852	75.7961
1.6770	8.2153	0.2425	77.2282	76.0590
1.6775	8.2161	0.2350	76.6406	76.2948
1.6780	8.2167	0.2322	75.8824	76.0506
1.6785	8.2164	0.2310	74.8435	75.9068
1.6790	8.2155	0.2354	73.3999	76.4742
1.6795	8.2148	0.2467	73.4793	76.4333
1.6800	8.2135	0.2602	74.3483	76.2175
1.6805	8.2131	0.2648	74.9560	76.2450
1.6810	8.2147	0.2541	75.3391	76.2388
1.6815	8.2141	0.2551	75.7224	76.3197
1.6820	8.2149	0.2483	76.2975	75.9944
1.6825	8.2160	0.2302	76.8653	75.9613
1.6830	8.2172	0.2235	76.8695	76.1725
1.6835	8.2178	0.2157	77.1805	76.1879
1.6840	8.2181	0.2137	76.7109	76.2983
1.6845	8.2172	0.2222	75.2672	76.2027
1.6850	8.2179	0.2154	76.0074	75.9803
1.6855	8.2186	0.2079	76.3426	76.0642
1.6860	8.2172	0.2186	76.9797	76.0794
1.6865	8.2154	0.2389	77.5464	75.9259
1.6870	8.2138	0.2548	77.9397	76.0592
1.6875	8.2134	0.2599	77.8741	76.0307
1.6880	8.2137	0.2582	77.7504	76.4225
1.6885	8.2134	0.2598	77.7204	76.5007
1.6890	8.2132	0.2638	77.2331	76.2842
1.6895	8.2142	0.2583	76.4591	76.5030
1.6900	8.2148	0.2478	74.9509	76.3846
1.6905	8.2148	0.2464	74.0631	76.1996
1.6910	8.2147	0.2449	73.9893	76.4891
1.6915	8.2147	0.2454	74.0562	76.2752
1.6920	8.2155	0.2416	74.5763	76.2666
1.6925	8.2157	0.2384	75.0271	76.1729
1.6930	8.2162	0.2368	75.9734	76.3183
1.6935	8.2146	0.2458	76.3318	76.7104
1.6940	8.2131	0.2652	76.6594	76.3434
1.6945	8.2120	0.2782	76.7421	75.9570
1.6950	8.2102	0.2927	77.5550	75.7220
1.6955	8.2114	0.2858	77.1767	75.7947
1.6960	8.2114	0.2797	76.3049	76.1253
1.6965	8.2124	0.2793	76.5832	75.8501
1.6970	8.2138	0.2481	76.2526	75.9344
1.6975	8.2153	0.2458	76.9561	76.3434
1.6980	8.2160	0.2361	77.0861	76.0083
1.6985	8.2155	0.2371	77.3665	75.6879
1.6990	8.2156	0.2363	77.8675	75.6345
1.6995	8.2159	0.2427	78.1650	75.7484
1.7000	8.2155	0.2393	77.6726	76.5613
1.7005	8.2154	0.2363	77.0576	76.5589
1.7010	8.2160	0.2357	76.5906	76.7107
1.7015	8.2150	0.2478	76.3054	76.7339
1.7020	8.2140	0.2562	73.8537	76.2878
1.7025	8.2134	0.2638	72.8378	76.0752
1.7030	8.2132	0.2618	73.7203	75.8802
1.7035	8.2136	0.2630	74.4867	75.6690
1.7040	8.2153	0.2453	74.9741	75.9519
1.7045	8.2155	0.2372	75.0992	76.2540
1.7050	8.2154	0.2441	75.8946	76.4044
1.7055	8.2145	0.2478	76.6525	76.2159
1.7060	8.2152	0.2423	76.9991	75.9094
1.7065	8.2160	0.2356	76.7940	75.9854
1.7070	8.2164	0.2331	77.4163	76.0073
1.7075	8.2172	0.2228	77.1832	75.8622
1.7080	8.2172	0.2216	76.9291	76.1590
1.7085	8.2169	0.2288	76.5926	76.4711
1.7090	8.2161	0.2343	76.0522	76.5015
1.7095	8.2159	0.2394	77.1652	76.3474
1.7100	8.2138	0.2551	77.6421	76.0698
1.7105	8.2140	0.2577	77.5926	76.3828
1.7110	8.2145	0.2471	77.6124	76.3886
1.7115	8.2148	0.2477	77.9109	76.1321
1.7120	8.2158	0.2360	77.8325	76.6142
1.7125	8.2170	0.2248	76.9640	76.5291
1.7130	8.2176	0.2168	76.3030	76.2892
1.7135	8.2168	0.2292	75.3451	76.2543
1.7140	8.2163	0.2320	73.3570	76.1681
1.7145	8.2167	0.2268	73.3882	76.3760
1.7150	8.2166	0.2263	73.7376	76.0281
1.7155	8.2173	0.2247	74.5134	75.7311
1.7160	8.2173	0.2227	75.1944	76.0786
1.7165	8.2168	0.2284	75.6720	76.2683
1.7170	8.2148	0.2482	76.0026	76.0739
1.7175	8.2130	0.2646	76.5488	75.9246
1.7180	8.2129	0.2656	77.1365	76.0962
1.7185	8.2130	0.2617	77.2274	76.4133
1.7190	8.2136	0.2593	77.3421	75.6913
1.7195	8.2149	0.2526	77.1702	75.5383
1.7200	8.2157	0.2360	76.9733	75.8241
1.7205	8.2151	0.2405	76.9251	76.2986
1.7210	8.2145	0.2497	76.4353	76.4288
1.7215	8.2144	0.2504	76.9985	76.3552
1.7220	8.2143	0.2493	77.4869	76.4234
1.7225	8.2147	0.2480	77.8188	76.5650
1.7230	8.2159	0.2386	77.7866	76.1157
1.7235	8.2154	0.2396	77.6321	76.0755
1.7240	8.2149	0.2414	77.3227	76.1367
1.7245	8.2141	0.2522	76.8851	76.0677
1.7250	8.2124	0.2676	76.0942	76.4128
1.7255	8.2123	0.2663	73.3356	76.2284
1.7260	8.2129	0.2706	72.8823	76.0907
1.7265	8.2136	0.2670	73.6672	75.9621
1.7270	8.2147	0.2503	74.1798	75.6655
1.7275	8.2155	0.2383	74.5900	75.9003
1.7280	8.2152	0.2422	75.1458	76.1071
1.7285	8.2148	0.2475	75.9136	76.0715
1.7290	8.2141	0.2559	76.4630	76.4899
1.7295	8.2141	0.2562	76.6791	76.4804
1.7300	8.2144	0.2524	76.8824	76.3946
1.7305	8.2157	0.2403	77.3089	76.2635
1.7310	8.2151	0.2381	77.5816	76.1409
1.7315	8.2138	0.2562	77.4116	76.3852
1.7320	8.2128	0.2707	76.6512	76.5385
1.7325	8.2117	0.2803	76.6061	76.5367
1.7330	8.2126	0.2688	77.0642	76.6626
1.7335	8.2141	0.2561	77.3461	76.2910
1.7340	8.2144	0.2555	77.6599	76.0403
1.7345	8.2152	0.2452	77.9816	76.0996
1.7350	8.2150	0.2532	78.1543	76.0409
1.7355	8.2139	0.2561	77.7538	76.2460
1.7360	8.2145	0.2560	77.3722	75.8739
1.7365	8.2151	0.2464	76.7490	75.7496
1.7370	8.2154	0.2445	75.6344	76.2895
1.7375	8.2149	0.2403	73.7407	75.8897
1.7380	8.2161	0.2342	72.7924	75.8415
1.7385	8.2168	0.2306	73.9203	75.8220
1.7390	8.2152	0.2424	74.5059	75.9690
1.7395	8.2137	0.2543	74.9877	76.1328
1.7400	8.2118	0.2743	75.1701	75.6225
1.7405	8.2116	0.2810	75.8501	75.8288
1.7410	8.2122	0.2757	76.6228	76.3263
1.7415	8.2125	0.2688	76.8848	76.3054
1.7420	8.2141	0.2553	76.8420	76.2722
1.7425	8.2159	0.2282	77.0578	76.0202
1.7430	8.2158	0.2347	77.6474	76.1590
1.7435	8.2150	0.2449	77.1072	76.1792
1.7440	8.2147	0.2458	75.7808	75.7631
1.7445	8.2153	0.2433	76.3794	76.1239
1.7450	8.2152	0.2446	77.1916	76.2251
1.7455	8.2162	0.2322	77.7536	76.2814
1.7460	8.2166	0.2274	77.8198	76.4474
1.7465	8.2156	0.2422	77.7581	75.9676
1.7470	8.2145	0.2514	78.1019	75.8588
1.7475	8.2130	0.2632	77.8679	75.8364
1.7480	8.2134	0.2634	77.3078	75.8069
1.7485	8.2140	0.2537	75.9700	76.3288
1.7490	8.2145	0.2482	75.0905	76.2823
1.7495	8.2156	0.2378	73.8207	76.2237
1.7500	8.2163	0.2310	73.2754	76.5553
1.7505	8.2175	0.2186	73.9492	76.2227
1.7510	8.2170	0.2208	74.4093	76.1785
1.7515	8.2167	0.2292	75.2954	76.0904
1.7520	8.2169	0.2219	75.6400	76.2322
1.7525	8.2167	0.2270	76.0062	76.6236
1.7530	8.2179	0.2177	76.3739	76.6347
1.7535	8.2172	0.2210	76.9794	76.4501
1.7540	8.2169	0.2226	77.2059	76.5635
1.7545	8.2159	0.2351	77.2558	76.1110
1.7550	8.2138	0.2520	77.1874	76.0699
1.7555	8.2138	0.2585	75.9353	76.1228
1.7560	8.2134	0.2633	76.2463	76.2500
1.7565	8.2141	0.2591	76.7416	76.2278
1.7570	8.2154	0.2408	77.0974	75.9464
1.7575	8.2165	0.2309	77.6895	76.0944
1.7580	8.2159	0.2360	78.1069	76.0942
1.7585	8.2152	0.2445	78.1075	75.5881
1.7590	8.2154	0.2413	77.7521	75.7064
1.7595	8.2153	0.2389	77.3790	75.9928
1.7600	8.2161	0.2351	77.1190	76.2426
1.7605	8.2155	0.2363	76.2355	76.1395
1.7610	8.2161	0.2314	74.8398	75.8534
1.7615	8.2162	0.2345	73.6063	76.2781
1.7620	8.2151	0.2421	73.5960	76.5081
1.7625	8.2140	0.2531	74.4593	76.2367
1.7630	8.2139	0.2550	74.5156	76.2862
1.7635	8.2151	0.2414	74.9582	76.2622
1.7640	8.2154	0.2395	75.8103	76.3948
1.7645	8.2154	0.2369	76.5394	76.1834
1.7650	8.2161	0.2325	76.5388	75.9092
1.7655	8.2173	0.2214	76.5723	76.0241
1.7660	8.2178	0.2148	77.1712	76.0387
1.7665	8.2184	0.2095	77.5608	76.1962
1.7670	8.2176	0.2170	75.3720	76.2521
1.7675	8.2181	0.2171	75.2952	76.0078
1.7680	8.2190	0.2116	76.3129	76.0449
1.7685	8.2181	0.2139	77.2585	76.1923
1.7690	8.2161	0.2269	77.4905	75.9893
1.7695	8.2147	0.2460	77.4466	76.0608
1.7700	8.2134	0.2532	77.8602	76.0398
1.7705	8.2140	0.2588	78.2064	76.2966
1.7710	8.2140	0.2548	77.9138	76.5363
1.7715	8.2138	0.2531	76.9708	76.2604
1.7720	8.2144	0.2472	76.5156	76.3456
1.7725	8.2156	0.2395	75.8368	76.4055
1.7730	8.2158	0.2391	74.4687	76.1237
1.7735	8.2154	0.2391	73.6882	76.4196
1.7740	8.2150	0.2430	73.6303	76.3483
1.7745	8.2160	0.2408	74.7704	76.2543
1.7750	8.2160	0.2390	75.2590	76.2592
1.7755	8.2161	0.2346	75.4833	76.2484
1.7760	8.2156	0.2381	75.8636	76.6775
1.7765	8.2140	0.2573	76.8548	76.4984
1.7770	8.2119	0.2697	77.2559	75.9851
1.7775	8.2104	0.2879	77.1397	75.7485
1.7780	8.2106	0.2969	76.9884	75.6754
1.7785	8.2116	0.2842	76.4563	76.0506
1.7790	8.2123	0.2787	77.1620	75.9027
1.7795	8.2136	0.2573	76.2476	75.8277
1.7800	8.2147	0.2496	76.1681	76.2993
1.7805	8.2153	0.2399	77.1568	76.2002
1.7810	8.2157	0.2374	77.8785	75.7199
1.7815	8.2151	0.2414	77.8340	75.7331
1.7820	8.2155	0.2452	77.5947	75.6059
1.7825	8.2153	0.2457	77.6186	76.3513
1.7830	8.2154	0.2390	77.7957	76.5877
1.7835	8.2157	0.2375	76.9562	76.5707
1.7840	8.2146	0.2502	76.0717	76.7525
1.7845	8.2133	0.2607	74.3098	76.3549
1.7850	8.2122	0.2758	73.1786	76.1043
1.7855	8.2128	0.2741	73.8395	75.9399
1.7860	8.2137	0.2626	73.9401	75.7049
1.7865	8.2141	0.2555	74.5278	75.8708
1.7870	8.2153	0.2445	75.3107	76.1857
1.7875	8.2150	0.2410	76.1159	76.3827
1.7880	8.2145	0.2487	76.2351	76.2845
1.7885	8.2148	0.2487	76.5432	75.9385
1.7890	8.2158	0.2399	76.9961	75.8957
1.7895	8.2159	0.2307	77.6861	75.9865
1.7900	8.2164	0.2262	77.1768	75.8512
1.7905	8.2171	0.2281	76.4397	76.0264
1.7910	8.2169	0.2248	77.0329	76.4018
1.7915	8.2161	0.2290	76.5138	76.5178
1.7920	8.2156	0.2367	76.8757	76.4309
1.7925	8.2147	0.2491	77.0552	76.1008
1.7930	8.2137	0.2566	77.5785	76.2759
1.7935	8.2153	0.2448	78.0308	76.4379
1.7940	8.2149	0.2475	78.0095	76.1393
1.7945	8.2163	0.2344	77.4972	76.4959
1.7950	8.2170	0.2140	77.0406	76.5934
1.7955	8.2184	0.2103	76.8225	76.2867
1.7960	8.2173	0.2216	76.1124	76.2919
1.7965	8.2163	0.2329	73.3429	76.1414
1.7970	8.2171	0.2268	72.9542	76.3456
1.7975	8.2166	0.2264	73.9588	76.1826
1.7980	8.2175	0.2186	74.6155	75.7646
1.7985	8.2182	0.2136	74.7997	75.9784
1.7990	8.2171	0.2176	75.1352	76.2766
1.7995	8.2151	0.2409	76.1806	76.0528
1.8000	8.2133	0.2585	76.8442	75.9544
1.8005	8.2128	0.2692	76.7956	75.9669
1.8010	8.2130	0.2720	76.8043	76.4427
1.8015	8.2132	0.2655	77.4037	75.9324
1.8020	8.2140	0.2553	77.6700	75.5220
1.8025	8.2158	0.2353	76.9367	75.7473
1.8030	8.2159	0.2313	76.6086	76.1710
1.8035	8.2150	0.2458	76.5028	76.4238
1.8040	8.2150	0.2458	77.1627	76.3294
1.8045	8.2152	0.2502	77.4099	76.3409
1.8050	8.2143	0.2496	77.3406	76.5595
1.8055	8.2149	0.2461	77.7738	76.2496
1.8060	8.2149	0.2428	78.0189	76.0283
1.8065	8.2148	0.2481	77.5720	76.1906
1.8070	8.2143	0.2506	76.5718	76.0507
1.8075	8.2126	0.2632	76.4005	76.3573
1.8080	8.2123	0.2763	74.3312	76.3279
1.8085	8.2122	0.2745	72.9322	76.0543
1.8090	8.2121	0.2775	73.2289	76.0106
1.8095	8.2131	0.2665	73.7279	75.6392
1.8100	8.2136	0.2564	74.8001	75.7623
1.8105	8.2147	0.2567	75.2730	76.1110
1.8110	8.2145	0.2518	75.5372	76.0712
1.8115	8.2144	0.2508	76.0116	76.3728
1.8120	8.2135	0.2612	76.7961	76.5670
1.8125	8.2138	0.2552	77.1263	76.4087
1.8130	8.2147	0.2484	77.1278	76.3424
1.8135	8.2154	0.2355	77.1544	76.0999
1.8140	8.2142	0.2548	77.6655	76.2841
1.8145	8.2131	0.2668	77.1999	76.4835
1.8150	8.2114	0.2809	76.4899	76.4777
1.8155	8.2112	0.2849	76.5594	76.6305
1.8160	8.2129	0.2676	77.2849	76.4416
1.8165	8.2127	0.2723	77.9147	76.0558
1.8170	8.2130	0.2626	77.8563	76.1723
1.8175	8.2136	0.2557	77.7797	76.0519
1.8180	8.2141	0.2614	77.9825	76.2304
1.8185	8.2142	0.2567	77.7916	76.0000
1.8190	8.2146	0.2496	76.9904	75.6278
1.8195	8.2143	0.2528	75.5239	76.1535
1.8200	8.2145	0.2509	74.2419	76.0243
1.8205	8.2153	0.2474	73.1659	75.7615
1.8210	8.2159	0.2340	73.7487	75.8578
1.8215	8.2150	0.2449	73.9689	75.8825
1.8220	8.2135	0.2582	74.6872	76.2416
1.8225	8.2123	0.2741	75.4621	75.7867
1.8230	8.2115	0.2861	75.9373	75.7381
1.8235	8.2121	0.2746	76.1153	76.2767
1.8240	8.2125	0.2723	76.4654	76.3461
1.8245	8.2141	0.2601	77.0860	76.2426
1.8250	8.2155	0.2451	77.4050	76.0755
1.8255	8.2146	0.2451	77.2970	76.0087
1.8260	8.2148	0.2464	77.0284	76.2859
1.8265	8.2141	0.2572	76.1054	75.8612
1.8270	8.2145	0.2565	76.5491	76.0550
1.8275	8.2150	0.2453	76.9144	76.2755
1.8280	8.2148	0.2428	77.1324	76.2099
1.8285	8.2166	0.2276	77.8731	76.4871
1.8290	8.2153	0.2431	78.2921	76.0993
1.8295	8.2146	0.2546	78.0650	75.7715
1.8300	8.2132	0.2657	77.4150	75.8291
1.8305	8.2128	0.2655	77.3600	75.7141
1.8310	8.2134	0.2582	76.8086	76.1806
1.8315	8.2141	0.2561	75.4651	76.4107
1.8320	8.2149	0.2482	73.8527	76.2002
1.8325	8.2149	0.2446	72.9276	76.5909
1.8330	8.2158	0.2387	74.2253	76.3702
1.8335	8.2161	0.2252	74.5119	76.2128
1.8340	8.2159	0.2403	74.7340	76.1456
1.8345	8.2160	0.2360	75.2458	76.1518
1.8350	8.2163	0.2301	76.1927	76.4876
1.8355	8.2172	0.2219	76.6432	76.6688
1.8360	8.2171	0.2272	76.5112	76.4287
1.8365	8.2166	0.2324	76.8364	76.5858
1.8370	8.2159	0.2370	77.5101	76.2423
1.8375	8.2139	0.2534	77.7562	76.0649
1.8380	8.2133	0.2592	76.0125	76.2470
1.8385	8.2132	0.2642	75.5502	76.3184
1.8390	8.2135	0.2662	76.7659	76.3252
1.8395	8.2149	0.2538	77.4314	76.0264
1.8400	8.2158	0.2354	77.5405	75.9692
1.8405	8.2160	0.2343	77.5588	76.1702
1.8410	8.2152	0.2478	78.1307	75.6528
1.8415	8.2149	0.2470	78.2603	75.6145
1.8420	8.2152	0.2446	77.5701	75.9161
1.8425	8.2153	0.2403	76.7006	76.2155
1.8430	8.2157	0.2354	76.4247	76.2682
1.8435	8.2154	0.2324	75.6123	75.9198
1.8440	8.2158	0.2339	74.1583	76.1439
1.8445	8.2148	0.2478	73.0445	76.5561
1.8450	8.2141	0.2549	73.9633	76.2947
1.8455	8.2124	0.2666	74.8010	76.2658
1.8460	8.2134	0.2582	75.1378	76.2486
1.8465	8.2144	0.2543	75.2238	76.3480
1.8470	8.2143	0.2522	76.0462	76.2288
1.8475	8.2158	0.2406	76.7577	75.9186
1.8480	8.2159	0.2368	76.9943	76.0311
1.8485	8.2171	0.2221	76.6545	76.1121
1.8490	8.2183	0.2148	77.2268	76.1979
1.8495	8.2176	0.2163	76.0591	76.2857
1.8500	8.2175	0.2192	75.5018	76.0928
1.8505	8.2184	0.2121	75.9597	75.9903
1.8510	8.2183	0.2089	76.4760	76.2249
1.8515	8.2162	0.2263	77.5523	76.0333
1.8520	8.2148	0.2503	77.9092	76.0020
1.8525	8.2133	0.2635	77.7593	76.0312
1.8530	8.2132	0.2628	77.5938	76.1678
1.8535	8.2137	0.2590	77.9154	76.5490
1.8540	8.2134	0.2683	77.6789	76.3356
1.8545	8.2133	0.2664	76.7672	76.3058
1.8550	8.2141	0.2565	75.6825	76.5030
1.8555	8.2148	0.2528	74.5471	76.1915
1.8560	8.2153	0.2453	74.2516	76.3466
1.8565	8.2151	0.2429	73.7659	76.4564
1.8570	8.2150	0.2466	74.0495	76.2505
1.8575	8.2152	0.2412	74.8315	76.3160
1.8580	8.2152	0.2496	75.7251	76.2213
1.8585	8.2149	0.2487	76.1741	76.5822
1.8590	8.2135	0.2570	76.2238	76.6433
1.8595	8.2127	0.2729	76.7420	76.1265
1.8600	8.2108	0.2838	77.3189	75.8556
1.8605	8.2101	0.2953	77.6354	75.6345
1.8610	8.2107	0.2862	76.2539	75.9875
1.8615	8.2110	0.2853	76.4993	76.0225
1.8620	8.2122	0.2764	76.6864	75.8105
1.8625	8.2129	0.2684	76.5358	76.2092
1.8630	8.2140	0.2579	76.8469	76.3570
1.8635	8.2146	0.2541	77.1020	75.7998
1.8640	8.2146	0.2475	77.8508	75.7375
1.8645	8.2148	0.2518	78.1457	75.5823
1.8650	8.2147	0.2509	77.6889	76.1232
1.8655	8.2145	0.2453	77.2516	76.6339
1.8660	8.2151	0.2404	77.0421	76.5233
1.8665	8.2151	0.2458	76.8179	76.7818
1.8670	8.2138	0.2584	75.1439	76.4889
1.8675	8.2123	0.2747	72.7069	76.1617
1.8680	8.2121	0.2794	73.3178	76.0353
1.8685	8.2135	0.2680	74.3019	75.7907
1.8690	8.2138	0.2568	74.7151	75.8282
1.8695	8.2149	0.2464	74.7489	76.1503
1.8700	8.2151	0.2428	75.5044	76.3699
1.8705	8.2147	0.2476	76.5061	76.3713
1.8710	8.2143	0.2528	76.8660	76.0363
1.8715	8.2149	0.2467	76.6605	75.8737
1.8720	8.2154	0.2371	77.0166	76.0180
1.8725	8.2160	0.2351	77.6422	75.9061
1.8730	8.2166	0.2294	76.8393	75.9528
1.8735	8.2164	0.2287	76.8478	76.3609
1.8740	8.2160	0.2332	76.1837	76.5295
1.8745	8.2157	0.2452	76.7562	76.4753
1.8750	8.2148	0.2510	77.5023	76.2056
1.8755	8.2128	0.2660	77.3987	76.1799
1.8760	8.2138	0.2586	77.4851	76.5029
1.8765	8.2143	0.2553	77.9861	76.2032
1.8770	8.2143	0.2474	78.0497	76.3862
1.8775	8.2160	0.2351	77.3430	76.6639
1.8780	8.2175	0.2247	76.4357	76.3538
1.8785	8.2165	0.2240	76.3447	76.2959
1.8790	8.2159	0.2347	74.4228	76.1977
1.8795	8.2155	0.2381	72.9567	76.3228
1.8800	8.2167	0.2324	73.3705	76.3258
1.8805	8.2168	0.2301	74.1950	75.8012
1.8810	8.2171	0.2221	75.0917	75.8209
1.8815	8.2165	0.2223	75.2630	76.2676
1.8820	8.2153	0.2425	75.6056	76.1426
1.8825	8.2137	0.2561	76.3470	76.0067
1.8830	8.2133	0.2692	77.0731	75.8862
1.8835	8.2127	0.2658	77.0844	76.3539
1.8840	8.2132	0.2668	76.9636	76.1423
1.8845	8.2138	0.2626	77.3983	75.5242
1.8850	8.2159	0.2341	77.3043	75.6759
1.8855	8.2160	0.2337	77.0488	76.0769
1.8860	8.2146	0.2463	76.3359	76.4293
1.8865	8.2146	0.2511	76.4698	76.3822
1.8870	8.2147	0.2523	77.5290	76.3051
1.8875	8.2141	0.2484	77.7253	76.5462
1.8880	8.2152	0.2478	77.6682	76.3996
1.8885	8.2154	0.2461	77.5401	76.0357
1.8890	8.2142	0.2502	77.7905	76.2292
1.8895	8.2144	0.2513	77.1913	76.1253
1.8900	8.2132	0.2650	76.6195	76.2799
1.8905	8.2118	0.2770	74.6869	76.4320
1.8910	8.2121	0.2791	72.8526	76.0719
1.8915	8.2121	0.2764	73.4720	76.0513
1.8920	8.2138	0.2589	73.7731	75.7201
1.8925	8.2147	0.2457	74.2918	75.6681
1.8930	8.2147	0.2457	74.8607	76.0290
1.8935	8.2144	0.2511	75.7189	76.0849
1.8940	8.2140	0.2557	76.1320	76.2886
1.8945	8.2138	0.2591	76.4185	76.6361
1.8950	8.2139	0.2554	76.7573	76.4423
1.8955	8.2152	0.2481	77.3210	76.4263
1.8960	8.2155	0.2421	77.4558	76.1478
1.8965	8.2143	0.2490	77.4497	76.2091
1.8970	8.2131	0.2666	77.0341	76.4457
1.8975	8.2119	0.2793	76.7180	76.5042
1.8980	8.2116	0.2811	76.8343	76.5453
1.8985	8.2135	0.2616	77.0189	76.5676
1.8990	8.2138	0.2555	77.4092	76.0690
1.8995	8.2144	0.2543	77.9694	76.1514
1.9000	8.2144	0.2503	78.1928	76.0675
1.9005	8.2140	0.2496	77.9734	76.1847
1.9010	8.2143	0.2494	77.4387	76.1579
1.9015	8.2151	0.2475	77.3222	75.6981
1.9020	8.2153	0.2445	76.2547	76.0385
1.9025	8.2142	0.2496	74.6862	76.1718
1.9030	8.2148	0.2463	72.9230	75.7439
1.9035	8.2158	0.2316	73.4699	75.8784
1.9040	8.2156	0.2369	74.3974	75.7885
1.9045	8.2142	0.2517	74.5744	76.1828
1.9050	8.2125	0.2670	74.8279	75.8885
1.9055	8.2115	0.2849	75.5441	75.6395
1.9060	8.2121	0.2771	76.4659	76.1245
1.9065	8.2124	0.2757	76.7483	76.3899
1.9070	8.2130	0.2692	76.5842	76.2749
1.9075	8.2155	0.2459	76.9031	76.1618
1.9080	8.2161	0.2351	77.5213	75.9654
1.9085	8.2155	0.2434	77.7695	76.2802
1.9090	8.2149	0.2456	76.1344	75.9218
1.9095	8.2142	0.2517	75.7445	75.9268
1.9100	8.2152	0.2421	76.9686	76.3161
1.9105	8.2151	0.2408	77.6216	76.1847
1.9110	8.2171	0.2270	77.6951	76.4360
1.9115	8.2167	0.2259	77.6670	76.2567
1.9120	8.2151	0.2463	78.1003	75.8077
1.9125	8.2137	0.2587	78.1914	75.8617
1.9130	8.2126	0.2686	77.5103	75.7201
1.9135	8.2137	0.2620	76.5536	76.0139
1.9140	8.2140	0.2547	75.5751	76.4352
1.9145	8.2153	0.2471	74.9058	76.1721
1.9150	8.2153	0.2410	73.1978	76.4846
1.9155	8.2165	0.2299	73.4699	76.4403
1.9160	8.2174	0.2204	74.1794	76.1761
1.9165	8.2163	0.2346	74.9956	76.1444
1.9170	8.2161	0.2329	75.4583	76.0994
1.9175	8.2161	0.2313	75.5988	76.3890
1.9180	8.2171	0.2232	76.2600	76.7299
1.9185	8.2171	0.2224	76.8649	76.4895
1.9190	8.2165	0.2230	77.1632	76.5619
1.9195	8.2160	0.2310	77.0179	76.3714
1.9200	8.2149	0.2541	77.3727	76.0158
1.9205	8.2138	0.2578	76.7998	76.1636
1.9210	8.2138	0.2607	75.9032	76.2502
1.9215	8.2131	0.2632	76.3387	76.3225
1.9220	8.2136	0.2532	76.8110	76.1098
1.9225	8.2167	0.2342	77.6764	75.9395
1.9230	8.2166	0.2290	78.0593	76.1708
1.9235	8.2155	0.2363	77.9979	75.7889
1.9240	8.2152	0.2434	77.6639	75.5519
1.9245	8.2152	0.2448	77.8145	75.8504
1.9250	8.2152	0.2448	77.4353	76.1174
1.9255	8.2159	0.2360	76.7145	76.2982
1.9260	8.2159	0.2366	75.4273	75.9989
1.9265	8.2166	0.2339	74.4167	75.9952
1.9270	8.2156	0.2381	73.6514	76.5080
1.9275	8.2145	0.2513	74.0056	76.3569
1.9280	8.2133	0.2577	74.1709	76.2306
1.9285	8.2141	0.2599	74.7350	76.2509
1.9290	8.2149	0.2472	75.5907	76.3123
1.9295	8.2145	0.2526	76.3371	76.3548
1.9300	8.2154	0.2433	76.3134	76.0012
1.9305	8.2158	0.2428	76.5136	75.9626
1.9310	8.2166	0.2318	76.9671	76.1208
1.9315	8.2171	0.2209	77.7533	76.1682
1.9320	8.2167	0.2273	76.3194	76.2858
1.9325	8.2164	0.2289	74.8713	76.1628
1.9330	8.2173	0.2255	76.0855	75.9721
1.9335	8.2175	0.2170	76.9190	76.1799
1.9340	8.2167	0.2281	77.2742	76.0808
1.9345	8.2146	0.2455	77.2267	75.9371
1.9350	8.2133	0.2593	77.8472	76.0374
1.9355	8.2129	0.2654	78.2716	76.0677
1.9360	8.2133	0.2619	77.9825	76.5012
1.9365	8.2129	0.2675	77.2582	76.4361
1.9370	8.2131	0.2621	76.8819	76.2741
1.9375	8.2150	0.2511	76.6293	76.4854
1.9380	8.2154	0.2418	74.9926	76.2551
1.9385	8.2157	0.2440	73.7911	76.2467
1.9390	8.2146	0.2508	73.6077	76.4713
1.9395	8.2149	0.2514	74.4020	76.2507
1.9400	8.2150	0.2472	75.0496	76.2924
1.9405	8.2147	0.2481	75.0144	76.1635
1.9410	8.2155	0.2461	75.7518	76.4650
1.9415	8.2144	0.2544	76.6417	76.7075
1.9420	8.2128	0.2701	77.1313	76.2178
1.9425	8.2115	0.2870	76.6957	75.8536
1.9430	8.2095	0.2990	77.2143	75.6613
1.9435	8.2104	0.2962	77.0369	75.8837
1.9440	8.2110	0.2861	76.9219	76.0687
1.9445	8.2125	0.2780	76.5610	75.7903
1.9450	8.2136	0.2555	75.8558	76.0579
1.9455	8.2147	0.2529	77.0566	76.4153
1.9460	8.2151	0.2434	77.6976	75.9301
1.9465	8.2148	0.2467	77.6119	75.7319
1.9470	8.2147	0.2500	77.4154	75.6494
1.9475	8.2141	0.2549	77.9529	75.8796
1.9480	8.2143	0.2511	78.1053	76.6073
1.9485	8.2155	0.2403	77.2101	76.4966
1.9490	8.2151	0.2432	76.2081	76.6949
1.9495	8.2137	0.2564	75.6871	76.5989
1.9500	8.2125	0.2680	73.7669	76.1940
1.9505	8.2122	0.2756	73.2961	76.0720
1.9510	8.2125	0.2703	73.5741	75.8317
1.9515	8.2135	0.2670	74.3378	75.7592
1.9520	8.2143	0.2507	75.3088	76.0312
1.9525	8.2149	0.2499	75.6308	76.3150
1.9530	8.2146	0.2514	75.8575	76.3837
1.9535	8.2142	0.2565	76.3663	76.1151
1.9540	8.2149	0.2499	77.1553	75.8468
1.9545	8.2154	0.2390	77.2931	75.9715
1.9550	8.2167	0.2346	77.3758	75.9214
1.9555	8.2168	0.2275	76.4407	75.8460
1.9560	8.2172	0.2221	77.1424	76.2229
1.9565	8.2162	0.2319	76.9980	76.4995
1.9570	8.2159	0.2353	76.1813	76.5312
1.9575	8.2154	0.2417	76.9033	76.2975
1.9580	8.2140	0.2574	77.5798	76.1144
1.9585	8.2144	0.2555	78.0173	76.4820
1.9590	8.2142	0.2471	77.8174	76.2906
1.9595	8.2142	0.2557	77.5404	76.2654
1.9600	8.2150	0.2474	77.6259	76.6576
1.9605	8.2157	0.2443	77.1542	76.4323
1.9610	8.2154	0.2418	76.4098	76.2983
1.9615	8.2148	0.2476	74.5556	76.2388
1.9620	8.2153	0.2412	72.9996	76.2377
1.9625	8.2157	0.2381	73.8043	76.3808
1.9630	8.2161	0.2376	74.1161	75.9642
1.9635	8.2166	0.2305	74.4318	75.7511
1.9640	8.2167	0.2250	75.0801	76.1492
1.9645	8.2155	0.2330	75.9836	76.1939
1.9650	8.2139	0.2540	76.3925	76.0339
1.9655	8.2129	0.2691	76.5624	75.8884
1.9660	8.2126	0.2726	76.8588	76.2147
1.9665	8.2126	0.2729	77.4042	76.3547
1.9670	8.2132	0.2707	77.6786	75.6023
1.9675	8.2144	0.2525	76.9793	75.6107
1.9680	8.2154	0.2436	76.8517	75.9618
1.9685	8.2138	0.2554	76.8621	76.3812
1.9690	8.2137	0.2617	76.6503	76.4307
1.9695	8.2133	0.2570	77.1322	76.3190
1.9700	8.2137	0.2579	77.3338	76.4771
1.9705	8.2142	0.2547	77.9698	76.4986
1.9710	8.2148	0.2434	77.9575	76.0105
1.9715	8.2147	0.2522	77.5907	76.0979
1.9720	8.2143	0.2493	76.9679	76.0793
1.9725	8.2134	0.2617	76.8668	76.1203
1.9730	8.2115	0.2793	75.7817	76.4713
1.9735	8.2119	0.2797	72.9557	76.1555
1.9740	8.2112	0.2778	72.8741	76.0956
1.9745	8.2130	0.2733	73.6895	75.8739
1.9750	8.2141	0.2565	74.5580	75.6532
1.9755	8.2138	0.2561	74.8660	75.9859
1.9760	8.2130	0.2713	75.0974	76.1408
1.9765	8.2128	0.2644	75.7545	76.1343
1.9770	8.2127	0.2667	76.7425	76.5468
1.9775	8.2134	0.2590	76.9843	76.4406
1.9780	8.2143	0.2497	76.9124	76.3868
1.9785	8.2148	0.2434	77.0925	76.1784
1.9790	8.2141	0.2563	77.6483	76.1318
1.9795	8.2127	0.2676	77.5378	76.4019
1.9800	8.2115	0.2809	76.5937	76.5575
1.9805	8.2109	0.2889	76.4049	76.5625
1.9810	8.2120	0.2750	77.1073	76.7006
1.9815	8.2124	0.2710	77.6646	76.2185
1.9820	8.2132	0.2658	77.7707	76.1206
1.9825	8.2136	0.2615	77.8011	76.0933
1.9830	8.2129	0.2714	78.1172	76.0948
1.9835	8.2122	0.2717	77.9031	76.1739
1.9840	8.2127	0.2666	77.3857	75.7457
1.9845	8.2133	0.2635	76.2387	75.8591
1.9850	8.2128	0.2665	75.2139	76.2814
1.9855	8.2136	0.2613	73.5122	75.8284
1.9860	8.2149	0.2490	73.2117	75.9089
1.9865	8.2151	0.2437	73.9169	75.8021
1.9870	8.2137	0.2586	74.3993	76.0984
1.9875	8.2125	0.2725	75.2051	76.0595
1.9880	8.2114	0.2838	75.5067	75.6017
1.9885	8.2112	0.2823	75.9125	75.9858
1.9890	8.2113	0.2796	76.4750	76.4025
1.9895	8.2125	0.2723	76.9730	76.3160
1.9900	8.2136	0.2531	77.1842	76.2576
1.9905	8.2159	0.2375	77.0989	75.9842
1.9910	8.2160	0.2425	77.4066	76.2658
1.9915	8.2153	0.2456	76.7538	76.1094
1.9920	8.2148	0.2458	76.0806	75.8826
1.9925	8.2155	0.2413	76.6569	76.2968
1.9930	8.2156	0.2425	77.0643	76.2138
1.9935	8.2168	0.2274	77.7146	76.3661
1.9940	8.2168	0.2219	78.0517	76.3739
1.9945	8.2148	0.2435	77.9828	75.8686
1.9950	8.2134	0.2576	77.8526	75.8865
1.9955	8.2127	0.2723	77.5814	75.8132
1.9960	8.2130	0.2648	77.3041	75.9189
1.9965	8.2135	0.2627	75.8815	76.4526
1.9970	8.2141	0.2544	74.7968	76.2511
1.9975	8.2152	0.2471	73.3120	76.3516
1.9980	8.2157	0.2357	73.5379	76.5293
1.9985	8.2170	0.2260	74.3391	76.1936
1.9990	8.2164	0.2288	74.4954	76.1705
1.9995	8.2162	0.2337	75.0879	76.1283
2.0000	8.2162	0.2332	75.7493	76.3000
2.0005	8.2166	0.2289	76.3776	76.7387
2.0010	8.2173	0.2190	76.5259	76.5968
2.0015	8.2171	0.2241	76.8247	76.5185
2.0020	8.2165	0.2266	77.1351	76.5337
2.0025	8.2154	0.2422	77.5946	76.0824
2.0030	8.2136	0.2605	77.0034	76.1287
2.0035	8.2133	0.2618	75.6174	76.2120
2.0040	8.2130	0.2626	76.3168	76.3362
2.0045	8.2140	0.2608	76.9973	76.1822
2.0050	8.2154	0.2481	77.4214	75.9576
2.0055	8.2159	0.2394	77.6099	76.1718
2.0060	8.2148	0.2476	77.9939	76.0172
2.0065	8.2146	0.2511	78.1363	75.5863
2.0070	8.2143	0.2541	77.8812	75.8450
2.0075	8.2142	0.2477	77.2173	76.0636
2.0080	8.2149	0.2419	76.8127	76.3073
2.0085	8.2155	0.2399	76.0149	76.0554
2.0090	8.2156	0.2424	74.7697	75.7997
2.0095	8.2156	0.2447	73.4168	76.3979
2.0100	8.2139	0.2554	73.5877	76.4328
2.0105	8.2132	0.2649	74.4707	76.2394
2.0110	8.2134	0.2640	74.8391	76.3099
2.0115	8.2141	0.2565	75.1268	76.3160
2.0120	8.2138	0.2570	75.8121	76.4241
2.0125	8.2147	0.2475	76.4869	76.0897
2.0130	8.2151	0.2425	76.7986	75.9823
2.0135	8.2156	0.2415	76.7177	76.1347
2.0140	8.2160	0.2337	77.1789	76.1516
2.0145	8.2162	0.2349	77.0492	76.2625
2.0150	8.2156	0.2387	75.2927	76.2251
2.0155	8.2163	0.2292	75.6962	76.0038
2.0160	8.2175	0.2195	76.2985	76.1049
2.0165	8.2167	0.2264	77.2096	76.1410
2.0170	8.2154	0.2408	77.6786	75.9417
2.0175	8.2136	0.2641	77.7129	76.0763
2.0180	8.2132	0.2706	77.7338	76.0465
2.0185	8.2133	0.2643	77.9512	76.4196
2.0190	8.2129	0.2635	77.8702	76.5333
2.0195	8.2125	0.2679	77.0964	76.2941
2.0200	8.2134	0.2635	76.3339	76.4727
2.0205	8.2142	0.2528	75.2274	76.3983
2.0210	8.2143	0.2504	74.3122	76.1917
2.0215	8.2147	0.2492	73.8736	76.4959
2.0220	8.2149	0.2463	73.8156	76.2984
2.0225	8.2151	0.2433	74.6608	76.2862
2.0230	8.2153	0.2452	75.2425	76.2122
2.0235	8.2152	0.2424	75.8916	76.3435
2.0240	8.2146	0.2469	76.1076	76.7283
2.0245	8.2133	0.2617	76.7014	76.3942
2.0250	8.2117	0.2729	76.9997	75.9881
2.0255	8.2104	0.2936	77.5119	75.7687
2.0260	8.2109	0.2894	76.9833	75.8230
2.0265	8.2112	0.2837	76.2746	76.1389
2.0270	8.2118	0.2784	76.8753	75.8768
2.0275	8.2136	0.2608	76.3230	75.9121
2.0280	8.2145	0.2490	76.6622	76.3328
2.0285	8.2153	0.2400	77.0237	76.0660
2.0290	8.2153	0.2410	77.6195	75.7115
2.0295	8.2150	0.2469	77.9700	75.7346
2.0300	8.2147	0.2455	77.9254	75.7433
2.0305	8.2147	0.2476	77.4994	76.5577
2.0310	8.2154	0.2453	77.3304	76.5950
2.0315	8.2159	0.2413	76.8585	76.7209
2.0320	8.2145	0.2525	76.1697	76.7484
2.0325	8.2130	0.2610	73.7411	76.3047
2.0330	8.2123	0.2759	72.9371	76.1162
2.0335	8.2122	0.2705	73.9353	75.9101
2.0340	8.2129	0.2702	74.3726	75.7283
2.0345	8.2137	0.2576	74.7116	75.9650
2.0350	8.2147	0.2493	75.1462	76.2625
2.0355	8.2145	0.2469	76.1794	76.4287
2.0360	8.2141	0.2531	76.6322	76.2695
2.0365	8.2147	0.2472	76.7469	75.9351
2.0370	8.2156	0.2471	76.7441	75.9909
2.0375	8.2156	0.2343	77.6073	76.0115
2.0380	8.2163	0.2349	77.2523	75.8670
2.0385	8.2158	0.2274	76.8090	76.1431
2.0390	8.2163	0.2346	76.6686	76.4909
2.0395	8.2157	0.2442	76.2443	76.4776
2.0400	8.2153	0.2443	77.3379	76.3262
2.0405	8.2136	0.2576	77.4384	76.1104
2.0410	8.2138	0.2620	77.4147	76.4289
2.0415	8.2145	0.2514	77.7524	76.4257
2.0420	8.2141	0.2546	78.1690	76.2344
2.0425	8.2151	0.2419	77.7730	76.6518
2.0430	8.2157	0.2368	76.7449	76.5473
2.0435	8.2159	0.2377	76.4283	76.2896
2.0440	8.2151	0.2446	75.7252	76.2679
2.0445	8.2154	0.2375	73.3729	76.2247
2.0450	8.2154	0.2366	73.1114	76.3970
2.0455	8.2162	0.2325	73.6962	76.0817
2.0460	8.2165	0.2276	74.7768	75.7519
2.0465	8.2169	0.2222	75.2217	76.0839
2.0470	8.2161	0.2325	75.3727	76.2747
2.0475	8.2141	0.2531	75.9892	76.0938
2.0480	8.2131	0.2620	76.8050	75.9505
2.0485	8.2128	0.2749	77.1244	76.1094
2.0490	8.2128	0.2688	76.9537	76.4683
2.0495	8.2132	0.2646	77.2630	75.7586
2.0500	8.2142	0.2540	77.4774	75.5636
2.0505	8.2156	0.2368	77.1211	75.8656
2.0510	8.2151	0.2448	76.6410	76.3164
2.0515	8.2144	0.2587	76.2150	76.4597
2.0520	8.2136	0.2584	77.1626	76.3450
2.0525	8.2140	0.2579	77.7304	76.4405
2.0530	8.2144	0.2526	77.6395	76.6058
2.0535	8.2153	0.2436	77.5126	76.1403
2.0540	8.2148	0.2485	77.8081	76.1123
2.0545	8.2143	0.2523	77.6668	76.2019
2.0550	8.2137	0.2555	76.7928	76.1160
2.0555	8.2117	0.2755	75.8347	76.4686
2.0560	8.2117	0.2818	73.3925	76.2474
2.0565	8.2114	0.2810	73.1815	76.0741
2.0570	8.2122	0.2762	73.7489	75.9448
2.0575	8.2137	0.2564	73.9344	75.6265
2.0580	8.2141	0.2532	74.4751	75.8810
2.0585	8.2144	0.2564	75.3588	76.1691
2.0590	8.2148	0.2505	76.0897	76.1575
2.0595	8.2138	0.2562	76.2472	76.5368
2.0600	8.2136	0.2576	76.4532	76.5287
2.0605	8.2152	0.2472	77.1143	76.4373
2.0610	8.2156	0.2453	77.5889	76.2982
2.0615	8.2152	0.2431	77.4358	76.1536
2.0620	8.2137	0.2561	77.2161	76.4020
2.0625	8.2122	0.2741	76.8139	76.5480
2.0630	8.2114	0.2891	76.8564	76.5190
2.0635	8.2119	0.2816	76.9429	76.6848
2.0640	8.2128	0.2659	77.0972	76.3043
2.0645	8.2133	0.2647	77.7575	76.0718
2.0650	8.2130	0.2564	78.1828	76.1412
2.0655	8.2134	0.2649	78.1604	76.0906
2.0660	8.2130	0.2698	77.5757	76.2683
2.0665	8.2134	0.2632	77.4314	75.9296
2.0670	8.2142	0.2575	76.9661	75.7737
2.0675	8.2136	0.2599	75.6232	76.2942
2.0680	8.2136	0.2579	73.6697	75.9049
2.0685	8.2154	0.2481	72.8551	75.8357
2.0690	8.2160	0.2378	74.1011	75.8175
2.0695	8.2146	0.2511	74.4288	75.9871
2.0700	8.2132	0.2638	74.7558	76.1594
2.0705	8.2112	0.2800	75.1956	75.6656
2.0710	8.2111	0.2817	76.1521	75.8669
2.0715	8.2113	0.2843	76.6027	76.3552
2.0720	8.2112	0.2891	76.5385	76.3344
2.0725	8.2119	0.2717	76.8056	76.2878
2.0730	8.2133	0.2623	77.4584	76.0327
2.0735	8.2141	0.2552	77.7993	76.1743
2.0740	8.2133	0.2568	76.7684	76.2178
2.0745	8.2132	0.2661	75.5730	75.8146
2.0750	8.2132	0.2604	76.6782	76.1586
2.0755	8.2146	0.2481	77.5196	76.1809
2.0760	8.2156	0.2405	77.5107	76.2665
2.0765	8.2162	0.2277	77.4949	76.4552
2.0770	8.2149	0.2455	77.9959	75.9747
2.0775	8.2140	0.2575	78.4867	75.8655
2.0780	8.2126	0.2690	77.7332	75.8636
2.0785	8.2131	0.2709	76.9865	75.8327
2.0790	8.2138	0.2576	76.0879	76.3697
2.0795	8.2134	0.2585	75.6026	76.3148
2.0800	8.2152	0.2452	73.9366	76.2604
2.0805	8.2151	0.2419	72.8361	76.5589
2.0810	8.2168	0.2276	73.9836	76.2401
2.0815	8.2166	0.2277	74.7804	76.1768
2.0820	8.2159	0.2342	75.3783	76.1119
2.0825	8.2157	0.2353	75.2757	76.2440
2.0830	8.2165	0.2311	75.9022	76.6675
2.0835	8.2170	0.2258	76.7851	76.6937
2.0840	8.2169	0.2274	77.1655	76.4957
2.0845	8.2164	0.2295	76.8860	76.6105
2.0850	8.2152	0.2464	77.0692	76.1139
2.0855	8.2133	0.2600	77.5254	76.0999
2.0860	8.2129	0.2675	76.2781	76.2195
2.0865	8.2122	0.2729	75.9637	76.2998
2.0870	8.2126	0.2725	76.4339	76.2519
2.0875	8.2142	0.2533	77.4102	75.9462
2.0880	8.2158	0.2360	78.0639	76.0814
2.0885	8.2157	0.2375	77.9102	76.1110
2.0890	8.2148	0.2428	77.6906	75.5978
2.0895	8.2148	0.2441	77.9385	75.7435
2.0900	8.2151	0.2456	77.9120	75.9763
2.0905	8.2151	0.2423	76.9692	76.2638
2.0910	8.2157	0.2406	75.7968	76.1913
2.0915	8.2156	0.2424	75.0450	75.8795
2.0920	8.2152	0.2363	74.1764	76.2779
2.0925	8.2142	0.2579	73.5621	76.5247
2.0930	8.2123	0.2680	73.8616	76.2480
2.0935	8.2125	0.2726	74.4744	76.3268
2.0940	8.2135	0.2610	75.6055	76.2855
2.0945	8.2133	0.2641	75.9149	76.4134
2.0950	8.2138	0.2543	75.9722	76.1698
2.0955	8.2153	0.2443	76.3607	75.9155
2.0960	8.2156	0.2391	77.1414	76.0700
2.0965	8.2166	0.2301	77.4447	76.1087
2.0970	8.2170	0.2296	77.0333	76.2278
2.0975	8.2165	0.2265	75.1031	76.2555
2.0980	8.2170	0.2287	75.8123	76.0407
2.0985	8.2179	0.2165	76.6836	75.9931
2.0990	8.2171	0.2234	76.8170	76.1815
2.0995	8.2149	0.2426	77.0908	75.9798
2.1000	8.2132	0.2612	77.8454	76.0728
2.1005	8.2123	0.2705	78.3486	76.0422
2.1010	8.2125	0.2723	77.8891	76.3086
2.1015	8.2127	0.2735	77.4245	76.5447
2.1020	8.2128	0.2726	77.2623	76.2699
2.1025	8.2132	0.2605	77.1124	76.3776
2.1030	8.2153	0.2449	75.6491	76.4027
2.1035	8.2153	0.2461	73.9019	76.1194
2.1040	8.2152	0.2440	73.8255	76.4407
2.1045	8.2146	0.2462	74.2300	76.3732
2.1050	8.2150	0.2446	74.7639	76.3051
2.1055	8.2156	0.2413	74.6486	76.3072
2.1060	8.2160	0.2352	75.4604	76.2848
2.1065	8.2157	0.2372	76.5126	76.6903
2.1070	8.2137	0.2608	76.9374	76.5179
2.1075	8.2119	0.2730	76.5684	75.9991
2.1080	8.2106	0.2894	77.0021	75.7677
2.1085	8.2102	0.3006	77.6404	75.7184
2.1090	8.2110	0.2884	76.7444	76.0644
2.1095	8.2114	0.2835	76.6033	75.9395
2.1100	8.2126	0.2679	75.9378	75.8645
2.1105	8.2139	0.2576	76.7866	76.3891
2.1110	8.2145	0.2509	77.5234	76.2599
2.1115	8.2143	0.2503	77.3462	75.7640
2.1120	8.2135	0.2566	77.3727	75.7798
2.1125	8.2138	0.2589	78.0958	75.6434
2.1130	8.2137	0.2567	78.2306	76.3575
2.1135	8.2149	0.2532	77.4276	76.5772
2.1140	8.2145	0.2477	76.3576	76.5587
2.1145	8.2141	0.2553	76.3914	76.7409
2.1150	8.2127	0.2709	74.9884	76.3637
2.1155	8.2117	0.2769	73.0251	76.1306
2.1160	8.2120	0.2759	73.2732	75.9818
2.1165	8.2125	0.2719	74.0566	75.7553
2.1170	8.2124	0.2712	75.1790	75.9175
2.1175	8.2133	0.2655	75.3426	76.2198
2.1180	8.2138	0.2613	75.5213	76.4339
2.1185	8.2135	0.2623	76.2002	76.2916
2.1190	8.2136	0.2620	77.1726	75.9395
2.1195	8.2138	0.2557	77.1679	75.8813
2.1200	8.2149	0.2456	77.1344	75.9733
2.1205	8.2158	0.2397	77.0451	75.8273
2.1210	8.2161	0.2319	77.0401	76.0151
2.1215	8.2159	0.2290	77.2390	76.4300
2.1220	8.2158	0.2330	76.0094	76.5481
2.1225	8.2154	0.2366	76.5804	76.4666
2.1230	8.2139	0.2518	77.5948	76.1615
2.1235	8.2135	0.2623	77.9547	76.3605
2.1240	8.2133	0.2578	77.6191	76.4924
2.1245	8.2136	0.2633	77.6180	76.1739
2.1250	8.2140	0.2567	77.8767	76.5200
2.1255	8.2150	0.2477	77.5474	76.6051
2.1260	8.2157	0.2357	76.4992	76.2946
2.1265	8.2148	0.2478	75.5836	76.2837
2.1270	8.2146	0.2471	73.6642	76.1797
2.1275	8.2152	0.2378	73.5171	76.3838
2.1280	8.2155	0.2405	73.7633	76.2091
2.1285	8.2160	0.2322	74.1108	75.8058
2.1290	8.2163	0.2267	75.0111	75.9849
2.1295	8.2159	0.2366	75.7812	76.3052
2.1300	8.2145	0.2522	76.1207	76.1079
2.1305	8.2123	0.2665	76.2374	75.9744
2.1310	8.2119	0.2788	76.8612	75.9589
2.1315	8.2121	0.2741	77.4580	76.4515
2.1320	8.2123	0.2706	77.5206	75.9341
2.1325	8.2138	0.2649	77.1728	75.5179
2.1330	8.2152	0.2448	76.8387	75.8142
2.1335	8.2149	0.2481	77.1430	76.2490
2.1340	8.2137	0.2567	76.6970	76.4578
2.1345	8.2142	0.2590	76.7206	76.3841
2.1350	8.2131	0.2571	77.2734	76.3669
2.1355	8.2137	0.2599	77.8835	76.6033
2.1360	8.2139	0.2570	78.0613	76.2433
2.1365	8.2144	0.2559	77.5983	76.0316
2.1370	8.2139	0.2565	77.3152	76.1818
2.1375	8.2135	0.2538	77.0421	76.0427
2.1380	8.2121	0.2797	76.7455	76.4056
2.1385	8.2102	0.2840	73.9137	76.3544
2.1390	8.2117	0.2829	72.5782	76.0946
2.1395	8.2117	0.2778	73.5638	76.0605
2.1400	8.2130	0.2654	74.2895	75.6825
2.1405	8.2139	0.2544	74.5628	75.8123
2.1410	8.2141	0.2564	74.8036	76.1576
2.1415	8.2141	0.2526	75.7286	76.1480
2.1420	8.2138	0.2599	76.5520	76.4154
2.1425	8.2135	0.2617	76.8400	76.5780
2.1430	8.2145	0.2448	76.6282	76.3929
2.1435	8.2151	0.2381	77.0274	76.3382
2.1440	8.2157	0.2366	77.6646	76.1191
2.1445	8.2142	0.2517	77.8011	76.3625
2.1450	8.2126	0.2711	76.8332	76.5232
2.1455	8.2112	0.2869	76.3853	76.5344
2.1460	8.2116	0.2836	76.9111	76.6746
2.1465	8.2125	0.2737	77.4852	76.4805
2.1470	8.2118	0.2749	77.6528	76.0791
2.1475	8.2127	0.2664	77.7593	76.1912
2.1480	8.2133	0.2617	78.1672	76.0610
2.1485	8.2137	0.2629	78.1168	76.2374
2.1490	8.2138	0.2584	77.5235	75.9914
2.1495	8.2144	0.2461	76.8483	75.6752
2.1500	8.2145	0.2520	75.8135	76.1994
2.1505	8.2142	0.2517	74.3333	76.0339
2.1510	8.2150	0.2449	72.9261	75.7994
2.1515	8.2157	0.2339	73.6069	75.9058
2.1520	8.2150	0.2439	74.2578	75.9404
2.1525	8.2136	0.2640	74.9825	76.2652
2.1530	8.2118	0.2756	75.2839	75.8025
2.1535	8.2113	0.2832	75.7372	75.7790
2.1540	8.2120	0.2790	76.3423	76.2968
2.1545	8.2127	0.2726	76.8508	76.3513
2.1550	8.2135	0.2591	76.9841	76.2625
2.1555	8.2151	0.2425	77.0609	76.0748
2.1560	8.2161	0.2416	77.4176	76.0529
2.1565	8.2143	0.2564	77.4337	76.3127
2.1570	8.2136	0.2587	76.1040	75.9193
2.1575	8.2143	0.2489	76.2184	76.1519
2.1580	8.2152	0.2484	76.9305	76.2973
2.1585	8.2155	0.2405	77.5741	76.2565
2.1590	8.2167	0.2272	77.9996	76.5098
2.1595	8.2154	0.2398	77.8562	76.1028
2.1600	8.2136	0.2571	77.9547	75.8307
2.1605	8.2125	0.2701	77.8912	75.8687
2.1610	8.2121	0.2720	77.5978	75.7533
2.1615	8.2134	0.2649	76.4021	76.2378
2.1620	8.2135	0.2581	75.1615	76.4083
2.1625	8.2150	0.2443	74.1536	76.2194
2.1630	8.2160	0.2427	73.2920	76.6148
2.1635	8.2168	0.2235	74.0028	76.3775
2.1640	8.2174	0.2202	74.2125	76.2262
2.1645	8.2162	0.2275	74.9950	76.1612
2.1650	8.2164	0.2269	75.6366	76.1990
2.1655	8.2162	0.2275	76.1119	76.5700
2.1660	8.2171	0.2242	76.3107	76.7331
2.1665	8.2170	0.2245	76.6924	76.4538
2.1670	8.2165	0.2270	77.2281	76.6287
2.1675	8.2158	0.2362	77.3767	76.2568
2.1680	8.2140	0.2523	77.4090	76.0985
2.1685	8.2128	0.2616	76.0745	76.2096
2.1690	8.2133	0.2663	75.9931	76.3466
2.1695	8.2130	0.2678	76.8374	76.3257
2.1700	8.2137	0.2574	77.0766	76.0530
2.1705	8.2156	0.2421	77.4997	76.0408
2.1710	8.2150	0.2428	77.9840	76.1960
2.1715	8.2140	0.2609	78.3153	75.7049
2.1720	8.2137	0.2620	77.9408	75.6855
2.1725	8.2133	0.2595	77.3954	76.0230
2.1730	8.2138	0.2587	77.0487	76.2516
2.1735	8.2146	0.2496	76.6492	76.2647
2.1740	8.2147	0.2463	75.3034	75.8819
2.1745	8.2146	0.2467	73.8667	76.1172
2.1750	8.2141	0.2567	73.3605	76.5496
2.1755	8.2127	0.2685	74.3340	76.2976
2.1760	8.2127	0.2709	74.6318	76.3104
2.1765	8.2139	0.2605	74.8747	76.2926
2.1770	8.2136	0.2564	75.4618	76.4220
2.1775	8.2140	0.2508	76.4594	76.3054
2.1780	8.2150	0.2472	76.7046	75.9759
2.1785	8.2155	0.2437	76.6411	76.0409
2.1790	8.2164	0.2309	76.8147	76.1134
2.1795	8.2171	0.2182	77.6776	76.1992
2.1800	8.2169	0.2257	75.9443	76.3102
2.1805	8.2170	0.2254	75.2106	76.0993
2.1810	8.2181	0.2157	76.0159	76.0444
2.1815	8.2177	0.2174	76.9844	76.2682
2.1820	8.2161	0.2367	77.6612	76.0494
2.1825	8.2142	0.2545	77.5632	76.0643
2.1830	8.2128	0.2644	77.6648	76.1204
2.1835	8.2133	0.2659	78.0094	76.2438
2.1840	8.2132	0.2660	78.1493	76.5879
2.1845	8.2123	0.2728	77.3447	76.3526
2.1850	8.2130	0.2691	76.5280	76.3319
2.1855	8.2137	0.2527	75.9506	76.4898
2.1860	8.2142	0.2479	74.7718	76.1630
2.1865	8.2147	0.2493	74.0067	76.3808
2.1870	8.2142	0.2483	73.5238	76.4452
2.1875	8.2149	0.2454	74.3474	76.2936
2.1880	8.2154	0.2454	75.2022	76.3331
2.1885	8.2151	0.2436	75.6530	76.2547
2.1890	8.2149	0.2389	75.9110	76.6510
2.1895	8.2137	0.2576	76.4233	76.6493
2.1900	8.2122	0.2695	77.1563	76.0990
2.1905	8.2106	0.2868	77.3065	75.8206
2.1910	8.2101	0.2990	77.3163	75.6689
2.1915	8.2108	0.2888	76.2957	76.0455
2.1920	8.2108	0.2864	76.9338	76.0151
2.1925	8.2126	0.2671	76.6920	75.8350
2.1930	8.2139	0.2578	76.2602	76.2607
2.1935	8.2148	0.2510	76.8574	76.3711
2.1940	8.2149	0.2475	77.5611	75.8096
2.1945	8.2148	0.2405	78.0040	75.8014
2.1950	8.2150	0.2470	77.8449	75.6375
2.1955	8.2146	0.2437	77.5782	76.2032
2.1960	8.2147	0.2490	77.6374	76.6497
2.1965	8.2154	0.2425	77.2178	76.5523
2.1970	8.2146	0.2504	76.5184	76.7969
2.1975	8.2134	0.2624	74.6984	76.4956
2.1980	8.2123	0.2743	72.9839	76.1715
2.1985	8.2119	0.2777	73.7420	76.0524
2.1990	8.2130	0.2684	74.0898	75.8167
2.1995	8.2128	0.2680	74.4525	75.8837
2.2000	8.2140	0.2571	74.9858	76.1936
2.2005	8.2144	0.2520	75.9588	76.4153
2.2010	8.2139	0.2532	76.4337	76.3768
2.2015	8.2140	0.2564	76.5273	76.0140
2.2020	8.2141	0.2557	76.7243	75.8827
2.2025	8.2145	0.2528	77.4958	76.0269
2.2030	8.2156	0.2436	77.6001	75.9034
2.2035	8.2163	0.2325	76.4228	76.0023
2.2040	8.2162	0.2322	76.9573	76.4311
2.2045	8.2152	0.2410	76.5493	76.5759
2.2050	8.2150	0.2381	76.9106	76.4847
2.2055	8.2139	0.2543	77.1744	76.2070
2.2060	8.2128	0.2670	77.3007	76.2342
2.2065	8.2140	0.2586	77.8919	76.5049
2.2070	8.2138	0.2580	78.2203	76.1965
2.2075	8.2138	0.2562	77.7488	76.4478
2.2080	8.2148	0.2459	77.1006	76.6886
2.2085	8.2150	0.2464	76.6948	76.3883
2.2090	8.2142	0.2527	76.5421	76.3690
2.2095	8.2133	0.2655	74.0210	76.2446
2.2100	8.2139	0.2605	72.7008	76.4032
2.2105	8.2150	0.2500	73.6632	76.3244
2.2110	8.2155	0.2435	74.5982	75.8170
2.2115	8.2162	0.2313	75.0402	75.8977
2.2120	8.2160	0.2337	75.0237	76.2553
2.2125	8.2145	0.2502	75.7258	76.1202
2.2130	8.2130	0.2664	76.7440	75.9928
2.2135	8.2124	0.2729	77.0703	75.9386
2.2140	8.2124	0.2741	76.8132	76.4644
2.2145	8.2129	0.2668	77.1170	76.1595
2.2150	8.2137	0.2603	77.7149	75.5724
2.2155	8.2152	0.2409	77.2809	75.7462
2.2160	8.2151	0.2404	76.7936	76.1619
2.2165	8.2141	0.2477	76.2433	76.4892
2.2170	8.2138	0.2585	76.9090	76.4101
2.2175	8.2146	0.2526	77.6546	76.3636
2.2180	8.2145	0.2482	77.4545	76.5889
2.2185	8.2153	0.2418	77.5652	76.3719
2.2190	8.2151	0.2371	77.8703	76.0670
2.2195	8.2144	0.2498	77.9931	76.2778
2.2200	8.2143	0.2518	76.8340	76.1746
2.2205	8.2127	0.2644	76.2919	76.4117
2.2210	8.2116	0.2809	74.7317	76.4559
2.2215	8.2116	0.2837	73.1369	76.1256
2.2220	8.2118	0.2786	73.3693	76.0972
2.2225	8.2130	0.2667	73.5163	75.7151
2.2230	8.2135	0.2574	74.5000	75.7248
2.2235	8.2135	0.2602	75.3570	76.1170
2.2240	8.2140	0.2590	75.6799	76.1571
2.2245	8.2136	0.2582	75.7546	76.3878
2.2250	8.2134	0.2643	76.5617	76.6728
2.2255	8.2145	0.2555	77.2489	76.4735
2.2260	8.2155	0.2417	77.4048	76.4304
2.2265	8.2152	0.2425	77.0880	76.1691
2.2270	8.2140	0.2531	77.4343	76.2683
2.2275	8.2130	0.2705	77.4106	76.5195
2.2280	8.2111	0.2852	76.7849	76.5434
2.2285	8.2107	0.2903	76.5123	76.6272
2.2290	8.2127	0.2732	76.9672	76.5742
2.2295	8.2122	0.2747	77.8496	76.1014
2.2300	8.2124	0.2700	78.2015	76.2270
2.2305	8.2126	0.2691	77.8447	76.1379
2.2310	8.2128	0.2725	77.7535	76.2772
2.2315	8.2125	0.2762	77.7778	76.1234
2.2320	8.2134	0.2682	77.4654	75.7314
2.2325	8.2132	0.2677	75.9034	76.1187
2.2330	8.2131	0.2576	74.4381	76.1459
2.2335	8.2136	0.2587	73.1241	75.7692
2.2340	8.2148	0.2471	73.8569	75.8999
2.2345	8.2149	0.2508	74.0883	75.8316
2.2350	8.2129	0.2634	74.3490	76.2516
2.2355	8.2116	0.2788	75.2128	75.9023
2.2360	8.2104	0.2916	76.0335	75.7206
2.2365	8.2110	0.2876	76.3215	76.2938
2.2370	8.2110	0.2879	76.3498	76.4083
2.2375	8.2128	0.2723	76.8329	76.3014
2.2380	8.2143	0.2520	77.4932	76.1529
2.2385	8.2155	0.2426	77.4627	76.0132
2.2390	8.2143	0.2517	77.1189	76.3369
2.2395	8.2135	0.2576	76.0903	75.9462
2.2400	8.2135	0.2560	76.5057	76.0469
2.2405	8.2142	0.2493	77.1385	76.3897
2.2410	8.2151	0.2443	77.0709	76.2592
2.2415	8.2168	0.2259	77.5992	76.5401
2.2420	8.2160	0.2354	78.2694	76.2254
2.2425	8.2145	0.2510	78.3903	75.8382
2.2430	8.2130	0.2664	77.6024	75.8832
2.2435	8.2122	0.2662	77.1942	75.7373
2.2440	8.2135	0.2632	77.0401	76.1328
2.2445	8.2134	0.2603	75.9365	76.4152
2.2450	8.2148	0.2484	74.2445	76.1629
2.2455	8.2149	0.2464	72.6713	76.5958
2.2460	8.2152	0.2372	73.9432	76.4688
2.2465	8.2164	0.2321	74.7558	76.2433
2.2470	8.2155	0.2419	74.8497	76.1941
2.2475	8.2156	0.2413	75.0137	76.1759
2.2480	8.2157	0.2399	75.9739	76.4620
2.2485	8.2165	0.2291	76.8422	76.7441
2.2490	8.2168	0.2254	76.7698	76.4940
2.2495	8.2165	0.2316	76.6404	76.6104
2.2500	8.2153	0.2372	77.1184	76.3233
2.2505	8.2140	0.2571	78.0074	76.0596
2.2510	8.2130	0.2665	76.6638	76.2694
2.2515	8.2123	0.2704	75.4349	76.3437
2.2520	8.2124	0.2722	76.4216	76.3762
2.2525	8.2132	0.2603	77.3855	76.1193
2.2530	8.2146	0.2526	77.8437	76.0088
2.2535	8.2145	0.2543	77.5631	76.2128
2.2540	8.2131	0.2635	77.8402	75.7656
2.2545	8.2132	0.2629	78.3019	75.6274
2.2550	8.2133	0.2632	78.0268	75.9032
2.2555	8.2138	0.2629	76.9373	76.1694
2.2560	8.2142	0.2526	76.2663	76.3412
2.2565	8.2146	0.2501	75.7237	75.9627
2.2570	8.2146	0.2440	74.6457	76.0652
2.2575	8.2141	0.2505	73.2082	76.5659
2.2580	8.2128	0.2673	73.6586	76.3545
2.2585	8.2120	0.2738	74.6055	76.2792
2.2590	8.2126	0.2744	75.3648	76.2987
2.2595	8.2133	0.2632	75.4462	76.3746
2.2600	8.2132	0.2601	75.8068	76.3496
2.2605	8.2147	0.2505	76.5165	75.9872
2.2610	8.2154	0.2426	77.1983	76.0442
2.2615	8.2167	0.2302	76.9107	76.1513
2.2620	8.2174	0.2213	77.2033	76.2222
2.2625	8.2169	0.2269	76.1208	76.3238
2.2630	8.2165	0.2281	75.5790	76.1605
2.2635	8.2180	0.2199	76.2614	75.9807
2.2640	8.2182	0.2097	76.3845	76.1909
2.2645	8.2165	0.2298	77.2190	76.0649
2.2650	8.2150	0.2479	77.9073	76.0218
2.2655	8.2127	0.2657	78.1354	76.1060
2.2660	8.2123	0.2708	77.7632	76.1694
2.2665	8.2125	0.2725	77.7249	76.5877
2.2670	8.2128	0.2708	77.7290	76.4313
2.2675	8.2125	0.2705	77.1671	76.3310
2.2680	8.2140	0.2597	76.0219	76.5170
2.2685	8.2145	0.2531	74.4611	76.2195
2.2690	8.2143	0.2523	74.2256	76.2987
2.2695	8.2141	0.2537	74.0601	76.4765
2.2700	8.2142	0.2499	74.1847	76.2710
2.2705	8.2154	0.2389	74.6383	76.3130
2.2710	8.2156	0.2390	75.4196	76.2130
2.2715	8.2157	0.2419	76.3478	76.5727
2.2720	8.2141	0.2511	76.4671	76.7183
2.2725	8.2122	0.2693	76.6666	76.1968
2.2730	8.2109	0.2870	76.9857	75.8614
2.2735	8.2101	0.3018	77.8144	75.6579
2.2740	8.2106	0.2854	76.7214	75.9626
2.2745	8.2109	0.2891	76.4455	76.0690
2.2750	8.2129	0.2695	76.5493	75.8274
2.2755	8.2140	0.2553	76.4776	76.1094
2.2760	8.2141	0.2491	77.1307	76.3839
2.2765	8.2147	0.2419	77.1698	75.8663
2.2770	8.2151	0.2456	77.6330	75.7659
2.2775	8.2151	0.2448	78.1164	75.6580
2.2780	8.2151	0.2500	78.0375	76.0324
2.2785	8.2148	0.2445	77.4627	76.6813
2.2790	8.2155	0.2356	76.9811	76.5483
2.2795	8.2151	0.2441	76.7642	76.7772
2.2800	8.2136	0.2582	75.6620	76.5665
2.2805	8.2128	0.2703	73.0743	76.1771
2.2810	8.2123	0.2785	73.1934	76.0853
2.2815	8.2128	0.2697	74.1444	75.8353
2.2820	8.2137	0.2638	74.8025	75.7997
2.2825	8.2145	0.2495	74.9502	76.1214
2.2830	8.2149	0.2438	75.3535	76.3851
2.2835	8.2149	0.2490	76.3189	76.4011
2.2840	8.2144	0.2549	76.9630	76.1045
2.2845	8.2151	0.2468	76.9470	75.8899
2.2850	8.2153	0.2413	76.9696	76.0217
2.2855	8.2165	0.2322	77.5537	75.9407
2.2860	8.2173	0.2260	76.9308	75.9407
2.2865	8.2165	0.2233	77.0718	76.3371
2.2870	8.2168	0.2343	76.3166	76.5472
2.2875	8.2155	0.2333	76.4731	76.5574
2.2880	8.2146	0.2452	77.4886	76.2651
2.2885	8.2134	0.2638	77.6829	76.1657
2.2890	8.2142	0.2556	77.6203	76.5457
2.2895	8.2145	0.2470	77.8342	76.2558
2.2900	8.2152	0.2445	78.0458	76.3319
2.2905	8.2163	0.2333	77.6408	76.7015
2.2910	8.2169	0.2237	76.6257	76.4179
2.2915	8.2162	0.2350	76.3254	76.3524
2.2920	8.2149	0.2373	74.5928	76.2343
2.2925	8.2153	0.2419	73.1680	76.3185
2.2930	8.2154	0.2399	73.5092	76.3984
2.2935	8.2159	0.2371	74.0468	75.9253
2.2940	8.2164	0.2304	75.0012	75.8545
2.2945	8.2160	0.2351	75.3751	76.2613
2.2950	8.2147	0.2439	75.7274	76.1780
2.2955	8.2129	0.2656	76.2656	76.0240
2.2960	8.2120	0.2757	76.9516	75.8982
2.2965	8.2125	0.2722	77.2809	76.3499
2.2970	8.2128	0.2733	77.1819	76.2698
2.2975	8.2128	0.2690	77.3484	75.5964
2.2980	8.2149	0.2455	77.2275	75.6899
2.2985	8.2153	0.2396	77.1559	76.0832
2.2990	8.2143	0.2536	76.6048	76.4533
2.2995	8.2138	0.2590	76.4442	76.4485
2.3000	8.2136	0.2584	77.4017	76.3440
2.3005	8.2133	0.2616	77.7750	76.5451
2.3010	8.2140	0.2585	77.9057	76.4581
2.3015	8.2145	0.2478	77.6304	76.0276
2.3020	8.2142	0.2564	77.7082	76.1663
2.3025	8.2139	0.2597	77.2166	76.0937
2.3030	8.2129	0.2688	76.8832	76.2489
2.3035	8.2113	0.2841	75.0328	76.5054
2.3040	8.2114	0.2886	72.8108	76.1599
2.3045	8.2118	0.2831	73.4336	76.1321
2.3050	8.2127	0.2744	73.8683	75.8221
2.3055	8.2143	0.2602	74.3261	75.6969
2.3060	8.2143	0.2522	74.8019	76.0317
2.3065	8.2143	0.2523	75.6417	76.0995
2.3070	8.2141	0.2530	76.1918	76.2324
2.3075	8.2132	0.2636	76.5202	76.6317
2.3080	8.2141	0.2536	76.7171	76.4309
2.3085	8.2156	0.2431	77.2259	76.4434
2.3090	8.2155	0.2424	77.5439	76.2164
2.3095	8.2144	0.2499	77.6514	76.2616
2.3100	8.2127	0.2641	77.0292	76.5212
2.3105	8.2110	0.2779	76.5546	76.6062
2.3110	8.2111	0.2918	76.9059	76.6012
2.3115	8.2121	0.2741	77.3019	76.6492
2.3120	8.2128	0.2724	77.5220	76.1307
2.3125	8.2136	0.2568	77.7851	76.1447
2.3130	8.2140	0.2544	78.0730	76.0861
2.3135	8.2139	0.2570	78.2473	76.1698
2.3140	8.2140	0.2566	77.6977	76.1615
2.3145	8.2139	0.2537	77.2692	75.7467
2.3150	8.2143	0.2532	76.2176	76.0210
2.3155	8.2144	0.2579	75.0508	76.2872
2.3160	8.2142	0.2567	73.2766	75.8307
2.3165	8.2145	0.2526	73.3325	75.9606
2.3170	8.2138	0.2567	74.1776	75.8127
2.3175	8.2124	0.2688	74.6542	76.1941
2.3180	8.2112	0.2834	75.1437	75.9650
2.3185	8.2104	0.2997	75.5397	75.6495
2.3190	8.2104	0.2923	76.2227	76.0876
2.3195	8.2107	0.2860	76.6993	76.3842
2.3200	8.2115	0.2832	76.9315	76.3240
2.3205	8.2136	0.2611	77.1161	76.2537
2.3210	8.2148	0.2466	77.2693	76.0181
2.3215	8.2138	0.2514	77.5997	76.3468
2.3220	8.2138	0.2590	76.5209	76.0704
2.3225	8.2133	0.2633	76.0336	75.9695
2.3230	8.2140	0.2596	76.7906	76.3161
2.3235	8.2143	0.2546	77.3778	76.2160
2.3240	8.2165	0.2331	77.9000	76.4603
2.3245	8.2156	0.2349	77.9340	76.3073
2.3250	8.2137	0.2548	77.9330	75.8593
2.3255	8.2130	0.2629	77.9590	75.9065
2.3260	8.2123	0.2779	77.7550	75.7932
2.3265	8.2130	0.2703	77.0136	76.0441
2.3270	8.2137	0.2614	75.5267	76.5005
2.3275	8.2143	0.2534	74.6622	76.2271
2.3280	8.2151	0.2416	73.3575	76.4932
2.3285	8.2163	0.2322	73.7659	76.5156
2.3290	8.2179	0.2139	74.1578	76.2205
2.3295	8.2162	0.2301	74.6928	76.1829
2.3300	8.2165	0.2307	75.5222	76.1360
2.3305	8.2161	0.2279	75.9661	76.4288
2.3310	8.2168	0.2231	76.3021	76.8317
2.3315	8.2171	0.2222	76.5104	76.5758
2.3320	8.2164	0.2290	77.1020	76.6124
2.3325	8.2156	0.2355	77.3813	76.4664
2.3330	8.2142	0.2470	77.5281	76.0973
2.3335	8.2130	0.2656	76.6008	76.1940
2.3340	8.2128	0.2670	75.8073	76.2719
2.3345	8.2125	0.2746	76.6681	76.3818
2.3350	8.2134	0.2593	77.0329	76.1734
2.3355	8.2152	0.2465	77.3829	75.9886
2.3360	8.2159	0.2305	77.8168	76.2325
2.3365	8.2152	0.2421	78.3181	75.9012
2.3370	8.2146	0.2485	77.9929	75.6259
2.3375	8.2145	0.2470	77.6525	75.8674
2.3380	8.2148	0.2440	77.2567	76.1256
2.3385	8.2153	0.2403	76.9656	76.3796
2.3390	8.2156	0.2414	75.7695	76.0758
2.3395	8.2155	0.2399	74.2857	75.9966
2.3400	8.2144	0.2466	73.3832	76.5382
2.3405	8.2133	0.2618	74.1471	76.4308
2.3410	8.2128	0.2668	74.5550	76.2759
2.3415	8.2135	0.2637	74.6773	76.2992
2.3420	8.2144	0.2500	75.2594	76.3718
2.3425	8.2143	0.2465	76.3146	76.4019
2.3430	8.2152	0.2415	76.6360	76.0616
2.3435	8.2156	0.2393	76.6242	76.0281
2.3440	8.2168	0.2290	76.6855	76.2615
2.3445	8.2175	0.2165	77.6577	76.1828
2.3450	8.2175	0.2163	76.7353	76.3489
2.3455	8.2174	0.2193	75.0287	76.2246
2.3460	8.2175	0.2168	75.7846	76.0540
2.3465	8.2178	0.2119	76.7450	76.2530
2.3470	8.2164	0.2243	77.5485	76.1523
2.3475	8.2147	0.2488	77.4844	76.0135
2.3480	8.2130	0.2673	77.6083	76.1143
2.3485	8.2130	0.2692	78.0240	76.1187
2.3490	8.2130	0.2680	78.2746	76.5374
2.3495	8.2125	0.2688	77.6206	76.4919
2.3500	8.2127	0.2693	76.6928	76.3199
2.3505	8.2135	0.2623	76.3316	76.5635
2.3510	8.2148	0.2489	75.2233	76.3430
2.3515	8.2147	0.2424	74.1929	76.2778
2.3520	8.2144	0.2458	73.5799	76.5251
2.3525	8.2150	0.2481	74.0439	76.2999
2.3530	8.2152	0.2469	75.1509	76.3420
2.3535	8.2152	0.2409	75.4115	76.2233
2.3540	8.2153	0.2415	75.7486	76.5005
2.3545	8.2143	0.2481	76.2436	76.7750
2.3550	8.2127	0.2690	77.1498	76.3165
2.3555	8.2114	0.2799	77.1567	75.9539
2.3560	8.2095	0.2987	77.3577	75.7480
2.3565	8.2105	0.2952	76.6472	75.9399
2.3570	8.2107	0.2888	76.8090	76.1470
2.3575	8.2123	0.2752	76.9178	75.8695
2.3580	8.2134	0.2600	76.0207	76.0856
2.3585	8.2141	0.2511	76.7771	76.4349
2.3590	8.2149	0.2469	77.4837	75.9751
2.3595	8.2150	0.2462	77.9523	75.7820
2.3600	8.2147	0.2486	77.7300	75.7039
2.3605	8.2148	0.2485	77.6890	75.9272
2.3610	8.2144	0.2507	77.8049	76.6800
2.3615	8.2151	0.2417	77.4897	76.5858
2.3620	8.2145	0.2453	76.5552	76.7952
2.3625	8.2136	0.2544	75.5731	76.6819
2.3630	8.2124	0.2708	73.5207	76.2797
2.3635	8.2118	0.2776	73.4732	76.1209
2.3640	8.2127	0.2714	73.9145	75.8739
2.3645	8.2131	0.2682	74.2214	75.7793
2.3650	8.2136	0.2564	74.9627	76.0874
2.3655	8.2146	0.2485	75.7469	76.3642
2.3660	8.2144	0.2530	76.2404	76.4681
2.3665	8.2139	0.2563	76.3327	76.2056
2.3670	8.2148	0.2515	76.8272	75.9200
2.3675	8.2157	0.2387	77.3470	76.0365
2.3680	8.2157	0.2360	77.7671	76.0111
2.3685	8.2168	0.2308	76.4975	75.9334
2.3690	8.2170	0.2239	76.7594	76.2789
2.3695	8.2161	0.2298	76.9427	76.5531
2.3700	8.2156	0.2354	76.6204	76.5663
2.3705	8.2152	0.2458	77.0130	76.3585
2.3710	8.2129	0.2593	77.2675	76.1429
2.3715	8.2137	0.2560	77.9082	76.5328
2.3720	8.2149	0.2487	78.1731	76.3462
2.3725	8.2150	0.2458	77.7559	76.2762
2.3730	8.2162	0.2334	77.3200	76.7308
2.3735	8.2167	0.2212	77.0129	76.4959
2.3740	8.2160	0.2325	76.7934	76.3855
2.3745	8.2152	0.2394	74.7884	76.2889
2.3750	8.2152	0.2381	72.7520	76.2881
2.3755	8.2159	0.2354	73.5900	76.4579
2.3760	8.2158	0.2335	74.4085	75.9628
2.3765	8.2165	0.2245	74.7260	75.8219
2.3770	8.2162	0.2295	74.8367	76.2435
2.3775	8.2150	0.2411	75.7274	76.2538
2.3780	8.2131	0.2632	76.6545	76.0976
2.3785	8.2123	0.2747	76.9621	75.9609
2.3790	8.2121	0.2806	76.7470	76.2969
2.3795	8.2124	0.2744	76.9831	76.4011
2.3800	8.2137	0.2676	77.8093	75.6414
2.3805	8.2157	0.2439	77.4750	75.6507
2.3810	8.2167	0.2326	76.8279	75.9740
2.3815	8.2151	0.2425	76.5052	76.4359
2.3820	8.2150	0.2483	76.6872	76.4923
2.3825	8.2148	0.2445	77.5778	76.3821
2.3830	8.2146	0.2408	77.4331	76.5875
2.3835	8.2156	0.2408	77.5997	76.5701
2.3840	8.2155	0.2324	77.8855	76.0908
2.3845	8.2154	0.2428	78.0003	76.1935
2.3850	8.2148	0.2531	77.1719	76.1964
2.3855	8.2130	0.2626	76.5829	76.2251
2.3860	8.2116	0.2845	75.5993	76.5232
2.3865	8.2113	0.2819	73.2880	76.2025
2.3870	8.2111	0.2823	73.1185	76.1411
2.3875	8.2126	0.2705	73.4834	75.8862
2.3880	8.2139	0.2617	74.3522	75.6693
2.3885	8.2143	0.2508	75.0851	76.0085
2.3890	8.2143	0.2523	75.4582	76.1625
2.3895	8.2143	0.2477	75.7109	76.2118
2.3900	8.2136	0.2576	76.4630	76.6412
2.3905	8.2139	0.2561	77.1072	76.5284
2.3910	8.2150	0.2441	77.2526	76.4807
2.3915	8.2148	0.2467	77.1097	76.2713
2.3920	8.2146	0.2498	77.4340	76.2263
2.3925	8.2129	0.2632	77.5955	76.4833
2.3930	8.2116	0.2803	76.9366	76.5815
2.3935	8.2109	0.2886	76.4555	76.5888
2.3940	8.2115	0.2819	76.7989	76.7095
2.3945	8.2112	0.2805	77.6960	76.2176
2.3950	8.2123	0.2770	78.1396	76.1674
2.3955	8.2119	0.2737	77.9022	76.1729
2.3960	8.2119	0.2776	77.8285	76.1946
2.3965	8.2116	0.2828	77.8134	76.2754
2.3970	8.2118	0.2768	77.7647	75.8710
2.3975	8.2123	0.2724	76.4028	75.9700
2.3980	8.2124	0.2720	74.8171	76.3159
2.3985	8.2129	0.2681	73.3854	75.8396
2.3990	8.2140	0.2631	73.5590	75.9074
2.3995	8.2141	0.2512	74.1512	75.7905
2.4000	8.2122	0.2655	74.1739	76.1139
2.4005	8.2112	0.2808	74.9757	76.1071
2.4010	8.2095	0.2971	75.8330	75.6833
2.4015	8.2100	0.2959	76.2983	76.1309
2.4020	8.2103	0.2927	76.2931	76.4806
2.4025	8.2116	0.2840	76.6368	76.3584
2.4030	8.2133	0.2609	77.3668	76.2997
2.4035	8.2154	0.2442	77.5358	75.9924
2.4040	8.2142	0.2513	77.4044	76.2871
2.4045	8.2131	0.2642	76.4044	76.1673
2.4050	8.2128	0.2708	76.1438	75.9436
2.4055	8.2135	0.2590	77.0224	76.3975
2.4060	8.2135	0.2582	77.1222	76.2945
2.4065	8.2157	0.2399	77.4819	76.4760
2.4070	8.2156	0.2399	78.1189	76.4341
2.4075	8.2145	0.2523	78.3614	75.9094
2.4080	8.2131	0.2667	77.9098	75.9181
2.4085	8.2124	0.2758	77.3286	75.8390
2.4090	8.2129	0.2682	77.2819	75.9877
2.4095	8.2131	0.2637	76.1958	76.4731
2.4100	8.2140	0.2586	74.8375	76.2496
2.4105	8.2146	0.2475	73.0070	76.4433
2.4110	8.2149	0.2425	73.5305	76.5926
2.4115	8.2166	0.2281	74.6262	76.2661
2.4120	8.2162	0.2334	74.7429	76.2502
2.4125	8.2162	0.2360	74.9643	76.1824
2.4130	8.2158	0.2370	75.5860	76.3966
2.4135	8.2160	0.2280	76.6570	76.7844
2.4140	8.2172	0.2228	76.8281	76.5918
2.4145	8.2162	0.2300	76.6819	76.5668
2.4150	8.2159	0.2390	76.9269	76.5537
2.4155	8.2142	0.2529	77.7978	76.1095
2.4160	8.2127	0.2711	77.3478	76.2710
2.4165	8.2126	0.2717	75.5430	76.3813
2.4170	8.2125	0.2734	75.9931	76.4080
2.4175	8.2129	0.2708	77.1193	76.2358
2.4180	8.2149	0.2451	77.8697	75.9618
2.4185	8.2165	0.2317	77.7001	76.2029
2.4190	8.2153	0.2450	77.7010	75.9613
2.4195	8.2148	0.2449	78.0754	75.5838
2.4200	8.2154	0.2387	78.2953	75.8741
2.4205	8.2151	0.2408	77.3422	76.1422
2.4210	8.2155	0.2410	76.4516	76.3849
2.4215	8.2158	0.2340	75.8783	76.1583
2.4220	8.2154	0.2366	75.0549	75.9624
2.4225	8.2149	0.2460	73.6153	76.5126
2.4230	8.2135	0.2617	73.4272	76.5081
2.4235	8.2123	0.2697	74.2679	76.2966
2.4240	8.2127	0.2682	75.1639	76.3509
2.4245	8.2136	0.2565	75.5010	76.3315
2.4250	8.2137	0.2551	75.7074	76.4131
2.4255	8.2145	0.2521	76.2381	76.0680
2.4260	8.2151	0.2425	77.0176	75.9675
2.4265	8.2155	0.2397	77.1358	76.2054
2.4270	8.2172	0.2212	77.1773	76.2521
2.4275	8.2174	0.2216	76.6261	76.3505
2.4280	8.2169	0.2232	75.3697	76.2714
2.4285	8.2176	0.2136	76.1509	76.0425
2.4290	8.2183	0.2123	76.4113	76.1888
2.4295	8.2169	0.2216	76.9260	76.1713
2.4300	8.2150	0.2431	77.6727	75.9620
2.4305	8.2132	0.2662	78.2130	76.1277
2.4310	8.2124	0.2717	77.9269	76.0761
2.4315	8.2127	0.2694	77.6301	76.4935
2.4320	8.2127	0.2644	77.7134	76.5378
2.4325	8.2127	0.2690	77.4743	76.3202
2.4330	8.2137	0.2573	76.6070	76.5190
2.4335	8.2148	0.2443	74.8380	76.3672
2.4340	8.2148	0.2469	74.0590	76.2330
2.4345	8.2153	0.2465	74.2575	76.5219
2.4350	8.2150	0.2440	74.2065	76.3142
2.4355	8.2157	0.2416	74.4503	76.3364
2.4360	8.2150	0.2489	75.0143	76.2554
2.4365	8.2150	0.2534	76.2484	76.4352
2.4370	8.2139	0.2587	76.5985	76.7936
2.4375	8.2126	0.2790	76.5833	76.3890
2.4380	8.2110	0.2870	76.6497	75.9893
2.4385	8.2089	0.3006	77.7672	75.7750
2.4390	8.2099	0.3031	77.3754	75.8480
2.4395	8.2101	0.2983	76.3255	76.1297
2.4400	8.2108	0.2850	76.4644	75.8792
2.4405	8.2116	0.2747	76.3764	75.9880
2.4410	8.2131	0.2665	77.2242	76.4321
2.4415	8.2140	0.2586	77.1872	76.0829
2.4420	8.2142	0.2525	77.3125	75.7796
2.4425	8.2146	0.2478	77.8991	75.7040
2.4430	8.2144	0.2481	78.3481	75.8099
2.4435	8.2142	0.2491	77.7369	76.6163
2.4440	8.2151	0.2456	77.0281	76.5604
2.4445	8.2152	0.2467	76.6792	76.7223
2.4450	8.2145	0.2508	76.4345	76.6924
2.4455	8.2129	0.2667	73.8921	76.2868
2.4460	8.2118	0.2756	72.8203	76.1419
2.4465	8.2123	0.2725	73.8076	75.9407
2.4470	8.2128	0.2698	74.6816	75.8037
2.4475	8.2135	0.2617	75.0783	76.0751
2.4480	8.2141	0.2505	75.0863	76.3717
2.4485	8.2140	0.2554	76.0202	76.4791
2.4490	8.2140	0.2590	76.9061	76.2621
2.4495	8.2144	0.2540	77.1368	75.8962
2.4500	8.2150	0.2457	76.7016	75.9792
2.4505	8.2149	0.2430	77.4047	75.9888
2.4510	8.2157	0.2330	77.1499	75.8796
2.4515	8.2162	0.2236	77.1998	76.2313
2.4520	8.2160	0.2334	76.6352	76.5672
2.4525	8.2156	0.2356	75.9953	76.6147
2.4530	8.2145	0.2461	77.3688	76.4422
2.4535	8.2128	0.2621	77.8788	76.1485
2.4540	8.2136	0.2592	77.6282	76.5038
2.4545	8.2143	0.2547	77.5003	76.3701
2.4550	8.2142	0.2503	78.0114	76.2097
2.4555	8.2154	0.2402	78.1262	76.6601
2.4560	8.2160	0.2343	76.9902	76.5027
2.4565	8.2155	0.2350	76.1665	76.3676
2.4570	8.2140	0.2508	75.2575	76.2944
2.4575	8.2153	0.2495	73.5490	76.2647
2.4580	8.2152	0.2373	73.5457	76.4880
2.4585	8.2157	0.2395	73.6453	76.0730
2.4590	8.2162	0.2288	74.5644	75.8295
2.4595	8.2162	0.2316	75.5086	76.2039
2.4600	8.2149	0.2394	75.8455	76.2666
2.4605	8.2132	0.2623	75.9547	76.0570
2.4610	8.2117	0.2737	76.5961	75.9261
2.4615	8.2118	0.2793	77.3253	76.1392
2.4620	8.2118	0.2790	77.4052	76.4371
2.4625	8.2123	0.2708	77.2643	75.7436
2.4630	8.2142	0.2514	77.1056	75.6396
2.4635	8.2157	0.2371	77.2909	75.9609
2.4640	8.2145	0.2516	77.0259	76.4167
2.4645	8.2135	0.2588	76.2411	76.4861
2.4650	8.2134	0.2602	76.9316	76.3817
2.4655	8.2137	0.2540	77.8034	76.5225
2.4660	8.2140	0.2566	78.1572	76.5905
2.4665	8.2147	0.2429	77.6130	76.1131
2.4670	8.2143	0.2537	77.4678	76.1108
2.4675	8.2138	0.2599	77.5835	76.1486
2.4680	8.2129	0.2638	77.2255	76.1446
2.4685	8.2111	0.2814	75.7537	76.5554
2.4690	8.2114	0.2850	72.8905	76.2782
2.4695	8.2114	0.2879	73.1753	76.1508
2.4700	8.2118	0.2772	74.1840	75.9682
2.4705	8.2132	0.2641	74.2200	75.6718
2.4710	8.2138	0.2576	74.2947	75.9378
2.4715	8.2134	0.2635	75.3786	76.1154
2.4720	8.2137	0.2669	76.4646	76.1004
2.4725	8.2121	0.2711	76.5516	76.5868
2.4730	8.2130	0.2687	76.2750	76.5226
2.4735	8.2135	0.2646	76.9680	76.4633
2.4740	8.2136	0.2588	77.9039	76.3226
2.4745	8.2130	0.2622	77.7988	76.2253
2.4750	8.2120	0.2751	76.9580	76.4902
2.4755	8.2107	0.2883	76.5464	76.6208
2.4760	8.2099	0.2936	77.1973	76.5778
2.4765	8.2112	0.2826	77.3276	76.7002
2.4770	8.2119	0.2820	76.9205	76.2642
2.4775	8.2123	0.2704	77.5056	76.1178
2.4780	8.2134	0.2670	78.5736	76.1485
2.4785	8.2133	0.2615	78.6766	76.1463
2.4790	8.2129	0.2694	77.3772	76.3118
2.4795	8.2133	0.2652	76.9109	75.9498
2.4800	8.2135	0.2709	76.9457	75.9353
2.4805	8.2131	0.2696	75.9571	76.3712
2.4810	8.2131	0.2624	73.4061	75.9102
2.4815	8.2140	0.2549	72.5725	75.9110
2.4820	8.2138	0.2588	74.2023	75.7952
2.4825	8.2122	0.2698	75.0325	76.0499
2.4830	8.2107	0.2830	74.9898	76.1602
2.4835	8.2097	0.2978	74.8911	75.6888
2.4840	8.2095	0.3026	76.0943	76.0473
2.4845	8.2101	0.2944	77.1678	76.4887
2.4850	8.2111	0.2862	76.9201	76.3808
2.4855	8.2130	0.2696	76.5454	76.3255
2.4860	8.2148	0.2500	77.1731	76.0199
2.4865	8.2139	0.2576	78.2283	76.2630
2.4870	8.2131	0.2605	77.0219	76.2502
2.4875	8.2133	0.2683	75.4068	75.9300
2.4880	8.2140	0.2576	76.4258	76.3719
2.4885	8.2141	0.2578	77.7526	76.3111
2.4890	8.2156	0.2373	78.0804	76.4258
2.4895	8.2163	0.2298	77.5210	76.4787
2.4900	8.2143	0.2503	77.6610	75.9540
2.4905	8.2131	0.2623	78.4909	75.9229
2.4910	8.2125	0.2738	78.1066	75.8752
2.4915	8.2124	0.2694	76.9709	75.9399
2.4920	8.2133	0.2638	75.5474	76.4673
2.4925	8.2133	0.2601	75.3867	76.3144
2.4930	8.2145	0.2510	74.0893	76.3693
2.4935	8.2159	0.2405	73.2288	76.6161
2.4940	8.2169	0.2242	73.7504	76.2768
2.4945	8.2163	0.2325	74.7017	76.2300
2.4950	8.2162	0.2366	75.8069	76.1721
2.4955	8.2156	0.2395	75.6715	76.3673
2.4960	8.2164	0.2353	75.7920	76.7927
2.4965	8.2168	0.2284	76.6039	76.6751
2.4970	8.2162	0.2328	77.5148	76.5616
2.4975	8.2159	0.2359	77.2576	76.6134
2.4980	8.2140	0.2467	76.9933	76.1139
2.4985	8.2125	0.2685	77.0396	76.2229
2.4990	8.2120	0.2684	76.3710	76.3693
2.4995	8.2121	0.2728	76.5298	76.3905
2.5000	8.2122	0.2739	76.4326	76.2829
2.5005	8.2138	0.2634	77.1965	75.9953
2.5010	8.2149	0.2469	78.2422	76.2098
2.5015	8.2137	0.2589	78.4498	76.0917
2.5020	8.2130	0.2667	77.6781	75.6380
2.5025	8.2140	0.2591	77.5062	75.8678
2.5030	8.2135	0.2649	77.8469	76.1129
2.5035	8.2135	0.2597	77.3968	76.3642
2.5040	8.2139	0.2552	75.7642	76.2035
2.5045	8.2143	0.2531	74.4675	75.9123
2.5050	8.2140	0.2579	73.8836	76.3839
2.5055	8.2123	0.2731	74.1542	76.5377
2.5060	8.2112	0.2766	74.2038	76.3087
2.5065	8.2115	0.2766	74.2372	76.3811
2.5070	8.2135	0.2622	75.4591	76.3791
2.5075	8.2137	0.2579	76.4693	76.4869
2.5080	8.2138	0.2567	76.3596	76.2025
2.5085	8.2149	0.2458	76.1598	75.9737
2.5090	8.2154	0.2440	76.8537	76.0891
2.5095	8.2167	0.2262	77.8934	76.1260
2.5100	8.2175	0.2266	77.1903	76.3054
2.5105	8.2173	0.2193	74.7408	76.2931
2.5110	8.2170	0.2198	75.6359	76.0430
2.5115	8.2183	0.2127	77.0123	76.2143
2.5120	8.2167	0.2188	77.3990	76.2750
2.5125	8.2153	0.2441	77.0230	76.0373
2.5130	8.2134	0.2630	77.5434	76.1412
2.5135	8.2122	0.2736	78.4559	76.1108
2.5140	8.2130	0.2676	78.3494	76.4607
2.5145	8.2126	0.2727	77.3561	76.5834
2.5150	8.2120	0.2744	76.7792	76.3083
2.5155	8.2135	0.2633	77.0152	76.4956
2.5160	8.2155	0.2440	75.7758	76.4207
2.5165	8.2153	0.2386	73.8859	76.2122
2.5170	8.2156	0.2392	73.4747	76.5327
2.5175	8.2155	0.2458	74.2666	76.3823
2.5180	8.2159	0.2360	75.2746	76.3708
2.5185	8.2160	0.2390	74.9542	76.3028
2.5190	8.2157	0.2313	75.3365	76.4069
2.5195	8.2149	0.2452	76.4589	76.8069
2.5200	8.2131	0.2633	77.3802	76.4786
2.5205	8.2114	0.2794	76.8611	76.0429
2.5210	8.2099	0.2979	76.9119	75.7806
2.5215	8.2102	0.3003	77.2133	75.8090
2.5220	8.2108	0.2832	77.0355	76.1554
2.5225	8.2116	0.2823	76.9782	75.9475
2.5230	8.2133	0.2605	75.7110	75.9641
2.5235	8.2141	0.2540	76.6875	76.4441
2.5240	8.2142	0.2528	77.7796	76.1741
2.5245	8.2143	0.2499	77.8068	75.7856
2.5250	8.2151	0.2465	77.3743	75.7845
2.5255	8.2145	0.2502	77.7679	75.7923
2.5260	8.2145	0.2474	78.2740	76.5780
2.5265	8.2152	0.2437	77.7242	76.6272
2.5270	8.2155	0.2382	76.2981	76.7150
2.5275	8.2139	0.2520	75.9411	76.7637
2.5280	8.2127	0.2694	74.5108	76.3559
2.5285	8.2116	0.2791	73.4058	76.1459
2.5290	8.2117	0.2726	73.5072	75.9974
2.5295	8.2126	0.2683	73.9195	75.7877
2.5300	8.2134	0.2564	75.2186	76.0268
2.5305	8.2153	0.2473	75.7858	76.3492
2.5310	8.2148	0.2475	75.8476	76.4851
2.5315	8.2141	0.2556	76.0209	76.3174
2.5320	8.2148	0.2502	77.1096	75.9579
2.5325	8.2156	0.2431	77.4922	75.9972
2.5330	8.2160	0.2340	77.5046	76.0460
2.5335	8.2162	0.2248	76.4858	75.9008
2.5340	8.2170	0.2272	76.8858	76.1633
2.5345	8.2165	0.2257	77.4094	76.5672
2.5350	8.2164	0.2356	76.3005	76.6637
2.5355	8.2155	0.2410	76.5439	76.5136
2.5360	8.2136	0.2620	77.3624	76.1494
2.5365	8.2137	0.2574	78.2913	76.4659
2.5370	8.2147	0.2495	78.0227	76.4353
2.5375	8.2143	0.2502	77.4367	76.2036
2.5380	8.2146	0.2419	77.5116	76.6757
2.5385	8.2165	0.2357	77.5968	76.6091
2.5390	8.2161	0.2325	76.8784	76.4319
2.5395	8.2153	0.2360	75.0380	76.3760
2.5400	8.2149	0.2451	72.9579	76.2561
2.5405	8.2154	0.2402	73.8223	76.4996
2.5410	8.2153	0.2399	74.3284	76.1404
2.5415	8.2162	0.2363	74.2725	75.7793
2.5420	8.2160	0.2347	74.6797	76.1576
2.5425	8.2146	0.2440	75.9587	76.3099
2.5430	8.2135	0.2605	76.7538	76.1203
2.5435	8.2116	0.2735	76.4424	75.9906
2.5440	8.2110	0.2803	76.4908	76.1306
2.5445	8.2117	0.2794	77.3440	76.5179
2.5450	8.2124	0.2769	78.1025	75.8264
2.5455	8.2145	0.2520	77.3945	75.6334
2.5460	8.2161	0.2344	76.4397	75.9216
2.5465	8.2149	0.2487	76.7886	76.3704
2.5470	8.2143	0.2633	77.0308	76.5195
2.5475	8.2139	0.2606	77.2906	76.3929
2.5480	8.2135	0.2628	77.0750	76.5292
2.5485	8.2146	0.2548	77.6074	76.6604
2.5490	8.2148	0.2436	78.3259	76.2137
2.5495	8.2146	0.2484	78.0294	76.1289
2.5500	8.2138	0.2587	77.0100	76.2596
2.5505	8.2131	0.2623	76.6502	76.1732
2.5510	8.2114	0.2819	76.4887	76.5533
2.5515	8.2108	0.2898	73.7124	76.3090
2.5520	8.2114	0.2859	72.6725	76.1453
2.5525	8.2116	0.2806	73.3892	76.0083
2.5530	8.2133	0.2623	74.5743	75.6740
2.5535	8.2145	0.2537	75.0644	75.9278
2.5540	8.2140	0.2564	74.9087	76.1817
2.5545	8.2137	0.2576	75.5221	76.1484
2.5550	8.2126	0.2690	76.7545	76.6129
2.5555	8.2131	0.2626	77.2626	76.6114
2.5560	8.2143	0.2576	76.8234	76.4903
2.5565	8.2150	0.2467	76.8428	76.3494
2.5570	8.2149	0.2464	77.7487	76.1733
2.5575	8.2130	0.2629	78.0584	76.3952
2.5580	8.2115	0.2791	76.7338	76.6202
2.5585	8.2110	0.2936	76.1359	76.5779
2.5590	8.2109	0.2853	77.0035	76.7595
2.5595	8.2124	0.2729	77.9716	76.3745
2.5600	8.2118	0.2733	77.9257	76.1573
2.5605	8.2120	0.2734	77.4550	76.2050
2.5610	8.2114	0.2822	78.0468	76.0778
2.5615	8.2115	0.2847	78.4246	76.3534
2.5620	8.2112	0.2816	77.7286	75.9997
2.5625	8.2117	0.2828	76.2769	75.9438
2.5630	8.2113	0.2764	75.2083	76.3699
2.5635	8.2128	0.2717	74.2102	75.9709
2.5640	8.2134	0.2615	73.4709	75.8996
2.5645	8.2136	0.2561	73.6598	75.7888
2.5650	8.2129	0.2708	73.9388	75.9365
2.5655	8.2110	0.2806	75.2777	76.2573
2.5660	8.2096	0.2979	75.9298	75.7691
2.5665	8.2100	0.3012	75.8251	76.1053
2.5670	8.2105	0.2892	75.9857	76.5840
2.5675	8.2110	0.2843	76.9778	76.4098
2.5680	8.2126	0.2657	77.6424	76.3673
2.5685	8.2151	0.2446	77.2070	76.0254
2.5690	8.2147	0.2484	77.0260	76.1961
2.5695	8.2140	0.2523	76.9735	76.3052
2.5700	8.2136	0.2608	76.4798	75.9228
2.5705	8.2145	0.2529	76.7244	76.3800
2.5710	8.2146	0.2526	76.7198	76.4417
2.5715	8.2155	0.2387	77.5146	76.4551
2.5720	8.2165	0.2250	78.4447	76.5758
2.5725	8.2144	0.2453	78.2172	76.0217
2.5730	8.2136	0.2644	77.6239	75.9306
2.5735	8.2127	0.2726	77.4998	75.8980
2.5740	8.2125	0.2691	77.8477	75.8997
2.5745	8.2133	0.2630	76.4734	76.4333
2.5750	8.2136	0.2602	74.7766	76.3759
2.5755	8.2150	0.2461	73.3463	76.3676
2.5760	8.2155	0.2452	73.7024	76.6778
2.5765	8.2171	0.2257	74.6455	76.3403
2.5770	8.2170	0.2272	74.1943	76.2797
2.5775	8.2165	0.2310	74.7557	76.2037
2.5780	8.2160	0.2253	75.9265	76.3525
2.5785	8.2165	0.2250	76.7979	76.7730
2.5790	8.2174	0.2183	76.4092	76.7219
2.5795	8.2166	0.2323	76.3752	76.5567
2.5800	8.2159	0.2333	77.2953	76.6457
2.5805	8.2147	0.2480	78.0729	76.1630
2.5810	8.2135	0.2620	77.2366	76.2569
2.5815	8.2124	0.2682	75.3229	76.4422
2.5820	8.2122	0.2718	76.1946	76.4483
2.5825	8.2133	0.2701	77.4517	76.3288
2.5830	8.2144	0.2523	77.5603	76.0413
2.5835	8.2159	0.2398	77.1923	76.1906
2.5840	8.2149	0.2443	77.7944	76.1182
2.5845	8.2146	0.2524	78.6927	75.6430
2.5850	8.2144	0.2529	78.2904	75.8086
2.5855	8.2138	0.2539	77.0111	76.0932
2.5860	8.2148	0.2469	76.6578	76.3952
2.5865	8.2150	0.2440	76.6040	76.2682
2.5870	8.2152	0.2384	75.3929	75.9831
2.5875	8.2151	0.2467	73.3683	76.4376
2.5880	8.2134	0.2580	73.1998	76.5964
2.5885	8.2123	0.2678	74.7104	76.3195
2.5890	8.2126	0.2759	75.1872	76.3648
2.5895	8.2139	0.2636	74.9862	76.3546
2.5900	8.2144	0.2559	75.3732	76.4861
2.5905	8.2145	0.2534	76.6783	76.2298
2.5910	8.2152	0.2452	77.2245	75.9834
2.5915	8.2157	0.2393	76.6627	76.1682
2.5920	8.2170	0.2241	76.7487	76.2234
2.5925	8.2174	0.2163	77.4506	76.3300
2.5930	8.2174	0.2189	75.9172	76.3428
2.5935	8.2175	0.2159	75.6604	76.0757
2.5940	8.2182	0.2116	75.9100	76.1656
2.5945	8.2174	0.2160	77.1395	76.2824
2.5950	8.2156	0.2372	78.0896	76.0439
2.5955	8.2135	0.2612	77.8516	76.1279
2.5960	8.2125	0.2725	77.4975	76.0954
2.5965	8.2127	0.2676	77.9282	76.4405
2.5970	8.2126	0.2663	78.3857	76.6407
2.5975	8.2121	0.2699	77.4371	76.3689
2.5980	8.2137	0.2619	76.2187	76.5226
2.5985	8.2151	0.2476	75.2979	76.5044
2.5990	8.2153	0.2377	74.7528	76.2192
2.5995	8.2152	0.2389	74.2197	76.5113
2.6000	8.2155	0.2445	73.5219	76.3837
2.6005	8.2155	0.2370	74.4017	76.3357
2.6010	8.2158	0.2369	75.5110	76.2995
2.6015	8.2154	0.2416	76.2258	76.3684
2.6020	8.2150	0.2455	75.9113	76.8209
2.6025	8.2132	0.2610	76.3315	76.5398
2.6030	8.2116	0.2791	77.2900	76.0913
2.6035	8.2103	0.2975	77.9388	75.8168
2.6040	8.2103	0.2984	77.0920	75.7816
2.6045	8.2109	0.2907	75.9173	76.1596
2.6050	8.2107	0.2872	77.0664	75.9362
2.6055	8.2127	0.2728	76.8635	75.9343
2.6060	8.2140	0.2570	76.6516	76.4190
2.6065	8.2149	0.2434	76.6613	76.2045
2.6070	8.2153	0.2416	77.6518	75.7762
2.6075	8.2156	0.2366	78.4827	75.7774
2.6080	8.2157	0.2394	78.0815	75.7208
2.6085	8.2156	0.2384	77.2597	76.5574
2.6090	8.2154	0.2384	77.4051	76.6558
2.6095	8.2158	0.2349	77.3547	76.7279
2.6100	8.2148	0.2462	76.5310	76.8062
2.6105	8.2135	0.2580	73.7344	76.3921
2.6110	8.2124	0.2777	72.8357	76.1932
2.6115	8.2126	0.2717	74.3163	75.9981
2.6120	8.2129	0.2667	74.5779	75.7693
2.6125	8.2141	0.2543	74.4307	76.0048
2.6130	8.2150	0.2472	74.9558	76.3514
2.6135	8.2149	0.2444	76.4899	76.4964
2.6140	8.2142	0.2564	76.9086	76.3794
2.6145	8.2149	0.2458	76.5278	75.9983
2.6150	8.2152	0.2415	76.5553	76.0013
2.6155	8.2157	0.2347	77.9662	76.0654
2.6160	8.2164	0.2285	77.6955	75.9172
2.6165	8.2169	0.2258	76.4985	76.1464
2.6170	8.2166	0.2284	76.4426	76.5387
2.6175	8.2156	0.2402	76.5776	76.6399
2.6180	8.2151	0.2402	77.6269	76.5255
2.6185	8.2132	0.2610	77.3285	76.1648
2.6190	8.2128	0.2652	77.1447	76.4363
2.6195	8.2143	0.2514	78.0203	76.4814
2.6200	8.2141	0.2549	78.6146	76.2112
2.6205	8.2150	0.2431	77.7320	76.6477
2.6210	8.2166	0.2272	76.5879	76.6289
2.6215	8.2165	0.2267	76.6232	76.4014
2.6220	8.2153	0.2369	76.2678	76.3450
2.6225	8.2151	0.2436	73.4957	76.1985
2.6230	8.2156	0.2336	72.8359	76.4550
2.6235	8.2157	0.2357	73.7828	76.1709
2.6240	8.2160	0.2298	75.1038	75.7969
2.6245	8.2162	0.2302	75.2858	76.1638
2.6250	8.2154	0.2385	75.1076	76.3698
2.6255	8.2137	0.2564	75.9437	76.1638
2.6260	8.2125	0.2693	77.1570	76.0332
2.6265	8.2122	0.2762	77.3604	76.0900
2.6270	8.2120	0.2680	76.7544	76.5039
2.6275	8.2125	0.2684	77.1730	75.8402
2.6280	8.2145	0.2537	77.8621	75.5797
2.6285	8.2160	0.2312	77.4325	75.8796
2.6290	8.2155	0.2365	76.5369	76.3302
2.6295	8.2146	0.2465	76.0722	76.5446
2.6300	8.2149	0.2449	77.4376	76.4255
2.6305	8.2147	0.2489	78.0682	76.5387
2.6310	8.2151	0.2431	77.5003	76.6608
2.6315	8.2153	0.2401	77.3227	76.1991
2.6320	8.2152	0.2437	78.0613	76.0672
2.6325	8.2145	0.2584	78.0858	76.2288
2.6330	8.2135	0.2580	76.7423	76.1499
2.6335	8.2116	0.2762	75.7517	76.5333
2.6340	8.2109	0.2841	73.8028	76.3686
2.6345	8.2110	0.2841	73.5239	76.1635
2.6350	8.2122	0.2718	73.6598	76.0510
2.6355	8.2134	0.2649	73.6157	75.6694
2.6360	8.2141	0.2500	74.6710	75.8586
2.6365	8.2140	0.2566	75.8053	76.1353
2.6370	8.2138	0.2565	76.0524	76.0807
2.6375	8.2132	0.2636	75.8884	76.5554
2.6380	8.2132	0.2614	76.5896	76.6192
2.6385	8.2141	0.2517	77.5990	76.4933
2.6390	8.2153	0.2435	77.6445	76.3909
2.6395	8.2151	0.2456	77.0610	76.2055
2.6400	8.2135	0.2576	77.2644	76.4126
2.6405	8.2119	0.2731	77.3088	76.6481
2.6410	8.2110	0.2901	77.0531	76.6000
2.6415	8.2115	0.2829	76.6870	76.7259
2.6420	8.2132	0.2639	76.9848	76.3992
2.6425	8.2133	0.2576	78.1346	76.1045
2.6430	8.2143	0.2530	78.5474	76.2083
2.6435	8.2145	0.2520	77.9165	76.0543
2.6440	8.2140	0.2505	77.3388	76.3096
2.6445	8.2146	0.2528	77.7812	76.0151
2.6450	8.2145	0.2456	77.4726	75.9269
2.6455	8.2144	0.2528	75.6263	76.3734
2.6460	8.2142	0.2475	73.3410	76.0345
2.6465	8.2154	0.2413	72.9586	75.8984
2.6470	8.2160	0.2318	74.5358	75.8276
2.6475	8.2142	0.2514	74.4994	75.8915
2.6480	8.2132	0.2637	74.4886	76.2270
2.6485	8.2106	0.2872	75.2393	75.7183
2.6490	8.2102	0.2900	76.5047	76.0051
2.6495	8.2113	0.2879	76.7695	76.5682
2.6500	8.2117	0.2806	76.3920	76.4382
2.6505	8.2130	0.2690	76.7805	76.4148
2.6510	8.2156	0.2438	77.7146	76.0747
2.6515	8.2158	0.2413	77.9574	76.1718
2.6520	8.2148	0.2467	76.7488	76.3273
2.6525	8.2139	0.2541	75.6346	75.9173
2.6530	8.2141	0.2532	76.9245	76.3553
2.6535	8.2145	0.2526	77.6108	76.4388
2.6540	8.2154	0.2402	77.3732	76.4154
2.6545	8.2164	0.2289	77.5354	76.5785
2.6550	8.2147	0.2425	78.2621	76.0401
2.6555	8.2134	0.2581	78.6412	75.9270
2.6560	8.2125	0.2735	77.6406	75.9305
2.6565	8.2125	0.2685	76.9834	75.8805
2.6570	8.2132	0.2614	76.3301	76.4318
2.6575	8.2143	0.2552	75.7566	76.4118
2.6580	8.2148	0.2493	73.8957	76.3277
2.6585	8.2161	0.2340	72.8568	76.6417
2.6590	8.2176	0.2137	74.2298	76.3271
2.6595	8.2170	0.2154	74.9410	76.2498
2.6600	8.2170	0.2225	75.2833	76.1840
2.6605	8.2168	0.2225	75.2456	76.3106
2.6610	8.2164	0.2288	76.1775	76.8043
2.6615	8.2176	0.2209	76.9504	76.7855
2.6620	8.2173	0.2221	77.0703	76.5610
2.6625	8.2165	0.2291	76.8104	76.6881
2.6630	8.2157	0.2343	77.2816	76.1849
2.6635	8.2135	0.2602	77.8049	76.2078
2.6640	8.2126	0.2671	76.2155	76.3597
2.6645	8.2122	0.2720	75.8251	76.3942
2.6650	8.2127	0.2693	76.5961	76.3362
2.6655	8.2137	0.2551	77.6536	76.0249
2.6660	8.2154	0.2425	78.1065	76.1650
2.6665	8.2152	0.2389	77.8222	76.1860
2.6670	8.2143	0.2506	77.8085	75.6637
2.6675	8.2145	0.2508	78.1978	75.8097
2.6680	8.2141	0.2535	77.9123	76.0869
2.6685	8.2152	0.2517	76.9232	76.3445
2.6690	8.2155	0.2411	75.8787	76.2942
2.6695	8.2156	0.2407	75.1511	75.9908
2.6700	8.2148	0.2462	74.2098	76.3396
2.6705	8.2136	0.2610	73.5590	76.6092
2.6710	8.2118	0.2762	74.0016	76.3261
2.6715	8.2121	0.2756	74.7004	76.3973
2.6720	8.2139	0.2655	75.5913	76.3711
2.6725	8.2138	0.2590	75.8870	76.5086
2.6730	8.2141	0.2567	76.0800	76.2708
2.6735	8.2145	0.2505	76.5883	75.9780
2.6740	8.2154	0.2496	77.2219	76.1063
2.6745	8.2168	0.2292	77.3984	76.1678
2.6750	8.2175	0.2250	77.0840	76.3107
2.6755	8.2168	0.2220	75.2656	76.3499
2.6760	8.2173	0.2226	75.8595	76.1019
2.6765	8.2181	0.2125	76.6668	76.1732
2.6770	8.2171	0.2169	76.9133	76.3321
2.6775	8.2153	0.2390	77.2334	76.0749
2.6780	8.2132	0.2605	77.9631	76.1310
2.6785	8.2122	0.2735	78.3482	76.0876
2.6790	8.2128	0.2687	77.9117	76.3997
2.6795	8.2127	0.2691	77.5591	76.6279
2.6800	8.2132	0.2712	77.3557	76.3523
2.6805	8.2132	0.2621	77.0609	76.4770
2.6810	8.2149	0.2427	75.5863	76.5194
2.6815	8.2158	0.2348	74.0118	76.2154
2.6820	8.2157	0.2357	73.9722	76.5002
2.6825	8.2150	0.2410	74.2754	76.4286
2.6830	8.2158	0.2362	74.7492	76.3610
2.6835	8.2158	0.2302	74.7479	76.3337
2.6840	8.2158	0.2357	75.6743	76.3576
2.6845	8.2158	0.2353	76.5824	76.7959
2.6850	8.2133	0.2553	76.9466	76.5811
2.6855	8.2125	0.2735	76.6599	76.0825
2.6860	8.2104	0.2936	77.1776	75.8391
2.6865	8.2095	0.3026	77.6734	75.7666
2.6870	8.2107	0.2885	76.6979	76.1627
2.6875	8.2113	0.2822	76.5926	75.9996
2.6880	8.2135	0.2619	76.0456	75.9385
2.6885	8.2144	0.2451	76.9015	76.4035
2.6890	8.2152	0.2409	77.5411	76.2824
2.6895	8.2150	0.2431	77.4208	75.8338
2.6900	8.2152	0.2410	77.5414	75.8263
2.6905	8.2148	0.2455	78.1769	75.7419
2.6910	8.2149	0.2442	78.1150	76.5046
2.6915	8.2153	0.2437	77.4110	76.6845
2.6920	8.2159	0.2373	76.5558	76.7023
2.6925	8.2145	0.2488	76.4889	76.8351
2.6930	8.2126	0.2631	74.7551	76.4293
2.6935	8.2120	0.2766	72.9870	76.2120
2.6940	8.2118	0.2768	73.4701	76.0499
2.6945	8.2128	0.2648	74.2511	75.7925
2.6950	8.2136	0.2528	75.1617	75.9766
2.6955	8.2149	0.2442	75.3459	76.3344
2.6960	8.2152	0.2447	75.7128	76.5108
2.6965	8.2147	0.2484	76.3726	76.4134
2.6970	8.2154	0.2467	77.2230	76.0056
2.6975	8.2155	0.2381	77.1715	76.0010
2.6980	8.2157	0.2312	77.2473	76.1151
2.6985	8.2165	0.2319	77.0595	75.9285
2.6990	8.2166	0.2239	77.1000	76.1047
2.6995	8.2166	0.2262	77.2868	76.5425
2.7000	8.2159	0.2372	76.0967	76.6766
2.7005	8.2153	0.2390	76.7538	76.5803
2.7010	8.2137	0.2506	77.6430	76.2033
2.7015	8.2136	0.2626	78.0155	76.4408
2.7020	8.2148	0.2515	77.6949	76.5173
2.7025	8.2141	0.2546	77.6727	76.1933
2.7030	8.2150	0.2484	77.9642	76.6355
2.7035	8.2159	0.2323	77.5682	76.6691
2.7040	8.2163	0.2299	76.5798	76.4517
2.7045	8.2154	0.2387	75.4965	76.4053
2.7050	8.2145	0.2440	73.5182	76.2481
2.7055	8.2154	0.2418	73.6422	76.4737
2.7060	8.2155	0.2366	73.9065	76.2501
2.7065	8.2166	0.2290	74.1905	75.7474
2.7070	8.2167	0.2295	75.0265	76.0741
2.7075	8.2152	0.2365	75.8956	76.3708
2.7080	8.2140	0.2528	76.3025	76.1602
2.7085	8.2124	0.2721	76.3392	76.0712
2.7090	8.2115	0.2823	76.8545	76.0958
2.7095	8.2115	0.2787	77.5037	76.5563
2.7100	8.2122	0.2748	77.6527	75.9400
2.7105	8.2136	0.2558	77.1548	75.5865
2.7110	8.2157	0.2357	76.8777	75.8490
2.7115	8.2148	0.2408	77.2287	76.3026
2.7120	8.2139	0.2568	76.8027	76.5467
2.7125	8.2138	0.2511	76.8186	76.4320
2.7130	8.2140	0.2578	77.2235	76.5008
2.7135	8.2137	0.2552	77.9649	76.6790
2.7140	8.2146	0.2523	78.1992	76.2685
2.7145	8.2145	0.2498	77.7219	76.0740
2.7150	8.2139	0.2514	77.2228	76.2648
2.7155	8.2135	0.2577	76.9995	76.1794
2.7160	8.2113	0.2768	76.7497	76.5802
2.7165	8.2113	0.2878	73.7756	76.3975
2.7170	8.2110	0.2825	72.6066	76.1659
2.7175	8.2118	0.2779	73.5799	76.0695
2.7180	8.2134	0.2682	74.3758	75.7019
2.7185	8.2143	0.2549	74.7657	75.8527
2.7190	8.2143	0.2546	74.9280	76.1919
2.7195	8.2137	0.2494	75.8203	76.1508
2.7200	8.2136	0.2587	76.6770	76.5879
2.7205	8.2130	0.2605	76.8161	76.6940
2.7210	8.2148	0.2507	76.7013	76.5040
2.7215	8.2153	0.2420	77.2657	76.4079
2.7220	8.2155	0.2406	77.8756	76.1481
2.7225	8.2136	0.2566	77.7544	76.3450
2.7230	8.2125	0.2727	76.5905	76.6179
2.7235	8.2112	0.2846	76.4801	76.5998
2.7240	8.2115	0.2827	77.2923	76.7615
2.7245	8.2130	0.2679	77.5852	76.4837
2.7250	8.2132	0.2619	77.5277	76.1570
2.7255	8.2142	0.2567	77.7563	76.2527
2.7260	8.2146	0.2514	78.4333	76.0772
2.7265	8.2141	0.2529	78.3131	76.3210
2.7270	8.2143	0.2523	77.3733	76.0595
2.7275	8.2150	0.2442	76.6012	75.9132
2.7280	8.2148	0.2475	75.8901	76.3447
2.7285	8.2148	0.2442	74.4555	76.0686
2.7290	8.2157	0.2385	72.8914	75.9019
2.7295	8.2164	0.2328	73.5685	75.8823
2.7300	8.2146	0.2449	74.4476	75.9318
2.7305	8.2132	0.2635	75.3683	76.3252
2.7310	8.2113	0.2805	75.3202	75.8292
2.7315	8.2107	0.2870	75.5232	76.0207
2.7320	8.2112	0.2815	76.4389	76.5749
2.7325	8.2122	0.2690	77.1878	76.4286
2.7330	8.2137	0.2586	77.1432	76.3846
2.7335	8.2157	0.2349	76.8818	76.0880
2.7340	8.2157	0.2416	77.4381	76.1477
2.7345	8.2153	0.2422	77.5589	76.3968
2.7350	8.2145	0.2449	76.1858	76.0034
2.7355	8.2149	0.2431	76.1353	76.3635
2.7360	8.2154	0.2434	76.8855	76.4717
2.7365	8.2158	0.2340	77.9372	76.4225
2.7370	8.2172	0.2236	78.2896	76.6185
2.7375	8.2154	0.2430	77.8019	76.0735
2.7380	8.2140	0.2541	77.8295	75.9095
2.7385	8.2130	0.2576	77.9870	75.9073
2.7390	8.2128	0.2676	77.7949	75.8431
2.7395	8.2140	0.2502	76.1592	76.3989
2.7400	8.2143	0.2537	75.0094	76.4562
2.7405	8.2162	0.2373	74.1065	76.3528
2.7410	8.2162	0.2340	73.6047	76.6934
2.7415	8.2170	0.2233	74.0953	76.3920
2.7420	8.2174	0.2227	74.0755	76.3014
2.7425	8.2166	0.2254	75.2173	76.2482
2.7430	8.2167	0.2260	76.0122	76.3060
2.7435	8.2169	0.2234	76.2111	76.7393
2.7440	8.2170	0.2168	76.1538	76.7857
2.7445	8.2173	0.2205	76.8452	76.5295
2.7450	8.2164	0.2233	77.6140	76.6842
2.7455	8.2153	0.2368	77.5989	76.2101
2.7460	8.2137	0.2575	77.0638	76.2226
2.7465	8.2132	0.2636	75.8613	76.4014
2.7470	8.2132	0.2638	76.4285	76.4416
2.7475	8.2135	0.2603	77.0475	76.3794
2.7480	8.2154	0.2434	77.0251	76.0656
2.7485	8.2164	0.2310	77.5399	76.1567
2.7490	8.2155	0.2309	78.3741	76.1928
2.7495	8.2149	0.2484	78.4533	75.6849
2.7500	8.2146	0.2443	77.6619	75.8035
2.7505	8.2144	0.2489	77.1902	76.1063
2.7510	8.2153	0.2413	77.3204	76.3777
2.7515	8.2152	0.2419	76.7491	76.3200
2.7520	8.2155	0.2363	74.9560	75.9650
2.7525	8.2155	0.2395	73.5085	76.3723
2.7530	8.2146	0.2539	73.6937	76.6302
2.7535	8.2131	0.2634	74.6967	76.3356
2.7540	8.2127	0.2697	74.5470	76.3564
2.7545	8.2142	0.2564	74.7909	76.3443
2.7550	8.2147	0.2477	75.8711	76.4830
2.7555	8.2149	0.2473	76.8279	76.2718
2.7560	8.2154	0.2401	76.6491	75.9882
2.7565	8.2158	0.2343	76.4656	76.1570
2.7570	8.2173	0.2222	77.1380	76.2135
2.7575	8.2176	0.2173	77.8777	76.3328
2.7580	8.2173	0.2160	75.6141	76.3915
2.7585	8.2173	0.2201	75.1782	76.1172
2.7590	8.2183	0.2119	76.2569	76.1389
2.7595	8.2172	0.2171	77.4659	76.2738
2.7600	8.2155	0.2387	77.7364	76.0428
2.7605	8.2138	0.2540	77.3627	76.1175
2.7610	8.2127	0.2675	77.7569	76.0892
2.7615	8.2135	0.2652	78.3863	76.3966
2.7620	8.2129	0.2685	78.1743	76.6817
2.7625	8.2127	0.2707	77.0151	76.4200
2.7630	8.2135	0.2634	76.4927	76.4848
2.7635	8.2154	0.2467	76.0725	76.5343
2.7640	8.2164	0.2382	74.7543	76.2060
2.7645	8.2163	0.2339	73.7256	76.4671
2.7650	8.2160	0.2336	73.5167	76.4211
2.7655	8.2160	0.2355	74.8328	76.3216
2.7660	8.2158	0.2309	75.5065	76.3427
2.7665	8.2157	0.2316	75.5955	76.3420
2.7670	8.2159	0.2312	75.8323	76.8037
2.7675	8.2138	0.2575	76.8723	76.6400
2.7680	8.2122	0.2695	77.4175	76.1363
2.7685	8.2104	0.2892	77.2375	75.8392
2.7690	8.2101	0.2909	76.9859	75.7483
2.7695	8.2112	0.2828	76.4868	76.1330
2.7700	8.2118	0.2814	77.4097	75.9923
2.7705	8.2137	0.2590	76.4480	75.8924
2.7710	8.2150	0.2482	76.1597	76.3489
2.7715	8.2158	0.2407	77.1240	76.2779
2.7720	8.2155	0.2387	77.9837	75.8200
2.7725	8.2154	0.2357	78.0230	75.8313
2.7730	8.2157	0.2386	77.6290	75.7484
2.7735	8.2154	0.2357	77.6457	76.5013
2.7740	8.2157	0.2354	77.9404	76.7113
2.7745	8.2157	0.2308	77.1565	76.6972
2.7750	8.2146	0.2427	76.1586	76.8178
2.7755	8.2132	0.2571	74.3525	76.4164
2.7760	8.2122	0.2715	73.2557	76.2145
2.7765	8.2121	0.2730	74.0009	76.0411
2.7770	8.2125	0.2674	74.0460	75.7971
2.7775	8.2138	0.2578	74.5885	75.9536
2.7780	8.2150	0.2418	75.4432	76.3188
2.7785	8.2154	0.2382	76.2603	76.5003
2.7790	8.2152	0.2490	76.2929	76.4342
2.7795	8.2149	0.2439	76.5836	76.0399
2.7800	8.2156	0.2354	77.1178	76.0037
2.7805	8.2158	0.2369	77.8674	76.1173
2.7810	8.2167	0.2302	77.2237	75.9316
2.7815	8.2167	0.2292	76.4277	76.1032
2.7820	8.2164	0.2256	77.1484	76.5191
2.7825	8.2160	0.2366	76.7138	76.6434
2.7830	8.2155	0.2396	76.9484	76.5617
2.7835	8.2137	0.2505	77.0412	76.2013
2.7840	8.2132	0.2604	77.6740	76.3903
2.7845	8.2143	0.2530	78.2539	76.5389
2.7850	8.2148	0.2488	78.1065	76.2025
2.7855	8.2158	0.2343	77.4579	76.5961
2.7860	8.2166	0.2293	77.1601	76.6642
2.7865	8.2170	0.2246	77.0771	76.4158
2.7870	8.2163	0.2361	76.1282	76.3909
2.7875	8.2157	0.2345	73.2636	76.2286
2.7880	8.2162	0.2325	73.0245	76.4500
2.7885	8.2161	0.2285	74.1722	76.2683
2.7890	8.2167	0.2275	74.8175	75.7921
2.7895	8.2169	0.2207	74.7920	76.0528
2.7900	8.2160	0.2295	75.2360	76.3740
2.7905	8.2143	0.2497	76.3887	76.1735
2.7910	8.2129	0.2655	76.9604	76.0615
2.7915	8.2126	0.2707	76.8484	76.0659
2.7920	8.2124	0.2719	76.8305	76.5267
2.7925	8.2137	0.2652	77.5894	75.9512
2.7930	8.2154	0.2420	77.9067	75.5527
2.7935	8.2173	0.2237	76.9909	75.8215
2.7940	8.2166	0.2291	76.5974	76.2708
2.7945	8.2152	0.2390	76.5880	76.5485
2.7950	8.2160	0.2364	77.3822	76.4357
2.7955	8.2156	0.2357	77.5858	76.4934
2.7960	8.2155	0.2387	77.4027	76.6798
2.7965	8.2164	0.2281	77.8446	76.2874
2.7970	8.2161	0.2278	78.2304	76.0604
2.7975	8.2153	0.2421	77.7332	76.2519
2.7980	8.2142	0.2493	76.6149	76.1474
2.7985	8.2122	0.2735	76.3604	76.5037
2.7990	8.2118	0.2820	74.2875	76.4333
2.7995	8.2117	0.2785	73.0973	76.1518
2.8000	8.2128	0.2711	73.3018	76.0867
2.8005	8.2140	0.2528	73.8884	75.7196
2.8010	8.2146	0.2469	75.0047	75.8226
2.8015	8.2149	0.2438	75.4266	76.1446
2.8020	8.2152	0.2407	75.6356	76.0895
2.8025	8.2145	0.2512	76.1138	76.5158
2.8030	8.2138	0.2555	76.9737	76.6660
2.8035	8.2149	0.2457	77.3212	76.4568
2.8040	8.2157	0.2360	77.1991	76.4445
2.8045	8.2160	0.2349	77.2613	76.1802
2.8050	8.2147	0.2540	77.8114	76.3810
2.8055	8.2130	0.2632	77.3162	76.6160
2.8060	8.2117	0.2781	76.5818	76.6065
2.8065	8.2121	0.2794	76.6192	76.7270
2.8070	8.2138	0.2611	77.4382	76.4818
2.8075	8.2135	0.2606	78.0992	76.0867
2.8080	8.2145	0.2461	78.0204	76.2106
2.8085	8.2150	0.2451	77.9173	76.0006
2.8090	8.2144	0.2506	77.9486	76.2941
2.8095	8.2150	0.2512	77.9135	76.0985
2.8100	8.2150	0.2388	77.1087	75.9805
2.8105	8.2152	0.2437	75.4395	76.4019
2.8110	8.2156	0.2405	74.0017	76.0925
2.8115	8.2161	0.2351	73.3189	75.8956
2.8120	8.2167	0.2276	74.1253	75.8503
2.8125	8.2149	0.2446	74.1689	75.8561
2.8130	8.2133	0.2585	74.6815	76.2589
2.8135	8.2111	0.2806	75.4730	75.7924
2.8140	8.2110	0.2885	76.1966	75.9226
2.8145	8.2116	0.2817	76.4098	76.5593
2.8150	8.2121	0.2688	76.5832	76.4493
2.8155	8.2134	0.2577	77.1381	76.3970
2.8160	8.2156	0.2380	77.5012	76.0994
2.8165	8.2150	0.2396	77.5494	76.1006
2.8170	8.2152	0.2398	77.0683	76.3836
2.8175	8.2152	0.2404	76.0477	75.9618
2.8180	8.2158	0.2428	76.6919	76.3121
2.8185	8.2155	0.2349	77.1709	76.4733
2.8190	8.2165	0.2342	77.3989	76.3646
2.8195	8.2177	0.2166	77.9824	76.5881
2.8200	8.2160	0.2314	78.3166	76.0851
2.8205	8.2146	0.2465	78.2232	75.9153
2.8210	8.2138	0.2569	77.6241	75.9513
2.8215	8.2137	0.2617	77.4345	75.8506
2.8220	8.2145	0.2504	76.6033	76.3727
2.8225	8.2151	0.2434	75.4971	76.4661
2.8230	8.2164	0.2316	73.8817	76.2945
2.8235	8.2170	0.2236	73.1275	76.6267
2.8240	8.2188	0.2059	74.3573	76.3521
2.8245	8.2181	0.2057	74.6058	76.2430
2.8250	8.2178	0.2173	74.9690	76.2088
2.8255	8.2182	0.2045	75.4184	76.2881
2.8260	8.2181	0.2123	76.3081	76.7674
2.8265	8.2183	0.2042	76.8216	76.8403
2.8270	8.2176	0.2131	76.8088	76.5470
2.8275	8.2171	0.2207	76.9132	76.7026
2.8280	8.2162	0.2291	77.4502	76.2410
2.8285	8.2140	0.2537	77.7438	76.1573
2.8290	8.2135	0.2585	76.1501	76.3495
2.8295	8.2133	0.2587	75.7880	76.3756
2.8300	8.2136	0.2645	76.7531	76.3647
2.8305	8.2152	0.2460	77.6191	76.0305
2.8310	8.2160	0.2318	77.8684	76.0968
2.8315	8.2165	0.2310	77.8016	76.2403
2.8320	8.2159	0.2338	77.9896	75.7174
2.8325	8.2159	0.2325	78.1965	75.7799
2.8330	8.2160	0.2346	77.8345	76.0187
2.8335	8.2168	0.2275	76.8793	76.3182
2.8340	8.2167	0.2292	76.2197	76.3077
2.8345	8.2168	0.2261	75.4186	76.0010
2.8350	8.2160	0.2303	74.1763	76.2756
2.8355	8.2148	0.2433	73.4027	76.6316
2.8360	8.2141	0.2536	74.0274	76.3478
2.8365	8.2130	0.2621	74.7669	76.3890
2.8370	8.2146	0.2476	75.4836	76.3717
2.8375	8.2145	0.2504	75.6778	76.5153
2.8380	8.2146	0.2480	76.2031	76.3201
2.8385	8.2143	0.2530	76.7267	76.0117
2.8390	8.2131	0.2615	77.1297	76.1509
2.8395	8.2153	0.2364	77.1205	76.2493
2.8400	8.2168	0.2290	77.2359	76.3298
2.8405	8.2168	0.2225	75.6440	76.3505
2.8410	8.2169	0.2212	75.8017	76.1107
2.8415	8.2184	0.2141	76.4187	76.0985
2.8420	8.2176	0.2181	76.8091	76.2651
2.8425	8.2157	0.2332	77.4570	76.0647
2.8430	8.2141	0.2528	77.9773	76.1508
2.8435	8.2129	0.2652	78.1122	76.1525
2.8440	8.2137	0.2610	77.8181	76.3651
2.8445	8.2133	0.2605	77.8033	76.6728
2.8450	8.2129	0.2638	77.5514	76.4241
2.8455	8.2133	0.2596	76.9984	76.4561
2.8460	8.2151	0.2405	75.6594	76.5379
2.8465	8.2156	0.2399	74.2252	76.2140
2.8470	8.2163	0.2334	74.1013	76.4545
2.8475	8.2158	0.2356	74.0931	76.4329
2.8480	8.2161	0.2310	74.5636	76.3245
2.8485	8.2167	0.2292	74.8356	76.3527
2.8490	8.2162	0.2308	75.7294	76.3329
2.8495	8.2155	0.2375	76.4943	76.7911
2.8500	8.2137	0.2611	76.7233	76.6665
2.8505	8.2127	0.2649	76.7028	76.1708
2.8510	8.2108	0.2900	77.2410	75.9141
2.8515	8.2103	0.2980	77.7345	75.7483
2.8520	8.2107	0.2855	76.5919	76.1167
2.8525	8.2104	0.2909	76.6739	76.0095
2.8530	8.2124	0.2738	76.2897	75.8788
2.8535	8.2140	0.2589	76.8103	76.3584
2.8540	8.2137	0.2521	77.3253	76.3335
2.8545	8.2146	0.2511	77.3487	75.8532
2.8550	8.2149	0.2435	77.6917	75.8611
2.8555	8.2155	0.2403	78.1896	75.7063
2.8560	8.2155	0.2425	78.0892	76.4291
2.8565	8.2157	0.2392	77.4378	76.7031
2.8570	8.2163	0.2313	76.7288	76.6500
2.8575	8.2152	0.2419	76.6324	76.8234
2.8580	8.2138	0.2574	74.8810	76.4487
2.8585	8.2122	0.2709	72.9102	76.2149
2.8590	8.2123	0.2754	73.5054	76.0820
2.8595	8.2129	0.2686	74.3233	75.8206
2.8600	8.2139	0.2514	75.0886	75.9380
2.8605	8.2158	0.2411	75.1409	76.3391
2.8610	8.2158	0.2319	75.6764	76.5008
2.8615	8.2155	0.2428	76.5167	76.4386
2.8620	8.2158	0.2389	77.1741	76.0471
2.8625	8.2167	0.2252	76.8967	75.9576
2.8630	8.2169	0.2272	77.1980	76.0943
2.8635	8.2172	0.2218	77.3945	75.9409
2.8640	8.2179	0.2163	77.0542	76.0719
2.8645	8.2176	0.2190	77.1164	76.5151
2.8650	8.2164	0.2324	76.0131	76.6780
2.8655	8.2162	0.2307	76.8483	76.6395
2.8660	8.2143	0.2473	77.7745	76.2559
2.8665	8.2141	0.2545	77.7742	76.3843
2.8670	8.2154	0.2433	77.5678	76.5632
2.8675	8.2153	0.2416	77.8763	76.1936
2.8680	8.2167	0.2281	78.1214	76.5483
2.8685	8.2178	0.2201	77.4978	76.6549
2.8690	8.2179	0.2130	76.3678	76.4160
2.8695	8.2181	0.2101	75.8286	76.4101
2.8700	8.2170	0.2245	73.9447	76.2368
2.8705	8.2175	0.2144	73.4133	76.4618
2.8710	8.2180	0.2137	73.6645	76.3428
2.8715	8.2178	0.2173	74.2339	75.8078
2.8720	8.2177	0.2145	75.2304	76.0740
2.8725	8.2171	0.2163	75.7775	76.3987
2.8730	8.2153	0.2359	75.8848	76.1925
2.8735	8.2142	0.2506	76.3369	76.0673
2.8740	8.2133	0.2617	77.1634	76.0357
2.8745	8.2137	0.2611	77.4398	76.5070
2.8750	8.2136	0.2605	77.3718	76.0061
2.8755	8.2156	0.2369	77.1701	75.5468
2.8760	8.2170	0.2263	77.1518	75.8110
2.8765	8.2166	0.2280	77.3201	76.2843
2.8770	8.2162	0.2298	76.4013	76.5795
2.8775	8.2159	0.2369	76.6125	76.4682
2.8780	8.2156	0.2337	77.5527	76.4644
2.8785	8.2157	0.2410	78.1191	76.6704
2.8790	8.2161	0.2356	77.9769	76.3091
2.8795	8.2161	0.2330	77.3929	76.0129
2.8800	8.2155	0.2421	77.5233	76.2092
2.8805	8.2148	0.2407	77.3199	76.1027
2.8810	8.2130	0.2605	76.6652	76.4826
2.8815	8.2123	0.2739	73.7783	76.4629
2.8820	8.2125	0.2716	72.6817	76.1764
2.8825	8.2133	0.2670	73.8947	76.1471
2.8830	8.2140	0.2509	74.2413	75.7591
2.8835	8.2149	0.2466	74.4184	75.8313
2.8840	8.2147	0.2455	74.9404	76.1835
2.8845	8.2151	0.2412	75.9108	76.1012
2.8850	8.2145	0.2511	76.4682	76.4978
2.8855	8.2145	0.2540	76.6571	76.7107
2.8860	8.2148	0.2521	76.8438	76.4735
2.8865	8.2155	0.2391	77.4792	76.4311
2.8870	8.2152	0.2357	77.6543	76.1411
2.8875	8.2143	0.2531	77.4329	76.3817
2.8880	8.2130	0.2614	76.8262	76.6137
2.8885	8.2115	0.2744	76.8187	76.6726
2.8890	8.2121	0.2720	77.1339	76.7649
2.8895	8.2137	0.2615	77.1997	76.5529
2.8900	8.2136	0.2617	77.4971	76.1117
2.8905	8.2147	0.2495	78.1426	76.2252
2.8910	8.2151	0.2503	78.4577	75.9990
2.8915	8.2131	0.2636	77.8799	76.2842
2.8920	8.2124	0.2759	77.2870	76.1576
2.8925	8.2134	0.2574	77.0757	75.9802
2.8930	8.2135	0.2590	76.2226	76.4247
2.8935	8.2139	0.2613	74.2994	76.1277
2.8940	8.2141	0.2509	72.6414	75.8970
2.8945	8.2143	0.2458	73.8132	75.8685
2.8950	8.2144	0.2566	74.6242	75.8250
2.8955	8.2127	0.2646	74.9625	76.2538
2.8960	8.2113	0.2821	74.9839	75.8028
2.8965	8.2110	0.2890	75.7573	75.9084
2.8970	8.2113	0.2803	76.7631	76.5602
2.8975	8.2124	0.2799	76.9818	76.4862
2.8980	8.2147	0.2520	76.7393	76.4296
2.8985	8.2167	0.2272	77.0274	76.1495
2.8990	8.2163	0.2301	77.7538	76.1221
2.8995	8.2170	0.2269	77.5343	76.3812
2.9000	8.2158	0.2316	75.8518	75.9048
2.9005	8.2161	0.2325	76.1628	76.2306
2.9010	8.2155	0.2334	77.3003	76.4692
2.9015	8.2167	0.2259	77.8652	76.3675
2.9020	8.2179	0.2170	77.7602	76.6355
2.9025	8.2164	0.2340	77.6618	76.1796
2.9030	8.2145	0.2465	78.2234	75.9784
2.9035	8.2138	0.2582	78.1491	75.9629
2.9040	8.2137	0.2603	77.5074	75.8371
2.9045	8.2148	0.2494	76.2294	76.3232
2.9050	8.2150	0.2420	75.3815	76.4799
2.9055	8.2162	0.2359	74.3675	76.2805
2.9060	8.2167	0.2245	73.1938	76.6521
2.9065	8.2186	0.2127	73.8170	76.4079
2.9070	8.2183	0.2079	74.3771	76.2886
2.9075	8.2173	0.2231	75.3734	76.2387
2.9080	8.2181	0.2121	75.6675	76.3132
2.9085	8.2180	0.2127	75.8783	76.6951
2.9090	8.2185	0.2090	76.4106	76.7979
2.9095	8.2177	0.2121	77.0785	76.5521
2.9100	8.2170	0.2149	77.2655	76.6813
2.9105	8.2162	0.2223	77.1584	76.2511
2.9110	8.2146	0.2469	77.4133	76.1440
2.9115	8.2135	0.2558	76.4105	76.3513
2.9120	8.2134	0.2588	76.1966	76.4062
2.9125	8.2140	0.2573	76.6436	76.4049
2.9130	8.2153	0.2439	77.0422	76.1048
2.9135	8.2174	0.2222	77.8647	76.1420
2.9140	8.2172	0.2245	78.2032	76.2564
2.9145	8.2166	0.2295	78.0146	75.7438
2.9150	8.2162	0.2269	77.8201	75.7243
2.9155	8.2163	0.2301	77.8118	76.0217
2.9160	8.2165	0.2252	77.3677	76.2935
2.9165	8.2167	0.2287	76.3332	76.2917
2.9170	8.2166	0.2263	74.9912	75.9792
2.9175	8.2175	0.2216	74.1122	76.3179
2.9180	8.2157	0.2354	73.7473	76.6839
2.9185	8.2145	0.2489	74.2076	76.3961
2.9190	8.2143	0.2537	74.4095	76.3667
2.9195	8.2153	0.2481	75.1123	76.3532
2.9200	8.2156	0.2361	75.9217	76.4704
2.9205	8.2150	0.2449	76.3850	76.2812
2.9210	8.2138	0.2547	76.3291	75.9674
2.9215	8.2137	0.2596	76.8536	76.2609
2.9220	8.2168	0.2371	77.3187	76.3718
2.9225	8.2170	0.2205	77.6234	76.3440
2.9230	8.2175	0.2169	75.5179	76.4152
2.9235	8.2173	0.2238	75.3398	76.1610
2.9240	8.2179	0.2101	76.5252	76.1293
2.9245	8.2180	0.2171	77.0771	76.2529
2.9250	8.2159	0.2311	77.2952	76.0600
2.9255	8.2142	0.2485	77.5685	76.1309
2.9260	8.2131	0.2620	78.1512	76.1535
2.9265	8.2136	0.2596	78.2142	76.3385
2.9270	8.2135	0.2635	77.8044	76.6609
2.9275	8.2128	0.2683	77.1765	76.4395
2.9280	8.2126	0.2649	76.9468	76.4467
2.9285	8.2144	0.2467	76.0920	76.5916
2.9290	8.2158	0.2384	74.3801	76.2548
2.9295	8.2163	0.2271	73.8160	76.4460
2.9300	8.2164	0.2313	73.9340	76.4426
2.9305	8.2164	0.2313	74.8027	76.2940
2.9310	8.2163	0.2248	74.9885	76.3207
2.9315	8.2164	0.2299	75.3604	76.2751
2.9320	8.2166	0.2292	76.1847	76.7436
2.9325	8.2149	0.2487	76.9413	76.6836
2.9330	8.2132	0.2642	77.0222	76.1845
2.9335	8.2111	0.2818	76.9456	75.8863
2.9340	8.2106	0.2908	77.4558	75.7543
2.9345	8.2119	0.2832	76.8082	76.1323
2.9350	8.2111	0.2806	76.9899	76.0539
2.9355	8.2135	0.2614	76.1714	75.8558
2.9360	8.2145	0.2518	76.3468	76.2298
2.9365	8.2153	0.2444	77.4141	76.3102
2.9370	8.2156	0.2379	77.7364	75.8245
2.9375	8.2155	0.2424	77.6274	75.8265
2.9380	8.2154	0.2360	77.7873	75.7201
2.9385	8.2150	0.2431	78.0403	76.3992
2.9390	8.2160	0.2360	77.8216	76.7480
2.9395	8.2161	0.2328	76.8921	76.6877
2.9400	8.2153	0.2403	76.2883	76.8364
2.9405	8.2139	0.2540	74.9706	76.4757
2.9410	8.2126	0.2722	73.2818	76.2103
2.9415	8.2121	0.2726	73.5681	76.0282
2.9420	8.2129	0.2640	73.9659	75.7861
2.9425	8.2142	0.2567	74.8206	75.9037
2.9430	8.2157	0.2383	75.3661	76.3020
2.9435	8.2156	0.2335	75.8565	76.4864
2.9440	8.2146	0.2464	76.2184	76.4483
2.9445	8.2152	0.2416	76.8294	76.0923
2.9450	8.2158	0.2327	77.1786	75.9838
2.9455	8.2161	0.2295	77.4681	76.1138
2.9460	8.2167	0.2228	77.2040	75.9316
2.9465	8.2171	0.2209	76.7169	76.0303
2.9470	8.2174	0.2195	77.3345	76.4641
2.9475	8.2164	0.2323	76.3942	76.6364
2.9480	8.2157	0.2371	76.6286	76.5917
2.9485	8.2144	0.2484	77.3156	76.2295
2.9490	8.2136	0.2589	77.9112	76.3254
2.9495	8.2151	0.2401	77.9890	76.5665
2.9500	8.2152	0.2368	77.7869	76.2122
2.9505	8.2167	0.2239	77.7093	76.5459
2.9510	8.2183	0.2077	77.5313	76.6902
2.9515	8.2191	0.2106	76.8454	76.3999
2.9520	8.2185	0.2047	76.0268	76.3931
2.9525	8.2172	0.2192	73.6837	76.2205
2.9530	8.2179	0.2156	73.3230	76.4111
2.9535	8.2182	0.2147	74.0017	76.3287
2.9540	8.2176	0.2169	74.2996	75.7888
2.9545	8.2186	0.2111	74.8246	75.9893
2.9550	8.2169	0.2179	75.4859	76.3879
2.9555	8.2158	0.2344	76.2884	76.2066
2.9560	8.2145	0.2471	76.5965	76.0886
2.9565	8.2135	0.2626	76.7632	76.0101
2.9570	8.2127	0.2664	77.1444	76.4704
2.9575	8.2135	0.2602	77.5816	76.0207
2.9580	8.2154	0.2426	77.6397	75.4869
2.9585	8.2171	0.2196	76.9697	75.7263
2.9590	8.2178	0.2192	76.8196	76.1953
2.9595	8.2170	0.2219	76.6676	76.5484
2.9600	8.2168	0.2228	77.0837	76.4640
2.9605	8.2170	0.2226	77.4490	76.4760
2.9610	8.2167	0.2318	77.5519	76.6813
2.9615	8.2168	0.2245	77.9312	76.3544
2.9620	8.2168	0.2265	77.9801	76.0234
2.9625	8.2157	0.2346	77.6963	76.2383
2.9630	8.2151	0.2446	76.8027	76.1383
2.9635	8.2130	0.2593	76.6095	76.4178
2.9640	8.2119	0.2752	74.4632	76.4478
2.9645	8.2123	0.2713	72.9037	76.1178
2.9650	8.2125	0.2724	73.4241	76.1159
2.9655	8.2142	0.2511	73.9474	75.7159
2.9660	8.2155	0.2443	74.7654	75.7797
2.9665	8.2150	0.2478	75.1560	76.1462
2.9670	8.2153	0.2400	75.6281	76.1051
2.9675	8.2147	0.2497	76.2420	76.4332
2.9680	8.2139	0.2557	76.8701	76.6917
2.9685	8.2148	0.2423	77.0497	76.4754
2.9690	8.2157	0.2379	77.2302	76.4519
2.9695	8.2159	0.2353	77.4033	76.1678
2.9700	8.2144	0.2469	77.7637	76.2925
2.9705	8.2131	0.2646	77.1736	76.5231
2.9710	8.2115	0.2765	76.5558	76.5997
2.9715	8.2119	0.2770	76.8016	76.6990
2.9720	8.2131	0.2608	77.4155	76.5641
2.9725	8.2128	0.2651	77.9008	76.1289
2.9730	8.2139	0.2564	77.9341	76.2585
2.9735	8.2139	0.2605	78.0085	76.0660
2.9740	8.2130	0.2627	78.1006	76.2952
2.9745	8.2137	0.2598	77.7930	76.0952
2.9750	8.2148	0.2480	77.0974	75.8112
2.9755	8.2149	0.2481	75.8110	76.2809
2.9760	8.2148	0.2453	74.4634	76.0887
2.9765	8.2155	0.2443	73.0967	75.8199
2.9770	8.2164	0.2329	73.8056	75.8509
2.9775	8.2158	0.2416	74.1726	75.8138
2.9780	8.2142	0.2534	74.8102	76.2658
2.9785	8.2124	0.2660	75.3781	75.8591
2.9790	8.2115	0.2818	75.9903	75.8632
2.9795	8.2123	0.2736	76.3586	76.5302
2.9800	8.2130	0.2671	76.6346	76.4686
2.9805	8.2139	0.2600	77.0057	76.3836
2.9810	8.2163	0.2299	77.3973	76.1143
2.9815	8.2161	0.2325	77.5526	76.0263
2.9820	8.2166	0.2311	77.2896	76.3106
2.9825	8.2160	0.2313	76.0540	75.8305
2.9830	8.2155	0.2385	76.4416	76.1362
2.9835	8.2159	0.2386	77.1801	76.5026
2.9840	8.2161	0.2284	77.4720	76.3903
2.9845	8.2181	0.2142	77.8314	76.6540
2.9850	8.2166	0.2284	78.0803	76.2107
2.9855	8.2153	0.2417	78.2543	75.9388
2.9860	8.2137	0.2576	77.8541	75.9285
2.9865	8.2136	0.2601	77.5089	75.7546
2.9870	8.2147	0.2547	76.6202	76.2022
2.9875	8.2150	0.2458	75.5214	76.4580
2.9880	8.2162	0.2322	74.2695	76.2290
2.9885	8.2170	0.2237	73.0779	76.6255
2.9890	8.2187	0.2100	74.0591	76.4293
2.9895	8.2179	0.2069	74.5272	76.2931
2.9900	8.2174	0.2226	75.0712	76.2339
2.9905	8.2182	0.2128	75.4789	76.2657
2.9910	8.2182	0.2134	76.0669	76.6496
2.9915	8.2183	0.2077	76.5789	76.8208
2.9920	8.2181	0.2121	76.8567	76.4986
2.9925	8.2174	0.2197	77.0820	76.6549
2.9930	8.2165	0.2279	77.3616	76.2528
2.9935	8.2147	0.2447	77.6654	76.1081
2.9940	8.2136	0.2568	76.2445	76.3127
2.9945	8.2134	0.2629	75.8596	76.3862
2.9950	8.2140	0.2602	76.7225	76.4018
2.9955	8.2153	0.2458	77.3509	76.1170
2.9960	8.2167	0.2298	77.7992	76.1156
2.9965	8.2170	0.2277	77.8107	76.2407
2.9970	8.2170	0.2275	78.0819	75.7405
2.9975	8.2169	0.2252	78.1499	75.6745
2.9980	8.2164	0.2256	77.8377	75.9658
2.9985	8.2173	0.2213	77.0301	76.2530
2.9990	8.2170	0.2199	76.3345	76.3299
2.9995	8.2165	0.2216	75.4793	76.0488
3.0000	8.2170	0.2263	74.2649	76.2484
3.0005	8.2153	0.2365	73.3902	76.6796
3.0010	8.2142	0.2562	74.0584	76.3911
3.0015	8.2134	0.2579	74.6462	76.3596
3.0020	8.2149	0.2471	75.3231	76.3325
3.0025	8.2154	0.2399	75.6077	76.4515
3.0030	8.2146	0.2477	76.1413	76.3017
3.0035	8.2141	0.2526	76.6400	75.9857
3.0040	8.2137	0.2540	77.0641	76.1380
3.0045	8.2158	0.2354	77.0565	76.2344
3.0050	8.2169	0.2260	77.4512	76.3331
3.0055	8.2165	0.2297	75.8653	76.3883
3.0060	8.2169	0.2245	75.5657	76.1728
3.0065	8.2179	0.2131	76.3128	76.0761
3.0070	8.2178	0.2189	76.7923	76.2527
3.0075	8.2165	0.2302	77.4780	76.0597
3.0080	8.2146	0.2456	77.8280	76.0928
3.0085	8.2129	0.2638	78.0418	76.1213
3.0090	8.2135	0.2652	77.9460	76.2655
3.0095	8.2137	0.2566	77.9309	76.6331
3.0100	8.2132	0.2649	77.5351	76.4180
3.0105	8.2146	0.2589	76.9294	76.4160
3.0110	8.2147	0.2474	75.9082	76.5843
3.0115	8.2152	0.2444	74.4976	76.2427
3.0120	8.2156	0.2402	74.1199	76.4183
3.0125	8.2159	0.2348	73.8911	76.4634
3.0130	8.2161	0.2340	74.4316	76.2948
3.0135	8.2164	0.2253	74.9823	76.3155
3.0140	8.2164	0.2301	75.6433	76.2351
3.0145	8.2156	0.2340	76.2188	76.6797
3.0150	8.2138	0.2555	76.5813	76.6862
3.0155	8.2129	0.2726	76.9188	76.1879
3.0160	8.2111	0.2842	77.2274	75.9125
3.0165	8.2098	0.2960	77.6696	75.7301
3.0170	8.2111	0.2867	76.5136	76.0963
3.0175	8.2109	0.2874	76.7790	76.0823
3.0180	8.2123	0.2715	76.5439	75.8613
3.0185	8.2141	0.2546	76.5229	76.2092
3.0190	8.2148	0.2501	77.1770	76.3367
3.0195	8.2154	0.2438	77.4126	75.8460
3.0200	8.2157	0.2366	77.8301	75.7839
3.0205	8.2157	0.2389	78.0693	75.6711
3.0210	8.2153	0.2412	77.9276	76.2851
3.0215	8.2155	0.2369	77.5544	76.7314
3.0220	8.2164	0.2310	76.9742	76.6472
3.0225	8.2156	0.2365	76.6399	76.8544
3.0230	8.2144	0.2505	75.0854	76.5371
3.0235	8.2127	0.2669	72.9908	76.2485
3.0240	8.2124	0.2721	73.5574	76.0675
3.0245	8.2129	0.2676	74.2077	75.8086
3.0250	8.2144	0.2597	74.7731	75.8525
3.0255	8.2160	0.2388	75.0644	76.2433
3.0260	8.2158	0.2366	75.7767	76.4548
3.0265	8.2150	0.2425	76.4742	76.4562
3.0270	8.2154	0.2334	76.8699	76.1172
3.0275	8.2161	0.2299	76.8908	75.9676
3.0280	8.2166	0.2287	77.3218	76.1410
3.0285	8.2168	0.2258	77.5902	75.9813
3.0290	8.2172	0.2236	76.8146	76.0208
3.0295	8.2175	0.2182	76.9775	76.4518
3.0300	8.2163	0.2301	76.3145	76.6473
3.0305	8.2158	0.2354	76.8674	76.6109
3.0310	8.2147	0.2508	77.5060	76.2502
3.0315	8.2132	0.2608	77.5694	76.2705
3.0320	8.2153	0.2456	77.7032	76.5696
3.0325	8.2153	0.2405	78.0927	76.2077
3.0330	8.2160	0.2349	78.0153	76.4589
3.0335	8.2176	0.2192	77.3149	76.7171
3.0340	8.2188	0.2063	76.5657	76.4528
3.0345	8.2183	0.2046	76.2754	76.4292
3.0350	8.2175	0.2167	74.1143	76.2425
3.0355	8.2183	0.2139	73.1535	76.3978
3.0360	8.2177	0.2116	73.6003	76.3526
3.0365	8.2178	0.2161	74.3434	75.8047
3.0370	8.2184	0.2142	75.1520	75.9225
3.0375	8.2173	0.2166	75.4350	76.3637
3.0380	8.2157	0.2346	75.8674	76.2212
3.0385	8.2143	0.2540	76.4889	76.1136
3.0390	8.2132	0.2658	77.1101	76.0107
3.0395	8.2134	0.2621	77.2180	76.4682
3.0400	8.2140	0.2567	77.2391	76.1255
3.0405	8.2154	0.2402	77.4682	75.5293
3.0410	8.2169	0.2253	77.1922	75.7214
3.0415	8.2170	0.2291	77.0445	76.1599
3.0420	8.2170	0.2304	76.4582	76.5347
3.0425	8.2166	0.2330	76.7105	76.4670
3.0430	8.2160	0.2310	77.6069	76.4375
3.0435	8.2161	0.2378	77.8378	76.6360
3.0440	8.2159	0.2320	77.7702	76.4018
3.0445	8.2163	0.2290	77.6213	76.0031
3.0450	8.2155	0.2376	77.7686	76.2230
3.0455	8.2149	0.2399	77.1792	76.1369
3.0460	8.2136	0.2620	76.6569	76.4349
3.0465	8.2125	0.2767	74.3226	76.5129
3.0470	8.2126	0.2702	72.8630	76.1554
3.0475	8.2131	0.2640	73.6510	76.1532
3.0480	8.2147	0.2528	73.9552	75.7475
3.0485	8.2157	0.2387	74.3944	75.7336
3.0490	8.2153	0.2399	75.0005	76.1126
3.0495	8.2155	0.2440	75.8855	76.1162
3.0500	8.2143	0.2475	76.2867	76.3967
3.0505	8.2139	0.2548	76.6428	76.7397
3.0510	8.2150	0.2540	76.8428	76.4877
3.0515	8.2157	0.2422	77.2792	76.4818
3.0520	8.2161	0.2334	77.4626	76.1834
3.0525	8.2152	0.2461	77.6339	76.3113
3.0530	8.2133	0.2535	77.1558	76.5449
3.0535	8.2121	0.2743	76.7005	76.6361
3.0540	8.2121	0.2733	76.7974	76.6782
3.0545	8.2138	0.2574	77.2008	76.6115
3.0550	8.2143	0.2498	77.6995	76.1187
3.0555	8.2149	0.2419	78.0252	76.2490
3.0560	8.2144	0.2477	78.1493	76.0136
3.0565	8.2130	0.2608	77.9740	76.2404
3.0570	8.2127	0.2729	77.6132	76.2051
3.0575	8.2143	0.2577	77.2807	75.8781
3.0580	8.2144	0.2486	76.0516	76.3055
3.0585	8.2148	0.2464	74.4602	76.1902
3.0590	8.2153	0.2435	72.9183	75.8502
3.0595	8.2167	0.2308	73.7015	75.8784
3.0600	8.2150	0.2389	74.3532	75.7372
3.0605	8.2140	0.2546	74.7658	76.2083
3.0610	8.2123	0.2724	75.1485	75.9069
3.0615	8.2115	0.2811	75.8486	75.8162
3.0620	8.2125	0.2741	76.4958	76.5216
3.0625	8.2136	0.2633	76.7307	76.5241
3.0630	8.2141	0.2465	76.8023	76.4154
3.0635	8.2165	0.2301	77.1866	76.1941
3.0640	8.2166	0.2261	77.6227	75.9965
3.0645	8.2168	0.2308	77.5145	76.3514
3.0650	8.2158	0.2310	76.0682	75.8841
3.0655	8.2161	0.2378	76.2296	76.0978
3.0660	8.2155	0.2328	77.1435	76.5254
3.0665	8.2160	0.2349	77.4820	76.3731
3.0670	8.2180	0.2151	77.7672	76.6521
3.0675	8.2166	0.2271	77.9379	76.2503
3.0680	8.2150	0.2436	78.2514	75.9401
3.0685	8.2137	0.2536	77.9927	75.9669
3.0690	8.2135	0.2620	77.4780	75.8046
3.0695	8.2142	0.2544	76.5921	76.1980
3.0700	8.2143	0.2490	75.5599	76.5070
3.0705	8.2160	0.2360	74.3757	76.2293
3.0710	8.2167	0.2265	73.1185	76.5832
3.0715	8.2182	0.2092	73.9340	76.4548
3.0720	8.2185	0.2067	74.3546	76.2581
3.0725	8.2171	0.2234	75.0070	76.3070
3.0730	8.2176	0.2122	75.4823	76.3474
3.0735	8.2175	0.2139	76.0419	76.6549
3.0740	8.2182	0.2139	76.4508	76.8454
3.0745	8.2179	0.2132	76.7518	76.4837
3.0750	8.2168	0.2223	77.1410	76.6658
3.0755	8.2168	0.2282	77.3164	76.3139
3.0760	8.2147	0.2464	77.6078	76.0966
3.0765	8.2135	0.2573	76.4149	76.3904
3.0770	8.2134	0.2557	75.8502	76.4185
3.0775	8.2137	0.2586	76.6853	76.4179
3.0780	8.2150	0.2433	77.1418	76.1233
3.0785	8.2167	0.2253	77.6797	76.0131
3.0790	8.2173	0.2222	77.9439	76.2886
3.0795	8.2167	0.2222	78.1752	75.7804
3.0800	8.2171	0.2266	78.0123	75.6994
3.0805	8.2166	0.2255	77.7191	76.0185
3.0810	8.2164	0.2270	77.1582	76.2722
3.0815	8.2168	0.2269	76.5736	76.3543
3.0820	8.2170	0.2245	75.4320	76.0936
3.0825	8.2167	0.2266	74.2384	76.1100
3.0830	8.2155	0.2401	73.4523	76.6430
3.0835	8.2144	0.2527	74.1216	76.4063
3.0840	8.2138	0.2573	74.5451	76.3728
3.0845	8.2147	0.2441	75.0440	76.3580
3.0850	8.2159	0.2378	75.5271	76.4462
3.0855	8.2148	0.2465	76.2484	76.3661
3.0860	8.2133	0.2567	76.5888	76.0070
3.0865	8.2138	0.2566	76.8526	76.0777
3.0870	8.2159	0.2369	76.9787	76.1788
3.0875	8.2171	0.2216	77.5997	76.2645
3.0880	8.2165	0.2277	76.0090	76.3990
3.0885	8.2168	0.2281	75.2704	76.1879
3.0890	8.2180	0.2154	76.1336	76.0900
3.0895	8.2179	0.2124	76.8586	76.2875
3.0900	8.2165	0.2286	77.5174	76.0862
3.0905	8.2144	0.2520	77.6272	76.0449
3.0910	8.2128	0.2655	77.8606	76.0755
3.0915	8.2132	0.2659	78.0391	76.2372
3.0920	8.2138	0.2574	78.0426	76.6354
3.0925	8.2133	0.2646	77.4409	76.4550
3.0930	8.2131	0.2632	76.7704	76.4210
3.0935	8.2138	0.2541	76.1552	76.6114
3.0940	8.2147	0.2515	74.8018	76.2766
3.0945	8.2158	0.2400	74.0420	76.3769
3.0950	8.2160	0.2334	73.7016	76.4895
3.0955	8.2160	0.2311	74.3746	76.2789
3.0960	8.2160	0.2321	75.0959	76.3175
3.0965	8.2157	0.2391	75.5049	76.2329
3.0970	8.2161	0.2387	76.0119	76.6681
3.0975	8.2141	0.2469	76.5762	76.7587
3.0980	8.2129	0.2671	77.1306	76.2371
3.0985	8.2110	0.2839	77.0975	75.9311
3.0990	8.2100	0.2927	77.4245	75.7432
3.0995	8.2112	0.2885	76.5990	76.0760
3.1000	8.2115	0.2815	76.9198	76.0877
3.1005	8.2136	0.2627	76.5737	75.8412
3.1010	8.2144	0.2523	76.2231	76.1733
3.1015	8.2154	0.2452	77.0984	76.3501
3.1020	8.2155	0.2399	77.6052	75.8656
3.1025	8.2157	0.2377	77.7994	75.8121
3.1030	8.2156	0.2377	77.7769	75.7062
3.1035	8.2157	0.2351	77.8352	76.2605
3.1040	8.2160	0.2353	77.7795	76.7667
3.1045	8.2164	0.2291	77.1552	76.6514
3.1050	8.2156	0.2384	76.4839	76.8573
3.1055	8.2139	0.2490	75.1995	76.5487
3.1060	8.2124	0.2650	73.2268	76.2032
3.1065	8.2120	0.2714	73.5561	76.0497
3.1070	8.2131	0.2664	73.9362	75.8219
3.1075	8.2144	0.2580	74.5746	75.8234
3.1080	8.2156	0.2411	75.1766	76.2191
3.1085	8.2162	0.2330	75.8704	76.4479
3.1090	8.2154	0.2435	76.3318	76.4850
3.1095	8.2157	0.2404	76.6019	76.1612
3.1100	8.2164	0.2342	76.9313	75.9649
3.1105	8.2161	0.2281	77.4636	76.1069
3.1110	8.2168	0.2210	77.5785	75.9647
3.1115	8.2171	0.2179	76.4690	75.9547
3.1120	8.2167	0.2183	77.1029	76.3844
3.1125	8.2165	0.2317	76.6447	76.6109
3.1130	8.2158	0.2398	76.7422	76.6112
3.1135	8.2151	0.2432	77.2154	76.2740
3.1140	8.2139	0.2576	77.5065	76.2521
3.1145	8.2151	0.2434	77.9782	76.6006
3.1150	8.2157	0.2405	78.1068	76.2355
3.1155	8.2162	0.2329	77.7370	76.4312
3.1160	8.2175	0.2132	77.3689	76.7234
3.1165	8.2185	0.2075	76.8785	76.4359
3.1170	8.2185	0.2066	76.5168	76.3970
3.1175	8.2173	0.2144	74.1403	76.2127
3.1180	8.2179	0.2137	72.8763	76.3393
3.1185	8.2180	0.2113	73.7834	76.3779
3.1190	8.2175	0.2178	74.4853	75.8426
3.1195	8.2185	0.2109	74.9071	75.9071
3.1200	8.2173	0.2180	75.1548	76.3768
3.1205	8.2161	0.2357	75.9199	76.2376
3.1210	8.2148	0.2536	76.6974	76.1121
3.1215	8.2128	0.2634	76.9392	75.9857
3.1220	8.2128	0.2661	76.8824	76.4245
3.1225	8.2128	0.2661	77.3061	76.1718
3.1230	8.2147	0.2516	77.7690	75.5096
3.1235	8.2167	0.2208	77.1941	75.6655
3.1240	8.2171	0.2208	76.8286	76.0892
3.1245	8.2160	0.2282	76.5246	76.4975
3.1250	8.2165	0.2272	76.9422	76.4712
3.1255	8.2163	0.2296	77.4795	76.4309
3.1260	8.2158	0.2345	77.4375	76.6338
3.1265	8.2159	0.2337	77.8519	76.4437
3.1270	8.2161	0.2272	78.0350	76.0075
3.1275	8.2152	0.2383	77.8894	76.1948
3.1280	8.2150	0.2474	76.8126	76.1339
3.1285	8.2135	0.2615	76.5558	76.3855
3.1290	8.2119	0.2748	75.0915	76.5108
3.1295	8.2123	0.2757	73.0587	76.1258
3.1300	8.2119	0.2754	73.1980	76.1366
3.1305	8.2139	0.2579	73.6616	75.7656
3.1310	8.2149	0.2475	74.7128	75.7204
3.1315	8.2145	0.2486	75.2758	76.1073
3.1320	8.2148	0.2422	75.5070	76.1237
3.1325	8.2148	0.2461	75.8678	76.3585
3.1330	8.2144	0.2518	76.8111	76.7296
3.1335	8.2145	0.2470	77.2119	76.4477
3.1340	8.2154	0.2366	77.1976	76.4520
3.1345	8.2161	0.2302	77.1457	76.1641
3.1350	8.2152	0.2455	77.7050	76.2283
3.1355	8.2132	0.2604	77.5198	76.5102
3.1360	8.2119	0.2731	76.6367	76.6040
3.1365	8.2118	0.2762	76.4799	76.6524
3.1370	8.2136	0.2619	77.2023	76.6537
3.1375	8.2139	0.2585	77.9958	76.1160
3.1380	8.2141	0.2526	78.0810	76.2286
3.1385	8.2147	0.2491	77.7704	76.0076
3.1390	8.2140	0.2538	77.9641	76.1786
3.1395	8.2139	0.2526	78.0243	76.1974
3.1400	8.2152	0.2433	77.4401	75.8671
3.1405	8.2148	0.2478	75.7924	76.2215
3.1410	8.2151	0.2487	74.5499	76.2127
3.1415	8.2153	0.2431	73.3794	75.8376
3.1420	8.2164	0.2244	73.8120	75.9050
3.1425	8.2162	0.2336	73.9828	75.7384
3.1430	8.2141	0.2484	74.4364	76.1690
3.1435	8.2130	0.2698	75.4254	75.9869
3.1440	8.2118	0.2818	75.9834	75.7530
3.1445	8.2122	0.2735	76.1282	76.4329
3.1450	8.2125	0.2731	76.4436	76.4890
3.1455	8.2137	0.2559	77.0734	76.3391
3.1460	8.2160	0.2346	77.5101	76.1919
3.1465	8.2161	0.2340	77.3142	75.9380
3.1470	8.2159	0.2330	77.1852	76.3826
3.1475	8.2157	0.2338	76.3409	76.0902
3.1480	8.2159	0.2391	76.5268	76.1207
3.1485	8.2163	0.2352	76.9984	76.5019
3.1490	8.2166	0.2342	77.0937	76.3132
3.1495	8.2178	0.2127	77.8159	76.5360
3.1500	8.2163	0.2279	78.3485	76.2503
3.1505	8.2148	0.2482	78.2822	75.8694
3.1510	8.2136	0.2531	77.6089	75.9513
3.1515	8.2134	0.2623	77.4188	75.8448
3.1520	8.2144	0.2506	77.1463	76.1805
3.1525	8.2150	0.2419	75.8223	76.5066
3.1530	8.2165	0.2347	74.2842	76.2239
3.1535	8.2169	0.2187	72.9519	76.5234
3.1540	8.2174	0.2232	74.0750	76.4550
3.1545	8.2183	0.2143	74.6212	76.2153
3.1550	8.2164	0.2259	74.7466	76.2795
3.1555	8.2178	0.2154	75.1849	76.2848
3.1560	8.2178	0.2146	76.1293	76.5989
3.1565	8.2182	0.2047	76.7882	76.8525
3.1570	8.2180	0.2118	76.6921	76.4879
3.1575	8.2173	0.2195	76.7893	76.6434
3.1580	8.2165	0.2288	77.3177	76.3452
3.1585	8.2146	0.2397	77.9545	76.0642
3.1590	8.2137	0.2581	76.5645	76.3975
3.1595	8.2133	0.2555	75.5322	76.4210
3.1600	8.2137	0.2589	76.6135	76.4052
3.1605	8.2144	0.2513	77.4098	76.1371
3.1610	8.2168	0.2268	77.7356	75.9309
3.1615	8.2165	0.2270	77.6212	76.2564
3.1620	8.2166	0.2369	78.0561	75.7954
3.1625	8.2162	0.2337	78.3188	75.6617
3.1630	8.2159	0.2273	77.8888	75.9798
3.1635	8.2163	0.2301	76.9328	76.2416
3.1640	8.2165	0.2297	76.5235	76.3680
3.1645	8.2168	0.2266	75.8487	76.1460
3.1650	8.2167	0.2251	74.5031	76.0466
3.1655	8.2159	0.2333	73.1621	76.5806
3.1660	8.2146	0.2470	73.8598	76.4051
3.1665	8.2138	0.2596	74.7512	76.3159
3.1670	8.2145	0.2500	75.2760	76.3221
3.1675	8.2155	0.2407	75.3549	76.4042
3.1680	8.2149	0.2421	75.9435	76.3978
3.1685	8.2141	0.2534	76.7089	76.0204
3.1690	8.2137	0.2605	77.1770	76.0217
3.1695	8.2153	0.2449	76.8040	76.1283
3.1700	8.2172	0.2260	77.2961	76.2064
3.1705	8.2164	0.2241	76.3229	76.3958
3.1710	8.2164	0.2304	75.5743	76.2149
3.1715	8.2176	0.2180	76.1497	76.0506
3.1720	8.2180	0.2133	76.4622	76.2528
3.1725	8.2167	0.2292	77.4211	76.0898
3.1730	8.2144	0.2464	77.9157	75.9984
3.1735	8.2131	0.2613	77.9836	76.0675
3.1740	8.2130	0.2672	77.7871	76.1792
3.1745	8.2137	0.2617	77.9331	76.6167
3.1750	8.2134	0.2591	77.7922	76.4791
3.1755	8.2135	0.2584	77.0246	76.3947
3.1760	8.2147	0.2511	75.9999	76.5965
3.1765	8.2151	0.2452	74.6645	76.2652
3.1770	8.2153	0.2395	74.3058	76.2993
3.1775	8.2153	0.2337	73.9177	76.4888
3.1780	8.2152	0.2357	74.1359	76.2802
3.1785	8.2162	0.2281	74.8630	76.3390
3.1790	8.2162	0.2305	75.5831	76.2123
3.1795	8.2163	0.2275	76.2323	76.6089
3.1800	8.2146	0.2445	76.3702	76.7833
3.1805	8.2130	0.2632	76.8411	76.2572
3.1810	8.2118	0.2788	77.1787	75.9388
3.1815	8.2098	0.2978	77.7481	75.7216
3.1820	8.2107	0.2870	76.6012	75.9925
3.1825	8.2110	0.2832	76.5216	76.1064
3.1830	8.2123	0.2738	76.7324	75.8371
3.1835	8.2140	0.2534	76.5100	76.1484
3.1840	8.2146	0.2461	76.9723	76.4136
3.1845	8.2151	0.2428	77.2365	75.9138
3.1850	8.2159	0.2387	77.8517	75.7991
3.1855	8.2153	0.2390	78.1455	75.7037
3.1860	8.2158	0.2340	77.8937	76.1024
3.1865	8.2160	0.2375	77.4592	76.7150
3.1870	8.2163	0.2282	77.1768	76.5839
3.1875	8.2157	0.2361	76.8436	76.8266
3.1880	8.2146	0.2469	75.5078	76.5971
3.1885	8.2129	0.2640	73.0266	76.2482
3.1890	8.2123	0.2663	73.3708	76.1256
3.1895	8.2124	0.2697	74.2648	75.8502
3.1900	8.2131	0.2642	74.6968	75.8101
3.1905	8.2153	0.2390	74.8645	76.1619
3.1910	8.2158	0.2343	75.5507	76.4391
3.1915	8.2154	0.2418	76.4933	76.4820
3.1920	8.2147	0.2493	76.8539	76.1740
3.1925	8.2160	0.2392	76.7652	75.9088
3.1930	8.2156	0.2340	77.1027	76.0786
3.1935	8.2165	0.2259	77.7757	75.9828
3.1940	8.2170	0.2246	76.7863	75.9153
3.1945	8.2170	0.2230	76.9941	76.3418
3.1950	8.2166	0.2305	76.3753	76.6239
3.1955	8.2157	0.2320	76.7036	76.6364
3.1960	8.2149	0.2419	77.5070	76.3445
3.1965	8.2133	0.2576	77.4473	76.2138
3.1970	8.2146	0.2483	77.6123	76.5810
3.1975	8.2153	0.2395	78.0559	76.2443
3.1980	8.2159	0.2382	78.0972	76.2891
3.1985	8.2176	0.2161	77.4408	76.6974
3.1990	8.2184	0.2117	76.5503	76.4447
3.1995	8.2182	0.2064	76.5107	76.3966
3.2000	8.2175	0.2188	74.7014	76.2472
3.2005	8.2180	0.2208	72.9937	76.3399
3.2010	8.2178	0.2150	73.3957	76.4322
3.2015	8.2176	0.2161	74.1764	75.9017
3.2020	8.2184	0.2142	75.1866	75.8661
3.2025	8.2175	0.2142	75.3709	76.3464
3.2030	8.2158	0.2338	75.5532	76.2422
3.2035	8.2142	0.2500	76.3567	76.0975
3.2040	8.2131	0.2609	77.1961	75.9558
3.2045	8.2133	0.2658	77.2269	76.3573
3.2050	8.2134	0.2596	77.0313	76.2568
3.2055	8.2152	0.2380	77.3643	75.5275
3.2060	8.2168	0.2267	77.4563	75.6347
3.2065	8.2175	0.2254	77.2142	76.0684
3.2070	8.2158	0.2292	76.3694	76.4988
3.2075	8.2163	0.2309	76.4406	76.5033
3.2080	8.2155	0.2354	77.6049	76.4093
3.2085	8.2159	0.2322	77.9398	76.6144
3.2090	8.2158	0.2322	77.7335	76.4718
3.2095	8.2163	0.2316	77.4801	75.9748
3.2100	8.2152	0.2409	77.9170	76.1383
3.2105	8.2146	0.2426	77.4177	76.1097
3.2110	8.2138	0.2588	76.6812	76.3288
3.2115	8.2124	0.2737	74.7942	76.5747
3.2120	8.2125	0.2654	72.9508	76.1716
3.2125	8.2129	0.2687	73.6802	76.1710
3.2130	8.2143	0.2547	73.8306	75.8502
3.2135	8.2154	0.2434	74.1104	75.6931
3.2140	8.2148	0.2419	74.8970	76.0549
3.2145	8.2158	0.2444	75.9115	76.1056
3.2150	8.2148	0.2446	76.1679	76.2592
3.2155	8.2141	0.2534	76.3245	76.7511
3.2160	8.2146	0.2475	76.7579	76.4641
3.2165	8.2157	0.2387	77.4718	76.4815
3.2170	8.2164	0.2302	77.5849	76.1877
3.2175	8.2153	0.2387	77.4273	76.2159
3.2180	8.2135	0.2550	76.9839	76.5042
3.2185	8.2124	0.2673	76.7955	76.6331
3.2190	8.2123	0.2726	76.9786	76.6289
3.2195	8.2137	0.2596	77.1345	76.6956
3.2200	8.2146	0.2494	77.4214	76.1443
3.2205	8.2146	0.2448	77.9222	76.2004
3.2210	8.2155	0.2470	78.2553	76.0166
3.2215	8.2148	0.2478	78.0931	76.1404
3.2220	8.2151	0.2460	77.4837	76.2482
3.2225	8.2160	0.2341	77.3603	75.9095
3.2230	8.2160	0.2355	76.4254	76.2635
3.2235	8.2159	0.2335	74.9417	76.2682
3.2240	8.2156	0.2371	73.0170	75.8412
3.2245	8.2165	0.2285	73.4135	75.8914
3.2250	8.2159	0.2315	74.4069	75.6955
3.2255	8.2148	0.2462	74.6846	76.0872
3.2260	8.2135	0.2557	74.9521	76.0756
3.2265	8.2120	0.2741	75.5588	75.7561
3.2270	8.2122	0.2733	76.4923	76.3982
3.2275	8.2128	0.2688	76.8068	76.5542
3.2280	8.2136	0.2587	76.7098	76.3805
3.2285	8.2155	0.2404	77.0002	76.2726
3.2290	8.2160	0.2252	77.5827	75.9331
3.2295	8.2162	0.2337	77.7518	76.3362
3.2300	8.2156	0.2294	76.1987	76.1059
3.2305	8.2147	0.2449	75.8892	76.0559
3.2310	8.2150	0.2439	77.1018	76.5162
3.2315	8.2153	0.2410	77.6456	76.3331
3.2320	8.2175	0.2168	77.6985	76.5580
3.2325	8.2169	0.2227	77.6963	76.3525
3.2330	8.2153	0.2369	78.1452	75.9090
3.2335	8.2139	0.2507	78.2308	75.9765
3.2340	8.2134	0.2614	77.5806	75.8532
3.2345	8.2143	0.2576	76.7082	76.1115
3.2350	8.2147	0.2487	75.6513	76.5160
3.2355	8.2157	0.2389	74.9279	76.2181
3.2360	8.2167	0.2298	73.2465	76.4270
3.2365	8.2178	0.2160	73.5108	76.5056
3.2370	8.2188	0.2092	74.2549	76.2469
3.2375	8.2170	0.2197	75.0182	76.3110
3.2380	8.2180	0.2147	75.4954	76.3223
3.2385	8.2174	0.2172	75.6467	76.5628
3.2390	8.2182	0.2108	76.2971	76.8900
3.2395	8.2180	0.2168	76.8378	76.5220
3.2400	8.2177	0.2180	77.2084	76.6016
3.2405	8.2174	0.2220	77.1002	76.4147
3.2410	8.2156	0.2372	77.3563	76.0431
3.2415	8.2143	0.2508	76.8504	76.2930
3.2420	8.2143	0.2528	76.0254	76.3957
3.2425	8.2142	0.2572	76.4179	76.4260
3.2430	8.2148	0.2484	76.8152	76.2161
3.2435	8.2166	0.2277	77.6747	75.9363
3.2440	8.2174	0.2219	78.0971	76.2855
3.2445	8.2170	0.2287	78.0710	75.8852
3.2450	8.2166	0.2274	77.7430	75.6687
3.2455	8.2165	0.2240	77.8781	75.9736
3.2460	8.2165	0.2264	77.5619	76.1927
3.2465	8.2168	0.2209	76.7072	76.3472
3.2470	8.2173	0.2236	75.4075	76.1898
3.2475	8.2173	0.2242	74.4131	76.0078
3.2480	8.2164	0.2291	73.6864	76.5179
3.2485	8.2156	0.2399	74.0282	76.4695
3.2490	8.2141	0.2490	74.2031	76.3162
3.2495	8.2152	0.2485	74.8725	76.3729
3.2500	8.2160	0.2338	75.6869	76.4048
3.2505	8.2151	0.2368	76.2605	76.4407
3.2510	8.2151	0.2428	76.2723	76.0555
3.2515	8.2141	0.2534	76.6967	75.9992
3.2520	8.2158	0.2408	77.0763	76.1273
3.2525	8.2171	0.2225	77.7075	76.2003
3.2530	8.2172	0.2228	76.3025	76.3773
3.2535	8.2171	0.2219	74.9835	76.2562
3.2540	8.2181	0.2146	76.2063	76.0571
3.2545	8.2182	0.2109	76.8854	76.2895
3.2550	8.2167	0.2200	77.2277	76.1664
3.2555	8.2150	0.2427	77.3661	76.0079
3.2560	8.2135	0.2579	77.9978	76.0787
3.2565	8.2135	0.2621	78.2147	76.1310
3.2570	8.2135	0.2561	77.8941	76.5660
3.2575	8.2133	0.2623	77.3676	76.5129
3.2580	8.2135	0.2641	77.0345	76.3723
3.2585	8.2139	0.2597	76.6271	76.6101
3.2590	8.2142	0.2466	74.8824	76.3634
3.2595	8.2143	0.2526	73.8015	76.3254
3.2600	8.2147	0.2475	73.7915	76.5378
3.2605	8.2152	0.2458	74.5087	76.3057
3.2610	8.2157	0.2349	74.9949	76.3273
3.2615	8.2158	0.2339	75.0096	76.1902
3.2620	8.2157	0.2378	75.8879	76.5157
3.2625	8.2141	0.2478	76.7221	76.7658
3.2630	8.2126	0.2667	77.0903	76.2917
3.2635	8.2115	0.2791	76.7303	75.9814
3.2640	8.2105	0.2923	77.3905	75.7396
3.2645	8.2110	0.2817	77.0848	75.9723
3.2650	8.2111	0.2804	76.8717	76.1729
3.2655	8.2123	0.2709	76.4041	75.8620
3.2660	8.2143	0.2505	75.9525	76.1265
3.2665	8.2146	0.2465	77.2476	76.4459
3.2670	8.2146	0.2536	77.6601	75.9483
3.2675	8.2146	0.2478	77.5300	75.7742
3.2680	8.2150	0.2432	77.5389	75.6918
3.2685	8.2148	0.2437	78.1082	76.0076
3.2690	8.2152	0.2449	78.0754	76.7223
3.2695	8.2154	0.2402	77.0899	76.6061
3.2700	8.2154	0.2365	76.2524	76.8159
3.2705	8.2144	0.2553	75.8247	76.6680
3.2710	8.2126	0.2689	73.7892	76.2755
3.2715	8.2120	0.2746	73.2516	76.1148
3.2720	8.2126	0.2691	73.5670	75.8705
3.2725	8.2138	0.2606	74.4804	75.7569
3.2730	8.2145	0.2468	75.4431	76.1086
3.2735	8.2161	0.2368	75.6411	76.4003
3.2740	8.2146	0.2440	75.8289	76.4747
3.2745	8.2143	0.2552	76.5235	76.2264
3.2750	8.2150	0.2432	77.3570	75.9301
3.2755	8.2154	0.2377	77.2728	76.0845
3.2760	8.2159	0.2350	77.2516	76.0203
3.2765	8.2168	0.2256	76.6020	75.9358
3.2770	8.2174	0.2228	77.3863	76.3361
3.2775	8.2164	0.2272	76.9499	76.5811
3.2780	8.2155	0.2316	76.1593	76.6082
3.2785	8.2146	0.2462	76.9814	76.3432
3.2790	8.2135	0.2568	77.8148	76.1508
3.2795	8.2148	0.2498	78.0817	76.5585
3.2800	8.2156	0.2316	77.7186	76.3124
3.2805	8.2155	0.2328	77.5766	76.2655
3.2810	8.2175	0.2161	77.7639	76.7241
3.2815	8.2184	0.2096	77.2388	76.4872
3.2820	8.2185	0.2030	76.3722	76.4132
3.2825	8.2174	0.2113	74.3908	76.2648
3.2830	8.2177	0.2139	73.1342	76.2833
3.2835	8.2176	0.2121	73.9435	76.4311
3.2840	8.2176	0.2156	74.1251	75.9248
3.2845	8.2186	0.2074	74.4484	75.7664
3.2850	8.2184	0.2067	75.1431	76.2882
3.2855	8.2170	0.2254	76.1391	76.2783
3.2860	8.2151	0.2402	76.4665	76.1270
3.2865	8.2140	0.2603	76.5539	75.9858
3.2870	8.2132	0.2616	76.9464	76.2912
3.2875	8.2134	0.2559	77.4731	76.3527
3.2880	8.2149	0.2486	77.7102	75.5831
3.2885	8.2168	0.2269	76.9844	75.6038
3.2890	8.2167	0.2228	76.8628	75.9983
3.2895	8.2158	0.2405	76.9212	76.4480
3.2900	8.2158	0.2418	76.7279	76.4894
3.2905	8.2152	0.2371	77.1422	76.4207
3.2910	8.2151	0.2367	77.3982	76.5750
3.2915	8.2157	0.2381	78.0762	76.5276
3.2920	8.2160	0.2316	78.0153	76.0173
3.2925	8.2160	0.2349	77.5657	76.1170
3.2930	8.2153	0.2410	76.9721	76.1122
3.2935	8.2141	0.2493	76.9976	76.2510
3.2940	8.2120	0.2696	75.6787	76.5624
3.2945	8.2126	0.2681	72.8648	76.1701
3.2950	8.2128	0.2700	72.9180	76.1605
3.2955	8.2140	0.2529	73.8774	75.8712
3.2960	8.2156	0.2427	74.7267	75.6729
3.2965	8.2151	0.2407	74.8099	76.0168
3.2970	8.2152	0.2399	75.1679	76.1606
3.2975	8.2155	0.2452	75.9836	76.2689
3.2980	8.2142	0.2514	76.8744	76.7453
3.2985	8.2145	0.2523	76.9677	76.4578
3.2990	8.2159	0.2393	76.9007	76.4431
3.2995	8.2165	0.2287	77.2579	76.1744
3.3000	8.2158	0.2342	77.8726	76.1431
3.3005	8.2140	0.2527	77.5002	76.4521
3.3010	8.2130	0.2599	76.4825	76.6225
3.3015	8.2126	0.2761	76.5126	76.6230
3.3020	8.2136	0.2616	77.3260	76.7147
3.3025	8.2142	0.2478	77.7750	76.1761
3.3030	8.2149	0.2460	77.7308	76.1667
3.3035	8.2155	0.2396	77.8138	76.0304
3.3040	8.2151	0.2506	78.2697	76.0635
3.3045	8.2148	0.2476	77.9778	76.2625
3.3050	8.2157	0.2401	77.3186	75.8804
3.3055	8.2152	0.2396	76.1334	76.2330
3.3060	8.2151	0.2455	75.1629	76.3246
3.3065	8.2154	0.2400	73.5531	75.8438
3.3070	8.2170	0.2248	73.2764	75.9188
3.3075	8.2165	0.2275	73.8800	75.7176
3.3080	8.2150	0.2413	74.5654	76.0075
3.3085	8.2139	0.2596	75.3706	76.0952
3.3090	8.2119	0.2747	75.5828	75.7093
3.3095	8.2128	0.2713	75.9425	76.2802
3.3100	8.2130	0.2679	76.6055	76.5378
3.3105	8.2133	0.2591	77.1074	76.3410
3.3110	8.2149	0.2458	77.1886	76.2867
3.3115	8.2155	0.2336	77.1105	75.9324
3.3120	8.2160	0.2298	77.5555	76.3060
3.3125	8.2160	0.2338	76.8002	76.1765
3.3130	8.2154	0.2431	76.1024	76.0067
3.3135	8.2153	0.2400	76.5980	76.4717
3.3140	8.2160	0.2393	77.1570	76.3245
3.3145	8.2178	0.2165	78.0220	76.4756
3.3150	8.2169	0.2192	78.1546	76.3734
3.3155	8.2152	0.2440	77.8877	75.8815
3.3160	8.2140	0.2541	77.8178	75.9495
3.3165	8.2133	0.2631	77.7827	75.8516
3.3170	8.2141	0.2499	77.3564	76.0520
3.3175	8.2153	0.2394	75.7075	76.5108
3.3180	8.2158	0.2378	74.6369	76.2523
3.3185	8.2173	0.2191	73.3982	76.4243
3.3190	8.2176	0.2179	73.8474	76.5174
3.3195	8.2181	0.2059	74.2580	76.2179
3.3200	8.2169	0.2204	74.5094	76.2486
3.3205	8.2176	0.2207	75.3954	76.2596
3.3210	8.2180	0.2162	76.0392	76.4869
3.3215	8.2186	0.2137	76.3905	76.8622
3.3220	8.2182	0.2107	76.4224	76.5521
3.3225	8.2173	0.2199	77.0137	76.5755
3.3230	8.2176	0.2188	77.4503	76.4621
3.3235	8.2159	0.2342	77.6687	76.0041
3.3240	8.2146	0.2505	76.7360	76.2748
3.3245	8.2140	0.2510	75.6543	76.3806
3.3250	8.2137	0.2550	76.6370	76.3950
3.3255	8.2141	0.2536	77.1487	76.2285
3.3260	8.2164	0.2347	77.3607	75.9433
3.3265	8.2173	0.2202	77.7093	76.2321
3.3270	8.2164	0.2273	78.2943	75.9582
3.3275	8.2161	0.2286	78.1661	75.6313
3.3280	8.2168	0.2288	77.7457	75.8687
3.3285	8.2166	0.2231	77.1866	76.1234
3.3290	8.2165	0.2260	76.9645	76.3234
3.3295	8.2167	0.2234	76.0255	76.1679
3.3300	8.2172	0.2251	74.4817	75.9536
3.3305	8.2168	0.2243	73.2926	76.4491
3.3310	8.2156	0.2349	73.9504	76.4809
3.3315	8.2138	0.2544	74.6505	76.2959
3.3320	8.2146	0.2524	74.8156	76.3349
3.3325	8.2152	0.2415	75.1436	76.3552
3.3330	8.2150	0.2422	76.0925	76.4401
3.3335	8.2150	0.2461	76.6903	76.0548
3.3340	8.2151	0.2432	76.7903	75.9678
3.3345	8.2157	0.2378	76.6435	76.1000
3.3350	8.2172	0.2240	77.4398	76.1478
3.3355	8.2177	0.2193	76.9788	76.3157
3.3360	8.2171	0.2245	75.2498	76.2392
3.3365	8.2182	0.2180	75.7442	76.0002
3.3370	8.2186	0.2103	76.5067	76.2022
3.3375	8.2169	0.2195	77.4931	76.1684
3.3380	8.2156	0.2339	77.7076	75.9897
3.3385	8.2137	0.2558	77.7224	76.0789
3.3390	8.2132	0.2587	77.8324	76.0690
3.3395	8.2141	0.2552	78.1387	76.4903
3.3400	8.2131	0.2632	77.8778	76.5144
3.3405	8.2125	0.2676	76.9411	76.3275
3.3410	8.2139	0.2549	76.3216	76.5530
3.3415	8.2142	0.2532	75.2133	76.3828
3.3420	8.2147	0.2526	74.3194	76.2332
3.3425	8.2144	0.2442	73.7880	76.5189
3.3430	8.2151	0.2442	73.9041	76.3085
3.3435	8.2156	0.2361	74.9208	76.3102
3.3440	8.2158	0.2390	75.4883	76.1942
3.3445	8.2158	0.2290	75.9150	76.4328
3.3450	8.2154	0.2366	76.1525	76.7726
3.3455	8.2136	0.2604	76.9206	76.3286
3.3460	8.2122	0.2694	77.1691	75.9610
3.3465	8.2101	0.2930	77.5514	75.7197
3.3470	8.2107	0.2849	76.7395	75.8822
3.3475	8.2115	0.2850	76.5382	76.1674
3.3480	8.2124	0.2702	76.9791	75.8760
3.3485	8.2142	0.2499	76.2403	76.0175
3.3490	8.2144	0.2446	76.7277	76.4299
3.3495	8.2141	0.2516	77.2438	75.9952
3.3500	8.2146	0.2484	77.9235	75.7415
3.3505	8.2147	0.2493	77.9378	75.7182
3.3510	8.2150	0.2461	77.7751	75.8634
3.3515	8.2155	0.2459	77.6281	76.6634
3.3520	8.2157	0.2346	77.4965	76.5912
3.3525	8.2160	0.2339	76.8360	76.7581
3.3530	8.2147	0.2470	75.7853	76.7157
3.3535	8.2128	0.2659	73.4302	76.2787
3.3540	8.2120	0.2779	73.3430	76.1420
3.3545	8.2127	0.2731	74.1507	75.9031
3.3550	8.2134	0.2631	74.3092	75.7320
3.3555	8.2146	0.2502	74.7164	76.0452
3.3560	8.2159	0.2371	75.5235	76.3658
3.3565	8.2151	0.2404	76.4748	76.4519
3.3570	8.2140	0.2568	76.5773	76.2617
3.3575	8.2152	0.2394	76.6596	75.9336
3.3580	8.2155	0.2381	77.0537	76.0434
3.3585	8.2166	0.2328	77.9033	76.0481
3.3590	8.2163	0.2260	76.9040	75.8817
3.3595	8.2171	0.2203	76.7528	76.2302
3.3600	8.2169	0.2282	76.6454	76.5675
3.3605	8.2157	0.2358	76.5832	76.6006
3.3610	8.2154	0.2448	77.3222	76.4101
3.3615	8.2135	0.2583	77.3150	76.1193
3.3620	8.2146	0.2512	77.6341	76.4977
3.3625	8.2154	0.2396	78.0727	76.3658
3.3630	8.2154	0.2399	78.0612	76.1938
3.3635	8.2174	0.2216	77.5316	76.6872
3.3640	8.2169	0.2167	76.7752	76.5130
3.3645	8.2176	0.2171	76.6633	76.3781
3.3650	8.2171	0.2240	75.2651	76.2817
3.3655	8.2173	0.2239	72.9996	76.2499
3.3660	8.2175	0.2135	73.3279	76.4429
3.3665	8.2173	0.2210	74.1138	75.9860
3.3670	8.2178	0.2176	74.9230	75.6958
3.3675	8.2182	0.2119	75.1473	76.1930
3.3680	8.2169	0.2249	75.5091	76.2934
3.3685	8.2151	0.2467	76.3307	76.1064
3.3690	8.2137	0.2573	77.0377	75.9924
3.3695	8.2131	0.2644	77.0341	76.2208
3.3700	8.2135	0.2655	76.9732	76.4217
3.3705	8.2147	0.2533	77.4984	75.6421
3.3710	8.2157	0.2342	77.5193	75.5361
3.3715	8.2164	0.2272	77.1549	75.9285
3.3720	8.2146	0.2405	76.5084	76.4220
3.3725	8.2144	0.2486	76.3376	76.5251
3.3730	8.2151	0.2461	77.5237	76.3842
3.3735	8.2149	0.2400	77.7936	76.5325
3.3740	8.2156	0.2388	77.6286	76.5616
3.3745	8.2164	0.2335	77.5377	76.0276
3.3750	8.2157	0.2357	77.9919	76.0399
3.3755	8.2151	0.2405	77.6172	76.1526
3.3760	8.2148	0.2540	76.6549	76.2375
3.3765	8.2127	0.2685	75.4586	76.6124
3.3770	8.2125	0.2696	73.2862	76.2507
3.3775	8.2123	0.2697	73.4136	76.1405
3.3780	8.2130	0.2646	73.6660	75.9454
3.3785	8.2148	0.2485	73.9972	75.6578
3.3790	8.2144	0.2489	74.8639	75.9462
3.3795	8.2147	0.2473	75.6808	76.1327
3.3800	8.2143	0.2502	75.8960	76.1889
3.3805	8.2139	0.2558	76.2023	76.7264
3.3810	8.2141	0.2546	76.8473	76.5069
3.3815	8.2148	0.2462	77.4347	76.4426
3.3820	8.2160	0.2321	77.3498	76.2271
3.3825	8.2154	0.2336	77.2425	76.0711
3.3830	8.2142	0.2566	77.3188	76.4391
3.3835	8.2130	0.2705	77.0595	76.6088
3.3840	8.2121	0.2801	76.8464	76.6848
3.3845	8.2129	0.2650	76.7238	76.7910
3.3850	8.2136	0.2545	77.2234	76.2485
3.3855	8.2140	0.2595	78.1706	76.1484
3.3860	8.2139	0.2553	78.3405	76.0000
3.3865	8.2136	0.2587	77.9692	75.9800
3.3870	8.2135	0.2611	77.4729	76.3197
3.3875	8.2145	0.2514	77.5782	75.9300
3.3880	8.2149	0.2434	76.7972	76.1815
3.3885	8.2151	0.2500	75.1307	76.4211
3.3890	8.2150	0.2437	73.2965	75.8699
3.3895	8.2158	0.2354	73.2940	75.9069
3.3900	8.2161	0.2334	74.3642	75.7138
3.3905	8.2151	0.2513	74.3682	75.9224
3.3910	8.2131	0.2605	74.7493	76.1393
3.3915	8.2118	0.2759	75.5430	75.7101
3.3920	8.2117	0.2785	76.4516	76.1858
3.3925	8.2126	0.2677	76.5956	76.5882
3.3930	8.2134	0.2635	76.4928	76.3645
3.3935	8.2151	0.2446	77.0706	76.3506
3.3940	8.2162	0.2357	77.6544	75.9370
3.3945	8.2159	0.2373	77.6923	76.2212
3.3950	8.2162	0.2307	76.3921	76.2482
3.3955	8.2154	0.2362	75.8174	75.9732
3.3960	8.2161	0.2336	77.0630	76.4279
3.3965	8.2153	0.2359	77.4351	76.3812
3.3970	8.2173	0.2180	77.3854	76.4643
3.3975	8.2175	0.2195	77.7254	76.4695
3.3980	8.2154	0.2362	78.3469	75.9240
3.3985	8.2148	0.2486	78.2913	75.9526
3.3990	8.2134	0.2605	77.3569	75.8712
3.3995	8.2135	0.2514	76.9457	75.9795
3.4000	8.2148	0.2467	76.1678	76.4962
3.4005	8.2151	0.2410	75.2976	76.3127
3.4010	8.2161	0.2305	73.2909	76.3791
3.4015	8.2175	0.2277	73.1270	76.5696
3.4020	8.2181	0.2109	74.3693	76.2554
3.4025	8.2171	0.2248	74.9420	76.2552
3.4030	8.2172	0.2242	75.1834	76.2491
3.4035	8.2175	0.2225	75.3730	76.4329
3.4040	8.2178	0.2208	76.3753	76.8702
3.4045	8.2182	0.2113	76.9453	76.6369
3.4050	8.2177	0.2199	76.9428	76.5470
3.4055	8.2170	0.2205	76.7911	76.5558
3.4060	8.2159	0.2318	77.5110	76.0479
3.4065	8.2145	0.2493	77.4721	76.2206
3.4070	8.2142	0.2539	75.8096	76.3648
3.4075	8.2139	0.2537	75.9417	76.4137
3.4080	8.2138	0.2531	76.7898	76.2836
3.4085	8.2158	0.2320	77.8439	76.0027
3.4090	8.2168	0.2202	77.9487	76.2263
3.4095	8.2166	0.2272	77.7015	76.0574
3.4100	8.2164	0.2215	77.8713	75.6288
3.4105	8.2173	0.2236	78.1940	75.8881
3.4110	8.2166	0.2230	77.6141	76.1474
3.4115	8.2173	0.2281	76.6261	76.3166
3.4120	8.2172	0.2194	75.7237	76.2696
3.4125	8.2169	0.2234	75.0620	75.9465
3.4130	8.2164	0.2287	73.8459	76.3449
3.4135	8.2152	0.2425	73.4655	76.5583
3.4140	8.2146	0.2494	74.0541	76.3046
3.4145	8.2148	0.2523	74.9729	76.3928
3.4150	8.2157	0.2389	75.6654	76.3526
3.4155	8.2150	0.2437	75.7791	76.4786
3.4160	8.2142	0.2481	76.0602	76.1633
3.4165	8.2137	0.2611	76.8492	75.9606
3.4170	8.2150	0.2496	77.1972	76.0902
3.4175	8.2163	0.2301	77.2481	76.1564
3.4180	8.2173	0.2216	76.6370	76.3278
3.4185	8.2169	0.2287	75.2829	76.3035
3.4190	8.2173	0.2239	76.1633	76.0346
3.4195	8.2181	0.2091	76.4852	76.2037
3.4200	8.2171	0.2225	76.8491	76.2151
3.4205	8.2159	0.2360	77.4483	76.0083
3.4210	8.2139	0.2542	78.1508	76.0989
3.4215	8.2130	0.2605	78.0839	76.0694
3.4220	8.2135	0.2564	77.6465	76.4592
3.4225	8.2130	0.2620	77.6182	76.5601
3.4230	8.2130	0.2644	77.3943	76.3162
3.4235	8.2148	0.2476	76.7375	76.5314
3.4240	8.2151	0.2420	75.0537	76.4252
3.4245	8.2149	0.2469	73.9713	76.1858
3.4250	8.2152	0.2405	74.0711	76.5274
3.4255	8.2150	0.2418	74.2331	76.3605
3.4260	8.2159	0.2338	74.5973	76.3556
3.4265	8.2159	0.2345	74.8788	76.2595
3.4270	8.2165	0.2312	76.0045	76.4067
3.4275	8.2158	0.2355	76.6099	76.8024
3.4280	8.2137	0.2591	76.7652	76.4204
3.4285	8.2119	0.2707	76.5956	75.9917
3.4290	8.2106	0.2936	77.5075	75.7270
3.4295	8.2105	0.2901	77.4414	75.8043
3.4300	8.2113	0.2850	76.4730	76.1712
3.4305	8.2122	0.2780	76.5572	75.9100
3.4310	8.2149	0.2487	76.1728	76.0107
3.4315	8.2147	0.2471	77.0990	76.4498
3.4320	8.2141	0.2487	77.3310	76.1165
3.4325	8.2144	0.2463	77.3068	75.7515
3.4330	8.2147	0.2448	77.7371	75.7450
3.4335	8.2147	0.2440	78.2936	75.7769
3.4340	8.2150	0.2449	77.8950	76.5929
3.4345	8.2150	0.2413	77.1403	76.6028
3.4350	8.2160	0.2328	76.5189	76.7296
3.4355	8.2146	0.2506	76.4057	76.7488
3.4360	8.2127	0.2644	74.1693	76.3258
3.4365	8.2120	0.2753	72.8463	76.1691
3.4370	8.2122	0.2763	73.5820	75.9564
3.4375	8.2131	0.2602	74.4853	75.7505
3.4380	8.2140	0.2583	75.1873	76.0160
3.4385	8.2156	0.2432	75.2046	76.3539
3.4390	8.2149	0.2398	75.7707	76.4823
3.4395	8.2143	0.2570	76.5833	76.3134
3.4400	8.2153	0.2412	77.2087	75.9520
3.4405	8.2157	0.2406	76.9372	76.0147
3.4410	8.2159	0.2342	77.2917	76.0558
3.4415	8.2168	0.2296	77.0088	75.8657
3.4420	8.2171	0.2232	77.1525	76.1752
3.4425	8.2168	0.2308	76.9271	76.5655
3.4430	8.2155	0.2325	75.9829	76.6321
3.4435	8.2150	0.2428	77.0138	76.4770
3.4440	8.2134	0.2530	77.7180	76.1369
3.4445	8.2142	0.2527	77.8544	76.4551
3.4450	8.2157	0.2337	77.6069	76.4204
3.4455	8.2154	0.2364	77.7630	76.1295
3.4460	8.2168	0.2272	77.9415	76.6245
3.4465	8.2178	0.2114	77.2307	76.5438
3.4470	8.2183	0.2075	76.3993	76.3799
3.4475	8.2177	0.2179	75.2519	76.3319
3.4480	8.2175	0.2186	73.3678	76.2329
3.4485	8.2179	0.2204	73.6032	76.4721
3.4490	8.2176	0.2182	73.8423	76.0998
3.4495	8.2181	0.2163	74.4033	75.6935
3.4500	8.2184	0.2087	75.1599	76.1457
3.4505	8.2176	0.2214	75.8541	76.3126
3.4510	8.2155	0.2398	76.2166	76.1171
3.4515	8.2140	0.2549	76.4525	75.9891
3.4520	8.2133	0.2599	76.9714	76.1384
3.4525	8.2135	0.2602	77.3973	76.4687
3.4530	8.2140	0.2541	77.5667	75.7449
3.4535	8.2161	0.2401	77.2204	75.5172
3.4540	8.2166	0.2263	76.9233	75.8627
3.4545	8.2158	0.2369	76.9525	76.3684
3.4550	8.2147	0.2443	76.5501	76.5122
3.4555	8.2154	0.2402	77.0195	76.3922
3.4560	8.2148	0.2423	77.5003	76.4681
3.4565	8.2156	0.2428	77.8843	76.6144
3.4570	8.2161	0.2362	77.8813	76.1048
3.4575	8.2155	0.2340	77.6743	76.0400
3.4580	8.2156	0.2415	77.3263	76.1724
3.4585	8.2146	0.2475	77.0103	76.1816
3.4590	8.2130	0.2656	76.1478	76.5660
3.4595	8.2127	0.2686	73.2619	76.2531
3.4600	8.2127	0.2688	72.8990	76.1092
3.4605	8.2133	0.2632	73.7770	75.9679
3.4610	8.2150	0.2457	74.3761	75.6377
3.4615	8.2148	0.2417	74.6359	75.8970
3.4620	8.2140	0.2531	75.0765	76.1670
3.4625	8.2144	0.2483	75.9699	76.1855
3.4630	8.2137	0.2513	76.6575	76.7327
3.4635	8.2141	0.2565	76.7891	76.5812
3.4640	8.2144	0.2513	76.8842	76.4501
3.4645	8.2160	0.2357	77.2672	76.2489
3.4650	8.2157	0.2354	77.7265	76.0055
3.4655	8.2138	0.2528	77.6325	76.3154
3.4660	8.2128	0.2632	76.6401	76.5160
3.4665	8.2117	0.2763	76.5217	76.6319
3.4670	8.2127	0.2676	77.0848	76.8006
3.4675	8.2139	0.2599	77.5638	76.3480
3.4680	8.2137	0.2588	77.7523	76.1671
3.4685	8.2142	0.2538	77.8227	76.1029
3.4690	8.2142	0.2513	78.2213	75.9363
3.4695	8.2147	0.2503	78.0320	76.3209
3.4700	8.2149	0.2446	77.4416	75.9329
3.4705	8.2157	0.2436	76.5717	76.0235
3.4710	8.2141	0.2473	75.4752	76.4139
3.4715	8.2147	0.2439	73.9738	75.8837
3.4720	8.2160	0.2351	73.0819	75.8680
3.4725	8.2160	0.2298	73.8323	75.7571
3.4730	8.2147	0.2432	74.3664	75.8346
3.4735	8.2135	0.2553	75.1449	76.1768
3.4740	8.2124	0.2703	75.4340	75.7269
3.4745	8.2123	0.2700	75.8757	76.0595
3.4750	8.2127	0.2747	76.4958	76.5789
3.4755	8.2133	0.2629	76.9649	76.3266
3.4760	8.2145	0.2500	77.1339	76.3254
3.4765	8.2161	0.2310	77.1408	75.9309
3.4770	8.2158	0.2350	77.5213	76.0950
3.4775	8.2166	0.2287	77.0667	76.2704
3.4780	8.2153	0.2403	76.0100	75.9488
3.4785	8.2160	0.2358	76.5138	76.4008
3.4790	8.2153	0.2340	77.1543	76.4342
3.4795	8.2170	0.2254	77.7664	76.4174
3.4800	8.2174	0.2160	78.0490	76.5200
3.4805	8.2158	0.2400	77.8994	75.9369
3.4810	8.2148	0.2475	77.9853	75.9007
3.4815	8.2134	0.2611	77.8381	75.8346
3.4820	8.2139	0.2593	77.5100	75.8572
3.4825	8.2150	0.2494	76.0352	76.4226
3.4830	8.2150	0.2418	75.0549	76.3382
3.4835	8.2162	0.2312	73.8049	76.3058
3.4840	8.2172	0.2268	73.4934	76.5848
3.4845	8.2182	0.2097	74.1852	76.2850
3.4850	8.2175	0.2189	74.2404	76.2511
3.4855	8.2172	0.2236	75.2073	76.2285
3.4860	8.2175	0.2207	75.9495	76.3530
3.4865	8.2172	0.2192	76.3385	76.7862
3.4870	8.2181	0.2175	76.3126	76.6762
3.4875	8.2172	0.2257	76.8296	76.5047
3.4880	8.2174	0.2231	77.4140	76.5988
3.4885	8.2160	0.2313	77.5903	76.0933
3.4890	8.2145	0.2472	77.0427	76.1971
3.4895	8.2142	0.2573	75.7429	76.3605
3.4900	8.2139	0.2570	76.4504	76.3917
3.4905	8.2144	0.2558	77.0875	76.3071
3.4910	8.2161	0.2319	77.1706	76.0027
3.4915	8.2175	0.2210	77.5133	76.1319
3.4920	8.2168	0.2281	78.1891	76.0846
3.4925	8.2165	0.2292	78.3478	75.6143
3.4930	8.2164	0.2272	77.7989	75.7480
3.4935	8.2164	0.2274	77.2466	75.9508
3.4940	8.2168	0.2305	77.1498	76.3173
3.4945	8.2167	0.2228	76.3899	76.2630
3.4950	8.2173	0.2236	74.8575	76.0098
3.4955	8.2176	0.2211	73.4619	76.3132
3.4960	8.2156	0.2317	73.6594	76.5494
3.4965	8.2148	0.2451	74.6350	76.2496
3.4970	8.2140	0.2478	74.6371	76.3203
3.4975	8.2154	0.2419	74.9409	76.2787
3.4980	8.2146	0.2405	75.8644	76.4209
3.4985	8.2156	0.2419	76.7305	76.1780
3.4990	8.2157	0.2372	76.6887	75.9545
3.4995	8.2159	0.2385	76.4931	76.0958
3.5000	8.2171	0.2222	77.1953	76.1721
3.5005	8.2173	0.2172	77.6254	76.3039
3.5010	8.2169	0.2216	75.4212	76.3070
3.5015	8.2179	0.2205	75.3502	76.0304
3.5020	8.2180	0.2108	76.2975	76.0974
3.5025	8.2175	0.2172	77.4207	76.1799
3.5030	8.2170	0.2273	77.7143	75.9647
3.5035	8.2146	0.2540	77.4445	76.0662
3.5040	8.2134	0.2595	77.7350	76.0387
3.5045	8.2136	0.2632	78.3430	76.3637
3.5050	8.2133	0.2620	78.1466	76.5765
3.5055	8.2126	0.2658	76.9647	76.3394
3.5060	8.2126	0.2605	76.3519	76.4901
3.5065	8.2142	0.2546	75.7243	76.5130
3.5070	8.2146	0.2487	74.6298	76.1726
3.5075	8.2153	0.2388	73.7665	76.4366
3.5080	8.2154	0.2413	73.5681	76.3385
3.5085	8.2154	0.2391	74.8416	76.2570
3.5090	8.2161	0.2335	75.4682	76.2336
3.5095	8.2162	0.2361	75.6916	76.2760
3.5100	8.2158	0.2350	75.8383	76.7493
3.5105	8.2137	0.2567	76.8093	76.4928
3.5110	8.2126	0.2660	77.3591	76.0277
3.5115	8.2109	0.2884	77.3787	75.8002
3.5120	8.2108	0.2900	76.8839	75.7733
3.5125	8.2115	0.2866	76.3974	76.1507
3.5130	8.2119	0.2776	77.2443	75.9267
3.5135	8.2138	0.2570	76.3196	75.8971
3.5140	8.2147	0.2425	76.3174	76.3766
3.5145	8.2149	0.2508	77.0683	76.1678
3.5150	8.2143	0.2457	77.9465	75.7174
3.5155	8.2144	0.2475	78.0169	75.7682
3.5160	8.2147	0.2515	77.6329	75.7095
3.5165	8.2147	0.2490	77.5651	76.5056
3.5170	8.2156	0.2411	77.8091	76.6603
3.5175	8.2158	0.2356	77.0325	76.6817
3.5180	8.2148	0.2456	76.0471	76.7565
3.5185	8.2131	0.2626	74.0333	76.3489
3.5190	8.2118	0.2735	73.2558	76.1263
3.5195	8.2124	0.2749	74.0597	75.9398
3.5200	8.2129	0.2685	74.0074	75.7077
3.5205	8.2137	0.2547	74.5170	75.9361
3.5210	8.2156	0.2446	75.4591	76.3251
3.5215	8.2149	0.2422	76.3899	76.4537
3.5220	8.2136	0.2582	76.3225	76.3599
3.5225	8.2149	0.2454	76.4647	75.9938
3.5230	8.2152	0.2371	77.0654	75.9746
3.5235	8.2161	0.2313	78.0354	76.0641
3.5240	8.2166	0.2268	77.2103	75.8845
3.5245	8.2174	0.2266	76.3280	76.1385
3.5250	8.2165	0.2231	76.8823	76.4977
3.5255	8.2160	0.2374	76.7380	76.5764
3.5260	8.2151	0.2428	77.1114	76.4858
3.5265	8.2140	0.2526	77.0106	76.1440
3.5270	8.2137	0.2535	77.5739	76.3824
3.5275	8.2155	0.2400	78.2981	76.5065
3.5280	8.2153	0.2403	78.1553	76.1425
3.5285	8.2167	0.2293	77.3559	76.5344
3.5290	8.2173	0.2198	76.9344	76.6192
3.5295	8.2180	0.2149	76.9835	76.3381
3.5300	8.2178	0.2150	75.9510	76.3292
3.5305	8.2168	0.2259	73.0633	76.1787
3.5310	8.2180	0.2155	73.0277	76.4249
3.5315	8.2170	0.2214	74.1683	76.1487
3.5320	8.2175	0.2163	74.8497	75.7341
3.5325	8.2180	0.2083	74.7648	76.0798
3.5330	8.2172	0.2193	75.1823	76.3499
3.5335	8.2158	0.2384	76.3762	76.1414
3.5340	8.2140	0.2571	77.0211	76.0090
3.5345	8.2133	0.2611	76.7982	76.0530
3.5350	8.2135	0.2637	76.7198	76.4695
3.5355	8.2134	0.2618	77.6148	75.8447
3.5360	8.2153	0.2458	77.8821	75.5176
3.5365	8.2166	0.2284	76.8989	75.8234
3.5370	8.2160	0.2356	76.3888	76.2981
3.5375	8.2153	0.2405	76.4970	76.5491
3.5380	8.2157	0.2440	77.5266	76.4253
3.5385	8.2155	0.2393	77.5521	76.4602
3.5390	8.2158	0.2378	77.2359	76.6199
3.5395	8.2161	0.2305	77.7518	76.1944
3.5400	8.2158	0.2331	78.2539	75.9644
3.5405	8.2155	0.2404	77.6477	76.1566
3.5410	8.2146	0.2418	76.4657	76.1182
3.5415	8.2135	0.2622	76.1446	76.4186
3.5420	8.2128	0.2676	74.1232	76.3485
3.5425	8.2127	0.2682	73.1146	76.1080
3.5430	8.2131	0.2703	73.2833	76.0734
3.5435	8.2149	0.2494	73.8583	75.6939
3.5440	8.2150	0.2437	74.9635	75.8592
3.5445	8.2152	0.2454	75.4413	76.1704
3.5450	8.2151	0.2459	75.5643	76.1181
3.5455	8.2142	0.2540	76.0461	76.4707
3.5460	8.2143	0.2541	76.9762	76.5356
3.5465	8.2146	0.2472	77.3179	76.3782
3.5470	8.2161	0.2351	77.1189	76.3652
3.5475	8.2158	0.2281	77.1585	76.1429
3.5480	8.2145	0.2413	77.6923	76.4011
3.5485	8.2134	0.2593	77.2415	76.6181
3.5490	8.2122	0.2732	76.5011	76.5554
3.5495	8.2131	0.2688	76.6117	76.7179
3.5500	8.2135	0.2570	77.3952	76.4107
3.5505	8.2136	0.2588	78.1417	76.0856
3.5510	8.2146	0.2535	78.0568	76.2045
3.5515	8.2145	0.2519	77.7622	76.0768
3.5520	8.2142	0.2546	77.7367	76.2955
3.5525	8.2146	0.2483	77.8948	76.0579
3.5530	8.2154	0.2444	77.0686	75.8228
3.5535	8.2147	0.2469	75.4592	76.3065
3.5540	8.2146	0.2498	73.9230	76.0046
3.5545	8.2159	0.2381	73.1294	75.8477
3.5550	8.2165	0.2253	74.0951	75.8991
3.5555	8.2153	0.2407	74.1072	75.9430
3.5560	8.2140	0.2522	74.6944	76.2543
3.5565	8.2133	0.2611	75.5033	75.7702
3.5570	8.2129	0.2676	76.1749	75.8243
3.5575	8.2131	0.2705	76.2728	76.2278
3.5580	8.2134	0.2652	76.4930	76.3644
3.5585	8.2143	0.2579	77.1694	76.3138
3.5590	8.2157	0.2327	77.5127	76.1222
3.5595	8.2161	0.2317	77.3789	76.1612
3.5600	8.2169	0.2259	76.8117	76.3515
3.5605	8.2157	0.2365	76.0153	75.9086
3.5610	8.2155	0.2404	76.8329	76.2474
3.5615	8.2157	0.2381	77.1365	76.3920
3.5620	8.2165	0.2343	77.2146	76.3299
3.5625	8.2176	0.2116	77.8525	76.5334
3.5630	8.2156	0.2316	78.3023	76.0969
3.5635	8.2148	0.2428	78.1955	75.9187
3.5640	8.2135	0.2526	77.4278	75.8984
3.5645	8.2140	0.2542	77.3116	75.8431
3.5650	8.2148	0.2415	76.6393	76.3534
3.5655	8.2157	0.2385	75.4099	76.3162
3.5660	8.2164	0.2285	73.6471	76.1847
3.5665	8.2175	0.2206	72.9795	76.5747
3.5670	8.2181	0.2123	74.3402	76.3161
3.5675	8.2178	0.2118	74.6773	76.2252
3.5680	8.2169	0.2269	74.9085	76.2405
3.5685	8.2177	0.2177	75.2985	76.3226
3.5690	8.2171	0.2142	76.3713	76.6706
3.5695	8.2182	0.2124	76.7687	76.6835
3.5700	8.2174	0.2139	76.6546	76.4975
3.5705	8.2175	0.2201	76.8281	76.6361
3.5710	8.2161	0.2301	77.5190	76.1490
3.5715	8.2149	0.2465	77.7654	76.1368
3.5720	8.2140	0.2582	75.9171	76.3835
3.5725	8.2138	0.2564	75.7184	76.3628
3.5730	8.2142	0.2552	76.8446	76.3242
3.5735	8.2153	0.2402	77.5554	75.9954
3.5740	8.2172	0.2231	77.6982	76.0833
3.5745	8.2164	0.2272	77.6646	76.2175
3.5750	8.2168	0.2272	78.0757	75.6891
3.5755	8.2169	0.2211	78.2615	75.7607
3.5760	8.2166	0.2271	77.6180	76.0569
3.5765	8.2165	0.2273	76.7663	76.2859
3.5770	8.2170	0.2246	76.1964	76.2667
3.5775	8.2168	0.2277	75.3567	75.9927
3.5780	8.2170	0.2260	73.9433	76.2174
3.5785	8.2156	0.2399	73.2603	76.5970
3.5790	8.2140	0.2518	74.1567	76.3107
3.5795	8.2140	0.2546	74.8375	76.3584
3.5800	8.2151	0.2428	75.2917	76.3492
3.5805	8.2156	0.2418	75.5082	76.4691
3.5810	8.2145	0.2445	76.1591	76.2456
3.5815	8.2140	0.2567	76.8156	75.9334
3.5820	8.2139	0.2561	77.0649	76.0473
3.5825	8.2163	0.2360	76.9017	76.1053
3.5830	8.2173	0.2251	77.1966	76.2455
3.5835	8.2165	0.2308	75.7331	76.3443
3.5840	8.2170	0.2238	75.7236	76.0922
3.5845	8.2178	0.2135	76.1598	76.0681
3.5850	8.2173	0.2163	76.7183	76.1854
3.5855	8.2163	0.2310	77.5775	76.0024
3.5860	8.2148	0.2454	77.9676	76.0861
3.5865	8.2136	0.2599	77.8749	76.0622
3.5870	8.2137	0.2580	77.6873	76.3240
3.5875	8.2139	0.2632	77.9156	76.6157
3.5880	8.2135	0.2593	77.5729	76.3617
3.5885	8.2138	0.2593	76.7105	76.4146
3.5890	8.2149	0.2505	75.4582	76.4753
3.5895	8.2148	0.2456	74.3649	76.1536
3.5900	8.2152	0.2389	74.2018	76.4029
3.5905	8.2153	0.2373	73.8794	76.4118
3.5910	8.2161	0.2329	74.3117	76.2921
3.5915	8.2161	0.2357	74.8971	76.3069
3.5920	8.2163	0.2304	75.8542	76.2811
3.5925	8.2163	0.2349	76.2817	76.7165
3.5930	8.2139	0.2525	76.4794	76.5964
3.5935	8.2127	0.2608	76.7817	76.0885
3.5940	8.2112	0.2853	77.4085	75.8218
3.5945	8.2102	0.2951	77.6289	75.7211
3.5950	8.2116	0.2815	76.2865	76.1128
3.5955	8.2120	0.2761	76.6214	76.0121
3.5960	8.2145	0.2530	76.4452	75.8554
3.5965	8.2146	0.2460	76.7456	76.2986
3.5970	8.2152	0.2387	77.1099	76.2854
3.5975	8.2159	0.2387	77.2632	75.7486
3.5980	8.2159	0.2398	77.8430	75.7877
3.5985	8.2155	0.2399	78.2088	75.6748
3.5990	8.2150	0.2393	77.7665	76.3683
3.5995	8.2155	0.2432	77.2750	76.6817
3.6000	8.2162	0.2338	76.8844	76.6333
3.6005	8.2150	0.2404	76.7164	76.7813
3.6010	8.2140	0.2564	74.7370	76.4125
3.6015	8.2122	0.2712	72.7256	76.1498
3.6020	8.2126	0.2735	73.5211	76.0259
3.6025	8.2129	0.2655	74.3877	75.7472
3.6030	8.2141	0.2531	74.8930	75.9074
3.6035	8.2159	0.2360	74.9353	76.2919
3.6040	8.2159	0.2294	75.6814	76.4373
3.6045	8.2150	0.2431	76.5621	76.3955
3.6050	8.2153	0.2381	77.0055	76.0221
3.6055	8.2162	0.2307	76.7686	75.9476
3.6060	8.2158	0.2338	77.1865	76.0853
3.6065	8.2164	0.2241	77.4948	75.9305
3.6070	8.2173	0.2216	76.9386	76.0823
3.6075	8.2172	0.2234	76.9001	76.5033
3.6080	8.2159	0.2313	76.0561	76.5742
3.6085	8.2155	0.2383	76.9422	76.5154
3.6090	8.2139	0.2531	77.6427	76.1726
3.6095	8.2143	0.2584	77.5474	76.2987
3.6100	8.2152	0.2425	77.4926	76.5261
3.6105	8.2153	0.2389	77.9176	76.1620
3.6110	8.2167	0.2334	78.0890	76.4856
3.6115	8.2178	0.2174	77.3276	76.6821
3.6120	8.2188	0.2066	76.3511	76.3640
3.6125	8.2181	0.2109	75.9898	76.3635
3.6130	8.2174	0.2253	73.9900	76.2051
3.6135	8.2173	0.2142	73.2222	76.4040
3.6140	8.2175	0.2207	73.5269	76.2627
3.6145	8.2172	0.2186	74.2342	75.8158
3.6150	8.2186	0.2084	75.1946	76.0049
3.6155	8.2175	0.2163	75.6171	76.3194
3.6160	8.2162	0.2316	75.8527	76.1227
3.6165	8.2146	0.2445	76.3492	76.0161
3.6170	8.2140	0.2549	77.0745	75.9883
3.6175	8.2140	0.2570	77.3758	76.4610
3.6180	8.2142	0.2560	77.2650	76.0593
3.6185	8.2154	0.2404	77.1872	75.5817
3.6190	8.2169	0.2249	77.1341	75.7919
3.6195	8.2165	0.2291	77.1992	76.2278
3.6200	8.2161	0.2339	76.4762	76.5097
3.6205	8.2161	0.2260	76.6337	76.3983
3.6210	8.2155	0.2394	77.4508	76.3620
3.6215	8.2157	0.2381	77.9440	76.5873
3.6220	8.2163	0.2317	77.8832	76.3048
3.6225	8.2163	0.2327	77.5200	76.0413
3.6230	8.2159	0.2343	77.5815	76.2178
3.6235	8.2155	0.2378	77.1636	76.1195
3.6240	8.2142	0.2502	76.6310	76.3889
3.6245	8.2136	0.2585	73.9326	76.3932
3.6250	8.2138	0.2521	72.7247	76.1136
3.6255	8.2143	0.2570	73.7918	76.0641
3.6260	8.2153	0.2419	74.0221	75.6795
3.6265	8.2157	0.2413	74.2825	75.7705
3.6270	8.2159	0.2324	74.9121	76.1279
3.6275	8.2158	0.2370	76.0392	76.1069
3.6280	8.2148	0.2473	76.4972	76.4206
3.6285	8.2144	0.2509	76.3905	76.6144
3.6290	8.2155	0.2486	76.6058	76.4339
3.6295	8.2165	0.2317	77.5234	76.4007
3.6300	8.2173	0.2184	77.7670	76.1550
3.6305	8.2163	0.2273	77.4376	76.3288
3.6310	8.2151	0.2414	76.6859	76.5805
3.6315	8.2138	0.2567	76.7069	76.5094
3.6320	8.2135	0.2570	77.1943	76.6451
3.6325	8.2143	0.2517	77.2074	76.4744
3.6330	8.2139	0.2562	77.3219	76.0770
3.6335	8.2149	0.2485	77.9297	76.2429
3.6340	8.2152	0.2444	78.4376	76.1258
3.6345	8.2148	0.2443	78.1137	76.3017
3.6350	8.2152	0.2405	77.2736	76.1400
3.6355	8.2162	0.2363	76.8846	75.7532
3.6360	8.2151	0.2397	76.2176	76.1906
3.6365	8.2151	0.2484	74.6820	76.0469
3.6370	8.2161	0.2383	72.7025	75.7759
3.6375	8.2169	0.2291	73.4752	75.9253
3.6380	8.2157	0.2353	74.4777	76.0100
3.6385	8.2151	0.2427	75.0880	76.3159
3.6390	8.2139	0.2575	75.0395	75.8826
3.6395	8.2134	0.2591	75.5086	75.7809
3.6400	8.2135	0.2599	76.5656	76.1570
3.6405	8.2145	0.2546	77.0565	76.3300
3.6410	8.2149	0.2396	76.7867	76.2445
3.6415	8.2165	0.2307	76.8453	76.1402
3.6420	8.2166	0.2283	77.6077	76.0789
3.6425	8.2164	0.2280	77.7069	76.3688
3.6430	8.2158	0.2310	75.9817	76.0158
3.6435	8.2155	0.2391	75.9593	76.1492
3.6440	8.2155	0.2405	77.0646	76.2519
3.6445	8.2160	0.2373	77.8328	76.2523
3.6450	8.2176	0.2174	77.8987	76.4912
3.6455	8.2158	0.2310	77.6674	76.1517
3.6460	8.2151	0.2449	78.0957	75.8423
3.6465	8.2139	0.2567	78.1670	75.8531
3.6470	8.2133	0.2654	77.5366	75.7433
3.6475	8.2143	0.2501	76.2365	76.1974
3.6480	8.2147	0.2496	75.3227	76.2777
3.6485	8.2159	0.2393	74.6604	76.0734
3.6490	8.2166	0.2307	73.2667	76.5669
3.6495	8.2178	0.2110	73.7002	76.4001
3.6500	8.2175	0.2158	74.1759	76.2095
3.6505	8.2166	0.2272	75.2476	76.2272
3.6510	8.2175	0.2198	75.6877	76.2530
3.6515	8.2169	0.2261	75.7494	76.4968
3.6520	8.2174	0.2205	76.1993	76.6378
3.6525	8.2170	0.2160	76.9736	76.4326
3.6530	8.2167	0.2272	77.4364	76.6303
3.6535	8.2167	0.2219	77.1306	76.2445
3.6540	8.2149	0.2480	77.1694	76.0901
3.6545	8.2141	0.2500	76.4032	76.4152
3.6550	8.2141	0.2528	76.2491	76.3494
3.6555	8.2147	0.2531	76.6175	76.2371
3.6560	8.2156	0.2413	76.7845	75.9506
3.6565	8.2169	0.2262	77.7074	75.9570
3.6570	8.2165	0.2255	78.3247	76.1746
3.6575	8.2160	0.2351	78.1295	75.7002
3.6580	8.2156	0.2310	77.5970	75.6689
3.6585	8.2156	0.2365	77.5751	76.0292
3.6590	8.2157	0.2348	77.4670	76.2715
3.6595	8.2163	0.2337	76.6253	76.2867
3.6600	8.2164	0.2301	75.0028	76.0040
3.6605	8.2165	0.2254	73.9908	76.1028
3.6610	8.2160	0.2304	73.7302	76.5612
3.6615	8.2148	0.2431	74.2961	76.2795
3.6620	8.2139	0.2507	74.2613	76.2785
3.6625	8.2150	0.2440	74.8514	76.2599
3.6630	8.2158	0.2410	75.8667	76.3746
3.6635	8.2153	0.2387	76.5665	76.2604
3.6640	8.2154	0.2384	76.2884	75.9171
3.6645	8.2158	0.2398	76.5548	76.0525
3.6650	8.2169	0.2251	77.2033	76.1783
3.6655	8.2174	0.2209	77.8842	76.2372
3.6660	8.2167	0.2250	75.6758	76.3252
3.6665	8.2164	0.2254	74.9422	76.1244
3.6670	8.2181	0.2156	76.4078	75.9994
3.6675	8.2178	0.2139	77.2457	76.1109
3.6680	8.2166	0.2252	77.3137	75.9472
3.6685	8.2147	0.2437	77.2505	76.0307
3.6690	8.2135	0.2629	77.9866	76.0524
3.6695	8.2132	0.2583	78.4106	76.2101
3.6700	8.2136	0.2611	77.8847	76.6104
3.6705	8.2133	0.2656	76.9792	76.4086
3.6710	8.2133	0.2637	76.8299	76.3727
3.6715	8.2145	0.2514	76.4617	76.4977
3.6720	8.2144	0.2461	74.6488	76.1455
3.6725	8.2149	0.2398	73.6125	76.2562
3.6730	8.2156	0.2434	73.6615	76.3948
3.6735	8.2152	0.2420	74.7967	76.2361
3.6740	8.2157	0.2372	75.1369	76.2892
3.6745	8.2160	0.2352	75.1281	76.2244
3.6750	8.2157	0.2372	75.9082	76.6215
3.6755	8.2142	0.2475	76.9328	76.6678
3.6760	8.2128	0.2642	77.1759	76.1370
3.6765	8.2114	0.2826	76.7724	75.8438
3.6770	8.2097	0.2915	77.2421	75.6608
3.6775	8.2112	0.2810	76.8328	76.0037
3.6780	8.2116	0.2816	77.1291	76.0168
3.6785	8.2133	0.2663	76.2065	75.7951
3.6790	8.2148	0.2510	76.0293	76.1548
3.6795	8.2149	0.2504	77.3209	76.3234
3.6800	8.2157	0.2416	77.8019	75.7825
3.6805	8.2158	0.2408	77.5854	75.7799
3.6810	8.2147	0.2428	77.5597	75.6592
3.6815	8.2151	0.2412	77.9949	76.2085
3.6820	8.2149	0.2452	77.9759	76.6910
3.6825	8.2155	0.2367	76.9360	76.5592
3.6830	8.2153	0.2396	76.1481	76.7154
3.6835	8.2136	0.2563	75.2201	76.4025
3.6840	8.2123	0.2730	73.4445	76.1060
3.6845	8.2120	0.2800	73.4392	75.9679
3.6850	8.2127	0.2685	73.6929	75.7709
3.6855	8.2138	0.2631	74.6726	75.8291
3.6860	8.2152	0.2489	75.4917	76.2786
3.6865	8.2153	0.2389	75.7805	76.4082
3.6870	8.2142	0.2519	75.9304	76.4338
3.6875	8.2148	0.2514	76.6314	76.0895
3.6880	8.2154	0.2412	77.3364	75.8844
3.6885	8.2153	0.2422	77.4597	76.0385
3.6890	8.2160	0.2343	77.1458	75.9278
3.6895	8.2161	0.2299	76.5513	75.9555
3.6900	8.2163	0.2309	77.4306	76.3968
3.6905	8.2158	0.2346	76.6952	76.5606
3.6910	8.2152	0.2434	76.3815	76.5547
3.6915	8.2143	0.2497	77.0180	76.2468
3.6920	8.2129	0.2635	77.8183	76.2341
3.6925	8.2146	0.2492	78.1497	76.5587
3.6930	8.2154	0.2446	77.7798	76.1962
3.6935	8.2158	0.2381	77.4915	76.3546
3.6940	8.2169	0.2242	77.5451	76.6638
3.6945	8.2180	0.2166	77.0834	76.3532
3.6950	8.2181	0.2130	76.2144	76.3277
3.6955	8.2172	0.2253	73.7041	76.1651
3.6960	8.2173	0.2216	73.0780	76.3002
3.6965	8.2172	0.2192	74.0384	76.3496
3.6970	8.2170	0.2234	74.3330	75.8381
3.6975	8.2181	0.2116	74.6064	75.9496
3.6980	8.2181	0.2095	75.1829	76.3516
3.6985	8.2167	0.2241	76.2609	76.1654
3.6990	8.2150	0.2431	76.6441	76.0255
3.6995	8.2140	0.2506	76.5682	75.9031
3.7000	8.2136	0.2565	76.8750	76.3438
3.7005	8.2135	0.2583	77.5800	76.1314
3.7010	8.2155	0.2445	77.7711	75.5311
3.7015	8.2167	0.2251	76.8291	75.7204
3.7020	8.2168	0.2275	76.6460	76.1581
3.7025	8.2162	0.2327	76.7822	76.4961
3.7030	8.2162	0.2331	77.0406	76.4496
3.7035	8.2156	0.2371	77.2357	76.3648
3.7040	8.2160	0.2392	77.2891	76.5741
3.7045	8.2158	0.2364	77.9822	76.3758
3.7050	8.2163	0.2340	78.1268	75.9664
3.7055	8.2159	0.2339	77.6237	76.1504
3.7060	8.2152	0.2376	76.6081	76.1185
3.7065	8.2143	0.2492	76.7410	76.2814
3.7070	8.2136	0.2577	75.0795	76.4297
3.7075	8.2137	0.2551	72.8400	76.1035
3.7080	8.2139	0.2609	73.0186	76.0950
3.7085	8.2150	0.2437	73.7533	75.7685
3.7090	8.2161	0.2348	74.8937	75.7126
3.7095	8.2163	0.2319	75.0618	76.1090
3.7100	8.2158	0.2346	75.2666	76.1407
3.7105	8.2150	0.2351	76.0088	76.3220
3.7110	8.2147	0.2472	76.9587	76.6157
3.7115	8.2154	0.2430	77.0562	76.3963
3.7120	8.2164	0.2298	76.9390	76.4200
3.7125	8.2181	0.2146	77.1762	76.1764
3.7130	8.2172	0.2273	77.9014	76.2574
3.7135	8.2151	0.2440	77.3818	76.5700
3.7140	8.2142	0.2522	76.3661	76.5471
3.7145	8.2138	0.2567	76.4926	76.6144
3.7150	8.2153	0.2480	77.3928	76.5764
3.7155	8.2153	0.2410	77.9236	76.0592
3.7160	8.2160	0.2381	77.7368	76.1938
3.7165	8.2159	0.2337	77.7755	76.1021
3.7170	8.2154	0.2346	78.1571	76.2344
3.7175	8.2160	0.2342	77.9315	76.2229
3.7180	8.2161	0.2363	77.1407	75.8177
3.7185	8.2156	0.2354	75.7531	76.1297
3.7190	8.2159	0.2397	74.5578	76.1812
3.7195	8.2158	0.2367	73.2768	75.7695
3.7200	8.2167	0.2181	73.6348	75.9285
3.7205	8.2164	0.2290	73.9312	75.9073
3.7210	8.2147	0.2437	74.6237	76.2788
3.7215	8.2139	0.2502	75.3286	75.9006
3.7220	8.2132	0.2692	75.7670	75.7049
3.7225	8.2134	0.2598	76.1086	76.0611
3.7230	8.2129	0.2558	76.6036	76.3733
3.7235	8.2142	0.2545	77.0780	76.2860
3.7240	8.2156	0.2393	77.2499	76.2145
3.7245	8.2159	0.2366	77.1811	76.0520
3.7250	8.2161	0.2332	77.3773	76.3416
3.7255	8.2153	0.2399	76.4100	76.0293
3.7260	8.2153	0.2457	76.2701	76.0391
3.7265	8.2150	0.2414	76.7754	76.2833
3.7270	8.2153	0.2415	77.2245	76.1484
3.7275	8.2173	0.2208	77.9221	76.4580
3.7280	8.2168	0.2298	78.1720	76.2699
3.7285	8.2148	0.2491	78.0149	75.8941
3.7290	8.2135	0.2515	77.6510	75.9123
3.7295	8.2136	0.2577	77.5831	75.7776
3.7300	8.2147	0.2561	76.9881	76.1014
3.7305	8.2153	0.2434	75.5920	76.2778
3.7310	8.2158	0.2384	74.2975	76.0401
3.7315	8.2172	0.2244	73.0910	76.4861
3.7320	8.2175	0.2183	74.0389	76.4421
3.7325	8.2181	0.2159	74.3637	76.1928
3.7330	8.2163	0.2272	74.6264	76.2133
3.7335	8.2171	0.2234	75.3131	76.2381
3.7340	8.2171	0.2219	76.1103	76.4933
3.7345	8.2178	0.2260	76.5466	76.6991
3.7350	8.2167	0.2216	76.5297	76.4839
3.7355	8.2167	0.2244	76.8706	76.6134
3.7360	8.2168	0.2249	77.3867	76.3510
3.7365	8.2154	0.2416	77.7712	76.0348
3.7370	8.2145	0.2502	76.3805	76.3165
3.7375	8.2138	0.2561	75.5687	76.3413
3.7380	8.2142	0.2533	76.6712	76.3051
3.7385	8.2144	0.2463	77.3053	76.0866
3.7390	8.2161	0.2287	77.5173	75.9348
3.7395	8.2164	0.2258	77.6086	76.2345
3.7400	8.2156	0.2390	78.1654	75.8392
3.7405	8.2153	0.2428	78.1914	75.6386
3.7410	8.2147	0.2428	77.7439	75.9690
3.7415	8.2146	0.2449	76.9269	76.2526
3.7420	8.2157	0.2395	76.6049	76.2992
3.7425	8.2159	0.2384	75.7986	76.0781
3.7430	8.2161	0.2298	74.3504	76.0316
3.7435	8.2158	0.2310	73.1800	76.5570
3.7440	8.2150	0.2428	73.9230	76.3606
3.7445	8.2141	0.2526	74.6410	76.2715
3.7450	8.2149	0.2458	75.0307	76.3052
3.7455	8.2152	0.2404	75.2187	76.3690
3.7460	8.2146	0.2437	76.0615	76.3533
3.7465	8.2141	0.2503	76.6814	75.9785
3.7470	8.2140	0.2567	76.9133	76.0180
3.7475	8.2154	0.2405	76.6712	76.1513
3.7480	8.2168	0.2313	77.3281	76.1958
3.7485	8.2166	0.2210	76.4277	76.3344
3.7490	8.2163	0.2339	75.4148	76.1766
3.7495	8.2173	0.2220	75.9445	75.9820
3.7500	8.2171	0.2213	76.4496	76.1234
3.7505	8.2162	0.2334	77.4682	76.0061
3.7510	8.2148	0.2450	77.8042	76.0177
3.7515	8.2135	0.2580	77.7773	76.0939
3.7520	8.2136	0.2655	77.6961	76.1513
3.7525	8.2135	0.2626	77.9918	76.5832
3.7530	8.2124	0.2720	77.7744	76.4608
3.7535	8.2129	0.2643	76.8886	76.3444
3.7540	8.2134	0.2567	75.9748	76.5131
3.7545	8.2139	0.2571	74.7575	76.2148
3.7550	8.2149	0.2452	74.2899	76.2295
3.7555	8.2148	0.2417	73.7818	76.4594
3.7560	8.2151	0.2414	73.9866	76.2606
3.7565	8.2155	0.2356	74.8578	76.3014
3.7570	8.2156	0.2368	75.5534	76.1963
3.7575	8.2163	0.2376	76.0854	76.5281
3.7580	8.2149	0.2450	76.2188	76.7234
3.7585	8.2129	0.2678	76.7920	76.2257
3.7590	8.2115	0.2782	77.1776	75.9051
3.7595	8.2101	0.2969	77.6825	75.7134
3.7600	8.2112	0.2830	76.5282	75.9691
3.7605	8.2111	0.2847	76.5063	76.0987
3.7610	8.2129	0.2710	76.7410	75.8160
3.7615	8.2142	0.2526	76.3815	76.0976
3.7620	8.2144	0.2478	76.8634	76.4092
3.7625	8.2145	0.2488	77.1317	75.8762
3.7630	8.2157	0.2441	77.8389	75.7612
3.7635	8.2149	0.2460	78.0772	75.6952
3.7640	8.2152	0.2465	77.7984	76.0176
3.7645	8.2153	0.2437	77.4152	76.6857
3.7650	8.2156	0.2360	77.1910	76.5633
3.7655	8.2151	0.2387	76.8186	76.7742
3.7660	8.2140	0.2546	75.5183	76.5425
3.7665	8.2131	0.2634	72.9808	76.1627
3.7670	8.2121	0.2751	73.2660	76.0448
3.7675	8.2126	0.2706	74.2108	75.8470
3.7680	8.2130	0.2664	74.6253	75.7666
3.7685	8.2146	0.2475	74.7449	76.1973
3.7690	8.2158	0.2371	75.3997	76.4019
3.7695	8.2153	0.2441	76.4506	76.4484
3.7700	8.2147	0.2489	76.7990	76.1635
3.7705	8.2158	0.2396	76.6603	75.8767
3.7710	8.2158	0.2389	76.9602	76.0200
3.7715	8.2161	0.2349	77.7950	75.9689
3.7720	8.2165	0.2260	76.9043	75.9314
3.7725	8.2173	0.2266	76.8562	76.3698
3.7730	8.2158	0.2298	76.3332	76.5788
3.7735	8.2159	0.2397	76.6068	76.5762
3.7740	8.2152	0.2475	77.4930	76.3106
3.7745	8.2135	0.2573	77.3666	76.1513
3.7750	8.2149	0.2555	77.4694	76.5254
3.7755	8.2155	0.2409	78.0220	76.2416
3.7760	8.2154	0.2374	78.1139	76.2557
3.7765	8.2170	0.2297	77.4645	76.6899
3.7770	8.2180	0.2161	76.5026	76.4431
3.7775	8.2181	0.2141	76.4458	76.3613
3.7780	8.2165	0.2228	74.8815	76.2551
3.7785	8.2171	0.2216	73.0225	76.2998
3.7790	8.2175	0.2231	73.3016	76.4072
3.7795	8.2173	0.2224	74.0929	75.8908
3.7800	8.2178	0.2157	75.0280	75.8205
3.7805	8.2179	0.2137	75.2802	76.2772
3.7810	8.2168	0.2215	75.5407	76.1980
3.7815	8.2153	0.2405	76.2472	76.0499
3.7820	8.2139	0.2536	77.1102	75.8995
3.7825	8.2138	0.2563	77.1276	76.2635
3.7830	8.2137	0.2599	76.9448	76.2902
3.7835	8.2147	0.2507	77.3924	75.5847
3.7840	8.2160	0.2358	77.3970	75.6744
3.7845	8.2162	0.2280	77.2086	76.0613
3.7850	8.2155	0.2325	76.3852	76.4612
3.7855	8.2154	0.2372	76.2554	76.4691
3.7860	8.2153	0.2417	77.5587	76.3252
3.7865	8.2152	0.2437	77.8943	76.4852
3.7870	8.2154	0.2346	77.7012	76.4694
3.7875	8.2167	0.2329	77.3834	75.9851
3.7880	8.2158	0.2402	77.7986	76.1307
3.7885	8.2159	0.2379	77.5192	76.1698
3.7890	8.2145	0.2471	76.7141	76.2365
3.7895	8.2131	0.2644	74.9441	76.4644
3.7900	8.2128	0.2702	72.9202	76.1590
3.7905	8.2130	0.2661	73.5711	76.1249
3.7910	8.2140	0.2561	73.7937	75.8384
3.7915	8.2150	0.2443	74.0020	75.6465
3.7920	8.2153	0.2399	74.8124	76.0345
3.7925	8.2154	0.2409	75.7741	76.1244
3.7930	8.2153	0.2421	76.0154	76.2246
3.7935	8.2141	0.2487	76.2394	76.6080
3.7940	8.2148	0.2431	76.7654	76.4255
3.7945	8.2161	0.2278	77.5170	76.4209
3.7950	8.2172	0.2228	77.4718	76.2106
3.7955	8.2170	0.2281	77.1647	76.1731
3.7960	8.2140	0.2464	77.0674	76.5080
3.7965	8.2136	0.2607	77.0211	76.5791
3.7970	8.2124	0.2715	76.9694	76.5764
3.7975	8.2140	0.2560	76.8154	76.6662
3.7980	8.2147	0.2443	77.1667	76.1428
3.7985	8.2148	0.2481	78.0906	76.1569
3.7990	8.2146	0.2455	78.4037	76.1113
3.7995	8.2144	0.2522	77.9302	76.1733
3.8000	8.2145	0.2490	77.3210	76.2361
3.8005	8.2154	0.2395	77.4552	75.8492
3.8010	8.2154	0.2437	76.7155	75.9893
3.8015	8.2148	0.2451	74.9421	76.2632
3.8020	8.2155	0.2430	72.8017	75.7796
3.8025	8.2163	0.2319	73.3101	75.9270
3.8030	8.2162	0.2310	74.4563	75.8100
3.8035	8.2151	0.2499	74.6200	76.1946
3.8040	8.2137	0.2577	74.7813	76.0461
3.8045	8.2128	0.2649	75.4123	75.6936
3.8050	8.2130	0.2732	76.4332	75.9829
3.8055	8.2131	0.2644	76.7854	76.3317
3.8060	8.2135	0.2533	76.5968	76.2941
3.8065	8.2157	0.2410	76.9233	76.2150
3.8070	8.2164	0.2251	77.5467	76.0192
3.8075	8.2167	0.2293	77.7768	76.3048
3.8080	8.2169	0.2284	76.2656	76.1265
3.8085	8.2160	0.2346	75.7558	75.9734
3.8090	8.2156	0.2330	77.0353	76.3773
3.8095	8.2158	0.2412	77.5466	76.2340
3.8100	8.2171	0.2206	77.5551	76.4041
3.8105	8.2165	0.2239	77.6491	76.3642
3.8110	8.2149	0.2445	78.1882	75.9006
3.8115	8.2139	0.2543	78.2671	75.9162
3.8120	8.2129	0.2599	77.4808	75.7880
3.8125	8.2137	0.2557	76.7970	75.9961
3.8130	8.2148	0.2513	75.8613	76.4133
3.8135	8.2149	0.2466	75.0199	76.1243
3.8140	8.2164	0.2357	73.1668	76.3872
3.8145	8.2170	0.2256	73.3290	76.5048
3.8150	8.2179	0.2172	74.3028	76.2041
3.8155	8.2167	0.2272	75.0043	76.2367
3.8160	8.2170	0.2257	75.3067	76.2283
3.8165	8.2170	0.2232	75.4805	76.3864
3.8170	8.2171	0.2216	76.2950	76.6848
3.8175	8.2178	0.2144	76.9106	76.5034
3.8180	8.2175	0.2177	77.0967	76.5511
3.8185	8.2175	0.2219	76.8900	76.4324
3.8190	8.2160	0.2309	77.4514	76.0068
3.8195	8.2144	0.2476	77.1303	76.2398
3.8200	8.2144	0.2510	75.8783	76.3309
3.8205	8.2143	0.2484	76.2087	76.3268
3.8210	8.2146	0.2505	76.7524	76.1633
3.8215	8.2159	0.2295	77.7567	75.9440
3.8220	8.2166	0.2322	78.0237	76.2000
3.8225	8.2161	0.2346	77.8406	75.9376
3.8230	8.2154	0.2361	77.7931	75.5839
3.8235	8.2155	0.2312	78.0508	75.9032
3.8240	8.2160	0.2382	77.5667	76.2061
3.8245	8.2160	0.2314	76.6679	76.2600
3.8250	8.2161	0.2360	75.5038	76.1248
3.8255	8.2168	0.2284	74.6874	75.9424
3.8260	8.2171	0.2294	73.7764	76.4622
3.8265	8.2158	0.2304	73.7568	76.4241
3.8270	8.2150	0.2455	74.1075	76.2385
3.8275	8.2151	0.2484	74.8698	76.3130
3.8280	8.2155	0.2324	75.6219	76.3264
3.8285	8.2149	0.2462	76.0718	76.3874
3.8290	8.2145	0.2455	76.1475	76.0310
3.8295	8.2141	0.2540	76.6670	75.9472
3.8300	8.2157	0.2439	77.1062	76.0860
3.8305	8.2168	0.2274	77.5611	76.1329
3.8310	8.2168	0.2242	76.4849	76.2917
3.8315	8.2165	0.2242	74.9924	76.2330
3.8320	8.2172	0.2194	76.1523	75.9714
3.8325	8.2174	0.2180	76.7392	76.0673
3.8330	8.2167	0.2284	77.0305	76.0320
3.8335	8.2153	0.2378	77.3329	75.9476
3.8340	8.2139	0.2577	78.0190	76.0440
3.8345	8.2127	0.2646	78.1992	76.0527
3.8350	8.2132	0.2685	77.8445	76.5170
3.8355	8.2130	0.2638	77.4127	76.5234
3.8360	8.2134	0.2607	77.1257	76.3153
3.8365	8.2146	0.2509	76.7052	76.4817
3.8370	8.2148	0.2483	75.0042	76.2776
3.8375	8.2151	0.2413	73.8767	76.1360
3.8380	8.2158	0.2391	73.8740	76.4303
3.8385	8.2150	0.2433	74.3530	76.2496
3.8390	8.2154	0.2365	74.8789	76.2873
3.8395	8.2160	0.2387	74.8996	76.2074
3.8400	8.2165	0.2316	75.8378	76.4293
3.8405	8.2155	0.2360	76.6562	76.7675
3.8410	8.2133	0.2642	77.0075	76.3414
3.8415	8.2122	0.2741	76.6716	75.9349
3.8420	8.2107	0.2927	77.3744	75.6700
3.8425	8.2110	0.2868	77.2164	75.8206
3.8430	8.2111	0.2788	76.7227	76.0856
3.8435	8.2123	0.2780	76.5120	75.8032
3.8440	8.2138	0.2561	75.9303	75.9558
3.8445	8.2139	0.2550	77.1235	76.3752
3.8450	8.2150	0.2464	77.5413	75.9779
3.8455	8.2150	0.2449	77.5048	75.7024
3.8460	8.2154	0.2424	77.5413	75.6909
3.8465	8.2151	0.2445	78.1166	75.8672
3.8470	8.2150	0.2453	78.0053	76.6290
3.8475	8.2154	0.2399	77.1763	76.5535
3.8480	8.2158	0.2334	76.3629	76.6808
3.8485	8.2140	0.2480	76.0284	76.5896
3.8490	8.2127	0.2633	73.9222	76.1808
3.8495	8.2119	0.2777	73.0693	76.0393
3.8500	8.2123	0.2757	73.5799	75.8646
3.8505	8.2133	0.2694	74.4521	75.6972
3.8510	8.2138	0.2561	75.2382	76.0838
3.8515	8.2150	0.2434	75.3557	76.3907
3.8520	8.2149	0.2484	75.8229	76.4555
3.8525	8.2146	0.2498	76.5473	76.2520
3.8530	8.2152	0.2408	77.2251	75.8800
3.8535	8.2155	0.2397	77.0804	75.9421
3.8540	8.2156	0.2375	77.3139	75.9529
3.8545	8.2158	0.2346	76.7004	75.8281
3.8550	8.2168	0.2265	77.1974	76.1968
3.8555	8.2160	0.2351	76.9475	76.5235
3.8560	8.2151	0.2378	76.0596	76.5661
3.8565	8.2147	0.2467	77.0198	76.3911
3.8570	8.2129	0.2618	77.7036	76.1248
3.8575	8.2139	0.2602	77.9593	76.4739
3.8580	8.2150	0.2485	77.6767	76.3468
3.8585	8.2147	0.2493	77.6673	76.1401
3.8590	8.2164	0.2334	77.8042	76.6127
3.8595	8.2175	0.2197	77.1696	76.4628
3.8600	8.2175	0.2178	76.4157	76.2969
3.8605	8.2165	0.2245	74.8564	76.2323
3.8610	8.2173	0.2258	73.1804	76.1856
3.8615	8.2174	0.2263	73.7656	76.4250
3.8620	8.2168	0.2201	73.9396	76.0094
3.8625	8.2178	0.2136	74.3918	75.7770
3.8630	8.2182	0.2107	75.1022	76.2091
3.8635	8.2171	0.2261	75.9170	76.2657
3.8640	8.2152	0.2384	76.3578	76.0572
3.8645	8.2138	0.2524	76.4700	75.9072
3.8650	8.2133	0.2619	76.8853	76.1263
3.8655	8.2136	0.2604	77.4535	76.3701
3.8660	8.2142	0.2579	77.6534	75.6725
3.8665	8.2154	0.2384	77.0528	75.5952
3.8670	8.2169	0.2284	76.7232	75.9578
3.8675	8.2163	0.2322	76.8940	76.4191
3.8680	8.2167	0.2284	76.7961	76.4889
3.8685	8.2159	0.2358	77.0683	76.3372
3.8690	8.2150	0.2402	77.2221	76.4467
3.8695	8.2153	0.2390	77.8915	76.5025
3.8700	8.2162	0.2338	78.0481	76.0225
3.8705	8.2156	0.2396	77.7072	76.0194
3.8710	8.2158	0.2397	76.9955	76.1719
3.8715	8.2148	0.2476	76.8208	76.2036
3.8720	8.2130	0.2608	76.1036	76.4931
3.8725	8.2128	0.2655	73.1841	76.2327
3.8730	8.2130	0.2640	72.8050	76.1105
3.8735	8.2137	0.2617	73.6454	75.9305
3.8740	8.2149	0.2455	74.5015	75.6096
3.8745	8.2153	0.2398	74.8445	75.9223
3.8750	8.2157	0.2435	75.0670	76.1445
3.8755	8.2154	0.2396	75.8368	76.1287
3.8760	8.2145	0.2516	76.7895	76.5252
3.8765	8.2146	0.2490	76.8927	76.4623
3.8770	8.2153	0.2368	76.8545	76.4298
3.8775	8.2168	0.2234	77.1697	76.2831
3.8780	8.2169	0.2216	77.7448	76.1701
3.8785	8.2149	0.2461	77.6708	76.4391
3.8790	8.2143	0.2561	76.5190	76.5412
3.8795	8.2131	0.2629	76.3497	76.5265
3.8800	8.2140	0.2594	77.1927	76.6691
3.8805	8.2158	0.2434	77.7688	76.2290
3.8810	8.2151	0.2428	77.7100	76.0805
3.8815	8.2160	0.2398	77.6285	76.1249
3.8820	8.2157	0.2329	78.1716	76.1000
3.8825	8.2159	0.2402	78.1269	76.2602
3.8830	8.2159	0.2277	77.4164	75.9292
3.8835	8.2157	0.2303	76.2107	75.8950
3.8840	8.2157	0.2386	75.3044	76.3041
3.8845	8.2154	0.2365	73.8324	75.8601
3.8850	8.2165	0.2272	73.1927	75.8835
3.8855	8.2164	0.2292	73.6836	75.8392
3.8860	8.2149	0.2461	74.2604	76.0680
3.8865	8.2142	0.2534	75.3353	76.1155
3.8870	8.2124	0.2738	75.5810	75.6416
3.8875	8.2128	0.2701	75.7997	75.8608
3.8880	8.2129	0.2728	76.3608	76.2841
3.8885	8.2129	0.2652	76.9795	76.3329
3.8890	8.2143	0.2565	77.2269	76.2702
3.8895	8.2158	0.2406	77.1067	76.0539
3.8900	8.2161	0.2352	77.4145	76.2438
3.8905	8.2168	0.2285	76.9339	76.1739
3.8910	8.2153	0.2435	76.0705	75.8326
3.8915	8.2157	0.2399	76.5263	76.2515
3.8920	8.2152	0.2432	77.0411	76.2179
3.8925	8.2166	0.2276	77.7929	76.2968
3.8930	8.2171	0.2216	78.0931	76.4383
3.8935	8.2152	0.2393	77.8928	75.9694
3.8940	8.2147	0.2518	77.8571	75.9043
3.8945	8.2134	0.2619	77.7637	75.8225
3.8950	8.2141	0.2533	77.5013	75.8988
3.8955	8.2145	0.2496	75.8885	76.4090
3.8960	8.2154	0.2462	74.7664	76.1921
3.8965	8.2164	0.2334	73.4795	76.2607
3.8970	8.2169	0.2276	73.5997	76.5511
3.8975	8.2178	0.2145	74.2879	76.2275
3.8980	8.2167	0.2228	74.3408	76.2185
3.8985	8.2173	0.2220	75.0994	76.1915
3.8990	8.2172	0.2175	75.9075	76.3618
3.8995	8.2177	0.2228	76.4058	76.6633
3.9000	8.2180	0.2173	76.2991	76.5762
3.9005	8.2174	0.2162	76.7200	76.5180
3.9010	8.2170	0.2236	77.3511	76.5684
3.9015	8.2160	0.2369	77.7286	76.0585
3.9020	8.2145	0.2529	76.9521	76.1595
3.9025	8.2141	0.2515	75.4904	76.2986
3.9030	8.2144	0.2556	76.3770	76.3238
3.9035	8.2144	0.2535	77.1399	76.2357
3.9040	8.2156	0.2391	77.2794	75.9505
3.9045	8.2168	0.2299	77.3918	76.1621
3.9050	8.2161	0.2325	78.0897	76.0784
3.9055	8.2159	0.2367	78.3996	75.6132
3.9060	8.2157	0.2337	77.8398	75.8099
3.9065	8.2158	0.2390	77.0512	76.1291
3.9070	8.2157	0.2351	76.8559	76.2673
3.9075	8.2160	0.2357	76.3230	76.2005
3.9080	8.2159	0.2360	74.9334	75.9344
3.9085	8.2161	0.2325	73.2797	76.3417
3.9090	8.2153	0.2420	73.5210	76.5294
3.9095	8.2137	0.2530	74.6522	76.2509
3.9100	8.2145	0.2540	74.8383	76.3552
3.9105	8.2152	0.2470	74.9481	76.3296
3.9110	8.2153	0.2469	75.6400	76.4103
3.9115	8.2150	0.2444	76.6640	76.0911
3.9120	8.2153	0.2457	76.9020	75.9166
3.9125	8.2161	0.2354	76.5373	76.0677
3.9130	8.2169	0.2198	77.0404	76.1029
3.9135	8.2173	0.2155	77.3777	76.2407
3.9140	8.2168	0.2244	75.4653	76.2663
3.9145	8.2167	0.2252	75.4250	76.0413
3.9150	8.2178	0.2137	76.0974	76.0917
3.9155	8.2170	0.2204	77.3663	76.1426
3.9160	8.2160	0.2385	77.8872	75.9777
3.9165	8.2140	0.2565	77.5674	76.0662
3.9170	8.2129	0.2664	77.5076	76.0181
3.9175	8.2137	0.2635	78.1265	76.3823
3.9180	8.2130	0.2637	78.1984	76.5296
3.9185	8.2133	0.2638	77.0262	76.2739
3.9190	8.2141	0.2546	76.1329	76.4442
3.9195	8.2149	0.2497	75.4193	76.3915
3.9200	8.2155	0.2401	74.6827	76.1369
3.9205	8.2158	0.2352	73.8809	76.4478
3.9210	8.2155	0.2392	73.4220	76.3421
3.9215	8.2162	0.2405	74.6101	76.2979
3.9220	8.2161	0.2360	75.5382	76.2725
3.9225	8.2161	0.2341	75.8946	76.3327
3.9230	8.2157	0.2344	75.7596	76.7415
3.9235	8.2136	0.2573	76.5963	76.4183
3.9240	8.2125	0.2726	77.3082	75.9719
3.9245	8.2108	0.2889	77.6042	75.7629
3.9250	8.2108	0.2872	76.7909	75.7318
3.9255	8.2117	0.2808	76.0937	76.1170
3.9260	8.2119	0.2791	77.1387	75.9115
3.9265	8.2138	0.2561	76.4562	75.9286
3.9270	8.2142	0.2513	76.4193	76.3848
3.9275	8.2151	0.2432	76.8383	76.1480
3.9280	8.2157	0.2378	77.8178	75.7092
3.9285	8.2152	0.2399	78.1627	75.7695
3.9290	8.2152	0.2401	77.7223	75.7155
3.9295	8.2152	0.2406	77.2976	76.5004
3.9300	8.2153	0.2369	77.5522	76.5895
3.9305	8.2159	0.2377	77.1347	76.6519
3.9310	8.2145	0.2493	76.1600	76.6842
3.9315	8.2131	0.2612	73.6854	76.2983
3.9320	8.2121	0.2761	73.0170	76.0831
3.9325	8.2122	0.2772	74.1630	75.9567
3.9330	8.2133	0.2671	74.2360	75.7197
3.9335	8.2140	0.2561	74.3868	75.9953
3.9340	8.2152	0.2408	75.1842	76.3543
3.9345	8.2152	0.2425	76.4486	76.4250
3.9350	8.2144	0.2515	76.6069	76.3093
3.9355	8.2151	0.2495	76.4157	75.9133
3.9360	8.2151	0.2416	76.7174	75.9296
3.9365	8.2156	0.2409	77.9246	76.0300
3.9370	8.2163	0.2354	77.4123	75.8933
3.9375	8.2166	0.2278	76.4226	76.1731
3.9380	8.2164	0.2314	76.5435	76.5351
3.9385	8.2154	0.2366	76.5702	76.5881
3.9390	8.2157	0.2410	77.3926	76.4792
3.9395	8.2137	0.2552	77.1203	76.1048
3.9400	8.2134	0.2614	77.2387	76.3675
3.9405	8.2148	0.2466	78.0487	76.4175
3.9410	8.2146	0.2455	78.3639	76.1186
3.9415	8.2160	0.2391	77.5257	76.5644
3.9420	8.2169	0.2219	76.6324	76.5965
3.9425	8.2176	0.2187	76.6826	76.3600
3.9430	8.2173	0.2232	76.0551	76.3359
3.9435	8.2168	0.2266	73.2661	76.1967
3.9440	8.2173	0.2154	72.8554	76.4456
3.9445	8.2174	0.2212	73.7936	76.1101
3.9450	8.2175	0.2177	74.9500	75.7359
3.9455	8.2176	0.2165	75.1207	76.0800
3.9460	8.2169	0.2254	75.0945	76.2977
3.9465	8.2151	0.2353	76.0153	76.0636
3.9470	8.2139	0.2518	77.0254	75.9710
3.9475	8.2135	0.2629	77.1097	76.0752
3.9480	8.2135	0.2580	76.7177	76.4847
3.9485	8.2128	0.2632	77.2101	75.8127
3.9490	8.2138	0.2565	77.7486	75.5673
3.9495	8.2156	0.2399	77.1777	75.8664
3.9500	8.2156	0.2383	76.4827	76.3242
3.9505	8.2150	0.2448	76.1786	76.4971
3.9510	8.2153	0.2486	77.3344	76.3629
3.9515	8.2145	0.2482	77.8271	76.3970
3.9520	8.2146	0.2510	77.4138	76.5482
3.9525	8.2154	0.2432	77.3708	76.1350
3.9530	8.2156	0.2421	78.0063	76.0023
3.9535	8.2153	0.2403	77.8875	76.1816
3.9540	8.2148	0.2440	76.6535	76.1559
3.9545	8.2134	0.2595	75.8435	76.4818
3.9550	8.2136	0.2636	73.7114	76.3064
3.9555	8.2136	0.2657	73.2683	76.1004
3.9560	8.2138	0.2604	73.5801	75.9970
3.9565	8.2150	0.2476	73.6857	75.6171
3.9570	8.2147	0.2464	74.5679	75.8212
3.9575	8.2145	0.2456	75.5271	76.1643
3.9580	8.2146	0.2481	75.9002	76.1422
3.9585	8.2139	0.2540	75.9290	76.5121
3.9590	8.2142	0.2547	76.6274	76.5526
3.9595	8.2153	0.2491	77.3239	76.4436
3.9600	8.2163	0.2336	77.3369	76.3430
3.9605	8.2169	0.2236	77.0497	76.1381
3.9610	8.2148	0.2419	77.3667	76.3551
3.9615	8.2140	0.2508	77.2921	76.4901
3.9620	8.2126	0.2616	76.8133	76.4947
3.9625	8.2140	0.2601	76.4728	76.6634
3.9630	8.2143	0.2541	77.0224	76.3712
3.9635	8.2139	0.2569	78.1037	76.1074
3.9640	8.2151	0.2487	78.3051	76.2140
3.9645	8.2151	0.2455	77.8113	76.0963
3.9650	8.2149	0.2418	77.4750	76.2691
3.9655	8.2153	0.2446	77.7716	75.9779
3.9660	8.2155	0.2407	77.2784	75.7931
3.9665	8.2148	0.2441	75.3969	76.2412
3.9670	8.2146	0.2500	73.5123	75.9272
3.9675	8.2157	0.2386	73.0582	75.8303
3.9680	8.2160	0.2346	74.2885	75.8649
3.9685	8.2150	0.2436	74.2575	75.9555
3.9690	8.2144	0.2537	74.4422	76.2322
3.9695	8.2129	0.2652	75.2931	75.7427
3.9700	8.2126	0.2668	76.3886	75.8233
3.9705	8.2127	0.2626	76.5079	76.2212
3.9710	8.2133	0.2611	76.2548	76.3311
3.9715	8.2148	0.2501	76.7726	76.2636
3.9720	8.2162	0.2344	77.6447	76.0408
3.9725	8.2160	0.2273	77.7338	76.1191
3.9730	8.2166	0.2270	76.7189	76.2540
3.9735	8.2158	0.2350	75.6520	75.8503
3.9740	8.2156	0.2369	76.8118	76.2621
3.9745	8.2151	0.2416	77.4066	76.3884
3.9750	8.2159	0.2355	77.1713	76.2903
3.9755	8.2170	0.2230	77.5045	76.5060
3.9760	8.2154	0.2383	78.2730	76.0510
3.9765	8.2147	0.2532	78.5038	75.8794
3.9770	8.2132	0.2593	77.4828	75.8312
3.9775	8.2134	0.2575	76.9450	75.8006
3.9780	8.2142	0.2515	76.4475	76.3060
3.9785	8.2151	0.2463	75.6921	76.2975
3.9790	8.2162	0.2325	73.7229	76.1951
3.9795	8.2165	0.2278	72.7151	76.5907
3.9800	8.2171	0.2205	74.2047	76.3070
3.9805	8.2171	0.2248	74.9046	76.2228
3.9810	8.2163	0.2248	75.0650	76.2336
3.9815	8.2170	0.2192	75.0005	76.3222
3.9820	8.2166	0.2251	76.1043	76.5836
3.9825	8.2177	0.2162	77.0055	76.5747
3.9830	8.2171	0.2269	76.9079	76.4444
3.9835	8.2166	0.2225	76.6172	76.5875
3.9840	8.2167	0.2335	77.2286	76.1295
3.9845	8.2147	0.2470	77.9059	76.1104
3.9850	8.2141	0.2524	76.2052	76.3153
3.9855	8.2142	0.2502	75.5254	76.3365
3.9860	8.2146	0.2537	76.4794	76.2981
3.9865	8.2148	0.2505	77.6882	75.9567
3.9870	8.2159	0.2384	78.0461	76.0527
3.9875	8.2160	0.2349	77.6045	76.1339
3.9880	8.2161	0.2401	77.6965	75.6305
3.9885	8.2158	0.2399	78.2555	75.7329
3.9890	8.2154	0.2400	77.9638	76.1109
3.9895	8.2164	0.2408	76.7199	76.2610
3.9900	8.2156	0.2407	75.8504	76.2459
3.9905	8.2160	0.2332	75.3512	75.9497
3.9910	8.2161	0.2289	74.2870	76.1666
3.9915	8.2146	0.2489	73.3619	76.5537
3.9920	8.2136	0.2576	73.7464	76.2557
3.9925	8.2140	0.2568	74.6073	76.3314
3.9930	8.2147	0.2475	75.6340	76.2968
3.9935	8.2147	0.2487	75.7338	76.3949
3.9940	8.2137	0.2560	75.8470	76.1915
3.9945	8.2123	0.2701	76.4960	75.8998
3.9950	8.2128	0.2677	77.2902	76.0367
3.9955	8.2146	0.2467	77.2685	76.1321
3.9960	8.2156	0.2319	76.9754	76.2422
3.9965	8.2159	0.2398	75.2672	76.3367
3.9970	8.2152	0.2358	75.8574	76.0577
3.9975	8.2169	0.2294	76.5763	76.0397
3.9980	8.2165	0.2270	76.6120	76.1716
3.9985	8.2144	0.2472	77.1321	75.9324
3.9990	8.2135	0.2573	77.9977	76.0038
3.9995	8.2126	0.2729	78.3114	75.9705
4.0000	8.2126	0.2682	77.6787	76.2879
4.0005	8.2124	0.2697	77.4331	76.5928
4.0010	8.2119	0.2735	77.4948	76.3452
4.0015	8.2127	0.2694	77.1495	76.4303
4.0020	8.2139	0.2508	75.6266	76.4653
4.0025	8.2146	0.2485	73.9868	76.1276
4.0030	8.2153	0.2454	74.0318	76.3789
4.0035	8.2149	0.2419	74.2270	76.3452
4.0040	8.2155	0.2418	74.4973	76.2313
4.0045	8.2159	0.2353	74.5675	76.2419
4.0050	8.2163	0.2381	75.6146	76.2115
4.0055	8.2157	0.2354	76.6100	76.6809
4.0060	8.2138	0.2542	76.7830	76.5602
4.0065	8.2126	0.2714	76.5058	76.0627
4.0070	8.2106	0.2892	77.0281	75.8074
4.0075	8.2102	0.2954	77.7875	75.7085
4.0080	8.2113	0.2856	76.6856	76.0767
4.0085	8.2112	0.2848	76.4637	75.9385
4.0090	8.2132	0.2694	76.0467	75.8182
4.0095	8.2140	0.2581	76.8273	76.2575
4.0100	8.2142	0.2579	77.4902	76.2247
4.0105	8.2147	0.2481	77.2205	75.6917
4.0110	8.2146	0.2481	77.3504	75.7561
4.0115	8.2146	0.2436	78.1508	75.6466
4.0120	8.2149	0.2429	78.2456	76.3523
4.0125	8.2154	0.2444	77.3758	76.6415
4.0130	8.2155	0.2399	76.4291	76.5986
4.0135	8.2149	0.2455	76.5607	76.7646
4.0140	8.2134	0.2621	75.1890	76.3748
4.0145	8.2120	0.2767	72.9089	76.0722
4.0150	8.2118	0.2781	73.1605	75.9591
4.0155	8.2125	0.2714	74.1147	75.7120
4.0160	8.2133	0.2680	75.1973	75.8459
4.0165	8.2143	0.2511	75.2044	76.2517
4.0170	8.2150	0.2464	75.4033	76.4204
4.0175	8.2144	0.2513	76.2775	76.3722
4.0180	8.2145	0.2486	77.2200	76.0016
4.0185	8.2149	0.2399	77.0070	75.8783
4.0190	8.2156	0.2422	76.9815	76.0250
4.0195	8.2157	0.2396	77.1429	75.8567
4.0200	8.2164	0.2309	77.0380	76.0149
4.0205	8.2164	0.2277	77.2614	76.4438
4.0210	8.2152	0.2383	75.8972	76.5532
4.0215	8.2148	0.2416	76.5697	76.5278
4.0220	8.2134	0.2569	77.6892	76.1505
4.0225	8.2127	0.2681	77.8849	76.2786
4.0230	8.2140	0.2580	77.4794	76.4745
4.0235	8.2148	0.2481	77.6048	76.1223
4.0240	8.2155	0.2402	78.0510	76.4401
4.0245	8.2165	0.2290	77.6561	76.6300
4.0250	8.2167	0.2260	76.3943	76.3277
4.0255	8.2170	0.2289	75.7225	76.3182
4.0260	8.2159	0.2325	73.9228	76.1584
4.0265	8.2167	0.2293	73.4155	76.3784
4.0270	8.2168	0.2248	73.6282	76.2149
4.0275	8.2170	0.2203	74.0684	75.7352
4.0280	8.2179	0.2138	75.1116	75.9700
4.0285	8.2173	0.2192	75.7465	76.3000
4.0290	8.2157	0.2317	75.9043	76.1011
4.0295	8.2137	0.2483	76.1866	75.9802
4.0300	8.2134	0.2557	76.9140	75.9353
4.0305	8.2131	0.2604	77.4597	76.4193
4.0310	8.2129	0.2640	77.4418	75.9900
4.0315	8.2138	0.2598	77.1183	75.5043
4.0320	8.2155	0.2451	76.8874	75.7767
4.0325	8.2158	0.2363	77.2863	76.2166
4.0330	8.2160	0.2381	76.6583	76.5035
4.0335	8.2154	0.2420	76.5175	76.4049
4.0340	8.2145	0.2455	77.1945	76.3527
4.0345	8.2146	0.2455	77.9681	76.5572
4.0350	8.2157	0.2385	78.1702	76.2351
4.0355	8.2156	0.2382	77.4850	75.9265
4.0360	8.2155	0.2407	77.3288	76.1528
4.0365	8.2153	0.2431	77.1288	76.0740
4.0370	8.2138	0.2575	76.8249	76.3665
4.0375	8.2120	0.2646	74.0678	76.3768
4.0380	8.2126	0.2708	72.4685	76.0750
4.0385	8.2125	0.2658	73.6034	76.0467
4.0390	8.2142	0.2549	74.2774	75.6803
4.0395	8.2143	0.2472	74.4732	75.7332
4.0400	8.2143	0.2475	74.7362	76.1553
4.0405	8.2145	0.2469	75.7600	76.1687
4.0410	8.2144	0.2544	76.5267	76.4027
4.0415	8.2136	0.2590	76.6525	76.5684
4.0420	8.2144	0.2473	76.5597	76.3706
4.0425	8.2164	0.2328	77.2793	76.3562
4.0430	8.2171	0.2257	77.8047	76.0652
4.0435	8.2152	0.2437	77.6365	76.2593
4.0440	8.2143	0.2560	76.6730	76.4733
4.0445	8.2129	0.2658	76.4614	76.5012
4.0450	8.2125	0.2732	77.1591	76.6544
4.0455	8.2138	0.2557	77.4084	76.5142
4.0460	8.2143	0.2523	77.2987	76.0823
4.0465	8.2145	0.2498	77.7245	76.1847
4.0470	8.2147	0.2449	78.4126	76.0134
4.0475	8.2139	0.2561	78.2831	76.2065
4.0480	8.2133	0.2623	77.3228	76.0790
4.0485	8.2139	0.2543	76.6825	75.8182
4.0490	8.2141	0.2517	76.0658	76.2044
4.0495	8.2148	0.2571	74.7703	76.0760
4.0500	8.2146	0.2485	72.8268	75.7667
4.0505	8.2156	0.2349	73.3301	75.8792
4.0510	8.2149	0.2472	74.3368	75.7987
4.0515	8.2134	0.2583	75.1644	76.2140
4.0520	8.2127	0.2720	75.1396	75.8418
4.0525	8.2120	0.2756	75.3246	75.7507
4.0530	8.2123	0.2739	76.3623	76.1759
4.0535	8.2130	0.2701	77.1739	76.3453
4.0540	8.2137	0.2561	76.9842	76.2923
4.0545	8.2152	0.2444	76.7372	76.0983
4.0550	8.2152	0.2406	77.3477	76.0418
4.0555	8.2158	0.2385	77.7217	76.3368
4.0560	8.2151	0.2429	76.1610	75.9330
4.0565	8.2150	0.2464	75.9030	76.1474
4.0570	8.2148	0.2434	76.8732	76.4195
4.0575	8.2154	0.2433	77.8349	76.2418
4.0580	8.2170	0.2281	78.0544	76.4876
4.0585	8.2159	0.2409	77.6330	76.1625
4.0590	8.2142	0.2517	77.8776	75.8585
4.0595	8.2137	0.2565	78.1134	75.8733
4.0600	8.2137	0.2713	77.7326	75.7508
4.0605	8.2142	0.2532	76.3204	76.2060
4.0610	8.2145	0.2510	75.1598	76.4101
4.0615	8.2157	0.2416	74.5454	76.1592
4.0620	8.2159	0.2328	73.4058	76.5289
4.0625	8.2170	0.2244	73.7372	76.3769
4.0630	8.2170	0.2209	73.9777	76.1846
4.0635	8.2163	0.2363	75.1004	76.2238
4.0640	8.2172	0.2251	75.8460	76.2731
4.0645	8.2170	0.2283	75.9010	76.5679
4.0650	8.2173	0.2202	76.0164	76.6831
4.0655	8.2172	0.2235	76.8017	76.4491
4.0660	8.2170	0.2287	77.5053	76.6055
4.0665	8.2164	0.2302	77.2594	76.2591
4.0670	8.2151	0.2455	77.0832	76.0477
4.0675	8.2143	0.2561	76.2061	76.3336
4.0680	8.2140	0.2564	76.2150	76.3195
4.0685	8.2133	0.2602	76.7859	76.2341
4.0690	8.2139	0.2586	76.7917	75.9871
4.0695	8.2152	0.2440	77.4853	75.9591
4.0700	8.2153	0.2408	78.2064	76.2279
4.0705	8.2153	0.2434	78.2522	75.7443
4.0710	8.2155	0.2396	77.6228	75.6693
4.0715	8.2157	0.2377	77.4194	75.9953
4.0720	8.2151	0.2398	77.4020	76.2261
4.0725	8.2158	0.2396	76.7805	76.2001
4.0730	8.2161	0.2351	75.1107	75.8892
4.0735	8.2168	0.2254	73.8685	76.0306
4.0740	8.2159	0.2311	73.5257	76.5796
4.0745	8.2153	0.2448	74.3939	76.3193
4.0750	8.2139	0.2572	74.3917	76.3107
4.0755	8.2147	0.2515	74.6921	76.2993
4.0760	8.2149	0.2434	75.6288	76.3965
4.0765	8.2143	0.2514	76.5879	76.2581
4.0770	8.2141	0.2528	76.4984	75.8821
4.0775	8.2138	0.2590	76.4487	76.0234
4.0780	8.2152	0.2434	76.8897	76.1213
4.0785	8.2159	0.2331	77.8994	76.2124
4.0790	8.2156	0.2364	75.9772	76.3228
4.0795	8.2156	0.2367	74.9252	76.1477
4.0800	8.2167	0.2276	76.1186	76.0041
4.0805	8.2165	0.2272	77.1355	76.2071
4.0810	8.2158	0.2354	77.5424	76.0158
4.0815	8.2144	0.2493	77.2525	76.0035
4.0820	8.2130	0.2682	77.6975	76.0333
4.0825	8.2130	0.2710	78.2969	76.1641
4.0830	8.2129	0.2649	78.1369	76.5809
4.0835	8.2127	0.2689	77.1379	76.3763
4.0840	8.2131	0.2682	76.5441	76.3677
4.0845	8.2145	0.2517	76.3215	76.5102
4.0850	8.2147	0.2505	74.9067	76.1638
4.0855	8.2153	0.2446	73.7257	76.2975
4.0860	8.2154	0.2405	73.4227	76.4336
4.0865	8.2157	0.2460	74.5401	76.2420
4.0870	8.2158	0.2337	75.2986	76.2902
4.0875	8.2160	0.2334	75.3132	76.1761
4.0880	8.2159	0.2328	75.7029	76.5843
4.0885	8.2139	0.2511	76.5959	76.6477
4.0890	8.2128	0.2653	77.2851	76.1420
4.0895	8.2109	0.2814	76.9736	75.8570
4.0900	8.2104	0.2944	77.1208	75.6587
4.0905	8.2111	0.2811	76.5653	76.0131
4.0910	8.2115	0.2818	77.0936	76.0569
4.0915	8.2130	0.2690	76.5390	75.8117
4.0920	8.2139	0.2609	75.9291	76.1063
4.0925	8.2141	0.2546	76.8954	76.3306
4.0930	8.2147	0.2475	77.7425	75.7918
4.0935	8.2153	0.2443	77.8930	75.7510
4.0940	8.2147	0.2500	77.5599	75.6501
4.0945	8.2145	0.2460	77.6647	76.1544
4.0950	8.2150	0.2484	77.8908	76.6919
4.0955	8.2153	0.2364	77.2454	76.5672
4.0960	8.2156	0.2395	76.2498	76.7884
4.0965	8.2137	0.2551	74.9626	76.5070
4.0970	8.2128	0.2762	73.2963	76.1336
4.0975	8.2122	0.2776	73.6833	76.0136
4.0980	8.2126	0.2674	73.8507	75.7894
4.0985	8.2127	0.2685	74.3556	75.8015
4.0990	8.2145	0.2493	75.2102	76.2195
4.0995	8.2150	0.2441	75.9288	76.4003
4.1000	8.2142	0.2550	76.1354	76.4184
4.1005	8.2146	0.2526	76.3737	76.0978
4.1010	8.2157	0.2384	77.0194	75.8873
4.1015	8.2151	0.2392	77.5631	76.0213
4.1020	8.2162	0.2340	77.4974	75.9364
4.1025	8.2164	0.2275	76.4148	75.9637
4.1030	8.2167	0.2305	77.0491	76.3970
4.1035	8.2155	0.2348	76.7661	76.5226
4.1040	8.2150	0.2394	76.6277	76.4619
4.1045	8.2142	0.2531	76.9838	76.2190
4.1050	8.2132	0.2641	77.4147	76.1896
4.1055	8.2143	0.2502	78.0702	76.5381
4.1060	8.2152	0.2472	78.0640	76.2324
4.1065	8.2153	0.2456	77.5507	76.4255
4.1070	8.2164	0.2357	77.2333	76.6756
4.1075	8.2167	0.2261	76.9273	76.4105
4.1080	8.2174	0.2214	76.5415	76.3265
4.1085	8.2167	0.2252	74.0251	76.1958
4.1090	8.2171	0.2222	72.7240	76.3211
4.1095	8.2175	0.2223	73.8358	76.3379
4.1100	8.2169	0.2231	74.4733	75.8553
4.1105	8.2177	0.2141	74.7335	75.9082
4.1110	8.2176	0.2201	75.0001	76.2967
4.1115	8.2161	0.2298	75.9064	76.1889
4.1120	8.2145	0.2486	76.7078	76.0438
4.1125	8.2133	0.2603	76.7993	75.9196
4.1130	8.2129	0.2615	76.7368	76.3523
4.1135	8.2130	0.2694	77.3119	76.2169
4.1140	8.2125	0.2697	77.7857	75.5562
4.1145	8.2137	0.2586	77.0684	75.7217
4.1150	8.2147	0.2487	76.6501	76.1208
4.1155	8.2145	0.2539	76.4568	76.5011
4.1160	8.2143	0.2514	76.9483	76.4475
4.1165	8.2134	0.2551	77.4755	76.3534
4.1170	8.2136	0.2593	77.3058	76.5361
4.1175	8.2145	0.2513	77.7157	76.3843
4.1180	8.2148	0.2449	77.9635	75.9876
4.1185	8.2150	0.2463	77.8747	76.1530
4.1190	8.2153	0.2453	76.7582	76.1173
4.1195	8.2139	0.2546	76.4839	76.3298
4.1200	8.2132	0.2664	75.1418	76.4830
4.1205	8.2134	0.2651	73.0382	76.1103
4.1210	8.2131	0.2676	73.1311	76.1022
4.1215	8.2135	0.2568	73.5832	75.7790
4.1220	8.2149	0.2485	74.5450	75.7166
4.1225	8.2147	0.2454	75.1409	76.1059
4.1230	8.2152	0.2447	75.4734	76.1796
4.1235	8.2147	0.2510	75.7744	76.3183
4.1240	8.2146	0.2557	76.6808	76.6244
4.1245	8.2143	0.2514	77.1257	76.4007
4.1250	8.2159	0.2416	77.1035	76.4326
4.1255	8.2173	0.2195	77.1247	76.1591
4.1260	8.2167	0.2320	77.6764	76.2247
4.1265	8.2142	0.2505	77.3454	76.4601
4.1270	8.2133	0.2570	76.4810	76.4822
4.1275	8.2135	0.2632	76.4750	76.6296
4.1280	8.2139	0.2529	77.2777	76.6136
4.1285	8.2147	0.2421	77.9083	76.1224
4.1290	8.2153	0.2462	77.7925	76.1697
4.1295	8.2156	0.2408	77.6534	76.1073
4.1300	8.2147	0.2449	78.0155	76.1995
4.1305	8.2145	0.2475	77.9912	76.1856
4.1310	8.2154	0.2443	77.3603	75.8201
4.1315	8.2151	0.2422	75.7880	76.0869
4.1320	8.2152	0.2435	74.6300	76.2050
4.1325	8.2150	0.2453	73.4088	75.7735
4.1330	8.2165	0.2343	73.6533	75.9300
4.1335	8.2160	0.2392	73.8713	75.8817
4.1340	8.2145	0.2478	74.3421	76.2699
4.1345	8.2139	0.2578	75.3417	75.9297
4.1350	8.2131	0.2700	75.9191	75.7080
4.1355	8.2133	0.2682	76.0785	76.0746
4.1360	8.2125	0.2684	76.3422	76.3573
4.1365	8.2134	0.2664	76.9751	76.2930
4.1370	8.2147	0.2477	77.4482	76.2219
4.1375	8.2156	0.2429	77.2604	76.0517
4.1380	8.2159	0.2351	77.1781	76.3538
4.1385	8.2157	0.2349	76.3300	76.0224
4.1390	8.2150	0.2392	76.3764	75.9742
4.1395	8.2154	0.2418	76.9171	76.2154
4.1400	8.2152	0.2415	77.0654	76.0997
4.1405	8.2175	0.2232	77.7132	76.4412
4.1410	8.2164	0.2261	78.1766	76.2636
4.1415	8.2151	0.2428	78.1432	75.8870
4.1420	8.2136	0.2520	77.6490	75.9168
4.1425	8.2137	0.2617	77.3975	75.7974
4.1430	8.2146	0.2498	77.1324	76.0991
4.1435	8.2146	0.2449	75.8367	76.3768
4.1440	8.2155	0.2400	74.4353	76.0520
4.1445	8.2167	0.2340	72.8962	76.4237
4.1450	8.2176	0.2236	73.8758	76.4489
4.1455	8.2177	0.2130	74.5524	76.1994
4.1460	8.2166	0.2254	74.6434	76.2153
4.1465	8.2170	0.2214	75.0900	76.2490
4.1470	8.2172	0.2194	75.9739	76.4267
4.1475	8.2173	0.2222	76.7088	76.6507
4.1480	8.2178	0.2166	76.5769	76.4812
4.1485	8.2170	0.2232	76.6655	76.5749
4.1490	8.2166	0.2226	77.2301	76.3738
4.1495	8.2150	0.2330	77.9209	76.0178
4.1500	8.2145	0.2506	76.6828	76.2633
4.1505	8.2142	0.2514	75.4077	76.2931
4.1510	8.2141	0.2555	76.4559	76.2412
4.1515	8.2139	0.2557	77.3887	76.0021
4.1520	8.2150	0.2464	77.6659	75.9143
4.1525	8.2153	0.2408	77.4410	76.2431
4.1530	8.2151	0.2444	77.9530	75.8682
4.1535	8.2159	0.2402	78.3241	75.6275
4.1540	8.2149	0.2436	77.9992	75.9039
4.1545	8.2149	0.2387	76.9586	76.1411
4.1550	8.2161	0.2343	76.4604	76.1999
4.1555	8.2163	0.2349	75.8671	75.9102
4.1560	8.2172	0.2263	74.6504	75.9342
4.1565	8.2164	0.2249	73.1859	76.5276
4.1570	8.2153	0.2411	73.6618	76.3807
4.1575	8.2144	0.2499	74.5961	76.2807
4.1580	8.2152	0.2478	75.1767	76.3182
4.1585	8.2156	0.2412	75.2733	76.3586
4.1590	8.2146	0.2448	75.7906	76.3096
4.1595	8.2138	0.2537	76.5173	75.8737
4.1600	8.2131	0.2661	77.0813	75.9643
4.1605	8.2148	0.2490	76.8247	76.0809
4.1610	8.2162	0.2404	77.1883	76.1558
4.1615	8.2163	0.2312	76.3888	76.3186
4.1620	8.2159	0.2346	75.4510	76.1886
4.1625	8.2163	0.2318	76.1144	75.9919
4.1630	8.2165	0.2268	76.3460	76.1246
4.1635	8.2155	0.2355	77.1592	76.0545
4.1640	8.2141	0.2506	77.8134	75.9752
4.1645	8.2133	0.2623	78.0169	76.0318
4.1650	8.2133	0.2687	77.7036	76.0884
4.1655	8.2131	0.2589	77.7874	76.5218
4.1660	8.2124	0.2682	77.8108	76.4250
4.1665	8.2127	0.2738	77.1542	76.2966
4.1670	8.2139	0.2564	76.0902	76.5029
4.1675	8.2142	0.2517	74.6300	76.1995
4.1680	8.2152	0.2450	74.2574	76.2499
4.1685	8.2155	0.2418	74.0435	76.4767
4.1690	8.2151	0.2409	74.0423	76.2436
4.1695	8.2162	0.2329	74.6239	76.2998
4.1700	8.2161	0.2355	75.3703	76.1849
4.1705	8.2160	0.2358	76.2356	76.4491
4.1710	8.2153	0.2385	76.3050	76.6934
4.1715	8.2129	0.2632	76.6245	76.2153
4.1720	8.2120	0.2739	77.0048	75.8977
4.1725	8.2100	0.2933	77.8449	75.6843
4.1730	8.2109	0.2832	76.7982	75.9249
4.1735	8.2112	0.2849	76.3365	76.0984
4.1740	8.2126	0.2771	76.5567	75.8254
4.1745	8.2134	0.2639	76.4180	76.0070
4.1750	8.2133	0.2647	77.0804	76.3455
4.1755	8.2141	0.2551	77.0819	75.8841
4.1760	8.2149	0.2476	77.5661	75.6970
4.1765	8.2143	0.2496	78.1010	75.6601
4.1770	8.2147	0.2481	78.0840	75.9258
4.1775	8.2149	0.2504	77.4395	76.6444
4.1780	8.2150	0.2418	77.0009	76.5364
4.1785	8.2152	0.2394	76.7960	76.7377
4.1790	8.2145	0.2573	75.9505	76.5799
4.1795	8.2129	0.2701	73.2157	76.1722
4.1800	8.2118	0.2772	72.9841	76.0170
4.1805	8.2123	0.2707	74.0644	75.8337
4.1810	8.2128	0.2673	74.7580	75.7315
4.1815	8.2140	0.2576	74.8744	76.1390
4.1820	8.2148	0.2477	75.1996	76.3623
4.1825	8.2142	0.2523	76.2346	76.4114
4.1830	8.2142	0.2559	76.8971	76.1554
4.1835	8.2149	0.2444	76.8771	75.8565
4.1840	8.2148	0.2446	76.8007	75.9869
4.1845	8.2159	0.2393	77.6227	75.9476
4.1850	8.2163	0.2288	77.1020	75.9019
4.1855	8.2168	0.2294	76.9476	76.2913
4.1860	8.2159	0.2346	76.2699	76.5411
4.1865	8.2150	0.2357	76.3978	76.5042
4.1870	8.2145	0.2495	77.5169	76.2938
4.1875	8.2127	0.2623	77.5626	76.1139
4.1880	8.2138	0.2556	77.4349	76.4988
4.1885	8.2145	0.2490	77.7966	76.3028
4.1890	8.2150	0.2452	78.1536	76.2985
4.1895	8.2157	0.2375	77.6862	76.6723
4.1900	8.2161	0.2290	76.5765	76.4472
4.1905	8.2173	0.2213	76.3215	76.3266
4.1910	8.2165	0.2261	75.0567	76.2233
4.1915	8.2169	0.2284	73.2173	76.2315
4.1920	8.2171	0.2170	73.3165	76.3843
4.1925	8.2172	0.2275	73.8778	75.9475
4.1930	8.2178	0.2143	74.9733	75.7889
4.1935	8.2180	0.2175	75.3546	76.2068
4.1940	8.2164	0.2277	75.5548	76.2196
4.1945	8.2148	0.2488	76.0988	76.0706
4.1950	8.2134	0.2591	77.0068	75.9012
4.1955	8.2133	0.2633	77.3291	76.2136
4.1960	8.2130	0.2613	76.9873	76.3515
4.1965	8.2128	0.2703	77.2112	75.6078
4.1970	8.2136	0.2594	77.3599	75.6083
4.1975	8.2144	0.2466	77.3023	76.0142
4.1980	8.2144	0.2473	76.5800	76.4345
4.1985	8.2150	0.2474	76.2069	76.4567
4.1990	8.2144	0.2484	77.3914	76.3266
4.1995	8.2146	0.2519	77.8769	76.4843
4.2000	8.2150	0.2475	77.7943	76.4800
4.2005	8.2154	0.2401	77.4607	76.0217
4.2010	8.2149	0.2383	77.6982	76.1076
4.2015	8.2155	0.2396	77.4841	76.1781
4.2020	8.2148	0.2486	76.8697	76.2397
4.2025	8.2129	0.2653	75.2132	76.5075
4.2030	8.2125	0.2684	72.9202	76.1637
4.2035	8.2126	0.2736	73.3990	76.0717
4.2040	8.2137	0.2606	73.8388	75.8562
4.2045	8.2145	0.2481	74.0975	75.6481
4.2050	8.2144	0.2436	74.6636	76.0167
4.2055	8.2151	0.2419	75.6319	76.2015
4.2060	8.2150	0.2439	76.1369	76.2176
4.2065	8.2142	0.2539	76.3103	76.5961
4.2070	8.2142	0.2518	76.6432	76.4350
4.2075	8.2159	0.2316	77.3288	76.4237
4.2080	8.2168	0.2260	77.5588	76.2178
4.2085	8.2159	0.2322	77.3842	76.1615
4.2090	8.2142	0.2507	77.0794	76.4395
4.2095	8.2134	0.2628	76.8466	76.4836
4.2100	8.2127	0.2724	76.9153	76.5337
4.2105	8.2132	0.2638	76.9457	76.6577
4.2110	8.2127	0.2651	77.2473	76.1786
4.2115	8.2128	0.2627	77.9564	76.1361
4.2120	8.2132	0.2637	78.2866	76.1512
4.2125	8.2124	0.2691	78.0556	76.1692
4.2130	8.2121	0.2715	77.3961	76.2774
4.2135	8.2130	0.2661	77.4187	75.8883
4.2140	8.2139	0.2611	76.7128	75.9477
4.2145	8.2135	0.2619	75.2497	76.2407
4.2150	8.2142	0.2567	73.0190	75.7633
4.2155	8.2152	0.2411	73.1320	75.8524
4.2160	8.2154	0.2414	74.3487	75.8480
4.2165	8.2143	0.2566	74.6172	76.2099
4.2170	8.2129	0.2667	74.7898	76.0659
4.2175	8.2123	0.2768	75.3412	75.7268
4.2180	8.2119	0.2711	76.3583	76.0323
4.2185	8.2126	0.2686	76.7983	76.3582
4.2190	8.2135	0.2636	76.6381	76.2964
4.2195	8.2144	0.2479	76.8244	76.2303
4.2200	8.2160	0.2381	77.4135	75.9947
4.2205	8.2157	0.2422	77.8537	76.2519
4.2210	8.2159	0.2312	76.5030	76.1418
4.2215	8.2148	0.2449	75.6547	75.9349
4.2220	8.2155	0.2428	76.8093	76.2728
4.2225	8.2147	0.2466	77.5383	76.1546
4.2230	8.2166	0.2269	77.7011	76.4118
4.2235	8.2168	0.2206	77.6516	76.4205
4.2240	8.2146	0.2422	77.9901	75.9057
4.2245	8.2145	0.2511	78.2608	75.8928
4.2250	8.2129	0.2590	77.6609	75.7795
4.2255	8.2140	0.2563	76.9074	75.9482
4.2260	8.2142	0.2518	75.7746	76.3135
4.2265	8.2146	0.2516	75.1379	76.0494
4.2270	8.2160	0.2347	73.3821	76.2962
4.2275	8.2162	0.2276	73.2812	76.5543
4.2280	8.2172	0.2192	74.1229	76.2755
4.2285	8.2165	0.2304	74.8578	76.2448
4.2290	8.2168	0.2284	75.4546	76.2446
4.2295	8.2170	0.2231	75.5362	76.3184
4.2300	8.2168	0.2272	76.1509	76.6495
4.2305	8.2174	0.2195	76.7417	76.5042
4.2310	8.2171	0.2256	77.1345	76.4991
4.2315	8.2168	0.2275	77.0235	76.4604
4.2320	8.2154	0.2382	77.3178	75.9958
4.2325	8.2141	0.2494	77.1415	76.2640
4.2330	8.2134	0.2579	75.9600	76.3522
4.2335	8.2136	0.2596	76.2229	76.3072
4.2340	8.2143	0.2556	76.7016	76.1687
4.2345	8.2155	0.2437	77.4960	75.8700
4.2350	8.2165	0.2369	77.9741	76.1507
4.2355	8.2157	0.2397	78.0118	75.9772
4.2360	8.2161	0.2390	77.7691	75.5645
4.2365	8.2159	0.2353	77.9343	75.8294
4.2370	8.2156	0.2396	77.5747	76.0802
4.2375	8.2157	0.2369	76.7816	76.2605
4.2380	8.2161	0.2313	75.6599	76.0259
4.2385	8.2162	0.2355	74.6845	75.9069
4.2390	8.2156	0.2396	73.7208	76.4677
4.2395	8.2138	0.2543	73.7849	76.4853
4.2400	8.2129	0.2590	74.1799	76.2658
4.2405	8.2136	0.2602	74.7401	76.3139
4.2410	8.2149	0.2447	75.4891	76.2955
4.2415	8.2141	0.2485	76.0314	76.3373
4.2420	8.2140	0.2557	76.2356	75.9121
4.2425	8.2134	0.2578	76.5889	75.9065
4.2430	8.2149	0.2478	77.0053	76.1018
4.2435	8.2166	0.2355	77.5281	76.1423
4.2440	8.2165	0.2236	76.7303	76.3297
4.2445	8.2160	0.2301	75.0429	76.2831
4.2450	8.2164	0.2294	75.9400	76.0032
4.2455	8.2175	0.2184	76.6586	76.0615
4.2460	8.2168	0.2300	77.1131	76.0977
4.2465	8.2150	0.2391	77.3234	75.9161
4.2470	8.2136	0.2581	77.9116	76.0437
4.2475	8.2130	0.2655	78.1601	76.0127
4.2480	8.2131	0.2623	77.9449	76.4448
4.2485	8.2132	0.2602	77.4864	76.5360
4.2490	8.2133	0.2623	77.0255	76.3143
4.2495	8.2144	0.2551	76.7305	76.5282
4.2500	8.2147	0.2467	75.2164	76.3442
4.2505	8.2148	0.2446	73.9192	76.1754
4.2510	8.2154	0.2398	73.7815	76.4972
4.2515	8.2152	0.2457	74.2087	76.2678
4.2520	8.2161	0.2368	74.8722	76.2827
4.2525	8.2158	0.2331	74.9513	76.1931
4.2530	8.2160	0.2349	75.7107	76.3587
4.2535	8.2150	0.2422	76.4226	76.7347
4.2540	8.2132	0.2659	76.9967	76.3823
4.2545	8.2119	0.2745	76.7790	75.9757
4.2550	8.2101	0.2920	77.2822	75.7239
4.2555	8.2109	0.2928	77.1638	75.8364
4.2560	8.2110	0.2837	76.6764	76.1200
4.2565	8.2116	0.2808	76.6957	75.8616
4.2570	8.2135	0.2601	75.9209	75.9344
4.2575	8.2142	0.2548	76.8907	76.3534
4.2580	8.2146	0.2502	77.4689	76.0375
4.2585	8.2150	0.2444	77.6348	75.6836
4.2590	8.2146	0.2423	77.5531	75.7118
4.2595	8.2144	0.2492	77.9176	75.8016
4.2600	8.2147	0.2468	77.9627	76.5845
4.2605	8.2150	0.2460	77.3789	76.5941
4.2610	8.2156	0.2381	76.4438	76.7012
4.2615	8.2146	0.2530	75.9947	76.6502
4.2620	8.2125	0.2597	73.9740	76.2429
4.2625	8.2122	0.2768	73.1875	76.0491
4.2630	8.2124	0.2716	73.6150	75.9137
4.2635	8.2132	0.2670	74.1809	75.7115
4.2640	8.2139	0.2579	75.0573	76.0597
4.2645	8.2149	0.2476	75.4640	76.3737
4.2650	8.2144	0.2507	75.9169	76.4385
4.2655	8.2139	0.2537	76.3688	76.2687
4.2660	8.2153	0.2481	77.0230	75.9172
4.2665	8.2150	0.2411	77.1281	75.9612
4.2670	8.2154	0.2399	77.4460	75.9880
4.2675	8.2163	0.2360	76.7469	75.8846
4.2680	8.2165	0.2310	76.9421	76.1922
4.2685	8.2165	0.2302	77.0888	76.5275
4.2690	8.2152	0.2381	76.1926	76.5101
4.2695	8.2150	0.2467	76.8817	76.3897
4.2700	8.2128	0.2622	77.4962	76.1129
4.2705	8.2136	0.2682	77.9048	76.4564
4.2710	8.2143	0.2532	77.8370	76.4009
4.2715	8.2144	0.2487	77.6632	76.2427
4.2720	8.2155	0.2381	77.6460	76.6640
4.2725	8.2165	0.2281	77.1743	76.5249
4.2730	8.2167	0.2254	76.5977	76.3142
4.2735	8.2159	0.2357	75.1529	76.2476
4.2740	8.2166	0.2346	73.0336	76.1897
4.2745	8.2167	0.2263	73.5167	76.4222
4.2750	8.2160	0.2244	74.0954	76.0670
4.2755	8.2169	0.2214	74.4618	75.8045
4.2760	8.2174	0.2186	74.9063	76.1653
4.2765	8.2168	0.2299	75.6953	76.2938
4.2770	8.2146	0.2461	76.3472	76.0996
4.2775	8.2133	0.2591	76.6753	75.9299
4.2780	8.2128	0.2635	76.7869	76.1148
4.2785	8.2130	0.2649	77.1404	76.4381
4.2790	8.2130	0.2670	77.6760	75.7381
4.2795	8.2137	0.2599	77.3039	75.5592
4.2800	8.2144	0.2475	76.8475	75.9207
4.2805	8.2139	0.2514	76.7408	76.3872
4.2810	8.2146	0.2499	76.5733	76.5099
4.2815	8.2137	0.2505	77.2113	76.3841
4.2820	8.2139	0.2562	77.3379	76.4553
4.2825	8.2144	0.2520	77.7023	76.5705
4.2830	8.2149	0.2477	77.9234	76.1167
4.2835	8.2149	0.2475	77.8027	76.0767
4.2840	8.2147	0.2483	77.2400	76.2057
4.2845	8.2145	0.2493	76.7143	76.1788
4.2850	8.2128	0.2685	76.1306	76.5108
4.2855	8.2119	0.2801	73.4942	76.2546
4.2860	8.2122	0.2707	72.8476	76.1146
4.2865	8.2134	0.2686	73.5024	75.9749
4.2870	8.2143	0.2530	74.2671	75.6576
4.2875	8.2145	0.2444	74.8481	75.9345
4.2880	8.2142	0.2531	75.1988	76.2347
4.2885	8.2152	0.2436	75.6723	76.2192
4.2890	8.2139	0.2538	76.4548	76.5622
4.2895	8.2138	0.2561	76.9599	76.4891
4.2900	8.2149	0.2443	77.0086	76.4030
4.2905	8.2163	0.2315	77.0645	76.3036
4.2910	8.2169	0.2261	77.4596	76.1222
4.2915	8.2147	0.2513	77.6671	76.4240
4.2920	8.2135	0.2558	76.8388	76.5132
4.2925	8.2128	0.2710	76.4842	76.5250
4.2930	8.2132	0.2639	76.8819	76.7331
4.2935	8.2149	0.2430	77.4620	76.2957
4.2940	8.2144	0.2520	77.8656	76.1172
4.2945	8.2149	0.2425	77.8902	76.1590
4.2950	8.2149	0.2478	78.0963	76.1166
4.2955	8.2134	0.2629	77.9669	76.2686
4.2960	8.2140	0.2566	77.5078	75.9497
4.2965	8.2147	0.2514	76.4842	75.8697
4.2970	8.2142	0.2521	75.3467	76.3040
4.2975	8.2150	0.2517	73.9152	75.8990
4.2980	8.2153	0.2455	73.1723	75.8685
4.2985	8.2156	0.2449	73.8020	75.8757
4.2990	8.2139	0.2553	74.1609	76.1207
4.2995	8.2126	0.2611	75.0682	76.1591
4.3000	8.2120	0.2818	75.6042	75.7054
4.3005	8.2113	0.2801	75.9467	75.8752
4.3010	8.2122	0.2770	76.2645	76.2842
4.3015	8.2125	0.2700	76.7852	76.3362
4.3020	8.2136	0.2582	77.2258	76.2759
4.3025	8.2154	0.2442	77.2535	76.0672
4.3030	8.2148	0.2441	77.3628	76.2041
4.3035	8.2139	0.2540	76.9167	76.2108
4.3040	8.2133	0.2647	76.1285	75.8481
4.3045	8.2141	0.2547	76.6568	76.2002
4.3050	8.2140	0.2529	76.9568	76.1289
4.3055	8.2152	0.2496	77.4727	76.2609
4.3060	8.2165	0.2271	78.0632	76.4614
4.3065	8.2150	0.2469	78.1252	75.9817
4.3070	8.2137	0.2564	77.9663	75.8758
4.3075	8.2130	0.2656	77.5308	75.8249
4.3080	8.2131	0.2656	77.4428	75.8851
4.3085	8.2132	0.2596	76.2282	76.2824
4.3090	8.2138	0.2627	75.0080	76.1192
4.3095	8.2151	0.2454	73.5582	76.1960
4.3100	8.2156	0.2357	73.3504	76.5729
4.3105	8.2172	0.2187	74.3954	76.2933
4.3110	8.2165	0.2319	74.4210	76.2102
4.3115	8.2162	0.2297	74.9326	76.1921
4.3120	8.2166	0.2309	75.6580	76.2467
4.3125	8.2161	0.2328	76.4935	76.5903
4.3130	8.2173	0.2215	76.4718	76.5851
4.3135	8.2164	0.2264	76.5856	76.4939
4.3140	8.2161	0.2303	77.1320	76.5949
4.3145	8.2151	0.2427	77.7321	76.0652
4.3150	8.2135	0.2567	77.3006	76.1677
4.3155	8.2131	0.2598	75.5625	76.3254
4.3160	8.2138	0.2596	76.0861	76.2805
4.3165	8.2136	0.2602	77.1032	76.1420
4.3170	8.2151	0.2437	77.3914	75.8699
4.3175	8.2164	0.2313	77.4185	76.1008
4.3180	8.2152	0.2396	77.8758	76.1008
4.3185	8.2151	0.2416	78.3699	75.6223
4.3190	8.2155	0.2432	78.0728	75.7831
4.3195	8.2151	0.2419	77.1573	76.0747
4.3200	8.2153	0.2381	76.7685	76.2827
4.3205	8.2158	0.2415	76.3440	76.1259
4.3210	8.2158	0.2334	75.2031	75.8405
4.3215	8.2154	0.2409	73.5441	76.3128
4.3220	8.2144	0.2505	73.3057	76.5128
4.3225	8.2132	0.2603	74.4618	76.2388
4.3230	8.2129	0.2649	74.8874	76.3117
4.3235	8.2139	0.2542	75.0646	76.3041
4.3240	8.2143	0.2515	75.5114	76.4071
4.3245	8.2143	0.2506	76.4606	76.1119
4.3250	8.2135	0.2582	76.9304	75.8951
4.3255	8.2144	0.2527	76.7556	76.1176
4.3260	8.2163	0.2378	76.8938	76.1191
4.3265	8.2165	0.2292	77.3003	76.2750
4.3270	8.2158	0.2390	75.6524	76.2651
4.3275	8.2157	0.2360	75.5863	76.0213
4.3280	8.2165	0.2253	75.9979	76.0804
4.3285	8.2164	0.2343	77.0348	76.1982
4.3290	8.2149	0.2467	77.8460	75.9833
4.3295	8.2134	0.2636	77.7940	76.0712
4.3300	8.2122	0.2681	77.6253	76.0279
4.3305	8.2128	0.2647	77.8482	76.3516
4.3310	8.2127	0.2720	78.1192	76.5564
4.3315	8.2126	0.2747	77.3105	76.3003
4.3320	8.2126	0.2714	76.3453	76.4651
4.3325	8.2133	0.2641	75.3885	76.4442
4.3330	8.2138	0.2552	74.5568	76.1419
4.3335	8.2148	0.2496	74.0865	76.4562
4.3340	8.2149	0.2493	73.6154	76.3272
4.3345	8.2157	0.2429	74.4176	76.2691
4.3350	8.2147	0.2434	75.2897	76.2485
4.3355	8.2150	0.2452	75.9528	76.2757
4.3360	8.2145	0.2510	75.9736	76.7263
4.3365	8.2130	0.2641	76.5190	76.4985
4.3370	8.2116	0.2761	77.0985	76.0176
4.3375	8.2103	0.2942	77.5764	75.7521
4.3380	8.2098	0.2965	77.1495	75.7186
4.3385	8.2107	0.2921	76.1115	76.1062
4.3390	8.2112	0.2812	76.9457	75.9179
4.3395	8.2131	0.2632	76.5503	75.8702
4.3400	8.2142	0.2517	76.5496	76.2874
4.3405	8.2150	0.2470	76.9088	76.1584
4.3410	8.2146	0.2469	77.5582	75.7009
4.3415	8.2152	0.2464	78.0533	75.7415
4.3420	8.2141	0.2513	77.9691	75.6878
4.3425	8.2148	0.2473	77.4732	76.4635
4.3430	8.2146	0.2452	77.4352	76.6319
4.3435	8.2150	0.2399	77.0640	76.6416
4.3440	8.2145	0.2501	76.4122	76.7453
4.3445	8.2128	0.2668	74.1001	76.3410
4.3450	8.2116	0.2774	72.8604	76.0664
4.3455	8.2117	0.2817	73.9230	75.9598
4.3460	8.2121	0.2735	74.3363	75.7380
4.3465	8.2130	0.2661	74.6070	75.9595
4.3470	8.2145	0.2534	75.0496	76.3411
4.3475	8.2145	0.2487	76.1636	76.4157
4.3480	8.2138	0.2573	76.6249	76.3134
4.3485	8.2148	0.2505	76.6464	75.9443
4.3490	8.2150	0.2464	76.7285	75.9277
4.3495	8.2151	0.2441	77.6462	76.0083
4.3500	8.2163	0.2394	77.4481	75.8829
4.3505	8.2159	0.2308	76.6664	76.0997
4.3510	8.2160	0.2340	76.7975	76.4957
4.3515	8.2156	0.2378	76.3664	76.5318
4.3520	8.2150	0.2455	77.1956	76.4390
4.3525	8.2134	0.2630	77.3154	76.1024
4.3530	8.2129	0.2623	77.3996	76.3447
4.3535	8.2142	0.2529	77.8786	76.4588
4.3540	8.2141	0.2493	78.2140	76.1744
4.3545	8.2153	0.2428	77.7517	76.5599
4.3550	8.2161	0.2360	76.9015	76.6094
4.3555	8.2165	0.2310	76.5923	76.3487
4.3560	8.2160	0.2307	76.0882	76.3194
4.3565	8.2159	0.2342	73.5064	76.1838
4.3570	8.2161	0.2358	72.9676	76.4019
4.3575	8.2161	0.2297	73.7282	76.1678
4.3580	8.2166	0.2267	74.7500	75.7613
4.3585	8.2174	0.2198	75.1558	76.0263
4.3590	8.2162	0.2311	75.2591	76.2723
4.3595	8.2146	0.2473	75.9783	76.1055
4.3600	8.2133	0.2595	76.8225	75.9806
4.3605	8.2126	0.2748	77.0740	76.0090
4.3610	8.2123	0.2714	76.8950	76.4817
4.3615	8.2124	0.2698	77.2849	75.9092
4.3620	8.2131	0.2629	77.7041	75.5612
4.3625	8.2142	0.2481	77.2388	75.8392
4.3630	8.2148	0.2467	76.6847	76.2783
4.3635	8.2136	0.2550	76.2372	76.4885
4.3640	8.2136	0.2611	77.1869	76.3556
4.3645	8.2134	0.2621	77.7859	76.3666
4.3650	8.2139	0.2608	77.5382	76.5628
4.3655	8.2148	0.2455	77.5414	76.1979
4.3660	8.2148	0.2511	77.8858	76.0057
4.3665	8.2146	0.2477	77.8756	76.2058
4.3670	8.2144	0.2533	76.8149	76.1150
4.3675	8.2124	0.2711	76.0578	76.4559
4.3680	8.2121	0.2818	73.8522	76.3435
4.3685	8.2119	0.2794	73.1286	76.0512
4.3690	8.2127	0.2722	73.6032	75.9848
4.3695	8.2140	0.2623	73.8276	75.6119
4.3700	8.2142	0.2514	74.5581	75.7862
4.3705	8.2136	0.2563	75.3163	76.1434
4.3710	8.2145	0.2502	75.8943	76.1209
4.3715	8.2137	0.2560	76.1267	76.4622
4.3720	8.2135	0.2625	76.6248	76.5845
4.3725	8.2142	0.2552	77.1482	76.4220
4.3730	8.2157	0.2401	77.3853	76.3777
4.3735	8.2162	0.2319	77.3231	76.1184
4.3740	8.2148	0.2466	77.4751	76.3079
4.3745	8.2132	0.2567	77.0700	76.4819
4.3750	8.2120	0.2735	76.7197	76.4749
4.3755	8.2125	0.2732	76.7051	76.6457
4.3760	8.2130	0.2617	77.1669	76.3988
4.3765	8.2135	0.2586	77.9243	76.0855
4.3770	8.2136	0.2582	78.1330	76.1980
4.3775	8.2130	0.2630	77.9898	76.1156
4.3780	8.2126	0.2667	77.7621	76.2828
4.3785	8.2131	0.2640	77.6789	76.0099
4.3790	8.2138	0.2560	77.1157	75.7849
4.3795	8.2136	0.2540	75.5610	76.2409
4.3800	8.2140	0.2572	73.9275	75.9758
4.3805	8.2145	0.2478	73.0737	75.7882
4.3810	8.2156	0.2393	74.0650	75.8623
4.3815	8.2140	0.2487	74.2256	75.9889
4.3820	8.2128	0.2652	74.6189	76.2395
4.3825	8.2120	0.2769	75.2871	75.7522
4.3830	8.2118	0.2774	76.1235	75.8138
4.3835	8.2119	0.2748	76.4323	76.2511
4.3840	8.2124	0.2658	76.4995	76.3667
4.3845	8.2148	0.2515	76.9563	76.2911
4.3850	8.2162	0.2397	77.4301	76.0922
4.3855	8.2159	0.2319	77.5803	76.0918
4.3860	8.2161	0.2357	76.9794	76.2687
4.3865	8.2151	0.2393	75.8027	75.8530
4.3870	8.2148	0.2467	76.5873	76.1678
4.3875	8.2151	0.2461	77.2690	76.2889
4.3880	8.2156	0.2391	77.4291	76.2718
4.3885	8.2169	0.2227	77.7438	76.5504
4.3890	8.2156	0.2356	78.0473	76.0844
4.3895	8.2142	0.2493	78.2484	75.8889
4.3900	8.2132	0.2641	77.7320	75.8708
4.3905	8.2135	0.2645	77.3031	75.8140
4.3910	8.2140	0.2520	76.4217	76.2613
4.3915	8.2142	0.2554	75.4653	76.2868
4.3920	8.2156	0.2387	74.0047	76.1185
4.3925	8.2163	0.2314	73.0142	76.5439
4.3930	8.2167	0.2253	74.0812	76.3544
4.3935	8.2166	0.2276	74.5378	76.2234
4.3940	8.2160	0.2297	75.0786	76.2066
4.3945	8.2167	0.2261	75.3750	76.2396
4.3950	8.2170	0.2253	76.1179	76.5833
4.3955	8.2173	0.2198	76.7059	76.6775
4.3960	8.2169	0.2195	76.8668	76.4340
4.3965	8.2162	0.2293	76.9308	76.5985
4.3970	8.2159	0.2340	77.2914	76.1689
4.3975	8.2140	0.2543	77.6090	76.0978
4.3980	8.2137	0.2604	76.1662	76.2786
4.3985	8.2138	0.2576	75.8615	76.3321
4.3990	8.2135	0.2559	76.6825	76.3064
4.3995	8.2147	0.2447	77.3885	75.9986
4.4000	8.2165	0.2325	77.7866	76.0383
4.4005	8.2158	0.2316	77.7998	76.1514
4.4010	8.2152	0.2402	77.9806	75.6413
4.4015	8.2151	0.2427	78.0646	75.6732
4.4020	8.2152	0.2410	77.7232	75.9758
4.4025	8.2153	0.2413	76.9826	76.2382
4.4030	8.2156	0.2370	76.2096	76.2292
4.4035	8.2161	0.2325	75.2542	75.9000
4.4040	8.2159	0.2301	74.1149	76.2399
4.4045	8.2146	0.2427	73.4020	76.6000
4.4050	8.2133	0.2610	74.1136	76.2890
4.4055	8.2132	0.2680	74.5498	76.2871
4.4060	8.2138	0.2514	75.2116	76.2739
4.4065	8.2145	0.2520	75.7531	76.3754
4.4070	8.2141	0.2540	76.2678	76.1419
4.4075	8.2130	0.2644	76.4863	75.8686
4.4080	8.2135	0.2608	76.8597	76.0968
4.4085	8.2156	0.2371	77.1376	76.1045
4.4090	8.2164	0.2314	77.4616	76.2469
4.4095	8.2160	0.2281	75.5457	76.3543
4.4100	8.2160	0.2327	75.4532	76.0841
4.4105	8.2167	0.2261	76.4073	76.0244
4.4110	8.2160	0.2265	76.9095	76.1962
4.4115	8.2152	0.2425	77.3203	75.9829
4.4120	8.2133	0.2587	77.6493	76.0010
4.4125	8.2120	0.2757	78.0593	76.0181
4.4130	8.2128	0.2707	78.0094	76.2469
4.4135	8.2123	0.2687	77.7986	76.6098
4.4140	8.2124	0.2717	77.3060	76.3609
4.4145	8.2129	0.2635	76.8769	76.4538
4.4150	8.2141	0.2573	75.8362	76.5018
4.4155	8.2141	0.2505	74.3087	76.1342
4.4160	8.2145	0.2456	73.9328	76.3879
4.4165	8.2147	0.2425	73.9024	76.3744
4.4170	8.2148	0.2426	74.5870	76.2503
4.4175	8.2152	0.2455	74.9063	76.2783
4.4180	8.2152	0.2405	75.5116	76.2246
4.4185	8.2152	0.2431	76.2198	76.6614
4.4190	8.2132	0.2638	76.6979	76.6403
4.4195	8.2122	0.2776	76.8788	76.1186
4.4200	8.2102	0.2915	77.1013	75.8491
4.4205	8.2096	0.3008	77.5199	75.6966
4.4210	8.2108	0.2859	76.5680	76.0607
4.4215	8.2115	0.2864	76.8191	75.9868
4.4220	8.2132	0.2733	76.2447	75.8070
4.4225	8.2137	0.2580	76.4915	76.2068
4.4230	8.2142	0.2504	77.2403	76.2849
4.4235	8.2150	0.2455	77.4727	75.7415
4.4240	8.2147	0.2424	77.6949	75.7604
4.4245	8.2148	0.2496	77.8805	75.6694
4.4250	8.2150	0.2450	77.9401	76.3252
4.4255	8.2153	0.2431	77.6430	76.6826
4.4260	8.2153	0.2334	76.7780	76.5974
4.4265	8.2150	0.2422	76.3589	76.7804
4.4270	8.2137	0.2592	74.9535	76.4393
4.4275	8.2122	0.2731	73.1258	76.0867
4.4280	8.2122	0.2723	73.5042	75.9756
4.4285	8.2119	0.2723	73.9545	75.7638
4.4290	8.2129	0.2672	74.7804	75.8833
4.4295	8.2139	0.2607	75.2823	76.3083
4.4300	8.2146	0.2514	75.7540	76.4550
4.4305	8.2138	0.2570	76.1843	76.4122
4.4310	8.2143	0.2525	76.8055	76.0239
4.4315	8.2146	0.2467	77.0752	75.9046
4.4320	8.2149	0.2435	77.3793	76.0148
4.4325	8.2153	0.2402	77.2574	75.8842
4.4330	8.2166	0.2322	76.7007	75.9943
4.4335	8.2163	0.2303	77.1232	76.4369
4.4340	8.2155	0.2387	76.3127	76.5645
4.4345	8.2147	0.2473	76.6265	76.5490
4.4350	8.2134	0.2552	77.3183	76.2128
4.4355	8.2124	0.2670	77.7535	76.2953
4.4360	8.2138	0.2548	77.8533	76.5504
4.4365	8.2139	0.2561	77.8080	76.2081
4.4370	8.2151	0.2458	77.6970	76.4858
4.4375	8.2155	0.2407	77.4529	76.6440
4.4380	8.2160	0.2381	76.7274	76.3627
4.4385	8.2158	0.2346	75.9607	76.3370
4.4390	8.2152	0.2376	73.7027	76.1765
4.4395	8.2158	0.2354	73.2544	76.3733
4.4400	8.2156	0.2321	73.8425	76.2807
4.4405	8.2160	0.2337	74.1944	75.7910
4.4410	8.2165	0.2244	74.7898	75.9993
4.4415	8.2163	0.2272	75.5203	76.3349
4.4420	8.2147	0.2405	76.1823	76.1730
4.4425	8.2135	0.2570	76.4260	76.0106
4.4430	8.2125	0.2677	76.6843	75.9375
4.4435	8.2124	0.2675	77.1413	76.4438
4.4440	8.2125	0.2657	77.6028	76.0542
4.4445	8.2130	0.2643	77.4869	75.5199
4.4450	8.2149	0.2493	76.7780	75.8053
4.4455	8.2143	0.2531	76.9096	76.2339
4.4460	8.2138	0.2545	76.7266	76.5483
4.4465	8.2142	0.2590	76.8616	76.4495
4.4470	8.2139	0.2540	77.2425	76.3849
4.4475	8.2137	0.2537	77.5567	76.5799
4.4480	8.2147	0.2477	78.0575	76.2830
4.4485	8.2152	0.2453	77.8724	75.9459
4.4490	8.2143	0.2546	77.4644	76.1536
4.4495	8.2141	0.2540	76.8316	76.1157
4.4500	8.2126	0.2641	76.7524	76.4097
4.4505	8.2116	0.2835	74.4577	76.4778
4.4510	8.2116	0.2823	72.6312	76.1434
4.4515	8.2118	0.2788	73.3183	76.1266
4.4520	8.2132	0.2632	74.0536	75.7305
4.4525	8.2141	0.2579	74.7044	75.7460
4.4530	8.2138	0.2588	74.8850	76.1391
4.4535	8.2141	0.2531	75.5142	76.1306
4.4540	8.2133	0.2588	76.2928	76.3669
4.4545	8.2127	0.2638	76.8520	76.6033
4.4550	8.2130	0.2621	76.7908	76.4345
4.4555	8.2145	0.2472	77.0419	76.4446
4.4560	8.2157	0.2371	77.4913	76.1617
4.4565	8.2144	0.2446	77.8011	76.2976
4.4570	8.2129	0.2620	76.9914	76.5619
4.4575	8.2121	0.2769	76.3819	76.5626
4.4580	8.2119	0.2806	76.8452	76.6367
4.4585	8.2130	0.2715	77.4440	76.5377
4.4590	8.2131	0.2623	77.6173	76.0867
4.4595	8.2141	0.2583	77.7706	76.1951
4.4600	8.2146	0.2466	78.0951	76.0377
4.4605	8.2141	0.2546	78.0974	76.2444
4.4610	8.2143	0.2531	77.5906	76.0914
4.4615	8.2148	0.2485	77.0194	75.8644
4.4620	8.2144	0.2499	75.9945	76.2524
4.4625	8.2143	0.2537	74.6176	76.1378
4.4630	8.2148	0.2441	72.8828	75.8177
4.4635	8.2151	0.2402	73.5207	75.8962
4.4640	8.2148	0.2495	74.2452	75.8287
4.4645	8.2133	0.2605	74.9212	76.2416
4.4650	8.2124	0.2698	75.2263	75.8260
4.4655	8.2116	0.2751	75.5816	75.7660
4.4660	8.2117	0.2788	76.2580	76.3841
4.4665	8.2123	0.2744	76.8911	76.4370
4.4670	8.2129	0.2675	77.0229	76.3513
4.4675	8.2149	0.2445	77.0212	76.1752
4.4680	8.2153	0.2423	77.3229	76.0606
4.4685	8.2160	0.2375	77.5193	76.3450
4.4690	8.2154	0.2397	76.2268	75.8594
4.4695	8.2149	0.2483	76.1652	76.0780
4.4700	8.2149	0.2517	76.8777	76.4168
4.4705	8.2155	0.2428	77.5213	76.2900
4.4710	8.2172	0.2241	77.9869	76.5534
4.4715	8.2162	0.2328	77.8880	76.1901
4.4720	8.2146	0.2458	77.9668	75.9030
4.4725	8.2134	0.2607	77.9027	75.9250
4.4730	8.2136	0.2617	77.6408	75.8216
4.4735	8.2143	0.2542	76.6541	76.2151
4.4740	8.2140	0.2565	75.3110	76.4257
4.4745	8.2153	0.2387	74.3683	76.1498
4.4750	8.2157	0.2345	73.2408	76.5173
4.4755	8.2165	0.2325	73.9286	76.4287
4.4760	8.2173	0.2259	74.2085	76.2244
4.4765	8.2158	0.2321	74.9021	76.2116
4.4770	8.2172	0.2222	75.5595	76.2118
4.4775	8.2168	0.2244	76.0579	76.5437
4.4780	8.2173	0.2198	76.3069	76.7457
4.4785	8.2172	0.2210	76.6120	76.4819
4.4790	8.2169	0.2255	77.2304	76.6290
4.4795	8.2163	0.2294	77.3736	76.2681
4.4800	8.2149	0.2480	77.4176	76.0659
4.4805	8.2136	0.2579	76.2161	76.2505
4.4810	8.2139	0.2575	75.9007	76.3109
4.4815	8.2143	0.2581	76.8124	76.3408
4.4820	8.2143	0.2490	77.0435	76.0699
4.4825	8.2165	0.2334	77.5110	76.0563
4.4830	8.2162	0.2329	77.9353	76.2422
4.4835	8.2160	0.2357	78.2359	75.7850
4.4840	8.2154	0.2372	77.9674	75.6603
4.4845	8.2155	0.2373	77.5274	75.9526
4.4850	8.2157	0.2384	77.1586	76.2141
4.4855	8.2159	0.2349	76.7360	76.2637
4.4860	8.2159	0.2337	75.3908	75.9828
4.4865	8.2158	0.2343	74.0824	76.1015
4.4870	8.2149	0.2406	73.3487	76.6204
4.4875	8.2137	0.2582	74.2250	76.3679
4.4880	8.2131	0.2593	74.6235	76.3282
4.4885	8.2140	0.2560	74.8623	76.3313
4.4890	8.2144	0.2501	75.4310	76.3984
4.4895	8.2140	0.2508	76.3741	76.2645
4.4900	8.2140	0.2515	76.6472	75.8846
4.4905	8.2144	0.2475	76.7432	76.0235
4.4910	8.2159	0.2369	76.7878	76.1097
4.4915	8.2168	0.2251	77.6424	76.1917
4.4920	8.2165	0.2298	76.1552	76.3567
4.4925	8.2160	0.2375	75.1603	76.1550
4.4930	8.2168	0.2260	76.0288	76.0476
4.4935	8.2168	0.2239	76.8591	76.2330
4.4940	8.2157	0.2363	77.5729	76.0748
4.4945	8.2140	0.2524	77.5585	76.0320
4.4950	8.2124	0.2677	77.7437	76.0265
4.4955	8.2126	0.2672	77.9852	76.1573
4.4960	8.2125	0.2675	78.0765	76.5647
4.4965	8.2121	0.2721	77.4815	76.3652
4.4970	8.2125	0.2665	76.7103	76.3670
4.4975	8.2137	0.2630	76.0453	76.5480
4.4980	8.2140	0.2576	74.8084	76.1988
4.4985	8.2148	0.2503	74.0283	76.3852
4.4990	8.2148	0.2393	73.6150	76.4757
4.4995	8.2147	0.2448	74.3321	76.2756
4.5000	8.2152	0.2408	75.0748	76.3183
4.5005	8.2148	0.2430	75.4929	76.2016
4.5010	8.2156	0.2387	75.9396	76.5659
4.5015	8.2134	0.2555	76.4504	76.6701
4.5020	8.2127	0.2653	77.0713	76.1350
4.5025	8.2109	0.2862	77.1298	75.8580
4.5030	8.2100	0.2985	77.4611	75.6435
4.5035	8.2109	0.2853	76.5368	76.0058
4.5040	8.2111	0.2903	76.8568	76.1090
4.5045	8.2128	0.2702	76.6227	75.8427
4.5050	8.2138	0.2590	76.2080	76.1967
4.5055	8.2140	0.2576	76.9869	76.3557
4.5060	8.2146	0.2466	77.5180	75.8216
4.5065	8.2146	0.2503	77.8627	75.7330
4.5070	8.2146	0.2514	77.8415	75.6142
4.5075	8.2146	0.2472	77.7737	76.1368
4.5080	8.2148	0.2475	77.6733	76.6704
4.5085	8.2155	0.2453	77.1994	76.5672
4.5090	8.2149	0.2445	76.5478	76.8002
4.5095	8.2134	0.2572	75.1852	76.5336
4.5100	8.2118	0.2747	73.1232	76.1820
4.5105	8.2112	0.2786	73.5084	76.0492
4.5110	8.2121	0.2779	74.0368	75.8060
4.5115	8.2128	0.2658	74.5566	75.7946
4.5120	8.2135	0.2590	75.0571	76.2135
4.5125	8.2141	0.2527	75.7415	76.4067
4.5130	8.2140	0.2518	76.3036	76.4393
4.5135	8.2143	0.2531	76.6404	76.0905
4.5140	8.2147	0.2434	76.9062	75.8883
4.5145	8.2150	0.2467	77.2984	76.0306
4.5150	8.2155	0.2366	77.5965	75.9440
4.5155	8.2159	0.2346	76.7184	75.9768
4.5160	8.2161	0.2270	77.0094	76.3916
4.5165	8.2156	0.2389	76.4846	76.5943
4.5170	8.2149	0.2444	76.6502	76.5848
4.5175	8.2143	0.2525	77.3187	76.2569
4.5180	8.2126	0.2669	77.5124	76.1933
4.5185	8.2142	0.2528	77.8094	76.5208
4.5190	8.2144	0.2484	77.9574	76.2034
4.5195	8.2145	0.2502	77.8415	76.3718
4.5200	8.2152	0.2403	77.4603	76.6893
4.5205	8.2161	0.2328	76.7525	76.4311
4.5210	8.2171	0.2241	76.3860	76.3833
4.5215	8.2160	0.2326	74.2743	76.2447
4.5220	8.2162	0.2280	73.0147	76.3435
4.5225	8.2163	0.2242	73.6908	76.3497
4.5230	8.2166	0.2301	74.2403	75.8054
4.5235	8.2179	0.2144	74.8891	75.8688
4.5240	8.2176	0.2193	75.2441	76.2821
4.5245	8.2158	0.2310	75.8662	76.1610
4.5250	8.2145	0.2496	76.5435	76.0450
4.5255	8.2131	0.2652	76.8960	75.9245
4.5260	8.2126	0.2708	77.0054	76.3766
4.5265	8.2125	0.2703	77.2534	76.2120
4.5270	8.2128	0.2710	77.5645	75.5480
4.5275	8.2147	0.2497	77.1989	75.7283
4.5280	8.2148	0.2417	76.9463	76.1104
4.5285	8.2150	0.2465	76.5365	76.5065
4.5290	8.2148	0.2434	76.7220	76.4333
4.5295	8.2147	0.2478	77.4419	76.3565
4.5300	8.2142	0.2535	77.5798	76.5342
4.5305	8.2150	0.2430	77.7893	76.3805
4.5310	8.2149	0.2475	77.7647	75.9564
4.5315	8.2153	0.2464	77.8395	76.1478
4.5320	8.2153	0.2413	77.0514	76.1160
4.5325	8.2137	0.2516	76.6780	76.2995
4.5330	8.2122	0.2714	74.8427	76.5017
4.5335	8.2120	0.2688	72.8556	76.1255
4.5340	8.2125	0.2719	73.4540	76.0991
4.5345	8.2130	0.2600	73.7851	75.7453
4.5350	8.2148	0.2483	74.3218	75.6569
4.5355	8.2149	0.2510	74.9128	76.0848
4.5360	8.2150	0.2416	75.7845	76.1611
4.5365	8.2148	0.2483	76.2293	76.3170
4.5370	8.2138	0.2500	76.4497	76.6679
4.5375	8.2147	0.2503	76.7011	76.4474
4.5380	8.2157	0.2392	77.4017	76.4564
4.5385	8.2168	0.2291	77.5729	76.1464
4.5390	8.2155	0.2428	77.5003	76.2194
4.5395	8.2133	0.2577	77.0527	76.4062
4.5400	8.2121	0.2697	76.7236	76.4745
4.5405	8.2120	0.2778	76.9231	76.6115
4.5410	8.2136	0.2640	77.0972	76.6281
4.5415	8.2140	0.2543	77.4126	76.1258
4.5420	8.2137	0.2542	77.9939	76.2118
4.5425	8.2150	0.2467	78.2232	76.0422
4.5430	8.2145	0.2526	78.0401	76.1822
4.5435	8.2145	0.2471	77.5013	76.1197
4.5440	8.2148	0.2502	77.2905	75.8033
4.5445	8.2144	0.2501	76.3356	76.1329
4.5450	8.2147	0.2525	74.8418	76.1951
4.5455	8.2151	0.2468	72.9306	75.7939
4.5460	8.2153	0.2361	73.4739	75.9116
4.5465	8.2153	0.2401	74.3247	75.7724
4.5470	8.2135	0.2576	74.6900	76.2049
4.5475	8.2128	0.2696	75.0258	75.9576
4.5480	8.2119	0.2767	75.5935	75.7072
4.5485	8.2121	0.2780	76.4188	76.2293
4.5490	8.2125	0.2664	76.7431	76.4082
4.5495	8.2131	0.2599	76.7229	76.3113
4.5500	8.2153	0.2449	77.0759	76.1653
4.5505	8.2152	0.2419	77.5401	75.9981
4.5510	8.2157	0.2378	77.6333	76.3356
4.5515	8.2161	0.2346	76.1663	75.9738
4.5520	8.2148	0.2399	76.0073	76.0025
4.5525	8.2155	0.2402	77.0484	76.5027
4.5530	8.2158	0.2408	77.5096	76.2828
4.5535	8.2173	0.2222	77.6705	76.5083
4.5540	8.2166	0.2291	77.8205	76.2766
4.5545	8.2144	0.2444	78.2282	75.8567
4.5550	8.2140	0.2535	78.1529	75.8992
4.5555	8.2134	0.2614	77.4714	75.7943
4.5560	8.2143	0.2526	76.6219	76.1018
4.5565	8.2148	0.2481	75.6871	76.4672
4.5570	8.2153	0.2387	74.9429	76.2101
4.5575	8.2163	0.2363	73.1792	76.4539
4.5580	8.2164	0.2307	73.4893	76.5156
4.5585	8.2170	0.2233	74.2992	76.2552
4.5590	8.2158	0.2353	75.0882	76.2125
4.5595	8.2165	0.2304	75.4490	76.1935
4.5600	8.2172	0.2243	75.6119	76.4356
4.5605	8.2169	0.2220	76.3626	76.7131
4.5610	8.2172	0.2178	76.9678	76.4830
4.5615	8.2162	0.2266	77.1683	76.5919
4.5620	8.2168	0.2280	76.9632	76.3793
4.5625	8.2151	0.2462	77.4691	76.0514
4.5630	8.2140	0.2523	76.8953	76.2465
4.5635	8.2140	0.2577	75.9213	76.2992
4.5640	8.2141	0.2589	76.3381	76.3711
4.5645	8.2150	0.2496	76.8444	76.1336
4.5650	8.2161	0.2371	77.8281	75.9559
4.5655	8.2159	0.2316	78.1119	76.2103
4.5660	8.2148	0.2415	77.9348	75.8513
4.5665	8.2154	0.2380	77.7577	75.6048
4.5670	8.2154	0.2405	77.9132	75.9117
4.5675	8.2152	0.2408	77.4889	76.1928
4.5680	8.2150	0.2378	76.6368	76.2923
4.5685	8.2156	0.2329	75.3201	76.0318
4.5690	8.2169	0.2260	74.5729	76.0271
4.5695	8.2164	0.2322	73.7179	76.5661
4.5700	8.2150	0.2450	73.8736	76.3891
4.5705	8.2136	0.2587	74.1772	76.2652
4.5710	8.2140	0.2554	74.9509	76.2931
4.5715	8.2143	0.2506	75.7713	76.3630
4.5720	8.2142	0.2493	76.1626	76.3608
4.5725	8.2141	0.2535	76.1284	75.9593
4.5730	8.2145	0.2550	76.7282	76.0408
4.5735	8.2158	0.2395	77.2305	76.1462
4.5740	8.2164	0.2295	77.6888	76.1768
4.5745	8.2169	0.2255	76.0264	76.3346
4.5750	8.2163	0.2365	74.9589	76.1673
4.5755	8.2164	0.2277	76.4418	75.9618
4.5760	8.2165	0.2263	76.9236	76.1592
4.5765	8.2156	0.2407	77.0112	76.0724
4.5770	8.2140	0.2537	77.3045	75.9927
4.5775	8.2126	0.2649	78.1674	76.0841
4.5780	8.2126	0.2680	78.3122	76.1342
4.5785	8.2129	0.2640	77.7099	76.5824
4.5790	8.2127	0.2744	77.2174	76.4576
4.5795	8.2136	0.2622	77.1832	76.3266
4.5800	8.2144	0.2540	76.6790	76.5179
4.5805	8.2150	0.2487	74.7084	76.2291
4.5810	8.2151	0.2461	73.7028	76.2419
4.5815	8.2154	0.2376	73.8743	76.4717
4.5820	8.2150	0.2428	74.5842	76.2572
4.5825	8.2156	0.2347	74.8792	76.3475
4.5830	8.2157	0.2369	74.9480	76.2356
4.5835	8.2161	0.2301	75.9973	76.5249
4.5840	8.2150	0.2425	76.8102	76.7770
4.5845	8.2129	0.2598	76.9878	76.2496
4.5850	8.2124	0.2782	76.6056	75.9318
4.5855	8.2104	0.2961	77.4396	75.6403
4.5860	8.2107	0.2862	77.1143	75.8678
4.5865	8.2113	0.2862	76.8240	76.1061
4.5870	8.2127	0.2662	76.4120	75.8121
4.5875	8.2141	0.2527	75.9978	76.0866
4.5880	8.2147	0.2535	77.3096	76.4227
4.5885	8.2142	0.2486	77.5686	75.9458
4.5890	8.2150	0.2467	77.4446	75.7794
4.5895	8.2147	0.2494	77.6427	75.6776
4.5900	8.2143	0.2488	78.1931	76.0049
4.5905	8.2150	0.2504	77.9136	76.6798
4.5910	8.2157	0.2372	76.9538	76.5506
4.5915	8.2153	0.2421	76.3261	76.7489
4.5920	8.2142	0.2502	75.8908	76.5288
4.5925	8.2125	0.2705	73.6186	76.1964
4.5930	8.2116	0.2770	73.0876	76.0717
4.5935	8.2117	0.2765	73.6375	75.8573
4.5940	8.2120	0.2738	74.6759	75.7570
4.5945	8.2137	0.2625	75.3506	76.1781
4.5950	8.2147	0.2511	75.4397	76.4190
4.5955	8.2147	0.2473	75.8528	76.4702
4.5960	8.2144	0.2552	76.6954	76.1750
4.5965	8.2152	0.2452	77.3005	75.8788
4.5970	8.2151	0.2446	77.1195	76.0073
4.5975	8.2155	0.2376	77.2289	75.9638
4.5980	8.2167	0.2334	76.7130	75.9333
4.5985	8.2164	0.2303	77.3453	76.3238
4.5990	8.2159	0.2311	76.6887	76.5981
4.5995	8.2154	0.2422	76.1636	76.6181
4.6000	8.2148	0.2455	77.0723	76.3718
4.6005	8.2128	0.2597	77.8077	76.1614
4.6010	8.2137	0.2554	77.9441	76.5336
4.6015	8.2144	0.2530	77.6462	76.2785
4.6020	8.2146	0.2489	77.6721	76.2698
4.6025	8.2159	0.2366	77.8275	76.6660
4.6030	8.2162	0.2238	77.0886	76.4525
4.6035	8.2170	0.2287	76.2447	76.3568
4.6040	8.2164	0.2297	74.4018	76.2554
4.6045	8.2165	0.2266	73.2058	76.3103
4.6050	8.2168	0.2256	73.8532	76.4345
4.6055	8.2167	0.2220	73.9723	75.9219
4.6060	8.2174	0.2154	74.5219	75.8225
4.6065	8.2179	0.2151	75.3187	76.2893
4.6070	8.2165	0.2260	76.1016	76.2265
4.6075	8.2145	0.2471	76.2920	76.0683
4.6080	8.2133	0.2603	76.4996	75.9158
4.6085	8.2132	0.2631	77.0911	76.2795
4.6090	8.2134	0.2647	77.5430	76.3350
4.6095	8.2138	0.2637	77.5513	75.5969
4.6100	8.2157	0.2419	76.8583	75.6791
4.6105	8.2160	0.2276	76.9594	76.0703
4.6110	8.2158	0.2387	77.0263	76.5087
4.6115	8.2156	0.2375	76.6130	76.5193
4.6120	8.2154	0.2392	77.0322	76.3713
4.6125	8.2145	0.2461	77.4533	76.5483
4.6130	8.2152	0.2402	78.1077	76.4748
4.6135	8.2156	0.2354	77.9552	75.9733
4.6140	8.2155	0.2392	77.5269	76.0805
4.6145	8.2151	0.2440	76.9450	76.1343
4.6150	8.2147	0.2454	77.0094	76.2229
4.6155	8.2132	0.2626	75.5983	76.5408
4.6160	8.2129	0.2676	72.7775	76.2002
4.6165	8.2126	0.2681	72.9586	76.1333
4.6170	8.2133	0.2638	73.8954	75.8804
4.6175	8.2146	0.2486	74.6490	75.6607
4.6180	8.2143	0.2503	74.7017	76.0383
4.6185	8.2151	0.2449	75.1755	76.1710
4.6190	8.2146	0.2434	76.1174	76.2218
4.6195	8.2138	0.2546	76.8565	76.6049
4.6200	8.2143	0.2542	76.7422	76.4331
4.6205	8.2153	0.2416	76.8119	76.4601
4.6210	8.2167	0.2229	77.3773	76.2172
4.6215	8.2165	0.2285	77.9314	76.2115
4.6220	8.2135	0.2512	77.3210	76.4662
4.6225	8.2132	0.2618	76.3425	76.5153
4.6230	8.2128	0.2663	76.6290	76.6071
4.6235	8.2136	0.2612	77.4112	76.6994
4.6240	8.2138	0.2593	77.6250	76.1882
4.6245	8.2142	0.2529	77.5990	76.1720
4.6250	8.2146	0.2469	77.9126	76.1077
4.6255	8.2142	0.2514	78.3862	76.1575
4.6260	8.2139	0.2592	77.8991	76.1937
4.6265	8.2145	0.2537	77.1375	75.8632
4.6270	8.2143	0.2555	76.0911	76.0720
4.6275	8.2138	0.2552	75.2554	76.2957
4.6280	8.2134	0.2611	73.5399	75.8518
4.6285	8.2148	0.2477	73.1733	75.9369
4.6290	8.2151	0.2451	73.8501	75.7788
4.6295	8.2139	0.2577	74.6147	76.1404
4.6300	8.2127	0.2660	75.2999	76.0461
4.6305	8.2120	0.2799	75.4639	75.6522
4.6310	8.2121	0.2762	75.9482	76.1113
4.6315	8.2128	0.2732	76.6868	76.3948
4.6320	8.2131	0.2652	77.0997	76.3491
4.6325	8.2142	0.2455	77.0506	76.2592
4.6330	8.2151	0.2431	77.0266	76.0393
4.6335	8.2148	0.2469	77.6140	76.3594
4.6340	8.2159	0.2405	76.8388	76.1904
4.6345	8.2150	0.2415	75.9862	76.0013
4.6350	8.2157	0.2391	76.5031	76.4250
4.6355	8.2150	0.2429	77.2330	76.2751
4.6360	8.2173	0.2245	78.0325	76.4052
4.6365	8.2163	0.2245	78.0459	76.3691
4.6370	8.2145	0.2437	77.7548	75.9115
4.6375	8.2139	0.2542	77.8578	75.9541
4.6380	8.2129	0.2602	77.8507	75.8715
4.6385	8.2149	0.2495	77.2425	76.0946
4.6390	8.2142	0.2460	75.5592	76.4984
4.6395	8.2151	0.2422	74.7027	76.2271
4.6400	8.2159	0.2357	73.4865	76.3714
4.6405	8.2159	0.2314	73.8104	76.5438
4.6410	8.2167	0.2266	74.0706	76.2163
4.6415	8.2166	0.2295	74.4263	76.2347
4.6420	8.2165	0.2237	75.4634	76.1518
4.6425	8.2170	0.2275	76.0584	76.4205
4.6430	8.2173	0.2250	76.2662	76.6933
4.6435	8.2174	0.2171	76.2975	76.5363
4.6440	8.2171	0.2222	77.0377	76.6098
4.6445	8.2173	0.2222	77.5087	76.5018
4.6450	8.2163	0.2285	77.5177	76.0729
4.6455	8.2147	0.2488	76.5984	76.2416
4.6460	8.2148	0.2479	75.6840	76.3081
4.6465	8.2145	0.2496	76.7191	76.3443
4.6470	8.2149	0.2493	77.0601	76.1909
4.6475	8.2162	0.2283	77.1992	75.9222
4.6480	8.2166	0.2266	77.6519	76.2248
4.6485	8.2154	0.2349	78.3314	75.9764
4.6490	8.2156	0.2357	78.2112	75.6536
4.6495	8.2155	0.2354	77.6123	75.8644
4.6500	8.2153	0.2389	77.0487	76.1536
4.6505	8.2157	0.2372	77.0254	76.2749
4.6510	8.2163	0.2343	76.1129	76.0798
4.6515	8.2162	0.2324	74.4803	76.0145
4.6520	8.2153	0.2399	73.2345	76.4729
4.6525	8.2140	0.2537	73.8745	76.4876
4.6530	8.2135	0.2620	74.6984	76.2779
4.6535	8.2141	0.2499	74.7613	76.3794
4.6540	8.2155	0.2440	75.0146	76.3646
4.6545	8.2152	0.2445	76.0985	76.3774
4.6550	8.2143	0.2546	76.7941	75.9878
4.6555	8.2142	0.2525	76.7276	75.9848
4.6560	8.2153	0.2492	76.4833	76.1204
4.6565	8.2161	0.2307	77.4240	76.1664
4.6570	8.2164	0.2322	77.1169	76.3283
4.6575	8.2158	0.2343	75.2055	76.2378
4.6580	8.2164	0.2293	75.5846	76.0097
4.6585	8.2172	0.2257	76.4512	76.1704
4.6590	8.2165	0.2264	77.5958	76.1451
4.6595	8.2156	0.2381	77.6875	75.9595
4.6600	8.2138	0.2526	77.5417	76.0880
4.6605	8.2130	0.2624	77.8106	76.0570
4.6610	8.2132	0.2623	78.2460	76.4990
4.6615	8.2123	0.2650	77.8942	76.4850
4.6620	8.2130	0.2652	76.8157	76.3258
4.6625	8.2140	0.2596	76.2265	76.5223
4.6630	8.2145	0.2536	75.3446	76.3030
4.6635	8.2145	0.2520	74.4027	76.1817
4.6640	8.2146	0.2496	73.6493	76.4903
4.6645	8.2149	0.2479	73.7819	76.3081
4.6650	8.2154	0.2406	74.9833	76.3256
4.6655	8.2147	0.2383	75.5209	76.2492
4.6660	8.2145	0.2443	75.8482	76.4155
4.6665	8.2141	0.2527	76.0310	76.7735
4.6670	8.2126	0.2689	76.9102	76.3287
4.6675	8.2111	0.2783	77.2724	75.9570
4.6680	8.2095	0.2955	77.5047	75.7010
4.6685	8.2105	0.2931	76.6305	75.8208
4.6690	8.2113	0.2884	76.4957	76.1547
4.6695	8.2120	0.2744	77.1151	75.8658
4.6700	8.2136	0.2585	76.2402	76.0069
4.6705	8.2136	0.2555	76.5309	76.3961
4.6710	8.2148	0.2493	77.1186	76.0220
4.6715	8.2148	0.2458	78.0075	75.7355
4.6720	8.2150	0.2479	78.0152	75.7257
4.6725	8.2146	0.2484	77.6785	75.8778
4.6730	8.2146	0.2421	77.5349	76.6427
4.6735	8.2154	0.2400	77.6144	76.5872
4.6740	8.2154	0.2390	76.8964	76.7318
4.6745	8.2142	0.2491	75.7092	76.6102
4.6750	8.2128	0.2649	73.4118	76.2725
4.6755	8.2118	0.2773	73.3839	76.1128
4.6760	8.2120	0.2729	74.1786	75.9062
4.6765	8.2126	0.2712	74.2109	75.7320
4.6770	8.2134	0.2621	74.6394	76.0690
4.6775	8.2144	0.2481	75.5553	76.3771
4.6780	8.2143	0.2517	76.4581	76.4707
4.6785	8.2136	0.2545	76.4266	76.2584
4.6790	8.2148	0.2434	76.5516	75.9222
4.6795	8.2148	0.2486	77.1138	76.0135
4.6800	8.2152	0.2408	78.0007	76.0311
4.6805	8.2157	0.2319	76.9408	75.9508
4.6810	8.2163	0.2307	76.5596	76.2681
4.6815	8.2164	0.2295	76.7929	76.5610
4.6820	8.2156	0.2399	76.6988	76.6005
4.6825	8.2143	0.2489	77.2520	76.4094
4.6830	8.2129	0.2617	77.0764	76.1258
4.6835	8.2140	0.2597	77.5947	76.4949
4.6840	8.2148	0.2472	78.2783	76.3430
4.6845	8.2147	0.2487	78.1084	76.2573
4.6850	8.2156	0.2387	77.3273	76.6768
4.6855	8.2166	0.2271	76.7114	76.5226
4.6860	8.2162	0.2236	76.7888	76.3848
4.6865	8.2158	0.2289	75.4667	76.2962
4.6870	8.2163	0.2265	72.8987	76.2382
4.6875	8.2168	0.2205	73.1370	76.4345
4.6880	8.2168	0.2301	74.2075	75.9643
4.6885	8.2181	0.2147	75.0391	75.7447
4.6890	8.2181	0.2130	74.9919	76.2021
4.6895	8.2162	0.2269	75.2672	76.2466
4.6900	8.2145	0.2386	76.3605	76.0730
4.6905	8.2130	0.2562	77.1941	75.9328
4.6910	8.2130	0.2645	76.9273	76.1980
4.6915	8.2133	0.2633	76.7553	76.4462
4.6920	8.2129	0.2655	77.6042	75.6716
4.6925	8.2140	0.2560	77.7293	75.6304
4.6930	8.2142	0.2527	77.0080	76.0012
4.6935	8.2137	0.2540	76.3464	76.4448
4.6940	8.2135	0.2580	76.4188	76.5167
4.6945	8.2134	0.2584	77.7010	76.3690
4.6950	8.2135	0.2585	77.6757	76.5254
4.6955	8.2137	0.2557	77.4155	76.5284
4.6960	8.2141	0.2474	77.6238	76.0321
4.6965	8.2150	0.2452	78.1525	76.0514
4.6970	8.2148	0.2469	77.5546	76.1395
4.6975	8.2143	0.2504	76.4368	76.1441
4.6980	8.2128	0.2668	75.6019	76.5375
4.6985	8.2129	0.2692	73.5361	76.2310
4.6990	8.2126	0.2683	73.3633	76.1203
4.6995	8.2129	0.2654	73.4300	75.9306
4.7000	8.2141	0.2555	73.8958	75.6358
4.7005	8.2136	0.2516	75.0898	75.9619
4.7010	8.2139	0.2546	75.7404	76.2072
4.7015	8.2138	0.2592	75.6067	76.2191
4.7020	8.2131	0.2641	76.0527	76.5896
4.7025	8.2130	0.2623	77.1007	76.4877
4.7030	8.2141	0.2558	77.6609	76.4551
4.7035	8.2162	0.2337	77.1553	76.2398
4.7040	8.2158	0.2293	76.9439	76.1413
4.7045	8.2146	0.2491	77.5182	76.3824
4.7050	8.2134	0.2585	77.3912	76.4828
4.7055	8.2130	0.2661	76.6906	76.5434
4.7060	8.2134	0.2618	76.3860	76.7076
4.7065	8.2133	0.2580	77.3239	76.2788
4.7070	8.2140	0.2571	78.4994	76.1570
4.7075	8.2142	0.2502	78.2412	76.1619
4.7080	8.2142	0.2526	77.5321	76.1262
4.7085	8.2139	0.2568	77.5022	76.2427
4.7090	8.2140	0.2576	78.0333	75.9041
4.7095	8.2136	0.2561	76.9218	75.9901
4.7100	8.2135	0.2589	74.9333	76.3013
4.7105	8.2133	0.2569	73.1938	75.8733
4.7110	8.2143	0.2555	73.5389	75.8830
4.7115	8.2139	0.2546	74.5266	75.8038
4.7120	8.2127	0.2632	74.0599	76.0675
4.7125	8.2122	0.2700	74.5572	76.1410
4.7130	8.2116	0.2792	75.7480	75.6494
4.7135	8.2120	0.2794	76.6168	76.0959
4.7140	8.2120	0.2737	76.3395	76.3983
4.7145	8.2126	0.2691	76.2603	76.3463
4.7150	8.2134	0.2570	77.2547	76.2765
4.7155	8.2148	0.2520	77.8984	76.0215
4.7160	8.2146	0.2508	77.4904	76.2805
4.7165	8.2151	0.2418	76.1732	76.2058
4.7170	8.2145	0.2499	75.9774	75.9048
4.7175	8.2144	0.2480	77.3539	76.3983
4.7180	8.2143	0.2505	77.2989	76.3303
4.7185	8.2156	0.2405	77.0574	76.3905
4.7190	8.2163	0.2329	77.8009	76.4335
4.7195	8.2152	0.2435	78.6648	75.9185
4.7200	8.2141	0.2544	78.2890	75.8985
4.7205	8.2128	0.2642	77.0717	75.8307
4.7210	8.2140	0.2582	77.0310	75.9589
4.7215	8.2137	0.2537	76.6172	76.4629
4.7220	8.2141	0.2505	75.3466	76.3041
4.7225	8.2159	0.2390	72.8551	76.3408
4.7230	8.2158	0.2328	73.0034	76.6176
4.7235	8.2170	0.2237	74.7670	76.2823
4.7240	8.2167	0.2230	75.1139	76.2043
4.7245	8.2166	0.2312	74.8172	76.1155
4.7250	8.2173	0.2198	75.1461	76.2950
4.7255	8.2169	0.2235	76.6444	76.6526
4.7260	8.2172	0.2194	77.1830	76.5592
4.7265	8.2170	0.2201	76.6934	76.5669
4.7270	8.2171	0.2230	76.5435	76.5770
4.7275	8.2158	0.2310	77.6988	76.1224
4.7280	8.2143	0.2504	77.8031	76.1983
4.7285	8.2137	0.2519	75.7008	76.3101
4.7290	8.2140	0.2496	75.6772	76.3489
4.7295	8.2144	0.2494	76.9243	76.2487
4.7300	8.2158	0.2410	78.0351	75.9251
4.7305	8.2160	0.2301	77.8196	76.1310
4.7310	8.2151	0.2412	77.4225	76.0507
4.7315	8.2158	0.2416	77.9418	75.6188
4.7320	8.2153	0.2388	78.5403	75.8212
4.7325	8.2153	0.2383	77.6268	76.1322
4.7330	8.2156	0.2384	76.3612	76.3143
4.7335	8.2160	0.2318	75.7275	76.1360
4.7340	8.2170	0.2246	75.3684	75.9666
4.7345	8.2170	0.2180	73.9995	76.4168
4.7350	8.2153	0.2369	73.1843	76.4956
4.7355	8.2143	0.2529	73.9820	76.2444
4.7360	8.2136	0.2561	75.1864	76.3358
4.7365	8.2153	0.2413	75.7180	76.3307
4.7370	8.2145	0.2487	75.5530	76.4263
4.7375	8.2143	0.2505	75.9272	76.0895
4.7380	8.2145	0.2475	76.9967	75.9849
4.7385	8.2155	0.2410	77.3782	76.1513
4.7390	8.2169	0.2251	77.0604	76.1533
4.7395	8.2164	0.2252	76.5680	76.2968
4.7400	8.2161	0.2324	75.4261	76.2572
4.7405	8.2164	0.2275	76.3303	75.9813
4.7410	8.2175	0.2214	76.3587	76.0850
4.7415	8.2166	0.2222	76.5087	76.1617
4.7420	8.2151	0.2425	77.5780	75.9851
4.7425	8.2135	0.2567	78.4378	76.1079
4.7430	8.2130	0.2674	77.9923	76.0615
4.7435	8.2130	0.2603	77.3941	76.4520
4.7440	8.2125	0.2653	77.6630	76.5706
4.7445	8.2123	0.2718	77.7315	76.3113
4.7450	8.2125	0.2710	76.8070	76.4888
4.7455	8.2136	0.2674	74.8088	76.3273
4.7460	8.2131	0.2602	73.9651	76.1608
4.7465	8.2143	0.2539	74.3807	76.4929
4.7470	8.2148	0.2526	74.2899	76.3091
4.7475	8.2154	0.2322	74.3324	76.3066
4.7480	8.2151	0.2437	74.7538	76.2793
4.7485	8.2144	0.2472	76.2216	76.3605
4.7490	8.2147	0.2475	76.6876	76.7745
4.7495	8.2132	0.2705	76.4722	76.4587
4.7500	8.2114	0.2750	76.4695	76.0065
4.7505	8.2105	0.2962	77.7327	75.7467
4.7510	8.2097	0.2919	77.6554	75.7125
4.7515	8.2103	0.2906	76.2256	76.1302
4.7520	8.2112	0.2822	76.2971	75.8810
4.7525	8.2131	0.2692	76.3423	75.9212
4.7530	8.2136	0.2583	77.2872	76.3648
4.7535	8.2142	0.2513	77.1082	76.1285
4.7540	8.2148	0.2505	77.1022	75.7474
4.7545	8.2151	0.2448	77.8711	75.7528
4.7550	8.2146	0.2453	78.5195	75.7694
4.7555	8.2147	0.2466	77.7330	76.5502
4.7560	8.2157	0.2390	76.8875	76.6076
4.7565	8.2161	0.2357	76.6983	76.6672
4.7570	8.2142	0.2493	76.7139	76.6505
4.7575	8.2130	0.2632	74.1436	76.3055
4.7580	8.2118	0.2766	72.5717	76.1125
4.7585	8.2119	0.2778	73.6654	75.9664
4.7590	8.2125	0.2720	74.7906	75.7522
4.7595	8.2137	0.2596	75.1053	76.0248
4.7600	8.2145	0.2487	74.8244	76.3847
4.7605	8.2148	0.2450	75.7510	76.4617
4.7610	8.2139	0.2528	76.9923	76.3004
4.7615	8.2146	0.2476	77.2517	75.9250
4.7620	8.2152	0.2422	76.5771	75.9452
4.7625	8.2150	0.2428	77.1909	76.0282
4.7630	8.2163	0.2366	77.4922	75.9167
4.7635	8.2164	0.2292	77.2812	76.1671
4.7640	8.2166	0.2296	76.5884	76.5526
4.7645	8.2156	0.2349	75.8439	76.6155
4.7650	8.2148	0.2446	77.3252	76.4930
4.7655	8.2134	0.2613	77.9192	76.1423
4.7660	8.2136	0.2606	77.5347	76.4510
4.7665	8.2145	0.2490	77.3910	76.4305
4.7670	8.2140	0.2555	78.0606	76.2058
4.7675	8.2155	0.2355	78.2148	76.6075
4.7680	8.2159	0.2343	76.9990	76.5437
4.7685	8.2168	0.2225	76.0950	76.3628
4.7690	8.2174	0.2180	75.5601	76.3075
4.7695	8.2165	0.2254	73.7545	76.2219
4.7700	8.2171	0.2219	73.4361	76.4528
4.7705	8.2173	0.2183	73.4118	76.1167
4.7710	8.2175	0.2142	74.4497	75.7341
4.7715	8.2182	0.2142	75.5581	76.1293
4.7720	8.2172	0.2202	75.7439	76.3204
4.7725	8.2153	0.2378	75.7806	76.0987
4.7730	8.2136	0.2533	76.4449	75.9848
4.7735	8.2129	0.2629	77.4005	76.0970
4.7740	8.2127	0.2665	77.4532	76.4696
4.7745	8.2126	0.2673	77.1013	75.7814
4.7750	8.2139	0.2547	77.0492	75.5753
4.7755	8.2159	0.2400	77.3010	75.9114
4.7760	8.2159	0.2387	77.1436	76.3483
4.7765	8.2156	0.2339	76.2437	76.5198
4.7770	8.2157	0.2391	76.7478	76.3795
4.7775	8.2149	0.2397	77.7432	76.4842
4.7780	8.2148	0.2387	78.1835	76.5939
4.7785	8.2152	0.2365	77.6219	76.1361
4.7790	8.2152	0.2359	77.3804	76.0375
4.7795	8.2155	0.2366	77.5503	76.2129
4.7800	8.2151	0.2431	77.2678	76.1410
4.7805	8.2139	0.2556	76.1385	76.4660
4.7810	8.2128	0.2692	73.0888	76.3056
4.7815	8.2128	0.2732	72.9451	76.0712
4.7820	8.2130	0.2673	74.0554	75.9935
4.7825	8.2141	0.2540	74.1963	75.6487
4.7830	8.2139	0.2564	74.3087	75.8906
4.7835	8.2141	0.2529	75.1215	76.1698
4.7840	8.2136	0.2525	76.2582	76.1155
4.7845	8.2132	0.2635	76.6077	76.5282
4.7850	8.2137	0.2613	76.3661	76.5323
4.7855	8.2141	0.2565	76.7916	76.4489
4.7860	8.2163	0.2328	77.6985	76.3237
4.7865	8.2167	0.2254	77.8336	76.1244
4.7870	8.2143	0.2417	77.1898	76.3751
4.7875	8.2134	0.2596	76.4671	76.4590
4.7880	8.2123	0.2709	76.9079	76.5092
4.7885	8.2133	0.2635	77.3660	76.7286
4.7890	8.2140	0.2546	77.1564	76.3919
4.7895	8.2141	0.2575	77.3918	76.1550
4.7900	8.2139	0.2555	78.1709	76.2241
4.7905	8.2134	0.2560	78.5665	76.1330
4.7910	8.2125	0.2651	77.7394	76.2906
4.7915	8.2127	0.2679	77.0637	75.9285
4.7920	8.2135	0.2620	76.8400	75.8799
4.7925	8.2129	0.2617	75.9550	76.2945
4.7930	8.2125	0.2689	73.8521	75.9314
4.7935	8.2137	0.2590	72.6142	75.8612
4.7940	8.2145	0.2479	73.8646	75.8545
4.7945	8.2136	0.2612	74.7056	75.9968
4.7950	8.2125	0.2678	75.0842	76.2398
4.7955	8.2118	0.2751	75.0104	75.7097
4.7960	8.2125	0.2713	75.8348	75.9933
4.7965	8.2121	0.2714	76.8318	76.3430
4.7970	8.2124	0.2687	76.9133	76.3606
4.7975	8.2137	0.2561	76.6850	76.3069
4.7980	8.2155	0.2439	77.0430	76.0363
4.7985	8.2155	0.2408	77.8903	76.1864
4.7990	8.2161	0.2323	77.2954	76.2863
4.7995	8.2157	0.2397	75.6006	75.8685
4.8000	8.2155	0.2416	76.1868	76.3317
4.8005	8.2153	0.2433	77.4290	76.4075
4.8010	8.2165	0.2284	78.0448	76.3641
4.8015	8.2174	0.2174	77.7114	76.5241
4.8020	8.2155	0.2361	77.5571	76.0213
4.8025	8.2149	0.2463	78.2456	75.9146
4.8030	8.2139	0.2576	78.1868	75.8622
4.8035	8.2141	0.2556	77.3180	75.8834
4.8040	8.2152	0.2493	75.7017	76.4102
4.8045	8.2150	0.2505	75.2701	76.3629
4.8050	8.2161	0.2369	74.2088	76.2852
4.8055	8.2163	0.2299	73.2705	76.6392
4.8060	8.2171	0.2227	73.7530	76.3487
4.8065	8.2170	0.2227	74.3851	76.2472
4.8070	8.2167	0.2241	75.6307	76.1670
4.8075	8.2172	0.2196	75.7809	76.2713
4.8080	8.2173	0.2243	75.7543	76.6592
4.8085	8.2181	0.2141	76.3159	76.6467
4.8090	8.2171	0.2180	77.2894	76.5437
4.8095	8.2168	0.2238	77.4011	76.6299
4.8100	8.2160	0.2274	77.1135	76.1719
4.8105	8.2143	0.2486	77.0271	76.1705
4.8110	8.2142	0.2513	76.2136	76.3174
4.8115	8.2146	0.2499	76.4835	76.3658
4.8120	8.2141	0.2443	76.5549	76.3088
4.8125	8.2157	0.2349	76.9731	75.9805
4.8130	8.2168	0.2282	77.9230	76.1073
4.8135	8.2167	0.2303	78.4293	76.1302
4.8140	8.2165	0.2326	77.9625	75.6479
4.8145	8.2165	0.2337	77.4945	75.7551
4.8150	8.2160	0.2325	77.6265	76.0452
4.8155	8.2163	0.2316	77.3945	76.2979
4.8160	8.2163	0.2319	76.1332	76.1731
4.8165	8.2161	0.2316	74.6329	76.0213
4.8170	8.2157	0.2361	73.7728	76.3520
4.8175	8.2147	0.2493	73.9566	76.5762
4.8180	8.2131	0.2560	74.4016	76.2934
4.8185	8.2138	0.2635	74.2453	76.3390
4.8190	8.2148	0.2504	75.0368	76.3339
4.8195	8.2147	0.2424	76.1649	76.4385
4.8200	8.2140	0.2519	76.6271	76.1777
4.8205	8.2144	0.2496	76.2842	75.9596
4.8210	8.2147	0.2471	76.5407	76.1252
4.8215	8.2164	0.2304	77.5532	76.1632
4.8220	8.2169	0.2224	77.6640	76.2956
4.8225	8.2164	0.2326	75.0724	76.3119
4.8230	8.2163	0.2257	75.2028	76.0456
4.8235	8.2172	0.2224	76.6266	76.1031
4.8240	8.2168	0.2256	77.4950	76.2285
4.8245	8.2161	0.2357	77.2638	75.9948
4.8250	8.2145	0.2529	77.2809	76.0884
4.8255	8.2130	0.2618	78.1560	76.0382
4.8260	8.2131	0.2608	78.4700	76.3496
4.8265	8.2129	0.2721	77.7105	76.5802
4.8270	8.2133	0.2657	76.7525	76.3207
4.8275	8.2137	0.2572	76.7974	76.4853
4.8280	8.2143	0.2485	76.0708	76.4397
4.8285	8.2145	0.2496	74.2979	76.1797
4.8290	8.2149	0.2463	73.4949	76.4945
4.8295	8.2151	0.2430	73.8073	76.3739
4.8300	8.2157	0.2354	75.0976	76.3071
4.8305	8.2156	0.2375	75.1702	76.2978
4.8310	8.2153	0.2386	75.2479	76.2945
4.8315	8.2151	0.2418	76.0365	76.7365
4.8320	8.2134	0.2596	77.1874	76.5348
4.8325	8.2124	0.2767	77.1606	76.0521
4.8330	8.2102	0.2865	76.8917	75.8293
4.8335	8.2098	0.2951	77.0618	75.6709
4.8340	8.2113	0.2907	76.8211	76.1242
4.8345	8.2121	0.2793	77.1738	75.9757
4.8350	8.2135	0.2645	75.8893	75.8939
4.8355	8.2143	0.2518	76.2544	76.3302
4.8360	8.2149	0.2514	77.5099	76.2147
4.8365	8.2152	0.2437	77.9851	75.7660
4.8370	8.2154	0.2450	77.5495	75.7701
4.8375	8.2146	0.2469	77.4648	75.6782
4.8380	8.2148	0.2376	78.0060	76.4405
4.8385	8.2150	0.2408	78.0292	76.6471
4.8390	8.2158	0.2375	76.6747	76.6618
4.8395	8.2147	0.2444	75.8866	76.7667
4.8400	8.2135	0.2620	74.5208	76.3989
4.8405	8.2125	0.2729	73.4774	76.1807
4.8410	8.2124	0.2756	73.6831	76.0203
4.8415	8.2124	0.2680	73.6749	75.7455
4.8420	8.2126	0.2636	74.7904	75.9288
4.8425	8.2145	0.2523	75.7597	76.2638
4.8430	8.2152	0.2442	76.0417	76.4477
4.8435	8.2148	0.2536	75.9108	76.3517
4.8440	8.2152	0.2451	76.6938	75.9788
4.8445	8.2159	0.2363	77.4325	75.9396
4.8450	8.2153	0.2393	77.7211	76.0729
4.8455	8.2162	0.2310	76.7876	75.9386
4.8460	8.2169	0.2257	76.4420	76.1308
4.8465	8.2165	0.2276	77.3907	76.5256
4.8470	8.2162	0.2385	76.6183	76.6136
4.8475	8.2151	0.2397	76.5583	76.5190
4.8480	8.2135	0.2535	76.9947	76.1503
4.8485	8.2130	0.2673	77.9684	76.3821
4.8490	8.2147	0.2518	78.2694	76.4850
4.8495	8.2143	0.2523	77.7161	76.1854
4.8500	8.2151	0.2412	77.2561	76.5832
4.8505	8.2161	0.2360	77.4089	76.6266
4.8510	8.2167	0.2301	77.1261	76.4070
4.8515	8.2164	0.2285	75.7329	76.3735
4.8520	8.2166	0.2288	73.0546	76.2213
4.8525	8.2174	0.2243	73.2689	76.4312
4.8530	8.2170	0.2242	74.3182	76.1803
4.8535	8.2175	0.2205	74.4764	75.7001
4.8540	8.2181	0.2172	74.5040	76.0191
4.8545	8.2169	0.2263	75.4826	76.3144
4.8550	8.2155	0.2405	76.6083	76.1163
4.8555	8.2135	0.2537	76.6825	76.0109
4.8560	8.2132	0.2623	76.5198	76.0240
4.8565	8.2127	0.2664	76.9691	76.5234
4.8570	8.2135	0.2647	77.8912	75.9229
4.8575	8.2140	0.2540	77.6602	75.5604
4.8580	8.2163	0.2349	76.5635	75.8521
4.8585	8.2162	0.2369	76.6604	76.2621
4.8590	8.2158	0.2395	76.8665	76.5029
4.8595	8.2154	0.2382	77.2862	76.3687
4.8600	8.2153	0.2457	77.1780	76.4153
4.8605	8.2150	0.2441	77.3419	76.6046
4.8610	8.2155	0.2437	78.1541	76.2126
4.8615	8.2151	0.2374	78.1723	76.0043
4.8620	8.2158	0.2420	77.3143	76.2105
4.8625	8.2153	0.2406	76.5146	76.1094
4.8630	8.2138	0.2546	76.6066	76.4562
4.8635	8.2129	0.2637	74.3467	76.3611
4.8640	8.2135	0.2626	72.7370	76.0729
4.8645	8.2140	0.2561	73.1355	76.0157
4.8650	8.2152	0.2437	74.1014	75.6382
4.8655	8.2157	0.2393	75.0656	75.8086
4.8660	8.2153	0.2408	75.1253	76.1996
4.8665	8.2152	0.2402	75.3217	76.1700
4.8670	8.2141	0.2514	76.2812	76.4998
4.8675	8.2141	0.2522	77.2572	76.6150
4.8680	8.2144	0.2476	77.0124	76.4667
4.8685	8.2161	0.2343	76.7212	76.3811
4.8690	8.2172	0.2227	77.3263	76.0676
4.8695	8.2155	0.2369	78.1409	76.2827
4.8700	8.2144	0.2505	77.2652	76.4277
4.8705	8.2134	0.2649	76.1131	76.4737
4.8710	8.2131	0.2618	76.4870	76.6930
4.8715	8.2141	0.2556	77.7629	76.4629
4.8720	8.2144	0.2513	78.1993	76.1369
4.8725	8.2149	0.2492	77.6160	76.2581
4.8730	8.2151	0.2416	77.6217	76.0646
4.8735	8.2143	0.2495	78.2130	76.2774
4.8740	8.2150	0.2413	78.1429	75.9689
4.8745	8.2148	0.2449	76.7890	75.8150
4.8750	8.2145	0.2480	75.2253	76.2522
4.8755	8.2151	0.2450	74.3736	76.0046
4.8760	8.2149	0.2502	73.4547	75.8221
4.8765	8.2149	0.2477	73.8611	75.8958
4.8770	8.2142	0.2545	73.8105	75.9152
4.8775	8.2130	0.2648	74.7879	76.3039
4.8780	8.2123	0.2677	75.8156	75.7538
4.8785	8.2124	0.2720	76.0757	75.9217
4.8790	8.2127	0.2705	75.9496	76.2836
4.8795	8.2131	0.2642	76.5532	76.3214
4.8800	8.2141	0.2528	77.4197	76.2864
4.8805	8.2155	0.2339	77.4696	76.0215
4.8810	8.2164	0.2340	77.1297	76.0937
4.8815	8.2163	0.2286	76.9815	76.3070
4.8820	8.2154	0.2356	76.3739	75.8617
4.8825	8.2155	0.2405	76.7470	76.2516
4.8830	8.2153	0.2330	76.7634	76.5056
4.8835	8.2163	0.2340	77.1278	76.3660
4.8840	8.2177	0.2163	78.2137	76.5479
4.8845	8.2161	0.2293	78.4313	76.0606
4.8850	8.2143	0.2446	77.9163	75.8598
4.8855	8.2136	0.2555	77.3454	75.8209
4.8860	8.2133	0.2588	77.6182	75.7556
4.8865	8.2140	0.2512	76.8741	76.3059
4.8870	8.2140	0.2530	75.2462	76.4525
4.8875	8.2156	0.2398	73.6107	76.3056
4.8880	8.2158	0.2310	73.2045	76.6559
4.8885	8.2169	0.2216	74.5640	76.3988
4.8890	8.2171	0.2246	74.4426	76.2433
4.8895	8.2166	0.2278	74.5975	76.1405
4.8900	8.2169	0.2175	75.4266	76.1725
4.8905	8.2166	0.2276	76.5978	76.5649
4.8910	8.2173	0.2200	76.6825	76.6403
4.8915	8.2176	0.2219	76.3644	76.4852
4.8920	8.2169	0.2242	76.8686	76.6362
4.8925	8.2169	0.2281	77.7715	76.2448
4.8930	8.2145	0.2472	77.7707	76.1312
4.8935	8.2140	0.2573	75.7702	76.2903
4.8940	8.2143	0.2540	75.6596	76.3706
4.8945	8.2137	0.2616	77.0697	76.3380
4.8950	8.2144	0.2449	77.5901	76.0315
4.8955	8.2160	0.2308	77.4734	76.0556
4.8960	8.2156	0.2319	77.6259	76.1537
4.8965	8.2156	0.2400	78.3123	75.6769
4.8970	8.2154	0.2372	78.3620	75.6828
4.8975	8.2155	0.2361	77.4484	75.9861
4.8980	8.2160	0.2378	76.6518	76.2926
4.8985	8.2165	0.2316	76.4990	76.2474
4.8990	8.2164	0.2300	75.6811	76.0560
4.8995	8.2159	0.2310	73.9674	76.2850
4.9000	8.2148	0.2446	73.0609	76.5922
4.9005	8.2136	0.2532	74.2249	76.3028
4.9010	8.2132	0.2639	74.9780	76.3072
4.9015	8.2140	0.2514	75.1993	76.3116
4.9020	8.2148	0.2490	75.2669	76.3887
4.9025	8.2141	0.2491	76.2668	76.1969
4.9030	8.2143	0.2576	76.9956	75.9466
4.9035	8.2144	0.2534	76.9846	76.1761
4.9040	8.2161	0.2356	76.7127	76.2821
4.9045	8.2171	0.2212	77.3268	76.2950
4.9050	8.2166	0.2309	75.9952	76.3204
4.9055	8.2163	0.2255	75.6231	76.0838
4.9060	8.2175	0.2185	75.9944	76.0457
4.9065	8.2174	0.2166	76.7249	76.2242
4.9070	8.2157	0.2315	77.7717	76.0024
4.9075	8.2143	0.2553	77.9715	76.0802
4.9080	8.2130	0.2655	77.6795	76.0592
4.9085	8.2129	0.2659	77.6624	76.2759
4.9090	8.2128	0.2617	78.1298	76.6075
4.9095	8.2127	0.2688	77.6845	76.3558
4.9100	8.2127	0.2650	76.6142	76.4166
4.9105	8.2141	0.2562	75.5273	76.5170
4.9110	8.2146	0.2508	74.5700	76.1701
4.9115	8.2154	0.2421	74.3239	76.4183
4.9120	8.2157	0.2379	73.7289	76.4013
4.9125	8.2156	0.2374	74.1486	76.2515
4.9130	8.2161	0.2305	75.0601	76.3131
4.9135	8.2155	0.2405	75.9647	76.2603
4.9140	8.2152	0.2375	76.2112	76.6886
4.9145	8.2136	0.2561	76.3218	76.6486
4.9150	8.2122	0.2730	76.8545	76.1140
4.9155	8.2104	0.2885	77.4959	75.9015
4.9160	8.2103	0.2960	77.5932	75.6830
4.9165	8.2110	0.2854	76.1916	76.0573
4.9170	8.2111	0.2836	76.6690	76.0073
4.9175	8.2126	0.2709	76.6911	75.8215
4.9180	8.2139	0.2558	76.6918	76.2922
4.9185	8.2141	0.2567	76.8871	76.2924
4.9190	8.2144	0.2485	77.2700	75.7696
4.9195	8.2152	0.2471	78.0093	75.7836
4.9200	8.2153	0.2397	78.1965	75.6702
4.9205	8.2153	0.2408	77.6369	76.3222
4.9210	8.2157	0.2387	77.3210	76.6737
4.9215	8.2158	0.2294	77.1272	76.6225
4.9220	8.2153	0.2389	76.8006	76.7639
4.9225	8.2140	0.2537	74.6373	76.4118
4.9230	8.2126	0.2676	72.6853	76.1385
4.9235	8.2117	0.2757	73.7028	76.0157
4.9240	8.2127	0.2697	74.4285	75.7729
4.9245	8.2128	0.2667	74.6930	75.8560
4.9250	8.2142	0.2537	74.8263	76.2702
4.9255	8.2145	0.2491	75.8683	76.4495
4.9260	8.2138	0.2584	76.7300	76.4324
4.9265	8.2143	0.2528	76.7994	76.0429
4.9270	8.2152	0.2413	76.5631	75.9207
4.9275	8.2157	0.2433	77.3317	76.0627
4.9280	8.2157	0.2376	77.7856	75.9175
4.9285	8.2165	0.2304	76.8219	76.0186
4.9290	8.2168	0.2275	76.6344	76.4361
4.9295	8.2158	0.2381	76.1874	76.5902
4.9300	8.2150	0.2394	77.1354	76.5623
4.9305	8.2139	0.2548	77.5855	76.2181
4.9310	8.2128	0.2676	77.2869	76.3176
4.9315	8.2145	0.2510	77.5563	76.5687
4.9320	8.2143	0.2538	78.2466	76.1522
4.9325	8.2144	0.2529	78.1283	76.4332
4.9330	8.2153	0.2446	77.1054	76.6691
4.9335	8.2162	0.2270	76.3061	76.3982
4.9340	8.2168	0.2272	76.3554	76.3683
4.9345	8.2162	0.2303	74.1609	76.1874
4.9350	8.2164	0.2327	72.8953	76.3763
4.9355	8.2169	0.2239	73.4042	76.2733
4.9360	8.2174	0.2228	74.5153	75.7387
4.9365	8.2187	0.2088	75.4488	75.9591
4.9370	8.2177	0.2174	75.3345	76.3582
4.9375	8.2159	0.2360	75.4755	76.1590
4.9380	8.2139	0.2525	76.5400	76.0405
4.9385	8.2128	0.2682	77.4009	75.9907
4.9390	8.2131	0.2700	77.1509	76.4977
4.9395	8.2131	0.2650	76.9339	76.0470
4.9400	8.2136	0.2569	77.3821	75.5293
4.9405	8.2150	0.2439	77.4819	75.7884
4.9410	8.2152	0.2420	77.0714	76.2009
4.9415	8.2155	0.2404	76.0945	76.5363
4.9420	8.2154	0.2378	76.6403	76.4289
4.9425	8.2150	0.2412	77.7640	76.4193
4.9430	8.2149	0.2454	77.8893	76.6224
4.9435	8.2155	0.2405	77.6117	76.3206
4.9440	8.2157	0.2360	77.5185	75.9862
4.9445	8.2154	0.2369	77.9204	76.1894
4.9450	8.2150	0.2441	77.1843	76.0705
4.9455	8.2144	0.2574	76.3295	76.3528
4.9460	8.2128	0.2653	74.1232	76.4353
4.9465	8.2131	0.2644	73.0062	76.0822
4.9470	8.2123	0.2705	73.7737	76.0683
4.9475	8.2132	0.2664	73.7810	75.6983
4.9480	8.2143	0.2531	74.2316	75.7624
4.9485	8.2140	0.2527	75.1743	76.1627
4.9490	8.2145	0.2443	76.0546	76.1323
4.9495	8.2143	0.2491	76.1555	76.3903
4.9500	8.2137	0.2567	76.3272	76.6104
4.9505	8.2145	0.2502	76.8664	76.4252
4.9510	8.2161	0.2368	77.6949	76.4096
4.9515	8.2169	0.2243	77.5742	76.0896
4.9520	8.2153	0.2391	77.2225	76.2612
4.9525	8.2138	0.2549	76.8906	76.4308
4.9530	8.2127	0.2703	76.9428	76.4852
4.9535	8.2129	0.2712	77.0240	76.6910
4.9540	8.2138	0.2537	76.9334	76.5661
4.9545	8.2141	0.2543	77.4176	76.1126
4.9550	8.2143	0.2531	78.2763	76.2320
4.9555	8.2140	0.2511	78.3988	76.0428
4.9560	8.2135	0.2576	77.7224	76.2385
4.9565	8.2132	0.2640	77.2461	76.0562
4.9570	8.2134	0.2593	77.3124	75.7998
4.9575	8.2130	0.2603	76.2758	76.2419
4.9580	8.2133	0.2633	74.2918	76.1337
4.9585	8.2137	0.2606	72.6196	75.8145
4.9590	8.2146	0.2493	73.7940	75.9121
4.9595	8.2139	0.2508	74.5828	75.8188
4.9600	8.2130	0.2641	74.7189	76.2519
4.9605	8.2121	0.2691	74.8483	75.8076
4.9610	8.2121	0.2766	75.7840	75.7980
4.9615	8.2123	0.2724	76.7458	76.2978
4.9620	8.2123	0.2734	76.7751	76.3759
4.9625	8.2134	0.2655	76.5618	76.3561
4.9630	8.2148	0.2477	77.0961	76.1374
4.9635	8.2154	0.2425	77.7900	76.0968
4.9640	8.2160	0.2375	77.4878	76.3854
4.9645	8.2157	0.2320	75.7628	75.9215
4.9650	8.2156	0.2404	76.1422	76.1160
4.9655	8.2156	0.2397	77.3855	76.4583
4.9660	8.2162	0.2343	77.6366	76.2844
4.9665	8.2179	0.2120	77.4782	76.5353
4.9670	8.2160	0.2256	77.7378	76.1809
4.9675	8.2149	0.2417	78.4598	75.8932
4.9680	8.2136	0.2544	78.1390	75.9234
4.9685	8.2141	0.2556	77.2146	75.8164
4.9690	8.2149	0.2464	76.3044	76.2491
4.9695	8.2147	0.2490	75.7461	76.5146
4.9700	8.2160	0.2385	74.8003	76.2588
4.9705	8.2161	0.2270	72.9119	76.5937
4.9710	8.2169	0.2298	73.5248	76.4260
4.9715	8.2171	0.2211	74.4596	76.2304
4.9720	8.2165	0.2260	75.3881	76.1631
4.9725	8.2172	0.2166	75.4065	76.1959
4.9730	8.2173	0.2155	75.6187	76.5504
4.9735	8.2180	0.2112	76.5011	76.7339
4.9740	8.2175	0.2163	77.1968	76.5347
4.9745	8.2172	0.2227	77.0920	76.6789
4.9750	8.2164	0.2260	76.8005	76.3234
4.9755	8.2145	0.2494	77.4784	76.1226
4.9760	8.2141	0.2551	76.8138	76.2833
4.9765	8.2137	0.2533	76.0130	76.3140
4.9770	8.2141	0.2577	76.2467	76.3605
4.9775	8.2147	0.2508	76.9001	76.0821
4.9780	8.2152	0.2374	78.0483	76.0173
4.9785	8.2153	0.2415	78.1897	76.2243
4.9790	8.2151	0.2428	77.7336	75.7867
4.9795	8.2152	0.2393	77.6616	75.6888
4.9800	8.2153	0.2404	78.0158	75.9266
4.9805	8.2155	0.2370	77.4869	76.2529
4.9810	8.2160	0.2330	76.2298	76.3181
4.9815	8.2161	0.2292	75.0275	76.0577
4.9820	8.2167	0.2271	74.4405	76.1697
4.9825	8.2152	0.2366	73.7578	76.5764
4.9830	8.2137	0.2598	73.8943	76.3534
4.9835	8.2134	0.2599	74.1089	76.3006
4.9840	8.2138	0.2517	75.1977	76.3154
4.9845	8.2143	0.2476	76.0064	76.4158
4.9850	8.2143	0.2540	76.1179	76.3394
4.9855	8.2135	0.2619	76.0490	75.9942
4.9860	8.2139	0.2589	76.8604	76.1460
4.9865	8.2154	0.2413	77.4003	76.2454
4.9870	8.2166	0.2319	77.5900	76.2393
4.9875	8.2160	0.2326	75.5288	76.3230
4.9880	8.2160	0.2340	75.2329	76.1059
4.9885	8.2170	0.2254	76.6628	76.0103
4.9890	8.2171	0.2186	76.9001	76.2136
4.9895	8.2160	0.2319	76.9847	76.0334
4.9900	8.2144	0.2499	77.4340	76.0734
4.9905	8.2134	0.2592	78.3369	76.1501
4.9910	8.2134	0.2643	78.2539	76.2528
4.9915	8.2132	0.2646	77.5310	76.6233
4.9920	8.2128	0.2654	77.1577	76.4151
4.9925	8.2133	0.2564	77.1950	76.3821
4.9930	8.2144	0.2537	76.3811	76.4963
4.9935	8.2143	0.2554	74.3256	76.1250
4.9940	8.2149	0.2459	73.6660	76.2958
4.9945	8.2152	0.2424	74.0253	76.4589
4.9950	8.2153	0.2408	74.7591	76.2839
4.9955	8.2158	0.2358	74.7576	76.3689
4.9960	8.2161	0.2392	75.0315	76.2864
4.9965	8.2163	0.2311	76.2193	76.6459
4.9970	8.2148	0.2462	76.9914	76.7022
4.9975	8.2130	0.2629	76.8730	76.1637
4.9980	8.2115	0.2823	76.5659	75.9205
4.9985	8.2101	0.2941	77.5555	75.6721
4.9990	8.2108	0.2875	77.0459	75.9808
4.9995	8.2114	0.2821	76.7787	76.0667
