Flexible Shaft
9/10/2026 3:45:01 PM
Sample Rate (Hz) = 2000.00
Effective Sample Rate (Hz) = 2000.00
time (s)	Voltage (V)	Current (A)	Distal Tach (rad/s)	Motor Tach (rad/s)

0.0000	7.1866	0.2393	67.1647	65.6201
0.0005	7.1863	0.2425	67.0706	65.6026
0.0010	7.1859	0.2471	66.8509	65.8179
0.0015	7.1849	0.2464	66.2480	65.8174
0.0020	7.1842	0.2590	66.0490	65.8958
0.0025	7.1828	0.2720	64.6478	65.9798
0.0030	7.1836	0.2659	62.9487	65.5681
0.0035	7.1855	0.2465	63.1542	65.5595
0.0040	7.1859	0.2422	63.3491	65.3759
0.0045	7.1871	0.2274	63.9719	65.1917
0.0050	7.1866	0.2317	64.3981	65.3981
0.0055	7.1866	0.2354	64.9187	65.6767
0.0060	7.1867	0.2388	65.0986	65.6771
0.0065	7.1860	0.2398	65.5181	65.8322
0.0070	7.1858	0.2453	65.9621	66.2156
0.0075	7.1856	0.2438	66.3707	66.0339
0.0080	7.1872	0.2332	66.4268	65.8778
0.0085	7.1876	0.2207	66.5636	65.8161
0.0090	7.1874	0.2253	66.7132	65.4813
0.0095	7.1859	0.2389	67.0331	65.6382
0.0100	7.1847	0.2564	66.6694	65.8713
0.0105	7.1840	0.2666	65.9771	65.9909
0.0110	7.1828	0.2750	66.0315	66.0379
0.0115	7.1844	0.2625	66.3768	66.2289
0.0120	7.1870	0.2321	66.8235	66.0241
0.0125	7.1876	0.2252	66.9716	65.6107
0.0130	7.1885	0.2166	67.1234	65.7645
0.0135	7.1882	0.2185	67.3313	65.4099
0.0140	7.1867	0.2337	67.4214	65.5766
0.0145	7.1863	0.2423	67.1610	65.6802
0.0150	7.1865	0.2375	66.5876	65.4478
0.0155	7.1870	0.2358	66.3997	65.4279
0.0160	7.1863	0.2409	65.2922	65.8096
0.0165	7.1860	0.2400	64.2711	65.7196
0.0170	7.1862	0.2363	62.9580	65.3518
0.0175	7.1869	0.2304	63.4026	65.5437
0.0180	7.1867	0.2292	64.0393	65.2581
0.0185	7.1856	0.2490	64.1108	65.4830
0.0190	7.1842	0.2572	64.2982	65.6506
0.0195	7.1828	0.2716	64.9185	65.3499
0.0200	7.1826	0.2756	65.6347	65.4318
0.0205	7.1833	0.2735	65.8385	65.7519
0.0210	7.1852	0.2568	65.8584	65.9925
0.0215	7.1861	0.2361	66.1458	65.8001
0.0220	7.1872	0.2292	66.6562	65.8775
0.0225	7.1878	0.2226	66.8078	65.4980
0.0230	7.1870	0.2306	66.6017	65.6776
0.0235	7.1869	0.2297	66.6278	65.8118
0.0240	7.1872	0.2282	65.9118	65.5200
0.0245	7.1872	0.2336	65.8715	65.5236
0.0250	7.1869	0.2306	66.0877	65.8711
0.0255	7.1869	0.2375	66.3893	65.7877
0.0260	7.1870	0.2275	67.1309	65.8140
0.0265	7.1878	0.2204	67.4142	65.9893
0.0270	7.1867	0.2332	67.2571	65.6066
0.0275	7.1859	0.2433	67.0202	65.3770
0.0280	7.1848	0.2511	67.3493	65.4238
0.0285	7.1837	0.2652	67.1500	65.3551
0.0290	7.1837	0.2614	66.5710	65.4568
0.0295	7.1843	0.2614	65.3639	65.8475
0.0300	7.1848	0.2519	64.8671	65.8845
0.0305	7.1869	0.2340	64.2671	65.7082
0.0310	7.1872	0.2331	63.0439	65.9922
0.0315	7.1880	0.2219	63.4629	65.9484
0.0320	7.1884	0.2130	63.8992	65.6762
0.0325	7.1872	0.2299	64.7571	65.7409
0.0330	7.1871	0.2281	64.8882	65.6761
0.0335	7.1870	0.2287	64.9642	65.7846
0.0340	7.1872	0.2335	65.4253	66.0194
0.0345	7.1873	0.2268	66.2282	66.2078
0.0350	7.1869	0.2293	66.3865	65.9123
0.0355	7.1865	0.2372	66.1386	66.0201
0.0360	7.1860	0.2446	66.3446	65.9744
0.0365	7.1851	0.2486	66.9540	65.5487
0.0370	7.1842	0.2589	67.0238	65.7115
0.0375	7.1835	0.2664	65.3005	65.7562
0.0380	7.1842	0.2630	65.2045	65.8530
0.0385	7.1852	0.2488	66.1754	65.7286
0.0390	7.1858	0.2446	66.7735	65.6477
0.0395	7.1872	0.2322	66.7265	65.2753
0.0400	7.1876	0.2275	66.7890	65.6273
0.0405	7.1870	0.2285	67.2867	65.6310
0.0410	7.1864	0.2328	67.6072	65.2072
0.0415	7.1867	0.2341	67.2420	65.3545
0.0420	7.1866	0.2348	66.7238	65.5775
0.0425	7.1864	0.2402	66.5916	65.8359
0.0430	7.1864	0.2369	66.4913	65.7742
0.0435	7.1858	0.2398	65.5378	65.7434
0.0440	7.1861	0.2431	64.3736	65.4112
0.0445	7.1863	0.2403	63.7568	65.6037
0.0450	7.1862	0.2407	63.6047	65.9420
0.0455	7.1858	0.2490	63.9826	65.7020
0.0460	7.1852	0.2579	63.9386	65.7361
0.0465	7.1855	0.2478	64.4839	65.8030
0.0470	7.1861	0.2390	65.2825	65.8470
0.0475	7.1871	0.2280	65.5983	65.9290
0.0480	7.1869	0.2336	65.5978	65.7390
0.0485	7.1873	0.2242	65.8267	65.5195
0.0490	7.1869	0.2363	66.4229	65.6015
0.0495	7.1878	0.2219	66.6551	65.6690
0.0500	7.1877	0.2211	66.7080	65.6290
0.0505	7.1879	0.2169	65.9633	65.7413
0.0510	7.1868	0.2261	64.8647	65.7173
0.0515	7.1875	0.2261	65.6989	65.5015
0.0520	7.1876	0.2180	65.6917	65.5540
0.0525	7.1875	0.2213	66.0335	65.7214
0.0530	7.1871	0.2332	66.6045	65.5844
0.0535	7.1853	0.2523	67.3150	65.5510
0.0540	7.1841	0.2548	67.2563	65.6646
0.0545	7.1840	0.2646	66.8956	65.5787
0.0550	7.1841	0.2593	67.1255	65.8842
0.0555	7.1843	0.2512	67.3622	65.9973
0.0560	7.1852	0.2455	66.9967	65.7524
0.0565	7.1864	0.2397	65.9712	65.7521
0.0570	7.1867	0.2323	65.6067	65.8417
0.0575	7.1862	0.2334	64.8599	65.7504
0.0580	7.1856	0.2409	64.2054	65.6680
0.0585	7.1856	0.2443	63.5226	66.0503
0.0590	7.1856	0.2429	63.3902	65.9296
0.0595	7.1862	0.2408	64.3892	65.8913
0.0600	7.1857	0.2385	64.8672	65.9540
0.0605	7.1859	0.2340	64.9863	65.7493
0.0610	7.1866	0.2335	65.0811	65.8992
0.0615	7.1857	0.2388	65.9518	66.0239
0.0620	7.1837	0.2619	66.4279	65.8205
0.0625	7.1834	0.2707	66.4304	65.3891
0.0630	7.1812	0.2868	66.1732	65.3403
0.0635	7.1803	0.2942	66.7804	65.2034
0.0640	7.1816	0.2910	66.4983	65.5588
0.0645	7.1813	0.2949	66.1553	65.7198
0.0650	7.1812	0.2915	65.9828	65.5137
0.0655	7.1838	0.2674	65.5766	65.5884
0.0660	7.1843	0.2550	66.2939	65.9214
0.0665	7.1843	0.2582	66.7313	65.8076
0.0670	7.1838	0.2626	66.5784	65.3556
0.0675	7.1842	0.2626	66.8262	65.3562
0.0680	7.1843	0.2604	67.3641	65.2164
0.0685	7.1842	0.2587	67.4137	65.3714
0.0690	7.1843	0.2566	66.8712	65.9623
0.0695	7.1849	0.2524	66.5883	66.0452
0.0700	7.1848	0.2501	66.4629	66.1070
0.0705	7.1844	0.2546	66.1440	66.2952
0.0710	7.1837	0.2687	64.8976	66.0343
0.0715	7.1825	0.2768	62.9247	65.7403
0.0720	7.1814	0.2879	63.3814	65.6542
0.0725	7.1823	0.2780	63.9095	65.4452
0.0730	7.1825	0.2750	64.0112	65.2952
0.0735	7.1835	0.2723	64.1324	65.4201
0.0740	7.1838	0.2641	64.8917	65.7491
0.0745	7.1825	0.2735	65.5994	65.9158
0.0750	7.1816	0.2838	65.7689	65.9699
0.0755	7.1823	0.2823	65.7339	65.7685
0.0760	7.1843	0.2636	66.2389	65.5158
0.0765	7.1849	0.2534	66.7969	65.4958
0.0770	7.1854	0.2486	66.8649	65.5402
0.0775	7.1861	0.2405	66.4706	65.3551
0.0780	7.1861	0.2436	66.0104	65.3635
0.0785	7.1855	0.2444	66.7109	65.6660
0.0790	7.1854	0.2463	66.2406	65.9889
0.0795	7.1852	0.2518	65.6258	66.0641
0.0800	7.1844	0.2558	66.1909	65.9784
0.0805	7.1830	0.2709	66.9246	65.8525
0.0810	7.1830	0.2804	67.1647	65.8852
0.0815	7.1832	0.2692	66.9410	66.1176
0.0820	7.1841	0.2616	66.9526	65.7045
0.0825	7.1856	0.2531	67.2991	65.8123
0.0830	7.1861	0.2390	67.1704	65.9264
0.0835	7.1870	0.2265	66.4094	65.9028
0.0840	7.1869	0.2357	65.6781	65.7116
0.0845	7.1867	0.2322	65.6494	65.8158
0.0850	7.1861	0.2406	63.8932	65.8206
0.0855	7.1866	0.2402	62.9519	65.9341
0.0860	7.1865	0.2387	63.1741	66.1048
0.0865	7.1868	0.2314	63.8980	65.6275
0.0870	7.1866	0.2319	64.6334	65.4339
0.0875	7.1871	0.2319	64.6501	65.5438
0.0880	7.1860	0.2435	64.7721	65.7994
0.0885	7.1847	0.2564	65.4796	65.4486
0.0890	7.1830	0.2643	66.2238	65.4246
0.0895	7.1824	0.2793	66.2404	65.3566
0.0900	7.1827	0.2762	66.1159	65.6559
0.0905	7.1831	0.2725	66.4579	66.0313
0.0910	7.1834	0.2639	67.1052	65.4714
0.0915	7.1858	0.2492	66.9204	65.3086
0.0920	7.1871	0.2284	66.0932	65.5036
0.0925	7.1873	0.2263	66.1815	65.7691
0.0930	7.1875	0.2248	66.2374	65.8947
0.0935	7.1878	0.2241	66.2957	65.8918
0.0940	7.1871	0.2290	66.3620	65.7314
0.0945	7.1864	0.2366	66.5870	65.7831
0.0950	7.1862	0.2363	67.2578	66.0530
0.0955	7.1869	0.2330	67.3143	65.7480
0.0960	7.1868	0.2299	66.9430	65.6321
0.0965	7.1864	0.2359	66.6605	65.6848
0.0970	7.1860	0.2432	66.7823	65.8668
0.0975	7.1850	0.2552	66.4243	65.7814
0.0980	7.1834	0.2648	65.6042	66.0289
0.0985	7.1833	0.2682	63.2285	65.8053
0.0990	7.1846	0.2595	62.9706	65.5483
0.0995	7.1855	0.2489	63.5475	65.5623
0.1000	7.1869	0.2337	63.6972	65.2834
0.1005	7.1869	0.2338	63.8932	65.2871
0.1010	7.1865	0.2360	64.5175	65.5796
0.1015	7.1857	0.2405	65.2498	65.7318
0.1020	7.1853	0.2468	65.3559	65.7222
0.1025	7.1849	0.2488	65.5486	66.0664
0.1030	7.1853	0.2487	66.0694	66.2239
0.1035	7.1853	0.2439	66.5234	65.9207
0.1040	7.1862	0.2349	66.5620	65.9086
0.1045	7.1871	0.2293	66.5466	65.6754
0.1050	7.1861	0.2408	66.7472	65.5177
0.1055	7.1849	0.2496	67.0811	65.8077
0.1060	7.1842	0.2661	66.3655	65.9653
0.1065	7.1827	0.2723	65.8182	66.0700
0.1070	7.1829	0.2733	66.0450	66.0980
0.1075	7.1851	0.2517	66.6370	66.2695
0.1080	7.1870	0.2310	67.0197	65.7601
0.1085	7.1875	0.2272	66.9334	65.7042
0.1090	7.1888	0.2151	67.1479	65.6671
0.1095	7.1873	0.2241	67.3766	65.4077
0.1100	7.1865	0.2409	67.4353	65.7356
0.1105	7.1858	0.2450	66.7946	65.5917
0.1110	7.1862	0.2366	66.4847	65.4354
0.1115	7.1861	0.2390	65.8044	65.6046
0.1120	7.1858	0.2375	64.9044	65.9265
0.1125	7.1862	0.2455	63.6374	65.5159
0.1130	7.1863	0.2403	62.8552	65.4689
0.1135	7.1868	0.2297	63.6530	65.4639
0.1140	7.1860	0.2428	63.9329	65.2552
0.1145	7.1847	0.2488	64.3262	65.6717
0.1150	7.1834	0.2647	64.5834	65.5027
0.1155	7.1825	0.2788	65.1673	65.3584
0.1160	7.1829	0.2735	65.6766	65.5621
0.1165	7.1843	0.2669	65.9019	65.9564
0.1170	7.1859	0.2452	66.0032	65.9437
0.1175	7.1866	0.2362	66.2965	65.8863
0.1180	7.1877	0.2220	66.6733	65.7638
0.1185	7.1873	0.2253	66.7180	65.4858
0.1190	7.1872	0.2331	66.8128	65.8315
0.1195	7.1875	0.2286	66.2732	65.6906
0.1200	7.1864	0.2323	65.5369	65.4687
0.1205	7.1862	0.2374	66.0330	65.7082
0.1210	7.1864	0.2331	66.3323	65.9379
0.1215	7.1860	0.2451	66.7646	65.7719
0.1220	7.1879	0.2240	67.1482	66.0075
0.1225	7.1871	0.2321	67.3356	65.9092
0.1230	7.1857	0.2418	67.2455	65.4525
0.1235	7.1850	0.2475	67.1555	65.4406
0.1240	7.1840	0.2608	67.1675	65.4404
0.1245	7.1835	0.2669	66.8458	65.3832
0.1250	7.1844	0.2573	66.3319	65.6588
0.1255	7.1850	0.2567	64.9665	65.9220
0.1260	7.1857	0.2432	64.5939	65.7711
0.1265	7.1870	0.2308	63.4791	65.8298
0.1270	7.1876	0.2257	63.3331	66.1157
0.1275	7.1887	0.2170	63.7978	65.8494
0.1280	7.1879	0.2206	64.0337	65.7667
0.1285	7.1869	0.2294	64.6967	65.7613
0.1290	7.1874	0.2236	65.0197	65.7118
0.1295	7.1870	0.2223	65.3532	65.9037
0.1300	7.1877	0.2266	65.6196	66.1591
0.1305	7.1874	0.2263	66.1637	66.1110
0.1310	7.1866	0.2316	66.3274	65.8771
0.1315	7.1864	0.2328	66.4183	66.1441
0.1320	7.1867	0.2348	66.4332	65.7883
0.1325	7.1852	0.2453	66.9141	65.6614
0.1330	7.1844	0.2573	66.3892	65.8191
0.1335	7.1848	0.2558	65.2353	65.8738
0.1340	7.1854	0.2508	65.6565	65.8557
0.1345	7.1858	0.2428	66.1980	65.7322
0.1350	7.1872	0.2361	66.7828	65.4825
0.1355	7.1877	0.2207	66.8785	65.3580
0.1360	7.1872	0.2275	67.0489	65.7814
0.1365	7.1870	0.2275	67.2318	65.3745
0.1370	7.1866	0.2369	67.4821	65.2758
0.1375	7.1867	0.2387	67.1383	65.4882
0.1380	7.1865	0.2390	66.7563	65.7674
0.1385	7.1864	0.2369	66.3313	65.8980
0.1390	7.1859	0.2399	66.0688	65.8284
0.1395	7.1862	0.2436	65.1358	65.6580
0.1400	7.1862	0.2389	64.2359	65.3638
0.1405	7.1861	0.2425	63.4100	65.8524
0.1410	7.1852	0.2450	63.5908	65.8276
0.1415	7.1846	0.2576	64.0939	65.6675
0.1420	7.1842	0.2597	64.3282	65.8084
0.1425	7.1849	0.2518	64.7167	65.8573
0.1430	7.1859	0.2384	65.2839	65.9441
0.1435	7.1863	0.2372	65.6835	65.9546
0.1440	7.1875	0.2281	65.8837	65.6793
0.1445	7.1870	0.2245	65.9699	65.5826
0.1450	7.1872	0.2277	66.4049	65.6992
0.1455	7.1876	0.2248	66.5999	65.6821
0.1460	7.1872	0.2229	66.8327	65.6825
0.1465	7.1874	0.2286	65.3226	65.7714
0.1470	7.1872	0.2307	64.9342	65.5879
0.1475	7.1880	0.2231	65.6072	65.4943
0.1480	7.1874	0.2280	65.9860	65.6702
0.1485	7.1870	0.2312	66.5206	65.7187
0.1490	7.1855	0.2469	66.7049	65.5431
0.1495	7.1846	0.2555	67.1093	65.6835
0.1500	7.1832	0.2673	67.2002	65.6528
0.1505	7.1837	0.2684	67.2278	65.7039
0.1510	7.1838	0.2625	67.1217	66.0213
0.1515	7.1843	0.2558	67.0039	65.8772
0.1520	7.1856	0.2511	66.6131	65.7216
0.1525	7.1860	0.2387	66.0354	65.8262
0.1530	7.1862	0.2371	65.3286	65.8653
0.1535	7.1858	0.2514	64.1971	65.6772
0.1540	7.1853	0.2446	63.9731	65.8303
0.1545	7.1857	0.2424	63.5394	66.1047
0.1550	7.1859	0.2425	63.9308	65.8492
0.1555	7.1865	0.2363	64.3821	65.9939
0.1560	7.1863	0.2388	64.8706	65.8177
0.1565	7.1863	0.2326	65.1800	65.8106
0.1570	7.1866	0.2363	65.5771	66.0006
0.1575	7.1849	0.2512	66.0218	66.0189
0.1580	7.1837	0.2639	66.3482	65.5807
0.1585	7.1823	0.2753	66.4426	65.3835
0.1590	7.1815	0.2929	66.6292	65.2862
0.1595	7.1809	0.2925	66.7324	65.3179
0.1600	7.1818	0.2796	65.9845	65.7164
0.1605	7.1811	0.2879	66.3003	65.6124
0.1610	7.1831	0.2691	65.9871	65.5135
0.1615	7.1846	0.2553	65.7724	65.7669
0.1620	7.1842	0.2547	66.3516	66.0024
0.1625	7.1845	0.2564	66.6749	65.5822
0.1630	7.1839	0.2611	66.8907	65.3442
0.1635	7.1844	0.2568	67.1342	65.3266
0.1640	7.1843	0.2586	67.1751	65.2033
0.1645	7.1844	0.2634	67.2145	65.7014
0.1650	7.1846	0.2560	66.9375	66.0665
0.1655	7.1848	0.2518	66.6734	66.0200
0.1660	7.1848	0.2541	66.0180	66.2129
0.1665	7.1840	0.2602	65.6926	66.2108
0.1670	7.1828	0.2726	64.0750	65.8634
0.1675	7.1820	0.2845	63.0376	65.6987
0.1680	7.1819	0.2824	63.4810	65.5551
0.1685	7.1824	0.2791	63.7777	65.3539
0.1690	7.1830	0.2714	64.2784	65.3214
0.1695	7.1837	0.2622	64.5791	65.5925
0.1700	7.1835	0.2622	65.1102	65.8423
0.1705	7.1822	0.2771	65.5132	65.9655
0.1710	7.1814	0.2879	65.9042	65.9154
0.1715	7.1830	0.2735	66.0626	65.6267
0.1720	7.1849	0.2543	66.4795	65.4704
0.1725	7.1850	0.2473	66.6497	65.5206
0.1730	7.1853	0.2434	66.8876	65.4522
0.1735	7.1861	0.2431	66.2525	65.2968
0.1740	7.1858	0.2449	66.2240	65.5222
0.1745	7.1857	0.2464	66.5137	65.8356
0.1750	7.1848	0.2511	65.7911	66.0731
0.1755	7.1846	0.2564	65.9973	66.0170
0.1760	7.1839	0.2622	66.5483	65.9407
0.1765	7.1827	0.2764	66.9613	65.7905
0.1770	7.1827	0.2756	67.1582	66.0458
0.1775	7.1835	0.2677	67.0209	65.9204
0.1780	7.1844	0.2571	67.1009	65.6420
0.1785	7.1858	0.2462	67.1311	65.8933
0.1790	7.1868	0.2343	66.9068	65.9064
0.1795	7.1870	0.2360	66.1899	65.8148
0.1800	7.1866	0.2355	65.8382	65.7091
0.1805	7.1868	0.2342	64.8244	65.8746
0.1810	7.1867	0.2354	63.1529	65.7890
0.1815	7.1866	0.2351	63.2753	66.0938
0.1820	7.1864	0.2384	63.5273	65.8520
0.1825	7.1864	0.2363	64.1772	65.4554
0.1830	7.1867	0.2358	64.5472	65.4161
0.1835	7.1861	0.2411	64.8994	65.7359
0.1840	7.1844	0.2543	65.2237	65.6660
0.1845	7.1833	0.2685	65.7744	65.3758
0.1850	7.1819	0.2802	66.1636	65.4216
0.1855	7.1820	0.2855	66.3095	65.4369
0.1860	7.1821	0.2797	66.4353	65.9482
0.1865	7.1823	0.2815	66.7414	65.7809
0.1870	7.1834	0.2679	66.9994	65.2705
0.1875	7.1850	0.2458	66.6053	65.3559
0.1880	7.1861	0.2418	66.2832	65.6241
0.1885	7.1858	0.2447	66.3282	65.8989
0.1890	7.1859	0.2413	66.0519	65.8935
0.1895	7.1859	0.2405	66.4502	65.8584
0.1900	7.1851	0.2495	66.6563	65.6483
0.1905	7.1848	0.2515	66.9877	65.9755
0.1910	7.1851	0.2472	67.0772	65.8935
0.1915	7.1859	0.2415	67.1552	65.6265
0.1920	7.1859	0.2393	67.0654	65.6029
0.1925	7.1854	0.2447	66.9496	65.7786
0.1930	7.1854	0.2523	66.3787	65.8451
0.1935	7.1841	0.2637	66.0998	65.9011
0.1940	7.1832	0.2719	64.7746	66.0544
0.1945	7.1836	0.2664	62.9162	65.6154
0.1950	7.1847	0.2547	63.1852	65.6023
0.1955	7.1861	0.2415	63.4275	65.4289
0.1960	7.1874	0.2311	63.9464	65.2076
0.1965	7.1870	0.2304	64.3497	65.3696
0.1970	7.1864	0.2364	64.8913	65.6641
0.1975	7.1863	0.2352	65.0962	65.6605
0.1980	7.1863	0.2401	65.4952	65.8257
0.1985	7.1853	0.2443	65.9359	66.2427
0.1990	7.1861	0.2436	66.4624	66.0699
0.1995	7.1868	0.2309	66.4825	65.8940
0.2000	7.1874	0.2229	66.4707	65.8542
0.2005	7.1874	0.2236	66.6655	65.5207
0.2010	7.1862	0.2365	67.0713	65.6264
0.2015	7.1845	0.2529	66.7834	65.8685
0.2020	7.1839	0.2655	66.0084	66.0136
0.2025	7.1831	0.2660	65.9745	66.0406
0.2030	7.1852	0.2576	66.3669	66.1703
0.2035	7.1867	0.2364	66.8691	66.0610
0.2040	7.1872	0.2279	66.9474	65.6088
0.2045	7.1886	0.2170	67.1026	65.8077
0.2050	7.1889	0.2140	67.3586	65.4503
0.2055	7.1872	0.2264	67.4248	65.5913
0.2060	7.1866	0.2324	67.2058	65.7159
0.2065	7.1869	0.2345	66.6551	65.4713
0.2070	7.1864	0.2331	66.4006	65.4230
0.2075	7.1858	0.2398	65.3862	65.7870
0.2080	7.1859	0.2418	64.4184	65.7663
0.2085	7.1864	0.2399	63.0745	65.3617
0.2090	7.1871	0.2266	63.3261	65.5334
0.2095	7.1867	0.2302	63.8664	65.2891
0.2100	7.1852	0.2448	64.0686	65.4775
0.2105	7.1844	0.2543	64.4897	65.6983
0.2110	7.1827	0.2740	64.9846	65.3862
0.2115	7.1825	0.2798	65.4926	65.4364
0.2120	7.1831	0.2680	65.7654	65.7034
0.2125	7.1846	0.2586	65.9507	65.9995
0.2130	7.1859	0.2390	66.2096	65.8157
0.2135	7.1868	0.2328	66.5577	65.8884
0.2140	7.1872	0.2311	66.7584	65.5399
0.2145	7.1870	0.2331	66.7181	65.6461
0.2150	7.1873	0.2332	66.7404	65.8391
0.2155	7.1870	0.2289	65.8203	65.5591
0.2160	7.1868	0.2353	65.7175	65.5321
0.2165	7.1858	0.2390	66.2182	65.8667
0.2170	7.1863	0.2444	66.5422	65.8305
0.2175	7.1863	0.2380	67.0149	65.8075
0.2180	7.1873	0.2251	67.2574	66.0086
0.2185	7.1864	0.2396	67.3289	65.6409
0.2190	7.1851	0.2496	67.1841	65.3888
0.2195	7.1842	0.2579	67.3092	65.4719
0.2200	7.1831	0.2667	67.0266	65.3742
0.2205	7.1838	0.2655	66.6877	65.4604
0.2210	7.1847	0.2572	65.6072	65.8434
0.2215	7.1851	0.2521	64.7926	65.8878
0.2220	7.1870	0.2369	64.1072	65.7128
0.2225	7.1871	0.2254	63.0771	65.9828
0.2230	7.1880	0.2152	63.6579	65.9904
0.2235	7.1887	0.2160	63.9276	65.7128
0.2240	7.1879	0.2243	64.5195	65.7611
0.2245	7.1872	0.2284	64.8157	65.7033
0.2250	7.1871	0.2322	65.1199	65.7984
0.2255	7.1870	0.2324	65.5371	66.0364
0.2260	7.1874	0.2257	66.0714	66.2298
0.2265	7.1873	0.2298	66.2944	65.9504
0.2270	7.1869	0.2369	66.2638	66.0012
0.2275	7.1861	0.2364	66.4423	66.0487
0.2280	7.1856	0.2457	66.8004	65.5987
0.2285	7.1838	0.2573	66.9778	65.7271
0.2290	7.1838	0.2684	65.5632	65.7773
0.2295	7.1841	0.2590	65.3347	65.8718
0.2300	7.1853	0.2526	66.0593	65.7631
0.2305	7.1855	0.2422	66.6254	65.6771
0.2310	7.1874	0.2287	66.7942	65.3359
0.2315	7.1880	0.2253	66.9134	65.6369
0.2320	7.1871	0.2278	67.2693	65.6869
0.2325	7.1870	0.2321	67.4870	65.2441
0.2330	7.1867	0.2320	67.3085	65.3748
0.2335	7.1867	0.2372	66.8293	65.5705
0.2340	7.1862	0.2357	66.6077	65.8716
0.2345	7.1866	0.2410	66.4038	65.8156
0.2350	7.1862	0.2388	65.6351	65.7970
0.2355	7.1858	0.2388	64.5286	65.4567
0.2360	7.1859	0.2419	63.8307	65.5942
0.2365	7.1860	0.2418	63.4989	65.9696
0.2370	7.1850	0.2449	63.9575	65.7239
0.2375	7.1844	0.2534	64.0471	65.7464
0.2380	7.1849	0.2569	64.4899	65.8451
0.2385	7.1861	0.2406	65.1601	65.8892
0.2390	7.1873	0.2314	65.5743	65.9776
0.2395	7.1874	0.2276	65.7059	65.8255
0.2400	7.1874	0.2252	65.8455	65.5678
0.2405	7.1874	0.2297	66.3893	65.6290
0.2410	7.1878	0.2217	66.5832	65.7152
0.2415	7.1881	0.2254	66.7244	65.6632
0.2420	7.1885	0.2184	66.1549	65.7536
0.2425	7.1881	0.2249	64.8471	65.7321
0.2430	7.1880	0.2217	65.6051	65.5060
0.2435	7.1884	0.2236	65.7362	65.5570
0.2440	7.1874	0.2273	66.1100	65.7375
0.2445	7.1867	0.2349	66.6381	65.6496
0.2450	7.1856	0.2448	67.1510	65.5976
0.2455	7.1848	0.2594	67.2193	65.7114
0.2460	7.1842	0.2620	67.0344	65.6142
0.2465	7.1839	0.2574	67.1934	65.8900
0.2470	7.1848	0.2558	67.3289	66.0280
0.2475	7.1854	0.2489	66.9269	65.7739
0.2480	7.1859	0.2412	66.0589	65.7750
0.2485	7.1866	0.2319	65.7293	65.8798
0.2490	7.1863	0.2371	64.8927	65.8372
0.2495	7.1860	0.2458	64.1756	65.6956
0.2500	7.1859	0.2410	63.5919	66.0468
0.2505	7.1857	0.2440	63.4632	65.9918
0.2510	7.1861	0.2368	64.4173	65.8965
0.2515	7.1861	0.2357	64.7285	65.9623
0.2520	7.1864	0.2384	64.9739	65.7376
0.2525	7.1868	0.2313	65.1607	65.9313
0.2530	7.1860	0.2352	65.9616	66.0960
0.2535	7.1844	0.2601	66.3852	65.9098
0.2540	7.1831	0.2761	66.3794	65.4684
0.2545	7.1813	0.2826	66.2113	65.3928
0.2550	7.1802	0.2978	66.9518	65.2214
0.2555	7.1812	0.2962	66.4434	65.5508
0.2560	7.1811	0.2916	66.0442	65.7276
0.2565	7.1808	0.2897	66.0770	65.5303
0.2570	7.1830	0.2668	65.7361	65.5902
0.2575	7.1840	0.2605	66.3463	65.9494
0.2580	7.1843	0.2643	66.5837	65.8748
0.2585	7.1836	0.2608	66.5444	65.3938
0.2590	7.1838	0.2602	66.9651	65.3608
0.2595	7.1842	0.2576	67.3991	65.2557
0.2600	7.1842	0.2604	67.3495	65.3693
0.2605	7.1843	0.2593	66.8527	65.9774
0.2610	7.1845	0.2555	66.6601	66.0619
0.2615	7.1849	0.2509	66.5904	66.1042
0.2620	7.1845	0.2563	66.0596	66.3143
0.2625	7.1833	0.2716	64.9337	66.0892
0.2630	7.1819	0.2816	63.0970	65.7632
0.2635	7.1819	0.2868	63.4283	65.6525
0.2640	7.1823	0.2806	63.8445	65.4627
0.2645	7.1832	0.2723	63.9025	65.3098
0.2650	7.1838	0.2654	64.1852	65.4250
0.2655	7.1841	0.2604	65.0046	65.7476
0.2660	7.1838	0.2639	65.5546	65.9293
0.2665	7.1824	0.2786	65.6373	66.0109
0.2670	7.1826	0.2731	65.7678	65.8056
0.2675	7.1843	0.2599	66.3485	65.5415
0.2680	7.1848	0.2488	66.7787	65.5286
0.2685	7.1859	0.2399	66.7636	65.5619
0.2690	7.1861	0.2403	66.4789	65.3821
0.2695	7.1863	0.2357	66.0543	65.3753
0.2700	7.1862	0.2426	66.7937	65.6711
0.2705	7.1855	0.2472	66.1233	65.9883
0.2710	7.1847	0.2467	65.5873	66.0851
0.2715	7.1848	0.2525	66.2969	66.0066
0.2720	7.1837	0.2622	66.9248	65.8720
0.2725	7.1828	0.2718	67.1238	65.8847
0.2730	7.1837	0.2642	66.9282	66.1112
0.2735	7.1843	0.2576	66.9815	65.7258
0.2740	7.1858	0.2467	67.3119	65.7675
0.2745	7.1867	0.2387	67.0642	65.9524
0.2750	7.1875	0.2274	66.4348	65.9331
0.2755	7.1874	0.2269	65.7958	65.7621
0.2760	7.1872	0.2201	65.6665	65.8463
0.2765	7.1870	0.2317	63.9201	65.8304
0.2770	7.1874	0.2222	62.9871	65.9150
0.2775	7.1873	0.2278	63.2256	66.1019
0.2780	7.1874	0.2255	63.8311	65.6305
0.2785	7.1876	0.2235	64.5363	65.4269
0.2790	7.1869	0.2300	64.7147	65.5708
0.2795	7.1862	0.2413	64.8682	65.8504
0.2800	7.1846	0.2539	65.4495	65.4987
0.2805	7.1832	0.2678	66.1344	65.4625
0.2810	7.1828	0.2788	66.2617	65.4010
0.2815	7.1825	0.2753	66.2457	65.6635
0.2820	7.1828	0.2752	66.4423	66.0365
0.2825	7.1831	0.2679	66.9832	65.4929
0.2830	7.1856	0.2469	66.9477	65.2889
0.2835	7.1871	0.2312	66.2322	65.4783
0.2840	7.1870	0.2312	66.2374	65.7968
0.2845	7.1873	0.2253	66.1832	65.9227
0.2850	7.1874	0.2243	66.2672	65.9105
0.2855	7.1867	0.2325	66.4845	65.7516
0.2860	7.1864	0.2367	66.6129	65.7614
0.2865	7.1864	0.2329	67.1323	66.0584
0.2870	7.1864	0.2359	67.2891	65.7538
0.2875	7.1873	0.2258	67.0722	65.6438
0.2880	7.1864	0.2346	66.7693	65.7011
0.2885	7.1864	0.2362	66.7430	65.9194
0.2890	7.1851	0.2528	66.3568	65.8459
0.2895	7.1836	0.2636	65.7191	66.0663
0.2900	7.1835	0.2648	63.3328	65.8591
0.2905	7.1846	0.2562	62.9057	65.5462
0.2910	7.1857	0.2442	63.5270	65.5465
0.2915	7.1868	0.2349	63.7566	65.2848
0.2920	7.1874	0.2239	63.9423	65.2692
0.2925	7.1869	0.2333	64.4389	65.5707
0.2930	7.1864	0.2355	65.1704	65.7438
0.2935	7.1855	0.2397	65.4732	65.7379
0.2940	7.1856	0.2471	65.6069	66.1021
0.2945	7.1856	0.2513	65.9693	66.2801
0.2950	7.1857	0.2434	66.5401	65.9499
0.2955	7.1864	0.2383	66.6543	65.9404
0.2960	7.1869	0.2337	66.5356	65.7058
0.2965	7.1868	0.2372	66.6426	65.5348
0.2970	7.1850	0.2493	67.0587	65.7982
0.2975	7.1841	0.2549	66.5159	65.9364
0.2980	7.1832	0.2700	65.8981	66.0466
0.2985	7.1829	0.2764	65.9797	66.0818
0.2990	7.1846	0.2560	66.6601	66.2816
0.2995	7.1863	0.2437	67.0507	65.8216
0.3000	7.1867	0.2304	66.8832	65.7808
0.3005	7.1881	0.2180	67.1529	65.7626
0.3010	7.1870	0.2229	67.4554	65.4876
0.3015	7.1862	0.2429	67.4820	65.7374
0.3020	7.1853	0.2461	66.7741	65.6009
0.3025	7.1858	0.2415	66.4936	65.4162
0.3030	7.1857	0.2477	65.9649	65.5273
0.3035	7.1853	0.2469	64.9867	65.9060
0.3040	7.1851	0.2494	63.6099	65.5222
0.3045	7.1863	0.2358	62.7643	65.4970
0.3050	7.1866	0.2322	63.6560	65.5281
0.3055	7.1860	0.2453	64.0601	65.3275
0.3060	7.1851	0.2530	64.4064	65.7355
0.3065	7.1835	0.2685	64.5667	65.5413
0.3070	7.1820	0.2795	65.1273	65.3648
0.3075	7.1832	0.2800	65.6679	65.4974
0.3080	7.1840	0.2653	65.9163	65.9082
0.3085	7.1857	0.2467	66.0047	65.9084
0.3090	7.1870	0.2327	66.3019	65.8740
0.3095	7.1879	0.2209	66.7434	65.7852
0.3100	7.1880	0.2188	66.7584	65.5381
0.3105	7.1874	0.2251	66.7453	65.8782
0.3110	7.1876	0.2213	66.2604	65.7522
0.3115	7.1870	0.2310	65.5998	65.5402
0.3120	7.1870	0.2378	66.0900	65.7284
0.3125	7.1871	0.2280	66.3190	65.9505
0.3130	7.1867	0.2326	66.7110	65.7474
0.3135	7.1880	0.2238	67.1505	65.9623
0.3140	7.1873	0.2239	67.3564	65.8835
0.3145	7.1857	0.2416	67.2494	65.4710
0.3150	7.1852	0.2466	67.1904	65.4599
0.3155	7.1839	0.2611	67.2158	65.4739
0.3160	7.1836	0.2680	66.8944	65.4162
0.3165	7.1848	0.2611	66.3007	65.7071
0.3170	7.1845	0.2555	64.9750	65.9624
0.3175	7.1860	0.2437	64.6220	65.8023
0.3180	7.1871	0.2265	63.5193	65.8322
0.3185	7.1873	0.2297	63.2966	66.0867
0.3190	7.1883	0.2157	63.7435	65.8101
0.3195	7.1876	0.2228	64.0828	65.7292
0.3200	7.1870	0.2329	64.7512	65.7644
0.3205	7.1877	0.2294	65.0861	65.7552
0.3210	7.1875	0.2283	65.3788	65.9502
0.3215	7.1870	0.2288	65.6204	66.2146
0.3220	7.1875	0.2257	66.1159	66.1594
0.3225	7.1870	0.2309	66.3740	65.9166
0.3230	7.1865	0.2359	66.4918	66.1556
0.3235	7.1852	0.2391	66.4270	65.7808
0.3240	7.1849	0.2520	66.8962	65.6267
0.3245	7.1834	0.2652	66.4589	65.7829
0.3250	7.1840	0.2602	65.3230	65.8491
0.3255	7.1850	0.2526	65.6328	65.8613
0.3260	7.1854	0.2451	66.1130	65.7736
0.3265	7.1866	0.2374	66.8516	65.5416
0.3270	7.1875	0.2258	66.9679	65.4320
0.3275	7.1874	0.2260	67.0582	65.8264
0.3280	7.1872	0.2316	67.2015	65.4029
0.3285	7.1866	0.2339	67.4534	65.2721
0.3290	7.1865	0.2369	67.2420	65.4594
0.3295	7.1863	0.2424	66.7901	65.7426
0.3300	7.1861	0.2405	66.2615	65.8654
0.3305	7.1860	0.2422	66.1040	65.8270
0.3310	7.1858	0.2402	65.2127	65.6689
0.3315	7.1857	0.2393	64.2530	65.4345
0.3320	7.1859	0.2404	63.3307	65.9083
0.3325	7.1857	0.2427	63.5883	65.8869
0.3330	7.1850	0.2554	64.2163	65.7100
0.3335	7.1844	0.2543	64.3505	65.8188
0.3340	7.1850	0.2500	64.6533	65.8536
0.3345	7.1861	0.2403	65.2521	65.9190
0.3350	7.1868	0.2302	65.7343	65.9358
0.3355	7.1872	0.2281	65.9850	65.6737
0.3360	7.1869	0.2280	65.9912	65.5757
0.3365	7.1870	0.2338	66.3794	65.7659
0.3370	7.1875	0.2239	66.6322	65.7381
0.3375	7.1874	0.2290	66.9225	65.7187
0.3380	7.1868	0.2287	65.2939	65.8075
0.3385	7.1872	0.2283	64.8860	65.6234
0.3390	7.1880	0.2254	65.7817	65.5212
0.3395	7.1872	0.2263	66.1035	65.6813
0.3400	7.1870	0.2269	66.3972	65.7146
0.3405	7.1857	0.2446	66.6415	65.5567
0.3410	7.1847	0.2549	67.2314	65.6539
0.3415	7.1830	0.2707	67.3572	65.6283
0.3420	7.1835	0.2684	67.2285	65.7033
0.3425	7.1839	0.2639	66.9825	66.0393
0.3430	7.1849	0.2558	67.0721	65.9186
0.3435	7.1853	0.2499	66.7569	65.7779
0.3440	7.1861	0.2399	66.0171	65.8731
0.3445	7.1864	0.2390	65.2580	65.9307
0.3450	7.1857	0.2453	64.2271	65.7156
0.3455	7.1855	0.2438	64.1295	65.8242
0.3460	7.1858	0.2441	63.5626	66.0843
0.3465	7.1857	0.2402	63.7736	65.8243
0.3470	7.1861	0.2359	64.4094	65.9730
0.3475	7.1863	0.2376	65.0114	65.8158
0.3480	7.1867	0.2331	65.2095	65.8296
0.3485	7.1870	0.2318	65.4982	66.0388
0.3490	7.1856	0.2454	65.9732	66.0993
0.3495	7.1838	0.2608	66.4936	65.6356
0.3500	7.1828	0.2726	66.5279	65.4202
0.3505	7.1818	0.2888	66.4844	65.3095
0.3510	7.1814	0.2865	66.6575	65.3194
0.3515	7.1825	0.2785	66.1121	65.7034
0.3520	7.1815	0.2847	66.4098	65.5800
0.3525	7.1835	0.2697	65.8886	65.4857
0.3530	7.1848	0.2543	65.6713	65.7645
0.3535	7.1844	0.2543	66.5002	66.0045
0.3540	7.1848	0.2511	66.8592	65.6176
0.3545	7.1847	0.2573	66.7815	65.3634
0.3550	7.1851	0.2495	67.0044	65.3474
0.3555	7.1848	0.2540	67.3085	65.2409
0.3560	7.1851	0.2560	67.4153	65.7066
0.3565	7.1847	0.2558	66.8680	66.0694
0.3570	7.1849	0.2502	66.4674	66.0008
0.3575	7.1850	0.2468	66.1427	66.2118
0.3580	7.1844	0.2602	65.9827	66.2042
0.3585	7.1833	0.2680	64.1331	65.8626
0.3590	7.1818	0.2798	62.8392	65.7034
0.3595	7.1822	0.2797	63.5233	65.5896
0.3600	7.1835	0.2746	64.0084	65.3769
0.3605	7.1829	0.2729	64.3220	65.3510
0.3610	7.1841	0.2612	64.4472	65.6207
0.3615	7.1839	0.2644	65.1064	65.8648
0.3620	7.1827	0.2762	65.6929	65.9798
0.3625	7.1815	0.2830	65.9712	65.9202
0.3630	7.1829	0.2751	65.9807	65.6125
0.3635	7.1843	0.2599	66.4419	65.4618
0.3640	7.1849	0.2532	66.7803	65.5325
0.3645	7.1856	0.2457	66.9713	65.4642
0.3650	7.1863	0.2434	66.2897	65.3199
0.3655	7.1861	0.2425	66.2264	65.5407
0.3660	7.1855	0.2478	66.5842	65.8757
0.3665	7.1850	0.2499	65.8866	66.0919
0.3670	7.1847	0.2519	65.9997	66.0346
0.3675	7.1839	0.2619	66.5263	65.9564
0.3680	7.1827	0.2758	67.0041	65.7906
0.3685	7.1830	0.2726	67.2202	66.0396
0.3690	7.1835	0.2719	67.0232	65.8949
0.3695	7.1842	0.2579	67.0807	65.6445
0.3700	7.1856	0.2431	67.1540	65.9117
0.3705	7.1867	0.2326	66.9732	65.9419
0.3710	7.1874	0.2260	66.1923	65.8473
0.3715	7.1874	0.2284	65.7758	65.7447
0.3720	7.1876	0.2258	64.8124	65.8848
0.3725	7.1873	0.2263	63.2359	65.7908
0.3730	7.1871	0.2290	63.3050	66.1018
0.3735	7.1871	0.2292	63.5010	65.8419
0.3740	7.1874	0.2290	64.1782	65.4560
0.3745	7.1872	0.2284	64.6361	65.4022
0.3750	7.1864	0.2351	64.9478	65.7409
0.3755	7.1854	0.2461	65.1889	65.6889
0.3760	7.1847	0.2614	65.7743	65.4052
0.3765	7.1828	0.2725	66.2399	65.4446
0.3770	7.1826	0.2745	66.3853	65.4501
0.3775	7.1826	0.2772	66.4096	65.9588
0.3780	7.1829	0.2756	66.6847	65.7932
0.3785	7.1840	0.2683	67.0601	65.2703
0.3790	7.1860	0.2454	66.6684	65.3606
0.3795	7.1864	0.2371	66.2565	65.5994
0.3800	7.1872	0.2357	66.1999	65.8690
0.3805	7.1870	0.2284	66.0791	65.8861
0.3810	7.1868	0.2334	66.5835	65.8643
0.3815	7.1860	0.2384	66.6218	65.6941
0.3820	7.1857	0.2421	66.8296	66.0199
0.3825	7.1862	0.2416	67.1339	65.9551
0.3830	7.1867	0.2334	67.3924	65.6803
0.3835	7.1865	0.2372	67.0265	65.6299
0.3840	7.1858	0.2405	66.7123	65.8023
0.3845	7.1853	0.2457	66.3485	65.8127
0.3850	7.1841	0.2636	66.3078	65.8739
0.3855	7.1829	0.2737	64.7641	66.0132
0.3860	7.1837	0.2649	62.7063	65.5967
0.3865	7.1854	0.2494	63.1638	65.5841
0.3870	7.1858	0.2427	63.6934	65.4498
0.3875	7.1871	0.2269	64.0404	65.2492
0.3880	7.1871	0.2283	64.0921	65.4423
0.3885	7.1866	0.2366	64.7744	65.7557
0.3890	7.1865	0.2391	65.3272	65.7571
0.3895	7.1859	0.2396	65.7707	65.8657
0.3900	7.1857	0.2488	65.8497	66.2418
0.3905	7.1859	0.2463	66.1197	66.0323
0.3910	7.1868	0.2387	66.4678	65.8570
0.3915	7.1875	0.2301	66.7323	65.8449
0.3920	7.1873	0.2242	66.7783	65.5446
0.3925	7.1862	0.2363	66.9704	65.6959
0.3930	7.1846	0.2538	66.6813	65.9116
0.3935	7.1834	0.2638	66.0882	66.0622
0.3940	7.1830	0.2719	66.0544	66.0761
0.3945	7.1838	0.2622	66.3071	66.2217
0.3950	7.1864	0.2366	66.8717	66.0732
0.3955	7.1875	0.2239	67.0671	65.6011
0.3960	7.1887	0.2121	67.1519	65.7913
0.3965	7.1889	0.2063	67.3145	65.4436
0.3970	7.1870	0.2277	67.4188	65.5995
0.3975	7.1859	0.2355	67.2554	65.7221
0.3980	7.1867	0.2343	66.7156	65.5015
0.3985	7.1866	0.2348	66.3260	65.4521
0.3990	7.1861	0.2384	65.3225	65.8443
0.3995	7.1866	0.2375	64.3937	65.7932
0.4000	7.1862	0.2377	63.0375	65.3719
0.4005	7.1870	0.2318	63.2809	65.5526
0.4010	7.1862	0.2381	63.8789	65.2900
0.4015	7.1852	0.2463	64.2631	65.4260
0.4020	7.1839	0.2617	64.5406	65.6708
0.4025	7.1823	0.2778	64.8208	65.3708
0.4030	7.1826	0.2837	65.3818	65.4078
0.4035	7.1830	0.2697	65.8805	65.6723
0.4040	7.1842	0.2580	66.1016	66.0254
0.4045	7.1856	0.2448	66.2153	65.8760
0.4050	7.1873	0.2303	66.4483	65.9128
0.4055	7.1875	0.2252	66.7141	65.5768
0.4060	7.1870	0.2311	66.8241	65.7014
0.4065	7.1870	0.2337	66.7495	65.8170
0.4070	7.1869	0.2305	65.7074	65.5450
0.4075	7.1860	0.2419	65.8144	65.5254
0.4080	7.1865	0.2372	66.3268	65.8541
0.4085	7.1853	0.2421	66.4881	65.8388
0.4090	7.1869	0.2359	66.8873	65.8627
0.4095	7.1877	0.2264	67.2521	66.0658
0.4100	7.1858	0.2353	67.5160	65.6955
0.4105	7.1856	0.2470	67.2598	65.4202
0.4110	7.1848	0.2525	67.1820	65.4656
0.4115	7.1837	0.2611	66.9624	65.3907
0.4120	7.1838	0.2639	66.7650	65.4840
0.4125	7.1843	0.2603	65.6145	65.7656
0.4130	7.1847	0.2528	64.6812	65.8374
0.4135	7.1870	0.2351	64.0607	65.7479
0.4140	7.1873	0.2275	63.2501	66.0249
0.4145	7.1878	0.2236	63.7314	66.0376
0.4150	7.1885	0.2211	63.8013	65.7498
0.4155	7.1870	0.2269	64.4470	65.8111
0.4160	7.1871	0.2298	64.9747	65.7205
0.4165	7.1873	0.2251	65.3111	65.8061
0.4170	7.1875	0.2247	65.4212	65.9753
0.4175	7.1875	0.2257	65.8990	66.1656
0.4180	7.1872	0.2276	66.3632	65.9440
0.4185	7.1868	0.2353	66.4752	66.0383
0.4190	7.1862	0.2378	66.4483	66.0852
0.4195	7.1857	0.2450	66.6269	65.6424
0.4200	7.1841	0.2558	66.9308	65.7920
0.4205	7.1847	0.2611	65.6829	65.8350
0.4210	7.1847	0.2499	65.3743	65.9082
0.4215	7.1854	0.2518	65.9122	65.7532
0.4220	7.1864	0.2453	66.6036	65.6400
0.4225	7.1870	0.2269	67.0025	65.3110
0.4230	7.1877	0.2210	66.9905	65.6421
0.4235	7.1870	0.2284	67.0706	65.6585
0.4240	7.1866	0.2342	67.3906	65.2482
0.4245	7.1868	0.2354	67.4477	65.4076
0.4250	7.1864	0.2363	67.0034	65.6276
0.4255	7.1859	0.2382	66.4677	65.9228
0.4260	7.1862	0.2375	66.2284	65.8749
0.4265	7.1857	0.2435	65.7208	65.8240
0.4270	7.1860	0.2412	64.6380	65.4802
0.4275	7.1864	0.2384	63.6515	65.6155
0.4280	7.1858	0.2419	63.3505	65.9465
0.4285	7.1854	0.2469	64.0257	65.6919
0.4290	7.1844	0.2539	64.2457	65.7442
0.4295	7.1851	0.2586	64.5469	65.8461
0.4300	7.1859	0.2399	65.0196	65.9078
0.4305	7.1863	0.2325	65.5233	66.0312
0.4310	7.1869	0.2340	65.8632	65.8712
0.4315	7.1877	0.2251	65.9656	65.6169
0.4320	7.1872	0.2295	66.3123	65.6680
0.4325	7.1879	0.2255	66.5118	65.7379
0.4330	7.1874	0.2239	66.8213	65.6410
0.4335	7.1879	0.2223	66.1985	65.7442
0.4340	7.1869	0.2290	64.7851	65.7313
0.4345	7.1877	0.2251	65.4841	65.5277
0.4350	7.1880	0.2154	65.7820	65.6014
0.4355	7.1872	0.2233	66.2887	65.7537
0.4360	7.1870	0.2322	66.6302	65.6662
0.4365	7.1855	0.2430	67.0600	65.6487
0.4370	7.1843	0.2587	67.2071	65.7352
0.4375	7.1839	0.2610	67.2294	65.6412
0.4380	7.1843	0.2631	67.2367	65.9060
0.4385	7.1846	0.2559	67.1117	66.0220
0.4390	7.1856	0.2475	66.8860	65.7940
0.4395	7.1861	0.2420	66.2111	65.7984
0.4400	7.1865	0.2343	65.8058	65.9128
0.4405	7.1858	0.2391	64.6867	65.8457
0.4410	7.1862	0.2457	64.0423	65.7272
0.4415	7.1860	0.2425	63.7070	66.1074
0.4420	7.1856	0.2425	63.5894	65.9928
0.4425	7.1859	0.2431	64.3188	65.9278
0.4430	7.1864	0.2401	64.6490	65.9732
0.4435	7.1857	0.2399	65.0696	65.7743
0.4440	7.1864	0.2329	65.3830	65.9443
0.4445	7.1854	0.2402	65.9158	66.0928
0.4450	7.1836	0.2567	66.1920	65.8774
0.4455	7.1831	0.2731	66.4492	65.4462
0.4460	7.1814	0.2853	66.4016	65.3935
0.4465	7.1805	0.3039	66.9199	65.2488
0.4470	7.1813	0.2888	66.3125	65.6028
0.4475	7.1811	0.2915	66.0798	65.7471
0.4480	7.1811	0.2947	66.2351	65.5634
0.4485	7.1835	0.2679	65.7564	65.6158
0.4490	7.1839	0.2611	66.1466	65.9713
0.4495	7.1840	0.2615	66.5458	65.8478
0.4500	7.1834	0.2633	66.6985	65.3844
0.4505	7.1840	0.2647	67.0921	65.3788
0.4510	7.1840	0.2582	67.2796	65.2319
0.4515	7.1840	0.2608	67.2691	65.4135
0.4520	7.1841	0.2649	66.9654	66.0127
0.4525	7.1842	0.2540	66.7133	66.0942
0.4530	7.1845	0.2579	66.4873	66.1460
0.4535	7.1838	0.2564	66.0378	66.3259
0.4540	7.1831	0.2710	64.9392	66.0650
0.4545	7.1820	0.2818	63.1100	65.7667
0.4550	7.1818	0.2868	63.3679	65.6549
0.4555	7.1826	0.2770	63.7549	65.4547
0.4560	7.1828	0.2747	64.0460	65.3325
0.4565	7.1835	0.2641	64.3355	65.4654
0.4570	7.1841	0.2560	64.9242	65.7922
0.4575	7.1837	0.2635	65.4218	65.9581
0.4580	7.1822	0.2791	65.7447	66.0064
0.4585	7.1824	0.2773	65.9363	65.7925
0.4590	7.1846	0.2543	66.3564	65.5545
0.4595	7.1857	0.2478	66.6467	65.5344
0.4600	7.1857	0.2458	66.7393	65.5664
0.4605	7.1860	0.2393	66.6242	65.3809
0.4610	7.1858	0.2399	66.1737	65.4275
0.4615	7.1862	0.2391	66.6327	65.7152
0.4620	7.1852	0.2445	66.0466	66.0291
0.4625	7.1854	0.2483	65.7120	66.0645
0.4630	7.1850	0.2519	66.3817	66.0059
0.4635	7.1842	0.2661	66.8716	65.8812
0.4640	7.1833	0.2701	67.0770	65.9169
0.4645	7.1842	0.2604	67.0153	66.1122
0.4650	7.1848	0.2556	67.0494	65.7446
0.4655	7.1854	0.2450	67.2722	65.8616
0.4660	7.1863	0.2346	67.0586	65.9705
0.4665	7.1868	0.2295	66.4818	65.9529
0.4670	7.1872	0.2272	65.8562	65.7542
0.4675	7.1877	0.2239	65.5839	65.8536
0.4680	7.1875	0.2290	63.7377	65.8458
0.4685	7.1872	0.2267	63.0481	65.9668
0.4690	7.1873	0.2236	63.3210	66.1256
0.4695	7.1870	0.2281	63.9304	65.6216
0.4700	7.1876	0.2272	64.5383	65.4960
0.4705	7.1869	0.2269	64.7005	65.6557
0.4710	7.1855	0.2395	64.9123	65.8679
0.4715	7.1844	0.2537	65.5093	65.4619
0.4720	7.1834	0.2730	66.1789	65.3981
0.4725	7.1822	0.2767	66.2509	65.4415
0.4730	7.1822	0.2786	66.2733	65.7029
0.4735	7.1824	0.2724	66.5659	66.0550
0.4740	7.1828	0.2746	66.9780	65.4755
0.4745	7.1852	0.2537	66.8569	65.4018
0.4750	7.1862	0.2387	66.3047	65.5601
0.4755	7.1864	0.2352	66.3547	65.8295
0.4760	7.1872	0.2341	66.1631	65.9223
0.4765	7.1870	0.2322	66.1743	65.9133
0.4770	7.1864	0.2357	66.4938	65.7577
0.4775	7.1861	0.2455	66.7995	65.8081
0.4780	7.1858	0.2421	67.1990	66.0857
0.4785	7.1863	0.2367	67.2189	65.7845
0.4790	7.1860	0.2348	67.0538	65.7025
0.4795	7.1858	0.2407	66.8622	65.7152
0.4800	7.1858	0.2428	66.7637	65.9431
0.4805	7.1852	0.2515	66.2440	65.8420
0.4810	7.1833	0.2667	65.5954	66.0190
0.4815	7.1830	0.2724	63.3805	65.8461
0.4820	7.1846	0.2540	63.0266	65.5754
0.4825	7.1861	0.2404	63.4641	65.5693
0.4830	7.1870	0.2334	63.6801	65.3210
0.4835	7.1875	0.2251	64.0072	65.3473
0.4840	7.1872	0.2360	64.6213	65.6765
0.4845	7.1861	0.2365	65.1645	65.7426
0.4850	7.1857	0.2420	65.3986	65.7817
0.4855	7.1854	0.2467	65.6894	66.0634
0.4860	7.1852	0.2449	66.0959	66.2198
0.4865	7.1859	0.2461	66.5326	65.9244
0.4870	7.1865	0.2369	66.6042	65.9515
0.4875	7.1871	0.2220	66.5894	65.7540
0.4880	7.1867	0.2311	66.7691	65.6563
0.4885	7.1856	0.2453	67.0529	65.8987
0.4890	7.1844	0.2556	66.3849	66.0063
0.4895	7.1835	0.2656	65.9257	66.0758
0.4900	7.1831	0.2713	66.0791	66.0515
0.4905	7.1849	0.2484	66.6569	66.2669
0.4910	7.1866	0.2382	67.0342	65.7308
0.4915	7.1876	0.2243	67.0005	65.7794
0.4920	7.1885	0.2191	67.2009	65.7804
0.4925	7.1873	0.2298	67.4014	65.6021
0.4930	7.1858	0.2438	67.4605	65.8017
0.4935	7.1852	0.2482	66.8314	65.6015
0.4940	7.1861	0.2419	66.5454	65.4714
0.4945	7.1855	0.2461	65.8896	65.5109
0.4950	7.1850	0.2514	64.8930	65.8868
0.4955	7.1855	0.2417	63.6019	65.4885
0.4960	7.1863	0.2428	62.8733	65.4876
0.4965	7.1869	0.2351	63.7515	65.5044
0.4970	7.1855	0.2477	64.1638	65.3524
0.4975	7.1843	0.2540	64.4114	65.7988
0.4980	7.1832	0.2681	64.5262	65.5116
0.4985	7.1819	0.2793	65.1318	65.4069
0.4990	7.1831	0.2748	65.7801	65.5130
0.4995	7.1839	0.2640	66.0615	65.9431
0.5000	7.1856	0.2437	66.0602	65.9113
0.5005	7.1867	0.2308	66.2558	65.9037
0.5010	7.1882	0.2196	66.7453	65.7473
0.5015	7.1876	0.2245	66.8279	65.5754
0.5020	7.1881	0.2233	66.8146	65.9045
0.5025	7.1878	0.2177	66.1801	65.7256
0.5030	7.1873	0.2251	65.6139	65.5417
0.5035	7.1871	0.2269	66.1916	65.7412
0.5040	7.1871	0.2223	66.3685	65.9473
0.5045	7.1873	0.2307	66.7086	65.7632
0.5050	7.1888	0.2159	67.1631	66.0001
0.5055	7.1871	0.2239	67.4590	65.8866
0.5060	7.1864	0.2340	67.3108	65.4761
0.5065	7.1855	0.2440	67.1578	65.4703
0.5070	7.1840	0.2593	67.1473	65.4735
0.5075	7.1837	0.2634	66.9273	65.4503
0.5080	7.1848	0.2575	66.2947	65.7013
0.5085	7.1848	0.2532	64.9056	65.9185
0.5090	7.1864	0.2406	64.5739	65.7949
0.5095	7.1871	0.2292	63.4751	65.8593
0.5100	7.1878	0.2287	63.4126	66.0864
0.5105	7.1888	0.2158	63.7568	65.8011
0.5110	7.1873	0.2269	64.1264	65.7683
0.5115	7.1869	0.2335	64.8492	65.7877
0.5120	7.1873	0.2257	65.1165	65.7754
0.5125	7.1871	0.2287	65.3345	65.9513
0.5130	7.1871	0.2316	65.6614	66.2044
0.5135	7.1873	0.2303	66.2655	66.1330
0.5140	7.1865	0.2360	66.4511	65.9229
0.5145	7.1863	0.2397	66.4429	66.1723
0.5150	7.1852	0.2437	66.3715	65.7435
0.5155	7.1849	0.2509	67.0510	65.6597
0.5160	7.1835	0.2656	66.4345	65.7978
0.5165	7.1843	0.2617	65.1881	65.9019
0.5170	7.1850	0.2506	65.6114	65.8465
0.5175	7.1850	0.2472	66.3434	65.7415
0.5180	7.1857	0.2406	67.0127	65.4669
0.5185	7.1870	0.2288	66.8858	65.4230
0.5190	7.1868	0.2329	66.9214	65.8350
0.5195	7.1867	0.2340	67.3409	65.3666
0.5200	7.1866	0.2398	67.6810	65.3090
0.5205	7.1859	0.2384	67.0979	65.5171
0.5210	7.1859	0.2387	66.6094	65.8022
0.5215	7.1858	0.2445	66.4088	65.8803
0.5220	7.1853	0.2511	66.2255	65.8462
0.5225	7.1850	0.2470	65.0868	65.6226
0.5230	7.1856	0.2423	63.9888	65.4608
0.5235	7.1853	0.2452	63.3545	65.9335
0.5240	7.1852	0.2505	63.9308	65.8526
0.5245	7.1842	0.2587	64.1782	65.7039
0.5250	7.1850	0.2590	64.1860	65.8343
0.5255	7.1848	0.2434	64.7008	65.8739
0.5260	7.1866	0.2379	65.5500	65.9613
0.5265	7.1862	0.2375	65.8562	65.9527
0.5270	7.1868	0.2276	65.7649	65.6730
0.5275	7.1870	0.2282	65.9543	65.6024
0.5280	7.1870	0.2284	66.6159	65.7330
0.5285	7.1873	0.2244	66.7738	65.6979
0.5290	7.1876	0.2217	66.7385	65.7043
0.5295	7.1870	0.2278	65.0479	65.7978
0.5300	7.1869	0.2281	65.1532	65.6010
0.5305	7.1880	0.2204	65.9639	65.5383
0.5310	7.1874	0.2257	65.9434	65.6865
0.5315	7.1864	0.2340	66.3149	65.7170
0.5320	7.1856	0.2452	66.8615	65.5709
0.5325	7.1845	0.2585	67.4843	65.6903
0.5330	7.1836	0.2668	67.2257	65.6696
0.5335	7.1834	0.2655	66.9907	65.7687
0.5340	7.1841	0.2602	67.1739	66.0767
0.5345	7.1846	0.2510	67.3130	65.8944
0.5350	7.1854	0.2472	66.6242	65.7669
0.5355	7.1862	0.2346	65.8112	65.8577
0.5360	7.1864	0.2343	65.1913	65.8922
0.5365	7.1863	0.2404	64.4331	65.6915
0.5370	7.1859	0.2393	64.1036	65.8548
0.5375	7.1859	0.2413	63.3262	66.0953
0.5380	7.1859	0.2432	63.9268	65.8674
0.5385	7.1864	0.2390	64.6130	66.0222
0.5390	7.1861	0.2403	65.0873	65.8386
0.5395	7.1868	0.2337	65.1357	65.8837
0.5400	7.1868	0.2327	65.5357	66.0665
0.5405	7.1853	0.2477	66.2167	66.0533
0.5410	7.1841	0.2651	66.5614	65.5584
0.5415	7.1824	0.2752	66.3560	65.3919
0.5420	7.1809	0.2918	66.5989	65.2545
0.5425	7.1814	0.2940	66.6859	65.3418
0.5430	7.1820	0.2816	66.1853	65.7489
0.5435	7.1816	0.2870	66.5053	65.6139
0.5440	7.1836	0.2740	65.7566	65.5641
0.5445	7.1845	0.2546	65.8323	65.8384
0.5450	7.1851	0.2534	66.6539	66.0151
0.5455	7.1846	0.2558	66.8012	65.5590
0.5460	7.1847	0.2554	66.7359	65.3404
0.5465	7.1851	0.2526	67.0623	65.2806
0.5470	7.1850	0.2543	67.4780	65.2050
0.5475	7.1847	0.2540	67.4190	65.7468
0.5480	7.1847	0.2537	66.7205	66.0885
0.5485	7.1856	0.2464	66.4732	66.0604
0.5490	7.1853	0.2459	66.2482	66.2776
0.5495	7.1843	0.2548	65.9036	66.2363
0.5500	7.1831	0.2705	63.7394	65.8734
0.5505	7.1826	0.2779	62.8577	65.7125
0.5510	7.1826	0.2760	63.6860	65.5718
0.5515	7.1832	0.2626	64.1459	65.3544
0.5520	7.1833	0.2669	64.2744	65.3351
0.5525	7.1839	0.2594	64.4419	65.6237
0.5530	7.1831	0.2632	65.2349	65.8661
0.5535	7.1821	0.2782	65.8025	65.9900
0.5540	7.1817	0.2858	65.9661	65.9113
0.5545	7.1829	0.2741	65.9837	65.6427
0.5550	7.1847	0.2546	66.5276	65.5193
0.5555	7.1849	0.2515	66.8576	65.5916
0.5560	7.1861	0.2387	66.9579	65.4783
0.5565	7.1862	0.2417	66.1026	65.3243
0.5570	7.1858	0.2452	66.3239	65.5371
0.5575	7.1855	0.2455	66.6102	65.8563
0.5580	7.1851	0.2506	65.8673	66.0647
0.5585	7.1851	0.2519	65.9899	66.0028
0.5590	7.1838	0.2570	66.5688	65.9566
0.5595	7.1826	0.2716	67.1238	65.8295
0.5600	7.1828	0.2742	67.2855	66.1053
0.5605	7.1838	0.2626	66.9415	65.9099
0.5610	7.1849	0.2523	67.0581	65.7134
0.5615	7.1862	0.2418	67.2160	65.9544
0.5620	7.1870	0.2307	67.0270	65.9369
0.5625	7.1874	0.2257	66.0772	65.8108
0.5630	7.1877	0.2236	65.6724	65.7227
0.5635	7.1870	0.2282	64.6636	65.8562
0.5640	7.1874	0.2287	63.2980	65.7904
0.5645	7.1874	0.2244	63.3488	66.1278
0.5650	7.1871	0.2309	63.4124	65.8398
0.5655	7.1870	0.2284	64.2337	65.4962
0.5660	7.1874	0.2287	64.8096	65.5255
0.5665	7.1863	0.2360	65.0338	65.8265
0.5670	7.1849	0.2481	65.1223	65.6792
0.5675	7.1842	0.2610	65.7586	65.3473
0.5680	7.1825	0.2760	66.3907	65.4141
0.5685	7.1827	0.2758	66.5030	65.4292
0.5690	7.1828	0.2720	66.3278	65.9645
0.5695	7.1829	0.2717	66.6171	65.7393
0.5700	7.1847	0.2602	67.1338	65.2965
0.5705	7.1868	0.2319	66.7618	65.4651
0.5710	7.1869	0.2320	66.2328	65.6856
0.5715	7.1878	0.2244	66.0548	65.9369
0.5720	7.1877	0.2235	66.1345	65.8960
0.5725	7.1875	0.2282	66.7067	65.8595
0.5730	7.1865	0.2349	66.6267	65.6619
0.5735	7.1864	0.2380	66.8272	65.9827
0.5740	7.1862	0.2335	67.1912	65.8906
0.5745	7.1870	0.2259	67.4658	65.7000
0.5750	7.1865	0.2291	66.9820	65.6771
0.5755	7.1862	0.2349	66.6307	65.8654
0.5760	7.1856	0.2410	66.3370	65.8763
0.5765	7.1842	0.2561	66.3556	65.9095
0.5770	7.1835	0.2681	64.4844	66.0132
0.5775	7.1843	0.2648	62.6400	65.6011
0.5780	7.1856	0.2478	63.2105	65.5812
0.5785	7.1861	0.2344	63.7489	65.4001
0.5790	7.1874	0.2267	64.1310	65.2218
0.5795	7.1873	0.2257	64.1400	65.4619
0.5800	7.1869	0.2331	64.8262	65.7377
0.5805	7.1861	0.2419	65.4286	65.7412
0.5810	7.1857	0.2431	65.7342	65.9291
0.5815	7.1853	0.2459	65.8339	66.2496
0.5820	7.1856	0.2417	66.3147	66.0893
0.5825	7.1871	0.2317	66.6047	65.9468
0.5830	7.1880	0.2227	66.7502	65.8803
0.5835	7.1875	0.2207	66.7427	65.5910
0.5840	7.1864	0.2330	66.9629	65.7470
0.5845	7.1851	0.2558	66.6654	65.8908
0.5850	7.1838	0.2676	66.0604	66.0656
0.5855	7.1829	0.2706	66.0631	66.0218
0.5860	7.1849	0.2592	66.4642	66.2434
0.5865	7.1864	0.2320	66.9433	66.0481
0.5870	7.1871	0.2328	66.9746	65.6539
0.5875	7.1886	0.2177	67.1065	65.8877
0.5880	7.1883	0.2216	67.3672	65.6142
0.5885	7.1872	0.2269	67.5414	65.7552
0.5890	7.1866	0.2340	67.1766	65.6787
0.5895	7.1872	0.2300	66.5779	65.4993
0.5900	7.1868	0.2323	66.2820	65.4002
0.5905	7.1861	0.2395	65.2975	65.7402
0.5910	7.1861	0.2387	64.2950	65.7359
0.5915	7.1859	0.2413	62.9395	65.3997
0.5920	7.1871	0.2308	63.3766	65.6371
0.5925	7.1870	0.2331	63.9671	65.3115
0.5930	7.1854	0.2440	64.3114	65.6372
0.5935	7.1842	0.2550	64.4872	65.6983
0.5940	7.1826	0.2721	64.8779	65.3676
0.5945	7.1829	0.2738	65.5734	65.4410
0.5950	7.1834	0.2700	65.9711	65.7405
0.5955	7.1849	0.2534	66.0245	66.0062
0.5960	7.1863	0.2379	66.1472	65.8500
0.5965	7.1875	0.2245	66.5629	65.9090
0.5970	7.1875	0.2228	66.8029	65.5626
0.5975	7.1870	0.2283	66.7874	65.7977
0.5980	7.1877	0.2254	66.6693	65.8648
0.5985	7.1874	0.2239	65.7480	65.5875
0.5990	7.1870	0.2356	65.8514	65.5956
0.5995	7.1870	0.2295	66.2483	65.9209
0.6000	7.1866	0.2388	66.6072	65.8268
0.6005	7.1873	0.2310	67.1394	65.8570
0.6010	7.1875	0.2255	67.3221	66.0267
0.6015	7.1861	0.2390	67.3011	65.6253
0.6020	7.1852	0.2469	67.1970	65.4406
0.6025	7.1844	0.2544	67.3687	65.5210
0.6030	7.1837	0.2648	66.9432	65.4595
0.6035	7.1843	0.2613	66.5661	65.5919
0.6040	7.1850	0.2547	65.5111	65.9069
0.6045	7.1852	0.2456	64.8473	65.8934
0.6050	7.1869	0.2318	63.9434	65.7521
0.6055	7.1875	0.2277	63.1072	66.0432
0.6060	7.1885	0.2147	63.7474	65.9847
0.6065	7.1884	0.2169	64.0094	65.7449
0.6070	7.1874	0.2291	64.6151	65.8384
0.6075	7.1875	0.2275	64.8938	65.7696
0.6080	7.1874	0.2262	65.2713	65.8881
0.6085	7.1876	0.2277	65.5874	66.1271
0.6090	7.1877	0.2234	66.0558	66.2583
0.6095	7.1871	0.2246	66.2878	65.9396
0.6100	7.1870	0.2342	66.4211	66.0815
0.6105	7.1864	0.2378	66.5403	65.9955
0.6110	7.1864	0.2362	66.8127	65.6128
0.6115	7.1847	0.2485	66.7769	65.7950
0.6120	7.1848	0.2579	65.4586	65.8488
0.6125	7.1852	0.2505	65.5164	65.9361
0.6130	7.1855	0.2440	66.0911	65.8132
0.6135	7.1860	0.2382	66.6380	65.6792
0.6140	7.1875	0.2242	66.8517	65.3396
0.6145	7.1880	0.2213	67.0575	65.7498
0.6150	7.1878	0.2250	67.2634	65.6122
0.6155	7.1872	0.2231	67.4352	65.2359
0.6160	7.1872	0.2291	67.2638	65.4192
0.6165	7.1869	0.2307	66.9371	65.6681
0.6170	7.1866	0.2337	66.5812	65.9165
0.6175	7.1863	0.2402	66.2236	65.8753
0.6180	7.1863	0.2423	65.4309	65.8339
0.6185	7.1860	0.2387	64.5348	65.4739
0.6190	7.1861	0.2358	63.7141	65.7452
0.6195	7.1861	0.2422	63.4690	66.0032
0.6200	7.1852	0.2465	63.9469	65.7225
0.6205	7.1845	0.2508	64.1986	65.7788
0.6210	7.1849	0.2503	64.6734	65.8521
0.6215	7.1854	0.2448	65.1725	65.9169
0.6220	7.1871	0.2344	65.5367	65.9989
0.6225	7.1870	0.2267	65.8553	65.8200
0.6230	7.1877	0.2260	66.0258	65.6193
0.6235	7.1866	0.2304	66.3656	65.7198
0.6240	7.1879	0.2207	66.4561	65.7721
0.6245	7.1879	0.2256	66.8177	65.7115
0.6250	7.1875	0.2202	66.0462	65.8171
0.6255	7.1870	0.2253	64.9074	65.7263
0.6260	7.1881	0.2285	65.5807	65.5247
0.6265	7.1881	0.2189	65.7105	65.6064
0.6270	7.1875	0.2222	66.3287	65.7474
0.6275	7.1862	0.2384	66.8090	65.6299
0.6280	7.1849	0.2457	67.1252	65.6476
0.6285	7.1843	0.2567	67.0843	65.7516
0.6290	7.1836	0.2664	67.1522	65.7049
0.6295	7.1843	0.2661	67.3334	66.0196
0.6300	7.1846	0.2518	67.2204	66.0540
0.6305	7.1857	0.2419	66.6922	65.8102
0.6310	7.1862	0.2401	66.0593	65.8341
0.6315	7.1867	0.2380	65.8282	65.8983
0.6320	7.1860	0.2382	64.6512	65.7935
0.6325	7.1863	0.2391	63.9642	65.6967
0.6330	7.1863	0.2411	63.5139	66.0907
0.6335	7.1854	0.2382	63.7772	65.9581
0.6340	7.1861	0.2377	64.5176	65.9740
0.6345	7.1863	0.2380	64.6423	65.9919
0.6350	7.1869	0.2340	64.9806	65.8425
0.6355	7.1869	0.2260	65.4631	66.0221
0.6360	7.1857	0.2372	66.0900	66.1219
0.6365	7.1844	0.2537	66.2625	65.8301
0.6370	7.1832	0.2688	66.3182	65.4271
0.6375	7.1815	0.2841	66.5019	65.3621
0.6380	7.1809	0.2962	67.0330	65.2306
0.6385	7.1816	0.2860	66.2751	65.6351
0.6390	7.1813	0.2869	66.0454	65.7157
0.6395	7.1819	0.2852	66.1440	65.5522
0.6400	7.1838	0.2603	65.9174	65.7097
0.6405	7.1846	0.2558	66.2813	66.0687
0.6410	7.1849	0.2558	66.4790	65.8394
0.6415	7.1846	0.2543	66.7201	65.4056
0.6420	7.1849	0.2534	67.2496	65.3687
0.6425	7.1846	0.2517	67.3339	65.1904
0.6430	7.1846	0.2590	67.1319	65.4766
0.6435	7.1844	0.2580	66.8492	66.0408
0.6440	7.1848	0.2525	66.9055	66.0603
0.6445	7.1850	0.2511	66.4724	66.1746
0.6450	7.1846	0.2612	65.8281	66.3304
0.6455	7.1833	0.2716	64.5547	66.0491
0.6460	7.1822	0.2809	63.1075	65.8028
0.6465	7.1814	0.2829	63.6130	65.7014
0.6470	7.1824	0.2744	63.6953	65.4919
0.6475	7.1829	0.2727	63.9726	65.3379
0.6480	7.1835	0.2624	64.4567	65.5096
0.6485	7.1840	0.2573	65.1135	65.7757
0.6490	7.1831	0.2686	65.4290	65.9551
0.6495	7.1819	0.2832	65.7141	65.9956
0.6500	7.1833	0.2733	66.0124	65.7661
0.6505	7.1853	0.2543	66.4947	65.5614
0.6510	7.1857	0.2410	66.5942	65.5808
0.6515	7.1857	0.2417	66.7735	65.5993
0.6520	7.1862	0.2397	66.5258	65.3967
0.6525	7.1859	0.2410	66.1862	65.4922
0.6530	7.1860	0.2368	66.6294	65.7864
0.6535	7.1852	0.2439	65.8355	66.0591
0.6540	7.1857	0.2421	65.8324	66.0341
0.6545	7.1847	0.2518	66.5542	65.9859
0.6550	7.1837	0.2682	66.9579	65.8407
0.6555	7.1830	0.2708	67.0095	65.9520
0.6560	7.1839	0.2623	66.9377	66.0927
0.6565	7.1846	0.2545	67.2106	65.7311
0.6570	7.1858	0.2402	67.3373	65.9248
0.6575	7.1866	0.2369	66.8996	65.9933
0.6580	7.1871	0.2281	66.3074	65.9666
0.6585	7.1876	0.2237	65.9280	65.7633
0.6590	7.1877	0.2210	65.5691	65.8904
0.6595	7.1873	0.2288	63.4963	65.8180
0.6600	7.1874	0.2254	62.9933	65.9987
0.6605	7.1877	0.2236	63.4706	66.0339
0.6610	7.1872	0.2257	64.1215	65.5638
0.6615	7.1875	0.2260	64.4591	65.4806
0.6620	7.1871	0.2263	64.6351	65.7176
0.6625	7.1857	0.2436	65.1103	65.8809
0.6630	7.1844	0.2592	65.8179	65.4799
0.6635	7.1829	0.2629	66.1462	65.4959
0.6640	7.1824	0.2805	66.0732	65.4182
0.6645	7.1824	0.2803	66.3115	65.7847
0.6650	7.1822	0.2768	66.7810	65.9883
0.6655	7.1832	0.2754	67.1079	65.3855
0.6660	7.1850	0.2516	66.6772	65.3707
0.6665	7.1863	0.2398	66.1535	65.5768
0.6670	7.1862	0.2384	66.4414	65.8677
0.6675	7.1868	0.2323	66.1949	65.9319
0.6680	7.1862	0.2374	66.1994	65.9477
0.6685	7.1857	0.2443	66.4430	65.7854
0.6690	7.1855	0.2467	66.9289	65.9012
0.6695	7.1855	0.2431	67.3443	66.0746
0.6700	7.1859	0.2399	67.1850	65.7681
0.6705	7.1862	0.2369	66.8331	65.7048
0.6710	7.1860	0.2435	66.8724	65.7464
0.6715	7.1855	0.2478	66.9015	65.8957
0.6720	7.1842	0.2593	66.3107	65.8085
0.6725	7.1830	0.2726	65.1747	66.0385
0.6730	7.1834	0.2721	63.0638	65.8007
0.6735	7.1849	0.2580	63.2875	65.6006
0.6740	7.1857	0.2434	63.5995	65.5837
0.6745	7.1873	0.2268	63.6018	65.3067
0.6750	7.1884	0.2233	63.9664	65.3742
0.6755	7.1873	0.2311	64.8757	65.6656
0.6760	7.1868	0.2287	65.3420	65.7279
0.6765	7.1860	0.2385	65.2972	65.7676
0.6770	7.1857	0.2462	65.5647	66.1320
0.6775	7.1863	0.2422	66.3844	66.2045
0.6780	7.1868	0.2392	66.7634	65.9344
0.6785	7.1877	0.2217	66.4533	65.9527
0.6790	7.1883	0.2189	66.3754	65.7023
0.6795	7.1873	0.2281	66.9567	65.6962
0.6800	7.1856	0.2396	67.2851	65.8958
0.6805	7.1844	0.2565	66.2514	66.0363
0.6810	7.1832	0.2680	65.6761	66.0693
0.6815	7.1842	0.2613	66.1840	66.1052
0.6820	7.1861	0.2420	67.0103	66.2177
0.6825	7.1871	0.2292	67.0619	65.6657
0.6830	7.1881	0.2231	66.7617	65.8075
0.6835	7.1885	0.2125	67.2012	65.7289
0.6840	7.1874	0.2235	67.7374	65.6444
0.6845	7.1867	0.2322	67.5309	65.8096
0.6850	7.1865	0.2355	66.4887	65.6037
0.6855	7.1867	0.2334	66.3995	65.4535
0.6860	7.1864	0.2376	65.9697	65.6114
0.6865	7.1861	0.2402	64.9512	65.8779
0.6870	7.1860	0.2434	63.2785	65.4280
0.6875	7.1868	0.2368	62.8462	65.5313
0.6880	7.1875	0.2266	63.9975	65.4172
0.6885	7.1860	0.2404	64.3054	65.3793
0.6890	7.1849	0.2500	64.2950	65.7995
0.6895	7.1831	0.2637	64.5164	65.4878
0.6900	7.1827	0.2776	65.4672	65.4388
0.6905	7.1831	0.2679	65.9948	65.6225
0.6910	7.1837	0.2587	65.8350	66.0168
0.6915	7.1859	0.2430	65.8568	65.8923
0.6920	7.1867	0.2334	66.4939	65.9258
0.6925	7.1882	0.2218	67.0697	65.6765
0.6930	7.1879	0.2197	66.7509	65.6216
0.6935	7.1881	0.2210	66.5360	65.8996
0.6940	7.1880	0.2209	66.0689	65.6607
0.6945	7.1872	0.2295	65.9028	65.5430
0.6950	7.1867	0.2295	66.2148	65.8322
0.6955	7.1867	0.2312	66.1894	65.9673
0.6960	7.1868	0.2328	66.8546	65.8029
0.6965	7.1878	0.2159	67.4621	66.0267
0.6970	7.1870	0.2301	67.4543	65.8126
0.6975	7.1856	0.2433	67.0113	65.4260
0.6980	7.1852	0.2496	67.1912	65.4826
0.6985	7.1840	0.2613	67.3798	65.4372
0.6990	7.1842	0.2669	66.9672	65.4629
0.6995	7.1848	0.2554	65.8520	65.7474
0.7000	7.1849	0.2529	64.7436	65.9391
0.7005	7.1863	0.2382	64.6524	65.8177
0.7010	7.1868	0.2303	63.4211	65.9359
0.7015	7.1876	0.2274	63.3536	66.1032
0.7020	7.1879	0.2206	63.6422	65.7839
0.7025	7.1873	0.2278	64.4641	65.7956
0.7030	7.1868	0.2303	65.0560	65.7562
0.7035	7.1876	0.2291	65.0097	65.7809
0.7040	7.1870	0.2289	65.2021	65.9928
0.7045	7.1871	0.2278	65.9145	66.2170
0.7050	7.1876	0.2265	66.5491	66.0536
0.7055	7.1870	0.2298	66.3221	65.9566
0.7060	7.1866	0.2362	66.2497	66.1684
0.7065	7.1860	0.2387	66.5850	65.7072
0.7070	7.1848	0.2508	67.2897	65.7173
0.7075	7.1845	0.2585	66.1191	65.8215
0.7080	7.1849	0.2579	65.0393	65.9049
0.7085	7.1859	0.2454	65.7643	65.8282
0.7090	7.1858	0.2465	66.6175	65.7478
0.7095	7.1871	0.2416	67.0193	65.4228
0.7100	7.1874	0.2269	66.7762	65.5143
0.7105	7.1871	0.2269	67.0441	65.7994
0.7110	7.1869	0.2272	67.5456	65.3178
0.7115	7.1873	0.2320	67.6297	65.3550
0.7120	7.1868	0.2313	66.9588	65.5694
0.7125	7.1868	0.2338	66.5900	65.8551
0.7130	7.1865	0.2360	66.4570	65.8726
0.7135	7.1859	0.2379	66.1043	65.8498
0.7140	7.1862	0.2374	64.8192	65.5900
0.7145	7.1867	0.2331	63.9827	65.5231
0.7150	7.1864	0.2351	63.4778	65.9678
0.7155	7.1859	0.2449	63.9800	65.8092
0.7160	7.1853	0.2492	64.0980	65.7159
0.7165	7.1853	0.2531	64.2678	65.8558
0.7170	7.1856	0.2504	65.0101	65.8949
0.7175	7.1871	0.2322	65.6561	66.0007
0.7180	7.1871	0.2313	65.7551	65.9308
0.7185	7.1880	0.2218	65.7920	65.6505
0.7190	7.1873	0.2246	66.2010	65.6196
0.7195	7.1877	0.2232	66.7301	65.7365
0.7200	7.1879	0.2222	66.7475	65.6896
0.7205	7.1888	0.2225	66.4757	65.7162
0.7210	7.1877	0.2189	64.9385	65.8009
0.7215	7.1877	0.2275	65.4741	65.5782
0.7220	7.1882	0.2155	65.8733	65.5557
0.7225	7.1880	0.2181	65.9404	65.7215
0.7230	7.1873	0.2286	66.4583	65.7064
0.7235	7.1858	0.2357	67.1422	65.5969
0.7240	7.1848	0.2545	67.4265	65.7082
0.7245	7.1839	0.2600	67.0354	65.6483
0.7250	7.1842	0.2605	67.0874	65.8110
0.7255	7.1856	0.2523	67.3678	66.0642
0.7260	7.1856	0.2422	67.2636	65.8433
0.7265	7.1864	0.2360	66.3216	65.7684
0.7270	7.1872	0.2331	65.7371	65.8850
0.7275	7.1869	0.2332	65.1984	65.8954
0.7280	7.1861	0.2298	64.3875	65.6943
0.7285	7.1864	0.2448	63.8659	65.9754
0.7290	7.1862	0.2411	63.2959	66.0999
0.7295	7.1858	0.2397	64.1654	65.8998
0.7300	7.1863	0.2340	64.8089	66.0334
0.7305	7.1860	0.2361	65.0591	65.8334
0.7310	7.1865	0.2341	65.0163	65.8964
0.7315	7.1861	0.2334	65.7605	66.0742
0.7320	7.1847	0.2557	66.3896	66.0049
0.7325	7.1831	0.2670	66.5625	65.5338
0.7330	7.1822	0.2837	66.2070	65.4078
0.7335	7.1806	0.2990	66.6646	65.2349
0.7340	7.1808	0.2941	66.8229	65.4244
0.7345	7.1814	0.2885	66.2398	65.7735
0.7350	7.1809	0.2924	66.1725	65.6015
0.7355	7.1829	0.2729	65.7057	65.5930
0.7360	7.1839	0.2576	66.2042	65.9132
0.7365	7.1845	0.2579	66.8075	65.9844
0.7370	7.1847	0.2517	66.6082	65.4865
0.7375	7.1844	0.2601	66.6632	65.3263
0.7380	7.1849	0.2546	67.3507	65.2650
0.7385	7.1842	0.2619	67.6474	65.2579
0.7390	7.1844	0.2607	67.1234	65.8647
0.7395	7.1845	0.2576	66.5249	66.0936
0.7400	7.1851	0.2523	66.5967	66.0962
0.7405	7.1850	0.2534	66.4111	66.3090
0.7410	7.1839	0.2627	65.5533	66.1919
0.7415	7.1830	0.2734	63.2325	65.8515
0.7420	7.1820	0.2830	63.0990	65.7021
0.7425	7.1825	0.2776	64.0031	65.5392
0.7430	7.1829	0.2714	64.1078	65.3277
0.7435	7.1832	0.2699	64.0583	65.3857
0.7440	7.1845	0.2649	64.6047	65.6514
0.7445	7.1842	0.2637	65.5952	65.8844
0.7450	7.1823	0.2755	65.8961	66.0057
0.7455	7.1823	0.2779	65.7569	65.8579
0.7460	7.1839	0.2652	66.0053	65.6304
0.7465	7.1852	0.2550	66.7983	65.5346
0.7470	7.1854	0.2418	66.9887	65.6206
0.7475	7.1867	0.2376	66.7077	65.4384
0.7480	7.1862	0.2336	65.9415	65.3556
0.7485	7.1861	0.2384	66.6408	65.6029
0.7490	7.1859	0.2406	66.6103	65.9205
0.7495	7.1854	0.2454	65.6751	66.0685
0.7500	7.1849	0.2507	65.9738	65.9948
0.7505	7.1844	0.2588	66.8341	65.9463
0.7510	7.1830	0.2741	67.3547	65.8498
0.7515	7.1830	0.2708	67.0796	66.1193
0.7520	7.1842	0.2579	66.8026	65.8430
0.7525	7.1852	0.2509	67.2692	65.7664
0.7530	7.1859	0.2337	67.4137	65.9780
0.7535	7.1870	0.2291	66.8003	65.9351
0.7540	7.1875	0.2222	65.6942	65.7937
0.7545	7.1881	0.2225	65.7284	65.7653
0.7550	7.1877	0.2254	64.5761	65.8682
0.7555	7.1880	0.2245	63.1439	65.8603
0.7560	7.1879	0.2210	63.1385	66.1648
0.7565	7.1875	0.2248	63.6145	65.7506
0.7570	7.1877	0.2213	64.5488	65.5058
0.7575	7.1873	0.2210	64.8333	65.6175
0.7580	7.1864	0.2327	64.8410	65.8812
0.7585	7.1849	0.2472	65.2204	65.6138
0.7590	7.1838	0.2635	66.1080	65.3783
0.7595	7.1822	0.2738	66.4263	65.4164
0.7600	7.1823	0.2785	66.2623	65.5227
0.7605	7.1827	0.2714	66.3087	66.0132
0.7610	7.1833	0.2667	66.9564	65.6423
0.7615	7.1851	0.2489	67.1893	65.3352
0.7620	7.1872	0.2285	66.3846	65.5054
0.7625	7.1880	0.2204	66.1515	65.7691
0.7630	7.1885	0.2151	66.2522	65.9485
0.7635	7.1884	0.2195	66.3331	65.8819
0.7640	7.1875	0.2231	66.5526	65.8542
0.7645	7.1867	0.2305	66.5045	65.6973
0.7650	7.1869	0.2284	67.0663	66.0347
0.7655	7.1871	0.2317	67.3624	65.8869
0.7660	7.1873	0.2241	67.2613	65.7374
0.7665	7.1872	0.2311	66.7912	65.7478
0.7670	7.1865	0.2345	66.7552	65.8944
0.7675	7.1854	0.2484	66.4652	65.8452
0.7680	7.1841	0.2561	66.1138	65.9658
0.7685	7.1830	0.2670	63.8513	65.9679
0.7690	7.1848	0.2559	62.7602	65.5897
0.7695	7.1856	0.2414	63.5006	65.5654
0.7700	7.1871	0.2378	63.7821	65.3861
0.7705	7.1877	0.2192	63.9944	65.2635
0.7710	7.1875	0.2278	64.2730	65.5555
0.7715	7.1869	0.2276	65.0757	65.7633
0.7720	7.1867	0.2335	65.5021	65.7769
0.7725	7.1863	0.2398	65.6697	65.9831
0.7730	7.1860	0.2414	65.8931	66.2862
0.7735	7.1860	0.2407	66.4889	66.0287
0.7740	7.1867	0.2307	66.6853	65.9598
0.7745	7.1875	0.2259	66.6430	65.8294
0.7750	7.1874	0.2209	66.6475	65.6184
0.7755	7.1860	0.2353	67.0267	65.8274
0.7760	7.1846	0.2514	66.6635	65.9718
0.7765	7.1839	0.2638	66.1124	66.1016
0.7770	7.1831	0.2698	65.9605	66.0291
0.7775	7.1846	0.2549	66.3749	66.2723
0.7780	7.1861	0.2379	67.1011	65.9281
0.7785	7.1866	0.2343	67.1775	65.6948
0.7790	7.1879	0.2183	67.1286	65.8909
0.7795	7.1879	0.2241	67.2704	65.5830
0.7800	7.1864	0.2330	67.5687	65.7783
0.7805	7.1858	0.2445	67.0948	65.6994
0.7810	7.1859	0.2364	66.5314	65.5068
0.7815	7.1858	0.2354	66.0401	65.4680
0.7820	7.1855	0.2399	65.2359	65.8358
0.7825	7.1860	0.2390	64.0774	65.6554
0.7830	7.1867	0.2372	62.7454	65.4250
0.7835	7.1871	0.2311	63.4648	65.6243
0.7840	7.1865	0.2366	64.0532	65.3148
0.7845	7.1844	0.2499	64.5064	65.7286
0.7850	7.1840	0.2639	64.5265	65.6713
0.7855	7.1827	0.2773	64.9060	65.4025
0.7860	7.1827	0.2688	65.6319	65.4802
0.7865	7.1834	0.2670	66.0905	65.8421
0.7870	7.1851	0.2485	66.0464	65.9854
0.7875	7.1862	0.2376	66.1461	65.8938
0.7880	7.1877	0.2206	66.6767	65.8728
0.7885	7.1880	0.2226	66.9475	65.6029
0.7890	7.1875	0.2253	66.7987	65.8989
0.7895	7.1878	0.2201	66.3507	65.8163
0.7900	7.1873	0.2287	65.5960	65.5648
0.7905	7.1867	0.2316	66.1155	65.6734
0.7910	7.1867	0.2315	66.4067	65.9789
0.7915	7.1865	0.2343	66.6008	65.8066
0.7920	7.1875	0.2290	67.0807	65.9119
0.7925	7.1876	0.2228	67.3931	66.0016
0.7930	7.1860	0.2411	67.3407	65.5570
0.7935	7.1856	0.2469	67.2056	65.4750
0.7940	7.1842	0.2568	67.2965	65.5188
0.7945	7.1835	0.2623	66.9736	65.4547
0.7950	7.1843	0.2586	66.5222	65.6217
0.7955	7.1848	0.2505	65.1872	65.8568
0.7960	7.1858	0.2443	64.7903	65.8668
0.7965	7.1873	0.2291	63.7219	65.8035
0.7970	7.1871	0.2227	63.2186	66.1113
0.7975	7.1889	0.2152	63.7632	65.9230
0.7980	7.1886	0.2098	64.0392	65.7643
0.7985	7.1872	0.2315	64.7753	65.8431
0.7990	7.1877	0.2194	65.0190	65.7693
0.7995	7.1877	0.2200	65.2114	65.9333
0.8000	7.1875	0.2248	65.5992	66.1765
0.8005	7.1880	0.2208	66.2153	66.2307
0.8010	7.1875	0.2178	66.3274	65.9316
0.8015	7.1872	0.2293	66.3973	66.1623
0.8020	7.1864	0.2262	66.5027	65.9206
0.8025	7.1857	0.2369	66.9464	65.6279
0.8030	7.1849	0.2528	66.6519	65.8328
0.8035	7.1849	0.2520	65.2588	65.8755
0.8040	7.1853	0.2492	65.5625	65.9330
0.8045	7.1856	0.2477	66.1867	65.8008
0.8050	7.1865	0.2350	66.7753	65.6449
0.8055	7.1875	0.2248	66.9089	65.4163
0.8060	7.1884	0.2151	67.0737	65.8347
0.8065	7.1879	0.2172	67.2696	65.5363
0.8070	7.1880	0.2215	67.4651	65.2765
0.8075	7.1878	0.2263	67.1821	65.4716
0.8080	7.1878	0.2286	66.8939	65.7670
0.8085	7.1869	0.2301	66.4936	65.9390
0.8090	7.1867	0.2303	66.2018	65.8882
0.8095	7.1870	0.2360	65.2815	65.7999
0.8100	7.1869	0.2290	64.3706	65.4868
0.8105	7.1870	0.2284	63.5442	65.8403
0.8110	7.1863	0.2350	63.5493	65.9681
0.8115	7.1859	0.2425	64.0376	65.7246
0.8120	7.1846	0.2537	64.2921	65.8302
0.8125	7.1858	0.2448	64.7274	65.8999
0.8130	7.1864	0.2337	65.2765	65.9664
0.8135	7.1873	0.2290	65.6194	66.0255
0.8140	7.1873	0.2295	65.8398	65.7991
0.8145	7.1875	0.2177	66.0659	65.6323
0.8150	7.1873	0.2295	66.5033	65.7543
0.8155	7.1882	0.2215	66.5409	65.7660
0.8160	7.1882	0.2180	66.8359	65.7225
0.8165	7.1882	0.2213	65.6088	65.8394
0.8170	7.1873	0.2275	64.9316	65.6988
0.8175	7.1881	0.2180	65.7318	65.5475
0.8180	7.1880	0.2222	65.8270	65.6731
0.8185	7.1877	0.2239	66.3620	65.8024
0.8190	7.1866	0.2328	66.8194	65.6370
0.8195	7.1852	0.2486	67.2728	65.6801
0.8200	7.1838	0.2603	67.1225	65.7276
0.8205	7.1839	0.2626	67.0990	65.7152
0.8210	7.1839	0.2609	67.2855	66.0693
0.8215	7.1852	0.2498	67.2539	66.0138
0.8220	7.1856	0.2395	66.6596	65.8026
0.8225	7.1874	0.2331	65.9387	65.8747
0.8230	7.1872	0.2283	65.5875	65.9459
0.8235	7.1865	0.2328	64.5309	65.7724
0.8240	7.1864	0.2373	64.0376	65.7563
0.8245	7.1860	0.2375	63.4763	66.1352
0.8250	7.1865	0.2343	63.7750	65.9302
0.8255	7.1871	0.2314	64.5151	66.0215
0.8260	7.1872	0.2289	64.8769	65.9576
0.8265	7.1868	0.2286	65.0606	65.8749
0.8270	7.1868	0.2248	65.4639	66.0648
0.8275	7.1861	0.2378	66.1311	66.1443
0.8280	7.1840	0.2593	66.4268	65.7449
0.8285	7.1833	0.2711	66.3598	65.4170
0.8290	7.1812	0.2923	66.4488	65.3220
0.8295	7.1808	0.2959	66.9622	65.2669
0.8300	7.1817	0.2841	66.3371	65.7059
0.8305	7.1810	0.2856	66.1512	65.6854
0.8310	7.1826	0.2787	66.0221	65.5596
0.8315	7.1843	0.2539	65.8158	65.7817
0.8320	7.1846	0.2519	66.4354	66.0838
0.8325	7.1851	0.2530	66.6224	65.7274
0.8330	7.1848	0.2441	66.7257	65.3938
0.8335	7.1853	0.2493	67.2204	65.4203
0.8340	7.1853	0.2499	67.3665	65.2335
0.8345	7.1847	0.2491	67.2030	65.6124
0.8350	7.1847	0.2551	66.8373	66.0892
0.8355	7.1851	0.2542	66.7581	66.0679
0.8360	7.1856	0.2459	66.3425	66.2441
0.8365	7.1845	0.2544	65.8404	66.3099
0.8370	7.1837	0.2655	64.2799	65.9964
0.8375	7.1824	0.2727	63.0290	65.7780
0.8380	7.1828	0.2753	63.6504	65.6556
0.8385	7.1830	0.2673	63.8172	65.4258
0.8390	7.1834	0.2673	64.0758	65.3550
0.8395	7.1841	0.2616	64.4768	65.5788
0.8400	7.1840	0.2573	65.2407	65.8244
0.8405	7.1832	0.2677	65.5560	65.9965
0.8410	7.1821	0.2835	65.7389	65.9464
0.8415	7.1833	0.2709	65.9992	65.7214
0.8420	7.1851	0.2505	66.6139	65.5551
0.8425	7.1856	0.2445	66.7444	65.6138
0.8430	7.1862	0.2402	66.7798	65.5634
0.8435	7.1866	0.2356	66.2960	65.3667
0.8440	7.1866	0.2351	66.3457	65.5290
0.8445	7.1868	0.2363	66.7553	65.8361
0.8450	7.1859	0.2421	65.8018	66.0805
0.8455	7.1855	0.2464	65.8221	66.0156
0.8460	7.1848	0.2537	66.6802	65.9860
0.8465	7.1830	0.2684	67.1101	65.8420
0.8470	7.1832	0.2705	67.0259	66.0249
0.8475	7.1844	0.2614	66.8673	66.0406
0.8480	7.1849	0.2570	67.2387	65.7188
0.8485	7.1862	0.2378	67.4273	65.9717
0.8490	7.1873	0.2264	66.9026	65.9888
0.8495	7.1881	0.2216	66.0519	65.9037
0.8500	7.1887	0.2160	65.9125	65.7512
0.8505	7.1882	0.2168	65.3477	65.8871
0.8510	7.1880	0.2202	63.2973	65.7941
0.8515	7.1876	0.2147	63.0123	66.0774
0.8520	7.1881	0.2187	63.4598	65.9796
0.8525	7.1879	0.2201	64.3611	65.5532
0.8530	7.1879	0.2167	64.6357	65.5506
0.8535	7.1874	0.2270	64.6566	65.8005
0.8540	7.1859	0.2360	65.1154	65.8146
0.8545	7.1845	0.2567	65.9321	65.4040
0.8550	7.1827	0.2717	66.2678	65.4605
0.8555	7.1824	0.2805	66.1129	65.4082
0.8560	7.1829	0.2768	66.2975	65.8951
0.8565	7.1826	0.2688	66.9393	65.9019
0.8570	7.1837	0.2685	67.2013	65.3678
0.8575	7.1860	0.2464	66.4858	65.4551
0.8580	7.1867	0.2360	66.0850	65.6176
0.8585	7.1872	0.2296	66.4945	65.9252
0.8590	7.1876	0.2235	66.2869	65.9024
0.8595	7.1871	0.2309	66.2727	65.9144
0.8600	7.1869	0.2298	66.3944	65.7014
0.8605	7.1861	0.2370	67.0491	65.9213
0.8610	7.1857	0.2403	67.4272	66.0151
0.8615	7.1867	0.2323	67.1656	65.7704
0.8620	7.1866	0.2358	66.7401	65.7550
0.8625	7.1862	0.2325	66.9626	65.8441
0.8630	7.1862	0.2442	66.8339	65.9210
0.8635	7.1847	0.2561	66.1522	65.8691
0.8640	7.1834	0.2668	64.6580	66.0650
0.8645	7.1841	0.2659	62.9764	65.7125
0.8650	7.1855	0.2485	63.6296	65.5627
0.8655	7.1861	0.2402	63.5774	65.4956
0.8660	7.1875	0.2265	63.4730	65.2647
0.8665	7.1877	0.2253	64.0716	65.4217
0.8670	7.1869	0.2271	65.2353	65.7216
0.8675	7.1869	0.2304	65.4074	65.7521
0.8680	7.1862	0.2398	65.2121	65.8539
0.8685	7.1861	0.2387	65.6275	66.2379
0.8690	7.1864	0.2389	66.6648	66.1473
0.8695	7.1869	0.2276	66.8044	65.9431
0.8700	7.1878	0.2191	66.2941	65.9457
0.8705	7.1882	0.2215	66.3629	65.6248
0.8710	7.1871	0.2248	67.2478	65.7336
0.8715	7.1856	0.2473	67.2383	65.9198
0.8720	7.1843	0.2582	65.9701	66.0665
0.8725	7.1835	0.2688	65.6276	66.0484
0.8730	7.1850	0.2609	66.4247	66.1699
0.8735	7.1863	0.2402	67.2265	66.1623
0.8740	7.1872	0.2251	66.9796	65.6500
0.8745	7.1886	0.2145	66.7173	65.8627
0.8750	7.1892	0.2043	67.3489	65.6316
0.8755	7.1882	0.2180	67.8328	65.6083
0.8760	7.1873	0.2275	67.3377	65.7632
0.8765	7.1869	0.2271	66.3365	65.5528
0.8770	7.1874	0.2272	66.4100	65.4451
0.8775	7.1865	0.2387	65.8672	65.7113
0.8780	7.1869	0.2360	64.6247	65.8402
0.8785	7.1866	0.2361	62.7655	65.4109
0.8790	7.1877	0.2310	63.0620	65.6195
0.8795	7.1871	0.2240	64.2532	65.3863
0.8800	7.1853	0.2424	64.3783	65.5195
0.8805	7.1847	0.2515	64.1740	65.7817
0.8810	7.1829	0.2694	64.5735	65.3875
0.8815	7.1826	0.2738	65.6924	65.4410
0.8820	7.1833	0.2658	66.1231	65.6532
0.8825	7.1841	0.2593	65.7847	66.0279
0.8830	7.1854	0.2478	65.8817	65.8853
0.8835	7.1869	0.2319	66.7468	65.9385
0.8840	7.1876	0.2187	67.1649	65.6400
0.8845	7.1874	0.2278	66.6055	65.7332
0.8850	7.1877	0.2273	66.4001	65.8881
0.8855	7.1875	0.2223	65.9406	65.6075
0.8860	7.1870	0.2304	66.1424	65.5393
0.8865	7.1872	0.2307	66.2960	65.8644
0.8870	7.1868	0.2351	66.1525	65.8912
0.8875	7.1868	0.2287	66.9127	65.7950
0.8880	7.1885	0.2189	67.5965	66.0427
0.8885	7.1869	0.2322	67.5168	65.7465
0.8890	7.1857	0.2431	66.9904	65.4513
0.8895	7.1848	0.2495	67.1715	65.5182
0.8900	7.1838	0.2570	67.3371	65.4527
0.8905	7.1842	0.2604	66.9484	65.5168
0.8910	7.1845	0.2505	65.5447	65.7484
0.8915	7.1852	0.2477	64.6394	65.8908
0.8920	7.1865	0.2309	64.5247	65.7604
0.8925	7.1877	0.2207	63.4189	65.9886
0.8930	7.1874	0.2207	63.4512	66.0472
0.8935	7.1887	0.2176	63.6181	65.7608
0.8940	7.1877	0.2238	64.6378	65.8293
0.8945	7.1871	0.2291	65.1944	65.7735
0.8950	7.1871	0.2213	65.0821	65.8221
0.8955	7.1872	0.2249	65.2062	66.0491
0.8960	7.1882	0.2213	66.0424	66.2052
0.8965	7.1875	0.2265	66.6247	65.9738
0.8970	7.1871	0.2326	66.3378	65.9962
0.8975	7.1864	0.2301	66.2067	66.1029
0.8980	7.1862	0.2354	66.7292	65.6336
0.8985	7.1852	0.2483	67.3156	65.7623
0.8990	7.1843	0.2576	65.7849	65.8556
0.8995	7.1852	0.2491	65.0737	65.9421
0.9000	7.1857	0.2437	65.9086	65.8091
0.9005	7.1861	0.2437	66.8098	65.7342
0.9010	7.1872	0.2328	67.0496	65.3681
0.9015	7.1877	0.2205	66.7585	65.6153
0.9020	7.1875	0.2275	67.0706	65.7280
0.9025	7.1874	0.2254	67.6353	65.2435
0.9030	7.1876	0.2267	67.5668	65.3912
0.9035	7.1871	0.2327	66.8655	65.6163
0.9040	7.1868	0.2338	66.4678	65.8934
0.9045	7.1864	0.2363	66.4743	65.8876
0.9050	7.1860	0.2418	65.9920	65.8522
0.9055	7.1865	0.2356	64.6179	65.5595
0.9060	7.1868	0.2300	63.6626	65.6942
0.9065	7.1861	0.2387	63.4885	66.0008
0.9070	7.1858	0.2409	64.1659	65.7572
0.9075	7.1846	0.2542	64.1467	65.7460
0.9080	7.1847	0.2523	64.2734	65.8646
0.9085	7.1861	0.2447	65.1250	65.9082
0.9090	7.1874	0.2311	65.8528	66.0136
0.9095	7.1873	0.2269	65.7320	65.8995
0.9100	7.1881	0.2160	65.6742	65.6417
0.9105	7.1878	0.2251	66.3722	65.6485
0.9110	7.1883	0.2176	66.8311	65.7509
0.9115	7.1884	0.2197	66.8002	65.6603
0.9120	7.1882	0.2189	66.0631	65.7469
0.9125	7.1872	0.2284	64.8307	65.7626
0.9130	7.1874	0.2234	65.8044	65.5347
0.9135	7.1882	0.2227	65.8459	65.5957
0.9140	7.1876	0.2224	65.9377	65.7618
0.9145	7.1869	0.2297	66.5064	65.7204
0.9150	7.1854	0.2447	67.3494	65.5966
0.9155	7.1846	0.2585	67.4517	65.7135
0.9160	7.1838	0.2605	66.9167	65.6288
0.9165	7.1845	0.2601	67.0422	65.9007
0.9170	7.1852	0.2502	67.4482	66.0519
0.9175	7.1862	0.2408	67.2047	65.7955
0.9180	7.1864	0.2304	66.0770	65.8017
0.9185	7.1870	0.2277	65.5665	65.9020
0.9190	7.1866	0.2295	65.0412	65.8779
0.9195	7.1864	0.2365	64.4325	65.6671
0.9200	7.1866	0.2386	63.6362	66.0245
0.9205	7.1862	0.2334	63.2887	66.0400
0.9210	7.1868	0.2346	64.3935	65.9228
0.9215	7.1868	0.2334	64.9750	66.0253
0.9220	7.1861	0.2395	65.0606	65.8276
0.9225	7.1867	0.2327	64.9849	65.9758
0.9230	7.1861	0.2348	65.9160	66.1395
0.9235	7.1841	0.2541	66.6000	65.9455
0.9240	7.1832	0.2702	66.5310	65.4709
0.9245	7.1815	0.2855	66.1272	65.3704
0.9250	7.1801	0.3009	66.7882	65.2112
0.9255	7.1806	0.2945	66.7269	65.5454
0.9260	7.1814	0.2943	66.2601	65.7541
0.9265	7.1810	0.2922	66.0153	65.5899
0.9270	7.1831	0.2715	65.6770	65.6433
0.9275	7.1843	0.2576	66.3971	66.0045
0.9280	7.1848	0.2569	66.7223	65.9280
0.9285	7.1844	0.2558	66.5697	65.4301
0.9290	7.1851	0.2547	66.8820	65.3553
0.9295	7.1848	0.2522	67.4205	65.2295
0.9300	7.1843	0.2549	67.5144	65.3276
0.9305	7.1848	0.2543	66.9372	65.9611
0.9310	7.1844	0.2561	66.6229	66.0787
0.9315	7.1852	0.2534	66.5768	66.1434
0.9320	7.1847	0.2514	66.2322	66.3079
0.9325	7.1834	0.2582	65.1387	66.1136
0.9330	7.1825	0.2782	63.0348	65.8339
0.9335	7.1819	0.2841	63.3403	65.7021
0.9340	7.1823	0.2727	63.9967	65.5061
0.9345	7.1830	0.2713	64.0638	65.3235
0.9350	7.1840	0.2648	64.1322	65.4356
0.9355	7.1840	0.2580	64.8580	65.6996
0.9360	7.1833	0.2685	65.6458	65.9288
0.9365	7.1823	0.2778	65.8415	65.9668
0.9370	7.1824	0.2806	65.7638	65.7875
0.9375	7.1842	0.2588	66.1996	65.6100
0.9380	7.1852	0.2444	66.8369	65.5567
0.9385	7.1860	0.2416	66.9858	65.6242
0.9390	7.1863	0.2335	66.5485	65.4035
0.9395	7.1864	0.2375	65.9049	65.4057
0.9400	7.1861	0.2394	66.6885	65.6841
0.9405	7.1858	0.2451	66.3764	65.9946
0.9410	7.1857	0.2425	65.7206	66.0375
0.9415	7.1850	0.2529	66.1483	65.9618
0.9420	7.1840	0.2642	66.9018	65.9078
0.9425	7.1828	0.2741	67.3464	65.8869
0.9430	7.1837	0.2657	67.0465	66.1381
0.9435	7.1845	0.2596	66.8362	65.8015
0.9440	7.1852	0.2468	67.2565	65.8656
0.9445	7.1869	0.2334	67.3071	65.9966
0.9450	7.1877	0.2263	66.6359	65.9442
0.9455	7.1883	0.2213	65.6832	65.7699
0.9460	7.1881	0.2196	65.6134	65.8149
0.9465	7.1875	0.2246	64.0740	65.8323
0.9470	7.1875	0.2216	63.1533	65.9131
0.9475	7.1879	0.2225	63.2073	66.1387
0.9480	7.1880	0.2241	63.7320	65.6859
0.9485	7.1875	0.2250	64.6430	65.5565
0.9490	7.1872	0.2229	64.8791	65.6812
0.9495	7.1864	0.2401	64.8668	65.9112
0.9500	7.1848	0.2462	65.3512	65.5423
0.9505	7.1831	0.2702	66.2201	65.3940
0.9510	7.1822	0.2781	66.4624	65.4160
0.9515	7.1819	0.2798	66.2414	65.6183
0.9520	7.1825	0.2738	66.3615	66.0425
0.9525	7.1828	0.2768	67.0908	65.5272
0.9530	7.1851	0.2539	67.0774	65.4061
0.9535	7.1865	0.2340	66.2226	65.5604
0.9540	7.1870	0.2322	66.2348	65.8521
0.9545	7.1876	0.2267	66.2987	65.9445
0.9550	7.1876	0.2252	66.3496	65.9184
0.9555	7.1870	0.2307	66.4531	65.8129
0.9560	7.1865	0.2366	66.6054	65.7504
0.9565	7.1862	0.2378	67.2747	66.0826
0.9570	7.1870	0.2365	67.3994	65.8249
0.9575	7.1871	0.2271	67.0554	65.7546
0.9580	7.1867	0.2334	66.7327	65.7745
0.9585	7.1866	0.2373	66.8200	65.9260
0.9590	7.1849	0.2476	66.4625	65.8521
0.9595	7.1838	0.2597	65.7203	66.0308
0.9600	7.1836	0.2642	63.3079	65.9229
0.9605	7.1847	0.2536	62.9839	65.5743
0.9610	7.1859	0.2447	63.6464	65.5623
0.9615	7.1873	0.2275	63.7801	65.3466
0.9620	7.1877	0.2222	63.8906	65.3107
0.9625	7.1874	0.2228	64.4887	65.6200
0.9630	7.1872	0.2254	65.3164	65.7478
0.9635	7.1868	0.2303	65.5351	65.7599
0.9640	7.1860	0.2338	65.5801	66.0567
0.9645	7.1865	0.2359	66.0068	66.2589
0.9650	7.1870	0.2310	66.6338	65.9951
0.9655	7.1881	0.2231	66.7218	65.9964
0.9660	7.1881	0.2215	66.5574	65.8094
0.9665	7.1878	0.2254	66.6692	65.6900
0.9670	7.1862	0.2389	67.1386	65.9094
0.9675	7.1851	0.2532	66.5420	66.0037
0.9680	7.1838	0.2614	65.9071	66.0974
0.9685	7.1836	0.2647	65.9760	66.0355
0.9690	7.1848	0.2510	66.6364	66.2830
0.9695	7.1861	0.2360	67.2200	65.7900
0.9700	7.1872	0.2298	67.0794	65.7726
0.9705	7.1882	0.2157	67.0357	65.8418
0.9710	7.1872	0.2273	67.3163	65.6247
0.9715	7.1862	0.2422	67.6123	65.8353
0.9720	7.1856	0.2477	66.9904	65.6391
0.9725	7.1861	0.2398	66.5003	65.4999
0.9730	7.1859	0.2489	65.7950	65.4846
0.9735	7.1853	0.2478	64.9787	65.8511
0.9740	7.1850	0.2492	63.7160	65.5413
0.9745	7.1858	0.2402	62.8776	65.4971
0.9750	7.1865	0.2354	63.6446	65.5768
0.9755	7.1859	0.2388	64.0698	65.3734
0.9760	7.1849	0.2530	64.5156	65.8255
0.9765	7.1833	0.2639	64.6523	65.5386
0.9770	7.1823	0.2800	65.0781	65.4076
0.9775	7.1832	0.2729	65.6203	65.5721
0.9780	7.1838	0.2624	66.1112	65.9541
0.9785	7.1857	0.2471	66.2276	65.9728
0.9790	7.1865	0.2384	66.2575	65.9165
0.9795	7.1880	0.2257	66.5957	65.7845
0.9800	7.1871	0.2239	66.8227	65.5715
0.9805	7.1877	0.2241	66.9724	65.9049
0.9810	7.1878	0.2233	66.2722	65.7629
0.9815	7.1883	0.2238	65.4982	65.5674
0.9820	7.1874	0.2218	66.1074	65.7615
0.9825	7.1878	0.2255	66.4765	65.9840
0.9830	7.1870	0.2276	66.7978	65.8035
0.9835	7.1876	0.2150	67.0732	66.0119
0.9840	7.1879	0.2189	67.3586	65.9507
0.9845	7.1860	0.2338	67.4076	65.5004
0.9850	7.1856	0.2423	67.3240	65.4762
0.9855	7.1846	0.2530	67.1361	65.4768
0.9860	7.1836	0.2562	66.7749	65.4576
0.9865	7.1845	0.2521	66.3416	65.7018
0.9870	7.1851	0.2511	65.1227	65.9264
0.9875	7.1864	0.2421	64.6119	65.8505
0.9880	7.1868	0.2249	63.3589	65.8830
0.9885	7.1873	0.2242	63.3695	66.1414
0.9890	7.1885	0.2150	63.8806	65.8677
0.9895	7.1878	0.2199	64.1670	65.8022
0.9900	7.1868	0.2315	64.7289	65.8015
0.9905	7.1879	0.2250	65.0290	65.7639
0.9910	7.1874	0.2288	65.4405	65.9694
0.9915	7.1880	0.2187	65.7301	66.2066
0.9920	7.1878	0.2207	66.1628	66.1486
0.9925	7.1875	0.2252	66.3233	65.9490
0.9930	7.1870	0.2261	66.5255	66.1902
0.9935	7.1866	0.2337	66.5750	65.8138
0.9940	7.1861	0.2402	66.9540	65.6927
0.9945	7.1843	0.2544	66.2698	65.8637
0.9950	7.1849	0.2518	65.3207	65.9075
0.9955	7.1856	0.2458	65.7427	65.9094
0.9960	7.1858	0.2419	66.1890	65.7985
0.9965	7.1867	0.2332	66.8520	65.5571
0.9970	7.1876	0.2261	66.9841	65.4597
0.9975	7.1877	0.2215	67.1766	65.8489
0.9980	7.1874	0.2237	67.2561	65.4059
0.9985	7.1875	0.2260	67.4054	65.3136
0.9990	7.1868	0.2310	67.2215	65.5167
0.9995	7.1872	0.2257	66.8581	65.7946
1.0000	7.1863	0.2311	66.3755	65.9386
1.0005	7.1858	0.2419	66.0361	65.9110
1.0010	7.1863	0.2381	65.0791	65.7460
1.0015	7.1869	0.2348	64.2604	65.5509
1.0020	7.1865	0.2261	63.4380	65.9702
1.0025	7.1861	0.2375	63.6642	65.8892
1.0030	7.1851	0.2437	64.1164	65.7264
1.0035	7.1852	0.2493	64.3680	65.8390
1.0040	7.1861	0.2423	64.8493	65.8846
1.0045	7.1869	0.2311	65.3363	65.9873
1.0050	7.1871	0.2298	65.6776	66.0033
1.0055	7.1879	0.2195	65.9761	65.7387
1.0060	7.1879	0.2186	66.1008	65.6392
1.0065	7.1877	0.2196	66.4777	65.7517
1.0070	7.1881	0.2151	66.5993	65.7176
1.0075	7.1884	0.2135	66.8357	65.7090
1.0080	7.1880	0.2166	65.2786	65.8448
1.0085	7.1875	0.2222	65.0363	65.6307
1.0090	7.1881	0.2204	65.7302	65.5572
1.0095	7.1883	0.2211	66.0139	65.7102
1.0100	7.1880	0.2239	66.4931	65.7775
1.0105	7.1860	0.2372	66.8329	65.6176
1.0110	7.1849	0.2532	67.2579	65.7030
1.0115	7.1840	0.2595	67.2050	65.6805
1.0120	7.1840	0.2622	67.2226	65.7723
1.0125	7.1841	0.2521	67.1785	66.1014
1.0130	7.1853	0.2463	67.1474	65.9053
1.0135	7.1865	0.2390	66.6024	65.7984
1.0140	7.1869	0.2272	65.9627	65.8961
1.0145	7.1874	0.2347	65.3276	65.9565
1.0150	7.1867	0.2342	64.2938	65.7229
1.0155	7.1866	0.2357	64.0188	65.8574
1.0160	7.1870	0.2380	63.4529	66.1343
1.0165	7.1868	0.2285	63.9481	65.8976
1.0170	7.1869	0.2334	64.5711	66.0566
1.0175	7.1865	0.2323	64.9914	65.8785
1.0180	7.1866	0.2319	65.1376	65.9016
1.0185	7.1866	0.2358	65.6190	66.1159
1.0190	7.1852	0.2504	66.1795	66.1059
1.0195	7.1836	0.2638	66.4914	65.6214
1.0200	7.1821	0.2815	66.3666	65.4196
1.0205	7.1809	0.2962	66.6324	65.2808
1.0210	7.1806	0.2931	66.8323	65.3678
1.0215	7.1815	0.2839	66.1436	65.7701
1.0220	7.1814	0.2917	66.3128	65.6434
1.0225	7.1829	0.2726	65.8866	65.5671
1.0230	7.1847	0.2582	65.9013	65.8408
1.0235	7.1845	0.2532	66.5429	66.0344
1.0240	7.1850	0.2495	66.7157	65.5994
1.0245	7.1851	0.2493	66.8440	65.4009
1.0250	7.1857	0.2501	67.2141	65.3546
1.0255	7.1854	0.2427	67.3601	65.2401
1.0260	7.1846	0.2519	67.1843	65.7724
1.0265	7.1848	0.2553	66.8152	66.1201
1.0270	7.1855	0.2517	66.7252	66.0848
1.0275	7.1852	0.2439	66.2310	66.2729
1.0280	7.1852	0.2508	65.7103	66.2026
1.0285	7.1839	0.2611	63.8409	65.9024
1.0290	7.1828	0.2737	63.0667	65.7429
1.0295	7.1824	0.2750	63.7347	65.6013
1.0300	7.1839	0.2694	63.8978	65.3923
1.0305	7.1838	0.2661	64.1690	65.3860
1.0310	7.1846	0.2579	64.6236	65.6397
1.0315	7.1844	0.2576	65.3611	65.8860
1.0320	7.1834	0.2701	65.6543	66.0206
1.0325	7.1823	0.2763	65.8106	65.8978
1.0330	7.1838	0.2597	66.0786	65.6714
1.0335	7.1854	0.2507	66.6881	65.5272
1.0340	7.1858	0.2452	66.7869	65.6052
1.0345	7.1865	0.2358	66.8003	65.4905
1.0350	7.1864	0.2321	66.1892	65.3565
1.0355	7.1868	0.2323	66.4374	65.5824
1.0360	7.1864	0.2345	66.6199	65.9053
1.0365	7.1860	0.2437	65.7717	66.1064
1.0370	7.1853	0.2462	66.0023	66.0127
1.0375	7.1843	0.2544	66.6522	65.9846
1.0380	7.1829	0.2688	67.0885	65.8513
1.0385	7.1834	0.2661	67.1571	66.1037
1.0390	7.1838	0.2608	67.0035	65.9406
1.0395	7.1850	0.2522	67.2018	65.7379
1.0400	7.1860	0.2400	67.2106	65.9662
1.0405	7.1870	0.2263	66.8827	65.9483
1.0410	7.1878	0.2231	66.1131	65.8423
1.0415	7.1883	0.2131	65.8695	65.7543
1.0420	7.1879	0.2188	64.7430	65.9020
1.0425	7.1877	0.2211	63.1119	65.8244
1.0430	7.1880	0.2219	63.2850	66.1461
1.0435	7.1884	0.2182	63.6328	65.8592
1.0440	7.1880	0.2198	64.2970	65.5272
1.0445	7.1882	0.2198	64.6185	65.5673
1.0450	7.1870	0.2292	64.9041	65.8463
1.0455	7.1854	0.2423	65.2479	65.7022
1.0460	7.1844	0.2593	65.9000	65.3813
1.0465	7.1829	0.2727	66.2646	65.4436
1.0470	7.1827	0.2788	66.3386	65.5110
1.0475	7.1827	0.2727	66.4448	66.0202
1.0480	7.1830	0.2670	66.7887	65.7728
1.0485	7.1845	0.2589	67.0489	65.3382
1.0490	7.1861	0.2392	66.5701	65.4683
1.0495	7.1868	0.2300	66.3244	65.6665
1.0500	7.1872	0.2257	66.2891	65.9317
1.0505	7.1880	0.2175	66.0819	65.8873
1.0510	7.1876	0.2247	66.4879	65.8922
1.0515	7.1868	0.2336	66.6490	65.6804
1.0520	7.1864	0.2399	67.0518	66.0054
1.0525	7.1858	0.2357	67.2140	65.9472
1.0530	7.1866	0.2343	67.2468	65.7447
1.0535	7.1867	0.2298	66.9441	65.7429
1.0540	7.1867	0.2370	66.8563	65.8440
1.0545	7.1854	0.2458	66.4573	65.8314
1.0550	7.1843	0.2593	66.1628	65.8971
1.0555	7.1835	0.2654	64.4597	66.0218
1.0560	7.1838	0.2622	62.8987	65.6086
1.0565	7.1851	0.2507	63.3584	65.5819
1.0570	7.1863	0.2368	63.5278	65.4254
1.0575	7.1873	0.2242	63.9141	65.2650
1.0580	7.1873	0.2277	64.3463	65.5101
1.0585	7.1871	0.2287	65.1115	65.7538
1.0590	7.1869	0.2335	65.3062	65.7194
1.0595	7.1860	0.2353	65.4860	65.8846
1.0600	7.1863	0.2405	65.8834	66.2478
1.0605	7.1866	0.2342	66.5204	66.0790
1.0610	7.1872	0.2295	66.6984	65.9482
1.0615	7.1881	0.2186	66.5322	65.8772
1.0620	7.1880	0.2177	66.5631	65.6129
1.0625	7.1864	0.2339	67.1922	65.8048
1.0630	7.1856	0.2501	66.9036	65.9169
1.0635	7.1838	0.2571	65.9696	66.0720
1.0640	7.1833	0.2707	65.8798	66.0540
1.0645	7.1846	0.2576	66.4394	66.2686
1.0650	7.1867	0.2346	67.1293	66.0509
1.0655	7.1875	0.2257	67.0811	65.6404
1.0660	7.1883	0.2133	66.9782	65.8552
1.0665	7.1881	0.2150	67.3134	65.5983
1.0670	7.1870	0.2260	67.6557	65.7286
1.0675	7.1862	0.2305	67.2825	65.6911
1.0680	7.1876	0.2292	66.5487	65.4987
1.0685	7.1871	0.2257	66.2133	65.4234
1.0690	7.1864	0.2295	65.3657	65.7516
1.0695	7.1864	0.2318	64.3793	65.7622
1.0700	7.1865	0.2362	62.8921	65.4304
1.0705	7.1874	0.2233	63.3490	65.6321
1.0710	7.1871	0.2263	64.0140	65.3370
1.0715	7.1855	0.2437	64.3701	65.6263
1.0720	7.1845	0.2523	64.4621	65.6833
1.0725	7.1833	0.2732	64.8540	65.3374
1.0730	7.1825	0.2730	65.5977	65.4612
1.0735	7.1830	0.2733	66.0562	65.8059
1.0740	7.1853	0.2499	66.0289	66.0342
1.0745	7.1859	0.2425	66.0805	65.8780
1.0750	7.1875	0.2316	66.5960	65.9258
1.0755	7.1876	0.2223	66.9744	65.5792
1.0760	7.1877	0.2290	66.7997	65.8018
1.0765	7.1877	0.2215	66.5396	65.8471
1.0770	7.1880	0.2152	65.7537	65.5668
1.0775	7.1875	0.2231	66.0352	65.5716
1.0780	7.1876	0.2226	66.3216	65.9388
1.0785	7.1863	0.2298	66.4340	65.8317
1.0790	7.1873	0.2288	67.0360	65.8510
1.0795	7.1885	0.2175	67.5256	66.0462
1.0800	7.1862	0.2334	67.5012	65.6437
1.0805	7.1856	0.2419	67.0297	65.4422
1.0810	7.1850	0.2527	67.2043	65.5147
1.0815	7.1837	0.2655	67.1315	65.4368
1.0820	7.1843	0.2645	66.7412	65.5601
1.0825	7.1845	0.2488	65.4239	65.7956
1.0830	7.1855	0.2461	64.7406	65.8684
1.0835	7.1872	0.2285	64.0347	65.7603
1.0840	7.1878	0.2216	63.2286	66.0499
1.0845	7.1888	0.2098	63.6970	65.9838
1.0850	7.1886	0.2118	63.9123	65.7522
1.0855	7.1875	0.2257	64.6978	65.8368
1.0860	7.1875	0.2275	65.0281	65.7269
1.0865	7.1871	0.2249	65.2511	65.8770
1.0870	7.1879	0.2263	65.4659	66.1286
1.0875	7.1881	0.2166	66.1099	66.2459
1.0880	7.1878	0.2235	66.4756	65.9340
1.0885	7.1873	0.2242	66.4591	66.0625
1.0890	7.1872	0.2284	66.4408	65.9814
1.0895	7.1862	0.2405	66.7928	65.5969
1.0900	7.1847	0.2525	66.9439	65.8023
1.0905	7.1847	0.2526	65.5437	65.8305
1.0910	7.1850	0.2459	65.4323	65.9385
1.0915	7.1856	0.2461	66.0746	65.8305
1.0920	7.1863	0.2415	66.7417	65.7110
1.0925	7.1876	0.2291	66.9816	65.3836
1.0930	7.1880	0.2192	67.0147	65.7395
1.0935	7.1880	0.2238	67.1755	65.6161
1.0940	7.1876	0.2184	67.5085	65.2215
1.0945	7.1873	0.2279	67.4011	65.4259
1.0950	7.1873	0.2237	66.9250	65.6231
1.0955	7.1871	0.2234	66.4960	65.9058
1.0960	7.1867	0.2290	66.2760	65.8908
1.0965	7.1861	0.2380	65.5647	65.8410
1.0970	7.1871	0.2324	64.5361	65.5687
1.0975	7.1872	0.2276	63.6087	65.8258
1.0980	7.1866	0.2322	63.4770	66.0101
1.0985	7.1860	0.2416	64.0710	65.7286
1.0990	7.1850	0.2487	64.2636	65.7744
1.0995	7.1853	0.2461	64.5970	65.8553
1.1000	7.1865	0.2380	65.1652	65.9194
1.1005	7.1870	0.2285	65.6574	66.0271
1.1010	7.1872	0.2308	65.9240	65.8583
1.1015	7.1884	0.2182	65.9564	65.6385
1.1020	7.1873	0.2179	66.3098	65.7008
1.1025	7.1882	0.2163	66.5956	65.7486
1.1030	7.1882	0.2189	66.9601	65.6553
1.1035	7.1886	0.2148	65.9638	65.8069
1.1040	7.1880	0.2192	64.7798	65.7014
1.1045	7.1885	0.2185	65.6282	65.4911
1.1050	7.1884	0.2160	65.8986	65.6174
1.1055	7.1885	0.2220	66.3015	65.7724
1.1060	7.1872	0.2288	66.6548	65.6641
1.1065	7.1861	0.2432	67.2803	65.6489
1.1070	7.1850	0.2496	67.3197	65.7476
1.1075	7.1836	0.2573	67.1242	65.6810
1.1080	7.1850	0.2508	67.1272	66.0132
1.1085	7.1853	0.2458	67.2408	66.0063
1.1090	7.1865	0.2369	66.9883	65.7743
1.1095	7.1873	0.2276	66.0958	65.8303
1.1100	7.1879	0.2207	65.5857	65.9169
1.1105	7.1872	0.2303	64.6579	65.8232
1.1110	7.1865	0.2337	64.2160	65.6929
1.1115	7.1869	0.2328	63.6110	66.1150
1.1120	7.1865	0.2322	63.5540	65.9829
1.1125	7.1874	0.2262	64.4022	66.0085
1.1130	7.1875	0.2322	64.9287	65.9825
1.1135	7.1870	0.2293	65.1468	65.8070
1.1140	7.1867	0.2282	65.2887	66.0215
1.1145	7.1855	0.2434	65.9836	66.1321
1.1150	7.1843	0.2593	66.4569	65.8227
1.1155	7.1833	0.2747	66.5243	65.4156
1.1160	7.1813	0.2912	66.3380	65.3698
1.1165	7.1810	0.2934	66.8340	65.2478
1.1170	7.1816	0.2839	66.5703	65.6755
1.1175	7.1810	0.2902	66.2982	65.7476
1.1180	7.1820	0.2827	66.0307	65.5759
1.1185	7.1839	0.2593	65.6673	65.7186
1.1190	7.1850	0.2556	66.3856	66.0542
1.1195	7.1845	0.2484	66.7599	65.8132
1.1200	7.1853	0.2523	66.6943	65.4047
1.1205	7.1852	0.2496	66.9999	65.4079
1.1210	7.1851	0.2481	67.3787	65.2138
1.1215	7.1845	0.2525	67.3707	65.4758
1.1220	7.1846	0.2548	66.8969	66.0632
1.1225	7.1852	0.2558	66.7116	66.0859
1.1230	7.1851	0.2475	66.3984	66.2076
1.1235	7.1848	0.2522	66.0609	66.3375
1.1240	7.1839	0.2641	64.5970	66.0569
1.1245	7.1825	0.2796	62.9221	65.8164
1.1250	7.1816	0.2823	63.5341	65.6980
1.1255	7.1826	0.2711	63.9181	65.4611
1.1260	7.1832	0.2716	64.1184	65.3213
1.1265	7.1838	0.2629	64.3115	65.4925
1.1270	7.1844	0.2618	65.0748	65.7428
1.1275	7.1830	0.2688	65.6275	65.9747
1.1280	7.1823	0.2809	65.8173	65.9873
1.1285	7.1826	0.2779	65.8913	65.7757
1.1290	7.1846	0.2573	66.4350	65.5962
1.1295	7.1858	0.2443	66.7731	65.5982
1.1300	7.1860	0.2428	66.8875	65.5818
1.1305	7.1863	0.2354	66.4952	65.3665
1.1310	7.1866	0.2301	66.1559	65.4594
1.1315	7.1866	0.2360	66.7141	65.7396
1.1320	7.1860	0.2399	66.0724	66.0461
1.1325	7.1858	0.2431	65.7963	66.0416
1.1330	7.1853	0.2497	66.4070	65.9877
1.1335	7.1836	0.2641	66.9692	65.8871
1.1340	7.1834	0.2695	67.1974	65.9907
1.1345	7.1844	0.2589	67.0099	66.1221
1.1350	7.1849	0.2553	67.0666	65.7745
1.1355	7.1857	0.2429	67.2961	65.9194
1.1360	7.1866	0.2322	67.1090	65.9904
1.1365	7.1875	0.2218	66.3412	65.9169
1.1370	7.1879	0.2189	65.7939	65.7453
1.1375	7.1883	0.2210	65.4589	65.8729
1.1380	7.1879	0.2225	63.5566	65.8162
1.1385	7.1878	0.2226	63.1069	66.0168
1.1390	7.1881	0.2189	63.3574	66.0843
1.1395	7.1883	0.2225	64.0548	65.6193
1.1400	7.1878	0.2207	64.6371	65.5497
1.1405	7.1877	0.2248	64.7681	65.7396
1.1410	7.1866	0.2364	65.0106	65.9037
1.1415	7.1850	0.2548	65.6534	65.4233
1.1420	7.1832	0.2676	66.2214	65.3833
1.1425	7.1827	0.2786	66.3185	65.4163
1.1430	7.1827	0.2773	66.3129	65.7784
1.1435	7.1829	0.2798	66.6201	66.0240
1.1440	7.1831	0.2759	67.1095	65.4807
1.1445	7.1857	0.2494	66.8173	65.5341
1.1450	7.1858	0.2393	66.1947	65.6037
1.1455	7.1865	0.2360	66.2951	65.9075
1.1460	7.1875	0.2235	66.1557	65.9249
1.1465	7.1872	0.2287	66.3602	65.9124
1.1470	7.1863	0.2310	66.5328	65.7735
1.1475	7.1862	0.2363	66.8088	65.8191
1.1480	7.1865	0.2411	67.2155	66.0761
1.1485	7.1867	0.2351	67.3336	65.8287
1.1490	7.1869	0.2300	67.0478	65.8343
1.1495	7.1862	0.2298	66.7527	65.8192
1.1500	7.1859	0.2390	66.6537	65.8944
1.1505	7.1849	0.2515	66.3993	65.8558
1.1510	7.1837	0.2655	65.3614	66.0664
1.1515	7.1837	0.2705	62.9832	65.8126
1.1520	7.1848	0.2549	63.0698	65.5886
1.1525	7.1859	0.2439	63.6246	65.5549
1.1530	7.1870	0.2329	63.9245	65.3193
1.1535	7.1873	0.2225	63.9657	65.4102
1.1540	7.1867	0.2321	64.6136	65.6900
1.1545	7.1868	0.2309	65.3663	65.7195
1.1550	7.1864	0.2346	65.5971	65.7642
1.1555	7.1865	0.2390	65.6140	66.1569
1.1560	7.1865	0.2362	66.0651	66.2249
1.1565	7.1872	0.2263	66.6283	65.9736
1.1570	7.1885	0.2195	66.7738	65.9897
1.1575	7.1882	0.2134	66.5676	65.7169
1.1580	7.1877	0.2245	66.7042	65.7505
1.1585	7.1857	0.2413	67.0397	65.9151
1.1590	7.1846	0.2494	66.4401	66.0269
1.1595	7.1833	0.2681	65.9275	66.0900
1.1600	7.1841	0.2692	66.0013	66.1201
1.1605	7.1859	0.2442	66.7333	66.2635
1.1610	7.1870	0.2316	67.2652	65.7142
1.1615	7.1878	0.2217	67.1044	65.8670
1.1620	7.1880	0.2162	67.0991	65.7628
1.1625	7.1876	0.2276	67.3607	65.7028
1.1630	7.1861	0.2366	67.5569	65.7982
1.1635	7.1862	0.2393	66.8716	65.5749
1.1640	7.1859	0.2321	66.3629	65.4400
1.1645	7.1861	0.2420	65.5146	65.4968
1.1650	7.1859	0.2452	64.8651	65.8550
1.1655	7.1858	0.2433	63.4956	65.4764
1.1660	7.1863	0.2376	62.9885	65.6068
1.1665	7.1870	0.2318	63.6823	65.5501
1.1670	7.1855	0.2401	64.1300	65.5837
1.1675	7.1849	0.2532	64.5947	65.8637
1.1680	7.1829	0.2675	64.7229	65.4205
1.1685	7.1821	0.2789	65.1902	65.4320
1.1690	7.1825	0.2718	65.7996	65.5603
1.1695	7.1837	0.2647	66.1954	65.9564
1.1700	7.1855	0.2503	66.1090	65.9017
1.1705	7.1868	0.2335	66.1824	65.9323
1.1710	7.1877	0.2252	66.7479	65.7391
1.1715	7.1875	0.2269	67.0167	65.6547
1.1720	7.1883	0.2203	66.8827	65.9353
1.1725	7.1881	0.2164	65.7960	65.6967
1.1730	7.1875	0.2251	65.5670	65.5298
1.1735	7.1875	0.2250	66.4203	65.7310
1.1740	7.1869	0.2284	66.5282	65.8430
1.1745	7.1873	0.2287	66.6846	65.7761
1.1750	7.1883	0.2160	67.1117	66.0160
1.1755	7.1872	0.2257	67.5998	65.8560
1.1760	7.1862	0.2428	67.4105	65.4637
1.1765	7.1850	0.2461	67.0709	65.5302
1.1770	7.1844	0.2575	66.9351	65.4787
1.1775	7.1840	0.2630	66.9998	65.5224
1.1780	7.1845	0.2501	66.2331	65.6701
1.1785	7.1850	0.2508	64.7412	65.7791
1.1790	7.1867	0.2386	64.2032	65.7004
1.1795	7.1876	0.2303	63.3436	65.9123
1.1800	7.1878	0.2216	63.7572	66.1167
1.1805	7.1886	0.2098	63.7718	65.8101
1.1810	7.1878	0.2240	64.0787	65.8339
1.1815	7.1876	0.2240	64.8697	65.7703
1.1820	7.1873	0.2260	65.3263	65.7991
1.1825	7.1874	0.2297	65.4222	66.0076
1.1830	7.1878	0.2181	65.6174	66.2270
1.1835	7.1882	0.2182	66.2654	66.0826
1.1840	7.1878	0.2230	66.5755	65.9774
1.1845	7.1868	0.2277	66.5249	66.1701
1.1850	7.1862	0.2365	66.3643	65.7084
1.1855	7.1853	0.2478	66.9427	65.7442
1.1860	7.1845	0.2593	66.2154	65.8325
1.1865	7.1853	0.2487	65.4018	65.9279
1.1870	7.1858	0.2416	65.6992	65.8664
1.1875	7.1859	0.2422	66.2650	65.7674
1.1880	7.1872	0.2367	67.0596	65.4835
1.1885	7.1879	0.2245	67.1182	65.5635
1.1890	7.1878	0.2226	67.0104	65.8230
1.1895	7.1880	0.2249	67.2057	65.3121
1.1900	7.1875	0.2248	67.5497	65.3819
1.1905	7.1872	0.2270	67.2452	65.5330
1.1910	7.1875	0.2278	66.6340	65.8752
1.1915	7.1864	0.2381	66.1796	65.9202
1.1920	7.1859	0.2405	65.9888	65.9001
1.1925	7.1860	0.2375	65.0168	65.6544
1.1930	7.1866	0.2309	63.9833	65.6304
1.1935	7.1871	0.2343	63.2717	66.0287
1.1940	7.1859	0.2372	63.8364	65.8315
1.1945	7.1850	0.2490	64.2569	65.7388
1.1950	7.1846	0.2528	64.4448	65.8626
1.1955	7.1860	0.2404	64.8747	65.9186
1.1960	7.1875	0.2304	65.4837	66.0241
1.1965	7.1879	0.2308	65.8298	65.9623
1.1970	7.1881	0.2142	65.9691	65.6973
1.1975	7.1880	0.2220	66.1171	65.6618
1.1980	7.1882	0.2196	66.5213	65.7504
1.1985	7.1879	0.2166	66.8301	65.6996
1.1990	7.1885	0.2172	66.6327	65.7508
1.1995	7.1883	0.2196	64.8648	65.8055
1.2000	7.1877	0.2240	65.2559	65.5426
1.2005	7.1884	0.2186	65.8650	65.5679
1.2010	7.1877	0.2219	66.1751	65.7474
1.2015	7.1874	0.2250	66.4749	65.7631
1.2020	7.1859	0.2426	66.9300	65.6112
1.2025	7.1851	0.2496	67.3891	65.7211
1.2030	7.1838	0.2619	67.2260	65.6632
1.2035	7.1846	0.2579	67.1235	65.8555
1.2040	7.1853	0.2530	67.1353	66.0809
1.2045	7.1856	0.2411	67.1975	65.8413
1.2050	7.1868	0.2387	66.5042	65.7915
1.2055	7.1876	0.2245	65.7764	65.8905
1.2060	7.1875	0.2249	64.9807	65.9344
1.2065	7.1864	0.2332	64.2928	65.6791
1.2070	7.1869	0.2349	63.9804	65.9788
1.2075	7.1870	0.2320	63.4260	66.1040
1.2080	7.1867	0.2346	64.0721	65.9359
1.2085	7.1872	0.2292	64.6927	66.0586
1.2090	7.1866	0.2328	65.1557	65.8061
1.2095	7.1869	0.2322	65.1534	65.9437
1.2100	7.1866	0.2354	65.6667	66.1167
1.2105	7.1847	0.2546	66.2835	66.0301
1.2110	7.1831	0.2739	66.5818	65.5347
1.2115	7.1820	0.2818	66.3610	65.4338
1.2120	7.1806	0.2953	66.6474	65.2271
1.2125	7.1808	0.2944	66.7698	65.4612
1.2130	7.1818	0.2831	66.3161	65.7841
1.2135	7.1807	0.2936	66.2871	65.5976
1.2140	7.1830	0.2676	65.6679	65.6052
1.2145	7.1847	0.2571	65.9458	65.9225
1.2150	7.1845	0.2581	66.7807	65.9756
1.2155	7.1849	0.2523	66.8363	65.5211
1.2160	7.1848	0.2440	66.8067	65.4155
1.2165	7.1858	0.2465	67.1130	65.3017
1.2170	7.1850	0.2512	67.4858	65.2899
1.2175	7.1848	0.2540	67.3013	65.8976
1.2180	7.1844	0.2531	66.7149	66.0958
1.2185	7.1853	0.2482	66.4271	66.1084
1.2190	7.1851	0.2449	66.1797	66.3017
1.2195	7.1844	0.2609	65.5945	66.1606
1.2200	7.1831	0.2714	63.4185	65.8829
1.2205	7.1825	0.2744	63.0503	65.7239
1.2210	7.1830	0.2692	63.7407	65.5615
1.2215	7.1836	0.2659	64.1413	65.3108
1.2220	7.1840	0.2629	64.3015	65.4351
1.2225	7.1845	0.2526	64.6345	65.6717
1.2230	7.1841	0.2573	65.3752	65.8939
1.2235	7.1826	0.2767	65.8408	65.9977
1.2240	7.1826	0.2789	65.9752	65.8345
1.2245	7.1845	0.2593	66.1242	65.6527
1.2250	7.1856	0.2437	66.6190	65.5524
1.2255	7.1865	0.2398	66.9056	65.6361
1.2260	7.1864	0.2334	66.8694	65.4143
1.2265	7.1866	0.2321	66.0241	65.3888
1.2270	7.1865	0.2341	66.4921	65.6234
1.2275	7.1866	0.2366	66.4927	65.9436
1.2280	7.1854	0.2409	65.8447	65.9958
1.2285	7.1855	0.2464	66.1197	65.8807
1.2290	7.1839	0.2587	66.6633	65.9480
1.2295	7.1829	0.2723	67.2075	65.8713
1.2300	7.1836	0.2652	67.2795	66.1761
1.2305	7.1840	0.2587	66.9672	65.8961
1.2310	7.1854	0.2545	67.0881	65.8304
1.2315	7.1864	0.2363	67.2112	65.9774
1.2320	7.1870	0.2299	66.9332	65.9552
1.2325	7.1879	0.2227	65.9574	65.7438
1.2330	7.1883	0.2172	65.5919	65.7226
1.2335	7.1880	0.2206	64.2521	65.8475
1.2340	7.1882	0.2238	63.2427	65.8323
1.2345	7.1878	0.2238	63.3504	66.1692
1.2350	7.1878	0.2222	63.6147	65.8146
1.2355	7.1873	0.2226	64.4466	65.6614
1.2360	7.1880	0.2240	64.8028	65.6675
1.2365	7.1866	0.2340	64.9912	65.9095
1.2370	7.1851	0.2505	65.3151	65.6052
1.2375	7.1833	0.2618	66.0190	65.3024
1.2380	7.1823	0.2773	66.3731	65.3990
1.2385	7.1823	0.2761	66.3530	65.5631
1.2390	7.1822	0.2758	66.4406	66.0274
1.2395	7.1830	0.2773	66.9099	65.6334
1.2400	7.1841	0.2552	67.1139	65.4460
1.2405	7.1865	0.2390	66.4656	65.5750
1.2410	7.1870	0.2322	66.2312	65.7647
1.2415	7.1874	0.2287	66.2239	65.9558
1.2420	7.1876	0.2262	66.2708	65.8667
1.2425	7.1869	0.2310	66.6454	65.8545
1.2430	7.1862	0.2369	66.6765	65.7148
1.2435	7.1861	0.2361	67.0376	66.0416
1.2440	7.1861	0.2400	67.2782	65.8754
1.2445	7.1868	0.2324	67.2920	65.8035
1.2450	7.1863	0.2382	66.8696	65.7897
1.2455	7.1856	0.2388	66.7687	65.8408
1.2460	7.1850	0.2486	66.4116	65.8017
1.2465	7.1839	0.2664	66.1053	65.9702
1.2470	7.1827	0.2662	63.8666	65.9618
1.2475	7.1841	0.2626	62.7799	65.6264
1.2480	7.1851	0.2475	63.4671	65.6030
1.2485	7.1867	0.2358	63.7664	65.3947
1.2490	7.1880	0.2226	64.0535	65.3047
1.2495	7.1873	0.2249	64.4048	65.5769
1.2500	7.1871	0.2288	65.0809	65.6910
1.2505	7.1867	0.2329	65.4327	65.7227
1.2510	7.1861	0.2400	65.6576	65.9648
1.2515	7.1858	0.2413	66.0028	66.2376
1.2520	7.1865	0.2360	66.6009	66.0400
1.2525	7.1878	0.2289	66.6402	65.9934
1.2530	7.1880	0.2200	66.5627	65.8573
1.2535	7.1879	0.2257	66.6881	65.6822
1.2540	7.1862	0.2401	67.1446	65.9158
1.2545	7.1849	0.2517	66.6556	65.9518
1.2550	7.1836	0.2673	65.9709	66.0848
1.2555	7.1828	0.2673	65.9699	65.9855
1.2560	7.1845	0.2558	66.5843	66.2469
1.2565	7.1864	0.2393	67.1604	65.8579
1.2570	7.1870	0.2349	67.0371	65.7070
1.2575	7.1878	0.2163	67.0916	65.8843
1.2580	7.1877	0.2234	67.3504	65.6690
1.2585	7.1866	0.2341	67.6514	65.8473
1.2590	7.1867	0.2354	67.1162	65.6562
1.2595	7.1866	0.2343	66.4995	65.4838
1.2600	7.1861	0.2401	65.9999	65.3697
1.2605	7.1859	0.2426	65.2441	65.7228
1.2610	7.1861	0.2426	64.0855	65.6214
1.2615	7.1864	0.2389	62.8488	65.4289
1.2620	7.1871	0.2330	63.4849	65.6460
1.2625	7.1855	0.2400	64.0341	65.4048
1.2630	7.1845	0.2552	64.5086	65.8442
1.2635	7.1831	0.2664	64.5974	65.6340
1.2640	7.1818	0.2799	65.0130	65.4114
1.2645	7.1826	0.2734	65.6933	65.4808
1.2650	7.1839	0.2620	66.0802	65.7840
1.2655	7.1848	0.2493	66.0494	65.9437
1.2660	7.1862	0.2400	66.1701	65.8258
1.2665	7.1872	0.2278	66.7348	65.8463
1.2670	7.1874	0.2223	66.9552	65.5531
1.2675	7.1876	0.2240	66.8284	65.8705
1.2680	7.1878	0.2231	66.3103	65.8381
1.2685	7.1872	0.2260	65.6422	65.5550
1.2690	7.1868	0.2301	66.1889	65.6595
1.2695	7.1869	0.2355	66.3575	65.8658
1.2700	7.1863	0.2364	66.5798	65.7836
1.2705	7.1873	0.2278	67.1337	65.8987
1.2710	7.1871	0.2250	67.5310	65.9647
1.2715	7.1859	0.2391	67.3829	65.5192
1.2720	7.1851	0.2487	67.0736	65.4441
1.2725	7.1842	0.2594	67.2325	65.5102
1.2730	7.1833	0.2656	67.1092	65.4787
1.2735	7.1844	0.2572	66.5747	65.6231
1.2740	7.1846	0.2559	65.0379	65.7612
1.2745	7.1857	0.2414	64.6206	65.7704
1.2750	7.1869	0.2307	63.8108	65.7757
1.2755	7.1876	0.2229	63.4291	66.0924
1.2760	7.1885	0.2147	63.7946	65.8954
1.2765	7.1880	0.2134	63.9236	65.7500
1.2770	7.1878	0.2279	64.7661	65.7692
1.2775	7.1878	0.2258	65.1433	65.7426
1.2780	7.1876	0.2259	65.3103	65.9153
1.2785	7.1879	0.2223	65.5557	66.1796
1.2790	7.1876	0.2178	66.2560	66.2382
1.2795	7.1872	0.2263	66.5143	65.9431
1.2800	7.1870	0.2240	66.4137	66.1708
1.2805	7.1861	0.2363	66.3488	65.8916
1.2810	7.1854	0.2491	67.0124	65.6404
1.2815	7.1838	0.2578	66.7614	65.7903
1.2820	7.1841	0.2536	65.2632	65.7675
1.2825	7.1850	0.2543	65.5217	65.9176
1.2830	7.1847	0.2519	66.2574	65.7875
1.2835	7.1861	0.2470	66.9233	65.6502
1.2840	7.1870	0.2287	66.8831	65.4302
1.2845	7.1876	0.2243	67.0028	65.8529
1.2850	7.1875	0.2229	67.3301	65.4934
1.2855	7.1873	0.2282	67.6121	65.2721
1.2860	7.1872	0.2281	67.1749	65.4249
1.2865	7.1870	0.2317	66.7457	65.6903
1.2870	7.1864	0.2360	66.4967	65.9366
1.2875	7.1858	0.2365	66.3032	65.8889
1.2880	7.1861	0.2393	65.2319	65.8024
1.2885	7.1866	0.2344	64.2292	65.5776
1.2890	7.1868	0.2311	63.5235	65.9620
1.2895	7.1865	0.2336	63.7285	65.9510
1.2900	7.1857	0.2422	64.0899	65.7198
1.2905	7.1849	0.2510	64.1976	65.8019
1.2910	7.1853	0.2417	64.7292	65.8691
1.2915	7.1865	0.2322	65.3977	65.9616
1.2920	7.1876	0.2334	65.6962	66.0258
1.2925	7.1875	0.2235	65.7996	65.7980
1.2930	7.1877	0.2209	66.0014	65.6414
1.2935	7.1875	0.2240	66.5882	65.7459
1.2940	7.1877	0.2169	66.6427	65.7528
1.2945	7.1880	0.2172	66.8244	65.6885
1.2950	7.1881	0.2163	65.4569	65.8412
1.2955	7.1879	0.2228	64.9790	65.6278
1.2960	7.1879	0.2216	65.8254	65.5095
1.2965	7.1886	0.2133	65.8535	65.6748
1.2970	7.1877	0.2242	66.3846	65.8070
1.2975	7.1864	0.2360	66.8653	65.6587
1.2980	7.1852	0.2490	67.3220	65.6919
1.2985	7.1844	0.2559	67.1853	65.7245
1.2990	7.1838	0.2623	67.0738	65.7325
1.2995	7.1841	0.2599	67.2950	66.0752
1.3000	7.1853	0.2505	67.2985	65.9107
1.3005	7.1860	0.2447	66.6108	65.7890
1.3010	7.1870	0.2314	65.9198	65.8602
1.3015	7.1867	0.2284	65.5510	65.9443
1.3020	7.1863	0.2333	64.5271	65.7649
1.3025	7.1860	0.2363	64.0446	65.7693
1.3030	7.1865	0.2332	63.4159	66.1567
1.3035	7.1865	0.2351	63.8836	65.9327
1.3040	7.1869	0.2301	64.5860	66.0601
1.3045	7.1865	0.2375	64.9029	65.9010
1.3050	7.1862	0.2339	65.0854	65.8699
1.3055	7.1865	0.2357	65.4670	66.0924
1.3060	7.1859	0.2487	66.1835	66.1353
1.3065	7.1835	0.2633	66.4890	65.6979
1.3070	7.1827	0.2722	66.3572	65.3926
1.3075	7.1813	0.2900	66.5085	65.3053
1.3080	7.1812	0.2953	66.9162	65.2702
1.3085	7.1818	0.2794	66.2018	65.7412
1.3090	7.1811	0.2885	66.2387	65.7044
1.3095	7.1831	0.2805	65.8717	65.5943
1.3100	7.1847	0.2537	65.8855	65.8098
1.3105	7.1845	0.2524	66.5658	66.0570
1.3110	7.1848	0.2514	66.6309	65.7159
1.3115	7.1850	0.2522	66.7043	65.4174
1.3120	7.1853	0.2530	67.1894	65.4000
1.3125	7.1844	0.2546	67.4671	65.2165
1.3130	7.1846	0.2582	67.2531	65.6437
1.3135	7.1846	0.2579	66.7072	66.1128
1.3140	7.1851	0.2520	66.7345	66.0755
1.3145	7.1849	0.2528	66.4094	66.2657
1.3150	7.1844	0.2584	65.8509	66.3181
1.3155	7.1835	0.2661	64.0751	65.9969
1.3160	7.1819	0.2806	62.9897	65.7825
1.3165	7.1817	0.2809	63.7672	65.6659
1.3170	7.1829	0.2722	63.8983	65.4063
1.3175	7.1832	0.2729	64.0244	65.3556
1.3180	7.1837	0.2615	64.4770	65.6096
1.3185	7.1837	0.2602	65.3745	65.8035
1.3190	7.1833	0.2701	65.6602	66.0137
1.3195	7.1820	0.2846	65.7286	65.9354
1.3200	7.1826	0.2755	65.9582	65.7246
1.3205	7.1847	0.2537	66.6531	65.5857
1.3210	7.1855	0.2464	66.8113	65.6352
1.3215	7.1860	0.2394	66.7876	65.5656
1.3220	7.1869	0.2381	66.2208	65.3693
1.3225	7.1863	0.2369	66.3958	65.5596
1.3230	7.1861	0.2442	66.7554	65.8418
1.3235	7.1856	0.2472	65.7748	66.0742
1.3240	7.1852	0.2475	65.8780	65.9223
1.3245	7.1846	0.2558	66.6119	65.9519
1.3250	7.1834	0.2705	67.1214	65.8651
1.3255	7.1833	0.2665	67.1364	66.0625
1.3260	7.1844	0.2572	66.9083	66.0707
1.3265	7.1853	0.2549	67.1763	65.7600
1.3270	7.1863	0.2392	67.3030	65.9779
1.3275	7.1870	0.2304	66.9245	65.9960
1.3280	7.1877	0.2281	66.1043	65.9138
1.3285	7.1879	0.2182	65.8689	65.6911
1.3290	7.1879	0.2180	65.1570	65.8992
1.3295	7.1877	0.2224	63.2493	65.7894
1.3300	7.1876	0.2243	63.1018	66.1080
1.3305	7.1873	0.2263	63.4686	66.0083
1.3310	7.1874	0.2231	64.2920	65.6626
1.3315	7.1876	0.2247	64.6326	65.6512
1.3320	7.1876	0.2284	64.7692	65.8208
1.3325	7.1856	0.2437	65.1305	65.8344
1.3330	7.1846	0.2561	65.9146	65.3527
1.3335	7.1827	0.2723	66.2728	65.4384
1.3340	7.1826	0.2729	66.2151	65.4774
1.3345	7.1830	0.2741	66.3394	65.9447
1.3350	7.1827	0.2748	66.8408	65.9063
1.3355	7.1836	0.2616	67.1437	65.4335
1.3360	7.1860	0.2416	66.5329	65.5806
1.3365	7.1867	0.2335	66.1637	65.6576
1.3370	7.1870	0.2271	66.4381	65.9766
1.3375	7.1876	0.2261	66.1993	65.9036
1.3380	7.1869	0.2295	66.3538	65.9318
1.3385	7.1861	0.2383	66.4696	65.7405
1.3390	7.1857	0.2401	67.0135	65.9596
1.3395	7.1864	0.2377	67.3419	66.0230
1.3400	7.1863	0.2376	67.2044	65.8196
1.3405	7.1862	0.2400	66.8143	65.8340
1.3410	7.1858	0.2404	66.9186	65.8428
1.3415	7.1854	0.2460	66.6914	65.8716
1.3420	7.1844	0.2631	66.2467	65.8995
1.3425	7.1836	0.2685	64.6126	66.0600
1.3430	7.1836	0.2657	62.7865	65.7153
1.3435	7.1853	0.2531	63.5183	65.6125
1.3440	7.1861	0.2380	63.7004	65.5278
1.3445	7.1876	0.2284	63.6825	65.3125
1.3450	7.1874	0.2237	64.0120	65.5103
1.3455	7.1870	0.2360	65.1043	65.7272
1.3460	7.1869	0.2338	65.5028	65.7173
1.3465	7.1858	0.2391	65.3482	65.8458
1.3470	7.1856	0.2434	65.5600	66.1990
1.3475	7.1859	0.2377	66.5420	66.1550
1.3480	7.1866	0.2354	66.8617	65.9885
1.3485	7.1879	0.2215	66.4776	65.9775
1.3490	7.1880	0.2213	66.3255	65.6855
1.3495	7.1868	0.2304	67.0928	65.8341
1.3500	7.1857	0.2460	67.2051	65.9316
1.3505	7.1839	0.2587	66.0551	66.0750
1.3510	7.1835	0.2690	65.6511	66.0375
1.3515	7.1846	0.2585	66.3439	66.1854
1.3520	7.1859	0.2370	67.2262	66.1395
1.3525	7.1867	0.2318	67.0677	65.6724
1.3530	7.1876	0.2227	66.7506	65.9107
1.3535	7.1883	0.2140	67.2376	65.6837
1.3540	7.1874	0.2285	67.7970	65.7595
1.3545	7.1865	0.2307	67.3903	65.7624
1.3550	7.1864	0.2339	66.3726	65.5539
1.3555	7.1869	0.2359	66.2579	65.4037
1.3560	7.1858	0.2418	65.7121	65.6316
1.3565	7.1858	0.2390	64.6861	65.8335
1.3570	7.1858	0.2435	62.7885	65.4345
1.3575	7.1863	0.2324	62.9883	65.6665
1.3580	7.1869	0.2315	64.0688	65.4413
1.3585	7.1853	0.2499	64.4868	65.6533
1.3590	7.1843	0.2607	64.3959	65.7984
1.3595	7.1827	0.2772	64.5984	65.3743
1.3600	7.1824	0.2790	65.5384	65.4569
1.3605	7.1829	0.2717	66.1047	65.6678
1.3610	7.1842	0.2638	65.9363	66.0266
1.3615	7.1853	0.2493	65.9232	65.8975
1.3620	7.1866	0.2368	66.6099	65.9611
1.3625	7.1872	0.2291	67.1269	65.6486
1.3630	7.1873	0.2288	66.7778	65.7283
1.3635	7.1873	0.2265	66.4301	65.9061
1.3640	7.1876	0.2245	65.7898	65.6081
1.3645	7.1868	0.2272	66.0631	65.5635
1.3650	7.1870	0.2258	66.3271	65.8308
1.3655	7.1868	0.2272	66.3104	65.8503
1.3660	7.1868	0.2300	66.9557	65.8271
1.3665	7.1881	0.2207	67.4536	66.0582
1.3670	7.1864	0.2351	67.4988	65.7464
1.3675	7.1857	0.2435	67.1085	65.4518
1.3680	7.1849	0.2534	67.1963	65.5464
1.3685	7.1840	0.2648	67.1505	65.4682
1.3690	7.1842	0.2604	66.8862	65.5542
1.3695	7.1846	0.2555	65.6002	65.7360
1.3700	7.1853	0.2484	64.7030	65.8347
1.3705	7.1866	0.2319	64.2890	65.7218
1.3710	7.1872	0.2266	63.3110	66.0304
1.3715	7.1877	0.2255	63.6546	66.0460
1.3720	7.1885	0.2231	63.7285	65.7832
1.3725	7.1868	0.2343	64.5390	65.8570
1.3730	7.1875	0.2276	65.0585	65.7797
1.3735	7.1875	0.2245	65.2192	65.8519
1.3740	7.1874	0.2197	65.3838	66.1010
1.3745	7.1882	0.2222	65.9963	66.2694
1.3750	7.1877	0.2239	66.4605	65.9692
1.3755	7.1870	0.2284	66.3782	66.0434
1.3760	7.1861	0.2343	66.3617	66.0763
1.3765	7.1858	0.2377	66.7385	65.6604
1.3770	7.1847	0.2523	67.1215	65.8063
1.3775	7.1846	0.2555	65.7303	65.8073
1.3780	7.1856	0.2490	65.2781	65.9661
1.3785	7.1857	0.2443	65.9271	65.8550
1.3790	7.1863	0.2354	66.6859	65.7505
1.3795	7.1869	0.2301	67.0113	65.4105
1.3800	7.1879	0.2241	66.9206	65.6787
1.3805	7.1876	0.2228	67.1490	65.6998
1.3810	7.1877	0.2260	67.5155	65.2379
1.3815	7.1873	0.2284	67.4854	65.4099
1.3820	7.1869	0.2319	66.9654	65.5575
1.3825	7.1867	0.2345	66.4802	65.9428
1.3830	7.1853	0.2446	66.3730	65.9155
1.3835	7.1855	0.2499	65.8630	65.9069
1.3840	7.1857	0.2421	64.6536	65.5842
1.3845	7.1863	0.2342	63.6987	65.7533
1.3850	7.1862	0.2404	63.4157	66.0179
1.3855	7.1854	0.2461	64.0934	65.7286
1.3860	7.1844	0.2534	64.2245	65.7521
1.3865	7.1851	0.2529	64.4068	65.8597
1.3870	7.1861	0.2425	65.1164	65.9141
1.3875	7.1868	0.2343	65.7452	66.0364
1.3880	7.1873	0.2311	65.8890	65.9104
1.3885	7.1882	0.2247	65.8097	65.6734
1.3890	7.1879	0.2271	66.2448	65.7145
1.3895	7.1874	0.2236	66.7410	65.7626
1.3900	7.1878	0.2181	66.9522	65.6794
1.3905	7.1880	0.2192	66.0751	65.7892
1.3910	7.1877	0.2224	64.6788	65.7146
1.3915	7.1875	0.2183	65.6850	65.4934
1.3920	7.1882	0.2193	66.0083	65.6056
1.3925	7.1876	0.2209	66.1325	65.7808
1.3930	7.1869	0.2320	66.4359	65.7263
1.3935	7.1856	0.2527	67.2304	65.6284
1.3940	7.1849	0.2594	67.4756	65.7524
1.3945	7.1839	0.2680	67.1264	65.6559
1.3950	7.1846	0.2611	67.0266	65.9678
1.3955	7.1848	0.2546	67.2321	66.0196
1.3960	7.1860	0.2431	67.1951	65.7687
1.3965	7.1873	0.2323	66.2335	65.8297
1.3970	7.1872	0.2280	65.5736	65.9137
1.3975	7.1870	0.2356	64.7619	65.8746
1.3980	7.1861	0.2331	64.3373	65.6806
1.3985	7.1867	0.2354	63.8343	66.0861
1.3990	7.1865	0.2393	63.3963	66.0041
1.3995	7.1866	0.2298	64.2414	65.9766
1.4000	7.1867	0.2380	64.9338	66.0097
1.4005	7.1861	0.2427	65.2025	65.7977
1.4010	7.1865	0.2386	65.1796	66.0380
1.4015	7.1854	0.2447	65.8386	66.1682
1.4020	7.1841	0.2627	66.4528	65.9373
1.4025	7.1824	0.2726	66.6718	65.4359
1.4030	7.1815	0.2888	66.2834	65.3724
1.4035	7.1801	0.3047	66.7382	65.1778
1.4040	7.1811	0.2899	66.5788	65.5507
1.4045	7.1815	0.2924	66.3349	65.7569
1.4050	7.1812	0.2910	66.1789	65.5769
1.4055	7.1837	0.2662	65.5818	65.6997
1.4060	7.1840	0.2539	66.2848	66.0167
1.4065	7.1845	0.2562	66.8648	65.9085
1.4070	7.1846	0.2596	66.7186	65.4501
1.4075	7.1845	0.2509	66.8559	65.4548
1.4080	7.1849	0.2545	67.3462	65.2745
1.4085	7.1845	0.2531	67.5530	65.3926
1.4090	7.1841	0.2582	67.0761	66.0039
1.4095	7.1850	0.2588	66.5986	66.0675
1.4100	7.1852	0.2530	66.4236	66.1683
1.4105	7.1843	0.2573	66.2264	66.3481
1.4110	7.1833	0.2651	65.1858	66.1289
1.4115	7.1826	0.2763	63.0752	65.8402
1.4120	7.1821	0.2844	63.2856	65.7121
1.4125	7.1830	0.2756	63.9133	65.5115
1.4130	7.1833	0.2722	64.1763	65.3115
1.4135	7.1834	0.2637	64.2977	65.4782
1.4140	7.1844	0.2537	64.8817	65.7209
1.4145	7.1842	0.2590	65.5539	65.9218
1.4150	7.1821	0.2741	65.8923	65.9700
1.4155	7.1828	0.2761	65.9225	65.7692
1.4160	7.1847	0.2541	66.2617	65.5950
1.4165	7.1854	0.2463	66.7429	65.5834
1.4170	7.1863	0.2393	66.9635	65.6318
1.4175	7.1864	0.2341	66.6405	65.4060
1.4180	7.1866	0.2317	66.0549	65.4637
1.4185	7.1861	0.2366	66.6778	65.7081
1.4190	7.1857	0.2418	66.2611	66.0190
1.4195	7.1858	0.2435	65.7593	65.9839
1.4200	7.1848	0.2522	66.2692	65.9078
1.4205	7.1835	0.2671	66.9237	65.8935
1.4210	7.1829	0.2753	67.2857	65.9127
1.4215	7.1839	0.2631	67.0949	66.1480
1.4220	7.1846	0.2561	66.9737	65.7842
1.4225	7.1859	0.2443	67.2501	65.8962
1.4230	7.1861	0.2398	67.1980	66.0057
1.4235	7.1871	0.2296	66.5866	65.9579
1.4240	7.1876	0.2299	65.8250	65.7469
1.4245	7.1877	0.2258	65.5586	65.8239
1.4250	7.1873	0.2283	63.8484	65.8147
1.4255	7.1873	0.2251	63.1781	65.9379
1.4260	7.1876	0.2257	63.3462	66.0945
1.4265	7.1875	0.2237	63.8814	65.6469
1.4270	7.1878	0.2265	64.5984	65.6020
1.4275	7.1872	0.2337	64.8555	65.7341
1.4280	7.1860	0.2363	65.0299	65.9199
1.4285	7.1846	0.2548	65.5075	65.4925
1.4290	7.1836	0.2687	66.1482	65.3632
1.4295	7.1824	0.2841	66.3875	65.4327
1.4300	7.1821	0.2841	66.3915	65.6932
1.4305	7.1817	0.2803	66.5607	66.0317
1.4310	7.1825	0.2800	67.0203	65.4765
1.4315	7.1844	0.2550	66.9881	65.4659
1.4320	7.1853	0.2437	66.3584	65.5945
1.4325	7.1861	0.2387	66.2571	65.8705
1.4330	7.1869	0.2360	66.1584	65.9443
1.4335	7.1872	0.2308	66.4556	65.9130
1.4340	7.1860	0.2427	66.6245	65.8087
1.4345	7.1858	0.2452	66.6579	65.7971
1.4350	7.1854	0.2457	67.1396	66.0787
1.4355	7.1861	0.2418	67.3890	65.7926
1.4360	7.1862	0.2384	67.2072	65.7613
1.4365	7.1858	0.2399	66.7907	65.7827
1.4370	7.1859	0.2393	66.6570	65.8853
1.4375	7.1849	0.2523	66.4055	65.8265
1.4380	7.1833	0.2665	65.7044	66.0356
1.4385	7.1831	0.2747	63.2525	65.8606
1.4390	7.1847	0.2567	62.9612	65.5842
1.4395	7.1862	0.2445	63.5774	65.5758
1.4400	7.1871	0.2310	63.8904	65.3323
1.4405	7.1876	0.2177	63.9949	65.3617
1.4410	7.1872	0.2254	64.5492	65.6648
1.4415	7.1869	0.2292	65.2622	65.7554
1.4420	7.1864	0.2351	65.5926	65.7806
1.4425	7.1859	0.2385	65.7912	66.1067
1.4430	7.1866	0.2419	66.0448	66.2500
1.4435	7.1865	0.2322	66.4516	65.9959
1.4440	7.1876	0.2253	66.6724	65.9980
1.4445	7.1887	0.2180	66.7677	65.7646
1.4450	7.1873	0.2227	66.9188	65.7158
1.4455	7.1861	0.2405	67.0146	65.9086
1.4460	7.1847	0.2514	66.3212	65.9805
1.4465	7.1831	0.2689	65.9866	66.0751
1.4470	7.1829	0.2696	66.1775	66.0684
1.4475	7.1849	0.2484	66.7441	66.3037
1.4480	7.1865	0.2313	67.1043	65.7850
1.4485	7.1882	0.2236	67.0270	65.8203
1.4490	7.1884	0.2136	67.2976	65.8142
1.4495	7.1868	0.2306	67.5113	65.6465
1.4500	7.1860	0.2416	67.4918	65.8147
1.4505	7.1851	0.2567	66.8082	65.5953
1.4510	7.1861	0.2425	66.5623	65.4694
1.4515	7.1857	0.2468	65.9028	65.4770
1.4520	7.1854	0.2431	64.9789	65.8253
1.4525	7.1851	0.2495	63.3981	65.5202
1.4530	7.1858	0.2443	62.9316	65.5402
1.4535	7.1865	0.2390	63.9040	65.5665
1.4540	7.1854	0.2423	64.1658	65.4440
1.4545	7.1848	0.2556	64.4116	65.8806
1.4550	7.1832	0.2690	64.6115	65.4930
1.4555	7.1824	0.2768	65.2996	65.4278
1.4560	7.1828	0.2772	65.8037	65.5464
1.4565	7.1830	0.2638	65.9826	65.9366
1.4570	7.1852	0.2529	66.1261	65.9376
1.4575	7.1863	0.2438	66.4663	65.9089
1.4580	7.1871	0.2314	66.7589	65.7724
1.4585	7.1871	0.2325	66.6816	65.6111
1.4590	7.1870	0.2297	66.8487	65.9227
1.4595	7.1876	0.2266	66.3193	65.7394
1.4600	7.1871	0.2320	65.6915	65.5335
1.4605	7.1870	0.2346	66.0751	65.7661
1.4610	7.1868	0.2308	66.3488	65.9365
1.4615	7.1866	0.2395	66.9472	65.7957
1.4620	7.1875	0.2234	67.2873	65.9922
1.4625	7.1870	0.2319	67.3140	65.9133
1.4630	7.1857	0.2452	67.2143	65.4529
1.4635	7.1852	0.2499	67.3939	65.5001
1.4640	7.1838	0.2619	67.3353	65.5000
1.4645	7.1837	0.2656	66.7687	65.4989
1.4650	7.1848	0.2587	66.0158	65.7048
1.4655	7.1851	0.2537	65.0101	65.8786
1.4660	7.1863	0.2430	64.7789	65.8078
1.4665	7.1867	0.2281	63.3501	65.8905
1.4670	7.1877	0.2270	63.3111	66.1249
1.4675	7.1888	0.2124	63.8425	65.8312
1.4680	7.1879	0.2241	64.3925	65.8056
1.4685	7.1874	0.2294	64.8649	65.8100
1.4690	7.1873	0.2247	64.9815	65.7853
1.4695	7.1870	0.2304	65.3699	66.0107
1.4700	7.1877	0.2217	65.9398	66.2715
1.4705	7.1874	0.2239	66.3740	66.1504
1.4710	7.1869	0.2300	66.2508	65.9761
1.4715	7.1864	0.2329	66.4242	66.1876
1.4720	7.1864	0.2409	66.6967	65.7602
1.4725	7.1854	0.2468	67.1457	65.7040
1.4730	7.1840	0.2543	66.0630	65.8107
1.4735	7.1849	0.2561	65.1293	65.8950
1.4740	7.1849	0.2535	65.9180	65.9131
1.4745	7.1852	0.2477	66.5346	65.7940
1.4750	7.1863	0.2428	66.7998	65.5807
1.4755	7.1872	0.2258	66.7662	65.5279
1.4760	7.1873	0.2284	67.2517	65.8838
1.4765	7.1878	0.2226	67.5540	65.3582
1.4770	7.1876	0.2226	67.4255	65.3368
1.4775	7.1873	0.2290	66.9221	65.4471
1.4780	7.1870	0.2314	66.8076	65.8034
1.4785	7.1865	0.2356	66.6307	65.9342
1.4790	7.1862	0.2351	66.0201	65.8966
1.4795	7.1865	0.2416	64.7493	65.7217
1.4800	7.1863	0.2384	64.1067	65.6231
1.4805	7.1862	0.2377	63.6416	66.0643
1.4810	7.1861	0.2378	63.8699	65.8908
1.4815	7.1856	0.2496	63.9298	65.7684
1.4820	7.1857	0.2472	64.3401	65.8555
1.4825	7.1856	0.2403	65.1237	65.8940
1.4830	7.1872	0.2265	65.5455	66.0028
1.4835	7.1869	0.2274	65.5675	65.9764
1.4840	7.1878	0.2214	65.7871	65.7091
1.4845	7.1881	0.2210	66.3302	65.6734
1.4850	7.1877	0.2226	66.7473	65.7815
1.4855	7.1883	0.2161	66.5468	65.7498
1.4860	7.1881	0.2200	66.5443	65.7608
1.4865	7.1873	0.2241	65.1799	65.8624
1.4870	7.1876	0.2304	65.4118	65.5793
1.4875	7.1875	0.2239	65.7363	65.5936
1.4880	7.1876	0.2253	65.8128	65.7500
1.4885	7.1873	0.2313	66.5804	65.7860
1.4890	7.1860	0.2449	67.2018	65.6189
1.4895	7.1851	0.2565	67.2765	65.7134
1.4900	7.1838	0.2638	66.9808	65.6697
1.4905	7.1836	0.2666	67.2070	65.8244
1.4910	7.1841	0.2604	67.4604	66.1166
1.4915	7.1854	0.2538	67.1800	65.8602
1.4920	7.1859	0.2416	66.2266	65.8542
1.4925	7.1866	0.2332	65.8867	65.9238
1.4930	7.1869	0.2331	65.4789	65.9779
1.4935	7.1861	0.2383	64.3402	65.7084
1.4940	7.1863	0.2393	63.7367	65.9082
1.4945	7.1865	0.2347	63.2862	66.1124
1.4950	7.1867	0.2325	64.2544	65.8955
1.4955	7.1868	0.2362	64.7686	66.0829
1.4960	7.1863	0.2402	64.8905	65.8057
1.4965	7.1867	0.2371	65.0019	65.9754
1.4970	7.1866	0.2389	65.8178	66.1618
1.4975	7.1848	0.2586	66.4319	66.1336
1.4980	7.1830	0.2683	66.4747	65.6092
1.4985	7.1821	0.2805	66.1109	65.4493
1.4990	7.1806	0.2960	66.7509	65.2632
1.4995	7.1808	0.2953	66.9526	65.3762
1.5000	7.1813	0.2853	66.1049	65.7823
1.5005	7.1810	0.2936	66.0762	65.6261
1.5010	7.1832	0.2701	65.7837	65.6048
1.5015	7.1846	0.2556	66.2059	65.9289
1.5020	7.1847	0.2553	66.6626	66.0566
1.5025	7.1847	0.2561	66.4687	65.6008
1.5030	7.1849	0.2502	66.7888	65.4477
1.5035	7.1850	0.2509	67.5042	65.3614
1.5040	7.1844	0.2549	67.5134	65.2656
1.5045	7.1842	0.2584	67.0061	65.8374
1.5050	7.1847	0.2587	66.6007	66.0990
1.5055	7.1847	0.2519	66.8005	66.0908
1.5060	7.1847	0.2550	66.4023	66.3179
1.5065	7.1838	0.2614	65.4625	66.2324
1.5070	7.1831	0.2695	63.4039	65.9181
1.5075	7.1819	0.2822	63.2285	65.7574
1.5080	7.1827	0.2775	63.9555	65.6410
1.5085	7.1832	0.2680	63.9159	65.3789
1.5090	7.1836	0.2663	64.0380	65.4636
1.5095	7.1844	0.2590	64.7349	65.6939
1.5100	7.1840	0.2596	65.5941	65.8846
1.5105	7.1826	0.2763	65.6790	66.0229
1.5110	7.1821	0.2856	65.6670	65.8498
1.5115	7.1835	0.2669	66.1492	65.6851
1.5120	7.1849	0.2527	66.8848	65.5745
1.5125	7.1857	0.2428	66.8181	65.6760
1.5130	7.1863	0.2385	66.6106	65.4988
1.5135	7.1862	0.2362	66.1056	65.4218
1.5140	7.1863	0.2382	66.7451	65.6475
1.5145	7.1860	0.2380	66.6098	65.9593
1.5150	7.1854	0.2434	65.5208	66.0459
1.5155	7.1852	0.2493	66.0168	65.9241
1.5160	7.1845	0.2606	66.9124	65.9809
1.5165	7.1824	0.2773	67.2799	65.8674
1.5170	7.1837	0.2713	66.9831	66.1865
1.5175	7.1846	0.2663	66.7867	65.9538
1.5180	7.1850	0.2539	67.4227	65.8205
1.5185	7.1862	0.2396	67.4441	66.0261
1.5190	7.1875	0.2314	66.6338	66.0058
1.5195	7.1876	0.2254	65.8009	65.8261
1.5200	7.1875	0.2213	66.0046	65.7397
1.5205	7.1880	0.2210	64.7590	65.9041
1.5210	7.1878	0.2257	62.9493	65.8338
1.5215	7.1876	0.2239	63.0488	66.1807
1.5220	7.1876	0.2240	63.8074	65.8545
1.5225	7.1881	0.2268	64.6789	65.6620
1.5230	7.1877	0.2242	64.5861	65.6802
1.5235	7.1867	0.2307	64.6577	65.9173
1.5240	7.1852	0.2454	65.3267	65.6959
1.5245	7.1838	0.2594	66.2789	65.3297
1.5250	7.1826	0.2745	66.3098	65.4563
1.5255	7.1829	0.2747	66.0410	65.5365
1.5260	7.1831	0.2767	66.4284	66.0577
1.5265	7.1831	0.2719	67.1339	65.7330
1.5270	7.1847	0.2526	67.1170	65.4830
1.5275	7.1862	0.2425	66.2341	65.6004
1.5280	7.1867	0.2359	66.1687	65.7506
1.5285	7.1873	0.2284	66.5395	65.9970
1.5290	7.1875	0.2256	66.2968	65.8822
1.5295	7.1868	0.2303	66.2945	65.9195
1.5300	7.1860	0.2380	66.4766	65.7518
1.5305	7.1858	0.2434	67.2645	66.0600
1.5310	7.1860	0.2399	67.4995	65.9631
1.5315	7.1859	0.2428	67.1037	65.8432
1.5320	7.1864	0.2465	66.6337	65.8213
1.5325	7.1860	0.2451	66.9455	65.8687
1.5330	7.1850	0.2508	66.6562	65.8195
1.5335	7.1838	0.2601	66.0495	65.9724
1.5340	7.1832	0.2711	63.8762	66.0148
1.5345	7.1839	0.2644	62.8425	65.6440
1.5350	7.1848	0.2481	63.6926	65.6409
1.5355	7.1865	0.2401	63.6807	65.4430
1.5360	7.1876	0.2272	63.7022	65.3457
1.5365	7.1871	0.2298	64.3077	65.5999
1.5370	7.1864	0.2354	65.3379	65.7464
1.5375	7.1857	0.2397	65.4593	65.7403
1.5380	7.1853	0.2466	65.4274	65.9849
1.5385	7.1854	0.2469	65.7918	66.2797
1.5390	7.1857	0.2520	66.6301	66.0784
1.5395	7.1860	0.2370	66.8549	66.0004
1.5400	7.1872	0.2284	66.5679	65.9026
1.5405	7.1872	0.2260	66.4540	65.6784
1.5410	7.1862	0.2398	67.1166	65.8899
1.5415	7.1847	0.2511	66.9402	65.9529
1.5420	7.1838	0.2617	66.0215	66.0924
1.5425	7.1830	0.2710	65.7878	66.0334
1.5430	7.1843	0.2543	66.4442	66.2812
1.5435	7.1857	0.2346	67.2899	65.9863
1.5440	7.1873	0.2357	67.1303	65.7364
1.5445	7.1882	0.2201	66.9037	65.9157
1.5450	7.1876	0.2257	67.2496	65.6661
1.5455	7.1866	0.2315	67.7905	65.8376
1.5460	7.1860	0.2406	67.2708	65.6917
1.5465	7.1867	0.2379	66.4049	65.5509
1.5470	7.1866	0.2310	66.0235	65.4233
1.5475	7.1858	0.2421	65.3817	65.7485
1.5480	7.1857	0.2442	64.3028	65.6908
1.5485	7.1859	0.2453	62.7261	65.4475
1.5490	7.1870	0.2278	63.3277	65.7014
1.5495	7.1856	0.2390	64.1517	65.3829
1.5500	7.1846	0.2486	64.6041	65.8076
1.5505	7.1837	0.2608	64.4443	65.6608
1.5510	7.1825	0.2804	64.7361	65.4121
1.5515	7.1825	0.2788	65.6568	65.5029
1.5520	7.1832	0.2744	66.2861	65.7160
1.5525	7.1845	0.2551	66.0847	65.9696
1.5530	7.1857	0.2472	65.9625	65.8638
1.5535	7.1869	0.2345	66.6204	65.8904
1.5540	7.1871	0.2332	67.1217	65.5863
1.5545	7.1870	0.2284	66.8854	65.8481
1.5550	7.1872	0.2272	66.3074	65.8752
1.5555	7.1874	0.2298	65.6164	65.5629
1.5560	7.1872	0.2287	66.2381	65.6258
1.5565	7.1868	0.2333	66.4589	65.9078
1.5570	7.1861	0.2375	66.4324	65.7966
1.5575	7.1871	0.2319	66.9803	65.8765
1.5580	7.1873	0.2258	67.6175	66.0211
1.5585	7.1862	0.2390	67.6041	65.5820
1.5590	7.1851	0.2419	67.0474	65.4277
1.5595	7.1846	0.2540	67.0784	65.5365
1.5600	7.1840	0.2595	67.1120	65.4801
1.5605	7.1842	0.2629	66.8765	65.6138
1.5610	7.1849	0.2564	65.2331	65.7738
1.5615	7.1854	0.2495	64.4923	65.7309
1.5620	7.1869	0.2316	63.8580	65.7548
1.5625	7.1875	0.2258	63.4469	66.1280
1.5630	7.1883	0.2168	63.7916	65.9252
1.5635	7.1882	0.2177	63.8340	65.7584
1.5640	7.1872	0.2304	64.7391	65.8563
1.5645	7.1869	0.2290	65.2202	65.7630
1.5650	7.1875	0.2308	65.3647	65.9127
1.5655	7.1871	0.2268	65.4250	66.1855
1.5660	7.1874	0.2226	66.0823	66.2345
1.5665	7.1871	0.2280	66.5455	65.9422
1.5670	7.1865	0.2317	66.6163	66.1615
1.5675	7.1864	0.2314	66.3771	65.9354
1.5680	7.1858	0.2485	66.7690	65.6564
1.5685	7.1841	0.2595	66.8834	65.7858
1.5690	7.1847	0.2520	65.5383	65.8222
1.5695	7.1849	0.2478	65.4928	65.9838
1.5700	7.1850	0.2552	65.9768	65.8112
1.5705	7.1856	0.2498	66.8640	65.6874
1.5710	7.1868	0.2396	67.1728	65.4107
1.5715	7.1873	0.2315	67.0431	65.8415
1.5720	7.1872	0.2309	67.0515	65.5277
1.5725	7.1874	0.2290	67.5436	65.2583
1.5730	7.1866	0.2356	67.4951	65.4464
1.5735	7.1867	0.2344	66.9527	65.6751
1.5740	7.1864	0.2399	66.2991	65.9675
1.5745	7.1865	0.2421	66.2016	65.8909
1.5750	7.1855	0.2400	65.6123	65.8376
1.5755	7.1860	0.2374	64.5365	65.5221
1.5760	7.1862	0.2460	63.3870	65.8842
1.5765	7.1861	0.2428	63.4998	65.9856
1.5770	7.1851	0.2475	64.2842	65.7414
1.5775	7.1846	0.2572	64.4121	65.8244
1.5780	7.1853	0.2499	64.5642	65.8610
1.5785	7.1863	0.2389	65.1392	65.9536
1.5790	7.1868	0.2369	65.8572	66.0269
1.5795	7.1869	0.2311	66.0802	65.8078
1.5800	7.1879	0.2188	65.9383	65.6450
1.5805	7.1871	0.2260	66.3069	65.7483
1.5810	7.1880	0.2201	66.6649	65.7653
1.5815	7.1875	0.2231	67.1229	65.7135
1.5820	7.1883	0.2212	65.6115	65.8472
1.5825	7.1877	0.2215	64.7346	65.6251
1.5830	7.1878	0.2241	65.7762	65.5258
1.5835	7.1879	0.2177	66.0085	65.6749
1.5840	7.1872	0.2245	66.4575	65.7966
1.5845	7.1866	0.2410	66.6516	65.6596
1.5850	7.1852	0.2497	67.2007	65.6742
1.5855	7.1843	0.2587	67.4450	65.7277
1.5860	7.1840	0.2634	67.2850	65.7149
1.5865	7.1844	0.2557	67.0900	66.0809
1.5870	7.1852	0.2555	67.1226	65.9426
1.5875	7.1863	0.2405	66.8986	65.7862
1.5880	7.1867	0.2333	66.2229	65.8629
1.5885	7.1874	0.2266	65.4786	65.9447
1.5890	7.1866	0.2329	64.3677	65.7904
1.5895	7.1866	0.2324	64.2505	65.7455
1.5900	7.1867	0.2313	63.6758	66.1550
1.5905	7.1866	0.2337	63.7303	65.9237
1.5910	7.1871	0.2283	64.3652	66.0577
1.5915	7.1866	0.2328	64.9644	65.9098
1.5920	7.1861	0.2444	65.3695	65.8566
1.5925	7.1859	0.2402	65.4505	66.0921
1.5930	7.1850	0.2555	65.9319	66.1695
1.5935	7.1834	0.2713	66.4495	65.7562
1.5940	7.1826	0.2782	66.6174	65.3954
1.5945	7.1810	0.2951	66.5959	65.3355
1.5950	7.1805	0.3023	66.7619	65.2285
1.5955	7.1817	0.2847	66.1598	65.7042
1.5960	7.1814	0.2905	66.5082	65.6943
1.5965	7.1825	0.2794	66.1029	65.5720
1.5970	7.1842	0.2573	65.6662	65.8055
1.5975	7.1840	0.2572	66.3754	66.1010
1.5980	7.1846	0.2576	66.8727	65.7726
1.5985	7.1843	0.2582	66.9171	65.4361
1.5990	7.1844	0.2528	67.0176	65.4184
1.5995	7.1845	0.2596	67.2470	65.2269
1.6000	7.1845	0.2553	67.4722	65.5751
1.6005	7.1840	0.2621	67.0481	66.0768
1.6010	7.1846	0.2590	66.6249	66.0527
1.6015	7.1845	0.2590	66.1607	66.2441
1.6020	7.1837	0.2593	66.0481	66.3125
1.6025	7.1827	0.2712	64.5369	66.0244
1.6030	7.1815	0.2826	62.9252	65.7899
1.6035	7.1818	0.2854	63.4188	65.7139
1.6040	7.1829	0.2772	63.9458	65.4532
1.6045	7.1831	0.2782	64.4126	65.3677
1.6050	7.1842	0.2649	64.4524	65.6200
1.6055	7.1839	0.2616	64.9971	65.7799
1.6060	7.1831	0.2677	65.6112	65.9839
1.6065	7.1819	0.2865	66.0758	65.9381
1.6070	7.1826	0.2742	66.0957	65.7319
1.6075	7.1844	0.2593	66.3728	65.5754
1.6080	7.1855	0.2458	66.6588	65.6324
1.6085	7.1860	0.2350	67.0892	65.5922
1.6090	7.1860	0.2383	66.5036	65.3839
1.6095	7.1860	0.2364	66.1421	65.5419
1.6100	7.1858	0.2418	66.5672	65.8246
1.6105	7.1854	0.2416	66.0012	66.0748
1.6110	7.1853	0.2443	66.0612	65.9876
1.6115	7.1849	0.2534	66.5065	65.9763
1.6120	7.1827	0.2677	66.9440	65.8433
1.6125	7.1831	0.2726	67.2540	66.0307
1.6130	7.1841	0.2611	67.1684	66.0892
1.6135	7.1851	0.2541	67.1526	65.7519
1.6140	7.1864	0.2411	67.1744	65.9769
1.6145	7.1866	0.2341	67.0439	66.0080
1.6150	7.1873	0.2279	66.3884	65.9365
1.6155	7.1878	0.2216	65.8890	65.7042
1.6160	7.1874	0.2197	65.0865	65.8960
1.6165	7.1874	0.2257	63.3460	65.7867
1.6170	7.1877	0.2261	63.3494	66.0681
1.6175	7.1877	0.2264	63.5198	65.9832
1.6180	7.1872	0.2318	64.0957	65.6273
1.6185	7.1872	0.2292	64.6319	65.6500
1.6190	7.1872	0.2320	64.9886	65.8079
1.6195	7.1859	0.2466	65.2196	65.8594
1.6200	7.1842	0.2544	65.7019	65.3801
1.6205	7.1826	0.2733	66.2132	65.4212
1.6210	7.1816	0.2819	66.4545	65.4394
1.6215	7.1816	0.2821	66.4933	65.8761
1.6220	7.1820	0.2832	66.6567	65.9330
1.6225	7.1827	0.2737	67.0132	65.4538
1.6230	7.1848	0.2531	66.7755	65.5822
1.6235	7.1855	0.2464	66.3828	65.6611
1.6240	7.1863	0.2457	66.3191	65.9823
1.6245	7.1867	0.2340	66.0467	65.9111
1.6250	7.1863	0.2375	66.4839	65.9464
1.6255	7.1857	0.2497	66.7003	65.7292
1.6260	7.1854	0.2527	66.9193	65.8966
1.6265	7.1852	0.2454	67.2030	66.0391
1.6270	7.1857	0.2453	67.3396	65.8046
1.6275	7.1858	0.2418	67.0586	65.8118
1.6280	7.1854	0.2474	66.8918	65.8425
1.6285	7.1855	0.2453	66.5319	65.8857
1.6290	7.1838	0.2573	66.2862	65.8902
1.6295	7.1832	0.2715	65.0108	66.0864
1.6300	7.1836	0.2668	62.9408	65.7489
1.6305	7.1848	0.2522	63.2021	65.5998
1.6310	7.1855	0.2416	63.5526	65.5296
1.6315	7.1873	0.2303	64.0031	65.3013
1.6320	7.1876	0.2272	64.2245	65.4732
1.6325	7.1869	0.2311	64.8300	65.7537
1.6330	7.1866	0.2300	65.2840	65.7432
1.6335	7.1866	0.2391	65.6237	65.8543
1.6340	7.1864	0.2425	65.8486	66.2394
1.6345	7.1863	0.2405	66.3363	66.1974
1.6350	7.1870	0.2281	66.5945	65.9923
1.6355	7.1882	0.2166	66.6838	65.9923
1.6360	7.1883	0.2171	66.7547	65.6760
1.6365	7.1871	0.2291	66.9868	65.8057
1.6370	7.1853	0.2412	66.8315	65.9121
1.6375	7.1838	0.2565	66.1414	66.0699
1.6380	7.1836	0.2689	66.0524	66.0564
1.6385	7.1847	0.2610	66.4317	66.1866
1.6390	7.1870	0.2366	66.9208	66.1847
1.6395	7.1872	0.2299	66.9860	65.6922
1.6400	7.1876	0.2223	67.0570	65.9143
1.6405	7.1877	0.2224	67.4019	65.7112
1.6410	7.1869	0.2354	67.5988	65.8082
1.6415	7.1862	0.2380	67.3164	65.7922
1.6420	7.1865	0.2310	66.6065	65.5759
1.6425	7.1864	0.2346	66.4758	65.4357
1.6430	7.1860	0.2405	65.6080	65.6059
1.6435	7.1856	0.2456	64.5613	65.8350
1.6440	7.1858	0.2465	63.0231	65.4439
1.6445	7.1860	0.2404	63.2507	65.6697
1.6450	7.1867	0.2422	64.0147	65.4326
1.6455	7.1852	0.2465	64.2892	65.6070
1.6460	7.1840	0.2623	64.4452	65.8386
1.6465	7.1827	0.2721	64.8161	65.4059
1.6470	7.1822	0.2833	65.5389	65.4994
1.6475	7.1831	0.2739	65.9208	65.5617
1.6480	7.1840	0.2660	66.0097	65.9409
1.6485	7.1851	0.2498	66.1669	65.8762
1.6490	7.1865	0.2366	66.5593	65.9373
1.6495	7.1870	0.2337	66.7940	65.6756
1.6500	7.1871	0.2304	66.7895	65.7094
1.6505	7.1872	0.2258	66.8583	65.9546
1.6510	7.1875	0.2266	65.9418	65.6371
1.6515	7.1869	0.2343	65.7436	65.5367
1.6520	7.1864	0.2337	66.2019	65.8937
1.6525	7.1860	0.2415	66.5695	65.9230
1.6530	7.1860	0.2386	67.1189	65.8003
1.6535	7.1872	0.2284	67.3038	66.0429
1.6540	7.1857	0.2422	67.3402	65.7678
1.6545	7.1853	0.2480	67.2641	65.4224
1.6550	7.1842	0.2525	67.4144	65.5459
1.6555	7.1832	0.2661	67.0880	65.4909
1.6560	7.1837	0.2647	66.6635	65.5726
1.6565	7.1844	0.2583	65.7162	65.8338
1.6570	7.1852	0.2508	64.9578	65.9171
1.6575	7.1863	0.2399	64.2905	65.7696
1.6580	7.1868	0.2338	63.0839	66.0462
1.6585	7.1877	0.2244	63.5891	66.0786
1.6590	7.1880	0.2181	63.9834	65.7547
1.6595	7.1871	0.2290	64.6203	65.8732
1.6600	7.1872	0.2319	64.8763	65.7894
1.6605	7.1874	0.2277	65.1184	65.8733
1.6610	7.1878	0.2304	65.5635	66.1352
1.6615	7.1871	0.2266	66.0946	66.3106
1.6620	7.1868	0.2284	66.3032	66.0310
1.6625	7.1864	0.2363	66.3190	66.0667
1.6630	7.1860	0.2396	66.5422	66.1401
1.6635	7.1862	0.2412	66.8409	65.6895
1.6640	7.1841	0.2546	66.9340	65.8086
1.6645	7.1838	0.2613	65.5725	65.7912
1.6650	7.1850	0.2517	65.4325	65.9919
1.6655	7.1853	0.2478	66.0948	65.8754
1.6660	7.1858	0.2455	66.5803	65.7756
1.6665	7.1868	0.2391	66.8231	65.4481
1.6670	7.1874	0.2284	67.0229	65.7096
1.6675	7.1869	0.2261	67.3540	65.7672
1.6680	7.1874	0.2225	67.4709	65.2616
1.6685	7.1871	0.2301	67.2984	65.4185
1.6690	7.1868	0.2338	66.9962	65.5584
1.6695	7.1869	0.2357	66.6862	65.9609
1.6700	7.1863	0.2365	66.3839	65.9397
1.6705	7.1861	0.2386	65.7028	65.9244
1.6710	7.1861	0.2410	64.6374	65.6180
1.6715	7.1859	0.2408	63.8571	65.7457
1.6720	7.1857	0.2422	63.5436	66.0788
1.6725	7.1854	0.2508	64.0181	65.7977
1.6730	7.1848	0.2534	64.0867	65.8161
1.6735	7.1854	0.2478	64.5325	65.8681
1.6740	7.1861	0.2399	65.2178	65.9331
1.6745	7.1871	0.2322	65.6315	66.0541
1.6750	7.1881	0.2239	65.7453	65.9320
1.6755	7.1882	0.2164	65.8953	65.7022
1.6760	7.1876	0.2252	66.4477	65.7229
1.6765	7.1882	0.2229	66.6561	65.8140
1.6770	7.1881	0.2177	66.7581	65.7003
1.6775	7.1884	0.2130	66.1616	65.8355
1.6780	7.1880	0.2209	64.8885	65.7612
1.6785	7.1877	0.2245	65.6705	65.5333
1.6790	7.1875	0.2234	65.7689	65.6570
1.6795	7.1871	0.2259	66.1090	65.8081
1.6800	7.1857	0.2391	66.6872	65.7775
1.6805	7.1844	0.2490	67.2773	65.6671
1.6810	7.1843	0.2590	67.2749	65.7871
1.6815	7.1839	0.2663	67.0186	65.6703
1.6820	7.1841	0.2620	67.2125	65.9902
1.6825	7.1848	0.2534	67.4172	66.0534
1.6830	7.1856	0.2481	67.0163	65.8091
1.6835	7.1862	0.2375	66.0686	65.8715
1.6840	7.1869	0.2346	65.7533	65.9589
1.6845	7.1864	0.2359	64.9937	65.9219
1.6850	7.1862	0.2384	64.2464	65.7122
1.6855	7.1863	0.2327	63.5963	66.1236
1.6860	7.1865	0.2322	63.4985	66.0244
1.6865	7.1862	0.2390	64.5012	65.9928
1.6870	7.1862	0.2362	64.8573	66.0372
1.6875	7.1861	0.2361	65.0035	65.8173
1.6880	7.1858	0.2353	65.1737	66.0628
1.6885	7.1855	0.2463	66.0386	66.1903
1.6890	7.1837	0.2649	66.5140	65.9680
1.6895	7.1828	0.2766	66.4489	65.4635
1.6900	7.1811	0.2859	66.2105	65.4171
1.6905	7.1804	0.2987	66.9930	65.2203
1.6910	7.1812	0.2966	66.5488	65.5817
1.6915	7.1809	0.2917	66.0979	65.7980
1.6920	7.1814	0.2902	66.0766	65.6173
1.6925	7.1838	0.2649	65.7988	65.7240
1.6930	7.1844	0.2576	66.3866	66.0940
1.6935	7.1849	0.2564	66.6266	65.9516
1.6940	7.1849	0.2507	66.6074	65.4806
1.6945	7.1849	0.2555	67.0723	65.4379
1.6950	7.1846	0.2525	67.5009	65.2598
1.6955	7.1846	0.2571	67.3654	65.4033
1.6960	7.1843	0.2585	66.8756	66.0167
1.6965	7.1843	0.2581	66.7537	66.0925
1.6970	7.1851	0.2541	66.6423	66.2108
1.6975	7.1840	0.2602	66.1158	66.4021
1.6980	7.1829	0.2731	64.9395	66.1919
1.6985	7.1819	0.2788	63.0945	65.8648
1.6990	7.1822	0.2820	63.5084	65.7681
1.6995	7.1830	0.2694	63.9058	65.5453
1.7000	7.1835	0.2723	63.9798	65.3426
1.7005	7.1841	0.2601	64.2687	65.5068
1.7010	7.1849	0.2552	65.0588	65.7364
1.7015	7.1837	0.2588	65.6170	65.9506
1.7020	7.1826	0.2751	65.7453	66.0431
1.7025	7.1829	0.2750	65.8341	65.8419
1.7030	7.1850	0.2517	66.4075	65.6388
1.7035	7.1857	0.2439	66.8497	65.6407
1.7040	7.1864	0.2368	66.8521	65.6711
1.7045	7.1867	0.2339	66.5325	65.4493
1.7050	7.1864	0.2381	66.1362	65.4796
1.7055	7.1863	0.2365	66.7991	65.7550
1.7060	7.1866	0.2427	66.1274	66.0421
1.7065	7.1856	0.2425	65.6595	66.0468
1.7070	7.1847	0.2485	66.4029	66.0025
1.7075	7.1835	0.2658	67.0867	65.9161
1.7080	7.1829	0.2723	67.1922	65.9600
1.7085	7.1833	0.2697	66.9055	66.2081
1.7090	7.1839	0.2582	67.0414	65.8120
1.7095	7.1858	0.2481	67.4518	65.9196
1.7100	7.1868	0.2394	67.1748	66.0368
1.7105	7.1871	0.2280	66.4185	65.9921
1.7110	7.1879	0.2228	65.7950	65.7488
1.7115	7.1875	0.2195	65.7581	65.8391
1.7120	7.1872	0.2263	63.9007	65.8230
1.7125	7.1877	0.2269	63.0004	65.9634
1.7130	7.1875	0.2267	63.3424	66.1415
1.7135	7.1872	0.2247	63.9972	65.7022
1.7140	7.1875	0.2247	64.5934	65.6775
1.7145	7.1871	0.2304	64.7453	65.7639
1.7150	7.1853	0.2437	64.9374	65.9625
1.7155	7.1847	0.2499	65.6365	65.5262
1.7160	7.1832	0.2661	66.3330	65.3926
1.7165	7.1828	0.2763	66.2632	65.4425
1.7170	7.1820	0.2822	66.1770	65.7311
1.7175	7.1821	0.2738	66.5960	66.0382
1.7180	7.1827	0.2744	67.2308	65.5356
1.7185	7.1846	0.2573	66.9888	65.5478
1.7190	7.1859	0.2442	66.1147	65.6522
1.7195	7.1865	0.2354	66.2999	65.9528
1.7200	7.1869	0.2320	66.3779	65.9961
1.7205	7.1867	0.2314	66.3532	65.9600
1.7210	7.1861	0.2363	66.4320	65.8249
1.7215	7.1858	0.2448	66.7626	65.7728
1.7220	7.1853	0.2461	67.3831	66.0740
1.7225	7.1859	0.2449	67.3953	65.8119
1.7230	7.1861	0.2431	66.9941	65.7660
1.7235	7.1856	0.2443	66.7967	65.8042
1.7240	7.1849	0.2461	66.9115	65.9534
1.7245	7.1844	0.2584	66.4530	65.8980
1.7250	7.1835	0.2694	65.5450	66.1269
1.7255	7.1833	0.2753	63.2237	65.9071
1.7260	7.1843	0.2574	63.1565	65.6400
1.7265	7.1854	0.2460	63.6828	65.6103
1.7270	7.1869	0.2396	63.7453	65.3375
1.7275	7.1872	0.2322	63.9458	65.3572
1.7280	7.1871	0.2360	64.7072	65.6782
1.7285	7.1861	0.2315	65.3962	65.7704
1.7290	7.1859	0.2404	65.4864	65.8303
1.7295	7.1851	0.2519	65.5933	66.1598
1.7300	7.1848	0.2500	66.1946	66.3019
1.7305	7.1859	0.2487	66.7846	66.0360
1.7310	7.1867	0.2346	66.6782	66.0472
1.7315	7.1875	0.2241	66.4716	65.8030
1.7320	7.1870	0.2291	66.7942	65.7280
1.7325	7.1858	0.2412	67.2884	65.8894
1.7330	7.1845	0.2551	66.5470	65.9887
1.7335	7.1832	0.2704	65.8179	66.0621
1.7340	7.1835	0.2725	65.9967	66.0783
1.7345	7.1849	0.2514	66.8850	66.2961
1.7350	7.1863	0.2426	67.2534	65.7985
1.7355	7.1870	0.2304	66.9374	65.8999
1.7360	7.1871	0.2261	67.1260	65.8711
1.7365	7.1865	0.2377	67.5776	65.7486
1.7370	7.1863	0.2361	67.6682	65.8708
1.7375	7.1859	0.2419	66.7778	65.6066
1.7380	7.1868	0.2409	66.4135	65.4606
1.7385	7.1858	0.2378	65.8946	65.4517
1.7390	7.1858	0.2396	65.0690	65.8214
1.7395	7.1856	0.2449	63.5152	65.5104
1.7400	7.1865	0.2334	62.8549	65.5903
1.7405	7.1869	0.2353	63.7904	65.5823
1.7410	7.1856	0.2432	64.3030	65.4938
1.7415	7.1843	0.2561	64.5475	65.9307
1.7420	7.1832	0.2699	64.5742	65.5242
1.7425	7.1818	0.2823	65.2162	65.4705
1.7430	7.1828	0.2751	65.9302	65.5106
1.7435	7.1840	0.2713	66.1501	65.8821
1.7440	7.1847	0.2502	66.0193	65.8836
1.7445	7.1857	0.2476	66.2811	65.9187
1.7450	7.1867	0.2345	66.9464	65.7891
1.7455	7.1866	0.2342	67.0060	65.6584
1.7460	7.1875	0.2285	66.7836	65.9805
1.7465	7.1872	0.2263	66.0013	65.7984
1.7470	7.1869	0.2381	65.7238	65.5437
1.7475	7.1870	0.2339	66.3797	65.8309
1.7480	7.1858	0.2346	66.4423	65.9742
1.7485	7.1864	0.2398	66.7458	65.7610
1.7490	7.1872	0.2244	67.2362	65.9792
1.7495	7.1866	0.2354	67.5933	65.8759
1.7500	7.1856	0.2495	67.3623	65.4381
1.7505	7.1845	0.2505	67.1960	65.5187
1.7510	7.1838	0.2656	67.1842	65.5498
1.7515	7.1836	0.2685	67.0173	65.5499
1.7520	7.1842	0.2593	66.2576	65.8002
1.7525	7.1844	0.2605	64.8745	65.9394
1.7530	7.1852	0.2443	64.5575	65.8183
1.7535	7.1865	0.2378	63.4654	65.9128
1.7540	7.1868	0.2376	63.5778	66.1186
1.7545	7.1876	0.2212	63.8429	65.7546
1.7550	7.1870	0.2280	64.2327	65.8040
1.7555	7.1865	0.2342	64.9300	65.8356
1.7560	7.1870	0.2295	65.2320	65.8358
1.7565	7.1868	0.2331	65.4455	66.0838
1.7570	7.1871	0.2322	65.7310	66.3165
1.7575	7.1873	0.2309	66.3072	66.1632
1.7580	7.1868	0.2348	66.5313	65.9794
1.7585	7.1862	0.2405	66.5639	66.1979
1.7590	7.1858	0.2407	66.4881	65.7350
1.7595	7.1846	0.2574	67.0662	65.7331
1.7600	7.1833	0.2675	66.2797	65.7525
1.7605	7.1850	0.2597	65.3234	65.9002
1.7610	7.1848	0.2556	65.7431	65.9302
1.7615	7.1852	0.2510	66.3777	65.8185
1.7620	7.1861	0.2379	67.0551	65.5756
1.7625	7.1869	0.2308	67.0530	65.5665
1.7630	7.1870	0.2341	67.1158	65.9003
1.7635	7.1873	0.2297	67.3141	65.3314
1.7640	7.1871	0.2336	67.6132	65.3129
1.7645	7.1869	0.2408	67.2544	65.4724
1.7650	7.1857	0.2394	66.7224	65.8313
1.7655	7.1859	0.2443	66.3201	65.9357
1.7660	7.1859	0.2392	66.0939	65.8990
1.7665	7.1857	0.2440	65.0894	65.7175
1.7670	7.1857	0.2421	64.0987	65.6014
1.7675	7.1854	0.2430	63.3343	66.0511
1.7680	7.1852	0.2488	63.8739	65.8883
1.7685	7.1845	0.2528	64.3061	65.7944
1.7690	7.1849	0.2593	64.4214	65.8481
1.7695	7.1857	0.2490	64.8543	65.8865
1.7700	7.1865	0.2358	65.4847	66.0256
1.7705	7.1869	0.2338	65.9035	65.9588
1.7710	7.1880	0.2205	65.9833	65.7256
1.7715	7.1871	0.2233	66.0988	65.6601
1.7720	7.1876	0.2263	66.5924	65.8002
1.7725	7.1881	0.2204	66.8605	65.7379
1.7730	7.1884	0.2196	66.7206	65.7913
1.7735	7.1882	0.2170	64.9286	65.8359
1.7740	7.1879	0.2198	65.2628	65.5520
1.7745	7.1882	0.2181	65.9334	65.6169
1.7750	7.1874	0.2200	66.1564	65.7651
1.7755	7.1875	0.2283	66.4837	65.8089
1.7760	7.1857	0.2428	66.9669	65.6255
1.7765	7.1848	0.2498	67.4251	65.7225
1.7770	7.1836	0.2651	67.2996	65.6528
1.7775	7.1834	0.2633	67.1799	65.8529
1.7780	7.1844	0.2582	67.1801	66.1234
1.7785	7.1856	0.2492	67.2332	65.8588
1.7790	7.1861	0.2362	66.6027	65.8712
1.7795	7.1867	0.2324	65.8565	65.9483
1.7800	7.1866	0.2317	65.0908	65.9878
1.7805	7.1865	0.2379	64.3670	65.7053
1.7810	7.1866	0.2353	64.1114	65.9382
1.7815	7.1863	0.2347	63.4424	66.0975
1.7820	7.1865	0.2373	64.0107	65.8856
1.7825	7.1868	0.2330	64.6985	66.0618
1.7830	7.1864	0.2360	65.2275	65.8193
1.7835	7.1858	0.2398	65.2243	65.9914
1.7840	7.1855	0.2428	65.6374	66.1847
1.7845	7.1839	0.2613	66.2183	66.1435
1.7850	7.1832	0.2717	66.6892	65.5889
1.7855	7.1824	0.2773	66.5099	65.4522
1.7860	7.1806	0.2964	66.6389	65.2611
1.7865	7.1816	0.2891	66.6584	65.3898
1.7870	7.1819	0.2832	66.2770	65.7598
1.7875	7.1818	0.2844	66.4382	65.5955
1.7880	7.1844	0.2652	65.7805	65.6068
1.7885	7.1852	0.2531	65.9604	65.9554
1.7890	7.1850	0.2523	66.7211	66.0934
1.7895	7.1851	0.2511	66.8564	65.6132
1.7900	7.1856	0.2514	66.8721	65.4486
1.7905	7.1858	0.2476	67.2159	65.3828
1.7910	7.1855	0.2555	67.4680	65.2990
1.7915	7.1841	0.2549	67.3052	65.8665
1.7920	7.1844	0.2565	66.7969	66.0735
1.7925	7.1848	0.2478	66.5279	66.0804
1.7930	7.1844	0.2556	66.2179	66.3220
1.7935	7.1837	0.2623	65.7250	66.2189
1.7940	7.1829	0.2726	63.5922	65.9029
1.7945	7.1818	0.2890	63.0522	65.7832
1.7950	7.1825	0.2785	63.7830	65.6672
1.7955	7.1828	0.2672	64.1511	65.4077
1.7960	7.1839	0.2635	64.3368	65.4839
1.7965	7.1840	0.2585	64.6606	65.7070
1.7970	7.1843	0.2589	65.3729	65.8941
1.7975	7.1827	0.2762	65.8663	66.0293
1.7980	7.1821	0.2794	66.0417	65.8676
1.7985	7.1837	0.2691	66.1360	65.6424
1.7990	7.1847	0.2515	66.6068	65.5650
1.7995	7.1859	0.2469	66.8624	65.6621
1.8000	7.1860	0.2422	66.9462	65.5012
1.8005	7.1863	0.2387	66.2803	65.4450
1.8010	7.1862	0.2341	66.5093	65.7002
1.8015	7.1859	0.2408	66.4394	66.0004
1.8020	7.1849	0.2488	65.8413	66.1164
1.8025	7.1851	0.2498	66.2769	65.9996
1.8030	7.1839	0.2646	66.8039	65.9382
1.8035	7.1832	0.2762	67.0931	65.8354
1.8040	7.1829	0.2711	67.1700	66.1265
1.8045	7.1840	0.2599	67.1252	65.8939
1.8050	7.1853	0.2473	67.3106	65.8095
1.8055	7.1867	0.2404	67.1757	66.0414
1.8060	7.1870	0.2341	66.7736	66.0318
1.8065	7.1876	0.2256	66.0018	65.8548
1.8070	7.1879	0.2231	65.8746	65.7945
1.8075	7.1875	0.2195	64.4104	65.9010
1.8080	7.1873	0.2246	63.0949	65.8543
1.8085	7.1877	0.2282	63.3397	66.1849
1.8090	7.1870	0.2320	63.7552	65.7747
1.8095	7.1874	0.2242	64.4800	65.6464
1.8100	7.1871	0.2289	64.7272	65.6676
1.8105	7.1862	0.2370	64.9688	65.9264
1.8110	7.1849	0.2514	65.4131	65.6867
1.8115	7.1836	0.2636	66.0775	65.3803
1.8120	7.1826	0.2737	66.3110	65.4835
1.8125	7.1826	0.2769	66.3559	65.5829
1.8130	7.1828	0.2767	66.5432	66.0653
1.8135	7.1823	0.2785	66.9786	65.6905
1.8140	7.1841	0.2633	67.0569	65.4131
1.8145	7.1853	0.2458	66.4249	65.5879
1.8150	7.1855	0.2444	66.3410	65.8081
1.8155	7.1864	0.2356	66.3315	66.0175
1.8160	7.1868	0.2396	66.1925	65.9354
1.8165	7.1863	0.2409	66.5350	65.9340
1.8170	7.1854	0.2469	66.7312	65.7486
1.8175	7.1854	0.2439	67.1862	66.0990
1.8180	7.1855	0.2465	67.2538	65.9468
1.8185	7.1857	0.2375	67.1773	65.8323
1.8190	7.1859	0.2432	66.9378	65.8201
1.8195	7.1858	0.2451	66.9207	65.9083
1.8200	7.1853	0.2519	66.3985	65.8369
1.8205	7.1837	0.2697	65.9780	65.9938
1.8210	7.1828	0.2691	63.8955	66.0277
1.8215	7.1839	0.2641	62.9269	65.6493
1.8220	7.1851	0.2484	63.4631	65.6691
1.8225	7.1860	0.2404	63.7327	65.4621
1.8230	7.1874	0.2314	64.0544	65.3519
1.8235	7.1872	0.2298	64.3536	65.6471
1.8240	7.1864	0.2389	65.1433	65.8325
1.8245	7.1863	0.2384	65.5461	65.8136
1.8250	7.1855	0.2419	65.6712	66.0349
1.8255	7.1858	0.2418	65.8862	66.2849
1.8260	7.1859	0.2396	66.5550	66.0519
1.8265	7.1867	0.2295	66.7924	66.0160
1.8270	7.1879	0.2233	66.6582	65.8888
1.8275	7.1875	0.2238	66.6072	65.6974
1.8280	7.1858	0.2441	67.0899	65.8937
1.8285	7.1848	0.2528	66.8064	65.9977
1.8290	7.1837	0.2659	66.1501	66.1675
1.8295	7.1831	0.2702	65.9222	66.0639
1.8300	7.1851	0.2511	66.3861	66.3178
1.8305	7.1858	0.2396	67.2062	65.9445
1.8310	7.1867	0.2354	67.2893	65.7522
1.8315	7.1876	0.2278	67.1602	65.9150
1.8320	7.1877	0.2260	67.2481	65.6660
1.8325	7.1866	0.2325	67.6098	65.8502
1.8330	7.1859	0.2413	67.2120	65.6940
1.8335	7.1864	0.2340	66.5600	65.5483
1.8340	7.1862	0.2391	65.9712	65.4816
1.8345	7.1862	0.2437	65.2482	65.8178
1.8350	7.1858	0.2427	64.1986	65.7011
1.8355	7.1860	0.2388	62.7841	65.5019
1.8360	7.1867	0.2349	63.4282	65.6482
1.8365	7.1853	0.2452	64.0980	65.3595
1.8370	7.1842	0.2565	64.6557	65.8082
1.8375	7.1833	0.2629	64.5958	65.6596
1.8380	7.1823	0.2787	64.8967	65.4235
1.8385	7.1824	0.2749	65.6748	65.5751
1.8390	7.1824	0.2745	66.2137	65.9130
1.8395	7.1844	0.2641	66.1088	66.0201
1.8400	7.1854	0.2528	66.1094	65.9430
1.8405	7.1859	0.2434	66.7251	65.9250
1.8410	7.1863	0.2351	67.0794	65.5945
1.8415	7.1862	0.2372	66.9322	65.8691
1.8420	7.1871	0.2293	66.2134	65.8836
1.8425	7.1871	0.2327	65.5441	65.5629
1.8430	7.1864	0.2367	66.2954	65.7353
1.8435	7.1870	0.2340	66.4738	66.0333
1.8440	7.1863	0.2376	66.5947	65.8377
1.8445	7.1871	0.2278	67.1079	65.9640
1.8450	7.1870	0.2270	67.5388	66.0492
1.8455	7.1857	0.2477	67.4238	65.5695
1.8460	7.1853	0.2537	67.1340	65.4897
1.8465	7.1841	0.2605	67.2606	65.5624
1.8470	7.1831	0.2628	67.0990	65.4793
1.8475	7.1840	0.2594	66.5570	65.6852
1.8480	7.1843	0.2534	65.0736	65.9551
1.8485	7.1855	0.2475	64.7086	65.9202
1.8490	7.1865	0.2351	63.8253	65.8638
1.8495	7.1872	0.2292	63.3729	66.1770
1.8500	7.1878	0.2180	63.7341	65.9033
1.8505	7.1871	0.2231	64.0255	65.7900
1.8510	7.1866	0.2290	64.8807	65.8961
1.8515	7.1874	0.2234	65.1409	65.8065
1.8520	7.1866	0.2332	65.2621	66.0058
1.8525	7.1868	0.2295	65.5812	66.2736
1.8530	7.1876	0.2300	66.3694	66.2683
1.8535	7.1868	0.2295	66.4854	65.9651
1.8540	7.1863	0.2365	66.3841	66.2139
1.8545	7.1858	0.2426	66.3901	65.9207
1.8550	7.1851	0.2451	67.0751	65.7137
1.8555	7.1835	0.2623	66.7491	65.8535
1.8560	7.1843	0.2587	65.2419	65.8933
1.8565	7.1847	0.2567	65.5035	66.0085
1.8570	7.1850	0.2585	66.2556	65.8548
1.8575	7.1858	0.2447	66.9973	65.6896
1.8580	7.1866	0.2346	66.9997	65.4428
1.8585	7.1869	0.2316	66.9909	65.8862
1.8590	7.1868	0.2305	67.2613	65.5079
1.8595	7.1873	0.2322	67.6769	65.2701
1.8600	7.1863	0.2405	67.3137	65.5099
1.8605	7.1863	0.2326	66.7673	65.7690
1.8610	7.1861	0.2397	66.3734	66.0110
1.8615	7.1859	0.2394	66.3304	65.9533
1.8620	7.1858	0.2407	65.4290	65.8586
1.8625	7.1862	0.2384	64.2985	65.5700
1.8630	7.1855	0.2449	63.4261	65.9517
1.8635	7.1853	0.2488	63.6873	65.9755
1.8640	7.1847	0.2517	64.2913	65.7747
1.8645	7.1844	0.2582	64.3009	65.8595
1.8650	7.1854	0.2496	64.6395	65.8679
1.8655	7.1861	0.2391	65.4274	66.0400
1.8660	7.1869	0.2358	65.8618	66.0673
1.8665	7.1870	0.2306	65.8886	65.8526
1.8670	7.1877	0.2269	65.9240	65.6706
1.8675	7.1874	0.2265	66.5658	65.7847
1.8680	7.1877	0.2175	66.8331	65.7402
1.8685	7.1874	0.2206	66.9226	65.7035
1.8690	7.1881	0.2197	65.2610	65.8758
1.8695	7.1874	0.2292	64.9819	65.6041
1.8700	7.1875	0.2232	65.9953	65.5829
1.8705	7.1872	0.2222	66.0111	65.7539
1.8710	7.1873	0.2276	66.2774	65.8718
1.8715	7.1856	0.2458	66.7757	65.6996
1.8720	7.1851	0.2523	67.5067	65.7229
1.8725	7.1840	0.2632	67.3446	65.7066
1.8730	7.1840	0.2629	67.0305	65.7609
1.8735	7.1837	0.2582	67.1284	66.1150
1.8740	7.1848	0.2527	67.4054	65.9390
1.8745	7.1858	0.2473	66.8320	65.8480
1.8750	7.1864	0.2374	65.8615	65.9295
1.8755	7.1868	0.2351	65.3478	66.0250
1.8760	7.1867	0.2371	64.5571	65.8084
1.8765	7.1870	0.2381	64.2577	65.8637
1.8770	7.1865	0.2340	63.4153	66.1971
1.8775	7.1865	0.2366	63.7279	65.9165
1.8780	7.1866	0.2371	64.6401	66.0857
1.8785	7.1871	0.2330	65.1620	65.8907
1.8790	7.1863	0.2387	65.1352	65.9103
1.8795	7.1858	0.2353	65.4103	66.1498
1.8800	7.1848	0.2506	66.1752	66.1983
1.8805	7.1832	0.2684	66.6823	65.7458
1.8810	7.1824	0.2783	66.4724	65.4642
1.8815	7.1810	0.2923	66.4038	65.3672
1.8820	7.1806	0.2985	66.8546	65.3242
1.8825	7.1816	0.2821	66.3677	65.7792
1.8830	7.1808	0.2918	66.4111	65.7013
1.8835	7.1820	0.2862	65.8562	65.5936
1.8840	7.1841	0.2665	65.7572	65.8784
1.8845	7.1835	0.2623	66.6725	66.1326
1.8850	7.1840	0.2617	66.8526	65.7286
1.8855	7.1844	0.2596	66.7260	65.4387
1.8860	7.1845	0.2551	67.0870	65.4596
1.8865	7.1842	0.2595	67.4742	65.2825
1.8870	7.1844	0.2575	67.4881	65.7463
1.8875	7.1842	0.2633	66.8387	66.1410
1.8880	7.1847	0.2595	66.5440	66.1067
1.8885	7.1840	0.2587	66.3321	66.3245
1.8890	7.1832	0.2685	66.0351	66.3231
1.8895	7.1826	0.2739	64.1182	65.9885
1.8900	7.1820	0.2779	62.9309	65.8032
1.8905	7.1822	0.2806	63.6855	65.7233
1.8910	7.1830	0.2737	64.0593	65.4589
1.8915	7.1839	0.2659	64.2601	65.4322
1.8920	7.1841	0.2658	64.4442	65.6639
1.8925	7.1847	0.2526	65.2558	65.8876
1.8930	7.1833	0.2648	65.7935	66.0600
1.8935	7.1827	0.2791	65.9517	65.9789
1.8940	7.1842	0.2596	65.9533	65.7152
1.8945	7.1852	0.2535	66.5531	65.5853
1.8950	7.1855	0.2493	66.9154	65.6535
1.8955	7.1860	0.2441	67.0055	65.5761
1.8960	7.1865	0.2387	66.2291	65.4337
1.8965	7.1867	0.2298	66.2786	65.6262
1.8970	7.1865	0.2323	66.7456	65.9332
1.8975	7.1865	0.2400	65.9599	66.1499
1.8980	7.1859	0.2467	65.9719	66.0605
1.8985	7.1854	0.2510	66.5671	65.9956
1.8990	7.1836	0.2653	67.1532	65.8656
1.8995	7.1835	0.2651	67.3201	66.0933
1.9000	7.1847	0.2596	66.9760	66.0172
1.9005	7.1850	0.2469	67.1006	65.7614
1.9010	7.1863	0.2379	67.3495	66.0317
1.9015	7.1873	0.2319	67.1193	66.0538
1.9020	7.1875	0.2280	66.1490	65.9401
1.9025	7.1877	0.2254	65.7520	65.8092
1.9030	7.1873	0.2239	64.9831	65.9393
1.9035	7.1875	0.2314	63.4100	65.8506
1.9040	7.1872	0.2291	63.2660	66.1430
1.9045	7.1867	0.2311	63.4081	65.9244
1.9050	7.1866	0.2312	64.3190	65.5687
1.9055	7.1868	0.2298	64.8505	65.6156
1.9060	7.1859	0.2428	64.9857	65.8771
1.9065	7.1847	0.2555	65.1160	65.8148
1.9070	7.1834	0.2651	65.8093	65.3934
1.9075	7.1819	0.2807	66.4227	65.4750
1.9080	7.1819	0.2800	66.4447	65.5179
1.9085	7.1821	0.2801	66.3837	66.0104
1.9090	7.1821	0.2791	66.7745	65.8605
1.9095	7.1832	0.2738	67.1871	65.4648
1.9100	7.1848	0.2540	66.7764	65.5928
1.9105	7.1851	0.2493	66.2892	65.7110
1.9110	7.1861	0.2413	66.2231	66.0152
1.9115	7.1864	0.2355	66.2149	65.9405
1.9120	7.1864	0.2396	66.6653	65.9869
1.9125	7.1856	0.2416	66.6134	65.7432
1.9130	7.1855	0.2477	66.9303	66.0370
1.9135	7.1849	0.2450	67.3354	66.0242
1.9140	7.1857	0.2455	67.4446	65.8169
1.9145	7.1858	0.2413	66.9651	65.7913
1.9150	7.1855	0.2410	66.8177	65.8778
1.9155	7.1853	0.2437	66.5284	65.8926
1.9160	7.1838	0.2627	66.3200	65.9414
1.9165	7.1831	0.2759	64.6194	66.0903
1.9170	7.1836	0.2649	62.8519	65.7110
1.9175	7.1854	0.2502	63.4331	65.6650
1.9180	7.1862	0.2410	63.6919	65.5507
1.9185	7.1873	0.2324	63.9453	65.3420
1.9190	7.1871	0.2337	64.1964	65.5787
1.9195	7.1862	0.2349	65.0046	65.8059
1.9200	7.1864	0.2372	65.4796	65.7837
1.9205	7.1859	0.2427	65.6975	65.9406
1.9210	7.1851	0.2432	65.8187	66.2493
1.9215	7.1857	0.2470	66.3937	66.1211
1.9220	7.1865	0.2369	66.7445	65.9612
1.9225	7.1873	0.2278	66.7480	65.9826
1.9230	7.1875	0.2248	66.6179	65.7094
1.9235	7.1865	0.2325	66.9926	65.8948
1.9240	7.1850	0.2533	66.9994	65.9856
1.9245	7.1840	0.2573	66.2601	66.1236
1.9250	7.1832	0.2715	65.9236	66.0708
1.9255	7.1841	0.2633	66.2876	66.2492
1.9260	7.1859	0.2443	67.1153	66.0871
1.9265	7.1865	0.2356	67.2791	65.6893
1.9270	7.1877	0.2256	67.1020	65.9453
1.9275	7.1870	0.2287	67.2177	65.7238
1.9280	7.1864	0.2359	67.6336	65.8705
1.9285	7.1855	0.2462	67.4791	65.7484
1.9290	7.1857	0.2410	66.6796	65.5890
1.9295	7.1863	0.2392	66.2120	65.4730
1.9300	7.1858	0.2450	65.4000	65.7162
1.9305	7.1859	0.2410	64.4889	65.7974
1.9310	7.1858	0.2464	63.0462	65.4122
1.9315	7.1865	0.2380	63.3198	65.7144
1.9320	7.1861	0.2375	63.8954	65.3873
1.9325	7.1851	0.2478	64.4752	65.7159
1.9330	7.1838	0.2608	64.7099	65.7672
1.9335	7.1828	0.2709	64.8788	65.4277
1.9340	7.1831	0.2763	65.4440	65.5233
1.9345	7.1835	0.2652	66.0419	65.6338
1.9350	7.1842	0.2580	66.2394	66.0049
1.9355	7.1857	0.2475	66.2543	65.8836
1.9360	7.1867	0.2318	66.5284	65.9539
1.9365	7.1879	0.2225	66.8867	65.6038
1.9370	7.1872	0.2288	66.9461	65.7437
1.9375	7.1875	0.2227	66.7113	65.9172
1.9380	7.1877	0.2240	65.7078	65.6038
1.9385	7.1873	0.2272	65.9417	65.5571
1.9390	7.1870	0.2246	66.4911	65.9526
1.9395	7.1868	0.2318	66.6330	65.8822
1.9400	7.1877	0.2266	66.9719	65.8620
1.9405	7.1876	0.2195	67.3485	66.0903
1.9410	7.1864	0.2363	67.5649	65.6987
1.9415	7.1854	0.2453	67.3534	65.4330
1.9420	7.1842	0.2553	67.2737	65.5507
1.9425	7.1836	0.2687	66.9972	65.4571
1.9430	7.1838	0.2649	66.7818	65.5831
1.9435	7.1847	0.2592	65.5698	65.8573
1.9440	7.1850	0.2501	64.8078	65.9177
1.9445	7.1869	0.2357	64.0704	65.8085
1.9450	7.1872	0.2343	63.2456	66.1094
1.9455	7.1873	0.2263	63.8249	66.0199
1.9460	7.1882	0.2196	63.9684	65.7442
1.9465	7.1867	0.2384	64.6298	65.8949
1.9470	7.1869	0.2324	65.0330	65.8076
1.9475	7.1867	0.2312	65.3936	65.9291
1.9480	7.1869	0.2319	65.5899	66.1915
1.9485	7.1869	0.2250	66.0556	66.3187
1.9490	7.1869	0.2326	66.4072	65.9999
1.9495	7.1863	0.2382	66.5747	66.1348
1.9500	7.1859	0.2394	66.5668	66.0557
1.9505	7.1855	0.2492	66.8185	65.6683
1.9510	7.1838	0.2592	66.8892	65.8330
1.9515	7.1836	0.2656	65.5564	65.8475
1.9520	7.1846	0.2546	65.5136	65.9974
1.9525	7.1851	0.2503	66.0470	65.8659
1.9530	7.1854	0.2471	66.7947	65.7589
1.9535	7.1865	0.2384	67.0855	65.4133
1.9540	7.1869	0.2310	67.0436	65.7987
1.9545	7.1863	0.2347	67.1994	65.6678
1.9550	7.1871	0.2318	67.5656	65.2290
1.9555	7.1864	0.2331	67.4759	65.4347
1.9560	7.1864	0.2341	66.9997	65.6176
1.9565	7.1864	0.2403	66.4855	65.9818
1.9570	7.1862	0.2396	66.3200	65.9274
1.9575	7.1857	0.2456	65.6839	65.8975
1.9580	7.1854	0.2461	64.5834	65.5718
1.9585	7.1857	0.2440	63.6136	65.8510
1.9590	7.1856	0.2455	63.5154	66.0419
1.9595	7.1854	0.2510	64.1591	65.7764
1.9600	7.1848	0.2507	64.3646	65.8512
1.9605	7.1855	0.2502	64.6004	65.8892
1.9610	7.1860	0.2402	65.1672	65.9734
1.9615	7.1869	0.2374	65.7656	66.0698
1.9620	7.1869	0.2292	65.9834	65.8794
1.9625	7.1879	0.2242	65.9937	65.6764
1.9630	7.1873	0.2313	66.3935	65.7598
1.9635	7.1876	0.2246	66.6504	65.8251
1.9640	7.1882	0.2251	67.0614	65.7246
1.9645	7.1880	0.2209	65.9100	65.8813
1.9650	7.1878	0.2219	64.7999	65.7404
1.9655	7.1876	0.2265	65.7742	65.5529
1.9660	7.1876	0.2206	65.9764	65.7024
1.9665	7.1875	0.2300	66.3793	65.8441
1.9670	7.1860	0.2387	66.6371	65.7283
1.9675	7.1846	0.2520	67.3181	65.6742
1.9680	7.1842	0.2608	67.4730	65.7652
1.9685	7.1834	0.2676	67.1897	65.6976
1.9690	7.1842	0.2612	67.1559	66.0733
1.9695	7.1845	0.2579	67.2902	66.0275
1.9700	7.1851	0.2490	67.0686	65.8407
1.9705	7.1860	0.2408	66.1625	65.9173
1.9710	7.1869	0.2315	65.5597	66.0068
1.9715	7.1868	0.2368	64.6876	65.8960
1.9720	7.1863	0.2388	64.3533	65.7549
1.9725	7.1870	0.2347	63.6264	66.1724
1.9730	7.1866	0.2380	63.5653	65.9570
1.9735	7.1869	0.2323	64.4711	66.0353
1.9740	7.1872	0.2296	65.0445	65.9754
1.9745	7.1865	0.2387	65.2158	65.8526
1.9750	7.1866	0.2332	65.3047	66.1068
1.9755	7.1852	0.2462	66.0122	66.2197
1.9760	7.1839	0.2643	66.5265	65.8882
1.9765	7.1829	0.2694	66.6741	65.4557
1.9770	7.1813	0.2858	66.4439	65.4190
1.9775	7.1809	0.2961	66.7597	65.2789
1.9780	7.1821	0.2846	66.3887	65.7018
1.9785	7.1814	0.2918	66.4693	65.7613
1.9790	7.1820	0.2778	66.1984	65.5994
1.9795	7.1845	0.2590	65.6429	65.7761
1.9800	7.1845	0.2603	66.3617	66.0958
1.9805	7.1852	0.2534	66.9302	65.8734
1.9810	7.1844	0.2541	66.8939	65.4727
1.9815	7.1851	0.2521	66.9785	65.4740
1.9820	7.1846	0.2558	67.3088	65.2900
1.9825	7.1843	0.2606	67.5374	65.5767
1.9830	7.1840	0.2566	67.0866	66.1308
1.9835	7.1840	0.2607	66.6715	66.1144
1.9840	7.1842	0.2595	66.2919	66.2603
1.9845	7.1836	0.2617	66.1881	66.3642
1.9850	7.1830	0.2692	64.7493	66.0757
1.9855	7.1819	0.2800	62.9468	65.8221
1.9860	7.1820	0.2868	63.4613	65.7238
1.9865	7.1829	0.2764	63.9913	65.4999
1.9870	7.1834	0.2685	64.3443	65.3887
1.9875	7.1839	0.2620	64.4164	65.6100
1.9880	7.1842	0.2600	65.0126	65.8177
1.9885	7.1832	0.2674	65.6952	66.0326
1.9890	7.1824	0.2779	66.0684	66.0236
1.9895	7.1833	0.2755	65.9828	65.7883
1.9900	7.1845	0.2523	66.3496	65.6168
1.9905	7.1855	0.2496	66.8455	65.6506
1.9910	7.1860	0.2437	67.1264	65.6385
1.9915	7.1853	0.2434	66.5222	65.4260
1.9920	7.1857	0.2422	66.0788	65.5590
1.9925	7.1855	0.2452	66.7516	65.8458
1.9930	7.1854	0.2516	66.2195	66.1218
1.9935	7.1850	0.2505	65.9944	66.0678
1.9940	7.1845	0.2569	66.3581	66.0437
1.9945	7.1833	0.2699	66.9322	65.8939
1.9950	7.1829	0.2750	67.4280	66.0347
1.9955	7.1832	0.2673	67.1568	66.1389
1.9960	7.1841	0.2600	66.9906	65.7671
1.9965	7.1858	0.2435	67.2356	65.9896
1.9970	7.1867	0.2334	67.2885	66.0426
1.9975	7.1874	0.2221	66.4898	65.9904
1.9980	7.1875	0.2268	65.6843	65.7495
1.9985	7.1877	0.2237	65.2729	65.9204
1.9990	7.1869	0.2251	63.6775	65.8702
1.9995	7.1874	0.2253	63.3365	66.1232
2.0000	7.1874	0.2254	63.3053	66.0861
2.0005	7.1871	0.2316	64.0038	65.6671
2.0010	7.1875	0.2229	64.8103	65.6699
2.0015	7.1872	0.2295	65.0438	65.7796
2.0020	7.1856	0.2399	65.0072	65.9298
2.0025	7.1847	0.2539	65.6039	65.4505
2.0030	7.1834	0.2667	66.3802	65.4491
2.0035	7.1830	0.2723	66.5260	65.5085
2.0040	7.1828	0.2711	66.3283	65.9094
2.0045	7.1831	0.2715	66.5399	66.0229
2.0050	7.1836	0.2645	67.2065	65.5063
2.0055	7.1858	0.2424	67.0108	65.6173
2.0060	7.1858	0.2413	66.2447	65.6759
2.0065	7.1868	0.2343	66.2488	65.9731
2.0070	7.1879	0.2269	66.2208	65.9666
2.0075	7.1867	0.2292	66.6229	65.9790
2.0080	7.1864	0.2356	66.6407	65.7923
2.0085	7.1858	0.2462	66.7350	65.9380
2.0090	7.1855	0.2428	67.2575	66.0971
2.0095	7.1860	0.2393	67.5480	65.8378
2.0100	7.1864	0.2395	67.1284	65.8295
2.0105	7.1861	0.2410	66.7025	65.8761
2.0110	7.1856	0.2443	66.5340	65.9517
2.0115	7.1846	0.2532	66.5430	65.9174
2.0120	7.1836	0.2625	65.3170	66.1412
2.0125	7.1837	0.2686	62.8360	65.8189
2.0130	7.1849	0.2520	63.0964	65.6516
2.0135	7.1857	0.2455	63.7648	65.5905
2.0140	7.1867	0.2295	64.0910	65.3296
2.0145	7.1871	0.2290	64.0221	65.4796
2.0150	7.1866	0.2346	64.6804	65.7897
2.0155	7.1870	0.2337	65.4669	65.8026
2.0160	7.1865	0.2325	65.7912	65.8810
2.0165	7.1866	0.2387	65.7101	66.2623
2.0170	7.1859	0.2433	66.1061	66.2480
2.0175	7.1868	0.2336	66.7507	66.0227
2.0180	7.1877	0.2275	66.9361	66.0438
2.0185	7.1881	0.2181	66.6029	65.7493
2.0190	7.1870	0.2287	66.7292	65.8003
2.0195	7.1851	0.2481	67.0420	65.9577
2.0200	7.1842	0.2565	66.5199	66.0621
2.0205	7.1832	0.2670	66.0361	66.0735
2.0210	7.1839	0.2621	66.0028	66.2338
2.0215	7.1856	0.2431	66.8005	66.2816
2.0220	7.1866	0.2310	67.4810	65.7839
2.0225	7.1880	0.2265	67.2729	65.9490
2.0230	7.1877	0.2199	66.9743	65.7651
2.0235	7.1867	0.2262	67.2977	65.7738
2.0240	7.1863	0.2401	67.7390	65.8281
2.0245	7.1861	0.2372	67.1050	65.5996
2.0250	7.1868	0.2288	66.2434	65.4822
2.0255	7.1867	0.2351	65.2407	65.5860
2.0260	7.1857	0.2370	64.8085	65.8799
2.0265	7.1858	0.2502	63.5550	65.4735
2.0270	7.1862	0.2387	63.0710	65.7142
2.0275	7.1868	0.2351	63.5661	65.5269
2.0280	7.1853	0.2413	64.3501	65.6135
2.0285	7.1843	0.2569	64.9189	65.8851
2.0290	7.1834	0.2685	64.7658	65.4424
2.0295	7.1825	0.2763	65.0382	65.5103
2.0300	7.1833	0.2719	65.9013	65.5841
2.0305	7.1838	0.2635	66.4846	65.9879
2.0310	7.1856	0.2476	66.2774	65.9154
2.0315	7.1864	0.2392	66.1365	65.9714
2.0320	7.1873	0.2275	66.7223	65.7362
2.0325	7.1871	0.2295	67.1904	65.7081
2.0330	7.1871	0.2295	67.0093	66.0042
2.0335	7.1872	0.2242	65.6635	65.7094
2.0340	7.1871	0.2275	65.6024	65.5641
2.0345	7.1873	0.2280	66.5970	65.9177
2.0350	7.1865	0.2314	66.7472	65.9354
2.0355	7.1864	0.2375	66.7395	65.8048
2.0360	7.1871	0.2298	67.0742	66.0967
2.0365	7.1859	0.2413	67.7069	65.8446
2.0370	7.1858	0.2463	67.6136	65.4636
2.0375	7.1844	0.2507	67.2035	65.5935
2.0380	7.1835	0.2645	66.8017	65.5249
2.0385	7.1843	0.2594	66.9150	65.5906
2.0390	7.1842	0.2534	66.1912	65.8369
2.0395	7.1853	0.2478	64.8423	65.9449
2.0400	7.1869	0.2376	64.1701	65.8015
2.0405	7.1871	0.2250	63.2764	66.0326
2.0410	7.1877	0.2235	63.9458	66.1186
2.0415	7.1881	0.2080	63.9139	65.7874
2.0420	7.1870	0.2219	64.2583	65.8904
2.0425	7.1873	0.2281	64.9391	65.8429
2.0430	7.1874	0.2264	65.4715	65.9044
2.0435	7.1874	0.2251	65.5919	66.1590
2.0440	7.1882	0.2237	65.7324	66.3722
2.0445	7.1873	0.2261	66.2749	66.0888
2.0450	7.1864	0.2337	66.6921	66.0826
2.0455	7.1864	0.2354	66.7018	66.1696
2.0460	7.1859	0.2413	66.5242	65.6990
2.0465	7.1849	0.2479	66.8543	65.8142
2.0470	7.1844	0.2611	65.9798	65.8564
2.0475	7.1853	0.2517	65.6366	66.0025
2.0480	7.1854	0.2555	65.8181	65.9338
2.0485	7.1853	0.2431	66.3355	65.8391
2.0490	7.1871	0.2331	67.1295	65.5129
2.0495	7.1878	0.2253	67.3137	65.7122
2.0500	7.1871	0.2267	67.1589	65.8328
2.0505	7.1872	0.2251	67.1279	65.2612
2.0510	7.1868	0.2283	67.5105	65.4138
2.0515	7.1867	0.2310	67.4477	65.5727
2.0520	7.1864	0.2357	66.6667	65.9519
2.0525	7.1858	0.2399	66.0341	65.9819
2.0530	7.1860	0.2372	65.7486	65.9497
2.0535	7.1861	0.2381	65.1050	65.6582
2.0540	7.1861	0.2346	63.9912	65.7189
2.0545	7.1854	0.2390	63.1126	66.0932
2.0550	7.1854	0.2396	63.8638	65.8288
2.0555	7.1852	0.2450	64.5440	65.8304
2.0560	7.1850	0.2484	64.7526	65.9096
2.0565	7.1860	0.2439	64.8310	65.9613
2.0570	7.1865	0.2307	65.3687	66.0882
2.0575	7.1867	0.2282	66.1438	65.9596
2.0580	7.1882	0.2197	66.2417	65.7297
2.0585	7.1875	0.2288	66.1448	65.7393
2.0590	7.1877	0.2188	66.3529	65.8401
2.0595	7.1880	0.2201	67.0183	65.7393
2.0600	7.1883	0.2210	66.6617	65.8730
2.0605	7.1879	0.2183	64.7331	65.7881
2.0610	7.1876	0.2173	65.2563	65.5478
2.0615	7.1883	0.2210	65.9444	65.6770
2.0620	7.1879	0.2237	66.5321	65.8306
2.0625	7.1865	0.2310	66.6146	65.7827
2.0630	7.1856	0.2473	66.8735	65.6475
2.0635	7.1846	0.2575	67.3477	65.7687
2.0640	7.1837	0.2625	67.5135	65.6864
2.0645	7.1846	0.2608	67.2525	66.0279
2.0650	7.1848	0.2570	66.9745	66.1067
2.0655	7.1856	0.2461	67.0448	65.8500
2.0660	7.1867	0.2364	66.5738	65.8976
2.0665	7.1869	0.2349	65.9126	65.9749
2.0670	7.1867	0.2357	64.6307	65.9493
2.0675	7.1866	0.2369	64.1326	65.7106
2.0680	7.1866	0.2356	64.0810	66.0963
2.0685	7.1868	0.2349	63.6733	66.0548
2.0690	7.1868	0.2319	64.1145	66.0006
2.0695	7.1870	0.2285	64.6710	66.0823
2.0700	7.1862	0.2363	65.3995	65.8560
2.0705	7.1864	0.2367	65.5021	66.0890
2.0710	7.1856	0.2443	65.7274	66.2285
2.0715	7.1837	0.2629	66.1492	66.0210
2.0720	7.1834	0.2694	66.7717	65.4878
2.0725	7.1818	0.2847	66.6914	65.4440
2.0730	7.1803	0.2992	66.7760	65.2488
2.0735	7.1811	0.2901	66.2610	65.5866
2.0740	7.1819	0.2860	66.3381	65.8232
2.0745	7.1815	0.2879	66.5711	65.6306
2.0750	7.1842	0.2673	65.6776	65.7346
2.0755	7.1839	0.2593	65.9447	66.0928
2.0760	7.1847	0.2590	66.7996	65.9984
2.0765	7.1850	0.2534	67.1070	65.5026
2.0770	7.1848	0.2536	67.0623	65.4789
2.0775	7.1849	0.2516	67.0633	65.3144
2.0780	7.1844	0.2581	67.3587	65.4049
2.0785	7.1841	0.2563	67.3752	66.0528
2.0790	7.1846	0.2577	66.9186	66.1331
2.0795	7.1848	0.2560	66.2858	66.2179
2.0800	7.1840	0.2592	65.9670	66.4164
2.0805	7.1833	0.2712	65.3761	66.1885
2.0810	7.1822	0.2764	63.4205	65.8816
2.0815	7.1817	0.2806	63.2366	65.8012
2.0820	7.1824	0.2737	63.6378	65.5777
2.0825	7.1835	0.2694	64.2257	65.3879
2.0830	7.1838	0.2638	64.6228	65.5237
2.0835	7.1840	0.2591	64.9531	65.7630
2.0840	7.1840	0.2622	65.2641	65.9740
2.0845	7.1825	0.2717	65.8780	66.0405
2.0850	7.1834	0.2694	66.2545	65.8491
2.0855	7.1849	0.2548	66.3923	65.6667
2.0860	7.1850	0.2490	66.4858	65.6485
2.0865	7.1859	0.2411	66.8896	65.6941
2.0870	7.1864	0.2355	66.9091	65.4694
2.0875	7.1868	0.2307	66.1789	65.5012
2.0880	7.1868	0.2322	66.5500	65.7537
2.0885	7.1869	0.2319	66.1672	66.0597
2.0890	7.1866	0.2355	66.0622	66.0689
2.0895	7.1858	0.2402	66.4981	66.0166
2.0900	7.1848	0.2561	66.7076	65.9249
2.0905	7.1839	0.2598	67.0774	65.9550
2.0910	7.1845	0.2541	67.3472	66.1984
2.0915	7.1850	0.2482	67.3224	65.8319
2.0920	7.1864	0.2369	67.1631	65.9534
2.0925	7.1872	0.2325	66.9501	66.0752
2.0930	7.1875	0.2269	66.7531	66.0292
2.0935	7.1885	0.2192	66.1501	65.8101
2.0940	7.1885	0.2168	65.5810	65.8760
2.0945	7.1878	0.2207	63.6388	65.8604
2.0950	7.1876	0.2214	63.2352	65.9720
2.0955	7.1876	0.2269	63.6609	66.1418
2.0960	7.1873	0.2278	63.9387	65.6804
2.0965	7.1871	0.2307	64.3862	65.6585
2.0970	7.1869	0.2228	64.8446	65.7642
2.0975	7.1858	0.2402	65.2976	65.9896
2.0980	7.1847	0.2467	65.6461	65.5609
2.0985	7.1833	0.2722	66.0051	65.4336
2.0990	7.1825	0.2751	66.3099	65.4641
2.0995	7.1827	0.2762	66.6448	65.7342
2.1000	7.1828	0.2705	66.7175	66.0635
2.1005	7.1824	0.2815	66.8523	65.5246
2.1010	7.1838	0.2609	66.8497	65.5471
2.1015	7.1849	0.2523	66.6110	65.6407
2.1020	7.1855	0.2451	66.5640	65.9567
2.1025	7.1862	0.2394	65.9953	66.0286
2.1030	7.1865	0.2402	66.1521	66.0049
2.1035	7.1860	0.2428	66.8338	65.8496
2.1040	7.1847	0.2540	67.0218	65.8346
2.1045	7.1850	0.2514	67.0963	66.0970
2.1050	7.1854	0.2468	67.1951	65.8320
2.1055	7.1862	0.2400	67.3204	65.7708
2.1060	7.1858	0.2385	67.0674	65.8059
2.1065	7.1858	0.2440	66.6749	65.9568
2.1070	7.1852	0.2506	66.2184	65.8763
2.1075	7.1835	0.2620	65.7224	66.1271
2.1080	7.1833	0.2679	63.5787	65.9177
2.1085	7.1847	0.2579	63.0966	65.6622
2.1090	7.1857	0.2451	63.3509	65.6247
2.1095	7.1874	0.2290	63.7813	65.3595
2.1100	7.1875	0.2195	64.3258	65.3767
2.1105	7.1867	0.2290	64.8202	65.7126
2.1110	7.1866	0.2321	65.1525	65.8188
2.1115	7.1862	0.2359	65.3982	65.8625
2.1120	7.1859	0.2456	65.8858	66.1916
2.1125	7.1858	0.2471	66.3295	66.3181
2.1130	7.1863	0.2363	66.5443	66.0387
2.1135	7.1872	0.2307	66.5975	66.0654
2.1140	7.1880	0.2196	66.7751	65.8085
2.1145	7.1871	0.2307	67.0176	65.7481
2.1150	7.1859	0.2402	67.0906	65.9296
2.1155	7.1847	0.2606	66.3345	66.0087
2.1160	7.1836	0.2654	66.0412	66.1115
2.1165	7.1837	0.2670	66.3094	66.1379
2.1170	7.1857	0.2464	66.7585	66.3379
2.1175	7.1873	0.2296	67.0802	65.8226
2.1180	7.1880	0.2218	67.1115	65.9024
2.1185	7.1882	0.2210	67.3698	65.8545
2.1190	7.1867	0.2281	67.5348	65.7179
2.1195	7.1862	0.2385	67.5097	65.8906
2.1200	7.1862	0.2375	66.8755	65.6285
2.1205	7.1872	0.2289	66.6286	65.4964
2.1210	7.1865	0.2338	65.8501	65.5057
2.1215	7.1860	0.2396	64.8602	65.8838
2.1220	7.1857	0.2466	63.5925	65.5254
2.1225	7.1861	0.2403	63.0864	65.6083
2.1230	7.1868	0.2354	63.8917	65.6017
2.1235	7.1855	0.2459	64.1333	65.4933
2.1240	7.1844	0.2537	64.4870	65.9300
2.1245	7.1834	0.2620	64.7748	65.5382
2.1250	7.1822	0.2760	65.3457	65.4964
2.1255	7.1830	0.2700	65.8209	65.5559
2.1260	7.1837	0.2624	66.0813	65.8996
2.1265	7.1853	0.2515	66.1757	65.9085
2.1270	7.1865	0.2343	66.4940	65.9167
2.1275	7.1869	0.2292	66.8446	65.7980
2.1280	7.1875	0.2240	66.7316	65.6131
2.1285	7.1878	0.2251	66.9281	65.9766
2.1290	7.1883	0.2210	66.3817	65.8218
2.1295	7.1876	0.2205	65.7131	65.5676
2.1300	7.1874	0.2301	66.1055	65.8231
2.1305	7.1868	0.2378	66.4544	65.9837
2.1310	7.1864	0.2372	67.0413	65.7920
2.1315	7.1879	0.2255	67.3371	66.0528
2.1320	7.1866	0.2295	67.4100	65.9206
2.1325	7.1856	0.2409	67.3023	65.4639
2.1330	7.1855	0.2475	67.3980	65.5288
2.1335	7.1843	0.2582	67.3139	65.5491
2.1340	7.1837	0.2625	66.8436	65.5447
2.1345	7.1845	0.2607	66.1006	65.8234
2.1350	7.1851	0.2503	65.0647	65.9815
2.1355	7.1861	0.2365	64.6704	65.8266
2.1360	7.1870	0.2265	63.3383	65.9539
2.1365	7.1876	0.2260	63.4417	66.1546
2.1370	7.1887	0.2167	63.9349	65.7901
2.1375	7.1875	0.2190	64.4864	65.8297
2.1380	7.1871	0.2281	64.9141	65.8384
2.1385	7.1875	0.2228	65.0658	65.8465
2.1390	7.1873	0.2251	65.4558	66.0964
2.1395	7.1880	0.2260	65.9701	66.3421
2.1400	7.1877	0.2295	66.4106	66.1847
2.1405	7.1875	0.2292	66.3657	66.0063
2.1410	7.1866	0.2342	66.5428	66.2216
2.1415	7.1861	0.2403	66.7293	65.7593
2.1420	7.1848	0.2534	67.1191	65.7547
2.1425	7.1836	0.2639	66.0336	65.7949
2.1430	7.1848	0.2591	65.3043	65.9490
2.1435	7.1855	0.2516	66.0063	65.9596
2.1440	7.1856	0.2469	66.5286	65.8565
2.1445	7.1865	0.2317	66.8857	65.5782
2.1450	7.1876	0.2248	66.9743	65.5789
2.1455	7.1869	0.2275	67.3095	65.9227
2.1460	7.1874	0.2281	67.5092	65.3291
2.1465	7.1873	0.2275	67.4751	65.3522
2.1470	7.1867	0.2369	67.0720	65.4969
2.1475	7.1868	0.2322	66.8438	65.8360
2.1480	7.1868	0.2394	66.4909	65.9820
2.1485	7.1864	0.2353	66.0110	65.9221
2.1490	7.1863	0.2405	64.9364	65.7356
2.1495	7.1866	0.2404	64.2017	65.6276
2.1500	7.1858	0.2425	63.4808	66.0761
2.1505	7.1860	0.2443	63.8341	65.9034
2.1510	7.1853	0.2484	64.2307	65.8211
2.1515	7.1853	0.2484	64.5749	65.9003
2.1520	7.1862	0.2440	65.0325	65.9203
2.1525	7.1867	0.2336	65.4695	66.0601
2.1530	7.1871	0.2295	65.8103	66.0008
2.1535	7.1877	0.2262	66.0497	65.7487
2.1540	7.1875	0.2232	66.2848	65.6943
2.1545	7.1878	0.2239	66.5861	65.8159
2.1550	7.1882	0.2176	66.7804	65.7290
2.1555	7.1884	0.2189	66.6969	65.8020
2.1560	7.1886	0.2151	65.0799	65.8842
2.1565	7.1876	0.2267	65.3602	65.5781
2.1570	7.1876	0.2211	65.8010	65.6429
2.1575	7.1873	0.2241	66.1592	65.7997
2.1580	7.1867	0.2373	66.6515	65.8301
2.1585	7.1855	0.2436	67.0911	65.6490
2.1590	7.1842	0.2531	67.3453	65.7635
2.1595	7.1841	0.2570	67.2165	65.6948
2.1600	7.1844	0.2643	67.2739	65.8904
2.1605	7.1847	0.2561	67.2701	66.1358
2.1610	7.1854	0.2531	67.1594	65.8736
2.1615	7.1865	0.2376	66.4614	65.8848
2.1620	7.1869	0.2308	65.9257	65.9746
2.1625	7.1867	0.2331	65.1618	66.0254
2.1630	7.1868	0.2337	64.3005	65.7365
2.1635	7.1867	0.2307	63.9743	66.0078
2.1640	7.1869	0.2323	63.4967	66.1270
2.1645	7.1863	0.2340	64.1950	65.9313
2.1650	7.1876	0.2245	64.7221	66.1121
2.1655	7.1868	0.2361	65.1565	65.8305
2.1660	7.1862	0.2346	65.2577	66.0308
2.1665	7.1865	0.2416	65.8061	66.1983
2.1670	7.1845	0.2559	66.2948	66.1360
2.1675	7.1830	0.2765	66.6499	65.5927
2.1680	7.1820	0.2821	66.4148	65.4828
2.1685	7.1801	0.2925	66.7708	65.2987
2.1690	7.1810	0.2920	66.6257	65.4726
2.1695	7.1814	0.2914	66.2255	65.8306
2.1700	7.1811	0.2918	66.4566	65.6376
2.1705	7.1836	0.2720	65.7338	65.6517
2.1710	7.1848	0.2577	66.0530	66.0064
2.1715	7.1842	0.2600	66.7662	66.0743
2.1720	7.1848	0.2560	66.8703	65.5914
2.1725	7.1848	0.2526	66.9236	65.4727
2.1730	7.1847	0.2503	67.2531	65.3566
2.1735	7.1848	0.2550	67.4623	65.3113
2.1740	7.1846	0.2559	67.3070	65.9389
2.1745	7.1845	0.2597	66.8378	66.1591
2.1750	7.1847	0.2540	66.5184	66.1612
2.1755	7.1841	0.2579	66.1848	66.3958
2.1760	7.1835	0.2653	65.5954	66.2540
2.1765	7.1831	0.2723	63.4853	65.9196
2.1770	7.1821	0.2788	63.1797	65.7955
2.1775	7.1827	0.2752	63.8042	65.6365
2.1780	7.1832	0.2681	64.1580	65.4035
2.1785	7.1840	0.2608	64.3742	65.5285
2.1790	7.1844	0.2581	64.7544	65.7484
2.1795	7.1843	0.2581	65.4144	65.9413
2.1800	7.1830	0.2739	65.8971	66.0937
2.1805	7.1827	0.2762	66.0412	65.9210
2.1810	7.1842	0.2546	66.1955	65.6849
2.1815	7.1854	0.2449	66.6583	65.6110
2.1820	7.1860	0.2410	66.9585	65.6966
2.1825	7.1862	0.2375	66.9022	65.5077
2.1830	7.1864	0.2350	66.0664	65.4793
2.1835	7.1862	0.2439	66.5223	65.7366
2.1840	7.1857	0.2374	66.4706	66.0500
2.1845	7.1857	0.2410	65.9256	66.1412
2.1850	7.1853	0.2457	66.2411	66.0492
2.1855	7.1842	0.2577	66.7350	65.9995
2.1860	7.1828	0.2728	67.1751	65.9111
2.1865	7.1837	0.2635	67.2899	66.2109
2.1870	7.1844	0.2597	67.0948	65.8918
2.1875	7.1857	0.2438	67.1934	65.8604
2.1880	7.1870	0.2315	67.2041	66.0726
2.1885	7.1871	0.2276	66.8733	66.0505
2.1890	7.1880	0.2215	66.0027	65.8716
2.1895	7.1883	0.2161	65.7139	65.8664
2.1900	7.1877	0.2227	64.1593	65.9368
2.1905	7.1877	0.2168	63.1960	65.9374
2.1910	7.1871	0.2263	63.4738	66.2166
2.1915	7.1872	0.2219	63.7359	65.7828
2.1920	7.1874	0.2247	64.4146	65.6734
2.1925	7.1871	0.2328	64.8293	65.7390
2.1930	7.1860	0.2369	65.1546	65.9742
2.1935	7.1846	0.2486	65.4139	65.6901
2.1940	7.1836	0.2654	65.9447	65.4276
2.1945	7.1826	0.2755	66.3999	65.4959
2.1950	7.1828	0.2762	66.5673	65.6551
2.1955	7.1836	0.2723	66.5159	66.1121
2.1960	7.1830	0.2742	66.8494	65.6528
2.1965	7.1851	0.2539	67.0819	65.4964
2.1970	7.1861	0.2372	66.5849	65.6331
2.1975	7.1868	0.2349	66.3595	65.8641
2.1980	7.1875	0.2241	66.0901	66.0437
2.1985	7.1880	0.2234	66.2372	66.0097
2.1990	7.1873	0.2307	66.7839	65.9352
2.1995	7.1861	0.2357	66.7972	65.8236
2.2000	7.1861	0.2427	67.0401	66.1526
2.2005	7.1864	0.2410	67.2332	65.9303
2.2010	7.1867	0.2322	67.3902	65.8241
2.2015	7.1862	0.2371	67.0242	65.8081
2.2020	7.1861	0.2428	66.7022	65.9448
2.2025	7.1850	0.2503	66.3149	65.8690
2.2030	7.1838	0.2624	66.1284	66.0673
2.2035	7.1831	0.2697	63.8630	65.9933
2.2040	7.1844	0.2579	62.8385	65.6878
2.2045	7.1854	0.2473	63.3815	65.6808
2.2050	7.1867	0.2367	63.8773	65.4598
2.2055	7.1877	0.2248	64.2375	65.3881
2.2060	7.1872	0.2239	64.4301	65.7060
2.2065	7.1871	0.2269	65.0587	65.8376
2.2070	7.1871	0.2380	65.5809	65.8298
2.2075	7.1857	0.2440	65.8726	66.1126
2.2080	7.1856	0.2462	65.9840	66.3221
2.2085	7.1861	0.2463	66.3963	66.0634
2.2090	7.1868	0.2334	66.7605	66.0472
2.2095	7.1877	0.2273	66.9001	65.8945
2.2100	7.1873	0.2254	66.7374	65.7469
2.2105	7.1859	0.2397	66.9594	65.9690
2.2110	7.1850	0.2563	66.6540	66.0482
2.2115	7.1841	0.2617	66.2163	66.1761
2.2120	7.1831	0.2707	66.0650	66.1221
2.2125	7.1851	0.2508	66.4388	66.3525
2.2130	7.1859	0.2419	67.1736	65.9320
2.2135	7.1869	0.2337	67.3229	65.8324
2.2140	7.1873	0.2275	67.2450	65.9177
2.2145	7.1866	0.2357	67.2182	65.6977
2.2150	7.1856	0.2425	67.5390	65.9006
2.2155	7.1852	0.2511	67.2676	65.7015
2.2160	7.1862	0.2418	66.7197	65.5447
2.2165	7.1859	0.2431	65.7931	65.4708
2.2170	7.1855	0.2478	64.9482	65.8748
2.2175	7.1848	0.2467	64.1733	65.6377
2.2180	7.1862	0.2442	63.1838	65.5531
2.2185	7.1870	0.2310	63.5013	65.6900
2.2190	7.1858	0.2382	63.8278	65.4452
2.2195	7.1848	0.2579	64.5969	65.9247
2.2200	7.1837	0.2657	64.9423	65.6484
2.2205	7.1822	0.2823	65.0998	65.4846
2.2210	7.1829	0.2718	65.4922	65.5629
2.2215	7.1836	0.2649	66.1084	65.8493
2.2220	7.1847	0.2522	66.4039	65.9749
2.2225	7.1860	0.2436	66.3248	65.9198
2.2230	7.1871	0.2304	66.4917	65.9052
2.2235	7.1870	0.2303	66.8549	65.6005
2.2240	7.1871	0.2283	67.1895	65.9361
2.2245	7.1875	0.2269	66.4536	65.9099
2.2250	7.1867	0.2235	65.4068	65.5830
2.2255	7.1870	0.2351	66.0683	65.7854
2.2260	7.1863	0.2361	66.6739	66.0307
2.2265	7.1863	0.2393	66.9215	65.8346
2.2270	7.1872	0.2283	67.0021	65.9951
2.2275	7.1865	0.2291	67.3114	66.0317
2.2280	7.1860	0.2428	67.6008	65.5291
2.2285	7.1850	0.2516	67.5010	65.5119
2.2290	7.1843	0.2597	67.0974	65.6107
2.2295	7.1836	0.2620	66.7470	65.5675
2.2300	7.1846	0.2572	66.6117	65.7754
2.2305	7.1850	0.2517	65.3913	65.9912
2.2310	7.1862	0.2412	64.5888	65.8740
2.2315	7.1868	0.2302	63.3111	65.9146
2.2320	7.1871	0.2238	63.5062	66.2036
2.2325	7.1887	0.2121	64.1843	65.8713
2.2330	7.1885	0.2186	64.1676	65.8051
2.2335	7.1873	0.2288	64.5605	65.9028
2.2340	7.1877	0.2251	65.0788	65.8303
2.2345	7.1875	0.2281	65.7108	66.0471
2.2350	7.1881	0.2213	65.8081	66.3223
2.2355	7.1877	0.2250	66.0696	66.2724
2.2360	7.1876	0.2250	66.3252	66.0065
2.2365	7.1862	0.2292	66.7528	66.2635
2.2370	7.1862	0.2381	66.6746	65.8749
2.2375	7.1852	0.2449	66.8532	65.7471
2.2380	7.1841	0.2635	66.3109	65.8201
2.2385	7.1848	0.2587	65.4882	65.9167
2.2390	7.1851	0.2561	65.9336	65.9902
2.2395	7.1858	0.2478	66.1502	65.8506
2.2400	7.1865	0.2408	66.7773	65.6766
2.2405	7.1872	0.2246	67.1422	65.5222
2.2410	7.1875	0.2263	67.3342	65.9502
2.2415	7.1873	0.2270	67.2443	65.4485
2.2420	7.1875	0.2239	67.4068	65.3179
2.2425	7.1869	0.2313	67.3463	65.5264
2.2430	7.1866	0.2328	67.0678	65.7809
2.2435	7.1865	0.2370	66.3793	66.0169
2.2440	7.1866	0.2363	65.9903	65.9505
2.2445	7.1862	0.2350	65.2495	65.8264
2.2450	7.1865	0.2362	64.5148	65.5567
2.2455	7.1861	0.2379	63.4742	66.0078
2.2460	7.1859	0.2440	63.5292	65.9588
2.2465	7.1854	0.2497	64.2097	65.7838
2.2470	7.1850	0.2496	64.6576	65.9244
2.2475	7.1854	0.2462	64.9147	65.9412
2.2480	7.1867	0.2346	65.2283	66.0597
2.2485	7.1868	0.2328	65.7113	66.0468
2.2490	7.1875	0.2247	66.1818	65.8069
2.2495	7.1876	0.2219	66.2455	65.6753
2.2500	7.1873	0.2225	66.4111	65.8097
2.2505	7.1878	0.2179	66.6338	65.7618
2.2510	7.1879	0.2198	67.0539	65.7546
2.2515	7.1883	0.2239	65.3898	65.9271
2.2520	7.1875	0.2219	64.9819	65.6428
2.2525	7.1875	0.2207	65.6753	65.6240
2.2530	7.1872	0.2241	66.2106	65.7806
2.2535	7.1870	0.2313	66.7460	65.8555
2.2540	7.1861	0.2434	66.8058	65.6763
2.2545	7.1846	0.2504	67.2113	65.7356
2.2550	7.1838	0.2629	67.3590	65.7154
2.2555	7.1838	0.2632	67.4361	65.8171
2.2560	7.1839	0.2638	67.1947	66.1484
2.2565	7.1849	0.2581	67.0287	65.9123
2.2570	7.1861	0.2443	66.7427	65.8727
2.2575	7.1867	0.2347	66.2486	65.9671
2.2580	7.1870	0.2298	65.3023	66.0393
2.2585	7.1867	0.2331	64.1462	65.7853
2.2590	7.1863	0.2325	64.1359	65.9017
2.2595	7.1869	0.2305	63.7539	66.1798
2.2600	7.1868	0.2342	64.0230	65.9165
2.2605	7.1870	0.2267	64.4186	66.1126
2.2610	7.1866	0.2324	65.0728	65.8700
2.2615	7.1865	0.2322	65.4425	65.9752
2.2620	7.1864	0.2401	65.7169	66.1907
2.2625	7.1848	0.2566	66.0156	66.2019
2.2630	7.1833	0.2649	66.4657	65.6759
2.2635	7.1825	0.2756	66.7182	65.4720
2.2640	7.1812	0.2921	66.8017	65.3459
2.2645	7.1809	0.2891	66.7136	65.3943
2.2650	7.1821	0.2875	66.1963	65.8086
2.2655	7.1811	0.2847	66.5471	65.6833
2.2660	7.1836	0.2724	66.1041	65.6283
2.2665	7.1846	0.2525	65.7789	65.9395
2.2670	7.1848	0.2557	66.4752	66.1384
2.2675	7.1852	0.2543	66.9510	65.6848
2.2680	7.1851	0.2515	67.1044	65.4590
2.2685	7.1851	0.2437	67.1595	65.3896
2.2690	7.1850	0.2473	67.2655	65.2682
2.2695	7.1845	0.2554	67.4044	65.8271
2.2700	7.1841	0.2601	67.0961	66.1626
2.2705	7.1846	0.2543	66.6600	66.1292
2.2710	7.1850	0.2559	66.0374	66.3711
2.2715	7.1838	0.2613	65.8055	66.3252
2.2720	7.1831	0.2676	64.0777	65.9805
2.2725	7.1824	0.2815	63.1638	65.7957
2.2730	7.1824	0.2732	63.5598	65.6727
2.2735	7.1830	0.2720	63.9608	65.4366
2.2740	7.1837	0.2661	64.5111	65.4713
2.2745	7.1844	0.2570	64.8003	65.7267
2.2750	7.1841	0.2538	65.2027	65.9072
2.2755	7.1834	0.2723	65.6055	66.0730
2.2760	7.1823	0.2773	66.1238	65.9480
2.2765	7.1843	0.2617	66.3781	65.7170
2.2770	7.1851	0.2501	66.5641	65.6104
2.2775	7.1862	0.2414	66.6415	65.6868
2.2780	7.1865	0.2344	67.0251	65.5425
2.2785	7.1863	0.2377	66.5145	65.4533
2.2790	7.1862	0.2318	66.4219	65.6772
2.2795	7.1863	0.2360	66.4157	65.9965
2.2800	7.1861	0.2387	65.8658	66.1373
2.2805	7.1854	0.2399	66.3096	66.0324
2.2810	7.1844	0.2570	66.8481	66.0178
2.2815	7.1831	0.2685	67.0153	65.8769
2.2820	7.1837	0.2634	67.1619	66.1846
2.2825	7.1847	0.2564	67.2045	65.9773
2.2830	7.1854	0.2490	67.3814	65.8090
2.2835	7.1868	0.2289	67.1625	66.0474
2.2840	7.1871	0.2322	66.8326	66.0575
2.2845	7.1875	0.2225	66.2390	65.9195
2.2850	7.1880	0.2183	66.0287	65.8102
2.2855	7.1879	0.2201	64.5754	65.9494
2.2860	7.1882	0.2228	63.0613	65.8757
2.2865	7.1878	0.2202	63.4568	66.2083
2.2870	7.1875	0.2298	63.8435	65.8844
2.2875	7.1871	0.2299	64.3680	65.6717
2.2880	7.1875	0.2272	64.5961	65.6831
2.2885	7.1866	0.2331	65.0629	65.9329
2.2890	7.1849	0.2502	65.5261	65.7780
2.2895	7.1839	0.2652	66.0135	65.4011
2.2900	7.1824	0.2743	66.2050	65.4978
2.2905	7.1826	0.2770	66.3894	65.5569
2.2910	7.1829	0.2758	66.7079	66.0636
2.2915	7.1826	0.2764	66.9661	65.7630
2.2920	7.1838	0.2688	66.9816	65.4414
2.2925	7.1852	0.2499	66.5615	65.5965
2.2930	7.1855	0.2486	66.5143	65.7739
2.2935	7.1867	0.2353	66.4339	66.0407
2.2940	7.1868	0.2358	66.1155	65.9861
2.2945	7.1858	0.2413	66.5614	65.9665
2.2950	7.1858	0.2455	66.8622	65.7894
2.2955	7.1859	0.2529	67.1933	66.1193
2.2960	7.1857	0.2474	67.1901	65.9604
2.2965	7.1859	0.2438	67.2298	65.8126
2.2970	7.1857	0.2459	67.0642	65.7984
2.2975	7.1854	0.2472	67.0171	65.8929
2.2980	7.1851	0.2482	66.4414	65.8650
2.2985	7.1835	0.2659	66.1017	65.9986
2.2990	7.1831	0.2679	64.2814	66.0755
2.2995	7.1836	0.2649	62.9684	65.7107
2.3000	7.1851	0.2495	63.4281	65.7215
2.3005	7.1860	0.2405	63.6000	65.5039
2.3010	7.1872	0.2302	64.1703	65.3813
2.3015	7.1871	0.2367	64.6052	65.6145
2.3020	7.1866	0.2330	65.0154	65.8251
2.3025	7.1862	0.2370	65.2214	65.8220
2.3030	7.1854	0.2437	65.7396	66.0121
2.3035	7.1855	0.2483	66.2219	66.3141
2.3040	7.1862	0.2445	66.5896	66.1130
2.3045	7.1871	0.2316	66.4922	66.0580
2.3050	7.1879	0.2248	66.6351	65.9644
2.3055	7.1879	0.2216	66.9021	65.7217
2.3060	7.1865	0.2354	67.2109	65.9119
2.3065	7.1852	0.2531	66.6620	66.0041
2.3070	7.1842	0.2620	66.0335	66.1373
2.3075	7.1835	0.2652	66.1824	66.0787
2.3080	7.1856	0.2542	66.6376	66.2973
2.3085	7.1869	0.2343	67.0176	66.0505
2.3090	7.1878	0.2288	67.0361	65.7675
2.3095	7.1883	0.2177	67.3134	65.9685
2.3100	7.1882	0.2195	67.5207	65.7173
2.3105	7.1871	0.2263	67.5558	65.9038
2.3110	7.1872	0.2307	67.0936	65.7135
2.3115	7.1877	0.2245	66.7076	65.5738
2.3120	7.1873	0.2301	66.3478	65.4668
2.3125	7.1863	0.2317	65.2510	65.7992
2.3130	7.1862	0.2380	64.0312	65.7355
2.3135	7.1865	0.2369	62.9682	65.4446
2.3140	7.1870	0.2299	63.6586	65.7181
2.3145	7.1862	0.2394	64.0054	65.4338
2.3150	7.1848	0.2523	64.3429	65.8481
2.3155	7.1841	0.2620	64.6698	65.7471
2.3160	7.1827	0.2759	65.2238	65.4815
2.3165	7.1828	0.2766	65.6860	65.5703
2.3170	7.1833	0.2697	65.8966	65.7899
2.3175	7.1846	0.2573	66.0908	66.0116
2.3180	7.1855	0.2503	66.4450	65.9145
2.3185	7.1863	0.2393	66.8039	65.9477
2.3190	7.1866	0.2338	66.8171	65.6099
2.3195	7.1871	0.2304	66.8497	65.8619
2.3200	7.1874	0.2259	66.6910	65.9440
2.3205	7.1869	0.2325	65.7722	65.5985
2.3210	7.1865	0.2375	65.9601	65.6922
2.3215	7.1864	0.2424	66.3472	66.0240
2.3220	7.1859	0.2474	66.8623	65.8572
2.3225	7.1867	0.2347	67.2541	65.9282
2.3230	7.1872	0.2319	67.3538	66.0789
2.3235	7.1855	0.2451	67.3607	65.6263
2.3240	7.1854	0.2536	67.3076	65.4801
2.3245	7.1839	0.2608	67.4415	65.5831
2.3250	7.1836	0.2637	67.0692	65.5389
2.3255	7.1839	0.2614	66.5675	65.7022
2.3260	7.1848	0.2521	65.3019	65.9250
2.3265	7.1856	0.2461	64.8568	65.8819
2.3270	7.1872	0.2329	63.8254	65.8486
2.3275	7.1876	0.2293	63.2929	66.1959
2.3280	7.1888	0.2169	63.8722	65.9707
2.3285	7.1885	0.2177	64.1249	65.7809
2.3290	7.1872	0.2307	64.8069	65.9092
2.3295	7.1872	0.2238	65.0315	65.8412
2.3300	7.1870	0.2273	65.3527	66.0114
2.3305	7.1871	0.2284	65.7090	66.2647
2.3310	7.1880	0.2214	66.2936	66.3278
2.3315	7.1873	0.2283	66.4282	65.9903
2.3320	7.1868	0.2333	66.4678	66.2330
2.3325	7.1870	0.2367	66.5504	65.9792
2.3330	7.1854	0.2455	67.0494	65.7175
2.3335	7.1841	0.2615	66.7259	65.8347
2.3340	7.1842	0.2644	65.3471	65.8907
2.3345	7.1850	0.2533	65.6413	66.0248
2.3350	7.1853	0.2508	66.2477	65.8744
2.3355	7.1860	0.2434	66.8789	65.7376
2.3360	7.1868	0.2261	66.9922	65.4468
2.3365	7.1870	0.2281	67.1662	65.9110
2.3370	7.1874	0.2307	67.3364	65.5891
2.3375	7.1873	0.2252	67.5924	65.2804
2.3380	7.1871	0.2304	67.3190	65.5200
2.3385	7.1870	0.2316	66.9512	65.7512
2.3390	7.1866	0.2350	66.5284	66.0218
2.3395	7.1870	0.2316	66.2879	65.9480
2.3400	7.1866	0.2376	65.3945	65.8887
2.3405	7.1867	0.2328	64.4865	65.5561
2.3410	7.1865	0.2379	63.6534	65.9120
2.3415	7.1857	0.2423	63.6259	66.0296
2.3420	7.1854	0.2493	64.1776	65.7867
2.3425	7.1852	0.2499	64.3955	65.9130
2.3430	7.1856	0.2455	64.7859	65.9735
2.3435	7.1867	0.2322	65.3436	66.0552
2.3440	7.1871	0.2289	65.7622	66.0950
2.3445	7.1879	0.2275	65.9875	65.8715
2.3450	7.1878	0.2234	66.0880	65.6725
2.3455	7.1875	0.2297	66.5314	65.7721
2.3460	7.1882	0.2224	66.6785	65.7837
2.3465	7.1881	0.2224	67.0236	65.7023
2.3470	7.1882	0.2181	65.5639	65.9341
2.3475	7.1874	0.2232	64.9065	65.7027
2.3480	7.1875	0.2201	65.8087	65.6002
2.3485	7.1877	0.2263	65.9974	65.7620
2.3490	7.1872	0.2265	66.5224	65.8716
2.3495	7.1863	0.2386	66.8045	65.7266
2.3500	7.1855	0.2486	67.2965	65.7133
2.3505	7.1847	0.2551	67.3528	65.7537
2.3510	7.1840	0.2585	67.3136	65.7660
2.3515	7.1848	0.2513	67.2354	66.1351
2.3520	7.1849	0.2540	67.2077	65.9915
2.3525	7.1862	0.2442	66.8367	65.8617
2.3530	7.1869	0.2303	66.1722	65.9527
2.3535	7.1874	0.2310	65.4783	66.0387
2.3540	7.1871	0.2296	64.3787	65.8552
2.3545	7.1866	0.2325	64.2180	65.8265
2.3550	7.1871	0.2319	63.6993	66.2189
2.3555	7.1866	0.2288	63.8917	65.9631
2.3560	7.1868	0.2316	64.4264	66.1161
2.3565	7.1865	0.2364	65.0122	65.9435
2.3570	7.1863	0.2364	65.3800	65.9247
2.3575	7.1859	0.2384	65.5635	66.1679
2.3580	7.1850	0.2523	66.0330	66.2368
2.3585	7.1838	0.2605	66.5046	65.7909
2.3590	7.1826	0.2742	66.6728	65.4736
2.3595	7.1811	0.2897	66.6471	65.4051
2.3600	7.1808	0.2961	66.7787	65.3607
2.3605	7.1818	0.2871	66.2842	65.7965
2.3610	7.1812	0.2953	66.5269	65.7434
2.3615	7.1823	0.2820	66.0887	65.6390
2.3620	7.1842	0.2644	65.7466	65.8894
2.3625	7.1839	0.2652	66.4541	66.1607
2.3630	7.1843	0.2655	66.9202	65.7967
2.3635	7.1841	0.2559	66.9632	65.4366
2.3640	7.1844	0.2561	67.0466	65.4506
2.3645	7.1845	0.2587	67.3257	65.2954
2.3650	7.1841	0.2533	67.4867	65.6953
2.3655	7.1845	0.2547	67.0774	66.1907
2.3660	7.1845	0.2537	66.6256	66.1306
2.3665	7.1850	0.2570	66.1332	66.3414
2.3670	7.1841	0.2651	66.0584	66.3914
2.3675	7.1825	0.2691	64.4669	66.0591
2.3680	7.1816	0.2855	62.9799	65.8472
2.3685	7.1818	0.2828	63.5078	65.7463
2.3690	7.1832	0.2724	63.9755	65.4863
2.3695	7.1831	0.2635	64.4394	65.4450
2.3700	7.1842	0.2623	64.5963	65.6789
2.3705	7.1844	0.2633	65.1134	65.8690
2.3710	7.1832	0.2660	65.6612	66.0719
2.3715	7.1820	0.2780	66.1065	65.9778
2.3720	7.1834	0.2682	66.1349	65.7798
2.3725	7.1852	0.2499	66.4413	65.6401
2.3730	7.1856	0.2447	66.7472	65.7080
2.3735	7.1864	0.2329	67.1227	65.6317
2.3740	7.1861	0.2390	66.4617	65.4632
2.3745	7.1859	0.2360	66.2245	65.6368
2.3750	7.1863	0.2390	66.5750	65.9292
2.3755	7.1859	0.2409	66.0404	66.1460
2.3760	7.1854	0.2393	66.1593	66.0283
2.3765	7.1848	0.2532	66.5561	66.0409
2.3770	7.1831	0.2703	66.9927	65.9071
2.3775	7.1838	0.2641	67.3413	66.1794
2.3780	7.1845	0.2561	67.2470	66.1101
2.3785	7.1848	0.2497	67.1682	65.8045
2.3790	7.1866	0.2340	67.0774	66.0492
2.3795	7.1872	0.2278	67.0592	66.0955
2.3800	7.1880	0.2204	66.4416	65.9785
2.3805	7.1882	0.2127	65.9213	65.7928
2.3810	7.1885	0.2172	64.8607	65.9691
2.3815	7.1880	0.2210	63.2488	65.8868
2.3820	7.1879	0.2209	63.4580	66.1891
2.3825	7.1877	0.2233	63.6354	65.9974
2.3830	7.1872	0.2251	64.1286	65.7049
2.3835	7.1874	0.2266	64.6322	65.7240
2.3840	7.1866	0.2346	65.1259	65.9194
2.3845	7.1857	0.2452	65.3657	65.8916
2.3850	7.1840	0.2580	65.7292	65.4343
2.3855	7.1828	0.2735	66.1854	65.5024
2.3860	7.1826	0.2786	66.5919	65.5384
2.3865	7.1828	0.2749	66.6261	66.0087
2.3870	7.1826	0.2764	66.6321	65.9304
2.3875	7.1837	0.2625	66.9623	65.4742
2.3880	7.1857	0.2478	66.8659	65.6120
2.3885	7.1865	0.2395	66.5071	65.7163
2.3890	7.1871	0.2318	66.2382	66.0151
2.3895	7.1877	0.2248	65.9809	65.9845
2.3900	7.1870	0.2340	66.6495	66.0010
2.3905	7.1861	0.2367	66.9024	65.7776
2.3910	7.1856	0.2443	66.9580	66.0425
2.3915	7.1859	0.2416	67.0312	66.0612
2.3920	7.1866	0.2356	67.4183	65.8503
2.3925	7.1869	0.2341	67.3127	65.8277
2.3930	7.1863	0.2421	66.9142	65.9169
2.3935	7.1853	0.2444	66.2766	65.9301
2.3940	7.1846	0.2598	66.2744	65.9704
2.3945	7.1831	0.2694	64.9809	66.1233
2.3950	7.1839	0.2582	62.9399	65.7404
2.3955	7.1853	0.2520	63.1386	65.6493
2.3960	7.1861	0.2421	63.6194	65.5296
2.3965	7.1879	0.2189	64.2759	65.3586
2.3970	7.1879	0.2226	64.3937	65.5803
2.3975	7.1869	0.2346	64.7487	65.8434
2.3980	7.1870	0.2325	65.2769	65.8743
2.3985	7.1864	0.2376	65.9349	66.0114
2.3990	7.1859	0.2416	66.0831	66.3304
2.3995	7.1860	0.2423	66.2244	66.2084
2.4000	7.1869	0.2319	66.4908	66.0306
2.4005	7.1873	0.2229	66.9423	66.0020
2.4010	7.1881	0.2275	66.9298	65.7107
2.4015	7.1865	0.2317	66.8753	65.8845
2.4020	7.1850	0.2508	66.7025	65.9933
2.4025	7.1843	0.2597	66.3628	66.1240
2.4030	7.1834	0.2679	66.2838	66.1123
2.4035	7.1837	0.2601	66.2739	66.3058
2.4040	7.1853	0.2456	66.7808	66.1947
2.4045	7.1856	0.2413	67.2689	65.8128
2.4050	7.1864	0.2384	67.4275	66.0122
2.4055	7.1865	0.2357	67.2856	65.7384
2.4060	7.1857	0.2458	67.3155	65.8601
2.4065	7.1851	0.2477	67.3987	65.7675
2.4070	7.1861	0.2407	67.0163	65.5822
2.4075	7.1860	0.2428	66.3581	65.4523
2.4080	7.1853	0.2457	65.1343	65.7320
2.4085	7.1859	0.2469	64.3751	65.8425
2.4090	7.1855	0.2446	63.2741	65.4483
2.4095	7.1866	0.2354	63.4651	65.7763
2.4100	7.1862	0.2354	63.7512	65.5237
2.4105	7.1852	0.2508	64.2643	65.7766
2.4110	7.1842	0.2571	64.8944	65.8386
2.4115	7.1826	0.2797	65.1543	65.4566
2.4120	7.1827	0.2759	65.3309	65.5415
2.4125	7.1832	0.2738	65.7417	65.6784
2.4130	7.1842	0.2577	66.3376	66.0073
2.4135	7.1856	0.2450	66.5659	65.9100
2.4140	7.1873	0.2278	66.5007	65.9977
2.4145	7.1879	0.2152	66.6257	65.6595
2.4150	7.1876	0.2216	67.0094	65.7745
2.4155	7.1878	0.2187	67.0475	66.0136
2.4160	7.1876	0.2245	65.7347	65.6717
2.4165	7.1872	0.2257	65.6428	65.6709
2.4170	7.1872	0.2269	66.4512	65.9560
2.4175	7.1867	0.2340	66.9749	65.8617
2.4180	7.1873	0.2285	67.1096	65.8733
2.4185	7.1878	0.2214	67.0759	66.1142
2.4190	7.1862	0.2364	67.4546	65.7071
2.4195	7.1850	0.2481	67.6407	65.4649
2.4200	7.1844	0.2540	67.4476	65.6089
2.4205	7.1835	0.2608	66.7746	65.5516
2.4210	7.1842	0.2611	66.6440	65.6810
2.4215	7.1848	0.2546	65.8484	65.9052
2.4220	7.1853	0.2438	64.9945	65.9026
2.4225	7.1869	0.2332	63.8395	65.8157
2.4230	7.1872	0.2251	63.0872	66.1513
2.4235	7.1883	0.2185	64.0414	66.0256
2.4240	7.1889	0.2183	64.2133	65.7680
2.4245	7.1875	0.2252	64.4676	65.9209
2.4250	7.1878	0.2273	64.7698	65.8614
2.4255	7.1881	0.2229	65.5347	65.9784
2.4260	7.1878	0.2183	65.8913	66.2416
2.4265	7.1883	0.2207	65.9911	66.3735
2.4270	7.1876	0.2234	66.1262	66.0286
2.4275	7.1874	0.2276	66.5915	66.1797
2.4280	7.1864	0.2363	66.8734	66.0771
2.4285	7.1854	0.2405	66.8734	65.7050
2.4290	7.1840	0.2571	66.6148	65.8570
2.4295	7.1844	0.2633	65.4998	65.8659
2.4300	7.1849	0.2520	65.8410	66.0519
2.4305	7.1852	0.2474	66.1209	65.8988
2.4310	7.1856	0.2418	66.4654	65.7899
2.4315	7.1868	0.2303	67.0365	65.4383
2.4320	7.1871	0.2292	67.4244	65.8325
2.4325	7.1869	0.2293	67.3057	65.6801
2.4330	7.1879	0.2211	67.2747	65.2396
2.4335	7.1871	0.2328	67.3796	65.4889
2.4340	7.1869	0.2278	67.2891	65.6825
2.4345	7.1871	0.2294	66.6503	66.0139
2.4350	7.1870	0.2331	66.1308	65.9594
2.4355	7.1870	0.2312	65.5383	65.9365
2.4360	7.1869	0.2345	64.8016	65.5932
2.4365	7.1864	0.2368	63.8450	65.8384
2.4370	7.1861	0.2420	63.3769	66.0688
2.4375	7.1851	0.2503	64.0103	65.7972
2.4380	7.1848	0.2538	64.5186	65.8819
2.4385	7.1855	0.2497	64.8581	65.9546
2.4390	7.1865	0.2386	65.1056	66.0250
2.4395	7.1867	0.2347	65.4843	66.0962
2.4400	7.1868	0.2295	66.1052	65.9121
2.4405	7.1875	0.2272	66.2996	65.6974
2.4410	7.1870	0.2293	66.3773	65.7519
2.4415	7.1876	0.2248	66.4009	65.8161
2.4420	7.1876	0.2187	67.0505	65.6883
2.4425	7.1882	0.2172	66.1737	65.8972
2.4430	7.1879	0.2248	64.8280	65.7809
2.4435	7.1876	0.2180	65.4905	65.5895
2.4440	7.1878	0.2209	65.9718	65.7167
2.4445	7.1874	0.2212	66.6713	65.8607
2.4450	7.1865	0.2375	66.7710	65.7551
2.4455	7.1848	0.2484	67.0284	65.6994
2.4460	7.1847	0.2568	67.2914	65.7780
2.4465	7.1841	0.2641	67.5188	65.7259
2.4470	7.1846	0.2578	67.3507	66.0960
2.4475	7.1847	0.2511	67.0451	66.0419
2.4480	7.1862	0.2452	66.8638	65.8570
2.4485	7.1864	0.2346	66.3975	65.9379
2.4490	7.1870	0.2280	65.8368	66.0261
2.4495	7.1867	0.2337	64.4634	65.8953
2.4500	7.1864	0.2311	64.1034	65.7590
2.4505	7.1870	0.2331	63.8910	66.1906
2.4510	7.1870	0.2322	63.8468	65.9909
2.4515	7.1871	0.2274	64.3769	66.0704
2.4520	7.1867	0.2282	64.7798	66.0190
2.4525	7.1865	0.2336	65.2875	65.8958
2.4530	7.1861	0.2319	65.7095	66.1400
2.4535	7.1853	0.2462	66.0723	66.2452
2.4540	7.1839	0.2655	66.2800	65.8861
2.4545	7.1827	0.2756	66.5540	65.4802
2.4550	7.1812	0.2897	66.7099	65.4305
2.4555	7.1807	0.2976	67.0397	65.3167
2.4560	7.1818	0.2872	66.1961	65.7331
2.4565	7.1812	0.2878	66.2786	65.7635
2.4570	7.1827	0.2779	66.3154	65.6181
2.4575	7.1846	0.2575	65.8969	65.8009
2.4580	7.1848	0.2599	66.3006	66.1273
2.4585	7.1851	0.2517	66.7138	65.8675
2.4590	7.1851	0.2553	67.0027	65.4889
2.4595	7.1853	0.2482	67.2938	65.4641
2.4600	7.1851	0.2472	67.2702	65.2938
2.4605	7.1848	0.2561	67.3097	65.6106
2.4610	7.1845	0.2593	67.1464	66.1499
2.4615	7.1845	0.2555	66.9254	66.1215
2.4620	7.1852	0.2528	66.3147	66.2704
2.4625	7.1837	0.2582	65.9659	66.4008
2.4630	7.1837	0.2669	64.6621	66.0909
2.4635	7.1828	0.2764	63.1904	65.8276
2.4640	7.1828	0.2732	63.5479	65.7214
2.4645	7.1839	0.2716	63.7892	65.5176
2.4650	7.1837	0.2642	64.2964	65.4348
2.4655	7.1846	0.2581	64.6803	65.6567
2.4660	7.1849	0.2553	65.1811	65.8438
2.4665	7.1837	0.2620	65.4825	66.0524
2.4670	7.1824	0.2801	65.9170	66.0467
2.4675	7.1833	0.2703	66.2402	65.8075
2.4680	7.1852	0.2510	66.6089	65.6308
2.4685	7.1854	0.2477	66.6565	65.6817
2.4690	7.1865	0.2346	66.9010	65.6445
2.4695	7.1861	0.2341	66.7043	65.4338
2.4700	7.1862	0.2387	66.4083	65.5760
2.4705	7.1859	0.2389	66.6282	65.8741
2.4710	7.1858	0.2402	65.9174	66.1338
2.4715	7.1853	0.2463	66.0928	66.0834
2.4720	7.1848	0.2501	66.7360	66.0611
2.4725	7.1829	0.2681	66.9692	65.9405
2.4730	7.1827	0.2703	67.1023	66.1123
2.4735	7.1841	0.2561	67.1777	66.1719
2.4740	7.1847	0.2545	67.4039	65.7777
2.4745	7.1856	0.2392	67.2702	65.9925
2.4750	7.1868	0.2346	66.9128	66.0592
2.4755	7.1871	0.2251	66.4674	65.9834
2.4760	7.1886	0.2154	66.0993	65.7367
2.4765	7.1880	0.2201	65.2652	65.9484
2.4770	7.1877	0.2202	63.3054	65.8790
2.4775	7.1884	0.2227	63.3082	66.1411
2.4780	7.1876	0.2227	63.7068	66.1092
2.4785	7.1874	0.2228	64.1937	65.6853
2.4790	7.1874	0.2289	64.5254	65.6655
2.4795	7.1868	0.2303	64.9323	65.8282
2.4800	7.1859	0.2438	65.3779	65.9110
2.4805	7.1840	0.2572	65.8072	65.4616
2.4810	7.1832	0.2664	66.1217	65.4941
2.4815	7.1822	0.2747	66.3957	65.4880
2.4820	7.1827	0.2757	66.6483	65.9243
2.4825	7.1826	0.2708	66.8235	66.0116
2.4830	7.1836	0.2665	66.9769	65.4860
2.4835	7.1855	0.2473	66.7430	65.5944
2.4840	7.1857	0.2425	66.4924	65.6603
2.4845	7.1868	0.2378	66.5034	65.9888
2.4850	7.1871	0.2222	66.0452	65.9970
2.4855	7.1866	0.2337	66.4364	66.0079
2.4860	7.1861	0.2392	66.8397	65.7918
2.4865	7.1858	0.2462	67.0736	65.9934
2.4870	7.1855	0.2467	67.1331	66.0913
2.4875	7.1859	0.2369	67.3019	65.8206
2.4880	7.1866	0.2392	67.2768	65.8240
2.4885	7.1860	0.2448	67.0239	65.8809
2.4890	7.1856	0.2446	66.4691	65.9342
2.4895	7.1842	0.2560	66.2630	65.9115
2.4900	7.1834	0.2668	65.2614	66.1286
2.4905	7.1837	0.2648	63.1229	65.7887
2.4910	7.1851	0.2517	63.1486	65.6814
2.4915	7.1857	0.2438	63.5056	65.5959
2.4920	7.1873	0.2300	64.1045	65.3576
2.4925	7.1874	0.2243	64.3660	65.5336
2.4930	7.1868	0.2303	64.8161	65.8163
2.4935	7.1867	0.2357	65.2031	65.8978
2.4940	7.1862	0.2381	65.7927	65.9575
2.4945	7.1859	0.2440	66.0978	66.2893
2.4950	7.1862	0.2420	66.2271	66.2275
2.4955	7.1866	0.2342	66.4108	66.0158
2.4960	7.1873	0.2221	66.7894	66.0327
2.4965	7.1883	0.2202	67.0263	65.7236
2.4970	7.1871	0.2275	67.1174	65.8293
2.4975	7.1852	0.2458	66.7324	65.9943
2.4980	7.1845	0.2540	66.1361	66.1370
2.4985	7.1836	0.2696	66.2709	66.1287
2.4990	7.1843	0.2641	66.4516	66.2709
2.4995	7.1866	0.2381	66.8107	66.2601
2.5000	7.1872	0.2259	67.0479	65.7724
2.5005	7.1888	0.2154	67.3009	65.9451
2.5010	7.1886	0.2089	67.5360	65.7363
2.5015	7.1879	0.2213	67.4529	65.8105
2.5020	7.1869	0.2321	67.2776	65.8178
2.5025	7.1871	0.2310	66.8981	65.6379
2.5030	7.1877	0.2260	66.6352	65.5024
2.5035	7.1863	0.2307	65.5117	65.6820
2.5040	7.1868	0.2324	64.5056	65.9200
2.5045	7.1863	0.2382	63.2424	65.4513
2.5050	7.1867	0.2347	63.4441	65.7221
2.5055	7.1868	0.2319	63.9579	65.5681
2.5060	7.1854	0.2483	64.1855	65.6495
2.5065	7.1845	0.2537	64.6069	65.8888
2.5070	7.1832	0.2691	64.9986	65.4607
2.5075	7.1828	0.2773	65.4804	65.5269
2.5080	7.1823	0.2731	65.8338	65.6117
2.5085	7.1837	0.2692	66.1468	65.9945
2.5090	7.1846	0.2514	66.4063	65.9311
2.5095	7.1859	0.2427	66.5692	66.0062
2.5100	7.1869	0.2325	66.7038	65.7558
2.5105	7.1872	0.2306	66.8458	65.7473
2.5110	7.1872	0.2266	67.0015	66.0332
2.5115	7.1876	0.2257	65.9945	65.7311
2.5120	7.1869	0.2334	65.7179	65.5926
2.5125	7.1869	0.2328	66.2922	65.8950
2.5130	7.1862	0.2373	66.7117	65.8780
2.5135	7.1863	0.2365	67.1678	65.8341
2.5140	7.1872	0.2230	67.2471	66.1277
2.5145	7.1855	0.2362	67.3941	65.8330
2.5150	7.1853	0.2467	67.4628	65.4811
2.5155	7.1844	0.2550	67.5325	65.6082
2.5160	7.1836	0.2638	67.0296	65.5653
2.5165	7.1837	0.2599	66.6771	65.6210
2.5170	7.1854	0.2564	65.8399	65.8389
2.5175	7.1853	0.2451	65.0832	65.9140
2.5180	7.1870	0.2341	64.2489	65.7779
2.5185	7.1873	0.2252	63.0530	66.0890
2.5190	7.1885	0.2163	63.7967	66.1113
2.5195	7.1889	0.2055	64.1437	65.7900
2.5200	7.1877	0.2217	64.5821	65.9402
2.5205	7.1876	0.2237	64.8529	65.8876
2.5210	7.1879	0.2231	65.3021	65.9332
2.5215	7.1877	0.2239	65.7116	66.1899
2.5220	7.1880	0.2181	66.1182	66.3722
2.5225	7.1877	0.2188	66.3004	66.0708
2.5230	7.1873	0.2250	66.4337	66.1022
2.5235	7.1870	0.2301	66.7111	66.1478
2.5240	7.1862	0.2349	66.9186	65.7056
2.5245	7.1849	0.2494	66.8821	65.8475
2.5250	7.1842	0.2581	65.5468	65.8837
2.5255	7.1855	0.2489	65.6179	66.0811
2.5260	7.1849	0.2522	66.2081	65.9485
2.5265	7.1860	0.2461	66.5942	65.8623
2.5270	7.1868	0.2288	66.8806	65.4897
2.5275	7.1875	0.2254	67.1647	65.7425
2.5280	7.1872	0.2271	67.4338	65.7997
2.5285	7.1872	0.2254	67.4356	65.2432
2.5290	7.1872	0.2281	67.3275	65.4375
2.5295	7.1873	0.2282	67.1538	65.6277
2.5300	7.1871	0.2305	66.8159	65.9981
2.5305	7.1867	0.2328	66.3403	65.9909
2.5310	7.1865	0.2310	65.5855	65.9879
2.5315	7.1869	0.2315	64.7287	65.6885
2.5320	7.1870	0.2300	63.9943	65.8003
2.5325	7.1868	0.2366	63.5021	66.1234
2.5330	7.1858	0.2407	63.9158	65.8432
2.5335	7.1857	0.2484	64.2741	65.8525
2.5340	7.1847	0.2478	64.8040	65.9381
2.5345	7.1864	0.2369	65.2253	65.9908
2.5350	7.1871	0.2314	65.4959	66.0782
2.5355	7.1872	0.2320	65.8624	65.9488
2.5360	7.1877	0.2239	66.1777	65.7263
2.5365	7.1875	0.2236	66.5165	65.7742
2.5370	7.1877	0.2193	66.4895	65.8799
2.5375	7.1883	0.2193	66.8485	65.7409
2.5380	7.1885	0.2166	66.3782	65.8935
2.5385	7.1883	0.2160	64.9532	65.8480
2.5390	7.1882	0.2158	65.4893	65.5858
2.5395	7.1878	0.2173	65.7558	65.6864
2.5400	7.1877	0.2188	66.4883	65.8420
2.5405	7.1870	0.2325	66.8632	65.7902
2.5410	7.1854	0.2449	67.0933	65.7058
2.5415	7.1844	0.2536	67.2137	65.8403
2.5420	7.1840	0.2568	67.4133	65.7671
2.5425	7.1847	0.2560	67.4243	66.0826
2.5430	7.1851	0.2513	67.1672	66.1316
2.5435	7.1864	0.2418	66.8511	65.8816
2.5440	7.1868	0.2281	66.3751	65.9247
2.5445	7.1875	0.2284	66.0541	65.9944
2.5450	7.1868	0.2328	64.7026	65.9440
2.5455	7.1872	0.2276	64.0081	65.7251
2.5460	7.1867	0.2303	63.8298	66.1518
2.5465	7.1871	0.2321	63.8605	66.0579
2.5470	7.1872	0.2266	64.4193	66.0453
2.5475	7.1869	0.2295	64.6095	66.0963
2.5480	7.1866	0.2401	65.2232	65.8949
2.5485	7.1864	0.2379	65.6558	66.1287
2.5490	7.1858	0.2423	65.9986	66.2480
2.5495	7.1838	0.2587	66.1809	65.9899
2.5500	7.1832	0.2764	66.5632	65.4989
2.5505	7.1817	0.2856	66.6991	65.4536
2.5510	7.1802	0.2970	67.0356	65.2883
2.5515	7.1814	0.2892	66.1987	65.6817
2.5520	7.1818	0.2853	66.1902	65.8246
2.5525	7.1815	0.2888	66.4458	65.6497
2.5530	7.1838	0.2645	65.8842	65.7784
2.5535	7.1840	0.2620	66.1471	66.1364
2.5540	7.1842	0.2620	66.6350	65.9885
2.5545	7.1842	0.2551	66.9924	65.5169
2.5550	7.1848	0.2581	67.2703	65.5015
2.5555	7.1851	0.2548	67.2152	65.3344
2.5560	7.1845	0.2582	67.2896	65.4905
2.5565	7.1845	0.2554	67.2291	66.1064
2.5570	7.1845	0.2608	66.9459	66.1444
2.5575	7.1848	0.2541	66.3720	66.2470
2.5580	7.1837	0.2617	65.9485	66.4491
2.5585	7.1830	0.2732	65.0744	66.2025
2.5590	7.1823	0.2814	63.3338	65.9157
2.5595	7.1822	0.2801	63.4117	65.8213
2.5600	7.1833	0.2732	63.7031	65.5875
2.5605	7.1836	0.2623	64.2228	65.4175
2.5610	7.1842	0.2652	64.6377	65.6035
2.5615	7.1847	0.2584	65.0861	65.7918
2.5620	7.1839	0.2619	65.4039	66.0189
2.5625	7.1831	0.2744	65.8313	66.0479
2.5630	7.1835	0.2718	66.2254	65.8433
2.5635	7.1853	0.2531	66.5586	65.6914
2.5640	7.1860	0.2430	66.5817	65.6931
2.5645	7.1870	0.2382	66.8415	65.7104
2.5650	7.1864	0.2331	66.8355	65.4861
2.5655	7.1867	0.2365	66.3416	65.5698
2.5660	7.1861	0.2325	66.6094	65.8334
2.5665	7.1868	0.2343	65.9746	66.1232
2.5670	7.1861	0.2405	66.0087	66.0850
2.5675	7.1858	0.2399	66.6577	66.0530
2.5680	7.1843	0.2549	66.9030	65.9396
2.5685	7.1841	0.2621	67.0999	66.0590
2.5690	7.1852	0.2540	67.2007	66.2462
2.5695	7.1856	0.2485	67.3038	65.8254
2.5700	7.1869	0.2363	67.2817	65.9948
2.5705	7.1873	0.2275	66.9580	66.0966
2.5710	7.1874	0.2204	66.5761	66.0635
2.5715	7.1879	0.2138	66.1546	65.8082
2.5720	7.1887	0.2163	65.5458	65.9446
2.5725	7.1880	0.2226	63.4582	65.8896
2.5730	7.1883	0.2192	63.1405	66.0712
2.5735	7.1873	0.2258	63.7109	66.1579
2.5740	7.1871	0.2245	64.1888	65.7305
2.5745	7.1875	0.2256	64.4098	65.7063
2.5750	7.1874	0.2233	64.7641	65.8220
2.5755	7.1862	0.2360	65.3456	65.9902
2.5760	7.1850	0.2447	65.8055	65.5438
2.5765	7.1837	0.2636	66.0813	65.4860
2.5770	7.1830	0.2735	66.2523	65.5154
2.5775	7.1836	0.2726	66.6059	65.8585
2.5780	7.1834	0.2658	66.8408	66.0700
2.5785	7.1834	0.2645	66.9393	65.5322
2.5790	7.1855	0.2449	66.7756	65.5792
2.5795	7.1864	0.2349	66.5228	65.6787
2.5800	7.1871	0.2363	66.5862	65.9645
2.5805	7.1872	0.2275	66.0971	66.0474
2.5810	7.1876	0.2288	66.2077	66.0520
2.5815	7.1865	0.2286	66.7371	65.8699
2.5820	7.1863	0.2413	67.1019	65.9510
2.5825	7.1866	0.2405	67.2389	66.1302
2.5830	7.1864	0.2402	67.1708	65.8459
2.5835	7.1868	0.2351	67.2056	65.8409
2.5840	7.1864	0.2377	67.1669	65.8381
2.5845	7.1854	0.2454	66.6290	65.9431
2.5850	7.1845	0.2546	66.1410	65.9111
2.5855	7.1835	0.2661	65.5737	66.1722
2.5860	7.1834	0.2672	63.4252	65.9065
2.5865	7.1848	0.2489	63.1280	65.7149
2.5870	7.1863	0.2408	63.3938	65.6610
2.5875	7.1877	0.2252	63.9029	65.3916
2.5880	7.1876	0.2201	64.3707	65.4690
2.5885	7.1869	0.2264	64.7982	65.7558
2.5890	7.1870	0.2315	65.1171	65.8618
2.5895	7.1868	0.2340	65.5801	65.9137
2.5900	7.1862	0.2367	66.0061	66.2451
2.5905	7.1864	0.2412	66.2997	66.2892
2.5910	7.1870	0.2340	66.4854	66.0489
2.5915	7.1878	0.2244	66.6820	66.0911
2.5920	7.1884	0.2190	66.8720	65.8130
2.5925	7.1870	0.2257	66.9979	65.8416
2.5930	7.1856	0.2447	66.9385	66.0113
2.5935	7.1844	0.2552	66.3244	66.1084
2.5940	7.1833	0.2623	66.1791	66.1205
2.5945	7.1840	0.2708	66.3345	66.1757
2.5950	7.1857	0.2499	66.7294	66.2951
2.5955	7.1866	0.2368	67.1095	65.7956
2.5960	7.1875	0.2210	67.2487	65.9622
2.5965	7.1875	0.2211	67.4135	65.8308
2.5970	7.1868	0.2349	67.4594	65.8262
2.5975	7.1861	0.2369	67.4526	65.8794
2.5980	7.1865	0.2360	66.9040	65.6704
2.5985	7.1864	0.2288	66.6678	65.5353
2.5990	7.1859	0.2419	65.7041	65.5893
2.5995	7.1867	0.2434	64.7682	65.9114
2.6000	7.1862	0.2416	63.4117	65.4826
2.6005	7.1865	0.2381	63.1918	65.6564
2.6010	7.1872	0.2259	63.9640	65.5901
2.6015	7.1860	0.2371	64.2138	65.5841
2.6020	7.1854	0.2487	64.5623	65.9521
2.6025	7.1837	0.2638	64.8475	65.5236
2.6030	7.1823	0.2766	65.4048	65.5531
2.6035	7.1834	0.2643	65.8542	65.6026
2.6040	7.1844	0.2568	66.1581	65.9464
2.6045	7.1862	0.2385	66.2344	65.9296
2.6050	7.1873	0.2248	66.4936	65.9609
2.6055	7.1879	0.2222	66.8756	65.7587
2.6060	7.1878	0.2177	66.8851	65.6510
2.6065	7.1885	0.2177	66.8755	66.0159
2.6070	7.1888	0.2120	66.0884	65.8158
2.6075	7.1888	0.2194	65.8091	65.6079
2.6080	7.1885	0.2148	66.3443	65.8978
2.6085	7.1875	0.2158	66.4898	65.9499
2.6090	7.1876	0.2245	66.9661	65.7961
2.6095	7.1885	0.2129	67.3681	66.1113
2.6100	7.1875	0.2253	67.5538	65.8784
2.6105	7.1860	0.2355	67.3148	65.4658
2.6110	7.1854	0.2481	67.3066	65.5757
2.6115	7.1844	0.2552	67.2151	65.5453
2.6120	7.1842	0.2576	66.9596	65.6019
2.6125	7.1853	0.2503	66.0117	65.8770
2.6130	7.1858	0.2439	64.9176	65.9672
2.6135	7.1869	0.2290	64.4736	65.8063
2.6140	7.1879	0.2236	63.3204	66.0265
2.6145	7.1877	0.2257	63.6480	66.1408
2.6150	7.1882	0.2154	63.8934	65.7952
2.6155	7.1874	0.2248	64.4867	65.8996
2.6160	7.1877	0.2251	65.0008	65.8712
2.6165	7.1873	0.2217	65.2528	65.9052
2.6170	7.1882	0.2201	65.5152	66.1488
2.6175	7.1886	0.2218	65.9476	66.3783
2.6180	7.1878	0.2231	66.4086	66.1379
2.6185	7.1871	0.2238	66.4919	66.0700
2.6190	7.1871	0.2263	66.5701	66.2102
2.6195	7.1869	0.2340	66.7312	65.7215
2.6200	7.1850	0.2493	67.1476	65.8257
2.6205	7.1843	0.2592	65.9312	65.8136
2.6210	7.1850	0.2557	65.3736	66.0342
2.6215	7.1855	0.2438	65.9849	65.9436
2.6220	7.1856	0.2415	66.5840	65.8413
2.6225	7.1866	0.2408	67.0386	65.5229
2.6230	7.1873	0.2241	67.0959	65.6551
2.6235	7.1867	0.2301	67.2619	65.8785
2.6240	7.1878	0.2265	67.4918	65.2882
2.6245	7.1868	0.2302	67.5299	65.3995
2.6250	7.1871	0.2290	67.1248	65.5967
2.6255	7.1868	0.2340	66.7091	65.9639
2.6260	7.1868	0.2339	66.4416	65.9779
2.6265	7.1862	0.2359	66.0286	65.9621
2.6270	7.1862	0.2329	64.8519	65.7040
2.6275	7.1865	0.2400	63.8916	65.7292
2.6280	7.1862	0.2376	63.4606	66.1103
2.6285	7.1858	0.2452	64.1220	65.8679
2.6290	7.1854	0.2470	64.3016	65.8456
2.6295	7.1855	0.2478	64.4753	65.9126
2.6300	7.1865	0.2396	65.0437	65.9590
2.6305	7.1864	0.2340	65.7408	66.0853
2.6310	7.1871	0.2320	65.9731	65.9714
2.6315	7.1880	0.2231	65.9306	65.7349
2.6320	7.1873	0.2266	66.2611	65.7454
2.6325	7.1879	0.2242	66.6966	65.8591
2.6330	7.1882	0.2216	67.0115	65.7380
2.6335	7.1879	0.2207	66.4802	65.8530
2.6340	7.1883	0.2151	64.8121	65.8543
2.6345	7.1878	0.2210	65.5611	65.5847
2.6350	7.1879	0.2139	66.0066	65.6675
2.6355	7.1878	0.2240	66.2618	65.8292
2.6360	7.1872	0.2286	66.5504	65.8049
2.6365	7.1858	0.2423	67.1477	65.6806
2.6370	7.1849	0.2517	67.5386	65.8181
2.6375	7.1845	0.2616	67.2948	65.7320
2.6380	7.1845	0.2573	67.1774	65.9880
2.6385	7.1851	0.2558	67.2655	66.1152
2.6390	7.1859	0.2475	67.2247	65.8647
2.6395	7.1867	0.2367	66.4359	65.9137
2.6400	7.1875	0.2260	65.8108	65.9952
2.6405	7.1869	0.2342	64.9242	65.9955
2.6410	7.1869	0.2307	64.3996	65.7256
2.6415	7.1865	0.2292	63.9672	66.0990
2.6420	7.1868	0.2326	63.4742	66.0918
2.6425	7.1874	0.2286	64.2613	65.9837
2.6430	7.1875	0.2290	64.8678	66.0917
2.6435	7.1862	0.2321	65.3174	65.8420
2.6440	7.1869	0.2310	65.2636	66.0826
2.6445	7.1861	0.2434	65.7920	66.2335
2.6450	7.1842	0.2591	66.4541	66.0795
2.6455	7.1832	0.2675	66.7246	65.5409
2.6460	7.1821	0.2801	66.4450	65.5029
2.6465	7.1806	0.2924	66.7621	65.2982
2.6470	7.1821	0.2845	66.6945	65.5871
2.6475	7.1818	0.2827	66.4731	65.8164
2.6480	7.1819	0.2844	66.3605	65.6226
2.6485	7.1843	0.2652	65.6770	65.7030
2.6490	7.1845	0.2556	66.2046	66.0606
2.6495	7.1852	0.2590	66.8904	66.0192
2.6500	7.1854	0.2465	66.8986	65.5602
2.6505	7.1851	0.2495	66.9411	65.4895
2.6510	7.1850	0.2478	67.2457	65.3871
2.6515	7.1847	0.2526	67.6052	65.4290
2.6520	7.1848	0.2556	67.3151	66.0426
2.6525	7.1839	0.2557	66.7244	66.1567
2.6530	7.1849	0.2587	66.3949	66.1898
2.6535	7.1845	0.2561	66.2681	66.4063
2.6540	7.1837	0.2679	65.4550	66.2172
2.6545	7.1830	0.2735	63.2086	65.8821
2.6550	7.1827	0.2743	63.1827	65.7701
2.6555	7.1833	0.2714	63.9395	65.6062
2.6560	7.1839	0.2644	64.3845	65.4166
2.6565	7.1848	0.2552	64.3968	65.5547
2.6570	7.1853	0.2540	64.7574	65.7880
2.6575	7.1852	0.2524	65.5167	66.0000
2.6580	7.1830	0.2717	66.0638	66.0875
2.6585	7.1833	0.2682	66.0931	65.8897
2.6590	7.1854	0.2495	66.2310	65.6696
2.6595	7.1859	0.2408	66.7041	65.6536
2.6600	7.1873	0.2317	67.1091	65.6904
2.6605	7.1869	0.2307	66.8644	65.4741
2.6610	7.1862	0.2346	66.0486	65.5107
2.6615	7.1862	0.2322	66.6395	65.7765
2.6620	7.1866	0.2372	66.3791	66.0886
2.6625	7.1869	0.2396	65.9644	66.1384
2.6630	7.1856	0.2399	66.3336	66.0715
2.6635	7.1846	0.2629	66.8439	65.9762
2.6640	7.1835	0.2690	67.3413	65.9999
2.6645	7.1835	0.2599	67.2663	66.2593
2.6650	7.1844	0.2591	67.0576	65.8485
2.6655	7.1857	0.2494	67.2285	65.9164
2.6660	7.1867	0.2336	67.2319	66.0721
2.6665	7.1869	0.2279	66.7899	66.0550
2.6670	7.1876	0.2195	65.9346	65.8104
2.6675	7.1876	0.2171	65.6017	65.8913
2.6680	7.1874	0.2247	63.9410	65.9085
2.6685	7.1877	0.2212	63.2926	66.0080
2.6690	7.1873	0.2257	63.4734	66.1929
2.6695	7.1871	0.2310	63.8275	65.7664
2.6700	7.1868	0.2292	64.5849	65.6710
2.6705	7.1872	0.2299	64.9669	65.7522
2.6710	7.1864	0.2360	65.1439	65.9897
2.6715	7.1851	0.2459	65.4883	65.5964
2.6720	7.1837	0.2644	66.1644	65.4713
2.6725	7.1827	0.2756	66.5232	65.4958
2.6730	7.1833	0.2720	66.5071	65.7488
2.6735	7.1833	0.2703	66.5120	66.1233
2.6740	7.1836	0.2664	66.9975	65.5676
2.6745	7.1856	0.2516	67.1481	65.5313
2.6750	7.1869	0.2306	66.5137	65.6569
2.6755	7.1874	0.2284	66.3117	65.8966
2.6760	7.1883	0.2189	66.1472	66.0469
2.6765	7.1876	0.2206	66.4509	66.0253
2.6770	7.1874	0.2290	66.7797	65.8771
2.6775	7.1868	0.2359	66.8025	65.8986
2.6780	7.1866	0.2422	67.1532	66.1444
2.6785	7.1870	0.2375	67.4119	65.8825
2.6790	7.1869	0.2303	67.3522	65.8405
2.6795	7.1862	0.2334	66.9243	65.8448
2.6800	7.1855	0.2387	66.6392	65.9741
2.6805	7.1847	0.2546	66.4146	65.8980
2.6810	7.1835	0.2668	65.9376	66.1228
2.6815	7.1835	0.2676	63.4677	65.9424
2.6820	7.1845	0.2578	62.8968	65.6834
2.6825	7.1861	0.2410	63.5063	65.6748
2.6830	7.1874	0.2251	64.0394	65.4182
2.6835	7.1876	0.2201	64.2270	65.4466
2.6840	7.1870	0.2289	64.5167	65.7490
2.6845	7.1866	0.2281	65.1744	65.8789
2.6850	7.1864	0.2331	65.7190	65.9143
2.6855	7.1863	0.2332	65.8778	66.1899
2.6860	7.1859	0.2396	66.0610	66.3231
2.6865	7.1865	0.2335	66.5373	66.0415
2.6870	7.1868	0.2289	66.8263	66.0810
2.6875	7.1883	0.2227	66.8794	65.8496
2.6880	7.1879	0.2251	66.8055	65.7885
2.6885	7.1861	0.2447	66.9188	66.0027
2.6890	7.1851	0.2511	66.4970	66.0797
2.6895	7.1837	0.2571	66.2235	66.1547
2.6900	7.1837	0.2647	66.2923	66.1716
2.6905	7.1856	0.2451	66.6838	66.3547
2.6910	7.1869	0.2311	67.0511	65.8662
2.6915	7.1875	0.2207	67.1595	65.9045
2.6920	7.1883	0.2163	67.4119	65.8696
2.6925	7.1873	0.2242	67.4966	65.7647
2.6930	7.1873	0.2335	67.5181	65.8916
2.6935	7.1875	0.2303	66.9436	65.6479
2.6940	7.1880	0.2255	66.6811	65.5422
2.6945	7.1870	0.2306	65.8946	65.5417
2.6950	7.1868	0.2364	64.9028	65.9286
2.6955	7.1861	0.2398	63.6299	65.5864
2.6960	7.1864	0.2370	63.0937	65.6345
2.6965	7.1873	0.2295	63.8637	65.6648
2.6970	7.1865	0.2340	64.1756	65.4894
2.6975	7.1852	0.2439	64.5452	65.9350
2.6980	7.1835	0.2640	64.7618	65.5230
2.6985	7.1828	0.2739	65.3392	65.4563
2.6990	7.1829	0.2680	65.8465	65.5741
2.6995	7.1839	0.2703	66.1212	65.9010
2.7000	7.1856	0.2447	66.2159	65.9827
2.7005	7.1866	0.2367	66.4223	65.9788
2.7010	7.1875	0.2239	66.7670	65.8830
2.7015	7.1878	0.2283	66.8825	65.6429
2.7020	7.1874	0.2218	67.0211	65.9935
2.7025	7.1878	0.2188	66.2658	65.8262
2.7030	7.1883	0.2182	65.6265	65.5557
2.7035	7.1874	0.2218	66.1751	65.8095
2.7040	7.1864	0.2296	66.5512	65.9795
2.7045	7.1864	0.2343	67.0342	65.8146
2.7050	7.1874	0.2204	67.2663	66.0917
2.7055	7.1866	0.2307	67.3946	65.9976
2.7060	7.1854	0.2431	67.3607	65.5296
2.7065	7.1852	0.2467	67.4446	65.5936
2.7070	7.1836	0.2607	67.2719	65.5928
2.7075	7.1839	0.2637	66.7874	65.5706
2.7080	7.1842	0.2576	66.1784	65.8075
2.7085	7.1852	0.2456	65.1690	65.9764
2.7090	7.1869	0.2346	64.6995	65.8298
2.7095	7.1878	0.2234	63.2582	65.9602
2.7100	7.1880	0.2205	63.4445	66.2041
2.7105	7.1892	0.2116	64.0553	65.8465
2.7110	7.1879	0.2181	64.4976	65.9001
2.7115	7.1877	0.2242	64.8424	65.9265
2.7120	7.1881	0.2205	65.0742	65.9117
2.7125	7.1872	0.2234	65.5312	66.1379
2.7130	7.1881	0.2177	65.9400	66.3516
2.7135	7.1877	0.2224	66.3422	66.2022
2.7140	7.1880	0.2240	66.3806	66.0106
2.7145	7.1874	0.2272	66.6101	66.2402
2.7150	7.1865	0.2355	66.7111	65.7926
2.7155	7.1850	0.2433	67.0671	65.7944
2.7160	7.1842	0.2589	66.0848	65.8565
2.7165	7.1849	0.2515	65.3803	66.0212
2.7170	7.1861	0.2442	65.9746	66.0027
2.7175	7.1862	0.2367	66.4232	65.8749
2.7180	7.1868	0.2326	66.8775	65.6330
2.7185	7.1881	0.2216	67.0677	65.6077
2.7190	7.1877	0.2273	67.3286	65.9434
2.7195	7.1876	0.2222	67.4028	65.3498
2.7200	7.1877	0.2251	67.4885	65.3668
2.7205	7.1875	0.2273	67.1913	65.5464
2.7210	7.1876	0.2260	66.8723	65.8977
2.7215	7.1868	0.2343	66.4054	66.0328
2.7220	7.1870	0.2302	65.9333	65.9766
2.7225	7.1868	0.2296	65.0262	65.7906
2.7230	7.1873	0.2279	64.1786	65.6434
2.7235	7.1873	0.2276	63.4390	66.0822
2.7240	7.1868	0.2337	63.8215	65.9256
2.7245	7.1855	0.2441	64.2020	65.8239
2.7250	7.1855	0.2469	64.5779	65.9319
2.7255	7.1859	0.2399	65.0031	65.9785
2.7260	7.1875	0.2311	65.4442	66.0865
2.7265	7.1872	0.2280	65.8278	66.0312
2.7270	7.1875	0.2232	66.0780	65.7964
2.7275	7.1875	0.2231	66.2877	65.7418
2.7280	7.1878	0.2268	66.5204	65.8773
2.7285	7.1879	0.2123	66.7482	65.7587
2.7290	7.1883	0.2187	66.8193	65.7942
2.7295	7.1880	0.2130	65.0691	65.8902
2.7300	7.1881	0.2197	65.2742	65.6097
2.7305	7.1880	0.2175	65.8240	65.6536
2.7310	7.1880	0.2190	66.2478	65.8181
2.7315	7.1870	0.2239	66.7022	65.8664
2.7320	7.1856	0.2390	66.9904	65.6999
2.7325	7.1856	0.2481	67.3265	65.8215
2.7330	7.1843	0.2586	67.3217	65.7676
2.7335	7.1845	0.2627	67.3227	65.9304
2.7340	7.1849	0.2545	67.2478	66.1698
2.7345	7.1855	0.2432	67.1083	65.8931
2.7350	7.1869	0.2387	66.5114	65.9000
2.7355	7.1876	0.2242	66.0785	65.9660
2.7360	7.1870	0.2310	65.1622	66.0235
2.7365	7.1870	0.2266	64.1438	65.7490
2.7370	7.1872	0.2314	63.9226	66.0343
2.7375	7.1865	0.2321	63.6899	66.1671
2.7380	7.1871	0.2280	64.3312	65.9809
2.7385	7.1878	0.2242	64.5481	66.1493
2.7390	7.1871	0.2300	65.0340	65.8804
2.7395	7.1873	0.2304	65.4111	66.0486
2.7400	7.1868	0.2360	65.9079	66.2130
2.7405	7.1844	0.2532	66.1680	66.1377
2.7410	7.1832	0.2702	66.5115	65.5816
2.7415	7.1823	0.2788	66.5544	65.4928
2.7420	7.1806	0.2936	66.9630	65.3106
2.7425	7.1815	0.2898	66.5465	65.5230
2.7430	7.1820	0.2829	66.0143	65.8688
2.7435	7.1820	0.2878	66.4191	65.6785
2.7440	7.1841	0.2656	65.9943	65.7061
2.7445	7.1849	0.2547	66.1059	66.0331
2.7450	7.1846	0.2552	66.5401	66.1072
2.7455	7.1850	0.2476	66.7993	65.6057
2.7460	7.1850	0.2538	67.1262	65.4876
2.7465	7.1852	0.2513	67.3542	65.4326
2.7470	7.1847	0.2560	67.3209	65.3658
2.7475	7.1844	0.2620	67.1663	65.9767
2.7480	7.1845	0.2564	66.9491	66.1957
2.7485	7.1845	0.2540	66.7131	66.2000
2.7490	7.1845	0.2574	66.1281	66.4302
2.7495	7.1835	0.2652	65.4610	66.2963
2.7500	7.1828	0.2747	63.5370	65.9571
2.7505	7.1819	0.2818	63.3196	65.8287
2.7510	7.1827	0.2793	63.7748	65.6628
2.7515	7.1833	0.2665	64.0371	65.4104
2.7520	7.1840	0.2659	64.4236	65.5404
2.7525	7.1842	0.2580	64.9315	65.7630
2.7530	7.1843	0.2615	65.4276	65.9717
2.7535	7.1833	0.2676	65.7301	66.1216
2.7540	7.1826	0.2800	66.0516	65.9410
2.7545	7.1846	0.2590	66.4106	65.7190
2.7550	7.1855	0.2467	66.6959	65.6514
2.7555	7.1866	0.2376	66.7319	65.7126
2.7560	7.1869	0.2332	66.9060	65.5125
2.7565	7.1870	0.2319	66.3190	65.4965
2.7570	7.1869	0.2333	66.6207	65.7424
2.7575	7.1868	0.2344	66.2684	66.0539
2.7580	7.1870	0.2310	65.8491	66.1502
2.7585	7.1858	0.2340	66.4351	66.0663
2.7590	7.1845	0.2533	66.8540	66.0125
2.7595	7.1834	0.2655	67.1233	65.9730
2.7600	7.1846	0.2561	67.2015	66.2761
2.7605	7.1855	0.2530	67.1818	65.9258
2.7610	7.1861	0.2365	67.3225	65.8878
2.7615	7.1873	0.2329	67.1407	66.0804
2.7620	7.1875	0.2224	66.7698	66.0763
2.7625	7.1880	0.2204	66.0749	65.8494
2.7630	7.1883	0.2153	65.8644	65.8562
2.7635	7.1878	0.2237	64.1796	65.9454
2.7640	7.1877	0.2216	63.1077	65.9555
2.7645	7.1875	0.2265	63.4838	66.2346
2.7650	7.1873	0.2251	63.8556	65.8313
2.7655	7.1874	0.2239	64.4594	65.6918
2.7660	7.1877	0.2275	64.7742	65.7445
2.7665	7.1866	0.2337	65.1458	65.9999
2.7670	7.1856	0.2446	65.5588	65.6671
2.7675	7.1843	0.2567	66.0803	65.4294
2.7680	7.1831	0.2697	66.2985	65.4956
2.7685	7.1828	0.2708	66.4670	65.6256
2.7690	7.1837	0.2700	66.6502	66.1183
2.7695	7.1833	0.2656	66.9803	65.6779
2.7700	7.1849	0.2555	67.0605	65.5530
2.7705	7.1862	0.2359	66.5403	65.6769
2.7710	7.1869	0.2315	66.4603	65.8615
2.7715	7.1878	0.2257	66.2963	66.0504
2.7720	7.1874	0.2306	66.2320	66.0106
2.7725	7.1869	0.2369	66.6733	65.9109
2.7730	7.1856	0.2445	66.8925	65.8047
2.7735	7.1858	0.2455	67.2027	66.1577
2.7740	7.1861	0.2414	67.2634	65.9082
2.7745	7.1866	0.2378	67.2715	65.8530
2.7750	7.1858	0.2387	67.0232	65.8302
2.7755	7.1859	0.2436	66.9003	66.0451
2.7760	7.1847	0.2490	66.3694	65.9607
2.7765	7.1835	0.2631	65.9695	66.0932
2.7770	7.1833	0.2697	63.7911	66.0068
2.7775	7.1840	0.2608	62.9504	65.6706
2.7780	7.1854	0.2489	63.5189	65.6804
2.7785	7.1868	0.2323	63.8152	65.4506
2.7790	7.1872	0.2231	64.1377	65.4000
2.7795	7.1870	0.2309	64.5598	65.6894
2.7800	7.1865	0.2369	65.1632	65.8570
2.7805	7.1865	0.2393	65.4697	65.8701
2.7810	7.1860	0.2441	65.8459	66.1207
2.7815	7.1856	0.2443	66.1528	66.3559
2.7820	7.1863	0.2382	66.5478	66.1042
2.7825	7.1877	0.2260	66.6848	66.0782
2.7830	7.1882	0.2225	66.7404	65.8903
2.7835	7.1879	0.2210	66.8424	65.7589
2.7840	7.1856	0.2387	67.1411	65.9775
2.7845	7.1849	0.2548	66.5981	65.9865
2.7850	7.1838	0.2640	66.1166	66.0401
2.7855	7.1832	0.2651	66.1704	66.1314
2.7860	7.1854	0.2499	66.6264	66.3661
2.7865	7.1868	0.2330	67.1211	65.9404
2.7870	7.1877	0.2235	67.1871	65.8616
2.7875	7.1887	0.2140	67.3136	65.9276
2.7880	7.1883	0.2133	67.4202	65.7336
2.7885	7.1873	0.2266	67.5934	65.9003
2.7890	7.1867	0.2302	67.0771	65.6409
2.7895	7.1875	0.2285	66.6787	65.5622
2.7900	7.1869	0.2373	66.0237	65.5058
2.7905	7.1867	0.2325	65.0577	65.8903
2.7910	7.1865	0.2363	63.8110	65.6448
2.7915	7.1866	0.2350	62.9812	65.5604
2.7920	7.1876	0.2254	63.7178	65.6999
2.7925	7.1871	0.2323	64.1354	65.4493
2.7930	7.1855	0.2447	64.5725	65.9223
2.7935	7.1847	0.2573	64.7287	65.6194
2.7940	7.1828	0.2733	65.1814	65.4658
2.7945	7.1830	0.2689	65.7357	65.5579
2.7950	7.1840	0.2667	66.1202	65.8784
2.7955	7.1855	0.2536	66.1990	66.0108
2.7960	7.1862	0.2344	66.3401	65.9610
2.7965	7.1879	0.2234	66.7893	65.9230
2.7970	7.1883	0.2179	66.9721	65.5961
2.7975	7.1884	0.2169	66.9911	65.9330
2.7980	7.1883	0.2195	66.3217	65.8931
2.7985	7.1884	0.2170	65.6333	65.5638
2.7990	7.1885	0.2189	66.2334	65.7294
2.7995	7.1875	0.2231	66.5236	65.9733
2.8000	7.1874	0.2254	66.8415	65.8057
2.8005	7.1880	0.2213	67.1669	66.0613
2.8010	7.1874	0.2299	67.5081	66.0581
2.8015	7.1858	0.2381	67.4781	65.5737
2.8020	7.1849	0.2501	67.3332	65.5595
2.8025	7.1844	0.2579	67.2561	65.6035
2.8030	7.1838	0.2596	66.9809	65.5301
2.8035	7.1849	0.2561	66.4667	65.7423
2.8040	7.1845	0.2533	65.1513	65.9600
2.8045	7.1865	0.2378	64.6507	65.8467
2.8050	7.1871	0.2214	63.5507	65.9073
2.8055	7.1877	0.2265	63.5089	66.2161
2.8060	7.1885	0.2175	63.9458	65.8924
2.8065	7.1880	0.2186	64.2260	65.8602
2.8070	7.1878	0.2281	64.8695	65.9040
2.8075	7.1875	0.2225	65.2002	65.8672
2.8080	7.1874	0.2231	65.4849	66.0811
2.8085	7.1879	0.2192	65.7726	66.3023
2.8090	7.1877	0.2220	66.3336	66.2348
2.8095	7.1881	0.2207	66.4966	65.9638
2.8100	7.1879	0.2224	66.6124	66.2353
2.8105	7.1874	0.2274	66.5566	65.8401
2.8110	7.1861	0.2401	67.0858	65.7636
2.8115	7.1844	0.2587	66.4902	65.8536
2.8120	7.1844	0.2536	65.3710	65.9637
2.8125	7.1856	0.2406	65.7559	66.0231
2.8130	7.1860	0.2416	66.3071	65.8774
2.8135	7.1865	0.2340	67.0183	65.6605
2.8140	7.1875	0.2193	67.1271	65.5004
2.8145	7.1875	0.2291	67.1904	65.9184
2.8150	7.1871	0.2299	67.2944	65.4081
2.8155	7.1877	0.2261	67.5943	65.2928
2.8160	7.1873	0.2287	67.3725	65.5083
2.8165	7.1870	0.2319	66.8784	65.8392
2.8170	7.1870	0.2304	66.3311	66.0376
2.8175	7.1868	0.2297	66.1454	65.9710
2.8180	7.1867	0.2334	65.3218	65.8306
2.8185	7.1872	0.2313	64.3282	65.6258
2.8190	7.1866	0.2310	63.3466	66.0457
2.8195	7.1858	0.2396	63.7576	65.9494
2.8200	7.1848	0.2558	64.3861	65.7862
2.8205	7.1852	0.2473	64.5231	65.9036
2.8210	7.1859	0.2436	64.7922	65.9403
2.8215	7.1870	0.2308	65.3604	66.0657
2.8220	7.1871	0.2319	65.9573	66.0613
2.8225	7.1873	0.2295	66.1240	65.8236
2.8230	7.1879	0.2234	66.0362	65.7196
2.8235	7.1876	0.2268	66.5068	65.8519
2.8240	7.1883	0.2183	66.8929	65.8033
2.8245	7.1878	0.2241	67.0276	65.7817
2.8250	7.1883	0.2177	65.1119	65.8884
2.8255	7.1880	0.2186	65.0293	65.6066
2.8260	7.1879	0.2225	65.9791	65.5987
2.8265	7.1875	0.2198	66.3261	65.7709
2.8270	7.1875	0.2218	66.5182	65.8653
2.8275	7.1863	0.2362	66.7689	65.7056
2.8280	7.1854	0.2480	67.4279	65.7901
2.8285	7.1849	0.2566	67.5293	65.7753
2.8290	7.1845	0.2585	67.2741	65.8674
2.8295	7.1852	0.2474	67.0569	66.1642
2.8300	7.1862	0.2400	67.2236	65.9182
2.8305	7.1869	0.2278	66.8478	65.8679
2.8310	7.1879	0.2194	66.0774	65.9289
2.8315	7.1879	0.2198	65.1454	66.0028
2.8320	7.1874	0.2257	64.2943	65.7649
2.8325	7.1873	0.2245	64.2673	65.9421
2.8330	7.1872	0.2280	63.6344	66.2077
2.8335	7.1880	0.2219	63.9264	65.9706
2.8340	7.1883	0.2156	64.5629	66.1658
2.8345	7.1873	0.2230	65.2706	65.8966
2.8350	7.1870	0.2322	65.4133	66.0018
2.8355	7.1866	0.2327	65.5910	66.1849
2.8360	7.1851	0.2522	66.0866	66.1739
2.8365	7.1833	0.2609	66.7159	65.6274
2.8370	7.1824	0.2732	66.7143	65.4512
2.8375	7.1811	0.2918	66.6062	65.3314
2.8380	7.1811	0.2928	66.6744	65.4239
2.8385	7.1820	0.2814	66.3953	65.8591
2.8390	7.1812	0.2918	66.5860	65.7248
2.8395	7.1833	0.2703	65.8978	65.6885
2.8400	7.1844	0.2555	65.7786	65.9928
2.8405	7.1843	0.2539	66.6796	66.1335
2.8410	7.1847	0.2538	67.0519	65.6580
2.8415	7.1855	0.2563	66.9672	65.4331
2.8420	7.1848	0.2512	67.0669	65.4521
2.8425	7.1847	0.2497	67.4059	65.3046
2.8430	7.1844	0.2532	67.5271	65.8581
2.8435	7.1846	0.2538	66.9859	66.1794
2.8440	7.1847	0.2519	66.4699	66.1612
2.8445	7.1846	0.2535	66.1752	66.4074
2.8450	7.1839	0.2647	65.9626	66.3501
2.8455	7.1829	0.2741	63.8883	66.0069
2.8460	7.1825	0.2809	62.9582	65.8443
2.8465	7.1828	0.2729	63.6323	65.6989
2.8470	7.1837	0.2697	64.2499	65.4264
2.8475	7.1840	0.2626	64.5458	65.4635
2.8480	7.1846	0.2530	64.5897	65.6875
2.8485	7.1847	0.2533	65.2176	65.9102
2.8490	7.1831	0.2645	65.9266	66.0885
2.8495	7.1823	0.2758	66.2151	65.9930
2.8500	7.1843	0.2581	66.1096	65.7531
2.8505	7.1858	0.2463	66.4638	65.6548
2.8510	7.1863	0.2318	66.9218	65.7341
2.8515	7.1871	0.2310	67.1764	65.5382
2.8520	7.1866	0.2349	66.2350	65.4435
2.8525	7.1865	0.2354	66.3115	65.6851
2.8530	7.1865	0.2310	66.5122	65.9785
2.8535	7.1865	0.2388	66.0607	66.1362
2.8540	7.1859	0.2435	66.2534	66.0457
2.8545	7.1843	0.2523	66.6089	66.0296
2.8550	7.1833	0.2714	67.0869	65.9436
2.8555	7.1839	0.2649	67.4012	66.2663
2.8560	7.1845	0.2548	67.1951	66.0228
2.8565	7.1854	0.2517	67.1352	65.8463
2.8570	7.1870	0.2316	67.1426	66.0741
2.8575	7.1883	0.2242	67.0362	66.0586
2.8580	7.1880	0.2177	66.1813	65.8561
2.8585	7.1885	0.2148	65.7678	65.7911
2.8590	7.1877	0.2236	64.4260	65.9262
2.8595	7.1871	0.2232	63.2764	65.9003
2.8600	7.1876	0.2204	63.5074	66.2526
2.8605	7.1872	0.2324	63.6191	65.9143
2.8610	7.1872	0.2362	64.3221	65.6851
2.8615	7.1870	0.2316	64.8590	65.7439
2.8620	7.1862	0.2405	65.1905	65.9854
2.8625	7.1856	0.2464	65.3239	65.7517
2.8630	7.1838	0.2629	65.8813	65.3946
2.8635	7.1830	0.2735	66.4513	65.4815
2.8640	7.1823	0.2768	66.6270	65.5485
2.8645	7.1832	0.2725	66.4984	66.0677
2.8650	7.1831	0.2694	66.7033	65.7636
2.8655	7.1844	0.2511	67.1618	65.4829
2.8660	7.1866	0.2408	66.8814	65.6773
2.8665	7.1868	0.2275	66.3858	65.8234
2.8670	7.1882	0.2219	66.0809	66.0695
2.8675	7.1879	0.2192	66.2007	66.0290
2.8680	7.1870	0.2242	66.8994	65.9593
2.8685	7.1876	0.2356	66.8591	65.7670
2.8690	7.1867	0.2378	66.9275	66.1203
2.8695	7.1860	0.2375	67.1821	65.9407
2.8700	7.1865	0.2294	67.5213	65.8128
2.8705	7.1868	0.2334	67.1651	65.8156
2.8710	7.1862	0.2360	66.7185	65.9747
2.8715	7.1854	0.2439	66.2317	65.9406
2.8720	7.1846	0.2593	66.2992	66.0733
2.8725	7.1836	0.2614	64.3424	66.0813
2.8730	7.1848	0.2568	62.7847	65.7153
2.8735	7.1860	0.2442	63.2116	65.7038
2.8740	7.1868	0.2297	63.8134	65.4672
2.8745	7.1882	0.2201	64.3824	65.3597
2.8750	7.1872	0.2242	64.4213	65.6130
2.8755	7.1876	0.2280	64.8369	65.8570
2.8760	7.1867	0.2274	65.4439	65.8506
2.8765	7.1869	0.2324	66.0321	66.0629
2.8770	7.1865	0.2381	66.1067	66.3639
2.8775	7.1867	0.2310	66.2923	66.1422
2.8780	7.1886	0.2194	66.5800	66.0824
2.8785	7.1890	0.2169	66.9643	65.9475
2.8790	7.1880	0.2143	66.9201	65.7305
2.8795	7.1867	0.2310	66.9041	65.9334
2.8800	7.1852	0.2482	66.5948	65.9923
2.8805	7.1845	0.2528	66.3832	66.0681
2.8810	7.1841	0.2708	66.2836	66.1085
2.8815	7.1851	0.2548	66.2579	66.3672
2.8820	7.1864	0.2387	66.8509	66.0431
2.8825	7.1865	0.2399	67.4115	65.8562
2.8830	7.1878	0.2262	67.6111	65.9765
2.8835	7.1877	0.2228	67.2614	65.6990
2.8840	7.1867	0.2336	67.2376	65.8807
2.8845	7.1862	0.2373	67.2641	65.6976
2.8850	7.1869	0.2366	67.0457	65.5924
2.8855	7.1865	0.2366	66.1159	65.4840
2.8860	7.1860	0.2410	64.8957	65.8661
2.8865	7.1862	0.2380	64.0634	65.7402
2.8870	7.1864	0.2402	63.2294	65.5175
2.8875	7.1872	0.2289	63.6443	65.7614
2.8880	7.1866	0.2309	63.8161	65.4420
2.8885	7.1856	0.2500	64.4536	65.8804
2.8890	7.1843	0.2583	64.8769	65.6931
2.8895	7.1832	0.2760	65.1999	65.4298
2.8900	7.1830	0.2738	65.4955	65.5540
2.8905	7.1839	0.2655	65.9570	65.7937
2.8910	7.1846	0.2525	66.3340	66.0399
2.8915	7.1859	0.2408	66.4745	65.9536
2.8920	7.1869	0.2313	66.6070	65.9860
2.8925	7.1881	0.2211	66.7464	65.6451
2.8930	7.1883	0.2202	67.0325	65.9158
2.8935	7.1883	0.2140	66.6495	65.9581
2.8940	7.1880	0.2195	65.5595	65.6159
2.8945	7.1880	0.2148	65.9586	65.7117
2.8950	7.1879	0.2239	66.5497	65.9981
2.8955	7.1870	0.2301	66.9728	65.8218
2.8960	7.1876	0.2260	67.0918	65.9844
2.8965	7.1872	0.2224	67.2059	66.1097
2.8970	7.1860	0.2387	67.4676	65.6320
2.8975	7.1854	0.2456	67.5401	65.5418
2.8980	7.1844	0.2570	67.3389	65.6369
2.8985	7.1840	0.2591	66.7732	65.5521
2.8990	7.1847	0.2558	66.5147	65.7116
2.8995	7.1850	0.2495	65.4693	65.9322
2.9000	7.1857	0.2399	64.8726	65.8905
2.9005	7.1877	0.2269	63.5437	65.8615
2.9010	7.1876	0.2230	63.2381	66.2062
2.9015	7.1891	0.2104	64.0526	65.9531
2.9020	7.1885	0.2109	64.2805	65.8327
2.9025	7.1876	0.2231	64.6686	65.9384
2.9030	7.1881	0.2211	64.9248	65.8930
2.9035	7.1877	0.2182	65.5277	66.0953
2.9040	7.1880	0.2257	65.8971	66.2925
2.9045	7.1876	0.2206	66.2106	66.2864
2.9050	7.1874	0.2319	66.2313	65.9759
2.9055	7.1872	0.2280	66.5904	66.2246
2.9060	7.1866	0.2349	66.7572	65.9318
2.9065	7.1862	0.2359	67.0279	65.7450
2.9070	7.1840	0.2611	66.4774	65.8816
2.9075	7.1845	0.2579	65.3038	65.9796
2.9080	7.1853	0.2446	65.8538	66.0655
2.9085	7.1855	0.2415	66.2619	65.8883
2.9090	7.1861	0.2372	66.7102	65.7373
2.9095	7.1877	0.2269	67.0689	65.4807
2.9100	7.1877	0.2220	67.3887	65.9094
2.9105	7.1875	0.2244	67.3368	65.5191
2.9110	7.1876	0.2233	67.2974	65.2723
2.9115	7.1874	0.2242	67.2473	65.5046
2.9120	7.1870	0.2281	67.2064	65.7798
2.9125	7.1868	0.2332	66.5818	66.0715
2.9130	7.1865	0.2334	66.0172	65.9912
2.9135	7.1866	0.2337	65.2464	65.9146
2.9140	7.1868	0.2332	64.6062	65.6042
2.9145	7.1864	0.2331	63.6648	65.9992
2.9150	7.1859	0.2389	63.4732	66.0104
2.9155	7.1849	0.2516	64.0477	65.7795
2.9160	7.1854	0.2514	64.6162	65.8833
2.9165	7.1860	0.2434	64.9911	65.9557
2.9170	7.1866	0.2319	65.2118	66.0452
2.9175	7.1869	0.2348	65.5538	66.0840
2.9180	7.1873	0.2284	66.1504	65.8728
2.9185	7.1876	0.2183	66.3850	65.7521
2.9190	7.1874	0.2284	66.4239	65.8486
2.9195	7.1884	0.2159	66.4068	65.8019
2.9200	7.1881	0.2175	67.0853	65.7416
2.9205	7.1882	0.2148	65.7702	65.9113
2.9210	7.1881	0.2129	64.9591	65.6513
2.9215	7.1880	0.2215	65.5461	65.5760
2.9220	7.1882	0.2204	66.0649	65.7493
2.9225	7.1875	0.2237	66.8321	65.8650
2.9230	7.1863	0.2389	66.8680	65.7274
2.9235	7.1854	0.2452	67.0653	65.7804
2.9240	7.1844	0.2544	67.2923	65.8260
2.9245	7.1840	0.2614	67.5273	65.8407
2.9250	7.1845	0.2516	67.3100	66.1925
2.9255	7.1854	0.2531	67.0123	65.9965
2.9260	7.1861	0.2436	66.6722	65.8715
2.9265	7.1867	0.2299	66.2737	65.9282
2.9270	7.1870	0.2316	65.6061	66.0188
2.9275	7.1872	0.2307	64.2665	65.7972
2.9280	7.1868	0.2307	64.0291	65.8558
2.9285	7.1870	0.2307	63.7150	66.2178
2.9290	7.1876	0.2267	64.0560	65.9800
2.9295	7.1879	0.2201	64.4422	66.1617
2.9300	7.1875	0.2247	64.8698	65.9681
2.9305	7.1873	0.2298	65.3922	65.9943
2.9310	7.1870	0.2328	65.7857	66.2112
2.9315	7.1855	0.2446	66.0575	66.2315
2.9320	7.1840	0.2611	66.4024	65.7259
2.9325	7.1830	0.2697	66.5858	65.4613
2.9330	7.1812	0.2914	66.7852	65.3726
2.9335	7.1808	0.2936	66.8328	65.3399
2.9340	7.1822	0.2849	66.1174	65.8183
2.9345	7.1812	0.2879	66.4830	65.7407
2.9350	7.1835	0.2709	66.1672	65.6780
2.9355	7.1846	0.2537	65.8457	65.9438
2.9360	7.1847	0.2564	66.4171	66.1714
2.9365	7.1850	0.2480	66.8252	65.7671
2.9370	7.1849	0.2486	67.0651	65.4577
2.9375	7.1855	0.2508	67.2744	65.4378
2.9380	7.1851	0.2493	67.2794	65.2709
2.9385	7.1850	0.2486	67.3497	65.7323
2.9390	7.1846	0.2517	67.0981	66.1803
2.9395	7.1850	0.2550	66.7790	66.1300
2.9400	7.1851	0.2487	66.1700	66.3774
2.9405	7.1847	0.2561	65.8527	66.3698
2.9410	7.1835	0.2679	64.2104	66.0680
2.9415	7.1825	0.2725	63.1704	65.8672
2.9420	7.1829	0.2776	63.6194	65.7435
2.9425	7.1836	0.2630	63.9270	65.4653
2.9430	7.1841	0.2635	64.4146	65.4388
2.9435	7.1845	0.2551	64.7304	65.6389
2.9440	7.1848	0.2572	65.2425	65.8622
2.9445	7.1840	0.2654	65.6108	66.0639
2.9450	7.1826	0.2781	66.0372	65.9925
2.9455	7.1843	0.2555	66.2655	65.7808
2.9460	7.1857	0.2475	66.5981	65.6720
2.9465	7.1867	0.2348	66.7159	65.7677
2.9470	7.1872	0.2281	67.0376	65.6286
2.9475	7.1872	0.2249	66.4764	65.4646
2.9480	7.1872	0.2275	66.3559	65.6424
2.9485	7.1875	0.2276	66.5021	65.9286
2.9490	7.1867	0.2316	65.9144	66.1255
2.9495	7.1871	0.2334	66.2666	66.0628
2.9500	7.1852	0.2485	66.7358	66.0243
2.9505	7.1835	0.2616	66.9943	65.9293
2.9510	7.1836	0.2625	67.2092	66.2226
2.9515	7.1848	0.2521	67.1669	66.1000
2.9520	7.1858	0.2447	67.2948	65.8700
2.9525	7.1870	0.2310	67.2212	66.0907
2.9530	7.1882	0.2225	66.9506	66.0978
2.9535	7.1884	0.2146	66.2406	65.9280
2.9540	7.1888	0.2095	65.9928	65.7715
2.9545	7.1883	0.2126	64.8823	65.9234
2.9550	7.1877	0.2251	63.1792	65.8400
2.9555	7.1880	0.2177	63.3319	66.1922
2.9560	7.1878	0.2260	63.6980	65.9705
2.9565	7.1875	0.2237	64.3972	65.6872
2.9570	7.1878	0.2244	64.6906	65.7331
2.9575	7.1873	0.2269	65.0158	65.9679
2.9580	7.1858	0.2382	65.3599	65.8438
2.9585	7.1849	0.2506	65.9058	65.4212
2.9590	7.1834	0.2656	66.2872	65.5083
2.9595	7.1829	0.2773	66.4444	65.4287
2.9600	7.1829	0.2754	66.5966	65.9631
2.9605	7.1833	0.2681	66.8971	65.8387
2.9610	7.1843	0.2602	67.0851	65.4464
2.9615	7.1857	0.2425	66.6700	65.6391
2.9620	7.1862	0.2349	66.4041	65.7477
2.9625	7.1880	0.2263	66.3659	66.0736
2.9630	7.1875	0.2247	66.1514	66.0108
2.9635	7.1872	0.2263	66.5931	66.0215
2.9640	7.1861	0.2360	66.7741	65.7425
2.9645	7.1862	0.2397	67.1096	66.0564
2.9650	7.1860	0.2397	67.2610	65.9609
2.9655	7.1865	0.2404	67.3402	65.7716
2.9660	7.1870	0.2397	67.0654	65.7719
2.9665	7.1862	0.2373	66.9542	65.9204
2.9670	7.1856	0.2438	66.4499	65.9711
2.9675	7.1845	0.2592	66.2118	66.0206
2.9680	7.1838	0.2678	64.5547	66.1452
2.9685	7.1839	0.2615	62.9632	65.7533
2.9690	7.1851	0.2459	63.4107	65.6908
2.9695	7.1864	0.2391	63.6293	65.5156
2.9700	7.1871	0.2254	64.0404	65.3511
2.9705	7.1870	0.2296	64.3773	65.5586
2.9710	7.1863	0.2391	65.0637	65.7611
2.9715	7.1861	0.2390	65.3977	65.7903
2.9720	7.1858	0.2454	65.7228	65.9911
2.9725	7.1854	0.2401	66.0137	66.3464
2.9730	7.1861	0.2438	66.4862	66.1890
2.9735	7.1870	0.2301	66.6385	66.0878
2.9740	7.1875	0.2257	66.7352	66.0061
2.9745	7.1877	0.2196	66.7913	65.7211
2.9750	7.1861	0.2324	67.0975	65.8757
2.9755	7.1852	0.2465	66.8648	65.9927
2.9760	7.1842	0.2585	66.2034	66.0711
2.9765	7.1829	0.2684	66.0829	66.0711
2.9770	7.1843	0.2530	66.4427	66.3121
2.9775	7.1865	0.2402	67.0669	66.1213
2.9780	7.1875	0.2246	67.2140	65.8123
2.9785	7.1889	0.2123	67.2613	65.9971
2.9790	7.1891	0.2081	67.3634	65.7081
2.9795	7.1879	0.2155	67.5490	65.8581
2.9800	7.1877	0.2242	67.3336	65.7191
2.9805	7.1880	0.2247	66.7861	65.5851
2.9810	7.1875	0.2261	66.2700	65.4930
2.9815	7.1864	0.2292	65.3046	65.7953
2.9820	7.1865	0.2333	64.3380	65.8033
2.9825	7.1865	0.2337	63.0491	65.4626
2.9830	7.1872	0.2304	63.4595	65.7305
2.9835	7.1870	0.2294	63.9586	65.4323
2.9840	7.1861	0.2448	64.4890	65.7935
2.9845	7.1849	0.2553	64.7220	65.7902
2.9850	7.1829	0.2694	64.9436	65.4532
2.9855	7.1835	0.2700	65.4855	65.5592
2.9860	7.1841	0.2672	66.0911	65.7735
2.9865	7.1845	0.2517	66.2929	66.0347
2.9870	7.1866	0.2349	66.2667	65.9207
2.9875	7.1875	0.2276	66.5368	66.0037
2.9880	7.1880	0.2180	66.9237	65.6319
2.9885	7.1881	0.2201	67.0176	65.8142
2.9890	7.1875	0.2223	66.6365	66.0213
2.9895	7.1885	0.2189	65.6361	65.6860
2.9900	7.1886	0.2130	66.0575	65.6983
2.9905	7.1882	0.2123	66.5845	65.9751
2.9910	7.1873	0.2266	66.6785	65.8498
2.9915	7.1881	0.2183	66.9692	65.9017
2.9920	7.1878	0.2203	67.3902	66.1105
2.9925	7.1860	0.2358	67.6738	65.6833
2.9930	7.1854	0.2469	67.3892	65.5044
2.9935	7.1846	0.2555	67.2131	65.6345
2.9940	7.1838	0.2632	66.9804	65.5579
2.9945	7.1843	0.2616	66.8596	65.7019
2.9950	7.1844	0.2541	65.5489	65.9544
2.9955	7.1857	0.2472	64.7575	65.9126
2.9960	7.1868	0.2330	63.8587	65.8047
2.9965	7.1880	0.2261	63.4317	66.1421
2.9970	7.1882	0.2188	63.9646	65.9867
2.9975	7.1884	0.2120	63.9083	65.7576
2.9980	7.1873	0.2260	64.6274	65.9364
2.9985	7.1880	0.2245	65.2080	65.8755
2.9990	7.1876	0.2217	65.5898	66.0438
2.9995	7.1881	0.2211	65.5663	66.2554
3.0000	7.1880	0.2154	66.0030	66.3446
3.0005	7.1877	0.2222	66.5005	65.9831
3.0010	7.1875	0.2299	66.7751	66.1701
3.0015	7.1867	0.2354	66.5718	65.9983
3.0020	7.1862	0.2387	66.7457	65.6852
3.0025	7.1842	0.2576	66.7963	65.8276
3.0030	7.1845	0.2596	65.6873	65.8860
3.0035	7.1849	0.2529	65.6800	66.0673
3.0040	7.1852	0.2460	65.9449	65.9028
3.0045	7.1857	0.2403	66.7824	65.8015
3.0050	7.1868	0.2305	67.2596	65.4801
3.0055	7.1871	0.2249	67.2576	65.8821
3.0060	7.1874	0.2310	67.1043	65.6342
3.0065	7.1878	0.2247	67.4042	65.2314
3.0070	7.1873	0.2307	67.5784	65.4485
3.0075	7.1868	0.2298	67.1998	65.6611
3.0080	7.1866	0.2350	66.3799	66.0012
3.0085	7.1864	0.2385	66.1002	65.9403
3.0090	7.1864	0.2392	65.6565	65.9195
3.0095	7.1861	0.2390	64.7435	65.6040
3.0100	7.1862	0.2365	63.4965	65.9238
3.0105	7.1852	0.2461	63.3438	66.0964
3.0110	7.1847	0.2528	64.2591	65.8111
3.0115	7.1841	0.2611	64.6641	65.8998
3.0120	7.1851	0.2538	64.6888	65.9407
3.0125	7.1862	0.2419	65.0140	65.9919
3.0130	7.1859	0.2373	65.7616	66.0601
3.0135	7.1863	0.2413	66.2948	65.8391
3.0140	7.1871	0.2275	66.1252	65.6884
3.0145	7.1869	0.2300	66.2169	65.7987
3.0150	7.1877	0.2252	66.5973	65.8399
3.0155	7.1878	0.2161	67.3469	65.7639
3.0160	7.1884	0.2169	65.8597	65.9397
3.0165	7.1885	0.2166	64.6515	65.7336
3.0170	7.1879	0.2182	65.6493	65.5791
3.0175	7.1878	0.2192	66.2151	65.7178
3.0180	7.1881	0.2229	66.6635	65.8386
3.0185	7.1865	0.2323	66.5832	65.7163
3.0190	7.1855	0.2460	67.1220	65.7048
3.0195	7.1847	0.2546	67.5666	65.7947
3.0200	7.1839	0.2594	67.5209	65.7667
3.0205	7.1850	0.2540	67.1113	66.1416
3.0210	7.1857	0.2473	67.0128	66.0435
3.0215	7.1865	0.2363	67.0232	65.8775
3.0220	7.1877	0.2299	66.4097	65.9435
3.0225	7.1880	0.2271	65.5372	66.0202
3.0230	7.1872	0.2251	64.3206	65.8710
3.0235	7.1870	0.2313	64.2515	65.7819
3.0240	7.1872	0.2279	63.8897	66.2015
3.0245	7.1871	0.2262	63.8185	65.9575
3.0250	7.1879	0.2201	64.2657	66.1011
3.0255	7.1876	0.2248	64.9779	65.9885
3.0260	7.1869	0.2354	65.4932	65.9214
3.0265	7.1871	0.2322	65.5276	66.1720
3.0270	7.1853	0.2452	65.8969	66.2600
3.0275	7.1841	0.2595	66.4584	65.8568
3.0280	7.1837	0.2643	66.8177	65.5020
3.0285	7.1815	0.2843	66.6429	65.4326
3.0290	7.1809	0.2880	66.6578	65.2959
3.0295	7.1825	0.2826	66.2817	65.7605
3.0300	7.1822	0.2868	66.6440	65.7501
3.0305	7.1827	0.2735	66.3197	65.6242
3.0310	7.1842	0.2549	65.6169	65.8646
3.0315	7.1847	0.2523	66.2995	66.1599
3.0320	7.1850	0.2546	67.0521	65.8514
3.0325	7.1850	0.2549	67.1070	65.4959
3.0330	7.1849	0.2535	66.9965	65.4826
3.0335	7.1854	0.2489	67.1919	65.2920
3.0340	7.1844	0.2539	67.5296	65.6303
3.0345	7.1846	0.2529	67.2237	66.1453
3.0350	7.1848	0.2557	66.7042	66.1037
3.0355	7.1851	0.2527	66.0977	66.3064
3.0360	7.1841	0.2585	66.0883	66.3873
3.0365	7.1834	0.2697	64.6489	66.0922
3.0370	7.1821	0.2806	63.0231	65.8912
3.0375	7.1823	0.2844	63.4253	65.8022
3.0380	7.1832	0.2710	63.9309	65.5296
3.0385	7.1836	0.2632	64.4891	65.4325
3.0390	7.1842	0.2583	64.6308	65.6216
3.0395	7.1840	0.2563	65.0148	65.8328
3.0400	7.1840	0.2670	65.5874	66.0372
3.0405	7.1821	0.2848	66.2050	66.0251
3.0410	7.1828	0.2743	66.1615	65.7901
3.0415	7.1850	0.2514	66.3489	65.6424
3.0420	7.1860	0.2432	66.7217	65.7127
3.0425	7.1871	0.2325	67.2289	65.6479
3.0430	7.1873	0.2319	66.5561	65.4652
3.0435	7.1876	0.2299	66.0826	65.6268
3.0440	7.1874	0.2295	66.5220	65.9010
3.0445	7.1869	0.2303	66.1607	66.1462
3.0450	7.1866	0.2349	66.2276	66.1083
3.0455	7.1853	0.2510	66.4710	66.0490
3.0460	7.1839	0.2655	66.8823	65.9247
3.0465	7.1833	0.2688	67.3989	66.1499
3.0470	7.1841	0.2594	67.3365	66.1527
3.0475	7.1849	0.2509	67.1282	65.8058
3.0480	7.1862	0.2403	67.0381	66.0544
3.0485	7.1877	0.2237	67.1356	66.0957
3.0490	7.1880	0.2177	66.5972	65.9848
3.0495	7.1887	0.2169	65.9100	65.7605
3.0500	7.1882	0.2183	64.9214	65.9570
3.0505	7.1879	0.2212	63.3360	65.8540
3.0510	7.1872	0.2245	63.5375	66.1586
3.0515	7.1872	0.2234	63.6273	66.0439
3.0520	7.1874	0.2272	64.0307	65.6647
3.0525	7.1876	0.2232	64.6130	65.6487
3.0530	7.1871	0.2287	65.1886	65.8925
3.0535	7.1860	0.2442	65.3650	65.9155
3.0540	7.1848	0.2505	65.6659	65.4754
3.0545	7.1836	0.2702	66.1566	65.5499
3.0550	7.1822	0.2770	66.5871	65.4823
3.0555	7.1829	0.2685	66.6435	65.9486
3.0560	7.1831	0.2707	66.6404	65.9530
3.0565	7.1839	0.2648	66.9738	65.4224
3.0570	7.1861	0.2442	66.8990	65.5785
3.0575	7.1872	0.2306	66.5487	65.7258
3.0580	7.1877	0.2253	66.3821	66.0248
3.0585	7.1880	0.2207	65.9854	66.0414
3.0590	7.1874	0.2280	66.5900	66.0411
3.0595	7.1867	0.2292	66.9157	65.7931
3.0600	7.1867	0.2341	66.9577	66.0127
3.0605	7.1867	0.2354	67.0821	66.0531
3.0610	7.1870	0.2332	67.3214	65.7898
3.0615	7.1869	0.2287	67.2679	65.7614
3.0620	7.1870	0.2348	67.0283	65.8909
3.0625	7.1860	0.2395	66.3675	65.9634
3.0630	7.1852	0.2521	66.1789	65.9675
3.0635	7.1835	0.2603	65.0818	66.1561
3.0640	7.1842	0.2624	63.1053	65.7821
3.0645	7.1856	0.2472	63.1946	65.6961
3.0650	7.1863	0.2374	63.4524	65.5820
3.0655	7.1880	0.2229	64.1229	65.3575
3.0660	7.1875	0.2205	64.4576	65.5125
3.0665	7.1877	0.2274	64.8845	65.7807
3.0670	7.1876	0.2253	65.1735	65.8075
3.0675	7.1862	0.2337	65.7057	65.9339
3.0680	7.1867	0.2299	66.1259	66.2986
3.0685	7.1873	0.2327	66.3971	66.2232
3.0690	7.1881	0.2269	66.4304	66.0503
3.0695	7.1881	0.2151	66.7269	66.0389
3.0700	7.1883	0.2172	66.9523	65.7506
3.0705	7.1867	0.2322	67.1053	65.8701
3.0710	7.1851	0.2468	66.7287	66.0171
3.0715	7.1847	0.2576	66.1314	66.0936
3.0720	7.1834	0.2655	66.2570	66.0947
3.0725	7.1840	0.2605	66.4365	66.2812
3.0730	7.1859	0.2450	66.8065	66.2079
3.0735	7.1864	0.2374	67.1352	65.7818
3.0740	7.1873	0.2319	67.3364	65.9770
3.0745	7.1875	0.2290	67.3946	65.7061
3.0750	7.1864	0.2321	67.3732	65.8449
3.0755	7.1857	0.2411	67.3400	65.8110
3.0760	7.1861	0.2434	66.9943	65.6204
3.0765	7.1864	0.2385	66.4996	65.5430
3.0770	7.1854	0.2418	65.2470	65.7100
3.0775	7.1853	0.2442	64.3592	65.8624
3.0780	7.1852	0.2496	63.2815	65.4381
3.0785	7.1861	0.2419	63.4897	65.7374
3.0790	7.1864	0.2378	63.8397	65.4657
3.0795	7.1852	0.2459	64.1846	65.7095
3.0800	7.1844	0.2570	64.7482	65.8613
3.0805	7.1828	0.2711	65.1106	65.4930
3.0810	7.1822	0.2779	65.3697	65.5706
3.0815	7.1828	0.2742	65.7642	65.7162
3.0820	7.1841	0.2606	66.2913	66.0603
3.0825	7.1855	0.2492	66.5021	65.9248
3.0830	7.1869	0.2336	66.4774	66.0039
3.0835	7.1876	0.2234	66.6024	65.6714
3.0840	7.1872	0.2264	66.9747	65.7465
3.0845	7.1875	0.2232	67.0649	66.0018
3.0850	7.1878	0.2248	65.8012	65.6927
3.0855	7.1881	0.2163	65.6437	65.6334
3.0860	7.1886	0.2155	66.3987	65.9817
3.0865	7.1874	0.2229	66.8783	65.9221
3.0870	7.1878	0.2234	67.0962	65.8967
3.0875	7.1883	0.2163	67.1263	66.1575
3.0880	7.1864	0.2366	67.4766	65.7818
3.0885	7.1857	0.2443	67.5743	65.4861
3.0890	7.1847	0.2507	67.4317	65.6184
3.0895	7.1842	0.2637	66.8552	65.5419
3.0900	7.1844	0.2558	66.7112	65.6591
3.0905	7.1849	0.2520	65.8548	65.9483
3.0910	7.1853	0.2487	65.0060	65.9690
3.0915	7.1871	0.2269	64.0224	65.8353
3.0920	7.1869	0.2246	63.1125	66.1353
3.0925	7.1877	0.2239	63.8767	66.1019
3.0930	7.1883	0.2163	64.0901	65.7990
3.0935	7.1876	0.2264	64.5782	65.9423
3.0940	7.1874	0.2227	64.8853	65.8625
3.0945	7.1879	0.2280	65.3600	65.9747
3.0950	7.1878	0.2193	65.6867	66.1995
3.0955	7.1886	0.2161	66.0583	66.3689
3.0960	7.1878	0.2236	66.2960	66.0317
3.0965	7.1873	0.2254	66.4883	66.1568
3.0970	7.1874	0.2283	66.6646	66.1302
3.0975	7.1870	0.2342	66.8624	65.7457
3.0980	7.1852	0.2511	66.8626	65.8637
3.0985	7.1845	0.2544	65.5742	65.8894
3.0990	7.1855	0.2486	65.6096	66.0740
3.0995	7.1857	0.2433	66.0935	65.9000
3.1000	7.1860	0.2423	66.6399	65.8084
3.1005	7.1873	0.2305	66.9937	65.4816
3.1010	7.1878	0.2210	67.1734	65.8049
3.1015	7.1879	0.2218	67.3477	65.7262
3.1020	7.1880	0.2213	67.4343	65.2499
3.1025	7.1875	0.2239	67.3934	65.4457
3.1030	7.1876	0.2292	67.1640	65.6444
3.1035	7.1866	0.2355	66.6617	66.0397
3.1040	7.1867	0.2346	66.2965	65.9969
3.1045	7.1867	0.2296	65.6075	65.9696
3.1050	7.1868	0.2353	64.7399	65.6454
3.1055	7.1864	0.2346	63.8363	65.8618
3.1060	7.1863	0.2381	63.4365	66.0940
3.1065	7.1858	0.2442	64.1144	65.8135
3.1070	7.1851	0.2499	64.3786	65.8508
3.1075	7.1857	0.2428	64.7091	65.9221
3.1080	7.1862	0.2383	65.1836	66.0036
3.1085	7.1871	0.2284	65.6325	66.1028
3.1090	7.1865	0.2346	66.0142	65.9369
3.1095	7.1877	0.2209	66.1105	65.7465
3.1100	7.1878	0.2236	66.4020	65.8046
3.1105	7.1880	0.2208	66.5733	65.8595
3.1110	7.1882	0.2222	67.0097	65.7245
3.1115	7.1883	0.2223	66.2083	65.9027
3.1120	7.1880	0.2203	64.7689	65.7623
3.1125	7.1878	0.2234	65.5523	65.5619
3.1130	7.1878	0.2217	65.9546	65.7094
3.1135	7.1880	0.2267	66.5074	65.8572
3.1140	7.1874	0.2295	66.7153	65.7692
3.1145	7.1855	0.2475	67.1302	65.7098
3.1150	7.1845	0.2556	67.3683	65.8336
3.1155	7.1839	0.2611	67.3866	65.7532
3.1160	7.1844	0.2582	67.2476	66.0969
3.1165	7.1855	0.2521	67.1358	66.0665
3.1170	7.1856	0.2452	67.0180	65.8450
3.1175	7.1868	0.2337	66.3523	65.9245
3.1180	7.1868	0.2270	65.7525	66.0251
3.1185	7.1868	0.2371	64.5791	65.9340
3.1190	7.1867	0.2323	64.2430	65.7533
3.1195	7.1865	0.2325	63.8818	66.1861
3.1200	7.1870	0.2325	63.6707	66.0159
3.1205	7.1877	0.2251	64.3203	66.0566
3.1210	7.1870	0.2290	64.9140	66.0324
3.1215	7.1863	0.2365	65.3957	65.8761
3.1220	7.1865	0.2366	65.4471	66.1391
3.1225	7.1853	0.2457	65.8739	66.2590
3.1230	7.1836	0.2650	66.4172	65.9545
3.1235	7.1827	0.2732	66.7356	65.5190
3.1240	7.1815	0.2888	66.5652	65.5000
3.1245	7.1804	0.2974	66.8252	65.3001
3.1250	7.1819	0.2868	66.3595	65.7156
3.1255	7.1814	0.2885	66.4320	65.7906
3.1260	7.1822	0.2886	66.3092	65.6212
3.1265	7.1843	0.2644	65.6978	65.7871
3.1270	7.1843	0.2590	66.2357	66.1287
3.1275	7.1851	0.2537	66.8764	65.9297
3.1280	7.1852	0.2501	67.0158	65.5024
3.1285	7.1853	0.2467	67.1112	65.4889
3.1290	7.1852	0.2502	67.2514	65.3188
3.1295	7.1851	0.2490	67.4382	65.5501
3.1300	7.1849	0.2530	67.1725	66.1238
3.1305	7.1853	0.2475	66.8357	66.1163
3.1310	7.1860	0.2419	66.3069	66.2627
3.1315	7.1856	0.2411	66.0704	66.4116
3.1320	7.1848	0.2508	64.8906	66.1248
3.1325	7.1831	0.2621	63.1168	65.8469
3.1330	7.1832	0.2705	63.4249	65.7646
3.1335	7.1840	0.2623	63.8383	65.5590
3.1340	7.1845	0.2590	64.3209	65.4327
3.1345	7.1852	0.2513	64.5668	65.6123
3.1350	7.1854	0.2478	65.0565	65.8243
3.1355	7.1850	0.2458	65.5019	66.0351
3.1360	7.1833	0.2650	65.9973	66.0602
3.1365	7.1845	0.2617	66.1540	65.8169
3.1370	7.1864	0.2428	66.4506	65.6194
3.1375	7.1864	0.2335	66.6730	65.6561
3.1380	7.1876	0.2301	67.0358	65.6446
3.1385	7.1875	0.2213	66.6594	65.4535
3.1390	7.1879	0.2166	66.1586	65.6092
3.1395	7.1882	0.2154	66.6711	65.8665
3.1400	7.1882	0.2235	66.1409	66.1325
3.1405	7.1874	0.2260	66.0795	66.1326
3.1410	7.1864	0.2334	66.5065	66.0648
3.1415	7.1847	0.2567	66.8844	65.9323
3.1420	7.1840	0.2627	67.2588	66.0792
3.1425	7.1847	0.2559	67.2688	66.2058
3.1430	7.1853	0.2531	67.2298	65.7971
3.1435	7.1864	0.2375	67.1950	65.9961
3.1440	7.1869	0.2321	67.0577	66.0716
3.1445	7.1879	0.2231	66.6018	66.0134
3.1450	7.1879	0.2183	66.0160	65.7598
3.1455	7.1882	0.2203	65.2868	65.9271
3.1460	7.1880	0.2221	63.4229	65.8637
3.1465	7.1880	0.2281	63.3742	66.0803
3.1470	7.1876	0.2264	63.6549	66.0915
3.1475	7.1874	0.2266	64.0568	65.6618
3.1480	7.1872	0.2296	64.5038	65.6438
3.1485	7.1866	0.2310	64.9880	65.8068
3.1490	7.1858	0.2400	65.3653	65.9684
3.1495	7.1848	0.2582	65.6751	65.4789
3.1500	7.1833	0.2672	66.0988	65.4826
3.1505	7.1823	0.2742	66.5055	65.4436
3.1510	7.1827	0.2810	66.6835	65.8271
3.1515	7.1828	0.2750	66.6433	66.0166
3.1520	7.1832	0.2763	66.8986	65.4818
3.1525	7.1850	0.2492	66.9334	65.5534
3.1530	7.1864	0.2371	66.6172	65.6609
3.1535	7.1873	0.2257	66.4106	65.9753
3.1540	7.1879	0.2231	65.9276	66.0085
3.1545	7.1873	0.2243	66.4400	66.0184
3.1550	7.1867	0.2319	66.9480	65.8108
3.1555	7.1863	0.2343	67.0174	65.9358
3.1560	7.1863	0.2389	67.0405	66.0914
3.1565	7.1869	0.2362	67.2928	65.8215
3.1570	7.1873	0.2332	67.3890	65.7809
3.1575	7.1867	0.2345	67.0564	65.8284
3.1580	7.1861	0.2452	66.4472	65.9495
3.1585	7.1850	0.2531	66.2341	65.9228
3.1590	7.1835	0.2623	65.5187	66.1491
3.1595	7.1837	0.2651	63.3068	65.8432
3.1600	7.1850	0.2498	63.0587	65.6956
3.1605	7.1865	0.2389	63.3600	65.6104
3.1610	7.1870	0.2278	64.0998	65.3737
3.1615	7.1875	0.2278	64.5027	65.4941
3.1620	7.1870	0.2284	64.8276	65.7536
3.1625	7.1864	0.2346	65.1070	65.8327
3.1630	7.1863	0.2378	65.6432	65.8882
3.1635	7.1861	0.2381	66.1008	66.2551
3.1640	7.1861	0.2415	66.3384	66.2444
3.1645	7.1866	0.2358	66.4398	66.0533
3.1650	7.1873	0.2258	66.7438	66.0569
3.1655	7.1880	0.2214	66.9672	65.7787
3.1660	7.1868	0.2310	67.0347	65.8132
3.1665	7.1857	0.2464	66.8262	65.9882
3.1670	7.1847	0.2570	66.2559	66.0375
3.1675	7.1838	0.2641	66.2882	66.0788
3.1680	7.1841	0.2641	66.3947	66.2384
3.1685	7.1863	0.2380	66.7144	66.2648
3.1690	7.1871	0.2276	67.0965	65.8036
3.1695	7.1887	0.2149	67.2783	65.9312
3.1700	7.1888	0.2098	67.4704	65.7317
3.1705	7.1875	0.2246	67.4627	65.7788
3.1710	7.1870	0.2265	67.3678	65.8531
3.1715	7.1879	0.2260	66.9027	65.6097
3.1720	7.1880	0.2222	66.6680	65.5326
3.1725	7.1870	0.2277	65.5365	65.6418
3.1730	7.1866	0.2327	64.5520	65.9034
3.1735	7.1868	0.2357	63.3673	65.4553
3.1740	7.1880	0.2243	63.3793	65.6791
3.1745	7.1883	0.2133	63.9269	65.5045
3.1750	7.1870	0.2311	64.1070	65.5593
3.1755	7.1854	0.2383	64.5853	65.8851
3.1760	7.1837	0.2601	65.0110	65.4765
3.1765	7.1830	0.2688	65.4696	65.5651
3.1770	7.1842	0.2597	65.7889	65.7042
3.1775	7.1848	0.2508	66.1369	66.0318
3.1780	7.1865	0.2372	66.3938	65.9436
3.1785	7.1874	0.2236	66.5445	65.9914
3.1790	7.1884	0.2210	66.7381	65.7329
3.1795	7.1883	0.2139	66.8597	65.6590
3.1800	7.1886	0.2169	67.0271	65.9841
3.1805	7.1891	0.2141	66.0820	65.7268
3.1810	7.1883	0.2122	65.7256	65.5479
3.1815	7.1887	0.2118	66.2589	65.9165
3.1820	7.1873	0.2198	66.6429	65.9567
3.1825	7.1875	0.2339	67.1249	65.8446
3.1830	7.1885	0.2179	67.3040	66.1606
3.1835	7.1874	0.2303	67.4441	65.8627
3.1840	7.1858	0.2378	67.3902	65.4683
3.1845	7.1847	0.2499	67.4642	65.5648
3.1850	7.1838	0.2638	67.1390	65.5068
3.1855	7.1838	0.2635	66.7513	65.5721
3.1860	7.1846	0.2559	65.9394	65.8700
3.1865	7.1855	0.2480	65.0622	66.0030
3.1870	7.1869	0.2313	64.3972	65.8222
3.1875	7.1871	0.2282	63.1502	66.0603
3.1880	7.1880	0.2215	63.6895	66.1439
3.1885	7.1890	0.2119	64.1152	65.7786
3.1890	7.1878	0.2208	64.6279	65.8951
3.1895	7.1874	0.2220	64.8931	65.8432
3.1900	7.1877	0.2211	65.1850	65.9317
3.1905	7.1881	0.2265	65.5807	66.1556
3.1910	7.1879	0.2169	66.1154	66.3569
3.1915	7.1876	0.2245	66.3555	66.0973
3.1920	7.1874	0.2247	66.3840	66.0811
3.1925	7.1868	0.2248	66.7108	66.1947
3.1930	7.1867	0.2328	66.8521	65.7364
3.1935	7.1849	0.2475	66.9138	65.8322
3.1940	7.1843	0.2616	65.7107	65.8299
3.1945	7.1847	0.2575	65.5645	66.0269
3.1950	7.1855	0.2434	66.1760	65.9196
3.1955	7.1858	0.2405	66.5096	65.8387
3.1960	7.1865	0.2335	66.8677	65.5424
3.1965	7.1878	0.2216	67.1979	65.7158
3.1970	7.1873	0.2258	67.3929	65.8421
3.1975	7.1875	0.2236	67.3975	65.2818
3.1980	7.1871	0.2295	67.3804	65.4185
3.1985	7.1875	0.2234	67.1767	65.5679
3.1990	7.1875	0.2267	66.8673	65.9608
3.1995	7.1870	0.2261	66.3380	65.9710
3.2000	7.1868	0.2322	65.6220	65.9451
3.2005	7.1869	0.2357	64.8366	65.6715
3.2010	7.1870	0.2373	64.0831	65.7393
3.2015	7.1863	0.2440	63.4539	66.1292
3.2020	7.1851	0.2463	63.8367	65.8625
3.2025	7.1849	0.2535	64.2599	65.8513
3.2030	7.1854	0.2523	64.8199	65.9285
3.2035	7.1860	0.2384	65.1682	65.9831
3.2040	7.1865	0.2313	65.3955	66.0877
3.2045	7.1869	0.2349	65.8551	65.9647
3.2050	7.1880	0.2275	66.2306	65.7292
3.2055	7.1877	0.2286	66.4365	65.7550
3.2060	7.1877	0.2234	66.4361	65.8767
3.2065	7.1880	0.2193	66.8148	65.7212
3.2070	7.1882	0.2192	66.5649	65.8690
3.2075	7.1882	0.2163	65.0115	65.8172
3.2080	7.1878	0.2202	65.3726	65.5611
3.2085	7.1884	0.2236	65.7287	65.6872
3.2090	7.1876	0.2241	66.4681	65.8363
3.2095	7.1872	0.2322	66.8521	65.7994
3.2100	7.1860	0.2395	67.0663	65.6891
3.2105	7.1849	0.2500	67.1882	65.8127
3.2110	7.1848	0.2600	67.3926	65.7309
3.2115	7.1846	0.2502	67.4641	66.0256
3.2120	7.1851	0.2484	67.1136	66.1048
3.2125	7.1863	0.2413	66.8789	65.8504
3.2130	7.1871	0.2296	66.4008	65.9039
3.2135	7.1877	0.2187	66.0598	65.9919
3.2140	7.1877	0.2276	64.9074	65.9823
3.2145	7.1875	0.2260	64.0441	65.7271
3.2150	7.1869	0.2307	63.8042	66.1325
3.2155	7.1868	0.2307	63.7738	66.0923
3.2160	7.1882	0.2214	64.4245	66.0276
3.2165	7.1885	0.2116	64.6621	66.0888
3.2170	7.1872	0.2253	65.1258	65.8463
3.2175	7.1873	0.2280	65.5135	66.0852
3.2180	7.1864	0.2341	66.0528	66.2180
3.2185	7.1847	0.2567	66.2568	66.0300
3.2190	7.1837	0.2629	66.5064	65.5185
3.2195	7.1822	0.2773	66.5451	65.5158
3.2200	7.1813	0.2876	67.0276	65.2992
3.2205	7.1822	0.2805	66.5038	65.6535
3.2210	7.1817	0.2839	66.1347	65.8484
3.2215	7.1824	0.2855	66.3403	65.6557
3.2220	7.1839	0.2658	65.8852	65.7478
3.2225	7.1844	0.2611	66.2210	66.0851
3.2230	7.1848	0.2507	66.6926	65.9985
3.2235	7.1852	0.2535	66.8454	65.5211
3.2240	7.1851	0.2511	67.1827	65.4816
3.2245	7.1853	0.2502	67.3565	65.3186
3.2250	7.1852	0.2480	67.3123	65.4335
3.2255	7.1846	0.2526	67.1256	66.0784
3.2260	7.1848	0.2542	66.9374	66.1702
3.2265	7.1851	0.2434	66.5233	66.2472
3.2270	7.1847	0.2546	66.0406	66.4374
3.2275	7.1834	0.2582	65.0344	66.1929
3.2280	7.1828	0.2711	63.2867	65.9173
3.2285	7.1818	0.2835	63.5058	65.8015
3.2290	7.1828	0.2770	63.7801	65.5827
3.2295	7.1832	0.2714	64.0825	65.3966
3.2300	7.1836	0.2667	64.4969	65.5676
3.2305	7.1846	0.2570	65.1118	65.7755
3.2310	7.1839	0.2581	65.4649	66.0114
3.2315	7.1828	0.2688	65.7579	66.0955
3.2320	7.1832	0.2725	66.0944	65.8896
3.2325	7.1847	0.2574	66.5463	65.6676
3.2330	7.1860	0.2393	66.7067	65.6824
3.2335	7.1867	0.2343	66.7970	65.6960
3.2340	7.1868	0.2301	66.7295	65.4744
3.2345	7.1875	0.2258	66.3207	65.5338
3.2350	7.1875	0.2269	66.6964	65.8047
3.2355	7.1874	0.2230	66.0746	66.0958
3.2360	7.1868	0.2352	65.8902	66.1499
3.2365	7.1861	0.2431	66.6189	66.0690
3.2370	7.1842	0.2563	66.9215	65.9754
3.2375	7.1835	0.2691	67.0309	66.0625
3.2380	7.1845	0.2613	67.1691	66.2769
3.2385	7.1849	0.2519	67.3500	65.8529
3.2390	7.1858	0.2425	67.3521	65.9715
3.2395	7.1871	0.2337	66.9634	66.0829
3.2400	7.1880	0.2186	66.5230	66.0425
3.2405	7.1883	0.2210	66.1312	65.7854
3.2410	7.1884	0.2153	65.7126	65.8955
3.2415	7.1875	0.2191	63.5882	65.8985
3.2420	7.1873	0.2278	63.0695	66.0565
3.2425	7.1871	0.2255	63.6269	66.1923
3.2430	7.1873	0.2288	64.1155	65.7328
3.2435	7.1876	0.2225	64.4725	65.6429
3.2440	7.1876	0.2260	64.7120	65.7788
3.2445	7.1866	0.2305	65.2298	65.9890
3.2450	7.1860	0.2429	65.7784	65.5647
3.2455	7.1841	0.2602	66.0852	65.4899
3.2460	7.1832	0.2701	66.2173	65.4601
3.2465	7.1829	0.2696	66.5261	65.7485
3.2470	7.1832	0.2697	66.8326	66.0976
3.2475	7.1835	0.2671	67.0300	65.5456
3.2480	7.1856	0.2435	66.7630	65.5398
3.2485	7.1877	0.2271	66.4088	65.6771
3.2490	7.1878	0.2181	66.6285	65.9355
3.2495	7.1884	0.2183	66.2004	66.0432
3.2500	7.1884	0.2185	66.1649	66.0169
3.2505	7.1874	0.2279	66.6772	65.8339
3.2510	7.1866	0.2349	67.0824	65.8684
3.2515	7.1863	0.2366	67.2581	66.1326
3.2520	7.1871	0.2341	67.1110	65.8495
3.2525	7.1875	0.2258	67.1314	65.8097
3.2530	7.1868	0.2301	67.1174	65.8561
3.2535	7.1859	0.2402	66.8064	65.9862
3.2540	7.1850	0.2512	66.2137	65.9042
3.2545	7.1845	0.2629	65.5496	66.1265
3.2550	7.1836	0.2686	63.4503	65.8953
3.2555	7.1854	0.2506	63.2025	65.6694
3.2560	7.1861	0.2378	63.4074	65.6117
3.2565	7.1877	0.2253	63.8103	65.3638
3.2570	7.1881	0.2204	64.2754	65.4093
3.2575	7.1871	0.2306	64.7807	65.7180
3.2580	7.1871	0.2252	65.2086	65.8535
3.2585	7.1865	0.2319	65.5142	65.8659
3.2590	7.1861	0.2385	65.8559	66.2464
3.2595	7.1864	0.2369	66.2543	66.3269
3.2600	7.1875	0.2289	66.5575	66.0585
3.2605	7.1882	0.2189	66.6842	66.0613
3.2610	7.1881	0.2195	66.7760	65.7631
3.2615	7.1871	0.2268	66.9633	65.7107
3.2620	7.1858	0.2420	67.0604	65.9293
3.2625	7.1846	0.2552	66.3590	66.0491
3.2630	7.1837	0.2615	66.0648	66.1074
3.2635	7.1839	0.2622	66.2544	66.2331
3.2640	7.1857	0.2469	66.7510	66.3637
3.2645	7.1866	0.2340	67.1167	65.8866
3.2650	7.1879	0.2233	67.1820	65.9331
3.2655	7.1883	0.2159	67.3821	65.8017
3.2660	7.1876	0.2230	67.4427	65.6691
3.2665	7.1869	0.2364	67.4526	65.8268
3.2670	7.1862	0.2378	66.9130	65.5864
3.2675	7.1870	0.2322	66.6299	65.5542
3.2680	7.1862	0.2363	65.7202	65.5839
3.2685	7.1861	0.2403	64.8079	65.9566
3.2690	7.1860	0.2461	63.5101	65.5674
3.2695	7.1864	0.2402	63.1504	65.6582
3.2700	7.1872	0.2323	63.8078	65.6111
3.2705	7.1862	0.2386	64.0638	65.5199
3.2710	7.1853	0.2499	64.5477	65.9164
3.2715	7.1835	0.2641	64.8748	65.5143
3.2720	7.1832	0.2764	65.3748	65.4896
3.2725	7.1828	0.2717	65.7651	65.6465
3.2730	7.1841	0.2648	66.0383	66.0155
3.2735	7.1857	0.2478	66.2597	65.9839
3.2740	7.1867	0.2364	66.5142	66.0298
3.2745	7.1873	0.2305	66.7971	65.8501
3.2750	7.1876	0.2236	66.8274	65.6600
3.2755	7.1878	0.2225	66.9566	65.9944
3.2760	7.1883	0.2207	66.2182	65.7787
3.2765	7.1882	0.2145	65.6935	65.5447
3.2770	7.1882	0.2222	66.2104	65.8597
3.2775	7.1876	0.2292	66.5312	65.9823
3.2780	7.1874	0.2296	67.0264	65.8208
3.2785	7.1885	0.2160	67.3124	66.1372
3.2790	7.1867	0.2308	67.4081	65.9629
3.2795	7.1861	0.2436	67.3012	65.5335
3.2800	7.1851	0.2515	67.4219	65.6003
3.2805	7.1840	0.2635	67.2531	65.5809
3.2810	7.1839	0.2614	66.8954	65.5698
3.2815	7.1843	0.2620	66.1182	65.8433
3.2820	7.1848	0.2517	65.0240	65.9885
3.2825	7.1866	0.2402	64.5530	65.8195
3.2830	7.1874	0.2307	63.2947	65.9961
3.2835	7.1874	0.2252	63.5928	66.1880
3.2840	7.1876	0.2202	63.9413	65.8371
3.2845	7.1880	0.2269	64.4377	65.9157
3.2850	7.1875	0.2280	64.9123	65.9068
3.2855	7.1877	0.2186	65.1119	65.9345
3.2860	7.1877	0.2214	65.5105	66.1260
3.2865	7.1886	0.2151	65.9880	66.3323
3.2870	7.1884	0.2173	66.3820	66.1230
3.2875	7.1876	0.2200	66.3831	65.9948
3.2880	7.1875	0.2250	66.5334	66.2137
3.2885	7.1871	0.2319	66.7352	65.7755
3.2890	7.1859	0.2425	67.1495	65.8280
3.2895	7.1844	0.2573	65.9373	65.8755
3.2900	7.1855	0.2514	65.3299	66.0471
3.2905	7.1859	0.2446	66.0390	65.9987
3.2910	7.1864	0.2403	66.5150	65.8786
3.2915	7.1871	0.2359	66.9067	65.5862
3.2920	7.1875	0.2260	66.9935	65.6015
3.2925	7.1872	0.2266	67.3276	65.8799
3.2930	7.1875	0.2298	67.5193	65.2877
3.2935	7.1873	0.2274	67.4494	65.3611
3.2940	7.1871	0.2269	67.1028	65.5369
3.2945	7.1874	0.2294	66.8752	65.9455
3.2950	7.1866	0.2314	66.5047	66.0229
3.2955	7.1867	0.2345	65.9531	65.9951
3.2960	7.1866	0.2345	64.8822	65.7469
3.2965	7.1866	0.2287	64.1519	65.6719
3.2970	7.1855	0.2419	63.5355	66.0969
3.2975	7.1853	0.2504	63.8820	65.8697
3.2980	7.1841	0.2607	64.1982	65.7986
3.2985	7.1845	0.2577	64.6100	65.9106
3.2990	7.1851	0.2455	65.1461	65.9579
3.2995	7.1863	0.2362	65.5002	66.0884
3.3000	7.1864	0.2369	65.7339	66.0245
3.3005	7.1867	0.2338	66.0693	65.7692
3.3010	7.1870	0.2255	66.4252	65.7280
3.3015	7.1873	0.2277	66.5856	65.8406
3.3020	7.1881	0.2242	66.7050	65.7154
3.3025	7.1880	0.2254	66.6492	65.8163
3.3030	7.1879	0.2198	65.0996	65.8447
3.3035	7.1880	0.2226	65.4015	65.5558
3.3040	7.1879	0.2186	65.7011	65.6441
3.3045	7.1881	0.2237	66.2226	65.8148
3.3050	7.1874	0.2228	66.7909	65.8358
3.3055	7.1859	0.2387	67.0980	65.6706
3.3060	7.1850	0.2500	67.2535	65.7946
3.3065	7.1842	0.2576	67.1812	65.7199
3.3070	7.1842	0.2568	67.4133	65.9551
3.3075	7.1852	0.2512	67.3535	66.1457
3.3080	7.1859	0.2422	67.0412	65.8729
3.3085	7.1870	0.2285	66.3872	65.8822
3.3090	7.1878	0.2228	66.0332	65.9630
3.3095	7.1870	0.2306	65.1867	65.9989
3.3100	7.1867	0.2322	64.1906	65.7185
3.3105	7.1868	0.2315	63.8534	66.0337
3.3110	7.1869	0.2307	63.6425	66.1323
3.3115	7.1879	0.2249	64.3764	65.9888
3.3120	7.1887	0.2132	64.6931	66.1243
3.3125	7.1873	0.2251	65.0443	65.8530
3.3130	7.1872	0.2306	65.3210	66.0641
3.3135	7.1863	0.2351	65.9939	66.2239
3.3140	7.1847	0.2560	66.3405	66.0988
3.3145	7.1835	0.2675	66.4801	65.5672
3.3150	7.1824	0.2797	66.4841	65.4991
3.3155	7.1808	0.2940	66.9457	65.3027
3.3160	7.1817	0.2882	66.8226	65.5574
3.3165	7.1817	0.2858	66.2033	65.8542
3.3170	7.1816	0.2834	66.3252	65.6583
3.3175	7.1839	0.2694	65.9556	65.7116
3.3180	7.1841	0.2555	66.1607	66.0519
3.3185	7.1845	0.2576	66.6271	66.0724
3.3190	7.1849	0.2515	66.7867	65.5799
3.3195	7.1847	0.2526	67.1317	65.4679
3.3200	7.1854	0.2482	67.4203	65.3880
3.3205	7.1854	0.2485	67.3810	65.3561
3.3210	7.1851	0.2527	67.1376	65.9796
3.3215	7.1853	0.2490	66.9056	66.1491
3.3220	7.1862	0.2454	66.6675	66.1698
3.3225	7.1855	0.2416	66.1498	66.3960
3.3230	7.1848	0.2507	65.4039	66.2523
3.3235	7.1841	0.2603	63.4942	65.9020
3.3240	7.1834	0.2688	63.3351	65.7746
3.3245	7.1840	0.2602	63.7879	65.6376
3.3250	7.1841	0.2558	64.0548	65.4139
3.3255	7.1848	0.2562	64.4181	65.5005
3.3260	7.1859	0.2497	64.9608	65.7395
3.3265	7.1854	0.2493	65.4536	65.9764
3.3270	7.1839	0.2596	65.7268	66.0877
3.3275	7.1838	0.2655	66.0366	65.9169
3.3280	7.1860	0.2429	66.4172	65.6616
3.3285	7.1868	0.2350	66.7478	65.6307
3.3290	7.1875	0.2287	66.8154	65.6816
3.3295	7.1875	0.2283	66.7985	65.4898
3.3300	7.1879	0.2192	66.2870	65.4780
3.3305	7.1885	0.2147	66.6941	65.7360
3.3310	7.1883	0.2169	66.3015	66.0430
3.3315	7.1876	0.2177	65.7894	66.1478
3.3320	7.1866	0.2325	66.4243	66.0635
3.3325	7.1849	0.2489	66.9806	65.9738
3.3330	7.1837	0.2611	67.1589	66.0041
3.3335	7.1844	0.2599	67.1090	66.2697
3.3340	7.1850	0.2519	67.1662	65.8772
3.3345	7.1854	0.2449	67.4291	65.8930
3.3350	7.1866	0.2369	67.1605	66.0730
3.3355	7.1878	0.2239	66.6655	66.0538
3.3360	7.1882	0.2201	66.0760	65.8060
3.3365	7.1883	0.2204	65.8901	65.8367
3.3370	7.1880	0.2264	64.0757	65.8881
3.3375	7.1871	0.2296	63.0859	65.9596
3.3380	7.1872	0.2301	63.4990	66.2011
3.3385	7.1869	0.2314	63.9659	65.7524
3.3390	7.1866	0.2330	64.4923	65.5881
3.3395	7.1868	0.2331	64.7377	65.7050
3.3400	7.1855	0.2438	65.1546	65.9918
3.3405	7.1849	0.2520	65.6060	65.6309
3.3410	7.1834	0.2684	66.1141	65.4762
3.3415	7.1823	0.2823	66.2958	65.4636
3.3420	7.1818	0.2829	66.4716	65.6437
3.3425	7.1826	0.2767	66.6985	66.0872
3.3430	7.1831	0.2751	67.0026	65.5647
3.3435	7.1842	0.2604	67.0034	65.3953
3.3440	7.1864	0.2458	66.4453	65.6052
3.3445	7.1871	0.2330	66.4509	65.8490
3.3450	7.1879	0.2254	66.2748	66.0513
3.3455	7.1875	0.2248	66.1757	66.0419
3.3460	7.1871	0.2292	66.6788	65.8948
3.3465	7.1864	0.2339	66.9783	65.8334
3.3470	7.1857	0.2369	67.2168	66.1329
3.3475	7.1862	0.2419	67.1648	65.8173
3.3480	7.1867	0.2306	67.2302	65.7257
3.3485	7.1869	0.2337	67.0907	65.7372
3.3490	7.1860	0.2434	66.8846	65.9505
3.3495	7.1849	0.2512	66.2712	65.8844
3.3500	7.1836	0.2593	65.8842	66.1120
3.3505	7.1836	0.2703	63.7604	66.0158
3.3510	7.1848	0.2561	63.0374	65.7048
3.3515	7.1860	0.2439	63.4417	65.6873
3.3520	7.1870	0.2299	63.7577	65.4116
3.3525	7.1878	0.2240	64.2796	65.3318
3.3530	7.1874	0.2284	64.7199	65.5819
3.3535	7.1871	0.2331	65.0816	65.7821
3.3540	7.1861	0.2412	65.3550	65.7326
3.3545	7.1864	0.2408	65.8732	66.0782
3.3550	7.1863	0.2371	66.3927	66.3304
3.3555	7.1872	0.2346	66.6000	66.0987
3.3560	7.1877	0.2211	66.4602	66.0626
3.3565	7.1886	0.2183	66.7012	65.8695
3.3570	7.1875	0.2228	67.0723	65.7034
3.3575	7.1864	0.2372	67.2073	65.9206
3.3580	7.1849	0.2492	66.4025	65.9915
3.3585	7.1841	0.2552	65.9854	66.0699
3.3590	7.1839	0.2661	66.3368	66.1304
3.3595	7.1857	0.2470	66.8063	66.3354
3.3600	7.1865	0.2357	67.0218	65.9252
3.3605	7.1875	0.2272	67.0469	65.8613
3.3610	7.1886	0.2160	67.4406	65.8887
3.3615	7.1878	0.2169	67.5881	65.6344
3.3620	7.1879	0.2242	67.5100	65.8648
3.3625	7.1876	0.2270	66.8584	65.6329
3.3630	7.1878	0.2242	66.7454	65.5363
3.3635	7.1868	0.2315	66.1601	65.5799
3.3640	7.1870	0.2349	64.9955	65.9224
3.3645	7.1865	0.2295	63.5167	65.6139
3.3650	7.1874	0.2243	63.0491	65.5529
3.3655	7.1883	0.2162	63.9138	65.6398
3.3660	7.1879	0.2269	64.0771	65.4068
3.3665	7.1862	0.2390	64.4389	65.8850
3.3670	7.1846	0.2550	64.7443	65.6148
3.3675	7.1832	0.2681	65.3523	65.4571
3.3680	7.1840	0.2645	65.7990	65.7071
3.3685	7.1846	0.2599	66.0106	66.0304
3.3690	7.1856	0.2381	66.1584	65.9880
3.3695	7.1869	0.2286	66.4915	65.9531
3.3700	7.1879	0.2228	66.8540	65.8983
3.3705	7.1880	0.2180	66.8467	65.5808
3.3710	7.1879	0.2152	66.9110	65.9267
3.3715	7.1882	0.2133	66.3823	65.8771
3.3720	7.1881	0.2143	65.7155	65.5749
3.3725	7.1884	0.2118	66.1721	65.8089
3.3730	7.1882	0.2179	66.4227	66.0126
3.3735	7.1875	0.2259	66.9068	65.8349
3.3740	7.1889	0.2159	67.3325	66.0522
3.3745	7.1877	0.2204	67.4735	66.0018
3.3750	7.1860	0.2407	67.3128	65.5337
3.3755	7.1854	0.2469	67.3130	65.5456
3.3760	7.1840	0.2617	67.3505	65.5925
3.3765	7.1838	0.2635	66.9949	65.5448
3.3770	7.1844	0.2591	66.3007	65.8045
3.3775	7.1850	0.2524	65.0288	66.0145
3.3780	7.1862	0.2408	64.7135	65.8517
3.3785	7.1872	0.2228	63.5076	65.9085
3.3790	7.1876	0.2222	63.4694	66.1825
3.3795	7.1885	0.2103	63.8891	65.8493
3.3800	7.1881	0.2168	64.2811	65.8231
3.3805	7.1879	0.2248	64.9198	65.8566
3.3810	7.1876	0.2215	65.1066	65.8550
3.3815	7.1879	0.2278	65.4327	66.0957
3.3820	7.1872	0.2233	65.8628	66.3315
3.3825	7.1871	0.2286	66.4085	66.2590
3.3830	7.1870	0.2306	66.4148	65.9972
3.3835	7.1863	0.2316	66.4828	66.2501
3.3840	7.1855	0.2373	66.6225	65.8386
3.3845	7.1853	0.2483	67.1945	65.7490
3.3850	7.1839	0.2614	66.3444	65.8193
3.3855	7.1837	0.2628	65.2473	65.9252
3.3860	7.1847	0.2567	65.8197	66.0158
3.3865	7.1852	0.2500	66.4337	65.8903
3.3870	7.1862	0.2427	67.0164	65.6928
3.3875	7.1875	0.2310	66.9882	65.5552
3.3880	7.1870	0.2320	67.1418	65.9461
3.3885	7.1871	0.2266	67.4579	65.3919
3.3890	7.1876	0.2276	67.6391	65.3033
3.3895	7.1878	0.2304	67.1714	65.4505
3.3900	7.1873	0.2279	66.7663	65.8070
3.3905	7.1871	0.2304	66.5126	66.0044
3.3910	7.1871	0.2292	66.2287	65.9560
3.3915	7.1866	0.2340	65.0403	65.8224
3.3920	7.1870	0.2297	64.1416	65.6490
3.3925	7.1865	0.2349	63.5377	66.1174
3.3930	7.1860	0.2404	63.9149	65.9724
3.3935	7.1853	0.2470	64.1627	65.8192
3.3940	7.1857	0.2473	64.3656	65.8888
3.3945	7.1863	0.2411	64.9669	65.9373
3.3950	7.1877	0.2285	65.6011	66.0561
3.3955	7.1877	0.2259	65.7894	66.0310
3.3960	7.1874	0.2266	65.8919	65.7795
3.3965	7.1881	0.2198	66.2168	65.6951
3.3970	7.1878	0.2183	66.6941	65.8345
3.3975	7.1888	0.2178	66.7569	65.7652
3.3980	7.1882	0.2158	66.7344	65.8056
3.3985	7.1887	0.2169	65.1365	65.9342
3.3990	7.1882	0.2151	65.3281	65.6215
3.3995	7.1877	0.2213	65.8832	65.6156
3.4000	7.1874	0.2259	66.0162	65.7799
3.4005	7.1872	0.2271	66.5525	65.8461
3.4010	7.1861	0.2358	67.0413	65.6682
3.4015	7.1847	0.2515	67.4415	65.7730
3.4020	7.1839	0.2592	67.2172	65.7449
3.4025	7.1842	0.2542	67.1940	65.8830
3.4030	7.1846	0.2521	67.3518	66.1752
3.4035	7.1856	0.2450	67.2826	65.9276
3.4040	7.1866	0.2346	66.5429	65.8893
3.4045	7.1875	0.2284	65.9052	65.9633
3.4050	7.1868	0.2309	65.2819	66.0374
3.4055	7.1866	0.2324	64.4370	65.7532
3.4060	7.1868	0.2359	64.0509	65.9472
3.4065	7.1866	0.2303	63.4330	66.1826
3.4070	7.1874	0.2274	64.1146	65.9647
3.4075	7.1880	0.2226	64.7304	66.1409
3.4080	7.1873	0.2276	65.1101	65.8617
3.4085	7.1875	0.2275	65.1372	66.0056
3.4090	7.1868	0.2305	65.7207	66.2082
3.4095	7.1848	0.2502	66.3754	66.1804
3.4100	7.1834	0.2623	66.5779	65.6400
3.4105	7.1837	0.2712	66.3952	65.4727
3.4110	7.1812	0.2925	66.7648	65.3503
3.4115	7.1813	0.2894	66.8205	65.4600
3.4120	7.1816	0.2825	66.2221	65.8541
3.4125	7.1815	0.2914	66.3169	65.6942
3.4130	7.1838	0.2676	65.8211	65.6753
3.4135	7.1849	0.2583	66.0928	65.9844
3.4140	7.1843	0.2604	66.7003	66.1256
3.4145	7.1845	0.2567	66.7693	65.6697
3.4150	7.1847	0.2570	66.8732	65.4651
3.4155	7.1854	0.2481	67.2841	65.4184
3.4160	7.1853	0.2479	67.5202	65.3178
3.4165	7.1855	0.2467	67.2581	65.8686
3.4170	7.1852	0.2505	66.7947	66.1577
3.4175	7.1857	0.2453	66.6551	66.1420
3.4180	7.1854	0.2483	66.2947	66.3776
3.4185	7.1843	0.2527	65.7039	66.3004
3.4190	7.1834	0.2717	63.5615	65.9849
3.4195	7.1819	0.2797	63.1322	65.8509
3.4200	7.1830	0.2722	63.8782	65.7074
3.4205	7.1833	0.2713	64.0881	65.4517
3.4210	7.1837	0.2625	64.2404	65.4798
3.4215	7.1845	0.2545	64.7122	65.6934
3.4220	7.1844	0.2552	65.4943	65.9203
3.4225	7.1835	0.2671	65.8315	66.0856
3.4230	7.1833	0.2767	65.9119	65.9640
3.4235	7.1842	0.2581	66.1449	65.7066
3.4240	7.1857	0.2505	66.7639	65.6452
3.4245	7.1869	0.2379	66.9456	65.7408
3.4250	7.1868	0.2339	66.8517	65.5787
3.4255	7.1868	0.2303	66.1445	65.4925
3.4260	7.1869	0.2304	66.6134	65.7039
3.4265	7.1870	0.2317	66.6140	66.0144
3.4270	7.1868	0.2336	65.7926	66.1784
3.4275	7.1859	0.2461	66.0936	66.0829
3.4280	7.1848	0.2522	66.8065	65.9877
3.4285	7.1835	0.2684	67.3280	65.9555
3.4290	7.1836	0.2662	67.2136	66.2596
3.4295	7.1843	0.2596	66.9496	65.9793
3.4300	7.1855	0.2493	67.2439	65.8591
3.4305	7.1861	0.2292	67.3459	66.0938
3.4310	7.1881	0.2280	66.9359	66.0892
3.4315	7.1876	0.2180	65.8996	65.9064
3.4320	7.1885	0.2183	65.8309	65.8339
3.4325	7.1880	0.2179	64.6843	65.9461
3.4330	7.1875	0.2229	63.1915	65.8935
3.4335	7.1873	0.2231	63.1789	66.2126
3.4340	7.1871	0.2281	63.6377	65.8330
3.4345	7.1876	0.2201	64.6112	65.6050
3.4350	7.1876	0.2251	64.8876	65.6497
3.4355	7.1868	0.2316	64.8570	65.9751
3.4360	7.1859	0.2396	65.2504	65.7506
3.4365	7.1844	0.2530	66.1732	65.5166
3.4370	7.1837	0.2691	66.4805	65.5227
3.4375	7.1830	0.2693	66.2886	65.5522
3.4380	7.1830	0.2700	66.3696	66.1007
3.4385	7.1830	0.2707	67.0465	65.7010
3.4390	7.1847	0.2557	67.2565	65.3959
3.4395	7.1869	0.2316	66.4289	65.5961
3.4400	7.1880	0.2216	66.1881	65.7955
3.4405	7.1887	0.2177	66.3702	66.0476
3.4410	7.1885	0.2139	66.3954	66.0466
3.4415	7.1877	0.2204	66.5835	65.9588
3.4420	7.1875	0.2278	66.5678	65.8094
3.4425	7.1873	0.2274	67.1457	66.1346
3.4430	7.1867	0.2306	67.4694	65.9136
3.4435	7.1876	0.2239	67.3262	65.7361
3.4440	7.1871	0.2292	66.8189	65.7370
3.4445	7.1863	0.2382	66.8489	65.9576
3.4450	7.1853	0.2465	66.5915	65.8926
3.4455	7.1844	0.2638	66.1995	66.0502
3.4460	7.1834	0.2697	63.8914	66.0812
3.4465	7.1842	0.2661	62.7997	65.7214
3.4470	7.1856	0.2511	63.6155	65.7149
3.4475	7.1865	0.2326	63.8801	65.4797
3.4480	7.1877	0.2242	63.9847	65.3478
3.4485	7.1873	0.2268	64.2912	65.5857
3.4490	7.1864	0.2366	65.2173	65.7703
3.4495	7.1860	0.2402	65.6287	65.7870
3.4500	7.1853	0.2472	65.6763	66.0426
3.4505	7.1854	0.2446	65.8704	66.3432
3.4510	7.1864	0.2387	66.5902	66.1246
3.4515	7.1869	0.2291	66.8670	66.0687
3.4520	7.1877	0.2237	66.6727	65.9324
3.4525	7.1874	0.2248	66.5257	65.7146
3.4530	7.1863	0.2375	67.1862	65.9053
3.4535	7.1852	0.2467	66.9792	66.0141
3.4540	7.1837	0.2624	66.0333	66.0686
3.4545	7.1833	0.2680	65.8231	66.0965
3.4550	7.1844	0.2534	66.5733	66.3371
3.4555	7.1863	0.2413	67.3936	66.0121
3.4560	7.1866	0.2318	67.1656	65.8418
3.4565	7.1883	0.2186	66.9532	65.9249
3.4570	7.1880	0.2188	67.3224	65.6616
3.4575	7.1875	0.2270	67.8553	65.8906
3.4580	7.1870	0.2318	67.2439	65.6860
3.4585	7.1874	0.2281	66.4239	65.5820
3.4590	7.1866	0.2338	66.0113	65.5522
3.4595	7.1866	0.2359	65.4306	65.8972
3.4600	7.1861	0.2378	64.2180	65.7022
3.4605	7.1862	0.2400	62.7122	65.5060
3.4610	7.1879	0.2233	63.3620	65.6878
3.4615	7.1872	0.2254	64.2294	65.4004
3.4620	7.1854	0.2410	64.7812	65.8286
3.4625	7.1845	0.2519	64.5673	65.7070
3.4630	7.1826	0.2704	64.8069	65.4729
3.4635	7.1829	0.2687	65.7251	65.6675
3.4640	7.1842	0.2617	66.3377	66.0007
3.4645	7.1853	0.2491	66.1376	66.0431
3.4650	7.1865	0.2381	66.0408	65.9376
3.4655	7.1870	0.2291	66.7415	65.9416
3.4660	7.1885	0.2211	67.2212	65.5664
3.4665	7.1879	0.2193	66.9520	65.8718
3.4670	7.1875	0.2214	66.1997	65.9562
3.4675	7.1885	0.2192	65.5940	65.6189
3.4680	7.1881	0.2127	66.4230	65.7713
3.4685	7.1881	0.2191	66.5927	66.0396
3.4690	7.1874	0.2235	66.4915	65.8585
3.4695	7.1890	0.2180	67.0233	66.0222
3.4700	7.1882	0.2160	67.7101	66.0668
3.4705	7.1867	0.2335	67.6462	65.5770
3.4710	7.1858	0.2422	67.0802	65.5066
3.4715	7.1843	0.2552	67.1118	65.6045
3.4720	7.1841	0.2574	67.1994	65.5379
3.4725	7.1849	0.2520	66.8325	65.7790
3.4730	7.1850	0.2470	65.0970	66.0461
3.4735	7.1863	0.2420	64.5742	65.9205
3.4740	7.1876	0.2251	63.8301	65.8749
3.4745	7.1872	0.2254	63.6219	66.1808
3.4750	7.1874	0.2246	63.8973	65.9041
3.4755	7.1873	0.2186	63.8738	65.7904
3.4760	7.1869	0.2295	64.7304	65.9178
3.4765	7.1878	0.2275	65.2983	65.8467
3.4770	7.1878	0.2247	65.5698	66.0701
3.4775	7.1885	0.2182	65.5250	66.2958
3.4780	7.1895	0.2099	66.1231	66.2855
3.4785	7.1886	0.2172	66.5744	65.9548
3.4790	7.1876	0.2230	66.6782	66.2170
3.4795	7.1870	0.2234	66.4627	65.9286
3.4800	7.1863	0.2346	66.8704	65.7311
3.4805	7.1849	0.2516	66.7097	65.8379
3.4810	7.1851	0.2489	65.5651	65.9238
3.4815	7.1862	0.2424	65.6298	66.0445
3.4820	7.1859	0.2423	66.0542	65.8706
3.4825	7.1872	0.2310	66.9499	65.7115
3.4830	7.1880	0.2240	67.2154	65.4781
3.4835	7.1880	0.2205	67.1962	65.9040
3.4840	7.1874	0.2266	67.1461	65.4951
3.4845	7.1877	0.2254	67.5211	65.2691
3.4850	7.1872	0.2294	67.5188	65.4827
3.4855	7.1871	0.2343	66.9747	65.7858
3.4860	7.1866	0.2361	66.3084	66.0415
3.4865	7.1869	0.2338	66.1991	65.9473
3.4870	7.1863	0.2398	65.4915	65.8682
3.4875	7.1864	0.2335	64.4576	65.5853
3.4880	7.1862	0.2392	63.3607	66.0062
3.4885	7.1854	0.2476	63.5886	65.9889
3.4890	7.1844	0.2579	64.3584	65.7919
3.4895	7.1841	0.2612	64.5363	65.8869
3.4900	7.1851	0.2536	64.7005	65.9226
3.4905	7.1857	0.2444	65.2020	66.0538
3.4910	7.1861	0.2390	65.8621	66.0696
3.4915	7.1868	0.2381	66.2087	65.8315
3.4920	7.1873	0.2231	66.0375	65.6842
3.4925	7.1873	0.2287	66.3611	65.8074
3.4930	7.1875	0.2216	66.7521	65.7816
3.4935	7.1877	0.2205	67.1654	65.7150
3.4940	7.1883	0.2211	65.4373	65.9011
3.4945	7.1884	0.2151	64.7919	65.6465
3.4950	7.1881	0.2236	65.8298	65.5971
3.4955	7.1880	0.2233	66.2889	65.7607
3.4960	7.1876	0.2232	66.5157	65.8684
3.4965	7.1864	0.2349	66.6624	65.7053
3.4970	7.1847	0.2507	67.3424	65.7320
3.4975	7.1847	0.2584	67.4853	65.7353
3.4980	7.1841	0.2636	67.3219	65.7931
3.4985	7.1844	0.2580	67.0919	66.1255
3.4990	7.1856	0.2490	67.2044	65.9867
3.4995	7.1861	0.2357	66.9151	65.8422
3.5000	7.1873	0.2271	66.1631	65.9272
3.5005	7.1871	0.2304	65.3588	65.9580
3.5010	7.1869	0.2357	64.3123	65.7848
3.5015	7.1869	0.2337	64.2783	65.8768
3.5020	7.1867	0.2309	63.7184	66.2193
3.5025	7.1869	0.2284	63.8503	66.0007
3.5030	7.1879	0.2218	64.4668	66.0923
3.5035	7.1877	0.2258	65.1203	65.9723
3.5040	7.1869	0.2310	65.3923	65.9032
3.5045	7.1866	0.2277	65.5947	66.0939
3.5050	7.1853	0.2458	66.0219	66.1276
3.5055	7.1841	0.2604	66.5983	65.6957
3.5060	7.1835	0.2676	66.6766	65.4900
3.5065	7.1814	0.2862	66.6246	65.4254
3.5070	7.1819	0.2860	66.7410	65.4802
3.5075	7.1829	0.2733	66.2295	65.8340
3.5080	7.1826	0.2801	66.5677	65.7251
3.5085	7.1842	0.2622	65.9950	65.6079
3.5090	7.1852	0.2496	65.7136	65.8313
3.5095	7.1849	0.2493	66.5520	66.0851
3.5100	7.1847	0.2484	66.9869	65.7157
3.5105	7.1852	0.2529	66.9641	65.4478
3.5110	7.1849	0.2513	67.0775	65.4762
3.5115	7.1856	0.2488	67.3223	65.3372
3.5120	7.1849	0.2482	67.5174	65.7986
3.5125	7.1851	0.2543	67.0419	66.1952
3.5130	7.1853	0.2471	66.5645	66.1378
3.5135	7.1854	0.2496	66.1781	66.3445
3.5140	7.1843	0.2560	66.0377	66.2893
3.5145	7.1838	0.2621	64.1817	65.9571
3.5150	7.1828	0.2747	62.9562	65.7875
3.5155	7.1829	0.2721	63.6072	65.6792
3.5160	7.1833	0.2694	64.0791	65.4667
3.5165	7.1841	0.2614	64.4319	65.4296
3.5170	7.1845	0.2563	64.5968	65.6805
3.5175	7.1849	0.2533	65.1746	65.9380
3.5180	7.1842	0.2582	65.7559	66.0871
3.5185	7.1827	0.2759	66.1730	66.0151
3.5190	7.1843	0.2603	66.1546	65.7350
3.5195	7.1857	0.2447	66.4367	65.6048
3.5200	7.1866	0.2367	66.7896	65.6500
3.5205	7.1872	0.2320	67.2167	65.5560
3.5210	7.1873	0.2258	66.4407	65.4274
3.5215	7.1875	0.2230	66.2239	65.6098
3.5220	7.1878	0.2247	66.5474	65.9214
3.5225	7.1872	0.2222	66.1155	66.1640
3.5230	7.1866	0.2372	66.2453	66.1118
3.5235	7.1857	0.2445	66.5688	66.0395
3.5240	7.1838	0.2640	66.9962	65.9285
3.5245	7.1838	0.2599	67.4092	66.2001
3.5250	7.1846	0.2582	67.2613	66.0239
3.5255	7.1849	0.2540	67.1424	65.8141
3.5260	7.1859	0.2396	67.1218	66.0386
3.5265	7.1866	0.2363	67.0976	66.0219
3.5270	7.1868	0.2266	66.3725	65.9162
3.5275	7.1874	0.2258	65.8607	65.7968
3.5280	7.1869	0.2275	64.6566	65.9476
3.5285	7.1866	0.2319	63.2622	65.8937
3.5290	7.1871	0.2331	63.5476	66.2167
3.5295	7.1864	0.2374	63.6350	65.9350
3.5300	7.1865	0.2385	64.1879	65.6038
3.5305	7.1863	0.2416	64.7208	65.5788
3.5310	7.1854	0.2435	65.1831	65.8885
3.5315	7.1845	0.2555	65.3665	65.7846
3.5320	7.1833	0.2679	65.7758	65.4957
3.5325	7.1823	0.2819	66.2790	65.5292
3.5330	7.1814	0.2838	66.5927	65.4811
3.5335	7.1818	0.2842	66.6086	66.0458
3.5340	7.1823	0.2792	66.7335	65.8188
3.5345	7.1830	0.2754	67.0427	65.3724
3.5350	7.1849	0.2521	66.7781	65.5045
3.5355	7.1861	0.2409	66.5085	65.7020
3.5360	7.1868	0.2354	66.3045	66.0150
3.5365	7.1865	0.2310	66.0878	66.0115
3.5370	7.1871	0.2369	66.7228	65.9609
3.5375	7.1860	0.2429	66.8633	65.7459
3.5380	7.1854	0.2419	66.9948	66.0749
3.5385	7.1860	0.2455	67.1395	65.9576
3.5390	7.1868	0.2357	67.4323	65.7363
3.5395	7.1862	0.2412	67.2237	65.7363
3.5400	7.1856	0.2425	66.8683	65.9508
3.5405	7.1853	0.2472	66.3277	65.9628
3.5410	7.1844	0.2606	66.2907	66.0815
3.5415	7.1833	0.2669	64.6215	66.1523
3.5420	7.1845	0.2605	62.9128	65.7124
3.5425	7.1850	0.2496	63.2972	65.6625
3.5430	7.1865	0.2320	63.6729	65.4647
3.5435	7.1881	0.2181	64.1650	65.2793
3.5440	7.1875	0.2284	64.3751	65.4425
3.5445	7.1870	0.2267	64.9531	65.7593
3.5450	7.1873	0.2322	65.3678	65.7899
3.5455	7.1864	0.2346	65.8780	66.0054
3.5460	7.1870	0.2351	66.0619	66.4490
3.5465	7.1871	0.2326	66.2941	66.1768
3.5470	7.1879	0.2194	66.4904	66.0561
3.5475	7.1885	0.2164	66.8783	65.9238
3.5480	7.1880	0.2193	66.9965	65.5893
3.5485	7.1868	0.2257	67.0437	65.7118
3.5490	7.1852	0.2431	66.5868	65.9696
3.5495	7.1847	0.2562	66.1454	66.0702
3.5500	7.1838	0.2674	66.2684	66.1273
3.5505	7.1846	0.2526	66.4789	66.3539
3.5510	7.1867	0.2312	66.9248	66.1581
3.5515	7.1879	0.2211	67.1185	65.8179
3.5520	7.1892	0.2092	67.3433	65.9190
3.5525	7.1886	0.2166	67.4367	65.5237
3.5530	7.1872	0.2270	67.4776	65.7074
3.5535	7.1870	0.2333	67.2407	65.7717
3.5540	7.1868	0.2324	66.8304	65.5812
3.5545	7.1868	0.2310	66.3548	65.6233
3.5550	7.1865	0.2373	65.2946	65.9770
3.5555	7.1864	0.2368	64.2584	65.7939
3.5560	7.1859	0.2392	63.0693	65.4868
3.5565	7.1872	0.2273	63.6007	65.6896
3.5570	7.1873	0.2337	63.9894	65.4077
3.5575	7.1859	0.2415	64.3616	65.6526
3.5580	7.1848	0.2528	64.6566	65.7636
3.5585	7.1826	0.2697	65.0487	65.4470
3.5590	7.1826	0.2729	65.5850	65.6211
3.5595	7.1832	0.2697	66.0181	65.9631
3.5600	7.1843	0.2562	66.1906	66.0994
3.5605	7.1860	0.2428	66.3351	65.9465
3.5610	7.1871	0.2327	66.6091	65.9909
3.5615	7.1873	0.2279	66.8082	65.6261
3.5620	7.1873	0.2287	66.9369	65.8344
3.5625	7.1878	0.2281	66.7783	65.9693
3.5630	7.1880	0.2267	65.7627	65.6352
3.5635	7.1878	0.2224	65.8976	65.6772
3.5640	7.1870	0.2238	66.3716	66.0296
3.5645	7.1866	0.2346	66.7929	65.8804
3.5650	7.1873	0.2258	67.1819	65.9773
3.5655	7.1878	0.2219	67.3045	66.1468
3.5660	7.1863	0.2419	67.4329	65.7142
3.5665	7.1858	0.2440	67.4138	65.5526
3.5670	7.1844	0.2593	67.4222	65.6049
3.5675	7.1838	0.2635	66.9415	65.4981
3.5680	7.1841	0.2611	66.6118	65.6781
3.5685	7.1852	0.2524	65.4934	65.9996
3.5690	7.1863	0.2426	64.9501	65.9456
3.5695	7.1875	0.2287	63.8966	65.8364
3.5700	7.1875	0.2263	63.1830	66.1591
3.5705	7.1887	0.2148	63.8841	66.0491
3.5710	7.1884	0.2138	64.1092	65.8809
3.5715	7.1874	0.2231	64.7036	65.9067
3.5720	7.1881	0.2257	64.9670	65.8303
3.5725	7.1876	0.2236	65.3758	66.0111
3.5730	7.1880	0.2254	65.7182	66.2207
3.5735	7.1883	0.2154	66.1888	66.3238
3.5740	7.1876	0.2269	66.3323	65.9952
3.5745	7.1867	0.2343	66.5241	66.1817
3.5750	7.1866	0.2331	66.6619	66.0473
3.5755	7.1857	0.2387	66.9548	65.7071
3.5760	7.1842	0.2603	66.7038	65.9073
3.5765	7.1840	0.2611	65.4215	65.9713
3.5770	7.1849	0.2520	65.6933	66.0477
3.5775	7.1853	0.2493	66.2090	65.9096
3.5780	7.1861	0.2412	66.7900	65.7809
3.5785	7.1870	0.2300	66.9902	65.4602
3.5790	7.1874	0.2244	67.1926	65.8384
3.5795	7.1868	0.2383	67.3170	65.6544
3.5800	7.1870	0.2369	67.4760	65.3253
3.5805	7.1869	0.2288	67.3839	65.4993
3.5810	7.1866	0.2294	67.0747	65.7792
3.5815	7.1869	0.2362	66.5670	66.0313
3.5820	7.1866	0.2372	66.2606	65.9100
3.5825	7.1860	0.2408	65.4520	65.9014
3.5830	7.1858	0.2393	64.5516	65.5096
3.5835	7.1869	0.2361	63.5942	65.9132
3.5840	7.1865	0.2372	63.5205	66.0751
3.5845	7.1858	0.2387	64.1752	65.8050
3.5850	7.1863	0.2431	64.4243	65.8643
3.5855	7.1862	0.2342	64.7191	65.9644
3.5860	7.1873	0.2254	65.2047	66.0049
3.5865	7.1878	0.2213	65.7317	66.0585
3.5870	7.1870	0.2225	66.0564	65.8341
3.5875	7.1885	0.2172	66.0458	65.6708
3.5880	7.1875	0.2163	66.4006	65.8189
3.5885	7.1883	0.2179	66.6216	65.7823
3.5890	7.1883	0.2189	67.0914	65.7397
3.5895	7.1882	0.2148	65.8333	65.9137
3.5900	7.1883	0.2144	64.7895	65.7753
3.5905	7.1877	0.2237	65.7103	65.5851
3.5910	7.1878	0.2216	66.0424	65.6538
3.5915	7.1875	0.2216	66.5042	65.7014
3.5920	7.1870	0.2293	66.7255	65.6102
3.5925	7.1854	0.2484	67.2109	65.7317
3.5930	7.1848	0.2508	67.4060	65.8193
3.5935	7.1847	0.2566	67.3476	65.7996
3.5940	7.1850	0.2531	67.1548	66.1436
3.5945	7.1853	0.2448	67.1632	66.1145
3.5950	7.1864	0.2378	66.9261	65.8754
3.5955	7.1878	0.2276	66.2513	65.8633
3.5960	7.1870	0.2263	65.6234	65.9389
3.5965	7.1872	0.2332	64.4385	65.8221
3.5970	7.1864	0.2346	64.2055	65.7846
3.5975	7.1866	0.2326	63.7410	66.2201
3.5980	7.1871	0.2347	63.7936	66.0490
3.5985	7.1873	0.2242	64.4204	66.0977
3.5990	7.1869	0.2308	64.9428	66.0715
3.5995	7.1865	0.2352	65.3447	65.9556
3.6000	7.1867	0.2373	65.5466	66.1437
3.6005	7.1849	0.2469	65.9735	66.1895
3.6010	7.1832	0.2672	66.4557	65.7977
3.6015	7.1825	0.2761	66.6216	65.5188
3.6020	7.1809	0.2944	66.6072	65.4230
3.6025	7.1809	0.3015	66.8639	65.3842
3.6030	7.1818	0.2847	66.1794	65.7981
3.6035	7.1815	0.2909	66.4480	65.7737
3.6040	7.1824	0.2777	66.1590	65.6308
3.6045	7.1838	0.2605	65.6939	65.8473
3.6050	7.1838	0.2567	66.3941	66.1413
3.6055	7.1844	0.2578	66.8837	65.8651
3.6060	7.1845	0.2552	66.9075	65.4899
3.6065	7.1849	0.2496	67.0957	65.5353
3.6070	7.1850	0.2505	67.3008	65.3450
3.6075	7.1852	0.2513	67.5182	65.6477
3.6080	7.1850	0.2532	67.0385	66.1516
3.6085	7.1847	0.2493	66.6238	66.1243
3.6090	7.1849	0.2475	66.2734	66.3172
3.6095	7.1844	0.2573	66.1370	66.4063
3.6100	7.1834	0.2703	64.5570	66.0968
3.6105	7.1830	0.2738	62.9117	65.8705
3.6110	7.1828	0.2740	63.4798	65.7687
3.6115	7.1832	0.2668	64.0564	65.5294
3.6120	7.1838	0.2667	64.4344	65.4227
3.6125	7.1842	0.2581	64.4275	65.6130
3.6130	7.1846	0.2552	64.9998	65.8788
3.6135	7.1840	0.2582	65.7263	66.0512
3.6140	7.1825	0.2752	66.1615	66.0500
3.6145	7.1835	0.2639	66.0532	65.7983
3.6150	7.1854	0.2511	66.3492	65.6533
3.6155	7.1863	0.2385	66.7830	65.7273
3.6160	7.1868	0.2319	67.2153	65.6613
3.6165	7.1872	0.2275	66.4608	65.4910
3.6170	7.1879	0.2248	66.0872	65.5798
3.6175	7.1876	0.2240	66.7266	65.8875
3.6180	7.1873	0.2261	66.1707	66.1413
3.6185	7.1870	0.2289	66.0519	66.1384
3.6190	7.1858	0.2398	66.4049	66.0354
3.6195	7.1842	0.2621	66.9954	65.9298
3.6200	7.1836	0.2632	67.4659	66.1936
3.6205	7.1841	0.2587	67.1732	66.1574
3.6210	7.1846	0.2492	66.9871	65.8334
3.6215	7.1859	0.2419	67.1964	66.0739
3.6220	7.1869	0.2276	67.2192	66.0860
3.6225	7.1877	0.2255	66.4509	65.9883
3.6230	7.1878	0.2176	65.7523	65.7467
3.6235	7.1881	0.2219	65.0426	65.9472
3.6240	7.1874	0.2260	63.4708	65.8371
3.6245	7.1876	0.2263	63.3830	66.1591
3.6250	7.1876	0.2249	63.4710	66.0267
3.6255	7.1874	0.2284	64.1255	65.6937
3.6260	7.1874	0.2236	64.6768	65.6268
3.6265	7.1870	0.2296	65.0357	65.8283
3.6270	7.1857	0.2385	65.1785	65.9298
3.6275	7.1845	0.2501	65.7290	65.4989
3.6280	7.1831	0.2679	66.3132	65.5616
3.6285	7.1830	0.2763	66.4674	65.4387
3.6290	7.1826	0.2736	66.5000	65.9542
3.6295	7.1830	0.2691	66.6764	65.9318
3.6300	7.1841	0.2597	67.0810	65.4372
3.6305	7.1865	0.2402	66.8764	65.5775
3.6310	7.1879	0.2269	66.4054	65.6903
3.6315	7.1878	0.2193	66.3809	66.0312
3.6320	7.1881	0.2215	66.1144	66.0229
3.6325	7.1877	0.2228	66.5485	66.0279
3.6330	7.1869	0.2245	66.7835	65.7970
3.6335	7.1869	0.2345	66.9588	66.0443
3.6340	7.1865	0.2375	67.2161	66.0445
3.6345	7.1866	0.2304	67.4262	65.7944
3.6350	7.1868	0.2305	67.1538	65.7821
3.6355	7.1858	0.2384	66.9349	65.8812
3.6360	7.1859	0.2440	66.4990	65.9681
3.6365	7.1840	0.2577	66.3249	65.9602
3.6370	7.1832	0.2694	65.1125	66.1625
3.6375	7.1832	0.2677	62.9774	65.7945
3.6380	7.1849	0.2511	63.2012	65.7004
3.6385	7.1861	0.2464	63.6241	65.5738
3.6390	7.1869	0.2321	64.1036	65.3565
3.6395	7.1871	0.2298	64.3016	65.4911
3.6400	7.1861	0.2346	64.7993	65.7665
3.6405	7.1859	0.2452	65.2993	65.8150
3.6410	7.1852	0.2487	65.8167	65.9282
3.6415	7.1850	0.2514	65.9664	66.3045
3.6420	7.1849	0.2497	66.2577	66.2299
3.6425	7.1856	0.2493	66.5677	66.0565
3.6430	7.1859	0.2401	66.8621	66.0373
3.6435	7.1869	0.2328	66.8391	65.7118
3.6440	7.1859	0.2384	66.8982	65.7851
3.6445	7.1852	0.2521	66.8229	65.9762
3.6450	7.1834	0.2639	66.3603	66.0863
3.6455	7.1828	0.2766	66.2026	66.0731
3.6460	7.1834	0.2737	66.2634	66.2599
3.6465	7.1853	0.2480	66.7943	66.2105
3.6470	7.1870	0.2346	67.2214	65.8024
3.6475	7.1883	0.2247	67.3320	65.9858
3.6480	7.1880	0.2198	67.3085	65.6920
3.6485	7.1868	0.2312	67.3476	65.7999
3.6490	7.1858	0.2373	67.4759	65.8120
3.6495	7.1864	0.2375	66.9696	65.6118
3.6500	7.1867	0.2378	66.3684	65.5056
3.6505	7.1864	0.2405	65.3211	65.7444
3.6510	7.1863	0.2376	64.6728	65.8586
3.6515	7.1864	0.2335	63.3328	65.4221
3.6520	7.1877	0.2273	63.2692	65.6990
3.6525	7.1875	0.2241	63.8122	65.5570
3.6530	7.1861	0.2383	64.3770	65.8127
3.6535	7.1849	0.2510	64.8029	65.8695
3.6540	7.1839	0.2644	64.8530	65.4920
3.6545	7.1834	0.2689	65.3025	65.5920
3.6550	7.1844	0.2617	66.0063	65.7644
3.6555	7.1856	0.2457	66.3953	66.0011
3.6560	7.1875	0.2286	66.2776	65.8856
3.6565	7.1877	0.2267	66.3269	65.9540
3.6570	7.1883	0.2199	66.8380	65.6918
3.6575	7.1887	0.2163	67.1198	65.8444
3.6580	7.1884	0.2224	66.8976	66.0131
3.6585	7.1879	0.2145	65.6872	65.7365
3.6590	7.1887	0.2159	65.7751	65.6458
3.6595	7.1887	0.2145	66.5789	65.9359
3.6600	7.1872	0.2269	66.7270	65.8416
3.6605	7.1874	0.2247	66.8986	65.8594
3.6610	7.1888	0.2127	67.2529	66.1059
3.6615	7.1868	0.2308	67.6744	65.7594
3.6620	7.1861	0.2416	67.4522	65.5376
3.6625	7.1850	0.2526	67.2028	65.5767
3.6630	7.1841	0.2620	66.9794	65.5606
3.6635	7.1845	0.2621	66.9476	65.6620
3.6640	7.1848	0.2564	65.8697	65.9430
3.6645	7.1856	0.2476	64.7983	65.8941
3.6650	7.1874	0.2260	64.1081	65.7849
3.6655	7.1874	0.2283	63.3085	66.1008
3.6660	7.1889	0.2223	63.9479	66.0719
3.6665	7.1893	0.2113	63.9719	65.8055
3.6670	7.1876	0.2239	64.4583	65.8665
3.6675	7.1876	0.2233	65.0303	65.7811
3.6680	7.1878	0.2180	65.5171	65.9355
3.6685	7.1881	0.2225	65.5859	66.1102
3.6690	7.1886	0.2118	65.8905	66.2510
3.6695	7.1886	0.2145	66.3520	66.0677
3.6700	7.1872	0.2235	66.6728	66.1388
3.6705	7.1870	0.2287	66.7322	66.1327
3.6710	7.1865	0.2349	66.7135	65.6963
3.6715	7.1843	0.2476	66.8198	65.8340
3.6720	7.1843	0.2602	65.7204	65.8907
3.6725	7.1850	0.2514	65.7109	65.9989
3.6730	7.1851	0.2495	66.0493	65.7882
3.6735	7.1857	0.2487	66.5066	65.6994
3.6740	7.1868	0.2339	67.0508	65.4263
3.6745	7.1873	0.2278	67.3321	65.7799
3.6750	7.1871	0.2324	67.3011	65.7521
3.6755	7.1872	0.2316	67.3224	65.3419
3.6760	7.1868	0.2313	67.3899	65.4589
3.6765	7.1869	0.2288	67.2931	65.7362
3.6770	7.1869	0.2360	66.7401	65.9773
3.6775	7.1860	0.2292	66.1517	65.8669
3.6780	7.1862	0.2354	65.6209	65.8347
3.6785	7.1862	0.2405	64.8431	65.4532
3.6790	7.1863	0.2384	63.8778	65.7848
3.6795	7.1854	0.2458	63.3721	66.0994
3.6800	7.1847	0.2555	63.9615	65.8361
3.6805	7.1841	0.2626	64.4622	65.8662
3.6810	7.1846	0.2605	64.7937	65.9479
3.6815	7.1856	0.2506	65.0321	65.9879
3.6820	7.1862	0.2406	65.5356	66.0326
3.6825	7.1860	0.2360	66.0725	65.8140
3.6830	7.1873	0.2244	66.2154	65.6294
3.6835	7.1871	0.2314	66.3215	65.7943
3.6840	7.1871	0.2285	66.4314	65.8645
3.6845	7.1876	0.2234	67.0774	65.7246
3.6850	7.1881	0.2189	66.3822	65.8796
3.6855	7.1883	0.2201	64.7986	65.8059
3.6860	7.1878	0.2213	65.4595	65.6163
3.6865	7.1879	0.2236	65.9576	65.6441
3.6870	7.1872	0.2273	66.6397	65.7165
3.6875	7.1863	0.2309	66.7334	65.6101
3.6880	7.1856	0.2431	67.0171	65.6828
3.6885	7.1846	0.2540	67.3475	65.8181
3.6890	7.1842	0.2596	67.5008	65.7292
3.6895	7.1849	0.2585	67.3619	66.0346
3.6900	7.1854	0.2467	67.0479	66.1073
3.6905	7.1868	0.2405	66.9087	65.8641
3.6910	7.1873	0.2261	66.4513	65.8620
3.6915	7.1879	0.2261	65.9118	65.8941
3.6920	7.1871	0.2286	64.5689	65.8053
3.6925	7.1869	0.2330	64.0993	65.7464
3.6930	7.1870	0.2293	63.9002	66.1721
3.6935	7.1870	0.2263	63.8435	66.0883
3.6940	7.1877	0.2183	64.3215	66.0457
3.6945	7.1876	0.2245	64.7139	66.0790
3.6950	7.1872	0.2251	65.3372	65.9176
3.6955	7.1874	0.2250	65.5852	66.0383
3.6960	7.1859	0.2359	65.9376	66.1119
3.6965	7.1845	0.2575	66.2485	65.8489
3.6970	7.1838	0.2653	66.6366	65.4950
3.6975	7.1825	0.2711	66.7187	65.4308
3.6980	7.1819	0.2794	66.9196	65.3437
3.6985	7.1829	0.2706	66.4216	65.7195
3.6990	7.1827	0.2723	66.3460	65.7892
3.6995	7.1839	0.2692	66.2857	65.6309
3.7000	7.1854	0.2483	65.7976	65.7113
3.7005	7.1855	0.2475	66.2404	66.0325
3.7010	7.1852	0.2483	66.7507	65.8962
3.7015	7.1860	0.2470	67.0116	65.4619
3.7020	7.1859	0.2461	67.1770	65.4590
3.7025	7.1853	0.2465	67.2313	65.3389
3.7030	7.1854	0.2451	67.4020	65.5433
3.7035	7.1854	0.2514	67.2178	66.1116
3.7040	7.1853	0.2461	66.8968	66.1280
3.7045	7.1855	0.2458	66.3273	66.2541
3.7050	7.1857	0.2461	66.0141	66.3246
3.7055	7.1844	0.2572	64.9901	66.0407
3.7060	7.1833	0.2689	63.2136	65.8777
3.7065	7.1825	0.2735	63.4297	65.7639
3.7070	7.1831	0.2711	63.8125	65.5743
3.7075	7.1831	0.2723	64.3282	65.4244
3.7080	7.1840	0.2585	64.6223	65.6209
3.7085	7.1849	0.2557	65.0405	65.8376
3.7090	7.1839	0.2600	65.4293	66.0349
3.7095	7.1824	0.2751	65.9868	65.9871
3.7100	7.1824	0.2767	66.2556	65.8028
3.7105	7.1842	0.2578	66.4692	65.6392
3.7110	7.1857	0.2469	66.5889	65.6742
3.7115	7.1864	0.2343	67.0258	65.6585
3.7120	7.1867	0.2327	66.7662	65.4527
3.7125	7.1873	0.2297	66.2001	65.5481
3.7130	7.1873	0.2306	66.5877	65.8232
3.7135	7.1868	0.2320	66.0778	66.1046
3.7140	7.1857	0.2389	66.0634	66.0583
3.7145	7.1858	0.2461	66.5840	66.0339
3.7150	7.1836	0.2595	66.9610	65.9506
3.7155	7.1831	0.2728	67.1938	66.1001
3.7160	7.1843	0.2609	67.1665	66.2119
3.7165	7.1844	0.2599	67.2475	65.8539
3.7170	7.1859	0.2443	67.3017	66.0209
3.7175	7.1864	0.2346	67.0390	66.0342
3.7180	7.1868	0.2345	66.5131	66.0002
3.7185	7.1878	0.2239	66.0027	65.7315
3.7190	7.1874	0.2227	65.4678	65.9203
3.7195	7.1874	0.2277	63.5233	65.8720
3.7200	7.1869	0.2232	63.2116	66.0922
3.7205	7.1877	0.2298	63.5634	66.1268
3.7210	7.1870	0.2278	64.1357	65.6948
3.7215	7.1871	0.2275	64.6137	65.6049
3.7220	7.1865	0.2361	64.8741	65.7090
3.7225	7.1853	0.2413	65.1893	65.9452
3.7230	7.1849	0.2592	65.7649	65.5005
3.7235	7.1825	0.2761	66.2534	65.5319
3.7240	7.1820	0.2830	66.3638	65.4171
3.7245	7.1822	0.2818	66.4612	65.8249
3.7250	7.1824	0.2796	66.7703	66.0356
3.7255	7.1828	0.2723	67.1392	65.4609
3.7260	7.1854	0.2504	66.8403	65.5682
3.7265	7.1872	0.2293	66.3406	65.6210
3.7270	7.1877	0.2278	66.4467	65.9823
3.7275	7.1878	0.2248	66.1931	66.0147
3.7280	7.1873	0.2274	66.3899	66.0202
3.7285	7.1870	0.2335	66.6634	65.8139
3.7290	7.1865	0.2364	66.9998	65.9357
3.7295	7.1865	0.2373	67.3036	66.1074
3.7300	7.1867	0.2318	67.2991	65.8106
3.7305	7.1868	0.2291	67.0852	65.8029
3.7310	7.1865	0.2391	66.9691	65.8554
3.7315	7.1856	0.2432	66.7004	65.9941
3.7320	7.1844	0.2576	66.3353	65.9241
3.7325	7.1834	0.2621	65.3457	66.1559
3.7330	7.1837	0.2589	63.1350	65.8562
3.7335	7.1853	0.2491	63.1793	65.6982
3.7340	7.1861	0.2384	63.5266	65.6209
3.7345	7.1880	0.2238	63.9387	65.3553
3.7350	7.1883	0.2181	64.2899	65.4211
3.7355	7.1875	0.2234	64.7791	65.6966
3.7360	7.1874	0.2259	65.1762	65.7959
3.7365	7.1870	0.2312	65.6550	65.8372
3.7370	7.1866	0.2396	65.9714	66.2384
3.7375	7.1865	0.2296	66.2720	66.3026
3.7380	7.1877	0.2243	66.4778	66.0753
3.7385	7.1881	0.2130	66.7347	66.0646
3.7390	7.1889	0.2145	66.9315	65.7610
3.7395	7.1875	0.2276	66.9591	65.7287
3.7400	7.1861	0.2390	66.7901	65.9643
3.7405	7.1850	0.2500	66.2558	66.0261
3.7410	7.1842	0.2611	66.2656	66.0543
3.7415	7.1843	0.2543	66.4451	66.1993
3.7420	7.1870	0.2337	66.6935	66.2832
3.7425	7.1877	0.2253	66.9723	65.8090
3.7430	7.1884	0.2193	67.2799	65.9396
3.7435	7.1882	0.2138	67.5237	65.7572
3.7440	7.1880	0.2213	67.4415	65.7498
3.7445	7.1876	0.2262	67.3292	65.8701
3.7450	7.1873	0.2284	66.8735	65.6386
3.7455	7.1878	0.2284	66.6925	65.5270
3.7460	7.1861	0.2377	65.6005	65.6575
3.7465	7.1858	0.2368	64.6443	65.9469
3.7470	7.1862	0.2417	63.3652	65.4775
3.7475	7.1872	0.2343	63.2694	65.6699
3.7480	7.1875	0.2245	63.9085	65.6111
3.7485	7.1860	0.2400	64.1496	65.7062
3.7490	7.1849	0.2505	64.5654	65.9041
3.7495	7.1831	0.2677	64.8845	65.4991
3.7500	7.1823	0.2778	65.4570	65.5417
3.7505	7.1832	0.2750	65.8837	65.7184
3.7510	7.1845	0.2662	66.0997	66.0085
3.7515	7.1855	0.2458	66.2296	65.9637
3.7520	7.1863	0.2410	66.4836	66.0103
3.7525	7.1868	0.2319	66.8272	65.7942
3.7530	7.1872	0.2352	66.8905	65.7853
3.7535	7.1868	0.2294	66.9502	66.0287
3.7540	7.1873	0.2251	66.0269	65.7697
3.7545	7.1882	0.2195	65.6971	65.5844
3.7550	7.1871	0.2271	66.2651	65.8709
3.7555	7.1868	0.2380	66.5858	65.8951
3.7560	7.1860	0.2328	67.0747	65.8612
3.7565	7.1873	0.2265	67.2722	66.1491
3.7570	7.1865	0.2405	67.4132	65.9073
3.7575	7.1855	0.2427	67.4070	65.5998
3.7580	7.1843	0.2548	67.3736	65.6101
3.7585	7.1835	0.2667	67.0513	65.5652
3.7590	7.1836	0.2657	66.8023	65.5947
3.7595	7.1842	0.2573	66.0302	65.8557
3.7600	7.1847	0.2505	65.0341	65.8345
3.7605	7.1866	0.2367	64.3448	65.7289
3.7610	7.1872	0.2287	63.1577	66.0302
3.7615	7.1881	0.2239	63.7162	66.1731
3.7620	7.1889	0.2139	64.0398	65.8853
3.7625	7.1882	0.2236	64.4882	65.9246
3.7630	7.1874	0.2262	64.8791	65.8477
3.7635	7.1879	0.2214	65.2453	65.9438
3.7640	7.1875	0.2228	65.6137	66.0838
3.7645	7.1884	0.2188	65.9699	66.2319
3.7650	7.1884	0.2136	66.3089	66.0894
3.7655	7.1879	0.2252	66.4859	66.0549
3.7660	7.1873	0.2286	66.6577	66.2079
3.7665	7.1866	0.2314	66.7162	65.7434
3.7670	7.1857	0.2455	66.9672	65.8461
3.7675	7.1845	0.2556	65.8504	65.9355
3.7680	7.1857	0.2480	65.5037	66.0569
3.7685	7.1858	0.2439	66.0136	65.8866
3.7690	7.1866	0.2341	66.4965	65.7743
3.7695	7.1875	0.2283	66.9445	65.4457
3.7700	7.1882	0.2197	67.1543	65.6709
3.7705	7.1875	0.2245	67.3121	65.8288
3.7710	7.1873	0.2225	67.3767	65.3471
3.7715	7.1874	0.2252	67.4279	65.4514
3.7720	7.1872	0.2319	67.1897	65.6977
3.7725	7.1877	0.2227	66.8010	66.0160
3.7730	7.1870	0.2261	66.2816	65.9487
3.7735	7.1869	0.2291	65.7624	65.9320
3.7740	7.1861	0.2323	64.9108	65.5213
3.7745	7.1870	0.2312	63.9966	65.7214
3.7750	7.1864	0.2343	63.3826	66.1125
3.7755	7.1857	0.2373	63.8922	65.8677
3.7760	7.1851	0.2511	64.3196	65.8169
3.7765	7.1858	0.2437	64.6995	65.9556
3.7770	7.1859	0.2390	65.0078	65.9944
3.7775	7.1868	0.2352	65.4751	66.0524
3.7780	7.1870	0.2354	65.9359	65.9083
3.7785	7.1878	0.2255	66.0932	65.6721
3.7790	7.1874	0.2254	66.3193	65.7616
3.7795	7.1875	0.2250	66.5544	65.8523
3.7800	7.1877	0.2255	66.9105	65.7117
3.7805	7.1875	0.2188	66.4916	65.8426
3.7810	7.1876	0.2218	64.8582	65.8545
3.7815	7.1879	0.2246	65.4993	65.6251
3.7820	7.1883	0.2168	65.8836	65.6212
3.7825	7.1876	0.2280	66.3047	65.7526
3.7830	7.1874	0.2273	66.6820	65.6782
3.7835	7.1859	0.2421	67.1157	65.6528
3.7840	7.1848	0.2526	67.3886	65.8230
3.7845	7.1848	0.2565	67.2615	65.7589
3.7850	7.1844	0.2566	67.2492	66.0146
3.7855	7.1849	0.2502	67.2590	66.1855
3.7860	7.1861	0.2413	67.1022	65.9269
3.7865	7.1864	0.2370	66.3936	65.8697
3.7870	7.1872	0.2302	65.8515	65.9006
3.7875	7.1867	0.2331	64.8838	65.7993
3.7880	7.1862	0.2378	64.2557	65.7134
3.7885	7.1866	0.2373	63.8834	66.0914
3.7890	7.1861	0.2383	63.5987	66.1447
3.7895	7.1872	0.2254	64.3229	66.0238
3.7900	7.1868	0.2295	64.7669	66.1314
3.7905	7.1864	0.2352	65.1953	65.9519
3.7910	7.1858	0.2381	65.3335	66.0501
3.7915	7.1849	0.2497	65.8952	66.1318
3.7920	7.1833	0.2640	66.3635	65.9448
3.7925	7.1824	0.2792	66.5983	65.5512
3.7930	7.1813	0.2896	66.4895	65.4843
3.7935	7.1799	0.3030	66.8449	65.3389
3.7940	7.1816	0.2903	66.6951	65.6555
3.7945	7.1815	0.2861	66.2881	65.8374
3.7950	7.1822	0.2864	66.3028	65.6573
3.7955	7.1836	0.2713	65.8034	65.7081
3.7960	7.1838	0.2584	66.2021	66.0262
3.7965	7.1842	0.2619	66.7676	66.0124
3.7970	7.1851	0.2626	66.8072	65.5331
3.7975	7.1846	0.2513	67.0405	65.4880
3.7980	7.1850	0.2502	67.3512	65.3787
3.7985	7.1853	0.2467	67.4855	65.4519
3.7990	7.1850	0.2554	67.0867	66.0706
3.7995	7.1844	0.2520	66.7828	66.1526
3.8000	7.1851	0.2446	66.5487	66.2203
3.8005	7.1847	0.2480	66.1994	66.3874
3.8010	7.1842	0.2633	65.1797	66.1182
3.8015	7.1830	0.2717	63.1877	65.9053
3.8020	7.1829	0.2761	63.3289	65.8106
3.8025	7.1834	0.2680	63.8704	65.6323
3.8030	7.1838	0.2639	64.2508	65.4431
3.8035	7.1843	0.2556	64.3938	65.5829
3.8040	7.1852	0.2540	64.8583	65.8271
3.8045	7.1852	0.2516	65.5191	66.0157
3.8050	7.1835	0.2653	65.9853	66.0328
3.8055	7.1840	0.2659	66.0429	65.8553
3.8060	7.1854	0.2494	66.2607	65.6466
3.8065	7.1861	0.2440	66.6997	65.6576
3.8070	7.1873	0.2304	67.0299	65.6943
3.8075	7.1872	0.2263	66.8216	65.5108
3.8080	7.1879	0.2225	66.1072	65.5620
3.8085	7.1877	0.2171	66.5946	65.8125
3.8090	7.1884	0.2187	66.3181	66.0940
3.8095	7.1877	0.2245	65.9150	66.0821
3.8100	7.1867	0.2304	66.3410	66.0155
3.8105	7.1852	0.2487	66.8985	65.9354
3.8110	7.1841	0.2605	67.3003	66.0085
3.8115	7.1849	0.2578	67.2148	66.2544
3.8120	7.1852	0.2520	67.0608	65.8922
3.8125	7.1858	0.2397	67.2587	66.0253
3.8130	7.1865	0.2388	67.2286	66.1239
3.8135	7.1866	0.2347	66.7239	66.0986
3.8140	7.1874	0.2285	65.8930	65.8377
3.8145	7.1873	0.2279	65.6346	65.9047
3.8150	7.1868	0.2306	63.9242	65.8843
3.8155	7.1871	0.2320	63.2473	66.0002
3.8160	7.1867	0.2378	63.4411	66.1374
3.8165	7.1869	0.2357	63.8451	65.7021
3.8170	7.1868	0.2349	64.5853	65.6190
3.8175	7.1866	0.2346	64.9519	65.6746
3.8180	7.1852	0.2465	65.1427	66.0024
3.8185	7.1841	0.2559	65.5213	65.6133
3.8190	7.1834	0.2717	66.1694	65.5729
3.8195	7.1817	0.2841	66.4564	65.4894
3.8200	7.1816	0.2823	66.4650	65.7309
3.8205	7.1822	0.2793	66.5434	66.0740
3.8210	7.1824	0.2767	67.0291	65.4979
3.8215	7.1847	0.2583	67.1221	65.5022
3.8220	7.1860	0.2426	66.4176	65.5736
3.8225	7.1865	0.2349	66.3818	65.8811
3.8230	7.1870	0.2276	66.2882	66.0264
3.8235	7.1867	0.2337	66.4227	66.0300
3.8240	7.1861	0.2383	66.6319	65.8953
3.8245	7.1859	0.2457	66.7962	65.9090
3.8250	7.1859	0.2421	67.2928	66.1503
3.8255	7.1861	0.2399	67.4458	65.8175
3.8260	7.1864	0.2337	67.1640	65.7649
3.8265	7.1863	0.2428	66.8588	65.7838
3.8270	7.1855	0.2466	66.8498	65.9492
3.8275	7.1842	0.2545	66.4667	65.8836
3.8280	7.1834	0.2627	65.6589	66.1104
3.8285	7.1836	0.2692	63.2940	65.9391
3.8290	7.1849	0.2596	63.1055	65.7122
3.8295	7.1857	0.2440	63.6634	65.6971
3.8300	7.1869	0.2300	63.8659	65.4049
3.8305	7.1871	0.2272	64.0641	65.4295
3.8310	7.1863	0.2375	64.6813	65.6694
3.8315	7.1862	0.2428	65.3293	65.7861
3.8320	7.1856	0.2438	65.5573	65.7940
3.8325	7.1849	0.2530	65.7550	66.1616
3.8330	7.1850	0.2490	66.2056	66.2952
3.8335	7.1859	0.2408	66.6981	66.0700
3.8340	7.1863	0.2374	66.7363	66.0919
3.8345	7.1868	0.2310	66.6374	65.8274
3.8350	7.1866	0.2357	66.8413	65.7245
3.8355	7.1848	0.2490	67.2106	65.9549
3.8360	7.1842	0.2629	66.5468	66.0294
3.8365	7.1832	0.2726	65.9963	66.0459
3.8370	7.1832	0.2753	66.1347	66.1534
3.8375	7.1851	0.2523	66.8050	66.3064
3.8380	7.1863	0.2369	67.2433	65.8656
3.8385	7.1872	0.2287	67.1232	65.9114
3.8390	7.1877	0.2278	67.2354	65.8221
3.8395	7.1870	0.2320	67.5037	65.6978
3.8400	7.1868	0.2363	67.6472	65.8838
3.8405	7.1864	0.2380	66.9333	65.6475
3.8410	7.1870	0.2298	66.5520	65.5471
3.8415	7.1862	0.2379	65.8854	65.5979
3.8420	7.1862	0.2385	64.9977	65.9643
3.8425	7.1867	0.2355	63.5399	65.5115
3.8430	7.1879	0.2309	62.9785	65.6010
3.8435	7.1878	0.2157	63.8233	65.6225
3.8440	7.1868	0.2316	64.3042	65.6149
3.8445	7.1857	0.2457	64.6258	65.9402
3.8450	7.1843	0.2589	64.6689	65.5728
3.8455	7.1833	0.2717	65.2200	65.5435
3.8460	7.1842	0.2607	65.9264	65.6906
3.8465	7.1852	0.2509	66.2378	65.9995
3.8470	7.1863	0.2357	66.1329	65.9289
3.8475	7.1874	0.2302	66.3243	65.9589
3.8480	7.1884	0.2185	66.9555	65.8008
3.8485	7.1879	0.2206	67.0725	65.7208
3.8490	7.1876	0.2219	66.8823	66.0124
3.8495	7.1876	0.2212	66.0160	65.8375
3.8500	7.1877	0.2219	65.7092	65.6184
3.8505	7.1882	0.2245	66.4677	65.8768
3.8510	7.1874	0.2262	66.5740	65.9530
3.8515	7.1875	0.2235	66.7818	65.8112
3.8520	7.1890	0.2150	67.2218	66.0814
3.8525	7.1873	0.2246	67.6445	65.9000
3.8530	7.1859	0.2410	67.4385	65.5475
3.8535	7.1850	0.2484	67.2179	65.5621
3.8540	7.1836	0.2636	67.1721	65.5682
3.8545	7.1836	0.2662	67.0746	65.5853
3.8550	7.1842	0.2609	66.2711	65.8775
3.8555	7.1848	0.2521	64.8829	66.0011
3.8560	7.1858	0.2452	64.5603	65.8090
3.8565	7.1866	0.2290	63.4686	65.9727
3.8570	7.1873	0.2292	63.6472	66.1595
3.8575	7.1883	0.2114	63.8614	65.8498
3.8580	7.1873	0.2246	64.3020	65.8432
3.8585	7.1869	0.2278	64.9725	65.8106
3.8590	7.1872	0.2274	65.2530	65.8841
3.8595	7.1873	0.2274	65.4526	66.0873
3.8600	7.1874	0.2269	65.8564	66.2293
3.8605	7.1874	0.2279	66.4264	66.1808
3.8610	7.1867	0.2315	66.5008	66.0303
3.8615	7.1861	0.2349	66.5373	66.2435
3.8620	7.1862	0.2417	66.6038	65.7805
3.8625	7.1847	0.2533	67.1820	65.7537
3.8630	7.1835	0.2723	66.2606	65.8764
3.8635	7.1833	0.2694	65.3246	66.0044
3.8640	7.1846	0.2582	65.8407	65.8736
3.8645	7.1854	0.2540	66.4352	65.7698
3.8650	7.1858	0.2437	67.0699	65.4512
3.8655	7.1865	0.2363	67.1049	65.5613
3.8660	7.1863	0.2357	67.1805	65.9096
3.8665	7.1864	0.2363	67.3646	65.4143
3.8670	7.1864	0.2357	67.6410	65.4212
3.8675	7.1862	0.2388	67.3012	65.6417
3.8680	7.1869	0.2354	66.7167	65.9517
3.8685	7.1859	0.2415	66.3622	65.8659
3.8690	7.1859	0.2405	66.1225	65.8737
3.8695	7.1859	0.2392	65.0700	65.5584
3.8700	7.1862	0.2399	64.0586	65.6111
3.8705	7.1853	0.2455	63.3636	66.1081
3.8710	7.1848	0.2492	63.9978	65.9499
3.8715	7.1841	0.2575	64.3247	65.8394
3.8720	7.1847	0.2557	64.4565	65.9803
3.8725	7.1852	0.2502	64.9337	65.9955
3.8730	7.1864	0.2389	65.5881	66.0122
3.8735	7.1865	0.2408	65.9577	65.9072
3.8740	7.1871	0.2298	66.0041	65.6179
3.8745	7.1871	0.2294	66.1715	65.6464
3.8750	7.1870	0.2283	66.6511	65.8126
3.8755	7.1874	0.2265	66.9180	65.7261
3.8760	7.1873	0.2263	66.6980	65.8194
3.8765	7.1877	0.2190	64.9112	65.9297
3.8770	7.1873	0.2178	65.3244	65.6878
3.8775	7.1878	0.2214	65.9901	65.6258
3.8780	7.1875	0.2260	66.2450	65.7474
3.8785	7.1874	0.2236	66.5410	65.6701
3.8790	7.1860	0.2394	66.9958	65.5785
3.8795	7.1848	0.2478	67.4755	65.7587
3.8800	7.1841	0.2606	67.3696	65.7035
3.8805	7.1849	0.2552	67.2389	65.9155
3.8810	7.1852	0.2497	67.2049	66.1916
3.8815	7.1857	0.2410	67.2487	65.9972
3.8820	7.1869	0.2344	66.5850	65.8805
3.8825	7.1872	0.2272	65.9028	65.9024
3.8830	7.1873	0.2308	65.0674	65.8206
3.8835	7.1873	0.2276	64.3687	65.6863
3.8840	7.1872	0.2378	64.0576	65.9959
3.8845	7.1868	0.2317	63.4980	66.1435
3.8850	7.1875	0.2308	64.1804	65.9746
3.8855	7.1877	0.2273	64.7976	66.1252
3.8860	7.1870	0.2316	65.1816	65.9681
3.8865	7.1865	0.2369	65.2261	66.0236
3.8870	7.1859	0.2372	65.7952	66.1263
3.8875	7.1845	0.2523	66.4271	66.0132
3.8880	7.1835	0.2667	66.6178	65.5863
3.8885	7.1829	0.2719	66.4142	65.4658
3.8890	7.1812	0.2873	66.7793	65.3280
3.8895	7.1825	0.2775	67.0018	65.5263
3.8900	7.1824	0.2786	66.4060	65.8043
3.8905	7.1832	0.2697	66.2306	65.6489
3.8910	7.1850	0.2555	65.8471	65.6549
3.8915	7.1848	0.2472	66.1797	65.9052
3.8920	7.1846	0.2452	66.7549	66.0368
3.8925	7.1851	0.2484	66.7287	65.6279
3.8930	7.1852	0.2444	66.9909	65.4777
3.8935	7.1857	0.2492	67.4033	65.4638
3.8940	7.1850	0.2449	67.4994	65.3957
3.8945	7.1852	0.2501	67.1566	65.9565
3.8950	7.1852	0.2517	66.8226	66.1244
3.8955	7.1854	0.2514	66.6735	66.1229
3.8960	7.1854	0.2471	66.2989	66.3172
3.8965	7.1844	0.2613	65.4069	66.1260
3.8970	7.1835	0.2689	63.3217	65.9338
3.8975	7.1824	0.2732	63.3103	65.8102
3.8980	7.1829	0.2740	63.9127	65.6978
3.8985	7.1831	0.2743	64.1214	65.4874
3.8990	7.1834	0.2635	64.3102	65.5604
3.8995	7.1842	0.2574	64.8521	65.7795
3.9000	7.1839	0.2589	65.5512	65.9648
3.9005	7.1827	0.2723	65.8736	66.0177
3.9010	7.1826	0.2773	65.9537	65.8499
3.9015	7.1834	0.2664	66.2692	65.6660
3.9020	7.1852	0.2533	66.7662	65.6344
3.9025	7.1854	0.2455	66.9463	65.7174
3.9030	7.1864	0.2405	66.8367	65.5423
3.9035	7.1867	0.2297	66.1863	65.5355
3.9040	7.1868	0.2352	66.6588	65.7497
3.9045	7.1862	0.2318	66.4671	66.0517
3.9050	7.1855	0.2417	65.8199	66.1133
3.9055	7.1857	0.2484	66.2770	66.0264
3.9060	7.1840	0.2547	66.9284	65.9731
3.9065	7.1831	0.2722	67.2411	65.9808
3.9070	7.1833	0.2685	67.1602	66.2819
3.9075	7.1842	0.2629	67.0746	65.9489
3.9080	7.1849	0.2526	67.3955	65.9548
3.9085	7.1858	0.2419	67.2828	66.0938
3.9090	7.1872	0.2304	66.6802	66.0803
3.9095	7.1876	0.2302	65.9506	65.8602
3.9100	7.1879	0.2228	65.9219	65.8662
3.9105	7.1875	0.2291	64.2070	65.9271
3.9110	7.1872	0.2340	63.1029	65.9472
3.9115	7.1872	0.2313	63.3598	66.2104
3.9120	7.1866	0.2294	63.8958	65.7909
3.9125	7.1870	0.2305	64.6444	65.6168
3.9130	7.1871	0.2266	64.7622	65.6342
3.9135	7.1864	0.2401	64.9515	65.9643
3.9140	7.1848	0.2490	65.5211	65.6874
3.9145	7.1841	0.2600	66.2455	65.5455
3.9150	7.1831	0.2720	66.3747	65.5014
3.9155	7.1828	0.2748	66.3153	65.5969
3.9160	7.1828	0.2739	66.5852	66.1278
3.9165	7.1833	0.2709	67.1586	65.6014
3.9170	7.1853	0.2484	67.0587	65.4508
3.9175	7.1868	0.2344	66.3346	65.5904
3.9180	7.1873	0.2252	66.3672	65.8268
3.9185	7.1875	0.2234	66.3683	66.0434
3.9190	7.1873	0.2253	66.3105	66.0439
3.9195	7.1870	0.2331	66.5243	65.9457
3.9200	7.1861	0.2373	66.7957	65.8554
3.9205	7.1867	0.2388	67.3389	66.1671
3.9210	7.1859	0.2346	67.3436	65.8926
3.9215	7.1875	0.2265	67.1424	65.7686
3.9220	7.1867	0.2287	66.9165	65.7750
3.9225	7.1862	0.2384	66.9726	65.9685
3.9230	7.1857	0.2465	66.4884	65.8794
3.9235	7.1844	0.2557	65.8443	66.0760
3.9240	7.1841	0.2649	63.6073	66.0069
3.9245	7.1853	0.2552	63.0557	65.6671
3.9250	7.1862	0.2433	63.6345	65.6823
3.9255	7.1879	0.2237	63.7518	65.4511
3.9260	7.1884	0.2163	64.0223	65.3862
3.9265	7.1878	0.2238	64.6176	65.6366
3.9270	7.1874	0.2301	65.3075	65.8025
3.9275	7.1869	0.2323	65.4577	65.8008
3.9280	7.1866	0.2378	65.6761	66.1094
3.9285	7.1864	0.2370	66.1780	66.3361
3.9290	7.1867	0.2354	66.7090	66.0964
3.9295	7.1878	0.2235	66.6821	66.0822
3.9300	7.1881	0.2219	66.6090	65.8681
3.9305	7.1875	0.2236	66.7821	65.6846
3.9310	7.1858	0.2383	67.2615	65.8789
3.9315	7.1850	0.2511	66.7315	66.0543
3.9320	7.1838	0.2614	66.0173	66.1140
3.9325	7.1838	0.2649	65.9624	66.1275
3.9330	7.1855	0.2490	66.6644	66.3458
3.9335	7.1866	0.2318	67.3196	65.9614
3.9340	7.1879	0.2278	67.1891	65.8800
3.9345	7.1885	0.2112	67.1916	65.8855
3.9350	7.1884	0.2186	67.4196	65.6117
3.9355	7.1869	0.2316	67.6607	65.8777
3.9360	7.1867	0.2345	67.0392	65.6947
3.9365	7.1870	0.2310	66.5602	65.5967
3.9370	7.1865	0.2386	66.0050	65.5750
3.9375	7.1863	0.2420	65.2167	65.9569
3.9380	7.1864	0.2368	63.8434	65.6355
3.9385	7.1870	0.2358	62.8285	65.5376
3.9390	7.1879	0.2253	63.6784	65.6993
3.9395	7.1868	0.2275	64.2365	65.5477
3.9400	7.1855	0.2441	64.6361	65.9322
3.9405	7.1841	0.2567	64.5801	65.6518
3.9410	7.1831	0.2685	65.0664	65.5026
3.9415	7.1834	0.2658	65.8374	65.6935
3.9420	7.1845	0.2586	66.2180	66.0026
3.9425	7.1851	0.2538	66.0991	66.0152
3.9430	7.1859	0.2454	66.2353	65.9894
3.9435	7.1872	0.2313	66.8679	65.9055
3.9440	7.1875	0.2277	67.0643	65.6884
3.9445	7.1872	0.2266	66.8594	65.9986
3.9450	7.1872	0.2234	66.1448	65.8962
3.9455	7.1878	0.2289	65.6710	65.6324
3.9460	7.1874	0.2308	66.4164	65.8189
3.9465	7.1864	0.2369	66.5249	66.0072
3.9470	7.1861	0.2328	66.6717	65.8185
3.9475	7.1872	0.2316	67.1573	66.0701
3.9480	7.1868	0.2311	67.6295	66.0263
3.9485	7.1856	0.2467	67.4893	65.6402
3.9490	7.1848	0.2481	67.1952	65.5995
3.9495	7.1837	0.2611	67.2119	65.6020
3.9500	7.1838	0.2644	67.1246	65.5573
3.9505	7.1849	0.2582	66.5190	65.7953
3.9510	7.1851	0.2558	64.9943	66.0046
3.9515	7.1860	0.2377	64.5724	65.8301
3.9520	7.1876	0.2260	63.6279	65.9236
3.9525	7.1876	0.2231	63.5973	66.2086
3.9530	7.1882	0.2175	63.8032	65.9472
3.9535	7.1880	0.2218	64.2008	65.8927
3.9540	7.1878	0.2234	64.9283	65.8951
3.9545	7.1878	0.2225	65.1590	65.8915
3.9550	7.1881	0.2187	65.4495	66.0883
3.9555	7.1884	0.2148	65.8021	66.1943
3.9560	7.1884	0.2104	66.3442	66.1823
3.9565	7.1881	0.2186	66.4182	65.9728
3.9570	7.1881	0.2219	66.5486	66.2511
3.9575	7.1872	0.2256	66.5922	65.8857
3.9580	7.1862	0.2359	67.0928	65.7778
3.9585	7.1848	0.2541	66.4275	65.9176
3.9590	7.1858	0.2386	65.2973	66.0521
3.9595	7.1858	0.2440	65.7661	65.9686
3.9600	7.1857	0.2400	66.3573	65.8344
3.9605	7.1873	0.2301	66.9746	65.5398
3.9610	7.1880	0.2214	67.0515	65.4519
3.9615	7.1879	0.2246	67.1745	65.9051
3.9620	7.1873	0.2195	67.3516	65.4611
3.9625	7.1877	0.2229	67.5346	65.3994
3.9630	7.1872	0.2305	67.2358	65.6248
3.9635	7.1876	0.2264	66.8748	65.9751
3.9640	7.1867	0.2275	66.4632	65.9858
3.9645	7.1870	0.2286	66.1622	65.9457
3.9650	7.1865	0.2354	65.1496	65.6797
3.9655	7.1868	0.2343	64.1643	65.4887
3.9660	7.1860	0.2406	63.4201	66.0231
3.9665	7.1851	0.2479	63.7982	65.9699
3.9670	7.1846	0.2568	64.2663	65.8045
3.9675	7.1845	0.2590	64.4785	65.9523
3.9680	7.1854	0.2479	64.8605	66.0016
3.9685	7.1865	0.2384	65.4340	66.0424
3.9690	7.1868	0.2330	65.8171	65.9753
3.9695	7.1870	0.2305	66.0467	65.7082
3.9700	7.1875	0.2243	66.1868	65.6441
3.9705	7.1868	0.2264	66.5472	65.8372
3.9710	7.1882	0.2216	66.7515	65.7444
3.9715	7.1878	0.2249	66.9469	65.7672
3.9720	7.1886	0.2220	65.2354	65.9140
3.9725	7.1883	0.2160	65.1223	65.7043
3.9730	7.1879	0.2186	65.7987	65.6230
3.9735	7.1878	0.2213	66.1669	65.7634
3.9740	7.1878	0.2297	66.5901	65.7914
3.9745	7.1866	0.2312	66.9012	65.6140
3.9750	7.1850	0.2522	67.3921	65.7703
3.9755	7.1844	0.2552	67.3326	65.7321
3.9760	7.1836	0.2610	67.2313	65.8589
3.9765	7.1847	0.2605	67.1715	66.1786
3.9770	7.1853	0.2463	67.2323	66.0053
3.9775	7.1865	0.2352	66.6990	65.8643
3.9780	7.1874	0.2234	65.9978	65.9100
3.9785	7.1871	0.2289	65.2369	65.8780
3.9790	7.1867	0.2308	64.3320	65.7272
3.9795	7.1865	0.2328	64.1535	65.9565
3.9800	7.1864	0.2361	63.5382	66.2095
3.9805	7.1871	0.2296	63.9844	65.9989
3.9810	7.1884	0.2200	64.6230	66.1205
3.9815	7.1873	0.2322	65.1701	65.9745
3.9820	7.1867	0.2285	65.3225	65.9793
3.9825	7.1862	0.2395	65.6451	66.1123
3.9830	7.1839	0.2556	66.1809	66.0606
3.9835	7.1831	0.2684	66.6428	65.6543
3.9840	7.1820	0.2851	66.5622	65.5050
3.9845	7.1809	0.2981	66.6480	65.3548
3.9850	7.1815	0.2931	66.8026	65.4850
3.9855	7.1823	0.2790	66.3935	65.8413
3.9860	7.1820	0.2868	66.4531	65.6782
3.9865	7.1834	0.2645	65.8559	65.6190
3.9870	7.1844	0.2543	65.8768	65.8823
3.9875	7.1837	0.2581	66.6904	66.0793
3.9880	7.1845	0.2576	66.8882	65.6749
3.9885	7.1850	0.2532	66.9392	65.4823
3.9890	7.1848	0.2532	67.2053	65.5346
3.9895	7.1850	0.2483	67.4626	65.4088
3.9900	7.1849	0.2504	67.3908	65.8964
3.9905	7.1851	0.2498	66.8713	66.1783
3.9910	7.1851	0.2451	66.5804	66.1196
3.9915	7.1848	0.2517	66.2355	66.3292
3.9920	7.1841	0.2618	65.7946	66.1973
3.9925	7.1837	0.2648	63.7508	65.9396
3.9930	7.1832	0.2693	63.0758	65.8304
3.9935	7.1841	0.2682	63.7746	65.6791
3.9940	7.1843	0.2614	64.1112	65.4880
3.9945	7.1845	0.2564	64.3347	65.5078
3.9950	7.1850	0.2549	64.6547	65.7659
3.9955	7.1856	0.2452	65.3620	65.9930
3.9960	7.1841	0.2598	65.8450	66.0684
3.9965	7.1839	0.2670	66.0112	65.9019
3.9970	7.1856	0.2471	66.1444	65.6983
3.9975	7.1862	0.2404	66.6544	65.6279
3.9980	7.1870	0.2349	66.8905	65.6912
3.9985	7.1875	0.2275	66.9822	65.5513
3.9990	7.1879	0.2234	66.2118	65.4937
3.9995	7.1881	0.2222	66.4550	65.7119
4.0000	7.1886	0.2177	66.5572	66.0338
4.0005	7.1889	0.2192	65.8958	66.1502
4.0010	7.1877	0.2239	66.2035	66.0421
4.0015	7.1855	0.2425	66.7606	66.0056
4.0020	7.1849	0.2560	67.1553	65.9374
4.0025	7.1851	0.2548	67.2583	66.2703
4.0030	7.1855	0.2448	67.0759	65.9892
4.0035	7.1859	0.2430	67.2738	65.9039
4.0040	7.1870	0.2372	67.2672	66.0998
4.0045	7.1869	0.2238	66.9320	66.0786
4.0050	7.1879	0.2183	66.1015	65.9136
4.0055	7.1879	0.2163	65.8642	65.8223
4.0060	7.1878	0.2210	64.5492	65.9564
4.0065	7.1870	0.2295	63.2145	65.8837
4.0070	7.1876	0.2270	63.3860	66.2129
4.0075	7.1873	0.2321	63.7164	65.8293
4.0080	7.1870	0.2288	64.4840	65.6175
4.0085	7.1866	0.2351	64.7839	65.5878
4.0090	7.1858	0.2347	65.0567	65.9394
4.0095	7.1851	0.2543	65.3767	65.7481
4.0100	7.1836	0.2673	66.0163	65.5011
4.0105	7.1825	0.2823	66.3629	65.5407
4.0110	7.1820	0.2826	66.4438	65.5666
4.0115	7.1818	0.2801	66.5944	66.1136
4.0120	7.1825	0.2767	66.9557	65.6742
4.0125	7.1834	0.2656	67.0920	65.3916
4.0130	7.1857	0.2475	66.5359	65.5502
4.0135	7.1862	0.2368	66.3431	65.7196
4.0140	7.1866	0.2346	66.3451	66.0437
4.0145	7.1869	0.2329	66.2520	66.0228
4.0150	7.1868	0.2353	66.6147	65.9836
4.0155	7.1858	0.2469	66.7483	65.8172
4.0160	7.1852	0.2487	67.1891	66.1600
4.0165	7.1854	0.2509	67.3247	65.9151
4.0170	7.1863	0.2416	67.2620	65.7477
4.0175	7.1863	0.2413	66.9962	65.7418
4.0180	7.1862	0.2402	66.9355	65.8977
4.0185	7.1850	0.2469	66.3969	65.8672
4.0190	7.1841	0.2601	66.1259	66.0067
4.0195	7.1834	0.2682	64.1484	66.0742
4.0200	7.1846	0.2620	62.9438	65.7082
4.0205	7.1857	0.2506	63.4701	65.7365
4.0210	7.1870	0.2369	63.7174	65.5044
4.0215	7.1875	0.2242	64.0822	65.3814
4.0220	7.1873	0.2263	64.4417	65.5735
4.0225	7.1867	0.2325	65.1460	65.7862
4.0230	7.1862	0.2365	65.4767	65.7496
4.0235	7.1857	0.2399	65.7533	65.9922
4.0240	7.1856	0.2434	66.0467	66.2969
4.0245	7.1863	0.2400	66.5430	66.0915
4.0250	7.1869	0.2315	66.6632	66.0576
4.0255	7.1875	0.2253	66.7345	65.9414
4.0260	7.1873	0.2281	66.8138	65.7072
4.0265	7.1860	0.2362	67.1714	65.9117
4.0270	7.1849	0.2484	66.7353	66.0583
4.0275	7.1840	0.2607	66.0938	66.0954
4.0280	7.1841	0.2667	66.0789	66.0948
4.0285	7.1851	0.2514	66.5473	66.2933
4.0290	7.1866	0.2304	67.1797	65.9927
4.0295	7.1876	0.2234	67.2060	65.7670
4.0300	7.1892	0.2126	67.2188	65.9107
4.0305	7.1885	0.2150	67.3684	65.6016
4.0310	7.1876	0.2222	67.6225	65.8759
4.0315	7.1873	0.2316	67.2124	65.7429
4.0320	7.1874	0.2264	66.6939	65.6310
4.0325	7.1872	0.2245	66.1552	65.5576
4.0330	7.1871	0.2275	65.2646	65.9486
4.0335	7.1874	0.2282	64.0938	65.6816
4.0340	7.1872	0.2325	62.9425	65.4517
4.0345	7.1879	0.2170	63.6229	65.6390
4.0350	7.1871	0.2291	64.0781	65.4807
4.0355	7.1860	0.2461	64.5420	65.8946
4.0360	7.1848	0.2522	64.6627	65.7070
4.0365	7.1835	0.2677	65.0431	65.5336
4.0370	7.1837	0.2665	65.6905	65.6712
4.0375	7.1848	0.2549	66.1400	66.0001
4.0380	7.1859	0.2410	66.1734	66.0281
4.0385	7.1875	0.2256	66.2860	65.9533
4.0390	7.1887	0.2174	66.7464	65.9103
4.0395	7.1884	0.2149	66.9657	65.6040
4.0400	7.1879	0.2234	66.8914	65.9072
4.0405	7.1880	0.2229	66.4069	65.9298
4.0410	7.1882	0.2167	65.7142	65.6500
4.0415	7.1876	0.2199	66.2453	65.7664
4.0420	7.1878	0.2228	66.4424	66.0331
4.0425	7.1871	0.2304	66.6623	65.8273
4.0430	7.1874	0.2234	67.1699	66.0213
4.0435	7.1874	0.2222	67.5495	66.0623
4.0440	7.1858	0.2389	67.5225	65.6475
4.0445	7.1854	0.2472	67.2604	65.5384
4.0450	7.1840	0.2579	67.2981	65.5714
4.0455	7.1835	0.2693	67.0867	65.5143
4.0460	7.1838	0.2684	66.6115	65.7314
4.0465	7.1845	0.2565	65.2020	66.0007
4.0470	7.1859	0.2410	64.7890	65.8667
4.0475	7.1871	0.2348	63.7848	65.8795
4.0480	7.1874	0.2228	63.4117	66.1884
4.0485	7.1879	0.2184	63.8031	65.9785
4.0490	7.1886	0.2159	64.0992	65.8449
4.0495	7.1872	0.2293	64.8954	65.8633
4.0500	7.1876	0.2307	65.1593	65.8388
4.0505	7.1869	0.2295	65.3844	66.0215
4.0510	7.1873	0.2288	65.6644	66.1625
4.0515	7.1870	0.2295	66.3298	66.2477
4.0520	7.1861	0.2399	66.4979	66.0136
4.0525	7.1859	0.2400	66.5157	66.2551
4.0530	7.1852	0.2510	66.5378	65.9769
4.0535	7.1852	0.2536	67.0911	65.7343
4.0540	7.1828	0.2652	66.6956	65.8868
4.0545	7.1832	0.2674	65.3500	65.9726
4.0550	7.1840	0.2644	65.6417	65.9434
4.0555	7.1840	0.2547	66.2817	65.8063
4.0560	7.1851	0.2500	67.0194	65.5902
4.0565	7.1864	0.2376	67.0313	65.3766
4.0570	7.1864	0.2345	67.1191	65.9138
4.0575	7.1865	0.2380	67.3290	65.5821
4.0580	7.1864	0.2366	67.6415	65.3843
4.0585	7.1864	0.2376	67.3830	65.5733
4.0590	7.1859	0.2393	66.9066	65.8989
4.0595	7.1859	0.2422	66.4610	65.9561
4.0600	7.1859	0.2435	66.3124	65.8876
4.0605	7.1858	0.2422	65.3811	65.7452
4.0610	7.1859	0.2399	64.3115	65.4509
4.0615	7.1855	0.2434	63.4716	65.9462
4.0620	7.1855	0.2502	63.7958	66.0193
4.0625	7.1848	0.2531	64.2521	65.8051
4.0630	7.1846	0.2567	64.3574	65.9423
4.0635	7.1860	0.2499	64.7674	66.0018
4.0640	7.1862	0.2375	65.4966	66.0106
4.0645	7.1869	0.2346	65.8664	65.9784
4.0650	7.1869	0.2319	65.9409	65.6948
4.0655	7.1873	0.2242	66.0799	65.6009
4.0660	7.1870	0.2328	66.6353	65.7837
4.0665	7.1876	0.2223	66.7606	65.7598
4.0670	7.1874	0.2259	66.9336	65.7455
4.0675	7.1879	0.2199	65.4113	65.9309
4.0680	7.1877	0.2251	65.1063	65.7581
4.0685	7.1870	0.2258	65.9156	65.6104
4.0690	7.1873	0.2260	65.9697	65.7185
4.0695	7.1874	0.2264	66.4400	65.7465
4.0700	7.1861	0.2397	66.9014	65.5776
4.0705	7.1850	0.2479	67.4845	65.7199
4.0710	7.1848	0.2546	67.3174	65.7348
4.0715	7.1842	0.2590	67.1905	65.7947
4.0720	7.1849	0.2555	67.2634	66.1547
4.0725	7.1855	0.2475	67.3401	66.0687
4.0730	7.1865	0.2364	66.7799	65.8768
4.0735	7.1877	0.2319	65.9915	65.8967
4.0740	7.1873	0.2249	65.4540	65.8948
4.0745	7.1869	0.2270	64.5340	65.7480
4.0750	7.1873	0.2330	64.1774	65.8831
4.0755	7.1869	0.2289	63.4951	66.2024
4.0760	7.1876	0.2275	63.9308	65.9930
4.0765	7.1874	0.2211	64.6784	66.0877
4.0770	7.1874	0.2237	65.0913	65.9956
4.0775	7.1870	0.2311	65.1568	65.9552
4.0780	7.1872	0.2292	65.5513	66.0894
4.0785	7.1853	0.2458	66.3059	66.0942
4.0790	7.1840	0.2630	66.5968	65.7363
4.0795	7.1829	0.2691	66.4723	65.4953
4.0800	7.1815	0.2896	66.5505	65.3892
4.0805	7.1810	0.2850	67.0247	65.4249
4.0810	7.1825	0.2769	66.5691	65.8061
4.0815	7.1821	0.2815	66.2995	65.7142
4.0820	7.1833	0.2700	65.9118	65.6069
4.0825	7.1847	0.2599	65.8941	65.8157
4.0830	7.1843	0.2590	66.6315	66.0811
4.0835	7.1849	0.2574	66.8845	65.7673
4.0840	7.1849	0.2561	66.9153	65.4700
4.0845	7.1851	0.2555	67.1590	65.4879
4.0850	7.1854	0.2514	67.4514	65.3399
4.0855	7.1847	0.2529	67.4276	65.7694
4.0860	7.1847	0.2543	66.9536	66.1672
4.0865	7.1846	0.2531	66.6666	66.0958
4.0870	7.1846	0.2531	66.2839	66.2855
4.0875	7.1834	0.2641	65.9835	66.2302
4.0880	7.1830	0.2698	64.0647	65.9866
4.0885	7.1823	0.2811	62.9968	65.8376
4.0890	7.1821	0.2774	63.7236	65.7292
4.0895	7.1829	0.2707	64.0733	65.5338
4.0900	7.1833	0.2722	64.3524	65.4835
4.0905	7.1841	0.2614	64.5835	65.7342
4.0910	7.1844	0.2575	65.2808	65.9297
4.0915	7.1833	0.2660	65.7886	66.0394
4.0920	7.1825	0.2773	66.0457	65.9299
4.0925	7.1834	0.2710	66.0781	65.7292
4.0930	7.1848	0.2528	66.5746	65.6133
4.0935	7.1855	0.2469	66.9113	65.7105
4.0940	7.1862	0.2354	67.0766	65.6097
4.0945	7.1861	0.2381	66.2774	65.5032
4.0950	7.1859	0.2360	66.3085	65.6825
4.0955	7.1862	0.2402	66.6886	65.9927
4.0960	7.1858	0.2435	66.0271	66.1827
4.0965	7.1855	0.2458	66.1167	66.0778
4.0970	7.1848	0.2540	66.6110	66.0227
4.0975	7.1833	0.2714	67.1346	65.8920
4.0980	7.1831	0.2685	67.3500	66.1724
4.0985	7.1837	0.2652	67.1126	66.0380
4.0990	7.1846	0.2599	67.1473	65.8474
4.0995	7.1858	0.2469	67.2371	66.0993
4.1000	7.1869	0.2302	67.1110	66.1025
4.1005	7.1877	0.2274	66.2296	66.0063
4.1010	7.1877	0.2213	65.8048	65.8399
4.1015	7.1876	0.2272	64.7973	65.9969
4.1020	7.1871	0.2292	63.2959	65.8847
4.1025	7.1872	0.2285	63.4077	66.2116
4.1030	7.1871	0.2343	63.5713	65.9257
4.1035	7.1869	0.2318	64.2884	65.6216
4.1040	7.1868	0.2328	64.7864	65.5839
4.1045	7.1864	0.2320	65.0515	65.8727
4.1050	7.1853	0.2498	65.2028	65.8587
4.1055	7.1848	0.2575	65.9422	65.5342
4.1060	7.1837	0.2639	66.4394	65.5978
4.1065	7.1823	0.2748	66.3754	65.5170
4.1070	7.1829	0.2730	66.4108	66.0716
4.1075	7.1833	0.2666	66.8882	65.8220
4.1080	7.1846	0.2583	67.2364	65.4088
4.1085	7.1867	0.2343	66.6327	65.5807
4.1090	7.1873	0.2251	66.2400	65.7392
4.1095	7.1875	0.2253	66.3856	66.0584
4.1100	7.1882	0.2267	66.2526	66.0405
4.1105	7.1872	0.2279	66.5460	66.0404
4.1110	7.1866	0.2361	66.6271	65.7842
4.1115	7.1862	0.2420	67.0946	66.0791
4.1120	7.1865	0.2369	67.4054	66.0245
4.1125	7.1867	0.2334	67.3453	65.7779
4.1130	7.1873	0.2281	66.9302	65.7524
4.1135	7.1864	0.2382	66.8991	65.9592
4.1140	7.1858	0.2401	66.5821	65.9826
4.1145	7.1847	0.2548	66.3123	66.0090
4.1150	7.1843	0.2661	64.4339	66.1235
4.1155	7.1845	0.2601	62.8250	65.7352
4.1160	7.1853	0.2449	63.4874	65.6912
4.1165	7.1865	0.2382	63.7657	65.5485
4.1170	7.1875	0.2287	64.0114	65.3628
4.1175	7.1877	0.2292	64.2559	65.5459
4.1180	7.1868	0.2337	65.0810	65.8257
4.1185	7.1864	0.2347	65.5381	65.8315
4.1190	7.1855	0.2425	65.7214	66.0014
4.1195	7.1858	0.2485	65.8725	66.3362
4.1200	7.1856	0.2431	66.4650	66.1494
4.1205	7.1860	0.2385	66.7580	66.0311
4.1210	7.1869	0.2346	66.7748	65.9972
4.1215	7.1867	0.2342	66.6611	65.7212
4.1220	7.1859	0.2437	67.0563	65.8737
4.1225	7.1847	0.2520	66.9352	66.0567
4.1230	7.1841	0.2616	66.2124	66.1174
4.1235	7.1833	0.2678	66.0320	66.0964
4.1240	7.1839	0.2611	66.3799	66.3089
4.1245	7.1863	0.2425	67.1360	66.1193
4.1250	7.1872	0.2295	67.2612	65.7933
4.1255	7.1887	0.2173	67.1320	65.9564
4.1260	7.1873	0.2237	67.2621	65.6275
4.1265	7.1859	0.2403	67.5467	65.8641
4.1270	7.1855	0.2434	67.4838	65.8051
4.1275	7.1859	0.2404	66.8482	65.6597
4.1280	7.1864	0.2392	66.1470	65.5477
4.1285	7.1856	0.2447	65.1453	65.8784
4.1290	7.1861	0.2413	64.4169	65.7871
4.1295	7.1859	0.2436	63.2294	65.4385
4.1300	7.1870	0.2331	63.4432	65.7050
4.1305	7.1871	0.2285	63.8022	65.4944
4.1310	7.1853	0.2434	64.4511	65.8166
4.1315	7.1843	0.2564	64.8921	65.7963
4.1320	7.1829	0.2714	64.9867	65.5384
4.1325	7.1831	0.2697	65.3065	65.6558
4.1330	7.1841	0.2582	66.0095	65.9861
4.1335	7.1858	0.2449	66.4922	66.0702
4.1340	7.1876	0.2286	66.3746	65.9444
4.1345	7.1883	0.2205	66.3527	65.9518
4.1350	7.1881	0.2154	66.7693	65.6377
4.1355	7.1877	0.2203	67.2108	65.8806
4.1360	7.1882	0.2204	66.8470	65.9912
4.1365	7.1882	0.2183	65.4919	65.6976
4.1370	7.1879	0.2216	65.8417	65.7317
4.1375	7.1877	0.2222	66.6502	66.0503
4.1380	7.1867	0.2313	66.8775	65.8767
4.1385	7.1871	0.2280	66.9266	65.9880
4.1390	7.1877	0.2266	67.2016	66.1233
4.1395	7.1858	0.2373	67.6903	65.7187
4.1400	7.1853	0.2469	67.5851	65.5403
4.1405	7.1844	0.2579	67.2066	65.5886
4.1410	7.1837	0.2697	66.7698	65.5316
4.1415	7.1836	0.2600	66.8312	65.7168
4.1420	7.1846	0.2523	65.7562	65.9981
4.1425	7.1856	0.2458	64.8231	65.9308
4.1430	7.1870	0.2358	63.7143	65.8695
4.1435	7.1870	0.2252	63.3029	66.1784
4.1440	7.1870	0.2268	64.1188	66.0714
4.1445	7.1879	0.2259	64.0409	65.8662
4.1450	7.1872	0.2252	64.4818	65.9005
4.1455	7.1875	0.2304	65.0342	65.8222
4.1460	7.1874	0.2207	65.6556	66.0161
4.1465	7.1880	0.2235	65.6803	66.1433
4.1470	7.1884	0.2182	65.8987	66.2554
4.1475	7.1876	0.2229	66.3202	66.0155
4.1480	7.1874	0.2266	66.8205	66.2289
4.1485	7.1865	0.2284	66.7225	66.0779
4.1490	7.1866	0.2345	66.6703	65.7394
4.1495	7.1846	0.2503	66.6414	65.9120
4.1500	7.1851	0.2512	65.6553	65.9744
4.1505	7.1858	0.2439	65.8043	65.9827
4.1510	7.1863	0.2368	65.9927	65.8020
4.1515	7.1868	0.2344	66.6612	65.6121
4.1520	7.1873	0.2231	67.1951	65.3166
4.1525	7.1879	0.2195	67.3364	65.8564
4.1530	7.1871	0.2278	67.1798	65.6604
4.1535	7.1877	0.2264	67.3203	65.3841
4.1540	7.1866	0.2289	67.5037	65.5754
4.1545	7.1868	0.2354	67.2768	65.8927
4.1550	7.1868	0.2378	66.5123	66.0068
4.1555	7.1860	0.2335	66.0654	65.9234
4.1560	7.1862	0.2399	65.5009	65.7516
4.1565	7.1859	0.2358	64.7829	65.4135
4.1570	7.1858	0.2467	63.6976	65.8397
4.1575	7.1850	0.2484	63.3501	66.0476
4.1580	7.1845	0.2540	64.1113	65.8129
4.1585	7.1838	0.2601	64.6077	65.9257
4.1590	7.1844	0.2534	64.8594	66.0095
4.1595	7.1852	0.2441	65.0596	66.0403
4.1600	7.1860	0.2432	65.5742	66.0270
4.1605	7.1866	0.2384	66.2018	65.7760
4.1610	7.1874	0.2281	66.2576	65.6201
4.1615	7.1870	0.2321	66.3414	65.7939
4.1620	7.1877	0.2228	66.4480	65.8082
4.1625	7.1875	0.2292	67.1611	65.6952
4.1630	7.1874	0.2246	66.0450	65.8986
4.1635	7.1877	0.2248	64.7841	65.7738
4.1640	7.1873	0.2293	65.5132	65.6376
4.1645	7.1874	0.2282	66.0677	65.7221
4.1650	7.1867	0.2303	66.7477	65.8169
4.1655	7.1862	0.2360	66.7422	65.6412
4.1660	7.1855	0.2478	67.0275	65.7264
4.1665	7.1846	0.2584	67.3711	65.7634
4.1670	7.1837	0.2638	67.5525	65.7554
4.1675	7.1843	0.2626	67.2695	66.0896
4.1680	7.1841	0.2544	67.0174	66.0819
4.1685	7.1859	0.2455	66.8490	65.8635
4.1690	7.1870	0.2328	66.3879	65.9155
4.1695	7.1874	0.2287	65.7302	65.9758
4.1700	7.1875	0.2299	64.3278	65.8198
4.1705	7.1866	0.2315	64.1024	65.8505
4.1710	7.1868	0.2359	63.8615	66.2220
4.1715	7.1866	0.2361	63.9804	66.0383
4.1720	7.1876	0.2260	64.3338	66.0629
4.1725	7.1872	0.2272	64.7674	66.0126
4.1730	7.1869	0.2332	65.4622	65.9293
4.1735	7.1865	0.2325	65.7486	66.0641
4.1740	7.1850	0.2440	65.9150	66.1190
4.1745	7.1835	0.2644	66.2441	65.8033
4.1750	7.1831	0.2697	66.7647	65.5277
4.1755	7.1815	0.2855	66.8571	65.4644
4.1760	7.1820	0.2907	66.8153	65.4039
4.1765	7.1826	0.2812	66.2152	65.7856
4.1770	7.1825	0.2753	66.4716	65.7499
4.1775	7.1838	0.2606	66.4167	65.5965
4.1780	7.1853	0.2493	65.7151	65.7360
4.1785	7.1851	0.2499	66.2115	66.0214
4.1790	7.1853	0.2460	66.8844	65.8094
4.1795	7.1853	0.2455	67.2112	65.4820
4.1800	7.1851	0.2496	67.1686	65.4715
4.1805	7.1853	0.2442	67.1052	65.3414
4.1810	7.1852	0.2527	67.3726	65.7290
4.1815	7.1852	0.2492	67.2970	66.1957
4.1820	7.1853	0.2428	66.8708	66.1217
4.1825	7.1855	0.2428	66.0872	66.2619
4.1830	7.1849	0.2482	65.9297	66.2652
4.1835	7.1842	0.2615	64.6859	65.9794
4.1840	7.1834	0.2714	63.1638	65.8144
4.1845	7.1835	0.2685	63.4344	65.7205
4.1850	7.1843	0.2602	63.8048	65.5641
4.1855	7.1844	0.2589	64.4580	65.4797
4.1860	7.1849	0.2527	64.7444	65.7147
4.1865	7.1854	0.2494	65.0924	65.9541
4.1870	7.1846	0.2579	65.4736	66.0776
4.1875	7.1829	0.2682	66.0752	65.9652
4.1880	7.1842	0.2635	66.3096	65.7424
4.1885	7.1853	0.2451	66.4982	65.6093
4.1890	7.1862	0.2389	66.6166	65.6461
4.1895	7.1870	0.2305	67.0939	65.6064
4.1900	7.1871	0.2284	66.6526	65.4582
4.1905	7.1880	0.2228	66.2618	65.6236
4.1910	7.1882	0.2242	66.5592	65.9378
4.1915	7.1877	0.2199	66.1082	66.1668
4.1920	7.1871	0.2338	66.2522	66.0745
4.1925	7.1860	0.2365	66.5535	66.0458
4.1930	7.1842	0.2570	66.8911	65.9121
4.1935	7.1841	0.2626	67.3402	66.1648
4.1940	7.1848	0.2570	67.3207	66.1144
4.1945	7.1851	0.2499	67.2288	65.8179
4.1950	7.1869	0.2413	67.1238	66.0566
4.1955	7.1877	0.2235	67.0755	66.0601
4.1960	7.1881	0.2157	66.5201	65.9844
4.1965	7.1885	0.2187	65.9779	65.7792
4.1970	7.1881	0.2165	65.0279	65.9814
4.1975	7.1875	0.2262	63.3045	65.8772
4.1980	7.1877	0.2241	63.4548	66.1879
4.1985	7.1870	0.2277	63.6798	66.0141
4.1990	7.1871	0.2334	64.1476	65.6391
4.1995	7.1869	0.2327	64.6315	65.5855
4.2000	7.1861	0.2355	65.0620	65.7993
4.2005	7.1855	0.2505	65.3511	65.8803
4.2010	7.1837	0.2604	65.7883	65.4708
4.2015	7.1828	0.2791	66.2249	65.5605
4.2020	7.1823	0.2869	66.5187	65.4783
4.2025	7.1824	0.2809	66.6164	66.0085
4.2030	7.1825	0.2806	66.7020	65.9152
4.2035	7.1827	0.2685	67.0364	65.4300
4.2040	7.1857	0.2508	66.8544	65.5650
4.2045	7.1864	0.2320	66.5108	65.6433
4.2050	7.1867	0.2358	66.3355	66.0186
4.2055	7.1866	0.2313	66.0079	65.9979
4.2060	7.1861	0.2393	66.5643	66.0220
4.2065	7.1856	0.2451	66.8724	65.7460
4.2070	7.1853	0.2534	67.0353	66.0236
4.2075	7.1856	0.2517	67.1427	66.0469
4.2080	7.1861	0.2402	67.3358	65.7880
4.2085	7.1863	0.2408	67.2262	65.7680
4.2090	7.1861	0.2428	66.9972	65.9188
4.2095	7.1859	0.2439	66.4343	66.0246
4.2100	7.1845	0.2549	66.2447	65.9570
4.2105	7.1832	0.2658	65.0603	66.1351
4.2110	7.1835	0.2655	63.0795	65.7628
4.2115	7.1851	0.2526	63.1946	65.6691
4.2120	7.1856	0.2452	63.5033	65.5668
4.2125	7.1871	0.2331	64.1335	65.3532
4.2130	7.1868	0.2248	64.4409	65.4988
4.2135	7.1868	0.2329	64.9023	65.7980
4.2140	7.1869	0.2275	65.3133	65.8718
4.2145	7.1862	0.2334	65.7249	65.9714
4.2150	7.1861	0.2366	65.9614	66.3139
4.2155	7.1864	0.2361	66.3869	66.1757
4.2160	7.1868	0.2337	66.6414	66.0114
4.2165	7.1875	0.2189	66.8065	66.0064
4.2170	7.1877	0.2225	66.7967	65.6846
4.2175	7.1865	0.2295	67.0251	65.8053
4.2180	7.1854	0.2519	66.9080	66.0221
4.2185	7.1849	0.2567	66.2760	66.1342
4.2190	7.1839	0.2652	66.1298	66.1224
4.2195	7.1849	0.2516	66.3424	66.2781
4.2200	7.1875	0.2293	66.9542	66.1972
4.2205	7.1880	0.2145	67.2535	65.7591
4.2210	7.1890	0.2101	67.2361	65.9341
4.2215	7.1887	0.2116	67.3133	65.6516
4.2220	7.1877	0.2177	67.5348	65.8069
4.2225	7.1874	0.2296	67.4585	65.8049
4.2230	7.1879	0.2257	66.8379	65.6487
4.2235	7.1877	0.2216	66.3734	65.5657
4.2240	7.1873	0.2311	65.3700	65.8172
4.2245	7.1872	0.2279	64.5724	65.8848
4.2250	7.1871	0.2320	63.2413	65.4433
4.2255	7.1878	0.2241	63.3483	65.7008
4.2260	7.1885	0.2193	63.9154	65.5108
4.2265	7.1863	0.2413	64.3592	65.7289
4.2270	7.1850	0.2480	64.6971	65.8097
4.2275	7.1835	0.2679	64.9390	65.4814
4.2280	7.1835	0.2721	65.4758	65.5980
4.2285	7.1841	0.2579	66.0131	65.8589
4.2290	7.1853	0.2505	66.2502	66.0606
4.2295	7.1869	0.2303	66.2674	65.9363
4.2300	7.1874	0.2249	66.5286	65.9887
4.2305	7.1879	0.2154	66.9132	65.6854
4.2310	7.1881	0.2206	67.0042	65.8292
4.2315	7.1878	0.2183	66.8308	65.9889
4.2320	7.1880	0.2207	65.7872	65.7059
4.2325	7.1875	0.2189	65.9036	65.6331
4.2330	7.1868	0.2284	66.4780	65.9889
4.2335	7.1870	0.2346	66.6594	65.8904
4.2340	7.1871	0.2353	67.0617	65.9174
4.2345	7.1876	0.2216	67.3584	66.1373
4.2350	7.1860	0.2368	67.5372	65.7704
4.2355	7.1851	0.2474	67.3804	65.5405
4.2360	7.1845	0.2577	67.3717	65.5838
4.2365	7.1834	0.2655	67.0447	65.5171
4.2370	7.1838	0.2635	66.7723	65.6487
4.2375	7.1842	0.2549	65.7583	65.9573
4.2380	7.1854	0.2474	64.9474	65.9225
4.2385	7.1865	0.2355	64.0665	65.7981
4.2390	7.1872	0.2278	63.1997	66.1285
4.2395	7.1876	0.2186	63.8717	66.0897
4.2400	7.1889	0.2152	64.0643	65.8358
4.2405	7.1873	0.2281	64.6178	65.8896
4.2410	7.1875	0.2320	64.9829	65.8154
4.2415	7.1894	0.2063	65.3844	65.9852
4.2420	7.1903	0.1981	65.6299	66.1188
4.2425	7.1914	0.1844	66.0690	66.2262
4.2430	7.1917	0.1878	66.4108	66.0127
4.2435	7.1903	0.1983	66.5766	66.1188
4.2440	7.1894	0.2043	66.6392	66.1174
4.2445	7.1878	0.2225	66.8002	65.7242
4.2450	7.1862	0.2331	66.8894	65.8948
4.2455	7.1850	0.2547	65.6463	66.0241
4.2460	7.1852	0.2481	65.6134	66.0949
4.2465	7.1857	0.2449	66.1038	65.8635
4.2470	7.1864	0.2342	66.6459	65.7320
4.2475	7.1874	0.2228	67.0421	65.3142
4.2480	7.1879	0.2233	67.2243	65.7412
4.2485	7.1872	0.2230	67.2781	65.7044
4.2490	7.1876	0.2283	67.4678	65.3020
4.2495	7.1867	0.2339	67.4384	65.4960
4.2500	7.1869	0.2334	67.1210	65.8090
4.2505	7.1869	0.2307	66.6625	66.0218
4.2510	7.1868	0.2332	66.2690	65.9403
4.2515	7.1865	0.2358	65.6013	65.8767
4.2520	7.1862	0.2396	64.7446	65.4750
4.2525	7.1862	0.2393	63.8240	65.7662
4.2530	7.1863	0.2377	63.4596	66.0664
4.2535	7.1861	0.2410	64.0518	65.8008
4.2540	7.1851	0.2463	64.3987	65.8284
4.2545	7.1862	0.2399	64.7724	65.9604
4.2550	7.1870	0.2344	65.1779	65.9767
4.2555	7.1878	0.2259	65.5776	66.0277
4.2560	7.1874	0.2314	65.9956	65.8250
4.2565	7.1878	0.2204	66.1317	65.6524
4.2570	7.1878	0.2268	66.3750	65.7884
4.2575	7.1883	0.2181	66.5765	65.7982
4.2580	7.1880	0.2225	67.0783	65.7210
4.2585	7.1884	0.2158	66.1083	65.8933
4.2590	7.1881	0.2183	64.7791	65.8211
4.2595	7.1877	0.2245	65.6464	65.5954
4.2600	7.1873	0.2237	66.0147	65.6475
4.2605	7.1870	0.2314	66.4522	65.7453
4.2610	7.1867	0.2344	66.6698	65.6254
4.2615	7.1855	0.2463	67.2249	65.6951
4.2620	7.1855	0.2534	67.4300	65.7978
4.2625	7.1843	0.2574	67.3246	65.7728
4.2630	7.1852	0.2540	67.1869	66.0887
4.2635	7.1852	0.2537	67.1902	66.1495
4.2640	7.1859	0.2378	67.0637	65.8903
4.2645	7.1869	0.2320	66.3145	65.8761
4.2650	7.1874	0.2262	65.6700	65.8898
4.2655	7.1871	0.2295	64.5936	65.7900
4.2660	7.1870	0.2293	64.2770	65.7667
4.2665	7.1868	0.2306	63.8551	66.1827
4.2670	7.1869	0.2314	63.6773	66.0846
4.2675	7.1877	0.2239	64.3386	66.0678
4.2680	7.1875	0.2222	64.9414	66.0917
4.2685	7.1865	0.2362	65.3787	65.9344
4.2690	7.1869	0.2352	65.4449	66.0745
4.2695	7.1853	0.2475	65.8988	66.1279
4.2700	7.1834	0.2697	66.4363	65.8648
4.2705	7.1825	0.2755	66.7699	65.4896
4.2710	7.1807	0.2874	66.5349	65.4441
4.2715	7.1807	0.3036	66.7871	65.3145
4.2720	7.1816	0.2879	66.4283	65.7283
4.2725	7.1811	0.2870	66.4988	65.8192
4.2730	7.1821	0.2809	66.2626	65.6411
4.2735	7.1842	0.2688	65.5719	65.7612
4.2740	7.1841	0.2575	66.3016	66.0702
4.2745	7.1839	0.2665	66.9832	65.9212
4.2750	7.1837	0.2590	66.9709	65.4744
4.2755	7.1842	0.2582	66.9696	65.5058
4.2760	7.1845	0.2527	67.2356	65.3575
4.2765	7.1843	0.2582	67.5556	65.5768
4.2770	7.1840	0.2595	67.2130	66.1515
4.2775	7.1839	0.2664	66.6460	66.1588
4.2780	7.1839	0.2579	66.2489	66.2768
4.2785	7.1837	0.2640	66.1687	66.3713
4.2790	7.1829	0.2744	64.9300	66.0755
4.2795	7.1818	0.2776	63.0179	65.8834
4.2800	7.1821	0.2856	63.3770	65.7666
4.2805	7.1826	0.2785	63.9445	65.5688
4.2810	7.1831	0.2714	64.4038	65.4415
4.2815	7.1836	0.2623	64.4859	65.6254
4.2820	7.1847	0.2565	64.9511	65.8573
4.2825	7.1846	0.2580	65.5989	66.0529
4.2830	7.1824	0.2744	66.1144	65.9906
4.2835	7.1832	0.2720	66.0906	65.8097
4.2840	7.1849	0.2574	66.3243	65.6501
4.2845	7.1861	0.2486	66.7371	65.7038
4.2850	7.1868	0.2307	67.1387	65.6596
4.2855	7.1873	0.2296	66.6257	65.4659
4.2860	7.1876	0.2258	66.0679	65.5961
4.2865	7.1875	0.2219	66.6378	65.8578
4.2870	7.1876	0.2249	66.2441	66.1379
4.2875	7.1867	0.2272	66.0664	66.0835
4.2880	7.1862	0.2399	66.4190	66.0451
4.2885	7.1843	0.2596	66.8957	65.9378
4.2890	7.1844	0.2603	67.3694	66.1580
4.2895	7.1865	0.2381	67.2841	66.2433
4.2900	7.1868	0.2304	67.0987	65.8749
4.2905	7.1875	0.2310	67.1862	66.0719
4.2910	7.1892	0.2070	67.2031	66.0701
4.2915	7.1896	0.2073	66.5743	66.0163
4.2920	7.1892	0.2039	65.8837	65.7634
4.2925	7.1887	0.2103	65.2444	65.9608
4.2930	7.1883	0.2173	63.4960	65.8936
4.2935	7.1879	0.2213	63.4011	66.1359
4.2940	7.1878	0.2242	63.5198	66.1411
4.2945	7.1878	0.2256	63.9982	65.7301
4.2950	7.1877	0.2248	64.6147	65.6277
4.2955	7.1868	0.2286	65.0323	65.7759
4.2960	7.1859	0.2422	65.2541	65.9386
4.2965	7.1850	0.2472	65.6204	65.5375
4.2970	7.1835	0.2635	66.1476	65.5634
4.2975	7.1828	0.2701	66.5336	65.4449
4.2980	7.1825	0.2779	66.5948	65.9109
4.2985	7.1835	0.2734	66.6341	66.0376
4.2990	7.1835	0.2655	66.9958	65.4848
4.2995	7.1861	0.2443	66.8876	65.5699
4.3000	7.1872	0.2270	66.5051	65.6784
4.3005	7.1875	0.2298	66.4103	66.0038
4.3010	7.1881	0.2181	66.0117	66.0246
4.3015	7.1877	0.2290	66.4800	66.0250
4.3020	7.1872	0.2317	66.8431	65.7802
4.3025	7.1865	0.2341	66.9494	65.9382
4.3030	7.1867	0.2328	67.1296	66.1225
4.3035	7.1871	0.2284	67.3636	65.8345
4.3040	7.1878	0.2227	67.2680	65.8234
4.3045	7.1865	0.2298	66.9572	65.8955
4.3050	7.1861	0.2354	66.5230	65.9851
4.3055	7.1850	0.2470	66.3591	65.9438
4.3060	7.1839	0.2596	65.3953	66.1372
4.3065	7.1841	0.2625	63.0805	65.8292
4.3070	7.1850	0.2491	63.1136	65.6640
4.3075	7.1865	0.2426	63.5588	65.6138
4.3080	7.1878	0.2264	64.1195	65.3922
4.3085	7.1881	0.2222	64.2906	65.4941
4.3090	7.1871	0.2345	64.7475	65.7634
4.3095	7.1860	0.2382	65.2849	65.8648
4.3100	7.1860	0.2393	65.7503	65.9341
4.3105	7.1849	0.2525	65.9288	66.2903
4.3110	7.1850	0.2530	66.2070	66.2395
4.3115	7.1856	0.2478	66.5555	66.0289
4.3120	7.1862	0.2381	66.8588	66.0448
4.3125	7.1867	0.2324	66.8402	65.7383
4.3130	7.1863	0.2361	66.9004	65.7699
4.3135	7.1850	0.2544	66.8986	66.0084
4.3140	7.1844	0.2587	66.3704	66.1440
4.3145	7.1831	0.2736	66.1821	66.1336
4.3150	7.1837	0.2694	66.2180	66.2516
4.3155	7.1856	0.2492	66.7712	66.2941
4.3160	7.1863	0.2347	67.2278	65.8255
4.3165	7.1870	0.2335	67.3463	65.9790
4.3170	7.1868	0.2314	67.3260	65.7242
4.3175	7.1853	0.2426	67.3547	65.7688
4.3180	7.1852	0.2447	67.4836	65.8464
4.3185	7.1855	0.2486	67.0048	65.6591
4.3190	7.1857	0.2410	66.4692	65.5509
4.3195	7.1855	0.2471	65.4148	65.7272
4.3200	7.1858	0.2469	64.7352	65.9552
4.3205	7.1859	0.2414	63.4413	65.4550
4.3210	7.1863	0.2378	63.2641	65.7129
4.3215	7.1871	0.2255	63.6788	65.5713
4.3220	7.1857	0.2390	64.1953	65.7861
4.3225	7.1852	0.2531	64.7916	65.9237
4.3230	7.1835	0.2691	65.0044	65.5263
4.3235	7.1830	0.2703	65.3207	65.6023
4.3240	7.1845	0.2607	65.7653	65.7898
4.3245	7.1855	0.2496	66.2438	66.0505
4.3250	7.1868	0.2344	66.4453	65.9523
4.3255	7.1880	0.2178	66.4612	66.0144
4.3260	7.1890	0.2157	66.6975	65.7485
4.3265	7.1882	0.2130	66.9619	65.7535
4.3270	7.1882	0.2185	67.0885	66.0285
4.3275	7.1886	0.2153	65.9189	65.7712
4.3280	7.1887	0.2155	65.5884	65.6305
4.3285	7.1883	0.2138	66.3480	65.9433
4.3290	7.1880	0.2203	66.8051	65.9115
4.3295	7.1882	0.2147	67.0680	65.8822
4.3300	7.1894	0.2127	67.1343	66.1173
4.3305	7.1876	0.2242	67.4591	65.8277
4.3310	7.1867	0.2302	67.5542	65.5580
4.3315	7.1853	0.2413	67.4409	65.6171
4.3320	7.1839	0.2606	66.9396	65.5852
4.3325	7.1842	0.2590	66.7792	65.6406
4.3330	7.1845	0.2564	66.0496	65.9530
4.3335	7.1853	0.2487	65.0498	65.9768
4.3340	7.1868	0.2332	64.1390	65.7964
4.3345	7.1874	0.2245	63.0949	66.0736
4.3350	7.1876	0.2274	63.9052	66.1344
4.3355	7.1876	0.2189	64.1171	65.8543
4.3360	7.1873	0.2237	64.3906	65.9011
4.3365	7.1871	0.2243	64.7600	65.8474
4.3370	7.1892	0.2125	65.3925	65.9702
4.3375	7.1910	0.1922	65.7932	66.1020
4.3380	7.1919	0.1823	65.9334	66.2223
4.3385	7.1914	0.1838	66.1827	66.0472
4.3390	7.1905	0.1902	66.5721	66.0687
4.3395	7.1896	0.2016	66.8019	66.1847
4.3400	7.1885	0.2152	66.7134	65.7494
4.3405	7.1864	0.2295	66.8266	65.8852
4.3410	7.1853	0.2458	65.7840	66.0115
4.3415	7.1857	0.2411	65.7274	66.1131
4.3420	7.1863	0.2363	66.0856	65.8505
4.3425	7.1871	0.2276	66.3627	65.7500
4.3430	7.1879	0.2223	66.9701	65.3125
4.3435	7.1879	0.2143	67.3142	65.6403
4.3440	7.1878	0.2257	67.3886	65.7510
4.3445	7.1875	0.2239	67.2514	65.3099
4.3450	7.1871	0.2279	67.3371	65.4616
4.3455	7.1871	0.2326	67.3761	65.7967
4.3460	7.1868	0.2310	66.8438	66.0531
4.3465	7.1871	0.2305	66.2011	65.9737
4.3470	7.1864	0.2349	65.7134	65.8902
4.3475	7.1864	0.2384	64.9624	65.4919
4.3480	7.1865	0.2365	64.0918	65.6497
4.3485	7.1857	0.2453	63.3232	66.0345
4.3490	7.1850	0.2536	63.8547	65.8082
4.3495	7.1837	0.2581	64.4303	65.7986
4.3500	7.1848	0.2546	64.8263	65.9527
4.3505	7.1853	0.2474	65.0794	66.0048
4.3510	7.1865	0.2344	65.3986	66.0610
4.3515	7.1870	0.2337	65.9414	65.8746
4.3520	7.1877	0.2261	66.2673	65.6821
4.3525	7.1874	0.2269	66.3701	65.7470
4.3530	7.1879	0.2225	66.4440	65.8553
4.3535	7.1882	0.2160	66.9246	65.6960
4.3540	7.1880	0.2182	66.5297	65.8162
4.3545	7.1881	0.2216	64.9052	65.8262
4.3550	7.1878	0.2188	65.3739	65.6010
4.3555	7.1875	0.2201	65.8329	65.6262
4.3560	7.1871	0.2330	66.5621	65.7915
4.3565	7.1862	0.2323	66.7852	65.6885
4.3570	7.1856	0.2448	66.9984	65.6827
4.3575	7.1845	0.2564	67.2651	65.8173
4.3580	7.1838	0.2623	67.4152	65.7452
4.3585	7.1842	0.2595	67.4197	66.0233
4.3590	7.1844	0.2596	67.1237	66.1591
4.3595	7.1859	0.2464	66.9361	65.8778
4.3600	7.1869	0.2348	66.4837	65.8474
4.3605	7.1874	0.2266	66.0214	65.8928
4.3610	7.1870	0.2331	64.7755	65.8126
4.3615	7.1869	0.2313	64.0636	65.7283
4.3620	7.1865	0.2328	63.9282	66.1398
4.3625	7.1868	0.2308	63.8355	66.1429
4.3630	7.1875	0.2242	64.3482	66.0624
4.3635	7.1878	0.2227	64.6358	66.1156
4.3640	7.1878	0.2242	65.2419	65.9410
4.3645	7.1876	0.2283	65.6010	66.0244
4.3650	7.1864	0.2369	65.9733	66.0950
4.3655	7.1848	0.2535	66.1542	65.8867
4.3660	7.1838	0.2638	66.6497	65.4787
4.3665	7.1828	0.2767	66.7567	65.4684
4.3670	7.1818	0.2877	66.8940	65.3490
4.3675	7.1832	0.2718	66.3502	65.6872
4.3680	7.1827	0.2726	66.3340	65.8385
4.3685	7.1842	0.2590	66.5728	65.6596
4.3690	7.1859	0.2464	65.8093	65.7019
4.3695	7.1859	0.2420	66.0326	65.9593
4.3700	7.1859	0.2455	66.7117	65.9304
4.3705	7.1863	0.2423	67.1026	65.4750
4.3710	7.1853	0.2481	67.2012	65.4594
4.3715	7.1851	0.2494	67.1574	65.3301
4.3720	7.1847	0.2527	67.3345	65.5217
4.3725	7.1846	0.2516	67.3370	66.1040
4.3730	7.1850	0.2522	66.9957	66.1605
4.3735	7.1848	0.2500	66.2891	66.2176
4.3740	7.1852	0.2445	65.9598	66.3504
4.3745	7.1844	0.2579	65.2777	66.0804
4.3750	7.1838	0.2697	63.3767	65.8525
4.3755	7.1832	0.2725	63.3138	65.7062
4.3760	7.1834	0.2646	63.6869	65.5609
4.3765	7.1834	0.2658	64.3059	65.4134
4.3770	7.1843	0.2573	64.6691	65.5931
4.3775	7.1848	0.2517	64.9762	65.8731
4.3780	7.1846	0.2549	65.3552	66.0582
4.3785	7.1834	0.2679	65.9282	66.0481
4.3790	7.1835	0.2652	66.2705	65.8591
4.3795	7.1849	0.2567	66.4528	65.6357
4.3800	7.1859	0.2410	66.5878	65.6339
4.3805	7.1864	0.2347	66.9336	65.6411
4.3810	7.1869	0.2281	66.9234	65.4361
4.3815	7.1873	0.2249	66.2959	65.5175
4.3820	7.1874	0.2239	66.5963	65.7936
4.3825	7.1870	0.2339	66.1999	66.1008
4.3830	7.1860	0.2365	66.0463	66.1317
4.3835	7.1862	0.2467	66.5522	66.0978
4.3840	7.1838	0.2584	66.8237	65.9890
4.3845	7.1839	0.2679	67.1815	66.0932
4.3850	7.1850	0.2523	67.3055	66.2409
4.3855	7.1862	0.2434	67.2446	65.7955
4.3860	7.1866	0.2374	67.2122	65.9472
4.3865	7.1876	0.2234	67.0768	66.0168
4.3870	7.1879	0.2153	66.6631	65.9854
4.3875	7.1883	0.2142	66.0657	65.7646
4.3880	7.1889	0.2155	65.5766	65.9254
4.3885	7.1876	0.2269	63.6183	65.9328
4.3890	7.1871	0.2252	63.1837	66.1146
4.3895	7.1874	0.2266	63.6383	66.2082
4.3900	7.1864	0.2331	64.1027	65.7375
4.3905	7.1864	0.2308	64.4738	65.6128
4.3910	7.1862	0.2369	64.7760	65.6548
4.3915	7.1853	0.2457	65.2759	65.9234
4.3920	7.1844	0.2576	65.7726	65.5189
4.3925	7.1827	0.2756	66.1218	65.5231
4.3930	7.1823	0.2833	66.2515	65.4371
4.3935	7.1820	0.2803	66.5482	65.7987
4.3940	7.1821	0.2769	66.8661	66.1022
4.3945	7.1830	0.2773	67.0448	65.5464
4.3950	7.1850	0.2549	66.7901	65.5572
4.3955	7.1866	0.2430	66.3931	65.6069
4.3960	7.1867	0.2329	66.5364	65.9248
4.3965	7.1869	0.2284	66.2319	65.9968
4.3970	7.1871	0.2276	66.2854	65.9766
4.3975	7.1865	0.2362	66.6892	65.8035
4.3980	7.1864	0.2387	67.0367	65.8847
4.3985	7.1861	0.2381	67.2675	66.1363
4.3990	7.1865	0.2378	67.2296	65.8563
4.3995	7.1867	0.2293	67.1639	65.8147
4.4000	7.1866	0.2319	67.0863	65.8635
4.4005	7.1864	0.2353	66.8098	66.0018
4.4010	7.1855	0.2519	66.2957	65.9209
4.4015	7.1840	0.2614	65.5321	66.1133
4.4020	7.1837	0.2635	63.3340	65.8629
4.4025	7.1850	0.2563	63.1880	65.6295
4.4030	7.1861	0.2387	63.5408	65.6209
4.4035	7.1874	0.2286	63.8831	65.3634
4.4040	7.1877	0.2266	64.2839	65.3974
4.4045	7.1871	0.2256	64.8085	65.6966
4.4050	7.1869	0.2286	65.2157	65.8451
4.4055	7.1865	0.2271	65.4941	65.8654
4.4060	7.1868	0.2334	65.8888	66.2303
4.4065	7.1864	0.2320	66.4356	66.2878
4.4070	7.1871	0.2287	66.6432	65.9954
4.4075	7.1884	0.2219	66.5753	66.0193
4.4080	7.1887	0.2156	66.6795	65.7458
4.4085	7.1872	0.2215	67.0448	65.6860
4.4090	7.1858	0.2466	67.1735	65.9541
4.4095	7.1844	0.2520	66.3417	66.0811
4.4100	7.1839	0.2684	66.0295	66.1662
4.4105	7.1845	0.2560	66.2602	66.2179
4.4110	7.1871	0.2360	66.8332	66.3380
4.4115	7.1880	0.2195	67.2350	65.8350
4.4120	7.1881	0.2154	67.1760	65.9060
4.4125	7.1894	0.2106	67.2828	65.7581
4.4130	7.1887	0.2165	67.4740	65.6868
4.4135	7.1874	0.2245	67.6064	65.8309
4.4140	7.1873	0.2278	66.9174	65.6195
4.4145	7.1864	0.2331	66.5322	65.5698
4.4150	7.1864	0.2356	65.7076	65.6977
4.4155	7.1867	0.2322	64.9675	66.0300
4.4160	7.1874	0.2283	63.5564	65.5115
4.4165	7.1876	0.2243	63.0282	65.6286
4.4170	7.1876	0.2264	63.7890	65.5724
4.4175	7.1861	0.2370	64.2393	65.6449
4.4180	7.1850	0.2472	64.6927	65.9094
4.4185	7.1837	0.2629	64.8012	65.5213
4.4190	7.1831	0.2726	65.2895	65.5403
4.4195	7.1836	0.2656	65.8565	65.7307
4.4200	7.1846	0.2553	66.1854	66.0725
4.4205	7.1855	0.2458	66.2403	65.9795
4.4210	7.1858	0.2396	66.4363	66.0259
4.4215	7.1873	0.2224	66.8495	65.8017
4.4220	7.1872	0.2250	66.9537	65.7382
4.4225	7.1879	0.2226	66.9439	66.0003
4.4230	7.1881	0.2189	66.0275	65.7703
4.4235	7.1875	0.2257	65.6823	65.5743
4.4240	7.1869	0.2310	66.3798	65.9013
4.4245	7.1864	0.2344	66.5948	65.9726
4.4250	7.1867	0.2388	66.9266	65.8826
4.4255	7.1870	0.2298	67.2569	66.1520
4.4260	7.1865	0.2407	67.5643	65.9495
4.4265	7.1851	0.2448	67.3919	65.6106
4.4270	7.1847	0.2549	67.3085	65.6095
4.4275	7.1836	0.2643	67.1662	65.5531
4.4280	7.1837	0.2703	67.0060	65.5703
4.4285	7.1844	0.2578	66.1440	65.8698
4.4290	7.1854	0.2492	64.9296	65.9925
4.4295	7.1862	0.2396	64.3243	65.8140
4.4300	7.1870	0.2310	63.3053	66.0142
4.4305	7.1880	0.2242	63.7784	66.1998
4.4310	7.1889	0.2121	63.8896	65.9038
4.4315	7.1882	0.2188	64.3758	65.9181
4.4320	7.1877	0.2270	64.9856	65.8731
4.4325	7.1888	0.2147	65.3179	65.9562
4.4330	7.1895	0.2034	65.4558	66.1033
4.4335	7.1904	0.1966	65.8735	66.2169
4.4340	7.1902	0.1954	66.4695	66.0851
4.4345	7.1897	0.1983	66.5556	66.0127
4.4350	7.1893	0.2064	66.5093	66.2123
4.4355	7.1881	0.2172	66.6041	65.7817
4.4360	7.1867	0.2337	67.1790	65.8433
4.4365	7.1850	0.2490	66.1255	66.0189
4.4370	7.1855	0.2446	65.3326	66.1275
4.4375	7.1859	0.2406	65.8480	65.9246
4.4380	7.1862	0.2388	66.5414	65.8267
4.4385	7.1873	0.2272	67.1309	65.3838
4.4390	7.1881	0.2177	67.0851	65.5399
4.4395	7.1878	0.2260	67.1259	65.8288
4.4400	7.1877	0.2220	67.4245	65.3522
4.4405	7.1876	0.2211	67.6356	65.4200
4.4410	7.1876	0.2222	67.1821	65.7074
4.4415	7.1876	0.2281	66.6453	66.0153
4.4420	7.1873	0.2282	66.3493	65.9614
4.4425	7.1872	0.2308	66.0695	65.9454
4.4430	7.1869	0.2343	64.9825	65.5698
4.4435	7.1867	0.2281	63.9767	65.6108
4.4440	7.1866	0.2317	63.3610	66.0800
4.4445	7.1864	0.2443	64.0205	65.8830
4.4450	7.1856	0.2437	64.3533	65.7943
4.4455	7.1858	0.2460	64.4870	65.9452
4.4460	7.1862	0.2353	64.9437	65.9942
4.4465	7.1873	0.2248	65.6441	66.0349
4.4470	7.1872	0.2249	65.9814	65.9164
4.4475	7.1878	0.2198	65.9671	65.6669
4.4480	7.1881	0.2187	66.1919	65.7185
4.4485	7.1880	0.2262	66.6454	65.8630
4.4490	7.1881	0.2172	66.9783	65.7299
4.4495	7.1885	0.2179	66.5769	65.8203
4.4500	7.1885	0.2150	64.8451	65.8789
4.4505	7.1880	0.2278	65.4467	65.6309
4.4510	7.1884	0.2147	65.9796	65.6019
4.4515	7.1876	0.2234	66.2630	65.7903
4.4520	7.1876	0.2256	66.5125	65.7621
4.4525	7.1860	0.2368	67.0827	65.6751
4.4530	7.1855	0.2491	67.5260	65.8287
4.4535	7.1842	0.2537	67.2717	65.7638
4.4540	7.1845	0.2557	67.1608	65.9817
4.4545	7.1853	0.2499	67.2142	66.1936
4.4550	7.1858	0.2384	67.2722	65.9266
4.4555	7.1868	0.2294	66.5288	65.8434
4.4560	7.1877	0.2249	65.7728	65.9007
4.4565	7.1874	0.2234	64.9076	65.8478
4.4570	7.1870	0.2298	64.3806	65.7196
4.4575	7.1871	0.2275	64.0314	66.0686
4.4580	7.1871	0.2308	63.5119	66.1925
4.4585	7.1875	0.2257	64.1329	66.0492
4.4590	7.1877	0.2240	64.7702	66.1620
4.4595	7.1873	0.2271	65.3405	65.9772
4.4600	7.1870	0.2292	65.2789	66.0372
4.4605	7.1861	0.2402	65.7278	66.1166
4.4610	7.1837	0.2560	66.3334	65.9544
4.4615	7.1831	0.2738	66.7240	65.5344
4.4620	7.1819	0.2853	66.5422	65.4774
4.4625	7.1806	0.2993	66.7017	65.3368
4.4630	7.1815	0.2919	66.6775	65.6184
4.4635	7.1816	0.2821	66.4388	65.8761
4.4640	7.1820	0.2875	66.3324	65.6907
4.4645	7.1839	0.2681	65.6753	65.7035
4.4650	7.1844	0.2601	66.0784	66.0145
4.4655	7.1842	0.2567	66.8431	66.0476
4.4660	7.1846	0.2543	66.9527	65.5534
4.4665	7.1848	0.2556	66.8868	65.4956
4.4670	7.1851	0.2515	67.1871	65.4105
4.4675	7.1846	0.2510	67.5594	65.4354
4.4680	7.1846	0.2544	67.3064	66.0274
4.4685	7.1842	0.2585	66.7408	66.1918
4.4690	7.1849	0.2561	66.4083	66.2109
4.4695	7.1841	0.2589	66.2399	66.4019
4.4700	7.1831	0.2656	65.5541	66.2088
4.4705	7.1821	0.2724	63.3074	65.9576
4.4710	7.1820	0.2865	63.1391	65.8283
4.4715	7.1824	0.2747	63.8781	65.6441
4.4720	7.1828	0.2716	64.2980	65.4205
4.4725	7.1837	0.2634	64.4167	65.5292
4.4730	7.1843	0.2579	64.7477	65.7955
4.4735	7.1850	0.2483	65.4597	65.9919
4.4740	7.1835	0.2691	66.0165	66.0617
4.4745	7.1834	0.2684	66.0552	65.9128
4.4750	7.1855	0.2469	66.1584	65.6949
4.4755	7.1862	0.2437	66.7085	65.6827
4.4760	7.1871	0.2301	67.0917	65.7060
4.4765	7.1873	0.2236	66.8774	65.4942
4.4770	7.1881	0.2192	66.0444	65.5341
4.4775	7.1882	0.2222	66.5941	65.7743
4.4780	7.1883	0.2198	66.5218	66.0574
4.4785	7.1881	0.2219	65.9164	66.1042
4.4790	7.1872	0.2263	66.2029	66.0549
4.4795	7.1853	0.2468	66.8154	65.9764
4.4800	7.1841	0.2610	67.3727	66.0564
4.4805	7.1857	0.2440	67.3014	66.3350
4.4810	7.1858	0.2377	66.9825	65.9192
4.4815	7.1867	0.2373	67.1523	66.0119
4.4820	7.1889	0.2166	67.2847	66.1063
4.4825	7.1893	0.2105	66.8509	66.0694
4.4830	7.1889	0.2092	65.8937	65.8193
4.4835	7.1893	0.2082	65.6599	65.8589
4.4840	7.1880	0.2150	64.0975	65.9132
4.4845	7.1877	0.2162	63.2416	65.9783
4.4850	7.1877	0.2244	63.3815	66.2089
4.4855	7.1876	0.2217	63.7628	65.7801
4.4860	7.1879	0.2261	64.5809	65.6439
4.4865	7.1873	0.2290	64.9341	65.6928
4.4870	7.1860	0.2384	65.0899	65.9992
4.4875	7.1855	0.2449	65.4543	65.6423
4.4880	7.1839	0.2614	66.1142	65.5495
4.4885	7.1825	0.2779	66.4621	65.4569
4.4890	7.1822	0.2811	66.4922	65.6808
4.4895	7.1824	0.2742	66.5498	66.1236
4.4900	7.1827	0.2742	66.9790	65.5653
4.4905	7.1848	0.2546	67.0548	65.4977
4.4910	7.1870	0.2319	66.4799	65.6137
4.4915	7.1875	0.2269	66.3670	65.8957
4.4920	7.1874	0.2240	66.1906	66.0471
4.4925	7.1874	0.2263	66.3310	66.0243
4.4930	7.1869	0.2326	66.7088	65.8954
4.4935	7.1863	0.2383	66.8123	65.8328
4.4940	7.1861	0.2343	67.1454	66.1557
4.4945	7.1867	0.2402	67.3122	65.8410
4.4950	7.1872	0.2277	67.3209	65.7802
4.4955	7.1871	0.2291	67.0078	65.8030
4.4960	7.1865	0.2335	66.7598	65.9959
4.4965	7.1858	0.2505	66.2872	65.9158
4.4970	7.1843	0.2554	65.8634	66.0954
4.4975	7.1845	0.2618	63.6702	65.9728
4.4980	7.1847	0.2512	63.0020	65.6815
4.4985	7.1860	0.2416	63.4431	65.6899
4.4990	7.1872	0.2301	63.8926	65.4126
4.4995	7.1872	0.2213	64.2411	65.4133
4.5000	7.1868	0.2269	64.5499	65.6706
4.5005	7.1864	0.2345	65.1097	65.8733
4.5010	7.1865	0.2430	65.5558	65.8842
4.5015	7.1860	0.2461	65.9150	66.1746
4.5020	7.1860	0.2402	66.1248	66.3256
4.5025	7.1862	0.2371	66.4516	66.0704
4.5030	7.1875	0.2272	66.7180	66.0848
4.5035	7.1870	0.2307	66.8496	65.8419
4.5040	7.1872	0.2231	66.8378	65.6998
4.5045	7.1851	0.2460	66.9796	65.9308
4.5050	7.1847	0.2579	66.5146	66.0612
4.5055	7.1837	0.2681	66.2062	66.1305
4.5060	7.1834	0.2651	66.1998	66.1542
4.5065	7.1856	0.2498	66.5701	66.3424
4.5070	7.1863	0.2384	67.1221	65.9114
4.5075	7.1867	0.2340	67.2852	65.9061
4.5080	7.1880	0.2232	67.3411	65.8457
4.5085	7.1870	0.2333	67.2920	65.6798
4.5090	7.1863	0.2425	67.4927	65.9054
4.5095	7.1861	0.2399	67.1590	65.6945
4.5100	7.1860	0.2385	66.7387	65.6035
4.5105	7.1854	0.2423	65.7792	65.6085
4.5110	7.1860	0.2458	64.9412	65.9707
4.5115	7.1862	0.2393	63.8467	65.5550
4.5120	7.1860	0.2405	63.0680	65.5596
4.5125	7.1873	0.2276	63.6231	65.6628
4.5130	7.1863	0.2340	64.0409	65.5549
4.5135	7.1850	0.2491	64.7295	65.9487
4.5140	7.1837	0.2625	64.9058	65.6397
4.5145	7.1829	0.2722	65.1235	65.5428
4.5150	7.1836	0.2661	65.5866	65.7266
4.5155	7.1852	0.2533	66.1812	66.0059
4.5160	7.1864	0.2440	66.4078	65.9517
4.5165	7.1868	0.2281	66.3938	65.9678
4.5170	7.1885	0.2186	66.6342	65.8386
4.5175	7.1885	0.2172	66.8684	65.6867
4.5180	7.1882	0.2208	67.1426	66.0285
4.5185	7.1879	0.2193	66.3427	65.8720
4.5190	7.1877	0.2194	65.4262	65.6361
4.5195	7.1878	0.2194	66.1264	65.8527
4.5200	7.1880	0.2242	66.7067	65.9817
4.5205	7.1873	0.2212	67.0393	65.8281
4.5210	7.1889	0.2181	67.0922	66.0633
4.5215	7.1877	0.2219	67.3242	65.9502
4.5220	7.1864	0.2375	67.5388	65.5735
4.5225	7.1857	0.2442	67.5262	65.5873
4.5230	7.1842	0.2550	67.1468	65.5906
4.5235	7.1840	0.2628	66.7432	65.5871
4.5240	7.1845	0.2557	66.3915	65.8678
4.5245	7.1855	0.2467	65.2513	66.0473
4.5250	7.1866	0.2388	64.6474	65.8429
4.5255	7.1876	0.2231	63.2805	65.9454
4.5260	7.1876	0.2262	63.5223	66.1681
4.5265	7.1875	0.2247	64.1008	65.8888
4.5270	7.1874	0.2257	64.2877	65.8623
4.5275	7.1867	0.2343	64.6833	65.8402
4.5280	7.1876	0.2242	65.1407	65.9030
4.5285	7.1895	0.2055	65.7071	66.1042
4.5290	7.1907	0.1940	65.8874	66.1828
4.5295	7.1910	0.1880	66.1555	66.1415
4.5300	7.1899	0.2016	66.3485	65.9865
4.5305	7.1893	0.2044	66.7172	66.2273
4.5310	7.1877	0.2229	66.7518	65.8364
4.5315	7.1865	0.2366	66.9950	65.7966
4.5320	7.1847	0.2570	66.1619	65.9482
4.5325	7.1847	0.2550	65.4785	66.0963
4.5330	7.1852	0.2483	65.9912	65.9434
4.5335	7.1860	0.2482	66.2930	65.8247
4.5340	7.1865	0.2327	66.8213	65.4420
4.5345	7.1874	0.2230	67.1392	65.4704
4.5350	7.1868	0.2309	67.4541	65.8605
4.5355	7.1873	0.2297	67.3282	65.3937
4.5360	7.1871	0.2304	67.3664	65.3740
4.5365	7.1864	0.2369	67.3006	65.5999
4.5370	7.1864	0.2398	67.0213	65.9887
4.5375	7.1862	0.2331	66.4242	65.9534
4.5380	7.1862	0.2351	65.9453	65.9322
4.5385	7.1859	0.2392	65.0983	65.6268
4.5390	7.1862	0.2402	64.3194	65.6036
4.5395	7.1853	0.2455	63.4511	66.0752
4.5400	7.1847	0.2558	63.8122	65.9224
4.5405	7.1841	0.2573	64.2543	65.7895
4.5410	7.1848	0.2568	64.5336	65.9289
4.5415	7.1850	0.2498	64.9634	65.9728
4.5420	7.1865	0.2375	65.4564	66.0152
4.5425	7.1867	0.2328	65.8547	65.9271
4.5430	7.1875	0.2268	66.0926	65.6555
4.5435	7.1873	0.2280	66.2544	65.6856
4.5440	7.1876	0.2275	66.5781	65.8415
4.5445	7.1876	0.2188	66.7376	65.7743
4.5450	7.1879	0.2194	66.8612	65.7955
4.5455	7.1882	0.2192	65.1729	65.8885
4.5460	7.1881	0.2221	65.2348	65.6641
4.5465	7.1880	0.2211	65.8598	65.5947
4.5470	7.1873	0.2292	66.1846	65.7688
4.5475	7.1870	0.2310	66.6483	65.7574
4.5480	7.1860	0.2406	66.9891	65.6227
4.5485	7.1855	0.2500	67.3333	65.7674
4.5490	7.1839	0.2580	67.3203	65.7310
4.5495	7.1846	0.2582	67.3453	65.8835
4.5500	7.1847	0.2555	67.2688	66.1902
4.5505	7.1855	0.2462	67.1715	65.9855
4.5510	7.1865	0.2354	66.5613	65.8586
4.5515	7.1880	0.2264	66.0340	65.9016
4.5520	7.1875	0.2252	65.2128	65.8579
4.5525	7.1871	0.2293	64.2757	65.7113
4.5530	7.1874	0.2293	64.1060	65.9665
4.5535	7.1870	0.2254	63.5859	66.1819
4.5540	7.1873	0.2288	64.1635	65.9735
4.5545	7.1877	0.2257	64.6374	66.1162
4.5550	7.1871	0.2226	65.1159	65.9669
4.5555	7.1871	0.2272	65.3552	66.0016
4.5560	7.1869	0.2299	65.7945	66.1114
4.5565	7.1850	0.2469	66.2119	66.0534
4.5570	7.1841	0.2672	66.6068	65.6102
4.5575	7.1829	0.2665	66.5331	65.4921
4.5580	7.1822	0.2855	66.8052	65.3767
4.5585	7.1824	0.2753	66.7104	65.5316
4.5590	7.1831	0.2671	66.2019	65.8194
4.5595	7.1836	0.2706	66.4749	65.6538
4.5600	7.1852	0.2487	65.8439	65.6169
4.5605	7.1857	0.2437	65.9812	65.9111
4.5610	7.1862	0.2422	66.7085	66.0626
4.5615	7.1860	0.2396	66.8745	65.6416
4.5620	7.1861	0.2435	67.0426	65.4581
4.5625	7.1856	0.2468	67.2789	65.4150
4.5630	7.1854	0.2494	67.3328	65.3768
4.5635	7.1852	0.2505	67.3374	65.9270
4.5640	7.1856	0.2459	67.0012	66.1466
4.5645	7.1857	0.2471	66.6221	66.1098
4.5650	7.1857	0.2406	66.1283	66.3238
4.5655	7.1847	0.2520	65.6767	66.1570
4.5660	7.1838	0.2652	63.7090	65.9150
4.5665	7.1828	0.2697	63.1857	65.7880
4.5670	7.1832	0.2685	63.6817	65.6943
4.5675	7.1838	0.2677	64.1030	65.4785
4.5680	7.1840	0.2615	64.5005	65.5346
4.5685	7.1846	0.2536	64.8310	65.7901
4.5690	7.1848	0.2550	65.3338	65.9764
4.5695	7.1836	0.2638	65.7857	66.0435
4.5700	7.1823	0.2750	66.1304	65.8876
4.5705	7.1837	0.2672	66.3021	65.6539
4.5710	7.1852	0.2482	66.6153	65.6062
4.5715	7.1860	0.2411	66.8492	65.6625
4.5720	7.1866	0.2325	67.0250	65.5010
4.5725	7.1871	0.2310	66.2548	65.4921
4.5730	7.1870	0.2334	66.4952	65.7325
4.5735	7.1864	0.2363	66.4204	66.0570
4.5740	7.1857	0.2406	65.9054	66.1743
4.5745	7.1854	0.2493	66.3438	66.0876
4.5750	7.1839	0.2615	66.8230	65.9992
4.5755	7.1831	0.2785	67.1335	65.9730
4.5760	7.1836	0.2686	67.2212	66.2641
4.5765	7.1844	0.2556	67.1565	65.8976
4.5770	7.1852	0.2558	67.3271	65.8612
4.5775	7.1868	0.2337	67.1986	66.0596
4.5780	7.1878	0.2216	66.8344	66.0548
4.5785	7.1882	0.2182	66.0553	65.8575
4.5790	7.1887	0.2145	65.8627	65.8401
4.5795	7.1875	0.2236	64.3143	65.9832
4.5800	7.1868	0.2274	63.1539	65.9550
4.5805	7.1868	0.2265	63.4377	66.2394
4.5810	7.1871	0.2301	63.8021	65.8167
4.5815	7.1868	0.2337	64.4798	65.6215
4.5820	7.1868	0.2334	64.7820	65.5792
4.5825	7.1861	0.2399	65.0953	65.9161
4.5830	7.1849	0.2555	65.4210	65.6955
4.5835	7.1836	0.2668	66.0652	65.5199
4.5840	7.1826	0.2785	66.4152	65.5402
4.5845	7.1825	0.2828	66.5074	65.6252
4.5850	7.1821	0.2820	66.5232	66.1485
4.5855	7.1832	0.2725	66.9320	65.6646
4.5860	7.1844	0.2602	67.1537	65.4342
4.5865	7.1867	0.2343	66.5826	65.5667
4.5870	7.1876	0.2253	66.4190	65.7916
4.5875	7.1874	0.2239	66.3441	66.0366
4.5880	7.1877	0.2225	66.3464	66.0103
4.5885	7.1872	0.2282	66.7276	65.9373
4.5890	7.1866	0.2317	66.7040	65.8182
4.5895	7.1867	0.2343	67.0831	66.1494
4.5900	7.1868	0.2287	67.3838	65.9371
4.5905	7.1874	0.2245	67.4166	65.7757
4.5910	7.1875	0.2229	66.9516	65.8003
4.5915	7.1863	0.2337	66.7647	65.9467
4.5920	7.1856	0.2461	66.4350	65.9045
4.5925	7.1843	0.2579	66.1808	66.0334
4.5930	7.1840	0.2607	63.8817	66.0073
4.5935	7.1848	0.2545	62.8228	65.6650
4.5940	7.1860	0.2442	63.4818	65.6727
4.5945	7.1868	0.2316	63.8936	65.4673
4.5950	7.1884	0.2192	64.1349	65.3750
4.5955	7.1880	0.2189	64.3797	65.6325
4.5960	7.1879	0.2246	65.1073	65.8254
4.5965	7.1873	0.2287	65.6411	65.7906
4.5970	7.1866	0.2316	65.9092	66.0124
4.5975	7.1867	0.2342	65.9266	66.3004
4.5980	7.1867	0.2318	66.3472	66.0819
4.5985	7.1875	0.2213	66.7410	66.0366
4.5990	7.1883	0.2236	66.9708	65.9010
4.5995	7.1876	0.2229	66.8665	65.6843
4.6000	7.1860	0.2393	66.9442	65.9319
4.6005	7.1851	0.2478	66.5629	66.0393
4.6010	7.1843	0.2599	66.2350	66.1175
4.6015	7.1833	0.2634	66.1736	66.1391
4.6020	7.1854	0.2508	66.5229	66.3243
4.6025	7.1873	0.2254	67.1356	65.9562
4.6030	7.1880	0.2233	67.2430	65.7863
4.6035	7.1883	0.2138	67.2931	65.8591
4.6040	7.1875	0.2211	67.3295	65.6101
4.6045	7.1863	0.2383	67.5793	65.8934
4.6050	7.1862	0.2433	67.2652	65.7533
4.6055	7.1871	0.2339	66.6987	65.6701
4.6060	7.1865	0.2356	65.9799	65.6116
4.6065	7.1863	0.2419	65.0547	65.9639
4.6070	7.1868	0.2319	64.0765	65.6480
4.6075	7.1862	0.2387	63.1274	65.4794
4.6080	7.1873	0.2304	63.6331	65.6580
4.6085	7.1868	0.2319	64.0053	65.4696
4.6090	7.1853	0.2523	64.5583	65.8938
4.6095	7.1838	0.2567	64.7972	65.6744
4.6100	7.1833	0.2725	65.0977	65.5186
4.6105	7.1834	0.2652	65.6162	65.7201
4.6110	7.1840	0.2573	66.1336	66.0370
4.6115	7.1853	0.2467	66.3506	66.0419
4.6120	7.1866	0.2351	66.3457	65.9707
4.6125	7.1871	0.2254	66.5621	65.8904
4.6130	7.1875	0.2231	66.8372	65.6320
4.6135	7.1877	0.2263	67.1158	65.9393
4.6140	7.1875	0.2238	66.5057	65.8873
4.6145	7.1877	0.2218	65.5289	65.6133
4.6150	7.1875	0.2257	66.1055	65.7866
4.6155	7.1869	0.2251	66.5713	66.0694
4.6160	7.1864	0.2340	66.8320	65.8749
4.6165	7.1872	0.2281	67.0523	66.0903
4.6170	7.1873	0.2323	67.4082	66.0773
4.6175	7.1858	0.2438	67.6017	65.6423
4.6180	7.1851	0.2493	67.4164	65.5539
4.6185	7.1837	0.2625	67.1655	65.5621
4.6190	7.1834	0.2685	66.8664	65.5196
4.6195	7.1839	0.2636	66.5927	65.7656
4.6200	7.1847	0.2549	65.2940	66.0197
4.6205	7.1859	0.2406	64.7011	65.8955
4.6210	7.1873	0.2265	63.5578	65.9107
4.6215	7.1882	0.2172	63.4774	66.2228
4.6220	7.1886	0.2146	64.0278	65.9846
4.6225	7.1886	0.2147	64.0951	65.8724
4.6230	7.1878	0.2241	64.6911	65.8979
4.6235	7.1878	0.2217	65.2048	65.8492
4.6240	7.1885	0.2110	65.6261	66.0561
4.6245	7.1899	0.2000	65.7178	66.1841
4.6250	7.1908	0.1935	66.0807	66.2126
4.6255	7.1901	0.1981	66.4046	65.9759
4.6260	7.1900	0.2015	66.7866	66.2569
4.6265	7.1887	0.2119	66.6124	65.9435
4.6270	7.1870	0.2241	66.8305	65.7781
4.6275	7.1854	0.2483	66.4624	65.9379
4.6280	7.1857	0.2395	65.5548	66.0701
4.6285	7.1863	0.2408	65.8288	66.0057
4.6290	7.1870	0.2337	66.1142	65.8833
4.6295	7.1877	0.2260	66.8678	65.5493
4.6300	7.1885	0.2156	67.2059	65.3479
4.6305	7.1882	0.2140	67.2545	65.8847
4.6310	7.1883	0.2173	67.1370	65.4853
4.6315	7.1883	0.2180	67.4576	65.3767
4.6320	7.1874	0.2252	67.4889	65.5662
4.6325	7.1875	0.2278	67.0224	65.9303
4.6330	7.1875	0.2292	66.2821	66.0184
4.6335	7.1874	0.2227	66.0274	65.9519
4.6340	7.1868	0.2338	65.3593	65.7512
4.6345	7.1867	0.2363	64.4924	65.5021
4.6350	7.1866	0.2346	63.3372	65.9871
4.6355	7.1868	0.2319	63.5557	65.9775
4.6360	7.1857	0.2421	64.3113	65.7770
4.6365	7.1851	0.2456	64.6321	65.8928
4.6370	7.1859	0.2442	64.7661	65.9759
4.6375	7.1866	0.2301	65.1831	66.0169
4.6380	7.1879	0.2287	65.8386	65.9945
4.6385	7.1872	0.2263	66.1916	65.7355
4.6390	7.1882	0.2225	66.1074	65.6857
4.6395	7.1877	0.2242	66.3890	65.8602
4.6400	7.1885	0.2158	66.7024	65.7718
4.6405	7.1883	0.2202	67.1459	65.7407
4.6410	7.1878	0.2174	65.3525	65.8947
4.6415	7.1887	0.2157	64.8400	65.7093
4.6420	7.1884	0.2149	65.8238	65.5746
4.6425	7.1883	0.2231	66.2440	65.7226
4.6430	7.1877	0.2234	66.6186	65.7955
4.6435	7.1868	0.2312	66.7460	65.6449
4.6440	7.1851	0.2487	67.2803	65.7871
4.6445	7.1846	0.2589	67.4842	65.7771
4.6450	7.1836	0.2634	67.3575	65.8529
4.6455	7.1846	0.2584	67.1052	66.1744
4.6460	7.1848	0.2487	67.1472	66.0199
4.6465	7.1861	0.2446	66.7932	65.8292
4.6470	7.1868	0.2334	66.1930	65.8999
4.6475	7.1870	0.2278	65.3217	65.8740
4.6480	7.1870	0.2367	64.2368	65.7178
4.6485	7.1869	0.2340	64.1608	65.9223
4.6490	7.1870	0.2348	63.6117	66.2236
4.6495	7.1866	0.2342	63.9965	66.0227
4.6500	7.1876	0.2261	64.4686	66.1308
4.6505	7.1870	0.2278	65.0353	66.0119
4.6510	7.1863	0.2360	65.4656	65.9776
4.6515	7.1862	0.2411	65.6989	66.1103
4.6520	7.1846	0.2542	65.9762	66.0706
4.6525	7.1835	0.2734	66.4345	65.6795
4.6530	7.1824	0.2810	66.6575	65.5102
4.6535	7.1804	0.2976	66.8424	65.3786
4.6540	7.1811	0.2927	66.6903	65.4560
4.6545	7.1820	0.2815	66.0791	65.8686
4.6550	7.1816	0.2856	66.5431	65.6987
4.6555	7.1833	0.2710	66.0827	65.6192
4.6560	7.1849	0.2533	65.7790	65.8526
4.6565	7.1843	0.2532	66.4292	66.0993
4.6570	7.1849	0.2556	66.8922	65.6989
4.6575	7.1853	0.2528	67.1456	65.4698
4.6580	7.1852	0.2480	67.1672	65.4582
4.6585	7.1851	0.2443	67.2031	65.3349
4.6590	7.1850	0.2514	67.4137	65.8281
4.6595	7.1849	0.2464	67.1060	66.1818
4.6600	7.1851	0.2481	66.6790	66.1377
4.6605	7.1845	0.2508	66.0661	66.3600
4.6610	7.1839	0.2609	65.8360	66.2858
4.6615	7.1837	0.2670	64.1190	65.9965
4.6620	7.1825	0.2741	63.1000	65.8468
4.6625	7.1829	0.2791	63.5387	65.7070
4.6630	7.1834	0.2703	64.0096	65.4882
4.6635	7.1837	0.2653	64.5220	65.4547
4.6640	7.1841	0.2610	64.7134	65.7406
4.6645	7.1851	0.2514	65.1574	65.9341
4.6650	7.1844	0.2617	65.6636	66.0550
4.6655	7.1834	0.2737	66.1783	65.9494
4.6660	7.1846	0.2564	66.2771	65.7264
4.6665	7.1857	0.2441	66.4804	65.6283
4.6670	7.1868	0.2316	66.6987	65.7013
4.6675	7.1873	0.2299	67.1290	65.5581
4.6680	7.1881	0.2243	66.3598	65.4936
4.6685	7.1884	0.2192	66.3948	65.7052
4.6690	7.1881	0.2198	66.4466	66.0021
4.6695	7.1880	0.2180	65.9473	66.1362
4.6700	7.1876	0.2273	66.2885	66.0581
4.6705	7.1858	0.2403	66.6860	65.9964
4.6710	7.1841	0.2595	66.9877	65.9272
4.6715	7.1848	0.2574	67.2669	66.2754
4.6720	7.1856	0.2434	67.2128	66.0370
4.6725	7.1856	0.2445	67.2437	65.8934
4.6730	7.1877	0.2253	67.1190	66.1151
4.6735	7.1888	0.2117	66.9512	66.0826
4.6740	7.1888	0.2121	66.2918	65.9331
4.6745	7.1889	0.2160	65.9114	65.8092
4.6750	7.1884	0.2164	64.5804	65.9487
4.6755	7.1879	0.2236	63.1414	65.8829
4.6760	7.1877	0.2194	63.4706	66.2144
4.6765	7.1871	0.2232	63.7535	65.9012
4.6770	7.1870	0.2274	64.3097	65.6561
4.6775	7.1873	0.2242	64.6315	65.6088
4.6780	7.1868	0.2317	65.0605	65.9209
4.6785	7.1854	0.2499	65.4159	65.8027
4.6790	7.1842	0.2564	65.9579	65.4880
4.6795	7.1825	0.2773	66.2616	65.5300
4.6800	7.1819	0.2853	66.4397	65.4963
4.6805	7.1821	0.2767	66.6239	66.0926
4.6810	7.1824	0.2862	66.8608	65.7438
4.6815	7.1834	0.2692	67.0554	65.4378
4.6820	7.1862	0.2435	66.6402	65.5677
4.6825	7.1867	0.2356	66.4278	65.7583
4.6830	7.1871	0.2292	66.3648	66.0347
4.6835	7.1869	0.2334	66.1088	65.9735
4.6840	7.1865	0.2364	66.5727	65.9732
4.6845	7.1857	0.2484	66.8252	65.7696
4.6850	7.1856	0.2441	67.1680	66.1296
4.6855	7.1857	0.2476	67.2258	65.9455
4.6860	7.1858	0.2391	67.2622	65.7599
4.6865	7.1865	0.2328	67.0858	65.7764
4.6870	7.1864	0.2360	67.0185	65.9545
4.6875	7.1855	0.2408	66.3576	65.9528
4.6880	7.1845	0.2543	66.1012	66.0180
4.6885	7.1837	0.2626	64.4521	66.0740
4.6890	7.1845	0.2566	63.0202	65.6945
4.6895	7.1857	0.2399	63.3845	65.6904
4.6900	7.1866	0.2337	63.5432	65.5128
4.6905	7.1877	0.2248	64.1217	65.3853
4.6910	7.1873	0.2276	64.5280	65.5662
4.6915	7.1869	0.2354	64.9635	65.8222
4.6920	7.1863	0.2382	65.3547	65.8218
4.6925	7.1859	0.2465	65.8255	66.0076
4.6930	7.1855	0.2440	66.0393	66.3275
4.6935	7.1858	0.2433	66.4042	66.1295
4.6940	7.1865	0.2351	66.6240	66.0320
4.6945	7.1873	0.2253	66.8413	65.9422
4.6950	7.1874	0.2291	66.8284	65.6632
4.6955	7.1861	0.2422	67.0070	65.8589
4.6960	7.1852	0.2532	66.7041	65.9808
4.6965	7.1838	0.2617	66.2199	66.0359
4.6970	7.1835	0.2680	66.1903	66.1190
4.6975	7.1847	0.2558	66.4220	66.3303
4.6980	7.1866	0.2349	66.9566	66.0646
4.6985	7.1876	0.2259	67.2028	65.7922
4.6990	7.1882	0.2136	67.3301	65.9295
4.6995	7.1883	0.2180	67.3522	65.6254
4.7000	7.1874	0.2271	67.4809	65.8582
4.7005	7.1869	0.2298	67.2604	65.7301
4.7010	7.1873	0.2290	66.8266	65.6133
4.7015	7.1872	0.2257	66.2491	65.5519
4.7020	7.1869	0.2349	65.1607	65.9065
4.7025	7.1873	0.2319	64.2181	65.7661
4.7030	7.1872	0.2269	63.0814	65.4767
4.7035	7.1883	0.2140	63.5638	65.7053
4.7040	7.1873	0.2202	63.9586	65.5143
4.7045	7.1862	0.2361	64.4384	65.8792
4.7050	7.1849	0.2496	64.7227	65.7137
4.7055	7.1838	0.2685	65.0327	65.4644
4.7060	7.1841	0.2629	65.5631	65.6317
4.7065	7.1844	0.2517	66.0715	65.9239
4.7070	7.1859	0.2442	66.2686	66.0279
4.7075	7.1872	0.2319	66.2983	65.9525
4.7080	7.1879	0.2228	66.5680	65.9425
4.7085	7.1885	0.2157	66.8959	65.6611
4.7090	7.1876	0.2212	67.0520	65.9081
4.7095	7.1882	0.2222	66.6755	65.9548
4.7100	7.1877	0.2210	65.6155	65.6515
4.7105	7.1879	0.2213	65.9972	65.7150
4.7110	7.1878	0.2230	66.5308	66.0065
4.7115	7.1872	0.2276	66.8129	65.8516
4.7120	7.1879	0.2238	67.0654	65.9892
4.7125	7.1877	0.2204	67.3253	66.0882
4.7130	7.1861	0.2290	67.5531	65.6641
4.7135	7.1858	0.2376	67.3569	65.5443
4.7140	7.1846	0.2517	67.3080	65.5915
4.7145	7.1838	0.2678	67.0287	65.5221
4.7150	7.1839	0.2667	66.6513	65.7260
4.7155	7.1849	0.2548	65.4144	65.9776
4.7160	7.1861	0.2425	64.8742	65.8685
4.7165	7.1874	0.2303	63.8999	65.8240
4.7170	7.1869	0.2243	63.2799	66.1476
4.7175	7.1886	0.2204	63.9058	65.9881
4.7180	7.1883	0.2130	64.1116	65.8285
4.7185	7.1877	0.2239	64.7579	65.8926
4.7190	7.1879	0.2278	65.0582	65.8480
4.7195	7.1884	0.2140	65.4418	66.0166
4.7200	7.1904	0.1995	65.7011	66.1684
4.7205	7.1902	0.1938	66.1721	66.2330
4.7210	7.1896	0.2026	66.4233	65.9587
4.7215	7.1888	0.2124	66.5898	66.1834
4.7220	7.1881	0.2183	66.6069	65.9857
4.7225	7.1868	0.2283	66.9647	65.6859
4.7230	7.1852	0.2487	66.7139	65.9050
4.7235	7.1842	0.2566	65.4505	65.9973
4.7240	7.1850	0.2568	65.7173	66.0146
4.7245	7.1854	0.2496	66.1938	65.8129
4.7250	7.1864	0.2360	66.7928	65.7044
4.7255	7.1875	0.2305	67.0217	65.3715
4.7260	7.1874	0.2226	67.2377	65.8385
4.7265	7.1871	0.2302	67.3501	65.5708
4.7270	7.1870	0.2338	67.4867	65.3103
4.7275	7.1863	0.2385	67.3086	65.5151
4.7280	7.1863	0.2345	67.0777	65.8751
4.7285	7.1866	0.2398	66.5931	65.9896
4.7290	7.1864	0.2350	66.2104	65.8945
4.7295	7.1864	0.2418	65.3867	65.7831
4.7300	7.1862	0.2410	64.5158	65.4778
4.7305	7.1858	0.2459	63.6618	65.9318
4.7310	7.1854	0.2468	63.6170	66.0295
4.7315	7.1847	0.2593	64.0867	65.7744
4.7320	7.1843	0.2581	64.4142	65.8659
4.7325	7.1853	0.2523	64.8336	65.9651
4.7330	7.1857	0.2400	65.3426	66.0075
4.7335	7.1863	0.2313	65.6793	66.0052
4.7340	7.1871	0.2331	65.9650	65.7507
4.7345	7.1875	0.2209	66.1637	65.6354
4.7350	7.1870	0.2267	66.4886	65.8002
4.7355	7.1881	0.2199	66.5923	65.7982
4.7360	7.1875	0.2223	67.0639	65.7062
4.7365	7.1882	0.2192	65.7590	65.8946
4.7370	7.1878	0.2189	64.9192	65.7342
4.7375	7.1886	0.2161	65.6633	65.5798
4.7380	7.1888	0.2207	66.0219	65.6851
4.7385	7.1878	0.2222	66.6403	65.7674
4.7390	7.1869	0.2344	66.8082	65.6283
4.7395	7.1853	0.2447	67.2019	65.7158
4.7400	7.1845	0.2514	67.3203	65.7624
4.7405	7.1845	0.2567	67.3989	65.7843
4.7410	7.1848	0.2520	67.2982	66.1280
4.7415	7.1857	0.2438	67.1093	66.0792
4.7420	7.1862	0.2378	66.8034	65.8539
4.7425	7.1869	0.2272	66.2562	65.8712
4.7430	7.1874	0.2232	65.6078	65.9223
4.7435	7.1867	0.2234	64.4187	65.7811
4.7440	7.1872	0.2269	64.1278	65.8023
4.7445	7.1874	0.2279	63.7077	66.2014
4.7450	7.1868	0.2283	63.9604	66.0115
4.7455	7.1875	0.2220	64.4428	66.0988
4.7460	7.1875	0.2216	64.9262	66.0543
4.7465	7.1872	0.2322	65.3677	65.9704
4.7470	7.1869	0.2298	65.6436	66.0801
4.7475	7.1856	0.2457	66.0593	66.1301
4.7480	7.1842	0.2640	66.3819	65.7466
4.7485	7.1834	0.2655	66.6490	65.4797
4.7490	7.1816	0.2865	66.7454	65.4705
4.7495	7.1814	0.2841	66.8868	65.4104
4.7500	7.1829	0.2717	66.3874	65.7966
4.7505	7.1822	0.2859	66.3909	65.7190
4.7510	7.1839	0.2699	66.1538	65.6044
4.7515	7.1850	0.2543	65.8324	65.7574
4.7520	7.1850	0.2476	66.3939	66.0721
4.7525	7.1855	0.2486	66.8254	65.7994
4.7530	7.1856	0.2487	67.0495	65.4466
4.7535	7.1852	0.2477	67.1898	65.4817
4.7540	7.1853	0.2453	67.2793	65.2964
4.7545	7.1853	0.2502	67.4063	65.6789
4.7550	7.1854	0.2523	67.1134	66.1646
4.7555	7.1852	0.2475	66.7786	66.1219
4.7560	7.1854	0.2473	66.1362	66.3255
4.7565	7.1842	0.2604	65.9661	66.3058
4.7570	7.1837	0.2679	64.4608	66.0134
4.7575	7.1827	0.2798	63.0680	65.8625
4.7580	7.1823	0.2784	63.5139	65.7341
4.7585	7.1832	0.2738	63.9119	65.5215
4.7590	7.1833	0.2684	64.4307	65.4311
4.7595	7.1841	0.2579	64.6551	65.6659
4.7600	7.1847	0.2587	65.1219	65.8718
4.7605	7.1839	0.2624	65.5863	66.0360
4.7610	7.1829	0.2727	66.1167	65.9695
4.7615	7.1832	0.2666	66.2193	65.7649
4.7620	7.1851	0.2494	66.4529	65.6224
4.7625	7.1859	0.2458	66.6564	65.6943
4.7630	7.1866	0.2395	67.1173	65.5869
4.7635	7.1872	0.2334	66.5224	65.4507
4.7640	7.1871	0.2261	66.2490	65.6310
4.7645	7.1870	0.2320	66.5147	65.9169
4.7650	7.1862	0.2363	65.9870	66.1405
4.7655	7.1862	0.2422	66.2183	66.0616
4.7660	7.1846	0.2504	66.6388	66.0235
4.7665	7.1831	0.2695	66.9560	65.9175
4.7670	7.1832	0.2678	67.2496	66.2181
4.7675	7.1842	0.2570	67.2372	66.1201
4.7680	7.1853	0.2521	67.2452	65.8333
4.7685	7.1859	0.2377	67.1524	66.0453
4.7690	7.1882	0.2201	67.0146	66.0594
4.7695	7.1881	0.2180	66.4071	65.9581
4.7700	7.1886	0.2194	65.9613	65.7588
4.7705	7.1877	0.2171	64.9416	65.9733
4.7710	7.1875	0.2259	63.2545	65.8733
4.7715	7.1872	0.2243	63.4361	66.1856
4.7720	7.1870	0.2279	63.6656	65.9982
4.7725	7.1878	0.2269	64.1644	65.6425
4.7730	7.1873	0.2271	64.6236	65.5685
4.7735	7.1872	0.2307	65.0940	65.8113
4.7740	7.1856	0.2458	65.3534	65.8540
4.7745	7.1843	0.2552	65.7647	65.5082
4.7750	7.1827	0.2753	66.2016	65.5617
4.7755	7.1822	0.2742	66.5241	65.4777
4.7760	7.1822	0.2842	66.6238	66.0468
4.7765	7.1833	0.2720	66.7195	65.8941
4.7770	7.1837	0.2620	67.0229	65.4160
4.7775	7.1862	0.2345	66.7706	65.5234
4.7780	7.1876	0.2213	66.4818	65.6957
4.7785	7.1881	0.2239	66.3514	66.0145
4.7790	7.1880	0.2196	66.0089	65.9832
4.7795	7.1875	0.2251	66.5397	66.0001
4.7800	7.1869	0.2331	66.8758	65.7605
4.7805	7.1865	0.2361	67.0669	66.0282
4.7810	7.1866	0.2340	67.1110	66.0579
4.7815	7.1872	0.2298	67.3213	65.7867
4.7820	7.1880	0.2221	67.2281	65.7625
4.7825	7.1869	0.2350	66.9788	65.9312
4.7830	7.1859	0.2413	66.3478	65.9291
4.7835	7.1847	0.2492	66.2522	65.9559
4.7840	7.1843	0.2571	64.9591	66.1097
4.7845	7.1846	0.2549	62.9750	65.7240
4.7850	7.1861	0.2421	63.1587	65.6174
4.7855	7.1869	0.2311	63.5160	65.5258
4.7860	7.1882	0.2208	64.1883	65.3116
4.7865	7.1884	0.2172	64.4514	65.4766
4.7870	7.1875	0.2263	64.8322	65.7976
4.7875	7.1874	0.2238	65.2167	65.8488
4.7880	7.1869	0.2278	65.7995	65.9454
4.7885	7.1866	0.2368	66.1032	66.3285
4.7890	7.1864	0.2317	66.3331	66.1958
4.7895	7.1871	0.2287	66.4218	66.0390
4.7900	7.1877	0.2239	66.8484	65.9754
4.7905	7.1880	0.2252	67.0484	65.6774
4.7910	7.1868	0.2313	66.9594	65.7635
4.7915	7.1852	0.2497	66.5550	65.9549
4.7920	7.1845	0.2593	66.2086	66.0995
4.7925	7.1828	0.2696	66.4376	66.1342
4.7930	7.1841	0.2632	66.5153	66.3035
4.7935	7.1862	0.2445	66.6542	66.2041
4.7940	7.1860	0.2443	66.9868	65.8030
4.7945	7.1865	0.2363	67.4927	65.9710
4.7950	7.1861	0.2402	67.5511	65.6508
4.7955	7.1856	0.2485	67.3553	65.7918
4.7960	7.1852	0.2495	67.1632	65.7757
4.7965	7.1853	0.2492	66.9598	65.6159
4.7970	7.1856	0.2440	66.5854	65.4850
4.7975	7.1849	0.2482	65.2413	65.7868
4.7980	7.1852	0.2522	64.2499	65.8584
4.7985	7.1859	0.2502	63.2468	65.4607
4.7990	7.1868	0.2409	63.5836	65.7198
4.7995	7.1870	0.2309	63.8433	65.5133
4.8000	7.1850	0.2486	64.1700	65.7818
4.8005	7.1842	0.2565	64.7234	65.8306
4.8010	7.1829	0.2748	65.1402	65.4874
4.8015	7.1825	0.2721	65.4491	65.6059
4.8020	7.1836	0.2679	65.8030	65.9038
4.8025	7.1850	0.2488	66.2276	66.0644
4.8030	7.1861	0.2407	66.4742	65.9307
4.8035	7.1875	0.2284	66.5161	66.0052
4.8040	7.1882	0.2204	66.6201	65.6912
4.8045	7.1880	0.2212	66.9570	65.8707
4.8050	7.1879	0.2232	67.0508	66.0022
4.8055	7.1882	0.2166	65.7785	65.6870
4.8060	7.1882	0.2220	65.5893	65.6554
4.8065	7.1878	0.2233	66.2947	66.0281
4.8070	7.1870	0.2312	66.9392	65.9053
4.8075	7.1871	0.2293	67.2136	65.9261
4.8080	7.1880	0.2242	67.1102	66.1414
4.8085	7.1861	0.2419	67.3109	65.7467
4.8090	7.1853	0.2465	67.5394	65.5596
4.8095	7.1844	0.2561	67.5499	65.6273
4.8100	7.1834	0.2655	66.8338	65.5611
4.8105	7.1838	0.2653	66.5431	65.6797
4.8110	7.1844	0.2567	65.7943	65.9847
4.8115	7.1853	0.2520	65.1120	65.9549
4.8120	7.1872	0.2273	63.8882	65.8252
4.8125	7.1877	0.2292	62.9670	66.1285
4.8130	7.1880	0.2231	63.9033	66.0727
4.8135	7.1882	0.2151	64.2685	65.8472
4.8140	7.1876	0.2243	64.6191	65.9271
4.8145	7.1880	0.2267	64.7471	65.8378
4.8150	7.1886	0.2127	65.3446	66.0222
4.8155	7.1896	0.2064	65.8634	66.1723
4.8160	7.1905	0.1903	66.1355	66.2762
4.8165	7.1903	0.1953	66.1723	66.0054
4.8170	7.1895	0.2033	66.4700	66.1308
4.8175	7.1889	0.2086	66.8117	66.0918
4.8180	7.1878	0.2244	66.9317	65.7326
4.8185	7.1861	0.2364	66.6748	65.8934
4.8190	7.1855	0.2457	65.4631	66.0349
4.8195	7.1867	0.2395	65.7915	66.0867
4.8200	7.1867	0.2335	66.2302	65.8660
4.8205	7.1879	0.2250	66.4919	65.7542
4.8210	7.1882	0.2199	66.8498	65.2991
4.8215	7.1890	0.2136	67.3344	65.7471
4.8220	7.1880	0.2160	67.4378	65.6671
4.8225	7.1883	0.2201	67.3568	65.3053
4.8230	7.1871	0.2222	67.2389	65.4987
4.8235	7.1869	0.2270	67.1623	65.8085
4.8240	7.1873	0.2269	66.7716	66.0466
4.8245	7.1869	0.2264	66.2059	65.9529
4.8250	7.1867	0.2330	65.4594	65.8696
4.8255	7.1867	0.2388	64.7688	65.4900
4.8260	7.1865	0.2397	63.9411	65.8372
4.8265	7.1861	0.2430	63.4508	66.0556
4.8270	7.1856	0.2481	63.9385	65.7944
4.8275	7.1850	0.2567	64.3590	65.8257
4.8280	7.1851	0.2528	64.8903	65.9458
4.8285	7.1860	0.2411	65.1910	66.0117
4.8290	7.1868	0.2351	65.4887	66.0533
4.8295	7.1869	0.2343	65.9611	65.8427
4.8300	7.1876	0.2215	66.2571	65.6616
4.8305	7.1870	0.2315	66.4923	65.8008
4.8310	7.1881	0.2245	66.4423	65.8292
4.8315	7.1878	0.2219	66.9476	65.7065
4.8320	7.1879	0.2193	66.1537	65.8502
4.8325	7.1882	0.2183	64.8445	65.7873
4.8330	7.1885	0.2200	65.5462	65.5837
4.8335	7.1885	0.2225	65.8078	65.6629
4.8340	7.1876	0.2242	66.5833	65.8007
4.8345	7.1870	0.2293	66.8601	65.6568
4.8350	7.1855	0.2514	67.1119	65.7188
4.8355	7.1846	0.2581	67.2105	65.8007
4.8360	7.1833	0.2644	67.3497	65.7799
4.8365	7.1837	0.2646	67.4282	66.1015
4.8370	7.1838	0.2558	67.1891	66.1530
4.8375	7.1852	0.2509	66.7930	65.8682
4.8380	7.1864	0.2396	66.2988	65.8709
4.8385	7.1869	0.2341	65.8831	65.8816
4.8390	7.1865	0.2349	64.5788	65.7465
4.8395	7.1867	0.2385	64.0539	65.7431
4.8400	7.1862	0.2337	63.7269	66.1609
4.8405	7.1869	0.2310	63.9079	66.0817
4.8410	7.1875	0.2272	64.4476	66.0884
4.8415	7.1871	0.2301	64.7108	66.1230
4.8420	7.1864	0.2353	65.2243	65.9922
4.8425	7.1865	0.2364	65.6193	66.1143
4.8430	7.1849	0.2513	66.0674	66.1339
4.8435	7.1831	0.2681	66.2141	65.8169
4.8440	7.1826	0.2761	66.5482	65.4985
4.8445	7.1811	0.2916	66.7851	65.3906
4.8450	7.1805	0.2953	66.9863	65.3135
4.8455	7.1814	0.2826	66.2070	65.7276
4.8460	7.1820	0.2838	66.2506	65.7853
4.8465	7.1832	0.2689	66.4574	65.6455
4.8470	7.1849	0.2545	65.9042	65.7863
4.8475	7.1850	0.2514	66.1587	66.0990
4.8480	7.1850	0.2461	66.6620	65.9011
4.8485	7.1855	0.2510	67.0731	65.4952
4.8490	7.1853	0.2495	67.3027	65.4364
4.8495	7.1850	0.2524	67.1976	65.3027
4.8500	7.1849	0.2505	67.2257	65.5828
4.8505	7.1852	0.2481	67.1945	66.1255
4.8510	7.1858	0.2408	67.0293	66.1093
4.8515	7.1864	0.2391	66.2687	66.2503
4.8520	7.1852	0.2472	65.8678	66.3176
4.8525	7.1845	0.2533	64.7773	66.0408
4.8530	7.1837	0.2666	63.2782	65.9007
4.8535	7.1837	0.2666	63.4981	65.7800
4.8540	7.1839	0.2619	63.6941	65.5921
4.8545	7.1843	0.2611	64.2888	65.4582
4.8550	7.1852	0.2499	64.7058	65.6614
4.8555	7.1852	0.2458	65.1175	65.8795
4.8560	7.1852	0.2465	65.4185	66.0091
4.8565	7.1839	0.2642	65.9454	65.9585
4.8570	7.1847	0.2579	66.2759	65.7760
4.8575	7.1853	0.2443	66.5113	65.6130
4.8580	7.1864	0.2367	66.5591	65.6693
4.8585	7.1872	0.2323	66.9303	65.6563
4.8590	7.1874	0.2269	66.8398	65.5120
4.8595	7.1881	0.2203	66.3399	65.6282
4.8600	7.1879	0.2198	66.5190	65.9101
4.8605	7.1875	0.2196	65.9818	66.1154
4.8610	7.1872	0.2307	66.1495	66.0531
4.8615	7.1857	0.2392	66.6802	66.0089
4.8620	7.1840	0.2557	66.8560	65.8881
4.8625	7.1839	0.2660	67.0981	66.1423
4.8630	7.1851	0.2500	67.2708	66.2003
4.8635	7.1850	0.2498	67.3573	65.8375
4.8640	7.1861	0.2403	67.2044	66.0705
4.8645	7.1882	0.2167	66.9108	66.1021
4.8650	7.1883	0.2130	66.5061	66.0313
4.8655	7.1885	0.2167	66.1056	65.7619
4.8660	7.1879	0.2207	65.3249	65.9339
4.8665	7.1871	0.2300	63.3798	65.8418
4.8670	7.1870	0.2287	63.2768	66.0767
4.8675	7.1872	0.2322	63.6038	66.0472
4.8680	7.1871	0.2304	64.1385	65.6670
4.8685	7.1872	0.2327	64.5738	65.5965
4.8690	7.1867	0.2333	64.8836	65.7595
4.8695	7.1855	0.2411	65.2700	65.9509
4.8700	7.1843	0.2615	65.8074	65.5335
4.8705	7.1828	0.2714	66.1855	65.5629
4.8710	7.1815	0.2885	66.3315	65.4526
4.8715	7.1819	0.2805	66.4788	65.9177
4.8720	7.1822	0.2785	66.8008	65.9581
4.8725	7.1823	0.2756	67.1413	65.4260
4.8730	7.1850	0.2559	66.7609	65.4989
4.8735	7.1867	0.2352	66.3197	65.5888
4.8740	7.1866	0.2333	66.4894	65.9909
4.8745	7.1867	0.2380	66.2380	66.0039
4.8750	7.1862	0.2347	66.3832	66.0521
4.8755	7.1857	0.2463	66.6244	65.8235
4.8760	7.1851	0.2529	67.0565	66.0125
4.8765	7.1848	0.2504	67.3380	66.0844
4.8770	7.1857	0.2453	67.2667	65.7614
4.8775	7.1865	0.2364	67.0363	65.7377
4.8780	7.1863	0.2395	67.0518	65.8117
4.8785	7.1857	0.2445	66.7679	65.8867
4.8790	7.1846	0.2579	66.2596	65.8710
4.8795	7.1841	0.2601	65.1139	66.1379
4.8800	7.1841	0.2648	63.1008	65.8325
4.8805	7.1854	0.2443	63.3477	65.7276
4.8810	7.1864	0.2389	63.5930	65.6548
4.8815	7.1876	0.2256	63.8665	65.3946
4.8820	7.1877	0.2191	64.2240	65.4591
4.8825	7.1872	0.2319	64.9766	65.6895
4.8830	7.1857	0.2420	65.3497	65.7909
4.8835	7.1855	0.2459	65.5153	65.8369
4.8840	7.1859	0.2413	65.8416	66.2123
4.8845	7.1862	0.2410	66.4669	66.2122
4.8850	7.1870	0.2272	66.7266	66.0294
4.8855	7.1881	0.2219	66.6381	66.0468
4.8860	7.1878	0.2164	66.6136	65.7788
4.8865	7.1869	0.2310	67.1033	65.7706
4.8870	7.1852	0.2465	67.1149	65.9883
4.8875	7.1847	0.2561	66.1744	66.0042
4.8880	7.1834	0.2667	65.9836	66.0455
4.8885	7.1847	0.2564	66.4326	66.2042
4.8890	7.1867	0.2325	66.9696	66.1951
4.8895	7.1872	0.2238	67.0357	65.7545
4.8900	7.1893	0.2156	67.1192	65.9091
4.8905	7.1890	0.2079	67.4800	65.6998
4.8910	7.1889	0.2132	67.6029	65.7311
4.8915	7.1878	0.2190	67.3306	65.8479
4.8920	7.1878	0.2180	66.7258	65.6294
4.8925	7.1880	0.2195	66.6351	65.5987
4.8930	7.1873	0.2254	65.6934	65.7481
4.8935	7.1875	0.2261	64.6186	65.9306
4.8940	7.1878	0.2220	63.1627	65.4111
4.8945	7.1880	0.2162	63.3000	65.6324
4.8950	7.1882	0.2175	64.0282	65.5032
4.8955	7.1860	0.2308	64.2076	65.6719
4.8960	7.1854	0.2496	64.5235	65.8654
4.8965	7.1838	0.2624	64.8964	65.5006
4.8970	7.1837	0.2663	65.5407	65.5883
4.8975	7.1847	0.2565	65.9214	65.8327
4.8980	7.1854	0.2508	66.0347	66.0654
4.8985	7.1864	0.2324	66.1977	65.9299
4.8990	7.1875	0.2296	66.6260	65.9726
4.8995	7.1883	0.2160	66.9613	65.6983
4.9000	7.1880	0.2200	66.8544	65.7546
4.9005	7.1882	0.2241	66.8040	65.9707
4.9010	7.1882	0.2215	65.9677	65.6874
4.9015	7.1881	0.2194	65.8457	65.6037
4.9020	7.1885	0.2218	66.3788	65.9660
4.9025	7.1876	0.2231	66.5801	65.9335
4.9030	7.1878	0.2240	67.0543	65.8814
4.9035	7.1884	0.2181	67.3647	66.1132
4.9040	7.1865	0.2328	67.4995	65.8188
4.9045	7.1855	0.2443	67.3220	65.5457
4.9050	7.1844	0.2548	67.3995	65.5638
4.9055	7.1835	0.2691	67.1709	65.5075
4.9060	7.1838	0.2670	66.8736	65.5826
4.9065	7.1841	0.2561	65.8320	65.9095
4.9070	7.1856	0.2517	64.9374	65.9076
4.9075	7.1865	0.2353	64.4036	65.7573
4.9080	7.1877	0.2234	63.2434	66.0737
4.9085	7.1880	0.2183	63.7267	66.1185
4.9090	7.1886	0.2162	63.9832	65.8159
4.9095	7.1878	0.2178	64.5443	65.8719
4.9100	7.1878	0.2258	64.9575	65.7818
4.9105	7.1880	0.2168	65.2758	65.9186
4.9110	7.1888	0.2157	65.5260	66.0786
4.9115	7.1893	0.2048	66.0891	66.2317
4.9120	7.1894	0.2027	66.4801	66.0632
4.9125	7.1886	0.2112	66.4703	66.0725
4.9130	7.1879	0.2243	66.5010	66.1547
4.9135	7.1869	0.2292	66.7545	65.7236
4.9140	7.1851	0.2484	67.1598	65.8201
4.9145	7.1847	0.2576	65.8189	65.9701
4.9150	7.1849	0.2526	65.3621	66.0676
4.9155	7.1857	0.2475	65.9983	65.8532
4.9160	7.1858	0.2372	66.6758	65.7704
4.9165	7.1869	0.2297	67.0536	65.3427
4.9170	7.1876	0.2265	67.0587	65.6539
4.9175	7.1869	0.2351	67.2308	65.7635
4.9180	7.1873	0.2295	67.5231	65.3342
4.9185	7.1872	0.2324	67.5501	65.4462
4.9190	7.1863	0.2389	67.1084	65.6919
4.9195	7.1867	0.2378	66.6249	66.0087
4.9200	7.1861	0.2389	66.3745	65.8930
4.9205	7.1857	0.2422	65.8580	65.8792
4.9210	7.1855	0.2438	64.8218	65.5145
4.9215	7.1861	0.2443	63.9037	65.7108
4.9220	7.1857	0.2469	63.4171	66.0770
4.9225	7.1847	0.2551	64.0808	65.8436
4.9230	7.1841	0.2610	64.2959	65.8266
4.9235	7.1839	0.2561	64.6118	65.9549
4.9240	7.1856	0.2443	65.0912	65.9839
4.9245	7.1871	0.2306	65.6296	66.0168
4.9250	7.1869	0.2320	65.9983	65.8578
4.9255	7.1873	0.2177	66.0597	65.6152
4.9260	7.1870	0.2268	66.3128	65.7220
4.9265	7.1871	0.2218	66.5856	65.8226
4.9270	7.1877	0.2246	66.9787	65.6988
4.9275	7.1880	0.2187	66.4162	65.8495
4.9280	7.1881	0.2192	64.8136	65.8541
4.9285	7.1881	0.2265	65.5032	65.6212
4.9290	7.1878	0.2214	65.9641	65.6438
4.9295	7.1875	0.2314	66.4235	65.7931
4.9300	7.1867	0.2334	66.6227	65.6746
4.9305	7.1853	0.2460	67.0615	65.6431
4.9310	7.1845	0.2561	67.4078	65.7790
4.9315	7.1841	0.2590	67.3970	65.7105
4.9320	7.1841	0.2584	67.2420	65.9999
4.9325	7.1843	0.2546	67.1663	66.1557
4.9330	7.1856	0.2452	67.1151	65.9052
4.9335	7.1868	0.2393	66.4320	65.8785
4.9340	7.1873	0.2298	65.8421	65.9317
4.9345	7.1871	0.2273	64.7610	65.8517
4.9350	7.1870	0.2335	64.2286	65.7195
4.9355	7.1869	0.2297	63.9511	66.1132
4.9360	7.1876	0.2302	63.6477	66.1046
4.9365	7.1869	0.2280	64.2633	66.0224
4.9370	7.1872	0.2281	64.7966	66.1093
4.9375	7.1861	0.2416	65.3105	65.9469
4.9380	7.1863	0.2311	65.4488	66.0405
4.9385	7.1858	0.2410	65.8296	66.1213
4.9390	7.1844	0.2571	66.2950	65.9145
4.9395	7.1835	0.2662	66.7508	65.5060
4.9400	7.1819	0.2835	66.6066	65.4529
4.9405	7.1808	0.2938	66.7940	65.2826
4.9410	7.1818	0.2840	66.5379	65.6442
4.9415	7.1812	0.2850	66.3510	65.8183
4.9420	7.1819	0.2885	66.4333	65.6360
4.9425	7.1839	0.2642	65.7950	65.7040
4.9430	7.1836	0.2596	66.0914	66.0055
4.9435	7.1842	0.2598	66.8273	65.9851
4.9440	7.1843	0.2554	66.9586	65.5161
4.9445	7.1845	0.2590	67.0707	65.4839
4.9450	7.1845	0.2567	67.1827	65.3527
4.9455	7.1847	0.2566	67.4346	65.4805
4.9460	7.1843	0.2609	67.2832	66.0596
4.9465	7.1843	0.2608	66.8279	66.1413
4.9470	7.1846	0.2595	66.3188	66.1975
4.9475	7.1839	0.2685	66.1234	66.3765
4.9480	7.1831	0.2720	65.2227	66.1539
4.9485	7.1822	0.2820	63.1960	65.9445
4.9490	7.1818	0.2840	63.2630	65.8076
4.9495	7.1822	0.2789	63.8033	65.6109
4.9500	7.1830	0.2753	64.3415	65.4198
4.9505	7.1835	0.2662	64.5424	65.5832
4.9510	7.1838	0.2577	64.8623	65.8001
4.9515	7.1838	0.2620	65.4392	65.9904
4.9520	7.1829	0.2747	66.0386	66.0023
4.9525	7.1830	0.2727	66.1849	65.8148
4.9530	7.1847	0.2569	66.2891	65.6723
4.9535	7.1856	0.2484	66.5401	65.6795
4.9540	7.1857	0.2346	67.0457	65.7070
4.9545	7.1862	0.2321	66.9691	65.5124
4.9550	7.1873	0.2325	66.1545	65.5646
4.9555	7.1876	0.2266	66.4830	65.8030
4.9560	7.1871	0.2291	66.2302	66.0901
4.9565	7.1863	0.2378	66.0927	66.0394
4.9570	7.1852	0.2400	66.4787	66.0157
4.9575	7.1838	0.2608	66.7645	65.9397
4.9580	7.1832	0.2680	67.1776	66.0878
4.9585	7.1844	0.2556	67.3548	66.2843
4.9590	7.1848	0.2509	67.2265	65.8686
4.9595	7.1856	0.2446	67.1376	66.0303
4.9600	7.1876	0.2254	67.0679	66.0832
4.9605	7.1881	0.2217	66.7502	66.0468
4.9610	7.1878	0.2198	66.0347	65.8036
4.9615	7.1881	0.2198	65.4598	65.9110
4.9620	7.1873	0.2294	63.6652	65.8863
4.9625	7.1872	0.2275	63.3339	66.0334
4.9630	7.1875	0.2308	63.5885	66.1675
4.9635	7.1873	0.2305	63.8854	65.7320
4.9640	7.1871	0.2279	64.4712	65.6156
4.9645	7.1869	0.2319	64.9748	65.6879
4.9650	7.1860	0.2409	65.2850	65.9687
4.9655	7.1851	0.2473	65.5419	65.5787
4.9660	7.1835	0.2649	66.0438	65.5561
4.9665	7.1825	0.2762	66.4812	65.4517
4.9670	7.1825	0.2761	66.6133	65.7912
4.9675	7.1830	0.2771	66.5924	66.0886
4.9680	7.1837	0.2673	66.9087	65.4854
4.9685	7.1855	0.2499	67.0145	65.5178
4.9690	7.1876	0.2331	66.5524	65.6081
4.9695	7.1873	0.2242	66.3438	65.9016
4.9700	7.1877	0.2199	66.0056	66.0535
4.9705	7.1875	0.2236	66.3645	66.0354
4.9710	7.1867	0.2336	66.8380	65.8685
4.9715	7.1862	0.2375	66.9380	65.9018
4.9720	7.1864	0.2382	67.0612	66.1151
4.9725	7.1861	0.2374	67.2692	65.8193
4.9730	7.1870	0.2319	67.3508	65.7292
4.9735	7.1866	0.2380	67.0092	65.8375
4.9740	7.1860	0.2429	66.5636	65.9773
4.9745	7.1853	0.2521	66.2456	65.9080
4.9750	7.1839	0.2608	65.7637	66.1454
4.9755	7.1843	0.2615	63.3796	65.9114
4.9760	7.1856	0.2482	62.9369	65.6481
4.9765	7.1862	0.2375	63.4252	65.6279
4.9770	7.1878	0.2266	64.0380	65.3728
4.9775	7.1882	0.2182	64.3124	65.3688
4.9780	7.1876	0.2269	64.6051	65.6596
4.9785	7.1869	0.2336	65.0773	65.8211
4.9790	7.1861	0.2366	65.6419	65.8191
4.9795	7.1862	0.2449	66.0193	66.1897
4.9800	7.1859	0.2440	66.1897	66.3090
4.9805	7.1865	0.2419	66.4173	66.0387
4.9810	7.1870	0.2313	66.7005	66.0544
4.9815	7.1873	0.2284	66.9244	65.7986
4.9820	7.1868	0.2303	66.9430	65.7000
4.9825	7.1850	0.2464	66.8441	65.9417
4.9830	7.1844	0.2563	66.4184	66.0293
4.9835	7.1829	0.2652	66.3204	66.0567
4.9840	7.1834	0.2713	66.2233	66.1836
4.9845	7.1852	0.2496	66.4740	66.3122
4.9850	7.1858	0.2426	67.0857	65.8744
4.9855	7.1861	0.2419	67.5024	65.9455
4.9860	7.1865	0.2351	67.5190	65.8180
4.9865	7.1860	0.2446	67.1597	65.6994
4.9870	7.1851	0.2523	67.2771	65.8696
4.9875	7.1846	0.2549	67.1435	65.6328
4.9880	7.1853	0.2478	66.8512	65.5661
4.9885	7.1852	0.2537	65.5851	65.6513
4.9890	7.1852	0.2508	64.6692	65.9661
4.9895	7.1854	0.2483	63.6815	65.4827
4.9900	7.1858	0.2461	63.3330	65.6212
4.9905	7.1865	0.2322	63.7381	65.6143
4.9910	7.1862	0.2383	63.9070	65.6667
4.9915	7.1844	0.2535	64.6711	65.9379
4.9920	7.1833	0.2662	65.0725	65.5634
4.9925	7.1826	0.2811	65.2830	65.5531
4.9930	7.1836	0.2647	65.5258	65.7791
4.9935	7.1842	0.2573	66.1120	66.0893
4.9940	7.1855	0.2487	66.5382	65.9533
4.9945	7.1865	0.2377	66.5114	66.0044
4.9950	7.1873	0.2278	66.5726	65.7971
4.9955	7.1875	0.2223	66.7478	65.7425
4.9960	7.1876	0.2282	67.1313	66.0094
4.9965	7.1880	0.2269	66.2644	65.7780
4.9970	7.1876	0.2256	65.4934	65.5830
4.9975	7.1874	0.2225	66.1566	65.9183
4.9980	7.1876	0.2269	66.7346	65.9765
4.9985	7.1872	0.2272	67.1392	65.8287
4.9990	7.1883	0.2212	67.0945	66.1131
4.9995	7.1871	0.2324	67.2589	65.9225
