Flexible Shaft
9/10/2026 3:40:04 PM
Sample Rate (Hz) = 2000.00
Effective Sample Rate (Hz) = 2000.00
time (s)	Voltage (V)	Current (A)	Distal Tach (rad/s)	Motor Tach (rad/s)

0.0000	6.1564	0.2502	53.2315	54.6767
0.0005	6.1564	0.2522	53.6162	54.5040
0.0010	6.1558	0.2546	53.8173	54.6644
0.0015	6.1563	0.2524	53.8467	54.8357
0.0020	6.1559	0.2561	54.2979	54.9289
0.0025	6.1557	0.2564	54.7989	55.0239
0.0030	6.1553	0.2630	55.0164	55.2728
0.0035	6.1559	0.2614	54.9998	55.4762
0.0040	6.1571	0.2502	55.3183	55.3130
0.0045	6.1572	0.2452	55.7110	55.1271
0.0050	6.1573	0.2328	55.6623	55.1189
0.0055	6.1575	0.2389	55.5584	54.8899
0.0060	6.1571	0.2443	55.7978	54.7197
0.0065	6.1557	0.2546	56.1291	54.9273
0.0070	6.1549	0.2672	55.9019	55.1082
0.0075	6.1537	0.2738	55.0814	55.1822
0.0080	6.1535	0.2868	55.1256	55.3777
0.0085	6.1543	0.2782	55.4227	55.4254
0.0090	6.1556	0.2577	55.6910	55.5621
0.0095	6.1555	0.2563	55.6903	55.1470
0.0100	6.1558	0.2593	55.8778	54.8864
0.0105	6.1550	0.2673	56.3045	54.9352
0.0110	6.1554	0.2624	56.3606	54.8329
0.0115	6.1549	0.2686	56.2300	54.7884
0.0120	6.1550	0.2696	56.0711	54.9517
0.0125	6.1559	0.2567	56.2148	54.9123
0.0130	6.1575	0.2441	55.9114	54.9171
0.0135	6.1569	0.2401	55.5217	54.9114
0.0140	6.1567	0.2481	54.7487	55.0518
0.0145	6.1558	0.2558	54.2820	55.2407
0.0150	6.1556	0.2594	53.6519	54.8345
0.0155	6.1573	0.2473	52.4749	54.6607
0.0160	6.1579	0.2384	52.9412	54.7333
0.0165	6.1576	0.2352	53.2416	54.6214
0.0170	6.1561	0.2484	53.7314	54.7379
0.0175	6.1557	0.2611	53.7627	54.9758
0.0180	6.1546	0.2750	53.9751	54.8418
0.0185	6.1537	0.2794	54.3565	54.8562
0.0190	6.1546	0.2759	54.8219	54.8511
0.0195	6.1552	0.2657	54.8950	55.0163
0.0200	6.1562	0.2546	55.0310	55.2414
0.0205	6.1574	0.2410	55.2772	55.0479
0.0210	6.1582	0.2394	55.6501	54.9336
0.0215	6.1590	0.2269	55.6160	54.9597
0.0220	6.1597	0.2151	55.6652	54.6774
0.0225	6.1597	0.2241	55.7588	54.7951
0.0230	6.1591	0.2214	56.0972	54.9957
0.0235	6.1586	0.2298	55.3972	55.0142
0.0240	6.1585	0.2310	54.5699	54.9614
0.0245	6.1588	0.2295	55.0210	55.0313
0.0250	6.1591	0.2239	55.5256	55.2567
0.0255	6.1583	0.2255	55.8346	55.0217
0.0260	6.1599	0.2180	55.7969	54.9200
0.0265	6.1606	0.2048	55.9740	54.9925
0.0270	6.1599	0.2168	56.3346	54.9122
0.0275	6.1582	0.2291	56.4082	54.5927
0.0280	6.1564	0.2474	56.2332	54.5554
0.0285	6.1550	0.2637	56.0955	54.6805
0.0290	6.1546	0.2687	56.2030	54.7749
0.0295	6.1557	0.2626	55.9152	54.9515
0.0300	6.1558	0.2567	55.4768	55.1670
0.0305	6.1555	0.2577	54.4735	55.2411
0.0310	6.1562	0.2556	54.2865	54.9775
0.0315	6.1557	0.2608	53.9669	54.8421
0.0320	6.1558	0.2620	52.5862	54.9021
0.0325	6.1556	0.2578	53.0862	55.0677
0.0330	6.1575	0.2392	53.3079	54.7865
0.0335	6.1586	0.2349	53.7382	54.8109
0.0340	6.1584	0.2340	53.9004	54.9974
0.0345	6.1589	0.2245	54.1049	55.0407
0.0350	6.1594	0.2154	54.4055	55.1892
0.0355	6.1592	0.2250	54.8199	55.2610
0.0360	6.1593	0.2154	55.0643	55.2949
0.0365	6.1599	0.2183	55.1750	55.3140
0.0370	6.1596	0.2158	55.3524	55.0510
0.0375	6.1585	0.2236	55.5510	55.1016
0.0380	6.1574	0.2392	55.6827	55.0939
0.0385	6.1570	0.2458	55.6881	54.7584
0.0390	6.1557	0.2525	55.8610	54.8219
0.0395	6.1548	0.2700	55.7306	55.1106
0.0400	6.1546	0.2700	54.7120	55.2514
0.0405	6.1541	0.2744	54.8386	55.2733
0.0410	6.1541	0.2800	55.0572	55.0354
0.0415	6.1552	0.2684	55.5100	54.9307
0.0420	6.1562	0.2633	55.8029	54.6329
0.0425	6.1569	0.2502	55.9490	54.4956
0.0430	6.1574	0.2424	56.0781	54.8055
0.0435	6.1571	0.2458	56.2809	54.7130
0.0440	6.1577	0.2381	56.3628	54.4764
0.0445	6.1583	0.2334	56.2412	54.5782
0.0450	6.1586	0.2292	56.1657	54.8837
0.0455	6.1593	0.2191	55.9938	55.0371
0.0460	6.1602	0.2155	55.7265	55.1803
0.0465	6.1607	0.2066	55.2879	54.9982
0.0470	6.1604	0.2112	54.9497	54.9154
0.0475	6.1606	0.2096	54.2572	54.6200
0.0480	6.1594	0.2177	53.9327	54.5569
0.0485	6.1585	0.2301	53.0513	54.9059
0.0490	6.1571	0.2452	52.9974	55.0520
0.0495	6.1559	0.2572	53.3944	54.8962
0.0500	6.1558	0.2617	53.6864	55.0133
0.0505	6.1557	0.2590	54.0230	55.1354
0.0510	6.1572	0.2490	54.1802	55.1536
0.0515	6.1577	0.2365	54.4774	55.1759
0.0520	6.1568	0.2437	54.8323	55.1040
0.0525	6.1568	0.2479	55.0851	54.9588
0.0530	6.1573	0.2458	55.2461	54.6183
0.0535	6.1579	0.2356	55.2915	54.7092
0.0540	6.1583	0.2349	55.5614	54.7563
0.0545	6.1594	0.2217	55.6767	54.7594
0.0550	6.1589	0.2231	55.9148	54.7870
0.0555	6.1593	0.2207	55.3390	55.0122
0.0560	6.1592	0.2195	54.0929	55.0326
0.0565	6.1599	0.2147	54.7215	54.9244
0.0570	6.1602	0.2064	54.8469	54.8893
0.0575	6.1604	0.2124	55.1726	54.9380
0.0580	6.1599	0.2198	55.5220	54.9839
0.0585	6.1582	0.2308	55.8862	54.7954
0.0590	6.1562	0.2510	56.0000	54.8310
0.0595	6.1549	0.2635	56.1062	54.8276
0.0600	6.1543	0.2771	56.1965	54.8662
0.0605	6.1554	0.2703	56.3454	54.8723
0.0610	6.1546	0.2707	56.2614	55.1486
0.0615	6.1546	0.2742	56.1043	55.1873
0.0620	6.1543	0.2773	55.8713	55.0475
0.0625	6.1548	0.2734	55.6500	55.0546
0.0630	6.1570	0.2462	55.1782	55.1289
0.0635	6.1579	0.2344	54.7392	55.1314
0.0640	6.1578	0.2323	53.6869	54.9596
0.0645	6.1574	0.2349	53.6728	54.9051
0.0650	6.1587	0.2289	53.2555	55.1459
0.0655	6.1581	0.2260	53.1818	55.1177
0.0660	6.1588	0.2272	53.6016	54.9692
0.0665	6.1596	0.2219	53.9325	55.1096
0.0670	6.1598	0.2204	54.2760	54.9690
0.0675	6.1597	0.2191	54.3746	55.0371
0.0680	6.1594	0.2189	54.6742	55.1876
0.0685	6.1587	0.2258	55.0724	55.2997
0.0690	6.1566	0.2452	55.4191	55.2125
0.0695	6.1555	0.2595	55.4312	54.8776
0.0700	6.1545	0.2682	55.5117	54.6443
0.0705	6.1530	0.2882	55.7200	54.6614
0.0710	6.1526	0.2913	56.0075	54.5143
0.0715	6.1532	0.2868	55.7280	54.6957
0.0720	6.1541	0.2776	55.4043	54.8762
0.0725	6.1541	0.2723	55.7068	54.7884
0.0730	6.1554	0.2653	55.5405	54.7366
0.0735	6.1567	0.2501	54.9720	54.8621
0.0740	6.1562	0.2480	55.2266	55.0695
0.0745	6.1567	0.2508	55.5806	55.0925
0.0750	6.1570	0.2459	55.8910	54.7920
0.0755	6.1566	0.2463	56.0786	54.6803
0.0760	6.1575	0.2449	56.0894	54.6432
0.0765	6.1572	0.2448	56.1621	54.4659
0.0770	6.1574	0.2348	56.2735	54.6896
0.0775	6.1581	0.2396	56.2314	55.0729
0.0780	6.1577	0.2331	55.9054	55.1384
0.0785	6.1584	0.2328	55.6765	55.1591
0.0790	6.1584	0.2319	55.3246	55.2349
0.0795	6.1573	0.2392	55.1145	55.2632
0.0800	6.1560	0.2543	54.3252	55.1177
0.0805	6.1550	0.2655	52.7879	55.0243
0.0810	6.1542	0.2783	52.8980	54.8976
0.0815	6.1539	0.2792	53.0805	54.7788
0.0820	6.1550	0.2701	53.4199	54.6917
0.0825	6.1547	0.2632	53.6294	54.6882
0.0830	6.1559	0.2548	53.9665	54.7990
0.0835	6.1570	0.2489	54.2922	54.9273
0.0840	6.1584	0.2334	54.5196	55.0614
0.0845	6.1581	0.2412	54.8079	55.0788
0.0850	6.1571	0.2464	55.1708	55.0204
0.0855	6.1570	0.2421	55.4060	54.8738
0.0860	6.1581	0.2398	55.4181	54.7292
0.0865	6.1580	0.2341	55.5671	54.7653
0.0870	6.1582	0.2309	55.7732	54.8767
0.0875	6.1582	0.2328	56.1406	54.7668
0.0880	6.1587	0.2236	55.4353	54.6128
0.0885	6.1589	0.2246	55.3756	54.8514
0.0890	6.1592	0.2265	55.7578	54.9915
0.0895	6.1592	0.2224	55.5055	55.1964
0.0900	6.1586	0.2295	55.0983	55.2314
0.0905	6.1585	0.2303	55.2739	55.1139
0.0910	6.1576	0.2418	55.6877	55.0984
0.0915	6.1555	0.2564	55.9670	54.9769
0.0920	6.1559	0.2642	56.1698	55.0307
0.0925	6.1565	0.2471	56.0628	55.1907
0.0930	6.1569	0.2405	56.1499	54.9505
0.0935	6.1575	0.2426	56.2046	54.8737
0.0940	6.1576	0.2396	56.2275	55.0905
0.0945	6.1582	0.2359	55.7992	55.1338
0.0950	6.1591	0.2261	55.5773	55.2035
0.0955	6.1601	0.2180	55.2086	55.0340
0.0960	6.1597	0.2156	55.1360	55.0964
0.0965	6.1591	0.2203	53.6679	55.1714
0.0970	6.1587	0.2274	52.5738	55.0336
0.0975	6.1587	0.2270	53.0116	55.1732
0.0980	6.1591	0.2195	53.1598	55.1126
0.0985	6.1595	0.2234	53.4976	54.7191
0.0990	6.1599	0.2167	53.5989	54.6339
0.0995	6.1601	0.2133	54.0582	54.5859
0.1000	6.1596	0.2209	54.3821	54.8271
0.1005	6.1586	0.2303	54.6288	54.9822
0.1010	6.1573	0.2478	54.7675	54.7856
0.1015	6.1561	0.2523	55.1396	54.9044
0.1020	6.1556	0.2640	55.5184	54.8735
0.1025	6.1555	0.2609	55.5626	54.8654
0.1030	6.1552	0.2673	55.5108	55.2038
0.1035	6.1561	0.2555	55.7076	55.0162
0.1040	6.1569	0.2483	56.0540	54.5246
0.1045	6.1574	0.2380	55.9747	54.4840
0.1050	6.1580	0.2343	55.4838	54.5219
0.1055	6.1586	0.2266	55.5425	54.7561
0.1060	6.1595	0.2170	55.5569	55.0966
0.1065	6.1595	0.2198	55.2737	55.0995
0.1070	6.1596	0.2186	55.3390	55.2732
0.1075	6.1600	0.2162	55.5957	55.2001
0.1080	6.1597	0.2192	55.9057	55.1184
0.1085	6.1594	0.2213	56.1717	55.2441
0.1090	6.1592	0.2231	56.1159	55.0708
0.1095	6.1593	0.2228	56.0004	54.8079
0.1100	6.1591	0.2215	56.1432	54.7615
0.1105	6.1582	0.2279	56.0894	54.7502
0.1110	6.1578	0.2322	55.8398	54.8821
0.1115	6.1570	0.2467	55.2673	54.9203
0.1120	6.1560	0.2555	55.1871	55.1751
0.1125	6.1555	0.2629	54.3659	55.3386
0.1130	6.1553	0.2633	52.5826	55.1534
0.1135	6.1552	0.2620	52.6832	54.9454
0.1140	6.1554	0.2596	52.8537	54.8914
0.1145	6.1564	0.2543	53.3721	54.6559
0.1150	6.1564	0.2561	53.4706	54.4646
0.1155	6.1558	0.2555	53.7118	54.6036
0.1160	6.1561	0.2545	54.0291	54.7856
0.1165	6.1558	0.2613	54.4717	54.9066
0.1170	6.1557	0.2608	54.6443	54.9936
0.1175	6.1555	0.2616	54.8558	55.2355
0.1180	6.1555	0.2603	55.1821	55.4660
0.1185	6.1566	0.2554	55.4999	55.2974
0.1190	6.1566	0.2470	55.5651	55.1196
0.1195	6.1570	0.2445	55.5105	55.1039
0.1200	6.1569	0.2490	55.7012	54.8729
0.1205	6.1564	0.2476	56.0026	54.7069
0.1210	6.1557	0.2592	56.0574	54.8729
0.1215	6.1550	0.2646	55.6614	55.0877
0.1220	6.1540	0.2755	55.1138	55.1610
0.1225	6.1536	0.2816	55.3674	55.3676
0.1230	6.1538	0.2791	55.4274	55.3576
0.1235	6.1547	0.2675	55.5024	55.5745
0.1240	6.1543	0.2708	55.6956	55.1531
0.1245	6.1545	0.2723	56.0567	54.8749
0.1250	6.1535	0.2832	56.2997	54.9465
0.1255	6.1531	0.2841	56.2205	54.8426
0.1260	6.1529	0.2894	56.2227	54.7758
0.1265	6.1529	0.2968	56.2076	54.9122
0.1270	6.1523	0.2923	56.1865	54.9037
0.1275	6.1540	0.2803	55.7418	54.8813
0.1280	6.1550	0.2669	55.5372	54.8553
0.1285	6.1560	0.2592	54.9142	54.9897
0.1290	6.1551	0.2658	54.2662	55.2300
0.1295	6.1556	0.2646	53.4434	54.8385
0.1300	6.1575	0.2455	52.4338	54.6478
0.1305	6.1571	0.2424	53.0968	54.7146
0.1310	6.1576	0.2407	53.3129	54.6390
0.1315	6.1562	0.2532	53.5809	54.7161
0.1320	6.1558	0.2616	53.6873	54.9833
0.1325	6.1541	0.2712	54.1348	54.8559
0.1330	6.1541	0.2837	54.4655	54.8579
0.1335	6.1541	0.2751	54.6652	54.8553
0.1340	6.1551	0.2708	54.7432	55.0046
0.1345	6.1561	0.2602	55.1398	55.2485
0.1350	6.1571	0.2477	55.4318	55.0657
0.1355	6.1575	0.2431	55.5718	54.9217
0.1360	6.1586	0.2275	55.4050	54.9541
0.1365	6.1588	0.2260	55.6188	54.7245
0.1370	6.1577	0.2387	55.9269	54.8061
0.1375	6.1576	0.2357	56.1445	55.0308
0.1380	6.1576	0.2381	55.2226	55.0656
0.1385	6.1573	0.2389	54.5010	54.9914
0.1390	6.1578	0.2375	55.1223	55.0079
0.1395	6.1588	0.2315	55.5553	55.2443
0.1400	6.1583	0.2340	55.6814	55.0406
0.1405	6.1592	0.2276	55.7243	54.9187
0.1410	6.1607	0.2129	56.0779	54.9973
0.1415	6.1602	0.2071	56.3740	54.9516
0.1420	6.1585	0.2315	56.2407	54.6563
0.1425	6.1570	0.2496	56.0870	54.5829
0.1430	6.1557	0.2620	56.1773	54.7209
0.1435	6.1551	0.2635	56.2979	54.8129
0.1440	6.1553	0.2618	55.7392	54.9266
0.1445	6.1562	0.2554	55.2549	55.1479
0.1450	6.1563	0.2544	54.4800	55.2664
0.1455	6.1563	0.2508	54.4065	55.0146
0.1460	6.1566	0.2518	53.8419	54.8789
0.1465	6.1570	0.2471	52.3718	54.9211
0.1470	6.1572	0.2408	53.0052	55.1129
0.1475	6.1589	0.2328	53.4182	54.8361
0.1480	6.1584	0.2326	53.7553	54.8179
0.1485	6.1580	0.2346	53.6645	55.0267
0.1490	6.1587	0.2281	53.9624	55.0721
0.1495	6.1587	0.2275	54.5030	55.2163
0.1500	6.1590	0.2279	54.8808	55.3202
0.1505	6.1603	0.2148	54.8574	55.3787
0.1510	6.1609	0.2033	54.9938	55.3673
0.1515	6.1605	0.2086	55.4184	55.0931
0.1520	6.1598	0.2136	55.6493	55.1050
0.1525	6.1592	0.2246	55.5158	55.1074
0.1530	6.1580	0.2277	55.4916	54.7658
0.1535	6.1567	0.2500	55.9120	54.8124
0.1540	6.1556	0.2587	55.8663	55.1192
0.1545	6.1555	0.2619	54.5883	55.2765
0.1550	6.1548	0.2708	54.5925	55.3511
0.1555	6.1548	0.2708	55.0575	55.1119
0.1560	6.1555	0.2666	55.6637	55.0181
0.1565	6.1563	0.2534	55.7353	54.7206
0.1570	6.1571	0.2455	55.6928	54.5001
0.1575	6.1575	0.2381	56.0469	54.8078
0.1580	6.1572	0.2430	56.4320	54.7294
0.1585	6.1579	0.2351	56.3328	54.4848
0.1590	6.1583	0.2319	56.0034	54.5721
0.1595	6.1586	0.2276	56.0729	54.9006
0.1600	6.1598	0.2146	56.1478	55.0630
0.1605	6.1600	0.2183	55.7604	55.2379
0.1610	6.1604	0.2083	55.0213	55.0805
0.1615	6.1603	0.2141	54.8030	54.9705
0.1620	6.1599	0.2141	54.4526	54.7325
0.1625	6.1594	0.2175	54.0564	54.5925
0.1630	6.1588	0.2341	52.7448	54.9067
0.1635	6.1568	0.2493	52.7405	55.0735
0.1640	6.1558	0.2627	53.5882	54.9083
0.1645	6.1549	0.2671	53.9023	55.0225
0.1650	6.1553	0.2631	53.7412	55.1599
0.1655	6.1560	0.2590	53.8229	55.1927
0.1660	6.1559	0.2547	54.5664	55.2593
0.1665	6.1558	0.2554	55.0770	55.2182
0.1670	6.1559	0.2537	54.9308	55.0338
0.1675	6.1575	0.2366	54.8336	54.6674
0.1680	6.1584	0.2255	55.3011	54.7198
0.1685	6.1591	0.2297	55.8403	54.7484
0.1690	6.1596	0.2167	55.5806	54.7560
0.1695	6.1599	0.2111	55.5021	54.7777
0.1700	6.1605	0.2083	55.3143	54.9978
0.1705	6.1601	0.2097	54.3911	55.0702
0.1710	6.1603	0.2093	54.6873	54.9738
0.1715	6.1611	0.2046	54.4301	54.9684
0.1720	6.1615	0.1998	55.0381	55.0140
0.1725	6.1604	0.2084	55.7649	55.0628
0.1730	6.1588	0.2319	55.9008	54.8495
0.1735	6.1568	0.2491	55.6757	54.8625
0.1740	6.1554	0.2649	55.9383	54.8377
0.1745	6.1539	0.2779	56.3797	54.8685
0.1750	6.1545	0.2750	56.4006	54.8857
0.1755	6.1547	0.2676	55.9440	55.1727
0.1760	6.1547	0.2702	55.9456	55.2442
0.1765	6.1546	0.2691	56.0606	55.1164
0.1770	6.1554	0.2654	55.7502	55.1225
0.1775	6.1569	0.2465	54.9341	55.1665
0.1780	6.1581	0.2350	54.5604	55.1429
0.1785	6.1579	0.2322	53.8406	54.9925
0.1790	6.1574	0.2413	53.7893	54.9256
0.1795	6.1579	0.2355	53.1021	55.1396
0.1800	6.1579	0.2319	52.9306	55.1401
0.1805	6.1579	0.2351	53.6464	54.9821
0.1810	6.1585	0.2337	54.0386	55.1408
0.1815	6.1583	0.2260	54.1024	55.0489
0.1820	6.1589	0.2242	54.1008	55.1183
0.1825	6.1587	0.2269	54.6939	55.2334
0.1830	6.1581	0.2349	55.2106	55.3403
0.1835	6.1566	0.2481	55.2783	55.2606
0.1840	6.1553	0.2606	55.1459	54.9068
0.1845	6.1541	0.2711	55.4854	54.6681
0.1850	6.1531	0.2872	55.8581	54.6737
0.1855	6.1527	0.2891	55.9503	54.5637
0.1860	6.1537	0.2809	55.4757	54.7193
0.1865	6.1545	0.2697	55.3426	54.9217
0.1870	6.1559	0.2576	55.8851	54.8309
0.1875	6.1569	0.2544	55.5565	54.7847
0.1880	6.1574	0.2416	54.6919	54.8975
0.1885	6.1567	0.2390	55.1032	55.0914
0.1890	6.1569	0.2483	55.6968	55.1385
0.1895	6.1575	0.2425	55.9074	54.8289
0.1900	6.1571	0.2479	55.8513	54.7067
0.1905	6.1576	0.2432	55.9423	54.6667
0.1910	6.1571	0.2468	56.2685	54.5007
0.1915	6.1570	0.2445	56.3207	54.6985
0.1920	6.1574	0.2381	56.0540	55.0978
0.1925	6.1586	0.2322	55.7777	55.1760
0.1930	6.1594	0.2259	55.7562	55.1811
0.1935	6.1593	0.2185	55.4946	55.2766
0.1940	6.1584	0.2268	54.9955	55.2865
0.1945	6.1573	0.2385	54.2950	55.1120
0.1950	6.1560	0.2566	52.8918	55.0291
0.1955	6.1549	0.2658	52.9534	54.9109
0.1960	6.1552	0.2669	53.0213	54.8052
0.1965	6.1555	0.2582	53.1911	54.7319
0.1970	6.1563	0.2540	53.5750	54.7446
0.1975	6.1573	0.2390	54.0456	54.8492
0.1980	6.1589	0.2241	54.2753	54.9798
0.1985	6.1595	0.2183	54.3807	55.1131
0.1990	6.1595	0.2189	54.7317	55.0706
0.1995	6.1585	0.2296	55.1252	55.0070
0.2000	6.1587	0.2282	55.3855	54.9030
0.2005	6.1588	0.2317	55.3706	54.7239
0.2010	6.1587	0.2266	55.5527	54.7776
0.2015	6.1593	0.2272	55.7289	54.9182
0.2020	6.1586	0.2261	56.0917	54.8145
0.2025	6.1596	0.2207	55.4201	54.6844
0.2030	6.1597	0.2140	55.2960	54.8741
0.2035	6.1595	0.2195	55.8070	55.0153
0.2040	6.1592	0.2211	55.4926	55.2120
0.2045	6.1587	0.2209	55.0124	55.2304
0.2050	6.1586	0.2311	55.2123	55.1267
0.2055	6.1576	0.2334	55.6926	55.0939
0.2060	6.1558	0.2555	55.9347	54.9748
0.2065	6.1557	0.2633	56.0788	55.0219
0.2070	6.1562	0.2538	55.9814	55.1912
0.2075	6.1570	0.2475	56.1336	54.9885
0.2080	6.1572	0.2428	56.2310	54.8707
0.2085	6.1577	0.2463	56.2164	55.0874
0.2090	6.1579	0.2342	55.7612	55.1177
0.2095	6.1585	0.2298	55.5692	55.1753
0.2100	6.1591	0.2254	55.2462	54.9428
0.2105	6.1603	0.2155	55.1499	55.0590
0.2110	6.1593	0.2220	53.8475	55.1396
0.2115	6.1592	0.2228	52.5306	55.0176
0.2120	6.1592	0.2195	53.0164	55.1888
0.2125	6.1594	0.2198	53.1536	55.1278
0.2130	6.1594	0.2229	53.4255	54.7493
0.2135	6.1594	0.2186	53.5198	54.6541
0.2140	6.1594	0.2172	54.0263	54.6068
0.2145	6.1591	0.2209	54.4228	54.8310
0.2150	6.1580	0.2317	54.6036	54.9660
0.2155	6.1570	0.2439	54.6618	54.7504
0.2160	6.1550	0.2640	55.0853	54.8506
0.2165	6.1550	0.2658	55.5323	54.8157
0.2170	6.1555	0.2638	55.6067	54.7917
0.2175	6.1557	0.2641	55.4941	55.1548
0.2180	6.1564	0.2563	55.6633	54.9994
0.2185	6.1569	0.2513	56.0398	54.5221
0.2190	6.1567	0.2490	56.0269	54.4856
0.2195	6.1566	0.2455	55.4551	54.5303
0.2200	6.1578	0.2393	55.5058	54.7595
0.2205	6.1583	0.2304	55.6445	55.0809
0.2210	6.1585	0.2295	55.3394	55.0686
0.2215	6.1587	0.2280	55.2644	55.2216
0.2220	6.1590	0.2252	55.5180	55.1236
0.2225	6.1590	0.2260	55.9172	55.0406
0.2230	6.1585	0.2309	56.2420	55.1913
0.2235	6.1578	0.2364	56.0981	55.0429
0.2240	6.1581	0.2290	55.9679	54.7982
0.2245	6.1583	0.2318	56.1960	54.7535
0.2250	6.1577	0.2346	56.2189	54.7551
0.2255	6.1569	0.2478	55.8436	54.8904
0.2260	6.1569	0.2490	55.2569	54.9176
0.2265	6.1553	0.2627	55.1641	55.1578
0.2270	6.1547	0.2647	54.6288	55.3166
0.2275	6.1549	0.2680	52.7171	55.1030
0.2280	6.1551	0.2652	52.6051	54.8771
0.2285	6.1554	0.2666	52.8085	54.8188
0.2290	6.1565	0.2502	53.4252	54.6082
0.2295	6.1567	0.2514	53.4909	54.4148
0.2300	6.1563	0.2554	53.5801	54.5846
0.2305	6.1560	0.2523	53.9602	54.7819
0.2310	6.1560	0.2609	54.6019	54.9266
0.2315	6.1557	0.2595	54.7936	55.0226
0.2320	6.1553	0.2688	54.7464	55.2365
0.2325	6.1551	0.2658	54.9998	55.4235
0.2330	6.1560	0.2590	55.5567	55.2829
0.2335	6.1569	0.2483	55.7481	55.0495
0.2340	6.1578	0.2394	55.5336	55.0384
0.2345	6.1575	0.2372	55.5421	54.8085
0.2350	6.1572	0.2469	55.9816	54.6196
0.2355	6.1562	0.2579	56.2517	54.8261
0.2360	6.1550	0.2622	55.8276	55.0515
0.2365	6.1543	0.2742	55.0103	55.1202
0.2370	6.1538	0.2834	55.2474	55.3531
0.2375	6.1548	0.2721	55.5389	55.3940
0.2380	6.1560	0.2568	55.6472	55.5357
0.2385	6.1559	0.2596	55.6377	55.1515
0.2390	6.1566	0.2562	55.9620	54.8153
0.2395	6.1552	0.2620	56.4177	54.8549
0.2400	6.1551	0.2712	56.3486	54.7760
0.2405	6.1555	0.2684	56.1634	54.7142
0.2410	6.1549	0.2700	56.1076	54.8797
0.2415	6.1554	0.2620	56.3035	54.8702
0.2420	6.1570	0.2484	56.0209	54.8665
0.2425	6.1573	0.2455	55.5573	54.8559
0.2430	6.1564	0.2474	54.8534	54.9470
0.2435	6.1558	0.2536	54.3774	55.2091
0.2440	6.1560	0.2629	53.9000	54.8278
0.2445	6.1571	0.2481	52.5197	54.6054
0.2450	6.1576	0.2457	52.8882	54.6601
0.2455	6.1577	0.2377	53.3212	54.5807
0.2460	6.1566	0.2467	53.7872	54.6338
0.2465	6.1558	0.2579	53.7884	54.9088
0.2470	6.1550	0.2686	53.9401	54.8077
0.2475	6.1543	0.2754	54.3391	54.8106
0.2480	6.1544	0.2754	54.8472	54.7909
0.2485	6.1554	0.2671	54.9408	54.9329
0.2490	6.1562	0.2545	55.0320	55.2181
0.2495	6.1566	0.2520	55.3185	55.0480
0.2500	6.1577	0.2405	55.6993	54.8822
0.2505	6.1580	0.2349	55.6437	54.9171
0.2510	6.1583	0.2267	55.6331	54.6751
0.2515	6.1575	0.2338	55.7401	54.7300
0.2520	6.1577	0.2389	56.1323	54.9585
0.2525	6.1576	0.2408	55.5054	54.9814
0.2530	6.1573	0.2372	54.6015	54.8984
0.2535	6.1582	0.2351	54.9973	54.8967
0.2540	6.1582	0.2302	55.4890	55.1658
0.2545	6.1583	0.2293	55.8363	55.0127
0.2550	6.1590	0.2257	55.8046	54.8655
0.2555	6.1603	0.2101	55.9540	54.9389
0.2560	6.1603	0.2105	56.3127	54.9109
0.2565	6.1582	0.2293	56.4539	54.6118
0.2570	6.1568	0.2479	56.3012	54.5182
0.2575	6.1559	0.2585	56.1159	54.6514
0.2580	6.1549	0.2678	56.1582	54.7146
0.2585	6.1557	0.2647	55.8806	54.8756
0.2590	6.1558	0.2548	55.5226	55.0829
0.2595	6.1561	0.2557	54.5678	55.1996
0.2600	6.1566	0.2510	54.3043	54.9566
0.2605	6.1567	0.2494	54.0813	54.8136
0.2610	6.1561	0.2541	52.6396	54.8421
0.2615	6.1559	0.2608	52.9946	55.0465
0.2620	6.1578	0.2366	53.2478	54.8270
0.2625	6.1583	0.2272	53.7339	54.7626
0.2630	6.1581	0.2343	53.8885	54.9626
0.2635	6.1591	0.2261	54.0569	54.9919
0.2640	6.1596	0.2186	54.3806	55.1223
0.2645	6.1589	0.2288	54.8750	55.2050
0.2650	6.1593	0.2192	55.0562	55.2607
0.2655	6.1606	0.2129	55.0778	55.2958
0.2660	6.1600	0.2130	55.2525	55.0523
0.2665	6.1598	0.2164	55.5353	55.0553
0.2670	6.1582	0.2307	55.7413	55.1206
0.2675	6.1579	0.2311	55.7164	54.7736
0.2680	6.1568	0.2432	55.8073	54.7621
0.2685	6.1554	0.2606	55.7548	55.0481
0.2690	6.1553	0.2633	54.6925	55.2017
0.2695	6.1548	0.2670	54.8121	55.2609
0.2700	6.1542	0.2759	55.0404	55.0405
0.2705	6.1549	0.2685	55.4409	54.9443
0.2710	6.1561	0.2564	55.7937	54.7198
0.2715	6.1566	0.2484	55.9555	54.4418
0.2720	6.1572	0.2396	56.1045	54.7743
0.2725	6.1574	0.2436	56.2243	54.7428
0.2730	6.1575	0.2410	56.2673	54.4900
0.2735	6.1579	0.2323	56.2393	54.5057
0.2740	6.1589	0.2284	56.1915	54.8261
0.2745	6.1599	0.2198	55.9851	54.9672
0.2750	6.1601	0.2145	55.7576	55.1591
0.2755	6.1602	0.2102	55.2648	55.0200
0.2760	6.1601	0.2142	54.9633	54.9100
0.2765	6.1605	0.2139	54.3024	54.6998
0.2770	6.1601	0.2152	53.9162	54.5503
0.2775	6.1585	0.2287	53.0133	54.8569
0.2780	6.1568	0.2452	52.9355	55.0633
0.2785	6.1557	0.2573	53.4503	54.8958
0.2790	6.1556	0.2605	53.6418	54.9656
0.2795	6.1560	0.2578	53.8864	55.1256
0.2800	6.1567	0.2516	54.1245	55.1358
0.2805	6.1574	0.2438	54.4631	55.1908
0.2810	6.1575	0.2405	54.7320	55.1327
0.2815	6.1569	0.2482	55.0111	55.0183
0.2820	6.1569	0.2478	55.1876	54.6375
0.2825	6.1578	0.2440	55.3197	54.6906
0.2830	6.1574	0.2384	55.5241	54.7678
0.2835	6.1592	0.2251	55.5606	54.7603
0.2840	6.1591	0.2248	55.8206	54.7591
0.2845	6.1589	0.2289	55.4654	54.9681
0.2850	6.1587	0.2290	54.1077	55.0531
0.2855	6.1594	0.2203	54.5975	54.9357
0.2860	6.1604	0.2107	54.7918	54.9078
0.2865	6.1601	0.2071	55.2050	54.9247
0.2870	6.1603	0.2122	55.4799	55.0199
0.2875	6.1583	0.2291	55.7307	54.8449
0.2880	6.1570	0.2506	55.9482	54.8251
0.2885	6.1554	0.2618	56.1268	54.8250
0.2890	6.1542	0.2700	56.1766	54.8662
0.2895	6.1549	0.2697	56.2347	54.8604
0.2900	6.1550	0.2666	56.2045	55.1190
0.2905	6.1545	0.2694	56.1710	55.2283
0.2910	6.1552	0.2669	55.8592	55.0879
0.2915	6.1550	0.2630	55.5451	55.0744
0.2920	6.1568	0.2478	55.0999	55.1107
0.2925	6.1581	0.2360	54.8283	55.1214
0.2930	6.1583	0.2354	53.7709	54.9936
0.2935	6.1579	0.2404	53.5228	54.9081
0.2940	6.1586	0.2332	53.1881	55.0985
0.2945	6.1584	0.2278	53.1906	55.1685
0.2950	6.1583	0.2335	53.6044	54.9759
0.2955	6.1584	0.2299	53.7472	55.1229
0.2960	6.1592	0.2216	54.0835	55.0373
0.2965	6.1597	0.2149	54.3901	55.0514
0.2970	6.1603	0.2141	54.7378	55.1986
0.2975	6.1588	0.2241	54.9001	55.3229
0.2980	6.1576	0.2432	55.2089	55.2601
0.2985	6.1553	0.2592	55.4267	54.9295
0.2990	6.1549	0.2726	55.5622	54.6718
0.2995	6.1533	0.2851	55.5470	54.6580
0.3000	6.1531	0.2934	55.7973	54.5531
0.3005	6.1532	0.2836	55.7945	54.6926
0.3010	6.1533	0.2847	55.4947	54.9144
0.3015	6.1536	0.2842	55.5816	54.8635
0.3020	6.1549	0.2705	55.3780	54.7867
0.3025	6.1565	0.2526	54.9057	54.8789
0.3030	6.1570	0.2467	55.2589	55.0523
0.3035	6.1570	0.2430	55.5069	55.1075
0.3040	6.1574	0.2429	55.6569	54.8354
0.3045	6.1565	0.2517	56.0325	54.6732
0.3050	6.1572	0.2479	56.1848	54.6894
0.3055	6.1569	0.2459	56.0949	54.5213
0.3060	6.1570	0.2375	56.0306	54.6913
0.3065	6.1577	0.2376	56.1327	55.1038
0.3070	6.1587	0.2271	56.0410	55.2069
0.3075	6.1596	0.2207	55.6993	55.1889
0.3080	6.1598	0.2212	55.2292	55.2337
0.3085	6.1586	0.2278	55.0196	55.2702
0.3090	6.1570	0.2431	54.5255	55.1108
0.3095	6.1555	0.2566	52.8617	55.0143
0.3100	6.1549	0.2713	52.6914	54.9342
0.3105	6.1551	0.2671	52.9426	54.8208
0.3110	6.1554	0.2600	53.3869	54.7719
0.3115	6.1561	0.2564	53.6268	54.7483
0.3120	6.1574	0.2416	53.7977	54.8548
0.3125	6.1589	0.2275	54.1264	54.9538
0.3130	6.1603	0.2165	54.5046	55.0877
0.3135	6.1588	0.2234	54.7892	55.0819
0.3140	6.1585	0.2307	54.9203	55.0530
0.3145	6.1581	0.2306	55.2152	54.9387
0.3150	6.1586	0.2328	55.4671	54.7579
0.3155	6.1590	0.2300	55.6742	54.7824
0.3160	6.1593	0.2236	55.5731	54.9044
0.3165	6.1582	0.2287	55.8881	54.8689
0.3170	6.1591	0.2261	55.4841	54.7271
0.3175	6.1601	0.2154	55.3884	54.8944
0.3180	6.1596	0.2155	55.7411	55.0193
0.3185	6.1597	0.2140	55.3741	55.1976
0.3190	6.1594	0.2179	55.0016	55.2311
0.3195	6.1594	0.2207	55.3496	55.1022
0.3200	6.1584	0.2295	55.6657	55.1070
0.3205	6.1567	0.2464	55.6630	54.9951
0.3210	6.1563	0.2567	55.9710	55.0509
0.3215	6.1575	0.2379	56.1318	55.2454
0.3220	6.1583	0.2393	56.2120	55.0750
0.3225	6.1583	0.2307	55.9930	54.9430
0.3230	6.1586	0.2269	56.0466	55.1339
0.3235	6.1593	0.2206	55.9373	55.1519
0.3240	6.1597	0.2173	55.7194	55.2109
0.3245	6.1604	0.2101	55.0440	55.0345
0.3250	6.1606	0.2082	54.9014	55.0537
0.3255	6.1602	0.2113	54.0289	55.1675
0.3260	6.1593	0.2207	52.7253	55.0448
0.3265	6.1587	0.2212	52.8907	55.1840
0.3270	6.1595	0.2211	52.8587	55.2128
0.3275	6.1591	0.2221	53.4321	54.8286
0.3280	6.1605	0.2133	53.6755	54.6984
0.3285	6.1603	0.2089	53.9123	54.6140
0.3290	6.1601	0.2102	54.0955	54.8012
0.3295	6.1586	0.2252	54.5458	54.9883
0.3300	6.1577	0.2372	54.8703	54.7713
0.3305	6.1564	0.2514	55.0620	54.8538
0.3310	6.1553	0.2595	55.2049	54.8704
0.3315	6.1555	0.2614	55.4659	54.8802
0.3320	6.1554	0.2632	55.6436	55.2224
0.3325	6.1566	0.2508	55.6783	55.1243
0.3330	6.1569	0.2493	55.7691	54.6259
0.3335	6.1575	0.2375	55.9193	54.5037
0.3340	6.1580	0.2334	55.6306	54.5424
0.3345	6.1586	0.2229	55.5722	54.7164
0.3350	6.1595	0.2177	55.3748	55.0553
0.3355	6.1597	0.2227	55.1248	55.0517
0.3360	6.1590	0.2228	55.3967	55.2441
0.3365	6.1596	0.2215	55.6631	55.2217
0.3370	6.1589	0.2195	55.6885	55.1132
0.3375	6.1591	0.2273	55.9166	55.2707
0.3380	6.1587	0.2253	56.1340	55.1641
0.3385	6.1587	0.2274	56.1856	54.8523
0.3390	6.1591	0.2246	56.0254	54.7740
0.3395	6.1580	0.2314	55.8878	54.7167
0.3400	6.1576	0.2374	55.8538	54.8278
0.3405	6.1568	0.2494	55.5193	54.8559
0.3410	6.1557	0.2543	55.0948	55.0910
0.3415	6.1546	0.2670	54.4682	55.3436
0.3420	6.1550	0.2685	52.7351	55.1978
0.3425	6.1553	0.2647	52.7847	55.0300
0.3430	6.1555	0.2643	52.7273	54.9810
0.3435	6.1560	0.2488	53.0235	54.7411
0.3440	6.1569	0.2481	53.4384	54.4934
0.3445	6.1559	0.2526	53.8516	54.5711
0.3450	6.1559	0.2580	53.9401	54.7209
0.3455	6.1554	0.2638	54.1102	54.8258
0.3460	6.1553	0.2606	54.5605	54.9387
0.3465	6.1551	0.2647	55.0301	55.1802
0.3470	6.1545	0.2669	55.1188	55.4630
0.3475	6.1556	0.2626	55.1622	55.3565
0.3480	6.1562	0.2560	55.4509	55.1832
0.3485	6.1572	0.2466	55.7200	55.1772
0.3490	6.1566	0.2498	55.7528	54.9440
0.3495	6.1569	0.2480	55.7301	54.7094
0.3500	6.1554	0.2614	55.8365	54.8087
0.3505	6.1543	0.2681	55.9506	55.0318
0.3510	6.1539	0.2771	55.3245	55.0721
0.3515	6.1532	0.2811	55.1306	55.2968
0.3520	6.1535	0.2844	55.1751	55.3473
0.3525	6.1547	0.2724	55.5582	55.5721
0.3530	6.1544	0.2694	55.8627	55.2557
0.3535	6.1546	0.2721	55.8637	54.9048
0.3540	6.1543	0.2714	56.0285	54.9656
0.3545	6.1538	0.2794	56.2631	54.8511
0.3550	6.1530	0.2837	56.3696	54.7455
0.3555	6.1526	0.2882	56.1384	54.8678
0.3560	6.1530	0.2918	56.0102	54.8693
0.3565	6.1545	0.2722	55.8836	54.8420
0.3570	6.1550	0.2644	55.7407	54.8751
0.3575	6.1551	0.2653	55.0413	54.9676
0.3580	6.1554	0.2644	54.0500	55.2568
0.3585	6.1556	0.2605	53.7035	54.9044
0.3590	6.1567	0.2458	52.6989	54.6491
0.3595	6.1573	0.2434	52.9935	54.7052
0.3600	6.1576	0.2327	53.0835	54.6205
0.3605	6.1570	0.2432	53.4445	54.6335
0.3610	6.1560	0.2565	53.8128	54.9297
0.3615	6.1551	0.2699	54.0590	54.8503
0.3620	6.1544	0.2764	54.1897	54.8365
0.3625	6.1543	0.2701	54.5238	54.8539
0.3630	6.1559	0.2605	54.9146	54.9534
0.3635	6.1560	0.2523	55.1831	55.2394
0.3640	6.1578	0.2369	55.2223	55.0933
0.3645	6.1586	0.2318	55.3795	54.8885
0.3650	6.1589	0.2243	55.5567	54.9434
0.3655	6.1603	0.2108	55.7535	54.7111
0.3660	6.1596	0.2121	55.7449	54.7234
0.3665	6.1598	0.2133	55.9142	54.9638
0.3670	6.1594	0.2189	55.5938	55.0094
0.3675	6.1590	0.2259	54.7332	54.9773
0.3680	6.1584	0.2275	54.9649	54.9585
0.3685	6.1587	0.2253	55.2773	55.2445
0.3690	6.1586	0.2257	55.7079	55.0895
0.3695	6.1591	0.2260	55.8469	54.9187
0.3700	6.1606	0.2057	55.9500	54.9515
0.3705	6.1607	0.2083	56.1786	54.9107
0.3710	6.1587	0.2294	56.3100	54.6227
0.3715	6.1569	0.2393	56.3163	54.4788
0.3720	6.1559	0.2589	56.2288	54.6406
0.3725	6.1555	0.2644	56.0962	54.7512
0.3730	6.1552	0.2596	55.7848	54.9107
0.3735	6.1557	0.2572	55.5110	55.1148
0.3740	6.1562	0.2544	54.7965	55.2762
0.3745	6.1561	0.2584	54.2496	55.0418
0.3750	6.1560	0.2508	54.1313	54.8637
0.3755	6.1564	0.2519	52.6410	54.8406
0.3760	6.1555	0.2550	52.9378	55.0330
0.3765	6.1590	0.2305	53.2355	54.7933
0.3770	6.1589	0.2258	53.5917	54.7010
0.3775	6.1589	0.2251	53.8255	54.9380
0.3780	6.1592	0.2201	54.0494	54.9921
0.3785	6.1584	0.2280	54.3586	55.1855
0.3790	6.1589	0.2254	54.7024	55.2959
0.3795	6.1592	0.2242	54.9507	55.3386
0.3800	6.1603	0.2086	55.1064	55.3727
0.3805	6.1600	0.2148	55.2663	55.0891
0.3810	6.1596	0.2170	55.4961	55.0153
0.3815	6.1587	0.2264	55.6107	55.0623
0.3820	6.1583	0.2372	55.6975	54.7142
0.3825	6.1568	0.2461	55.8016	54.6829
0.3830	6.1555	0.2639	55.8862	55.0055
0.3835	6.1554	0.2629	54.7835	55.2111
0.3840	6.1547	0.2698	54.6771	55.3108
0.3845	6.1544	0.2728	55.0070	55.1175
0.3850	6.1549	0.2667	55.4018	54.9930
0.3855	6.1557	0.2617	55.7483	54.7610
0.3860	6.1565	0.2513	55.8964	54.4310
0.3865	6.1570	0.2427	56.0802	54.7215
0.3870	6.1566	0.2500	56.2001	54.7030
0.3875	6.1572	0.2369	56.2841	54.4426
0.3880	6.1579	0.2339	56.1941	54.4460
0.3885	6.1581	0.2304	56.1991	54.7796
0.3890	6.1597	0.2151	56.0477	54.9683
0.3895	6.1600	0.2184	55.8231	55.1608
0.3900	6.1598	0.2148	55.3143	55.0636
0.3905	6.1597	0.2139	55.0181	54.9513
0.3910	6.1598	0.2103	54.3730	54.7522
0.3915	6.1597	0.2163	54.0280	54.5203
0.3920	6.1585	0.2273	53.2818	54.7943
0.3925	6.1569	0.2437	52.8358	55.0173
0.3930	6.1555	0.2591	53.3922	54.8582
0.3935	6.1545	0.2711	53.6162	54.9047
0.3940	6.1547	0.2704	53.9015	55.0943
0.3945	6.1555	0.2640	54.0423	55.1107
0.3950	6.1560	0.2578	54.4233	55.2063
0.3955	6.1559	0.2529	54.7374	55.1454
0.3960	6.1563	0.2517	54.9763	55.0249
0.3965	6.1581	0.2402	55.0930	54.6368
0.3970	6.1583	0.2303	55.3465	54.6066
0.3975	6.1587	0.2269	55.5176	54.7098
0.3980	6.1601	0.2189	55.5526	54.7079
0.3985	6.1603	0.2171	55.6980	54.7080
0.3990	6.1597	0.2077	55.6641	54.9176
0.3995	6.1598	0.2141	54.2462	55.0382
0.4000	6.1598	0.2176	54.5092	54.9295
0.4005	6.1603	0.2084	54.7231	54.9063
0.4010	6.1607	0.2021	55.1100	54.9085
0.4015	6.1601	0.2091	55.5232	54.9998
0.4020	6.1582	0.2299	55.6915	54.8110
0.4025	6.1566	0.2517	55.8549	54.7809
0.4030	6.1554	0.2659	56.1070	54.7691
0.4035	6.1539	0.2776	56.2511	54.8086
0.4040	6.1542	0.2759	56.2517	54.8165
0.4045	6.1545	0.2703	56.1331	55.0548
0.4050	6.1543	0.2738	56.2119	55.2169
0.4055	6.1546	0.2780	55.9892	55.0688
0.4060	6.1550	0.2712	55.6085	55.0559
0.4065	6.1565	0.2518	55.0827	55.0856
0.4070	6.1580	0.2392	54.9380	55.0625
0.4075	6.1582	0.2351	54.0217	54.9153
0.4080	6.1579	0.2349	53.5828	54.8676
0.4085	6.1593	0.2236	53.2400	55.0235
0.4090	6.1589	0.2206	53.0772	55.1366
0.4095	6.1590	0.2239	53.6336	54.9225
0.4100	6.1590	0.2184	53.7871	55.0851
0.4105	6.1595	0.2212	54.0660	55.0188
0.4110	6.1595	0.2170	54.2979	55.0297
0.4115	6.1593	0.2158	54.7722	55.1472
0.4120	6.1587	0.2249	54.9767	55.2489
0.4125	6.1573	0.2378	55.1604	55.2245
0.4130	6.1559	0.2543	55.3412	54.9177
0.4135	6.1548	0.2692	55.6151	54.6084
0.4140	6.1534	0.2843	55.6617	54.6339
0.4145	6.1533	0.2860	55.7997	54.5278
0.4150	6.1544	0.2776	55.7654	54.6115
0.4155	6.1548	0.2683	55.5406	54.8714
0.4160	6.1560	0.2592	55.6364	54.8165
0.4165	6.1571	0.2480	55.5277	54.7183
0.4170	6.1582	0.2321	54.9547	54.7871
0.4175	6.1580	0.2292	55.1381	54.9286
0.4180	6.1580	0.2366	55.6241	55.0012
0.4185	6.1578	0.2296	55.7206	54.8112
0.4190	6.1570	0.2375	55.9340	54.6227
0.4195	6.1575	0.2390	56.1137	54.6421
0.4200	6.1574	0.2408	56.2210	54.4969
0.4205	6.1574	0.2437	56.1622	54.6115
0.4210	6.1575	0.2363	56.0917	55.0276
0.4215	6.1584	0.2334	56.0210	55.1576
0.4220	6.1592	0.2255	55.8128	55.1325
0.4225	6.1597	0.2209	55.4412	55.1628
0.4230	6.1590	0.2197	55.0113	55.2158
0.4235	6.1576	0.2397	54.6494	55.0518
0.4240	6.1565	0.2508	53.1187	54.9527
0.4245	6.1544	0.2695	52.7826	54.8873
0.4250	6.1547	0.2698	52.9652	54.7863
0.4255	6.1551	0.2647	53.2530	54.7504
0.4260	6.1554	0.2641	53.6361	54.7098
0.4265	6.1565	0.2553	53.8772	54.8184
0.4270	6.1577	0.2412	54.1648	54.8894
0.4275	6.1584	0.2248	54.3992	55.0216
0.4280	6.1580	0.2288	54.7680	55.0274
0.4285	6.1582	0.2366	54.9989	54.9701
0.4290	6.1576	0.2372	55.2669	54.8539
0.4295	6.1583	0.2321	55.3922	54.6861
0.4300	6.1582	0.2317	55.6662	54.7054
0.4305	6.1585	0.2288	55.6841	54.8524
0.4310	6.1577	0.2340	55.9408	54.8465
0.4315	6.1586	0.2344	55.5422	54.6746
0.4320	6.1590	0.2235	55.3396	54.8471
0.4325	6.1592	0.2218	55.7982	54.9750
0.4330	6.1586	0.2257	55.4523	55.1169
0.4335	6.1588	0.2275	55.0576	55.1824
0.4340	6.1583	0.2331	55.2978	55.0408
0.4345	6.1577	0.2396	55.7082	55.0246
0.4350	6.1558	0.2545	55.7292	54.9272
0.4355	6.1551	0.2648	55.9608	54.9719
0.4360	6.1560	0.2534	56.1123	55.1845
0.4365	6.1565	0.2534	56.2622	55.0579
0.4370	6.1572	0.2458	56.1129	54.8699
0.4375	6.1576	0.2432	56.1129	55.0707
0.4380	6.1582	0.2387	55.9431	55.0995
0.4385	6.1586	0.2341	55.7372	55.1392
0.4390	6.1591	0.2275	55.2123	54.9783
0.4395	6.1602	0.2110	54.9833	54.9476
0.4400	6.1595	0.2179	54.2219	55.0903
0.4405	6.1591	0.2235	52.7758	54.9677
0.4410	6.1590	0.2219	52.9236	55.0950
0.4415	6.1591	0.2252	52.9120	55.1979
0.4420	6.1592	0.2228	53.3663	54.8467
0.4425	6.1593	0.2244	53.6480	54.6793
0.4430	6.1593	0.2142	53.9551	54.5987
0.4435	6.1592	0.2227	54.1437	54.7224
0.4440	6.1585	0.2249	54.4951	54.9384
0.4445	6.1574	0.2425	54.8309	54.7329
0.4450	6.1561	0.2575	55.1058	54.7515
0.4455	6.1552	0.2677	55.2515	54.8099
0.4460	6.1552	0.2649	55.4340	54.7385
0.4465	6.1547	0.2691	55.6158	55.0857
0.4470	6.1556	0.2545	55.7590	55.1406
0.4475	6.1557	0.2547	55.8387	54.6497
0.4480	6.1559	0.2571	55.9223	54.5060
0.4485	6.1564	0.2467	55.5929	54.5378
0.4490	6.1575	0.2363	55.5831	54.6450
0.4495	6.1592	0.2218	55.6326	54.9917
0.4500	6.1591	0.2196	55.2561	55.0029
0.4505	6.1593	0.2207	55.1920	55.1182
0.4510	6.1596	0.2193	55.5819	55.1527
0.4515	6.1587	0.2225	55.8183	55.0088
0.4520	6.1589	0.2289	56.0922	55.1853
0.4525	6.1585	0.2277	56.0935	55.1774
0.4530	6.1584	0.2285	56.0479	54.9016
0.4535	6.1592	0.2228	56.0972	54.8035
0.4540	6.1588	0.2278	56.0911	54.7511
0.4545	6.1578	0.2351	55.8449	54.8310
0.4550	6.1570	0.2442	55.4901	54.8486
0.4555	6.1553	0.2611	55.1381	54.9955
0.4560	6.1552	0.2653	54.7851	55.2547
0.4565	6.1549	0.2696	52.8664	55.1486
0.4570	6.1550	0.2682	52.6048	54.9510
0.4575	6.1550	0.2693	52.7851	54.8894
0.4580	6.1560	0.2558	53.1738	54.7388
0.4585	6.1564	0.2502	53.4293	54.4952
0.4590	6.1561	0.2556	53.6506	54.5550
0.4595	6.1566	0.2521	53.9190	54.7387
0.4600	6.1558	0.2504	54.3054	54.8703
0.4605	6.1551	0.2599	54.6430	54.9424
0.4610	6.1553	0.2636	54.7886	55.0984
0.4615	6.1553	0.2661	54.9857	55.3783
0.4620	6.1566	0.2579	55.3113	55.3487
0.4625	6.1568	0.2429	55.6149	55.1209
0.4630	6.1579	0.2349	55.6979	55.1381
0.4635	6.1583	0.2322	55.5958	54.9283
0.4640	6.1581	0.2313	55.7186	54.6656
0.4645	6.1568	0.2448	55.9461	54.7653
0.4650	6.1562	0.2540	56.0150	55.0383
0.4655	6.1551	0.2673	55.3059	55.0505
0.4660	6.1547	0.2710	55.1039	55.2392
0.4665	6.1544	0.2764	55.2466	55.3780
0.4670	6.1557	0.2545	55.5713	55.4960
0.4675	6.1565	0.2545	55.7936	55.3170
0.4680	6.1565	0.2497	55.8465	54.8625
0.4685	6.1559	0.2567	56.0910	54.9003
0.4690	6.1549	0.2632	56.2364	54.8337
0.4695	6.1557	0.2601	56.3033	54.7296
0.4700	6.1546	0.2616	56.2109	54.8436
0.4705	6.1552	0.2673	56.1305	54.9004
0.4710	6.1557	0.2564	55.9184	54.8305
0.4715	6.1568	0.2515	55.6313	54.8749
0.4720	6.1567	0.2540	55.1418	54.9130
0.4725	6.1567	0.2514	54.2295	55.2368
0.4730	6.1558	0.2628	53.8197	54.9758
0.4735	6.1573	0.2426	52.6306	54.6331
0.4740	6.1578	0.2330	52.9213	54.6477
0.4745	6.1574	0.2408	53.1850	54.6183
0.4750	6.1568	0.2470	53.4344	54.5814
0.4755	6.1562	0.2549	53.6817	54.8909
0.4760	6.1546	0.2680	53.9337	54.8623
0.4765	6.1534	0.2853	54.2542	54.8147
0.4770	6.1535	0.2833	54.6196	54.8565
0.4775	6.1544	0.2792	54.8378	54.9202
0.4780	6.1553	0.2644	55.0126	55.1924
0.4785	6.1555	0.2587	55.2383	55.1430
0.4790	6.1568	0.2480	55.4621	54.9120
0.4795	6.1567	0.2505	55.5022	54.9337
0.4800	6.1575	0.2379	55.6230	54.7606
0.4805	6.1570	0.2452	55.7593	54.6884
0.4810	6.1578	0.2331	55.9611	54.9389
0.4815	6.1580	0.2371	55.6482	55.0010
0.4820	6.1577	0.2371	54.6494	54.9674
0.4825	6.1579	0.2280	54.8874	54.9212
0.4830	6.1582	0.2347	55.2950	55.1776
0.4835	6.1588	0.2248	55.6072	55.1081
0.4840	6.1591	0.2228	55.7535	54.9065
0.4845	6.1607	0.2095	55.9761	54.9208
0.4850	6.1603	0.2061	56.2043	54.9546
0.4855	6.1590	0.2205	56.2640	54.7222
0.4860	6.1573	0.2416	56.2050	54.5097
0.4865	6.1566	0.2526	56.1268	54.6479
0.4870	6.1553	0.2620	56.1205	54.7102
0.4875	6.1553	0.2654	55.8653	54.8140
0.4880	6.1562	0.2515	55.4804	55.0246
0.4885	6.1562	0.2535	54.8354	55.2430
0.4890	6.1565	0.2490	54.2207	55.0569
0.4895	6.1570	0.2456	54.1669	54.8793
0.4900	6.1569	0.2495	52.5907	54.8485
0.4905	6.1566	0.2521	52.8003	55.0433
0.4910	6.1580	0.2294	53.2181	54.9279
0.4915	6.1594	0.2194	53.5923	54.7290
0.4920	6.1591	0.2257	53.7684	54.9554
0.4925	6.1596	0.2191	53.9362	55.0100
0.4930	6.1591	0.2207	54.2615	55.1515
0.4935	6.1591	0.2236	54.6810	55.2785
0.4940	6.1595	0.2155	54.8836	55.2992
0.4945	6.1609	0.2057	55.0036	55.3552
0.4950	6.1612	0.2083	55.2173	55.1716
0.4955	6.1603	0.2062	55.5048	55.0378
0.4960	6.1591	0.2189	55.5996	55.1618
0.4965	6.1586	0.2264	55.6146	54.8536
0.4970	6.1573	0.2395	55.6550	54.7122
0.4975	6.1559	0.2573	55.9490	54.9948
0.4980	6.1557	0.2634	54.8924	55.2053
0.4985	6.1547	0.2629	54.5704	55.3022
0.4990	6.1549	0.2729	54.9314	55.1630
0.4995	6.1556	0.2635	55.2913	54.9866
0.5000	6.1563	0.2589	55.7659	54.8310
0.5005	6.1574	0.2425	55.8183	54.4622
0.5010	6.1584	0.2357	55.8489	54.7204
0.5015	6.1576	0.2348	56.0605	54.7872
0.5020	6.1581	0.2362	56.3913	54.5484
0.5025	6.1583	0.2305	56.2917	54.4645
0.5030	6.1583	0.2311	56.0469	54.7856
0.5035	6.1602	0.2105	55.8745	54.9677
0.5040	6.1604	0.2039	55.9529	55.1629
0.5045	6.1605	0.2045	55.4323	55.1060
0.5050	6.1603	0.2074	54.8260	54.9911
0.5055	6.1605	0.2056	54.2584	54.7864
0.5060	6.1602	0.2108	54.1753	54.5447
0.5065	6.1592	0.2192	53.5261	54.7665
0.5070	6.1577	0.2389	52.6118	55.0517
0.5075	6.1563	0.2512	53.0961	54.9606
0.5080	6.1556	0.2601	53.6294	54.9324
0.5085	6.1556	0.2622	54.0196	55.1422
0.5090	6.1565	0.2481	53.8683	55.1481
0.5095	6.1573	0.2465	54.0902	55.2189
0.5100	6.1573	0.2388	54.7018	55.1492
0.5105	6.1573	0.2425	55.2124	55.0900
0.5110	6.1584	0.2385	55.0098	54.7295
0.5115	6.1589	0.2249	54.9968	54.6396
0.5120	6.1589	0.2272	55.3756	54.7682
0.5125	6.1599	0.2128	55.7984	54.7631
0.5130	6.1605	0.2118	55.6580	54.7681
0.5135	6.1600	0.2146	55.4955	54.9230
0.5140	6.1597	0.2095	54.2787	55.0867
0.5145	6.1596	0.2224	54.6271	54.9674
0.5150	6.1606	0.2105	54.7925	54.9358
0.5155	6.1609	0.2071	54.7169	54.9156
0.5160	6.1604	0.2073	55.2785	55.0219
0.5165	6.1589	0.2208	55.8503	54.9030
0.5170	6.1574	0.2424	55.9889	54.8200
0.5175	6.1558	0.2567	55.8079	54.8248
0.5180	6.1549	0.2717	55.9998	54.8555
0.5185	6.1546	0.2725	56.3897	54.8758
0.5190	6.1545	0.2723	56.3168	55.0374
0.5195	6.1545	0.2664	55.9590	55.2597
0.5200	6.1551	0.2697	55.7174	55.1030
0.5205	6.1554	0.2670	55.8089	55.0635
0.5210	6.1574	0.2515	55.3543	55.0868
0.5215	6.1580	0.2363	54.8156	55.1125
0.5220	6.1585	0.2303	53.9152	54.9786
0.5225	6.1582	0.2350	53.5909	54.9023
0.5230	6.1594	0.2239	53.5254	55.0465
0.5235	6.1595	0.2175	52.8969	55.2249
0.5240	6.1588	0.2311	53.2921	55.0010
0.5245	6.1589	0.2259	53.7853	55.1006
0.5250	6.1594	0.2176	54.1993	55.0623
0.5255	6.1599	0.2176	54.1208	54.9943
0.5260	6.1602	0.2131	54.3551	55.1325
0.5265	6.1592	0.2196	54.9253	55.2463
0.5270	6.1584	0.2319	55.3968	55.2608
0.5275	6.1560	0.2548	55.2170	54.9881
0.5280	6.1548	0.2661	55.2095	54.6844
0.5285	6.1539	0.2809	55.6177	54.6873
0.5290	6.1528	0.2887	56.0381	54.6011
0.5295	6.1529	0.2885	55.7767	54.6243
0.5300	6.1529	0.2885	55.1938	54.8985
0.5305	6.1533	0.2840	55.4976	54.8673
0.5310	6.1538	0.2819	55.8454	54.7449
0.5315	6.1558	0.2578	55.0446	54.7757
0.5320	6.1571	0.2467	54.7611	54.9523
0.5325	6.1576	0.2384	55.3954	55.0333
0.5330	6.1577	0.2378	55.8922	54.8599
0.5335	6.1569	0.2455	56.0169	54.6466
0.5340	6.1567	0.2449	55.7977	54.7010
0.5345	6.1574	0.2446	55.9485	54.5714
0.5350	6.1571	0.2428	56.3464	54.6053
0.5355	6.1579	0.2374	56.2859	55.0401
0.5360	6.1587	0.2278	55.8638	55.2096
0.5365	6.1592	0.2195	55.5789	55.1584
0.5370	6.1596	0.2175	55.6278	55.1622
0.5375	6.1589	0.2240	55.2296	55.2075
0.5380	6.1570	0.2401	54.6333	55.0852
0.5385	6.1561	0.2537	53.0611	54.9636
0.5390	6.1548	0.2697	52.7904	54.9000
0.5395	6.1551	0.2671	53.1978	54.8216
0.5400	6.1558	0.2567	53.0766	54.7866
0.5405	6.1558	0.2616	53.2640	54.7315
0.5410	6.1571	0.2433	53.7873	54.8249
0.5415	6.1585	0.2306	54.3618	54.9089
0.5420	6.1596	0.2160	54.3188	55.0292
0.5425	6.1599	0.2110	54.4070	55.0270
0.5430	6.1590	0.2216	54.8923	55.0051
0.5435	6.1589	0.2251	55.4890	54.9196
0.5440	6.1592	0.2268	55.4113	54.7133
0.5445	6.1592	0.2210	55.3092	54.7152
0.5450	6.1599	0.2160	55.4959	54.8514
0.5455	6.1599	0.2163	56.1260	54.9061
0.5460	6.1600	0.2154	55.8569	54.6968
0.5465	6.1605	0.2047	55.0151	54.8136
0.5470	6.1601	0.2108	55.5367	54.9594
0.5475	6.1597	0.2137	55.7861	55.0755
0.5480	6.1594	0.2137	55.3334	55.2069
0.5485	6.1596	0.2207	54.9353	55.0790
0.5490	6.1589	0.2250	55.3366	55.0537
0.5495	6.1572	0.2428	55.8622	54.9677
0.5500	6.1568	0.2486	56.2062	54.9723
0.5505	6.1576	0.2348	55.9539	55.1770
0.5510	6.1578	0.2378	55.8991	55.1086
0.5515	6.1582	0.2327	56.2084	54.8778
0.5520	6.1591	0.2270	56.3576	55.0498
0.5525	6.1590	0.2230	55.8763	55.0954
0.5530	6.1602	0.2151	55.4629	55.1442
0.5535	6.1608	0.2037	55.3584	55.0148
0.5540	6.1616	0.1984	55.2221	54.9510
0.5545	6.1605	0.2068	54.5531	55.1215
0.5550	6.1599	0.2115	52.6752	55.0147
0.5555	6.1600	0.2148	52.7498	55.0813
0.5560	6.1601	0.2097	53.0715	55.2163
0.5565	6.1599	0.2146	53.2933	54.8734
0.5570	6.1601	0.2109	53.4144	54.6725
0.5575	6.1607	0.2036	53.7885	54.5924
0.5580	6.1602	0.2078	54.2601	54.6677
0.5585	6.1594	0.2204	54.5160	54.9389
0.5590	6.1576	0.2378	54.5887	54.7725
0.5595	6.1564	0.2452	54.8816	54.7561
0.5600	6.1553	0.2593	55.3432	54.8371
0.5605	6.1551	0.2641	55.5258	54.7765
0.5610	6.1556	0.2659	55.4544	55.0951
0.5615	6.1557	0.2580	55.5727	55.1531
0.5620	6.1567	0.2493	55.8607	54.6698
0.5625	6.1569	0.2468	56.0850	54.4412
0.5630	6.1568	0.2467	55.6297	54.4871
0.5635	6.1577	0.2364	55.4433	54.5742
0.5640	6.1587	0.2212	55.5655	54.9528
0.5645	6.1593	0.2176	55.4054	55.0103
0.5650	6.1594	0.2254	55.2175	55.1077
0.5655	6.1599	0.2195	55.4784	55.1713
0.5660	6.1592	0.2156	55.7267	55.0126
0.5665	6.1589	0.2284	56.0418	55.1243
0.5670	6.1587	0.2239	56.0849	55.1463
0.5675	6.1582	0.2291	56.0719	54.8602
0.5680	6.1587	0.2252	56.0646	54.7485
0.5685	6.1582	0.2307	56.1683	54.6967
0.5690	6.1579	0.2417	55.8759	54.7626
0.5695	6.1570	0.2428	55.5789	54.8010
0.5700	6.1557	0.2515	55.1668	54.9401
0.5705	6.1550	0.2651	55.0382	55.2234
0.5710	6.1552	0.2679	53.1682	55.1626
0.5715	6.1550	0.2694	52.5052	54.9713
0.5720	6.1554	0.2686	52.7925	54.9005
0.5725	6.1560	0.2531	53.1001	54.7535
0.5730	6.1570	0.2475	53.4125	54.4698
0.5735	6.1565	0.2501	53.5083	54.4941
0.5740	6.1561	0.2573	53.8983	54.6639
0.5745	6.1555	0.2634	54.2697	54.7967
0.5750	6.1554	0.2600	54.5329	54.8444
0.5755	6.1553	0.2626	54.6758	55.0490
0.5760	6.1553	0.2649	55.0118	55.3141
0.5765	6.1557	0.2614	55.4094	55.3546
0.5770	6.1571	0.2523	55.5656	55.1481
0.5775	6.1577	0.2452	55.4646	55.0592
0.5780	6.1578	0.2413	55.5440	54.9398
0.5785	6.1573	0.2422	55.8894	54.6900
0.5790	6.1559	0.2538	55.9895	54.7090
0.5795	6.1559	0.2574	55.9624	54.9899
0.5800	6.1545	0.2756	55.3361	55.0373
0.5805	6.1540	0.2764	55.1782	55.2022
0.5810	6.1539	0.2818	55.3454	55.2883
0.5815	6.1555	0.2667	55.4050	55.4196
0.5820	6.1556	0.2615	55.6742	55.3443
0.5825	6.1558	0.2639	55.8992	54.8756
0.5830	6.1553	0.2649	56.1664	54.8421
0.5835	6.1547	0.2719	56.2465	54.8222
0.5840	6.1547	0.2731	56.2190	54.7139
0.5845	6.1543	0.2763	56.2354	54.7928
0.5850	6.1544	0.2728	56.2195	54.8876
0.5855	6.1553	0.2612	56.0297	54.7823
0.5860	6.1569	0.2466	55.6129	54.8334
0.5865	6.1567	0.2502	55.3132	54.8084
0.5870	6.1569	0.2472	54.4144	55.1081
0.5875	6.1557	0.2558	54.0524	54.9688
0.5880	6.1570	0.2446	52.8226	54.5902
0.5885	6.1580	0.2310	52.7339	54.6119
0.5890	6.1583	0.2324	53.1861	54.6174
0.5895	6.1576	0.2392	53.3867	54.5320
0.5900	6.1563	0.2549	53.6843	54.8381
0.5905	6.1557	0.2604	53.8939	54.8733
0.5910	6.1547	0.2738	54.2756	54.7536
0.5915	6.1548	0.2703	54.5468	54.7878
0.5920	6.1553	0.2658	54.7550	54.8001
0.5925	6.1563	0.2605	54.9628	55.0673
0.5930	6.1568	0.2481	55.2626	55.1060
0.5935	6.1583	0.2319	55.4438	54.8503
0.5940	6.1589	0.2292	55.5209	54.8859
0.5945	6.1610	0.2074	55.5845	54.7699
0.5950	6.1604	0.2027	55.8033	54.6180
0.5955	6.1612	0.2042	55.9566	54.8646
0.5960	6.1602	0.2034	55.8171	54.9450
0.5965	6.1597	0.2190	54.7376	54.9352
0.5970	6.1590	0.2194	54.8204	54.8346
0.5975	6.1598	0.2212	55.3198	55.0989
0.5980	6.1597	0.2142	55.6224	55.1198
0.5985	6.1591	0.2222	55.7288	54.8859
0.5990	6.1606	0.2072	55.9252	54.8897
0.5995	6.1610	0.1987	56.2096	54.9045
0.6000	6.1593	0.2136	56.3243	54.7184
0.6005	6.1575	0.2357	56.2308	54.4498
0.6010	6.1566	0.2454	56.1986	54.5447
0.6015	6.1554	0.2579	56.1817	54.6468
0.6020	6.1551	0.2632	55.9911	54.7534
0.6025	6.1558	0.2612	55.5683	54.9353
0.6030	6.1558	0.2542	55.0949	55.1921
0.6035	6.1558	0.2551	54.2547	55.1023
0.6040	6.1561	0.2510	54.2823	54.8524
0.6045	6.1564	0.2514	52.8418	54.7782
0.6050	6.1559	0.2608	52.7265	54.9263
0.6055	6.1578	0.2361	53.2219	54.9020
0.6060	6.1586	0.2258	53.4988	54.6321
0.6065	6.1587	0.2295	53.8597	54.8412
0.6070	6.1592	0.2275	53.9610	54.9348
0.6075	6.1602	0.2135	54.1528	55.0746
0.6080	6.1596	0.2163	54.5626	55.2245
0.6085	6.1594	0.2215	54.9303	55.2430
0.6090	6.1603	0.2121	55.0957	55.3097
0.6095	6.1604	0.2092	55.2244	55.1685
0.6100	6.1601	0.2107	55.4246	54.9493
0.6105	6.1591	0.2259	55.5425	55.0822
0.6110	6.1583	0.2363	55.7268	54.8516
0.6115	6.1569	0.2445	55.7109	54.6128
0.6120	6.1557	0.2586	55.9390	54.8714
0.6125	6.1550	0.2688	55.0698	55.1455
0.6130	6.1546	0.2645	54.5743	55.2769
0.6135	6.1547	0.2694	54.9690	55.1848
0.6140	6.1549	0.2675	55.2140	54.9470
0.6145	6.1558	0.2602	55.6802	54.8771
0.6150	6.1561	0.2538	55.8056	54.4452
0.6155	6.1569	0.2458	55.9802	54.5606
0.6160	6.1570	0.2458	56.1224	54.7573
0.6165	6.1577	0.2435	56.2711	54.5226
0.6170	6.1592	0.2294	56.2196	54.3693
0.6175	6.1594	0.2238	56.2227	54.6381
0.6180	6.1606	0.2126	56.0221	54.8828
0.6185	6.1605	0.2084	55.8532	55.0825
0.6190	6.1602	0.2067	55.4575	55.1107
0.6195	6.1610	0.2045	55.0655	54.9520
0.6200	6.1600	0.2110	54.5418	54.8398
0.6205	6.1600	0.2110	54.0611	54.5384
0.6210	6.1593	0.2187	53.5609	54.6230
0.6215	6.1581	0.2320	52.7544	54.9538
0.6220	6.1564	0.2442	53.1966	54.9285
0.6225	6.1554	0.2593	53.4944	54.8062
0.6230	6.1555	0.2624	53.8210	55.0369
0.6235	6.1560	0.2583	53.9670	55.0829
0.6240	6.1569	0.2472	54.2730	55.1486
0.6245	6.1575	0.2422	54.5968	55.1550
0.6250	6.1576	0.2410	54.9593	55.0967
0.6255	6.1580	0.2367	55.0271	54.7799
0.6260	6.1587	0.2245	55.2152	54.5623
0.6265	6.1593	0.2242	55.3574	54.6973
0.6270	6.1595	0.2177	55.6234	54.6929
0.6275	6.1605	0.2117	55.6028	54.7089
0.6280	6.1601	0.2162	55.8071	54.7919
0.6285	6.1598	0.2130	54.5258	55.0333
0.6290	6.1594	0.2216	54.2990	54.9449
0.6295	6.1602	0.2164	54.7532	54.9128
0.6300	6.1612	0.2009	54.8590	54.9082
0.6305	6.1603	0.2058	55.3368	55.0026
0.6310	6.1601	0.2194	55.5936	54.9398
0.6315	6.1578	0.2353	55.7987	54.7840
0.6320	6.1566	0.2483	55.9959	54.7858
0.6325	6.1553	0.2662	56.2073	54.8075
0.6330	6.1548	0.2734	56.1993	54.8161
0.6335	6.1556	0.2621	56.0785	54.8980
0.6340	6.1548	0.2646	56.1126	55.2164
0.6345	6.1551	0.2667	56.0618	55.1106
0.6350	6.1549	0.2662	55.7882	55.0626
0.6355	6.1559	0.2551	55.1855	55.1023
0.6360	6.1575	0.2379	54.9093	55.1971
0.6365	6.1585	0.2287	54.3389	55.0743
0.6370	6.1585	0.2290	53.5635	54.8900
0.6375	6.1589	0.2254	53.3836	54.9098
0.6380	6.1600	0.2182	52.8983	55.1310
0.6385	6.1595	0.2157	53.4287	54.9566
0.6390	6.1599	0.2172	53.7567	54.9870
0.6395	6.1600	0.2160	53.9524	55.0642
0.6400	6.1602	0.2164	54.0710	54.9896
0.6405	6.1599	0.2127	54.5350	55.1423
0.6410	6.1600	0.2183	54.8779	55.2690
0.6415	6.1583	0.2296	55.1043	55.3386
0.6420	6.1569	0.2430	55.1772	55.1156
0.6425	6.1559	0.2566	55.4172	54.7052
0.6430	6.1547	0.2689	55.6716	54.6074
0.6435	6.1537	0.2833	55.7117	54.5427
0.6440	6.1537	0.2788	55.7172	54.4660
0.6445	6.1542	0.2764	55.4856	54.7569
0.6450	6.1551	0.2626	55.5526	54.8573
0.6455	6.1558	0.2624	55.6659	54.7632
0.6460	6.1576	0.2448	55.0092	54.7899
0.6465	6.1587	0.2257	54.8513	54.9616
0.6470	6.1584	0.2270	55.4859	55.0973
0.6475	6.1587	0.2292	55.6749	54.9991
0.6480	6.1575	0.2369	55.7761	54.6605
0.6485	6.1576	0.2379	55.9230	54.6646
0.6490	6.1576	0.2423	56.1100	54.5369
0.6495	6.1567	0.2422	56.1965	54.4717
0.6500	6.1576	0.2381	56.0415	54.8365
0.6505	6.1577	0.2374	55.9596	55.1323
0.6510	6.1586	0.2312	55.7955	55.1651
0.6515	6.1589	0.2237	55.5969	55.1897
0.6520	6.1590	0.2275	55.0108	55.2723
0.6525	6.1571	0.2426	54.7860	55.2193
0.6530	6.1564	0.2528	53.5623	55.0338
0.6535	6.1546	0.2717	52.6862	54.9371
0.6540	6.1540	0.2762	52.9193	54.7978
0.6545	6.1548	0.2741	52.9873	54.7301
0.6550	6.1551	0.2705	53.4142	54.6564
0.6555	6.1556	0.2631	53.7286	54.7292
0.6560	6.1566	0.2522	54.0688	54.8459
0.6565	6.1586	0.2347	54.2075	54.9825
0.6570	6.1586	0.2306	54.5519	55.0983
0.6575	6.1579	0.2311	54.8289	55.0683
0.6580	6.1574	0.2401	55.1370	54.9749
0.6585	6.1574	0.2444	55.3008	54.7795
0.6590	6.1582	0.2338	55.5179	54.6866
0.6595	6.1584	0.2363	55.5882	54.7793
0.6600	6.1583	0.2310	55.7279	54.8676
0.6605	6.1580	0.2342	55.7443	54.6717
0.6610	6.1588	0.2228	55.2568	54.7257
0.6615	6.1589	0.2233	55.6546	54.9608
0.6620	6.1588	0.2298	55.5641	55.0154
0.6625	6.1582	0.2316	55.0774	55.2527
0.6630	6.1582	0.2326	55.0391	55.1543
0.6635	6.1580	0.2405	55.5251	55.1408
0.6640	6.1568	0.2454	55.6397	55.0218
0.6645	6.1555	0.2609	55.7950	54.9556
0.6650	6.1563	0.2538	56.0276	55.0777
0.6655	6.1572	0.2467	56.1830	55.1254
0.6660	6.1570	0.2416	56.1012	54.8279
0.6665	6.1580	0.2381	56.0065	54.9301
0.6670	6.1577	0.2339	55.9472	55.1117
0.6675	6.1588	0.2298	55.7287	55.1682
0.6680	6.1593	0.2175	55.4362	55.1441
0.6685	6.1603	0.2071	54.9418	55.0040
0.6690	6.1603	0.2096	54.6937	55.1489
0.6695	6.1596	0.2145	53.0706	55.0778
0.6700	6.1593	0.2167	52.7169	55.0074
0.6705	6.1594	0.2182	52.8774	55.1817
0.6710	6.1593	0.2197	53.0766	54.9649
0.6715	6.1595	0.2195	53.5046	54.6688
0.6720	6.1602	0.2119	53.7536	54.6233
0.6725	6.1601	0.2120	54.0122	54.6280
0.6730	6.1594	0.2195	54.2712	54.9645
0.6735	6.1580	0.2343	54.6252	54.9009
0.6740	6.1569	0.2455	54.9127	54.7916
0.6745	6.1558	0.2526	55.1622	54.8984
0.6750	6.1560	0.2585	55.3182	54.7921
0.6755	6.1558	0.2570	55.4462	54.9849
0.6760	6.1557	0.2608	55.6127	55.1929
0.6765	6.1560	0.2526	55.7211	54.7865
0.6770	6.1567	0.2475	55.9167	54.4465
0.6775	6.1573	0.2441	55.6742	54.4936
0.6780	6.1587	0.2299	55.4934	54.5656
0.6785	6.1604	0.2132	55.5688	54.9171
0.6790	6.1602	0.2134	55.2752	55.0866
0.6795	6.1602	0.2118	55.0650	55.1204
0.6800	6.1601	0.2104	55.4474	55.2532
0.6805	6.1597	0.2127	55.6814	55.0768
0.6810	6.1588	0.2240	55.9072	55.1200
0.6815	6.1591	0.2194	55.9719	55.2181
0.6820	6.1593	0.2235	56.0250	54.9549
0.6825	6.1594	0.2213	56.0430	54.7864
0.6830	6.1596	0.2230	56.0855	54.7447
0.6835	6.1585	0.2319	55.7649	54.7788
0.6840	6.1577	0.2354	55.6515	54.8858
0.6845	6.1563	0.2472	55.2680	54.9531
0.6850	6.1558	0.2597	55.1125	55.2177
0.6855	6.1556	0.2636	53.4758	55.2459
0.6860	6.1554	0.2603	52.3948	55.0132
0.6865	6.1553	0.2573	52.8389	54.8694
0.6870	6.1564	0.2546	52.9022	54.8182
0.6875	6.1573	0.2422	53.2139	54.5335
0.6880	6.1572	0.2421	53.3991	54.4794
0.6885	6.1569	0.2418	53.8980	54.6601
0.6890	6.1566	0.2493	54.1270	54.8323
0.6895	6.1563	0.2502	54.2907	54.9109
0.6900	6.1558	0.2561	54.5334	55.0448
0.6905	6.1553	0.2603	55.0138	55.2996
0.6910	6.1564	0.2517	55.2657	55.4282
0.6915	6.1571	0.2421	55.3129	55.2038
0.6920	6.1574	0.2398	55.4260	55.0611
0.6925	6.1578	0.2351	55.6365	55.0162
0.6930	6.1583	0.2354	55.7949	54.7340
0.6935	6.1575	0.2388	55.7191	54.6871
0.6940	6.1569	0.2491	55.8359	54.9564
0.6945	6.1554	0.2590	55.6729	55.0522
0.6950	6.1550	0.2619	55.2709	55.1587
0.6955	6.1548	0.2730	55.0976	55.3545
0.6960	6.1557	0.2596	55.0943	55.4105
0.6965	6.1562	0.2572	55.6840	55.4525
0.6970	6.1560	0.2582	56.0077	54.9990
0.6975	6.1561	0.2528	55.9669	54.8558
0.6980	6.1555	0.2632	55.9101	54.8716
0.6985	6.1551	0.2664	56.1919	54.7486
0.6990	6.1542	0.2748	56.4959	54.7740
0.6995	6.1537	0.2791	56.1784	54.9265
0.7000	6.1531	0.2841	55.7841	54.8488
0.7005	6.1554	0.2704	55.5412	54.8949
0.7010	6.1556	0.2617	55.6914	54.8775
0.7015	6.1550	0.2626	54.6620	55.1042
0.7020	6.1549	0.2696	53.8920	55.0699
0.7025	6.1553	0.2571	53.0824	54.6393
0.7030	6.1575	0.2452	52.7504	54.5670
0.7035	6.1574	0.2361	53.2790	54.6339
0.7040	6.1572	0.2449	53.0544	54.5409
0.7045	6.1563	0.2528	53.4183	54.7902
0.7050	6.1557	0.2626	53.9116	54.9465
0.7055	6.1537	0.2750	54.3036	54.8069
0.7060	6.1536	0.2855	54.2648	54.8396
0.7065	6.1541	0.2838	54.5262	54.8104
0.7070	6.1544	0.2706	55.0322	55.0432
0.7075	6.1549	0.2670	55.3695	55.1486
0.7080	6.1564	0.2569	55.1159	54.9244
0.7085	6.1565	0.2452	55.1975	54.8611
0.7090	6.1579	0.2387	55.6621	54.8518
0.7095	6.1572	0.2420	56.0523	54.6375
0.7100	6.1575	0.2445	55.7033	54.8600
0.7105	6.1579	0.2359	55.5951	54.9852
0.7110	6.1577	0.2397	55.0544	54.9872
0.7115	6.1577	0.2402	54.9769	54.9044
0.7120	6.1582	0.2329	55.1018	55.0279
0.7125	6.1589	0.2308	55.1408	55.1421
0.7130	6.1587	0.2259	55.6729	54.8817
0.7135	6.1596	0.2183	56.1694	54.8211
0.7140	6.1604	0.2116	56.1535	54.8782
0.7145	6.1593	0.2177	55.9554	54.8134
0.7150	6.1581	0.2346	56.0944	54.5240
0.7155	6.1571	0.2444	56.4513	54.5910
0.7160	6.1557	0.2588	56.2566	54.7093
0.7165	6.1553	0.2605	55.8158	54.7664
0.7170	6.1565	0.2570	55.4501	54.9014
0.7175	6.1567	0.2514	55.5252	55.1201
0.7180	6.1566	0.2516	54.4951	55.0973
0.7185	6.1568	0.2507	54.1357	54.8389
0.7190	6.1569	0.2447	53.1676	54.7499
0.7195	6.1568	0.2455	52.6536	54.8927
0.7200	6.1581	0.2352	53.3842	55.0121
0.7205	6.1596	0.2145	53.1983	54.7112
0.7210	6.1592	0.2220	53.4831	54.8615
0.7215	6.1595	0.2172	53.9022	54.9823
0.7220	6.1600	0.2160	54.3701	55.0609
0.7225	6.1600	0.2139	54.3662	55.1931
0.7230	6.1601	0.2157	54.5148	55.2304
0.7235	6.1607	0.2097	55.0169	55.2736
0.7240	6.1613	0.2008	55.4316	55.1998
0.7245	6.1608	0.2033	55.3447	54.9492
0.7250	6.1600	0.2124	55.1985	55.0775
0.7255	6.1591	0.2199	55.5718	54.9693
0.7260	6.1589	0.2266	55.8843	54.6822
0.7265	6.1581	0.2467	55.9634	54.8269
0.7270	6.1566	0.2526	55.1895	55.1180
0.7275	6.1558	0.2522	54.4237	55.2451
0.7280	6.1550	0.2617	55.1053	55.2060
0.7285	6.1555	0.2648	55.1924	54.9419
0.7290	6.1559	0.2582	55.2897	54.8917
0.7295	6.1576	0.2425	55.5691	54.4913
0.7300	6.1582	0.2343	56.1285	54.4753
0.7305	6.1584	0.2310	56.2620	54.7720
0.7310	6.1577	0.2381	56.0518	54.5987
0.7315	6.1582	0.2344	56.0291	54.4037
0.7320	6.1582	0.2298	56.3661	54.5966
0.7325	6.1594	0.2142	56.3124	54.8915
0.7330	6.1609	0.2035	55.7648	55.0372
0.7335	6.1608	0.2029	55.3232	55.1004
0.7340	6.1613	0.2015	55.2509	54.9325
0.7345	6.1608	0.2041	54.9988	54.8117
0.7350	6.1607	0.2110	54.0381	54.5128
0.7355	6.1598	0.2155	53.5348	54.5638
0.7360	6.1585	0.2254	52.9069	54.9111
0.7365	6.1570	0.2448	53.2625	54.9993
0.7370	6.1558	0.2579	53.3800	54.8151
0.7375	6.1554	0.2644	53.4772	55.0336
0.7380	6.1561	0.2567	53.9405	55.1201
0.7385	6.1568	0.2476	54.4055	55.1216
0.7390	6.1572	0.2472	54.4659	55.1183
0.7395	6.1567	0.2496	54.6423	55.0564
0.7400	6.1571	0.2459	55.0394	54.8257
0.7405	6.1580	0.2370	55.3945	54.5256
0.7410	6.1586	0.2300	55.2569	54.6378
0.7415	6.1589	0.2270	55.3126	54.6611
0.7420	6.1599	0.2102	55.5666	54.6995
0.7425	6.1604	0.2111	56.1126	54.7556
0.7430	6.1601	0.2122	55.0265	54.9953
0.7435	6.1597	0.2189	53.8934	54.9753
0.7440	6.1601	0.2133	54.6255	54.8914
0.7445	6.1613	0.1996	54.9246	54.8627
0.7450	6.1609	0.2036	55.3194	54.9214
0.7455	6.1599	0.2095	55.3323	54.9204
0.7460	6.1581	0.2295	55.7156	54.7368
0.7465	6.1561	0.2528	56.0993	54.7338
0.7470	6.1549	0.2671	56.2079	54.7722
0.7475	6.1540	0.2778	56.0193	54.8193
0.7480	6.1550	0.2728	56.0729	54.8433
0.7485	6.1548	0.2701	56.2567	55.1532
0.7490	6.1550	0.2666	56.2011	55.1201
0.7495	6.1555	0.2659	55.7118	55.0085
0.7500	6.1559	0.2542	55.2807	55.0138
0.7505	6.1579	0.2399	55.1085	55.0763
0.7510	6.1582	0.2301	54.7802	55.0190
0.7515	6.1583	0.2355	53.5407	54.8625
0.7520	6.1585	0.2328	53.3620	54.8403
0.7525	6.1590	0.2248	53.1044	55.1070
0.7530	6.1590	0.2253	53.4323	55.0176
0.7535	6.1587	0.2273	53.6495	54.9392
0.7540	6.1586	0.2266	53.7017	55.0721
0.7545	6.1588	0.2232	54.0932	54.9463
0.7550	6.1596	0.2218	54.5860	55.0271
0.7555	6.1589	0.2287	54.8103	55.1542
0.7560	6.1581	0.2351	54.8472	55.2496
0.7565	6.1568	0.2463	55.1963	55.1011
0.7570	6.1549	0.2635	55.5653	54.7074
0.7575	6.1539	0.2729	55.6431	54.5540
0.7580	6.1530	0.2856	55.4911	54.5508
0.7585	6.1529	0.2931	55.7478	54.4398
0.7590	6.1536	0.2809	55.7716	54.6981
0.7595	6.1539	0.2797	55.5648	54.8540
0.7600	6.1540	0.2774	55.5305	54.7682
0.7605	6.1546	0.2705	55.1902	54.7233
0.7610	6.1569	0.2494	54.9261	54.8429
0.7615	6.1570	0.2450	55.4339	54.9928
0.7620	6.1577	0.2390	55.5812	54.9666
0.7625	6.1572	0.2381	55.6542	54.6303
0.7630	6.1569	0.2461	55.9610	54.5671
0.7635	6.1567	0.2464	56.1941	54.5400
0.7640	6.1563	0.2519	56.1794	54.4080
0.7645	6.1570	0.2427	56.0246	54.7081
0.7650	6.1581	0.2381	56.0770	55.1048
0.7655	6.1583	0.2244	55.9645	55.1515
0.7660	6.1597	0.2175	55.6786	55.1346
0.7665	6.1596	0.2197	55.0985	55.1757
0.7670	6.1580	0.2328	54.9206	55.1446
0.7675	6.1569	0.2443	54.1543	54.9626
0.7680	6.1555	0.2607	52.7714	54.8677
0.7685	6.1549	0.2679	52.8141	54.7497
0.7690	6.1553	0.2574	52.9323	54.7018
0.7695	6.1558	0.2553	53.4239	54.6555
0.7700	6.1565	0.2543	53.6926	54.7085
0.7705	6.1586	0.2340	53.9177	54.8282
0.7710	6.1591	0.2243	54.1411	54.9417
0.7715	6.1606	0.2097	54.5737	55.0446
0.7720	6.1600	0.2139	54.9017	54.9859
0.7725	6.1596	0.2193	55.0318	54.9625
0.7730	6.1597	0.2221	55.2036	54.7465
0.7735	6.1598	0.2200	55.4823	54.5950
0.7740	6.1602	0.2171	55.7063	54.6801
0.7745	6.1601	0.2101	55.6854	54.7975
0.7750	6.1598	0.2199	55.8532	54.7330
0.7755	6.1601	0.2095	55.3230	54.6644
0.7760	6.1603	0.2086	55.5612	54.9265
0.7765	6.1603	0.2145	55.7068	54.9860
0.7770	6.1600	0.2134	55.2094	55.1659
0.7775	6.1597	0.2156	55.0095	55.1139
0.7780	6.1596	0.2110	55.4550	54.9946
0.7785	6.1583	0.2279	55.6824	54.9476
0.7790	6.1566	0.2433	55.7274	54.8479
0.7795	6.1567	0.2521	56.0144	54.9661
0.7800	6.1575	0.2335	56.1851	55.1271
0.7805	6.1580	0.2375	56.1905	54.9076
0.7810	6.1582	0.2354	55.9726	54.8924
0.7815	6.1589	0.2257	56.0058	55.0858
0.7820	6.1600	0.2172	55.8207	55.0941
0.7825	6.1601	0.2132	55.6216	55.1140
0.7830	6.1605	0.2051	55.0254	54.9034
0.7835	6.1603	0.2057	54.9012	54.9860
0.7840	6.1595	0.2169	53.5684	55.0258
0.7845	6.1594	0.2180	52.6394	54.9419
0.7850	6.1602	0.2174	52.9075	55.1265
0.7855	6.1597	0.2196	52.9757	55.0426
0.7860	6.1594	0.2153	53.4777	54.6897
0.7865	6.1603	0.2092	53.7511	54.6271
0.7870	6.1602	0.2057	54.0214	54.5611
0.7875	6.1592	0.2192	54.1554	54.8047
0.7880	6.1582	0.2301	54.5466	54.8829
0.7885	6.1569	0.2444	54.8730	54.6731
0.7890	6.1556	0.2617	55.1676	54.7847
0.7895	6.1553	0.2652	55.3228	54.7249
0.7900	6.1556	0.2602	55.4355	54.7589
0.7905	6.1558	0.2587	55.6195	55.1101
0.7910	6.1564	0.2505	55.7524	54.9151
0.7915	6.1565	0.2525	55.8728	54.4578
0.7920	6.1562	0.2502	55.7616	54.4421
0.7925	6.1567	0.2501	55.5441	54.4873
0.7930	6.1579	0.2408	55.6502	54.7504
0.7935	6.1585	0.2287	55.3653	55.0439
0.7940	6.1589	0.2301	55.0711	55.0139
0.7945	6.1586	0.2298	55.4012	55.1513
0.7950	6.1587	0.2272	55.7321	55.0494
0.7955	6.1583	0.2311	55.8310	54.9945
0.7960	6.1582	0.2362	55.8879	55.1405
0.7965	6.1580	0.2346	56.0678	54.9772
0.7970	6.1575	0.2347	56.1972	54.7605
0.7975	6.1586	0.2301	56.1521	54.7237
0.7980	6.1580	0.2308	55.8399	54.7123
0.7985	6.1570	0.2406	55.6873	54.8170
0.7990	6.1568	0.2475	55.3867	54.8241
0.7995	6.1559	0.2583	55.2317	55.0864
0.8000	6.1552	0.2595	54.0327	55.2154
0.8005	6.1555	0.2624	52.3863	55.0469
0.8010	6.1556	0.2616	52.8120	54.8724
0.8015	6.1559	0.2587	52.9740	54.8171
0.8020	6.1563	0.2475	53.2140	54.5982
0.8025	6.1569	0.2488	53.2336	54.4226
0.8030	6.1572	0.2458	53.7565	54.5614
0.8035	6.1564	0.2472	54.1512	54.7340
0.8040	6.1561	0.2520	54.3534	54.8289
0.8045	6.1566	0.2518	54.4621	54.9175
0.8050	6.1554	0.2585	54.8847	55.1605
0.8055	6.1559	0.2574	55.2704	55.3659
0.8060	6.1569	0.2499	55.3998	55.2691
0.8065	6.1575	0.2373	55.3417	55.0606
0.8070	6.1584	0.2280	55.4894	55.0431
0.8075	6.1585	0.2329	55.8303	54.8052
0.8080	6.1581	0.2342	55.9101	54.6254
0.8085	6.1569	0.2454	55.8222	54.8315
0.8090	6.1559	0.2557	55.6273	55.0281
0.8095	6.1551	0.2646	55.2279	55.0580
0.8100	6.1545	0.2739	55.2890	55.2800
0.8105	6.1552	0.2654	55.1508	55.3409
0.8110	6.1570	0.2483	55.4202	55.4477
0.8115	6.1565	0.2455	55.8548	55.1303
0.8120	6.1566	0.2493	56.0759	54.8189
0.8125	6.1561	0.2567	56.1011	54.8703
0.8130	6.1556	0.2607	56.0643	54.7810
0.8135	6.1558	0.2588	56.2140	54.7156
0.8140	6.1560	0.2546	56.2156	54.8645
0.8145	6.1558	0.2539	56.1153	54.8273
0.8150	6.1575	0.2447	55.6749	54.8013
0.8155	6.1578	0.2342	55.5059	54.8383
0.8160	6.1575	0.2405	54.8508	54.9558
0.8165	6.1567	0.2471	54.2010	55.1702
0.8170	6.1561	0.2517	53.5192	54.7923
0.8175	6.1579	0.2341	52.4747	54.5634
0.8180	6.1583	0.2301	53.0170	54.6569
0.8185	6.1584	0.2301	53.1830	54.5592
0.8190	6.1571	0.2424	53.5231	54.6248
0.8195	6.1561	0.2562	53.7282	54.9117
0.8200	6.1549	0.2640	54.0524	54.7816
0.8205	6.1547	0.2727	54.2843	54.7739
0.8210	6.1542	0.2708	54.5978	54.7765
0.8215	6.1553	0.2585	54.7962	54.9199
0.8220	6.1568	0.2527	55.0958	55.1768
0.8225	6.1585	0.2334	55.2752	54.9920
0.8230	6.1594	0.2250	55.4644	54.8344
0.8235	6.1600	0.2137	55.4793	54.8938
0.8240	6.1606	0.1995	55.6669	54.6533
0.8245	6.1604	0.2101	55.7192	54.7193
0.8250	6.1601	0.2113	55.9217	54.9384
0.8255	6.1594	0.2157	55.2727	54.9949
0.8260	6.1594	0.2214	54.6118	54.9448
0.8265	6.1584	0.2269	55.0196	54.9476
0.8270	6.1592	0.2247	55.3305	55.1941
0.8275	6.1596	0.2204	55.6342	54.9993
0.8280	6.1601	0.2173	55.7936	54.8569
0.8285	6.1612	0.1983	55.9738	54.8575
0.8290	6.1609	0.2052	56.1417	54.8510
0.8295	6.1588	0.2260	56.1984	54.5725
0.8300	6.1576	0.2411	56.2473	54.4643
0.8305	6.1561	0.2554	56.1351	54.6426
0.8310	6.1556	0.2607	56.0060	54.7186
0.8315	6.1556	0.2590	55.6600	54.8759
0.8320	6.1568	0.2526	55.4663	55.0770
0.8325	6.1570	0.2501	54.5508	55.2171
0.8330	6.1571	0.2446	54.1176	54.9606
0.8335	6.1571	0.2443	53.7795	54.7962
0.8340	6.1569	0.2514	52.5751	54.7979
0.8345	6.1569	0.2486	53.0905	55.0008
0.8350	6.1582	0.2322	53.1568	54.7795
0.8355	6.1582	0.2279	53.4991	54.7233
0.8360	6.1582	0.2330	53.7830	54.9464
0.8365	6.1594	0.2192	54.1038	55.0247
0.8370	6.1602	0.2098	54.2829	55.2086
0.8375	6.1599	0.2198	54.6086	55.2301
0.8380	6.1597	0.2128	54.9324	55.2612
0.8385	6.1605	0.2068	55.1888	55.2789
0.8390	6.1605	0.2097	55.2471	55.0220
0.8395	6.1601	0.2160	55.2571	55.0063
0.8400	6.1588	0.2294	55.4707	55.0631
0.8405	6.1580	0.2326	55.7332	54.7192
0.8410	6.1574	0.2420	55.8369	54.7208
0.8415	6.1555	0.2610	55.6036	55.0504
0.8420	6.1551	0.2646	54.5327	55.2434
0.8425	6.1550	0.2637	54.7566	55.2852
0.8430	6.1548	0.2697	55.0016	55.0527
0.8435	6.1556	0.2648	55.3087	54.9162
0.8440	6.1564	0.2554	55.6421	54.6857
0.8445	6.1569	0.2525	55.8506	54.4159
0.8450	6.1575	0.2386	56.0239	54.7258
0.8455	6.1572	0.2465	56.1015	54.6943
0.8460	6.1585	0.2289	56.1716	54.4349
0.8465	6.1588	0.2295	56.1750	54.4703
0.8470	6.1594	0.2218	56.0912	54.7983
0.8475	6.1604	0.2092	55.8568	54.9732
0.8480	6.1602	0.2110	55.6429	55.1609
0.8485	6.1614	0.2021	55.2064	55.0083
0.8490	6.1608	0.2024	54.9202	54.9050
0.8495	6.1607	0.2059	54.1703	54.6591
0.8500	6.1602	0.2119	53.8389	54.4978
0.8505	6.1591	0.2218	53.0717	54.7923
0.8510	6.1574	0.2384	52.8367	55.0305
0.8515	6.1558	0.2553	53.2607	54.8217
0.8520	6.1555	0.2602	53.4934	54.9010
0.8525	6.1559	0.2607	53.8897	55.1094
0.8530	6.1567	0.2479	54.0471	55.1078
0.8535	6.1572	0.2441	54.2679	55.1773
0.8540	6.1578	0.2352	54.6024	55.1294
0.8545	6.1578	0.2399	54.9595	54.9968
0.8550	6.1582	0.2357	55.1308	54.6070
0.8555	6.1587	0.2257	55.1708	54.6265
0.8560	6.1593	0.2215	55.3281	54.7118
0.8565	6.1603	0.2142	55.5447	54.7145
0.8570	6.1600	0.2133	55.7454	54.7342
0.8575	6.1599	0.2156	55.3479	54.9326
0.8580	6.1595	0.2163	53.9298	55.0480
0.8585	6.1599	0.2159	54.5045	54.9187
0.8590	6.1609	0.2028	54.7254	54.8947
0.8595	6.1606	0.1993	54.9830	54.9127
0.8600	6.1604	0.2106	55.2874	54.9824
0.8605	6.1590	0.2180	55.7000	54.7970
0.8610	6.1574	0.2416	55.9091	54.7633
0.8615	6.1559	0.2589	55.9791	54.7835
0.8620	6.1549	0.2655	55.9895	54.8483
0.8625	6.1554	0.2661	56.1670	54.8355
0.8630	6.1554	0.2602	56.2286	55.0747
0.8635	6.1549	0.2658	56.0679	55.2117
0.8640	6.1548	0.2688	55.6923	55.0554
0.8645	6.1548	0.2713	55.4886	55.0366
0.8650	6.1567	0.2490	55.1529	55.0884
0.8655	6.1584	0.2352	54.8625	55.0729
0.8660	6.1584	0.2289	53.5541	54.9019
0.8665	6.1588	0.2266	53.3893	54.8441
0.8670	6.1597	0.2223	53.4353	55.0282
0.8675	6.1598	0.2183	53.1074	55.1163
0.8680	6.1596	0.2186	53.2908	54.9306
0.8685	6.1601	0.2107	53.5680	55.0857
0.8690	6.1610	0.2078	54.1892	55.0110
0.8695	6.1607	0.2032	54.3870	55.0312
0.8700	6.1606	0.2088	54.4084	55.1501
0.8705	6.1599	0.2128	54.7015	55.2540
0.8710	6.1580	0.2280	55.3266	55.2122
0.8715	6.1567	0.2415	55.4387	54.8668
0.8720	6.1562	0.2543	55.3081	54.5816
0.8725	6.1543	0.2770	55.3078	54.5838
0.8730	6.1543	0.2770	55.8749	54.4956
0.8735	6.1545	0.2729	55.9283	54.6203
0.8740	6.1546	0.2673	55.2896	54.8682
0.8745	6.1557	0.2601	55.2930	54.8233
0.8750	6.1562	0.2506	55.4733	54.7321
0.8755	6.1581	0.2426	55.0786	54.7977
0.8760	6.1583	0.2318	55.0576	54.9490
0.8765	6.1584	0.2315	55.2419	55.0167
0.8770	6.1588	0.2301	55.6321	54.7742
0.8775	6.1579	0.2351	56.1088	54.5850
0.8780	6.1581	0.2368	56.0447	54.6047
0.8785	6.1578	0.2320	55.8601	54.4377
0.8790	6.1581	0.2411	55.9950	54.5881
0.8795	6.1581	0.2311	56.2672	55.0422
0.8800	6.1586	0.2287	56.0213	55.1776
0.8805	6.1589	0.2230	55.4618	55.1596
0.8810	6.1594	0.2185	55.2190	55.1967
0.8815	6.1585	0.2311	55.1472	55.2169
0.8820	6.1563	0.2430	54.7104	55.0564
0.8825	6.1554	0.2608	52.7869	54.9208
0.8830	6.1549	0.2713	52.4952	54.8294
0.8835	6.1546	0.2732	53.0399	54.7559
0.8840	6.1551	0.2742	53.3830	54.6829
0.8845	6.1554	0.2619	53.3902	54.6807
0.8850	6.1563	0.2507	53.5616	54.7887
0.8855	6.1581	0.2361	54.1927	54.9075
0.8860	6.1590	0.2260	54.5563	55.0331
0.8865	6.1584	0.2263	54.5834	55.0509
0.8870	6.1575	0.2362	54.6564	54.9513
0.8875	6.1576	0.2319	55.2337	54.8136
0.8880	6.1583	0.2306	55.5704	54.6271
0.8885	6.1590	0.2270	55.5502	54.6308
0.8890	6.1592	0.2221	55.3068	54.7777
0.8895	6.1587	0.2280	55.8555	54.7835
0.8900	6.1589	0.2255	55.7724	54.6241
0.8905	6.1591	0.2199	55.2662	54.8503
0.8910	6.1590	0.2186	55.4223	54.9850
0.8915	6.1593	0.2227	55.4186	55.1233
0.8920	6.1587	0.2256	55.3627	55.1815
0.8925	6.1585	0.2307	55.1640	55.0251
0.8930	6.1581	0.2390	55.3425	55.0082
0.8935	6.1562	0.2549	55.5850	54.8799
0.8940	6.1554	0.2618	56.1527	54.9140
0.8945	6.1567	0.2511	56.1187	55.1091
0.8950	6.1569	0.2404	55.9246	54.9897
0.8955	6.1575	0.2422	55.8985	54.8193
0.8960	6.1580	0.2328	56.2037	55.0419
0.8965	6.1589	0.2276	56.0058	55.0955
0.8970	6.1592	0.2216	55.5414	55.1446
0.8975	6.1601	0.2080	55.0154	54.9853
0.8980	6.1611	0.2118	55.0485	54.9510
0.8985	6.1603	0.2151	54.3524	55.0660
0.8990	6.1597	0.2150	52.5630	54.9351
0.8995	6.1596	0.2167	52.6850	55.0447
0.9000	6.1598	0.2134	52.9605	55.1194
0.9005	6.1596	0.2127	53.4657	54.7650
0.9010	6.1604	0.2081	53.4676	54.6188
0.9015	6.1607	0.2083	53.6346	54.5554
0.9020	6.1601	0.2105	54.1401	54.6897
0.9025	6.1587	0.2216	54.6228	54.9380
0.9030	6.1575	0.2386	54.6892	54.7201
0.9035	6.1564	0.2480	54.8006	54.7535
0.9040	6.1552	0.2623	55.2115	54.7706
0.9045	6.1558	0.2575	55.6300	54.7162
0.9050	6.1554	0.2646	55.5196	55.0352
0.9055	6.1562	0.2557	55.3970	55.0455
0.9060	6.1568	0.2502	55.7424	54.5683
0.9065	6.1574	0.2435	56.1203	54.4246
0.9070	6.1583	0.2304	55.6465	54.4603
0.9075	6.1597	0.2212	55.3355	54.6137
0.9080	6.1599	0.2125	55.3594	54.9732
0.9085	6.1601	0.2134	55.3588	54.9734
0.9090	6.1601	0.2129	55.3077	55.1025
0.9095	6.1603	0.2107	55.3755	55.1049
0.9100	6.1597	0.2189	55.5652	54.9645
0.9105	6.1584	0.2253	56.0784	55.1257
0.9110	6.1589	0.2305	56.1884	55.0905
0.9115	6.1592	0.2225	55.9632	54.8133
0.9120	6.1598	0.2254	55.8453	54.7287
0.9125	6.1585	0.2264	56.1106	54.7004
0.9130	6.1580	0.2332	55.9667	54.7654
0.9135	6.1569	0.2487	55.4204	54.8128
0.9140	6.1563	0.2588	54.8964	54.9770
0.9145	6.1548	0.2667	54.8616	55.1939
0.9150	6.1554	0.2635	53.1332	55.0769
0.9155	6.1553	0.2679	52.5352	54.8650
0.9160	6.1554	0.2648	52.5143	54.8114
0.9165	6.1566	0.2517	53.0611	54.6623
0.9170	6.1572	0.2492	53.5323	54.4082
0.9175	6.1566	0.2458	53.5410	54.4705
0.9180	6.1570	0.2441	53.7417	54.6530
0.9185	6.1570	0.2496	54.1964	54.7878
0.9190	6.1564	0.2520	54.6413	54.8376
0.9195	6.1561	0.2528	54.7577	55.0458
0.9200	6.1560	0.2587	54.8846	55.2814
0.9205	6.1563	0.2544	55.2790	55.2974
0.9210	6.1571	0.2446	55.5410	55.0684
0.9215	6.1576	0.2348	55.5039	55.0194
0.9220	6.1578	0.2369	55.5412	54.8851
0.9225	6.1574	0.2399	55.8288	54.6313
0.9230	6.1569	0.2484	55.9679	54.6918
0.9235	6.1555	0.2601	55.9123	54.9503
0.9240	6.1547	0.2718	55.2146	55.0024
0.9245	6.1536	0.2770	55.1103	55.1852
0.9250	6.1535	0.2771	55.2826	55.2333
0.9255	6.1547	0.2675	55.4319	55.3953
0.9260	6.1549	0.2696	55.7315	55.2552
0.9265	6.1544	0.2696	55.8892	54.8162
0.9270	6.1538	0.2818	56.0609	54.8356
0.9275	6.1529	0.2864	56.1186	54.7838
0.9280	6.1522	0.2986	56.1978	54.6809
0.9285	6.1526	0.2939	56.2534	54.7690
0.9290	6.1527	0.2993	56.1477	54.8358
0.9295	6.1533	0.2888	55.8686	54.7205
0.9300	6.1545	0.2756	55.5786	54.7512
0.9305	6.1546	0.2714	55.3062	54.7473
0.9310	6.1548	0.2714	54.2986	55.0780
0.9315	6.1540	0.2805	53.8406	54.8874
0.9320	6.1561	0.2564	52.5845	54.5541
0.9325	6.1568	0.2468	52.8468	54.5889
0.9330	6.1574	0.2461	53.2467	54.5706
0.9335	6.1571	0.2511	53.3274	54.5072
0.9340	6.1555	0.2581	53.5909	54.7964
0.9345	6.1545	0.2700	53.9335	54.7827
0.9350	6.1535	0.2853	54.2842	54.7077
0.9355	6.1533	0.2851	54.4547	54.7350
0.9360	6.1543	0.2792	54.6701	54.7749
0.9365	6.1552	0.2668	54.9975	55.0744
0.9370	6.1562	0.2557	55.2906	55.0479
0.9375	6.1574	0.2415	55.3914	54.8224
0.9380	6.1573	0.2399	55.4234	54.8568
0.9385	6.1590	0.2269	55.6015	54.7107
0.9390	6.1586	0.2259	55.7953	54.5985
0.9395	6.1589	0.2250	55.8418	54.8426
0.9400	6.1582	0.2248	55.6281	54.9014
0.9405	6.1584	0.2322	54.7158	54.8844
0.9410	6.1582	0.2316	54.9377	54.7789
0.9415	6.1583	0.2289	55.2553	55.0385
0.9420	6.1581	0.2341	55.4786	55.0483
0.9425	6.1592	0.2261	55.7163	54.8207
0.9430	6.1606	0.2024	56.0172	54.8365
0.9435	6.1608	0.1982	56.1366	54.8538
0.9440	6.1592	0.2212	56.1292	54.6544
0.9445	6.1578	0.2365	56.2571	54.4133
0.9450	6.1563	0.2458	56.3069	54.5454
0.9455	6.1552	0.2583	56.0632	54.6104
0.9460	6.1555	0.2611	55.7625	54.7140
0.9465	6.1567	0.2486	55.5269	54.9055
0.9470	6.1569	0.2483	55.1164	55.1418
0.9475	6.1565	0.2469	54.1957	54.9889
0.9480	6.1565	0.2507	54.1535	54.7855
0.9485	6.1570	0.2484	52.7837	54.7442
0.9490	6.1569	0.2514	52.8473	54.9235
0.9495	6.1588	0.2238	53.2517	54.8583
0.9500	6.1590	0.2219	53.3686	54.6108
0.9505	6.1585	0.2301	53.6745	54.8374
0.9510	6.1592	0.2219	53.9941	54.9182
0.9515	6.1591	0.2251	54.3140	55.0569
0.9520	6.1593	0.2225	54.5163	55.1910
0.9525	6.1596	0.2176	54.7871	55.2148
0.9530	6.1611	0.2070	55.0829	55.2436
0.9535	6.1610	0.2007	55.2551	55.0761
0.9540	6.1603	0.2033	55.3447	54.8964
0.9545	6.1599	0.2095	55.4156	55.0324
0.9550	6.1594	0.2154	55.6995	54.7695
0.9555	6.1583	0.2343	55.7900	54.5866
0.9560	6.1566	0.2444	55.8897	54.8557
0.9565	6.1561	0.2534	54.8580	55.1088
0.9570	6.1554	0.2614	54.5399	55.2276
0.9575	6.1548	0.2671	55.0119	55.1291
0.9580	6.1546	0.2647	55.2028	54.9231
0.9585	6.1558	0.2568	55.5768	54.8031
0.9590	6.1573	0.2427	55.7621	54.3848
0.9595	6.1584	0.2303	56.0647	54.5332
0.9600	6.1579	0.2263	56.1097	54.6838
0.9605	6.1574	0.2406	56.1354	54.4410
0.9610	6.1582	0.2343	56.1580	54.3226
0.9615	6.1587	0.2299	56.2238	54.6343
0.9620	6.1600	0.2177	56.0267	54.8717
0.9625	6.1609	0.2051	55.7998	55.0570
0.9630	6.1611	0.2050	55.3632	55.0567
0.9635	6.1609	0.2098	55.0865	54.9113
0.9640	6.1603	0.2125	54.5119	54.7496
0.9645	6.1604	0.2043	53.9552	54.4508
0.9650	6.1593	0.2133	53.4229	54.6086
0.9655	6.1576	0.2342	52.7826	54.9144
0.9660	6.1566	0.2516	53.2718	54.8724
0.9665	6.1554	0.2631	53.4019	54.7915
0.9670	6.1551	0.2649	53.7415	55.0205
0.9675	6.1557	0.2611	54.0152	55.0582
0.9680	6.1560	0.2523	54.3030	55.1345
0.9685	6.1562	0.2508	54.4938	55.1061
0.9690	6.1557	0.2528	54.8581	55.0407
0.9695	6.1567	0.2480	55.0798	54.7164
0.9700	6.1577	0.2353	55.2694	54.5148
0.9705	6.1583	0.2298	55.1975	54.6510
0.9710	6.1589	0.2250	55.4764	54.6461
0.9715	6.1604	0.2118	55.7047	54.6553
0.9720	6.1604	0.2075	55.8684	54.7522
0.9725	6.1608	0.2069	54.3035	54.9751
0.9730	6.1601	0.2124	54.1353	54.8779
0.9735	6.1612	0.2032	54.7643	54.8454
0.9740	6.1619	0.1955	54.9966	54.8406
0.9745	6.1610	0.1987	55.2631	54.9496
0.9750	6.1596	0.2177	55.4514	54.8675
0.9755	6.1576	0.2395	55.8318	54.7344
0.9760	6.1557	0.2567	56.0472	54.7476
0.9765	6.1543	0.2694	56.0975	54.7755
0.9770	6.1538	0.2828	56.0528	54.7730
0.9775	6.1551	0.2692	56.1498	54.8575
0.9780	6.1545	0.2714	56.2292	55.1449
0.9785	6.1548	0.2668	55.8964	55.0230
0.9790	6.1554	0.2682	55.5478	54.9707
0.9795	6.1566	0.2451	55.1947	54.9873
0.9800	6.1584	0.2310	55.0590	55.0395
0.9805	6.1594	0.2240	54.2419	54.9247
0.9810	6.1588	0.2279	53.3486	54.8425
0.9815	6.1589	0.2202	53.3781	54.9175
0.9820	6.1598	0.2180	53.0565	55.1355
0.9825	6.1593	0.2216	53.4157	54.9404
0.9830	6.1593	0.2183	53.5270	54.9660
0.9835	6.1594	0.2182	53.8683	55.0084
0.9840	6.1598	0.2207	54.2648	54.9039
0.9845	6.1590	0.2184	54.5704	55.0320
0.9850	6.1588	0.2249	54.6767	55.1465
0.9855	6.1581	0.2352	55.0049	55.2265
0.9860	6.1561	0.2508	55.3057	55.0247
0.9865	6.1551	0.2648	55.4844	54.6736
0.9870	6.1548	0.2771	55.4575	54.5884
0.9875	6.1535	0.2803	55.5613	54.5286
0.9880	6.1538	0.2814	55.8541	54.4842
0.9885	6.1540	0.2705	55.5555	54.7461
0.9890	6.1553	0.2644	55.3773	54.7963
0.9895	6.1557	0.2614	55.4282	54.7027
0.9900	6.1572	0.2448	55.0282	54.6936
0.9905	6.1580	0.2370	54.9913	54.8409
0.9910	6.1575	0.2425	55.3221	54.9890
0.9915	6.1579	0.2329	55.4754	54.9052
0.9920	6.1583	0.2367	55.8452	54.6345
0.9925	6.1578	0.2333	56.0768	54.6356
0.9930	6.1577	0.2391	56.0091	54.5272
0.9935	6.1573	0.2448	55.9636	54.4564
0.9940	6.1574	0.2449	56.0654	54.8110
0.9945	6.1581	0.2334	56.1214	55.0949
0.9950	6.1584	0.2263	55.7126	55.0797
0.9955	6.1587	0.2246	55.4111	55.1126
0.9960	6.1590	0.2244	55.0047	55.2068
0.9965	6.1574	0.2372	54.8911	55.1328
0.9970	6.1568	0.2460	53.5489	54.9653
0.9975	6.1552	0.2646	52.5193	54.8983
0.9980	6.1545	0.2687	52.8467	54.7878
0.9985	6.1552	0.2685	53.0778	54.7194
0.9990	6.1554	0.2629	53.4263	54.6474
0.9995	6.1565	0.2540	53.5993	54.7153
1.0000	6.1582	0.2337	53.9881	54.8131
1.0005	6.1591	0.2223	54.2606	54.9465
1.0010	6.1603	0.2108	54.5694	55.0178
1.0015	6.1597	0.2140	54.7261	54.9669
1.0020	6.1593	0.2187	55.0540	54.8843
1.0025	6.1594	0.2212	55.3263	54.7204
1.0030	6.1601	0.2151	55.5157	54.6335
1.0035	6.1604	0.2100	55.4885	54.7336
1.0040	6.1599	0.2146	55.6650	54.8490
1.0045	6.1598	0.2206	55.7980	54.6977
1.0050	6.1602	0.2067	55.2125	54.7176
1.0055	6.1604	0.2080	55.5122	54.9308
1.0060	6.1601	0.2134	55.5118	54.9979
1.0065	6.1603	0.2135	55.2202	55.1701
1.0070	6.1597	0.2186	55.0520	55.0612
1.0075	6.1590	0.2238	55.3670	54.9981
1.0080	6.1572	0.2393	55.5494	54.9493
1.0085	6.1562	0.2514	55.8550	54.9029
1.0090	6.1567	0.2514	56.0610	55.0597
1.0095	6.1576	0.2386	56.0203	55.1287
1.0100	6.1578	0.2343	55.9587	54.8640
1.0105	6.1583	0.2278	56.0407	54.9450
1.0110	6.1590	0.2262	56.0568	55.0574
1.0115	6.1598	0.2189	55.6572	55.0897
1.0120	6.1604	0.2080	55.2491	55.0487
1.0125	6.1609	0.2065	54.9206	54.8897
1.0130	6.1608	0.2093	54.8242	55.0486
1.0135	6.1597	0.2113	53.0488	55.0239
1.0140	6.1598	0.2116	52.5215	55.0075
1.0145	6.1603	0.2136	52.8223	55.1975
1.0150	6.1597	0.2124	53.1761	54.9762
1.0155	6.1604	0.2127	53.5166	54.6353
1.0160	6.1605	0.2077	53.5976	54.5831
1.0165	6.1602	0.2104	53.9144	54.5872
1.0170	6.1593	0.2189	54.3310	54.8383
1.0175	6.1580	0.2319	54.6360	54.8160
1.0180	6.1570	0.2443	54.7618	54.6863
1.0185	6.1552	0.2647	55.0551	54.8379
1.0190	6.1553	0.2652	55.3998	54.7265
1.0195	6.1555	0.2582	55.5004	54.9287
1.0200	6.1559	0.2565	55.4713	55.1874
1.0205	6.1560	0.2530	55.5551	54.7960
1.0210	6.1565	0.2540	55.9402	54.4185
1.0215	6.1564	0.2522	55.7969	54.4338
1.0220	6.1568	0.2462	55.4141	54.4826
1.0225	6.1583	0.2332	55.3245	54.8215
1.0230	6.1590	0.2242	55.2582	55.0102
1.0235	6.1588	0.2244	55.2605	55.0401
1.0240	6.1591	0.2286	55.4116	55.1765
1.0245	6.1591	0.2199	55.4424	55.0506
1.0250	6.1587	0.2236	55.7626	55.0661
1.0255	6.1590	0.2263	56.0776	55.1737
1.0260	6.1585	0.2287	56.0982	54.9156
1.0265	6.1589	0.2279	55.8661	54.7218
1.0270	6.1594	0.2281	55.9581	54.6912
1.0275	6.1582	0.2342	55.9099	54.7180
1.0280	6.1577	0.2381	55.6919	54.7984
1.0285	6.1565	0.2493	54.9985	54.8541
1.0290	6.1556	0.2591	54.9675	55.1820
1.0295	6.1554	0.2650	53.7400	55.2134
1.0300	6.1557	0.2621	52.4876	55.0260
1.0305	6.1555	0.2614	52.5803	54.8785
1.0310	6.1565	0.2526	52.6916	54.7860
1.0315	6.1573	0.2481	53.3459	54.5045
1.0320	6.1571	0.2457	53.5140	54.3970
1.0325	6.1575	0.2446	53.6751	54.5661
1.0330	6.1563	0.2502	53.8478	54.7426
1.0335	6.1554	0.2587	54.4264	54.8341
1.0340	6.1557	0.2534	54.7602	54.9735
1.0345	6.1555	0.2582	54.8402	55.2466
1.0350	6.1565	0.2617	54.9625	55.4072
1.0355	6.1565	0.2501	55.3363	55.1988
1.0360	6.1578	0.2386	55.5825	55.0369
1.0365	6.1583	0.2325	55.5507	54.9903
1.0370	6.1587	0.2329	55.5630	54.6852
1.0375	6.1582	0.2325	55.7589	54.6069
1.0380	6.1566	0.2510	56.0112	54.8766
1.0385	6.1557	0.2540	55.5694	55.0036
1.0390	6.1551	0.2669	54.9408	55.0718
1.0395	6.1550	0.2729	55.1011	55.3038
1.0400	6.1566	0.2542	55.3346	55.3766
1.0405	6.1574	0.2385	55.6220	55.4374
1.0410	6.1572	0.2418	55.6606	54.9965
1.0415	6.1566	0.2494	55.8623	54.7918
1.0420	6.1561	0.2552	56.1908	54.8165
1.0425	6.1560	0.2542	56.2054	54.6914
1.0430	6.1563	0.2479	56.0992	54.6955
1.0435	6.1560	0.2567	55.9996	54.8540
1.0440	6.1572	0.2472	56.0946	54.7963
1.0445	6.1581	0.2300	55.7062	54.8462
1.0450	6.1583	0.2367	55.3753	54.8390
1.0455	6.1572	0.2445	54.4522	55.0270
1.0460	6.1563	0.2554	54.1003	55.1147
1.0465	6.1561	0.2592	53.2726	54.6800
1.0470	6.1572	0.2398	52.4203	54.5587
1.0475	6.1580	0.2329	52.9460	54.6073
1.0480	6.1580	0.2366	53.1977	54.4861
1.0485	6.1564	0.2514	53.6086	54.6685
1.0490	6.1558	0.2641	53.6519	54.8718
1.0495	6.1545	0.2721	54.0227	54.7458
1.0500	6.1542	0.2767	54.3318	54.7934
1.0505	6.1544	0.2744	54.6487	54.7776
1.0510	6.1553	0.2623	54.8068	54.9904
1.0515	6.1559	0.2513	55.0984	55.1659
1.0520	6.1572	0.2431	55.2540	54.9045
1.0525	6.1580	0.2328	55.4511	54.8262
1.0530	6.1592	0.2251	55.4592	54.7980
1.0535	6.1591	0.2172	55.6523	54.5692
1.0540	6.1583	0.2261	55.7119	54.7501
1.0545	6.1584	0.2315	55.8887	54.9112
1.0550	6.1577	0.2336	55.0487	54.9435
1.0555	6.1577	0.2343	54.6153	54.8666
1.0560	6.1582	0.2281	55.0324	54.9387
1.0565	6.1590	0.2295	55.3430	55.1450
1.0570	6.1583	0.2310	55.6219	54.8883
1.0575	6.1599	0.2167	55.7790	54.8056
1.0580	6.1608	0.2056	55.9873	54.8409
1.0585	6.1599	0.2128	56.1675	54.7617
1.0590	6.1577	0.2343	56.1778	54.4614
1.0595	6.1566	0.2512	56.1765	54.4858
1.0600	6.1556	0.2632	56.0545	54.6202
1.0605	6.1553	0.2711	55.9649	54.7480
1.0610	6.1558	0.2598	55.5567	54.9168
1.0615	6.1566	0.2563	55.3339	55.0906
1.0620	6.1561	0.2570	54.3542	55.1345
1.0625	6.1565	0.2496	54.2187	54.8530
1.0630	6.1561	0.2534	53.4672	54.7360
1.0635	6.1566	0.2520	52.4457	54.8076
1.0640	6.1575	0.2387	53.1077	54.9487
1.0645	6.1589	0.2263	53.1974	54.6538
1.0650	6.1575	0.2353	53.5706	54.7460
1.0655	6.1584	0.2338	53.7405	54.9241
1.0660	6.1594	0.2246	54.0930	55.0046
1.0665	6.1599	0.2127	54.3724	55.1677
1.0670	6.1591	0.2170	54.6863	55.1920
1.0675	6.1603	0.2124	54.8758	55.2164
1.0680	6.1602	0.2089	55.1047	55.1851
1.0685	6.1600	0.2166	55.2699	54.9006
1.0690	6.1590	0.2179	55.3701	54.9950
1.0695	6.1585	0.2286	55.5476	54.9548
1.0700	6.1577	0.2354	55.6493	54.6170
1.0705	6.1565	0.2499	55.8509	54.7535
1.0710	6.1558	0.2585	55.4872	55.0667
1.0715	6.1551	0.2649	54.4265	55.2008
1.0720	6.1544	0.2660	54.7792	55.2041
1.0725	6.1549	0.2714	55.0577	54.9452
1.0730	6.1560	0.2546	55.3850	54.8467
1.0735	6.1564	0.2585	55.5952	54.5036
1.0740	6.1570	0.2471	55.8567	54.3913
1.0745	6.1578	0.2384	56.0951	54.7126
1.0750	6.1573	0.2382	56.1419	54.5979
1.0755	6.1587	0.2282	56.0488	54.3777
1.0760	6.1589	0.2274	56.1313	54.5042
1.0765	6.1593	0.2211	56.1715	54.8094
1.0770	6.1604	0.2061	55.8910	54.9638
1.0775	6.1607	0.2104	55.4860	55.0933
1.0780	6.1612	0.2043	55.0975	54.9141
1.0785	6.1603	0.2102	54.8966	54.8166
1.0790	6.1608	0.2086	54.1337	54.5277
1.0795	6.1595	0.2137	53.7016	54.4822
1.0800	6.1588	0.2218	52.8660	54.8281
1.0805	6.1572	0.2439	52.9921	54.9539
1.0810	6.1559	0.2548	53.3898	54.8094
1.0815	6.1553	0.2626	53.5180	54.9523
1.0820	6.1563	0.2551	53.7837	55.0703
1.0825	6.1568	0.2476	54.1299	55.0810
1.0830	6.1581	0.2410	54.4233	55.0991
1.0835	6.1569	0.2457	54.6444	55.0096
1.0840	6.1567	0.2488	54.8860	54.8399
1.0845	6.1568	0.2474	55.1818	54.4914
1.0850	6.1582	0.2346	55.3041	54.5891
1.0855	6.1590	0.2285	55.3871	54.6618
1.0860	6.1598	0.2163	55.4031	54.6656
1.0865	6.1593	0.2177	55.8092	54.7056
1.0870	6.1595	0.2193	55.2711	54.9375
1.0875	6.1593	0.2186	53.9712	54.9595
1.0880	6.1596	0.2127	54.4760	54.8440
1.0885	6.1607	0.2083	54.7207	54.8147
1.0890	6.1604	0.1998	55.2327	54.8718
1.0895	6.1601	0.2052	55.3455	54.8955
1.0900	6.1583	0.2275	55.5959	54.7119
1.0905	6.1567	0.2502	55.8890	54.7084
1.0910	6.1558	0.2558	56.1536	54.7312
1.0915	6.1549	0.2703	56.1045	54.8048
1.0920	6.1558	0.2577	56.0627	54.7918
1.0925	6.1558	0.2625	56.0940	55.0796
1.0930	6.1549	0.2680	56.1296	55.1070
1.0935	6.1546	0.2726	55.8074	54.9608
1.0940	6.1553	0.2697	55.3851	54.9589
1.0945	6.1569	0.2484	54.9731	55.0097
1.0950	6.1587	0.2325	54.7741	54.9494
1.0955	6.1585	0.2251	53.6688	54.8221
1.0960	6.1588	0.2286	53.4361	54.8097
1.0965	6.1595	0.2151	53.0641	55.0446
1.0970	6.1597	0.2196	53.1355	55.0288
1.0975	6.1598	0.2186	53.5674	54.8862
1.0980	6.1604	0.2096	53.7094	55.0271
1.0985	6.1607	0.2059	53.9941	54.9060
1.0990	6.1610	0.2039	54.3559	54.9485
1.0995	6.1606	0.2064	54.7093	55.0694
1.1000	6.1597	0.2172	54.8195	55.1815
1.1005	6.1583	0.2298	55.1080	55.0985
1.1010	6.1563	0.2440	55.3652	54.7724
1.1015	6.1552	0.2567	55.5498	54.5580
1.1020	6.1544	0.2790	55.4927	54.5734
1.1025	6.1538	0.2806	55.7355	54.4381
1.1030	6.1534	0.2801	55.7437	54.6172
1.1035	6.1539	0.2773	55.4566	54.8012
1.1040	6.1542	0.2778	55.4997	54.7186
1.1045	6.1547	0.2754	55.2136	54.6489
1.1050	6.1567	0.2502	54.8304	54.7554
1.1055	6.1567	0.2433	55.2667	54.9161
1.1060	6.1578	0.2360	55.4757	54.9304
1.1065	6.1581	0.2354	55.6246	54.6691
1.1070	6.1576	0.2352	55.9435	54.5338
1.1075	6.1580	0.2333	56.0984	54.5360
1.1080	6.1577	0.2369	56.0440	54.3715
1.1085	6.1580	0.2381	55.9821	54.5878
1.1090	6.1580	0.2337	56.0909	55.0155
1.1095	6.1587	0.2258	55.9934	55.0794
1.1100	6.1593	0.2198	55.6358	55.0616
1.1105	6.1591	0.2213	55.1610	55.1439
1.1110	6.1579	0.2336	54.9545	55.1498
1.1115	6.1560	0.2544	54.4511	54.9917
1.1120	6.1551	0.2646	52.7989	54.8703
1.1125	6.1538	0.2785	52.6491	54.7785
1.1130	6.1543	0.2784	52.9304	54.7051
1.1135	6.1542	0.2667	53.3637	54.6011
1.1140	6.1552	0.2611	53.5560	54.5669
1.1145	6.1565	0.2531	53.7512	54.7244
1.1150	6.1576	0.2387	54.0960	54.8374
1.1155	6.1586	0.2303	54.4724	54.9609
1.1160	6.1584	0.2290	54.7341	54.9653
1.1165	6.1584	0.2325	54.8636	54.9597
1.1170	6.1584	0.2311	55.1990	54.7709
1.1175	6.1589	0.2282	55.4595	54.5839
1.1180	6.1591	0.2213	55.6034	54.6271
1.1185	6.1592	0.2189	55.4844	54.7433
1.1190	6.1585	0.2292	55.8364	54.7078
1.1195	6.1593	0.2230	55.4604	54.6032
1.1200	6.1595	0.2145	55.3655	54.7946
1.1205	6.1596	0.2194	55.6320	54.9096
1.1210	6.1598	0.2192	55.2806	55.0709
1.1215	6.1596	0.2206	55.0576	55.1143
1.1220	6.1589	0.2251	55.2945	54.9811
1.1225	6.1580	0.2302	55.5402	54.9445
1.1230	6.1565	0.2502	55.5928	54.8374
1.1235	6.1559	0.2549	55.9843	54.8924
1.1240	6.1568	0.2487	56.1167	55.0869
1.1245	6.1578	0.2408	56.1197	54.9243
1.1250	6.1579	0.2292	55.9740	54.7999
1.1255	6.1586	0.2292	56.0770	55.0144
1.1260	6.1591	0.2236	55.8309	55.0198
1.1265	6.1603	0.2157	55.5393	55.0925
1.1270	6.1607	0.2065	55.0556	54.9017
1.1275	6.1604	0.2080	55.0276	54.9117
1.1280	6.1594	0.2167	53.9249	55.0347
1.1285	6.1591	0.2173	52.4996	54.9091
1.1290	6.1599	0.2165	52.8700	55.0310
1.1295	6.1597	0.2188	52.9904	55.0726
1.1300	6.1600	0.2083	53.3790	54.6971
1.1305	6.1603	0.2057	53.4408	54.5563
1.1310	6.1613	0.2006	53.8331	54.4948
1.1315	6.1605	0.2116	54.2332	54.6665
1.1320	6.1590	0.2223	54.5278	54.8746
1.1325	6.1575	0.2370	54.6522	54.6548
1.1330	6.1564	0.2512	54.9393	54.7323
1.1335	6.1553	0.2658	55.2930	54.7455
1.1340	6.1555	0.2656	55.5081	54.7235
1.1345	6.1553	0.2645	55.4219	55.0801
1.1350	6.1564	0.2505	55.5366	54.9889
1.1355	6.1570	0.2534	55.8640	54.4979
1.1360	6.1573	0.2332	55.9621	54.3688
1.1365	6.1583	0.2301	55.5017	54.4090
1.1370	6.1596	0.2185	55.4019	54.5571
1.1375	6.1603	0.2055	55.3662	54.9203
1.1380	6.1601	0.2124	55.2132	54.9243
1.1385	6.1600	0.2121	55.2574	55.0879
1.1390	6.1598	0.2123	55.4691	55.0802
1.1395	6.1589	0.2188	55.6933	54.9815
1.1400	6.1588	0.2183	56.0241	55.1318
1.1405	6.1592	0.2198	56.0787	55.0577
1.1410	6.1588	0.2234	55.9621	54.7539
1.1415	6.1592	0.2184	55.9393	54.6656
1.1420	6.1586	0.2256	56.0114	54.5954
1.1425	6.1584	0.2326	55.8280	54.7104
1.1430	6.1573	0.2388	55.3547	54.7281
1.1435	6.1564	0.2536	55.0136	54.9372
1.1440	6.1557	0.2642	54.5931	55.1710
1.1445	6.1552	0.2608	52.7527	55.0560
1.1450	6.1554	0.2643	52.5791	54.8745
1.1455	6.1556	0.2600	52.6319	54.8067
1.1460	6.1568	0.2501	53.1099	54.6459
1.1465	6.1567	0.2440	53.4103	54.3833
1.1470	6.1561	0.2505	53.6283	54.4506
1.1475	6.1564	0.2523	53.8427	54.6182
1.1480	6.1554	0.2540	54.1943	54.7483
1.1485	6.1559	0.2592	54.5281	54.7801
1.1490	6.1555	0.2574	54.7631	54.9978
1.1495	6.1554	0.2622	54.9886	55.2797
1.1500	6.1565	0.2534	55.2826	55.2580
1.1505	6.1567	0.2457	55.4644	55.0260
1.1510	6.1574	0.2428	55.4959	55.0169
1.1515	6.1571	0.2413	55.5856	54.8385
1.1520	6.1570	0.2463	55.8099	54.6118
1.1525	6.1561	0.2549	55.8706	54.6984
1.1530	6.1549	0.2647	55.7558	54.9507
1.1535	6.1543	0.2705	55.1279	54.9827
1.1540	6.1534	0.2838	55.1767	55.1726
1.1545	6.1531	0.2866	55.2919	55.1975
1.1550	6.1538	0.2809	55.4136	55.3841
1.1555	6.1530	0.2832	55.6246	55.1977
1.1560	6.1529	0.2934	55.8341	54.7670
1.1565	6.1525	0.2921	56.0825	54.8386
1.1570	6.1522	0.2983	56.1094	54.7620
1.1575	6.1517	0.2991	56.1672	54.6673
1.1580	6.1514	0.3054	56.2220	54.7584
1.1585	6.1512	0.3042	56.1208	54.8056
1.1590	6.1520	0.2930	55.7536	54.7164
1.1595	6.1532	0.2850	55.4551	54.7501
1.1600	6.1540	0.2753	55.0532	54.7648
1.1605	6.1537	0.2759	54.2076	55.0964
1.1610	6.1532	0.2815	53.8222	54.8470
1.1615	6.1556	0.2644	52.4760	54.5183
1.1620	6.1561	0.2502	52.8291	54.5715
1.1625	6.1570	0.2429	53.2207	54.5347
1.1630	6.1565	0.2468	53.3644	54.5116
1.1635	6.1558	0.2566	53.4967	54.8281
1.1640	6.1546	0.2761	53.8523	54.7817
1.1645	6.1533	0.2803	54.3085	54.7181
1.1650	6.1540	0.2791	54.5513	54.7515
1.1655	6.1552	0.2727	54.6255	54.7867
1.1660	6.1553	0.2631	54.8963	55.0709
1.1665	6.1564	0.2556	55.2689	55.0272
1.1670	6.1578	0.2410	55.4335	54.7993
1.1675	6.1586	0.2320	55.3471	54.8507
1.1680	6.1603	0.2110	55.4777	54.6717
1.1685	6.1603	0.2044	55.7428	54.5800
1.1690	6.1605	0.2121	55.9471	54.8344
1.1695	6.1597	0.2145	55.5236	54.9026
1.1700	6.1590	0.2220	54.5329	54.9076
1.1705	6.1586	0.2297	54.8720	54.8261
1.1710	6.1590	0.2266	55.2635	55.1034
1.1715	6.1588	0.2217	55.4826	55.0647
1.1720	6.1591	0.2221	55.6184	54.8237
1.1725	6.1609	0.2012	55.9624	54.8619
1.1730	6.1611	0.2018	56.2310	54.8509
1.1735	6.1594	0.2198	56.1647	54.6107
1.1740	6.1576	0.2363	56.0354	54.3932
1.1745	6.1561	0.2488	56.0670	54.5227
1.1750	6.1555	0.2568	56.1450	54.6353
1.1755	6.1547	0.2672	55.8117	54.7882
1.1760	6.1560	0.2567	55.3698	54.9666
1.1765	6.1561	0.2526	54.7916	55.1816
1.1770	6.1560	0.2567	54.2268	55.0024
1.1775	6.1559	0.2523	54.1346	54.7855
1.1780	6.1560	0.2540	52.4445	54.7362
1.1785	6.1567	0.2528	52.7471	54.9306
1.1790	6.1584	0.2308	53.1537	54.8105
1.1795	6.1584	0.2281	53.5250	54.6028
1.1800	6.1569	0.2408	53.6887	54.8498
1.1805	6.1573	0.2371	53.8656	54.9373
1.1810	6.1579	0.2330	54.1852	55.0612
1.1815	6.1575	0.2351	54.5306	55.2055
1.1820	6.1586	0.2304	54.7859	55.2324
1.1825	6.1593	0.2210	55.0448	55.2493
1.1830	6.1597	0.2142	55.1460	55.0697
1.1835	6.1592	0.2169	55.3036	54.8870
1.1840	6.1588	0.2273	55.4632	55.0285
1.1845	6.1579	0.2300	55.6700	54.7481
1.1850	6.1568	0.2434	55.6474	54.6145
1.1855	6.1551	0.2651	55.7362	54.8978
1.1860	6.1549	0.2658	54.7469	55.1496
1.1865	6.1545	0.2716	54.5690	55.2648
1.1870	6.1541	0.2761	54.9244	55.1301
1.1875	6.1547	0.2712	55.1253	54.8956
1.1880	6.1556	0.2628	55.5504	54.7643
1.1885	6.1564	0.2520	55.7677	54.3536
1.1890	6.1578	0.2431	55.9507	54.5511
1.1895	6.1574	0.2422	55.9477	54.6849
1.1900	6.1576	0.2422	56.1039	54.4509
1.1905	6.1582	0.2234	56.1913	54.3757
1.1910	6.1585	0.2310	56.1751	54.7038
1.1915	6.1604	0.2152	55.8618	54.9124
1.1920	6.1598	0.2093	55.6242	55.0867
1.1925	6.1602	0.2048	55.3084	55.0562
1.1930	6.1601	0.2086	55.0432	54.8789
1.1935	6.1604	0.2105	54.3261	54.7159
1.1940	6.1602	0.2121	53.8638	54.4131
1.1945	6.1593	0.2213	53.3624	54.5995
1.1950	6.1577	0.2369	52.7416	54.9313
1.1955	6.1561	0.2493	53.1755	54.8725
1.1960	6.1555	0.2608	53.2848	54.8409
1.1965	6.1551	0.2634	53.7298	55.0699
1.1970	6.1560	0.2564	53.9659	55.0946
1.1975	6.1568	0.2478	54.2174	55.1641
1.1980	6.1569	0.2443	54.4344	55.1015
1.1985	6.1573	0.2447	54.8271	54.9894
1.1990	6.1580	0.2377	55.0685	54.6380
1.1995	6.1592	0.2216	55.1737	54.4740
1.2000	6.1588	0.2252	55.1386	54.6300
1.2005	6.1599	0.2175	55.4728	54.6398
1.2010	6.1603	0.2103	55.6003	54.6805
1.2015	6.1605	0.2092	55.7611	54.8188
1.2020	6.1599	0.2089	54.2519	55.0267
1.2025	6.1601	0.2142	54.1391	54.9151
1.2030	6.1606	0.2053	54.7218	54.8957
1.2035	6.1612	0.1981	54.8660	54.8301
1.2040	6.1611	0.2000	55.1939	54.9214
1.2045	6.1590	0.2218	55.4640	54.7729
1.2050	6.1575	0.2447	55.7318	54.6572
1.2055	6.1555	0.2582	55.9653	54.7212
1.2060	6.1545	0.2718	56.0681	54.7657
1.2065	6.1538	0.2802	56.0303	54.7906
1.2070	6.1548	0.2694	56.0904	54.9175
1.2075	6.1548	0.2670	56.0890	55.1935
1.2080	6.1547	0.2667	55.8314	55.0629
1.2085	6.1554	0.2653	55.5751	55.0214
1.2090	6.1567	0.2531	55.1727	55.0001
1.2095	6.1583	0.2337	54.9865	55.0022
1.2100	6.1583	0.2282	54.1200	54.8657
1.2105	6.1583	0.2317	53.2976	54.7838
1.2110	6.1582	0.2331	53.3703	54.8876
1.2115	6.1592	0.2209	52.9843	55.1152
1.2120	6.1587	0.2253	53.3414	54.9278
1.2125	6.1588	0.2248	53.4895	54.9958
1.2130	6.1593	0.2151	53.8751	55.0397
1.2135	6.1598	0.2138	54.2153	54.9689
1.2140	6.1600	0.2172	54.4540	55.0484
1.2145	6.1590	0.2179	54.6294	55.1681
1.2150	6.1577	0.2357	54.9894	55.2150
1.2155	6.1561	0.2526	55.2668	54.9730
1.2160	6.1549	0.2645	55.4203	54.6228
1.2165	6.1540	0.2756	55.3871	54.5588
1.2170	6.1527	0.2864	55.5724	54.5217
1.2175	6.1536	0.2839	55.8258	54.5037
1.2180	6.1547	0.2747	55.4616	54.7857
1.2185	6.1556	0.2661	55.3178	54.7940
1.2190	6.1565	0.2520	55.4563	54.6934
1.2195	6.1572	0.2408	55.0127	54.6912
1.2200	6.1577	0.2396	54.9296	54.8420
1.2205	6.1579	0.2337	55.2872	54.9393
1.2210	6.1581	0.2310	55.4632	54.8482
1.2215	6.1575	0.2386	55.7898	54.6146
1.2220	6.1573	0.2351	55.9748	54.6193
1.2225	6.1574	0.2399	55.9641	54.4933
1.2230	6.1570	0.2427	55.9778	54.4442
1.2235	6.1578	0.2387	56.0670	54.8248
1.2240	6.1580	0.2350	56.0296	55.0871
1.2245	6.1585	0.2290	55.6518	55.0810
1.2250	6.1588	0.2252	55.4063	55.1159
1.2255	6.1586	0.2245	54.9793	55.2069
1.2260	6.1577	0.2350	54.8444	55.1044
1.2265	6.1559	0.2481	53.5013	54.9400
1.2270	6.1549	0.2644	52.5011	54.8682
1.2275	6.1545	0.2722	52.8357	54.7226
1.2280	6.1551	0.2656	53.0449	54.6694
1.2285	6.1551	0.2631	53.4276	54.6246
1.2290	6.1558	0.2595	53.5560	54.7039
1.2295	6.1574	0.2428	53.9007	54.8139
1.2300	6.1583	0.2304	54.2114	54.9694
1.2305	6.1587	0.2184	54.5896	55.0107
1.2310	6.1583	0.2319	54.7390	54.9444
1.2315	6.1578	0.2314	54.9570	54.8393
1.2320	6.1581	0.2370	55.2903	54.6756
1.2325	6.1577	0.2322	55.5650	54.5906
1.2330	6.1587	0.2323	55.4535	54.7071
1.2335	6.1582	0.2315	55.5585	54.7969
1.2340	6.1581	0.2275	55.7594	54.6342
1.2345	6.1587	0.2254	55.2488	54.7002
1.2350	6.1587	0.2237	55.5224	54.9096
1.2355	6.1586	0.2281	55.4338	54.9953
1.2360	6.1580	0.2273	55.1056	55.1741
1.2365	6.1579	0.2308	55.0316	55.0471
1.2370	6.1575	0.2382	55.3959	54.9739
1.2375	6.1563	0.2537	55.5002	54.9168
1.2380	6.1548	0.2631	55.8041	54.8648
1.2385	6.1557	0.2590	56.0867	54.9986
1.2390	6.1564	0.2491	56.0495	55.0692
1.2395	6.1568	0.2464	55.9315	54.7730
1.2400	6.1571	0.2465	55.9490	54.9041
1.2405	6.1575	0.2408	56.0279	55.0392
1.2410	6.1580	0.2325	55.7256	55.0688
1.2415	6.1595	0.2168	55.2937	55.0197
1.2420	6.1601	0.2145	54.8563	54.8721
1.2425	6.1603	0.2100	54.7977	55.0324
1.2430	6.1597	0.2173	53.1228	54.9588
1.2435	6.1591	0.2192	52.5465	54.9345
1.2440	6.1596	0.2133	52.7714	55.1218
1.2445	6.1593	0.2177	53.1138	54.8968
1.2450	6.1597	0.2195	53.5640	54.5765
1.2455	6.1598	0.2146	53.5929	54.5642
1.2460	6.1595	0.2211	53.8633	54.5753
1.2465	6.1586	0.2285	54.3088	54.8666
1.2470	6.1571	0.2429	54.6842	54.8020
1.2475	6.1562	0.2496	54.8120	54.6670
1.2480	6.1546	0.2646	54.9764	54.7740
1.2485	6.1549	0.2728	55.3121	54.6572
1.2490	6.1543	0.2703	55.5583	54.8683
1.2495	6.1549	0.2692	55.5338	55.0999
1.2500	6.1557	0.2585	55.5349	54.7180
1.2505	6.1558	0.2611	55.8759	54.3992
1.2510	6.1562	0.2534	55.7885	54.4434
1.2515	6.1567	0.2461	55.4799	54.4757
1.2520	6.1588	0.2294	55.3455	54.8216
1.2525	6.1586	0.2245	55.1972	54.9766
1.2530	6.1580	0.2291	55.2004	54.9837
1.2535	6.1580	0.2357	55.4507	55.1119
1.2540	6.1587	0.2298	55.4912	54.9401
1.2545	6.1585	0.2274	55.7342	54.9945
1.2550	6.1587	0.2278	56.0778	55.1116
1.2555	6.1586	0.2298	56.1388	54.8704
1.2560	6.1591	0.2291	55.8376	54.7084
1.2565	6.1587	0.2234	55.9049	54.6767
1.2570	6.1578	0.2342	55.9750	54.7029
1.2575	6.1574	0.2448	55.7972	54.8124
1.2580	6.1559	0.2528	54.9757	54.8595
1.2585	6.1554	0.2641	54.9058	55.1224
1.2590	6.1549	0.2682	53.8456	55.1237
1.2595	6.1552	0.2653	52.5736	54.9217
1.2600	6.1548	0.2666	52.5445	54.7851
1.2605	6.1552	0.2636	52.5883	54.7299
1.2610	6.1564	0.2537	53.4003	54.4506
1.2615	6.1563	0.2494	53.6607	54.3753
1.2620	6.1563	0.2564	53.6661	54.5465
1.2625	6.1564	0.2508	53.7220	54.7244
1.2630	6.1563	0.2540	54.3978	54.7952
1.2635	6.1558	0.2552	54.8605	54.8922
1.2640	6.1552	0.2635	54.8923	55.1658
1.2645	6.1556	0.2581	54.8634	55.3421
1.2650	6.1562	0.2535	55.3028	55.1357
1.2655	6.1576	0.2346	55.7419	55.0000
1.2660	6.1579	0.2368	55.6223	54.9400
1.2665	6.1579	0.2372	55.4428	54.6551
1.2670	6.1575	0.2451	55.6743	54.5803
1.2675	6.1560	0.2574	56.1204	54.8451
1.2680	6.1549	0.2688	55.6859	54.9541
1.2685	6.1536	0.2732	54.8887	55.0269
1.2690	6.1537	0.2759	55.0251	55.2513
1.2695	6.1548	0.2682	55.4178	55.3010
1.2700	6.1564	0.2527	55.7354	55.3761
1.2705	6.1560	0.2528	55.5907	54.9308
1.2710	6.1558	0.2534	55.7484	54.7472
1.2715	6.1554	0.2597	56.2438	54.7867
1.2720	6.1552	0.2652	56.3411	54.6731
1.2725	6.1547	0.2675	56.1054	54.6557
1.2730	6.1548	0.2718	55.9096	54.8234
1.2735	6.1551	0.2641	56.1034	54.7317
1.2740	6.1561	0.2558	55.8326	54.7692
1.2745	6.1555	0.2570	55.3884	54.7455
1.2750	6.1553	0.2628	54.3508	54.9558
1.2755	6.1546	0.2688	54.0985	55.0488
1.2760	6.1544	0.2723	53.4450	54.6163
1.2765	6.1548	0.2631	52.4985	54.5381
1.2770	6.1556	0.2600	52.8388	54.6015
1.2775	6.1554	0.2528	53.1092	54.4893
1.2780	6.1547	0.2694	53.7773	54.6571
1.2785	6.1544	0.2720	53.8097	54.8157
1.2790	6.1531	0.2844	53.8709	54.6778
1.2795	6.1528	0.2909	54.1993	54.6853
1.2800	6.1531	0.2889	54.8294	54.6728
1.2805	6.1538	0.2762	54.9892	54.9025
1.2810	6.1550	0.2720	54.9677	55.1026
1.2815	6.1556	0.2591	55.0942	54.9015
1.2820	6.1559	0.2528	55.5902	54.8285
1.2825	6.1566	0.2432	55.6148	54.8239
1.2830	6.1576	0.2424	55.5631	54.5831
1.2835	6.1567	0.2467	55.5939	54.7279
1.2840	6.1574	0.2400	55.9865	54.8584
1.2845	6.1566	0.2472	55.2532	54.8532
1.2850	6.1570	0.2405	54.5811	54.7389
1.2855	6.1577	0.2354	54.8794	54.8270
1.2860	6.1582	0.2315	55.3765	55.0511
1.2865	6.1581	0.2339	55.8146	54.8369
1.2870	6.1591	0.2270	55.8278	54.7943
1.2875	6.1601	0.2087	55.8742	54.8695
1.2880	6.1592	0.2195	56.1677	54.7988
1.2885	6.1573	0.2334	56.3217	54.4742
1.2890	6.1563	0.2536	56.2044	54.4655
1.2895	6.1551	0.2660	55.9359	54.5656
1.2900	6.1542	0.2720	55.9797	54.6373
1.2905	6.1547	0.2693	55.7584	54.7886
1.2910	6.1558	0.2571	55.4071	54.9855
1.2915	6.1555	0.2556	54.2301	55.0486
1.2920	6.1563	0.2569	54.1498	54.8066
1.2925	6.1559	0.2592	53.5727	54.7264
1.2930	6.1554	0.2520	52.5344	54.8251
1.2935	6.1567	0.2509	53.0210	54.9856
1.2940	6.1589	0.2247	53.1542	54.6748
1.2945	6.1583	0.2357	53.7115	54.7036
1.2950	6.1581	0.2346	53.8667	54.8479
1.2955	6.1588	0.2267	53.9918	54.8869
1.2960	6.1589	0.2237	54.2436	55.0246
1.2965	6.1584	0.2293	54.7593	55.1131
1.2970	6.1596	0.2156	55.0257	55.1572
1.2975	6.1599	0.2119	55.0548	55.1825
1.2980	6.1596	0.2137	55.1518	54.9378
1.2985	6.1593	0.2223	55.4636	55.0115
1.2990	6.1582	0.2345	55.7114	54.9770
1.2995	6.1574	0.2400	55.5871	54.6266
1.3000	6.1561	0.2532	55.6674	54.6952
1.3005	6.1550	0.2649	55.4773	54.9720
1.3010	6.1551	0.2721	54.6364	55.0934
1.3015	6.1537	0.2779	54.8252	55.1231
1.3020	6.1538	0.2784	54.8806	54.8968
1.3025	6.1545	0.2722	55.4149	54.8405
1.3030	6.1559	0.2552	55.7880	54.5523
1.3035	6.1571	0.2443	55.8636	54.3904
1.3040	6.1581	0.2319	55.8827	54.7199
1.3045	6.1572	0.2457	56.1091	54.5858
1.3050	6.1576	0.2375	56.3298	54.3491
1.3055	6.1579	0.2344	56.2050	54.4289
1.3060	6.1592	0.2193	55.9149	54.7464
1.3065	6.1601	0.2133	55.8199	54.8882
1.3070	6.1606	0.2098	55.7142	55.0400
1.3075	6.1609	0.2054	55.1937	54.8864
1.3080	6.1606	0.2071	54.6774	54.7899
1.3085	6.1598	0.2118	54.0081	54.5368
1.3090	6.1593	0.2198	53.8729	54.4928
1.3095	6.1579	0.2343	52.9967	54.8127
1.3100	6.1562	0.2487	52.8714	54.9593
1.3105	6.1555	0.2609	53.2287	54.7930
1.3110	6.1544	0.2675	53.5695	54.9007
1.3115	6.1556	0.2674	53.9711	55.0171
1.3120	6.1564	0.2486	54.0669	55.0186
1.3125	6.1572	0.2452	54.2449	55.0397
1.3130	6.1572	0.2470	54.7524	54.9582
1.3135	6.1564	0.2479	55.0964	54.8199
1.3140	6.1573	0.2380	55.1122	54.5007
1.3145	6.1582	0.2328	55.0617	54.5903
1.3150	6.1593	0.2244	55.3955	54.6673
1.3155	6.1600	0.2124	55.6318	54.6637
1.3160	6.1596	0.2177	55.8122	54.6882
1.3165	6.1596	0.2142	55.0796	54.8990
1.3170	6.1593	0.2205	53.9607	54.9156
1.3175	6.1600	0.2169	54.6825	54.8012
1.3180	6.1604	0.2065	54.7379	54.7693
1.3185	6.1605	0.2081	54.9691	54.8013
1.3190	6.1600	0.2112	55.3060	54.8685
1.3195	6.1588	0.2313	55.8218	54.6830
1.3200	6.1570	0.2460	55.9526	54.7173
1.3205	6.1557	0.2623	55.9344	54.7219
1.3210	6.1545	0.2704	55.9562	54.7847
1.3215	6.1547	0.2711	56.2096	54.7874
1.3220	6.1549	0.2649	56.2112	55.0481
1.3225	6.1547	0.2704	55.9346	55.0916
1.3230	6.1547	0.2702	55.6336	54.9433
1.3235	6.1554	0.2701	55.5114	54.9425
1.3240	6.1567	0.2466	55.1280	54.9872
1.3245	6.1576	0.2316	54.6225	54.9741
1.3250	6.1582	0.2300	53.4346	54.8416
1.3255	6.1579	0.2316	53.5068	54.7983
1.3260	6.1589	0.2251	53.2254	55.0140
1.3265	6.1590	0.2235	53.0572	55.0407
1.3270	6.1592	0.2202	53.3851	54.8790
1.3275	6.1594	0.2175	53.7196	55.0216
1.3280	6.1603	0.2117	54.1781	54.9274
1.3285	6.1608	0.2092	54.3029	54.9412
1.3290	6.1604	0.2102	54.4590	55.0521
1.3295	6.1595	0.2183	54.8286	55.1823
1.3300	6.1577	0.2376	55.2764	55.1092
1.3305	6.1557	0.2549	55.3428	54.7801
1.3310	6.1545	0.2674	55.3530	54.5386
1.3315	6.1533	0.2857	55.4628	54.5612
1.3320	6.1531	0.2930	55.8869	54.4467
1.3325	6.1532	0.2919	55.6950	54.5951
1.3330	6.1531	0.2871	55.2255	54.8184
1.3335	6.1535	0.2803	55.4354	54.7412
1.3340	6.1542	0.2805	55.4010	54.6514
1.3345	6.1561	0.2589	54.9185	54.7430
1.3350	6.1569	0.2468	55.0647	54.9080
1.3355	6.1576	0.2352	55.2988	54.9138
1.3360	6.1580	0.2375	55.7238	54.6883
1.3365	6.1574	0.2374	56.0430	54.5150
1.3370	6.1578	0.2375	55.9370	54.5656
1.3375	6.1574	0.2375	55.8863	54.3930
1.3380	6.1577	0.2361	56.0700	54.5704
1.3385	6.1577	0.2370	56.2389	55.0202
1.3390	6.1576	0.2354	55.8587	55.1082
1.3395	6.1582	0.2332	55.3913	55.1060
1.3400	6.1586	0.2283	55.1982	55.1439
1.3405	6.1569	0.2430	55.0870	55.1936
1.3410	6.1556	0.2579	54.4284	55.0277
1.3415	6.1543	0.2695	52.6355	54.8696
1.3420	6.1536	0.2787	52.6414	54.7691
1.3425	6.1536	0.2835	53.0751	54.6836
1.3430	6.1543	0.2704	53.2919	54.6208
1.3435	6.1550	0.2670	53.3250	54.6388
1.3440	6.1559	0.2632	53.6710	54.7838
1.3445	6.1574	0.2388	54.2298	54.8803
1.3450	6.1594	0.2180	54.4829	54.9966
1.3455	6.1593	0.2206	54.5323	54.9805
1.3460	6.1591	0.2228	54.7437	54.8808
1.3465	6.1585	0.2263	55.3104	54.7315
1.3470	6.1584	0.2286	55.4982	54.5823
1.3475	6.1587	0.2207	55.3938	54.6157
1.3480	6.1590	0.2225	55.3042	54.7555
1.3485	6.1588	0.2207	55.9236	54.7410
1.3490	6.1595	0.2193	55.6080	54.6333
1.3495	6.1599	0.2118	55.2270	54.8378
1.3500	6.1591	0.2211	55.4035	54.9505
1.3505	6.1597	0.2216	55.3030	55.0976
1.3510	6.1592	0.2236	55.1547	55.1374
1.3515	6.1590	0.2249	55.1575	54.9687
1.3520	6.1577	0.2355	55.3290	54.9423
1.3525	6.1566	0.2528	55.6046	54.8394
1.3530	6.1563	0.2524	56.1147	54.8990
1.3535	6.1571	0.2405	56.0606	55.0962
1.3540	6.1578	0.2390	55.8749	54.9630
1.3545	6.1581	0.2390	55.8697	54.8353
1.3550	6.1585	0.2282	56.1640	55.0398
1.3555	6.1590	0.2181	55.8667	55.0721
1.3560	6.1598	0.2129	55.3988	55.1211
1.3565	6.1608	0.1994	54.9308	54.9441
1.3570	6.1607	0.2037	55.0814	54.9148
1.3575	6.1595	0.2135	54.1301	55.0272
1.3580	6.1598	0.2183	52.3915	54.9061
1.3585	6.1597	0.2199	52.6419	55.0339
1.3590	6.1595	0.2158	52.9602	55.0869
1.3595	6.1601	0.2145	53.4686	54.7381
1.3600	6.1602	0.2072	53.4045	54.6073
1.3605	6.1609	0.2036	53.6369	54.5533
1.3610	6.1600	0.2116	54.2218	54.6997
1.3615	6.1588	0.2254	54.5750	54.9114
1.3620	6.1579	0.2413	54.4836	54.6958
1.3625	6.1564	0.2456	54.8002	54.7308
1.3630	6.1552	0.2610	55.3225	54.7509
1.3635	6.1550	0.2673	55.5575	54.7201
1.3640	6.1552	0.2700	55.3157	55.0688
1.3645	6.1561	0.2569	55.3529	55.0207
1.3650	6.1560	0.2545	55.8931	54.5242
1.3655	6.1560	0.2524	56.0482	54.4081
1.3660	6.1567	0.2525	55.3795	54.4505
1.3665	6.1584	0.2340	55.2262	54.5902
1.3670	6.1593	0.2240	55.4178	54.9652
1.3675	6.1585	0.2298	55.3607	54.9569
1.3680	6.1586	0.2284	55.1002	55.0949
1.3685	6.1588	0.2284	55.2536	55.0813
1.3690	6.1586	0.2269	55.7169	54.9500
1.3695	6.1583	0.2266	56.1211	55.1067
1.3700	6.1586	0.2266	55.9497	55.0512
1.3705	6.1582	0.2327	55.7426	54.7650
1.3710	6.1585	0.2259	55.9543	54.6973
1.3715	6.1581	0.2306	56.2168	54.6595
1.3720	6.1579	0.2340	55.7560	54.7608
1.3725	6.1567	0.2443	55.1283	54.7783
1.3730	6.1558	0.2596	54.9688	54.9469
1.3735	6.1551	0.2630	54.8787	55.1956
1.3740	6.1551	0.2661	52.8303	55.0818
1.3745	6.1552	0.2692	52.3085	54.8854
1.3750	6.1550	0.2667	52.5492	54.8212
1.3755	6.1558	0.2571	53.2444	54.6605
1.3760	6.1567	0.2527	53.4399	54.4142
1.3765	6.1561	0.2576	53.3445	54.4772
1.3770	6.1555	0.2605	53.6871	54.6432
1.3775	6.1548	0.2682	54.3253	54.7554
1.3780	6.1549	0.2688	54.6173	54.8033
1.3785	6.1541	0.2730	54.5248	55.0088
1.3790	6.1544	0.2794	54.7731	55.3198
1.3795	6.1548	0.2685	55.4106	55.3093
1.3800	6.1557	0.2617	55.5883	55.0756
1.3805	6.1560	0.2579	55.3030	55.0454
1.3810	6.1562	0.2578	55.3178	54.8668
1.3815	6.1556	0.2525	55.8650	54.6215
1.3820	6.1555	0.2620	56.0678	54.6965
1.3825	6.1545	0.2677	55.7133	54.9438
1.3830	6.1541	0.2795	54.9382	54.9543
1.3835	6.1530	0.2859	55.1494	55.1467
1.3840	6.1536	0.2859	55.4329	55.2454
1.3845	6.1544	0.2762	55.3291	55.3967
1.3850	6.1548	0.2690	55.3649	55.2515
1.3855	6.1543	0.2732	55.7694	54.8386
1.3860	6.1539	0.2756	56.2584	54.8419
1.3865	6.1535	0.2821	56.1823	54.7963
1.3870	6.1536	0.2818	55.9387	54.6766
1.3875	6.1533	0.2874	55.9953	54.7712
1.3880	6.1530	0.2875	56.1858	54.8178
1.3885	6.1532	0.2848	55.9260	54.7276
1.3890	6.1540	0.2774	55.3282	54.7543
1.3895	6.1543	0.2779	54.9892	54.8238
1.3900	6.1540	0.2775	54.3617	55.1343
1.3905	6.1536	0.2845	54.0011	54.8938
1.3910	6.1547	0.2699	52.4303	54.5629
1.3915	6.1552	0.2644	52.5152	54.6080
1.3920	6.1559	0.2586	53.2042	54.5686
1.3925	6.1554	0.2603	53.5099	54.5204
1.3930	6.1551	0.2661	53.5018	54.8120
1.3935	6.1540	0.2727	53.6038	54.7729
1.3940	6.1531	0.2845	54.2304	54.6954
1.3945	6.1534	0.2852	54.6901	54.7276
1.3950	6.1540	0.2808	54.6321	54.7794
1.3955	6.1552	0.2683	54.6449	55.0871
1.3960	6.1560	0.2596	55.1353	55.0852
1.3965	6.1579	0.2416	55.5474	54.8260
1.3970	6.1584	0.2336	55.4608	54.8797
1.3975	6.1599	0.2211	55.3214	54.6960
1.3980	6.1594	0.2166	55.6143	54.5922
1.3985	6.1598	0.2164	55.9938	54.8382
1.3990	6.1590	0.2161	55.7109	54.8870
1.3995	6.1584	0.2268	54.4455	54.8831
1.4000	6.1580	0.2346	54.6702	54.7822
1.4005	6.1580	0.2334	55.3296	55.0835
1.4010	6.1581	0.2289	55.5938	55.0664
1.4015	6.1585	0.2276	55.5125	54.8489
1.4020	6.1597	0.2159	55.7531	54.8752
1.4025	6.1602	0.2063	56.2233	54.8694
1.4030	6.1591	0.2206	56.2841	54.6273
1.4035	6.1575	0.2383	55.9590	54.3821
1.4040	6.1560	0.2533	55.9358	54.4972
1.4045	6.1548	0.2661	56.1747	54.6007
1.4050	6.1549	0.2705	56.0255	54.7363
1.4055	6.1555	0.2643	55.3398	54.9477
1.4060	6.1558	0.2613	54.7351	55.1741
1.4065	6.1557	0.2636	54.1783	55.0446
1.4070	6.1554	0.2646	54.3885	54.8452
1.4075	6.1553	0.2618	52.7253	54.7639
1.4080	6.1557	0.2644	52.4957	54.9283
1.4085	6.1573	0.2375	53.1850	54.8106
1.4090	6.1572	0.2413	53.5640	54.5633
1.4095	6.1561	0.2582	53.6489	54.8060
1.4100	6.1563	0.2511	53.6490	54.8872
1.4105	6.1574	0.2402	54.1512	55.0567
1.4110	6.1580	0.2381	54.6955	55.2121
1.4115	6.1585	0.2315	54.8102	55.2361
1.4120	6.1599	0.2172	54.7675	55.2788
1.4125	6.1594	0.2186	55.0598	55.0936
1.4130	6.1591	0.2198	55.5391	54.8831
1.4135	6.1583	0.2321	55.5345	55.0075
1.4140	6.1571	0.2386	55.3224	54.7187
1.4145	6.1565	0.2448	55.4610	54.5475
1.4150	6.1547	0.2684	56.1312	54.8460
1.4155	6.1548	0.2726	55.0901	55.1218
1.4160	6.1541	0.2753	54.2435	55.2478
1.4165	6.1537	0.2711	54.7332	55.1399
1.4170	6.1543	0.2753	55.3539	54.9166
1.4175	6.1548	0.2687	55.7470	54.7839
1.4180	6.1557	0.2661	55.4641	54.3715
1.4185	6.1566	0.2501	55.6962	54.5352
1.4190	6.1568	0.2449	56.2396	54.6649
1.4195	6.1566	0.2419	56.4199	54.4146
1.4200	6.1582	0.2385	55.9809	54.2974
1.4205	6.1587	0.2313	55.8235	54.6064
1.4210	6.1597	0.2138	56.0661	54.8439
1.4215	6.1602	0.2105	56.0500	55.0449
1.4220	6.1607	0.2096	55.2480	55.0656
1.4225	6.1604	0.2035	54.7146	54.8902
1.4230	6.1604	0.2092	54.5406	54.7478
1.4235	6.1602	0.2139	54.2825	54.4606
1.4240	6.1592	0.2205	53.4208	54.5868
1.4245	6.1574	0.2376	52.3093	54.9118
1.4250	6.1558	0.2553	53.1279	54.8384
1.4255	6.1550	0.2666	53.7281	54.7788
1.4260	6.1548	0.2705	53.7623	54.9947
1.4265	6.1556	0.2643	53.5523	55.0372
1.4270	6.1562	0.2507	54.0776	55.1239
1.4275	6.1564	0.2508	54.8135	55.0898
1.4280	6.1559	0.2570	54.9730	54.9919
1.4285	6.1575	0.2448	54.6463	54.6717
1.4290	6.1582	0.2318	54.9864	54.4776
1.4295	6.1582	0.2300	55.5102	54.5990
1.4300	6.1594	0.2228	55.7288	54.5857
1.4305	6.1600	0.2110	55.2572	54.6158
1.4310	6.1601	0.2120	55.5411	54.7399
1.4315	6.1599	0.2138	54.7559	54.9614
1.4320	6.1591	0.2173	54.4063	54.8926
1.4325	6.1603	0.2104	54.4425	54.8604
1.4330	6.1610	0.2002	54.4827	54.8290
1.4335	6.1609	0.2057	55.4154	54.9122
1.4340	6.1595	0.2204	55.8432	54.8228
1.4345	6.1570	0.2341	55.6552	54.6725
1.4350	6.1562	0.2521	55.5821	54.6857
1.4355	6.1543	0.2673	56.1574	54.7253
1.4360	6.1541	0.2750	56.4259	54.7155
1.4365	6.1550	0.2635	56.0686	54.8449
1.4370	6.1545	0.2702	55.7371	55.1493
1.4375	6.1544	0.2709	55.9406	55.0456
1.4380	6.1536	0.2779	56.0512	54.9929
1.4385	6.1548	0.2611	55.2071	55.0195
1.4390	6.1568	0.2454	54.5754	55.0640
1.4395	6.1575	0.2408	54.2020	54.9337
1.4400	6.1574	0.2407	53.7491	54.7763
1.4405	6.1576	0.2364	53.5122	54.8176
1.4410	6.1581	0.2304	52.6156	55.0473
1.4415	6.1587	0.2272	53.2078	54.8652
1.4420	6.1587	0.2278	53.8810	54.9131
1.4425	6.1587	0.2263	54.0068	55.0002
1.4430	6.1589	0.2196	53.8379	54.9192
1.4435	6.1590	0.2245	54.2629	55.0539
1.4440	6.1584	0.2309	54.9444	55.1840
1.4445	6.1572	0.2400	55.2055	55.2341
1.4450	6.1555	0.2568	55.0009	54.9895
1.4455	6.1549	0.2702	55.1819	54.5969
1.4460	6.1539	0.2793	55.6679	54.4891
1.4465	6.1524	0.2908	55.8234	54.4412
1.4470	6.1529	0.2832	55.6301	54.3955
1.4475	6.1536	0.2837	55.2427	54.6974
1.4480	6.1549	0.2691	55.5269	54.7761
1.4485	6.1557	0.2585	55.8061	54.6870
1.4490	6.1567	0.2530	54.9427	54.6850
1.4495	6.1569	0.2393	54.6073	54.8361
1.4500	6.1571	0.2435	55.3944	54.9480
1.4505	6.1574	0.2441	55.8009	54.8489
1.4510	6.1566	0.2478	55.7342	54.5731
1.4515	6.1567	0.2496	55.6739	54.5554
1.4520	6.1575	0.2478	56.0506	54.4338
1.4525	6.1562	0.2512	56.3708	54.3633
1.4530	6.1568	0.2475	56.0820	54.7244
1.4535	6.1575	0.2379	55.7356	55.0332
1.4540	6.1583	0.2310	55.6845	55.0602
1.4545	6.1589	0.2277	55.7808	55.0854
1.4550	6.1590	0.2209	55.1227	55.1517
1.4555	6.1581	0.2369	54.6482	55.0963
1.4560	6.1567	0.2477	53.5822	54.9050
1.4565	6.1552	0.2646	52.8150	54.8433
1.4570	6.1543	0.2723	52.9540	54.7100
1.4575	6.1543	0.2738	52.7823	54.6219
1.4580	6.1548	0.2722	53.2779	54.5796
1.4585	6.1551	0.2650	53.8087	54.6644
1.4590	6.1567	0.2495	54.1183	54.7694
1.4595	6.1582	0.2380	54.0217	54.9161
1.4600	6.1595	0.2170	54.3746	54.9813
1.4605	6.1585	0.2238	54.9428	54.9106
1.4610	6.1583	0.2298	55.2595	54.7971
1.4615	6.1581	0.2346	55.1124	54.6453
1.4620	6.1584	0.2347	55.2359	54.5716
1.4625	6.1585	0.2344	55.6577	54.6638
1.4630	6.1582	0.2274	55.9133	54.7602
1.4635	6.1578	0.2379	55.7124	54.6116
1.4640	6.1585	0.2269	54.9941	54.6577
1.4645	6.1590	0.2284	55.5972	54.9048
1.4650	6.1583	0.2282	55.8293	54.9173
1.4655	6.1585	0.2293	55.0509	55.1317
1.4660	6.1577	0.2353	54.6975	55.0280
1.4665	6.1573	0.2420	55.4474	54.9767
1.4670	6.1558	0.2524	55.8416	54.8862
1.4675	6.1547	0.2648	55.8324	54.8270
1.4680	6.1559	0.2595	55.8034	54.9663
1.4685	6.1564	0.2552	55.9835	55.0442
1.4690	6.1562	0.2555	56.2124	54.7392
1.4695	6.1566	0.2512	56.0829	54.8265
1.4700	6.1564	0.2474	55.8404	55.0107
1.4705	6.1574	0.2384	55.6367	55.0448
1.4710	6.1586	0.2243	55.5498	55.0212
1.4715	6.1598	0.2175	55.0164	54.8402
1.4720	6.1602	0.2064	54.6706	54.9775
1.4725	6.1598	0.2182	53.1109	54.9368
1.4730	6.1593	0.2175	52.7113	54.9035
1.4735	6.1598	0.2182	52.9699	55.0813
1.4740	6.1592	0.2197	52.9743	54.9026
1.4745	6.1591	0.2157	53.3678	54.5815
1.4750	6.1600	0.2145	53.7133	54.5446
1.4755	6.1597	0.2145	54.0859	54.5128
1.4760	6.1587	0.2225	54.1945	54.8180
1.4765	6.1571	0.2375	54.4721	54.8000
1.4770	6.1567	0.2520	54.8934	54.6310
1.4775	6.1552	0.2651	55.2142	54.7462
1.4780	6.1551	0.2679	55.2671	54.6308
1.4785	6.1551	0.2649	55.3200	54.8251
1.4790	6.1548	0.2678	55.5683	55.0923
1.4795	6.1560	0.2551	55.8100	54.7621
1.4800	6.1564	0.2582	55.8936	54.3764
1.4805	6.1567	0.2505	55.5582	54.4070
1.4810	6.1570	0.2423	55.4407	54.4442
1.4815	6.1583	0.2267	55.6242	54.7422
1.4820	6.1592	0.2263	55.3272	54.9566
1.4825	6.1586	0.2236	54.9940	54.9500
1.4830	6.1587	0.2241	55.3271	55.1006
1.4835	6.1585	0.2302	55.7102	54.9583
1.4840	6.1588	0.2273	55.8461	54.9776
1.4845	6.1582	0.2296	55.8374	55.1119
1.4850	6.1581	0.2286	55.9994	54.8998
1.4855	6.1587	0.2265	56.0944	54.6992
1.4860	6.1590	0.2251	56.0797	54.6563
1.4865	6.1578	0.2337	55.7419	54.6688
1.4870	6.1575	0.2386	55.6104	54.7799
1.4875	6.1560	0.2533	55.2541	54.8010
1.4880	6.1551	0.2632	55.1353	55.0642
1.4885	6.1544	0.2723	53.6778	55.1372
1.4890	6.1544	0.2715	52.3425	54.9309
1.4895	6.1544	0.2761	52.7667	54.7671
1.4900	6.1546	0.2738	52.8564	54.7404
1.4905	6.1552	0.2546	53.2391	54.4878
1.4910	6.1564	0.2511	53.2978	54.3656
1.4915	6.1564	0.2515	53.6825	54.5097
1.4920	6.1560	0.2530	53.9986	54.6861
1.4925	6.1555	0.2611	54.3995	54.7865
1.4930	6.1556	0.2628	54.6338	54.9078
1.4935	6.1549	0.2640	54.8391	55.1231
1.4940	6.1552	0.2643	55.0687	55.3241
1.4945	6.1562	0.2550	55.3168	55.1623
1.4950	6.1568	0.2481	55.4538	54.9782
1.4955	6.1570	0.2480	55.5744	54.9632
1.4960	6.1569	0.2459	55.7013	54.7095
1.4965	6.1563	0.2537	55.7422	54.5862
1.4970	6.1556	0.2617	55.8816	54.8162
1.4975	6.1543	0.2708	55.6117	54.9589
1.4980	6.1536	0.2815	55.1153	55.0421
1.4985	6.1529	0.2891	55.1458	55.2169
1.4990	6.1539	0.2788	55.1616	55.2731
1.4995	6.1552	0.2623	55.5393	55.3831
1.5000	6.1550	0.2641	55.7962	54.9979
1.5005	6.1556	0.2576	55.9511	54.7537
1.5010	6.1546	0.2677	56.0711	54.7980
1.5015	6.1539	0.2766	56.1162	54.6976
1.5020	6.1534	0.2846	56.2317	54.6712
1.5025	6.1536	0.2776	56.1171	54.8233
1.5030	6.1539	0.2764	55.9725	54.7613
1.5035	6.1550	0.2681	55.5984	54.7525
1.5040	6.1558	0.2598	55.4841	54.7574
1.5045	6.1553	0.2576	54.6729	54.9367
1.5050	6.1548	0.2714	54.0789	55.0525
1.5055	6.1551	0.2665	53.2121	54.6503
1.5060	6.1562	0.2531	52.4472	54.5101
1.5065	6.1561	0.2493	53.0399	54.5912
1.5070	6.1564	0.2476	53.1068	54.4866
1.5075	6.1554	0.2634	53.5123	54.6297
1.5080	6.1550	0.2673	53.7282	54.8499
1.5085	6.1538	0.2768	54.0641	54.7078
1.5090	6.1529	0.2844	54.2255	54.7204
1.5095	6.1528	0.2855	54.5497	54.6996
1.5100	6.1541	0.2767	54.8228	54.8910
1.5105	6.1545	0.2720	55.1364	55.0993
1.5110	6.1557	0.2582	55.2097	54.9180
1.5115	6.1567	0.2531	55.3518	54.8029
1.5120	6.1572	0.2443	55.4670	54.8255
1.5125	6.1571	0.2419	55.7372	54.5941
1.5130	6.1565	0.2521	55.6872	54.7059
1.5135	6.1572	0.2442	55.7996	54.8851
1.5140	6.1572	0.2443	55.1069	54.8917
1.5145	6.1568	0.2444	54.6483	54.7964
1.5150	6.1579	0.2389	55.0357	54.8167
1.5155	6.1580	0.2363	55.2635	55.0687
1.5160	6.1579	0.2381	55.5881	54.8741
1.5165	6.1591	0.2244	55.8118	54.7849
1.5170	6.1598	0.2127	56.0142	54.8630
1.5175	6.1596	0.2139	56.1045	54.8210
1.5180	6.1579	0.2321	56.0850	54.5094
1.5185	6.1569	0.2482	56.1623	54.4496
1.5190	6.1552	0.2641	56.1470	54.5811
1.5195	6.1548	0.2701	56.0586	54.6447
1.5200	6.1551	0.2643	55.5807	54.7765
1.5205	6.1558	0.2577	55.2299	54.9946
1.5210	6.1560	0.2543	54.3969	55.1006
1.5215	6.1560	0.2546	54.2585	54.9102
1.5220	6.1559	0.2523	53.6398	54.7603
1.5225	6.1556	0.2558	52.4189	54.8023
1.5230	6.1571	0.2481	53.0398	54.9806
1.5235	6.1583	0.2249	53.2251	54.7059
1.5240	6.1576	0.2371	53.5548	54.7049
1.5245	6.1570	0.2426	53.6599	54.8883
1.5250	6.1576	0.2416	54.0218	54.9386
1.5255	6.1581	0.2351	54.3718	55.0957
1.5260	6.1579	0.2304	54.6603	55.1768
1.5265	6.1596	0.2189	54.8268	55.1939
1.5270	6.1600	0.2143	55.0154	55.2001
1.5275	6.1600	0.2151	55.2511	54.9431
1.5280	6.1595	0.2139	55.4136	54.9702
1.5285	6.1584	0.2244	55.4637	54.9982
1.5290	6.1582	0.2335	55.5428	54.6539
1.5295	6.1566	0.2483	55.8197	54.6967
1.5300	6.1558	0.2596	55.6019	54.9941
1.5305	6.1551	0.2635	54.4529	55.1531
1.5310	6.1541	0.2724	54.6283	55.1912
1.5315	6.1535	0.2779	54.9734	54.9738
1.5320	6.1544	0.2687	55.4248	54.8737
1.5325	6.1559	0.2614	55.5723	54.5981
1.5330	6.1572	0.2454	55.7300	54.3656
1.5335	6.1588	0.2256	56.0159	54.6908
1.5340	6.1573	0.2360	56.2007	54.6054
1.5345	6.1584	0.2360	56.1289	54.3737
1.5350	6.1582	0.2255	55.9693	54.4440
1.5355	6.1594	0.2225	56.0583	54.7744
1.5360	6.1610	0.2003	55.9620	54.9507
1.5365	6.1607	0.2033	55.5846	55.0911
1.5370	6.1614	0.1990	55.0454	54.9455
1.5375	6.1610	0.2083	54.7895	54.8280
1.5380	6.1605	0.2048	54.2253	54.5907
1.5385	6.1597	0.2112	53.8414	54.4765
1.5390	6.1581	0.2268	52.8467	54.7741
1.5395	6.1566	0.2490	52.7859	54.9697
1.5400	6.1559	0.2616	53.3550	54.8210
1.5405	6.1554	0.2668	53.5532	54.9028
1.5410	6.1556	0.2651	53.7532	55.0746
1.5415	6.1563	0.2496	53.9547	55.0601
1.5420	6.1568	0.2469	54.3921	55.1074
1.5425	6.1565	0.2468	54.6965	55.0126
1.5430	6.1567	0.2491	54.8030	54.8999
1.5435	6.1575	0.2411	55.0201	54.5373
1.5440	6.1584	0.2376	55.2388	54.5823
1.5445	6.1589	0.2254	55.3717	54.6720
1.5450	6.1601	0.2147	55.4089	54.6613
1.5455	6.1601	0.2107	55.7091	54.7004
1.5460	6.1602	0.2076	55.3600	54.8891
1.5465	6.1596	0.2165	53.9409	54.9736
1.5470	6.1598	0.2087	54.3506	54.8558
1.5475	6.1612	0.2046	54.6344	54.8412
1.5480	6.1608	0.1989	55.1727	54.8595
1.5485	6.1602	0.2036	55.3861	54.9387
1.5490	6.1589	0.2245	55.5157	54.7475
1.5495	6.1570	0.2387	55.7288	54.7118
1.5500	6.1554	0.2593	56.1208	54.7607
1.5505	6.1542	0.2707	56.0975	54.8112
1.5510	6.1546	0.2733	55.9841	54.7926
1.5515	6.1555	0.2703	55.9951	55.0450
1.5520	6.1548	0.2673	56.1500	55.1433
1.5525	6.1549	0.2682	55.8748	54.9924
1.5530	6.1554	0.2607	55.3176	54.9722
1.5535	6.1566	0.2470	54.8601	55.0140
1.5540	6.1578	0.2393	54.8602	55.0081
1.5545	6.1572	0.2389	53.8037	54.8731
1.5550	6.1572	0.2445	53.3567	54.8228
1.5555	6.1579	0.2323	52.9643	55.0166
1.5560	6.1590	0.2292	53.0623	55.0863
1.5565	6.1588	0.2235	53.6369	54.8882
1.5570	6.1586	0.2295	53.6099	55.0387
1.5575	6.1584	0.2217	53.8295	54.9331
1.5580	6.1587	0.2239	54.2181	54.9346
1.5585	6.1584	0.2289	54.7370	55.0782
1.5590	6.1581	0.2314	54.8320	55.2187
1.5595	6.1572	0.2416	54.9198	55.1588
1.5600	6.1555	0.2621	55.2150	54.8291
1.5605	6.1545	0.2735	55.5982	54.5559
1.5610	6.1532	0.2868	55.5286	54.5700
1.5615	6.1527	0.2916	55.5361	54.4498
1.5620	6.1532	0.2874	55.5507	54.5796
1.5625	6.1536	0.2773	55.4926	54.8238
1.5630	6.1540	0.2780	55.6072	54.7491
1.5635	6.1543	0.2731	55.2189	54.6770
1.5640	6.1558	0.2573	54.6873	54.7387
1.5645	6.1576	0.2405	55.1516	54.8956
1.5650	6.1568	0.2443	55.5210	54.9536
1.5655	6.1569	0.2475	55.4822	54.7289
1.5660	6.1567	0.2481	55.6891	54.5782
1.5665	6.1567	0.2490	56.0808	54.5921
1.5670	6.1571	0.2407	56.1890	54.4157
1.5675	6.1570	0.2423	55.9275	54.5628
1.5680	6.1576	0.2399	55.8609	54.9752
1.5685	6.1583	0.2308	55.9043	55.0991
1.5690	6.1584	0.2257	55.7539	55.0734
1.5695	6.1592	0.2230	55.2843	55.1307
1.5700	6.1581	0.2343	54.7669	55.1684
1.5705	6.1566	0.2511	54.4632	55.0250
1.5710	6.1555	0.2621	52.9846	54.9179
1.5715	6.1543	0.2776	52.6661	54.8253
1.5720	6.1543	0.2770	52.7619	54.7059
1.5725	6.1554	0.2700	53.1056	54.6523
1.5730	6.1546	0.2688	53.5583	54.6398
1.5735	6.1558	0.2625	53.7640	54.7404
1.5740	6.1567	0.2489	53.9649	54.8590
1.5745	6.1580	0.2324	54.2467	54.9898
1.5750	6.1590	0.2256	54.6880	54.9751
1.5755	6.1587	0.2263	54.8885	54.9421
1.5760	6.1585	0.2331	55.0734	54.8079
1.5765	6.1582	0.2336	55.2215	54.6171
1.5770	6.1590	0.2226	55.5493	54.6481
1.5775	6.1592	0.2199	55.5511	54.7556
1.5780	6.1591	0.2188	55.7654	54.7538
1.5785	6.1594	0.2219	55.4402	54.6119
1.5790	6.1599	0.2129	55.2499	54.8396
1.5795	6.1600	0.2165	55.6428	54.9532
1.5800	6.1596	0.2178	55.2996	55.0795
1.5805	6.1598	0.2145	54.8893	55.1411
1.5810	6.1590	0.2236	55.1230	54.9909
1.5815	6.1580	0.2315	55.6215	54.9708
1.5820	6.1564	0.2499	55.5967	54.8605
1.5825	6.1570	0.2493	55.7832	54.8977
1.5830	6.1573	0.2445	55.9885	55.1028
1.5835	6.1575	0.2381	56.1620	54.9594
1.5840	6.1577	0.2407	55.9974	54.8056
1.5845	6.1583	0.2339	55.9027	55.0156
1.5850	6.1588	0.2186	55.7925	55.0528
1.5855	6.1603	0.2113	55.7166	55.1078
1.5860	6.1609	0.2012	55.1843	54.9424
1.5865	6.1613	0.2000	54.8142	54.8936
1.5870	6.1598	0.2129	54.1582	55.0202
1.5875	6.1597	0.2213	52.7118	54.9028
1.5880	6.1594	0.2175	52.8601	55.0243
1.5885	6.1593	0.2123	52.7433	55.0988
1.5890	6.1596	0.2171	53.1625	54.7496
1.5895	6.1599	0.2114	53.5815	54.5923
1.5900	6.1603	0.2027	53.8614	54.5261
1.5905	6.1601	0.2107	53.9822	54.6391
1.5910	6.1587	0.2240	54.2972	54.8948
1.5915	6.1575	0.2405	54.7134	54.6877
1.5920	6.1562	0.2459	55.0269	54.7015
1.5925	6.1550	0.2604	55.0864	54.7360
1.5930	6.1552	0.2649	55.2694	54.6803
1.5935	6.1546	0.2689	55.5211	55.0085
1.5940	6.1564	0.2584	55.7030	55.0421
1.5945	6.1563	0.2553	55.6604	54.5382
1.5950	6.1561	0.2567	55.7148	54.3911
1.5955	6.1561	0.2537	55.5906	54.4378
1.5960	6.1576	0.2444	55.6101	54.5551
1.5965	6.1589	0.2257	55.3754	54.9305
1.5970	6.1589	0.2269	54.9594	54.9560
1.5975	6.1590	0.2222	55.1585	55.0447
1.5980	6.1589	0.2209	55.6938	55.0760
1.5985	6.1588	0.2295	55.6190	54.9397
1.5990	6.1583	0.2303	55.6919	55.0780
1.5995	6.1581	0.2335	55.9870	55.0546
1.6000	6.1580	0.2317	56.1703	54.7576
1.6005	6.1586	0.2245	55.9977	54.6901
1.6010	6.1587	0.2334	55.8466	54.6308
1.6015	6.1578	0.2369	55.6970	54.7288
1.6020	6.1569	0.2429	55.6207	54.7520
1.6025	6.1562	0.2561	55.0943	54.9070
1.6030	6.1553	0.2637	54.6651	55.1598
1.6035	6.1544	0.2682	52.8987	55.0543
1.6040	6.1550	0.2676	52.6192	54.8641
1.6045	6.1553	0.2681	52.7726	54.8025
1.6050	6.1559	0.2576	52.8672	54.6590
1.6055	6.1562	0.2495	53.2003	54.3992
1.6060	6.1560	0.2558	53.6239	54.4338
1.6065	6.1553	0.2628	53.9547	54.6021
1.6070	6.1548	0.2633	54.0182	54.7367
1.6075	6.1548	0.2687	54.3046	54.7996
1.6080	6.1548	0.2703	54.7702	55.0080
1.6085	6.1553	0.2726	55.1135	55.2463
1.6090	6.1555	0.2624	55.1677	55.2846
1.6095	6.1564	0.2486	55.2288	55.0367
1.6100	6.1572	0.2352	55.4979	54.9856
1.6105	6.1573	0.2387	55.7109	54.8394
1.6110	6.1573	0.2419	55.7458	54.5828
1.6115	6.1564	0.2503	55.6690	54.6504
1.6120	6.1563	0.2552	55.8455	54.9328
1.6125	6.1554	0.2673	55.4194	54.9423
1.6130	6.1540	0.2747	55.1186	55.0788
1.6135	6.1541	0.2782	55.0468	55.2501
1.6140	6.1555	0.2656	55.2867	55.3566
1.6145	6.1561	0.2502	55.7661	55.2487
1.6150	6.1561	0.2551	55.8586	54.7961
1.6155	6.1558	0.2582	55.8901	54.7672
1.6160	6.1552	0.2663	56.0514	54.7385
1.6165	6.1548	0.2676	56.2915	54.6279
1.6170	6.1543	0.2703	56.2308	54.7297
1.6175	6.1545	0.2701	55.9673	54.8149
1.6180	6.1551	0.2672	55.8215	54.7133
1.6185	6.1564	0.2506	55.6384	54.7582
1.6190	6.1566	0.2505	55.3049	54.8118
1.6195	6.1560	0.2528	54.2634	55.0683
1.6200	6.1554	0.2629	53.8288	54.8650
1.6205	6.1565	0.2578	52.7153	54.5125
1.6210	6.1574	0.2430	52.7318	54.5535
1.6215	6.1579	0.2350	52.9526	54.5448
1.6220	6.1570	0.2432	53.3003	54.4681
1.6225	6.1559	0.2620	53.7642	54.7656
1.6230	6.1554	0.2672	53.8572	54.7796
1.6235	6.1540	0.2722	53.9845	54.6875
1.6240	6.1540	0.2798	54.3816	54.6969
1.6245	6.1548	0.2733	54.8442	54.7072
1.6250	6.1545	0.2662	54.9923	55.0002
1.6255	6.1557	0.2617	55.0358	55.0363
1.6260	6.1574	0.2452	55.2525	54.7765
1.6265	6.1576	0.2321	55.5745	54.8215
1.6270	6.1595	0.2204	55.6275	54.6840
1.6275	6.1591	0.2195	55.5787	54.5566
1.6280	6.1589	0.2196	55.6846	54.8061
1.6285	6.1587	0.2207	55.8338	54.8637
1.6290	6.1584	0.2290	54.8640	54.8739
1.6295	6.1582	0.2324	54.6836	54.7405
1.6300	6.1583	0.2290	55.0111	55.0033
1.6305	6.1583	0.2347	55.5229	55.0279
1.6310	6.1590	0.2328	55.8293	54.7729
1.6315	6.1604	0.2110	55.8543	54.8108
1.6320	6.1608	0.2054	55.9272	54.8244
1.6325	6.1592	0.2165	56.1778	54.6345
1.6330	6.1579	0.2410	56.3016	54.3750
1.6335	6.1566	0.2521	56.1798	54.4874
1.6340	6.1553	0.2670	55.9379	54.5829
1.6345	6.1551	0.2703	55.8496	54.6931
1.6350	6.1553	0.2617	55.5997	54.8611
1.6355	6.1551	0.2605	55.0850	55.0829
1.6360	6.1548	0.2617	54.0152	54.9983
1.6365	6.1556	0.2607	54.2407	54.7590
1.6370	6.1551	0.2646	53.0752	54.6942
1.6375	6.1553	0.2662	52.6979	54.8636
1.6380	6.1573	0.2449	53.0470	54.8390
1.6385	6.1585	0.2284	53.2323	54.5606
1.6390	6.1573	0.2387	53.7574	54.7788
1.6395	6.1574	0.2363	53.9426	54.8698
1.6400	6.1586	0.2289	54.0938	54.9754
1.6405	6.1584	0.2306	54.3823	55.1247
1.6410	6.1588	0.2263	54.8310	55.1573
1.6415	6.1600	0.2083	55.0920	55.2065
1.6420	6.1603	0.2149	55.1011	55.0625
1.6425	6.1597	0.2146	55.2058	54.8429
1.6430	6.1592	0.2253	55.4612	54.9948
1.6435	6.1577	0.2325	55.7293	54.7794
1.6440	6.1574	0.2419	55.6061	54.5483
1.6445	6.1559	0.2582	55.7569	54.7907
1.6450	6.1553	0.2681	55.0950	55.0647
1.6455	6.1550	0.2698	54.6103	55.1938
1.6460	6.1542	0.2731	54.8853	55.1116
1.6465	6.1544	0.2741	54.9775	54.8576
1.6470	6.1546	0.2687	55.5649	54.7653
1.6475	6.1550	0.2665	55.8149	54.3642
1.6480	6.1562	0.2520	55.8626	54.4613
1.6485	6.1567	0.2465	55.9279	54.6719
1.6490	6.1572	0.2484	56.2081	54.4539
1.6495	6.1579	0.2364	56.2726	54.2982
1.6500	6.1580	0.2354	56.1062	54.5463
1.6505	6.1589	0.2219	55.8498	54.7931
1.6510	6.1593	0.2170	55.8132	54.9756
1.6515	6.1603	0.2100	55.5196	55.0367
1.6520	6.1603	0.2114	55.0275	54.8340
1.6525	6.1603	0.2069	54.4192	54.7181
1.6530	6.1598	0.2098	53.9973	54.4409
1.6535	6.1597	0.2188	53.6620	54.5207
1.6540	6.1578	0.2337	52.7004	54.8641
1.6545	6.1564	0.2490	52.9639	54.8574
1.6550	6.1549	0.2594	53.3540	54.7559
1.6555	6.1547	0.2717	53.8456	54.9656
1.6560	6.1558	0.2579	53.9232	55.0226
1.6565	6.1564	0.2553	54.0115	55.0972
1.6570	6.1562	0.2515	54.4000	55.0625
1.6575	6.1563	0.2566	54.9509	54.9906
1.6580	6.1562	0.2543	55.0195	54.6979
1.6585	6.1569	0.2433	55.0355	54.4486
1.6590	6.1580	0.2334	55.1321	54.5775
1.6595	6.1586	0.2290	55.6129	54.5943
1.6600	6.1593	0.2256	55.5932	54.6173
1.6605	6.1595	0.2160	55.6966	54.6966
1.6610	6.1598	0.2137	54.4971	54.9338
1.6615	6.1589	0.2226	54.1373	54.8922
1.6620	6.1590	0.2192	54.7658	54.8513
1.6625	6.1602	0.2086	54.7067	54.8019
1.6630	6.1603	0.2112	55.1076	54.8755
1.6635	6.1593	0.2175	55.5411	54.8288
1.6640	6.1580	0.2307	55.8866	54.6693
1.6645	6.1565	0.2501	55.8405	54.6656
1.6650	6.1553	0.2629	55.9040	54.7182
1.6655	6.1544	0.2690	56.1082	54.7271
1.6660	6.1558	0.2590	56.2753	54.8048
1.6665	6.1548	0.2670	56.0784	55.1219
1.6670	6.1545	0.2654	55.7897	55.0561
1.6675	6.1540	0.2801	55.6953	54.9810
1.6680	6.1551	0.2665	55.3815	55.0079
1.6685	6.1566	0.2525	54.9360	55.0859
1.6690	6.1574	0.2401	54.1677	55.0205
1.6695	6.1576	0.2419	53.4020	54.8081
1.6700	6.1575	0.2372	53.6329	54.7805
1.6705	6.1586	0.2278	52.9906	55.0233
1.6710	6.1584	0.2292	53.0999	54.8959
1.6715	6.1588	0.2239	53.4749	54.8695
1.6720	6.1593	0.2207	53.9539	54.9932
1.6725	6.1596	0.2207	54.1843	54.8637
1.6730	6.1591	0.2227	54.2803	55.0211
1.6735	6.1588	0.2269	54.6216	55.1780
1.6740	6.1579	0.2354	55.0759	55.2586
1.6745	6.1567	0.2470	55.2048	55.0600
1.6750	6.1559	0.2570	55.2592	54.6524
1.6755	6.1547	0.2691	55.4649	54.4717
1.6760	6.1539	0.2779	55.6478	54.4531
1.6765	6.1534	0.2779	55.7817	54.3740
1.6770	6.1540	0.2735	55.4083	54.6477
1.6775	6.1551	0.2703	55.3399	54.7839
1.6780	6.1553	0.2633	55.6154	54.7063
1.6785	6.1569	0.2524	55.1320	54.6987
1.6790	6.1583	0.2320	54.7422	54.8404
1.6795	6.1582	0.2340	55.2145	54.9717
1.6800	6.1585	0.2317	55.5639	54.9532
1.6805	6.1579	0.2369	55.7807	54.5868
1.6810	6.1570	0.2485	55.8619	54.5434
1.6815	6.1573	0.2431	55.9584	54.4682
1.6820	6.1572	0.2416	56.0903	54.3269
1.6825	6.1576	0.2429	56.0625	54.6760
1.6830	6.1579	0.2394	55.9643	55.0409
1.6835	6.1583	0.2275	55.6948	55.0842
1.6840	6.1590	0.2234	55.5544	55.1082
1.6845	6.1591	0.2238	55.0897	55.1897
1.6850	6.1572	0.2364	54.8669	55.1654
1.6855	6.1561	0.2511	53.7651	54.9767
1.6860	6.1549	0.2667	52.5718	54.8580
1.6865	6.1543	0.2750	52.8180	54.7403
1.6870	6.1544	0.2692	52.9197	54.6534
1.6875	6.1548	0.2638	53.3254	54.5644
1.6880	6.1551	0.2641	53.5946	54.6192
1.6885	6.1569	0.2450	53.9262	54.7475
1.6890	6.1579	0.2314	54.1216	54.8781
1.6895	6.1594	0.2213	54.4458	55.0082
1.6900	6.1589	0.2217	54.7435	54.9814
1.6905	6.1588	0.2262	55.0194	54.9142
1.6910	6.1585	0.2254	55.1942	54.7141
1.6915	6.1586	0.2287	55.3593	54.5851
1.6920	6.1589	0.2243	55.5312	54.6465
1.6925	6.1584	0.2264	55.6617	54.7619
1.6930	6.1579	0.2301	55.7808	54.6343
1.6935	6.1588	0.2282	55.1528	54.5901
1.6940	6.1591	0.2225	55.4173	54.8646
1.6945	6.1591	0.2236	55.6158	54.9371
1.6950	6.1590	0.2229	55.1779	55.1415
1.6955	6.1588	0.2323	54.8816	55.0797
1.6960	6.1578	0.2337	55.3043	54.9949
1.6965	6.1569	0.2449	55.5963	54.9295
1.6970	6.1559	0.2623	55.7454	54.8397
1.6975	6.1556	0.2579	55.9062	54.9618
1.6980	6.1570	0.2471	55.9519	55.0628
1.6985	6.1573	0.2404	56.0674	54.7995
1.6990	6.1575	0.2377	55.9982	54.8117
1.6995	6.1578	0.2365	55.9830	55.0135
1.7000	6.1587	0.2303	55.7008	55.0546
1.7005	6.1599	0.2157	55.3750	55.0747
1.7010	6.1609	0.2102	54.8439	54.8977
1.7015	6.1608	0.2060	54.8457	55.0010
1.7020	6.1599	0.2116	53.4102	55.0148
1.7025	6.1593	0.2207	52.5699	54.9116
1.7030	6.1595	0.2157	52.8203	55.0957
1.7035	6.1589	0.2242	52.9069	54.9551
1.7040	6.1594	0.2160	53.4280	54.6070
1.7045	6.1602	0.2112	53.5758	54.5399
1.7050	6.1604	0.2074	53.8425	54.5127
1.7055	6.1591	0.2195	54.1482	54.7829
1.7060	6.1573	0.2338	54.5733	54.8719
1.7065	6.1571	0.2489	54.7904	54.6728
1.7070	6.1556	0.2598	54.9578	54.7886
1.7075	6.1554	0.2639	55.1900	54.7041
1.7080	6.1553	0.2626	55.4412	54.8027
1.7085	6.1553	0.2686	55.5358	55.1152
1.7090	6.1560	0.2537	55.5509	54.8400
1.7095	6.1562	0.2566	55.7394	54.4019
1.7100	6.1567	0.2463	55.7535	54.3902
1.7105	6.1575	0.2387	55.5254	54.4498
1.7110	6.1592	0.2268	55.4433	54.7098
1.7115	6.1602	0.2165	55.1780	54.9943
1.7120	6.1592	0.2135	55.0636	54.9899
1.7125	6.1590	0.2212	55.3736	55.1399
1.7130	6.1586	0.2253	55.5414	55.0312
1.7135	6.1585	0.2301	55.6217	55.0000
1.7140	6.1586	0.2282	55.8851	55.1426
1.7145	6.1590	0.2256	56.1300	54.9512
1.7150	6.1585	0.2236	56.0185	54.7114
1.7155	6.1590	0.2248	55.8637	54.6601
1.7160	6.1585	0.2319	55.7566	54.6473
1.7165	6.1578	0.2416	55.7720	54.7823
1.7170	6.1566	0.2455	55.2998	54.8084
1.7175	6.1557	0.2555	54.9518	55.0634
1.7180	6.1547	0.2614	53.9516	55.1923
1.7185	6.1552	0.2655	52.5328	54.9951
1.7190	6.1548	0.2684	52.7439	54.8211
1.7195	6.1554	0.2676	52.6214	54.7663
1.7200	6.1564	0.2526	53.0394	54.5331
1.7205	6.1562	0.2473	53.3669	54.3624
1.7210	6.1566	0.2524	53.8028	54.4914
1.7215	6.1563	0.2520	53.8826	54.6712
1.7220	6.1555	0.2620	54.0952	54.7742
1.7225	6.1558	0.2591	54.5350	54.9200
1.7230	6.1555	0.2654	54.9674	55.1415
1.7235	6.1555	0.2615	55.0119	55.3545
1.7240	6.1564	0.2567	55.0562	55.2273
1.7245	6.1571	0.2455	55.3361	54.9982
1.7250	6.1574	0.2428	55.7100	54.9831
1.7255	6.1575	0.2454	55.7752	54.7394
1.7260	6.1568	0.2467	55.5864	54.5683
1.7265	6.1559	0.2576	55.6703	54.7696
1.7270	6.1550	0.2667	55.6429	54.9688
1.7275	6.1536	0.2770	55.1476	55.0568
1.7280	6.1537	0.2858	55.1813	55.2536
1.7285	6.1540	0.2737	55.1086	55.2826
1.7290	6.1554	0.2626	55.3918	55.4201
1.7295	6.1549	0.2665	55.7250	55.0712
1.7300	6.1542	0.2723	55.9083	54.7683
1.7305	6.1536	0.2844	56.0302	54.8167
1.7310	6.1528	0.2836	56.0272	54.7193
1.7315	6.1525	0.2915	56.1494	54.6540
1.7320	6.1524	0.2930	56.1383	54.8050
1.7325	6.1529	0.2985	56.0331	54.7801
1.7330	6.1535	0.2834	55.6307	54.7366
1.7335	6.1538	0.2803	55.4246	54.7525
1.7340	6.1543	0.2783	54.7988	54.9130
1.7345	6.1535	0.2777	54.1361	55.1171
1.7350	6.1536	0.2787	53.5325	54.7245
1.7355	6.1564	0.2570	52.3804	54.5131
1.7360	6.1571	0.2475	52.9094	54.5759
1.7365	6.1570	0.2440	53.1072	54.4699
1.7370	6.1553	0.2568	53.4623	54.5573
1.7375	6.1553	0.2661	53.6219	54.8475
1.7380	6.1539	0.2786	53.9035	54.7215
1.7385	6.1534	0.2902	54.1595	54.7282
1.7390	6.1533	0.2873	54.5104	54.7411
1.7395	6.1540	0.2768	54.7442	54.8737
1.7400	6.1543	0.2750	55.0438	55.1110
1.7405	6.1555	0.2624	55.1736	54.9658
1.7410	6.1567	0.2511	55.3185	54.8000
1.7415	6.1569	0.2446	55.3842	54.8284
1.7420	6.1572	0.2445	55.6198	54.5954
1.7425	6.1567	0.2490	55.6742	54.6801
1.7430	6.1571	0.2502	55.8226	54.8832
1.7435	6.1568	0.2450	55.2730	54.9108
1.7440	6.1570	0.2449	54.5546	54.8335
1.7445	6.1575	0.2415	54.9287	54.8298
1.7450	6.1577	0.2378	55.2138	55.1002
1.7455	6.1577	0.2398	55.5097	54.9233
1.7460	6.1588	0.2288	55.7054	54.7885
1.7465	6.1597	0.2139	55.9461	54.8475
1.7470	6.1594	0.2173	56.1338	54.8212
1.7475	6.1579	0.2346	56.1298	54.5404
1.7480	6.1565	0.2512	56.1132	54.4360
1.7485	6.1550	0.2608	56.0792	54.5766
1.7490	6.1547	0.2658	56.0246	54.6642
1.7495	6.1551	0.2649	55.6282	54.7954
1.7500	6.1554	0.2637	55.3478	54.9740
1.7505	6.1553	0.2595	54.6046	55.1208
1.7510	6.1552	0.2639	54.2294	54.9232
1.7515	6.1552	0.2651	53.8629	54.7555
1.7520	6.1554	0.2617	52.4244	54.7867
1.7525	6.1559	0.2527	52.9245	54.9831
1.7530	6.1583	0.2289	53.0653	54.7352
1.7535	6.1585	0.2302	53.4497	54.6607
1.7540	6.1571	0.2426	53.7580	54.8646
1.7545	6.1580	0.2351	54.0125	54.9081
1.7550	6.1582	0.2322	54.1909	55.0574
1.7555	6.1580	0.2334	54.5703	55.1630
1.7560	6.1591	0.2231	54.8890	55.1947
1.7565	6.1599	0.2093	55.0198	55.2233
1.7570	6.1604	0.2093	55.0892	54.9856
1.7575	6.1598	0.2112	55.3505	54.9407
1.7580	6.1589	0.2180	55.5690	55.0093
1.7585	6.1588	0.2272	55.6425	54.6614
1.7590	6.1566	0.2440	55.6079	54.6380
1.7595	6.1556	0.2602	55.6201	54.9386
1.7600	6.1554	0.2612	54.6582	55.1118
1.7605	6.1546	0.2691	54.6445	55.1933
1.7610	6.1542	0.2700	54.8569	54.9995
1.7615	6.1547	0.2696	55.2317	54.8746
1.7620	6.1562	0.2566	55.6409	54.6376
1.7625	6.1576	0.2421	55.8165	54.3326
1.7630	6.1589	0.2292	55.8882	54.6508
1.7635	6.1583	0.2326	55.9622	54.6249
1.7640	6.1584	0.2374	56.1742	54.3723
1.7645	6.1587	0.2258	56.1530	54.3794
1.7650	6.1588	0.2228	56.0620	54.7082
1.7655	6.1603	0.2037	55.8089	54.8853
1.7660	6.1611	0.1991	55.6650	55.0604
1.7665	6.1613	0.1997	55.2762	54.9649
1.7670	6.1606	0.2053	54.8651	54.8410
1.7675	6.1604	0.2112	54.1391	54.6047
1.7680	6.1600	0.2153	53.8712	54.4465
1.7685	6.1585	0.2251	53.2155	54.7031
1.7690	6.1572	0.2399	52.7598	54.9479
1.7695	6.1557	0.2518	53.1382	54.8029
1.7700	6.1550	0.2668	53.4128	54.8538
1.7705	6.1552	0.2609	53.8982	55.0233
1.7710	6.1563	0.2523	53.9605	55.0507
1.7715	6.1564	0.2513	54.1597	55.1142
1.7720	6.1564	0.2516	54.5264	55.0479
1.7725	6.1561	0.2569	54.9898	54.9621
1.7730	6.1565	0.2505	55.0931	54.5912
1.7735	6.1574	0.2419	55.0773	54.5648
1.7740	6.1580	0.2324	55.2676	54.6450
1.7745	6.1591	0.2237	55.5709	54.6137
1.7750	6.1591	0.2171	55.6431	54.6394
1.7755	6.1596	0.2204	55.4720	54.8025
1.7760	6.1593	0.2215	54.0168	54.9410
1.7765	6.1593	0.2215	54.4372	54.8298
1.7770	6.1605	0.2048	54.7375	54.8079
1.7775	6.1610	0.1992	54.8146	54.8128
1.7780	6.1601	0.2105	55.2274	54.9173
1.7785	6.1588	0.2250	55.6671	54.7662
1.7790	6.1568	0.2463	55.8499	54.7030
1.7795	6.1552	0.2645	55.8343	54.7256
1.7800	6.1544	0.2759	55.9474	54.7678
1.7805	6.1542	0.2755	56.3056	54.7300
1.7810	6.1547	0.2685	56.1955	54.9297
1.7815	6.1549	0.2694	55.8809	55.0978
1.7820	6.1543	0.2726	55.6994	54.9460
1.7825	6.1551	0.2665	55.6595	54.9326
1.7830	6.1561	0.2562	55.1781	54.9614
1.7835	6.1567	0.2474	54.7615	55.0382
1.7840	6.1573	0.2437	53.7773	54.9330
1.7845	6.1568	0.2457	53.5290	54.8076
1.7850	6.1579	0.2380	53.3830	54.9578
1.7855	6.1583	0.2354	52.8326	55.0688
1.7860	6.1576	0.2353	53.2731	54.8296
1.7865	6.1579	0.2351	53.7079	54.9466
1.7870	6.1580	0.2377	54.1631	54.8760
1.7875	6.1581	0.2353	54.1234	54.8543
1.7880	6.1582	0.2351	54.3390	55.0188
1.7885	6.1575	0.2384	54.8137	55.1649
1.7890	6.1570	0.2519	55.2818	55.1651
1.7895	6.1558	0.2616	55.2274	54.8734
1.7900	6.1547	0.2703	55.2214	54.5681
1.7905	6.1536	0.2761	55.4856	54.5192
1.7910	6.1529	0.2826	55.8834	54.4149
1.7915	6.1539	0.2827	55.7394	54.4697
1.7920	6.1542	0.2773	55.1955	54.7257
1.7925	6.1541	0.2729	55.4153	54.7015
1.7930	6.1550	0.2682	55.6272	54.6232
1.7935	6.1559	0.2556	54.9125	54.6963
1.7940	6.1569	0.2450	54.7799	54.8765
1.7945	6.1567	0.2455	55.3403	54.9375
1.7950	6.1566	0.2534	55.7736	54.7881
1.7955	6.1559	0.2640	55.9273	54.5680
1.7960	6.1561	0.2557	55.7921	54.5703
1.7965	6.1566	0.2535	55.8973	54.3861
1.7970	6.1559	0.2530	56.1952	54.4275
1.7975	6.1566	0.2523	56.1737	54.8219
1.7980	6.1575	0.2436	55.7904	55.0195
1.7985	6.1582	0.2332	55.5232	55.0173
1.7990	6.1586	0.2275	55.5235	55.0955
1.7995	6.1585	0.2373	55.1118	55.1719
1.8000	6.1572	0.2394	54.5551	55.0683
1.8005	6.1558	0.2539	52.9069	54.9087
1.8010	6.1548	0.2721	52.6897	54.8574
1.8015	6.1544	0.2693	53.1166	54.6831
1.8020	6.1548	0.2646	53.0490	54.6079
1.8025	6.1546	0.2700	53.2174	54.4900
1.8030	6.1553	0.2637	53.7119	54.6013
1.8035	6.1566	0.2460	54.2671	54.7663
1.8040	6.1582	0.2344	54.2324	54.9132
1.8045	6.1594	0.2227	54.3388	54.9672
1.8050	6.1589	0.2272	54.8090	54.9827
1.8055	6.1585	0.2296	55.4047	54.8611
1.8060	6.1583	0.2324	55.3539	54.6251
1.8065	6.1589	0.2227	55.2490	54.5935
1.8070	6.1593	0.2231	55.3987	54.6824
1.8075	6.1586	0.2244	56.0134	54.7226
1.8080	6.1591	0.2268	55.7745	54.5368
1.8085	6.1595	0.2181	54.9988	54.7128
1.8090	6.1594	0.2198	55.4375	54.8657
1.8095	6.1594	0.2192	55.6393	54.9781
1.8100	6.1591	0.2275	55.2227	55.1277
1.8105	6.1588	0.2268	54.9245	54.9872
1.8110	6.1581	0.2298	55.2944	54.9485
1.8115	6.1564	0.2511	55.6866	54.8714
1.8120	6.1557	0.2584	56.0749	54.8355
1.8125	6.1564	0.2523	55.9275	55.0288
1.8130	6.1569	0.2478	55.8529	54.9740
1.8135	6.1565	0.2485	56.0650	54.7356
1.8140	6.1573	0.2397	56.2421	54.9119
1.8145	6.1580	0.2412	55.8896	55.0033
1.8150	6.1583	0.2304	55.4223	55.0592
1.8155	6.1591	0.2230	55.2018	54.9575
1.8160	6.1600	0.2158	55.1288	54.8585
1.8165	6.1596	0.2154	54.5150	55.0165
1.8170	6.1590	0.2231	52.6044	54.9093
1.8175	6.1590	0.2219	52.6977	54.9477
1.8180	6.1591	0.2186	53.0200	55.0691
1.8185	6.1593	0.2238	53.2275	54.7553
1.8190	6.1591	0.2177	53.2785	54.5277
1.8195	6.1597	0.2116	53.6468	54.4998
1.8200	6.1595	0.2153	54.2279	54.5563
1.8205	6.1591	0.2208	54.4613	54.8682
1.8210	6.1574	0.2390	54.4684	54.7328
1.8215	6.1559	0.2528	54.7545	54.6700
1.8220	6.1547	0.2695	55.2681	54.7559
1.8225	6.1545	0.2667	55.5189	54.6131
1.8230	6.1548	0.2641	55.3245	54.8944
1.8235	6.1555	0.2598	55.3872	55.0378
1.8240	6.1557	0.2614	55.7999	54.5787
1.8245	6.1551	0.2659	56.0726	54.3264
1.8250	6.1552	0.2651	55.5299	54.3932
1.8255	6.1560	0.2591	55.2579	54.4848
1.8260	6.1570	0.2447	55.4963	54.8659
1.8265	6.1574	0.2393	55.3877	54.9690
1.8270	6.1575	0.2378	55.0564	55.0088
1.8275	6.1581	0.2381	55.2498	55.0844
1.8280	6.1584	0.2335	55.6469	54.9197
1.8285	6.1577	0.2372	56.1019	54.9956
1.8290	6.1580	0.2390	55.9753	55.0340
1.8295	6.1573	0.2397	55.7629	54.7629
1.8300	6.1574	0.2363	55.9750	54.6498
1.8305	6.1576	0.2407	56.2393	54.6147
1.8310	6.1568	0.2426	55.7703	54.6938
1.8315	6.1567	0.2498	55.3447	54.7642
1.8320	6.1555	0.2639	55.0187	54.8431
1.8325	6.1551	0.2665	55.1684	55.1294
1.8330	6.1539	0.2741	53.3189	55.0817
1.8335	6.1540	0.2750	52.2471	54.8606
1.8340	6.1541	0.2746	52.5936	54.7722
1.8345	6.1552	0.2687	53.0525	54.6664
1.8350	6.1556	0.2596	53.3833	54.3911
1.8355	6.1558	0.2556	53.3337	54.3813
1.8360	6.1551	0.2634	53.7109	54.5607
1.8365	6.1547	0.2670	54.1810	54.7082
1.8370	6.1543	0.2700	54.4893	54.7835
1.8375	6.1549	0.2718	54.5292	54.9379
1.8380	6.1545	0.2694	54.8244	55.2167
1.8385	6.1550	0.2664	55.2588	55.3078
1.8390	6.1558	0.2566	55.4665	55.0507
1.8395	6.1569	0.2469	55.3914	54.9567
1.8400	6.1573	0.2432	55.4223	54.8697
1.8405	6.1570	0.2480	55.7942	54.5934
1.8410	6.1566	0.2508	55.9159	54.6007
1.8415	6.1555	0.2570	55.8026	54.8702
1.8420	6.1547	0.2687	55.2488	54.9681
1.8425	6.1535	0.2785	55.1195	55.1110
1.8430	6.1536	0.2760	55.3237	55.2476
1.8435	6.1551	0.2652	55.2588	55.2984
1.8440	6.1558	0.2579	55.4304	55.3005
1.8445	6.1557	0.2608	55.7671	54.8303
1.8450	6.1558	0.2617	56.1202	54.7433
1.8455	6.1550	0.2689	56.1167	54.7618
1.8460	6.1548	0.2679	56.0019	54.6524
1.8465	6.1544	0.2716	56.1451	54.6946
1.8470	6.1546	0.2679	56.1928	54.8286
1.8475	6.1552	0.2647	55.9818	54.7120
1.8480	6.1564	0.2544	55.4402	54.7561
1.8485	6.1562	0.2491	55.2609	54.7551
1.8490	6.1566	0.2520	54.4529	54.9982
1.8495	6.1554	0.2674	54.0769	54.9702
1.8500	6.1559	0.2598	52.8880	54.5575
1.8505	6.1567	0.2510	52.4885	54.5250
1.8510	6.1570	0.2431	53.1553	54.5578
1.8515	6.1569	0.2466	53.2743	54.4598
1.8520	6.1555	0.2613	53.4834	54.6999
1.8525	6.1551	0.2667	53.6751	54.8202
1.8530	6.1535	0.2795	54.1634	54.6650
1.8535	6.1536	0.2812	54.4422	54.7185
1.8540	6.1543	0.2778	54.6121	54.6975
1.8545	6.1546	0.2713	54.7656	54.9328
1.8550	6.1548	0.2703	55.1644	55.0776
1.8555	6.1567	0.2549	55.3663	54.8262
1.8560	6.1568	0.2458	55.3862	54.8126
1.8565	6.1580	0.2407	55.3617	54.7633
1.8570	6.1584	0.2326	55.6757	54.5414
1.8575	6.1584	0.2320	55.8210	54.7549
1.8580	6.1583	0.2308	55.8722	54.8748
1.8585	6.1579	0.2325	54.7941	54.8638
1.8590	6.1586	0.2282	54.5350	54.7567
1.8595	6.1587	0.2287	55.0985	54.9076
1.8600	6.1584	0.2261	55.4851	55.0604
1.8605	6.1591	0.2285	55.6360	54.8036
1.8610	6.1598	0.2117	55.7652	54.7918
1.8615	6.1606	0.2071	56.0361	54.8545
1.8620	6.1591	0.2213	56.2223	54.7415
1.8625	6.1575	0.2391	56.1283	54.4452
1.8630	6.1566	0.2478	56.0659	54.4805
1.8635	6.1553	0.2643	56.0368	54.5901
1.8640	6.1548	0.2685	55.9747	54.6934
1.8645	6.1553	0.2649	55.5046	54.8360
1.8650	6.1555	0.2593	55.1243	55.0351
1.8655	6.1550	0.2662	54.1897	55.0775
1.8660	6.1555	0.2622	54.3031	54.8310
1.8665	6.1550	0.2645	53.1894	54.7269
1.8670	6.1550	0.2605	52.4341	54.8588
1.8675	6.1572	0.2497	53.0586	54.9283
1.8680	6.1584	0.2331	53.2768	54.6215
1.8685	6.1574	0.2379	53.6799	54.7440
1.8690	6.1582	0.2389	53.7491	54.8633
1.8695	6.1583	0.2243	54.0552	54.9344
1.8700	6.1590	0.2284	54.4097	55.0833
1.8705	6.1585	0.2297	54.6990	55.1471
1.8710	6.1597	0.2163	54.8565	55.2165
1.8715	6.1598	0.2128	55.0596	55.1493
1.8720	6.1598	0.2139	55.3273	54.8861
1.8725	6.1590	0.2194	55.4443	55.0022
1.8730	6.1586	0.2284	55.5020	54.8895
1.8735	6.1581	0.2324	55.5290	54.5806
1.8740	6.1563	0.2520	55.8609	54.7546
1.8745	6.1551	0.2662	55.3026	55.0287
1.8750	6.1549	0.2682	54.3916	55.1842
1.8755	6.1543	0.2753	54.7224	55.1757
1.8760	6.1546	0.2728	55.0460	54.9147
1.8765	6.1548	0.2641	55.5640	54.8347
1.8770	6.1560	0.2566	55.6235	54.4710
1.8775	6.1571	0.2418	55.7574	54.4266
1.8780	6.1577	0.2413	55.9724	54.7066
1.8785	6.1571	0.2372	56.2187	54.5329
1.8790	6.1587	0.2237	56.1456	54.3083
1.8795	6.1587	0.2235	55.9941	54.4913
1.8800	6.1592	0.2198	55.9925	54.7809
1.8805	6.1598	0.2118	55.9046	54.9435
1.8810	6.1603	0.2104	55.4633	55.0821
1.8815	6.1604	0.2094	54.9460	54.9082
1.8820	6.1601	0.2091	54.6068	54.8050
1.8825	6.1598	0.2076	54.1485	54.5178
1.8830	6.1597	0.2159	53.7252	54.4962
1.8835	6.1586	0.2294	52.6024	54.8293
1.8840	6.1568	0.2419	52.8399	54.9131
1.8845	6.1552	0.2576	53.4135	54.7569
1.8850	6.1556	0.2612	53.7746	54.9388
1.8855	6.1559	0.2608	53.7654	55.0459
1.8860	6.1565	0.2496	53.8935	55.0871
1.8865	6.1564	0.2533	54.4193	55.1086
1.8870	6.1560	0.2535	54.9204	55.0595
1.8875	6.1556	0.2561	54.8959	54.8637
1.8880	6.1559	0.2605	54.9154	54.5141
1.8885	6.1568	0.2465	55.1758	54.6111
1.8890	6.1584	0.2313	55.6206	54.6292
1.8895	6.1592	0.2178	55.4403	54.6090
1.8900	6.1590	0.2170	55.5930	54.6586
1.8905	6.1592	0.2231	54.8847	54.8917
1.8910	6.1589	0.2222	54.1207	54.9002
1.8915	6.1599	0.2129	54.6305	54.8418
1.8920	6.1603	0.2083	54.4867	54.8385
1.8925	6.1608	0.2074	55.0409	54.9023
1.8930	6.1597	0.2118	55.5479	54.9042
1.8935	6.1581	0.2333	55.7686	54.7174
1.8940	6.1566	0.2464	55.6708	54.7178
1.8945	6.1557	0.2575	55.8807	54.7390
1.8950	6.1550	0.2636	56.1852	54.7516
1.8955	6.1557	0.2580	56.2367	54.7403
1.8960	6.1558	0.2600	55.9062	55.0506
1.8965	6.1552	0.2635	55.7969	55.0805
1.8970	6.1548	0.2685	55.7841	54.9877
1.8975	6.1553	0.2697	55.4798	55.0079
1.8980	6.1572	0.2469	54.8484	55.0592
1.8985	6.1576	0.2332	54.3442	54.9884
1.8990	6.1577	0.2355	53.5784	54.8490
1.8995	6.1582	0.2346	53.6366	54.8187
1.9000	6.1587	0.2269	52.9096	55.0274
1.9005	6.1594	0.2237	52.9210	54.9386
1.9010	6.1596	0.2176	53.5119	54.8149
1.9015	6.1595	0.2189	53.9326	54.9793
1.9020	6.1603	0.2131	54.0462	54.8982
1.9025	6.1604	0.2110	54.0842	55.0082
1.9030	6.1592	0.2130	54.6087	55.1443
1.9035	6.1590	0.2242	55.0578	55.2673
1.9040	6.1580	0.2295	55.1264	55.1299
1.9045	6.1572	0.2413	55.0996	54.7610
1.9050	6.1557	0.2561	55.3984	54.5107
1.9055	6.1546	0.2645	55.7078	54.4850
1.9060	6.1545	0.2707	55.7956	54.3571
1.9065	6.1543	0.2738	55.3165	54.5713
1.9070	6.1551	0.2700	55.2379	54.7689
1.9075	6.1555	0.2635	55.7105	54.7214
1.9080	6.1561	0.2564	55.3078	54.7060
1.9085	6.1580	0.2419	54.5822	54.8493
1.9090	6.1577	0.2384	55.0439	55.0060
1.9095	6.1578	0.2351	55.6344	54.9586
1.9100	6.1575	0.2438	55.7185	54.6857
1.9105	6.1569	0.2436	55.6742	54.5368
1.9110	6.1572	0.2396	55.9100	54.4788
1.9115	6.1572	0.2391	56.1827	54.3159
1.9120	6.1577	0.2393	56.0968	54.5611
1.9125	6.1580	0.2351	55.8144	54.9732
1.9130	6.1585	0.2287	55.6775	55.0743
1.9135	6.1592	0.2204	55.7396	55.1103
1.9140	6.1593	0.2189	55.2457	55.2218
1.9145	6.1578	0.2283	54.7001	55.2076
1.9150	6.1564	0.2505	54.0454	55.0414
1.9155	6.1551	0.2616	52.8174	54.9051
1.9160	6.1545	0.2744	52.8706	54.7777
1.9165	6.1545	0.2722	52.7568	54.6469
1.9170	6.1551	0.2698	53.0664	54.5489
1.9175	6.1554	0.2617	53.5979	54.5701
1.9180	6.1563	0.2530	53.9741	54.7009
1.9185	6.1573	0.2443	53.9821	54.8510
1.9190	6.1587	0.2254	54.1915	55.0129
1.9195	6.1586	0.2276	54.7476	55.0059
1.9200	6.1583	0.2308	55.1174	54.9359
1.9205	6.1584	0.2226	55.1119	54.7825
1.9210	6.1584	0.2304	55.1115	54.6085
1.9215	6.1587	0.2284	55.5484	54.6254
1.9220	6.1585	0.2278	55.7416	54.7166
1.9225	6.1582	0.2365	55.7958	54.6360
1.9230	6.1589	0.2290	55.1117	54.5535
1.9235	6.1595	0.2206	55.2756	54.8107
1.9240	6.1588	0.2234	55.8418	54.9313
1.9245	6.1593	0.2203	55.3121	55.1359
1.9250	6.1586	0.2204	54.7006	55.1522
1.9255	6.1586	0.2326	55.1091	55.0201
1.9260	6.1573	0.2378	55.7177	54.9640
1.9265	6.1560	0.2509	55.7649	54.8374
1.9270	6.1562	0.2585	55.7306	54.8803
1.9275	6.1573	0.2437	55.8229	55.0439
1.9280	6.1569	0.2469	56.2155	54.8291
1.9285	6.1575	0.2423	56.1352	54.7868
1.9290	6.1582	0.2347	55.8511	54.9974
1.9295	6.1593	0.2216	55.5081	55.0483
1.9300	6.1597	0.2140	55.5776	55.1141
1.9305	6.1610	0.2042	55.2178	54.9249
1.9310	6.1609	0.2024	54.8291	54.9700
1.9315	6.1599	0.2086	53.5435	55.0392
1.9320	6.1599	0.2105	52.5649	54.9003
1.9325	6.1596	0.2115	53.0453	55.0330
1.9330	6.1599	0.2107	52.8494	54.9891
1.9335	6.1597	0.2134	53.0917	54.6174
1.9340	6.1606	0.2068	53.4498	54.5441
1.9345	6.1611	0.2048	54.0875	54.4943
1.9350	6.1604	0.2115	54.1921	54.7263
1.9355	6.1584	0.2275	54.2071	54.9010
1.9360	6.1569	0.2415	54.5436	54.6903
1.9365	6.1560	0.2552	55.1427	54.7818
1.9370	6.1551	0.2685	55.3682	54.7240
1.9375	6.1551	0.2695	55.2093	54.7115
1.9380	6.1548	0.2700	55.2787	55.0536
1.9385	6.1562	0.2560	55.7341	54.8943
1.9390	6.1562	0.2528	55.9250	54.4005
1.9395	6.1569	0.2469	55.6867	54.3425
1.9400	6.1574	0.2407	55.2815	54.3954
1.9405	6.1589	0.2236	55.5478	54.6136
1.9410	6.1601	0.2152	55.5336	54.9724
1.9415	6.1595	0.2145	54.9840	54.9687
1.9420	6.1592	0.2195	54.9886	55.1289
1.9425	6.1585	0.2255	55.5986	55.0611
1.9430	6.1584	0.2238	55.8833	54.9637
1.9435	6.1584	0.2309	55.8526	55.1189
1.9440	6.1589	0.2313	55.7971	54.9783
1.9445	6.1587	0.2283	56.0041	54.6977
1.9450	6.1590	0.2263	56.1671	54.6370
1.9455	6.1583	0.2316	55.8998	54.6153
1.9460	6.1581	0.2393	55.4977	54.7428
1.9465	6.1568	0.2493	55.3380	54.7716
1.9470	6.1552	0.2584	55.2305	54.9858
1.9475	6.1549	0.2714	54.5172	55.1858
1.9480	6.1550	0.2702	52.4325	55.0224
1.9485	6.1547	0.2695	52.5030	54.8127
1.9490	6.1550	0.2694	52.8517	54.7640
1.9495	6.1567	0.2536	53.1326	54.5618
1.9500	6.1564	0.2454	53.1115	54.3273
1.9505	6.1562	0.2506	53.5123	54.4309
1.9510	6.1560	0.2548	54.0365	54.6057
1.9515	6.1554	0.2617	54.2986	54.7429
1.9520	6.1551	0.2638	54.2983	54.8300
1.9525	6.1552	0.2684	54.5796	55.0547
1.9530	6.1547	0.2652	55.1209	55.3054
1.9535	6.1558	0.2609	55.4033	55.2458
1.9540	6.1558	0.2510	55.2635	54.9833
1.9545	6.1569	0.2483	55.3380	54.9536
1.9550	6.1571	0.2429	55.7297	54.7705
1.9555	6.1565	0.2502	55.8939	54.5487
1.9560	6.1559	0.2567	55.6435	54.6784
1.9565	6.1550	0.2661	55.5248	54.9237
1.9570	6.1537	0.2767	55.2943	55.0029
1.9575	6.1532	0.2901	55.4449	55.2113
1.9580	6.1535	0.2858	55.1145	55.2022
1.9585	6.1541	0.2770	55.0409	55.4001
1.9590	6.1530	0.2838	55.6562	55.1168
1.9595	6.1528	0.2914	56.1464	54.7423
1.9600	6.1526	0.2934	56.0932	54.8062
1.9605	6.1521	0.2941	55.8103	54.7085
1.9610	6.1523	0.2971	56.0588	54.6017
1.9615	6.1511	0.3046	56.4315	54.7258
1.9620	6.1509	0.3143	56.2164	54.7511
1.9625	6.1509	0.3100	55.4767	54.7230
1.9630	6.1523	0.2943	55.3369	54.7773
1.9635	6.1531	0.2882	55.2561	54.8013
1.9640	6.1533	0.2868	54.3509	55.1056
1.9645	6.1533	0.2840	53.5303	54.7734
1.9650	6.1549	0.2688	52.3703	54.4679
1.9655	6.1558	0.2514	52.9940	54.5096
1.9660	6.1566	0.2531	53.2435	54.4455
1.9665	6.1556	0.2579	53.2410	54.4615
1.9670	6.1549	0.2662	53.4270	54.7917
1.9675	6.1537	0.2822	53.9838	54.7402
1.9680	6.1531	0.2915	54.3252	54.7109
1.9685	6.1532	0.2924	54.3688	54.7384
1.9690	6.1535	0.2842	54.5837	54.8242
1.9695	6.1540	0.2782	55.1077	55.0640
1.9700	6.1555	0.2672	55.3277	54.9648
1.9705	6.1559	0.2529	55.1911	54.7414
1.9710	6.1567	0.2474	55.1715	54.7859
1.9715	6.1576	0.2384	55.6646	54.5800
1.9720	6.1569	0.2481	55.9513	54.5566
1.9725	6.1573	0.2402	55.8126	54.8195
1.9730	6.1572	0.2388	55.2907	54.8657
1.9735	6.1577	0.2407	54.5974	54.8459
1.9740	6.1582	0.2354	55.0461	54.7710
1.9745	6.1580	0.2316	55.1912	55.0623
1.9750	6.1581	0.2304	55.2942	54.9651
1.9755	6.1586	0.2232	55.6519	54.7559
1.9760	6.1606	0.2151	56.1450	54.7887
1.9765	6.1603	0.2107	56.1912	54.7931
1.9770	6.1587	0.2241	55.9420	54.5493
1.9775	6.1574	0.2441	56.0077	54.3715
1.9780	6.1560	0.2567	56.2847	54.5219
1.9785	6.1550	0.2634	56.1905	54.6287
1.9790	6.1554	0.2674	55.6095	54.7755
1.9795	6.1555	0.2611	55.2664	54.9261
1.9800	6.1553	0.2585	54.9832	55.1248
1.9805	6.1554	0.2628	54.3137	54.9801
1.9810	6.1553	0.2593	53.9945	54.7530
1.9815	6.1554	0.2608	52.3952	54.7085
1.9820	6.1559	0.2599	52.8503	54.8976
1.9825	6.1572	0.2444	53.3418	54.7587
1.9830	6.1563	0.2531	53.3678	54.5777
1.9835	6.1561	0.2600	53.5037	54.8236
1.9840	6.1564	0.2531	53.9701	54.9014
1.9845	6.1570	0.2434	54.3949	55.0385
1.9850	6.1572	0.2444	54.4813	55.1360
1.9855	6.1581	0.2342	54.5643	55.1748
1.9860	6.1599	0.2204	55.0388	55.1897
1.9865	6.1600	0.2174	55.3727	54.9875
1.9870	6.1594	0.2212	55.3477	54.8439
1.9875	6.1584	0.2254	55.2414	54.9793
1.9880	6.1578	0.2315	55.5161	54.6996
1.9885	6.1567	0.2499	55.8135	54.5706
1.9890	6.1551	0.2688	55.9136	54.8667
1.9895	6.1548	0.2717	54.6356	55.0854
1.9900	6.1541	0.2782	54.4030	55.1979
1.9905	6.1539	0.2789	55.0785	55.0559
1.9910	6.1542	0.2764	55.3558	54.8510
1.9915	6.1552	0.2694	55.4045	54.7099
1.9920	6.1559	0.2629	55.4895	54.2937
1.9925	6.1574	0.2399	56.0597	54.5327
1.9930	6.1576	0.2387	56.2742	54.6332
1.9935	6.1575	0.2401	56.0890	54.3857
1.9940	6.1585	0.2309	55.9022	54.3171
1.9945	6.1587	0.2295	56.1628	54.6390
1.9950	6.1598	0.2129	56.1740	54.8506
1.9955	6.1602	0.2135	55.6881	55.0302
1.9960	6.1606	0.2086	55.0362	54.9965
1.9965	6.1602	0.2101	54.9636	54.8261
1.9970	6.1602	0.2099	54.6188	54.6717
1.9975	6.1592	0.2139	53.9692	54.4050
1.9980	6.1587	0.2240	53.1269	54.5856
1.9985	6.1570	0.2390	52.6462	54.8882
1.9990	6.1553	0.2562	53.3930	54.8202
1.9995	6.1547	0.2721	53.4411	54.7750
2.0000	6.1544	0.2747	53.5342	55.0053
2.0005	6.1556	0.2633	53.8167	55.0221
2.0010	6.1555	0.2573	54.4288	55.1127
2.0015	6.1556	0.2570	54.6278	55.0397
2.0020	6.1553	0.2625	54.6496	54.9419
2.0025	6.1558	0.2561	54.8630	54.5964
2.0030	6.1568	0.2442	55.3291	54.4484
2.0035	6.1574	0.2369	55.3785	54.5799
2.0040	6.1582	0.2328	55.3626	54.5795
2.0045	6.1597	0.2207	55.3760	54.6131
2.0050	6.1599	0.2189	55.8693	54.7411
2.0055	6.1593	0.2201	54.5008	54.9463
2.0060	6.1595	0.2250	54.0942	54.8434
2.0065	6.1603	0.2090	54.4735	54.8249
2.0070	6.1608	0.2021	54.8722	54.7787
2.0075	6.1603	0.2076	55.4672	54.8892
2.0080	6.1590	0.2154	55.5099	54.7321
2.0085	6.1568	0.2408	55.5808	54.6308
2.0090	6.1554	0.2576	55.9612	54.6752
2.0095	6.1543	0.2738	56.2423	54.7225
2.0100	6.1546	0.2733	56.0834	54.7383
2.0105	6.1550	0.2664	55.9033	54.8645
2.0110	6.1548	0.2687	56.0583	55.1244
2.0115	6.1548	0.2682	56.0846	55.0084
2.0120	6.1548	0.2688	55.6553	54.9630
2.0125	6.1560	0.2584	54.9517	54.9424
2.0130	6.1571	0.2431	54.8843	54.9565
2.0135	6.1576	0.2357	54.2263	54.8435
2.0140	6.1573	0.2425	53.4304	54.7616
2.0145	6.1579	0.2348	53.2708	54.8457
2.0150	6.1586	0.2294	52.8493	55.0688
2.0155	6.1589	0.2258	53.4446	54.8628
2.0160	6.1586	0.2263	53.6554	54.9184
2.0165	6.1589	0.2238	53.8327	54.9578
2.0170	6.1595	0.2232	54.0365	54.8943
2.0175	6.1589	0.2236	54.4959	55.0162
2.0180	6.1586	0.2219	54.8027	55.1270
2.0185	6.1580	0.2346	54.9641	55.1827
2.0190	6.1563	0.2482	55.1115	54.9338
2.0195	6.1553	0.2606	55.4312	54.5913
2.0200	6.1545	0.2721	55.5604	54.5009
2.0205	6.1538	0.2823	55.5912	54.4420
2.0210	6.1537	0.2832	55.6369	54.4171
2.0215	6.1539	0.2754	55.4216	54.7026
2.0220	6.1545	0.2720	55.5108	54.7503
2.0225	6.1553	0.2644	55.5349	54.6679
2.0230	6.1564	0.2534	54.8771	54.6831
2.0235	6.1569	0.2502	54.8527	54.8486
2.0240	6.1561	0.2503	55.4433	54.9437
2.0245	6.1569	0.2445	55.5582	54.8365
2.0250	6.1561	0.2573	55.6640	54.5768
2.0255	6.1568	0.2484	55.8930	54.5505
2.0260	6.1572	0.2433	56.0937	54.4236
2.0265	6.1572	0.2451	56.0863	54.3776
2.0270	6.1574	0.2403	55.9563	54.7379
2.0275	6.1585	0.2312	55.9284	55.0162
2.0280	6.1592	0.2257	55.7688	55.0269
2.0285	6.1597	0.2172	55.5008	55.0914
2.0290	6.1588	0.2249	54.8871	55.1755
2.0295	6.1582	0.2364	54.7563	55.1106
2.0300	6.1569	0.2423	53.5700	54.9338
2.0305	6.1555	0.2620	52.6241	54.8625
2.0310	6.1548	0.2635	52.7968	54.7280
2.0315	6.1553	0.2656	52.9303	54.6129
2.0320	6.1555	0.2633	53.4463	54.5494
2.0325	6.1561	0.2540	53.6758	54.6150
2.0330	6.1575	0.2405	53.8912	54.7425
2.0335	6.1585	0.2292	54.0912	54.8842
2.0340	6.1599	0.2192	54.5861	54.9810
2.0345	6.1593	0.2162	54.8808	54.9251
2.0350	6.1586	0.2280	55.0368	54.8466
2.0355	6.1582	0.2292	55.1273	54.6731
2.0360	6.1581	0.2303	55.4392	54.5939
2.0365	6.1587	0.2210	55.6008	54.6798
2.0370	6.1582	0.2304	55.6882	54.7558
2.0375	6.1587	0.2250	55.6378	54.6003
2.0380	6.1592	0.2213	55.1881	54.6419
2.0385	6.1587	0.2234	55.6282	54.8590
2.0390	6.1588	0.2260	55.5247	54.9407
2.0395	6.1584	0.2244	54.9697	55.1324
2.0400	6.1585	0.2326	54.8940	55.0341
2.0405	6.1581	0.2319	55.5385	54.9735
2.0410	6.1565	0.2488	55.6831	54.9137
2.0415	6.1555	0.2629	55.6320	54.8461
2.0420	6.1561	0.2586	55.8171	54.9858
2.0425	6.1562	0.2450	56.1824	55.0365
2.0430	6.1567	0.2494	56.1718	54.7585
2.0435	6.1571	0.2452	55.8485	54.8716
2.0440	6.1574	0.2404	55.7684	54.9925
2.0445	6.1585	0.2313	55.7565	55.0475
2.0450	6.1592	0.2161	55.4982	55.0227
2.0455	6.1606	0.2075	54.8005	54.8613
2.0460	6.1604	0.2083	54.5260	54.9989
2.0465	6.1598	0.2127	53.1323	54.9558
2.0470	6.1600	0.2179	52.8073	54.9171
2.0475	6.1598	0.2160	52.7758	55.1043
2.0480	6.1594	0.2187	52.8196	54.8819
2.0485	6.1594	0.2186	53.4195	54.5809
2.0490	6.1598	0.2127	53.8251	54.5513
2.0495	6.1597	0.2175	54.0449	54.5432
2.0500	6.1588	0.2219	54.0898	54.8324
2.0505	6.1575	0.2393	54.4679	54.7961
2.0510	6.1568	0.2502	54.9533	54.6482
2.0515	6.1550	0.2628	55.1260	54.7672
2.0520	6.1547	0.2691	55.1417	54.6486
2.0525	6.1550	0.2630	55.3503	54.8345
2.0530	6.1553	0.2642	55.6626	55.1002
2.0535	6.1557	0.2517	55.7218	54.7312
2.0540	6.1560	0.2540	55.7154	54.3498
2.0545	6.1558	0.2552	55.5506	54.4264
2.0550	6.1567	0.2511	55.5379	54.4463
2.0555	6.1581	0.2331	55.5528	54.7803
2.0560	6.1591	0.2289	55.1116	54.9731
2.0565	6.1591	0.2315	54.9166	54.9567
2.0570	6.1585	0.2274	55.4516	55.1150
2.0575	6.1590	0.2278	55.7310	54.9515
2.0580	6.1585	0.2295	55.7169	54.9857
2.0585	6.1586	0.2280	55.7541	55.0999
2.0590	6.1585	0.2254	56.0227	54.8653
2.0595	6.1590	0.2235	56.1091	54.6851
2.0600	6.1596	0.2195	55.9920	54.6478
2.0605	6.1582	0.2299	55.6540	54.6833
2.0610	6.1577	0.2372	55.6137	54.7696
2.0615	6.1565	0.2511	55.2109	54.8037
2.0620	6.1551	0.2571	55.0298	55.0885
2.0625	6.1549	0.2721	53.5485	55.1517
2.0630	6.1548	0.2676	52.3695	54.9409
2.0635	6.1544	0.2726	52.7636	54.7991
2.0640	6.1550	0.2649	52.7562	54.7529
2.0645	6.1562	0.2576	53.1263	54.4783
2.0650	6.1558	0.2528	53.3987	54.3724
2.0655	6.1558	0.2548	53.8493	54.5362
2.0660	6.1559	0.2575	53.8891	54.6711
2.0665	6.1550	0.2663	54.1242	54.7745
2.0670	6.1548	0.2672	54.5715	54.8911
2.0675	6.1548	0.2715	55.0204	55.1477
2.0680	6.1549	0.2679	55.1101	55.3511
2.0685	6.1556	0.2593	55.1608	55.1364
2.0690	6.1565	0.2548	55.3726	54.9815
2.0695	6.1569	0.2452	55.6346	54.9510
2.0700	6.1566	0.2499	55.6951	54.6821
2.0705	6.1562	0.2487	55.5792	54.5787
2.0710	6.1552	0.2645	55.7845	54.8209
2.0715	6.1547	0.2696	55.6820	54.9484
2.0720	6.1534	0.2776	55.1452	55.0629
2.0725	6.1536	0.2840	54.9930	55.2293
2.0730	6.1548	0.2725	55.0728	55.2732
2.0735	6.1560	0.2540	55.6171	55.3888
2.0740	6.1561	0.2579	55.8103	54.9315
2.0745	6.1561	0.2541	55.7926	54.7487
2.0750	6.1553	0.2623	55.9378	54.7998
2.0755	6.1552	0.2670	56.1975	54.6823
2.0760	6.1547	0.2712	56.2980	54.6611
2.0765	6.1544	0.2723	55.9671	54.8197
2.0770	6.1542	0.2735	55.8227	54.7473
2.0775	6.1561	0.2582	55.6491	54.7750
2.0780	6.1565	0.2523	55.5734	54.7505
2.0785	6.1560	0.2546	54.5236	54.9282
2.0790	6.1550	0.2649	53.8953	55.0740
2.0795	6.1554	0.2636	53.2744	54.6368
2.0800	6.1563	0.2496	52.6062	54.5213
2.0805	6.1568	0.2501	52.9842	54.5851
2.0810	6.1570	0.2468	52.8900	54.4695
2.0815	6.1554	0.2588	53.4434	54.6184
2.0820	6.1547	0.2750	53.8798	54.8410
2.0825	6.1539	0.2764	54.1072	54.7035
2.0830	6.1536	0.2858	54.0556	54.7354
2.0835	6.1535	0.2838	54.4673	54.7230
2.0840	6.1543	0.2751	54.9582	54.9057
2.0845	6.1543	0.2710	55.1678	55.1030
2.0850	6.1562	0.2555	55.0074	54.8591
2.0855	6.1565	0.2500	55.2432	54.8027
2.0860	6.1571	0.2501	55.6095	54.8011
2.0865	6.1568	0.2514	55.8325	54.5762
2.0870	6.1563	0.2521	55.5286	54.7217
2.0875	6.1571	0.2481	55.6364	54.8837
2.0880	6.1571	0.2487	55.1856	54.8956
2.0885	6.1572	0.2367	54.7486	54.8071
2.0890	6.1580	0.2364	54.8889	54.8681
2.0895	6.1581	0.2329	55.0996	55.0847
2.0900	6.1584	0.2287	55.6634	54.8344
2.0905	6.1595	0.2172	55.9771	54.7559
2.0910	6.1607	0.2067	55.9019	54.8245
2.0915	6.1593	0.2149	55.8725	54.7815
2.0920	6.1577	0.2377	56.1316	54.4864
2.0925	6.1569	0.2518	56.3304	54.4560
2.0930	6.1551	0.2629	56.0333	54.5941
2.0935	6.1548	0.2679	55.8424	54.6959
2.0940	6.1550	0.2662	55.5749	54.8542
2.0945	6.1555	0.2676	55.4338	55.0081
2.0950	6.1551	0.2684	54.3590	55.1235
2.0955	6.1554	0.2684	54.0480	54.8854
2.0960	6.1547	0.2659	53.6849	54.7230
2.0965	6.1550	0.2693	52.5795	54.8027
2.0970	6.1552	0.2587	53.0255	54.9500
2.0975	6.1576	0.2443	52.9835	54.6824
2.0980	6.1573	0.2451	53.5591	54.7017
2.0985	6.1579	0.2367	53.9031	54.8768
2.0990	6.1578	0.2312	54.0067	54.9117
2.0995	6.1585	0.2286	54.0576	55.0686
2.1000	6.1586	0.2324	54.5770	55.1541
2.1005	6.1593	0.2198	55.0652	55.1930
2.1010	6.1602	0.2110	55.1428	55.1768
2.1015	6.1597	0.2180	55.0512	54.9181
2.1020	6.1592	0.2183	55.2508	54.9601
2.1025	6.1581	0.2316	55.6274	54.9640
2.1030	6.1572	0.2408	55.6517	54.6043
2.1035	6.1566	0.2534	55.6188	54.6719
2.1040	6.1548	0.2663	55.4390	54.9839
2.1045	6.1550	0.2742	54.5820	55.1432
2.1050	6.1542	0.2741	54.7867	55.2027
2.1055	6.1541	0.2751	54.8376	54.9465
2.1060	6.1548	0.2692	55.2066	54.8711
2.1065	6.1551	0.2667	55.6535	54.5717
2.1070	6.1562	0.2523	55.9122	54.3714
2.1075	6.1576	0.2378	55.9019	54.6783
2.1080	6.1571	0.2419	55.9765	54.5800
2.1085	6.1583	0.2337	56.1790	54.3342
2.1090	6.1586	0.2256	56.1896	54.4064
2.1095	6.1595	0.2208	55.9870	54.7335
2.1100	6.1605	0.2113	55.7092	54.9133
2.1105	6.1607	0.2094	55.5943	55.0800
2.1110	6.1608	0.1958	55.2328	54.9297
2.1115	6.1607	0.2048	54.7835	54.8117
2.1120	6.1602	0.2093	54.0354	54.5692
2.1125	6.1599	0.2145	53.8376	54.4816
2.1130	6.1588	0.2266	53.0369	54.7637
2.1135	6.1571	0.2425	52.8100	54.9422
2.1140	6.1557	0.2623	53.1422	54.7705
2.1145	6.1548	0.2667	53.4560	54.8648
2.1150	6.1554	0.2648	53.9309	55.0217
2.1155	6.1563	0.2522	54.0691	55.0479
2.1160	6.1562	0.2537	54.2010	55.0963
2.1165	6.1558	0.2624	54.5316	55.0003
2.1170	6.1552	0.2613	54.9478	54.8659
2.1175	6.1556	0.2603	55.1541	54.5372
2.1180	6.1564	0.2538	55.1072	54.5872
2.1185	6.1576	0.2431	55.2112	54.6500
2.1190	6.1590	0.2195	55.4661	54.6391
2.1195	6.1589	0.2241	55.8627	54.6426
2.1200	6.1589	0.2203	55.2916	54.8462
2.1205	6.1584	0.2240	53.7486	54.9013
2.1210	6.1590	0.2235	54.4644	54.8229
2.1215	6.1605	0.2067	54.7898	54.7886
2.1220	6.1608	0.2074	55.0472	54.8323
2.1225	6.1601	0.2074	55.1975	54.9032
2.1230	6.1588	0.2255	55.5765	54.7084
2.1235	6.1569	0.2460	55.9332	54.7143
2.1240	6.1559	0.2605	56.0213	54.7222
2.1245	6.1546	0.2675	55.8976	54.7523
2.1250	6.1549	0.2675	56.0448	54.7443
2.1255	6.1553	0.2595	56.1885	55.0026
2.1260	6.1546	0.2688	56.0997	55.0936
2.1265	6.1546	0.2697	55.6299	54.9401
2.1270	6.1548	0.2704	55.3809	54.9431
2.1275	6.1565	0.2469	55.1127	54.9627
2.1280	6.1579	0.2365	54.8282	54.9432
2.1285	6.1578	0.2384	53.5792	54.8381
2.1290	6.1579	0.2387	53.3360	54.8044
2.1295	6.1592	0.2273	53.2519	54.9876
2.1300	6.1589	0.2210	53.1188	55.0276
2.1305	6.1593	0.2172	53.3684	54.8302
2.1310	6.1594	0.2193	53.5391	54.9894
2.1315	6.1598	0.2164	54.0672	54.9020
2.1320	6.1602	0.2094	54.3318	54.9300
2.1325	6.1600	0.2124	54.5142	55.0347
2.1330	6.1594	0.2153	54.6610	55.1550
2.1335	6.1582	0.2303	55.1362	55.1109
2.1340	6.1567	0.2487	55.4222	54.7903
2.1345	6.1555	0.2585	55.4200	54.5323
2.1350	6.1547	0.2738	55.3452	54.5174
2.1355	6.1534	0.2826	55.6850	54.4223
2.1360	6.1539	0.2792	55.7433	54.5541
2.1365	6.1540	0.2718	55.3805	54.7853
2.1370	6.1545	0.2722	55.3911	54.7154
2.1375	6.1547	0.2658	55.3573	54.6458
2.1380	6.1565	0.2493	54.8899	54.7147
2.1385	6.1573	0.2499	55.0492	54.8632
2.1390	6.1569	0.2431	55.3340	54.9017
2.1395	6.1569	0.2435	55.5477	54.6862
2.1400	6.1568	0.2467	55.9288	54.5280
2.1405	6.1576	0.2406	56.0299	54.5296
2.1410	6.1571	0.2426	55.9274	54.3791
2.1415	6.1569	0.2424	55.9574	54.5090
2.1420	6.1582	0.2370	56.1091	54.9277
2.1425	6.1582	0.2340	55.9749	55.0623
2.1430	6.1585	0.2322	55.5420	55.0452
2.1435	6.1587	0.2251	55.1586	55.1189
2.1440	6.1582	0.2347	54.9432	55.1635
2.1445	6.1565	0.2515	54.6139	55.0094
2.1450	6.1551	0.2643	52.8611	54.8650
2.1455	6.1540	0.2773	52.5220	54.7815
2.1460	6.1540	0.2810	52.9255	54.6694
2.1465	6.1548	0.2725	53.2500	54.6084
2.1470	6.1546	0.2716	53.3957	54.5945
2.1475	6.1554	0.2586	53.5895	54.7047
2.1480	6.1565	0.2567	54.0774	54.7986
2.1485	6.1567	0.2427	54.4437	54.9487
2.1490	6.1573	0.2459	54.6328	54.9496
2.1495	6.1568	0.2493	54.7058	54.8892
2.1500	6.1569	0.2482	55.1000	54.7725
2.1505	6.1574	0.2398	55.4150	54.5878
2.1510	6.1577	0.2328	55.5657	54.5881
2.1515	6.1577	0.2316	55.3778	54.7037
2.1520	6.1574	0.2381	55.7430	54.6712
2.1525	6.1583	0.2299	55.6117	54.5588
2.1530	6.1593	0.2270	55.2825	54.7545
2.1535	6.1588	0.2263	55.5185	54.8857
2.1540	6.1590	0.2244	55.2566	55.0380
2.1545	6.1586	0.2305	55.0685	55.1128
2.1550	6.1581	0.2343	55.2027	54.9662
2.1555	6.1576	0.2402	55.4378	54.9320
2.1560	6.1556	0.2564	55.5217	54.8465
2.1565	6.1556	0.2629	55.9520	54.8534
2.1570	6.1565	0.2508	56.0787	55.0241
2.1575	6.1565	0.2481	56.0020	54.9228
2.1580	6.1568	0.2496	55.8806	54.7602
2.1585	6.1579	0.2381	56.0716	54.9616
2.1590	6.1583	0.2284	55.9376	55.0002
2.1595	6.1596	0.2171	55.5460	55.0636
2.1600	6.1603	0.2085	55.0217	54.9165
2.1605	6.1614	0.1999	54.9327	54.8674
2.1610	6.1607	0.2085	54.3432	55.0010
2.1615	6.1602	0.2112	52.6227	54.8814
2.1620	6.1596	0.2123	52.6281	54.9731
2.1625	6.1603	0.2097	52.8235	55.0579
2.1630	6.1603	0.2146	53.3748	54.7250
2.1635	6.1606	0.2085	53.5221	54.5579
2.1640	6.1611	0.2062	53.6580	54.5121
2.1645	6.1598	0.2101	53.9624	54.6241
2.1650	6.1586	0.2242	54.5031	54.8658
2.1655	6.1573	0.2390	54.7428	54.6667
2.1660	6.1567	0.2469	54.7992	54.6782
2.1665	6.1548	0.2620	55.0660	54.7100
2.1670	6.1547	0.2667	55.4660	54.6312
2.1675	6.1548	0.2676	55.5771	54.9817
2.1680	6.1558	0.2592	55.4986	55.0148
2.1685	6.1563	0.2520	55.5830	54.5373
2.1690	6.1558	0.2559	55.9428	54.3568
2.1695	6.1566	0.2507	55.6597	54.4162
2.1700	6.1571	0.2429	55.4303	54.5097
2.1705	6.1589	0.2241	55.3305	54.8781
2.1710	6.1590	0.2225	55.1958	54.9047
2.1715	6.1587	0.2262	55.2553	55.0119
2.1720	6.1583	0.2296	55.4126	55.0642
2.1725	6.1581	0.2292	55.5092	54.9203
2.1730	6.1586	0.2329	55.9749	55.0705
2.1735	6.1585	0.2237	56.1246	55.0442
2.1740	6.1587	0.2310	55.9344	54.7506
2.1745	6.1585	0.2282	55.8085	54.6645
2.1750	6.1587	0.2316	56.0112	54.6117
2.1755	6.1577	0.2429	55.9313	54.6966
2.1760	6.1568	0.2440	55.4701	54.7374
2.1765	6.1559	0.2581	54.8310	54.8643
2.1770	6.1550	0.2699	54.7890	55.1282
2.1775	6.1545	0.2691	53.1170	55.0402
2.1780	6.1548	0.2679	52.5295	54.8495
2.1785	6.1548	0.2699	52.5216	54.7832
2.1790	6.1558	0.2587	52.8888	54.6469
2.1795	6.1560	0.2500	53.4417	54.3783
2.1800	6.1562	0.2527	53.5735	54.4084
2.1805	6.1559	0.2581	53.6796	54.5839
2.1810	6.1551	0.2638	54.0446	54.6939
2.1815	6.1545	0.2731	54.5512	54.7649
2.1820	6.1548	0.2708	54.7512	54.9432
2.1825	6.1542	0.2732	54.8275	55.2360
2.1830	6.1552	0.2637	55.1047	55.2751
2.1835	6.1562	0.2576	55.5126	55.0157
2.1840	6.1564	0.2517	55.5800	54.9683
2.1845	6.1566	0.2519	55.4139	54.8384
2.1850	6.1564	0.2499	55.6190	54.5689
2.1855	6.1562	0.2558	55.9242	54.6198
2.1860	6.1557	0.2613	55.9816	54.8798
2.1865	6.1542	0.2729	55.2109	54.9579
2.1870	6.1533	0.2799	54.9651	55.1408
2.1875	6.1534	0.2835	55.2360	55.2177
2.1880	6.1548	0.2715	55.4194	55.3420
2.1885	6.1548	0.2683	55.5437	55.2706
2.1890	6.1548	0.2703	55.7085	54.8021
2.1895	6.1551	0.2694	56.1185	54.7606
2.1900	6.1542	0.2750	56.2184	54.7194
2.1905	6.1542	0.2744	56.0278	54.6014
2.1910	6.1531	0.2905	56.0053	54.6670
2.1915	6.1528	0.2907	56.1525	54.7902
2.1920	6.1536	0.2893	56.0511	54.7095
2.1925	6.1547	0.2708	55.4619	54.7704
2.1930	6.1552	0.2645	55.0400	54.7591
2.1935	6.1553	0.2673	54.2910	55.0532
2.1940	6.1544	0.2691	54.1092	54.8966
2.1945	6.1565	0.2564	52.7393	54.5104
2.1950	6.1575	0.2439	52.4296	54.5096
2.1955	6.1576	0.2376	53.0619	54.5018
2.1960	6.1573	0.2425	53.4688	54.4346
2.1965	6.1555	0.2570	53.5977	54.7209
2.1970	6.1545	0.2699	53.6187	54.7788
2.1975	6.1535	0.2803	54.0699	54.6746
2.1980	6.1535	0.2893	54.5442	54.7392
2.1985	6.1537	0.2787	54.7831	54.7566
2.1990	6.1548	0.2679	54.7631	55.0098
2.1995	6.1556	0.2617	55.0079	55.0546
2.2000	6.1569	0.2475	55.3599	54.7696
2.2005	6.1569	0.2419	55.5090	54.7835
2.2010	6.1580	0.2345	55.4830	54.6608
2.2015	6.1575	0.2399	55.6143	54.5094
2.2020	6.1584	0.2298	55.7976	54.7803
2.2025	6.1583	0.2317	55.7553	54.8641
2.2030	6.1580	0.2335	54.6521	54.8593
2.2035	6.1579	0.2331	54.6592	54.7558
2.2040	6.1587	0.2230	55.1957	54.9906
2.2045	6.1587	0.2251	55.5483	55.0375
2.2050	6.1591	0.2236	55.6086	54.7750
2.2055	6.1602	0.2084	55.7444	54.7884
2.2060	6.1609	0.2021	56.0601	54.8226
2.2065	6.1598	0.2188	56.2588	54.6658
2.2070	6.1575	0.2352	56.1106	54.3942
2.2075	6.1567	0.2467	56.0349	54.4869
2.2080	6.1558	0.2613	56.0704	54.5912
2.2085	6.1549	0.2673	55.9703	54.7054
2.2090	6.1555	0.2620	55.4361	54.8745
2.2095	6.1559	0.2591	54.9321	55.0739
2.2100	6.1561	0.2556	54.1018	55.0367
2.2105	6.1561	0.2599	54.3418	54.7750
2.2110	6.1563	0.2526	52.9311	54.6875
2.2115	6.1562	0.2551	52.4930	54.8678
2.2120	6.1574	0.2427	53.0963	54.8669
2.2125	6.1570	0.2394	53.3889	54.5982
2.2130	6.1556	0.2497	53.6814	54.7909
2.2135	6.1567	0.2534	53.7230	54.8979
2.2140	6.1567	0.2407	54.0745	54.9790
2.2145	6.1575	0.2354	54.5048	55.1172
2.2150	6.1579	0.2344	54.8023	55.1613
2.2155	6.1600	0.2140	54.9074	55.1749
2.2160	6.1596	0.2168	55.0470	55.0668
2.2165	6.1602	0.2230	55.3340	54.8374
2.2170	6.1588	0.2284	55.4508	54.9828
2.2175	6.1579	0.2329	55.5025	54.8181
2.2180	6.1572	0.2458	55.5177	54.5770
2.2185	6.1555	0.2599	55.9139	54.7971
2.2190	6.1549	0.2667	55.1676	55.0704
2.2195	6.1545	0.2683	54.3734	55.1999
2.2200	6.1538	0.2739	54.7316	55.1235
2.2205	6.1539	0.2743	55.0816	54.8610
2.2210	6.1548	0.2675	55.6153	54.7791
2.2215	6.1554	0.2643	55.6680	54.3705
2.2220	6.1569	0.2473	55.7867	54.4206
2.2225	6.1572	0.2382	55.9907	54.6690
2.2230	6.1579	0.2391	56.1910	54.4730
2.2235	6.1587	0.2219	56.1193	54.3196
2.2240	6.1592	0.2234	56.0559	54.5422
2.2245	6.1603	0.2123	55.9103	54.7974
2.2250	6.1609	0.2035	55.8041	54.9765
2.2255	6.1609	0.2036	55.4514	55.0501
2.2260	6.1610	0.2042	54.9889	54.8534
2.2265	6.1602	0.2048	54.5008	54.7548
2.2270	6.1604	0.2180	54.0149	54.4686
2.2275	6.1592	0.2187	53.6089	54.5145
2.2280	6.1579	0.2340	52.6590	54.8623
2.2285	6.1567	0.2501	52.9721	54.8841
2.2290	6.1553	0.2660	53.3425	54.7650
2.2295	6.1546	0.2690	53.7323	54.9505
2.2300	6.1551	0.2666	53.8409	55.0249
2.2305	6.1559	0.2574	54.0683	55.0946
2.2310	6.1561	0.2592	54.3885	55.0792
2.2315	6.1555	0.2589	54.8207	54.9900
2.2320	6.1561	0.2599	54.9344	54.7323
2.2325	6.1567	0.2467	55.0522	54.4595
2.2330	6.1572	0.2400	55.1754	54.5814
2.2335	6.1583	0.2342	55.5214	54.5968
2.2340	6.1594	0.2192	55.4631	54.6074
2.2345	6.1596	0.2198	55.7230	54.6742
2.2350	6.1593	0.2145	54.6436	54.9187
2.2355	6.1587	0.2200	54.0575	54.8828
2.2360	6.1599	0.2160	54.6178	54.8307
2.2365	6.1606	0.2065	54.6324	54.8006
2.2370	6.1607	0.2065	55.1876	54.8907
2.2375	6.1599	0.2138	55.5120	54.8685
2.2380	6.1578	0.2296	55.7079	54.6801
2.2385	6.1563	0.2500	55.7504	54.6814
2.2390	6.1548	0.2672	55.9571	54.6990
2.2395	6.1541	0.2750	56.1393	54.7374
2.2400	6.1552	0.2638	56.1557	54.7798
2.2405	6.1550	0.2637	55.9783	55.0984
2.2410	6.1549	0.2688	55.8697	55.0378
2.2415	6.1545	0.2673	55.6998	54.9630
2.2420	6.1554	0.2624	55.2922	54.9708
2.2425	6.1573	0.2385	54.8688	55.0164
2.2430	6.1580	0.2331	54.2912	54.9282
2.2435	6.1579	0.2366	53.4680	54.8076
2.2440	6.1576	0.2399	53.5101	54.8230
2.2445	6.1587	0.2238	52.8909	55.0613
2.2450	6.1588	0.2240	53.1153	54.9223
2.2455	6.1591	0.2215	53.5161	54.8593
2.2460	6.1600	0.2195	53.8611	54.9763
2.2465	6.1594	0.2145	54.0521	54.8711
2.2470	6.1600	0.2180	54.2604	54.9984
2.2475	6.1598	0.2202	54.6390	55.1102
2.2480	6.1586	0.2266	55.0213	55.2341
2.2485	6.1574	0.2371	55.1793	55.0645
2.2490	6.1562	0.2568	55.1519	54.6926
2.2495	6.1554	0.2678	55.3789	54.5227
2.2500	6.1541	0.2782	55.7013	54.5000
2.2505	6.1540	0.2797	55.8069	54.3995
2.2510	6.1541	0.2742	55.3371	54.6465
2.2515	6.1545	0.2708	55.2443	54.7704
2.2520	6.1552	0.2680	55.6627	54.6867
2.2525	6.1561	0.2567	55.2532	54.6594
2.2530	6.1577	0.2380	54.6040	54.7856
2.2535	6.1573	0.2380	55.0838	54.9176
2.2540	6.1574	0.2407	55.6105	54.8819
2.2545	6.1570	0.2424	55.8204	54.6312
2.2550	6.1564	0.2457	55.7752	54.5608
2.2555	6.1574	0.2373	55.8097	54.4927
2.2560	6.1570	0.2457	56.1093	54.3755
2.2565	6.1570	0.2461	56.1785	54.6615
2.2570	6.1582	0.2353	55.9084	55.0010
2.2575	6.1586	0.2320	55.5504	55.0535
2.2580	6.1593	0.2222	55.5594	55.0631
2.2585	6.1594	0.2186	55.2370	55.1645
2.2590	6.1581	0.2309	54.8463	55.1428
2.2595	6.1573	0.2414	53.7670	54.9627
2.2600	6.1557	0.2567	52.5836	54.8713
2.2605	6.1548	0.2665	52.9235	54.7640
2.2610	6.1551	0.2632	52.9063	54.6420
2.2615	6.1558	0.2580	53.1080	54.5680
2.2620	6.1559	0.2566	53.4759	54.5768
2.2625	6.1564	0.2499	54.0241	54.7233
2.2630	6.1574	0.2428	54.1788	54.8592
2.2635	6.1579	0.2349	54.2652	54.9842
2.2640	6.1578	0.2366	54.5798	54.9692
2.2645	6.1571	0.2388	55.0861	54.9657
2.2650	6.1572	0.2440	55.2958	54.7313
2.2655	6.1577	0.2340	55.2153	54.5965
2.2660	6.1587	0.2273	55.3744	54.6499
2.2665	6.1581	0.2267	55.6923	54.7347
2.2670	6.1580	0.2319	55.9432	54.6266
2.2675	6.1585	0.2287	55.1192	54.5784
2.2680	6.1588	0.2257	55.1831	54.8298
2.2685	6.1590	0.2251	55.6201	54.9283
2.2690	6.1586	0.2266	55.3401	55.1279
2.2695	6.1581	0.2322	54.8603	55.1185
2.2700	6.1577	0.2323	55.1130	55.0003
2.2705	6.1568	0.2460	55.5565	54.9361
2.2710	6.1553	0.2638	55.8097	54.8341
2.2715	6.1553	0.2636	55.8987	54.9127
2.2720	6.1562	0.2556	55.8374	55.0484
2.2725	6.1563	0.2511	56.0251	54.8165
2.2730	6.1572	0.2494	56.0815	54.8116
2.2735	6.1575	0.2440	55.9908	54.9904
2.2740	6.1583	0.2372	55.5485	55.0452
2.2745	6.1585	0.2270	55.4411	55.0665
2.2750	6.1596	0.2172	55.0901	54.9045
2.2755	6.1604	0.2057	54.7957	54.9834
2.2760	6.1599	0.2155	53.3154	55.0084
2.2765	6.1601	0.2127	52.5834	54.8779
2.2770	6.1600	0.2148	52.9854	55.0355
2.2775	6.1597	0.2129	52.8374	54.9427
2.2780	6.1593	0.2233	53.1710	54.5945
2.2785	6.1600	0.2152	53.5257	54.5306
2.2790	6.1598	0.2148	54.1079	54.5214
2.2795	6.1588	0.2209	54.1640	54.7837
2.2800	6.1580	0.2311	54.2184	54.8845
2.2805	6.1570	0.2469	54.6247	54.6743
2.2810	6.1560	0.2569	55.1914	54.7815
2.2815	6.1549	0.2669	55.3358	54.6888
2.2820	6.1548	0.2645	55.1923	54.7946
2.2825	6.1550	0.2695	55.3266	55.0767
2.2830	6.1556	0.2574	55.7521	54.8102
2.2835	6.1553	0.2629	55.8915	54.3711
2.2840	6.1562	0.2534	55.5608	54.3672
2.2845	6.1566	0.2541	55.2877	54.4375
2.2850	6.1582	0.2320	55.6283	54.6798
2.2855	6.1593	0.2187	55.4803	55.0045
2.2860	6.1591	0.2221	54.8607	54.9724
2.2865	6.1583	0.2295	55.0195	55.1128
2.2870	6.1577	0.2408	55.6909	54.9948
2.2875	6.1579	0.2346	55.9407	54.9420
2.2880	6.1577	0.2331	55.7634	55.0707
2.2885	6.1587	0.2378	55.7222	54.9165
2.2890	6.1586	0.2272	56.0554	54.6758
2.2895	6.1586	0.2256	56.2543	54.6316
2.2900	6.1581	0.2339	55.8186	54.6399
2.2905	6.1572	0.2458	55.4504	54.7882
2.2910	6.1566	0.2500	55.2569	54.8081
2.2915	6.1553	0.2615	55.2250	55.0610
2.2920	6.1550	0.2700	54.2147	55.1908
2.2925	6.1547	0.2715	52.3129	54.9852
2.2930	6.1549	0.2728	52.6459	54.7787
2.2935	6.1546	0.2688	52.8524	54.7259
2.2940	6.1560	0.2585	53.0927	54.4928
2.2945	6.1568	0.2479	53.1188	54.3024
2.2950	6.1560	0.2528	53.6189	54.4517
2.2955	6.1552	0.2636	54.0756	54.6481
2.2960	6.1551	0.2699	54.2363	54.7965
2.2965	6.1549	0.2673	54.2610	54.9079
2.2970	6.1546	0.2723	54.7611	55.1223
2.2975	6.1550	0.2655	55.2568	55.3367
2.2980	6.1554	0.2605	55.3157	55.2175
2.2985	6.1566	0.2503	55.1554	54.9412
2.2990	6.1574	0.2416	55.3515	54.9208
2.2995	6.1570	0.2432	55.8106	54.6968
2.3000	6.1566	0.2503	55.9126	54.5090
2.3005	6.1556	0.2590	55.6701	54.7321
2.3010	6.1544	0.2705	55.5037	54.9414
2.3015	6.1541	0.2801	55.1763	55.0388
2.3020	6.1529	0.2847	55.2971	55.2504
2.3025	6.1541	0.2791	55.0965	55.3067
2.3030	6.1557	0.2608	55.1979	55.4027
2.3035	6.1557	0.2606	55.6828	55.0861
2.3040	6.1559	0.2585	56.0823	54.7150
2.3045	6.1547	0.2652	56.0460	54.7415
2.3050	6.1545	0.2722	55.8853	54.6490
2.3055	6.1543	0.2813	56.1251	54.5989
2.3060	6.1536	0.2798	56.2716	54.7687
2.3065	6.1535	0.2833	56.0480	54.7980
2.3070	6.1545	0.2720	55.5238	54.7781
2.3075	6.1550	0.2666	55.4402	54.8184
2.3080	6.1550	0.2644	55.0827	54.9285
2.3085	6.1549	0.2703	54.1019	55.0835
2.3090	6.1546	0.2730	53.4040	54.6969
2.3095	6.1560	0.2566	52.3774	54.4388
2.3100	6.1569	0.2481	53.0288	54.4982
2.3105	6.1570	0.2404	53.1674	54.4395
2.3110	6.1563	0.2555	53.2205	54.5141
2.3115	6.1554	0.2666	53.4989	54.8286
2.3120	6.1545	0.2741	54.0828	54.7523
2.3125	6.1531	0.2857	54.3330	54.7389
2.3130	6.1538	0.2825	54.3220	54.7412
2.3135	6.1543	0.2779	54.5169	54.8126
2.3140	6.1550	0.2738	55.1293	55.0594
2.3145	6.1556	0.2604	55.3967	54.9243
2.3150	6.1563	0.2526	55.2574	54.7172
2.3155	6.1565	0.2481	55.1814	54.7653
2.3160	6.1564	0.2521	55.6614	54.5722
2.3165	6.1552	0.2629	55.8930	54.6312
2.3170	6.1557	0.2579	55.7748	54.8994
2.3175	6.1561	0.2567	55.1451	54.9292
2.3180	6.1562	0.2526	54.5870	54.8610
2.3185	6.1575	0.2430	55.1371	54.7871
2.3190	6.1577	0.2378	55.2278	55.0264
2.3195	6.1578	0.2374	55.2702	54.8529
2.3200	6.1588	0.2267	55.6440	54.6687
2.3205	6.1598	0.2140	56.1505	54.7546
2.3210	6.1597	0.2119	56.1657	54.7789
2.3215	6.1579	0.2319	55.9188	54.5565
2.3220	6.1570	0.2490	56.0673	54.4403
2.3225	6.1554	0.2611	56.3226	54.6063
2.3230	6.1549	0.2647	56.1417	54.6842
2.3235	6.1551	0.2676	55.4934	54.8329
2.3240	6.1554	0.2601	55.2373	54.9286
2.3245	6.1552	0.2617	54.8389	55.0744
2.3250	6.1552	0.2622	54.2947	54.8655
2.3255	6.1556	0.2621	53.8977	54.6597
2.3260	6.1549	0.2694	52.3566	54.6884
2.3265	6.1554	0.2619	52.9213	54.9138
2.3270	6.1567	0.2514	53.2532	54.7703
2.3275	6.1567	0.2504	53.3823	54.6762
2.3280	6.1562	0.2552	53.4720	54.9047
2.3285	6.1573	0.2471	53.9766	54.9381
2.3290	6.1579	0.2372	54.4585	55.0357
2.3295	6.1575	0.2328	54.5453	55.0929
2.3300	6.1585	0.2291	54.6134	55.0980
2.3305	6.1593	0.2185	55.0417	55.1165
2.3310	6.1590	0.2232	55.3504	54.8891
2.3315	6.1589	0.2268	55.3322	54.8495
2.3320	6.1582	0.2325	55.2370	55.0085
2.3325	6.1570	0.2390	55.5713	54.7286
2.3330	6.1565	0.2520	55.9107	54.6731
2.3335	6.1551	0.2616	55.8589	54.9578
2.3340	6.1550	0.2701	54.4845	55.1294
2.3345	6.1545	0.2720	54.4304	55.1770
2.3350	6.1544	0.2741	55.0841	54.9619
2.3355	6.1546	0.2755	55.3646	54.7651
2.3360	6.1553	0.2649	55.4269	54.5953
2.3365	6.1564	0.2557	55.5756	54.2526
2.3370	6.1580	0.2369	56.0824	54.5734
2.3375	6.1576	0.2419	56.2329	54.6455
2.3380	6.1584	0.2346	56.0301	54.4211
2.3385	6.1589	0.2303	55.8892	54.3835
2.3390	6.1589	0.2236	56.1789	54.6880
2.3395	6.1606	0.2146	56.1046	54.8570
2.3400	6.1610	0.2029	55.6078	55.0233
2.3405	6.1613	0.2046	55.0269	54.9262
2.3410	6.1606	0.2052	54.9873	54.7826
2.3415	6.1598	0.2149	54.5004	54.5958
2.3420	6.1599	0.2192	53.8836	54.4094
2.3425	6.1584	0.2323	53.0093	54.6384
2.3430	6.1568	0.2461	52.7013	54.9264
2.3435	6.1558	0.2608	53.4415	54.8368
2.3440	6.1547	0.2664	53.4062	54.8203
2.3445	6.1551	0.2661	53.5535	55.0144
2.3450	6.1563	0.2555	53.9110	55.0452
2.3455	6.1564	0.2475	54.4653	55.0840
2.3460	6.1558	0.2582	54.5780	54.9995
2.3465	6.1556	0.2645	54.6105	54.8897
2.3470	6.1557	0.2610	54.9322	54.5547
2.3475	6.1565	0.2552	55.4193	54.4765
2.3480	6.1573	0.2442	55.4027	54.6141
2.3485	6.1581	0.2312	55.2847	54.6124
2.3490	6.1592	0.2231	55.4319	54.6253
2.3495	6.1588	0.2242	55.8492	54.7690
2.3500	6.1587	0.2262	54.3411	54.9236
2.3505	6.1588	0.2252	54.1005	54.8215
2.3510	6.1601	0.2111	54.5035	54.7826
2.3515	6.1608	0.1996	55.0664	54.7569
2.3520	6.1604	0.2117	55.5011	54.8744
2.3525	6.1586	0.2190	55.3917	54.7581
2.3530	6.1566	0.2439	55.5040	54.6728
2.3535	6.1559	0.2592	56.0523	54.7046
2.3540	6.1543	0.2703	56.3066	54.7451
2.3545	6.1540	0.2739	56.0601	54.7333
2.3550	6.1550	0.2664	55.8158	54.8850
2.3555	6.1549	0.2669	56.0954	55.1032
2.3560	6.1552	0.2637	56.1323	54.9362
2.3565	6.1551	0.2674	55.5634	54.9234
2.3570	6.1560	0.2562	54.8001	54.9293
2.3575	6.1574	0.2426	54.8365	54.9766
2.3580	6.1575	0.2426	54.2755	54.8507
2.3585	6.1573	0.2434	53.5043	54.7959
2.3590	6.1581	0.2325	53.0446	54.9106
2.3595	6.1591	0.2240	52.7924	55.0729
2.3600	6.1592	0.2198	53.6343	54.8340
2.3605	6.1594	0.2226	53.7240	54.9040
2.3610	6.1596	0.2223	53.6742	54.8935
2.3615	6.1594	0.2196	53.9515	54.8378
2.3620	6.1595	0.2227	54.7223	54.9866
2.3625	6.1587	0.2281	54.9718	55.1314
2.3630	6.1576	0.2366	54.8396	55.1749
2.3635	6.1565	0.2524	54.9687	54.9191
2.3640	6.1553	0.2613	55.5539	54.5959
2.3645	6.1540	0.2781	55.7300	54.5228
2.3650	6.1529	0.2840	55.5011	54.4265
2.3655	6.1531	0.2855	55.4375	54.4094
2.3660	6.1530	0.2812	55.5300	54.6892
2.3665	6.1536	0.2818	55.7572	54.6927
2.3670	6.1542	0.2782	55.4077	54.6303
2.3675	6.1559	0.2595	54.5792	54.6597
2.3680	6.1568	0.2445	54.9221	54.8444
2.3685	6.1565	0.2472	55.6870	54.9413
2.3690	6.1571	0.2463	55.5683	54.8128
2.3695	6.1561	0.2510	55.4796	54.5679
2.3700	6.1564	0.2540	55.9164	54.5541
2.3705	6.1569	0.2500	56.3001	54.4068
2.3710	6.1564	0.2477	56.0943	54.3758
2.3715	6.1571	0.2462	55.7414	54.7687
2.3720	6.1576	0.2375	55.8424	55.0179
2.3725	6.1587	0.2303	55.9223	55.0157
2.3730	6.1591	0.2206	55.5479	55.0850
2.3735	6.1585	0.2245	54.7081	55.1717
2.3740	6.1573	0.2438	54.6144	55.1281
2.3745	6.1561	0.2541	53.5247	54.9317
2.3750	6.1546	0.2705	52.7101	54.8488
2.3755	6.1541	0.2763	52.6853	54.7167
2.3760	6.1551	0.2649	52.8482	54.6046
2.3765	6.1552	0.2629	53.5554	54.5275
2.3770	6.1554	0.2624	53.8080	54.6103
2.3775	6.1568	0.2482	53.8618	54.7343
2.3780	6.1576	0.2446	54.0409	54.9003
2.3785	6.1582	0.2357	54.6965	54.9678
2.3790	6.1573	0.2400	54.9125	54.9615
2.3795	6.1574	0.2396	54.9038	54.8957
2.3800	6.1577	0.2384	55.0948	54.6533
2.3805	6.1579	0.2281	55.5990	54.5933
2.3810	6.1584	0.2276	55.6819	54.6834
2.3815	6.1585	0.2272	55.6376	54.6931
2.3820	6.1586	0.2319	55.4950	54.5302
2.3825	6.1592	0.2212	55.1925	54.6273
2.3830	6.1589	0.2211	55.6951	54.8472
2.3835	6.1590	0.2204	55.4440	54.9692
2.3840	6.1593	0.2239	54.9180	55.1468
2.3845	6.1585	0.2260	55.0397	55.0574
2.3850	6.1581	0.2324	55.6049	54.9831
2.3855	6.1568	0.2487	55.5654	54.9052
2.3860	6.1556	0.2602	55.6382	54.8321
2.3865	6.1563	0.2531	55.9318	54.9901
2.3870	6.1567	0.2469	56.1951	54.9816
2.3875	6.1562	0.2520	56.0522	54.7301
2.3880	6.1567	0.2415	55.8679	54.8533
2.3885	6.1583	0.2350	55.8783	54.9959
2.3890	6.1587	0.2225	55.7711	55.0651
2.3895	6.1592	0.2151	55.3396	55.0111
2.3900	6.1604	0.2100	54.7492	54.8717
2.3905	6.1600	0.2090	54.5056	55.0233
2.3910	6.1598	0.2154	53.0341	54.9367
2.3915	6.1595	0.2195	52.7607	54.9077
2.3920	6.1595	0.2143	52.7156	55.0746
2.3925	6.1598	0.2118	52.9748	54.8055
2.3930	6.1598	0.2160	53.5413	54.5423
2.3935	6.1604	0.2063	53.7944	54.5000
2.3940	6.1598	0.2121	53.8685	54.5250
2.3945	6.1592	0.2267	54.1183	54.8611
2.3950	6.1575	0.2383	54.6608	54.7698
2.3955	6.1564	0.2489	54.9730	54.6821
2.3960	6.1553	0.2605	55.0137	54.7745
2.3965	6.1547	0.2732	55.1223	54.6574
2.3970	6.1548	0.2714	55.4507	54.8746
2.3975	6.1545	0.2698	55.7142	55.0738
2.3980	6.1557	0.2593	55.6027	54.6492
2.3985	6.1557	0.2602	55.6658	54.3146
2.3990	6.1555	0.2567	55.6216	54.3745
2.3995	6.1564	0.2517	55.6137	54.4441
2.4000	6.1571	0.2435	55.4720	54.8147
2.4005	6.1569	0.2412	55.0095	54.9812
2.4010	6.1564	0.2544	55.0147	55.0209
2.4015	6.1561	0.2530	55.5825	55.1509
2.4020	6.1562	0.2533	55.6376	54.9751
2.4025	6.1565	0.2537	55.6432	55.0312
2.4030	6.1562	0.2538	55.8656	55.0838
2.4035	6.1564	0.2515	56.1630	54.7924
2.4040	6.1570	0.2488	56.0534	54.6348
2.4045	6.1570	0.2458	55.8367	54.5797
2.4050	6.1569	0.2484	55.6288	54.6492
2.4055	6.1561	0.2521	55.7085	54.7519
2.4060	6.1551	0.2638	55.1968	54.8002
2.4065	6.1544	0.2691	54.9163	55.1334
2.4070	6.1546	0.2774	53.3315	55.1629
2.4075	6.1538	0.2773	52.4352	54.9477
2.4080	6.1543	0.2755	52.8165	54.8161
2.4085	6.1546	0.2739	52.7518	54.7266
2.4090	6.1558	0.2637	53.1001	54.4363
2.4095	6.1554	0.2594	53.4316	54.3549
2.4100	6.1554	0.2675	53.8790	54.5174
2.4105	6.1546	0.2630	53.9889	54.6729
2.4110	6.1544	0.2758	54.2102	54.7651
2.4115	6.1538	0.2792	54.5290	54.8958
2.4120	6.1539	0.2757	54.9597	55.1907
2.4125	6.1541	0.2739	55.1465	55.3560
2.4130	6.1554	0.2662	55.2216	55.1345
2.4135	6.1562	0.2555	55.3563	54.9860
2.4140	6.1566	0.2514	55.5631	54.9241
2.4145	6.1568	0.2461	55.7390	54.6318
2.4150	6.1563	0.2499	55.6723	54.5535
2.4155	6.1558	0.2582	55.7535	54.8270
2.4160	6.1542	0.2682	55.5017	54.9366
2.4165	6.1534	0.2781	55.1343	54.9761
2.4170	6.1532	0.2859	55.1138	55.2397
2.4175	6.1543	0.2730	55.1010	55.3324
2.4180	6.1555	0.2644	55.5401	55.3670
2.4185	6.1556	0.2682	55.8502	54.9487
2.4190	6.1554	0.2597	55.9447	54.7625
2.4195	6.1545	0.2726	55.9150	54.7671
2.4200	6.1542	0.2735	56.0343	54.6398
2.4205	6.1540	0.2778	56.2628	54.6717
2.4210	6.1535	0.2812	56.1527	54.8092
2.4215	6.1538	0.2797	55.8890	54.7128
2.4220	6.1551	0.2661	55.4545	54.7727
2.4225	6.1552	0.2632	55.4075	54.8200
2.4230	6.1552	0.2599	54.5489	55.0189
2.4235	6.1547	0.2714	53.9787	55.0256
2.4240	6.1553	0.2655	53.0104	54.5930
2.4245	6.1569	0.2472	52.5255	54.4807
2.4250	6.1572	0.2405	53.0743	54.5393
2.4255	6.1577	0.2383	53.0995	54.4338
2.4260	6.1561	0.2515	53.4828	54.6400
2.4265	6.1551	0.2606	53.7440	54.8500
2.4270	6.1542	0.2717	54.0646	54.7090
2.4275	6.1537	0.2786	54.2048	54.7722
2.4280	6.1545	0.2762	54.5423	54.7501
2.4285	6.1548	0.2685	54.8603	54.9305
2.4290	6.1555	0.2626	55.1547	55.0982
2.4295	6.1563	0.2510	55.1515	54.8418
2.4300	6.1567	0.2447	55.2893	54.7543
2.4305	6.1575	0.2416	55.4961	54.7648
2.4310	6.1571	0.2447	55.7704	54.5039
2.4315	6.1569	0.2464	55.6048	54.7311
2.4320	6.1569	0.2419	55.6365	54.9016
2.4325	6.1568	0.2421	55.0029	54.9427
2.4330	6.1576	0.2425	54.7723	54.8202
2.4335	6.1579	0.2354	55.0597	54.9087
2.4340	6.1578	0.2327	55.1642	55.0921
2.4345	6.1581	0.2340	55.4828	54.8139
2.4350	6.1595	0.2227	55.8900	54.7382
2.4355	6.1601	0.2086	56.0599	54.8108
2.4360	6.1597	0.2206	56.0059	54.7433
2.4365	6.1574	0.2347	56.0605	54.4614
2.4370	6.1562	0.2505	56.2666	54.4907
2.4375	6.1556	0.2627	56.1087	54.6461
2.4380	6.1545	0.2652	55.7956	54.7305
2.4385	6.1544	0.2664	55.3875	54.8651
2.4390	6.1551	0.2652	55.3680	55.0370
2.4395	6.1547	0.2649	54.4271	55.0867
2.4400	6.1551	0.2647	54.1234	54.8044
2.4405	6.1553	0.2688	53.2561	54.6813
2.4410	6.1547	0.2632	52.4604	54.7835
2.4415	6.1559	0.2553	53.1945	54.9340
2.4420	6.1574	0.2407	53.1184	54.6507
2.4425	6.1559	0.2545	53.3898	54.7352
2.4430	6.1566	0.2514	53.7276	54.9177
2.4435	6.1575	0.2482	54.2310	54.9774
2.4440	6.1580	0.2387	54.3382	55.1348
2.4445	6.1579	0.2370	54.4690	55.1567
2.4450	6.1591	0.2233	54.8202	55.1772
2.4455	6.1599	0.2147	55.2186	55.1024
2.4460	6.1594	0.2185	55.2824	54.8489
2.4465	6.1589	0.2254	55.1740	54.9392
2.4470	6.1578	0.2362	55.4243	54.9222
2.4475	6.1572	0.2446	55.7773	54.6172
2.4480	6.1560	0.2593	55.9021	54.7439
2.4485	6.1546	0.2685	55.2653	55.0398
2.4490	6.1547	0.2682	54.2777	55.1819
2.4495	6.1537	0.2777	54.8468	55.1832
2.4500	6.1538	0.2761	55.1136	54.9205
2.4505	6.1549	0.2747	55.2774	54.8261
2.4510	6.1553	0.2614	55.4780	54.4967
2.4515	6.1568	0.2497	55.9130	54.3416
2.4520	6.1568	0.2423	56.1207	54.6707
2.4525	6.1570	0.2415	55.9922	54.5671
2.4530	6.1580	0.2310	55.9412	54.3584
2.4535	6.1587	0.2287	56.1698	54.4730
2.4540	6.1593	0.2142	56.1842	54.7866
2.4545	6.1601	0.2071	55.7781	54.9357
2.4550	6.1606	0.2080	55.3830	55.0729
2.4555	6.1603	0.2064	55.0750	54.8855
2.4560	6.1597	0.2109	54.8811	54.8249
2.4565	6.1604	0.2090	54.0753	54.5625
2.4570	6.1592	0.2170	53.6150	54.4453
2.4575	6.1582	0.2298	52.8322	54.7905
2.4580	6.1564	0.2487	52.9683	54.9235
2.4585	6.1554	0.2670	53.2456	54.7854
2.4590	6.1544	0.2703	53.4494	54.9125
2.4595	6.1555	0.2627	53.8540	55.0570
2.4600	6.1555	0.2609	54.1278	55.0862
2.4605	6.1558	0.2558	54.2557	55.1111
2.4610	6.1554	0.2670	54.5039	55.0116
2.4615	6.1556	0.2638	54.9693	54.8243
2.4620	6.1563	0.2534	55.2651	54.4790
2.4625	6.1567	0.2489	55.1627	54.5344
2.4630	6.1573	0.2488	55.1957	54.5992
2.4635	6.1581	0.2354	55.4232	54.6098
2.4640	6.1589	0.2270	55.9181	54.6602
2.4645	6.1592	0.2231	55.2214	54.8804
2.4650	6.1586	0.2280	53.7895	54.9325
2.4655	6.1593	0.2217	54.4535	54.8416
2.4660	6.1602	0.2101	54.7923	54.7964
2.4665	6.1605	0.2054	55.1729	54.8268
2.4670	6.1597	0.2153	55.1829	54.8781
2.4675	6.1582	0.2287	55.5129	54.6778
2.4680	6.1568	0.2493	55.9305	54.6792
2.4685	6.1555	0.2609	56.1041	54.6799
2.4690	6.1544	0.2743	55.9549	54.7503
2.4695	6.1543	0.2704	55.9773	54.7513
2.4700	6.1545	0.2711	56.1568	55.0468
2.4705	6.1541	0.2729	56.1559	55.1085
2.4710	6.1538	0.2719	55.5845	54.9765
2.4715	6.1554	0.2703	55.2323	54.9694
2.4720	6.1567	0.2530	55.0689	54.9838
2.4725	6.1577	0.2378	54.8663	54.9382
2.4730	6.1576	0.2378	53.5635	54.8005
2.4735	6.1574	0.2386	53.2370	54.7499
2.4740	6.1589	0.2293	53.0975	54.9600
2.4745	6.1589	0.2198	53.2340	54.9965
2.4750	6.1593	0.2211	53.4585	54.8382
2.4755	6.1598	0.2166	53.4755	55.0023
2.4760	6.1599	0.2163	53.9749	54.9068
2.4765	6.1597	0.2128	54.4404	54.9707
2.4770	6.1592	0.2221	54.6659	55.0819
2.4775	6.1587	0.2225	54.6212	55.2188
2.4780	6.1575	0.2368	55.0109	55.1137
2.4785	6.1565	0.2557	55.4379	54.7542
2.4790	6.1555	0.2605	55.5253	54.4959
2.4795	6.1539	0.2691	55.3161	54.4903
2.4800	6.1540	0.2787	55.5922	54.3779
2.4805	6.1541	0.2767	55.7798	54.5529
2.4810	6.1545	0.2711	55.5167	54.7772
2.4815	6.1551	0.2673	55.3385	54.7233
2.4820	6.1553	0.2583	55.1600	54.6702
2.4825	6.1571	0.2456	54.8939	54.7519
2.4830	6.1571	0.2389	55.2594	54.9191
2.4835	6.1575	0.2425	55.3986	54.9218
2.4840	6.1571	0.2475	55.4219	54.6794
2.4845	6.1567	0.2483	55.8756	54.5179
2.4850	6.1575	0.2378	56.1518	54.5091
2.4855	6.1569	0.2414	55.9992	54.3633
2.4860	6.1572	0.2452	55.8233	54.5262
2.4865	6.1572	0.2416	56.0346	54.9362
2.4870	6.1585	0.2297	56.0458	55.0602
2.4875	6.1589	0.2287	55.6151	55.0672
2.4880	6.1591	0.2205	55.0378	55.1684
2.4885	6.1583	0.2279	54.8729	55.1975
2.4890	6.1571	0.2373	54.5591	55.0150
2.4895	6.1562	0.2590	52.8396	54.8689
2.4900	6.1542	0.2703	52.4901	54.7571
2.4905	6.1546	0.2692	52.7919	54.6375
2.4910	6.1545	0.2641	53.3618	54.5544
2.4915	6.1555	0.2588	53.5885	54.5714
2.4920	6.1566	0.2491	53.5992	54.6813
2.4925	6.1578	0.2417	53.9321	54.8315
2.4930	6.1590	0.2266	54.4579	54.9766
2.4935	6.1584	0.2283	54.7809	54.9822
2.4940	6.1577	0.2346	54.7363	54.9639
2.4945	6.1580	0.2395	54.9999	54.8000
2.4950	6.1582	0.2360	55.4348	54.5808
2.4955	6.1587	0.2281	55.7059	54.6064
2.4960	6.1592	0.2221	55.4058	54.6864
2.4965	6.1581	0.2318	55.6211	54.5994
2.4970	6.1581	0.2242	55.4782	54.5131
2.4975	6.1591	0.2227	55.4286	54.7528
2.4980	6.1589	0.2285	55.5784	54.9234
2.4985	6.1589	0.2228	55.1277	55.0788
2.4990	6.1581	0.2281	55.0010	55.1366
2.4995	6.1584	0.2281	55.3475	54.9967
2.5000	6.1573	0.2415	55.4996	54.9468
2.5005	6.1559	0.2541	55.3802	54.8184
2.5010	6.1557	0.2644	55.8979	54.8249
2.5015	6.1558	0.2605	56.2332	55.0150
2.5020	6.1558	0.2563	56.1087	54.8802
2.5025	6.1562	0.2552	55.7185	54.7342
2.5030	6.1564	0.2490	55.9554	54.9520
2.5035	6.1575	0.2381	56.0283	55.0188
2.5040	6.1583	0.2288	55.6345	55.0862
2.5045	6.1586	0.2225	54.8563	54.9242
2.5050	6.1602	0.2176	54.8079	54.9129
2.5055	6.1599	0.2180	54.2929	55.0050
2.5060	6.1593	0.2236	52.7141	54.8563
2.5065	6.1587	0.2197	52.5991	54.9582
2.5070	6.1600	0.2166	52.6968	55.0188
2.5075	6.1593	0.2252	53.4606	54.6572
2.5080	6.1598	0.2124	53.6760	54.5359
2.5085	6.1595	0.2151	53.6631	54.4752
2.5090	6.1593	0.2195	53.8541	54.6411
2.5095	6.1581	0.2304	54.5060	54.8897
2.5100	6.1571	0.2431	54.9033	54.6942
2.5105	6.1558	0.2576	54.8467	54.7316
2.5110	6.1547	0.2697	54.9220	54.6971
2.5115	6.1551	0.2627	55.4621	54.6557
2.5120	6.1548	0.2683	55.6937	54.9843
2.5125	6.1553	0.2664	55.5090	54.9404
2.5130	6.1558	0.2585	55.4688	54.4585
2.5135	6.1557	0.2570	55.8945	54.3448
2.5140	6.1561	0.2552	55.7875	54.4295
2.5145	6.1570	0.2439	55.4524	54.5704
2.5150	6.1589	0.2316	55.1129	54.9444
2.5155	6.1585	0.2275	55.0362	54.9409
2.5160	6.1582	0.2334	55.4086	55.0576
2.5165	6.1585	0.2317	55.6119	55.0289
2.5170	6.1579	0.2325	55.4221	54.9197
2.5175	6.1580	0.2365	55.7860	55.0522
2.5180	6.1579	0.2392	56.1851	54.9930
2.5185	6.1584	0.2310	56.1455	54.7279
2.5190	6.1588	0.2292	55.8159	54.6644
2.5195	6.1580	0.2316	55.7919	54.6221
2.5200	6.1575	0.2379	55.8910	54.7182
2.5205	6.1564	0.2458	55.6329	54.7713
2.5210	6.1554	0.2651	54.8910	54.9031
2.5215	6.1545	0.2673	54.5058	55.1365
2.5220	6.1548	0.2743	52.9641	55.0112
2.5225	6.1547	0.2676	52.7524	54.8200
2.5230	6.1542	0.2756	52.5628	54.7311
2.5235	6.1558	0.2619	52.7173	54.5945
2.5240	6.1563	0.2478	53.3573	54.3488
2.5245	6.1557	0.2599	53.8791	54.4106
2.5250	6.1551	0.2639	53.8590	54.6057
2.5255	6.1548	0.2701	53.8167	54.7508
2.5260	6.1546	0.2736	54.3645	54.8216
2.5265	6.1551	0.2714	54.9971	55.0038
2.5270	6.1551	0.2732	55.0908	55.2534
2.5275	6.1556	0.2590	54.9606	55.2601
2.5280	6.1563	0.2522	55.2089	54.9885
2.5285	6.1571	0.2443	55.7092	54.9437
2.5290	6.1572	0.2432	55.7663	54.8067
2.5295	6.1568	0.2473	55.5458	54.5373
2.5300	6.1557	0.2499	55.6047	54.6492
2.5305	6.1553	0.2647	55.9643	54.9109
2.5310	6.1542	0.2771	55.4181	54.9617
2.5315	6.1533	0.2832	54.9548	55.1437
2.5320	6.1539	0.2806	54.9836	55.2525
2.5325	6.1546	0.2717	55.4543	55.3501
2.5330	6.1550	0.2657	55.8269	55.2109
2.5335	6.1547	0.2722	55.7239	54.7739
2.5340	6.1540	0.2773	55.8214	54.7696
2.5345	6.1535	0.2802	56.1870	54.7278
2.5350	6.1535	0.2852	56.3296	54.6135
2.5355	6.1532	0.2864	56.0421	54.7209
2.5360	6.1528	0.2918	55.8715	54.7898
2.5365	6.1531	0.2876	55.9412	54.7011
2.5370	6.1536	0.2807	55.7442	54.7620
2.5375	6.1546	0.2731	55.0827	54.8100
2.5380	6.1546	0.2727	53.9685	55.0704
2.5385	6.1539	0.2762	53.8795	54.8579
2.5390	6.1553	0.2656	52.8979	54.4958
2.5395	6.1566	0.2567	52.7426	54.5073
2.5400	6.1568	0.2494	52.8479	54.4965
2.5405	6.1569	0.2496	53.2481	54.4491
2.5410	6.1556	0.2590	53.8281	54.7392
2.5415	6.1547	0.2729	53.9244	54.7509
2.5420	6.1530	0.2891	53.9237	54.6756
2.5425	6.1529	0.2870	54.2995	54.7304
2.5430	6.1542	0.2802	54.8941	54.7611
2.5435	6.1547	0.2771	55.1009	55.0227
2.5440	6.1554	0.2666	54.9931	55.0409
2.5445	6.1562	0.2579	55.1170	54.7830
2.5450	6.1561	0.2568	55.5407	54.8060
2.5455	6.1563	0.2517	55.7428	54.6676
2.5460	6.1562	0.2514	55.6051	54.4923
2.5465	6.1567	0.2481	55.5936	54.7982
2.5470	6.1568	0.2479	55.7089	54.8675
2.5475	6.1570	0.2467	54.8389	54.8693
2.5480	6.1574	0.2360	54.7314	54.7908
2.5485	6.1577	0.2372	54.9411	55.0040
2.5490	6.1581	0.2330	55.4640	54.9960
2.5495	6.1588	0.2291	55.8635	54.7827
2.5500	6.1603	0.2123	55.8896	54.8050
2.5505	6.1606	0.2122	55.8600	54.8395
2.5510	6.1586	0.2235	56.1302	54.6492
2.5515	6.1576	0.2434	56.3371	54.3875
2.5520	6.1556	0.2557	56.1654	54.5146
2.5525	6.1547	0.2670	55.8442	54.6084
2.5530	6.1549	0.2675	55.7509	54.7670
2.5535	6.1557	0.2605	55.6070	54.8989
2.5540	6.1550	0.2663	55.0855	55.0796
2.5545	6.1554	0.2671	53.9758	55.0144
2.5550	6.1548	0.2619	54.1014	54.7652
2.5555	6.1550	0.2637	52.9231	54.7242
2.5560	6.1552	0.2638	52.7418	54.8948
2.5565	6.1570	0.2484	53.0062	54.8539
2.5570	6.1578	0.2348	53.2311	54.5795
2.5575	6.1567	0.2445	53.7811	54.7896
2.5580	6.1570	0.2472	53.9896	54.8503
2.5585	6.1575	0.2378	54.0639	54.9858
2.5590	6.1575	0.2341	54.2896	55.1446
2.5595	6.1577	0.2377	54.8041	55.1543
2.5600	6.1594	0.2231	55.1362	55.1989
2.5605	6.1599	0.2136	55.0969	55.0610
2.5610	6.1593	0.2131	55.1823	54.8869
2.5615	6.1588	0.2267	55.4195	55.0264
2.5620	6.1580	0.2313	55.6639	54.7981
2.5625	6.1569	0.2453	55.6223	54.5664
2.5630	6.1558	0.2595	55.7311	54.7993
2.5635	6.1550	0.2680	54.9206	55.0438
2.5640	6.1544	0.2725	54.5386	55.1692
2.5645	6.1541	0.2788	54.9516	55.0771
2.5650	6.1542	0.2734	55.0530	54.8628
2.5655	6.1545	0.2676	55.4403	54.8119
2.5660	6.1554	0.2600	55.7007	54.3761
2.5665	6.1578	0.2402	55.9712	54.4982
2.5670	6.1575	0.2405	55.9957	54.7009
2.5675	6.1571	0.2426	56.0583	54.4503
2.5680	6.1587	0.2339	56.0923	54.2905
2.5685	6.1587	0.2302	56.2153	54.5441
2.5690	6.1598	0.2169	55.9715	54.7814
2.5695	6.1604	0.2045	55.6368	54.9735
2.5700	6.1608	0.2096	55.3126	55.0392
2.5705	6.1604	0.2093	55.0758	54.8729
2.5710	6.1602	0.2113	54.5094	54.7654
2.5715	6.1596	0.2144	53.8604	54.4844
2.5720	6.1590	0.2278	53.4139	54.5880
2.5725	6.1576	0.2403	52.7587	54.8945
2.5730	6.1562	0.2494	53.1532	54.8703
2.5735	6.1549	0.2702	53.2606	54.7527
2.5740	6.1551	0.2688	53.6056	54.9460
2.5745	6.1555	0.2610	53.8883	55.0229
2.5750	6.1562	0.2559	54.2230	55.0922
2.5755	6.1558	0.2584	54.3956	55.0489
2.5760	6.1553	0.2616	54.7148	55.0013
2.5765	6.1552	0.2637	54.9969	54.7264
2.5770	6.1557	0.2578	55.2190	54.5005
2.5775	6.1567	0.2473	55.1459	54.6415
2.5780	6.1587	0.2319	55.3758	54.6387
2.5785	6.1590	0.2204	55.4946	54.6142
2.5790	6.1588	0.2209	55.8626	54.6980
2.5795	6.1588	0.2225	54.5083	54.9020
2.5800	6.1589	0.2267	54.0007	54.8482
2.5805	6.1596	0.2098	54.6575	54.8087
2.5810	6.1611	0.2023	54.8284	54.7618
2.5815	6.1606	0.2062	55.1944	54.8789
2.5820	6.1593	0.2164	55.3513	54.8222
2.5825	6.1577	0.2378	55.7297	54.6786
2.5830	6.1561	0.2514	55.9881	54.7325
2.5835	6.1554	0.2658	56.0240	54.7492
2.5840	6.1549	0.2708	55.9874	54.7581
2.5845	6.1551	0.2641	56.0722	54.8026
2.5850	6.1552	0.2670	56.1233	55.0899
2.5855	6.1556	0.2638	55.9129	54.9866
2.5860	6.1553	0.2641	55.5430	54.9307
2.5865	6.1561	0.2539	55.1964	54.9349
2.5870	6.1576	0.2368	55.0154	55.0149
2.5875	6.1585	0.2330	54.2993	54.8951
2.5880	6.1590	0.2292	53.2938	54.8003
2.5885	6.1584	0.2287	53.2950	54.8742
2.5890	6.1599	0.2171	52.9947	55.0879
2.5895	6.1600	0.2166	53.3583	54.9233
2.5900	6.1600	0.2185	53.4217	54.8830
2.5905	6.1599	0.2116	53.7062	54.9453
2.5910	6.1600	0.2099	54.1433	54.8604
2.5915	6.1594	0.2204	54.5027	54.9779
2.5920	6.1587	0.2251	54.6058	55.1129
2.5925	6.1579	0.2324	54.7967	55.2179
2.5930	6.1569	0.2424	55.1953	55.0278
2.5935	6.1554	0.2629	55.4707	54.6752
2.5940	6.1546	0.2660	55.4487	54.5431
2.5945	6.1533	0.2844	55.4234	54.4986
2.5950	6.1536	0.2786	55.7223	54.3922
2.5955	6.1542	0.2779	55.5960	54.6753
2.5960	6.1537	0.2819	55.3600	54.7522
2.5965	6.1535	0.2809	55.3729	54.6637
2.5970	6.1550	0.2651	55.0269	54.6512
2.5975	6.1563	0.2493	54.9209	54.8158
2.5980	6.1568	0.2480	55.3412	54.9562
2.5985	6.1570	0.2443	55.3948	54.8841
2.5990	6.1561	0.2440	55.6227	54.6328
2.5995	6.1568	0.2456	56.0094	54.5686
2.6000	6.1571	0.2433	56.0456	54.4825
2.6005	6.1570	0.2426	55.9074	54.3692
2.6010	6.1572	0.2460	55.9478	54.6887
2.6015	6.1582	0.2362	56.1007	55.0221
2.6020	6.1585	0.2271	55.8270	55.0486
2.6025	6.1596	0.2220	55.3949	55.0836
2.6030	6.1596	0.2190	54.8926	55.1604
2.6035	6.1577	0.2333	54.9374	55.1758
2.6040	6.1563	0.2477	53.8951	54.9765
2.6045	6.1551	0.2649	52.4783	54.8857
2.6050	6.1542	0.2691	52.6718	54.7622
2.6055	6.1551	0.2705	52.9971	54.6581
2.6060	6.1551	0.2614	53.4585	54.5828
2.6065	6.1557	0.2593	53.4718	54.6366
2.6070	6.1567	0.2443	53.7182	54.7476
2.6075	6.1580	0.2351	54.1569	54.8772
2.6080	6.1587	0.2239	54.6078	54.9717
2.6085	6.1585	0.2290	54.6748	54.9461
2.6090	6.1581	0.2289	54.8198	54.8837
2.6095	6.1576	0.2372	55.2144	54.7149
2.6100	6.1584	0.2332	55.5479	54.6070
2.6105	6.1591	0.2258	55.4839	54.6877
2.6110	6.1588	0.2234	55.4039	54.7439
2.6115	6.1591	0.2245	55.7555	54.6277
2.6120	6.1589	0.2198	55.3530	54.5975
2.6125	6.1592	0.2208	55.4612	54.8471
2.6130	6.1592	0.2237	55.4034	54.9459
2.6135	6.1590	0.2185	55.0858	55.1284
2.6140	6.1589	0.2271	55.0544	55.0690
2.6145	6.1582	0.2275	55.3030	54.9879
2.6150	6.1568	0.2461	55.3755	54.9323
2.6155	6.1554	0.2608	55.7182	54.8405
2.6160	6.1558	0.2579	56.1179	54.9440
2.6165	6.1568	0.2478	56.0336	55.0766
2.6170	6.1567	0.2561	55.8733	54.8190
2.6175	6.1574	0.2437	55.9205	54.8407
2.6180	6.1580	0.2382	56.1345	54.9946
2.6185	6.1587	0.2212	55.7136	55.0343
2.6190	6.1592	0.2186	55.2262	55.0405
2.6195	6.1604	0.2088	54.8448	54.8602
2.6200	6.1604	0.2043	54.9958	54.9781
2.6205	6.1598	0.2115	53.4662	54.9958
2.6210	6.1596	0.2189	52.3999	54.9151
2.6215	6.1599	0.2147	52.6879	55.0996
2.6220	6.1598	0.2136	53.0546	54.9588
2.6225	6.1599	0.2166	53.5292	54.6063
2.6230	6.1601	0.2127	53.4633	54.5455
2.6235	6.1599	0.2121	53.7447	54.4920
2.6240	6.1587	0.2241	54.2401	54.7778
2.6245	6.1575	0.2370	54.7013	54.8095
2.6250	6.1565	0.2513	54.6693	54.6420
2.6255	6.1545	0.2613	54.8105	54.7629
2.6260	6.1543	0.2710	55.2903	54.6774
2.6265	6.1541	0.2772	55.5857	54.7973
2.6270	6.1551	0.2736	55.4880	55.1212
2.6275	6.1554	0.2651	55.3890	54.8383
2.6280	6.1555	0.2589	55.7934	54.3864
2.6285	6.1556	0.2602	55.9495	54.4008
2.6290	6.1561	0.2570	55.4348	54.4170
2.6295	6.1581	0.2338	55.2525	54.6820
2.6300	6.1584	0.2239	55.2313	54.9408
2.6305	6.1584	0.2263	55.2498	54.9412
2.6310	6.1585	0.2332	55.3643	55.1192
2.6315	6.1585	0.2284	55.3064	54.9991
2.6320	6.1582	0.2248	55.6484	55.0126
2.6325	6.1583	0.2274	56.1607	55.1467
2.6330	6.1587	0.2322	56.0770	54.9330
2.6335	6.1585	0.2295	55.7269	54.7087
2.6340	6.1583	0.2281	55.8669	54.6461
2.6345	6.1580	0.2363	56.0496	54.6289
2.6350	6.1574	0.2356	55.8433	54.7368
2.6355	6.1557	0.2546	54.9953	54.7441
2.6360	6.1557	0.2649	54.8401	55.0256
2.6365	6.1548	0.2706	54.2185	55.1359
2.6370	6.1544	0.2690	52.6408	54.9805
2.6375	6.1544	0.2703	52.5203	54.8441
2.6380	6.1554	0.2654	52.4781	54.7881
2.6385	6.1555	0.2573	53.2647	54.5369
2.6390	6.1559	0.2589	53.5960	54.3665
2.6395	6.1554	0.2603	53.6203	54.4891
2.6400	6.1561	0.2582	53.6638	54.6401
2.6405	6.1542	0.2673	54.2722	54.7264
2.6410	6.1543	0.2667	54.6532	54.8053
2.6415	6.1544	0.2735	54.7696	55.0940
2.6420	6.1543	0.2706	54.9382	55.3451
2.6425	6.1556	0.2598	55.3195	55.2093
2.6430	6.1564	0.2518	55.5105	55.0140
2.6435	6.1568	0.2465	55.4222	54.9824
2.6440	6.1569	0.2415	55.4859	54.7253
2.6445	6.1567	0.2472	55.8050	54.5390
2.6450	6.1563	0.2558	55.9799	54.7435
2.6455	6.1547	0.2685	55.6169	54.9236
2.6460	6.1540	0.2800	54.9288	55.0121
2.6465	6.1536	0.2815	55.1489	55.2064
2.6470	6.1542	0.2750	55.3333	55.2911
2.6475	6.1553	0.2637	55.4415	55.3878
2.6480	6.1553	0.2645	55.5320	55.0572
2.6485	6.1556	0.2576	55.8536	54.7636
2.6490	6.1549	0.2668	56.1862	54.7926
2.6495	6.1546	0.2695	56.1204	54.6667
2.6500	6.1548	0.2676	56.0237	54.6138
2.6505	6.1540	0.2770	56.0384	54.7682
2.6510	6.1535	0.2771	56.1668	54.7177
2.6515	6.1540	0.2762	55.7381	54.7226
2.6520	6.1541	0.2776	55.3066	54.8124
2.6525	6.1541	0.2727	54.6363	54.9859
2.6530	6.1539	0.2757	54.1775	55.1179
2.6535	6.1542	0.2774	53.6162	54.7133
2.6540	6.1550	0.2676	52.3712	54.4927
2.6545	6.1560	0.2556	52.7639	54.5341
2.6550	6.1567	0.2491	53.1071	54.4294
2.6555	6.1555	0.2576	53.5968	54.5103
2.6560	6.1548	0.2676	53.6316	54.7920
2.6565	6.1546	0.2766	53.8115	54.6950
2.6570	6.1533	0.2799	54.1821	54.7132
2.6575	6.1541	0.2801	54.6878	54.7384
2.6580	6.1547	0.2688	54.8000	54.8533
2.6585	6.1556	0.2620	54.8891	55.1106
2.6590	6.1573	0.2474	55.0987	54.9491
2.6595	6.1573	0.2417	55.4656	54.7504
2.6600	6.1578	0.2405	55.4858	54.7955
2.6605	6.1589	0.2240	55.5245	54.5151
2.6610	6.1585	0.2298	55.6156	54.5684
2.6615	6.1582	0.2327	55.9523	54.8334
2.6620	6.1580	0.2360	55.3568	54.8638
2.6625	6.1580	0.2337	54.4673	54.8313
2.6630	6.1579	0.2324	54.8536	54.8549
2.6635	6.1584	0.2322	55.3229	55.1327
2.6640	6.1585	0.2321	55.6356	54.9246
2.6645	6.1592	0.2189	55.6481	54.7523
2.6650	6.1604	0.2106	55.8528	54.7999
2.6655	6.1600	0.2109	56.2064	54.7732
2.6660	6.1581	0.2294	56.2988	54.4700
2.6665	6.1567	0.2513	56.0806	54.3748
2.6670	6.1553	0.2632	55.8676	54.5534
2.6675	6.1545	0.2663	56.0003	54.6728
2.6680	6.1551	0.2693	55.8443	54.8418
2.6685	6.1556	0.2601	55.4012	54.9845
2.6690	6.1552	0.2656	54.4357	55.1306
2.6695	6.1553	0.2599	54.1387	54.9108
2.6700	6.1553	0.2623	54.0335	54.7069
2.6705	6.1549	0.2670	52.4706	54.7327
2.6710	6.1552	0.2661	52.7795	54.9094
2.6715	6.1570	0.2451	53.1609	54.6821
2.6720	6.1571	0.2461	53.6785	54.6153
2.6725	6.1565	0.2463	53.7302	54.8434
2.6730	6.1575	0.2442	53.7897	54.8977
2.6735	6.1587	0.2290	54.2026	55.0559
2.6740	6.1584	0.2372	54.7615	55.1448
2.6745	6.1591	0.2274	54.8931	55.1857
2.6750	6.1602	0.2136	54.8692	55.1724
2.6755	6.1593	0.2194	55.1236	54.9242
2.6760	6.1588	0.2206	55.5180	54.8885
2.6765	6.1580	0.2313	55.5797	54.9616
2.6770	6.1576	0.2418	55.4473	54.6208
2.6775	6.1563	0.2526	55.5854	54.6005
2.6780	6.1549	0.2707	55.8217	54.9187
2.6785	6.1548	0.2743	54.7194	55.1142
2.6790	6.1542	0.2732	54.4729	55.1879
2.6795	6.1544	0.2735	54.7768	54.9977
2.6800	6.1550	0.2712	55.4385	54.8797
2.6805	6.1555	0.2607	55.7776	54.6522
2.6810	6.1569	0.2479	55.6273	54.3338
2.6815	6.1575	0.2389	55.7452	54.5984
2.6820	6.1575	0.2425	56.1656	54.5861
2.6825	6.1583	0.2398	56.3778	54.3299
2.6830	6.1587	0.2286	56.0396	54.3416
2.6835	6.1587	0.2256	55.8696	54.6755
2.6840	6.1602	0.2113	55.9139	54.8664
2.6845	6.1605	0.2047	55.8600	55.0758
2.6850	6.1605	0.2077	55.1599	54.9634
2.6855	6.1602	0.2115	54.6690	54.8677
2.6860	6.1598	0.2166	54.2490	54.6420
2.6865	6.1597	0.2186	54.0868	54.4121
2.6870	6.1581	0.2292	53.1550	54.6908
2.6875	6.1570	0.2395	52.5324	54.8978
2.6880	6.1559	0.2607	53.1582	54.7643
2.6885	6.1545	0.2739	53.6520	54.8009
2.6890	6.1549	0.2697	53.8715	54.9905
2.6895	6.1555	0.2641	53.7722	55.0526
2.6900	6.1563	0.2510	54.1819	55.1164
2.6905	6.1558	0.2567	54.7244	55.0507
2.6910	6.1557	0.2625	55.0247	54.9362
2.6915	6.1553	0.2621	54.8924	54.5620
2.6920	6.1558	0.2581	54.9767	54.5074
2.6925	6.1567	0.2483	55.3980	54.6410
2.6930	6.1574	0.2372	55.6683	54.5934
2.6935	6.1582	0.2284	55.5320	54.5959
2.6940	6.1587	0.2249	55.3328	54.7753
2.6945	6.1588	0.2246	54.1900	54.8995
2.6950	6.1585	0.2263	54.5894	54.8217
2.6955	6.1602	0.2107	54.5657	54.7882
2.6960	6.1606	0.2076	54.6943	54.7979
2.6965	6.1599	0.2103	55.3536	54.8986
2.6970	6.1591	0.2225	55.8222	54.7371
2.6975	6.1576	0.2360	55.7735	54.6756
2.6980	6.1560	0.2552	55.7142	54.6934
2.6985	6.1545	0.2673	56.0364	54.7379
2.6990	6.1555	0.2623	56.3780	54.7133
2.6995	6.1564	0.2596	56.1072	54.9149
2.7000	6.1551	0.2661	55.7888	55.1058
2.7005	6.1552	0.2673	55.7056	54.9438
2.7010	6.1550	0.2724	55.7590	54.9421
2.7015	6.1565	0.2483	55.1824	54.9765
2.7020	6.1578	0.2359	54.6296	55.0051
2.7025	6.1581	0.2294	53.7460	54.8404
2.7030	6.1581	0.2326	53.5784	54.7658
2.7035	6.1591	0.2248	53.3564	54.9102
2.7040	6.1593	0.2213	52.7981	55.0461
2.7045	6.1592	0.2209	53.2868	54.8294
2.7050	6.1599	0.2152	53.7752	54.9483
2.7055	6.1599	0.2171	54.1216	54.9082
2.7060	6.1598	0.2171	54.0232	54.8985
2.7065	6.1593	0.2183	54.3535	55.0229
2.7070	6.1585	0.2255	54.9046	55.1622
2.7075	6.1569	0.2367	55.2582	55.1583
2.7080	6.1563	0.2509	55.1223	54.8773
2.7085	6.1553	0.2617	55.2148	54.5455
2.7090	6.1536	0.2756	55.5733	54.5208
2.7095	6.1534	0.2820	55.9076	54.4137
2.7100	6.1532	0.2763	55.6300	54.4697
2.7105	6.1544	0.2770	55.1314	54.7411
2.7110	6.1537	0.2799	55.4621	54.7218
2.7115	6.1549	0.2635	55.6841	54.6409
2.7120	6.1569	0.2499	54.8618	54.6887
2.7125	6.1575	0.2381	54.7295	54.8543
2.7130	6.1573	0.2426	55.3916	54.9195
2.7135	6.1585	0.2324	55.8028	54.7529
2.7140	6.1571	0.2431	55.8389	54.5473
2.7145	6.1574	0.2378	55.7049	54.5463
2.7150	6.1579	0.2402	55.9384	54.4127
2.7155	6.1574	0.2387	56.2716	54.4470
2.7160	6.1574	0.2385	56.1463	54.8580
2.7165	6.1579	0.2365	55.7250	55.0579
2.7170	6.1587	0.2277	55.5228	55.0407
2.7175	6.1592	0.2191	55.5440	55.0945
2.7180	6.1586	0.2251	55.0330	55.1603
2.7185	6.1574	0.2419	54.4724	55.0578
2.7190	6.1557	0.2543	52.9912	54.8800
2.7195	6.1542	0.2688	52.7805	54.7939
2.7200	6.1544	0.2743	53.0057	54.6831
2.7205	6.1548	0.2610	52.8839	54.6121
2.7210	6.1549	0.2622	53.2633	54.5778
2.7215	6.1561	0.2582	53.8358	54.6981
2.7220	6.1572	0.2455	54.1820	54.7746
2.7225	6.1588	0.2298	54.0884	54.9307
2.7230	6.1590	0.2204	54.3754	54.9555
2.7235	6.1584	0.2321	54.9336	54.8913
2.7240	6.1584	0.2307	55.3455	54.7667
2.7245	6.1585	0.2294	55.1690	54.6001
2.7250	6.1587	0.2236	55.2280	54.5710
2.7255	6.1591	0.2241	55.5327	54.7092
2.7260	6.1584	0.2251	56.0062	54.7274
2.7265	6.1586	0.2282	55.5718	54.5572
2.7270	6.1591	0.2213	54.8934	54.6928
2.7275	6.1585	0.2231	55.5751	54.8863
2.7280	6.1591	0.2219	55.6826	55.0046
2.7285	6.1589	0.2284	55.0496	55.1348
2.7290	6.1580	0.2265	54.7702	54.9835
2.7295	6.1579	0.2408	55.3679	54.9310
2.7300	6.1561	0.2513	55.8174	54.8452
2.7305	6.1554	0.2594	55.9626	54.7974
2.7310	6.1564	0.2585	55.7672	54.9951
2.7315	6.1565	0.2431	55.9178	54.9938
2.7320	6.1566	0.2469	56.1857	54.7534
2.7325	6.1570	0.2428	56.1571	54.9208
2.7330	6.1580	0.2327	55.6768	55.0170
2.7335	6.1589	0.2262	55.4280	55.0745
2.7340	6.1600	0.2113	55.3897	54.9663
2.7345	6.1602	0.2059	55.0918	54.8447
2.7350	6.1602	0.2195	54.3247	54.9884
2.7355	6.1590	0.2172	52.5701	54.8946
2.7360	6.1592	0.2205	52.8054	54.9220
2.7365	6.1597	0.2112	53.0397	55.0830
2.7370	6.1593	0.2231	53.0606	54.8098
2.7375	6.1592	0.2198	53.2174	54.5898
2.7380	6.1599	0.2089	53.7625	54.5040
2.7385	6.1596	0.2110	54.2330	54.5435
2.7390	6.1585	0.2262	54.2967	54.8813
2.7395	6.1572	0.2418	54.3618	54.7118
2.7400	6.1564	0.2545	54.8388	54.6688
2.7405	6.1548	0.2722	55.3458	54.7373
2.7410	6.1549	0.2709	55.3660	54.6390
2.7415	6.1544	0.2715	55.1619	54.9269
2.7420	6.1549	0.2683	55.4696	55.0813
2.7425	6.1554	0.2615	55.8974	54.6179
2.7430	6.1557	0.2590	55.9764	54.3535
2.7435	6.1562	0.2528	55.3608	54.4102
2.7440	6.1566	0.2526	55.3013	54.4789
2.7445	6.1594	0.2263	55.6038	54.8395
2.7450	6.1598	0.2212	55.2481	54.9270
2.7455	6.1583	0.2284	54.9160	54.9907
2.7460	6.1590	0.2265	55.3488	55.0851
2.7465	6.1584	0.2251	55.7372	54.9182
2.7470	6.1587	0.2269	55.9625	55.0543
2.7475	6.1586	0.2285	55.8046	55.0911
2.7480	6.1589	0.2237	55.8455	54.8213
2.7485	6.1589	0.2281	56.0418	54.6815
2.7490	6.1583	0.2247	56.1074	54.6284
2.7495	6.1575	0.2384	55.6907	54.7064
2.7500	6.1567	0.2457	55.4531	54.7871
2.7505	6.1561	0.2551	55.0791	54.8253
2.7510	6.1549	0.2670	55.0514	55.1292
2.7515	6.1546	0.2748	53.2093	55.0714
2.7520	6.1546	0.2648	52.2975	54.8816
2.7525	6.1541	0.2744	52.7124	54.7458
2.7530	6.1553	0.2658	52.9472	54.6749
2.7535	6.1564	0.2505	53.2360	54.4086
2.7540	6.1564	0.2546	53.3754	54.3892
2.7545	6.1556	0.2544	53.8116	54.5780
2.7550	6.1554	0.2631	54.0872	54.7280
2.7555	6.1549	0.2685	54.2847	54.8138
2.7560	6.1548	0.2719	54.5045	54.9524
2.7565	6.1547	0.2706	55.0068	55.2167
2.7570	6.1550	0.2655	55.3146	55.3251
2.7575	6.1558	0.2574	55.2557	55.0797
2.7580	6.1568	0.2515	55.2246	54.9660
2.7585	6.1572	0.2452	55.5200	54.8829
2.7590	6.1568	0.2427	55.9101	54.6025
2.7595	6.1566	0.2481	55.8072	54.5900
2.7600	6.1553	0.2613	55.6296	54.8696
2.7605	6.1547	0.2721	55.2809	54.9766
2.7610	6.1540	0.2770	55.2540	55.1091
2.7615	6.1535	0.2819	55.3033	55.2706
2.7620	6.1552	0.2693	55.0531	55.3303
2.7625	6.1555	0.2635	55.3561	55.3323
2.7630	6.1556	0.2629	55.8650	54.8806
2.7635	6.1554	0.2603	56.1488	54.7332
2.7640	6.1547	0.2681	55.9985	54.7450
2.7645	6.1552	0.2682	55.9144	54.6342
2.7650	6.1534	0.2782	56.2131	54.6778
2.7655	6.1534	0.2827	56.2646	54.8279
2.7660	6.1536	0.2807	55.8817	54.7650
2.7665	6.1549	0.2697	55.3257	54.7698
2.7670	6.1551	0.2629	55.3271	54.8413
2.7675	6.1552	0.2614	54.5392	55.0894
2.7680	6.1545	0.2718	53.9856	54.9656
2.7685	6.1554	0.2582	52.7734	54.5473
2.7690	6.1570	0.2492	52.5061	54.4655
2.7695	6.1578	0.2371	53.1693	54.5085
2.7700	6.1568	0.2403	53.1738	54.4206
2.7705	6.1564	0.2489	53.4162	54.6841
2.7710	6.1555	0.2635	53.7009	54.8320
2.7715	6.1537	0.2771	54.1617	54.7155
2.7720	6.1534	0.2815	54.3891	54.7723
2.7725	6.1544	0.2819	54.5518	54.7515
2.7730	6.1547	0.2685	54.6975	54.9634
2.7735	6.1550	0.2703	55.1607	55.0853
2.7740	6.1561	0.2559	55.3732	54.8125
2.7745	6.1563	0.2511	55.3388	54.7673
2.7750	6.1574	0.2443	55.3215	54.7183
2.7755	6.1572	0.2451	55.7160	54.4768
2.7760	6.1566	0.2460	55.8548	54.7315
2.7765	6.1572	0.2425	55.7599	54.9100
2.7770	6.1569	0.2424	54.6783	54.9255
2.7775	6.1575	0.2438	54.6147	54.8416
2.7780	6.1576	0.2371	55.2254	54.9731
2.7785	6.1578	0.2360	55.3947	55.0861
2.7790	6.1581	0.2327	55.4436	54.7887
2.7795	6.1597	0.2207	55.7290	54.7511
2.7800	6.1602	0.2123	56.1321	54.8198
2.7805	6.1596	0.2182	56.1983	54.7051
2.7810	6.1574	0.2362	55.9685	54.4206
2.7815	6.1562	0.2473	56.0225	54.4784
2.7820	6.1552	0.2638	56.1596	54.6292
2.7825	6.1549	0.2632	56.0473	54.7615
2.7830	6.1553	0.2641	55.3768	54.8971
2.7835	6.1556	0.2634	55.0654	55.0563
2.7840	6.1552	0.2615	54.2785	55.0881
2.7845	6.1555	0.2565	54.3513	54.8039
2.7850	6.1561	0.2602	53.1295	54.7152
2.7855	6.1557	0.2595	52.3003	54.8131
2.7860	6.1569	0.2490	53.1540	54.9101
2.7865	6.1583	0.2316	53.3864	54.6193
2.7870	6.1562	0.2484	53.5593	54.7499
2.7875	6.1568	0.2488	53.5575	54.9100
2.7880	6.1576	0.2401	54.0657	54.9935
2.7885	6.1573	0.2384	54.5077	55.1471
2.7890	6.1581	0.2411	54.6812	55.1803
2.7895	6.1587	0.2266	54.7344	55.2106
2.7900	6.1594	0.2193	55.0836	55.1022
2.7905	6.1597	0.2210	55.4233	54.8430
2.7910	6.1591	0.2286	55.3604	54.9611
2.7915	6.1578	0.2343	55.3473	54.8756
2.7920	6.1569	0.2443	55.5369	54.5891
2.7925	6.1553	0.2567	56.0053	54.7533
2.7930	6.1549	0.2667	55.3613	55.0563
2.7935	6.1547	0.2732	54.2205	55.1975
2.7940	6.1544	0.2740	54.7051	55.1731
2.7945	6.1544	0.2763	55.1698	54.9254
2.7950	6.1549	0.2690	55.5156	54.8481
2.7955	6.1555	0.2636	55.4399	54.4715
2.7960	6.1563	0.2472	55.7106	54.3817
2.7965	6.1579	0.2413	56.1624	54.6788
2.7970	6.1575	0.2443	56.2157	54.5096
2.7975	6.1588	0.2303	55.9379	54.3129
2.7980	6.1588	0.2287	56.0074	54.4900
2.7985	6.1596	0.2157	56.1368	54.8109
2.7990	6.1602	0.2077	55.9036	54.9904
2.7995	6.1604	0.2070	55.3408	55.1047
2.8000	6.1603	0.2089	54.9084	54.9106
2.8005	6.1599	0.2112	54.8353	54.8300
2.8010	6.1595	0.2195	54.1655	54.5212
2.8015	6.1590	0.2227	53.5451	54.4832
2.8020	6.1579	0.2323	52.6497	54.8159
2.8025	6.1562	0.2474	53.0222	54.9028
2.8030	6.1552	0.2645	53.4433	54.7566
2.8035	6.1545	0.2735	53.4819	54.9092
2.8040	6.1552	0.2623	53.6520	55.0340
2.8045	6.1565	0.2547	54.1526	55.0966
2.8050	6.1564	0.2511	54.5322	55.1148
2.8055	6.1559	0.2554	54.6621	55.0147
2.8060	6.1556	0.2591	54.7089	54.8054
2.8065	6.1563	0.2505	55.0770	54.4868
2.8070	6.1571	0.2420	55.3725	54.5901
2.8075	6.1581	0.2334	55.4300	54.6483
2.8080	6.1592	0.2230	55.2432	54.6261
2.8085	6.1590	0.2228	55.7542	54.6664
2.8090	6.1586	0.2253	55.1768	54.8860
2.8095	6.1589	0.2306	53.9744	54.9011
2.8100	6.1597	0.2243	54.3691	54.8335
2.8105	6.1603	0.2101	54.5687	54.7961
2.8110	6.1605	0.2070	55.2728	54.8554
2.8115	6.1598	0.2208	55.4676	54.8563
2.8120	6.1586	0.2284	55.5498	54.6602
2.8125	6.1570	0.2496	55.7240	54.6908
2.8130	6.1559	0.2622	56.1173	54.6995
2.8135	6.1547	0.2709	56.1680	54.7418
2.8140	6.1559	0.2585	55.9812	54.7570
2.8145	6.1553	0.2561	55.9377	55.0533
2.8150	6.1550	0.2615	56.0844	55.0678
2.8155	6.1549	0.2657	55.8238	54.9545
2.8160	6.1552	0.2545	55.2863	54.9577
2.8165	6.1579	0.2410	54.8127	55.0069
2.8170	6.1582	0.2276	54.6423	54.9442
2.8175	6.1583	0.2326	53.6525	54.8104
2.8180	6.1582	0.2364	53.3842	54.7953
2.8185	6.1593	0.2222	52.8949	55.0134
2.8190	6.1595	0.2199	53.1202	54.9707
2.8195	6.1594	0.2261	53.6221	54.8457
2.8200	6.1593	0.2157	53.7084	54.9899
2.8205	6.1596	0.2128	53.8625	54.8863
2.8210	6.1592	0.2191	54.2732	54.9636
2.8215	6.1590	0.2250	54.7409	55.0815
2.8220	6.1577	0.2343	54.8880	55.1935
2.8225	6.1568	0.2485	55.0150	55.0847
2.8230	6.1552	0.2638	55.2311	54.7266
2.8235	6.1550	0.2738	55.5865	54.5116
2.8240	6.1535	0.2829	55.4947	54.4938
2.8245	6.1532	0.2872	55.5677	54.3735
2.8250	6.1535	0.2805	55.5761	54.5940
2.8255	6.1536	0.2800	55.4870	54.7779
2.8260	6.1532	0.2877	55.5470	54.7061
2.8265	6.1547	0.2699	55.0874	54.6538
2.8270	6.1562	0.2503	54.7058	54.7768
2.8275	6.1567	0.2537	55.3328	54.9208
2.8280	6.1569	0.2473	55.4941	54.9025
2.8285	6.1566	0.2425	55.4580	54.6525
2.8290	6.1564	0.2490	55.7979	54.5220
2.8295	6.1566	0.2454	56.1367	54.5018
2.8300	6.1571	0.2442	56.1274	54.3583
2.8305	6.1566	0.2478	55.8722	54.5676
2.8310	6.1573	0.2404	55.9119	54.9729
2.8315	6.1588	0.2272	55.9586	55.0578
2.8320	6.1593	0.2253	55.6547	55.0724
2.8325	6.1594	0.2185	55.0164	55.1412
2.8330	6.1582	0.2254	54.8045	55.1598
2.8335	6.1573	0.2446	54.3920	54.9813
2.8340	6.1561	0.2568	52.8389	54.8652
2.8345	6.1551	0.2665	52.5865	54.7475
2.8350	6.1548	0.2670	52.7283	54.6457
2.8355	6.1557	0.2603	53.3418	54.5604
2.8360	6.1552	0.2614	53.6515	54.6047
2.8365	6.1574	0.2428	53.7136	54.7205
2.8370	6.1584	0.2299	53.9169	54.8470
2.8375	6.1597	0.2169	54.4192	54.9806
2.8380	6.1595	0.2142	54.8393	54.9517
2.8385	6.1587	0.2231	54.8767	54.8985
2.8390	6.1581	0.2305	55.0149	54.7629
2.8395	6.1585	0.2293	55.3457	54.5744
2.8400	6.1589	0.2239	55.6694	54.6196
2.8405	6.1597	0.2145	55.5203	54.7259
2.8410	6.1590	0.2248	55.6830	54.6196
2.8415	6.1594	0.2225	55.3146	54.5399
2.8420	6.1595	0.2190	55.4374	54.7820
2.8425	6.1595	0.2236	55.6641	54.9330
2.8430	6.1594	0.2226	55.0816	55.0955
2.8435	6.1590	0.2218	54.8656	55.1267
2.8440	6.1583	0.2290	55.3402	54.9897
2.8445	6.1574	0.2375	55.5965	54.9344
2.8450	6.1558	0.2594	55.5043	54.8107
2.8455	6.1551	0.2580	55.8486	54.8523
2.8460	6.1566	0.2546	56.1295	55.0349
2.8465	6.1564	0.2518	56.1550	54.8634
2.8470	6.1566	0.2502	55.8213	54.7768
2.8475	6.1573	0.2434	55.8811	54.9794
2.8480	6.1579	0.2353	55.8868	55.0272
2.8485	6.1594	0.2242	55.6741	55.0721
2.8490	6.1596	0.2184	54.9332	54.8894
2.8495	6.1601	0.2157	54.7777	54.9169
2.8500	6.1595	0.2162	53.9448	54.9917
2.8505	6.1593	0.2217	52.6298	54.8555
2.8510	6.1594	0.2146	52.7528	54.9838
2.8515	6.1597	0.2207	52.7295	55.0116
2.8520	6.1591	0.2216	53.3792	54.6567
2.8525	6.1596	0.2160	53.6811	54.5514
2.8530	6.1595	0.2136	53.8023	54.4635
2.8535	6.1593	0.2206	53.9075	54.6814
2.8540	6.1576	0.2322	54.4466	54.8776
2.8545	6.1568	0.2471	54.8513	54.6543
2.8550	6.1555	0.2591	54.9790	54.7281
2.8555	6.1546	0.2700	55.0228	54.6789
2.8560	6.1548	0.2682	55.3284	54.6784
2.8565	6.1552	0.2685	55.6408	55.0054
2.8570	6.1553	0.2644	55.6369	54.9158
2.8575	6.1554	0.2607	55.5969	54.4158
2.8580	6.1557	0.2625	55.7515	54.3414
2.8585	6.1560	0.2522	55.5941	54.4215
2.8590	6.1572	0.2409	55.5518	54.5889
2.8595	6.1593	0.2272	55.2537	54.9383
2.8600	6.1592	0.2231	55.0008	54.9305
2.8605	6.1585	0.2293	55.2927	55.0606
2.8610	6.1586	0.2271	55.5981	55.0098
2.8615	6.1584	0.2324	55.6063	54.9100
2.8620	6.1584	0.2318	55.8020	55.0590
2.8625	6.1582	0.2325	56.0207	54.9787
2.8630	6.1584	0.2260	56.1150	54.7079
2.8635	6.1589	0.2257	55.9315	54.6509
2.8640	6.1584	0.2280	55.8191	54.6239
2.8645	6.1576	0.2369	55.7711	54.7333
2.8650	6.1567	0.2476	55.4648	54.7719
2.8655	6.1549	0.2590	55.0089	54.9557
2.8660	6.1544	0.2713	54.4258	55.1389
2.8665	6.1545	0.2714	52.6814	55.0110
2.8670	6.1548	0.2736	52.7120	54.8140
2.8675	6.1544	0.2720	52.6790	54.7518
2.8680	6.1554	0.2632	52.9117	54.5890
2.8685	6.1563	0.2531	53.2920	54.3563
2.8690	6.1556	0.2599	53.7203	54.4381
2.8695	6.1554	0.2602	53.8943	54.6126
2.8700	6.1548	0.2645	54.0168	54.7281
2.8705	6.1544	0.2671	54.3791	54.8003
2.8710	6.1545	0.2754	54.8888	55.0102
2.8715	6.1540	0.2753	55.0818	55.2776
2.8720	6.1547	0.2688	55.0985	55.2532
2.8725	6.1561	0.2570	55.2744	54.9908
2.8730	6.1564	0.2522	55.5813	54.9751
2.8735	6.1569	0.2505	55.6978	54.7856
2.8740	6.1563	0.2470	55.6516	54.5440
2.8745	6.1552	0.2579	55.6788	54.6804
2.8750	6.1547	0.2666	55.8364	54.9174
2.8755	6.1541	0.2749	55.3044	54.9597
2.8760	6.1532	0.2834	55.0513	55.1567
2.8765	6.1536	0.2821	54.9906	55.2608
2.8770	6.1548	0.2626	55.4172	55.3541
2.8775	6.1550	0.2651	55.8559	55.1620
2.8780	6.1557	0.2610	55.7901	54.7411
2.8785	6.1552	0.2653	55.8285	54.7430
2.8790	6.1552	0.2717	56.1185	54.7037
2.8795	6.1544	0.2719	56.3552	54.6122
2.8800	6.1537	0.2828	56.1428	54.7588
2.8805	6.1536	0.2864	55.8535	54.8118
2.8810	6.1538	0.2854	55.7325	54.7338
2.8815	6.1552	0.2614	55.7007	54.7884
2.8820	6.1554	0.2658	55.1253	54.8999
2.8825	6.1544	0.2708	54.0259	55.0682
2.8830	6.1543	0.2785	53.7040	54.7740
2.8835	6.1554	0.2652	52.6650	54.4547
2.8840	6.1566	0.2534	52.8629	54.5115
2.8845	6.1575	0.2364	52.8990	54.4964
2.8850	6.1571	0.2447	53.2256	54.4812
2.8855	6.1561	0.2579	53.7842	54.8044
2.8860	6.1547	0.2661	54.0351	54.7778
2.8865	6.1538	0.2803	54.0056	54.7050
2.8870	6.1537	0.2786	54.2435	54.7309
2.8875	6.1547	0.2731	54.7834	54.7622
2.8880	6.1551	0.2631	55.1635	55.0085
2.8885	6.1560	0.2582	55.0886	54.9702
2.8890	6.1569	0.2505	55.0998	54.7227
2.8895	6.1569	0.2464	55.4385	54.7977
2.8900	6.1580	0.2331	55.7928	54.6240
2.8905	6.1581	0.2350	55.6837	54.5368
2.8910	6.1579	0.2343	55.5610	54.8623
2.8915	6.1582	0.2383	55.4934	54.9094
2.8920	6.1574	0.2381	54.8303	54.8885
2.8925	6.1580	0.2381	54.9092	54.7802
2.8930	6.1582	0.2300	54.9747	55.0117
2.8935	6.1578	0.2363	55.3683	54.9670
2.8940	6.1583	0.2285	55.8660	54.7135
2.8945	6.1599	0.2180	56.0262	54.7684
2.8950	6.1598	0.2163	55.9141	54.8106
2.8955	6.1580	0.2302	55.9848	54.6222
2.8960	6.1566	0.2444	56.2676	54.4015
2.8965	6.1557	0.2591	56.2768	54.5520
2.8970	6.1551	0.2654	55.9214	54.6326
2.8975	6.1549	0.2697	55.6214	54.7460
2.8980	6.1554	0.2642	55.5463	54.8860
2.8985	6.1550	0.2633	55.0213	55.0608
2.8990	6.1551	0.2689	54.0246	54.9202
2.8995	6.1553	0.2622	53.8932	54.6926
2.9000	6.1555	0.2632	52.6693	54.6959
2.9005	6.1550	0.2670	52.9792	54.9138
2.9010	6.1574	0.2432	53.0370	54.8319
2.9015	6.1568	0.2458	53.1630	54.6150
2.9020	6.1564	0.2520	53.6667	54.8360
2.9025	6.1571	0.2475	54.1180	54.8869
2.9030	6.1578	0.2278	54.1894	54.9841
2.9035	6.1580	0.2353	54.2440	55.0754
2.9040	6.1580	0.2350	54.7495	55.1035
2.9045	6.1593	0.2180	55.2522	55.1564
2.9050	6.1595	0.2162	55.1991	54.9935
2.9055	6.1589	0.2235	55.0686	54.8655
2.9060	6.1581	0.2294	55.2865	55.0364
2.9065	6.1576	0.2389	55.8089	54.7745
2.9070	6.1568	0.2461	55.7777	54.6060
2.9075	6.1549	0.2626	55.5933	54.8614
2.9080	6.1550	0.2720	54.6762	55.0891
2.9085	6.1540	0.2734	54.6725	55.1626
2.9090	6.1538	0.2773	55.0733	55.0363
2.9095	6.1546	0.2741	54.9730	54.8220
2.9100	6.1549	0.2662	55.2946	54.7247
2.9105	6.1559	0.2564	55.8218	54.3672
2.9110	6.1576	0.2446	56.1413	54.5229
2.9115	6.1569	0.2387	55.9188	54.6888
2.9120	6.1581	0.2386	55.9370	54.4446
2.9125	6.1589	0.2219	56.1636	54.3354
2.9130	6.1584	0.2284	56.3116	54.6106
2.9135	6.1601	0.2119	55.8671	54.8155
2.9140	6.1604	0.2124	55.4536	54.9958
2.9145	6.1602	0.2075	55.2921	54.9801
2.9150	6.1600	0.2137	55.2332	54.8361
2.9155	6.1598	0.2164	54.4572	54.7020
2.9160	6.1596	0.2178	53.6813	54.4081
2.9165	6.1583	0.2284	53.2536	54.5969
2.9170	6.1579	0.2349	52.8715	54.9034
2.9175	6.1565	0.2464	53.2243	54.8563
2.9180	6.1554	0.2685	53.1624	54.7779
2.9185	6.1555	0.2674	53.6108	54.9771
2.9190	6.1558	0.2575	54.0706	55.0325
2.9195	6.1567	0.2499	54.3345	55.1035
2.9200	6.1562	0.2490	54.2625	55.0401
2.9205	6.1553	0.2599	54.6466	54.9578
2.9210	6.1552	0.2622	55.1307	54.6393
2.9215	6.1557	0.2598	55.3226	54.4850
2.9220	6.1570	0.2490	55.0953	54.6437
2.9225	6.1582	0.2348	55.2703	54.6385
2.9230	6.1589	0.2257	55.5964	54.6258
2.9235	6.1585	0.2273	55.9724	54.7430
2.9240	6.1593	0.2248	54.2942	54.9337
2.9245	6.1584	0.2234	53.9006	54.8647
2.9250	6.1601	0.2145	54.6610	54.8000
2.9255	6.1608	0.2095	55.0094	54.7596
2.9260	6.1599	0.2095	55.2292	54.8676
2.9265	6.1597	0.2175	55.2512	54.7616
2.9270	6.1580	0.2363	55.7532	54.6524
2.9275	6.1561	0.2475	56.0611	54.7002
2.9280	6.1557	0.2632	55.9766	54.7472
2.9285	6.1550	0.2677	55.8973	54.7512
2.9290	6.1556	0.2579	56.0922	54.8538
2.9295	6.1557	0.2658	56.2630	55.1265
2.9300	6.1550	0.2677	55.8921	55.0023
2.9305	6.1547	0.2664	55.4191	54.9527
2.9310	6.1560	0.2567	55.1238	54.9609
2.9315	6.1572	0.2378	55.0580	55.0033
2.9320	6.1581	0.2334	54.2136	54.8862
2.9325	6.1576	0.2332	53.2391	54.7859
2.9330	6.1581	0.2357	53.3022	54.8527
2.9335	6.1590	0.2187	53.0570	55.0784
2.9340	6.1594	0.2240	53.3903	54.8935
2.9345	6.1595	0.2191	53.3917	54.9132
2.9350	6.1593	0.2196	53.7716	54.9749
2.9355	6.1591	0.2210	54.1727	54.8994
2.9360	6.1589	0.2255	54.5052	55.0243
2.9365	6.1581	0.2298	54.6217	55.1281
2.9370	6.1573	0.2411	54.8732	55.2090
2.9375	6.1559	0.2505	55.2672	54.9714
2.9380	6.1555	0.2612	55.4507	54.6151
2.9385	6.1540	0.2706	55.3738	54.4970
2.9390	6.1529	0.2850	55.4754	54.4361
2.9395	6.1534	0.2839	55.7587	54.4044
2.9400	6.1529	0.2850	55.5278	54.6929
2.9405	6.1535	0.2865	55.3495	54.7660
2.9410	6.1540	0.2758	55.4104	54.7025
2.9415	6.1557	0.2585	55.0232	54.6789
2.9420	6.1568	0.2468	54.9008	54.8468
2.9425	6.1565	0.2514	55.2878	54.9433
2.9430	6.1575	0.2426	55.3865	54.8249
2.9435	6.1565	0.2487	55.6978	54.5730
2.9440	6.1565	0.2513	56.0068	54.5291
2.9445	6.1572	0.2437	55.9928	54.4437
2.9450	6.1567	0.2467	55.9139	54.3654
2.9455	6.1568	0.2439	55.9654	54.7316
2.9460	6.1577	0.2385	56.0664	55.0546
2.9465	6.1581	0.2290	55.7256	55.0878
2.9470	6.1585	0.2237	55.3016	55.1167
2.9475	6.1585	0.2224	54.8916	55.2135
2.9480	6.1572	0.2420	54.9767	55.1377
2.9485	6.1557	0.2529	53.7256	54.9301
2.9490	6.1546	0.2667	52.3944	54.8056
2.9495	6.1544	0.2759	52.6643	54.6999
2.9500	6.1549	0.2701	53.0429	54.6272
2.9505	6.1550	0.2684	53.4813	54.5477
2.9510	6.1559	0.2605	53.4802	54.6519
2.9515	6.1571	0.2469	53.7818	54.7664
2.9520	6.1583	0.2328	54.2409	54.9159
2.9525	6.1594	0.2260	54.6405	55.0169
2.9530	6.1588	0.2263	54.6578	54.9729
2.9535	6.1588	0.2299	54.8582	54.8821
2.9540	6.1582	0.2300	55.2295	54.6740
2.9545	6.1586	0.2265	55.5525	54.5660
2.9550	6.1586	0.2255	55.4966	54.6560
2.9555	6.1585	0.2275	55.4846	54.7351
2.9560	6.1584	0.2302	55.7370	54.5847
2.9565	6.1591	0.2260	55.2978	54.6353
2.9570	6.1588	0.2225	55.5004	54.8822
2.9575	6.1591	0.2247	55.3443	55.0000
2.9580	6.1589	0.2263	55.0366	55.1824
2.9585	6.1586	0.2294	55.0943	55.0858
2.9590	6.1580	0.2331	55.4249	54.9767
2.9595	6.1566	0.2432	55.3959	54.9038
2.9600	6.1555	0.2655	55.6637	54.7764
2.9605	6.1561	0.2602	56.0967	54.9131
2.9610	6.1570	0.2476	56.0974	55.0090
2.9615	6.1575	0.2449	55.8598	54.7683
2.9620	6.1575	0.2379	55.8500	54.8446
2.9625	6.1577	0.2357	56.0756	55.0221
2.9630	6.1590	0.2264	55.7803	55.0933
2.9635	6.1594	0.2169	55.2837	55.0777
2.9640	6.1605	0.2068	54.7621	54.8917
2.9645	6.1602	0.2080	54.8262	55.0046
2.9650	6.1598	0.2147	53.3055	54.9507
2.9655	6.1598	0.2183	52.4989	54.8572
2.9660	6.1602	0.2132	52.7123	55.0478
2.9665	6.1601	0.2188	53.0430	54.8671
2.9670	6.1597	0.2124	53.5381	54.5807
2.9675	6.1603	0.2067	53.5536	54.5423
2.9680	6.1606	0.2095	53.7638	54.5133
2.9685	6.1593	0.2185	54.1803	54.8589
2.9690	6.1580	0.2356	54.6836	54.8462
2.9695	6.1566	0.2502	54.8074	54.6981
2.9700	6.1550	0.2629	54.9029	54.7746
2.9705	6.1554	0.2677	55.2106	54.6732
2.9710	6.1548	0.2679	55.5168	54.7664
2.9715	6.1549	0.2651	55.5583	55.0510
2.9720	6.1563	0.2541	55.4741	54.7297
2.9725	6.1562	0.2507	55.7523	54.3391
2.9730	6.1566	0.2452	55.8230	54.4046
2.9735	6.1569	0.2415	55.4950	54.4572
2.9740	6.1589	0.2257	55.3367	54.7834
2.9745	6.1605	0.2127	55.1396	55.0095
2.9750	6.1593	0.2190	55.1312	55.0187
2.9755	6.1600	0.2200	55.4559	55.1338
2.9760	6.1592	0.2209	55.4660	54.9580
2.9765	6.1589	0.2250	55.6100	54.9687
2.9770	6.1587	0.2251	55.9885	55.0649
2.9775	6.1584	0.2288	56.1312	54.8544
2.9780	6.1587	0.2269	55.9282	54.6627
2.9785	6.1592	0.2213	55.8882	54.6592
2.9790	6.1582	0.2340	55.8566	54.6748
2.9795	6.1579	0.2349	55.7782	54.8323
2.9800	6.1560	0.2501	55.0430	54.8663
2.9805	6.1553	0.2635	54.8803	55.0864
2.9810	6.1548	0.2696	53.9842	55.1431
2.9815	6.1543	0.2671	52.5627	54.9093
2.9820	6.1544	0.2714	52.5700	54.7243
2.9825	6.1546	0.2682	52.5576	54.6805
2.9830	6.1556	0.2608	53.2502	54.4475
2.9835	6.1558	0.2574	53.5180	54.3473
2.9840	6.1558	0.2616	53.6339	54.5334
2.9845	6.1556	0.2614	53.7346	54.7274
2.9850	6.1547	0.2681	54.3130	54.8241
2.9855	6.1553	0.2652	54.6936	54.9346
2.9860	6.1548	0.2672	54.8180	55.1472
2.9865	6.1547	0.2691	54.9164	55.3241
2.9870	6.1551	0.2650	55.2460	55.1292
2.9875	6.1563	0.2517	55.4985	54.9444
2.9880	6.1567	0.2549	55.4496	54.9068
2.9885	6.1562	0.2543	55.5473	54.6560
2.9890	6.1557	0.2545	55.8404	54.5592
2.9895	6.1551	0.2647	55.9643	54.8165
2.9900	6.1540	0.2758	55.4710	54.9723
2.9905	6.1530	0.2861	54.8519	55.0734
2.9910	6.1526	0.2930	55.1898	55.2490
2.9915	6.1542	0.2750	55.3886	55.2837
2.9920	6.1552	0.2700	55.4451	55.3460
2.9925	6.1548	0.2647	55.4665	54.9562
2.9930	6.1553	0.2653	55.8848	54.6913
2.9935	6.1544	0.2773	56.2901	54.7538
2.9940	6.1539	0.2783	56.1439	54.6559
2.9945	6.1537	0.2780	55.9357	54.6549
2.9950	6.1528	0.2935	55.9666	54.8268
2.9955	6.1531	0.2879	56.2000	54.7933
2.9960	6.1540	0.2794	55.7660	54.7677
2.9965	6.1555	0.2653	55.3073	54.8030
2.9970	6.1557	0.2644	54.5395	54.9776
2.9975	6.1547	0.2704	54.1737	55.0156
2.9980	6.1547	0.2711	53.5103	54.6066
2.9985	6.1567	0.2488	52.3304	54.4320
2.9990	6.1571	0.2447	52.8010	54.5193
2.9995	6.1572	0.2416	53.1568	54.4386
3.0000	6.1564	0.2510	53.6630	54.5918
3.0005	6.1554	0.2619	53.6713	54.8561
3.0010	6.1540	0.2748	53.8369	54.7253
3.0015	6.1533	0.2832	54.1823	54.7339
3.0020	6.1538	0.2797	54.6753	54.7185
3.0025	6.1550	0.2701	54.7861	54.8613
3.0030	6.1549	0.2645	54.9374	55.0579
3.0035	6.1559	0.2523	55.1832	54.8676
3.0040	6.1567	0.2458	55.5125	54.7248
3.0045	6.1565	0.2472	55.4550	54.7902
3.0050	6.1571	0.2418	55.5089	54.5258
3.0055	6.1568	0.2484	55.6139	54.6690
3.0060	6.1571	0.2421	55.9593	54.9107
3.0065	6.1563	0.2472	55.1951	54.9163
3.0070	6.1572	0.2395	54.4046	54.8313
3.0075	6.1580	0.2328	54.9604	54.8419
3.0080	6.1579	0.2390	55.4159	55.0626
3.0085	6.1578	0.2329	55.5930	54.8419
3.0090	6.1592	0.2252	55.5597	54.7329
3.0095	6.1603	0.2143	55.8350	54.8095
3.0100	6.1597	0.2149	56.2807	54.7880
3.0105	6.1577	0.2322	56.2940	54.4995
3.0110	6.1567	0.2434	56.0047	54.4499
3.0115	6.1555	0.2593	55.9182	54.5863
3.0120	6.1546	0.2658	56.1332	54.6840
3.0125	6.1553	0.2645	55.7661	54.8458
3.0130	6.1557	0.2607	55.2148	54.9708
3.0135	6.1556	0.2655	54.2935	55.0776
3.0140	6.1555	0.2621	54.2805	54.8305
3.0145	6.1557	0.2570	54.0064	54.6884
3.0150	6.1558	0.2571	52.3764	54.7617
3.0155	6.1568	0.2558	52.7855	54.9408
3.0160	6.1582	0.2344	53.1792	54.6891
3.0165	6.1565	0.2421	53.6982	54.6772
3.0170	6.1563	0.2539	53.6743	54.8917
3.0175	6.1572	0.2434	53.8077	54.9310
3.0180	6.1575	0.2329	54.2852	55.0453
3.0185	6.1578	0.2343	54.8247	55.1230
3.0190	6.1590	0.2258	54.8525	55.1401
3.0195	6.1595	0.2169	54.8318	55.1470
3.0200	6.1594	0.2164	55.1465	54.8803
3.0205	6.1589	0.2217	55.5393	54.9120
3.0210	6.1578	0.2357	55.5595	54.9680
3.0215	6.1576	0.2372	55.4147	54.6542
3.0220	6.1558	0.2484	55.6811	54.6657
3.0225	6.1555	0.2665	55.7811	54.9584
3.0230	6.1545	0.2685	54.5854	55.1170
3.0235	6.1542	0.2762	54.5006	55.1633
3.0240	6.1544	0.2786	54.8155	54.9300
3.0245	6.1545	0.2720	55.4528	54.8231
3.0250	6.1554	0.2656	55.7385	54.5643
3.0255	6.1572	0.2484	55.6325	54.3015
3.0260	6.1578	0.2375	55.8261	54.6393
3.0265	6.1571	0.2393	56.1936	54.5903
3.0270	6.1583	0.2354	56.2800	54.3655
3.0275	6.1588	0.2251	55.9930	54.3970
3.0280	6.1596	0.2212	55.8659	54.7309
3.0285	6.1605	0.2074	55.9379	54.8841
3.0290	6.1609	0.2036	55.7918	55.0452
3.0295	6.1604	0.2051	55.0932	54.9058
3.0300	6.1602	0.2105	54.7130	54.7961
3.0305	6.1598	0.2108	54.2076	54.5562
3.0310	6.1598	0.2195	54.0047	54.3933
3.0315	6.1582	0.2311	53.0222	54.7154
3.0320	6.1568	0.2447	52.6021	54.9358
3.0325	6.1551	0.2658	53.2574	54.7962
3.0330	6.1543	0.2773	53.6288	54.8550
3.0335	6.1545	0.2720	53.8673	55.0180
3.0340	6.1548	0.2697	53.8415	55.0950
3.0345	6.1555	0.2629	54.1712	55.1022
3.0350	6.1555	0.2623	54.7491	54.9911
3.0355	6.1553	0.2629	55.0353	54.8615
3.0360	6.1554	0.2649	54.9306	54.5083
3.0365	6.1558	0.2526	55.0509	54.5185
3.0370	6.1567	0.2505	55.4580	54.6295
3.0375	6.1577	0.2351	55.6498	54.6013
3.0380	6.1591	0.2249	55.5385	54.6317
3.0385	6.1593	0.2208	55.2140	54.8227
3.0390	6.1592	0.2251	54.0798	54.9150
3.0395	6.1591	0.2228	54.6226	54.8112
3.0400	6.1599	0.2142	54.5924	54.7783
3.0405	6.1605	0.2104	54.7657	54.7870
3.0410	6.1599	0.2135	55.3620	54.8752
3.0415	6.1581	0.2325	55.8196	54.7196
3.0420	6.1559	0.2573	55.7738	54.6481
3.0425	6.1552	0.2655	55.7226	54.7063
3.0430	6.1535	0.2751	56.0075	54.7494
3.0435	6.1536	0.2792	56.3423	54.7181
3.0440	6.1540	0.2723	56.1401	54.9615
3.0445	6.1533	0.2832	55.8191	55.1042
3.0450	6.1535	0.2847	55.6680	54.9554
3.0455	6.1537	0.2838	55.6721	54.9462
3.0460	6.1556	0.2620	55.0992	54.9740
3.0465	6.1571	0.2396	54.6146	54.9729
3.0470	6.1577	0.2362	53.6533	54.8169
3.0475	6.1576	0.2393	53.5695	54.7499
3.0480	6.1585	0.2258	53.3344	54.9195
3.0485	6.1586	0.2216	52.8253	55.0260
3.0490	6.1584	0.2231	53.2831	54.8154
3.0495	6.1592	0.2206	53.7388	54.9564
3.0500	6.1592	0.2110	54.1246	54.9161
3.0505	6.1597	0.2177	54.1092	54.9357
3.0510	6.1585	0.2287	54.3822	55.0480
3.0515	6.1584	0.2363	54.8720	55.1847
3.0520	6.1567	0.2443	55.2519	55.1448
3.0525	6.1550	0.2645	55.1742	54.8306
3.0530	6.1542	0.2735	55.2559	54.5316
3.0535	6.1532	0.2837	55.5000	54.4747
3.0540	6.1526	0.2883	55.8619	54.3743
3.0545	6.1528	0.2913	55.6691	54.4716
3.0550	6.1523	0.2948	55.1905	54.7375
3.0555	6.1527	0.2938	55.4549	54.7282
3.0560	6.1533	0.2854	55.5486	54.6705
3.0565	6.1549	0.2664	54.8534	54.7317
3.0570	6.1555	0.2566	54.8490	54.9119
3.0575	6.1557	0.2590	55.2991	54.9344
3.0580	6.1563	0.2524	55.7115	54.7294
3.0585	6.1559	0.2558	55.9771	54.5044
3.0590	6.1565	0.2531	55.8400	54.5086
3.0595	6.1565	0.2463	55.8358	54.3593
3.0600	6.1561	0.2531	56.1420	54.4225
3.0605	6.1575	0.2443	56.1989	54.8619
3.0610	6.1579	0.2371	55.7819	55.0665
3.0615	6.1586	0.2301	55.4195	55.0771
3.0620	6.1593	0.2224	55.3926	55.1472
3.0625	6.1584	0.2285	55.1296	55.2175
3.0630	6.1575	0.2401	54.5622	55.0706
3.0635	6.1560	0.2579	52.8068	54.8940
3.0640	6.1545	0.2719	52.5871	54.7495
3.0645	6.1542	0.2732	53.0390	54.6252
3.0650	6.1549	0.2726	53.1359	54.5735
3.0655	6.1545	0.2681	53.2777	54.4976
3.0660	6.1551	0.2626	53.6516	54.6393
3.0665	6.1569	0.2481	54.1979	54.8105
3.0670	6.1581	0.2365	54.3044	54.9875
3.0675	6.1591	0.2248	54.3929	54.9990
3.0680	6.1588	0.2273	54.7450	55.0028
3.0685	6.1583	0.2381	55.3330	54.8594
3.0690	6.1583	0.2347	55.3742	54.5922
3.0695	6.1588	0.2283	55.3090	54.5807
3.0700	6.1594	0.2195	55.3477	54.6757
3.0705	6.1585	0.2270	55.9575	54.6582
3.0710	6.1588	0.2255	55.6431	54.5296
3.0715	6.1596	0.2178	54.9852	54.7366
3.0720	6.1593	0.2226	55.4384	54.9206
3.0725	6.1595	0.2219	55.4849	55.0811
3.0730	6.1585	0.2254	55.1455	55.1593
3.0735	6.1584	0.2291	54.9566	55.0547
3.0740	6.1577	0.2342	55.3163	54.9896
3.0745	6.1563	0.2514	55.6533	54.8470
3.0750	6.1553	0.2646	56.0357	54.8120
3.0755	6.1557	0.2614	55.9223	54.9650
3.0760	6.1557	0.2576	55.8427	54.9287
3.0765	6.1566	0.2507	55.9805	54.7366
3.0770	6.1570	0.2470	56.2241	54.9604
3.0775	6.1576	0.2387	55.8632	55.0402
3.0780	6.1589	0.2260	55.3772	55.1107
3.0785	6.1599	0.2139	55.1060	54.9792
3.0790	6.1606	0.2139	55.0844	54.8858
3.0795	6.1599	0.2113	54.4223	55.0033
3.0800	6.1596	0.2212	52.4646	54.8716
3.0805	6.1594	0.2170	52.6402	54.8949
3.0810	6.1600	0.2099	53.0377	55.0378
3.0815	6.1605	0.2101	53.3057	54.7478
3.0820	6.1603	0.2068	53.2695	54.5637
3.0825	6.1605	0.2076	53.5514	54.5080
3.0830	6.1601	0.2160	54.2044	54.6101
3.0835	6.1592	0.2262	54.5374	54.9303
3.0840	6.1576	0.2428	54.4146	54.7455
3.0845	6.1561	0.2522	54.6908	54.7186
3.0850	6.1549	0.2646	55.3223	54.7331
3.0855	6.1554	0.2642	55.5387	54.6000
3.0860	6.1550	0.2679	55.2344	54.8764
3.0865	6.1551	0.2643	55.3099	54.9986
3.0870	6.1562	0.2607	55.8747	54.5364
3.0875	6.1556	0.2586	56.1338	54.3383
3.0880	6.1565	0.2547	55.3950	54.4496
3.0885	6.1570	0.2440	55.1485	54.5316
3.0890	6.1588	0.2242	55.5211	54.9079
3.0895	6.1590	0.2242	55.4521	54.9721
3.0900	6.1590	0.2284	55.0314	55.0190
3.0905	6.1589	0.2257	55.0896	55.0483
3.0910	6.1589	0.2238	55.6314	54.8841
3.0915	6.1582	0.2313	56.2082	55.0165
3.0920	6.1585	0.2293	55.9939	55.0323
3.0925	6.1582	0.2299	55.6385	54.7830
3.0930	6.1591	0.2234	55.8468	54.6915
3.0935	6.1588	0.2219	56.3451	54.6740
3.0940	6.1584	0.2337	55.8690	54.7351
3.0945	6.1575	0.2411	55.1819	54.8164
3.0950	6.1563	0.2545	54.8608	54.8745
3.0955	6.1551	0.2637	55.1837	55.1234
3.0960	6.1547	0.2734	53.3257	55.0552
3.0965	6.1545	0.2692	52.1983	54.8352
3.0970	6.1541	0.2726	52.4250	54.7548
3.0975	6.1551	0.2705	53.0861	54.6818
3.0980	6.1556	0.2591	53.5304	54.4099
3.0985	6.1557	0.2565	53.3071	54.4448
3.0990	6.1560	0.2601	53.5562	54.6198
3.0995	6.1551	0.2629	54.2019	54.7275
3.1000	6.1546	0.2684	54.6361	54.8112
3.1005	6.1549	0.2644	54.4893	54.9319
3.1010	6.1546	0.2722	54.6551	55.1946
3.1015	6.1550	0.2682	55.2920	55.2881
3.1020	6.1559	0.2576	55.6151	55.0209
3.1025	6.1566	0.2499	55.3609	54.9642
3.1030	6.1565	0.2512	55.2471	54.8968
3.1035	6.1570	0.2489	55.7598	54.6106
3.1040	6.1561	0.2534	56.0612	54.6311
3.1045	6.1552	0.2628	55.8150	54.8938
3.1050	6.1544	0.2760	55.0281	54.9617
3.1055	6.1536	0.2844	55.0503	55.1116
3.1060	6.1529	0.2812	55.4460	55.2349
3.1065	6.1551	0.2676	55.3184	55.2995
3.1070	6.1554	0.2628	55.2907	55.2720
3.1075	6.1556	0.2614	55.6453	54.8351
3.1080	6.1558	0.2558	56.2155	54.7675
3.1085	6.1554	0.2630	56.2310	54.7742
3.1090	6.1546	0.2683	55.8953	54.6477
3.1095	6.1540	0.2808	55.9864	54.7161
3.1100	6.1528	0.2829	56.2409	54.8324
3.1105	6.1528	0.2877	56.0186	54.7444
3.1110	6.1550	0.2709	55.3371	54.7703
3.1115	6.1549	0.2637	55.1266	54.8564
3.1120	6.1549	0.2697	54.4803	55.0562
3.1125	6.1538	0.2772	54.1342	54.9109
3.1130	6.1551	0.2700	52.6963	54.5236
3.1135	6.1555	0.2557	52.4044	54.5126
3.1140	6.1567	0.2456	53.1193	54.5590
3.1145	6.1572	0.2455	53.3587	54.4552
3.1150	6.1564	0.2542	53.5226	54.7145
3.1155	6.1550	0.2663	53.6020	54.8170
3.1160	6.1531	0.2776	54.0934	54.6924
3.1165	6.1535	0.2808	54.4738	54.7299
3.1170	6.1544	0.2770	54.6620	54.7356
3.1175	6.1550	0.2678	54.7318	54.9625
3.1180	6.1557	0.2597	55.1032	55.0593
3.1185	6.1567	0.2464	55.3678	54.7823
3.1190	6.1571	0.2455	55.4010	54.7926
3.1195	6.1579	0.2410	55.3373	54.7238
3.1200	6.1573	0.2403	55.6476	54.5352
3.1205	6.1570	0.2413	55.8627	54.8041
3.1210	6.1572	0.2430	55.8040	54.9284
3.1215	6.1570	0.2461	54.6744	54.9076
3.1220	6.1577	0.2376	54.6156	54.8011
3.1225	6.1584	0.2307	55.1721	54.9634
3.1230	6.1579	0.2398	55.4206	55.0675
3.1235	6.1584	0.2287	55.5244	54.8424
3.1240	6.1593	0.2254	55.7746	54.7880
3.1245	6.1601	0.2127	56.1093	54.8299
3.1250	6.1592	0.2235	56.2048	54.7279
3.1255	6.1572	0.2383	56.0327	54.4241
3.1260	6.1563	0.2552	56.0436	54.5189
3.1265	6.1552	0.2650	56.0972	54.6403
3.1270	6.1545	0.2660	55.9839	54.7765
3.1275	6.1556	0.2679	55.3994	54.9040
3.1280	6.1551	0.2662	55.0382	55.0543
3.1285	6.1553	0.2646	54.2030	55.0560
3.1290	6.1558	0.2644	54.3565	54.7998
3.1295	6.1553	0.2571	53.0539	54.7116
3.1300	6.1550	0.2632	52.3725	54.8630
3.1305	6.1566	0.2493	53.0960	54.9270
3.1310	6.1580	0.2292	53.3586	54.6269
3.1315	6.1579	0.2335	53.6237	54.7773
3.1320	6.1579	0.2316	53.6716	54.8811
3.1325	6.1590	0.2219	54.0917	54.9358
3.1330	6.1591	0.2228	54.4976	55.0846
3.1335	6.1589	0.2263	54.7168	55.1126
3.1340	6.1603	0.2149	54.7871	55.1878
3.1345	6.1600	0.2111	55.0494	55.0973
3.1350	6.1595	0.2195	55.3951	54.8647
3.1355	6.1585	0.2301	55.4574	55.0287
3.1360	6.1585	0.2322	55.4819	54.8937
3.1365	6.1573	0.2409	55.4782	54.5932
3.1370	6.1558	0.2590	55.8326	54.7704
3.1375	6.1549	0.2660	55.3051	55.0215
3.1380	6.1550	0.2700	54.4278	55.1443
3.1385	6.1545	0.2760	54.6753	55.1113
3.1390	6.1545	0.2732	54.9917	54.8344
3.1395	6.1550	0.2636	55.6060	54.7848
3.1400	6.1562	0.2563	55.6666	54.4153
3.1405	6.1576	0.2482	55.7283	54.4291
3.1410	6.1576	0.2458	55.9668	54.7344
3.1415	6.1571	0.2416	56.2408	54.5376
3.1420	6.1590	0.2302	56.1575	54.3458
3.1425	6.1585	0.2256	55.9730	54.5096
3.1430	6.1602	0.2163	55.8918	54.7786
3.1435	6.1608	0.2024	55.9188	54.9278
3.1440	6.1605	0.2009	55.5297	55.0136
3.1445	6.1604	0.2059	54.9250	54.8299
3.1450	6.1603	0.2107	54.5268	54.7477
3.1455	6.1598	0.2155	54.0927	54.4662
3.1460	6.1591	0.2239	53.7279	54.5169
3.1465	6.1574	0.2405	52.6471	54.8830
3.1470	6.1562	0.2528	52.8816	54.9399
3.1475	6.1549	0.2682	53.3741	54.7826
3.1480	6.1542	0.2732	53.6938	54.9356
3.1485	6.1551	0.2633	53.7617	55.0057
3.1490	6.1560	0.2549	53.9722	55.0644
3.1495	6.1560	0.2557	54.4075	55.0326
3.1500	6.1547	0.2664	54.8452	54.9640
3.1505	6.1537	0.2759	54.8736	54.7620
3.1510	6.1548	0.2678	54.9901	54.5065
3.1515	6.1563	0.2539	55.1768	54.6502
3.1520	6.1574	0.2413	55.5281	54.6695
3.1525	6.1585	0.2278	55.4522	54.6296
3.1530	6.1587	0.2259	55.6544	54.6725
3.1535	6.1586	0.2300	54.8468	54.8698
3.1540	6.1583	0.2283	54.0722	54.8538
3.1545	6.1595	0.2257	54.6101	54.7778
3.1550	6.1602	0.2091	54.5721	54.7522
3.1555	6.1600	0.2134	55.0986	54.8476
3.1560	6.1598	0.2191	55.4991	54.8578
3.1565	6.1582	0.2328	55.7413	54.6856
3.1570	6.1564	0.2504	55.7183	54.7421
3.1575	6.1555	0.2622	55.9601	54.7653
3.1580	6.1544	0.2717	56.1300	54.7743
3.1585	6.1553	0.2658	56.1832	54.7590
3.1590	6.1546	0.2644	56.0179	55.0506
3.1595	6.1541	0.2787	55.8591	55.0085
3.1600	6.1542	0.2809	55.7160	54.9129
3.1605	6.1543	0.2744	55.3865	54.9438
3.1610	6.1567	0.2561	54.9303	54.9969
3.1615	6.1578	0.2380	54.4660	54.9481
3.1620	6.1580	0.2424	53.4630	54.8426
3.1625	6.1581	0.2341	53.4831	54.8362
3.1630	6.1593	0.2272	52.9587	55.0418
3.1635	6.1590	0.2222	53.0843	54.9423
3.1640	6.1593	0.2239	53.5711	54.8237
3.1645	6.1596	0.2193	53.7699	54.9451
3.1650	6.1594	0.2136	53.9591	54.8521
3.1655	6.1592	0.2208	54.2799	54.9653
3.1660	6.1584	0.2328	54.6778	55.0890
3.1665	6.1577	0.2357	54.9619	55.2376
3.1670	6.1564	0.2548	55.0794	55.1138
3.1675	6.1550	0.2679	55.2046	54.7439
3.1680	6.1541	0.2757	55.5179	54.5390
3.1685	6.1527	0.2947	55.6033	54.4841
3.1690	6.1527	0.2927	55.7145	54.3640
3.1695	6.1523	0.2960	55.4371	54.5793
3.1700	6.1519	0.2959	55.3202	54.7325
3.1705	6.1523	0.2981	55.6375	54.6758
3.1710	6.1539	0.2815	55.1952	54.6573
3.1715	6.1551	0.2673	54.6353	54.7984
3.1720	6.1557	0.2604	55.1774	54.9647
3.1725	6.1559	0.2590	55.5706	54.9246
3.1730	6.1561	0.2500	55.6968	54.6557
3.1735	6.1563	0.2558	55.7704	54.5350
3.1740	6.1568	0.2444	55.9447	54.4779
3.1745	6.1571	0.2451	56.1561	54.3194
3.1750	6.1565	0.2507	56.0457	54.5684
3.1755	6.1573	0.2438	55.8864	54.9600
3.1760	6.1580	0.2334	55.7449	55.0488
3.1765	6.1586	0.2272	55.6467	55.0747
3.1770	6.1587	0.2278	55.1945	55.1701
3.1775	6.1571	0.2397	54.8122	55.2089
3.1780	6.1560	0.2564	54.0768	55.0297
3.1785	6.1547	0.2657	52.7095	54.8823
3.1790	6.1538	0.2807	52.7873	54.7580
3.1795	6.1542	0.2773	52.8414	54.6505
3.1800	6.1542	0.2727	53.2101	54.5393
3.1805	6.1548	0.2702	53.5638	54.5684
3.1810	6.1556	0.2580	53.8721	54.6959
3.1815	6.1570	0.2485	54.0306	54.8352
3.1820	6.1588	0.2318	54.3168	54.9801
3.1825	6.1584	0.2257	54.7198	54.9751
3.1830	6.1582	0.2313	55.0061	54.9386
3.1835	6.1579	0.2349	55.1693	54.7664
3.1840	6.1582	0.2363	55.2737	54.5856
3.1845	6.1588	0.2262	55.5159	54.6234
3.1850	6.1587	0.2254	55.5905	54.7219
3.1855	6.1581	0.2295	55.8352	54.6139
3.1860	6.1591	0.2259	55.2270	54.5486
3.1865	6.1587	0.2197	55.3067	54.8048
3.1870	6.1587	0.2287	55.6568	54.9251
3.1875	6.1591	0.2269	55.3058	55.1167
3.1880	6.1583	0.2302	54.9400	55.1175
3.1885	6.1572	0.2363	55.1690	55.0086
3.1890	6.1569	0.2419	55.5628	54.9434
3.1895	6.1556	0.2610	55.6060	54.8337
3.1900	6.1552	0.2668	55.8846	54.8637
3.1905	6.1558	0.2593	56.0662	55.0301
3.1910	6.1561	0.2590	56.1012	54.8224
3.1915	6.1565	0.2531	55.9063	54.7585
3.1920	6.1574	0.2425	55.9289	54.9738
3.1925	6.1582	0.2313	55.7563	55.0256
3.1930	6.1593	0.2226	55.5990	55.0750
3.1935	6.1599	0.2154	54.9348	54.9058
3.1940	6.1596	0.2118	54.7825	54.9644
3.1945	6.1598	0.2190	53.7484	55.0064
3.1950	6.1598	0.2188	52.6167	54.8726
3.1955	6.1601	0.2133	52.8594	55.0278
3.1960	6.1602	0.2092	52.7644	54.9852
3.1965	6.1604	0.2106	53.2895	54.6220
3.1970	6.1606	0.2039	53.6296	54.5361
3.1975	6.1603	0.2059	53.8922	54.4871
3.1980	6.1593	0.2161	54.0165	54.7180
3.1985	6.1579	0.2368	54.4081	54.8785
3.1990	6.1566	0.2483	54.7708	54.6844
3.1995	6.1557	0.2601	55.0639	54.7704
3.2000	6.1552	0.2715	55.1338	54.7073
3.2005	6.1552	0.2663	55.2947	54.7009
3.2010	6.1549	0.2648	55.5419	55.0319
3.2015	6.1566	0.2507	55.6582	54.8819
3.2020	6.1562	0.2517	55.7295	54.3704
3.2025	6.1569	0.2478	55.7233	54.3270
3.2030	6.1568	0.2440	55.4832	54.3901
3.2035	6.1582	0.2307	55.5602	54.6042
3.2040	6.1598	0.2205	55.3176	54.9529
3.2045	6.1590	0.2155	55.0025	54.9574
3.2050	6.1596	0.2176	55.2351	55.1137
3.2055	6.1595	0.2173	55.5558	55.0305
3.2060	6.1591	0.2238	55.6867	54.9494
3.2065	6.1587	0.2273	55.8571	55.1006
3.2070	6.1591	0.2262	55.9818	54.9548
3.2075	6.1594	0.2225	56.0720	54.6636
3.2080	6.1593	0.2227	55.9706	54.6305
3.2085	6.1584	0.2273	55.7944	54.6096
3.2090	6.1579	0.2299	55.6933	54.7439
3.2095	6.1569	0.2496	55.3856	54.7806
3.2100	6.1554	0.2587	55.0550	54.9949
3.2105	6.1549	0.2699	54.3552	55.2037
3.2110	6.1548	0.2728	52.5722	55.0195
3.2115	6.1550	0.2667	52.6618	54.8085
3.2120	6.1544	0.2744	52.6723	54.7622
3.2125	6.1554	0.2638	53.0216	54.5500
3.2130	6.1557	0.2596	53.3061	54.3351
3.2135	6.1556	0.2625	53.6766	54.4603
3.2140	6.1552	0.2644	53.9015	54.6224
3.2145	6.1552	0.2696	54.1421	54.7364
3.2150	6.1549	0.2752	54.4226	54.8454
3.2155	6.1542	0.2697	54.7732	55.0372
3.2160	6.1537	0.2809	55.0223	55.3131
3.2165	6.1546	0.2713	55.2455	55.2451
3.2170	6.1559	0.2650	55.3687	54.9821
3.2175	6.1556	0.2628	55.4585	54.9672
3.2180	6.1558	0.2605	55.6568	54.7702
3.2185	6.1556	0.2614	55.8006	54.5280
3.2190	6.1551	0.2697	55.7805	54.6766
3.2195	6.1540	0.2787	55.6754	54.9063
3.2200	6.1533	0.2890	55.1120	54.9624
3.2205	6.1526	0.2948	55.1867	55.1804
3.2210	6.1536	0.2865	55.2728	55.2334
3.2215	6.1543	0.2711	55.3582	55.3711
3.2220	6.1546	0.2735	55.5682	55.1444
3.2225	6.1539	0.2745	55.8215	54.7641
3.2230	6.1538	0.2791	56.0815	54.7856
3.2235	6.1539	0.2801	56.1230	54.6997
3.2240	6.1536	0.2832	56.1202	54.6021
3.2245	6.1527	0.2886	56.0774	54.7362
3.2250	6.1524	0.2889	56.0853	54.7659
3.2255	6.1531	0.2886	55.8018	54.6992
3.2260	6.1532	0.2825	55.4697	54.7709
3.2265	6.1545	0.2753	54.9150	54.8992
3.2270	6.1540	0.2777	54.1148	55.1187
3.2275	6.1535	0.2832	53.7093	54.7981
3.2280	6.1559	0.2613	52.5149	54.4893
3.2285	6.1569	0.2450	52.8330	54.5135
3.2290	6.1572	0.2387	53.0594	54.4511
3.2295	6.1564	0.2469	53.3683	54.4474
3.2300	6.1554	0.2589	53.6465	54.7584
3.2305	6.1550	0.2729	53.9008	54.7346
3.2310	6.1533	0.2803	54.1316	54.6986
3.2315	6.1537	0.2807	54.4206	54.7404
3.2320	6.1547	0.2729	54.7112	54.8242
3.2325	6.1550	0.2647	55.0534	55.0935
3.2330	6.1558	0.2552	55.2225	54.9986
3.2335	6.1572	0.2434	55.2830	54.7482
3.2340	6.1571	0.2460	55.3381	54.7912
3.2345	6.1573	0.2407	55.5813	54.5775
3.2350	6.1566	0.2499	55.7173	54.5395
3.2355	6.1568	0.2491	55.8364	54.8383
3.2360	6.1568	0.2492	55.4859	54.8783
3.2365	6.1571	0.2437	54.5888	54.8845
3.2370	6.1579	0.2391	54.8596	54.8480
3.2375	6.1580	0.2284	55.1711	55.0910
3.2380	6.1579	0.2315	55.4740	54.9863
3.2385	6.1589	0.2254	55.6894	54.7573
3.2390	6.1602	0.2135	55.9439	54.7850
3.2395	6.1603	0.2069	56.1279	54.7855
3.2400	6.1585	0.2298	56.1465	54.5596
3.2405	6.1569	0.2472	56.0649	54.3806
3.2410	6.1558	0.2592	56.0810	54.5504
3.2415	6.1546	0.2638	56.0902	54.6632
3.2420	6.1548	0.2635	55.6861	54.8580
3.2425	6.1555	0.2650	55.3502	54.9565
3.2430	6.1551	0.2617	54.8758	55.1064
3.2435	6.1547	0.2683	54.1964	54.9259
3.2440	6.1556	0.2615	54.0222	54.7110
3.2445	6.1551	0.2629	52.4873	54.7206
3.2450	6.1551	0.2679	52.8233	54.9101
3.2455	6.1582	0.2397	53.2222	54.7692
3.2460	6.1584	0.2265	53.4066	54.6003
3.2465	6.1580	0.2340	53.5936	54.8384
3.2470	6.1585	0.2284	53.9425	54.8913
3.2475	6.1587	0.2193	54.3170	55.0343
3.2480	6.1588	0.2269	54.5125	55.1391
3.2485	6.1597	0.2195	54.6512	55.1481
3.2490	6.1604	0.2104	54.9667	55.1867
3.2495	6.1605	0.2097	55.2789	54.9782
3.2500	6.1598	0.2148	55.4045	54.8593
3.2505	6.1591	0.2289	55.3310	55.0034
3.2510	6.1583	0.2368	55.5287	54.7297
3.2515	6.1573	0.2454	55.7530	54.6044
3.2520	6.1555	0.2592	55.8615	54.8729
3.2525	6.1554	0.2643	54.6378	55.0903
3.2530	6.1545	0.2709	54.4273	55.1934
3.2535	6.1540	0.2750	54.9840	55.0334
3.2540	6.1535	0.2814	55.2986	54.8479
3.2545	6.1546	0.2711	55.5193	54.7036
3.2550	6.1559	0.2570	55.5711	54.3034
3.2555	6.1572	0.2404	55.9361	54.5506
3.2560	6.1568	0.2448	56.1584	54.6487
3.2565	6.1581	0.2366	56.1292	54.4071
3.2570	6.1584	0.2282	56.0089	54.3170
3.2575	6.1588	0.2232	56.0993	54.6305
3.2580	6.1601	0.2133	56.0146	54.8153
3.2585	6.1607	0.2042	55.7159	55.0261
3.2590	6.1608	0.2039	55.1388	54.9855
3.2595	6.1606	0.2095	54.9222	54.8294
3.2600	6.1599	0.2092	54.4597	54.6676
3.2605	6.1594	0.2169	53.9111	54.4045
3.2610	6.1587	0.2281	53.2254	54.6105
3.2615	6.1571	0.2416	52.6596	54.9152
3.2620	6.1556	0.2562	53.2676	54.8371
3.2625	6.1545	0.2730	53.4574	54.7927
3.2630	6.1545	0.2720	53.6522	54.9869
3.2635	6.1551	0.2603	53.8481	55.0424
3.2640	6.1557	0.2558	54.2627	55.1027
3.2645	6.1562	0.2559	54.5640	55.0319
3.2650	6.1560	0.2570	54.8336	54.9384
3.2655	6.1564	0.2567	54.9492	54.6028
3.2660	6.1568	0.2445	55.2038	54.4830
3.2665	6.1577	0.2386	55.2614	54.6224
3.2670	6.1580	0.2287	55.3914	54.6052
3.2675	6.1596	0.2221	55.4774	54.6323
3.2680	6.1599	0.2113	55.8066	54.7569
3.2685	6.1598	0.2164	54.3821	54.9294
3.2690	6.1597	0.2154	54.1273	54.8447
3.2695	6.1606	0.2114	54.5606	54.8107
3.2700	6.1606	0.2035	54.9379	54.7733
3.2705	6.1601	0.2066	55.3283	54.8930
3.2710	6.1586	0.2268	55.4081	54.7608
3.2715	6.1565	0.2428	55.6774	54.6628
3.2720	6.1550	0.2647	55.9952	54.7064
3.2725	6.1544	0.2731	56.1628	54.7443
3.2730	6.1538	0.2828	56.0338	54.7494
3.2735	6.1548	0.2737	55.9380	54.8690
3.2740	6.1535	0.2792	56.0968	55.1122
3.2745	6.1538	0.2806	55.9641	54.9823
3.2750	6.1538	0.2850	55.5425	54.9366
3.2755	6.1552	0.2681	54.9849	54.9452
3.2760	6.1570	0.2476	54.9242	54.9849
3.2765	6.1570	0.2397	54.2379	54.8570
3.2770	6.1573	0.2396	53.3692	54.7817
3.2775	6.1582	0.2371	53.1861	54.8811
3.2780	6.1589	0.2238	52.8966	55.0829
3.2785	6.1591	0.2216	53.4889	54.8782
3.2790	6.1594	0.2189	53.5970	54.9184
3.2795	6.1592	0.2248	53.7493	54.9407
3.2800	6.1591	0.2184	54.0818	54.8845
3.2805	6.1583	0.2295	54.5997	55.0103
3.2810	6.1574	0.2357	54.7468	55.1411
3.2815	6.1570	0.2452	54.8664	55.2119
3.2820	6.1557	0.2604	55.1214	54.9659
3.2825	6.1546	0.2683	55.5219	54.5973
3.2830	6.1534	0.2791	55.5734	54.5136
3.2835	6.1523	0.2943	55.4891	54.4386
3.2840	6.1529	0.2924	55.6086	54.4354
3.2845	6.1528	0.2907	55.5195	54.7176
3.2850	6.1522	0.2965	55.4959	54.7626
3.2855	6.1528	0.2947	55.4191	54.6891
3.2860	6.1539	0.2746	54.8062	54.7005
3.2865	6.1546	0.2697	54.9258	54.8447
3.2870	6.1552	0.2659	55.4835	54.9590
3.2875	6.1559	0.2579	55.4628	54.8195
3.2880	6.1564	0.2508	55.6106	54.5412
3.2885	6.1567	0.2523	55.9477	54.5208
3.2890	6.1571	0.2450	56.1406	54.4221
3.2895	6.1566	0.2478	56.0065	54.3788
3.2900	6.1572	0.2455	55.8636	54.7674
3.2905	6.1584	0.2346	55.9672	55.0610
3.2910	6.1581	0.2286	55.8264	55.0746
3.2915	6.1594	0.2225	55.4561	55.1305
3.2920	6.1587	0.2232	54.8062	55.2287
3.2925	6.1574	0.2375	54.7630	55.1464
3.2930	6.1562	0.2540	53.5301	54.9176
3.2935	6.1547	0.2693	52.5355	54.7932
3.2940	6.1542	0.2771	52.7449	54.6784
3.2945	6.1545	0.2716	52.9638	54.6190
3.2950	6.1549	0.2664	53.4725	54.5517
3.2955	6.1558	0.2618	53.6599	54.6582
3.2960	6.1572	0.2434	53.8719	54.7734
3.2965	6.1584	0.2284	54.0749	54.9522
3.2970	6.1594	0.2208	54.5440	55.0008
3.2975	6.1587	0.2195	54.8271	54.9909
3.2980	6.1583	0.2266	55.0581	54.9119
3.2985	6.1580	0.2337	55.1827	54.6502
3.2990	6.1585	0.2267	55.4318	54.5664
3.2995	6.1594	0.2221	55.5362	54.6782
3.3000	6.1589	0.2235	55.6698	54.7085
3.3005	6.1590	0.2297	55.6410	54.5742
3.3010	6.1592	0.2193	55.1436	54.6686
3.3015	6.1590	0.2232	55.5888	54.8847
3.3020	6.1591	0.2239	55.5298	55.0166
3.3025	6.1588	0.2224	55.0046	55.1633
3.3030	6.1587	0.2325	54.9447	55.0789
3.3035	6.1580	0.2326	55.4590	55.0322
3.3040	6.1566	0.2502	55.5952	54.8858
3.3045	6.1556	0.2612	55.7218	54.7967
3.3050	6.1552	0.2624	55.9166	54.9390
3.3055	6.1559	0.2582	56.0988	55.0169
3.3060	6.1560	0.2520	56.0719	54.7634
3.3065	6.1565	0.2518	55.9355	54.8922
3.3070	6.1572	0.2418	55.8600	55.0293
3.3075	6.1585	0.2291	55.6648	55.0738
3.3080	6.1591	0.2207	55.3854	55.0217
3.3085	6.1602	0.2172	54.8441	54.8728
3.3090	6.1603	0.2104	54.6404	55.0010
3.3095	6.1592	0.2170	53.0869	54.9456
3.3100	6.1596	0.2201	52.6364	54.8907
3.3105	6.1597	0.2150	52.7915	55.0837
3.3110	6.1598	0.2107	52.9646	54.8505
3.3115	6.1603	0.2169	53.4344	54.5637
3.3120	6.1601	0.2107	53.6936	54.5188
3.3125	6.1599	0.2116	53.9086	54.5197
3.3130	6.1590	0.2234	54.1847	54.8646
3.3135	6.1569	0.2377	54.5966	54.8054
3.3140	6.1565	0.2468	54.8640	54.6816
3.3145	6.1549	0.2697	55.0143	54.7747
3.3150	6.1553	0.2685	55.1780	54.6422
3.3155	6.1548	0.2681	55.4289	54.8285
3.3160	6.1551	0.2641	55.6084	55.0835
3.3165	6.1556	0.2573	55.6110	54.6913
3.3170	6.1562	0.2529	55.7855	54.3310
3.3175	6.1559	0.2547	55.6457	54.4061
3.3180	6.1568	0.2546	55.4785	54.4428
3.3185	6.1581	0.2285	55.4603	54.7833
3.3190	6.1591	0.2206	55.1478	54.9750
3.3195	6.1592	0.2210	55.0170	54.9939
3.3200	6.1593	0.2248	55.4186	55.1251
3.3205	6.1591	0.2207	55.6305	54.9434
3.3210	6.1588	0.2270	55.7551	55.0008
3.3215	6.1585	0.2325	55.8577	55.0835
3.3220	6.1587	0.2286	56.0340	54.8421
3.3225	6.1584	0.2238	55.9862	54.6730
3.3230	6.1585	0.2263	55.9400	54.6565
3.3235	6.1575	0.2337	55.7836	54.6846
3.3240	6.1577	0.2451	55.7120	54.8429
3.3245	6.1561	0.2540	55.1504	54.9088
3.3250	6.1552	0.2652	54.9243	55.1129
3.3255	6.1542	0.2745	53.5934	55.1465
3.3260	6.1539	0.2705	52.4711	54.9195
3.3265	6.1539	0.2785	52.7480	54.7716
3.3270	6.1549	0.2737	52.6876	54.7108
3.3275	6.1557	0.2580	53.1212	54.4620
3.3280	6.1560	0.2585	53.4276	54.3517
3.3285	6.1557	0.2589	53.8647	54.5420
3.3290	6.1558	0.2633	53.9273	54.7091
3.3295	6.1546	0.2704	54.1358	54.8025
3.3300	6.1550	0.2688	54.5157	54.9152
3.3305	6.1547	0.2673	55.0017	55.1597
3.3310	6.1552	0.2714	55.1788	55.3265
3.3315	6.1558	0.2585	55.1956	55.1082
3.3320	6.1564	0.2493	55.3098	54.9586
3.3325	6.1565	0.2497	55.5845	54.9298
3.3330	6.1574	0.2475	55.7722	54.6534
3.3335	6.1569	0.2442	55.6623	54.5752
3.3340	6.1555	0.2621	55.7286	54.8331
3.3345	6.1548	0.2706	55.5474	54.9628
3.3350	6.1535	0.2797	55.1733	55.0253
3.3355	6.1538	0.2765	55.1400	55.2392
3.3360	6.1546	0.2648	55.0670	55.2910
3.3365	6.1561	0.2574	55.5084	55.3507
3.3370	6.1559	0.2572	55.8148	54.9420
3.3375	6.1561	0.2548	55.8928	54.7356
3.3380	6.1559	0.2600	55.9822	54.7823
3.3385	6.1548	0.2662	56.1324	54.6553
3.3390	6.1535	0.2764	56.3003	54.6812
3.3395	6.1529	0.2897	56.0534	54.8290
3.3400	6.1531	0.2871	55.8394	54.7659
3.3405	6.1542	0.2722	55.6129	54.7605
3.3410	6.1555	0.2629	55.5573	54.8413
3.3415	6.1556	0.2608	54.5903	55.0298
3.3420	6.1547	0.2708	53.9338	55.0023
3.3425	6.1552	0.2668	53.1421	54.5993
3.3430	6.1571	0.2462	52.5734	54.4614
3.3435	6.1576	0.2395	53.0537	54.5431
3.3440	6.1581	0.2354	52.9942	54.4470
3.3445	6.1572	0.2451	53.4359	54.6233
3.3450	6.1558	0.2552	53.7982	54.8586
3.3455	6.1545	0.2752	54.0880	54.7218
3.3460	6.1538	0.2784	54.1469	54.7452
3.3465	6.1540	0.2785	54.5362	54.7406
3.3470	6.1546	0.2700	54.8891	54.8979
3.3475	6.1551	0.2694	55.1446	55.0892
3.3480	6.1560	0.2568	55.1206	54.8495
3.3485	6.1566	0.2501	55.2822	54.7387
3.3490	6.1573	0.2413	55.5211	54.7689
3.3495	6.1576	0.2390	55.7961	54.5177
3.3500	6.1576	0.2384	55.6211	54.7114
3.3505	6.1584	0.2325	55.7112	54.9122
3.3510	6.1577	0.2337	55.1241	54.9102
3.3515	6.1578	0.2386	54.6933	54.8278
3.3520	6.1581	0.2345	54.9398	54.9037
3.3525	6.1581	0.2348	55.1495	55.1053
3.3530	6.1578	0.2340	55.6364	54.8690
3.3535	6.1593	0.2219	55.9262	54.7827
3.3540	6.1601	0.2129	55.9612	54.8107
3.3545	6.1597	0.2193	55.9428	54.7600
3.3550	6.1572	0.2424	56.0950	54.4680
3.3555	6.1567	0.2490	56.2932	54.4581
3.3560	6.1551	0.2639	56.0922	54.6090
3.3565	6.1544	0.2708	55.8333	54.7067
3.3570	6.1553	0.2672	55.5303	54.8672
3.3575	6.1551	0.2645	55.4514	55.0164
3.3580	6.1553	0.2653	54.4230	55.0782
3.3585	6.1552	0.2619	54.0523	54.8073
3.3590	6.1561	0.2600	53.5177	54.6812
3.3595	6.1557	0.2667	52.5350	54.7766
3.3600	6.1564	0.2561	53.1003	54.9221
3.3605	6.1587	0.2296	53.0642	54.6571
3.3610	6.1589	0.2222	53.4761	54.6830
3.3615	6.1589	0.2251	53.8403	54.8773
3.3620	6.1594	0.2189	54.1267	54.9421
3.3625	6.1588	0.2209	54.1732	55.1032
3.3630	6.1586	0.2263	54.4799	55.1444
3.3635	6.1599	0.2121	54.9476	55.1803
3.3640	6.1602	0.2083	55.2361	55.1600
3.3645	6.1599	0.2114	55.1861	54.8747
3.3650	6.1590	0.2178	55.2185	54.9398
3.3655	6.1584	0.2295	55.5303	54.9338
3.3660	6.1573	0.2381	55.7133	54.6004
3.3665	6.1561	0.2526	55.7343	54.6605
3.3670	6.1550	0.2619	55.3897	54.9773
3.3675	6.1548	0.2674	54.4987	55.1338
3.3680	6.1543	0.2694	54.8444	55.1802
3.3685	6.1548	0.2756	54.9383	54.9369
3.3690	6.1553	0.2654	55.2414	54.8373
3.3695	6.1556	0.2656	55.5924	54.5267
3.3700	6.1570	0.2493	55.8937	54.3336
3.3705	6.1578	0.2377	56.0157	54.6508
3.3710	6.1574	0.2419	55.9888	54.5582
3.3715	6.1585	0.2267	56.0902	54.3141
3.3720	6.1591	0.2218	56.1910	54.4059
3.3725	6.1599	0.2145	56.0632	54.7400
3.3730	6.1607	0.2065	55.7713	54.8979
3.3735	6.1611	0.2025	55.5317	55.0631
3.3740	6.1611	0.2058	55.1919	54.9075
3.3745	6.1602	0.2096	54.8639	54.8144
3.3750	6.1598	0.2130	54.0133	54.5452
3.3755	6.1591	0.2208	53.7594	54.4438
3.3760	6.1580	0.2357	53.0720	54.7491
3.3765	6.1564	0.2505	52.8901	54.9308
3.3770	6.1553	0.2667	53.1917	54.7586
3.3775	6.1546	0.2746	53.4164	54.8616
3.3780	6.1554	0.2667	53.9018	55.0059
3.3785	6.1557	0.2647	54.1127	55.0711
3.3790	6.1559	0.2556	54.2492	55.0904
3.3795	6.1555	0.2652	54.5563	54.9973
3.3800	6.1547	0.2708	54.9402	54.8594
3.3805	6.1545	0.2715	55.1545	54.5401
3.3810	6.1557	0.2614	55.1312	54.5761
3.3815	6.1571	0.2452	55.2630	54.6426
3.3820	6.1583	0.2335	55.5267	54.5966
3.3825	6.1590	0.2267	55.8077	54.6214
3.3830	6.1588	0.2283	55.2710	54.8148
3.3835	6.1583	0.2281	53.8456	54.8778
3.3840	6.1590	0.2265	54.4974	54.7968
3.3845	6.1602	0.2132	54.7838	54.7644
3.3850	6.1601	0.2127	54.9919	54.8109
3.3855	6.1595	0.2184	55.2224	54.8893
3.3860	6.1574	0.2340	55.6826	54.6995
3.3865	6.1564	0.2508	55.9240	54.6992
3.3870	6.1550	0.2646	55.9649	54.7152
3.3875	6.1541	0.2744	55.9061	54.7540
3.3880	6.1542	0.2737	56.1308	54.7150
3.3885	6.1543	0.2745	56.2117	54.9740
3.3890	6.1537	0.2821	56.0141	55.0676
3.3895	6.1531	0.2882	55.6362	54.9303
3.3900	6.1533	0.2881	55.4520	54.9383
3.3905	6.1554	0.2667	55.1119	54.9826
3.3910	6.1568	0.2489	54.7713	54.9752
3.3915	6.1569	0.2410	53.5456	54.8599
3.3920	6.1568	0.2449	53.4106	54.7903
3.3925	6.1581	0.2340	53.2526	54.9691
3.3930	6.1588	0.2286	53.0427	55.0008
3.3935	6.1593	0.2231	53.3727	54.8009
3.3940	6.1592	0.2213	53.6005	54.9325
3.3945	6.1599	0.2121	54.0935	54.8693
3.3950	6.1596	0.2213	54.3020	54.9092
3.3955	6.1584	0.2258	54.4592	55.0456
3.3960	6.1579	0.2343	54.7463	55.1856
3.3965	6.1575	0.2381	55.1987	55.1616
3.3970	6.1555	0.2613	55.3319	54.8319
3.3975	6.1547	0.2707	55.3878	54.5583
3.3980	6.1537	0.2819	55.3900	54.5186
3.3985	6.1533	0.2846	55.7478	54.3867
3.3990	6.1536	0.2850	55.7137	54.4903
3.3995	6.1536	0.2851	55.3023	54.7239
3.4000	6.1529	0.2909	55.4193	54.6849
3.4005	6.1530	0.2891	55.4204	54.6476
3.4010	6.1544	0.2774	54.8983	54.7538
3.4015	6.1545	0.2728	54.9969	54.9677
3.4020	6.1546	0.2662	55.3145	54.9796
3.4025	6.1563	0.2543	55.6591	54.7549
3.4030	6.1560	0.2547	55.9424	54.5479
3.4035	6.1568	0.2500	55.9281	54.5136
3.4040	6.1565	0.2484	55.9200	54.3214
3.4045	6.1564	0.2499	56.0487	54.4296
3.4050	6.1570	0.2504	56.1497	54.8605
3.4055	6.1577	0.2407	55.8583	55.0250
3.4060	6.1582	0.2309	55.4695	55.0727
3.4065	6.1591	0.2266	55.2558	55.1658
3.4070	6.1571	0.2373	55.0252	55.2352
3.4075	6.1563	0.2505	54.5217	55.1126
3.4080	6.1550	0.2685	52.7764	54.9210
3.4085	6.1539	0.2755	52.5877	54.7891
3.4090	6.1543	0.2767	52.9840	54.6562
3.4095	6.1543	0.2715	53.2236	54.5394
3.4100	6.1545	0.2705	53.3631	54.4662
3.4105	6.1549	0.2668	53.6360	54.6194
3.4110	6.1560	0.2573	54.1356	54.7772
3.4115	6.1579	0.2405	54.4161	54.9733
3.4120	6.1583	0.2262	54.5701	55.0041
3.4125	6.1585	0.2333	54.7508	55.0303
3.4130	6.1581	0.2308	55.1945	54.8696
3.4135	6.1579	0.2350	55.3910	54.6096
3.4140	6.1582	0.2309	55.4513	54.6038
3.4145	6.1582	0.2281	55.3907	54.6897
3.4150	6.1584	0.2340	55.8678	54.6539
3.4155	6.1586	0.2333	55.6011	54.5159
3.4160	6.1584	0.2278	55.1722	54.7315
3.4165	6.1583	0.2328	55.4840	54.8884
3.4170	6.1583	0.2292	55.3938	55.0775
3.4175	6.1580	0.2320	55.1199	55.1655
3.4180	6.1582	0.2379	55.0677	55.0813
3.4185	6.1568	0.2419	55.3804	55.0177
3.4190	6.1554	0.2577	55.6096	54.8570
3.4195	6.1546	0.2663	56.0268	54.8335
3.4200	6.1546	0.2747	55.9942	54.9963
3.4205	6.1546	0.2706	55.9285	54.9048
3.4210	6.1546	0.2639	55.9527	54.7236
3.4215	6.1555	0.2608	56.1266	54.9440
3.4220	6.1564	0.2488	55.8786	55.0173
3.4225	6.1576	0.2397	55.4757	55.0992
3.4230	6.1585	0.2303	55.0086	54.9720
3.4235	6.1592	0.2197	54.9804	54.9419
3.4240	6.1591	0.2196	54.2745	55.0419
3.4245	6.1585	0.2212	52.5446	54.8853
3.4250	6.1595	0.2183	52.6080	54.9544
3.4255	6.1599	0.2122	52.8583	55.0278
3.4260	6.1594	0.2136	53.4343	54.6637
3.4265	6.1599	0.2112	53.4415	54.5181
3.4270	6.1602	0.2107	53.5868	54.4877
3.4275	6.1596	0.2139	54.0615	54.6569
3.4280	6.1583	0.2270	54.5257	54.9275
3.4285	6.1571	0.2456	54.6412	54.7555
3.4290	6.1555	0.2593	54.7691	54.7639
3.4295	6.1546	0.2682	55.1130	54.7703
3.4300	6.1546	0.2667	55.5287	54.6665
3.4305	6.1545	0.2667	55.5041	54.9674
3.4310	6.1552	0.2667	55.3970	54.9680
3.4315	6.1558	0.2583	55.6395	54.4792
3.4320	6.1557	0.2576	55.9876	54.2914
3.4325	6.1559	0.2531	55.6346	54.4001
3.4330	6.1566	0.2465	55.3338	54.5404
3.4335	6.1583	0.2328	55.2870	54.9407
3.4340	6.1585	0.2301	55.2572	54.9983
3.4345	6.1581	0.2322	55.2677	55.1095
3.4350	6.1580	0.2278	55.3750	55.0976
3.4355	6.1576	0.2346	55.4840	54.9389
3.4360	6.1574	0.2420	55.9645	55.0639
3.4365	6.1571	0.2398	56.1583	55.0084
3.4370	6.1581	0.2335	55.9425	54.7119
3.4375	6.1582	0.2346	55.7766	54.6296
3.4380	6.1576	0.2357	56.0157	54.6091
3.4385	6.1573	0.2406	55.9147	54.7477
3.4390	6.1565	0.2499	55.4371	54.8344
3.4395	6.1556	0.2580	54.8469	54.9556
3.4400	6.1548	0.2740	54.7740	55.2197
3.4405	6.1543	0.2725	53.0911	55.1023
3.4410	6.1545	0.2730	52.5127	54.8477
3.4415	6.1543	0.2771	52.4913	54.7440
3.4420	6.1542	0.2728	52.9192	54.6121
3.4425	6.1551	0.2608	53.4541	54.3543
3.4430	6.1554	0.2632	53.5565	54.3992
3.4435	6.1550	0.2655	53.6284	54.5920
3.4440	6.1545	0.2726	54.0065	54.7568
3.4445	6.1543	0.2712	54.5683	54.8467
3.4450	6.1546	0.2726	54.7734	55.0064
3.4455	6.1540	0.2734	54.7947	55.2859
3.4460	6.1547	0.2708	55.0721	55.3107
3.4465	6.1550	0.2615	55.4637	55.0377
3.4470	6.1557	0.2596	55.5728	54.9728
3.4475	6.1553	0.2594	55.4555	54.8361
3.4480	6.1558	0.2626	55.5960	54.5602
3.4485	6.1549	0.2647	55.9017	54.6385
3.4490	6.1540	0.2788	55.9396	54.9067
3.4495	6.1531	0.2838	55.1090	54.9817
3.4500	6.1528	0.2933	54.9778	55.1460
3.4505	6.1528	0.2900	55.3243	55.2880
3.4510	6.1544	0.2738	55.4116	55.3573
3.4515	6.1547	0.2674	55.4007	55.2548
3.4520	6.1550	0.2675	55.6312	54.7995
3.4525	6.1544	0.2688	56.2239	54.7590
3.4530	6.1545	0.2711	56.3449	54.7351
3.4535	6.1537	0.2773	55.9739	54.6165
3.4540	6.1529	0.2862	55.8522	54.7258
3.4545	6.1526	0.2903	56.1276	54.8363
3.4550	6.1531	0.2828	56.1361	54.7777
3.4555	6.1542	0.2717	55.4832	54.8207
3.4560	6.1551	0.2678	54.9492	54.9144
3.4565	6.1545	0.2655	54.2242	55.1056
3.4570	6.1540	0.2770	54.1248	54.8740
3.4575	6.1558	0.2611	52.7394	54.4980
3.4580	6.1569	0.2502	52.3953	54.4927
3.4585	6.1575	0.2434	52.9376	54.5126
3.4590	6.1573	0.2408	53.4757	54.4508
3.4595	6.1561	0.2580	53.7287	54.7527
3.4600	6.1551	0.2663	53.6275	54.8174
3.4605	6.1537	0.2782	53.9686	54.7287
3.4610	6.1535	0.2811	54.5162	54.7636
3.4615	6.1542	0.2779	54.7932	54.7820
3.4620	6.1551	0.2708	54.7655	55.0230
3.4625	6.1552	0.2586	54.9856	55.0463
3.4630	6.1563	0.2536	55.3972	54.7610
3.4635	6.1569	0.2483	55.5445	54.7847
3.4640	6.1581	0.2300	55.3935	54.6903
3.4645	6.1580	0.2330	55.5299	54.5546
3.4650	6.1587	0.2285	55.8728	54.8279
3.4655	6.1587	0.2285	55.8587	54.9251
3.4660	6.1579	0.2335	54.5877	54.9006
3.4665	6.1586	0.2291	54.5321	54.8335
3.4670	6.1583	0.2327	55.2127	55.0088
3.4675	6.1578	0.2340	55.6685	55.0636
3.4680	6.1583	0.2304	55.6178	54.8311
3.4685	6.1601	0.2157	55.6226	54.8088
3.4690	6.1603	0.2059	56.0418	54.8311
3.4695	6.1589	0.2211	56.3604	54.6511
3.4700	6.1575	0.2413	56.1550	54.4014
3.4705	6.1557	0.2539	55.9378	54.5094
3.4710	6.1550	0.2664	55.9912	54.6294
3.4715	6.1550	0.2705	56.0694	54.7952
3.4720	6.1552	0.2664	55.5277	54.9510
3.4725	6.1553	0.2620	54.8780	55.0942
3.4730	6.1550	0.2649	54.0207	55.0778
3.4735	6.1551	0.2634	54.3734	54.8320
3.4740	6.1555	0.2598	53.0796	54.7222
3.4745	6.1553	0.2671	52.5003	54.9046
3.4750	6.1571	0.2467	53.0292	54.8580
3.4755	6.1581	0.2307	53.3820	54.5966
3.4760	6.1569	0.2435	53.6975	54.7843
3.4765	6.1574	0.2378	53.7332	54.8894
3.4770	6.1584	0.2313	54.0438	54.9832
3.4775	6.1582	0.2249	54.4880	55.1246
3.4780	6.1581	0.2332	54.8686	55.1544
3.4785	6.1594	0.2225	54.9385	55.2399
3.4790	6.1593	0.2168	54.9996	55.0890
3.4795	6.1589	0.2247	55.2832	54.8590
3.4800	6.1585	0.2284	55.4909	55.0173
3.4805	6.1576	0.2394	55.6013	54.8188
3.4810	6.1567	0.2444	55.5085	54.5744
3.4815	6.1552	0.2653	55.8210	54.7947
3.4820	6.1548	0.2661	55.1438	55.0601
3.4825	6.1543	0.2704	54.4814	55.1865
3.4830	6.1540	0.2761	54.7808	55.1094
3.4835	6.1546	0.2717	54.9981	54.8746
3.4840	6.1554	0.2651	55.5478	54.7947
3.4845	6.1560	0.2558	55.7140	54.3776
3.4850	6.1570	0.2399	55.8521	54.4700
3.4855	6.1573	0.2386	55.9578	54.7004
3.4860	6.1578	0.2387	56.1854	54.4670
3.4865	6.1592	0.2262	56.2031	54.3121
3.4870	6.1593	0.2250	56.0330	54.5504
3.4875	6.1598	0.2113	55.8433	54.8159
3.4880	6.1607	0.2045	55.8064	54.9818
3.4885	6.1607	0.2055	55.4917	55.0299
3.4890	6.1605	0.2072	55.0177	54.8507
3.4895	6.1603	0.2117	54.4463	54.7537
3.4900	6.1603	0.2086	53.9576	54.4728
3.4905	6.1586	0.2215	53.6164	54.5558
3.4910	6.1579	0.2388	52.7005	54.8974
3.4915	6.1568	0.2475	52.9432	54.8915
3.4920	6.1554	0.2654	53.3119	54.7638
3.4925	6.1549	0.2643	53.7544	54.9545
3.4930	6.1555	0.2609	53.9101	55.0267
3.4935	6.1564	0.2564	54.0220	55.1119
3.4940	6.1561	0.2496	54.3494	55.0526
3.4945	6.1558	0.2589	54.8896	54.9781
3.4950	6.1550	0.2649	54.9951	54.7102
3.4955	6.1554	0.2634	55.0360	54.5027
3.4960	6.1567	0.2528	55.1092	54.6246
3.4965	6.1572	0.2391	55.5754	54.6170
3.4970	6.1584	0.2310	55.5659	54.6218
3.4975	6.1595	0.2192	55.6706	54.7010
3.4980	6.1602	0.2189	54.5929	54.8944
3.4985	6.1589	0.2230	54.1242	54.8379
3.4990	6.1599	0.2162	54.7018	54.7822
3.4995	6.1609	0.2021	54.6495	54.7590
3.5000	6.1601	0.2099	55.0934	54.8808
3.5005	6.1593	0.2230	55.5300	54.8589
3.5010	6.1575	0.2402	55.8559	54.6991
3.5015	6.1556	0.2576	55.8038	54.7435
3.5020	6.1545	0.2716	55.8844	54.7678
3.5025	6.1535	0.2821	56.0404	54.7665
3.5030	6.1549	0.2671	56.2478	54.7991
3.5035	6.1538	0.2800	56.1459	55.0815
3.5040	6.1539	0.2805	55.7889	55.0085
3.5045	6.1534	0.2815	55.5983	54.9221
3.5050	6.1545	0.2721	55.3818	54.9283
3.5055	6.1571	0.2496	54.9915	54.9777
3.5060	6.1575	0.2387	54.2941	54.9040
3.5065	6.1574	0.2387	53.3546	54.7995
3.5070	6.1575	0.2336	53.5483	54.8421
3.5075	6.1590	0.2211	53.0495	55.0792
3.5080	6.1596	0.2257	53.1196	54.9411
3.5085	6.1597	0.2151	53.4297	54.8758
3.5090	6.1602	0.2126	53.8714	54.9677
3.5095	6.1603	0.2093	54.1783	54.8589
3.5100	6.1595	0.2176	54.3131	54.9666
3.5105	6.1587	0.2294	54.5414	55.1045
3.5110	6.1582	0.2323	54.9994	55.2154
3.5115	6.1568	0.2458	55.2866	55.0590
3.5120	6.1554	0.2630	55.2790	54.6861
3.5125	6.1544	0.2723	55.3397	54.5459
3.5130	6.1531	0.2859	55.5742	54.5096
3.5135	6.1534	0.2863	55.8893	54.3928
3.5140	6.1532	0.2876	55.4838	54.6439
3.5145	6.1524	0.2980	55.2175	54.7511
3.5150	6.1524	0.2948	55.5438	54.6743
3.5155	6.1539	0.2756	55.2490	54.6614
3.5160	6.1552	0.2629	54.7990	54.8129
3.5165	6.1560	0.2593	55.0950	54.9639
3.5170	6.1566	0.2519	55.4567	54.8820
3.5175	6.1567	0.2469	55.8502	54.6167
3.5180	6.1573	0.2458	55.9419	54.5288
3.5185	6.1580	0.2372	55.8636	54.4521
3.5190	6.1572	0.2354	55.9866	54.3338
3.5195	6.1583	0.2322	56.1403	54.6322
3.5200	6.1585	0.2309	56.0852	54.9945
3.5205	6.1591	0.2233	55.6376	55.0435
3.5210	6.1594	0.2204	55.4284	55.0949
3.5215	6.1591	0.2186	55.1588	55.1929
3.5220	6.1585	0.2283	54.9845	55.1909
3.5225	6.1574	0.2452	53.8360	54.9839
3.5230	6.1558	0.2579	52.4756	54.8361
3.5235	6.1545	0.2691	52.8469	54.7026
3.5240	6.1554	0.2667	53.0431	54.6209
3.5245	6.1554	0.2645	53.2729	54.5028
3.5250	6.1553	0.2586	53.4208	54.5506
3.5255	6.1571	0.2452	53.9123	54.7211
3.5260	6.1582	0.2366	54.2563	54.8885
3.5265	6.1601	0.2180	54.4577	55.0175
3.5270	6.1594	0.2177	54.5876	54.9911
3.5275	6.1585	0.2262	54.9579	54.9428
3.5280	6.1588	0.2260	55.3415	54.7192
3.5285	6.1584	0.2263	55.3872	54.5589
3.5290	6.1593	0.2219	55.3741	54.6165
3.5295	6.1591	0.2272	55.5916	54.7149
3.5300	6.1588	0.2281	55.9664	54.5917
3.5305	6.1590	0.2234	55.2575	54.5860
3.5310	6.1588	0.2271	55.2731	54.8493
3.5315	6.1590	0.2285	55.5301	54.9617
3.5320	6.1586	0.2280	55.2961	55.1682
3.5325	6.1584	0.2288	55.0117	55.1508
3.5330	6.1575	0.2287	55.1814	55.0826
3.5335	6.1571	0.2443	55.4915	54.9262
3.5340	6.1557	0.2622	55.8060	54.7851
3.5345	6.1554	0.2684	56.0314	54.8514
3.5350	6.1562	0.2527	55.9160	54.9962
3.5355	6.1563	0.2540	55.9516	54.7806
3.5360	6.1569	0.2514	56.0728	54.7876
3.5365	6.1575	0.2414	56.0905	55.0034
3.5370	6.1583	0.2332	55.6031	55.0625
3.5375	6.1593	0.2231	55.3509	55.0752
3.5380	6.1597	0.2142	55.0355	54.9010
3.5385	6.1599	0.2062	54.9996	55.0010
3.5390	6.1596	0.2187	53.3982	54.9814
3.5395	6.1599	0.2136	52.4072	54.8456
3.5400	6.1602	0.2068	52.9180	55.0279
3.5405	6.1606	0.2116	53.0714	54.8959
3.5410	6.1602	0.2123	53.3477	54.5276
3.5415	6.1606	0.2092	53.4426	54.5147
3.5420	6.1600	0.2151	53.9479	54.4861
3.5425	6.1593	0.2242	54.3313	54.8079
3.5430	6.1581	0.2332	54.5070	54.8839
3.5435	6.1565	0.2482	54.5760	54.6985
3.5440	6.1555	0.2612	55.0119	54.7810
3.5445	6.1546	0.2678	55.3933	54.6612
3.5450	6.1553	0.2661	55.4516	54.7141
3.5455	6.1547	0.2696	55.3813	55.0367
3.5460	6.1560	0.2546	55.5727	54.7792
3.5465	6.1558	0.2564	55.9434	54.3414
3.5470	6.1566	0.2510	55.7699	54.3588
3.5475	6.1562	0.2524	55.2905	54.4577
3.5480	6.1585	0.2311	55.4392	54.7112
3.5485	6.1593	0.2175	55.4572	54.9922
3.5490	6.1587	0.2245	55.1278	54.9825
3.5495	6.1582	0.2284	55.1321	55.1250
3.5500	6.1587	0.2321	55.4593	54.9941
3.5505	6.1578	0.2340	55.8849	54.9399
3.5510	6.1580	0.2423	56.0122	55.0742
3.5515	6.1580	0.2355	55.8603	54.8926
3.5520	6.1581	0.2331	55.8639	54.6687
3.5525	6.1589	0.2251	56.1237	54.6391
3.5530	6.1575	0.2329	56.0073	54.6523
3.5535	6.1573	0.2421	55.6572	54.7897
3.5540	6.1564	0.2461	55.1071	54.8726
3.5545	6.1557	0.2644	55.0661	55.0791
3.5550	6.1546	0.2720	54.1161	55.1934
3.5555	6.1542	0.2766	52.3742	54.9705
3.5560	6.1537	0.2775	52.7151	54.7636
3.5565	6.1536	0.2802	52.8302	54.7144
3.5570	6.1554	0.2599	53.1087	54.5059
3.5575	6.1559	0.2561	53.1583	54.3062
3.5580	6.1555	0.2595	53.6755	54.4577
3.5585	6.1556	0.2574	54.0873	54.6728
3.5590	6.1544	0.2676	54.2819	54.7908
3.5595	6.1552	0.2650	54.3109	54.9008
3.5600	6.1545	0.2671	54.7360	55.1070
3.5605	6.1545	0.2673	55.2756	55.3421
3.5610	6.1559	0.2619	55.4192	55.2231
3.5615	6.1569	0.2519	55.1998	54.9617
3.5620	6.1572	0.2439	55.3092	54.9495
3.5625	6.1573	0.2394	55.7773	54.6876
3.5630	6.1571	0.2465	55.9752	54.5058
3.5635	6.1565	0.2537	55.7570	54.7437
3.5640	6.1544	0.2722	55.4854	54.9450
3.5645	6.1536	0.2781	55.1635	55.0050
3.5650	6.1535	0.2856	55.3419	55.2445
3.5655	6.1541	0.2744	55.1501	55.3148
3.5660	6.1569	0.2523	55.2064	55.3839
3.5665	6.1561	0.2523	55.6560	55.0740
3.5670	6.1564	0.2496	56.0770	54.7232
3.5675	6.1561	0.2538	56.1189	54.7571
3.5680	6.1550	0.2648	55.9179	54.6563
3.5685	6.1543	0.2758	56.0874	54.6287
3.5690	6.1528	0.2823	56.2667	54.8033
3.5695	6.1526	0.2905	56.0968	54.8064
3.5700	6.1538	0.2791	55.4807	54.7674
3.5705	6.1546	0.2732	55.3937	54.8415
3.5710	6.1547	0.2655	55.0222	55.0083
3.5715	6.1550	0.2725	54.2007	55.0724
3.5720	6.1544	0.2767	53.3569	54.6801
3.5725	6.1560	0.2565	52.2694	54.4328
3.5730	6.1565	0.2475	53.0701	54.5032
3.5735	6.1571	0.2435	53.2414	54.4464
3.5740	6.1567	0.2478	53.2875	54.5019
3.5745	6.1558	0.2574	53.4778	54.8406
3.5750	6.1544	0.2691	54.0840	54.7525
3.5755	6.1539	0.2758	54.3941	54.7472
3.5760	6.1538	0.2825	54.4210	54.7578
3.5765	6.1544	0.2720	54.5185	54.8455
3.5770	6.1548	0.2688	55.0892	55.0687
3.5775	6.1555	0.2568	55.4209	54.9215
3.5780	6.1564	0.2470	55.3311	54.7217
3.5785	6.1563	0.2537	55.2015	54.7930
3.5790	6.1566	0.2490	55.6719	54.5348
3.5795	6.1571	0.2476	55.9082	54.6073
3.5800	6.1573	0.2415	55.8458	54.9018
3.5805	6.1575	0.2434	55.1014	54.9160
3.5810	6.1575	0.2385	54.4974	54.8419
3.5815	6.1580	0.2318	55.1288	54.8367
3.5820	6.1579	0.2391	55.3363	55.0537
3.5825	6.1580	0.2328	55.3467	54.8966
3.5830	6.1589	0.2229	55.6069	54.7374
3.5835	6.1601	0.2097	56.1591	54.8006
3.5840	6.1602	0.2093	56.2312	54.8087
3.5845	6.1582	0.2311	55.9380	54.5545
3.5850	6.1569	0.2477	55.9877	54.4390
3.5855	6.1554	0.2573	56.2821	54.5908
3.5860	6.1550	0.2700	56.2193	54.6638
3.5865	6.1554	0.2631	55.5088	54.8468
3.5870	6.1559	0.2602	55.1573	54.9613
3.5875	6.1556	0.2592	54.7272	55.0736
3.5880	6.1557	0.2602	54.3363	54.9267
3.5885	6.1560	0.2546	53.8362	54.7164
3.5890	6.1557	0.2600	52.2807	54.7445
3.5895	6.1564	0.2531	52.9602	54.9635
3.5900	6.1586	0.2320	53.3605	54.7594
3.5905	6.1574	0.2359	53.4144	54.6518
3.5910	6.1564	0.2472	53.4376	54.8786
3.5915	6.1572	0.2443	53.9555	54.9181
3.5920	6.1579	0.2381	54.4920	55.0651
3.5925	6.1570	0.2458	54.5869	55.1426
3.5930	6.1578	0.2388	54.5272	55.1581
3.5935	6.1587	0.2231	54.9746	55.1988
3.5940	6.1590	0.2176	55.4817	54.9492
3.5945	6.1594	0.2248	55.4286	54.9021
3.5950	6.1578	0.2351	55.1592	55.0061
3.5955	6.1579	0.2366	55.4537	54.6882
3.5960	6.1566	0.2510	55.9714	54.6253
3.5965	6.1549	0.2636	55.9161	54.9151
3.5970	6.1554	0.2677	54.3943	55.1039
3.5975	6.1547	0.2712	54.4051	55.1967
3.5980	6.1548	0.2704	55.1286	54.9890
3.5985	6.1550	0.2685	55.4660	54.8479
3.5990	6.1557	0.2596	55.4001	54.6638
3.5995	6.1562	0.2531	55.4870	54.3106
3.6000	6.1580	0.2387	56.1249	54.6204
3.6005	6.1571	0.2421	56.3452	54.6458
3.6010	6.1583	0.2303	56.0194	54.3957
3.6015	6.1588	0.2257	55.8291	54.3675
3.6020	6.1593	0.2175	56.1526	54.6711
3.6025	6.1609	0.2087	56.1447	54.8580
3.6030	6.1604	0.2012	55.6105	55.0489
3.6035	6.1607	0.2080	54.9314	54.9549
3.6040	6.1599	0.2146	54.9433	54.8386
3.6045	6.1601	0.2116	54.5345	54.6548
3.6050	6.1596	0.2220	53.8797	54.4447
3.6055	6.1584	0.2279	52.8703	54.6975
3.6060	6.1571	0.2435	52.6227	54.9538
3.6065	6.1555	0.2572	53.5068	54.8067
3.6070	6.1546	0.2721	53.5594	54.8120
3.6075	6.1546	0.2691	53.4535	54.9948
3.6080	6.1558	0.2607	53.7746	55.0519
3.6085	6.1567	0.2521	54.6063	55.1105
3.6090	6.1563	0.2522	54.7663	55.0326
3.6095	6.1559	0.2567	54.5357	54.9387
3.6100	6.1559	0.2605	54.7526	54.6024
3.6105	6.1567	0.2514	55.4612	54.5376
3.6110	6.1578	0.2375	55.5669	54.6333
3.6115	6.1588	0.2221	55.2264	54.6295
3.6120	6.1593	0.2225	55.3096	54.6310
3.6125	6.1603	0.2160	55.7874	54.7750
3.6130	6.1599	0.2185	54.3998	54.9098
3.6135	6.1597	0.2194	54.1342	54.8205
3.6140	6.1603	0.2121	54.3160	54.8047
3.6145	6.1612	0.2039	55.0508	54.8019
3.6150	6.1602	0.2054	55.6322	54.9341
3.6155	6.1594	0.2270	55.4886	54.7851
3.6160	6.1570	0.2463	55.4085	54.7266
3.6165	6.1559	0.2592	55.9617	54.7484
3.6170	6.1546	0.2747	56.3923	54.7631
3.6175	6.1544	0.2735	56.1014	54.7136
3.6180	6.1557	0.2640	55.7237	54.8849
3.6185	6.1547	0.2673	55.9952	55.0822
3.6190	6.1546	0.2728	56.1421	54.9461
3.6195	6.1548	0.2702	55.6391	54.9369
3.6200	6.1563	0.2488	54.7157	54.9798
3.6205	6.1580	0.2360	54.7027	55.0091
3.6210	6.1583	0.2357	54.2079	54.8839
3.6215	6.1583	0.2323	53.5703	54.8268
3.6220	6.1593	0.2179	53.0023	54.9401
3.6225	6.1599	0.2172	52.7190	55.0629
3.6230	6.1598	0.2191	53.6645	54.8243
3.6235	6.1602	0.2154	53.8423	54.9109
3.6240	6.1602	0.2072	53.6801	54.8855
3.6245	6.1608	0.2113	53.8658	54.8723
3.6250	6.1599	0.2104	54.6918	55.0188
3.6255	6.1594	0.2213	55.0691	55.1608
3.6260	6.1577	0.2289	54.8751	55.2314
3.6265	6.1561	0.2550	54.8557	54.9672
3.6270	6.1548	0.2612	55.5547	54.6287
3.6275	6.1542	0.2779	55.8215	54.5579
3.6280	6.1533	0.2849	55.5409	54.4358
3.6285	6.1533	0.2814	55.3161	54.4480
3.6290	6.1526	0.2918	55.4127	54.7027
3.6295	6.1524	0.2944	55.8308	54.7023
3.6300	6.1541	0.2809	55.5273	54.6450
3.6305	6.1561	0.2605	54.4894	54.6922
3.6310	6.1562	0.2527	54.8866	54.8966
3.6315	6.1568	0.2487	55.7319	54.9847
3.6320	6.1575	0.2387	55.5893	54.8092
3.6325	6.1574	0.2401	55.4118	54.5755
3.6330	6.1577	0.2365	55.8686	54.5602
3.6335	6.1577	0.2359	56.4235	54.4025
3.6340	6.1585	0.2374	56.1276	54.3972
3.6345	6.1580	0.2354	55.6181	54.8089
3.6350	6.1585	0.2289	55.7838	55.0401
3.6355	6.1589	0.2272	55.9800	55.0532
3.6360	6.1594	0.2214	55.5627	55.1173
3.6365	6.1590	0.2284	54.6298	55.2236
3.6370	6.1574	0.2402	54.5295	55.1458
3.6375	6.1559	0.2566	53.5238	54.9186
3.6380	6.1547	0.2681	52.7732	54.8144
3.6385	6.1541	0.2700	52.6167	54.6869
3.6390	6.1549	0.2648	52.7869	54.6043
3.6395	6.1558	0.2623	53.6236	54.4990
3.6400	6.1561	0.2555	53.9292	54.6284
3.6405	6.1586	0.2340	53.8281	54.7597
3.6410	6.1592	0.2158	53.9154	54.9319
3.6415	6.1598	0.2113	54.7046	54.9712
3.6420	6.1593	0.2248	55.1015	54.9855
3.6425	6.1589	0.2248	54.9896	54.9296
3.6430	6.1587	0.2316	54.9141	54.6613
3.6435	6.1589	0.2251	55.4983	54.6229
3.6440	6.1592	0.2213	55.8353	54.6995
3.6445	6.1592	0.2216	55.7476	54.6947
3.6450	6.1587	0.2247	55.3008	54.5404
3.6455	6.1591	0.2213	55.0757	54.6787
3.6460	6.1585	0.2257	55.8911	54.8555
3.6465	6.1589	0.2239	55.5296	55.0040
3.6470	6.1588	0.2284	54.7754	55.1574
3.6475	6.1588	0.2236	54.8927	55.0770
3.6480	6.1581	0.2339	55.7613	55.0199
3.6485	6.1563	0.2452	55.7336	54.8944
3.6490	6.1555	0.2645	55.5114	54.8414
3.6495	6.1560	0.2551	55.7691	54.9848
3.6500	6.1565	0.2506	56.2845	54.9842
3.6505	6.1567	0.2506	56.2120	54.7307
3.6510	6.1573	0.2437	55.7607	54.8835
3.6515	6.1578	0.2405	55.6421	54.9992
3.6520	6.1590	0.2212	55.8351	55.0684
3.6525	6.1599	0.2136	55.5195	54.9832
3.6530	6.1608	0.2044	54.6870	54.8772
3.6535	6.1603	0.2087	54.2335	55.0341
3.6540	6.1601	0.2144	52.9605	54.9208
3.6545	6.1604	0.2062	52.9793	54.9223
3.6550	6.1615	0.2008	52.7277	55.0866
3.6555	6.1607	0.2042	52.8001	54.7827
3.6560	6.1602	0.2076	53.5073	54.5420
3.6565	6.1608	0.2032	53.9940	54.4930
3.6570	6.1599	0.2116	53.9957	54.5644
3.6575	6.1588	0.2213	53.9499	54.8808
3.6580	6.1574	0.2431	54.5401	54.7537
3.6585	6.1559	0.2523	55.1544	54.7040
3.6590	6.1548	0.2656	55.1154	54.7746
3.6595	6.1547	0.2703	55.0528	54.6574
3.6600	6.1546	0.2669	55.3792	54.9042
3.6605	6.1555	0.2657	55.7668	55.0612
3.6610	6.1559	0.2590	55.7585	54.6129
3.6615	6.1564	0.2573	55.6508	54.3095
3.6620	6.1568	0.2458	55.4713	54.3910
3.6625	6.1573	0.2434	55.6134	54.4730
3.6630	6.1590	0.2278	55.5568	54.8187
3.6635	6.1593	0.2226	55.0362	54.9607
3.6640	6.1582	0.2303	54.9787	55.0288
3.6645	6.1573	0.2394	55.5486	55.1299
3.6650	6.1571	0.2435	55.6826	54.9743
3.6655	6.1566	0.2512	55.6851	55.0537
3.6660	6.1565	0.2434	55.8443	55.0892
3.6665	6.1568	0.2496	56.1535	54.8062
3.6670	6.1576	0.2408	56.0564	54.6346
3.6675	6.1573	0.2365	55.8686	54.5683
3.6680	6.1571	0.2437	55.6373	54.6450
3.6685	6.1570	0.2453	55.6736	54.7497
3.6690	6.1558	0.2579	55.2003	54.8356
3.6695	6.1550	0.2663	54.8922	55.1325
3.6700	6.1542	0.2708	53.2057	55.1469
3.6705	6.1544	0.2738	52.4792	54.9160
3.6710	6.1546	0.2719	52.8052	54.8283
3.6715	6.1552	0.2664	52.7803	54.7213
3.6720	6.1565	0.2520	53.1012	54.4245
3.6725	6.1560	0.2534	53.4502	54.3439
3.6730	6.1562	0.2593	53.9569	54.5055
3.6735	6.1556	0.2614	53.9998	54.6544
3.6740	6.1554	0.2646	54.1615	54.7517
3.6745	6.1552	0.2688	54.5860	54.9201
3.6750	6.1545	0.2732	55.0601	55.1858
3.6755	6.1548	0.2706	55.1754	55.3735
3.6760	6.1555	0.2622	55.1461	55.1391
3.6765	6.1566	0.2477	55.3476	55.0376
3.6770	6.1570	0.2416	55.6990	54.9238
3.6775	6.1571	0.2404	55.8115	54.5974
3.6780	6.1564	0.2487	55.5971	54.5563
3.6785	6.1550	0.2579	55.7037	54.8030
3.6790	6.1547	0.2691	55.5563	54.9236
3.6795	6.1538	0.2769	55.2433	55.0616
3.6800	6.1535	0.2859	55.0529	55.2464
3.6805	6.1544	0.2728	55.0357	55.3418
3.6810	6.1551	0.2651	55.6603	55.3603
3.6815	6.1550	0.2611	55.9562	54.9311
3.6820	6.1550	0.2614	55.8790	54.7782
3.6825	6.1549	0.2649	55.9002	54.7701
3.6830	6.1541	0.2714	56.1550	54.5976
3.6835	6.1531	0.2863	56.3374	54.6427
3.6840	6.1523	0.2962	56.0224	54.7690
3.6845	6.1535	0.2861	55.7925	54.7339
3.6850	6.1541	0.2720	55.6086	54.7288
3.6855	6.1552	0.2655	55.5249	54.8699
3.6860	6.1549	0.2672	54.4074	55.1087
3.6865	6.1539	0.2766	53.8468	54.9949
3.6870	6.1555	0.2647	52.9272	54.5894
3.6875	6.1565	0.2481	52.6927	54.4815
3.6880	6.1574	0.2452	53.1408	54.5221
3.6885	6.1574	0.2398	52.9973	54.3801
3.6890	6.1561	0.2545	53.4816	54.6211
3.6895	6.1554	0.2673	53.8981	54.8041
3.6900	6.1537	0.2792	54.1701	54.6953
3.6905	6.1537	0.2843	54.1177	54.7580
3.6910	6.1542	0.2768	54.4895	54.7618
3.6915	6.1553	0.2659	54.9863	54.9660
3.6920	6.1559	0.2568	55.2642	55.1035
3.6925	6.1568	0.2501	55.1119	54.8184
3.6930	6.1575	0.2394	55.2173	54.7591
3.6935	6.1583	0.2322	55.5173	54.7185
3.6940	6.1589	0.2294	55.8473	54.5122
3.6945	6.1586	0.2286	55.6667	54.7186
3.6950	6.1586	0.2253	55.6271	54.8759
3.6955	6.1583	0.2326	54.9158	54.8828
3.6960	6.1587	0.2251	54.7938	54.8299
3.6965	6.1590	0.2268	55.0967	54.9524
3.6970	6.1586	0.2258	55.2231	55.0895
3.6975	6.1586	0.2274	55.5718	54.8276
3.6980	6.1600	0.2115	55.9175	54.7705
3.6985	6.1610	0.2044	56.0394	54.7944
3.6990	6.1597	0.2139	56.0188	54.7028
3.6995	6.1580	0.2328	56.0911	54.4025
3.7000	6.1570	0.2487	56.2935	54.4576
3.7005	6.1555	0.2629	56.1249	54.6006
3.7010	6.1552	0.2673	55.7849	54.7172
3.7015	6.1553	0.2618	55.3809	54.8916
3.7020	6.1569	0.2583	55.3609	55.0614
3.7025	6.1561	0.2576	54.4048	55.0822
3.7030	6.1559	0.2579	54.1425	54.7742
3.7035	6.1560	0.2561	53.1134	54.6652
3.7040	6.1555	0.2626	52.5258	54.7867
3.7045	6.1569	0.2454	53.2405	54.9062
3.7050	6.1582	0.2373	53.1646	54.6201
3.7055	6.1560	0.2478	53.4667	54.7401
3.7060	6.1564	0.2473	53.8024	54.8996
3.7065	6.1576	0.2394	54.2356	54.9834
3.7070	6.1581	0.2336	54.3370	55.1329
3.7075	6.1579	0.2344	54.5255	55.1448
3.7080	6.1590	0.2191	54.9101	55.1670
3.7085	6.1597	0.2148	55.2439	55.0856
3.7090	6.1591	0.2218	55.2635	54.8179
3.7095	6.1584	0.2280	55.2380	54.9404
3.7100	6.1582	0.2380	55.5129	54.8849
3.7105	6.1574	0.2452	55.7063	54.5828
3.7110	6.1554	0.2600	55.8821	54.7458
3.7115	6.1545	0.2685	55.2052	55.0509
3.7120	6.1544	0.2688	54.3377	55.1878
3.7125	6.1544	0.2720	54.8655	55.1625
3.7130	6.1549	0.2703	55.0605	54.8799
3.7135	6.1552	0.2627	55.3697	54.7716
3.7140	6.1559	0.2627	55.5424	54.3949
3.7145	6.1561	0.2520	55.9037	54.3297
3.7150	6.1571	0.2413	56.0888	54.6717
3.7155	6.1572	0.2430	56.0569	54.5448
3.7160	6.1588	0.2257	56.0460	54.3479
3.7165	6.1588	0.2272	56.1496	54.5050
3.7170	6.1602	0.2139	56.1057	54.8083
3.7175	6.1604	0.2053	55.7844	54.9450
3.7180	6.1604	0.2065	55.4176	55.0470
3.7185	6.1605	0.2030	55.1393	54.8561
3.7190	6.1598	0.2067	54.7601	54.7456
3.7195	6.1600	0.2102	53.9913	54.4759
3.7200	6.1593	0.2267	53.6263	54.4303
3.7205	6.1576	0.2347	52.8184	54.8074
3.7210	6.1563	0.2529	53.0334	54.9407
3.7215	6.1552	0.2644	53.2844	54.7848
3.7220	6.1543	0.2666	53.4723	54.9372
3.7225	6.1548	0.2697	53.8509	55.0461
3.7230	6.1560	0.2543	54.1465	55.0930
3.7235	6.1571	0.2493	54.3509	55.0654
3.7240	6.1565	0.2509	54.6049	54.9679
3.7245	6.1557	0.2582	54.8882	54.7644
3.7250	6.1559	0.2574	55.2069	54.4501
3.7255	6.1566	0.2502	55.2029	54.5432
3.7260	6.1572	0.2381	55.3410	54.6152
3.7265	6.1588	0.2264	55.4108	54.6290
3.7270	6.1599	0.2195	55.8241	54.6953
3.7275	6.1602	0.2143	55.1152	54.9071
3.7280	6.1595	0.2203	53.8776	54.9162
3.7285	6.1595	0.2189	54.5023	54.8249
3.7290	6.1607	0.2026	54.7292	54.7620
3.7295	6.1613	0.2044	55.1696	54.8113
3.7300	6.1599	0.2142	55.3532	54.8329
3.7305	6.1581	0.2288	55.5969	54.6699
3.7310	6.1564	0.2508	55.8490	54.6897
3.7315	6.1548	0.2649	56.0908	54.7156
3.7320	6.1542	0.2772	55.9956	54.7526
3.7325	6.1545	0.2691	56.0647	54.7599
3.7330	6.1551	0.2678	56.1317	55.0631
3.7335	6.1545	0.2697	56.0505	55.0882
3.7340	6.1547	0.2756	55.6569	54.9516
3.7345	6.1553	0.2630	55.2726	54.9304
3.7350	6.1575	0.2427	54.9990	54.9660
3.7355	6.1582	0.2290	54.7537	54.9038
3.7360	6.1582	0.2322	53.5450	54.7892
3.7365	6.1585	0.2284	53.3573	54.7644
3.7370	6.1598	0.2148	53.0158	54.9896
3.7375	6.1598	0.2150	53.1542	54.9870
3.7380	6.1602	0.2196	53.4740	54.8476
3.7385	6.1607	0.2083	53.6060	55.0014
3.7390	6.1608	0.2018	54.0772	54.9040
3.7395	6.1607	0.2017	54.3927	54.9647
3.7400	6.1607	0.2090	54.5755	55.0599
3.7405	6.1596	0.2156	54.7397	55.1852
3.7410	6.1575	0.2331	55.1283	55.0930
3.7415	6.1560	0.2582	55.4185	54.7444
3.7420	6.1544	0.2705	55.4466	54.5248
3.7425	6.1529	0.2853	55.3647	54.5143
3.7430	6.1527	0.2868	55.7281	54.4082
3.7435	6.1533	0.2824	55.7170	54.5907
3.7440	6.1541	0.2751	55.3404	54.7778
3.7445	6.1551	0.2673	55.3741	54.6943
3.7450	6.1562	0.2517	55.2286	54.6297
3.7455	6.1574	0.2362	54.8866	54.7136
3.7460	6.1576	0.2372	55.1740	54.8812
3.7465	6.1587	0.2349	55.3287	54.8913
3.7470	6.1588	0.2312	55.6149	54.6639
3.7475	6.1580	0.2332	55.9874	54.5286
3.7480	6.1584	0.2243	56.0380	54.5285
3.7485	6.1582	0.2258	55.9174	54.4009
3.7490	6.1589	0.2284	55.9325	54.5796
3.7495	6.1585	0.2249	56.1144	54.9774
3.7500	6.1595	0.2199	55.9212	55.0618
3.7505	6.1593	0.2189	55.5024	55.0551
3.7510	6.1596	0.2189	55.0836	55.1271
3.7515	6.1581	0.2340	54.9510	55.1710
3.7520	6.1572	0.2447	54.3997	55.0060
3.7525	6.1552	0.2622	52.6946	54.8622
3.7530	6.1544	0.2756	52.5942	54.7672
3.7535	6.1544	0.2687	52.9077	54.6737
3.7540	6.1547	0.2679	53.3390	54.5793
3.7545	6.1556	0.2544	53.4886	54.5880
3.7550	6.1564	0.2526	53.6704	54.7031
3.7555	6.1577	0.2400	54.0639	54.8353
3.7560	6.1586	0.2315	54.4547	54.9714
3.7565	6.1587	0.2218	54.6720	54.9512
3.7570	6.1585	0.2256	54.7994	54.8882
3.7575	6.1587	0.2281	55.1386	54.7219
3.7580	6.1581	0.2287	55.4051	54.5737
3.7585	6.1591	0.2236	55.5591	54.6096
3.7590	6.1590	0.2192	55.4388	54.7401
3.7595	6.1586	0.2288	55.7723	54.6656
3.7600	6.1587	0.2266	55.4298	54.5663
3.7605	6.1588	0.2247	55.3235	54.8001
3.7610	6.1581	0.2295	55.5291	54.9233
3.7615	6.1592	0.2267	55.2025	55.0976
3.7620	6.1583	0.2293	55.0201	55.1178
3.7625	6.1578	0.2352	55.2482	55.0365
3.7630	6.1569	0.2443	55.4664	54.9432
3.7635	6.1556	0.2608	55.5404	54.8056
3.7640	6.1547	0.2723	55.9174	54.8573
3.7645	6.1560	0.2603	56.0424	55.0522
3.7650	6.1566	0.2473	56.0496	54.8809
3.7655	6.1569	0.2446	55.9169	54.7638
3.7660	6.1569	0.2427	56.0279	54.9663
3.7665	6.1581	0.2287	55.8072	55.0294
3.7670	6.1595	0.2223	55.4762	55.0613
3.7675	6.1605	0.2098	54.9708	54.9024
3.7680	6.1605	0.2061	54.9628	54.9134
3.7685	6.1599	0.2121	53.9798	55.0020
3.7690	6.1600	0.2139	52.4882	54.8603
3.7695	6.1604	0.2055	52.7416	54.9887
3.7700	6.1612	0.2030	52.8748	55.0255
3.7705	6.1603	0.2097	53.3703	54.6540
3.7710	6.1604	0.2074	53.4654	54.5433
3.7715	6.1598	0.2080	53.7566	54.5117
3.7720	6.1596	0.2159	54.1310	54.6945
3.7725	6.1581	0.2321	54.4896	54.8880
3.7730	6.1569	0.2453	54.6228	54.6794
3.7735	6.1554	0.2599	54.8851	54.7380
3.7740	6.1549	0.2727	55.2028	54.7073
3.7745	6.1549	0.2673	55.4598	54.6667
3.7750	6.1549	0.2711	55.4328	55.0111
3.7755	6.1555	0.2627	55.4849	54.9376
3.7760	6.1560	0.2599	55.7403	54.4453
3.7765	6.1564	0.2534	55.8655	54.3388
3.7770	6.1568	0.2452	55.4706	54.4143
3.7775	6.1581	0.2310	55.4121	54.5816
3.7780	6.1591	0.2195	55.3483	54.9376
3.7785	6.1594	0.2244	55.1301	54.9437
3.7790	6.1583	0.2274	55.1517	55.0863
3.7795	6.1582	0.2310	55.4229	55.0610
3.7800	6.1573	0.2389	55.6523	54.9537
3.7805	6.1571	0.2390	55.9478	55.1129
3.7810	6.1579	0.2385	56.0062	55.0139
3.7815	6.1587	0.2297	55.9211	54.7184
3.7820	6.1588	0.2268	55.8832	54.6294
3.7825	6.1581	0.2328	55.9643	54.5893
3.7830	6.1571	0.2410	55.7850	54.7037
3.7835	6.1564	0.2489	55.3288	54.7529
3.7840	6.1549	0.2659	54.9425	54.9340
3.7845	6.1546	0.2703	54.5896	55.1978
3.7850	6.1540	0.2732	52.7320	55.0623
3.7855	6.1543	0.2666	52.5576	54.8500
3.7860	6.1550	0.2700	52.6302	54.7874
3.7865	6.1558	0.2570	52.9784	54.6150
3.7870	6.1561	0.2514	53.2953	54.3413
3.7875	6.1563	0.2524	53.5833	54.3893
3.7880	6.1560	0.2581	53.8548	54.5807
3.7885	6.1557	0.2576	54.1467	54.7114
3.7890	6.1554	0.2608	54.4080	54.8423
3.7895	6.1552	0.2626	54.7055	55.0422
3.7900	6.1541	0.2715	54.9633	55.3089
3.7905	6.1556	0.2610	55.1713	55.3271
3.7910	6.1563	0.2496	55.4269	55.0404
3.7915	6.1576	0.2384	55.5252	55.0094
3.7920	6.1585	0.2373	55.4743	54.7765
3.7925	6.1570	0.2375	55.6914	54.4768
3.7930	6.1562	0.2514	55.9149	54.6157
3.7935	6.1548	0.2664	55.8287	54.8655
3.7940	6.1537	0.2755	55.0347	54.9692
3.7945	6.1533	0.2835	54.9956	55.1910
3.7950	6.1536	0.2826	55.2754	55.3245
3.7955	6.1555	0.2650	55.4593	55.4285
3.7960	6.1557	0.2624	55.5287	55.2449
3.7965	6.1557	0.2610	55.6583	54.8127
3.7970	6.1547	0.2626	56.1003	54.7783
3.7975	6.1544	0.2677	56.2399	54.6901
3.7980	6.1536	0.2788	56.0624	54.5744
3.7985	6.1529	0.2935	55.9417	54.7124
3.7990	6.1526	0.2938	56.0629	54.7902
3.7995	6.1539	0.2812	55.9543	54.7429
3.8000	6.1548	0.2664	55.5263	54.8058
3.8005	6.1555	0.2605	54.9356	54.9613
3.8010	6.1552	0.2638	54.1258	55.1291
3.8015	6.1546	0.2726	53.8219	54.8423
3.8020	6.1557	0.2589	52.5527	54.4930
3.8025	6.1566	0.2495	52.6604	54.5047
3.8030	6.1575	0.2409	53.0191	54.4685
3.8035	6.1564	0.2539	53.3893	54.4426
3.8040	6.1550	0.2635	53.6375	54.7663
3.8045	6.1541	0.2784	53.7733	54.7687
3.8050	6.1527	0.2883	54.0665	54.7352
3.8055	6.1531	0.2882	54.4610	54.7662
3.8060	6.1540	0.2768	54.7290	54.7898
3.8065	6.1549	0.2717	54.9044	55.0615
3.8070	6.1554	0.2653	55.0912	55.0156
3.8075	6.1562	0.2529	55.3276	54.7503
3.8080	6.1568	0.2489	55.4598	54.7859
3.8085	6.1578	0.2357	55.5229	54.6236
3.8090	6.1577	0.2351	55.6012	54.5351
3.8095	6.1586	0.2301	55.7897	54.8255
3.8100	6.1580	0.2290	55.6593	54.8881
3.8105	6.1583	0.2342	54.6390	54.8827
3.8110	6.1585	0.2354	54.7243	54.8224
3.8115	6.1588	0.2284	55.1274	55.0590
3.8120	6.1579	0.2346	55.5091	55.0012
3.8125	6.1583	0.2287	55.6756	54.7489
3.8130	6.1603	0.2163	55.8146	54.7922
3.8135	6.1601	0.2065	56.0341	54.8081
3.8140	6.1585	0.2254	56.2664	54.6048
3.8145	6.1573	0.2434	56.1602	54.3823
3.8150	6.1556	0.2626	55.9377	54.5238
3.8155	6.1548	0.2710	55.9473	54.6386
3.8160	6.1546	0.2720	55.9003	54.7960
3.8165	6.1555	0.2628	55.4944	54.9289
3.8170	6.1558	0.2571	54.8080	55.0994
3.8175	6.1557	0.2583	54.0361	54.9613
3.8180	6.1567	0.2500	54.2623	54.7101
3.8185	6.1563	0.2520	52.7789	54.6903
3.8190	6.1559	0.2597	52.5741	54.8913
3.8195	6.1579	0.2357	53.0033	54.8200
3.8200	6.1576	0.2360	53.4228	54.6074
3.8205	6.1559	0.2537	53.7470	54.8409
3.8210	6.1567	0.2455	53.8021	54.9290
3.8215	6.1574	0.2429	54.0694	55.0470
3.8220	6.1569	0.2458	54.5192	55.1816
3.8225	6.1572	0.2368	54.8185	55.1521
3.8230	6.1591	0.2231	54.9008	55.1851
3.8235	6.1593	0.2218	55.0073	54.9982
3.8240	6.1592	0.2208	55.3374	54.8211
3.8245	6.1582	0.2339	55.5259	54.9792
3.8250	6.1575	0.2382	55.5640	54.7413
3.8255	6.1567	0.2523	55.5006	54.5840
3.8260	6.1550	0.2681	55.8428	54.8588
3.8265	6.1548	0.2692	54.9772	55.1115
3.8270	6.1545	0.2685	54.4456	55.2112
3.8275	6.1543	0.2743	54.7101	55.0866
3.8280	6.1554	0.2626	55.1047	54.8601
3.8285	6.1559	0.2539	55.7093	54.7310
3.8290	6.1572	0.2490	55.7100	54.3007
3.8295	6.1581	0.2344	55.7543	54.4750
3.8300	6.1583	0.2329	55.9466	54.6514
3.8305	6.1582	0.2363	56.2403	54.4338
3.8310	6.1589	0.2219	56.1678	54.3346
3.8315	6.1587	0.2307	55.9665	54.6248
3.8320	6.1603	0.2129	55.8590	54.8804
3.8325	6.1607	0.2081	55.8421	55.0522
3.8330	6.1603	0.2036	55.3875	55.0377
3.8335	6.1602	0.2074	54.9181	54.8662
3.8340	6.1604	0.2096	54.3542	54.7103
3.8345	6.1596	0.2211	53.9468	54.4278
3.8350	6.1588	0.2334	53.4757	54.5542
3.8355	6.1565	0.2427	52.6276	54.8702
3.8360	6.1559	0.2593	53.0283	54.8452
3.8365	6.1548	0.2678	53.3797	54.7752
3.8370	6.1548	0.2697	53.7890	55.0088
3.8375	6.1555	0.2619	53.8634	55.0659
3.8380	6.1566	0.2483	54.0248	55.1254
3.8385	6.1570	0.2485	54.4163	55.0780
3.8390	6.1565	0.2515	54.9355	54.9743
3.8395	6.1563	0.2556	55.0041	54.6632
3.8400	6.1573	0.2411	55.0541	54.4587
3.8405	6.1577	0.2408	55.1346	54.5810
3.8410	6.1588	0.2252	55.5612	54.5690
3.8415	6.1597	0.2173	55.5054	54.6094
3.8420	6.1601	0.2089	55.6057	54.7379
3.8425	6.1596	0.2101	54.4211	54.9415
3.8430	6.1594	0.2136	54.2539	54.8793
3.8435	6.1601	0.2078	54.6997	54.8302
3.8440	6.1608	0.2023	54.6505	54.7960
3.8445	6.1607	0.2093	55.1503	54.8941
3.8450	6.1593	0.2227	55.5883	54.7912
3.8455	6.1570	0.2437	55.7935	54.6534
3.8460	6.1558	0.2599	55.7352	54.6755
3.8465	6.1542	0.2731	55.9789	54.7062
3.8470	6.1539	0.2800	56.2405	54.7399
3.8475	6.1551	0.2685	56.1751	54.8319
3.8480	6.1550	0.2713	55.8968	55.1216
3.8485	6.1553	0.2717	55.7624	55.0143
3.8490	6.1547	0.2733	55.7801	54.9486
3.8495	6.1565	0.2555	55.2956	54.9401
3.8500	6.1578	0.2340	54.7808	54.9844
3.8505	6.1585	0.2282	54.1453	54.8710
3.8510	6.1587	0.2289	53.5111	54.7650
3.8515	6.1592	0.2219	53.5102	54.8157
3.8520	6.1600	0.2141	52.7908	55.0701
3.8525	6.1596	0.2191	53.1519	54.8958
3.8530	6.1600	0.2104	53.6359	54.9039
3.8535	6.1606	0.2091	53.9576	54.9703
3.8540	6.1613	0.2039	54.0208	54.8709
3.8545	6.1607	0.2070	54.2644	54.9863
3.8550	6.1596	0.2102	54.7447	55.0904
3.8555	6.1585	0.2285	55.1185	55.1761
3.8560	6.1566	0.2497	55.1027	54.9790
3.8565	6.1551	0.2647	55.1858	54.6325
3.8570	6.1534	0.2765	55.4726	54.5364
3.8575	6.1527	0.2882	55.7382	54.4935
3.8580	6.1527	0.2898	55.7447	54.4313
3.8585	6.1527	0.2880	55.3052	54.6921
3.8590	6.1536	0.2800	55.3583	54.7511
3.8595	6.1549	0.2674	55.6832	54.6493
3.8600	6.1564	0.2497	55.0390	54.6149
3.8605	6.1576	0.2380	54.6624	54.7514
3.8610	6.1578	0.2394	55.2124	54.8845
3.8615	6.1586	0.2325	55.6197	54.8237
3.8620	6.1582	0.2293	55.8438	54.5891
3.8625	6.1582	0.2336	55.7940	54.5773
3.8630	6.1585	0.2251	55.8687	54.5065
3.8635	6.1584	0.2328	56.0973	54.3981
3.8640	6.1585	0.2258	56.1060	54.7319
3.8645	6.1584	0.2316	55.9290	55.0280
3.8650	6.1583	0.2278	55.6015	55.0398
3.8655	6.1585	0.2277	55.5570	55.0580
3.8660	6.1587	0.2301	55.1219	55.1371
3.8665	6.1570	0.2426	54.7767	55.1251
3.8670	6.1557	0.2574	53.5714	54.9296
3.8675	6.1542	0.2750	52.5649	54.8130
3.8680	6.1541	0.2781	52.8738	54.7017
3.8685	6.1542	0.2734	52.9214	54.6586
3.8690	6.1552	0.2676	53.3277	54.5665
3.8695	6.1559	0.2613	53.5918	54.6446
3.8700	6.1576	0.2429	53.9327	54.7308
3.8705	6.1582	0.2274	54.1112	54.8648
3.8710	6.1589	0.2195	54.4252	54.9535
3.8715	6.1589	0.2231	54.7251	54.9011
3.8720	6.1581	0.2343	55.0650	54.8436
3.8725	6.1582	0.2334	55.2347	54.6793
3.8730	6.1584	0.2310	55.3597	54.5817
3.8735	6.1588	0.2282	55.4831	54.6771
3.8740	6.1591	0.2243	55.6636	54.7622
3.8745	6.1585	0.2272	55.7734	54.6062
3.8750	6.1592	0.2242	55.1106	54.6190
3.8755	6.1585	0.2219	55.4351	54.8280
3.8760	6.1588	0.2254	55.5981	54.9187
3.8765	6.1585	0.2250	55.1616	55.0994
3.8770	6.1588	0.2310	54.8949	55.0247
3.8775	6.1583	0.2311	55.3004	54.9631
3.8780	6.1568	0.2484	55.5948	54.9073
3.8785	6.1560	0.2595	55.7664	54.8167
3.8790	6.1563	0.2552	55.9179	54.9273
3.8795	6.1575	0.2426	55.9930	55.0377
3.8800	6.1576	0.2405	56.0841	54.7740
3.8805	6.1577	0.2361	56.0356	54.8210
3.8810	6.1588	0.2242	55.9300	54.9682
3.8815	6.1601	0.2163	55.6160	55.0033
3.8820	6.1611	0.2061	55.4270	54.9880
3.8825	6.1614	0.1953	54.9476	54.8327
3.8830	6.1617	0.1893	54.7787	54.9692
3.8835	6.1614	0.2035	53.2177	54.9627
3.8840	6.1611	0.2048	52.5838	54.8979
3.8845	6.1615	0.1933	52.9045	55.0977
3.8850	6.1609	0.1989	52.9573	54.9169
3.8855	6.1608	0.2031	53.3397	54.5746
3.8860	6.1608	0.2039	53.5859	54.5058
3.8865	6.1607	0.2095	53.9819	54.4678
3.8870	6.1594	0.2210	54.2080	54.7704
3.8875	6.1574	0.2351	54.4771	54.7792
3.8880	6.1563	0.2493	54.7718	54.6396
3.8885	6.1551	0.2664	55.0689	54.7647
3.8890	6.1550	0.2702	55.2610	54.6653
3.8895	6.1550	0.2690	55.3879	54.7672
3.8900	6.1553	0.2604	55.4816	55.0910
3.8905	6.1557	0.2557	55.6524	54.7605
3.8910	6.1559	0.2552	55.8581	54.3426
3.8915	6.1563	0.2562	55.6843	54.3507
3.8920	6.1564	0.2505	55.4655	54.3921
3.8925	6.1583	0.2331	55.4810	54.6880
3.8930	6.1591	0.2216	55.2441	54.9415
3.8935	6.1584	0.2296	55.0688	54.9558
3.8940	6.1586	0.2290	55.2778	55.1234
3.8945	6.1582	0.2329	55.5531	54.9942
3.8950	6.1577	0.2399	55.7874	54.9887
3.8955	6.1573	0.2435	55.9269	55.1127
3.8960	6.1571	0.2480	55.9859	54.8779
3.8965	6.1571	0.2371	55.9632	54.6425
3.8970	6.1577	0.2362	56.0129	54.5910
3.8975	6.1572	0.2424	55.8096	54.5860
3.8980	6.1567	0.2446	55.6325	54.7274
3.8985	6.1561	0.2542	55.1856	54.7571
3.8990	6.1544	0.2645	55.0773	55.0560
3.8995	6.1542	0.2766	53.9387	55.1692
3.9000	6.1544	0.2784	52.3805	54.9721
3.9005	6.1543	0.2750	52.6481	54.8107
3.9010	6.1543	0.2712	52.7561	54.7596
3.9015	6.1555	0.2593	53.1928	54.4803
3.9020	6.1561	0.2549	53.2879	54.3122
3.9025	6.1556	0.2616	53.7038	54.4520
3.9030	6.1558	0.2617	53.9790	54.6198
3.9035	6.1549	0.2714	54.2668	54.7085
3.9040	6.1546	0.2670	54.4528	54.8450
3.9045	6.1540	0.2697	54.7993	55.1050
3.9050	6.1546	0.2723	55.1305	55.3529
3.9055	6.1550	0.2645	55.3212	55.2029
3.9060	6.1559	0.2616	55.3277	55.0043
3.9065	6.1569	0.2496	55.4530	54.9678
3.9070	6.1568	0.2462	55.7079	54.6562
3.9075	6.1565	0.2479	55.8006	54.4993
3.9080	6.1552	0.2587	55.7749	54.7212
3.9085	6.1546	0.2692	55.5323	54.9007
3.9090	6.1537	0.2801	55.1192	55.0039
3.9095	6.1536	0.2797	55.2288	55.2206
3.9100	6.1546	0.2761	55.1572	55.3060
3.9105	6.1561	0.2534	55.3847	55.4021
3.9110	6.1564	0.2552	55.7038	55.0429
3.9115	6.1565	0.2507	55.9621	54.7444
3.9120	6.1556	0.2573	56.0823	54.7589
3.9125	6.1547	0.2635	56.0322	54.6172
3.9130	6.1542	0.2773	56.1488	54.5892
3.9135	6.1534	0.2859	56.1515	54.7561
3.9140	6.1537	0.2808	56.0280	54.7382
3.9145	6.1554	0.2642	55.5794	54.7428
3.9150	6.1557	0.2627	55.4531	54.8017
3.9155	6.1553	0.2651	54.7662	55.0169
3.9160	6.1549	0.2658	54.0380	55.0821
3.9165	6.1547	0.2681	53.3316	54.6784
3.9170	6.1563	0.2511	52.4728	54.4589
3.9175	6.1568	0.2460	53.0674	54.5209
3.9180	6.1572	0.2464	53.0738	54.4042
3.9185	6.1555	0.2542	53.3527	54.5204
3.9190	6.1549	0.2665	53.6631	54.8201
3.9195	6.1537	0.2729	54.0937	54.7247
3.9200	6.1535	0.2832	54.2270	54.7463
3.9205	6.1535	0.2807	54.4009	54.7524
3.9210	6.1549	0.2697	54.6985	54.8715
3.9215	6.1552	0.2635	55.2177	55.0842
3.9220	6.1561	0.2581	55.2703	54.8949
3.9225	6.1569	0.2521	55.1964	54.7347
3.9230	6.1571	0.2432	55.2683	54.7642
3.9235	6.1584	0.2322	55.7298	54.5376
3.9240	6.1580	0.2318	55.8467	54.6379
3.9245	6.1589	0.2257	55.7917	54.8555
3.9250	6.1586	0.2329	55.0370	54.8876
3.9255	6.1581	0.2332	54.5701	54.8602
3.9260	6.1586	0.2299	55.1253	54.8604
3.9265	6.1584	0.2260	55.2757	55.0874
3.9270	6.1584	0.2305	55.3813	54.8791
3.9275	6.1595	0.2224	55.6901	54.7433
3.9280	6.1609	0.2052	56.0954	54.7886
3.9285	6.1602	0.2110	56.1617	54.7626
3.9290	6.1578	0.2343	56.0131	54.4826
3.9295	6.1569	0.2500	56.0826	54.3875
3.9300	6.1554	0.2597	56.1697	54.5694
3.9305	6.1547	0.2694	56.0478	54.6685
3.9310	6.1554	0.2657	55.4752	54.8390
3.9315	6.1556	0.2609	55.2674	54.9900
3.9320	6.1557	0.2599	54.6353	55.1068
3.9325	6.1557	0.2567	54.2770	54.8564
3.9330	6.1565	0.2561	53.6504	54.6886
3.9335	6.1558	0.2563	52.2698	54.7263
3.9340	6.1564	0.2602	53.0205	54.9208
3.9345	6.1583	0.2368	53.2652	54.6921
3.9350	6.1567	0.2428	53.4723	54.6401
3.9355	6.1568	0.2493	53.5584	54.8687
3.9360	6.1578	0.2363	54.0041	54.9139
3.9365	6.1585	0.2274	54.3814	55.0621
3.9370	6.1580	0.2308	54.5859	55.1439
3.9375	6.1590	0.2272	54.6752	55.1616
3.9380	6.1591	0.2205	55.0186	55.1970
3.9385	6.1595	0.2188	55.3366	54.9080
3.9390	6.1584	0.2254	55.3633	54.8912
3.9395	6.1580	0.2365	55.3183	54.9650
3.9400	6.1575	0.2419	55.5483	54.6231
3.9405	6.1560	0.2600	55.8698	54.6199
3.9410	6.1546	0.2738	55.6848	54.9445
3.9415	6.1546	0.2690	54.3625	55.1184
3.9420	6.1542	0.2774	54.5516	55.1872
3.9425	6.1550	0.2748	55.0499	54.9736
3.9430	6.1554	0.2661	55.3767	54.8216
3.9435	6.1553	0.2599	55.4782	54.5841
3.9440	6.1561	0.2555	55.6326	54.3067
3.9445	6.1569	0.2437	56.0701	54.6425
3.9450	6.1566	0.2470	56.1782	54.6160
3.9455	6.1584	0.2331	56.0029	54.3615
3.9460	6.1587	0.2210	55.9720	54.3659
3.9465	6.1594	0.2210	56.1555	54.6869
3.9470	6.1605	0.2097	55.9670	54.8536
3.9475	6.1606	0.2081	55.5330	55.0356
3.9480	6.1604	0.2051	54.9933	54.9479
3.9485	6.1601	0.2116	54.9223	54.8403
3.9490	6.1598	0.2148	54.3562	54.6139
3.9495	6.1592	0.2181	53.8494	54.4431
3.9500	6.1584	0.2274	52.8750	54.7136
3.9505	6.1571	0.2473	52.7524	54.9421
3.9510	6.1550	0.2655	53.4411	54.7952
3.9515	6.1544	0.2714	53.4206	54.8304
3.9520	6.1544	0.2717	53.5803	54.9963
3.9525	6.1553	0.2629	53.9166	55.0329
3.9530	6.1568	0.2538	54.4597	55.0828
3.9535	6.1565	0.2464	54.6496	55.0017
3.9540	6.1558	0.2553	54.6736	54.8945
3.9545	6.1561	0.2598	54.9014	54.5440
3.9550	6.1566	0.2459	55.3157	54.5270
3.9555	6.1577	0.2434	55.4196	54.6428
3.9560	6.1589	0.2277	55.3252	54.6248
3.9565	6.1596	0.2186	55.4628	54.6486
3.9570	6.1601	0.2104	55.5652	54.8179
3.9575	6.1592	0.2190	54.1919	54.9163
3.9580	6.1598	0.2123	54.2810	54.8155
3.9585	6.1604	0.2076	54.4526	54.7574
3.9590	6.1611	0.2013	54.9756	54.7710
3.9595	6.1604	0.2093	55.4492	54.8683
3.9600	6.1587	0.2278	55.5489	54.7276
3.9605	6.1569	0.2419	55.5981	54.7143
3.9610	6.1554	0.2596	55.9762	54.7332
3.9615	6.1546	0.2717	56.1672	54.7691
3.9620	6.1547	0.2698	56.0789	54.7414
3.9625	6.1553	0.2623	55.9428	54.9495
3.9630	6.1547	0.2717	56.0047	55.1030
3.9635	6.1553	0.2686	55.8792	54.9233
3.9640	6.1554	0.2658	55.5098	54.8893
3.9645	6.1577	0.2380	54.9174	54.9235
3.9650	6.1590	0.2278	54.8156	54.9465
3.9655	6.1588	0.2204	53.9064	54.8507
3.9660	6.1593	0.2236	53.4117	54.7940
3.9665	6.1601	0.2134	53.1246	54.9650
3.9670	6.1608	0.2099	52.8669	55.0956
3.9675	6.1607	0.2089	53.5168	54.8793
3.9680	6.1606	0.2039	53.6785	54.9730
3.9685	6.1613	0.2024	53.8605	54.9063
3.9690	6.1614	0.1982	54.0846	54.8734
3.9695	6.1611	0.2029	54.5575	54.9881
3.9700	6.1599	0.2100	54.8616	55.1033
3.9705	6.1585	0.2283	55.0388	55.1422
3.9710	6.1564	0.2440	55.0741	54.8874
3.9715	6.1554	0.2615	55.3756	54.5911
3.9720	6.1541	0.2722	55.5686	54.5713
3.9725	6.1534	0.2850	55.7216	54.4690
3.9730	6.1539	0.2784	55.5433	54.5199
3.9735	6.1541	0.2774	55.2267	54.7526
3.9740	6.1553	0.2685	55.5809	54.7019
3.9745	6.1561	0.2540	55.5358	54.5959
3.9750	6.1575	0.2422	54.6747	54.6210
3.9755	6.1580	0.2351	54.8364	54.7919
3.9760	6.1582	0.2375	55.5130	54.9027
3.9765	6.1588	0.2251	55.6711	54.7488
3.9770	6.1585	0.2281	55.6737	54.5838
3.9775	6.1581	0.2326	55.8159	54.6083
3.9780	6.1582	0.2318	56.0951	54.4669
3.9785	6.1583	0.2285	56.1226	54.4896
3.9790	6.1585	0.2248	55.9281	54.8767
3.9795	6.1590	0.2246	55.7935	55.0371
3.9800	6.1591	0.2249	55.6871	54.9929
3.9805	6.1596	0.2222	55.4386	55.0510
3.9810	6.1586	0.2228	54.8406	55.1351
3.9815	6.1571	0.2457	54.5222	55.0645
3.9820	6.1555	0.2608	53.1156	54.8935
3.9825	6.1541	0.2717	52.7070	54.8176
3.9830	6.1541	0.2768	52.8246	54.7316
3.9835	6.1545	0.2720	52.9377	54.6427
3.9840	6.1556	0.2646	53.4173	54.5975
3.9845	6.1564	0.2555	53.7772	54.6697
3.9850	6.1574	0.2432	54.0200	54.7431
3.9855	6.1580	0.2307	54.1044	54.8861
3.9860	6.1590	0.2271	54.5321	54.8968
3.9865	6.1584	0.2294	54.9017	54.8909
3.9870	6.1581	0.2321	55.1490	54.7960
3.9875	6.1582	0.2284	55.1373	54.6177
3.9880	6.1584	0.2291	55.4006	54.6214
3.9885	6.1591	0.2219	55.5729	54.7577
3.9890	6.1583	0.2281	55.8153	54.7450
3.9895	6.1584	0.2286	55.4667	54.5739
3.9900	6.1589	0.2256	55.0442	54.6944
3.9905	6.1583	0.2244	55.6418	54.8286
3.9910	6.1587	0.2276	55.5245	54.9811
3.9915	6.1583	0.2346	54.9294	55.0808
3.9920	6.1582	0.2347	54.8955	54.9750
3.9925	6.1573	0.2411	55.4950	54.9545
3.9930	6.1556	0.2580	55.6308	54.8675
3.9935	6.1550	0.2694	55.7680	54.8414
3.9940	6.1555	0.2635	55.8470	55.0409
3.9945	6.1568	0.2517	56.0844	55.0086
3.9950	6.1572	0.2421	56.0915	54.7397
3.9955	6.1577	0.2403	55.9248	54.8903
3.9960	6.1580	0.2316	55.7023	54.9718
3.9965	6.1595	0.2210	55.6202	55.0088
3.9970	6.1600	0.2160	55.3385	54.9203
3.9975	6.1608	0.2015	54.8641	54.8486
3.9980	6.1609	0.2054	54.2802	55.0112
3.9985	6.1597	0.2083	52.7431	54.9162
3.9990	6.1606	0.2050	52.8376	54.9672
3.9995	6.1607	0.2016	52.7876	55.1233
4.0000	6.1609	0.2036	52.9505	54.7699
4.0005	6.1611	0.2074	53.4322	54.5431
4.0010	6.1603	0.2087	53.8966	54.4719
4.0015	6.1602	0.2111	54.0520	54.5499
4.0020	6.1586	0.2255	54.1084	54.8430
4.0025	6.1574	0.2415	54.4731	54.7005
4.0030	6.1560	0.2549	54.9921	54.6842
4.0035	6.1543	0.2688	55.2215	54.7515
4.0040	6.1550	0.2711	55.2118	54.6422
4.0045	6.1546	0.2679	55.2648	54.9225
4.0050	6.1553	0.2640	55.5928	55.0614
4.0055	6.1562	0.2583	55.7996	54.5732
4.0060	6.1566	0.2478	55.7948	54.3105
4.0065	6.1573	0.2457	55.4119	54.3646
4.0070	6.1582	0.2362	55.4753	54.4542
4.0075	6.1597	0.2179	55.5399	54.8083
4.0080	6.1599	0.2139	55.1064	54.9341
4.0085	6.1600	0.2171	54.8994	55.0179
4.0090	6.1597	0.2138	55.4191	55.1144
4.0095	6.1595	0.2169	55.7837	54.9448
4.0100	6.1586	0.2243	55.8452	55.0738
4.0105	6.1585	0.2284	55.7719	55.0796
4.0110	6.1589	0.2257	55.9591	54.7513
4.0115	6.1589	0.2213	56.0801	54.6113
4.0120	6.1587	0.2272	56.0401	54.5746
4.0125	6.1572	0.2360	55.6096	54.6469
4.0130	6.1568	0.2499	55.4751	54.7695
4.0135	6.1555	0.2566	55.1717	54.8793
4.0140	6.1550	0.2685	55.0031	55.1595
4.0145	6.1541	0.2749	53.1350	55.1399
4.0150	6.1544	0.2747	52.3325	54.8861
4.0155	6.1546	0.2694	52.7450	54.7830
4.0160	6.1557	0.2627	52.9342	54.6571
4.0165	6.1566	0.2561	53.1754	54.3424
4.0170	6.1561	0.2555	53.3071	54.2901
4.0175	6.1566	0.2541	53.8793	54.4910
4.0180	6.1559	0.2548	54.1660	54.6715
4.0185	6.1554	0.2571	54.2456	54.7799
4.0190	6.1557	0.2617	54.4049	54.9640
4.0195	6.1549	0.2677	54.9383	55.2341
4.0200	6.1554	0.2622	55.3846	55.3706
4.0205	6.1567	0.2475	55.3789	55.0900
4.0210	6.1571	0.2442	55.2046	54.9679
4.0215	6.1571	0.2432	55.4016	54.8529
4.0220	6.1567	0.2428	55.8580	54.5560
4.0225	6.1562	0.2543	55.9059	54.5384
4.0230	6.1550	0.2640	55.7179	54.8071
4.0235	6.1539	0.2747	55.2215	54.9205
4.0240	6.1531	0.2865	55.1434	55.0875
4.0245	6.1538	0.2894	55.2674	55.2526
4.0250	6.1540	0.2790	55.1743	55.3650
4.0255	6.1538	0.2794	55.4393	55.3415
4.0260	6.1542	0.2850	55.7326	54.9049
4.0265	6.1543	0.2722	56.0540	54.7675
4.0270	6.1544	0.2782	56.1119	54.7233
4.0275	6.1535	0.2796	56.0235	54.5616
4.0280	6.1525	0.2937	56.1278	54.6244
4.0285	6.1523	0.3010	56.0935	54.7508
4.0290	6.1523	0.2968	55.9228	54.6992
4.0295	6.1536	0.2832	55.5267	54.7606
4.0300	6.1546	0.2748	55.3152	54.8609
4.0305	6.1543	0.2674	54.3872	55.1032
4.0310	6.1537	0.2750	53.8878	54.9651
4.0315	6.1549	0.2724	52.8146	54.5556
4.0320	6.1557	0.2573	52.5856	54.4674
4.0325	6.1569	0.2438	53.0509	54.4813
4.0330	6.1569	0.2478	53.1206	54.3443
4.0335	6.1553	0.2585	53.4731	54.6032
4.0340	6.1545	0.2694	53.7273	54.7812
4.0345	6.1535	0.2820	54.1187	54.6829
4.0350	6.1536	0.2853	54.3215	54.7430
4.0355	6.1535	0.2779	54.5641	54.7354
4.0360	6.1550	0.2722	54.8065	54.9725
4.0365	6.1553	0.2676	55.1380	55.0797
4.0370	6.1567	0.2506	55.2369	54.8137
4.0375	6.1569	0.2472	55.3279	54.7523
4.0380	6.1584	0.2324	55.4340	54.6928
4.0385	6.1590	0.2248	55.7325	54.4726
4.0390	6.1592	0.2219	55.7511	54.7006
4.0395	6.1599	0.2165	55.7389	54.8396
4.0400	6.1586	0.2260	54.8163	54.8545
4.0405	6.1593	0.2201	54.6487	54.7799
4.0410	6.1596	0.2189	55.0876	54.9661
4.0415	6.1592	0.2240	55.3467	55.0947
4.0420	6.1591	0.2266	55.5795	54.8817
4.0425	6.1601	0.2091	55.8150	54.7762
4.0430	6.1614	0.2022	56.0520	54.7894
4.0435	6.1596	0.2167	56.1424	54.6750
4.0440	6.1580	0.2379	56.0498	54.3694
4.0445	6.1563	0.2561	56.1049	54.4282
4.0450	6.1555	0.2620	56.1028	54.5704
4.0455	6.1549	0.2720	55.9485	54.7421
4.0460	6.1560	0.2626	55.4454	54.9057
4.0465	6.1560	0.2495	55.2090	55.0706
4.0470	6.1566	0.2508	54.2673	55.1175
4.0475	6.1563	0.2498	54.2326	54.8282
4.0480	6.1569	0.2455	53.1623	54.6922
4.0485	6.1563	0.2514	52.4456	54.7965
4.0490	6.1572	0.2444	53.1568	54.8566
4.0495	6.1583	0.2291	53.2770	54.5692
4.0500	6.1569	0.2490	53.5917	54.7142
4.0505	6.1572	0.2482	53.6969	54.8821
4.0510	6.1580	0.2315	54.0239	54.9748
4.0515	6.1589	0.2328	54.3812	55.1258
4.0520	6.1586	0.2304	54.7317	55.1631
4.0525	6.1598	0.2142	54.8224	55.1914
4.0530	6.1600	0.2121	55.0250	55.0939
4.0535	6.1596	0.2183	55.3582	54.8119
4.0540	6.1586	0.2229	55.4454	54.9320
4.0545	6.1582	0.2297	55.4329	54.8433
4.0550	6.1572	0.2393	55.4875	54.5559
4.0555	6.1558	0.2547	55.8824	54.7132
4.0560	6.1555	0.2614	55.3856	55.0110
4.0565	6.1551	0.2666	54.3702	55.1530
4.0570	6.1548	0.2661	54.6904	55.1506
4.0575	6.1553	0.2649	55.0466	54.8810
4.0580	6.1558	0.2580	55.5256	54.8091
4.0585	6.1569	0.2437	55.5547	54.4175
4.0590	6.1578	0.2372	55.7033	54.3480
4.0595	6.1587	0.2270	55.9907	54.6584
4.0600	6.1582	0.2298	56.2444	54.4819
4.0605	6.1592	0.2234	56.1298	54.2878
4.0610	6.1592	0.2177	55.9609	54.4573
4.0615	6.1604	0.2099	55.9789	54.7609
4.0620	6.1615	0.2044	55.9107	54.9485
4.0625	6.1610	0.2051	55.4738	55.0795
4.0630	6.1609	0.2053	54.9453	54.8882
4.0635	6.1605	0.2078	54.6535	54.7786
4.0640	6.1596	0.2118	54.1533	54.4826
4.0645	6.1587	0.2195	53.7079	54.4524
4.0650	6.1570	0.2407	52.6478	54.7859
4.0655	6.1557	0.2528	52.9019	54.8801
4.0660	6.1550	0.2675	53.3813	54.7388
4.0665	6.1539	0.2751	53.6066	54.8973
4.0670	6.1548	0.2678	53.7188	55.0132
4.0675	6.1561	0.2583	53.9940	55.0852
4.0680	6.1564	0.2508	54.4654	55.0673
4.0685	6.1566	0.2514	54.7708	54.9795
4.0690	6.1563	0.2569	54.7998	54.7632
4.0695	6.1567	0.2409	55.0095	54.4379
4.0700	6.1580	0.2376	55.2110	54.5515
4.0705	6.1585	0.2269	55.5081	54.5942
4.0710	6.1602	0.2104	55.3899	54.5867
4.0715	6.1603	0.2078	55.6523	54.6376
4.0720	6.1607	0.2102	55.0726	54.8620
4.0725	6.1596	0.2195	54.0464	54.8699
4.0730	6.1598	0.2154	54.5021	54.7998
4.0735	6.1607	0.2061	54.5378	54.7735
4.0740	6.1603	0.2074	55.1105	54.8358
4.0745	6.1598	0.2175	55.5113	54.8654
4.0750	6.1580	0.2351	55.6994	54.6608
4.0755	6.1559	0.2493	55.6783	54.6657
4.0760	6.1546	0.2669	55.9601	54.6987
4.0765	6.1535	0.2867	56.1678	54.7108
4.0770	6.1545	0.2760	56.1315	54.7029
4.0775	6.1552	0.2644	55.9082	55.0174
4.0780	6.1556	0.2635	55.9207	55.0378
4.0785	6.1556	0.2608	55.8174	54.9159
4.0790	6.1565	0.2491	55.4206	54.9150
4.0795	6.1584	0.2324	54.8531	54.9632
4.0800	6.1590	0.2184	54.5161	54.9163
4.0805	6.1592	0.2230	53.6007	54.7990
4.0810	6.1595	0.2169	53.5054	54.7915
4.0815	6.1602	0.2103	52.9204	55.0128
4.0820	6.1603	0.2077	53.0305	54.9652
4.0825	6.1600	0.2084	53.5833	54.8097
4.0830	6.1609	0.2027	53.7719	54.9474
4.0835	6.1608	0.2036	53.9265	54.8431
4.0840	6.1613	0.1983	54.1610	54.9176
4.0845	6.1609	0.2052	54.6907	55.0219
4.0850	6.1601	0.2109	54.9642	55.1503
4.0855	6.1581	0.2317	55.0306	55.0815
4.0860	6.1567	0.2528	55.1516	54.7431
4.0865	6.1552	0.2676	55.4858	54.5438
4.0870	6.1536	0.2801	55.6366	54.5233
4.0875	6.1536	0.2804	55.6991	54.4075
4.0880	6.1541	0.2797	55.4079	54.5638
4.0885	6.1547	0.2679	55.3185	54.7326
4.0890	6.1563	0.2597	55.6452	54.6381
4.0895	6.1575	0.2437	55.2642	54.5691
4.0900	6.1586	0.2311	54.6193	54.6471
4.0905	6.1583	0.2287	55.0850	54.8468
4.0910	6.1592	0.2239	55.5580	54.8988
4.0915	6.1594	0.2210	55.6806	54.6735
4.0920	6.1586	0.2257	55.7285	54.5665
4.0925	6.1587	0.2242	55.9093	54.5338
4.0930	6.1589	0.2263	56.1147	54.3989
4.0935	6.1586	0.2275	56.0819	54.5681
4.0940	6.1591	0.2242	55.9287	54.9204
4.0945	6.1593	0.2180	55.7127	54.9969
4.0950	6.1597	0.2168	55.6212	54.9955
4.0955	6.1600	0.2153	55.2245	55.0722
4.0960	6.1583	0.2242	54.7954	55.1337
4.0965	6.1571	0.2407	54.2183	54.9888
4.0970	6.1560	0.2534	52.7877	54.8576
4.0975	6.1549	0.2703	52.7635	54.7675
4.0980	6.1551	0.2673	52.8167	54.6989
4.0985	6.1553	0.2647	53.1138	54.5851
4.0990	6.1564	0.2545	53.5046	54.5763
4.0995	6.1575	0.2407	53.8521	54.6656
4.1000	6.1592	0.2243	54.0429	54.7677
4.1005	6.1597	0.2134	54.2595	54.8957
4.1010	6.1596	0.2161	54.6719	54.8993
4.1015	6.1591	0.2275	54.9928	54.8592
4.1020	6.1591	0.2243	55.1530	54.7249
4.1025	6.1589	0.2234	55.1847	54.6018
4.1030	6.1594	0.2256	55.4924	54.6536
4.1035	6.1597	0.2160	55.5549	54.7722
4.1040	6.1591	0.2228	55.8217	54.6747
4.1045	6.1590	0.2217	55.3120	54.5441
4.1050	6.1590	0.2239	55.2518	54.7300
4.1055	6.1589	0.2273	55.6067	54.8389
4.1060	6.1587	0.2220	55.3182	55.0302
4.1065	6.1588	0.2279	54.9102	55.0612
4.1070	6.1581	0.2358	55.1266	54.9526
4.1075	6.1570	0.2450	55.5946	54.9294
4.1080	6.1561	0.2570	55.6082	54.8303
4.1085	6.1557	0.2598	55.8497	54.8603
4.1090	6.1564	0.2500	55.9783	55.0673
4.1095	6.1572	0.2439	56.0831	54.8761
4.1100	6.1577	0.2382	55.9272	54.7319
4.1105	6.1584	0.2335	55.9291	54.9153
4.1110	6.1597	0.2213	55.7461	54.9580
4.1115	6.1608	0.2080	55.5743	54.9927
4.1120	6.1612	0.1973	54.9934	54.8420
4.1125	6.1620	0.1931	54.8395	54.8782
4.1130	6.1611	0.1980	53.9141	55.0095
4.1135	6.1605	0.2028	52.5713	54.8798
4.1140	6.1613	0.1990	52.7611	55.0377
4.1145	6.1616	0.1969	52.7441	55.0553
4.1150	6.1609	0.2025	53.2835	54.6687
4.1155	6.1611	0.2000	53.5729	54.5311
4.1160	6.1606	0.2040	53.8208	54.4141
4.1165	6.1596	0.2153	53.9773	54.6233
4.1170	6.1586	0.2284	54.3539	54.8245
4.1175	6.1571	0.2422	54.7348	54.6285
4.1180	6.1559	0.2570	54.9894	54.7085
4.1185	6.1547	0.2705	55.0730	54.7155
4.1190	6.1552	0.2676	55.2893	54.6693
4.1195	6.1547	0.2626	55.5163	55.0300
4.1200	6.1561	0.2579	55.6267	54.9556
4.1205	6.1557	0.2597	55.6439	54.4355
4.1210	6.1566	0.2538	55.7201	54.3029
4.1215	6.1567	0.2497	55.4912	54.3603
4.1220	6.1578	0.2354	55.4819	54.5150
4.1225	6.1599	0.2174	55.3064	54.8742
4.1230	6.1591	0.2176	55.0121	54.9009
4.1235	6.1592	0.2241	55.1814	55.0542
4.1240	6.1584	0.2298	55.5644	55.0641
4.1245	6.1585	0.2316	55.5766	54.9565
4.1250	6.1572	0.2393	55.7745	55.1151
4.1255	6.1574	0.2439	55.9854	55.0183
4.1260	6.1576	0.2415	56.0465	54.7108
4.1265	6.1582	0.2297	55.9406	54.6194
4.1270	6.1576	0.2363	55.8186	54.5679
4.1275	6.1571	0.2407	55.6829	54.6431
4.1280	6.1571	0.2474	55.4549	54.7049
4.1285	6.1557	0.2579	55.0066	54.8932
4.1290	6.1551	0.2697	54.4869	55.1409
4.1295	6.1549	0.2707	52.6324	55.0401
4.1300	6.1554	0.2663	52.5809	54.8412
4.1305	6.1549	0.2660	52.7531	54.8170
4.1310	6.1561	0.2523	52.9427	54.6224
4.1315	6.1568	0.2457	53.1518	54.3559
4.1320	6.1565	0.2558	53.5832	54.4092
4.1325	6.1562	0.2523	53.9114	54.5798
4.1330	6.1559	0.2520	54.0780	54.6794
4.1335	6.1560	0.2596	54.2953	54.7662
4.1340	6.1560	0.2564	54.6885	54.9590
4.1345	6.1551	0.2613	55.0703	55.2611
4.1350	6.1556	0.2572	55.2052	55.2546
4.1355	6.1570	0.2449	55.2179	55.0134
4.1360	6.1576	0.2398	55.4038	55.0003
4.1365	6.1582	0.2330	55.6099	54.8104
4.1370	6.1580	0.2287	55.7482	54.5293
4.1375	6.1569	0.2444	55.7045	54.6262
4.1380	6.1561	0.2577	55.7281	54.8676
4.1385	6.1546	0.2763	55.2504	54.9301
4.1390	6.1540	0.2751	55.1162	55.1375
4.1395	6.1542	0.2779	55.0400	55.2537
4.1400	6.1564	0.2571	55.2535	55.3637
4.1405	6.1572	0.2420	55.6609	55.1989
4.1410	6.1578	0.2402	55.8294	54.7540
4.1415	6.1571	0.2381	55.9326	54.7442
4.1420	6.1563	0.2496	56.0178	54.6767
4.1425	6.1560	0.2575	56.1603	54.5859
4.1430	6.1548	0.2620	56.1314	54.7152
4.1435	6.1554	0.2643	55.9538	54.7918
4.1440	6.1565	0.2506	55.7255	54.7172
4.1445	6.1572	0.2418	55.5073	54.7858
4.1450	6.1572	0.2414	55.1468	54.8538
4.1455	6.1566	0.2434	54.1062	55.0591
4.1460	6.1559	0.2612	53.6935	54.8162
4.1465	6.1569	0.2471	52.5764	54.4810
4.1470	6.1579	0.2292	52.7849	54.5070
4.1475	6.1590	0.2269	53.0072	54.4661
4.1480	6.1579	0.2324	53.1713	54.4467
4.1485	6.1570	0.2455	53.5802	54.7618
4.1490	6.1554	0.2598	53.9347	54.7484
4.1495	6.1546	0.2736	54.1375	54.6942
4.1500	6.1543	0.2753	54.2822	54.7163
4.1505	6.1547	0.2723	54.5999	54.7337
4.1510	6.1552	0.2629	54.9784	55.0242
4.1515	6.1559	0.2549	55.1672	55.0048
4.1520	6.1576	0.2425	55.1666	54.7539
4.1525	6.1576	0.2405	55.2976	54.7978
4.1530	6.1589	0.2247	55.6204	54.6435
4.1535	6.1586	0.2222	55.7517	54.5365
4.1540	6.1591	0.2225	55.6531	54.7664
4.1545	6.1590	0.2172	55.4229	54.8420
4.1550	6.1585	0.2291	54.6699	54.8454
4.1555	6.1585	0.2254	54.8890	54.7620
4.1560	6.1591	0.2225	55.0295	55.0094
4.1565	6.1587	0.2260	55.2962	55.0003
4.1570	6.1592	0.2200	55.7401	54.7520
4.1575	6.1609	0.2057	55.9734	54.7848
4.1580	6.1613	0.2030	55.9283	54.7943
4.1585	6.1593	0.2216	55.9850	54.6142
4.1590	6.1572	0.2427	56.1742	54.3521
4.1595	6.1565	0.2514	56.2139	54.4861
4.1600	6.1551	0.2656	55.9390	54.5620
4.1605	6.1543	0.2694	55.6245	54.7472
4.1610	6.1555	0.2582	55.4470	54.9175
4.1615	6.1554	0.2570	55.0932	55.0603
4.1620	6.1560	0.2581	54.0465	54.9694
4.1625	6.1562	0.2520	53.9550	54.7061
4.1630	6.1559	0.2535	52.7020	54.6759
4.1635	6.1557	0.2567	52.7926	54.8816
4.1640	6.1574	0.2424	53.1470	54.8187
4.1645	6.1580	0.2374	53.1698	54.5652
4.1650	6.1566	0.2453	53.5582	54.7756
4.1655	6.1577	0.2412	53.9646	54.8602
4.1660	6.1586	0.2300	54.1697	54.9684
4.1665	6.1581	0.2313	54.2643	55.1181
4.1670	6.1586	0.2295	54.6302	55.1129
4.1675	6.1597	0.2161	55.0995	55.1791
4.1680	6.1596	0.2136	55.1930	55.0184
4.1685	6.1593	0.2186	55.1180	54.8199
4.1690	6.1583	0.2272	55.2512	54.9962
4.1695	6.1581	0.2347	55.6624	54.7690
4.1700	6.1568	0.2422	55.6965	54.5612
4.1705	6.1556	0.2611	55.6950	54.8056
4.1710	6.1551	0.2686	54.7756	55.0439
4.1715	6.1550	0.2667	54.5026	55.1478
4.1720	6.1547	0.2718	54.9704	55.0366
4.1725	6.1551	0.2629	54.9963	54.8137
4.1730	6.1560	0.2616	55.3493	54.7040
4.1735	6.1566	0.2469	55.6641	54.2911
4.1740	6.1577	0.2399	56.0248	54.4613
4.1745	6.1579	0.2422	55.9641	54.6811
4.1750	6.1582	0.2373	55.9296	54.4589
4.1755	6.1590	0.2258	56.0978	54.3209
4.1760	6.1592	0.2252	56.2564	54.5614
4.1765	6.1598	0.2101	55.9181	54.7939
4.1770	6.1604	0.2087	55.5348	54.9750
4.1775	6.1607	0.2046	55.2497	54.9756
4.1780	6.1606	0.2057	55.1458	54.8081
4.1785	6.1605	0.2093	54.5498	54.6897
4.1790	6.1602	0.2095	53.7744	54.4082
4.1795	6.1588	0.2250	53.3543	54.5293
4.1800	6.1572	0.2422	52.7441	54.8901
4.1805	6.1559	0.2585	53.0997	54.8651
4.1810	6.1544	0.2676	53.1697	54.7799
4.1815	6.1539	0.2700	53.5987	54.9787
4.1820	6.1549	0.2682	53.9783	55.0215
4.1825	6.1562	0.2508	54.2306	55.0644
4.1830	6.1566	0.2499	54.3016	55.0077
4.1835	6.1560	0.2526	54.6763	54.9138
4.1840	6.1556	0.2609	55.0299	54.6287
4.1845	6.1568	0.2472	55.2031	54.4196
4.1850	6.1577	0.2375	55.0317	54.5805
4.1855	6.1588	0.2310	55.3612	54.5893
4.1860	6.1593	0.2183	55.5627	54.6057
4.1865	6.1598	0.2130	55.8555	54.7188
4.1870	6.1599	0.2111	54.4458	54.9227
4.1875	6.1595	0.2175	53.9058	54.8547
4.1880	6.1605	0.2045	54.6642	54.7910
4.1885	6.1611	0.2009	54.8087	54.7297
4.1890	6.1607	0.2059	55.1003	54.8356
4.1895	6.1597	0.2207	55.3069	54.7678
4.1900	6.1574	0.2344	55.7441	54.6187
4.1905	6.1562	0.2564	55.9787	54.6680
4.1910	6.1549	0.2627	55.9666	54.7154
4.1915	6.1544	0.2693	55.8708	54.7378
4.1920	6.1553	0.2679	56.0625	54.8064
4.1925	6.1549	0.2633	56.1635	55.1029
4.1930	6.1553	0.2641	55.8686	54.9928
4.1935	6.1552	0.2606	55.4681	54.9113
4.1940	6.1570	0.2450	55.1640	54.9028
4.1945	6.1591	0.2272	55.0437	54.9287
4.1950	6.1595	0.2177	54.3428	54.8215
4.1955	6.1591	0.2203	53.2207	54.7491
4.1960	6.1598	0.2143	53.3289	54.7812
4.1965	6.1605	0.2078	53.0081	55.0421
4.1970	6.1606	0.2104	53.2852	54.9014
4.1975	6.1604	0.2077	53.4144	54.8903
4.1980	6.1610	0.2019	53.7022	54.9616
4.1985	6.1616	0.1948	54.1439	54.8679
4.1990	6.1614	0.1971	54.4005	54.9634
4.1995	6.1610	0.2006	54.5228	55.0484
4.2000	6.1597	0.2122	54.8422	55.1368
4.2005	6.1578	0.2343	55.2207	54.9681
4.2010	6.1561	0.2493	55.4187	54.6241
4.2015	6.1549	0.2632	55.3389	54.5037
4.2020	6.1537	0.2821	55.3915	54.4896
4.2025	6.1536	0.2803	55.7728	54.4129
4.2030	6.1539	0.2723	55.5716	54.6671
4.2035	6.1547	0.2744	55.2862	54.7563
4.2040	6.1560	0.2558	55.3729	54.6435
4.2045	6.1577	0.2427	55.0418	54.5919
4.2050	6.1583	0.2274	54.8967	54.6850
4.2055	6.1584	0.2299	55.2539	54.8506
4.2060	6.1589	0.2219	55.3157	54.8010
4.2065	6.1585	0.2183	55.6604	54.5613
4.2070	6.1585	0.2275	55.9607	54.5351
4.2075	6.1588	0.2276	55.9627	54.5055
4.2080	6.1582	0.2326	55.9188	54.3933
4.2085	6.1585	0.2270	55.9548	54.6882
4.2090	6.1583	0.2295	56.0426	55.0193
4.2095	6.1588	0.2257	55.7556	55.0238
4.2100	6.1587	0.2234	55.4281	55.0375
4.2105	6.1587	0.2228	54.9369	55.1048
4.2110	6.1572	0.2382	54.8613	55.0914
4.2115	6.1557	0.2539	53.9031	54.9034
4.2120	6.1547	0.2711	52.5221	54.7947
4.2125	6.1546	0.2799	52.7159	54.7124
4.2130	6.1545	0.2710	52.9092	54.6520
4.2135	6.1553	0.2623	53.3230	54.5682
4.2140	6.1562	0.2590	53.4816	54.6249
4.2145	6.1580	0.2408	53.8047	54.7171
4.2150	6.1595	0.2245	54.1164	54.8296
4.2155	6.1604	0.2104	54.4764	54.9118
4.2160	6.1593	0.2149	54.6798	54.8696
4.2165	6.1592	0.2201	54.9079	54.7868
4.2170	6.1591	0.2231	55.1713	54.6326
4.2175	6.1588	0.2228	55.3734	54.5406
4.2180	6.1599	0.2190	55.4617	54.6503
4.2185	6.1596	0.2200	55.5221	54.7305
4.2190	6.1587	0.2260	55.7814	54.5906
4.2195	6.1588	0.2206	55.2405	54.6137
4.2200	6.1589	0.2178	55.3675	54.8267
4.2205	6.1589	0.2220	55.4953	54.9035
4.2210	6.1589	0.2216	55.1016	55.0605
4.2215	6.1590	0.2318	54.9252	55.0105
4.2220	6.1578	0.2304	55.3011	54.9505
4.2225	6.1568	0.2422	55.4460	54.8678
4.2230	6.1557	0.2567	55.6444	54.7627
4.2235	6.1558	0.2555	55.9813	54.8857
4.2240	6.1569	0.2478	56.0330	55.0435
4.2245	6.1569	0.2417	55.9436	54.7981
4.2250	6.1582	0.2365	55.8340	54.7985
4.2255	6.1588	0.2281	55.9670	54.9780
4.2260	6.1603	0.2157	55.7500	54.9878
4.2265	6.1603	0.2051	55.3963	54.9816
4.2270	6.1618	0.1967	54.8339	54.7895
4.2275	6.1621	0.1904	54.8557	54.8935
4.2280	6.1607	0.2020	53.4863	54.9150
4.2285	6.1609	0.2030	52.4745	54.8457
4.2290	6.1613	0.2030	52.7080	55.0622
4.2295	6.1613	0.1987	52.8980	54.9357
4.2300	6.1608	0.2058	53.4655	54.5897
4.2305	6.1614	0.2000	53.5359	54.5226
4.2310	6.1607	0.2051	53.7895	54.4454
4.2315	6.1601	0.2107	54.1026	54.7259
4.2320	6.1584	0.2278	54.5369	54.7700
4.2325	6.1575	0.2382	54.7520	54.5821
4.2330	6.1558	0.2512	54.8891	54.7027
4.2335	6.1553	0.2641	55.1334	54.6188
4.2340	6.1555	0.2600	55.4336	54.7263
4.2345	6.1555	0.2599	55.5593	55.0687
4.2350	6.1566	0.2526	55.5211	54.8044
4.2355	6.1568	0.2499	55.6260	54.3631
4.2360	6.1577	0.2401	55.7468	54.3349
4.2365	6.1579	0.2354	55.5332	54.3932
4.2370	6.1592	0.2233	55.4051	54.6151
4.2375	6.1600	0.2094	55.1366	54.8904
4.2380	6.1596	0.2161	55.0534	54.8719
4.2385	6.1593	0.2185	55.3637	55.0625
4.2390	6.1595	0.2183	55.5034	54.9599
4.2395	6.1587	0.2272	55.5532	54.9560
4.2400	6.1587	0.2279	55.8712	55.1143
4.2405	6.1587	0.2281	56.1021	54.9189
4.2410	6.1589	0.2234	55.9443	54.6638
4.2415	6.1589	0.2211	55.8449	54.5953
4.2420	6.1580	0.2292	55.8246	54.5772
4.2425	6.1577	0.2358	55.7831	54.6650
4.2430	6.1567	0.2427	55.2391	54.6798
4.2435	6.1559	0.2539	54.8742	54.9274
4.2440	6.1548	0.2649	54.1010	55.1137
4.2445	6.1549	0.2655	52.5781	54.9411
4.2450	6.1560	0.2560	52.6738	54.7746
4.2455	6.1560	0.2601	52.5488	54.7441
4.2460	6.1573	0.2412	53.0306	54.5075
4.2465	6.1569	0.2393	53.3795	54.3131
4.2470	6.1565	0.2469	53.7245	54.4357
4.2475	6.1567	0.2452	53.7761	54.5848
4.2480	6.1566	0.2499	54.0682	54.6832
4.2485	6.1561	0.2489	54.5335	54.7896
4.2490	6.1558	0.2560	54.8760	55.0138
4.2495	6.1561	0.2613	54.9774	55.2671
4.2500	6.1565	0.2485	55.1665	55.1685
4.2505	6.1572	0.2449	55.3608	54.9591
4.2510	6.1579	0.2391	55.4861	54.9609
4.2515	6.1584	0.2358	55.5197	54.7098
4.2520	6.1582	0.2327	55.6571	54.5103
4.2525	6.1568	0.2460	55.9172	54.6798
4.2530	6.1557	0.2613	55.7799	54.8544
4.2535	6.1546	0.2729	54.9746	54.8809
4.2540	6.1538	0.2771	54.9210	55.1245
4.2545	6.1543	0.2772	55.1523	55.2384
4.2550	6.1558	0.2599	55.5604	55.3495
4.2555	6.1562	0.2505	55.6548	55.0604
4.2560	6.1571	0.2473	55.6547	54.7171
4.2565	6.1563	0.2515	55.9993	54.7328
4.2570	6.1560	0.2550	56.2459	54.6256
4.2575	6.1543	0.2746	56.2050	54.5706
4.2580	6.1528	0.2900	55.8892	54.7466
4.2585	6.1527	0.2888	55.8309	54.7558
4.2590	6.1541	0.2774	55.8049	54.7279
4.2595	6.1548	0.2680	55.6332	54.7750
4.2600	6.1548	0.2668	54.7332	54.9073
4.2605	6.1544	0.2725	53.9424	55.0340
4.2610	6.1544	0.2691	53.5918	54.6623
4.2615	6.1562	0.2605	52.5894	54.3988
4.2620	6.1575	0.2402	52.8521	54.4672
4.2625	6.1585	0.2272	52.8583	54.3798
4.2630	6.1579	0.2345	53.3232	54.4486
4.2635	6.1562	0.2487	53.7806	54.7708
4.2640	6.1556	0.2585	53.9719	54.6881
4.2645	6.1548	0.2717	54.0282	54.6852
4.2650	6.1542	0.2789	54.4231	54.6933
4.2655	6.1557	0.2698	54.7920	54.7818
4.2660	6.1557	0.2579	54.9851	55.0439
4.2665	6.1563	0.2502	55.0333	54.8987
4.2670	6.1577	0.2384	55.3237	54.6819
4.2675	6.1583	0.2355	55.5177	54.7389
4.2680	6.1589	0.2232	55.5910	54.5299
4.2685	6.1589	0.2212	55.4946	54.5588
4.2690	6.1598	0.2194	55.7571	54.8076
4.2695	6.1592	0.2199	55.4584	54.8493
4.2700	6.1591	0.2225	54.5480	54.8493
4.2705	6.1588	0.2264	54.7234	54.8119
4.2710	6.1587	0.2285	55.1351	55.0475
4.2715	6.1586	0.2284	55.6619	54.8899
4.2720	6.1599	0.2180	55.7223	54.6989
4.2725	6.1613	0.2015	55.6814	54.7436
4.2730	6.1608	0.2037	55.9400	54.7226
4.2735	6.1589	0.2225	56.2673	54.4800
4.2740	6.1568	0.2412	56.2305	54.3309
4.2745	6.1557	0.2569	55.9092	54.4968
4.2750	6.1551	0.2631	55.8329	54.6169
4.2755	6.1553	0.2617	55.7951	54.8177
4.2760	6.1565	0.2509	55.4988	54.9368
4.2765	6.1567	0.2472	54.5294	55.0587
4.2770	6.1567	0.2508	53.9147	54.8606
4.2775	6.1571	0.2477	54.0174	54.6378
4.2780	6.1565	0.2472	52.6581	54.6406
4.2785	6.1560	0.2567	52.7714	54.8594
4.2790	6.1583	0.2375	52.9457	54.7171
4.2795	6.1580	0.2342	53.4418	54.5816
4.2800	6.1576	0.2373	53.7711	54.8281
4.2805	6.1585	0.2288	53.8340	54.8688
4.2810	6.1593	0.2209	54.0110	54.9941
4.2815	6.1592	0.2257	54.5449	55.0971
4.2820	6.1598	0.2155	54.9417	55.0966
4.2825	6.1608	0.2037	54.9695	55.1203
4.2830	6.1608	0.2082	54.9376	54.8992
4.2835	6.1599	0.2085	55.2443	54.8012
4.2840	6.1597	0.2148	55.5397	54.9495
4.2845	6.1596	0.2193	55.5985	54.6709
4.2850	6.1580	0.2307	55.4875	54.5773
4.2855	6.1569	0.2471	55.6760	54.8661
4.2860	6.1564	0.2515	54.8086	55.0683
4.2865	6.1556	0.2591	54.5048	55.1600
4.2870	6.1560	0.2583	54.6722	54.9746
4.2875	6.1560	0.2502	55.1485	54.7779
4.2880	6.1576	0.2404	55.6940	54.6356
4.2885	6.1580	0.2307	55.7462	54.2247
4.2890	6.1586	0.2223	55.6873	54.4920
4.2895	6.1572	0.2337	55.9082	54.6085
4.2900	6.1583	0.2299	56.3421	54.3758
4.2905	6.1588	0.2203	56.1820	54.3259
4.2910	6.1592	0.2207	55.8136	54.6386
4.2915	6.1605	0.2062	55.6592	54.8326
4.2920	6.1608	0.2027	55.8261	55.0146
4.2925	6.1607	0.2039	55.4192	54.9304
4.2930	6.1609	0.2019	54.7061	54.7706
4.2935	6.1605	0.2037	54.0576	54.5976
4.2940	6.1596	0.2147	53.9970	54.3288
4.2945	6.1598	0.2152	53.3615	54.5641
4.2950	6.1582	0.2222	52.5159	54.8633
4.2955	6.1575	0.2427	52.8697	54.7719
4.2960	6.1561	0.2514	53.4450	54.7669
4.2965	6.1555	0.2563	53.9992	54.9708
4.2970	6.1568	0.2501	53.7926	55.0321
4.2975	6.1574	0.2384	53.9167	55.0889
4.2980	6.1577	0.2413	54.5142	54.9999
4.2985	6.1573	0.2442	55.0484	54.8906
4.2990	6.1569	0.2478	54.9039	54.5412
4.2995	6.1578	0.2401	54.8205	54.3951
4.3000	6.1585	0.2281	55.2174	54.5390
4.3005	6.1599	0.2160	55.7482	54.5478
4.3010	6.1599	0.2133	55.5287	54.5917
4.3015	6.1602	0.2094	55.3470	54.7344
4.3020	6.1598	0.2095	54.1185	54.9177
4.3025	6.1598	0.2103	54.4261	54.8118
4.3030	6.1608	0.2042	54.6875	54.7834
4.3035	6.1615	0.1977	54.5532	54.7353
4.3040	6.1607	0.1980	55.1274	54.8434
4.3045	6.1597	0.2167	55.7290	54.6850
4.3050	6.1582	0.2358	55.8354	54.5582
4.3055	6.1566	0.2511	55.6681	54.6145
4.3060	6.1552	0.2645	55.8236	54.6780
4.3065	6.1549	0.2629	56.2134	54.6949
4.3070	6.1565	0.2550	56.2111	54.8465
4.3075	6.1568	0.2486	55.8536	55.1087
4.3080	6.1566	0.2486	55.6215	54.9616
4.3085	6.1573	0.2431	55.6498	54.9112
4.3090	6.1591	0.2214	55.2440	54.8928
4.3095	6.1604	0.2124	54.7469	54.9098
4.3100	6.1602	0.2093	53.8092	54.7970
4.3105	6.1591	0.2142	53.4040	54.7064
4.3110	6.1598	0.2173	53.4330	54.8083
4.3115	6.1606	0.2086	52.8226	55.0377
4.3120	6.1599	0.2121	53.1623	54.8563
4.3125	6.1604	0.2057	53.4821	54.9235
4.3130	6.1609	0.2012	53.9533	54.9387
4.3135	6.1609	0.2018	54.0579	54.8617
4.3140	6.1618	0.1965	54.2533	54.9638
4.3145	6.1605	0.2062	54.6934	55.0445
4.3150	6.1591	0.2185	55.1110	55.1026
4.3155	6.1571	0.2428	55.1327	54.8563
4.3160	6.1554	0.2601	55.1636	54.5432
4.3165	6.1544	0.2706	55.3830	54.4879
4.3170	6.1534	0.2803	55.7258	54.4457
4.3175	6.1541	0.2779	55.6936	54.4157
4.3180	6.1551	0.2683	55.1830	54.7126
4.3185	6.1559	0.2573	55.2943	54.7312
4.3190	6.1569	0.2459	55.6037	54.6169
4.3195	6.1580	0.2331	54.9577	54.5832
4.3200	6.1588	0.2234	54.6495	54.7208
4.3205	6.1589	0.2248	55.1521	54.8372
4.3210	6.1597	0.2185	55.6098	54.7289
4.3215	6.1586	0.2243	55.8417	54.5121
4.3220	6.1585	0.2270	55.7705	54.5239
4.3225	6.1588	0.2248	55.7997	54.4351
4.3230	6.1587	0.2275	56.0889	54.4086
4.3235	6.1587	0.2239	56.1149	54.7651
4.3240	6.1587	0.2197	55.8020	55.0334
4.3245	6.1593	0.2179	55.4498	55.0040
4.3250	6.1597	0.2136	55.4525	55.0188
4.3255	6.1599	0.2154	55.0812	55.0900
4.3260	6.1585	0.2278	54.7239	55.0385
4.3265	6.1572	0.2459	53.2687	54.8394
4.3270	6.1559	0.2517	52.5079	54.7282
4.3275	6.1549	0.2587	52.9189	54.6403
4.3280	6.1561	0.2570	52.9144	54.6134
4.3285	6.1562	0.2495	53.1535	54.5707
4.3290	6.1574	0.2449	53.5089	54.6622
4.3295	6.1584	0.2234	54.0600	54.7432
4.3300	6.1600	0.2092	54.1851	54.8829
4.3305	6.1613	0.2009	54.2897	54.9056
4.3310	6.1599	0.2124	54.5817	54.8419
4.3315	6.1599	0.2174	55.1244	54.7289
4.3320	6.1602	0.2164	55.2765	54.5502
4.3325	6.1597	0.2118	55.2432	54.5008
4.3330	6.1603	0.2080	55.3108	54.6331
4.3335	6.1597	0.2170	55.7163	54.7362
4.3340	6.1591	0.2240	55.7877	54.5890
4.3345	6.1596	0.2190	54.9906	54.6607
4.3350	6.1598	0.2213	55.2888	54.8727
4.3355	6.1599	0.2190	55.5606	54.9339
4.3360	6.1594	0.2178	55.1617	55.0812
4.3365	6.1586	0.2275	54.8080	54.9576
4.3370	6.1584	0.2295	55.1460	54.8737
4.3375	6.1568	0.2425	55.5461	54.7829
4.3380	6.1555	0.2550	55.9010	54.7130
4.3385	6.1557	0.2534	55.8987	54.8955
4.3390	6.1566	0.2506	55.7220	55.0206
4.3395	6.1574	0.2411	55.9331	54.7764
4.3400	6.1587	0.2295	56.1601	54.8483
4.3405	6.1587	0.2240	55.9083	55.0098
4.3410	6.1600	0.2129	55.3795	55.0070
4.3415	6.1602	0.2096	55.2357	54.9481
4.3420	6.1614	0.2015	55.0228	54.7581
4.3425	6.1611	0.1990	54.7459	54.8766
4.3430	6.1603	0.2077	52.8810	54.8347
4.3435	6.1603	0.2122	52.4286	54.8133
4.3440	6.1607	0.2044	52.9106	55.0554
4.3445	6.1607	0.2052	53.0822	54.8684
4.3450	6.1608	0.2033	53.2435	54.5892
4.3455	6.1615	0.2024	53.4067	54.5334
4.3460	6.1605	0.2039	53.9874	54.4791
4.3465	6.1599	0.2140	54.2781	54.7739
4.3470	6.1579	0.2299	54.3966	54.7222
4.3475	6.1566	0.2401	54.5858	54.5597
4.3480	6.1555	0.2620	55.0604	54.6655
4.3485	6.1552	0.2621	55.4073	54.5469
4.3490	6.1551	0.2619	55.2686	54.7122
4.3495	6.1559	0.2588	55.2287	55.0495
4.3500	6.1564	0.2485	55.6100	54.7260
4.3505	6.1570	0.2443	55.9935	54.3545
4.3510	6.1578	0.2393	55.5920	54.3771
4.3515	6.1580	0.2397	55.1436	54.4101
4.3520	6.1590	0.2206	55.3889	54.6777
4.3525	6.1601	0.2133	55.4014	54.8801
4.3530	6.1596	0.2115	55.0237	54.8596
4.3535	6.1594	0.2167	55.0476	55.0210
4.3540	6.1592	0.2169	55.4075	54.8892
4.3545	6.1589	0.2256	55.9058	54.9588
4.3550	6.1583	0.2286	55.9691	55.0993
4.3555	6.1585	0.2256	55.7570	54.8631
4.3560	6.1592	0.2164	55.7813	54.6645
4.3565	6.1590	0.2192	56.0703	54.5995
4.3570	6.1594	0.2202	55.8582	54.5899
4.3575	6.1587	0.2232	55.4713	54.6683
4.3580	6.1575	0.2351	54.9618	54.6875
4.3585	6.1564	0.2483	55.0767	54.9728
4.3590	6.1555	0.2556	53.8738	55.0759
4.3595	6.1557	0.2526	52.2542	54.8906
4.3600	6.1563	0.2523	52.5341	54.7749
4.3605	6.1568	0.2479	52.7511	54.7284
4.3610	6.1581	0.2364	53.2096	54.4637
4.3615	6.1577	0.2339	53.2113	54.3243
4.3620	6.1571	0.2410	53.5571	54.4551
4.3625	6.1570	0.2446	53.9790	54.6013
4.3630	6.1561	0.2533	54.3245	54.6913
4.3635	6.1561	0.2487	54.3105	54.8096
4.3640	6.1559	0.2549	54.6315	55.0412
4.3645	6.1557	0.2607	55.1594	55.2658
4.3650	6.1570	0.2479	55.3801	55.1191
4.3655	6.1579	0.2331	55.1810	54.9522
4.3660	6.1584	0.2276	55.2085	54.9111
4.3665	6.1591	0.2210	55.7264	54.6347
4.3670	6.1589	0.2277	55.9493	54.4879
4.3675	6.1580	0.2358	55.6891	54.7085
4.3680	6.1566	0.2502	55.2496	54.8628
4.3685	6.1553	0.2623	55.0293	54.9629
4.3690	6.1549	0.2688	55.3179	55.1583
4.3695	6.1560	0.2576	55.1261	55.2333
4.3700	6.1570	0.2393	55.1768	55.3328
4.3705	6.1579	0.2345	55.5928	54.9593
4.3710	6.1584	0.2296	56.0645	54.6906
4.3715	6.1572	0.2399	56.0638	54.7153
4.3720	6.1563	0.2491	55.8018	54.5939
4.3725	6.1551	0.2587	55.9983	54.5696
4.3730	6.1542	0.2715	56.2156	54.7371
4.3735	6.1550	0.2673	56.0669	54.7046
4.3740	6.1567	0.2498	55.3815	54.6986
4.3745	6.1565	0.2538	55.2437	54.7318
4.3750	6.1570	0.2443	54.8011	54.8686
4.3755	6.1558	0.2610	54.1312	55.0135
4.3760	6.1554	0.2638	53.0892	54.6108
4.3765	6.1568	0.2447	52.1848	54.4355
4.3770	6.1574	0.2331	53.0445	54.4841
4.3775	6.1585	0.2314	53.2146	54.3641
4.3780	6.1573	0.2410	53.2868	54.5006
4.3785	6.1561	0.2546	53.4014	54.7524
4.3790	6.1552	0.2623	54.0118	54.6357
4.3795	6.1541	0.2703	54.3323	54.6710
4.3800	6.1548	0.2719	54.3860	54.6675
4.3805	6.1554	0.2653	54.4695	54.7926
4.3810	6.1560	0.2550	55.0677	55.0338
4.3815	6.1566	0.2472	55.3694	54.8451
4.3820	6.1577	0.2436	55.2405	54.6909
4.3825	6.1574	0.2394	55.0950	54.7315
4.3830	6.1577	0.2311	55.5776	54.5079
4.3835	6.1581	0.2306	55.8611	54.5876
4.3840	6.1588	0.2253	55.7940	54.8013
4.3845	6.1587	0.2271	54.9056	54.8144
4.3850	6.1584	0.2327	54.4613	54.7518
4.3855	6.1588	0.2254	55.1559	54.7793
4.3860	6.1583	0.2289	55.2628	55.0083
4.3865	6.1583	0.2307	55.2213	54.8175
4.3870	6.1598	0.2177	55.5310	54.6902
4.3875	6.1609	0.2018	56.1207	54.7515
4.3880	6.1604	0.1986	56.2319	54.7274
4.3885	6.1584	0.2319	55.8831	54.4367
4.3890	6.1572	0.2452	55.8916	54.3307
4.3895	6.1558	0.2570	56.1894	54.5100
4.3900	6.1549	0.2676	56.0885	54.6038
4.3905	6.1553	0.2684	55.3614	54.8210
4.3910	6.1557	0.2571	55.1362	54.9233
4.3915	6.1557	0.2534	54.6253	55.0284
4.3920	6.1559	0.2572	54.2931	54.8397
4.3925	6.1559	0.2566	53.6558	54.6710
4.3930	6.1555	0.2606	52.1938	54.6908
4.3935	6.1556	0.2664	52.9658	54.8709
4.3940	6.1581	0.2346	53.2553	54.6424
4.3945	6.1581	0.2292	53.3653	54.5732
4.3950	6.1579	0.2363	53.4299	54.7796
4.3955	6.1584	0.2267	53.9686	54.8213
4.3960	6.1592	0.2225	54.4053	54.9597
4.3965	6.1589	0.2267	54.5202	55.0643
4.3970	6.1594	0.2151	54.5598	55.0955
4.3975	6.1605	0.2083	54.9491	55.1403
4.3980	6.1602	0.2074	55.2872	54.8824
4.3985	6.1602	0.2114	55.3076	54.8392
4.3990	6.1597	0.2205	55.2300	54.9233
4.3995	6.1590	0.2241	55.4752	54.5754
4.4000	6.1578	0.2288	55.7925	54.5418
4.4005	6.1569	0.2518	55.6795	54.8306
4.4010	6.1565	0.2525	54.3731	55.0325
4.4015	6.1560	0.2593	54.4379	55.1085
4.4020	6.1558	0.2564	54.9332	54.9199
4.4025	6.1567	0.2504	55.3242	54.7836
4.4030	6.1574	0.2449	55.4373	54.5910
4.4035	6.1581	0.2374	55.5429	54.2480
4.4040	6.1582	0.2313	55.9579	54.5681
4.4045	6.1576	0.2359	56.1401	54.5567
4.4050	6.1584	0.2293	56.0097	54.2927
4.4055	6.1590	0.2284	55.8471	54.2812
4.4060	6.1594	0.2244	56.0263	54.6017
4.4065	6.1604	0.2104	55.9633	54.7812
4.4070	6.1606	0.2082	55.5612	54.9803
4.4075	6.1602	0.2075	54.9840	54.9045
4.4080	6.1606	0.2105	54.8222	54.7949
4.4085	6.1605	0.2071	54.3055	54.5840
4.4090	6.1598	0.2121	53.8482	54.3602
4.4095	6.1591	0.2180	52.9851	54.6109
4.4100	6.1587	0.2252	52.5926	54.8376
4.4105	6.1572	0.2380	53.3142	54.6996
4.4110	6.1556	0.2564	53.4334	54.7190
4.4115	6.1554	0.2593	53.5824	54.9171
4.4120	6.1564	0.2496	53.7700	54.9885
4.4125	6.1573	0.2416	54.3304	55.0687
4.4130	6.1579	0.2375	54.5931	54.9725
4.4135	6.1567	0.2441	54.6670	54.8698
4.4140	6.1571	0.2440	54.8301	54.5078
4.4145	6.1583	0.2354	55.2123	54.4470
4.4150	6.1587	0.2324	55.3748	54.5401
4.4155	6.1594	0.2145	55.3112	54.5190
4.4160	6.1598	0.2101	55.3569	54.5282
4.4165	6.1607	0.2057	55.5383	54.7021
4.4170	6.1602	0.2089	54.1484	54.8424
4.4175	6.1600	0.2118	54.2623	54.7708
4.4180	6.1610	0.1999	54.4728	54.7399
4.4185	6.1612	0.2009	54.7910	54.7280
4.4190	6.1609	0.2070	55.3380	54.8457
4.4195	6.1595	0.2219	55.5195	54.6583
4.4200	6.1574	0.2379	55.5718	54.5963
4.4205	6.1562	0.2453	55.8392	54.6273
4.4210	6.1552	0.2605	56.0737	54.6664
4.4215	6.1552	0.2627	56.0949	54.6310
4.4220	6.1558	0.2572	55.8787	54.8249
4.4225	6.1561	0.2526	55.8918	55.0215
4.4230	6.1563	0.2593	55.8619	54.8855
4.4235	6.1560	0.2476	55.5615	54.8656
4.4240	6.1584	0.2354	54.8887	54.8883
4.4245	6.1596	0.2179	54.6719	54.9200
4.4250	6.1594	0.2221	53.9420	54.8062
4.4255	6.1590	0.2252	53.4639	54.7286
4.4260	6.1600	0.2169	53.1445	54.8576
4.4265	6.1602	0.2122	52.7350	55.0028
4.4270	6.1603	0.2171	53.3932	54.7715
4.4275	6.1604	0.2106	53.6351	54.8658
4.4280	6.1603	0.2053	53.8174	54.8325
4.4285	6.1602	0.2077	53.9303	54.8026
4.4290	6.1605	0.2113	54.4469	54.9304
4.4295	6.1598	0.2121	54.8657	55.0561
4.4300	6.1583	0.2275	54.9669	55.1107
4.4305	6.1568	0.2499	54.9703	54.8474
4.4310	6.1553	0.2657	55.3038	54.5271
4.4315	6.1540	0.2720	55.5421	54.4866
4.4320	6.1536	0.2858	55.6258	54.3885
4.4325	6.1528	0.2834	55.4811	54.3843
4.4330	6.1533	0.2785	55.2574	54.6624
4.4335	6.1545	0.2767	55.5212	54.6463
4.4340	6.1558	0.2554	55.4471	54.5489
4.4345	6.1578	0.2408	54.6432	54.5525
4.4350	6.1581	0.2295	54.7519	54.7274
4.4355	6.1587	0.2297	55.4225	54.8445
4.4360	6.1586	0.2198	55.5951	54.7348
4.4365	6.1584	0.2316	55.5742	54.5120
4.4370	6.1583	0.2272	55.7519	54.5100
4.4375	6.1582	0.2271	56.0421	54.3807
4.4380	6.1579	0.2340	56.0671	54.3553
4.4385	6.1581	0.2269	55.8516	54.7547
4.4390	6.1586	0.2316	55.7408	54.9717
4.4395	6.1590	0.2265	55.6564	54.9636
4.4400	6.1592	0.2198	55.4447	54.9939
4.4405	6.1591	0.2208	54.8203	55.0847
4.4410	6.1571	0.2381	54.5776	55.0500
4.4415	6.1559	0.2556	53.2437	54.8435
4.4420	6.1546	0.2724	52.5910	54.7586
4.4425	6.1542	0.2728	52.7694	54.6548
4.4430	6.1542	0.2688	52.8039	54.5757
4.4435	6.1554	0.2669	53.3191	54.5231
4.4440	6.1566	0.2531	53.6939	54.5840
4.4445	6.1576	0.2380	53.9506	54.6673
4.4450	6.1595	0.2183	53.9994	54.8063
4.4455	6.1605	0.2085	54.3732	54.8589
4.4460	6.1595	0.2186	54.7907	54.7951
4.4465	6.1593	0.2180	55.1139	54.7066
4.4470	6.1599	0.2212	55.0720	54.5573
4.4475	6.1598	0.2162	55.2467	54.5148
4.4480	6.1602	0.2136	55.4999	54.6344
4.4485	6.1595	0.2163	55.7639	54.6874
4.4490	6.1589	0.2227	55.5676	54.5102
4.4495	6.1594	0.2165	54.9356	54.6156
4.4500	6.1593	0.2168	55.4593	54.8025
4.4505	6.1593	0.2214	55.5468	54.8999
4.4510	6.1587	0.2225	54.9425	55.0549
4.4515	6.1586	0.2335	54.7799	54.9802
4.4520	6.1578	0.2359	55.3485	54.9428
4.4525	6.1567	0.2440	55.6275	54.7934
4.4530	6.1561	0.2549	55.7435	54.7421
4.4535	6.1566	0.2523	55.7552	54.9201
4.4540	6.1570	0.2464	55.9173	54.9595
4.4545	6.1573	0.2438	56.0735	54.6936
4.4550	6.1580	0.2360	55.9471	54.8000
4.4555	6.1588	0.2234	55.7259	54.9380
4.4560	6.1604	0.2142	55.5152	54.9774
4.4565	6.1604	0.2071	55.3565	54.9072
4.4570	6.1607	0.1988	54.8967	54.7571
4.4575	6.1611	0.2001	54.4359	54.9173
4.4580	6.1601	0.2127	52.8132	54.8443
4.4585	6.1597	0.2113	52.6808	54.8588
4.4590	6.1602	0.2101	52.8540	55.0324
4.4595	6.1599	0.2139	52.9133	54.7758
4.4600	6.1600	0.2116	53.2416	54.5038
4.4605	6.1605	0.2042	53.6167	54.4505
4.4610	6.1605	0.2067	53.9993	54.4448
4.4615	6.1596	0.2144	54.0998	54.7452
4.4620	6.1586	0.2345	54.3871	54.6755
4.4625	6.1571	0.2402	54.8068	54.5664
4.4630	6.1559	0.2596	55.0895	54.6871
4.4635	6.1553	0.2647	55.1788	54.5853
4.4640	6.1554	0.2637	55.2224	54.7776
4.4645	6.1559	0.2560	55.4797	55.0330
4.4650	6.1564	0.2501	55.6648	54.6420
4.4655	6.1570	0.2483	55.7174	54.2746
4.4660	6.1573	0.2409	55.4759	54.3042
4.4665	6.1573	0.2470	55.4090	54.3501
4.4670	6.1588	0.2266	55.4811	54.6633
4.4675	6.1596	0.2166	55.1195	54.8574
4.4680	6.1599	0.2163	54.8284	54.8849
4.4685	6.1593	0.2205	55.3240	55.0374
4.4690	6.1594	0.2169	55.6473	54.8983
4.4695	6.1585	0.2285	55.5976	54.9759
4.4700	6.1574	0.2318	55.7210	55.0723
4.4705	6.1579	0.2298	56.0664	54.8025
4.4710	6.1583	0.2316	56.0360	54.6087
4.4715	6.1590	0.2239	55.8229	54.5495
4.4720	6.1588	0.2219	55.5102	54.5591
4.4725	6.1584	0.2284	55.6166	54.6366
4.4730	6.1572	0.2399	55.2377	54.6708
4.4735	6.1560	0.2553	54.9074	54.9652
4.4740	6.1552	0.2590	53.4297	55.0438
4.4745	6.1556	0.2562	52.3350	54.8594
4.4750	6.1564	0.2538	52.8028	54.7462
4.4755	6.1568	0.2471	52.7006	54.6905
4.4760	6.1576	0.2399	52.9307	54.4139
4.4765	6.1577	0.2375	53.2626	54.2977
4.4770	6.1569	0.2446	53.8796	54.4427
4.4775	6.1566	0.2493	53.9585	54.5832
4.4780	6.1560	0.2496	54.0367	54.6647
4.4785	6.1564	0.2507	54.3663	54.7864
4.4790	6.1554	0.2572	54.9657	55.0361
4.4795	6.1555	0.2602	55.1619	55.2558
4.4800	6.1564	0.2571	55.0612	55.0728
4.4805	6.1570	0.2476	55.1555	54.9280
4.4810	6.1579	0.2337	55.5595	54.8804
4.4815	6.1584	0.2279	55.7817	54.5900
4.4820	6.1584	0.2323	55.5998	54.4593
4.4825	6.1568	0.2417	55.6065	54.7030
4.4830	6.1559	0.2523	55.5202	54.8282
4.4835	6.1546	0.2694	55.1241	54.9449
4.4840	6.1542	0.2743	54.9760	55.1595
4.4845	6.1548	0.2705	54.9516	55.2275
4.4850	6.1565	0.2557	55.5671	55.3151
4.4855	6.1565	0.2482	55.8406	54.9197
4.4860	6.1565	0.2538	55.6937	54.6700
4.4865	6.1553	0.2608	55.7118	54.6898
4.4870	6.1544	0.2653	56.0877	54.5546
4.4875	6.1537	0.2805	56.3805	54.5546
4.4880	6.1528	0.2856	55.9649	54.7141
4.4885	6.1539	0.2754	55.5929	54.6680
4.4890	6.1556	0.2630	55.5194	54.6611
4.4895	6.1553	0.2628	55.6885	54.7095
4.4900	6.1553	0.2626	54.6114	54.9048
4.4905	6.1548	0.2657	53.6113	54.9901
4.4910	6.1557	0.2621	53.0779	54.5678
4.4915	6.1573	0.2458	52.6760	54.3986
4.4920	6.1578	0.2326	53.0932	54.4411
4.4925	6.1578	0.2393	52.7708	54.3329
4.4930	6.1569	0.2496	53.2033	54.4047
4.4935	6.1560	0.2564	53.8120	54.7403
4.4940	6.1548	0.2668	54.1444	54.6254
4.4945	6.1540	0.2756	53.9695	54.6494
4.4950	6.1546	0.2719	54.2371	54.6605
4.4955	6.1555	0.2590	54.7915	54.8005
4.4960	6.1560	0.2555	55.2061	55.0212
4.4965	6.1566	0.2493	55.0470	54.8148
4.4970	6.1576	0.2386	55.0767	54.6735
4.4975	6.1572	0.2371	55.4032	54.7039
4.4980	6.1581	0.2301	55.7809	54.4721
4.4985	6.1583	0.2296	55.5023	54.5860
4.4990	6.1587	0.2304	55.5191	54.8089
4.4995	6.1579	0.2347	55.1676	54.8106
4.5000	6.1579	0.2378	54.7562	54.7564
4.5005	6.1577	0.2349	54.8622	54.7870
4.5010	6.1581	0.2363	54.8965	55.0208
4.5015	6.1575	0.2382	55.4431	54.8296
4.5020	6.1591	0.2234	55.9167	54.6904
4.5025	6.1603	0.2095	55.9414	54.7234
4.5030	6.1600	0.2139	55.7776	54.6792
4.5035	6.1578	0.2336	55.9621	54.3840
4.5040	6.1568	0.2461	56.3037	54.3123
4.5045	6.1554	0.2605	56.0819	54.4923
4.5050	6.1549	0.2638	55.6574	54.5961
4.5055	6.1552	0.2641	55.3354	54.7902
4.5060	6.1560	0.2558	55.4573	54.9194
4.5065	6.1556	0.2573	54.6018	55.0328
4.5070	6.1561	0.2589	53.9267	54.7750
4.5075	6.1569	0.2478	53.3991	54.6180
4.5080	6.1561	0.2558	52.4518	54.6680
4.5085	6.1556	0.2579	53.1133	54.8500
4.5090	6.1585	0.2350	52.9525	54.6116
4.5095	6.1577	0.2331	53.2001	54.5800
4.5100	6.1580	0.2372	53.6806	54.7986
4.5105	6.1589	0.2281	54.1523	54.8434
4.5110	6.1588	0.2218	54.1709	54.9783
4.5115	6.1581	0.2304	54.2911	55.0761
4.5120	6.1590	0.2243	54.7285	55.0975
4.5125	6.1596	0.2129	55.1805	55.1374
4.5130	6.1597	0.2177	55.1290	54.8441
4.5135	6.1594	0.2194	55.0200	54.8253
4.5140	6.1593	0.2225	55.3288	54.8887
4.5145	6.1589	0.2224	55.7804	54.5476
4.5150	6.1575	0.2393	55.7462	54.5494
4.5155	6.1563	0.2538	55.3001	54.8569
4.5160	6.1556	0.2556	54.3057	55.0312
4.5165	6.1552	0.2570	54.7496	55.1160
4.5170	6.1555	0.2639	55.0049	54.9085
4.5175	6.1560	0.2535	55.0199	54.7732
4.5180	6.1569	0.2475	55.3095	54.5248
4.5185	6.1573	0.2425	55.8760	54.2500
4.5190	6.1578	0.2348	56.0918	54.5779
4.5195	6.1573	0.2403	55.7863	54.5391
4.5200	6.1581	0.2304	55.7804	54.2831
4.5205	6.1591	0.2216	56.1268	54.3002
4.5210	6.1595	0.2180	56.2801	54.6211
4.5215	6.1599	0.2107	55.6919	54.7905
4.5220	6.1601	0.2106	55.1901	54.9876
4.5225	6.1601	0.2077	55.1535	54.9023
4.5230	6.1602	0.2126	55.1440	54.7718
4.5235	6.1598	0.2113	54.1141	54.5552
4.5240	6.1594	0.2157	53.4439	54.3581
4.5245	6.1594	0.2255	52.9755	54.6067
4.5250	6.1576	0.2385	53.0303	54.8389
4.5255	6.1564	0.2525	53.2131	54.7001
4.5260	6.1556	0.2577	53.0175	54.7467
4.5265	6.1556	0.2619	53.6102	54.9235
4.5270	6.1563	0.2531	54.1773	54.9855
4.5275	6.1576	0.2369	54.3176	55.0598
4.5280	6.1573	0.2417	54.1603	54.9614
4.5285	6.1569	0.2470	54.6188	54.8466
4.5290	6.1575	0.2422	55.2562	54.4743
4.5295	6.1582	0.2342	55.2540	54.4323
4.5300	6.1590	0.2310	54.9411	54.5245
4.5305	6.1595	0.2179	55.1758	54.5206
4.5310	6.1599	0.2107	55.7401	54.5317
4.5315	6.1602	0.2081	55.6798	54.7123
4.5320	6.1595	0.2137	53.7890	54.8536
4.5325	6.1595	0.2172	54.0212	54.7493
4.5330	6.1605	0.2070	54.7681	54.7291
4.5335	6.1610	0.2038	55.0892	54.7160
4.5340	6.1607	0.2024	55.0326	54.8245
4.5345	6.1593	0.2187	55.1811	54.6476
4.5350	6.1573	0.2402	55.8084	54.5917
4.5355	6.1558	0.2536	56.1818	54.6183
4.5360	6.1546	0.2698	55.8299	54.6668
4.5365	6.1546	0.2706	55.6932	54.6339
4.5370	6.1552	0.2611	56.0601	54.8357
4.5375	6.1553	0.2649	56.2676	55.0283
4.5380	6.1557	0.2611	55.6718	54.8734
4.5385	6.1558	0.2558	55.0924	54.8617
4.5390	6.1576	0.2383	54.9516	54.8884
4.5395	6.1586	0.2219	55.0997	54.9293
4.5400	6.1589	0.2245	53.8603	54.8021
4.5405	6.1591	0.2222	52.9956	54.7128
4.5410	6.1594	0.2190	53.0763	54.8409
4.5415	6.1601	0.2121	53.1362	54.9875
4.5420	6.1597	0.2180	53.4661	54.7722
4.5425	6.1600	0.2127	53.2118	54.8762
4.5430	6.1603	0.2066	53.6572	54.8313
4.5435	6.1603	0.2089	54.3322	54.7951
4.5440	6.1601	0.2057	54.6334	54.9253
4.5445	6.1595	0.2139	54.4414	55.0572
4.5450	6.1579	0.2305	54.7116	55.1039
4.5455	6.1565	0.2477	55.3389	54.8298
4.5460	6.1551	0.2617	55.5714	54.5145
4.5465	6.1540	0.2723	55.1356	54.4926
4.5470	6.1532	0.2874	55.2708	54.3776
4.5475	6.1537	0.2803	55.8161	54.3895
4.5480	6.1536	0.2806	55.6093	54.6623
4.5485	6.1550	0.2711	55.1764	54.6419
4.5490	6.1553	0.2535	55.0355	54.5374
4.5495	6.1572	0.2476	54.9018	54.5477
4.5500	6.1576	0.2397	55.1833	54.7121
4.5505	6.1577	0.2403	55.1955	54.8452
4.5510	6.1586	0.2257	55.1154	54.7105
4.5515	6.1579	0.2367	55.7348	54.4950
4.5520	6.1590	0.2307	56.2053	54.5094
4.5525	6.1584	0.2341	55.9216	54.3781
4.5530	6.1578	0.2372	55.5997	54.3652
4.5535	6.1581	0.2303	55.8667	54.7497
4.5540	6.1585	0.2262	56.1669	54.9558
4.5545	6.1589	0.2225	55.6593	54.9369
4.5550	6.1586	0.2200	55.0206	54.9977
4.5555	6.1590	0.2261	54.7237	55.1167
4.5560	6.1566	0.2424	54.9416	55.0646
4.5565	6.1557	0.2560	53.3680	54.8379
4.5570	6.1546	0.2782	52.2258	54.7563
4.5575	6.1541	0.2794	52.5871	54.6513
4.5580	6.1544	0.2705	53.1608	54.5715
4.5585	6.1550	0.2649	53.5383	54.4764
4.5590	6.1563	0.2535	53.3503	54.5405
4.5595	6.1573	0.2420	53.6746	54.6685
4.5600	6.1592	0.2160	54.2865	54.7835
4.5605	6.1608	0.2086	54.6933	54.8311
4.5610	6.1595	0.2212	54.5274	54.8530
4.5615	6.1594	0.2191	54.7341	54.7804
4.5620	6.1601	0.2145	55.2961	54.5494
4.5625	6.1605	0.2120	55.6549	54.5304
4.5630	6.1603	0.2107	55.3035	54.6508
4.5635	6.1595	0.2163	55.3039	54.6892
4.5640	6.1595	0.2180	55.6146	54.4972
4.5645	6.1597	0.2147	55.3602	54.6046
4.5650	6.1596	0.2142	55.4491	54.7765
4.5655	6.1591	0.2180	55.0838	54.8871
4.5660	6.1587	0.2192	54.9094	55.0194
4.5665	6.1580	0.2283	55.1723	54.9734
4.5670	6.1581	0.2329	55.4082	54.9443
4.5675	6.1563	0.2482	55.1731	54.7742
4.5680	6.1555	0.2588	55.6188	54.7475
4.5685	6.1558	0.2575	56.1720	54.9156
4.5690	6.1566	0.2494	56.0662	54.9589
4.5695	6.1577	0.2416	55.6291	54.6669
4.5700	6.1579	0.2271	55.7157	54.7715
4.5705	6.1589	0.2286	56.0857	54.9079
4.5710	6.1595	0.2157	55.7729	54.9431
4.5715	6.1595	0.2098	54.9736	54.8667
4.5720	6.1610	0.2036	54.5459	54.7350
4.5725	6.1612	0.2008	54.7515	54.9129
4.5730	6.1605	0.2036	53.0737	54.8407
4.5735	6.1605	0.2088	52.3285	54.8433
4.5740	6.1606	0.2089	52.4974	55.0353
4.5745	6.1604	0.2101	53.1626	54.7703
4.5750	6.1603	0.2120	53.5937	54.4956
4.5755	6.1608	0.2062	53.4139	54.4388
4.5760	6.1603	0.2115	53.6312	54.4227
4.5765	6.1586	0.2189	54.2440	54.7308
4.5770	6.1578	0.2317	54.6973	54.6465
4.5775	6.1569	0.2487	54.6644	54.5558
4.5780	6.1553	0.2617	54.7582	54.6556
4.5785	6.1554	0.2624	55.2904	54.5505
4.5790	6.1556	0.2650	55.5139	54.7451
4.5795	6.1562	0.2560	55.3311	55.0100
4.5800	6.1561	0.2523	55.3300	54.6062
4.5805	6.1569	0.2495	55.8332	54.2466
4.5810	6.1576	0.2372	55.7771	54.3019
4.5815	6.1578	0.2378	55.3007	54.3411
4.5820	6.1585	0.2310	55.1288	54.6617
4.5825	6.1590	0.2192	55.1860	54.8462
4.5830	6.1597	0.2187	55.2031	54.8850
4.5835	6.1593	0.2199	55.2656	55.0176
4.5840	6.1585	0.2257	55.2723	54.8657
4.5845	6.1585	0.2331	55.6730	54.9547
4.5850	6.1583	0.2287	56.0654	55.0479
4.5855	6.1592	0.2227	55.9977	54.7619
4.5860	6.1596	0.2162	55.6701	54.5683
4.5865	6.1597	0.2125	55.8061	54.5119
4.5870	6.1586	0.2210	55.8659	54.5353
4.5875	6.1582	0.2319	55.6592	54.6531
4.5880	6.1574	0.2393	54.9132	54.6820
4.5885	6.1564	0.2503	54.8409	54.9854
4.5890	6.1560	0.2569	53.6682	55.0692
4.5895	6.1561	0.2565	52.4019	54.8444
4.5900	6.1559	0.2502	52.5371	54.7035
4.5905	6.1569	0.2522	52.5709	54.6364
4.5910	6.1581	0.2402	53.1891	54.3560
4.5915	6.1579	0.2363	53.3826	54.2300
4.5920	6.1573	0.2393	53.5810	54.3813
4.5925	6.1569	0.2428	53.7925	54.5602
4.5930	6.1567	0.2453	54.3043	54.6602
4.5935	6.1567	0.2417	54.5428	54.8085
4.5940	6.1566	0.2478	54.6839	55.0496
4.5945	6.1564	0.2508	54.8879	55.2641
4.5950	6.1580	0.2385	55.2832	55.0651
4.5955	6.1585	0.2224	55.4828	54.8853
4.5960	6.1594	0.2253	55.3589	54.8383
4.5965	6.1598	0.2151	55.4084	54.5395
4.5970	6.1587	0.2242	55.7084	54.4318
4.5975	6.1579	0.2396	55.9360	54.6834
4.5980	6.1565	0.2493	55.4379	54.8250
4.5985	6.1552	0.2638	54.7953	54.9681
4.5990	6.1549	0.2676	55.0435	55.1469
4.5995	6.1556	0.2646	55.2637	55.2172
4.6000	6.1568	0.2453	55.4353	55.2969
4.6005	6.1564	0.2446	55.4782	54.8887
4.6010	6.1562	0.2510	55.7986	54.6481
4.6015	6.1560	0.2588	56.0953	54.6606
4.6020	6.1547	0.2643	56.0413	54.5403
4.6025	6.1538	0.2762	55.9575	54.5318
4.6030	6.1535	0.2836	55.9334	54.6926
4.6035	6.1539	0.2784	56.0274	54.6655
4.6040	6.1548	0.2665	55.5952	54.6420
4.6045	6.1556	0.2599	55.2383	54.6748
4.6050	6.1556	0.2565	54.4623	54.8903
4.6055	6.1551	0.2658	54.0407	54.9451
4.6060	6.1553	0.2621	53.1986	54.5335
4.6065	6.1574	0.2446	52.2768	54.3729
4.6070	6.1582	0.2360	52.8178	54.4285
4.6075	6.1582	0.2298	53.0823	54.3144
4.6080	6.1568	0.2431	53.4880	54.3899
4.6085	6.1563	0.2576	53.5099	54.7280
4.6090	6.1541	0.2677	53.8019	54.6037
4.6095	6.1541	0.2764	54.1992	54.6196
4.6100	6.1543	0.2727	54.5658	54.6230
4.6105	6.1554	0.2644	54.6396	54.7668
4.6110	6.1559	0.2575	54.8893	54.9740
4.6115	6.1568	0.2475	55.1374	54.7838
4.6120	6.1572	0.2388	55.3479	54.6391
4.6125	6.1576	0.2384	55.2631	54.6893
4.6130	6.1590	0.2321	55.4398	54.4158
4.6135	6.1589	0.2259	55.6413	54.5579
4.6140	6.1596	0.2208	55.9072	54.7846
4.6145	6.1582	0.2251	55.0666	54.7849
4.6150	6.1581	0.2310	54.3354	54.7039
4.6155	6.1584	0.2328	54.8469	54.7430
4.6160	6.1583	0.2292	55.2791	55.0076
4.6165	6.1580	0.2355	55.5014	54.8962
4.6170	6.1598	0.2193	55.5572	54.7243
4.6175	6.1610	0.2003	55.8492	54.7012
4.6180	6.1605	0.2087	56.1454	54.6685
4.6185	6.1581	0.2342	56.0910	54.3763
4.6190	6.1562	0.2466	55.9364	54.3191
4.6195	6.1554	0.2608	55.8758	54.4852
4.6200	6.1546	0.2717	55.9752	54.6001
4.6205	6.1548	0.2648	55.6173	54.7493
4.6210	6.1559	0.2582	55.2208	54.8882
4.6215	6.1553	0.2620	54.3181	54.9984
4.6220	6.1557	0.2603	54.0894	54.7777
4.6225	6.1558	0.2617	53.6970	54.5908
4.6230	6.1547	0.2632	52.3147	54.6501
4.6235	6.1555	0.2626	52.8225	54.8414
4.6240	6.1579	0.2366	53.0711	54.6020
4.6245	6.1579	0.2352	53.4799	54.5625
4.6250	6.1579	0.2320	53.6080	54.7612
4.6255	6.1590	0.2249	53.8883	54.7943
4.6260	6.1593	0.2170	54.1859	54.9265
4.6265	6.1589	0.2211	54.5292	55.0214
4.6270	6.1594	0.2210	54.6949	55.0333
4.6275	6.1600	0.2103	54.8925	55.0867
4.6280	6.1601	0.2118	55.1645	54.8284
4.6285	6.1592	0.2148	55.3373	54.8260
4.6290	6.1595	0.2223	55.3517	54.8983
4.6295	6.1590	0.2280	55.4494	54.5601
4.6300	6.1577	0.2360	55.5893	54.5334
4.6305	6.1560	0.2537	55.5910	54.8288
4.6310	6.1559	0.2512	54.5015	54.9845
4.6315	6.1556	0.2587	54.4914	55.0681
4.6320	6.1556	0.2556	54.8083	54.8444
4.6325	6.1566	0.2516	55.2458	54.7428
4.6330	6.1569	0.2446	55.5255	54.5218
4.6335	6.1574	0.2399	55.6166	54.2182
4.6340	6.1584	0.2349	55.8031	54.5521
4.6345	6.1573	0.2362	55.9986	54.5411
4.6350	6.1580	0.2351	56.0800	54.2823
4.6355	6.1584	0.2303	55.9759	54.2873
4.6360	6.1590	0.2249	55.9424	54.5973
4.6365	6.1599	0.2172	55.7810	54.7618
4.6370	6.1601	0.2134	55.5579	54.9444
4.6375	6.1598	0.2113	55.0663	54.8460
4.6380	6.1600	0.2150	54.7193	54.7264
4.6385	6.1600	0.2159	54.1215	54.5368
4.6390	6.1594	0.2192	53.7973	54.3440
4.6395	6.1587	0.2221	52.9763	54.5908
4.6400	6.1582	0.2324	52.6204	54.8315
4.6405	6.1565	0.2499	53.1289	54.6996
4.6410	6.1559	0.2572	53.3800	54.7278
4.6415	6.1556	0.2598	53.7023	54.9139
4.6420	6.1567	0.2478	53.8008	54.9450
4.6425	6.1575	0.2391	54.1503	55.0206
4.6430	6.1583	0.2350	54.5222	54.9321
4.6435	6.1572	0.2439	54.8281	54.8264
4.6440	6.1575	0.2388	54.9047	54.4727
4.6445	6.1584	0.2308	54.9909	54.4104
4.6450	6.1590	0.2218	55.1979	54.5328
4.6455	6.1602	0.2151	55.4218	54.5256
4.6460	6.1602	0.2101	55.5109	54.5390
4.6465	6.1608	0.2054	55.4124	54.7037
4.6470	6.1600	0.2107	53.9910	54.8301
4.6475	6.1604	0.2156	54.3135	54.7310
4.6480	6.1609	0.2068	54.5374	54.7026
4.6485	6.1614	0.2041	54.7250	54.6936
4.6490	6.1601	0.2066	55.1766	54.8179
4.6495	6.1589	0.2231	55.5471	54.6689
4.6500	6.1571	0.2422	55.7247	54.5837
4.6505	6.1557	0.2553	55.7834	54.6093
4.6510	6.1547	0.2690	55.8743	54.6559
4.6515	6.1551	0.2715	56.0581	54.6263
4.6520	6.1561	0.2607	56.0351	54.8192
4.6525	6.1560	0.2516	55.8401	55.0066
4.6530	6.1561	0.2555	55.5789	54.8402
4.6535	6.1562	0.2525	55.5618	54.8157
4.6540	6.1586	0.2275	55.1298	54.8615
4.6545	6.1597	0.2182	54.6565	54.9176
4.6550	6.1599	0.2160	53.5988	54.7962
4.6555	6.1595	0.2210	53.3538	54.6965
4.6560	6.1603	0.2135	53.3565	54.8240
4.6565	6.1598	0.2081	52.7997	54.9917
4.6570	6.1596	0.2151	53.0857	54.7689
4.6575	6.1600	0.2108	53.4835	54.8455
4.6580	6.1607	0.2032	54.0294	54.8332
4.6585	6.1611	0.2066	54.0538	54.7674
4.6590	6.1605	0.2089	54.1974	54.8988
4.6595	6.1599	0.2150	54.6065	55.0361
4.6600	6.1582	0.2300	55.1178	55.0800
4.6605	6.1563	0.2462	55.1511	54.8192
4.6610	6.1552	0.2615	55.0898	54.5045
4.6615	6.1541	0.2749	55.3114	54.4776
4.6620	6.1532	0.2895	55.7541	54.3837
4.6625	6.1534	0.2900	55.6653	54.3692
4.6630	6.1539	0.2815	55.0987	54.6453
4.6635	6.1545	0.2720	55.1994	54.6263
4.6640	6.1556	0.2578	55.5132	54.5109
4.6645	6.1584	0.2354	54.9281	54.5190
4.6650	6.1585	0.2334	54.6601	54.6750
4.6655	6.1582	0.2356	55.1317	54.8237
4.6660	6.1589	0.2215	55.5341	54.7092
4.6665	6.1587	0.2254	55.8022	54.4853
4.6670	6.1587	0.2296	55.7542	54.4943
4.6675	6.1584	0.2288	55.7283	54.3830
4.6680	6.1578	0.2317	55.9789	54.3532
4.6685	6.1588	0.2272	56.0708	54.7285
4.6690	6.1586	0.2292	55.8068	54.9627
4.6695	6.1585	0.2243	55.3948	54.9194
4.6700	6.1590	0.2221	55.2841	54.9554
4.6705	6.1584	0.2278	54.9728	55.0423
4.6710	6.1569	0.2462	54.6753	54.9976
4.6715	6.1556	0.2557	53.1055	54.8207
4.6720	6.1544	0.2691	52.4005	54.7450
4.6725	6.1537	0.2791	52.8722	54.6395
4.6730	6.1545	0.2714	52.9820	54.5638
4.6735	6.1549	0.2673	53.1734	54.4844
4.6740	6.1561	0.2534	53.4305	54.5379
4.6745	6.1584	0.2337	53.9639	54.6512
4.6750	6.1595	0.2195	54.1815	54.7833
4.6755	6.1599	0.2130	54.3480	54.8236
4.6760	6.1597	0.2170	54.5705	54.8280
4.6765	6.1592	0.2204	55.0400	54.7718
4.6770	6.1597	0.2142	55.2376	54.5426
4.6775	6.1603	0.2081	55.2769	54.5226
4.6780	6.1601	0.2042	55.2637	54.6315
4.6785	6.1603	0.2130	55.5943	54.6572
4.6790	6.1590	0.2203	55.6659	54.4970
4.6795	6.1595	0.2110	55.0203	54.5942
4.6800	6.1594	0.2190	55.3606	54.7653
4.6805	6.1593	0.2227	55.4178	54.8750
4.6810	6.1589	0.2245	55.0031	55.0139
4.6815	6.1585	0.2285	54.8413	54.9377
4.6820	6.1580	0.2354	55.1900	54.9113
4.6825	6.1562	0.2463	55.4608	54.7729
4.6830	6.1556	0.2585	55.7795	54.7198
4.6835	6.1563	0.2502	55.8337	54.9030
4.6840	6.1570	0.2454	55.8200	54.9473
4.6845	6.1579	0.2381	55.9074	54.6633
4.6850	6.1583	0.2295	55.9603	54.7504
4.6855	6.1594	0.2185	55.8071	54.8994
4.6860	6.1603	0.2103	55.4298	54.9284
4.6865	6.1605	0.2077	55.2130	54.8925
4.6870	6.1615	0.1953	54.8714	54.7544
4.6875	6.1615	0.1963	54.5667	54.8891
4.6880	6.1608	0.2018	52.8395	54.8413
4.6885	6.1605	0.2060	52.4988	54.8103
4.6890	6.1611	0.2039	52.8045	54.9867
4.6895	6.1603	0.2098	52.9583	54.7631
4.6900	6.1609	0.2032	53.2091	54.4767
4.6905	6.1605	0.2024	53.4974	54.4232
4.6910	6.1608	0.2047	53.9223	54.3994
4.6915	6.1595	0.2141	54.1558	54.7289
4.6920	6.1582	0.2325	54.3897	54.6790
4.6925	6.1565	0.2429	54.6248	54.5576
4.6930	6.1554	0.2617	55.0022	54.6704
4.6935	6.1548	0.2662	55.2302	54.5400
4.6940	6.1550	0.2641	55.2326	54.7175
4.6945	6.1553	0.2566	55.3564	55.0022
4.6950	6.1562	0.2526	55.5437	54.6246
4.6955	6.1566	0.2467	55.7831	54.2275
4.6960	6.1573	0.2405	55.5349	54.2660
4.6965	6.1581	0.2384	55.2343	54.3116
4.6970	6.1593	0.2257	55.3317	54.6267
4.6975	6.1602	0.2086	55.1963	54.8505
4.6980	6.1599	0.2062	54.9381	54.8570
4.6985	6.1598	0.2102	55.1784	55.0366
4.6990	6.1595	0.2162	55.4372	54.8755
4.6995	6.1586	0.2228	55.7349	54.9485
4.7000	6.1581	0.2312	55.8421	55.0519
4.7005	6.1585	0.2291	55.7973	54.7900
4.7010	6.1590	0.2295	55.7913	54.5818
4.7015	6.1587	0.2229	55.9731	54.5295
4.7020	6.1588	0.2302	55.7402	54.5295
4.7025	6.1583	0.2340	55.4494	54.6209
4.7030	6.1568	0.2425	54.9175	54.6721
4.7035	6.1558	0.2561	54.9737	54.9502
4.7040	6.1551	0.2636	53.7780	55.0274
4.7045	6.1554	0.2629	52.2426	54.8315
4.7050	6.1555	0.2607	52.4361	54.7403
4.7055	6.1561	0.2565	52.6404	54.6718
4.7060	6.1574	0.2449	53.2633	54.3987
4.7065	6.1570	0.2456	53.2411	54.2690
4.7070	6.1562	0.2522	53.4342	54.3988
4.7075	6.1568	0.2510	53.8320	54.5403
4.7080	6.1569	0.2486	54.3175	54.6264
4.7085	6.1572	0.2430	54.3938	54.7625
4.7090	6.1560	0.2526	54.5683	54.9837
4.7095	6.1560	0.2562	54.9607	55.2144
4.7100	6.1566	0.2434	55.3499	55.0618
4.7105	6.1576	0.2336	55.3169	54.8911
4.7110	6.1586	0.2254	55.1773	54.8773
4.7115	6.1587	0.2236	55.4823	54.5842
4.7120	6.1584	0.2329	55.8314	54.4496
4.7125	6.1568	0.2402	55.7760	54.6812
4.7130	6.1562	0.2529	55.2981	54.8081
4.7135	6.1551	0.2671	54.8663	54.9130
4.7140	6.1545	0.2686	55.1809	55.1029
4.7145	6.1551	0.2659	55.2116	55.1657
4.7150	6.1563	0.2511	55.2406	55.2604
4.7155	6.1567	0.2451	55.4077	54.9070
4.7160	6.1569	0.2429	55.8285	54.6406
4.7165	6.1559	0.2585	56.0811	54.6943
4.7170	6.1555	0.2571	55.9738	54.5727
4.7175	6.1547	0.2674	55.9497	54.5335
4.7180	6.1541	0.2799	55.9665	54.6888
4.7185	6.1543	0.2710	55.9539	54.6484
4.7190	6.1556	0.2608	55.4937	54.6056
4.7195	6.1553	0.2646	55.2554	54.6313
4.7200	6.1552	0.2649	54.6287	54.8383
4.7205	6.1550	0.2673	54.0182	54.9391
4.7210	6.1550	0.2691	53.2386	54.5531
4.7215	6.1567	0.2481	52.2554	54.3786
4.7220	6.1575	0.2401	52.9002	54.4380
4.7225	6.1579	0.2381	53.0624	54.3329
4.7230	6.1562	0.2462	53.2932	54.4398
4.7235	6.1561	0.2585	53.4306	54.7254
4.7240	6.1549	0.2700	53.9021	54.6011
4.7245	6.1539	0.2745	54.2278	54.5960
4.7250	6.1546	0.2703	54.4302	54.5821
4.7255	6.1553	0.2639	54.5250	54.7261
4.7260	6.1554	0.2658	54.9068	54.9763
4.7265	6.1568	0.2543	55.1955	54.8180
4.7270	6.1572	0.2469	55.2781	54.6495
4.7275	6.1579	0.2388	55.1627	54.6924
4.7280	6.1586	0.2276	55.4539	54.4640
4.7285	6.1591	0.2281	55.7125	54.5366
4.7290	6.1592	0.2183	55.8553	54.7471
4.7295	6.1588	0.2285	54.9654	54.7566
4.7300	6.1578	0.2337	54.3020	54.6894
4.7305	6.1588	0.2297	54.9365	54.7297
4.7310	6.1581	0.2319	55.2414	54.9587
4.7315	6.1581	0.2320	55.3385	54.8195
4.7320	6.1595	0.2244	55.5028	54.6650
4.7325	6.1605	0.2074	55.9661	54.7114
4.7330	6.1599	0.2074	56.1409	54.6890
4.7335	6.1579	0.2329	55.8983	54.3875
4.7340	6.1567	0.2469	55.8472	54.2761
4.7345	6.1556	0.2590	56.0371	54.4511
4.7350	6.1548	0.2747	56.0474	54.5504
4.7355	6.1551	0.2682	55.4671	54.7354
4.7360	6.1560	0.2555	55.1219	54.8714
4.7365	6.1561	0.2547	54.5284	54.9941
4.7370	6.1561	0.2552	54.1688	54.7978
4.7375	6.1567	0.2522	53.6707	54.5873
4.7380	6.1561	0.2535	52.1655	54.6456
4.7385	6.1556	0.2627	52.8463	54.8321
4.7390	6.1574	0.2413	53.1748	54.6149
4.7395	6.1571	0.2358	53.3782	54.5227
4.7400	6.1578	0.2425	53.4158	54.7571
4.7405	6.1584	0.2275	53.8237	54.7776
4.7410	6.1587	0.2223	54.2866	54.9108
4.7415	6.1587	0.2307	54.4863	55.0067
4.7420	6.1590	0.2221	54.5064	55.0240
4.7425	6.1599	0.2098	54.8452	55.0747
4.7430	6.1601	0.2128	55.2307	54.8414
4.7435	6.1598	0.2177	55.3345	54.7888
4.7440	6.1592	0.2216	55.1776	54.9025
4.7445	6.1588	0.2254	55.3296	54.5645
4.7450	6.1581	0.2362	55.7024	54.4943
4.7455	6.1559	0.2520	55.7390	54.7959
4.7460	6.1558	0.2549	54.3740	54.9769
4.7465	6.1555	0.2585	54.3211	55.0601
4.7470	6.1561	0.2653	54.9100	54.8593
4.7475	6.1563	0.2527	55.2979	54.7214
4.7480	6.1576	0.2432	55.3550	54.5179
4.7485	6.1575	0.2396	55.4327	54.1895
4.7490	6.1579	0.2338	55.8886	54.5071
4.7495	6.1577	0.2395	56.1264	54.5335
4.7500	6.1582	0.2292	56.0150	54.2916
4.7505	6.1593	0.2263	55.7897	54.2632
4.7510	6.1596	0.2211	55.9685	54.5655
4.7515	6.1602	0.2104	55.9420	54.7350
4.7520	6.1609	0.2101	55.5527	54.9162
4.7525	6.1607	0.2091	54.9290	54.8519
4.7530	6.1605	0.2124	54.7558	54.7111
4.7535	6.1603	0.2080	54.3368	54.5122
4.7540	6.1598	0.2170	53.8515	54.3211
4.7545	6.1588	0.2246	52.9148	54.5389
4.7550	6.1576	0.2378	52.4949	54.8262
4.7555	6.1564	0.2510	53.2450	54.6967
4.7560	6.1553	0.2580	53.3986	54.7073
4.7565	6.1551	0.2620	53.4508	54.8878
4.7570	6.1563	0.2516	53.6668	54.9526
4.7575	6.1570	0.2473	54.3365	55.0098
4.7580	6.1570	0.2454	54.5893	54.9239
4.7585	6.1563	0.2507	54.6038	54.8169
4.7590	6.1552	0.2665	54.7128	54.4825
4.7595	6.1566	0.2521	55.1489	54.3836
4.7600	6.1575	0.2407	55.3279	54.4980
4.7605	6.1588	0.2281	55.2540	54.4910
4.7610	6.1595	0.2228	55.2410	54.5022
4.7615	6.1596	0.2143	55.6592	54.6618
4.7620	6.1592	0.2204	54.2946	54.8114
4.7625	6.1592	0.2236	54.0725	54.7320
4.7630	6.1602	0.2138	54.3126	54.6799
4.7635	6.1605	0.2054	54.7771	54.6529
4.7640	6.1605	0.2108	55.3951	54.7767
4.7645	6.1591	0.2232	55.3830	54.6545
4.7650	6.1572	0.2393	55.4293	54.5448
4.7655	6.1565	0.2514	55.8594	54.5831
4.7660	6.1551	0.2638	56.1168	54.6232
4.7665	6.1548	0.2685	55.9745	54.6055
4.7670	6.1559	0.2569	55.7275	54.7725
4.7675	6.1563	0.2543	55.8755	55.0081
4.7680	6.1559	0.2587	55.9443	54.8606
4.7685	6.1559	0.2619	55.5244	54.8066
4.7690	6.1577	0.2446	54.7914	54.8230
4.7695	6.1588	0.2279	54.6786	54.8821
4.7700	6.1593	0.2185	54.0898	54.7745
4.7705	6.1587	0.2231	53.3899	54.6700
4.7710	6.1593	0.2217	53.0504	54.7620
4.7715	6.1600	0.2112	52.6518	54.9657
4.7720	6.1598	0.2165	53.3924	54.7678
4.7725	6.1598	0.2131	53.6110	54.8258
4.7730	6.1608	0.2072	53.6670	54.8304
4.7735	6.1605	0.2110	53.8317	54.7502
4.7740	6.1605	0.2063	54.4191	54.8734
4.7745	6.1600	0.2090	54.7956	54.9973
4.7750	6.1585	0.2301	54.8239	55.0650
4.7755	6.1564	0.2472	54.8812	54.8208
4.7760	6.1549	0.2622	55.2971	54.4846
4.7765	6.1539	0.2775	55.5350	54.4380
4.7770	6.1530	0.2925	55.4892	54.3773
4.7775	6.1531	0.2865	55.4136	54.3206
4.7780	6.1532	0.2804	55.2736	54.6233
4.7785	6.1546	0.2741	55.4803	54.6357
4.7790	6.1561	0.2564	55.4235	54.5244
4.7795	6.1576	0.2406	54.6536	54.5101
4.7800	6.1582	0.2292	54.6922	54.6554
4.7805	6.1583	0.2347	55.3733	54.8153
4.7810	6.1588	0.2227	55.4743	54.7094
4.7815	6.1589	0.2241	55.4872	54.4546
4.7820	6.1587	0.2260	55.7524	54.4509
4.7825	6.1585	0.2274	55.9871	54.3801
4.7830	6.1582	0.2351	55.9427	54.3145
4.7835	6.1579	0.2328	55.8062	54.6733
4.7840	6.1582	0.2272	55.8397	54.9515
4.7845	6.1581	0.2323	55.6550	54.9265
4.7850	6.1588	0.2284	55.3472	54.9635
4.7855	6.1583	0.2319	54.7582	55.0405
4.7860	6.1565	0.2469	54.6520	55.0292
4.7865	6.1549	0.2626	53.4910	54.7990
4.7870	6.1539	0.2735	52.4829	54.6942
4.7875	6.1529	0.2823	52.6578	54.6157
4.7880	6.1544	0.2763	52.8144	54.5502
4.7885	6.1544	0.2714	53.3108	54.4667
4.7890	6.1558	0.2570	53.5237	54.5352
4.7895	6.1581	0.2353	53.7738	54.6418
4.7900	6.1594	0.2180	53.9856	54.7582
4.7905	6.1603	0.2077	54.4355	54.8093
4.7910	6.1596	0.2189	54.7160	54.7965
4.7915	6.1589	0.2204	54.9082	54.7630
4.7920	6.1594	0.2171	55.0353	54.5182
4.7925	6.1597	0.2179	55.3179	54.4660
4.7930	6.1594	0.2164	55.4327	54.5639
4.7935	6.1591	0.2186	55.5022	54.6776
4.7940	6.1590	0.2292	55.5757	54.5130
4.7945	6.1588	0.2223	55.0723	54.5510
4.7950	6.1589	0.2278	55.4371	54.7720
4.7955	6.1582	0.2296	55.4096	54.8533
4.7960	6.1581	0.2342	54.8555	55.0067
4.7965	6.1575	0.2329	54.7956	54.9361
4.7970	6.1568	0.2449	55.3472	54.8893
4.7975	6.1560	0.2573	55.4515	54.7384
4.7980	6.1549	0.2664	55.5636	54.6543
4.7985	6.1557	0.2668	55.8259	54.8268
4.7990	6.1563	0.2560	55.9692	54.9338
4.7995	6.1571	0.2434	55.9231	54.6676
4.8000	6.1575	0.2367	55.7741	54.7224
4.8005	6.1586	0.2286	55.7905	54.9123
4.8010	6.1599	0.2180	55.6125	54.9241
4.8015	6.1604	0.2110	55.3084	54.8850
4.8020	6.1609	0.1977	54.7372	54.6990
4.8025	6.1616	0.1965	54.6183	54.8293
4.8030	6.1604	0.2070	53.1446	54.8067
4.8035	6.1601	0.2144	52.5092	54.7590
4.8040	6.1599	0.2129	52.6643	54.9475
4.8045	6.1598	0.2142	52.8094	54.8146
4.8050	6.1596	0.2137	53.3554	54.5078
4.8055	6.1599	0.2098	53.5300	54.4636
4.8060	6.1598	0.2129	53.7975	54.4023
4.8065	6.1588	0.2279	54.0709	54.6872
4.8070	6.1580	0.2354	54.4381	54.6684
4.8075	6.1564	0.2504	54.6692	54.4897
4.8080	6.1548	0.2639	54.8778	54.5892
4.8085	6.1546	0.2733	55.1412	54.4940
4.8090	6.1547	0.2681	55.2836	54.6244
4.8095	6.1552	0.2697	55.3502	54.9727
4.8100	6.1559	0.2596	55.5140	54.6939
4.8105	6.1562	0.2513	55.7423	54.2678
4.8110	6.1570	0.2484	55.5834	54.2770
4.8115	6.1576	0.2423	55.2775	54.3322
4.8120	6.1594	0.2229	55.2951	54.5745
4.8125	6.1604	0.2154	55.1578	54.8137
4.8130	6.1601	0.2118	54.9784	54.7905
4.8135	6.1599	0.2149	55.1592	54.9464
4.8140	6.1590	0.2201	55.4070	54.8244
4.8145	6.1584	0.2306	55.6396	54.8778
4.8150	6.1582	0.2362	55.8305	55.0415
4.8155	6.1584	0.2304	55.8825	54.8230
4.8160	6.1589	0.2222	55.7906	54.6155
4.8165	6.1593	0.2237	55.8534	54.5411
4.8170	6.1588	0.2226	55.7678	54.5289
4.8175	6.1579	0.2347	55.6025	54.6192
4.8180	6.1568	0.2425	55.0503	54.6317
4.8185	6.1559	0.2576	54.9036	54.8692
4.8190	6.1552	0.2632	53.9443	54.9984
4.8195	6.1553	0.2675	52.3169	54.8131
4.8200	6.1552	0.2588	52.4895	54.6929
4.8205	6.1557	0.2636	52.5968	54.6727
4.8210	6.1566	0.2437	53.1659	54.4426
4.8215	6.1568	0.2466	53.2519	54.2814
4.8220	6.1563	0.2471	53.4526	54.3930
4.8225	6.1567	0.2484	53.7280	54.5317
4.8230	6.1560	0.2533	54.2203	54.6037
4.8235	6.1563	0.2512	54.4594	54.7211
4.8240	6.1555	0.2583	54.6277	54.9204
4.8245	6.1558	0.2597	54.8372	55.1788
4.8250	6.1561	0.2515	55.2237	55.0602
4.8255	6.1572	0.2450	55.4009	54.8668
4.8260	6.1578	0.2340	55.3120	54.8955
4.8265	6.1585	0.2255	55.3733	54.6172
4.8270	6.1580	0.2326	55.6510	54.4396
4.8275	6.1574	0.2446	55.8187	54.6458
4.8280	6.1562	0.2582	55.5336	54.7865
4.8285	6.1550	0.2673	54.8657	54.8519
4.8290	6.1547	0.2756	55.0040	55.0486
4.8295	6.1547	0.2736	55.1471	55.1542
4.8300	6.1561	0.2573	55.3240	55.2591
4.8305	6.1561	0.2534	55.4538	54.9843
4.8310	6.1565	0.2506	55.7119	54.6623
4.8315	6.1555	0.2602	55.9961	54.7119
4.8320	6.1551	0.2690	56.0043	54.5946
4.8325	6.1538	0.2757	55.9918	54.5206
4.8330	6.1532	0.2858	55.9576	54.6591
4.8335	6.1537	0.2854	55.9393	54.6316
4.8340	6.1545	0.2753	55.5526	54.5580
4.8345	6.1554	0.2649	55.2877	54.6089
4.8350	6.1551	0.2726	54.7428	54.8468
4.8355	6.1544	0.2759	53.9956	54.9686
4.8360	6.1539	0.2744	53.3966	54.6293
4.8365	6.1564	0.2526	52.3443	54.4075
4.8370	6.1568	0.2424	52.8491	54.4597
4.8375	6.1570	0.2408	52.9225	54.3567
4.8380	6.1559	0.2514	53.2004	54.3476
4.8385	6.1556	0.2618	53.4984	54.6649
4.8390	6.1549	0.2661	53.9249	54.5666
4.8395	6.1536	0.2764	54.1329	54.5374
4.8400	6.1535	0.2817	54.2952	54.5422
4.8405	6.1546	0.2723	54.5363	54.6741
4.8410	6.1549	0.2660	54.9549	54.9598
4.8415	6.1556	0.2593	55.1236	54.8793
4.8420	6.1570	0.2467	55.1610	54.6955
4.8425	6.1576	0.2437	55.2014	54.7242
4.8430	6.1586	0.2284	55.5245	54.4900
4.8435	6.1587	0.2289	55.6449	54.4512
4.8440	6.1582	0.2301	55.6877	54.6961
4.8445	6.1577	0.2330	55.1717	54.7110
4.8450	6.1576	0.2393	54.4414	54.6885
4.8455	6.1573	0.2490	54.8318	54.6707
4.8460	6.1570	0.2455	55.0732	54.9591
4.8465	6.1566	0.2485	55.3273	54.8679
4.8470	6.1584	0.2303	55.5693	54.6891
4.8475	6.1599	0.2185	55.8702	54.7410
4.8480	6.1594	0.2139	55.9677	54.7012
4.8485	6.1577	0.2336	55.9202	54.4181
4.8490	6.1566	0.2487	55.9509	54.2016
4.8495	6.1552	0.2633	56.0256	54.3746
4.8500	6.1544	0.2725	55.9337	54.4875
4.8505	6.1545	0.2699	55.5337	54.6942
4.8510	6.1557	0.2614	55.2271	54.8417
4.8515	6.1558	0.2565	54.6461	55.0118
4.8520	6.1556	0.2605	54.0074	54.8638
4.8525	6.1567	0.2595	53.8381	54.6376
4.8530	6.1557	0.2583	52.3593	54.6352
4.8535	6.1550	0.2652	52.7496	54.8139
4.8540	6.1571	0.2452	53.1008	54.6336
4.8545	6.1577	0.2336	53.2946	54.4615
4.8550	6.1573	0.2377	53.4418	54.6853
4.8555	6.1579	0.2329	53.7676	54.7327
4.8560	6.1581	0.2281	54.1559	54.8683
4.8565	6.1578	0.2360	54.4086	55.0060
4.8570	6.1579	0.2311	54.5753	55.0682
4.8575	6.1591	0.2250	54.8592	55.1410
4.8580	6.1594	0.2175	55.1192	54.9243
4.8585	6.1589	0.2242	55.2578	54.7798
4.8590	6.1587	0.2283	55.2330	54.9003
4.8595	6.1581	0.2332	55.3807	54.5769
4.8600	6.1568	0.2426	55.5473	54.4374
4.8605	6.1563	0.2573	55.7168	54.7029
4.8610	6.1554	0.2638	54.6214	54.9318
4.8615	6.1551	0.2642	54.3434	55.0377
4.8620	6.1550	0.2676	54.7170	54.9165
4.8625	6.1556	0.2588	55.1270	54.7494
4.8630	6.1562	0.2483	55.4340	54.6113
4.8635	6.1578	0.2405	55.4771	54.2669
4.8640	6.1578	0.2381	55.8095	54.5008
4.8645	6.1567	0.2446	56.0198	54.5548
4.8650	6.1573	0.2436	56.0331	54.2972
4.8655	6.1584	0.2283	55.8573	54.2088
4.8660	6.1588	0.2253	55.9415	54.4935
4.8665	6.1602	0.2185	55.8959	54.6881
4.8670	6.1597	0.2137	55.5612	54.8845
4.8675	6.1600	0.2140	55.0104	54.8917
4.8680	6.1593	0.2177	54.8211	54.7750
4.8685	6.1597	0.2192	54.3757	54.6292
4.8690	6.1595	0.2195	53.8461	54.3686
4.8695	6.1583	0.2264	53.0777	54.5231
4.8700	6.1574	0.2402	52.4917	54.7971
4.8705	6.1560	0.2505	53.1313	54.7141
4.8710	6.1555	0.2620	53.2665	54.6494
4.8715	6.1557	0.2617	53.5044	54.8409
4.8720	6.1562	0.2579	53.7027	54.9066
4.8725	6.1572	0.2428	54.1652	55.0015
4.8730	6.1575	0.2377	54.4049	54.9283
4.8735	6.1571	0.2402	54.5907	54.8685
4.8740	6.1562	0.2519	54.7544	54.5608
4.8745	6.1575	0.2385	55.1047	54.3755
4.8750	6.1583	0.2379	55.1642	54.5048
4.8755	6.1590	0.2188	55.2684	54.4988
4.8760	6.1602	0.2132	55.2792	54.4916
4.8765	6.1599	0.2121	55.6773	54.6033
4.8770	6.1600	0.2165	54.3335	54.7985
4.8775	6.1594	0.2177	53.9611	54.7190
4.8780	6.1603	0.2146	54.3981	54.6819
4.8785	6.1607	0.2065	54.6784	54.6549
4.8790	6.1606	0.2081	55.2305	54.7864
4.8795	6.1584	0.2243	55.3630	54.7057
4.8800	6.1569	0.2442	55.4922	54.5710
4.8805	6.1559	0.2577	55.7772	54.5918
4.8810	6.1543	0.2729	56.0059	54.6358
4.8815	6.1538	0.2773	55.9555	54.6202
4.8820	6.1547	0.2673	55.8521	54.7157
4.8825	6.1552	0.2629	55.8942	54.9855
4.8830	6.1552	0.2561	55.8788	54.8607
4.8835	6.1554	0.2601	55.5538	54.7991
4.8840	6.1574	0.2443	54.9297	54.8170
4.8845	6.1590	0.2274	54.7057	54.9049
4.8850	6.1591	0.2188	54.1957	54.8143
4.8855	6.1590	0.2221	53.3539	54.6927
4.8860	6.1596	0.2180	53.1512	54.7361
4.8865	6.1601	0.2068	52.6745	54.9735
4.8870	6.1600	0.2148	53.2626	54.7846
4.8875	6.1600	0.2150	53.5520	54.7944
4.8880	6.1606	0.2052	53.6316	54.8384
4.8885	6.1604	0.2052	53.7619	54.7175
4.8890	6.1605	0.2057	54.3360	54.8418
4.8895	6.1599	0.2068	54.7695	54.9763
4.8900	6.1585	0.2248	54.7788	55.0840
4.8905	6.1567	0.2416	54.8551	54.8850
4.8910	6.1551	0.2661	55.2607	54.5319
4.8915	6.1539	0.2735	55.5159	54.4488
4.8920	6.1526	0.2886	55.4220	54.3946
4.8925	6.1526	0.2880	55.4177	54.3011
4.8930	6.1534	0.2822	55.3270	54.5793
4.8935	6.1543	0.2738	55.4150	54.6255
4.8940	6.1559	0.2614	55.4112	54.5088
4.8945	6.1579	0.2422	54.7658	54.4888
4.8950	6.1581	0.2355	54.6583	54.6344
4.8955	6.1576	0.2390	55.2971	54.8348
4.8960	6.1586	0.2322	55.4174	54.7532
4.8965	6.1583	0.2291	55.4236	54.4742
4.8970	6.1581	0.2283	55.7195	54.4757
4.8975	6.1586	0.2303	56.0306	54.4087
4.8980	6.1582	0.2355	55.9938	54.2930
4.8985	6.1580	0.2293	55.7518	54.6016
4.8990	6.1588	0.2298	55.7421	54.9054
4.8995	6.1581	0.2318	55.7169	54.9028
4.9000	6.1590	0.2234	55.4967	54.9200
4.9005	6.1590	0.2224	54.7925	55.0095
4.9010	6.1574	0.2410	54.6271	55.0525
4.9015	6.1561	0.2502	53.7597	54.8392
4.9020	6.1548	0.2702	52.5591	54.7149
4.9025	6.1538	0.2789	52.6024	54.6298
4.9030	6.1545	0.2740	52.6564	54.5606
4.9035	6.1545	0.2666	53.2650	54.4685
4.9040	6.1560	0.2589	53.5609	54.4784
4.9045	6.1577	0.2438	53.7147	54.6064
4.9050	6.1592	0.2229	53.8535	54.7156
4.9055	6.1600	0.2091	54.3672	54.7828
4.9060	6.1593	0.2198	54.7451	54.7783
4.9065	6.1591	0.2201	54.8464	54.7682
4.9070	6.1599	0.2202	54.9052	54.5580
4.9075	6.1600	0.2123	55.2135	54.4696
4.9080	6.1604	0.2099	55.5182	54.5508
4.9085	6.1598	0.2159	55.5054	54.6813
4.9090	6.1587	0.2254	55.5381	54.5437
4.9095	6.1593	0.2219	55.0639	54.4954
4.9100	6.1591	0.2215	55.3948	54.7155
4.9105	6.1587	0.2298	55.5037	54.7909
4.9110	6.1586	0.2269	54.9061	54.9608
4.9115	6.1578	0.2365	54.7148	54.9057
4.9120	6.1578	0.2395	55.2975	54.8521
4.9125	6.1563	0.2481	55.4934	54.7756
4.9130	6.1550	0.2614	55.4393	54.6788
4.9135	6.1552	0.2638	55.7130	54.8342
4.9140	6.1562	0.2520	55.9988	54.9636
4.9145	6.1572	0.2461	56.0327	54.7002
4.9150	6.1585	0.2332	55.6893	54.6590
4.9155	6.1588	0.2275	55.6983	54.8698
4.9160	6.1595	0.2138	55.6864	54.8848
4.9165	6.1607	0.2107	55.4911	54.8740
4.9170	6.1608	0.1998	54.7497	54.6965
4.9175	6.1620	0.1921	54.5597	54.7926
4.9180	6.1608	0.2040	53.3738	54.8480
4.9185	6.1604	0.2060	52.5541	54.7763
4.9190	6.1606	0.2058	52.7065	54.9647
4.9195	6.1601	0.2047	52.6554	54.8655
4.9200	6.1598	0.2098	53.2380	54.5306
4.9205	6.1604	0.2089	53.5570	54.4419
4.9210	6.1599	0.2078	53.7974	54.3414
4.9215	6.1590	0.2189	53.8542	54.6062
4.9220	6.1575	0.2349	54.3099	54.6710
4.9225	6.1565	0.2467	54.7611	54.4792
4.9230	6.1549	0.2639	54.9401	54.5937
4.9235	6.1548	0.2711	54.9566	54.5299
4.9240	6.1546	0.2682	55.1666	54.5869
4.9245	6.1551	0.2693	55.4987	54.9600
4.9250	6.1558	0.2593	55.5671	54.7706
4.9255	6.1562	0.2522	55.5230	54.2684
4.9260	6.1569	0.2449	55.5631	54.2052
4.9265	6.1573	0.2484	55.4262	54.2645
4.9270	6.1587	0.2307	55.4321	54.4627
4.9275	6.1600	0.2162	55.0879	54.7720
4.9280	6.1598	0.2143	54.8169	54.7680
4.9285	6.1595	0.2161	55.2166	54.9420
4.9290	6.1589	0.2213	55.5281	54.8662
4.9295	6.1588	0.2306	55.4830	54.8569
4.9300	6.1579	0.2318	55.6598	55.0489
4.9305	6.1582	0.2328	55.9234	54.8684
4.9310	6.1584	0.2294	55.9714	54.6028
4.9315	6.1587	0.2251	55.7930	54.5287
4.9320	6.1587	0.2322	55.6008	54.4855
4.9325	6.1577	0.2377	55.6064	54.5751
4.9330	6.1569	0.2446	55.3069	54.6326
4.9335	6.1558	0.2599	54.8736	54.8242
4.9340	6.1551	0.2617	54.0660	55.0012
4.9345	6.1549	0.2682	52.4210	54.8631
4.9350	6.1546	0.2699	52.6393	54.7136
4.9355	6.1554	0.2665	52.5795	54.6886
4.9360	6.1561	0.2540	52.8228	54.4631
4.9365	6.1561	0.2452	53.1567	54.2621
4.9370	6.1560	0.2585	53.6597	54.3433
4.9375	6.1559	0.2617	53.7980	54.4949
4.9380	6.1557	0.2565	53.9173	54.5676
4.9385	6.1561	0.2511	54.2270	54.6933
4.9390	6.1558	0.2620	54.8012	54.8716
4.9395	6.1550	0.2649	55.0014	55.1355
4.9400	6.1558	0.2564	54.9630	55.1020
4.9405	6.1569	0.2469	55.1364	54.8779
4.9410	6.1573	0.2340	55.4647	54.8900
4.9415	6.1581	0.2324	55.5916	54.6460
4.9420	6.1580	0.2319	55.5366	54.4136
4.9425	6.1568	0.2445	55.5645	54.5807
4.9430	6.1556	0.2555	55.6901	54.7812
4.9435	6.1548	0.2684	55.1055	54.7861
4.9440	6.1538	0.2757	54.9056	54.9989
4.9445	6.1543	0.2748	54.9556	55.1576
4.9450	6.1560	0.2573	55.3464	55.2434
4.9455	6.1568	0.2488	55.6149	55.0287
4.9460	6.1569	0.2375	55.6093	54.6438
4.9465	6.1569	0.2445	55.7667	54.6483
4.9470	6.1561	0.2575	56.0649	54.5643
4.9475	6.1554	0.2605	56.1795	54.4711
4.9480	6.1545	0.2700	55.8980	54.6181
4.9485	6.1549	0.2716	55.7121	54.6474
4.9490	6.1562	0.2544	55.6709	54.5764
4.9495	6.1565	0.2530	55.5384	54.5907
4.9500	6.1565	0.2482	54.8915	54.7927
4.9505	6.1559	0.2503	53.8346	54.9722
4.9510	6.1548	0.2654	53.6133	54.6636
4.9515	6.1569	0.2478	52.5505	54.3738
4.9520	6.1580	0.2315	52.7112	54.4199
4.9525	6.1583	0.2296	52.7917	54.3664
4.9530	6.1570	0.2402	53.1361	54.3599
4.9535	6.1564	0.2533	53.6282	54.6556
4.9540	6.1549	0.2611	53.8458	54.5990
4.9545	6.1533	0.2731	53.9125	54.5394
4.9550	6.1541	0.2746	54.2006	54.5610
4.9555	6.1543	0.2682	54.6564	54.6244
4.9560	6.1558	0.2670	54.9322	54.9057
4.9565	6.1555	0.2523	54.9547	54.8752
4.9570	6.1572	0.2426	55.0784	54.6316
4.9575	6.1573	0.2396	55.3364	54.6843
4.9580	6.1586	0.2272	55.5407	54.5082
4.9585	6.1588	0.2262	55.5075	54.4227
4.9590	6.1592	0.2198	55.5645	54.6800
4.9595	6.1590	0.2180	55.4589	54.7051
4.9600	6.1586	0.2249	54.5885	54.6852
4.9605	6.1581	0.2277	54.6550	54.6316
4.9610	6.1586	0.2266	54.9047	54.8940
4.9615	6.1576	0.2354	55.3614	54.8730
4.9620	6.1588	0.2275	55.7095	54.6387
4.9625	6.1608	0.2092	55.8037	54.7005
4.9630	6.1607	0.2050	55.7844	54.6967
4.9635	6.1589	0.2275	55.9276	54.4814
4.9640	6.1571	0.2421	56.1131	54.2317
4.9645	6.1559	0.2561	56.0891	54.3701
4.9650	6.1547	0.2683	55.8337	54.4703
4.9655	6.1542	0.2703	55.5951	54.6668
4.9660	6.1559	0.2573	55.3303	54.7906
4.9665	6.1554	0.2591	54.7900	54.9446
4.9670	6.1556	0.2627	53.9236	54.8395
4.9675	6.1560	0.2582	53.9837	54.5906
4.9680	6.1560	0.2543	52.5929	54.5999
4.9685	6.1550	0.2648	52.6440	54.7710
4.9690	6.1568	0.2485	53.0043	54.7000
4.9695	6.1580	0.2342	53.1862	54.4670
4.9700	6.1574	0.2431	53.5258	54.6637
4.9705	6.1582	0.2306	53.7811	54.7344
4.9710	6.1584	0.2306	54.0501	54.8207
4.9715	6.1585	0.2312	54.2966	54.9705
4.9720	6.1583	0.2304	54.5973	55.0052
4.9725	6.1593	0.2196	54.9048	55.0678
4.9730	6.1595	0.2168	55.0377	54.9218
4.9735	6.1588	0.2172	55.1427	54.7182
4.9740	6.1584	0.2281	55.2203	54.8769
4.9745	6.1579	0.2302	55.4660	54.6495
4.9750	6.1573	0.2431	55.5311	54.4540
4.9755	6.1557	0.2591	55.6906	54.6789
4.9760	6.1557	0.2613	54.7790	54.9313
4.9765	6.1553	0.2638	54.3486	55.0354
4.9770	6.1551	0.2681	54.7796	54.9390
4.9775	6.1554	0.2614	54.9565	54.7069
4.9780	6.1564	0.2579	55.3227	54.5932
4.9785	6.1566	0.2472	55.5427	54.2270
4.9790	6.1574	0.2404	55.8310	54.3889
4.9795	6.1566	0.2462	55.8843	54.5565
4.9800	6.1570	0.2471	55.9680	54.3466
4.9805	6.1585	0.2348	55.9558	54.2046
4.9810	6.1580	0.2258	55.9884	54.4548
4.9815	6.1597	0.2209	55.8177	54.6836
4.9820	6.1597	0.2104	55.5730	54.8445
4.9825	6.1599	0.2121	55.2132	54.8672
4.9830	6.1599	0.2139	54.9076	54.7080
4.9835	6.1598	0.2153	54.4024	54.5741
4.9840	6.1597	0.2171	53.7788	54.3242
4.9845	6.1590	0.2239	53.2833	54.4194
4.9850	6.1578	0.2361	52.5962	54.7532
4.9855	6.1565	0.2461	53.0027	54.7711
4.9860	6.1560	0.2615	53.1769	54.6685
4.9865	6.1551	0.2632	53.4973	54.8446
4.9870	6.1557	0.2562	53.7343	54.9274
4.9875	6.1563	0.2473	54.0647	55.0018
4.9880	6.1569	0.2488	54.2731	54.9186
4.9885	6.1568	0.2464	54.6017	54.8325
4.9890	6.1557	0.2535	54.8074	54.5604
4.9895	6.1576	0.2481	55.0384	54.3232
4.9900	6.1577	0.2356	55.0734	54.4484
4.9905	6.1590	0.2273	55.2709	54.4753
4.9910	6.1601	0.2137	55.3054	54.4946
4.9915	6.1603	0.2091	55.7709	54.5744
4.9920	6.1603	0.2090	54.5346	54.8143
4.9925	6.1591	0.2219	53.7744	54.7516
4.9930	6.1603	0.2137	54.4316	54.6884
4.9935	6.1606	0.2103	54.6878	54.6388
4.9940	6.1603	0.2082	55.1734	54.7214
4.9945	6.1589	0.2160	55.1953	54.6894
4.9950	6.1572	0.2399	55.4843	54.5194
4.9955	6.1556	0.2526	55.8576	54.5476
4.9960	6.1550	0.2649	55.9798	54.5918
4.9965	6.1545	0.2755	55.7964	54.6259
4.9970	6.1556	0.2579	55.8304	54.6799
4.9975	6.1562	0.2505	56.0327	54.9779
4.9980	6.1559	0.2567	55.9683	54.8984
4.9985	6.1558	0.2564	55.4175	54.7995
4.9990	6.1569	0.2459	54.9566	54.7950
4.9995	6.1590	0.2241	54.8521	54.8631
