Flexible Shaft
9/10/2026 3:41:50 PM
Sample Rate (Hz) = 2000.00
Effective Sample Rate (Hz) = 2000.00
time (s)	Voltage (V)	Current (A)	Distal Tach (rad/s)	Motor Tach (rad/s)

0.0000	3.0712	0.2210	22.8456	23.7797
0.0005	3.0723	0.2116	22.9448	23.7857
0.0010	3.0725	0.2122	22.9731	23.7951
0.0015	3.0726	0.2113	22.9848	23.7854
0.0020	3.0736	0.2030	23.0150	23.7597
0.0025	3.0736	0.2034	23.0863	23.7636
0.0030	3.0729	0.2092	23.1478	23.8198
0.0035	3.0719	0.2163	23.1916	23.8619
0.0040	3.0711	0.2231	23.2276	23.9677
0.0045	3.0715	0.2236	23.2879	24.0193
0.0050	3.0710	0.2266	23.3577	23.9704
0.0055	3.0701	0.2360	23.4172	23.9060
0.0060	3.0703	0.2385	23.4511	23.8567
0.0065	3.0695	0.2425	23.4865	23.8219
0.0070	3.0700	0.2403	23.5439	23.7954
0.0075	3.0697	0.2363	23.6141	23.8172
0.0080	3.0702	0.2415	23.6593	23.8532
0.0085	3.0711	0.2266	23.7017	23.8306
0.0090	3.0715	0.2203	23.7731	23.8470
0.0095	3.0720	0.2171	23.8418	23.9471
0.0100	3.0726	0.2098	23.8795	23.9500
0.0105	3.0724	0.2090	23.8884	23.9956
0.0110	3.0730	0.2064	23.9339	23.9831
0.0115	3.0731	0.2021	23.9901	23.9367
0.0120	3.0741	0.1997	23.9971	23.9003
0.0125	3.0733	0.2048	23.9876	23.9232
0.0130	3.0728	0.2095	24.0343	23.9603
0.0135	3.0734	0.2039	24.0862	23.9330
0.0140	3.0726	0.2039	24.1237	23.9001
0.0145	3.0732	0.2062	24.1205	23.8380
0.0150	3.0740	0.1952	24.1502	23.7965
0.0155	3.0744	0.1895	24.1889	23.8071
0.0160	3.0739	0.1924	24.2201	23.8188
0.0165	3.0743	0.1905	24.2017	23.9135
0.0170	3.0743	0.1920	24.2181	23.9330
0.0175	3.0741	0.1940	24.2176	23.9472
0.0180	3.0734	0.1981	24.2336	23.9435
0.0185	3.0731	0.2061	23.9464	23.9510
0.0190	3.0731	0.2091	23.6927	23.9314
0.0195	3.0721	0.2180	23.7854	23.8692
0.0200	3.0716	0.2201	23.8314	23.8393
0.0205	3.0718	0.2237	23.8534	23.8645
0.0210	3.0722	0.2147	23.8773	23.9015
0.0215	3.0726	0.2063	24.0023	23.8924
0.0220	3.0728	0.2048	24.0797	23.8666
0.0225	3.0725	0.2099	24.0863	23.8716
0.0230	3.0717	0.2228	24.0997	23.8423
0.0235	3.0713	0.2225	24.2203	23.8423
0.0240	3.0716	0.2201	24.2987	23.8970
0.0245	3.0723	0.2143	24.2641	23.9387
0.0250	3.0726	0.2083	24.2437	23.9521
0.0255	3.0730	0.2087	24.3530	23.9317
0.0260	3.0729	0.2054	24.4272	23.8901
0.0265	3.0723	0.2097	24.3704	23.8296
0.0270	3.0722	0.2131	24.3438	23.7544
0.0275	3.0708	0.2263	24.4263	23.7038
0.0280	3.0710	0.2260	24.4806	23.7027
0.0285	3.0710	0.2295	24.4115	23.7626
0.0290	3.0703	0.2360	24.3575	23.8039
0.0295	3.0697	0.2412	24.4069	23.8353
0.0300	3.0691	0.2444	24.4564	23.8120
0.0305	3.0688	0.2509	24.3799	23.7748
0.0310	3.0680	0.2605	24.3059	23.7391
0.0315	3.0679	0.2644	24.2929	23.7282
0.0320	3.0678	0.2593	24.2895	23.7286
0.0325	3.0679	0.2570	24.1760	23.7336
0.0330	3.0688	0.2557	24.0868	23.7870
0.0335	3.0683	0.2573	24.0143	23.8728
0.0340	3.0681	0.2572	24.0158	23.9245
0.0345	3.0677	0.2653	23.8104	23.9552
0.0350	3.0673	0.2670	23.5802	23.9488
0.0355	3.0671	0.2683	23.6103	23.9183
0.0360	3.0670	0.2714	23.5641	23.8970
0.0365	3.0672	0.2690	23.4826	23.8495
0.0370	3.0670	0.2673	23.3693	23.8253
0.0375	3.0679	0.2566	23.0827	23.8286
0.0380	3.0690	0.2560	22.9153	23.8133
0.0385	3.0671	0.2663	22.9999	23.8889
0.0390	3.0681	0.2635	23.0148	23.9394
0.0395	3.0692	0.2523	23.1132	23.8951
0.0400	3.0701	0.2373	23.1377	23.8517
0.0405	3.0713	0.2232	23.1736	23.7845
0.0410	3.0716	0.2199	23.2208	23.7872
0.0415	3.0724	0.2131	23.3058	23.8289
0.0420	3.0726	0.2163	23.3739	23.8228
0.0425	3.0725	0.2067	23.4217	23.8066
0.0430	3.0726	0.2098	23.4416	23.8021
0.0435	3.0733	0.2050	23.4910	23.8111
0.0440	3.0738	0.1993	23.5666	23.8152
0.0445	3.0739	0.2055	23.6253	23.8364
0.0450	3.0731	0.2077	23.6377	23.8673
0.0455	3.0729	0.2039	23.6996	23.9059
0.0460	3.0723	0.2078	23.8063	23.9344
0.0465	3.0726	0.2086	23.8662	23.9261
0.0470	3.0730	0.2116	23.8583	23.9115
0.0475	3.0726	0.2051	23.8895	23.9566
0.0480	3.0722	0.2108	23.9961	23.9597
0.0485	3.0714	0.2204	24.0478	23.8963
0.0490	3.0716	0.2165	24.0128	23.8641
0.0495	3.0716	0.2242	24.0206	23.8310
0.0500	3.0714	0.2248	24.1205	23.8553
0.0505	3.0711	0.2256	24.1584	23.9027
0.0510	3.0710	0.2245	24.0966	23.9317
0.0515	3.0718	0.2193	24.0969	23.9333
0.0520	3.0715	0.2270	24.2180	23.8919
0.0525	3.0718	0.2179	24.2955	23.8152
0.0530	3.0718	0.2221	24.2447	23.7412
0.0535	3.0698	0.2384	24.2074	23.7161
0.0540	3.0692	0.2492	24.2885	23.7355
0.0545	3.0678	0.2586	24.3414	23.7852
0.0550	3.0675	0.2635	24.2914	23.8382
0.0555	3.0663	0.2713	24.1395	23.8425
0.0560	3.0669	0.2779	23.7762	23.7949
0.0565	3.0661	0.2816	23.8174	23.8282
0.0570	3.0667	0.2763	23.8127	23.8594
0.0575	3.0662	0.2776	23.8049	23.8486
0.0580	3.0658	0.2817	23.9220	23.8154
0.0585	3.0661	0.2790	24.0408	23.7727
0.0590	3.0668	0.2745	24.0301	23.7575
0.0595	3.0669	0.2744	23.9979	23.7727
0.0600	3.0677	0.2658	24.0981	23.7774
0.0605	3.0681	0.2564	24.2633	23.7778
0.0610	3.0689	0.2499	24.2846	23.7437
0.0615	3.0693	0.2409	24.2191	23.6965
0.0620	3.0697	0.2411	24.2655	23.6538
0.0625	3.0707	0.2317	24.4229	23.7247
0.0630	3.0705	0.2304	24.4745	23.7670
0.0635	3.0704	0.2237	24.3786	23.7658
0.0640	3.0706	0.2315	24.3552	23.7587
0.0645	3.0709	0.2258	24.4821	23.7222
0.0650	3.0706	0.2247	24.5369	23.6705
0.0655	3.0714	0.2246	24.4508	23.6259
0.0660	3.0709	0.2222	24.4087	23.6316
0.0665	3.0709	0.2254	24.4922	23.6399
0.0670	3.0714	0.2266	24.5590	23.6855
0.0675	3.0708	0.2266	24.4649	23.7213
0.0680	3.0707	0.2301	24.3623	23.7237
0.0685	3.0709	0.2310	24.3685	23.7240
0.0690	3.0713	0.2283	24.4186	23.7309
0.0695	3.0709	0.2293	24.3146	23.7412
0.0700	3.0703	0.2326	24.1715	23.8158
0.0705	3.0704	0.2325	24.1501	23.8147
0.0710	3.0702	0.2312	24.1646	23.8066
0.0715	3.0708	0.2304	24.0453	23.8055
0.0720	3.0703	0.2384	23.9056	23.8303
0.0725	3.0704	0.2328	23.8586	23.8401
0.0730	3.0702	0.2357	23.8965	23.8024
0.0735	3.0702	0.2351	23.6303	23.7500
0.0740	3.0712	0.2291	23.5153	23.7008
0.0745	3.0711	0.2251	23.5062	23.6523
0.0750	3.0714	0.2204	23.4947	23.6484
0.0755	3.0712	0.2226	23.4142	23.7033
0.0760	3.0710	0.2206	23.1476	23.7785
0.0765	3.0708	0.2245	22.9962	23.8757
0.0770	3.0703	0.2385	23.1344	23.9121
0.0775	3.0697	0.2360	23.1847	23.8988
0.0780	3.0696	0.2464	23.1314	23.8863
0.0785	3.0685	0.2512	23.1977	23.8640
0.0790	3.0678	0.2590	23.3451	23.8464
0.0795	3.0672	0.2624	23.3932	23.8280
0.0800	3.0677	0.2697	23.3474	23.8148
0.0805	3.0676	0.2649	23.4020	23.8004
0.0810	3.0670	0.2655	23.5248	23.7843
0.0815	3.0674	0.2667	23.5827	23.7983
0.0820	3.0679	0.2573	23.5735	23.8059
0.0825	3.0686	0.2590	23.6108	23.8776
0.0830	3.0682	0.2507	23.7220	23.9059
0.0835	3.0678	0.2644	23.8045	23.9116
0.0840	3.0674	0.2605	23.7998	23.9356
0.0845	3.0670	0.2637	23.8052	23.9329
0.0850	3.0677	0.2643	23.9073	23.9055
0.0855	3.0677	0.2627	24.0069	23.8393
0.0860	3.0682	0.2549	23.9977	23.7564
0.0865	3.0696	0.2450	23.9606	23.6941
0.0870	3.0703	0.2341	24.0257	23.6833
0.0875	3.0711	0.2290	24.1071	23.7008
0.0880	3.0717	0.2195	24.1000	23.7100
0.0885	3.0723	0.2092	24.0647	23.7231
0.0890	3.0732	0.2070	24.1311	23.7404
0.0895	3.0736	0.1973	24.2123	23.7824
0.0900	3.0742	0.1949	24.2163	23.8255
0.0905	3.0738	0.1967	24.1735	23.8256
0.0910	3.0735	0.2012	24.2132	23.8393
0.0915	3.0737	0.1972	24.2614	23.8178
0.0920	3.0732	0.2024	24.2793	23.8550
0.0925	3.0748	0.1928	23.5829	23.8499
0.0930	3.0738	0.1955	23.4646	23.8024
0.0935	3.0737	0.1965	23.6122	23.7740
0.0940	3.0733	0.1992	23.6895	23.7617
0.0945	3.0729	0.2145	23.7359	23.7702
0.0950	3.0729	0.2124	23.7384	23.7945
0.0955	3.0730	0.2006	23.8507	23.8238
0.0960	3.0732	0.2095	23.9453	23.8404
0.0965	3.0727	0.2107	23.9805	23.8427
0.0970	3.0719	0.2148	23.9913	23.8591
0.0975	3.0719	0.2231	24.0759	23.8548
0.0980	3.0707	0.2291	24.1671	23.8473
0.0985	3.0706	0.2344	24.1937	23.8152
0.0990	3.0700	0.2385	24.1932	23.7887
0.0995	3.0687	0.2469	24.2675	23.7851
0.1000	3.0689	0.2511	24.3448	23.7966
0.1005	3.0682	0.2580	24.3559	23.8075
0.1010	3.0677	0.2575	24.3420	23.8164
0.1015	3.0680	0.2622	24.3710	23.8338
0.1020	3.0676	0.2629	24.4203	23.8362
0.1025	3.0674	0.2676	24.4192	23.8287
0.1030	3.0671	0.2658	24.3788	23.8332
0.1035	3.0676	0.2623	24.4022	23.8407
0.1040	3.0683	0.2511	24.4650	23.8198
0.1045	3.0685	0.2595	24.4680	23.8706
0.1050	3.0686	0.2573	24.3793	23.9377
0.1055	3.0687	0.2495	24.3418	23.9580
0.1060	3.0689	0.2513	24.3664	23.9617
0.1065	3.0699	0.2470	24.3568	23.9021
0.1070	3.0691	0.2473	24.2350	23.8977
0.1075	3.0697	0.2390	24.1493	23.9464
0.1080	3.0689	0.2468	24.1372	23.9429
0.1085	3.0695	0.2466	24.1254	23.9383
0.1090	3.0712	0.2253	23.9628	23.9408
0.1095	3.0721	0.2165	23.8662	23.9430
0.1100	3.0731	0.2051	23.8405	23.9353
0.1105	3.0737	0.1939	23.8613	23.9209
0.1110	3.0739	0.1975	23.5243	23.9062
0.1115	3.0740	0.1930	23.1659	23.8774
0.1120	3.0740	0.1931	23.3228	23.8907
0.1125	3.0739	0.1974	23.3117	23.9025
0.1130	3.0738	0.1997	23.2027	23.9462
0.1135	3.0733	0.2022	23.1342	23.9606
0.1140	3.0735	0.2033	23.0669	24.0178
0.1145	3.0734	0.1979	23.1310	24.0453
0.1150	3.0739	0.1944	23.1169	23.9698
0.1155	3.0740	0.2046	23.0824	23.8911
0.1160	3.0735	0.2000	23.2265	23.8562
0.1165	3.0746	0.1951	23.3389	23.8900
0.1170	3.0736	0.1916	23.3307	23.9095
0.1175	3.0746	0.1871	23.3165	23.9609
0.1180	3.0762	0.1744	23.4396	23.9767
0.1185	3.0761	0.1738	23.5542	23.9722
0.1190	3.0754	0.1802	23.5468	23.9121
0.1195	3.0740	0.1968	23.5276	23.9148
0.1200	3.0736	0.1947	23.6351	23.9546
0.1205	3.0738	0.1945	23.7545	23.9761
0.1210	3.0738	0.1959	23.7570	23.9733
0.1215	3.0732	0.2021	23.7488	23.9873
0.1220	3.0727	0.2071	23.8452	23.9871
0.1225	3.0721	0.2169	23.9732	24.0197
0.1230	3.0711	0.2302	23.9912	24.0362
0.1235	3.0707	0.2348	23.9452	24.0119
0.1240	3.0699	0.2337	23.9775	23.9597
0.1245	3.0700	0.2387	24.0976	23.8915
0.1250	3.0693	0.2460	24.1032	23.8302
0.1255	3.0690	0.2537	24.0567	23.7782
0.1260	3.0683	0.2515	24.0829	23.7625
0.1265	3.0675	0.2684	24.1761	23.7366
0.1270	3.0665	0.2732	24.2006	23.7234
0.1275	3.0662	0.2772	24.1794	23.7029
0.1280	3.0667	0.2750	24.1579	23.7048
0.1285	3.0686	0.2582	24.2886	23.6826
0.1290	3.0692	0.2475	24.2281	23.7852
0.1295	3.0700	0.2399	24.0414	23.8618
0.1300	3.0701	0.2386	24.0646	23.8713
0.1305	3.0707	0.2375	24.1030	23.8669
0.1310	3.0701	0.2356	24.1692	23.8375
0.1315	3.0697	0.2436	24.0670	23.8301
0.1320	3.0703	0.2380	24.0272	23.8365
0.1325	3.0712	0.2248	24.0187	23.8411
0.1330	3.0720	0.2159	23.8814	23.8696
0.1335	3.0733	0.2006	23.7898	23.8998
0.1340	3.0734	0.1993	23.8827	23.9249
0.1345	3.0728	0.2074	23.9417	23.9576
0.1350	3.0722	0.2106	24.0159	23.9997
0.1355	3.0725	0.2089	24.0412	23.9959
0.1360	3.0730	0.2080	24.1052	23.9744
0.1365	3.0733	0.2013	24.1616	23.9129
0.1370	3.0729	0.2059	24.2080	23.8452
0.1375	3.0719	0.2172	24.2280	23.8163
0.1380	3.0725	0.2114	24.2512	23.7990
0.1385	3.0726	0.2121	24.2855	23.8178
0.1390	3.0719	0.2172	24.3045	23.8053
0.1395	3.0721	0.2187	24.2844	23.7654
0.1400	3.0727	0.2097	24.3102	23.7378
0.1405	3.0726	0.2118	24.3877	23.6956
0.1410	3.0728	0.2104	24.3850	23.7090
0.1415	3.0728	0.2071	24.2970	23.7240
0.1420	3.0724	0.2099	24.2807	23.8385
0.1425	3.0722	0.2198	24.3809	23.9605
0.1430	3.0724	0.2163	24.3813	24.0306
0.1435	3.0724	0.2142	24.2450	24.0334
0.1440	3.0719	0.2145	24.1491	24.0155
0.1445	3.0720	0.2179	24.2093	24.0079
0.1450	3.0715	0.2154	24.2170	24.0011
0.1455	3.0716	0.2190	24.0856	24.0000
0.1460	3.0718	0.2189	23.9146	23.9757
0.1465	3.0715	0.2236	23.9195	24.0078
0.1470	3.0711	0.2256	23.9281	24.0448
0.1475	3.0704	0.2328	23.8588	24.0751
0.1480	3.0701	0.2407	23.6567	24.0534
0.1485	3.0692	0.2451	23.6742	24.0126
0.1490	3.0690	0.2490	23.3186	23.9799
0.1495	3.0684	0.2540	22.8487	23.9309
0.1500	3.0681	0.2587	22.8915	23.8946
0.1505	3.0673	0.2718	22.8300	23.8944
0.1510	3.0671	0.2645	22.9351	23.8571
0.1515	3.0674	0.2664	22.9987	23.8164
0.1520	3.0678	0.2624	23.0426	23.7952
0.1525	3.0683	0.2573	23.0151	23.7955
0.1530	3.0683	0.2549	23.0751	23.7865
0.1535	3.0684	0.2523	23.1927	23.7738
0.1540	3.0685	0.2521	23.2401	23.7795
0.1545	3.0687	0.2520	23.2246	23.7884
0.1550	3.0689	0.2461	23.2807	23.8074
0.1555	3.0690	0.2406	23.4018	23.8251
0.1560	3.0701	0.2409	23.4918	23.8785
0.1565	3.0699	0.2408	23.4678	23.8817
0.1570	3.0704	0.2307	23.4675	23.8796
0.1575	3.0715	0.2263	23.5764	23.9130
0.1580	3.0710	0.2258	23.6804	23.9426
0.1585	3.0717	0.2248	23.7019	23.9319
0.1590	3.0713	0.2186	23.7037	23.9505
0.1595	3.0717	0.2197	23.8020	23.9704
0.1600	3.0716	0.2219	23.9002	23.9908
0.1605	3.0715	0.2236	23.9260	23.9516
0.1610	3.0718	0.2183	23.9142	23.9079
0.1615	3.0715	0.2179	23.9627	23.8384
0.1620	3.0724	0.2157	24.0507	23.7794
0.1625	3.0725	0.2134	24.0753	23.7225
0.1630	3.0717	0.2169	24.0333	23.7174
0.1635	3.0719	0.2180	24.0630	23.7309
0.1640	3.0716	0.2151	24.1234	23.7661
0.1645	3.0717	0.2176	24.1651	23.8124
0.1650	3.0715	0.2186	24.1377	23.8869
0.1655	3.0713	0.2247	24.1873	23.8871
0.1660	3.0718	0.2214	24.2367	23.8534
0.1665	3.0715	0.2199	24.2963	23.8000
0.1670	3.0719	0.2160	24.1059	23.7657
0.1675	3.0714	0.2251	24.0691	23.7731
0.1680	3.0718	0.2273	24.1549	23.8095
0.1685	3.0708	0.2263	24.1235	23.8384
0.1690	3.0707	0.2317	24.1149	23.8981
0.1695	3.0710	0.2275	24.0791	23.8918
0.1700	3.0701	0.2312	24.1172	23.9588
0.1705	3.0705	0.2295	24.0331	24.0538
0.1710	3.0711	0.2307	23.8929	24.0561
0.1715	3.0706	0.2297	23.7925	24.0372
0.1720	3.0703	0.2316	23.9348	23.9857
0.1725	3.0706	0.2320	24.0116	23.9596
0.1730	3.0707	0.2293	24.0148	23.9233
0.1735	3.0707	0.2330	24.0535	23.8905
0.1740	3.0697	0.2483	24.1688	23.8583
0.1745	3.0683	0.2502	24.2220	23.8463
0.1750	3.0676	0.2602	24.2002	23.8627
0.1755	3.0670	0.2670	24.1999	23.9073
0.1760	3.0678	0.2635	24.2764	23.9388
0.1765	3.0681	0.2613	24.3406	23.9664
0.1770	3.0684	0.2548	24.3257	24.0048
0.1775	3.0689	0.2505	24.2967	23.9748
0.1780	3.0691	0.2444	24.3435	23.8873
0.1785	3.0684	0.2541	24.3977	23.8145
0.1790	3.0682	0.2623	24.3629	23.7901
0.1795	3.0685	0.2556	24.2957	23.8048
0.1800	3.0692	0.2458	24.3184	23.8749
0.1805	3.0701	0.2373	24.3871	23.9762
0.1810	3.0709	0.2320	24.3487	24.0113
0.1815	3.0712	0.2260	24.2241	24.0012
0.1820	3.0714	0.2198	24.1703	23.9985
0.1825	3.0726	0.2133	24.2080	24.0007
0.1830	3.0725	0.2100	24.1918	23.9772
0.1835	3.0731	0.2080	24.0139	23.9317
0.1840	3.0726	0.2125	23.9070	23.8757
0.1845	3.0727	0.2094	23.9549	23.8712
0.1850	3.0722	0.2113	23.9593	23.9025
0.1855	3.0724	0.2133	23.7438	23.9505
0.1860	3.0722	0.2126	23.6371	23.9725
0.1865	3.0727	0.2121	23.5517	23.9529
0.1870	3.0717	0.2192	22.9744	23.9159
0.1875	3.0722	0.2142	22.8816	23.8619
0.1880	3.0728	0.2157	22.8244	23.8441
0.1885	3.0730	0.2089	22.9464	23.8527
0.1890	3.0725	0.2070	23.0981	23.8932
0.1895	3.0726	0.2121	23.0230	23.9198
0.1900	3.0725	0.2130	22.9424	23.9220
0.1905	3.0718	0.2160	23.0719	23.8950
0.1910	3.0717	0.2239	23.2256	23.8363
0.1915	3.0713	0.2213	23.2390	23.8173
0.1920	3.0713	0.2247	23.1778	23.7935
0.1925	3.0711	0.2239	23.2712	23.7751
0.1930	3.0708	0.2236	23.4524	23.7491
0.1935	3.0709	0.2322	23.4875	23.7176
0.1940	3.0705	0.2261	23.3919	23.7062
0.1945	3.0709	0.2252	23.4490	23.7936
0.1950	3.0713	0.2298	23.6588	23.8398
0.1955	3.0704	0.2344	23.7290	23.8611
0.1960	3.0693	0.2405	23.6225	23.8762
0.1965	3.0693	0.2446	23.6380	23.8610
0.1970	3.0691	0.2430	23.8566	23.8466
0.1975	3.0688	0.2511	23.9813	23.8238
0.1980	3.0678	0.2570	23.8682	23.8280
0.1985	3.0674	0.2691	23.8221	23.8013
0.1990	3.0674	0.2707	24.0300	23.7538
0.1995	3.0679	0.2625	24.1817	23.7025
0.2000	3.0674	0.2596	24.0584	23.7078
0.2005	3.0674	0.2623	23.9349	23.7463
0.2010	3.0681	0.2596	24.0952	23.8214
0.2015	3.0677	0.2635	24.2559	23.9398
0.2020	3.0674	0.2646	24.1660	23.9784
0.2025	3.0677	0.2638	24.0375	23.9459
0.2030	3.0682	0.2556	24.1878	23.8615
0.2035	3.0682	0.2531	24.3873	23.7698
0.2040	3.0682	0.2575	24.3228	23.6899
0.2045	3.0692	0.2484	24.1279	23.6395
0.2050	3.0700	0.2370	24.2120	23.6018
0.2055	3.0712	0.2215	24.3234	23.6288
0.2060	3.0721	0.2192	24.1839	23.7160
0.2065	3.0727	0.2113	24.0621	23.7025
0.2070	3.0733	0.2047	24.0578	23.7516
0.2075	3.0736	0.2007	24.2417	23.8200
0.2080	3.0733	0.2033	24.2039	23.9487
0.2085	3.0729	0.2051	23.9484	24.0081
0.2090	3.0710	0.2214	23.8850	23.9905
0.2095	3.0709	0.2299	24.0352	23.9713
0.2100	3.0704	0.2316	24.0970	23.9654
0.2105	3.0705	0.2378	23.9713	23.9727
0.2110	3.0700	0.2405	23.9286	23.9261
0.2115	3.0706	0.2381	24.1742	23.8584
0.2120	3.0698	0.2425	24.3199	23.8053
0.2125	3.0697	0.2422	24.1950	23.8054
0.2130	3.0700	0.2384	24.0966	23.8402
0.2135	3.0700	0.2363	24.2772	23.8772
0.2140	3.0702	0.2353	24.4534	23.9510
0.2145	3.0705	0.2340	24.3686	24.0040
0.2150	3.0704	0.2333	24.2256	23.9626
0.2155	3.0703	0.2385	24.3355	23.8975
0.2160	3.0706	0.2263	24.4985	23.8270
0.2165	3.0710	0.2277	24.4201	23.7702
0.2170	3.0710	0.2284	24.2421	23.7206
0.2175	3.0710	0.2245	24.3128	23.6982
0.2180	3.0710	0.2217	24.4955	23.6952
0.2185	3.0705	0.2287	24.4356	23.7109
0.2190	3.0701	0.2323	24.2058	23.8089
0.2195	3.0695	0.2421	24.1792	23.8567
0.2200	3.0699	0.2408	24.2969	23.8597
0.2205	3.0693	0.2385	24.2585	23.8514
0.2210	3.0693	0.2439	24.0210	23.8358
0.2215	3.0687	0.2493	23.9510	23.8472
0.2220	3.0687	0.2520	24.0276	23.8632
0.2225	3.0688	0.2537	23.9946	23.9017
0.2230	3.0687	0.2575	23.7465	23.9288
0.2235	3.0680	0.2679	23.6639	23.9253
0.2240	3.0679	0.2602	23.0136	23.8931
0.2245	3.0698	0.2455	22.8793	23.8529
0.2250	3.0706	0.2354	22.8717	23.8084
0.2255	3.0712	0.2285	22.8190	23.7970
0.2260	3.0724	0.2179	22.9766	23.7894
0.2265	3.0723	0.2167	23.0453	23.7707
0.2270	3.0714	0.2195	23.0073	23.8003
0.2275	3.0716	0.2192	22.9788	23.7562
0.2280	3.0722	0.2140	23.0883	23.7222
0.2285	3.0724	0.2104	23.2191	23.6921
0.2290	3.0730	0.2115	23.2171	23.6785
0.2295	3.0720	0.2154	23.1752	23.6712
0.2300	3.0715	0.2220	23.2774	23.6863
0.2305	3.0717	0.2199	23.4416	23.7099
0.2310	3.0719	0.2179	23.4677	23.7251
0.2315	3.0715	0.2160	23.4184	23.7882
0.2320	3.0722	0.2161	23.4801	23.8118
0.2325	3.0723	0.2100	23.6242	23.7847
0.2330	3.0725	0.2182	23.6768	23.7806
0.2335	3.0722	0.2112	23.6315	23.7951
0.2340	3.0715	0.2243	23.6866	23.8344
0.2345	3.0707	0.2281	23.8494	23.8881
0.2350	3.0707	0.2300	23.9188	23.9472
0.2355	3.0701	0.2378	23.8656	24.0036
0.2360	3.0694	0.2475	23.9091	24.0498
0.2365	3.0698	0.2426	24.0515	24.0206
0.2370	3.0704	0.2311	24.0904	23.9406
0.2375	3.0707	0.2323	24.0142	23.8472
0.2380	3.0711	0.2260	24.0317	23.7874
0.2385	3.0711	0.2242	24.1485	23.7488
0.2390	3.0722	0.2148	24.1882	23.7842
0.2395	3.0731	0.2097	24.1272	23.8692
0.2400	3.0742	0.1981	24.1250	23.8857
0.2405	3.0736	0.1960	24.2139	23.8627
0.2410	3.0742	0.1904	24.3020	23.8331
0.2415	3.0740	0.1971	24.2595	23.8049
0.2420	3.0736	0.2024	24.2265	23.7867
0.2425	3.0727	0.2104	24.2722	23.7814
0.2430	3.0727	0.2118	24.3619	23.7857
0.2435	3.0718	0.2147	24.2955	23.8208
0.2440	3.0712	0.2266	24.2268	23.9066
0.2445	3.0708	0.2271	24.1072	23.9225
0.2450	3.0701	0.2318	23.9940	23.9429
0.2455	3.0704	0.2388	24.0452	23.9638
0.2460	3.0703	0.2322	23.9581	23.9803
0.2465	3.0693	0.2457	23.9631	23.9965
0.2470	3.0704	0.2454	24.0315	23.9726
0.2475	3.0703	0.2308	24.0501	23.9168
0.2480	3.0716	0.2229	24.0211	23.8734
0.2485	3.0725	0.2100	24.0627	23.9613
0.2490	3.0733	0.2042	24.1670	23.9608
0.2495	3.0740	0.1947	24.2530	23.9096
0.2500	3.0748	0.1900	24.2323	23.8473
0.2505	3.0739	0.1927	24.2537	23.8101
0.2510	3.0737	0.1976	24.3347	23.8136
0.2515	3.0738	0.1971	24.3912	23.8349
0.2520	3.0737	0.1979	24.3801	23.8608
0.2525	3.0737	0.1965	24.3638	23.8460
0.2530	3.0730	0.2088	24.4107	23.8260
0.2535	3.0723	0.2118	24.4765	23.7923
0.2540	3.0722	0.2110	24.4624	23.7709
0.2545	3.0720	0.2163	24.4148	23.7592
0.2550	3.0716	0.2256	24.4176	23.7615
0.2555	3.0717	0.2204	24.4622	23.8627
0.2560	3.0712	0.2193	24.4573	23.8996
0.2565	3.0717	0.2200	24.3664	23.8851
0.2570	3.0717	0.2245	24.3203	23.8579
0.2575	3.0708	0.2279	24.3238	23.8052
0.2580	3.0717	0.2175	24.2889	23.7928
0.2585	3.0717	0.2171	24.1815	23.7389
0.2590	3.0721	0.2117	24.1031	23.7138
0.2595	3.0725	0.2144	24.0783	23.7378
0.2600	3.0715	0.2185	24.0649	23.7093
0.2605	3.0717	0.2260	23.8967	23.7662
0.2610	3.0710	0.2275	23.5379	23.8598
0.2615	3.0703	0.2369	23.4972	23.9187
0.2620	3.0699	0.2450	23.5827	23.8641
0.2625	3.0699	0.2430	23.3713	23.7864
0.2630	3.0705	0.2335	22.9213	23.6996
0.2635	3.0705	0.2350	22.8582	23.6373
0.2640	3.0707	0.2280	22.9683	23.6409
0.2645	3.0717	0.2201	23.0183	23.6509
0.2650	3.0721	0.2129	22.9828	23.6880
0.2655	3.0723	0.2089	23.0408	23.6957
0.2660	3.0724	0.2089	23.1737	23.7101
0.2665	3.0721	0.2092	23.2421	23.7488
0.2670	3.0719	0.2164	23.1757	23.7856
0.2675	3.0716	0.2244	23.1920	23.8187
0.2680	3.0709	0.2236	23.3470	23.8983
0.2685	3.0709	0.2298	23.4373	23.8994
0.2690	3.0703	0.2324	23.3790	23.8400
0.2695	3.0695	0.2391	23.3962	23.7727
0.2700	3.0692	0.2397	23.5501	23.7328
0.2705	3.0694	0.2455	23.6421	23.7258
0.2710	3.0692	0.2491	23.5925	23.7431
0.2715	3.0683	0.2520	23.5927	23.7762
0.2720	3.0688	0.2543	23.7400	23.7986
0.2725	3.0702	0.2425	23.8734	23.8050
0.2730	3.0703	0.2349	23.8364	23.8281
0.2735	3.0701	0.2394	23.8121	23.8640
0.2740	3.0708	0.2308	23.9338	23.8487
0.2745	3.0709	0.2263	24.0449	23.8876
0.2750	3.0708	0.2268	23.9906	23.8587
0.2755	3.0713	0.2249	23.9265	23.8175
0.2760	3.0723	0.2226	24.0328	23.8185
0.2765	3.0710	0.2280	24.1597	23.8703
0.2770	3.0709	0.2317	24.0998	23.9306
0.2775	3.0714	0.2166	24.0134	23.9254
0.2780	3.0708	0.2303	24.1301	23.8737
0.2785	3.0719	0.2213	24.2799	23.7999
0.2790	3.0722	0.2140	24.2365	23.7317
0.2795	3.0725	0.2087	24.1177	23.6884
0.2800	3.0729	0.2074	24.1994	23.7060
0.2805	3.0729	0.2055	24.3533	23.8084
0.2810	3.0728	0.2088	24.2952	23.8566
0.2815	3.0729	0.2102	24.1298	23.8867
0.2820	3.0723	0.2177	24.1320	23.9164
0.2825	3.0717	0.2200	23.9043	23.9519
0.2830	3.0723	0.2163	23.7865	23.9291
0.2835	3.0725	0.2118	23.7052	23.8588
0.2840	3.0724	0.2065	23.7670	23.7865
0.2845	3.0722	0.2177	23.9662	23.7800
0.2850	3.0722	0.2202	24.0302	23.8200
0.2855	3.0732	0.2049	23.9508	23.8199
0.2860	3.0732	0.2035	23.9711	23.8168
0.2865	3.0719	0.2174	24.1700	23.8548
0.2870	3.0720	0.2174	24.2679	23.8438
0.2875	3.0723	0.2125	24.1821	23.8500
0.2880	3.0729	0.2118	24.1399	23.9018
0.2885	3.0734	0.2047	24.2832	23.9453
0.2890	3.0726	0.2068	24.4224	23.9247
0.2895	3.0734	0.1992	24.3778	23.8932
0.2900	3.0733	0.2043	24.2685	23.8466
0.2905	3.0725	0.2095	24.3267	23.7977
0.2910	3.0718	0.2176	24.4788	23.7349
0.2915	3.0713	0.2227	24.4666	23.7178
0.2920	3.0709	0.2274	24.3331	23.7152
0.2925	3.0708	0.2297	24.3259	23.7981
0.2930	3.0704	0.2395	24.4749	23.8365
0.2935	3.0696	0.2459	24.4906	23.8519
0.2940	3.0695	0.2460	24.3194	23.8229
0.2945	3.0687	0.2514	24.2229	23.7677
0.2950	3.0683	0.2612	24.3392	23.7163
0.2955	3.0683	0.2608	24.3604	23.7088
0.2960	3.0680	0.2540	24.1704	23.7152
0.2965	3.0683	0.2523	24.0019	23.7406
0.2970	3.0693	0.2520	24.0698	23.7990
0.2975	3.0692	0.2520	24.0875	23.9034
0.2980	3.0685	0.2513	23.9462	23.9712
0.2985	3.0676	0.2601	23.5609	23.9914
0.2990	3.0679	0.2648	23.5654	23.9902
0.2995	3.0673	0.2633	23.6720	23.9643
0.3000	3.0672	0.2634	23.4799	23.9148
0.3005	3.0678	0.2650	23.3404	23.8505
0.3010	3.0674	0.2627	23.2562	23.8429
0.3015	3.0684	0.2564	22.9997	23.8518
0.3020	3.0688	0.2494	22.9220	23.8532
0.3025	3.0682	0.2598	22.8667	23.9346
0.3030	3.0687	0.2567	22.9865	24.0039
0.3035	3.0685	0.2557	23.1772	23.9659
0.3040	3.0694	0.2417	23.1227	23.9223
0.3045	3.0712	0.2307	23.0354	23.8516
0.3050	3.0721	0.2212	23.1571	23.8447
0.3055	3.0725	0.2171	23.3705	23.8609
0.3060	3.0721	0.2117	23.3687	23.8527
0.3065	3.0732	0.2045	23.2513	23.8311
0.3070	3.0732	0.2068	23.3214	23.8208
0.3075	3.0734	0.2030	23.5434	23.8365
0.3080	3.0738	0.1971	23.5971	23.8864
0.3085	3.0732	0.2004	23.4809	23.9243
0.3090	3.0733	0.2095	23.4981	23.9594
0.3095	3.0723	0.2152	23.7062	24.0189
0.3100	3.0724	0.2139	23.8325	24.0502
0.3105	3.0728	0.2124	23.7456	24.0018
0.3110	3.0725	0.2095	23.7017	23.9522
0.3115	3.0734	0.2070	23.8750	23.9919
0.3120	3.0727	0.2114	24.0258	23.9913
0.3125	3.0722	0.2134	23.9434	23.9354
0.3130	3.0718	0.2198	23.8513	23.9211
0.3135	3.0718	0.2176	23.9676	23.9285
0.3140	3.0709	0.2254	24.1199	23.9678
0.3145	3.0712	0.2281	24.0624	24.0280
0.3150	3.0716	0.2242	23.9596	24.0579
0.3155	3.0714	0.2175	24.0358	24.0261
0.3160	3.0718	0.2198	24.2211	23.9722
0.3165	3.0718	0.2155	24.2170	23.8610
0.3170	3.0718	0.2166	24.0872	23.7731
0.3175	3.0712	0.2272	24.1004	23.7553
0.3180	3.0706	0.2305	24.3022	23.7806
0.3185	3.0701	0.2411	24.2926	23.8497
0.3190	3.0692	0.2470	24.1582	23.9199
0.3195	3.0687	0.2493	23.9061	23.9490
0.3200	3.0690	0.2462	23.6551	23.9173
0.3205	3.0687	0.2541	23.8126	23.9460
0.3210	3.0690	0.2543	23.6772	23.9843
0.3215	3.0681	0.2599	23.6717	23.9366
0.3220	3.0673	0.2662	23.8478	23.8874
0.3225	3.0677	0.2667	23.9967	23.8353
0.3230	3.0682	0.2573	23.9234	23.8081
0.3235	3.0686	0.2583	23.8795	23.8236
0.3240	3.0694	0.2412	24.0415	23.7969
0.3245	3.0713	0.2288	24.2338	23.8112
0.3250	3.0719	0.2219	24.1753	23.8112
0.3255	3.0720	0.2185	24.0720	23.7738
0.3260	3.0727	0.2068	24.1727	23.7463
0.3265	3.0733	0.2006	24.3825	23.8253
0.3270	3.0745	0.1902	24.3960	23.8617
0.3275	3.0743	0.1885	24.2472	23.8695
0.3280	3.0742	0.1937	24.2309	23.8684
0.3285	3.0741	0.1974	24.4044	23.8246
0.3290	3.0737	0.1976	24.4731	23.7714
0.3295	3.0740	0.1977	24.3323	23.7219
0.3300	3.0739	0.1963	24.2685	23.7162
0.3305	3.0731	0.2052	24.4125	23.7339
0.3310	3.0735	0.2027	24.4949	23.7722
0.3315	3.0729	0.2054	24.3380	23.7942
0.3320	3.0729	0.2058	24.2188	23.8029
0.3325	3.0730	0.2089	24.3080	23.8071
0.3330	3.0725	0.2112	24.3722	23.8037
0.3335	3.0723	0.2172	24.1947	23.8208
0.3340	3.0722	0.2181	23.9988	23.9256
0.3345	3.0719	0.2174	24.0485	23.9128
0.3350	3.0717	0.2172	24.1317	23.9076
0.3355	3.0715	0.2173	23.9718	23.8985
0.3360	3.0717	0.2216	23.7467	23.8935
0.3365	3.0712	0.2240	23.7255	23.8737
0.3370	3.0709	0.2313	23.8158	23.8389
0.3375	3.0706	0.2345	23.5597	23.8019
0.3380	3.0710	0.2290	23.4122	23.7664
0.3385	3.0703	0.2311	23.4092	23.7488
0.3390	3.0701	0.2375	23.4193	23.7562
0.3395	3.0699	0.2412	23.3901	23.8441
0.3400	3.0696	0.2427	23.0707	23.9199
0.3405	3.0694	0.2437	22.8545	23.9853
0.3410	3.0694	0.2415	23.0317	23.9902
0.3415	3.0686	0.2472	23.1170	23.9398
0.3420	3.0689	0.2497	23.0753	23.8948
0.3425	3.0678	0.2537	23.0968	23.8629
0.3430	3.0681	0.2629	23.2487	23.8640
0.3435	3.0673	0.2681	23.3232	23.8746
0.3440	3.0676	0.2629	23.2735	23.8837
0.3445	3.0680	0.2629	23.2877	23.8822
0.3450	3.0681	0.2584	23.4263	23.8880
0.3455	3.0687	0.2569	23.5340	23.8957
0.3460	3.0688	0.2501	23.5028	23.9097
0.3465	3.0690	0.2446	23.4892	23.9563
0.3470	3.0689	0.2470	23.6230	23.9416
0.3475	3.0681	0.2596	23.7482	23.9487
0.3480	3.0671	0.2654	23.7390	23.9615
0.3485	3.0663	0.2786	23.7183	23.9488
0.3490	3.0662	0.2761	23.8252	23.9547
0.3495	3.0666	0.2761	23.9435	23.8992
0.3500	3.0682	0.2619	23.9400	23.8251
0.3505	3.0696	0.2416	23.8870	23.7640
0.3510	3.0711	0.2247	23.9386	23.7371
0.3515	3.0710	0.2259	24.0310	23.7379
0.3520	3.0717	0.2207	24.0469	23.7362
0.3525	3.0729	0.2080	23.9993	23.7580
0.3530	3.0727	0.2103	24.0311	23.7967
0.3535	3.0738	0.1957	24.1267	23.8526
0.3540	3.0746	0.1928	24.1879	23.8770
0.3545	3.0742	0.1927	24.1240	23.8815
0.3550	3.0738	0.1977	24.1242	23.8905
0.3555	3.0736	0.2030	24.1881	23.8776
0.3560	3.0737	0.1968	24.2590	23.8955
0.3565	3.0744	0.1947	23.5188	23.8602
0.3570	3.0746	0.1898	23.3438	23.8069
0.3575	3.0741	0.1914	23.5358	23.7613
0.3580	3.0741	0.2003	23.6345	23.7637
0.3585	3.0743	0.1926	23.6821	23.7806
0.3590	3.0750	0.1859	23.6740	23.8156
0.3595	3.0748	0.1832	23.7858	23.8438
0.3600	3.0746	0.1877	23.8899	23.8638
0.3605	3.0748	0.1810	23.9518	23.8638
0.3610	3.0746	0.1904	23.9257	23.8617
0.3615	3.0745	0.1911	23.9955	23.8651
0.3620	3.0737	0.1919	24.1147	23.8012
0.3625	3.0734	0.2015	24.1706	23.7706
0.3630	3.0731	0.2048	24.1407	23.7752
0.3635	3.0719	0.2159	24.1820	23.7755
0.3640	3.0712	0.2239	24.2831	23.7966
0.3645	3.0703	0.2329	24.3486	23.8222
0.3650	3.0695	0.2370	24.3153	23.8474
0.3655	3.0698	0.2416	24.2942	23.8588
0.3660	3.0688	0.2508	24.3588	23.8515
0.3665	3.0687	0.2542	24.4215	23.8417
0.3670	3.0689	0.2475	24.3818	23.8286
0.3675	3.0694	0.2455	24.3461	23.8027
0.3680	3.0701	0.2396	24.3778	23.7887
0.3685	3.0696	0.2470	24.4312	23.8462
0.3690	3.0700	0.2390	24.4180	23.9139
0.3695	3.0698	0.2376	24.3376	23.9385
0.3700	3.0697	0.2399	24.2852	23.9458
0.3705	3.0698	0.2397	24.3163	23.8887
0.3710	3.0706	0.2324	24.2819	23.9183
0.3715	3.0708	0.2279	24.1668	23.9451
0.3720	3.0711	0.2210	24.0551	23.9054
0.3725	3.0718	0.2225	24.0602	23.8871
0.3730	3.0723	0.2148	24.0224	23.8760
0.3735	3.0725	0.2085	23.9077	23.8760
0.3740	3.0728	0.2070	23.7710	23.8921
0.3745	3.0727	0.2089	23.8069	23.9064
0.3750	3.0726	0.2100	23.6473	23.9033
0.3755	3.0726	0.2127	23.2246	23.8940
0.3760	3.0730	0.2138	23.2227	23.8995
0.3765	3.0730	0.2015	23.2338	23.8878
0.3770	3.0730	0.2086	23.2579	23.8925
0.3775	3.0730	0.2088	23.2185	23.8594
0.3780	3.0728	0.2088	23.0218	23.9322
0.3785	3.0731	0.2143	23.0500	23.9350
0.3790	3.0732	0.2054	23.1630	23.8742
0.3795	3.0728	0.2094	23.1399	23.8273
0.3800	3.0727	0.2080	23.1541	23.8571
0.3805	3.0736	0.2003	23.2527	23.8961
0.3810	3.0735	0.1995	23.3902	23.9153
0.3815	3.0747	0.1859	23.3921	23.9418
0.3820	3.0754	0.1802	23.3819	23.9213
0.3825	3.0752	0.1824	23.4621	23.8862
0.3830	3.0738	0.1964	23.5892	23.8354
0.3835	3.0733	0.1990	23.6193	23.8124
0.3840	3.0745	0.1961	23.6003	23.8607
0.3845	3.0745	0.1894	23.6542	23.8884
0.3850	3.0744	0.1948	23.7907	23.9160
0.3855	3.0738	0.1984	23.8666	23.9427
0.3860	3.0736	0.2034	23.8539	23.9730
0.3865	3.0727	0.2139	23.8847	24.0049
0.3870	3.0719	0.2148	24.0024	23.9996
0.3875	3.0709	0.2266	24.0773	23.9404
0.3880	3.0703	0.2372	24.0275	23.8675
0.3885	3.0698	0.2410	24.0075	23.7879
0.3890	3.0697	0.2460	24.1027	23.7241
0.3895	3.0691	0.2478	24.1890	23.7029
0.3900	3.0689	0.2502	24.1346	23.6855
0.3905	3.0680	0.2563	24.1080	23.6736
0.3910	3.0674	0.2631	24.1867	23.6834
0.3915	3.0666	0.2729	24.2856	23.6714
0.3920	3.0678	0.2616	24.2358	23.6553
0.3925	3.0687	0.2515	24.2123	23.6414
0.3930	3.0693	0.2439	24.2200	23.7246
0.3935	3.0699	0.2452	24.1721	23.7816
0.3940	3.0699	0.2425	24.1976	23.7728
0.3945	3.0702	0.2363	24.0588	23.7710
0.3950	3.0700	0.2418	24.0796	23.7400
0.3955	3.0692	0.2467	24.1498	23.7603
0.3960	3.0702	0.2363	24.1737	23.7681
0.3965	3.0713	0.2228	24.0550	23.7855
0.3970	3.0722	0.2213	23.8450	23.7927
0.3975	3.0734	0.1982	23.8133	23.8216
0.3980	3.0735	0.2027	24.0250	23.8538
0.3985	3.0731	0.2050	23.9916	23.8548
0.3990	3.0726	0.2083	23.9352	23.8831
0.3995	3.0729	0.2071	24.0539	23.8862
0.4000	3.0732	0.1968	24.2639	23.8711
0.4005	3.0736	0.1977	24.2583	23.8165
0.4010	3.0735	0.2056	24.1379	23.7569
0.4015	3.0727	0.2156	24.2017	23.7434
0.4020	3.0731	0.2088	24.3891	23.7397
0.4025	3.0726	0.2013	24.3969	23.7627
0.4030	3.0728	0.2083	24.2616	23.7504
0.4035	3.0732	0.2058	24.2895	23.7108
0.4040	3.0729	0.2006	24.4742	23.6603
0.4045	3.0737	0.1984	24.4863	23.5941
0.4050	3.0739	0.1971	24.3268	23.6043
0.4055	3.0740	0.1957	24.3009	23.6129
0.4060	3.0741	0.1971	24.4463	23.7449
0.4065	3.0742	0.1938	24.4964	23.8670
0.4070	3.0741	0.1956	24.3270	23.9489
0.4075	3.0739	0.1940	24.2445	23.9588
0.4080	3.0736	0.2011	24.3280	23.9564
0.4085	3.0727	0.2055	24.3509	23.9500
0.4090	3.0723	0.2116	24.1771	23.9400
0.4095	3.0723	0.2160	24.0463	23.9285
0.4100	3.0721	0.2204	24.0500	23.9040
0.4105	3.0716	0.2216	24.0906	23.9208
0.4110	3.0705	0.2315	23.9419	23.9430
0.4115	3.0704	0.2341	23.8121	23.9504
0.4120	3.0691	0.2438	23.7595	23.9106
0.4125	3.0696	0.2442	23.8267	23.9203
0.4130	3.0694	0.2449	23.3265	23.8963
0.4135	3.0685	0.2554	22.8075	23.8480
0.4140	3.0687	0.2573	22.9852	23.8162
0.4145	3.0681	0.2594	22.9965	23.8262
0.4150	3.0682	0.2529	22.9858	23.7917
0.4155	3.0692	0.2504	22.9376	23.7449
0.4160	3.0695	0.2476	23.0710	23.7268
0.4165	3.0693	0.2507	23.1698	23.7090
0.4170	3.0688	0.2413	23.1544	23.7010
0.4175	3.0693	0.2473	23.1437	23.6796
0.4180	3.0697	0.2484	23.2559	23.7096
0.4185	3.0702	0.2364	23.3824	23.7167
0.4190	3.0706	0.2335	23.3927	23.7520
0.4195	3.0711	0.2311	23.3719	23.7608
0.4200	3.0712	0.2208	23.4671	23.7903
0.4205	3.0715	0.2226	23.5965	23.7869
0.4210	3.0710	0.2216	23.6131	23.8090
0.4215	3.0716	0.2210	23.5891	23.8458
0.4220	3.0723	0.2165	23.6535	23.8805
0.4225	3.0738	0.1992	23.7925	23.8636
0.4230	3.0730	0.2036	23.8618	23.8613
0.4235	3.0731	0.2066	23.8385	23.8768
0.4240	3.0728	0.2054	23.8561	23.8835
0.4245	3.0731	0.2046	23.9873	23.8635
0.4250	3.0724	0.2081	24.0713	23.8402
0.4255	3.0721	0.2159	24.0429	23.7849
0.4260	3.0718	0.2177	24.0217	23.7297
0.4265	3.0716	0.2237	24.1172	23.6875
0.4270	3.0715	0.2223	24.1798	23.6650
0.4275	3.0716	0.2203	24.1376	23.6645
0.4280	3.0723	0.2204	24.0905	23.6812
0.4285	3.0724	0.2147	24.2008	23.7240
0.4290	3.0721	0.2166	24.3080	23.7844
0.4295	3.0716	0.2191	24.2890	23.7794
0.4300	3.0723	0.2167	24.1883	23.7679
0.4305	3.0715	0.2215	24.2892	23.7395
0.4310	3.0720	0.2183	24.2393	23.7351
0.4315	3.0717	0.2141	24.2034	23.7621
0.4320	3.0716	0.2165	24.1179	23.8069
0.4325	3.0710	0.2254	24.0683	23.8427
0.4330	3.0708	0.2284	24.2048	23.8367
0.4335	3.0706	0.2311	24.2181	23.8121
0.4340	3.0697	0.2347	24.1115	23.8494
0.4345	3.0701	0.2375	23.9615	23.9540
0.4350	3.0705	0.2353	23.9773	23.9630
0.4355	3.0701	0.2378	23.9330	23.9613
0.4360	3.0703	0.2348	23.9625	23.9256
0.4365	3.0707	0.2321	23.9341	23.9158
0.4370	3.0711	0.2305	24.0596	23.8599
0.4375	3.0702	0.2315	24.2146	23.8367
0.4380	3.0695	0.2387	24.2469	23.8244
0.4385	3.0690	0.2490	24.1543	23.7870
0.4390	3.0676	0.2574	24.1819	23.7797
0.4395	3.0677	0.2632	24.3214	23.8004
0.4400	3.0677	0.2642	24.3863	23.8406
0.4405	3.0679	0.2583	24.3151	23.8753
0.4410	3.0684	0.2549	24.2855	23.9293
0.4415	3.0685	0.2501	24.3779	23.9363
0.4420	3.0691	0.2466	24.4481	23.8818
0.4425	3.0693	0.2456	24.3774	23.7936
0.4430	3.0687	0.2526	24.2980	23.7574
0.4435	3.0693	0.2458	24.3587	23.7543
0.4440	3.0697	0.2404	24.4528	23.8183
0.4445	3.0702	0.2369	24.3885	23.8961
0.4450	3.0711	0.2260	24.2772	23.9183
0.4455	3.0711	0.2233	24.2517	23.9257
0.4460	3.0719	0.2217	24.2987	23.9390
0.4465	3.0728	0.2055	24.2148	23.9482
0.4470	3.0731	0.2087	24.0768	23.9389
0.4475	3.0734	0.2043	24.0153	23.9048
0.4480	3.0728	0.2054	24.0598	23.8545
0.4485	3.0728	0.2092	23.9886	23.8433
0.4490	3.0724	0.2111	23.8648	23.8553
0.4495	3.0723	0.2190	23.7041	23.8949
0.4500	3.0720	0.2102	23.7474	23.9150
0.4505	3.0721	0.2162	23.5172	23.8931
0.4510	3.0720	0.2183	22.8554	23.8560
0.4515	3.0721	0.2198	22.8572	23.7970
0.4520	3.0724	0.2168	22.9271	23.7879
0.4525	3.0730	0.2086	23.0439	23.7955
0.4530	3.0726	0.2160	23.0226	23.8466
0.4535	3.0722	0.2191	22.9522	23.8852
0.4540	3.0716	0.2183	23.0001	23.8921
0.4545	3.0718	0.2232	23.1500	23.8656
0.4550	3.0713	0.2245	23.1899	23.8024
0.4555	3.0708	0.2267	23.1851	23.7688
0.4560	3.0708	0.2337	23.2286	23.7521
0.4565	3.0708	0.2285	23.3468	23.7178
0.4570	3.0702	0.2330	23.3952	23.6956
0.4575	3.0708	0.2337	23.3917	23.6885
0.4580	3.0704	0.2333	23.4303	23.6756
0.4585	3.0709	0.2369	23.5337	23.7513
0.4590	3.0700	0.2375	23.6162	23.8235
0.4595	3.0692	0.2475	23.6385	23.8431
0.4600	3.0686	0.2553	23.6380	23.8584
0.4605	3.0682	0.2587	23.7182	23.8432
0.4610	3.0680	0.2558	23.8293	23.8163
0.4615	3.0672	0.2658	23.8496	23.7934
0.4620	3.0664	0.2743	23.8605	23.7862
0.4625	3.0668	0.2838	23.9565	23.7652
0.4630	3.0659	0.2819	24.0361	23.7213
0.4635	3.0654	0.2822	24.0044	23.6838
0.4640	3.0661	0.2750	23.9756	23.6612
0.4645	3.0659	0.2789	24.0536	23.7069
0.4650	3.0668	0.2753	24.1357	23.7758
0.4655	3.0670	0.2720	24.0937	23.8900
0.4660	3.0667	0.2697	24.0681	23.9464
0.4665	3.0668	0.2680	24.1560	23.9180
0.4670	3.0669	0.2700	24.2625	23.8462
0.4675	3.0673	0.2641	24.2180	23.7585
0.4680	3.0676	0.2656	24.1619	23.6800
0.4685	3.0677	0.2672	24.1938	23.6354
0.4690	3.0688	0.2511	24.3126	23.6062
0.4695	3.0697	0.2468	24.1857	23.6163
0.4700	3.0699	0.2440	24.0468	23.7009
0.4705	3.0699	0.2393	24.1326	23.6982
0.4710	3.0692	0.2440	24.1527	23.7464
0.4715	3.0701	0.2372	24.1036	23.8074
0.4720	3.0698	0.2395	23.9962	23.9146
0.4725	3.0706	0.2396	23.9754	24.0019
0.4730	3.0703	0.2351	23.9823	23.9768
0.4735	3.0706	0.2373	23.9295	23.9463
0.4740	3.0705	0.2316	23.8935	23.9068
0.4745	3.0701	0.2324	23.9567	23.9242
0.4750	3.0709	0.2326	24.0265	23.9047
0.4755	3.0707	0.2321	24.0922	23.8590
0.4760	3.0700	0.2382	24.1184	23.8323
0.4765	3.0701	0.2350	24.1431	23.8387
0.4770	3.0693	0.2399	24.1802	23.8864
0.4775	3.0695	0.2420	24.2408	23.9232
0.4780	3.0692	0.2444	24.2708	23.9663
0.4785	3.0694	0.2456	24.2532	24.0173
0.4790	3.0686	0.2537	24.2493	23.9682
0.4795	3.0686	0.2529	24.3174	23.8774
0.4800	3.0682	0.2555	24.3334	23.8086
0.4805	3.0683	0.2548	24.2786	23.7618
0.4810	3.0687	0.2558	24.2790	23.7328
0.4815	3.0682	0.2508	24.3402	23.7389
0.4820	3.0684	0.2571	24.3257	23.7450
0.4825	3.0686	0.2490	24.2450	23.7556
0.4830	3.0691	0.2475	24.1874	23.8354
0.4835	3.0696	0.2434	24.2079	23.8707
0.4840	3.0697	0.2419	24.1859	23.8639
0.4845	3.0703	0.2354	24.0864	23.8546
0.4850	3.0696	0.2354	23.9757	23.8232
0.4855	3.0692	0.2405	23.9622	23.8506
0.4860	3.0692	0.2484	23.9262	23.8711
0.4865	3.0686	0.2545	23.8337	23.9401
0.4870	3.0681	0.2541	23.6795	24.0041
0.4875	3.0675	0.2660	23.6584	24.0177
0.4880	3.0674	0.2691	22.9420	23.9809
0.4885	3.0681	0.2575	22.7427	23.9286
0.4890	3.0687	0.2527	22.7784	23.8631
0.4895	3.0682	0.2589	22.8113	23.8282
0.4900	3.0689	0.2473	22.9291	23.8128
0.4905	3.0700	0.2415	22.9127	23.7968
0.4910	3.0701	0.2399	22.8818	23.8322
0.4915	3.0704	0.2367	22.9363	23.8131
0.4920	3.0710	0.2260	23.0459	23.7732
0.4925	3.0709	0.2296	23.1038	23.7491
0.4930	3.0717	0.2200	23.0836	23.7324
0.4935	3.0719	0.2157	23.1102	23.7316
0.4940	3.0709	0.2245	23.2271	23.7337
0.4945	3.0709	0.2269	23.3297	23.7510
0.4950	3.0699	0.2342	23.3385	23.7743
0.4955	3.0705	0.2300	23.3283	23.8246
0.4960	3.0709	0.2272	23.4175	23.8798
0.4965	3.0719	0.2211	23.5198	23.8520
0.4970	3.0716	0.2215	23.5371	23.8343
0.4975	3.0713	0.2192	23.5453	23.8634
0.4980	3.0714	0.2264	23.6265	23.8903
0.4985	3.0710	0.2283	23.7287	23.9380
0.4990	3.0705	0.2262	23.7705	23.9872
0.4995	3.0705	0.2313	23.7816	24.0457
0.5000	3.0706	0.2305	23.8317	24.1046
0.5005	3.0710	0.2295	23.9154	24.0934
0.5010	3.0719	0.2173	23.9669	24.0181
0.5015	3.0717	0.2185	23.9404	23.9371
0.5020	3.0723	0.2118	23.9359	23.8747
0.5025	3.0731	0.2065	24.0296	23.8463
0.5030	3.0734	0.2061	24.0874	23.8666
0.5035	3.0739	0.2007	24.0395	23.9359
0.5040	3.0744	0.1879	24.0271	23.9723
0.5045	3.0743	0.1924	24.1064	23.9370
0.5050	3.0743	0.1905	24.1745	23.8986
0.5055	3.0737	0.1985	24.1354	23.8706
0.5060	3.0731	0.1991	24.1058	23.8588
0.5065	3.0729	0.2049	24.1835	23.8497
0.5070	3.0724	0.2183	24.2813	23.8627
0.5075	3.0718	0.2234	24.2131	23.8919
0.5080	3.0708	0.2272	24.1128	23.9678
0.5085	3.0706	0.2316	24.0605	23.9882
0.5090	3.0705	0.2388	23.9312	23.9990
0.5095	3.0701	0.2400	23.9409	24.0224
0.5100	3.0707	0.2294	23.8334	24.0346
0.5105	3.0698	0.2377	23.8380	24.0663
0.5110	3.0710	0.2322	23.9362	24.0381
0.5115	3.0717	0.2158	23.9842	23.9805
0.5120	3.0728	0.2089	23.9256	23.9467
0.5125	3.0746	0.1954	23.9183	24.0108
0.5130	3.0759	0.1772	24.0553	24.0279
0.5135	3.0763	0.1740	24.1903	23.9702
0.5140	3.0770	0.1638	24.1446	23.9142
0.5145	3.0762	0.1652	24.0892	23.8767
0.5150	3.0763	0.1684	24.1898	23.8878
0.5155	3.0770	0.1625	24.3214	23.9114
0.5160	3.0774	0.1620	24.3206	23.9359
0.5165	3.0770	0.1621	24.2610	23.9263
0.5170	3.0762	0.1699	24.2837	23.8959
0.5175	3.0751	0.1779	24.3662	23.8628
0.5180	3.0749	0.1889	24.3769	23.8370
0.5185	3.0745	0.1927	24.3209	23.8225
0.5190	3.0743	0.1876	24.3038	23.8242
0.5195	3.0744	0.1924	24.3596	23.9228
0.5200	3.0738	0.1952	24.3755	23.9619
0.5205	3.0731	0.1972	24.3071	23.9551
0.5210	3.0736	0.2017	24.2356	23.9288
0.5215	3.0739	0.1996	24.2241	23.8764
0.5220	3.0739	0.2015	24.2129	23.8662
0.5225	3.0739	0.1954	24.1410	23.7966
0.5230	3.0741	0.1944	24.0282	23.7851
0.5235	3.0748	0.1904	23.9835	23.8094
0.5240	3.0741	0.1988	23.9612	23.7937
0.5245	3.0741	0.1992	23.8957	23.8543
0.5250	3.0730	0.2027	23.5653	23.9123
0.5255	3.0722	0.2175	23.4203	23.9747
0.5260	3.0711	0.2281	23.4758	23.9343
0.5265	3.0709	0.2310	23.3640	23.8584
0.5270	3.0717	0.2190	23.0180	23.7763
0.5275	3.0711	0.2215	22.8411	23.7103
0.5280	3.0718	0.2221	22.8592	23.7065
0.5285	3.0719	0.2212	22.9185	23.7054
0.5290	3.0731	0.2095	22.9237	23.7172
0.5295	3.0733	0.2039	22.9835	23.7118
0.5300	3.0739	0.1960	23.0545	23.6974
0.5305	3.0737	0.1941	23.0989	23.7054
0.5310	3.0732	0.2019	23.1112	23.7450
0.5315	3.0729	0.2059	23.1684	23.7555
0.5320	3.0720	0.2136	23.2529	23.8946
0.5325	3.0727	0.2145	23.3068	23.9649
0.5330	3.0717	0.2189	23.3278	23.9019
0.5335	3.0709	0.2258	23.3772	23.8465
0.5340	3.0707	0.2341	23.4454	23.7874
0.5345	3.0701	0.2325	23.5047	23.7693
0.5350	3.0703	0.2346	23.5525	23.7488
0.5355	3.0697	0.2383	23.5966	23.7732
0.5360	3.0698	0.2405	23.6263	23.8050
0.5365	3.0708	0.2281	23.6970	23.8079
0.5370	3.0719	0.2205	23.7928	23.8429
0.5375	3.0716	0.2211	23.8212	23.9128
0.5380	3.0718	0.2169	23.8308	23.9149
0.5385	3.0723	0.2162	23.8987	23.9450
0.5390	3.0728	0.2071	23.9799	23.9143
0.5395	3.0733	0.2022	23.9807	23.8706
0.5400	3.0739	0.2010	23.9542	23.8508
0.5405	3.0727	0.2022	23.9832	23.8804
0.5410	3.0726	0.2121	24.0687	23.9053
0.5415	3.0724	0.2054	24.0849	23.8895
0.5420	3.0720	0.2130	24.0672	23.8433
0.5425	3.0728	0.2086	24.1036	23.7957
0.5430	3.0735	0.2026	24.1959	23.7402
0.5435	3.0740	0.1903	24.2062	23.7093
0.5440	3.0737	0.2027	24.1750	23.7346
0.5445	3.0743	0.1915	24.1691	23.8439
0.5450	3.0736	0.1987	24.2459	23.8787
0.5455	3.0736	0.1995	24.2101	23.8913
0.5460	3.0725	0.2033	24.1979	23.8946
0.5465	3.0731	0.2068	23.9578	23.8978
0.5470	3.0728	0.2041	23.7214	23.8500
0.5475	3.0727	0.2118	23.7830	23.8076
0.5480	3.0732	0.2052	23.7806	23.7482
0.5485	3.0728	0.2083	23.8264	23.7535
0.5490	3.0730	0.2042	23.9082	23.8093
0.5495	3.0739	0.1949	24.0121	23.8270
0.5500	3.0740	0.1907	24.0185	23.8400
0.5505	3.0736	0.2009	24.0465	23.8534
0.5510	3.0730	0.2083	24.1431	23.8135
0.5515	3.0737	0.2010	24.2308	23.8079
0.5520	3.0747	0.1944	24.2278	23.8398
0.5525	3.0746	0.1906	24.2157	23.8778
0.5530	3.0745	0.1959	24.2821	23.8631
0.5535	3.0741	0.1964	24.3877	23.8480
0.5540	3.0738	0.1991	24.3895	23.8166
0.5545	3.0735	0.2021	24.3285	23.7772
0.5550	3.0722	0.2092	24.3489	23.7203
0.5555	3.0718	0.2163	24.4312	23.6875
0.5560	3.0719	0.2225	24.4474	23.6734
0.5565	3.0713	0.2276	24.3915	23.7269
0.5570	3.0705	0.2354	24.3730	23.7523
0.5575	3.0693	0.2422	24.4354	23.7655
0.5580	3.0693	0.2508	24.4522	23.7381
0.5585	3.0683	0.2558	24.3453	23.6898
0.5590	3.0673	0.2629	24.2765	23.6594
0.5595	3.0675	0.2685	24.2881	23.6584
0.5600	3.0670	0.2693	24.3004	23.6729
0.5605	3.0676	0.2638	24.1644	23.6839
0.5610	3.0676	0.2628	24.0509	23.7450
0.5615	3.0679	0.2608	24.0052	23.8343
0.5620	3.0678	0.2650	24.0539	23.8853
0.5625	3.0670	0.2705	23.8383	23.9055
0.5630	3.0669	0.2690	23.5353	23.9017
0.5635	3.0668	0.2750	23.5800	23.8704
0.5640	3.0663	0.2776	23.5972	23.8307
0.5645	3.0667	0.2768	23.4987	23.7869
0.5650	3.0662	0.2781	23.3446	23.7700
0.5655	3.0671	0.2682	23.0081	23.7813
0.5660	3.0681	0.2613	22.9566	23.7731
0.5665	3.0661	0.2736	23.0428	23.8367
0.5670	3.0668	0.2753	22.9278	23.9116
0.5675	3.0673	0.2680	23.0161	23.8758
0.5680	3.0699	0.2442	23.1593	23.8237
0.5685	3.0705	0.2329	23.2366	23.7466
0.5690	3.0713	0.2258	23.1835	23.7180
0.5695	3.0726	0.2132	23.2190	23.7500
0.5700	3.0723	0.2129	23.3367	23.7403
0.5705	3.0727	0.2128	23.4315	23.7479
0.5710	3.0730	0.2062	23.3876	23.7409
0.5715	3.0733	0.2024	23.3957	23.7595
0.5720	3.0744	0.1949	23.5555	23.7904
0.5725	3.0741	0.1918	23.6774	23.8155
0.5730	3.0744	0.1936	23.6182	23.8269
0.5735	3.0742	0.1924	23.6058	23.8573
0.5740	3.0740	0.1920	23.7698	23.8824
0.5745	3.0739	0.2027	23.9130	23.8797
0.5750	3.0738	0.1968	23.8460	23.8752
0.5755	3.0746	0.1906	23.7912	23.9015
0.5760	3.0735	0.2003	23.9311	23.9137
0.5765	3.0729	0.2031	24.0900	23.8821
0.5770	3.0723	0.2121	24.0330	23.8562
0.5775	3.0724	0.2110	23.9172	23.8175
0.5780	3.0724	0.2120	24.0144	23.8174
0.5785	3.0727	0.2130	24.1972	23.8512
0.5790	3.0725	0.2077	24.1526	23.8748
0.5795	3.0729	0.2090	24.0101	23.8775
0.5800	3.0720	0.2170	24.1006	23.8576
0.5805	3.0724	0.2110	24.3169	23.7911
0.5810	3.0723	0.2134	24.3082	23.7225
0.5815	3.0702	0.2278	24.1241	23.7000
0.5820	3.0692	0.2439	24.1463	23.7157
0.5825	3.0682	0.2575	24.3657	23.7629
0.5830	3.0675	0.2645	24.3838	23.8066
0.5835	3.0664	0.2782	24.1101	23.8229
0.5840	3.0671	0.2703	23.6359	23.7718
0.5845	3.0661	0.2836	23.7840	23.7505
0.5850	3.0663	0.2748	23.9200	23.8030
0.5855	3.0659	0.2822	23.7579	23.8079
0.5860	3.0654	0.2887	23.7487	23.7889
0.5865	3.0652	0.2881	23.9819	23.7624
0.5870	3.0660	0.2825	24.1068	23.7313
0.5875	3.0663	0.2797	23.9814	23.7470
0.5880	3.0671	0.2729	23.9416	23.7475
0.5885	3.0685	0.2570	24.1617	23.7475
0.5890	3.0694	0.2474	24.3459	23.7070
0.5895	3.0701	0.2395	24.2451	23.6536
0.5900	3.0701	0.2346	24.1292	23.6044
0.5905	3.0717	0.2223	24.2876	23.6613
0.5910	3.0719	0.2135	24.4889	23.7343
0.5915	3.0725	0.2084	24.4205	23.7544
0.5920	3.0725	0.2183	24.2595	23.7701
0.5925	3.0725	0.2120	24.3506	23.7472
0.5930	3.0718	0.2134	24.5391	23.7019
0.5935	3.0719	0.2130	24.4903	23.6323
0.5940	3.0722	0.2141	24.3252	23.6035
0.5945	3.0726	0.2136	24.3467	23.6035
0.5950	3.0720	0.2207	24.5324	23.6330
0.5955	3.0720	0.2212	24.5117	23.6662
0.5960	3.0719	0.2160	24.3078	23.6846
0.5965	3.0720	0.2151	24.2489	23.7068
0.5970	3.0725	0.2137	24.3781	23.7224
0.5975	3.0724	0.2115	24.3681	23.7198
0.5980	3.0717	0.2187	24.1561	23.8056
0.5985	3.0719	0.2171	24.0163	23.8270
0.5990	3.0716	0.2209	24.1117	23.8042
0.5995	3.0709	0.2279	24.1107	23.7979
0.6000	3.0707	0.2270	23.9014	23.7948
0.6005	3.0709	0.2304	23.7146	23.8128
0.6010	3.0703	0.2335	23.8186	23.7844
0.6015	3.0700	0.2348	23.7131	23.7297
0.6020	3.0700	0.2331	23.5233	23.6978
0.6025	3.0704	0.2332	23.4552	23.6685
0.6030	3.0699	0.2343	23.4183	23.6488
0.6035	3.0696	0.2440	23.4725	23.7051
0.6040	3.0694	0.2431	23.2398	23.7929
0.6045	3.0689	0.2535	22.9048	23.8723
0.6050	3.0685	0.2492	22.9984	23.9146
0.6055	3.0683	0.2558	23.1596	23.8913
0.6060	3.0683	0.2536	23.1358	23.8581
0.6065	3.0679	0.2602	23.0995	23.8170
0.6070	3.0674	0.2680	23.2074	23.8004
0.6075	3.0674	0.2682	23.3624	23.8003
0.6080	3.0671	0.2696	23.3487	23.8074
0.6085	3.0672	0.2699	23.3026	23.8124
0.6090	3.0675	0.2653	23.4001	23.8128
0.6095	3.0681	0.2659	23.5481	23.8258
0.6100	3.0683	0.2590	23.5601	23.8173
0.6105	3.0690	0.2519	23.5108	23.8653
0.6110	3.0687	0.2527	23.5940	23.8913
0.6115	3.0677	0.2623	23.7461	23.8877
0.6120	3.0681	0.2634	23.7859	23.9031
0.6125	3.0679	0.2595	23.7435	23.9088
0.6130	3.0679	0.2658	23.8099	23.8938
0.6135	3.0675	0.2684	23.9424	23.8572
0.6140	3.0684	0.2602	23.9628	23.7862
0.6145	3.0693	0.2488	23.8925	23.7215
0.6150	3.0703	0.2401	23.9528	23.6979
0.6155	3.0715	0.2234	24.0583	23.6964
0.6160	3.0713	0.2232	24.0620	23.7078
0.6165	3.0732	0.2059	23.9876	23.6935
0.6170	3.0736	0.2033	24.0477	23.7087
0.6175	3.0740	0.1959	24.1349	23.7315
0.6180	3.0741	0.1903	24.1834	23.7949
0.6185	3.0750	0.1885	24.1158	23.8074
0.6190	3.0743	0.1943	24.1685	23.8376
0.6195	3.0740	0.1888	24.1977	23.8269
0.6200	3.0740	0.1963	24.2873	23.8483
0.6205	3.0745	0.1895	23.6721	23.8681
0.6210	3.0748	0.1905	23.3413	23.8291
0.6215	3.0741	0.1925	23.5870	23.7880
0.6220	3.0738	0.1979	23.6126	23.7593
0.6225	3.0736	0.2015	23.6551	23.7659
0.6230	3.0734	0.2042	23.6792	23.7744
0.6235	3.0733	0.1993	23.8167	23.8097
0.6240	3.0731	0.2046	23.8674	23.8289
0.6245	3.0727	0.2100	23.9034	23.8363
0.6250	3.0727	0.2128	23.9242	23.8396
0.6255	3.0718	0.2221	24.0097	23.8444
0.6260	3.0711	0.2236	24.0654	23.8396
0.6265	3.0698	0.2368	24.0778	23.8193
0.6270	3.0695	0.2417	24.1294	23.8074
0.6275	3.0688	0.2467	24.2566	23.7920
0.6280	3.0683	0.2549	24.2951	23.8014
0.6285	3.0680	0.2596	24.2524	23.8085
0.6290	3.0676	0.2634	24.2347	23.8213
0.6295	3.0672	0.2652	24.3135	23.8205
0.6300	3.0677	0.2680	24.3844	23.8144
0.6305	3.0669	0.2732	24.3551	23.8164
0.6310	3.0670	0.2710	24.3125	23.8186
0.6315	3.0669	0.2671	24.3602	23.8296
0.6320	3.0680	0.2591	24.4153	23.8242
0.6325	3.0676	0.2613	24.3815	23.8528
0.6330	3.0684	0.2570	24.3133	23.9312
0.6335	3.0690	0.2528	24.3165	23.9606
0.6340	3.0686	0.2466	24.3351	23.9737
0.6345	3.0693	0.2478	24.2909	23.9112
0.6350	3.0692	0.2443	24.1892	23.8568
0.6355	3.0702	0.2454	24.1208	23.9138
0.6360	3.0694	0.2478	24.1045	23.9111
0.6365	3.0697	0.2465	24.0706	23.9135
0.6370	3.0712	0.2260	23.9410	23.9191
0.6375	3.0731	0.2091	23.8281	23.9228
0.6380	3.0738	0.1941	23.8162	23.9257
0.6385	3.0747	0.1924	23.8063	23.9233
0.6390	3.0743	0.1888	23.6408	23.9035
0.6395	3.0742	0.1947	23.1731	23.8847
0.6400	3.0742	0.1951	23.1905	23.8890
0.6405	3.0745	0.1950	23.2582	23.8858
0.6410	3.0745	0.1955	23.1745	23.9204
0.6415	3.0737	0.1978	23.1368	23.9326
0.6420	3.0740	0.2028	23.0274	23.9541
0.6425	3.0741	0.1983	23.0162	24.0193
0.6430	3.0740	0.1977	23.0862	23.9593
0.6435	3.0743	0.1919	23.0251	23.8838
0.6440	3.0738	0.1933	23.1092	23.8479
0.6445	3.0742	0.1948	23.2495	23.8886
0.6450	3.0741	0.1936	23.2982	23.8908
0.6455	3.0745	0.1880	23.2599	23.9397
0.6460	3.0758	0.1768	23.3276	23.9653
0.6465	3.0762	0.1708	23.4636	23.9515
0.6470	3.0752	0.1811	23.5192	23.8982
0.6475	3.0749	0.1852	23.4734	23.8603
0.6480	3.0752	0.1862	23.5051	23.8944
0.6485	3.0747	0.1818	23.6530	23.9161
0.6490	3.0749	0.1929	23.7520	23.9399
0.6495	3.0735	0.1971	23.7144	23.9604
0.6500	3.0731	0.2029	23.7136	23.9923
0.6505	3.0725	0.2145	23.8540	24.0269
0.6510	3.0723	0.2145	23.9756	24.0483
0.6515	3.0712	0.2233	23.9260	24.0164
0.6520	3.0711	0.2307	23.8671	23.9564
0.6525	3.0710	0.2269	23.9830	23.8578
0.6530	3.0709	0.2282	24.1076	23.7810
0.6535	3.0699	0.2404	24.0524	23.7205
0.6540	3.0696	0.2404	23.9686	23.7110
0.6545	3.0691	0.2476	24.0379	23.6926
0.6550	3.0682	0.2561	24.1869	23.7071
0.6555	3.0677	0.2662	24.1824	23.7108
0.6560	3.0672	0.2670	24.0972	23.7162
0.6565	3.0687	0.2599	24.1339	23.6996
0.6570	3.0687	0.2464	24.2558	23.7348
0.6575	3.0697	0.2476	24.0722	23.8412
0.6580	3.0693	0.2441	24.0190	23.8177
0.6585	3.0696	0.2473	24.0032	23.8186
0.6590	3.0695	0.2473	24.0758	23.7809
0.6595	3.0687	0.2462	24.0864	23.7619
0.6600	3.0685	0.2535	24.0073	23.7814
0.6605	3.0700	0.2371	23.9531	23.8065
0.6610	3.0714	0.2287	23.8918	23.8277
0.6615	3.0713	0.2178	23.7845	23.8671
0.6620	3.0733	0.2074	23.8371	23.8837
0.6625	3.0725	0.2157	23.8479	23.8839
0.6630	3.0727	0.2103	23.8923	23.9168
0.6635	3.0721	0.2178	24.0107	23.9263
0.6640	3.0732	0.2042	24.0879	23.9176
0.6645	3.0728	0.2052	24.0951	23.8583
0.6650	3.0732	0.2059	24.1034	23.7923
0.6655	3.0717	0.2186	24.1781	23.7675
0.6660	3.0715	0.2169	24.2395	23.7712
0.6665	3.0724	0.2151	24.2234	23.7868
0.6670	3.0718	0.2152	24.2209	23.8173
0.6675	3.0719	0.2134	24.2896	23.7768
0.6680	3.0722	0.2204	24.3454	23.7324
0.6685	3.0726	0.2070	24.2949	23.6798
0.6690	3.0729	0.2098	24.2397	23.6486
0.6695	3.0731	0.2070	24.2969	23.6438
0.6700	3.0723	0.2126	24.3739	23.7041
0.6705	3.0720	0.2113	24.3300	23.8531
0.6710	3.0725	0.2142	24.2194	23.9440
0.6715	3.0723	0.2064	24.2193	24.0034
0.6720	3.0726	0.2094	24.2907	23.9939
0.6725	3.0728	0.2157	24.2403	24.0152
0.6730	3.0725	0.2161	24.0647	23.9985
0.6735	3.0721	0.2116	23.9908	23.9739
0.6740	3.0716	0.2135	24.0538	23.9361
0.6745	3.0717	0.2216	24.0192	23.9303
0.6750	3.0714	0.2245	23.8348	23.9534
0.6755	3.0704	0.2316	23.7227	23.9795
0.6760	3.0697	0.2429	23.7606	23.9617
0.6765	3.0689	0.2467	23.7606	23.9419
0.6770	3.0685	0.2569	23.4729	23.9720
0.6775	3.0674	0.2608	22.7934	23.9412
0.6780	3.0674	0.2655	22.8962	23.9034
0.6785	3.0670	0.2696	22.9990	23.8832
0.6790	3.0673	0.2723	22.8352	23.8529
0.6795	3.0671	0.2706	22.7881	23.7608
0.6800	3.0673	0.2655	22.9844	23.7144
0.6805	3.0686	0.2575	23.1603	23.6948
0.6810	3.0687	0.2531	23.0292	23.7131
0.6815	3.0684	0.2545	22.9409	23.6954
0.6820	3.0689	0.2499	23.1379	23.7255
0.6825	3.0689	0.2451	23.3748	23.7484
0.6830	3.0694	0.2490	23.3055	23.7965
0.6835	3.0700	0.2419	23.1713	23.8029
0.6840	3.0706	0.2321	23.3257	23.8517
0.6845	3.0705	0.2351	23.5770	23.8528
0.6850	3.0704	0.2374	23.5539	23.8416
0.6855	3.0713	0.2260	23.4085	23.8462
0.6860	3.0710	0.2319	23.5010	23.8561
0.6865	3.0712	0.2285	23.7730	23.8671
0.6870	3.0720	0.2151	23.8231	23.8758
0.6875	3.0720	0.2159	23.6483	23.9102
0.6880	3.0720	0.2174	23.6835	23.9433
0.6885	3.0718	0.2184	23.9718	23.9438
0.6890	3.0717	0.2197	24.0553	23.9064
0.6895	3.0721	0.2183	23.8445	23.8503
0.6900	3.0719	0.2132	23.8181	23.7775
0.6905	3.0725	0.2134	24.0981	23.6987
0.6910	3.0722	0.2155	24.1951	23.6561
0.6915	3.0720	0.2169	23.9799	23.6540
0.6920	3.0727	0.2124	23.9183	23.6709
0.6925	3.0733	0.2042	24.1733	23.7090
0.6930	3.0728	0.2032	24.3091	23.7838
0.6935	3.0725	0.2127	24.1342	23.8384
0.6940	3.0720	0.2092	24.0174	23.8331
0.6945	3.0724	0.2132	24.2288	23.8151
0.6950	3.0733	0.2073	24.3885	23.7693
0.6955	3.0727	0.2056	24.0810	23.7633
0.6960	3.0726	0.2092	23.9590	23.7671
0.6965	3.0724	0.2166	24.0440	23.7693
0.6970	3.0721	0.2168	24.2781	23.8093
0.6975	3.0723	0.2149	24.1446	23.8071
0.6980	3.0723	0.2157	23.9384	23.8180
0.6985	3.0715	0.2204	23.9649	23.9474
0.6990	3.0716	0.2170	24.0925	23.9966
0.6995	3.0714	0.2222	23.9268	24.0219
0.7000	3.0714	0.2267	23.7144	24.0009
0.7005	3.0715	0.2235	23.8629	23.9742
0.7010	3.0711	0.2237	24.1089	23.9274
0.7015	3.0711	0.2254	24.1385	23.8772
0.7020	3.0700	0.2334	23.9861	23.8227
0.7025	3.0692	0.2442	24.0580	23.7714
0.7030	3.0682	0.2547	24.2733	23.7651
0.7035	3.0675	0.2639	24.3081	23.7888
0.7040	3.0677	0.2637	24.1611	23.8251
0.7045	3.0679	0.2604	24.1882	23.8810
0.7050	3.0682	0.2556	24.3776	23.9383
0.7055	3.0691	0.2478	24.4178	23.9793
0.7060	3.0699	0.2453	24.2527	23.9406
0.7065	3.0699	0.2444	24.2172	23.8362
0.7070	3.0692	0.2515	24.3870	23.7682
0.7075	3.0691	0.2490	24.4651	23.7450
0.7080	3.0696	0.2390	24.3148	23.7896
0.7085	3.0703	0.2397	24.2164	23.8521
0.7090	3.0705	0.2353	24.3182	23.9123
0.7095	3.0718	0.2231	24.4015	23.9321
0.7100	3.0715	0.2210	24.2405	23.9511
0.7105	3.0723	0.2077	24.0859	23.9805
0.7110	3.0728	0.2059	24.1100	23.9664
0.7115	3.0733	0.2063	24.1838	23.9485
0.7120	3.0736	0.2016	24.0356	23.8736
0.7125	3.0732	0.2049	23.8599	23.8248
0.7130	3.0728	0.2084	23.8267	23.8257
0.7135	3.0726	0.2140	23.9316	23.8474
0.7140	3.0725	0.2124	23.7674	23.8805
0.7145	3.0718	0.2142	23.6164	23.8838
0.7150	3.0718	0.2195	23.1207	23.8742
0.7155	3.0717	0.2221	22.8891	23.8414
0.7160	3.0724	0.2166	22.9887	23.8173
0.7165	3.0724	0.2118	22.8243	23.8237
0.7170	3.0728	0.2035	22.9000	23.8402
0.7175	3.0731	0.2091	23.0656	23.8677
0.7180	3.0723	0.2130	23.0911	23.8622
0.7185	3.0721	0.2097	22.9869	23.8312
0.7190	3.0726	0.2140	23.0151	23.7629
0.7195	3.0723	0.2155	23.2085	23.7345
0.7200	3.0719	0.2175	23.3265	23.7161
0.7205	3.0716	0.2227	23.2198	23.7006
0.7210	3.0714	0.2225	23.2129	23.6933
0.7215	3.0713	0.2240	23.4088	23.7201
0.7220	3.0709	0.2281	23.5569	23.6851
0.7225	3.0708	0.2308	23.4740	23.7206
0.7230	3.0703	0.2319	23.4146	23.8012
0.7235	3.0703	0.2403	23.5741	23.8080
0.7240	3.0697	0.2425	23.7636	23.8083
0.7245	3.0692	0.2424	23.7290	23.7907
0.7250	3.0700	0.2425	23.6375	23.7603
0.7255	3.0697	0.2452	23.7797	23.7454
0.7260	3.0688	0.2464	23.9971	23.7576
0.7265	3.0682	0.2563	23.9817	23.7679
0.7270	3.0673	0.2667	23.8479	23.7395
0.7275	3.0674	0.2679	23.9297	23.7096
0.7280	3.0672	0.2608	24.1500	23.6616
0.7285	3.0682	0.2623	24.1492	23.6795
0.7290	3.0679	0.2629	23.9627	23.7140
0.7295	3.0686	0.2548	23.9920	23.7751
0.7300	3.0681	0.2613	24.1979	23.8799
0.7305	3.0678	0.2628	24.2609	23.8820
0.7310	3.0682	0.2569	24.1188	23.8310
0.7315	3.0684	0.2516	24.0996	23.7534
0.7320	3.0680	0.2596	24.2680	23.6934
0.7325	3.0683	0.2573	24.3688	23.6356
0.7330	3.0696	0.2466	24.2154	23.6124
0.7335	3.0708	0.2301	24.1521	23.5677
0.7340	3.0710	0.2237	24.1496	23.6230
0.7345	3.0715	0.2210	24.2515	23.6533
0.7350	3.0723	0.2142	24.1372	23.6392
0.7355	3.0727	0.2092	24.0010	23.6940
0.7360	3.0733	0.2086	24.1079	23.7844
0.7365	3.0730	0.2063	24.1773	23.9106
0.7370	3.0727	0.2122	24.0529	23.9394
0.7375	3.0715	0.2287	23.8456	23.9394
0.7380	3.0716	0.2235	23.8742	23.9255
0.7385	3.0709	0.2260	24.0846	23.9292
0.7390	3.0710	0.2305	24.1013	23.9090
0.7395	3.0706	0.2297	23.9667	23.8448
0.7400	3.0708	0.2351	24.0361	23.7624
0.7405	3.0699	0.2385	24.2612	23.7321
0.7410	3.0699	0.2428	24.2976	23.7610
0.7415	3.0699	0.2399	24.1514	23.8077
0.7420	3.0700	0.2387	24.1687	23.8437
0.7425	3.0697	0.2399	24.3689	23.9319
0.7430	3.0700	0.2413	24.4266	23.9634
0.7435	3.0699	0.2437	24.2740	23.8892
0.7440	3.0700	0.2347	24.2179	23.8220
0.7445	3.0696	0.2397	24.3763	23.7393
0.7450	3.0701	0.2403	24.4694	23.6903
0.7455	3.0697	0.2410	24.3550	23.6634
0.7460	3.0693	0.2461	24.2399	23.6500
0.7465	3.0694	0.2431	24.3169	23.6519
0.7470	3.0693	0.2452	24.3865	23.7102
0.7475	3.0687	0.2517	24.2993	23.7966
0.7480	3.0684	0.2534	24.1465	23.8205
0.7485	3.0690	0.2534	24.1302	23.8392
0.7490	3.0685	0.2520	24.1333	23.8168
0.7495	3.0683	0.2561	24.0782	23.7840
0.7500	3.0682	0.2560	23.9274	23.7936
0.7505	3.0671	0.2655	23.9262	23.8136
0.7510	3.0676	0.2748	23.8635	23.8624
0.7515	3.0667	0.2707	23.8339	23.8874
0.7520	3.0658	0.2796	23.4070	23.8785
0.7525	3.0669	0.2752	22.7205	23.8558
0.7530	3.0679	0.2611	22.9083	23.8190
0.7535	3.0690	0.2576	22.9067	23.7771
0.7540	3.0692	0.2452	22.8770	23.7672
0.7545	3.0704	0.2384	22.8800	23.7489
0.7550	3.0704	0.2362	22.9999	23.7388
0.7555	3.0703	0.2385	23.0370	23.7404
0.7560	3.0706	0.2296	23.0074	23.6864
0.7565	3.0712	0.2304	23.0030	23.6595
0.7570	3.0711	0.2256	23.1743	23.6397
0.7575	3.0717	0.2252	23.2482	23.6386
0.7580	3.0709	0.2297	23.2051	23.6474
0.7585	3.0707	0.2311	23.2039	23.6691
0.7590	3.0709	0.2361	23.3817	23.6938
0.7595	3.0708	0.2334	23.5019	23.7060
0.7600	3.0712	0.2244	23.4435	23.7614
0.7605	3.0714	0.2224	23.4030	23.7735
0.7610	3.0719	0.2160	23.5610	23.7393
0.7615	3.0713	0.2200	23.7036	23.7426
0.7620	3.0718	0.2225	23.6694	23.7890
0.7625	3.0711	0.2285	23.6138	23.8228
0.7630	3.0710	0.2226	23.7510	23.8897
0.7635	3.0707	0.2328	23.9321	23.9405
0.7640	3.0707	0.2378	23.9227	23.9895
0.7645	3.0704	0.2384	23.8392	24.0017
0.7650	3.0708	0.2311	23.9120	23.9582
0.7655	3.0699	0.2366	24.0841	23.8806
0.7660	3.0708	0.2281	24.0878	23.8043
0.7665	3.0713	0.2273	23.9587	23.7566
0.7670	3.0721	0.2198	23.9872	23.7399
0.7675	3.0725	0.2134	24.1733	23.7908
0.7680	3.0734	0.1990	24.2179	23.8613
0.7685	3.0736	0.1944	24.0876	23.8615
0.7690	3.0738	0.1970	24.0694	23.8283
0.7695	3.0738	0.1992	24.2527	23.7886
0.7700	3.0736	0.2042	24.3273	23.7702
0.7705	3.0733	0.2076	24.1920	23.7689
0.7710	3.0726	0.2129	24.1215	23.7742
0.7715	3.0721	0.2195	24.2862	23.7870
0.7720	3.0716	0.2220	24.3313	23.8374
0.7725	3.0707	0.2282	24.1949	23.9079
0.7730	3.0703	0.2301	23.8907	23.9140
0.7735	3.0694	0.2383	23.9360	23.9277
0.7740	3.0700	0.2395	24.0787	23.9505
0.7745	3.0705	0.2413	23.9268	23.9647
0.7750	3.0690	0.2484	23.8233	23.9530
0.7755	3.0699	0.2406	23.9399	23.9191
0.7760	3.0703	0.2341	24.1025	23.8657
0.7765	3.0712	0.2288	24.0473	23.8780
0.7770	3.0717	0.2161	23.9562	23.9557
0.7775	3.0728	0.2119	24.0794	23.9383
0.7780	3.0735	0.2075	24.2797	23.8863
0.7785	3.0740	0.1981	24.2468	23.8162
0.7790	3.0731	0.2030	24.1390	23.7946
0.7795	3.0733	0.2035	24.2298	23.7866
0.7800	3.0736	0.2006	24.4054	23.8072
0.7805	3.0729	0.2055	24.3984	23.8203
0.7810	3.0725	0.2121	24.2582	23.8093
0.7815	3.0720	0.2152	24.2800	23.7885
0.7820	3.0723	0.2153	24.4453	23.7588
0.7825	3.0720	0.2138	24.4816	23.7658
0.7830	3.0717	0.2218	24.3385	23.7386
0.7835	3.0709	0.2297	24.2984	23.7758
0.7840	3.0712	0.2271	24.4229	23.8776
0.7845	3.0712	0.2219	24.4483	23.8883
0.7850	3.0711	0.2267	24.2799	23.8640
0.7855	3.0706	0.2277	24.1890	23.8194
0.7860	3.0703	0.2341	24.2534	23.7828
0.7865	3.0710	0.2293	24.2913	23.7791
0.7870	3.0709	0.2258	24.1086	23.7107
0.7875	3.0713	0.2200	23.9717	23.7334
0.7880	3.0715	0.2191	23.9684	23.7609
0.7885	3.0717	0.2243	24.0211	23.7557
0.7890	3.0719	0.2194	23.7614	23.8009
0.7895	3.0711	0.2204	23.4439	23.8820
0.7900	3.0699	0.2361	23.4691	23.8969
0.7905	3.0695	0.2390	23.5147	23.8374
0.7910	3.0700	0.2419	23.2218	23.7542
0.7915	3.0705	0.2378	22.8355	23.6803
0.7920	3.0710	0.2301	22.8187	23.6510
0.7925	3.0725	0.2228	22.9458	23.6427
0.7930	3.0725	0.2092	22.9661	23.6525
0.7935	3.0733	0.2015	22.9282	23.6539
0.7940	3.0735	0.2012	23.0072	23.6591
0.7945	3.0736	0.2018	23.1138	23.6583
0.7950	3.0735	0.1980	23.1486	23.6896
0.7955	3.0727	0.2087	23.1113	23.7143
0.7960	3.0724	0.2122	23.1856	23.7284
0.7965	3.0719	0.2195	23.3204	23.8951
0.7970	3.0712	0.2215	23.3649	23.9004
0.7975	3.0708	0.2254	23.3241	23.8318
0.7980	3.0704	0.2423	23.3787	23.7620
0.7985	3.0696	0.2401	23.5271	23.7312
0.7990	3.0693	0.2434	23.5686	23.7290
0.7995	3.0697	0.2457	23.5145	23.7269
0.8000	3.0698	0.2412	23.5552	23.7662
0.8005	3.0700	0.2381	23.7178	23.7796
0.8010	3.0713	0.2248	23.8132	23.7857
0.8015	3.0726	0.2132	23.7698	23.8478
0.8020	3.0726	0.2080	23.7609	23.8755
0.8025	3.0736	0.2066	23.8814	23.8790
0.8030	3.0738	0.1988	23.9855	23.8905
0.8035	3.0745	0.1956	23.9439	23.8587
0.8040	3.0747	0.1881	23.8946	23.8367
0.8045	3.0748	0.1871	23.9659	23.8424
0.8050	3.0740	0.1940	24.0547	23.8873
0.8055	3.0746	0.1891	24.0368	23.9201
0.8060	3.0743	0.1941	24.0014	23.8950
0.8065	3.0740	0.1944	24.0773	23.8355
0.8070	3.0745	0.1912	24.1949	23.7635
0.8075	3.0747	0.1877	24.1964	23.7110
0.8080	3.0749	0.1915	24.1187	23.7025
0.8085	3.0742	0.1901	24.1306	23.7596
0.8090	3.0744	0.1967	24.2291	23.8580
0.8095	3.0740	0.2025	24.2278	23.8849
0.8100	3.0733	0.1998	24.1299	23.9003
0.8105	3.0725	0.2128	24.0369	23.9084
0.8110	3.0730	0.2104	23.7589	23.9054
0.8115	3.0732	0.2089	23.7357	23.8602
0.8120	3.0725	0.2121	23.6953	23.7951
0.8125	3.0723	0.2118	23.7222	23.7490
0.8130	3.0726	0.2124	23.8508	23.7531
0.8135	3.0726	0.2046	23.9493	23.8038
0.8140	3.0734	0.2018	23.9583	23.8251
0.8145	3.0743	0.2003	23.9720	23.8503
0.8150	3.0729	0.2042	24.0775	23.8665
0.8155	3.0729	0.2118	24.1577	23.8504
0.8160	3.0723	0.2131	24.1535	23.8494
0.8165	3.0729	0.2068	24.1422	23.8758
0.8170	3.0730	0.2080	24.2150	23.9229
0.8175	3.0730	0.2048	24.3147	23.9021
0.8180	3.0735	0.2033	24.3065	23.8617
0.8185	3.0732	0.2040	24.2568	23.8299
0.8190	3.0727	0.2170	24.3170	23.7718
0.8195	3.0715	0.2199	24.3891	23.7207
0.8200	3.0705	0.2301	24.3541	23.6909
0.8205	3.0708	0.2310	24.3082	23.7313
0.8210	3.0706	0.2316	24.3473	23.7835
0.8215	3.0701	0.2360	24.3978	23.8096
0.8220	3.0698	0.2432	24.3504	23.8210
0.8225	3.0693	0.2483	24.2772	23.7697
0.8230	3.0691	0.2470	24.2715	23.7198
0.8235	3.0682	0.2589	24.2798	23.6829
0.8240	3.0684	0.2555	24.2028	23.6828
0.8245	3.0686	0.2557	24.1095	23.6953
0.8250	3.0691	0.2486	24.0548	23.7372
0.8255	3.0695	0.2464	24.0291	23.7952
0.8260	3.0698	0.2419	23.9239	23.8972
0.8265	3.0692	0.2396	23.8567	23.9433
0.8270	3.0694	0.2496	23.6039	23.9560
0.8275	3.0691	0.2517	23.5282	23.9366
0.8280	3.0691	0.2487	23.5179	23.8857
0.8285	3.0694	0.2470	23.4013	23.8516
0.8290	3.0694	0.2438	23.3703	23.8135
0.8295	3.0703	0.2368	23.2076	23.8027
0.8300	3.0712	0.2283	22.8347	23.8323
0.8305	3.0715	0.2215	22.8580	23.8302
0.8310	3.0705	0.2287	22.9117	23.9219
0.8315	3.0700	0.2369	22.9889	23.9645
0.8320	3.0696	0.2430	23.0256	23.9261
0.8325	3.0708	0.2296	23.0382	23.8963
0.8330	3.0717	0.2216	23.0763	23.8263
0.8335	3.0723	0.2158	23.1596	23.8207
0.8340	3.0732	0.2057	23.2477	23.8315
0.8345	3.0726	0.2095	23.2737	23.8122
0.8350	3.0731	0.2031	23.2800	23.7930
0.8355	3.0734	0.2036	23.3520	23.7813
0.8360	3.0732	0.2034	23.4584	23.8193
0.8365	3.0742	0.1962	23.4857	23.8465
0.8370	3.0732	0.1988	23.4689	23.8816
0.8375	3.0726	0.2061	23.5323	23.9170
0.8380	3.0725	0.2077	23.6525	23.9810
0.8385	3.0723	0.2129	23.7167	23.9986
0.8390	3.0731	0.2062	23.7178	23.9363
0.8395	3.0727	0.2130	23.7579	23.8940
0.8400	3.0731	0.2080	23.8424	23.9379
0.8405	3.0724	0.2143	23.8879	23.9323
0.8410	3.0721	0.2205	23.8838	23.9004
0.8415	3.0720	0.2239	23.9092	23.8801
0.8420	3.0711	0.2246	23.9595	23.8949
0.8425	3.0704	0.2332	24.0042	23.9376
0.8430	3.0705	0.2307	23.9874	23.9925
0.8435	3.0715	0.2257	23.9873	24.0090
0.8440	3.0723	0.2157	24.0623	23.9819
0.8445	3.0718	0.2186	24.1359	23.8973
0.8450	3.0720	0.2181	24.1064	23.7911
0.8455	3.0723	0.2193	24.0892	23.7157
0.8460	3.0716	0.2240	24.1480	23.7039
0.8465	3.0710	0.2298	24.2329	23.7387
0.8470	3.0700	0.2412	24.1608	23.8072
0.8475	3.0692	0.2475	24.1350	23.8904
0.8480	3.0691	0.2489	23.9646	23.9168
0.8485	3.0693	0.2489	23.6381	23.8801
0.8490	3.0682	0.2505	23.6939	23.9008
0.8495	3.0692	0.2466	23.6592	23.9099
0.8500	3.0679	0.2593	23.7257	23.8635
0.8505	3.0670	0.2667	23.8488	23.8075
0.8510	3.0674	0.2653	23.8845	23.7501
0.8515	3.0682	0.2558	23.8422	23.7432
0.8520	3.0689	0.2514	23.9202	23.7890
0.8525	3.0699	0.2418	24.0613	23.7516
0.8530	3.0719	0.2192	24.1213	23.7687
0.8535	3.0738	0.2019	24.0795	23.7640
0.8540	3.0742	0.1919	24.1174	23.7147
0.8545	3.0753	0.1809	24.2304	23.6806
0.8550	3.0748	0.1875	24.2904	23.7551
0.8555	3.0755	0.1815	24.2540	23.7895
0.8560	3.0748	0.1853	24.2506	23.8081
0.8565	3.0748	0.1891	24.3225	23.8164
0.8570	3.0742	0.1925	24.3801	23.7885
0.8575	3.0738	0.1972	24.3357	23.7296
0.8580	3.0740	0.1956	24.2945	23.6818
0.8585	3.0740	0.1959	24.3612	23.6634
0.8590	3.0734	0.2028	24.4120	23.6609
0.8595	3.0728	0.2024	24.3503	23.6782
0.8600	3.0725	0.2045	24.2839	23.7152
0.8605	3.0729	0.2148	24.3105	23.7053
0.8610	3.0729	0.2030	24.3282	23.7474
0.8615	3.0726	0.2076	24.2294	23.7631
0.8620	3.0719	0.2195	24.1122	23.7910
0.8625	3.0717	0.2230	24.1072	23.8752
0.8630	3.0713	0.2243	24.1134	23.8614
0.8635	3.0709	0.2230	24.0021	23.8562
0.8640	3.0717	0.2244	23.8490	23.8338
0.8645	3.0709	0.2301	23.8264	23.8258
0.8650	3.0710	0.2303	23.8293	23.8000
0.8655	3.0699	0.2375	23.7298	23.7598
0.8660	3.0701	0.2378	23.4112	23.7275
0.8665	3.0697	0.2333	23.4465	23.7026
0.8670	3.0704	0.2360	23.5117	23.6895
0.8675	3.0699	0.2424	23.3461	23.7083
0.8680	3.0697	0.2448	23.1894	23.7901
0.8685	3.0690	0.2496	23.0356	23.8627
0.8690	3.0684	0.2538	22.9839	23.9216
0.8695	3.0690	0.2472	23.0421	23.9194
0.8700	3.0684	0.2559	22.9551	23.8657
0.8705	3.0682	0.2545	22.9975	23.8318
0.8710	3.0676	0.2578	23.1905	23.7972
0.8715	3.0677	0.2611	23.2703	23.7896
0.8720	3.0675	0.2685	23.1787	23.7996
0.8725	3.0673	0.2644	23.2094	23.8133
0.8730	3.0680	0.2605	23.4118	23.8201
0.8735	3.0681	0.2623	23.4872	23.8099
0.8740	3.0685	0.2552	23.3793	23.8180
0.8745	3.0690	0.2504	23.3708	23.8343
0.8750	3.0691	0.2443	23.5657	23.8759
0.8755	3.0692	0.2481	23.7093	23.8742
0.8760	3.0688	0.2531	23.6522	23.8715
0.8765	3.0672	0.2612	23.6070	23.8910
0.8770	3.0668	0.2732	23.7637	23.8811
0.8775	3.0670	0.2715	23.9335	23.8705
0.8780	3.0674	0.2663	23.8708	23.8307
0.8785	3.0689	0.2528	23.7784	23.7563
0.8790	3.0698	0.2405	23.8877	23.7053
0.8795	3.0706	0.2269	24.0520	23.6696
0.8800	3.0709	0.2307	24.0053	23.6775
0.8805	3.0718	0.2225	23.9016	23.6759
0.8810	3.0727	0.2125	23.9621	23.7113
0.8815	3.0724	0.2101	24.1495	23.7365
0.8820	3.0731	0.2053	24.1394	23.7882
0.8825	3.0735	0.1984	24.0290	23.8174
0.8830	3.0736	0.1971	24.0561	23.8182
0.8835	3.0734	0.2028	24.2563	23.8230
0.8840	3.0728	0.2099	24.2175	23.8083
0.8845	3.0732	0.2059	24.1100	23.8336
0.8850	3.0737	0.1924	23.5010	23.7946
0.8855	3.0742	0.1921	23.4679	23.7453
0.8860	3.0743	0.1939	23.6233	23.6945
0.8865	3.0745	0.1967	23.4795	23.6967
0.8870	3.0737	0.1933	23.5633	23.7075
0.8875	3.0745	0.1882	23.7745	23.7431
0.8880	3.0748	0.1897	23.8933	23.7782
0.8885	3.0745	0.1891	23.7627	23.7971
0.8890	3.0747	0.1897	23.7709	23.8201
0.8895	3.0746	0.1894	23.9703	23.8126
0.8900	3.0749	0.1869	24.1239	23.8060
0.8905	3.0740	0.1942	24.0317	23.7625
0.8910	3.0738	0.2022	23.9922	23.7277
0.8915	3.0733	0.2000	24.1704	23.7036
0.8920	3.0730	0.2092	24.3281	23.7095
0.8925	3.0715	0.2221	24.2297	23.7264
0.8930	3.0713	0.2216	24.1332	23.7636
0.8935	3.0708	0.2323	24.2763	23.7948
0.8940	3.0707	0.2307	24.4555	23.8128
0.8945	3.0699	0.2405	24.3855	23.8124
0.8950	3.0691	0.2423	24.2269	23.7842
0.8955	3.0693	0.2432	24.2752	23.7695
0.8960	3.0698	0.2450	24.4692	23.7461
0.8965	3.0700	0.2401	24.4591	23.7251
0.8970	3.0699	0.2406	24.2833	23.7651
0.8975	3.0702	0.2325	24.2628	23.8410
0.8980	3.0707	0.2355	24.4178	23.8642
0.8985	3.0704	0.2322	24.4152	23.8903
0.8990	3.0711	0.2254	24.1997	23.8306
0.8995	3.0719	0.2157	24.0865	23.8379
0.9000	3.0727	0.2118	24.2227	23.8799
0.9005	3.0725	0.2122	24.2253	23.8540
0.9010	3.0731	0.2059	23.9738	23.8320
0.9015	3.0742	0.1950	23.8033	23.8225
0.9020	3.0746	0.1918	23.9313	23.8283
0.9025	3.0751	0.1853	23.9456	23.8407
0.9030	3.0746	0.1884	23.7366	23.8494
0.9035	3.0741	0.1915	23.4409	23.8508
0.9040	3.0739	0.1968	23.2040	23.8515
0.9045	3.0734	0.1974	23.3811	23.8578
0.9050	3.0740	0.1991	23.2487	23.8466
0.9055	3.0735	0.1993	23.0308	23.8601
0.9060	3.0738	0.2024	23.1405	23.8272
0.9065	3.0739	0.1967	23.2079	23.8752
0.9070	3.0738	0.1989	23.0831	23.8822
0.9075	3.0738	0.2018	22.9392	23.8157
0.9080	3.0743	0.2000	22.9964	23.7649
0.9085	3.0738	0.2001	23.3032	23.7776
0.9090	3.0741	0.1947	23.3534	23.8319
0.9095	3.0745	0.1845	23.1784	23.8686
0.9100	3.0752	0.1806	23.2028	23.8987
0.9105	3.0758	0.1726	23.4959	23.8998
0.9110	3.0766	0.1671	23.5800	23.8608
0.9115	3.0763	0.1711	23.4088	23.7749
0.9120	3.0753	0.1790	23.4120	23.7486
0.9125	3.0756	0.1783	23.6824	23.7770
0.9130	3.0749	0.1870	23.8151	23.8178
0.9135	3.0742	0.1958	23.6618	23.8588
0.9140	3.0738	0.2033	23.5958	23.8988
0.9145	3.0730	0.2033	23.8557	23.9497
0.9150	3.0716	0.2160	24.0559	23.9967
0.9155	3.0712	0.2266	23.9274	23.9924
0.9160	3.0703	0.2362	23.8061	23.9392
0.9165	3.0689	0.2472	23.9886	23.8553
0.9170	3.0688	0.2524	24.1910	23.7502
0.9175	3.0687	0.2493	24.0806	23.6641
0.9180	3.0682	0.2608	23.9147	23.6226
0.9185	3.0675	0.2635	24.0416	23.5966
0.9190	3.0662	0.2799	24.2714	23.6128
0.9195	3.0658	0.2832	24.2189	23.6380
0.9200	3.0647	0.2927	24.0448	23.6482
0.9205	3.0652	0.2878	24.1034	23.6568
0.9210	3.0675	0.2694	24.3545	23.6267
0.9215	3.0683	0.2585	24.3190	23.6811
0.9220	3.0696	0.2498	23.9415	23.7397
0.9225	3.0700	0.2378	23.9661	23.7009
0.9230	3.0703	0.2343	24.1537	23.6920
0.9235	3.0700	0.2375	24.2369	23.6599
0.9240	3.0699	0.2438	24.0250	23.6770
0.9245	3.0703	0.2341	23.9112	23.7053
0.9250	3.0714	0.2249	24.0557	23.7520
0.9255	3.0720	0.2126	24.0072	23.7978
0.9260	3.0735	0.2049	23.7247	23.8382
0.9265	3.0739	0.1969	23.7403	23.8458
0.9270	3.0732	0.2011	23.9429	23.8475
0.9275	3.0732	0.2023	24.1193	23.8097
0.9280	3.0732	0.2056	24.0271	23.7801
0.9285	3.0736	0.1977	23.9618	23.7864
0.9290	3.0736	0.1995	24.1220	23.7528
0.9295	3.0734	0.2003	24.3082	23.6986
0.9300	3.0725	0.2118	24.2529	23.6961
0.9305	3.0729	0.2068	24.1306	23.7212
0.9310	3.0735	0.2031	24.2277	23.7589
0.9315	3.0731	0.2058	24.3978	23.7683
0.9320	3.0733	0.2078	24.3602	23.7234
0.9325	3.0729	0.2020	24.2384	23.6588
0.9330	3.0737	0.1957	24.2861	23.5755
0.9335	3.0741	0.1966	24.4312	23.5518
0.9340	3.0745	0.1878	24.4154	23.5329
0.9345	3.0745	0.1891	24.2809	23.6174
0.9350	3.0745	0.1914	24.2634	23.7742
0.9355	3.0739	0.1943	24.3610	23.8799
0.9360	3.0736	0.1920	24.3575	23.9461
0.9365	3.0731	0.2087	24.2064	23.9623
0.9370	3.0727	0.2050	24.1321	23.9733
0.9375	3.0723	0.2160	24.1670	23.9627
0.9380	3.0717	0.2183	24.1572	23.9277
0.9385	3.0719	0.2191	24.0129	23.8695
0.9390	3.0712	0.2262	23.9007	23.8455
0.9395	3.0700	0.2337	23.8872	23.8548
0.9400	3.0702	0.2374	23.8954	23.8628
0.9405	3.0698	0.2422	23.7461	23.8469
0.9410	3.0691	0.2437	23.6330	23.8591
0.9415	3.0691	0.2508	23.4117	23.8886
0.9420	3.0684	0.2533	22.9189	23.8723
0.9425	3.0677	0.2593	22.9607	23.8519
0.9430	3.0676	0.2621	22.8383	23.8408
0.9435	3.0679	0.2618	22.8318	23.8105
0.9440	3.0676	0.2574	22.9675	23.7254
0.9445	3.0684	0.2497	23.0772	23.6818
0.9450	3.0688	0.2472	23.0320	23.6445
0.9455	3.0686	0.2528	23.0013	23.6204
0.9460	3.0687	0.2528	23.1330	23.6145
0.9465	3.0693	0.2453	23.2616	23.6582
0.9470	3.0693	0.2433	23.2518	23.6987
0.9475	3.0702	0.2382	23.2267	23.7459
0.9480	3.0708	0.2304	23.3421	23.7641
0.9485	3.0717	0.2189	23.4982	23.8085
0.9490	3.0716	0.2239	23.4877	23.7884
0.9495	3.0717	0.2197	23.4388	23.7563
0.9500	3.0715	0.2191	23.5465	23.7807
0.9505	3.0716	0.2181	23.6836	23.8052
0.9510	3.0730	0.1995	23.6825	23.8034
0.9515	3.0736	0.2038	23.6497	23.8034
0.9520	3.0729	0.2059	23.7523	23.8220
0.9525	3.0730	0.2063	23.9052	23.8600
0.9530	3.0732	0.2024	23.9387	23.8760
0.9535	3.0728	0.2085	23.8790	23.8576
0.9540	3.0721	0.2147	23.9214	23.8128
0.9545	3.0723	0.2139	24.0452	23.7367
0.9550	3.0717	0.2172	24.0761	23.6710
0.9555	3.0718	0.2177	24.0035	23.6205
0.9560	3.0721	0.2195	24.0200	23.6129
0.9565	3.0720	0.2163	24.1248	23.6198
0.9570	3.0722	0.2129	24.1914	23.6532
0.9575	3.0722	0.2160	24.1335	23.7282
0.9580	3.0722	0.2112	24.1193	23.7702
0.9585	3.0724	0.2102	24.1840	23.7588
0.9590	3.0731	0.2100	24.3030	23.7406
0.9595	3.0733	0.2015	24.1846	23.7092
0.9600	3.0732	0.2049	24.0047	23.7117
0.9605	3.0730	0.2032	24.1240	23.7202
0.9610	3.0728	0.2154	24.1192	23.7610
0.9615	3.0723	0.2136	24.1194	23.7855
0.9620	3.0721	0.2219	24.0242	23.7761
0.9625	3.0720	0.2206	24.0682	23.7843
0.9630	3.0714	0.2236	24.0456	23.9065
0.9635	3.0716	0.2202	23.9545	23.9583
0.9640	3.0715	0.2271	23.7818	23.9663
0.9645	3.0713	0.2247	23.8548	23.9308
0.9650	3.0709	0.2259	23.9738	23.9004
0.9655	3.0711	0.2269	23.9963	23.8725
0.9660	3.0711	0.2251	24.0156	23.8178
0.9665	3.0702	0.2411	24.0913	23.7887
0.9670	3.0684	0.2451	24.1911	23.7372
0.9675	3.0681	0.2543	24.1982	23.7376
0.9680	3.0676	0.2667	24.1598	23.7500
0.9685	3.0676	0.2682	24.2065	23.8044
0.9690	3.0677	0.2629	24.3107	23.8454
0.9695	3.0680	0.2599	24.3159	23.8994
0.9700	3.0688	0.2549	24.2462	23.9329
0.9705	3.0689	0.2490	24.2497	23.8841
0.9710	3.0694	0.2451	24.3494	23.7965
0.9715	3.0683	0.2629	24.3744	23.7338
0.9720	3.0683	0.2589	24.2950	23.7228
0.9725	3.0689	0.2501	24.2543	23.7619
0.9730	3.0692	0.2430	24.3074	23.8360
0.9735	3.0705	0.2319	24.3120	23.8808
0.9740	3.0712	0.2235	24.2247	23.9006
0.9745	3.0718	0.2248	24.1566	23.8991
0.9750	3.0731	0.2069	24.1724	23.9174
0.9755	3.0735	0.2062	24.1295	23.9037
0.9760	3.0735	0.1982	24.0143	23.8901
0.9765	3.0741	0.1944	23.9045	23.8439
0.9770	3.0735	0.1989	23.9022	23.8068
0.9775	3.0731	0.2050	23.8721	23.7892
0.9780	3.0730	0.2054	23.7692	23.8296
0.9785	3.0725	0.2083	23.6217	23.8842
0.9790	3.0727	0.2130	23.6355	23.8690
0.9795	3.0723	0.2186	23.0428	23.8512
0.9800	3.0719	0.2210	22.7609	23.7855
0.9805	3.0723	0.2166	22.8026	23.7709
0.9810	3.0723	0.2149	22.8455	23.7776
0.9815	3.0725	0.2125	23.0145	23.7938
0.9820	3.0716	0.2172	22.9956	23.8420
0.9825	3.0713	0.2234	22.9098	23.8550
0.9830	3.0715	0.2186	22.9703	23.8454
0.9835	3.0721	0.2137	23.1155	23.7865
0.9840	3.0719	0.2140	23.1764	23.7338
0.9845	3.0721	0.2211	23.1505	23.7082
0.9850	3.0723	0.2119	23.1582	23.6740
0.9855	3.0725	0.2086	23.2937	23.6366
0.9860	3.0724	0.2130	23.4028	23.6487
0.9865	3.0726	0.2077	23.4161	23.6336
0.9870	3.0728	0.2034	23.3994	23.6656
0.9875	3.0725	0.2103	23.4621	23.7801
0.9880	3.0716	0.2227	23.5589	23.8117
0.9885	3.0703	0.2369	23.5902	23.8476
0.9890	3.0694	0.2401	23.6183	23.8270
0.9895	3.0698	0.2403	23.7278	23.7863
0.9900	3.0694	0.2464	23.8171	23.7408
0.9905	3.0683	0.2543	23.8125	23.7107
0.9910	3.0675	0.2664	23.8070	23.7185
0.9915	3.0674	0.2733	23.8979	23.6941
0.9920	3.0668	0.2706	23.9804	23.6547
0.9925	3.0672	0.2687	23.9654	23.6323
0.9930	3.0676	0.2661	23.9401	23.6716
0.9935	3.0677	0.2626	24.0185	23.7195
0.9940	3.0686	0.2613	24.0904	23.8017
0.9945	3.0680	0.2639	24.0522	23.9055
0.9950	3.0675	0.2649	24.0240	23.8922
0.9955	3.0678	0.2640	24.1069	23.8403
0.9960	3.0680	0.2567	24.2006	23.7460
0.9965	3.0684	0.2575	24.1617	23.6701
0.9970	3.0683	0.2564	24.1195	23.6046
0.9975	3.0696	0.2458	24.1813	23.5823
0.9980	3.0704	0.2304	24.2450	23.5723
0.9985	3.0708	0.2301	24.0499	23.6181
0.9990	3.0713	0.2245	24.0121	23.6751
0.9995	3.0713	0.2188	24.0424	23.6750
1.0000	3.0717	0.2195	24.1084	23.7241
1.0005	3.0719	0.2172	24.0680	23.7932
1.0010	3.0720	0.2174	23.9390	23.9232
1.0015	3.0715	0.2208	23.9037	23.9514
1.0020	3.0714	0.2267	23.9206	23.9213
1.0025	3.0710	0.2253	23.8654	23.8877
1.0030	3.0713	0.2260	23.8546	23.8687
1.0035	3.0712	0.2283	23.9383	23.8897
1.0040	3.0706	0.2258	24.0499	23.8443
1.0045	3.0707	0.2342	24.0727	23.7925
1.0050	3.0705	0.2306	24.0438	23.7723
1.0055	3.0709	0.2275	24.0916	23.8027
1.0060	3.0706	0.2308	24.1842	23.8348
1.0065	3.0695	0.2360	24.2061	23.8737
1.0070	3.0695	0.2434	24.1846	23.9607
1.0075	3.0689	0.2571	24.2168	23.9749
1.0080	3.0685	0.2546	24.2879	23.9083
1.0085	3.0686	0.2535	24.2695	23.8276
1.0090	3.0681	0.2575	24.2001	23.7641
1.0095	3.0685	0.2575	24.2193	23.7196
1.0100	3.0688	0.2576	24.3058	23.7161
1.0105	3.0688	0.2499	24.2901	23.7143
1.0110	3.0689	0.2499	24.1988	23.7075
1.0115	3.0703	0.2386	24.1682	23.7338
1.0120	3.0708	0.2277	24.2235	23.7884
1.0125	3.0714	0.2220	24.1661	23.8190
1.0130	3.0716	0.2230	24.0300	23.8218
1.0135	3.0712	0.2198	23.9390	23.8421
1.0140	3.0710	0.2204	24.0000	23.8137
1.0145	3.0712	0.2298	23.9511	23.8277
1.0150	3.0709	0.2279	23.8240	23.8215
1.0155	3.0702	0.2326	23.6405	23.8950
1.0160	3.0701	0.2338	23.7374	23.9311
1.0165	3.0697	0.2431	23.4396	23.9224
1.0170	3.0699	0.2413	22.6428	23.8842
1.0175	3.0710	0.2282	22.6958	23.8472
1.0180	3.0713	0.2245	22.7822	23.7712
1.0185	3.0717	0.2212	22.9034	23.7727
1.0190	3.0731	0.2056	22.8379	23.7248
1.0195	3.0731	0.2073	22.7917	23.7108
1.0200	3.0727	0.2133	22.8918	23.7932
1.0205	3.0733	0.2027	23.0253	23.7358
1.0210	3.0732	0.2015	22.9797	23.7199
1.0215	3.0737	0.2022	22.9766	23.6968
1.0220	3.0730	0.2034	23.0898	23.6934
1.0225	3.0726	0.2109	23.2235	23.6965
1.0230	3.0724	0.2109	23.1985	23.7127
1.0235	3.0729	0.2132	23.1872	23.7233
1.0240	3.0725	0.2164	23.2934	23.7305
1.0245	3.0720	0.2161	23.4206	23.7868
1.0250	3.0724	0.2124	23.4167	23.8097
1.0255	3.0725	0.2162	23.4057	23.7820
1.0260	3.0713	0.2190	23.5058	23.7992
1.0265	3.0711	0.2269	23.6242	23.8614
1.0270	3.0708	0.2296	23.6237	23.8712
1.0275	3.0703	0.2349	23.6115	23.9169
1.0280	3.0699	0.2438	23.7187	23.9682
1.0285	3.0690	0.2472	23.8472	24.0051
1.0290	3.0685	0.2561	23.8558	23.9789
1.0295	3.0688	0.2469	23.8194	23.9685
1.0300	3.0694	0.2443	23.8861	23.9015
1.0305	3.0700	0.2379	23.9837	23.8191
1.0310	3.0705	0.2300	23.9785	23.7844
1.0315	3.0717	0.2292	23.9133	23.7563
1.0320	3.0720	0.2166	23.9635	23.8169
1.0325	3.0729	0.2080	24.0779	23.8972
1.0330	3.0736	0.1980	24.0987	23.8978
1.0335	3.0735	0.2015	24.0395	23.8833
1.0340	3.0736	0.2025	24.0705	23.8534
1.0345	3.0728	0.2055	24.1685	23.8275
1.0350	3.0723	0.2095	24.1997	23.8167
1.0355	3.0722	0.2192	24.1063	23.8182
1.0360	3.0710	0.2272	24.1172	23.8434
1.0365	3.0707	0.2282	24.1802	23.8931
1.0370	3.0703	0.2378	24.2039	23.9319
1.0375	3.0699	0.2390	23.9112	23.9311
1.0380	3.0694	0.2442	23.7528	23.9493
1.0385	3.0697	0.2396	23.9089	23.9490
1.0390	3.0697	0.2394	23.9354	23.9908
1.0395	3.0696	0.2470	23.8543	23.9814
1.0400	3.0704	0.2320	23.7918	23.9374
1.0405	3.0711	0.2257	23.8950	23.9047
1.0410	3.0728	0.2083	23.9998	23.8964
1.0415	3.0738	0.1989	23.9714	23.9571
1.0420	3.0751	0.1850	23.9360	23.9354
1.0425	3.0766	0.1772	24.0801	23.8789
1.0430	3.0765	0.1676	24.2123	23.8157
1.0435	3.0758	0.1735	24.1799	23.7936
1.0440	3.0754	0.1781	24.1017	23.8319
1.0445	3.0760	0.1708	24.1772	23.8651
1.0450	3.0758	0.1797	24.3291	23.8847
1.0455	3.0747	0.1806	24.3354	23.8847
1.0460	3.0747	0.1844	24.2380	23.8433
1.0465	3.0741	0.1962	24.2423	23.7898
1.0470	3.0743	0.1928	24.3403	23.7598
1.0475	3.0740	0.2000	24.3514	23.7527
1.0480	3.0739	0.1983	24.2782	23.7898
1.0485	3.0729	0.2031	24.2715	23.8536
1.0490	3.0731	0.2055	24.3440	23.8914
1.0495	3.0729	0.2039	24.3193	23.8922
1.0500	3.0730	0.2052	24.1958	23.8547
1.0505	3.0734	0.2033	24.1366	23.8105
1.0510	3.0738	0.2014	24.1798	23.7941
1.0515	3.0737	0.1977	24.1357	23.7224
1.0520	3.0743	0.1977	23.9979	23.6944
1.0525	3.0738	0.1980	23.8891	23.6563
1.0530	3.0722	0.2108	23.9058	23.6598
1.0535	3.0722	0.2139	23.8289	23.7665
1.0540	3.0718	0.2144	23.4773	23.8538
1.0545	3.0707	0.2291	23.3892	23.9073
1.0550	3.0700	0.2356	23.4312	23.8408
1.0555	3.0704	0.2328	23.3177	23.7686
1.0560	3.0705	0.2351	22.9823	23.6766
1.0565	3.0700	0.2393	22.7270	23.6438
1.0570	3.0702	0.2369	22.8022	23.6450
1.0575	3.0710	0.2311	22.9433	23.6500
1.0580	3.0713	0.2274	22.9643	23.6728
1.0585	3.0721	0.2204	22.9338	23.6672
1.0590	3.0730	0.2101	22.9697	23.6602
1.0595	3.0727	0.2130	23.1092	23.6795
1.0600	3.0723	0.2174	23.1453	23.7058
1.0605	3.0713	0.2190	23.1248	23.7515
1.0610	3.0717	0.2247	23.1813	23.8693
1.0615	3.0713	0.2236	23.3151	23.8754
1.0620	3.0706	0.2262	23.3668	23.8184
1.0625	3.0697	0.2389	23.3438	23.7504
1.0630	3.0701	0.2404	23.3837	23.7128
1.0635	3.0693	0.2425	23.4991	23.6942
1.0640	3.0695	0.2436	23.5562	23.6909
1.0645	3.0698	0.2468	23.5401	23.7143
1.0650	3.0697	0.2418	23.6046	23.7124
1.0655	3.0709	0.2255	23.7382	23.6751
1.0660	3.0721	0.2166	23.7888	23.7183
1.0665	3.0715	0.2214	23.7592	23.7602
1.0670	3.0718	0.2116	23.7965	23.7780
1.0675	3.0725	0.2124	23.9094	23.8607
1.0680	3.0732	0.2020	23.9548	23.8417
1.0685	3.0735	0.2011	23.9085	23.8024
1.0690	3.0732	0.2009	23.9127	23.7897
1.0695	3.0726	0.2098	24.0113	23.8200
1.0700	3.0733	0.2051	24.0685	23.8422
1.0705	3.0732	0.1998	24.0182	23.8199
1.0710	3.0733	0.2012	24.0076	23.7543
1.0715	3.0735	0.1989	24.0934	23.7043
1.0720	3.0737	0.1946	24.1847	23.6626
1.0725	3.0737	0.1969	24.1566	23.6391
1.0730	3.0733	0.1995	24.1283	23.7200
1.0735	3.0732	0.2011	24.1700	23.8113
1.0740	3.0729	0.2113	24.2351	23.8456
1.0745	3.0723	0.2098	24.1661	23.8350
1.0750	3.0714	0.2238	24.1091	23.8273
1.0755	3.0715	0.2222	23.7958	23.8258
1.0760	3.0718	0.2214	23.7114	23.7700
1.0765	3.0717	0.2222	23.7685	23.7022
1.0770	3.0720	0.2187	23.7376	23.6467
1.0775	3.0704	0.2310	23.7859	23.6761
1.0780	3.0706	0.2305	23.8956	23.7572
1.0785	3.0720	0.2166	23.9977	23.7471
1.0790	3.0719	0.2171	23.9681	23.7614
1.0795	3.0708	0.2283	23.9905	23.7749
1.0800	3.0711	0.2272	24.1234	23.7608
1.0805	3.0716	0.2228	24.2143	23.7330
1.0810	3.0718	0.2204	24.1761	23.7527
1.0815	3.0723	0.2177	24.1582	23.7794
1.0820	3.0725	0.2123	24.2608	23.7687
1.0825	3.0722	0.2089	24.3639	23.7525
1.0830	3.0723	0.2170	24.3285	23.7408
1.0835	3.0713	0.2187	24.2663	23.7184
1.0840	3.0712	0.2278	24.3197	23.6850
1.0845	3.0708	0.2354	24.4166	23.6596
1.0850	3.0700	0.2313	24.4072	23.6463
1.0855	3.0702	0.2338	24.3097	23.6923
1.0860	3.0700	0.2393	24.3157	23.6920
1.0865	3.0688	0.2508	24.4226	23.6933
1.0870	3.0682	0.2553	24.4104	23.6492
1.0875	3.0678	0.2611	24.2536	23.6112
1.0880	3.0676	0.2617	24.2146	23.5942
1.0885	3.0670	0.2606	24.2774	23.6126
1.0890	3.0672	0.2677	24.2551	23.6476
1.0895	3.0680	0.2628	24.0584	23.6745
1.0900	3.0678	0.2563	23.9821	23.7241
1.0905	3.0680	0.2602	23.9949	23.7926
1.0910	3.0674	0.2623	24.0178	23.8228
1.0915	3.0672	0.2670	23.6981	23.7992
1.0920	3.0673	0.2710	23.4435	23.7633
1.0925	3.0668	0.2659	23.5682	23.7327
1.0930	3.0671	0.2688	23.5652	23.7089
1.0935	3.0675	0.2624	23.4086	23.6921
1.0940	3.0672	0.2676	23.1964	23.6956
1.0945	3.0676	0.2639	22.9484	23.7595
1.0950	3.0678	0.2611	22.9331	23.7775
1.0955	3.0671	0.2689	22.9672	23.8427
1.0960	3.0669	0.2707	22.8862	23.8946
1.0965	3.0680	0.2657	23.0201	23.8320
1.0970	3.0701	0.2455	23.1398	23.7561
1.0975	3.0706	0.2369	23.1377	23.6573
1.0980	3.0706	0.2284	23.0887	23.6413
1.0985	3.0726	0.2160	23.1812	23.6838
1.0990	3.0722	0.2113	23.3426	23.6920
1.0995	3.0725	0.2144	23.4032	23.7216
1.1000	3.0722	0.2109	23.3243	23.7445
1.1005	3.0730	0.2063	23.3543	23.7662
1.1010	3.0735	0.2042	23.5409	23.7919
1.1015	3.0736	0.2033	23.6386	23.7882
1.1020	3.0735	0.1972	23.5460	23.7771
1.1025	3.0739	0.2009	23.5180	23.7707
1.1030	3.0734	0.2035	23.6937	23.7810
1.1035	3.0730	0.2086	23.8491	23.7806
1.1040	3.0731	0.2099	23.8222	23.7834
1.1045	3.0731	0.2070	23.7695	23.8260
1.1050	3.0728	0.2109	23.8636	23.8804
1.1055	3.0717	0.2199	23.9911	23.8878
1.1060	3.0720	0.2234	23.9565	23.8588
1.1065	3.0716	0.2233	23.8750	23.8234
1.1070	3.0719	0.2242	23.9723	23.8009
1.1075	3.0716	0.2202	24.1343	23.8043
1.1080	3.0717	0.2200	24.1053	23.8112
1.1085	3.0712	0.2248	23.9869	23.8004
1.1090	3.0709	0.2322	24.0548	23.7903
1.1095	3.0707	0.2292	24.2226	23.7552
1.1100	3.0710	0.2298	24.2410	23.7009
1.1105	3.0701	0.2337	24.1091	23.7000
1.1110	3.0695	0.2413	24.0937	23.7309
1.1115	3.0690	0.2511	24.2471	23.7648
1.1120	3.0685	0.2545	24.3173	23.7848
1.1125	3.0676	0.2657	24.0825	23.7779
1.1130	3.0683	0.2593	23.5606	23.7077
1.1135	3.0679	0.2644	23.6844	23.6968
1.1140	3.0677	0.2595	23.8454	23.7362
1.1145	3.0680	0.2577	23.7645	23.7636
1.1150	3.0673	0.2695	23.7117	23.7606
1.1155	3.0673	0.2726	23.8572	23.7569
1.1160	3.0676	0.2674	24.0039	23.7429
1.1165	3.0681	0.2564	23.9834	23.7670
1.1170	3.0690	0.2453	23.9270	23.7533
1.1175	3.0705	0.2376	24.0525	23.7234
1.1180	3.0712	0.2219	24.2350	23.6581
1.1185	3.0723	0.2169	24.2309	23.5871
1.1190	3.0734	0.2034	24.1093	23.5316
1.1195	3.0736	0.1980	24.1669	23.5968
1.1200	3.0741	0.1971	24.3596	23.6896
1.1205	3.0739	0.1953	24.3904	23.7349
1.1210	3.0738	0.2049	24.2544	23.7893
1.1215	3.0734	0.2004	24.2624	23.7787
1.1220	3.0724	0.2046	24.4373	23.7327
1.1225	3.0731	0.2054	24.4567	23.6479
1.1230	3.0730	0.2025	24.2873	23.5906
1.1235	3.0728	0.2077	24.2624	23.5539
1.1240	3.0723	0.2151	24.4329	23.5585
1.1245	3.0722	0.2144	24.4566	23.5898
1.1250	3.0718	0.2155	24.2661	23.6155
1.1255	3.0725	0.2126	24.1759	23.6533
1.1260	3.0721	0.2165	24.3059	23.7085
1.1265	3.0720	0.2219	24.3177	23.7120
1.1270	3.0712	0.2273	24.1082	23.8319
1.1275	3.0713	0.2219	23.9505	23.8494
1.1280	3.0709	0.2269	24.0359	23.8073
1.1285	3.0715	0.2242	24.0484	23.7795
1.1290	3.0711	0.2292	23.8713	23.7457
1.1295	3.0711	0.2321	23.6587	23.7258
1.1300	3.0695	0.2364	23.7226	23.6962
1.1305	3.0692	0.2428	23.6412	23.6822
1.1310	3.0694	0.2431	23.5030	23.6570
1.1315	3.0693	0.2464	23.3846	23.6627
1.1320	3.0690	0.2471	23.3000	23.6646
1.1325	3.0685	0.2496	23.3777	23.7314
1.1330	3.0682	0.2564	23.2360	23.8073
1.1335	3.0677	0.2617	22.9000	23.8620
1.1340	3.0680	0.2608	22.8768	23.8717
1.1345	3.0684	0.2587	23.0557	23.8256
1.1350	3.0680	0.2542	23.1096	23.7658
1.1355	3.0682	0.2614	23.0986	23.7321
1.1360	3.0674	0.2644	23.1077	23.7361
1.1365	3.0672	0.2679	23.2375	23.7672
1.1370	3.0668	0.2723	23.3205	23.7930
1.1375	3.0673	0.2708	23.2961	23.8300
1.1380	3.0672	0.2602	23.3003	23.8350
1.1385	3.0679	0.2609	23.4172	23.8420
1.1390	3.0682	0.2585	23.5125	23.8162
1.1395	3.0684	0.2501	23.5164	23.8277
1.1400	3.0689	0.2529	23.5193	23.8319
1.1405	3.0679	0.2590	23.6131	23.8162
1.1410	3.0679	0.2598	23.7091	23.8260
1.1415	3.0677	0.2592	23.7378	23.8583
1.1420	3.0672	0.2694	23.7494	23.8673
1.1425	3.0670	0.2697	23.8104	23.8494
1.1430	3.0676	0.2632	23.9029	23.8073
1.1435	3.0691	0.2559	23.9003	23.7314
1.1440	3.0700	0.2355	23.8740	23.6973
1.1445	3.0713	0.2256	23.9013	23.6735
1.1450	3.0716	0.2231	24.0110	23.6541
1.1455	3.0732	0.2074	24.0186	23.6267
1.1460	3.0733	0.2033	23.9784	23.6354
1.1465	3.0734	0.1983	23.9852	23.6637
1.1470	3.0744	0.1939	24.1245	23.7320
1.1475	3.0740	0.1927	24.1290	23.7737
1.1480	3.0736	0.1983	24.1021	23.8350
1.1485	3.0742	0.1971	24.0505	23.8421
1.1490	3.0740	0.1967	24.2404	23.8546
1.1495	3.0746	0.1930	23.7886	23.8553
1.1500	3.0745	0.1891	23.2702	23.7824
1.1505	3.0741	0.1976	23.4335	23.7252
1.1510	3.0731	0.1989	23.5328	23.6902
1.1515	3.0730	0.2118	23.6788	23.6913
1.1520	3.0725	0.2076	23.6318	23.7185
1.1525	3.0728	0.2113	23.6604	23.7704
1.1530	3.0724	0.2108	23.7671	23.8041
1.1535	3.0722	0.2100	23.9068	23.8344
1.1540	3.0721	0.2163	23.8799	23.8404
1.1545	3.0714	0.2250	23.8864	23.8444
1.1550	3.0714	0.2281	24.0042	23.8211
1.1555	3.0702	0.2307	24.1085	23.7731
1.1560	3.0699	0.2388	24.0871	23.7335
1.1565	3.0692	0.2492	24.0902	23.7134
1.1570	3.0684	0.2561	24.1772	23.7245
1.1575	3.0683	0.2604	24.2693	23.7377
1.1580	3.0680	0.2664	24.2452	23.7586
1.1585	3.0672	0.2635	24.2145	23.7971
1.1590	3.0670	0.2695	24.2661	23.8194
1.1595	3.0663	0.2744	24.3387	23.8033
1.1600	3.0666	0.2711	24.3210	23.8051
1.1605	3.0668	0.2709	24.2600	23.7952
1.1610	3.0672	0.2654	24.2990	23.7646
1.1615	3.0680	0.2608	24.3633	23.7779
1.1620	3.0684	0.2602	24.3359	23.8400
1.1625	3.0690	0.2498	24.2538	23.8736
1.1630	3.0686	0.2537	24.2329	23.8969
1.1635	3.0688	0.2492	24.2483	23.8586
1.1640	3.0697	0.2433	24.2052	23.8255
1.1645	3.0695	0.2418	24.0849	23.8971
1.1650	3.0696	0.2399	24.0192	23.9098
1.1655	3.0695	0.2433	24.0017	23.9028
1.1660	3.0710	0.2263	23.9509	23.8886
1.1665	3.0720	0.2166	23.8396	23.8795
1.1670	3.0728	0.2067	23.7626	23.8698
1.1675	3.0734	0.2021	23.7054	23.8573
1.1680	3.0735	0.1998	23.6863	23.8488
1.1685	3.0733	0.1975	23.2860	23.8206
1.1690	3.0739	0.2007	23.1363	23.8297
1.1695	3.0736	0.1980	23.1966	23.8447
1.1700	3.0739	0.1959	23.1025	23.8706
1.1705	3.0735	0.2000	23.1101	23.8960
1.1710	3.0736	0.1965	23.0280	23.9059
1.1715	3.0738	0.2003	22.9661	23.9757
1.1720	3.0733	0.1986	23.0268	23.9178
1.1725	3.0734	0.1955	22.9914	23.8346
1.1730	3.0732	0.2053	23.0502	23.7822
1.1735	3.0736	0.2030	23.1909	23.8138
1.1740	3.0740	0.1914	23.2525	23.8443
1.1745	3.0747	0.1939	23.2051	23.8866
1.1750	3.0756	0.1793	23.2520	23.9222
1.1755	3.0760	0.1714	23.4126	23.9133
1.1760	3.0757	0.1754	23.4667	23.8666
1.1765	3.0747	0.1927	23.4054	23.8164
1.1770	3.0740	0.1905	23.4521	23.8415
1.1775	3.0743	0.1947	23.6185	23.8654
1.1780	3.0742	0.1938	23.7006	23.8871
1.1785	3.0736	0.1976	23.6427	23.8938
1.1790	3.0726	0.2072	23.6608	23.9220
1.1795	3.0721	0.2127	23.8135	23.9639
1.1800	3.0719	0.2179	23.9200	23.9811
1.1805	3.0716	0.2205	23.8696	23.9620
1.1810	3.0704	0.2300	23.8421	23.9065
1.1815	3.0701	0.2331	23.9548	23.8275
1.1820	3.0700	0.2403	24.0554	23.7471
1.1825	3.0694	0.2464	23.9881	23.6989
1.1830	3.0687	0.2555	23.9239	23.6698
1.1835	3.0682	0.2569	24.0001	23.6718
1.1840	3.0674	0.2666	24.1522	23.6536
1.1845	3.0669	0.2708	24.1250	23.6511
1.1850	3.0657	0.2771	24.0553	23.6534
1.1855	3.0668	0.2687	24.0908	23.6342
1.1860	3.0681	0.2614	24.2591	23.6481
1.1865	3.0682	0.2478	24.0770	23.7521
1.1870	3.0687	0.2514	23.9160	23.7639
1.1875	3.0694	0.2515	23.9754	23.7558
1.1880	3.0696	0.2465	24.0863	23.7314
1.1885	3.0694	0.2430	24.0654	23.7153
1.1890	3.0685	0.2531	23.9108	23.7272
1.1895	3.0697	0.2403	23.9252	23.7537
1.1900	3.0709	0.2269	23.9669	23.7685
1.1905	3.0719	0.2163	23.7900	23.7948
1.1910	3.0731	0.1965	23.6920	23.8105
1.1915	3.0730	0.2071	23.7836	23.8324
1.1920	3.0726	0.2103	23.9169	23.8383
1.1925	3.0723	0.2175	23.9887	23.8312
1.1930	3.0725	0.2036	23.9500	23.8278
1.1935	3.0732	0.2029	24.0202	23.8270
1.1940	3.0731	0.2012	24.1451	23.7590
1.1945	3.0722	0.2127	24.1767	23.7247
1.1950	3.0714	0.2192	24.1180	23.7245
1.1955	3.0725	0.2072	24.1401	23.7266
1.1960	3.0718	0.2202	24.2498	23.7544
1.1965	3.0719	0.2159	24.2905	23.7250
1.1970	3.0724	0.2133	24.2415	23.6730
1.1975	3.0724	0.2104	24.2298	23.6267
1.1980	3.0730	0.2105	24.3027	23.5876
1.1985	3.0728	0.2082	24.3253	23.5840
1.1990	3.0728	0.2053	24.2466	23.6201
1.1995	3.0724	0.2051	24.2009	23.7644
1.2000	3.0731	0.2075	24.2889	23.8703
1.2005	3.0735	0.2066	24.3140	23.9401
1.2010	3.0730	0.2032	24.2011	23.9325
1.2015	3.0728	0.2094	24.0923	23.9461
1.2020	3.0719	0.2094	24.1302	23.9353
1.2025	3.0721	0.2145	24.1322	23.9108
1.2030	3.0725	0.2131	24.0050	23.8894
1.2035	3.0719	0.2186	23.8514	23.8679
1.2040	3.0720	0.2177	23.8746	23.9015
1.2045	3.0709	0.2252	23.8552	23.9068
1.2050	3.0701	0.2340	23.7587	23.9256
1.2055	3.0694	0.2431	23.5838	23.9031
1.2060	3.0687	0.2540	23.5930	23.9106
1.2065	3.0677	0.2623	23.1349	23.8855
1.2070	3.0676	0.2637	22.8129	23.8489
1.2075	3.0671	0.2663	22.8431	23.8167
1.2080	3.0667	0.2701	22.7731	23.8106
1.2085	3.0672	0.2689	22.8906	23.7378
1.2090	3.0674	0.2695	22.9490	23.6927
1.2095	3.0686	0.2566	22.9906	23.6546
1.2100	3.0690	0.2500	22.9564	23.6500
1.2105	3.0689	0.2491	23.0320	23.6467
1.2110	3.0690	0.2514	23.1527	23.6556
1.2115	3.0688	0.2514	23.2044	23.6930
1.2120	3.0697	0.2490	23.1891	23.7273
1.2125	3.0695	0.2455	23.2429	23.7675
1.2130	3.0704	0.2372	23.3656	23.7961
1.2135	3.0706	0.2293	23.4341	23.7972
1.2140	3.0703	0.2366	23.4095	23.7751
1.2145	3.0713	0.2270	23.4525	23.7844
1.2150	3.0709	0.2231	23.5794	23.7928
1.2155	3.0713	0.2240	23.6384	23.8227
1.2160	3.0722	0.2157	23.6181	23.8184
1.2165	3.0722	0.2148	23.6713	23.8475
1.2170	3.0719	0.2176	23.8008	23.8785
1.2175	3.0719	0.2170	23.8571	23.9043
1.2180	3.0716	0.2218	23.8296	23.8607
1.2185	3.0713	0.2202	23.8541	23.8175
1.2190	3.0720	0.2192	23.9698	23.7403
1.2195	3.0717	0.2128	24.0275	23.6683
1.2200	3.0723	0.2119	23.9819	23.6003
1.2205	3.0718	0.2152	23.9565	23.5922
1.2210	3.0720	0.2146	24.0624	23.5977
1.2215	3.0732	0.2049	24.1211	23.6325
1.2220	3.0727	0.2034	24.0785	23.6955
1.2225	3.0718	0.2061	24.0584	23.7789
1.2230	3.0724	0.2092	24.1843	23.7780
1.2235	3.0733	0.2083	24.2150	23.7605
1.2240	3.0732	0.2027	24.1886	23.7248
1.2245	3.0730	0.2049	24.0024	23.7006
1.2250	3.0730	0.2088	24.0979	23.7093
1.2255	3.0719	0.2112	24.1617	23.7119
1.2260	3.0722	0.2148	24.0330	23.7450
1.2265	3.0719	0.2191	23.9884	23.7786
1.2270	3.0713	0.2204	24.0722	23.7696
1.2275	3.0711	0.2201	24.1494	23.8569
1.2280	3.0710	0.2266	23.9858	23.9431
1.2285	3.0711	0.2298	23.7957	23.9567
1.2290	3.0708	0.2280	23.7831	23.9419
1.2295	3.0716	0.2243	23.9707	23.8954
1.2300	3.0712	0.2257	23.9373	23.8547
1.2305	3.0707	0.2234	23.8994	23.7996
1.2310	3.0710	0.2323	24.0226	23.7685
1.2315	3.0694	0.2434	24.1924	23.7279
1.2320	3.0690	0.2492	24.1697	23.7151
1.2325	3.0675	0.2562	24.0939	23.7359
1.2330	3.0674	0.2631	24.1466	23.7882
1.2335	3.0681	0.2593	24.2893	23.8323
1.2340	3.0685	0.2524	24.3080	23.8725
1.2345	3.0688	0.2511	24.2087	23.9025
1.2350	3.0692	0.2472	24.2206	23.8978
1.2355	3.0699	0.2410	24.3676	23.8148
1.2360	3.0695	0.2405	24.3934	23.7144
1.2365	3.0694	0.2483	24.2690	23.6834
1.2370	3.0693	0.2419	24.2277	23.6921
1.2375	3.0705	0.2376	24.3303	23.7888
1.2380	3.0705	0.2310	24.3718	23.8593
1.2385	3.0717	0.2166	24.2556	23.9025
1.2390	3.0723	0.2132	24.1284	23.9090
1.2395	3.0727	0.2127	24.1636	23.9223
1.2400	3.0738	0.1994	24.2062	23.9132
1.2405	3.0735	0.2019	24.0989	23.8932
1.2410	3.0741	0.1939	23.9271	23.8370
1.2415	3.0739	0.1917	23.9052	23.7680
1.2420	3.0739	0.2010	23.9335	23.7381
1.2425	3.0732	0.2034	23.8646	23.7506
1.2430	3.0733	0.2031	23.6513	23.8247
1.2435	3.0733	0.2056	23.6194	23.8550
1.2440	3.0725	0.2104	23.5169	23.8570
1.2445	3.0727	0.2121	22.9025	23.8125
1.2450	3.0726	0.2114	22.7913	23.7725
1.2455	3.0729	0.2061	22.7761	23.7499
1.2460	3.0738	0.2025	22.9413	23.7562
1.2465	3.0731	0.2018	23.0387	23.7869
1.2470	3.0735	0.2030	22.9285	23.8020
1.2475	3.0731	0.2062	22.8932	23.7800
1.2480	3.0732	0.2059	23.0684	23.7453
1.2485	3.0725	0.2115	23.1841	23.7121
1.2490	3.0720	0.2119	23.1422	23.6922
1.2495	3.0716	0.2181	23.1096	23.6815
1.2500	3.0717	0.2166	23.2605	23.6704
1.2505	3.0713	0.2206	23.3985	23.6573
1.2510	3.0711	0.2213	23.3728	23.6394
1.2515	3.0709	0.2287	23.3365	23.6312
1.2520	3.0702	0.2309	23.4625	23.7010
1.2525	3.0700	0.2352	23.6091	23.7462
1.2530	3.0696	0.2431	23.6031	23.7478
1.2535	3.0691	0.2482	23.5523	23.7534
1.2540	3.0693	0.2437	23.6540	23.7333
1.2545	3.0692	0.2514	23.8185	23.7103
1.2550	3.0688	0.2507	23.8620	23.7004
1.2555	3.0681	0.2596	23.8129	23.7174
1.2560	3.0667	0.2727	23.8507	23.7033
1.2565	3.0664	0.2723	23.9852	23.6714
1.2570	3.0667	0.2728	24.0281	23.6218
1.2575	3.0671	0.2673	23.9752	23.6056
1.2580	3.0672	0.2624	23.9664	23.6469
1.2585	3.0676	0.2682	24.0607	23.6843
1.2590	3.0673	0.2668	24.1153	23.7879
1.2595	3.0672	0.2695	24.0830	23.8529
1.2600	3.0672	0.2703	24.0651	23.8204
1.2605	3.0676	0.2623	24.1669	23.7625
1.2610	3.0677	0.2642	24.2289	23.6749
1.2615	3.0671	0.2648	24.2051	23.6146
1.2620	3.0682	0.2578	24.1510	23.5721
1.2625	3.0699	0.2416	24.2221	23.5383
1.2630	3.0701	0.2410	24.2101	23.5388
1.2635	3.0710	0.2330	24.0631	23.5958
1.2640	3.0721	0.2217	24.0687	23.6116
1.2645	3.0724	0.2095	24.0596	23.6213
1.2650	3.0727	0.2060	24.1198	23.6840
1.2655	3.0732	0.2027	24.0604	23.8063
1.2660	3.0727	0.2078	23.9471	23.8920
1.2665	3.0720	0.2168	23.9097	23.8908
1.2670	3.0719	0.2206	23.9197	23.8644
1.2675	3.0721	0.2152	23.9058	23.8447
1.2680	3.0716	0.2183	23.9256	23.8638
1.2685	3.0716	0.2222	23.9628	23.8336
1.2690	3.0717	0.2189	24.0858	23.7646
1.2695	3.0712	0.2265	24.1341	23.7078
1.2700	3.0712	0.2262	24.1133	23.6907
1.2705	3.0709	0.2268	24.1268	23.7489
1.2710	3.0707	0.2284	24.2229	23.7752
1.2715	3.0704	0.2375	24.2841	23.8299
1.2720	3.0693	0.2408	24.2564	23.9327
1.2725	3.0690	0.2455	24.2195	23.9009
1.2730	3.0695	0.2419	24.2882	23.8286
1.2735	3.0687	0.2437	24.3582	23.7463
1.2740	3.0688	0.2488	24.3225	23.6790
1.2745	3.0693	0.2467	24.2283	23.6424
1.2750	3.0692	0.2476	24.2574	23.6331
1.2755	3.0696	0.2464	24.3406	23.6270
1.2760	3.0705	0.2333	24.3177	23.6301
1.2765	3.0704	0.2336	24.1783	23.6862
1.2770	3.0702	0.2359	24.1507	23.7552
1.2775	3.0700	0.2408	24.1815	23.7729
1.2780	3.0691	0.2466	24.1401	23.7668
1.2785	3.0697	0.2397	23.9728	23.7439
1.2790	3.0692	0.2455	23.9203	23.7471
1.2795	3.0696	0.2475	23.9198	23.7703
1.2800	3.0692	0.2499	23.9174	23.7844
1.2805	3.0692	0.2445	23.7031	23.8403
1.2810	3.0692	0.2491	23.6683	23.8292
1.2815	3.0685	0.2538	23.0189	23.7962
1.2820	3.0685	0.2490	22.7295	23.7812
1.2825	3.0701	0.2399	22.8188	23.7344
1.2830	3.0701	0.2340	22.7584	23.7211
1.2835	3.0709	0.2236	22.8773	23.7356
1.2840	3.0722	0.2164	22.9435	23.7028
1.2845	3.0723	0.2200	22.9325	23.7228
1.2850	3.0721	0.2150	22.8998	23.6981
1.2855	3.0723	0.2145	22.9749	23.6269
1.2860	3.0722	0.2151	23.0774	23.5957
1.2865	3.0718	0.2175	23.1160	23.5805
1.2870	3.0721	0.2181	23.1066	23.6022
1.2875	3.0722	0.2179	23.1795	23.6083
1.2880	3.0725	0.2126	23.3025	23.6419
1.2885	3.0717	0.2188	23.3639	23.6625
1.2890	3.0715	0.2252	23.3315	23.6909
1.2895	3.0707	0.2228	23.3650	23.7556
1.2900	3.0716	0.2214	23.4955	23.7496
1.2905	3.0716	0.2246	23.5885	23.7273
1.2910	3.0714	0.2282	23.5635	23.7235
1.2915	3.0713	0.2239	23.5504	23.7524
1.2920	3.0704	0.2290	23.6552	23.7753
1.2925	3.0708	0.2313	23.7939	23.8281
1.2930	3.0698	0.2384	23.8199	23.8897
1.2935	3.0695	0.2412	23.8053	23.9333
1.2940	3.0700	0.2402	23.8752	23.9442
1.2945	3.0703	0.2346	23.9802	23.9140
1.2950	3.0705	0.2341	23.9831	23.8352
1.2955	3.0707	0.2282	23.9164	23.7708
1.2960	3.0717	0.2204	23.9542	23.7278
1.2965	3.0719	0.2204	24.0799	23.7133
1.2970	3.0723	0.2130	24.0959	23.7774
1.2975	3.0733	0.2073	24.0128	23.8177
1.2980	3.0735	0.2021	24.0315	23.7962
1.2985	3.0731	0.2103	24.1681	23.7681
1.2990	3.0731	0.2071	24.1996	23.7417
1.2995	3.0724	0.2092	24.1104	23.7389
1.3000	3.0716	0.2166	24.1140	23.7381
1.3005	3.0710	0.2274	24.2281	23.7517
1.3010	3.0702	0.2308	24.2298	23.7771
1.3015	3.0698	0.2380	24.1187	23.8278
1.3020	3.0696	0.2405	24.0570	23.8733
1.3025	3.0696	0.2452	23.8997	23.8631
1.3030	3.0689	0.2516	23.9357	23.8847
1.3035	3.0692	0.2419	23.8835	23.9044
1.3040	3.0694	0.2452	23.8280	23.9253
1.3045	3.0687	0.2561	23.8760	23.9076
1.3050	3.0690	0.2463	23.9414	23.8855
1.3055	3.0695	0.2419	23.9295	23.8280
1.3060	3.0706	0.2298	23.9161	23.8741
1.3065	3.0714	0.2251	23.9977	23.9441
1.3070	3.0726	0.2136	24.1260	23.8966
1.3075	3.0737	0.2032	24.1410	23.8297
1.3080	3.0732	0.2001	24.1062	23.7558
1.3085	3.0727	0.2048	24.1637	23.7402
1.3090	3.0729	0.2104	24.2655	23.7523
1.3095	3.0728	0.2071	24.2739	23.7890
1.3100	3.0726	0.2122	24.2338	23.8199
1.3105	3.0715	0.2241	24.2622	23.8159
1.3110	3.0710	0.2310	24.3409	23.7889
1.3115	3.0700	0.2349	24.3430	23.7618
1.3120	3.0709	0.2297	24.2913	23.7465
1.3125	3.0710	0.2271	24.2993	23.7134
1.3130	3.0708	0.2346	24.3551	23.7504
1.3135	3.0703	0.2294	24.3306	23.8054
1.3140	3.0708	0.2292	24.2426	23.8177
1.3145	3.0709	0.2266	24.2077	23.8147
1.3150	3.0709	0.2259	24.2352	23.7824
1.3155	3.0715	0.2263	24.1820	23.7613
1.3160	3.0717	0.2130	24.0841	23.7610
1.3165	3.0722	0.2148	23.9938	23.7109
1.3170	3.0722	0.2148	23.9930	23.7168
1.3175	3.0714	0.2197	23.9158	23.6882
1.3180	3.0710	0.2305	23.8454	23.7114
1.3185	3.0715	0.2222	23.5769	23.7609
1.3190	3.0710	0.2251	23.4111	23.8435
1.3195	3.0702	0.2371	23.4558	23.8435
1.3200	3.0701	0.2333	23.3624	23.7785
1.3205	3.0710	0.2331	22.9942	23.7106
1.3210	3.0712	0.2276	22.7566	23.6461
1.3215	3.0709	0.2256	22.8231	23.6343
1.3220	3.0719	0.2176	22.8605	23.6627
1.3225	3.0720	0.2125	22.8478	23.6564
1.3230	3.0722	0.2117	22.9121	23.6676
1.3235	3.0723	0.2189	23.0143	23.6507
1.3240	3.0729	0.2071	23.0407	23.6521
1.3245	3.0720	0.2142	23.0190	23.6666
1.3250	3.0712	0.2228	23.0756	23.7143
1.3255	3.0712	0.2304	23.2048	23.7657
1.3260	3.0707	0.2310	23.2606	23.8810
1.3265	3.0704	0.2287	23.2357	23.8715
1.3270	3.0699	0.2408	23.2737	23.8144
1.3275	3.0692	0.2424	23.4014	23.7523
1.3280	3.0692	0.2498	23.4592	23.7234
1.3285	3.0686	0.2540	23.4351	23.6986
1.3290	3.0693	0.2506	23.4749	23.7028
1.3295	3.0691	0.2511	23.5923	23.7183
1.3300	3.0702	0.2425	23.6655	23.7352
1.3305	3.0713	0.2275	23.6700	23.7389
1.3310	3.0714	0.2196	23.7015	23.7921
1.3315	3.0714	0.2258	23.7839	23.8343
1.3320	3.0723	0.2168	23.8554	23.8715
1.3325	3.0725	0.2118	23.8589	23.8960
1.3330	3.0729	0.2063	23.8511	23.8560
1.3335	3.0734	0.2034	23.8893	23.8127
1.3340	3.0734	0.1963	23.9418	23.8042
1.3345	3.0725	0.2096	23.9643	23.8512
1.3350	3.0733	0.2008	23.9458	23.8509
1.3355	3.0736	0.1990	23.9819	23.8231
1.3360	3.0742	0.1974	24.0580	23.7744
1.3365	3.0737	0.1973	24.0859	23.7358
1.3370	3.0742	0.1900	24.0611	23.7041
1.3375	3.0737	0.1940	24.0801	23.7182
1.3380	3.0745	0.2000	24.1373	23.8004
1.3385	3.0742	0.1903	24.1752	23.8679
1.3390	3.0738	0.2024	24.0856	23.8833
1.3395	3.0732	0.2006	24.0597	23.8628
1.3400	3.0730	0.2080	24.0115	23.8716
1.3405	3.0724	0.2115	23.7164	23.8456
1.3410	3.0722	0.2111	23.6495	23.8013
1.3415	3.0720	0.2213	23.6356	23.7583
1.3420	3.0722	0.2151	23.7293	23.7170
1.3425	3.0714	0.2172	23.8305	23.7657
1.3430	3.0718	0.2204	23.8772	23.8371
1.3435	3.0723	0.2157	23.8756	23.8183
1.3440	3.0723	0.2138	23.9458	23.8328
1.3445	3.0713	0.2189	24.0503	23.8170
1.3450	3.0710	0.2262	24.1093	23.7535
1.3455	3.0710	0.2239	24.1053	23.7608
1.3460	3.0721	0.2125	24.1184	23.8131
1.3465	3.0721	0.2135	24.1878	23.8323
1.3470	3.0722	0.2154	24.2476	23.8499
1.3475	3.0722	0.2156	24.2312	23.8354
1.3480	3.0718	0.2179	24.2138	23.8146
1.3485	3.0712	0.2235	24.2662	23.7760
1.3490	3.0706	0.2312	24.3521	23.7219
1.3495	3.0698	0.2392	24.3506	23.6698
1.3500	3.0698	0.2415	24.2608	23.6846
1.3505	3.0696	0.2437	24.2224	23.7272
1.3510	3.0691	0.2517	24.3242	23.7545
1.3515	3.0689	0.2562	24.3601	23.7438
1.3520	3.0682	0.2537	24.2486	23.7227
1.3525	3.0677	0.2618	24.1543	23.6832
1.3530	3.0669	0.2668	24.1935	23.6701
1.3535	3.0673	0.2708	24.1973	23.6862
1.3540	3.0679	0.2648	24.0756	23.7034
1.3545	3.0677	0.2593	23.9418	23.7274
1.3550	3.0683	0.2549	23.9599	23.7740
1.3555	3.0684	0.2512	23.9631	23.8598
1.3560	3.0682	0.2554	23.8488	23.8861
1.3565	3.0680	0.2607	23.4516	23.8835
1.3570	3.0672	0.2663	23.4236	23.8619
1.3575	3.0678	0.2617	23.5244	23.8438
1.3580	3.0677	0.2628	23.4325	23.8045
1.3585	3.0680	0.2621	23.2820	23.7853
1.3590	3.0693	0.2515	23.0852	23.7945
1.3595	3.0701	0.2395	22.8403	23.7975
1.3600	3.0703	0.2332	22.8807	23.7931
1.3605	3.0697	0.2410	22.8589	23.8839
1.3610	3.0696	0.2422	22.8841	23.8967
1.3615	3.0692	0.2487	23.0095	23.8551
1.3620	3.0705	0.2311	23.0751	23.8163
1.3625	3.0713	0.2273	23.0526	23.7683
1.3630	3.0718	0.2197	23.0794	23.7923
1.3635	3.0723	0.2105	23.2018	23.8086
1.3640	3.0724	0.2166	23.2944	23.7925
1.3645	3.0726	0.2042	23.2891	23.7662
1.3650	3.0726	0.2154	23.2687	23.7479
1.3655	3.0726	0.2110	23.3771	23.7676
1.3660	3.0730	0.2063	23.5091	23.8027
1.3665	3.0720	0.2183	23.4993	23.8332
1.3670	3.0715	0.2230	23.4671	23.8634
1.3675	3.0710	0.2326	23.5924	23.9202
1.3680	3.0715	0.2280	23.7345	23.9400
1.3685	3.0713	0.2247	23.7086	23.9115
1.3690	3.0711	0.2225	23.6474	23.8541
1.3695	3.0720	0.2215	23.7875	23.8919
1.3700	3.0712	0.2288	23.9602	23.8675
1.3705	3.0710	0.2318	23.9105	23.8377
1.3710	3.0708	0.2360	23.7857	23.8262
1.3715	3.0698	0.2349	23.8624	23.8350
1.3720	3.0697	0.2413	24.0596	23.8859
1.3725	3.0707	0.2317	24.0427	23.9297
1.3730	3.0708	0.2266	23.8868	23.9523
1.3735	3.0709	0.2269	23.9359	23.9166
1.3740	3.0704	0.2345	24.1578	23.8480
1.3745	3.0704	0.2342	24.1767	23.7535
1.3750	3.0710	0.2308	24.0295	23.6811
1.3755	3.0700	0.2382	24.0135	23.6631
1.3760	3.0690	0.2440	24.2312	23.6981
1.3765	3.0688	0.2525	24.2411	23.7541
1.3770	3.0682	0.2608	24.0921	23.8248
1.3775	3.0678	0.2623	23.8317	23.8268
1.3780	3.0682	0.2580	23.6267	23.8164
1.3785	3.0679	0.2614	23.7687	23.8538
1.3790	3.0684	0.2543	23.6382	23.8558
1.3795	3.0678	0.2668	23.6043	23.8102
1.3800	3.0672	0.2738	23.8062	23.7727
1.3805	3.0677	0.2666	23.9689	23.7191
1.3810	3.0677	0.2646	23.8570	23.7093
1.3815	3.0678	0.2563	23.8082	23.7250
1.3820	3.0697	0.2437	24.0106	23.6708
1.3825	3.0708	0.2307	24.2028	23.7076
1.3830	3.0723	0.2186	24.1032	23.7029
1.3835	3.0733	0.2025	23.9986	23.6424
1.3840	3.0735	0.2013	24.1591	23.6164
1.3845	3.0735	0.2025	24.3729	23.7010
1.3850	3.0735	0.1966	24.3028	23.7328
1.3855	3.0731	0.2050	24.1351	23.7626
1.3860	3.0731	0.2063	24.2227	23.7523
1.3865	3.0729	0.2080	24.4468	23.7315
1.3870	3.0726	0.2118	24.3989	23.6665
1.3875	3.0729	0.2029	24.1903	23.6137
1.3880	3.0727	0.2093	24.2434	23.5929
1.3885	3.0723	0.2138	24.4719	23.6057
1.3890	3.0716	0.2175	24.4393	23.6306
1.3895	3.0716	0.2186	24.1967	23.6611
1.3900	3.0718	0.2213	24.1651	23.6746
1.3905	3.0716	0.2192	24.3618	23.7100
1.3910	3.0719	0.2183	24.3524	23.6997
1.3915	3.0713	0.2198	24.0551	23.7388
1.3920	3.0714	0.2232	23.9313	23.8128
1.3925	3.0710	0.2257	24.1024	23.7981
1.3930	3.0710	0.2266	24.1411	23.7780
1.3935	3.0707	0.2319	23.8392	23.7623
1.3940	3.0705	0.2288	23.6463	23.7730
1.3945	3.0707	0.2315	23.7676	23.7395
1.3950	3.0699	0.2384	23.8691	23.7121
1.3955	3.0702	0.2421	23.4524	23.6792
1.3960	3.0701	0.2344	23.2891	23.6416
1.3965	3.0707	0.2296	23.4121	23.6282
1.3970	3.0706	0.2305	23.4619	23.6395
1.3975	3.0708	0.2287	23.2669	23.6997
1.3980	3.0706	0.2317	22.9312	23.7732
1.3985	3.0701	0.2300	22.8780	23.8406
1.3990	3.0700	0.2389	23.1194	23.8394
1.3995	3.0694	0.2385	23.0614	23.8030
1.4000	3.0691	0.2471	22.9045	23.7879
1.4005	3.0685	0.2531	23.0716	23.7801
1.4010	3.0681	0.2568	23.3318	23.7781
1.4015	3.0679	0.2638	23.2866	23.7824
1.4020	3.0677	0.2615	23.1131	23.7740
1.4025	3.0676	0.2628	23.2443	23.7765
1.4030	3.0681	0.2629	23.5207	23.7505
1.4035	3.0681	0.2620	23.5270	23.7453
1.4040	3.0680	0.2540	23.3342	23.7494
1.4045	3.0688	0.2540	23.4033	23.8100
1.4050	3.0688	0.2546	23.7021	23.8126
1.4055	3.0687	0.2559	23.7792	23.8217
1.4060	3.0671	0.2616	23.6003	23.8509
1.4065	3.0673	0.2757	23.5856	23.8373
1.4070	3.0670	0.2708	23.8637	23.8338
1.4075	3.0668	0.2767	23.9975	23.7870
1.4080	3.0680	0.2643	23.8489	23.7101
1.4085	3.0690	0.2557	23.7659	23.6447
1.4090	3.0697	0.2422	23.9597	23.6047
1.4095	3.0698	0.2396	24.0721	23.6074
1.4100	3.0705	0.2287	23.9394	23.6129
1.4105	3.0722	0.2182	23.8347	23.6211
1.4110	3.0721	0.2179	24.0325	23.6528
1.4115	3.0725	0.2145	24.2000	23.7030
1.4120	3.0726	0.2048	24.1272	23.7438
1.4125	3.0729	0.2110	23.9574	23.7696
1.4130	3.0722	0.2127	24.0838	23.7802
1.4135	3.0720	0.2196	24.2383	23.7673
1.4140	3.0720	0.2182	24.2551	23.7893
1.4145	3.0727	0.2072	23.4977	23.7544
1.4150	3.0734	0.2089	23.2793	23.6880
1.4155	3.0730	0.2068	23.5938	23.6383
1.4160	3.0725	0.2064	23.6094	23.6243
1.4165	3.0726	0.2123	23.5676	23.6476
1.4170	3.0728	0.2107	23.6149	23.6882
1.4175	3.0725	0.2130	23.8299	23.7427
1.4180	3.0722	0.2148	23.8744	23.7773
1.4185	3.0724	0.2163	23.8021	23.7864
1.4190	3.0718	0.2169	23.8153	23.7737
1.4195	3.0719	0.2198	24.0436	23.7849
1.4200	3.0709	0.2277	24.1524	23.7315
1.4205	3.0707	0.2304	24.0495	23.6592
1.4210	3.0699	0.2402	23.9922	23.6104
1.4215	3.0684	0.2519	24.2002	23.6283
1.4220	3.0681	0.2593	24.3542	23.6626
1.4225	3.0678	0.2617	24.2477	23.6944
1.4230	3.0675	0.2629	24.1347	23.7381
1.4235	3.0672	0.2651	24.2951	23.7799
1.4240	3.0674	0.2677	24.4487	23.7951
1.4245	3.0665	0.2742	24.3400	23.7447
1.4250	3.0673	0.2697	24.1980	23.7435
1.4255	3.0671	0.2682	24.3272	23.7155
1.4260	3.0675	0.2614	24.4791	23.6885
1.4265	3.0679	0.2623	24.3703	23.7060
1.4270	3.0679	0.2581	24.2022	23.7812
1.4275	3.0678	0.2601	24.2776	23.8239
1.4280	3.0680	0.2604	24.4105	23.8589
1.4285	3.0684	0.2591	24.3065	23.8104
1.4290	3.0686	0.2603	24.0676	23.8193
1.4295	3.0686	0.2517	24.0665	23.8818
1.4300	3.0686	0.2577	24.1991	23.8660
1.4305	3.0690	0.2537	24.1009	23.8387
1.4310	3.0704	0.2369	23.8130	23.8143
1.4315	3.0709	0.2303	23.7632	23.7835
1.4320	3.0719	0.2136	23.8994	23.7858
1.4325	3.0725	0.2148	23.8507	23.7824
1.4330	3.0725	0.2086	23.4956	23.7806
1.4335	3.0722	0.2084	23.0843	23.7733
1.4340	3.0725	0.2124	23.3036	23.8128
1.4345	3.0729	0.2073	23.3307	23.8257
1.4350	3.0732	0.2086	23.0615	23.8605
1.4355	3.0730	0.2051	23.0349	23.8506
1.4360	3.0730	0.2046	23.1057	23.8627
1.4365	3.0732	0.2077	23.1284	23.8987
1.4370	3.0733	0.2039	22.9979	23.8176
1.4375	3.0733	0.2036	22.9019	23.7399
1.4380	3.0726	0.2101	23.1809	23.7241
1.4385	3.0734	0.2068	23.3689	23.7771
1.4390	3.0735	0.2002	23.2448	23.8074
1.4395	3.0743	0.1950	23.1314	23.8741
1.4400	3.0750	0.1860	23.3648	23.8955
1.4405	3.0757	0.1806	23.5921	23.8845
1.4410	3.0745	0.1931	23.4878	23.8051
1.4415	3.0730	0.2093	23.3523	23.7795
1.4420	3.0724	0.2096	23.5346	23.7992
1.4425	3.0727	0.2110	23.7742	23.8159
1.4430	3.0723	0.2080	23.7369	23.8218
1.4435	3.0726	0.2133	23.6052	23.8352
1.4440	3.0711	0.2166	23.7320	23.8698
1.4445	3.0705	0.2320	23.9675	23.9259
1.4450	3.0700	0.2383	23.9654	23.9457
1.4455	3.0693	0.2462	23.8162	23.9202
1.4460	3.0689	0.2507	23.8806	23.8669
1.4465	3.0684	0.2570	24.1109	23.7801
1.4470	3.0684	0.2550	24.1277	23.6988
1.4475	3.0668	0.2646	23.9277	23.6370
1.4480	3.0669	0.2706	23.9413	23.6106
1.4485	3.0662	0.2794	24.1757	23.6061
1.4490	3.0655	0.2883	24.2459	23.6041
1.4495	3.0649	0.2898	24.0705	23.5990
1.4500	3.0647	0.2930	24.0309	23.6080
1.4505	3.0668	0.2746	24.2500	23.5914
1.4510	3.0676	0.2625	24.3517	23.6420
1.4515	3.0691	0.2505	23.9922	23.7372
1.4520	3.0696	0.2459	23.9097	23.7225
1.4525	3.0696	0.2390	24.0773	23.7163
1.4530	3.0688	0.2472	24.2239	23.6790
1.4535	3.0693	0.2443	24.0473	23.6877
1.4540	3.0697	0.2434	23.8575	23.6861
1.4545	3.0708	0.2305	24.0066	23.7082
1.4550	3.0714	0.2236	24.0281	23.7430
1.4555	3.0726	0.2111	23.7280	23.7916
1.4560	3.0731	0.2069	23.6954	23.8097
1.4565	3.0725	0.2070	23.8863	23.8477
1.4570	3.0727	0.2148	24.0722	23.8557
1.4575	3.0726	0.2112	23.9985	23.8303
1.4580	3.0734	0.2058	23.9177	23.8197
1.4585	3.0735	0.2021	24.0850	23.7693
1.4590	3.0730	0.2038	24.2699	23.7081
1.4595	3.0728	0.2180	24.2056	23.6718
1.4600	3.0723	0.2118	24.0714	23.6788
1.4605	3.0725	0.2148	24.1883	23.6974
1.4610	3.0723	0.2123	24.3974	23.7319
1.4615	3.0724	0.2156	24.3430	23.6942
1.4620	3.0719	0.2131	24.1685	23.6682
1.4625	3.0725	0.2141	24.2297	23.5928
1.4630	3.0728	0.2110	24.4176	23.5876
1.4635	3.0731	0.2006	24.3764	23.5653
1.4640	3.0734	0.2008	24.2113	23.6041
1.4645	3.0738	0.1951	24.2336	23.7419
1.4650	3.0734	0.2024	24.3905	23.8335
1.4655	3.0730	0.2046	24.3473	23.8953
1.4660	3.0725	0.2118	24.1293	23.9016
1.4665	3.0717	0.2212	24.0742	23.9360
1.4670	3.0713	0.2225	24.2030	23.9487
1.4675	3.0710	0.2269	24.1884	23.9378
1.4680	3.0709	0.2274	23.9373	23.9008
1.4685	3.0707	0.2324	23.8038	23.8776
1.4690	3.0700	0.2366	23.9135	23.8862
1.4695	3.0697	0.2467	23.9258	23.8819
1.4700	3.0689	0.2498	23.6842	23.8620
1.4705	3.0689	0.2561	23.5517	23.8362
1.4710	3.0689	0.2521	23.4993	23.8379
1.4715	3.0679	0.2573	22.9768	23.8239
1.4720	3.0675	0.2653	22.8614	23.8072
1.4725	3.0672	0.2665	22.7743	23.8227
1.4730	3.0672	0.2636	22.8467	23.8151
1.4735	3.0678	0.2659	23.0174	23.7521
1.4740	3.0683	0.2636	23.0015	23.7100
1.4745	3.0684	0.2526	22.9065	23.6781
1.4750	3.0683	0.2585	22.9576	23.6417
1.4755	3.0682	0.2564	23.1676	23.6075
1.4760	3.0681	0.2582	23.2355	23.6235
1.4765	3.0690	0.2518	23.1535	23.6416
1.4770	3.0688	0.2462	23.1688	23.7034
1.4775	3.0696	0.2436	23.3489	23.7441
1.4780	3.0702	0.2356	23.4600	23.7827
1.4785	3.0706	0.2377	23.3953	23.7919
1.4790	3.0705	0.2340	23.3823	23.7832
1.4795	3.0700	0.2351	23.5625	23.7991
1.4800	3.0705	0.2334	23.6671	23.8127
1.4805	3.0716	0.2275	23.6005	23.8105
1.4810	3.0724	0.2162	23.5896	23.7866
1.4815	3.0720	0.2157	23.7502	23.7950
1.4820	3.0714	0.2259	23.8853	23.8178
1.4825	3.0716	0.2198	23.8544	23.8343
1.4830	3.0716	0.2259	23.8179	23.8382
1.4835	3.0710	0.2257	23.9194	23.8097
1.4840	3.0714	0.2205	24.0409	23.7515
1.4845	3.0723	0.2203	24.0259	23.6857
1.4850	3.0719	0.2169	23.9338	23.6305
1.4855	3.0716	0.2241	23.9796	23.6036
1.4860	3.0717	0.2150	24.1215	23.6002
1.4865	3.0719	0.2145	24.1389	23.6263
1.4870	3.0727	0.2163	24.0476	23.6872
1.4875	3.0713	0.2236	24.0874	23.7403
1.4880	3.0713	0.2237	24.2349	23.7494
1.4885	3.0717	0.2219	24.2506	23.7497
1.4890	3.0717	0.2195	24.1163	23.7144
1.4895	3.0721	0.2185	23.9611	23.7216
1.4900	3.0718	0.2145	24.1618	23.7367
1.4905	3.0718	0.2205	24.1095	23.7667
1.4910	3.0710	0.2232	24.0091	23.7751
1.4915	3.0716	0.2287	23.9784	23.7408
1.4920	3.0716	0.2249	24.1141	23.7321
1.4925	3.0713	0.2246	24.0725	23.8477
1.4930	3.0713	0.2242	23.8634	23.9256
1.4935	3.0707	0.2283	23.7391	23.9490
1.4940	3.0706	0.2306	23.8853	23.9441
1.4945	3.0703	0.2335	24.0066	23.9184
1.4950	3.0703	0.2326	23.8759	23.8934
1.4955	3.0704	0.2386	23.8867	23.8418
1.4960	3.0696	0.2421	24.1119	23.7930
1.4965	3.0683	0.2534	24.2348	23.7337
1.4970	3.0672	0.2648	24.0978	23.7117
1.4975	3.0667	0.2752	24.0511	23.7133
1.4980	3.0657	0.2769	24.2356	23.7583
1.4985	3.0669	0.2747	24.3693	23.8024
1.4990	3.0671	0.2725	24.2368	23.8691
1.4995	3.0676	0.2663	24.1307	23.9205
1.5000	3.0683	0.2593	24.2641	23.8992
1.5005	3.0677	0.2609	24.4055	23.8222
1.5010	3.0675	0.2677	24.3094	23.7450
1.5015	3.0665	0.2713	24.1914	23.7082
1.5020	3.0673	0.2652	24.2501	23.7252
1.5025	3.0680	0.2616	24.3706	23.7982
1.5030	3.0686	0.2560	24.2916	23.8542
1.5035	3.0693	0.2404	24.1392	23.8615
1.5040	3.0702	0.2395	24.1231	23.8625
1.5045	3.0707	0.2288	24.2160	23.8973
1.5050	3.0720	0.2211	24.1338	23.8965
1.5055	3.0721	0.2123	23.9697	23.9025
1.5060	3.0725	0.2121	23.9065	23.8535
1.5065	3.0723	0.2161	23.9705	23.8156
1.5070	3.0718	0.2205	23.8585	23.7918
1.5075	3.0717	0.2210	23.7075	23.8074
1.5080	3.0711	0.2254	23.5965	23.8671
1.5085	3.0710	0.2287	23.7208	23.8520
1.5090	3.0706	0.2317	23.2354	23.8262
1.5095	3.0702	0.2355	22.7082	23.7845
1.5100	3.0703	0.2375	22.7949	23.7507
1.5105	3.0705	0.2303	22.8609	23.7712
1.5110	3.0706	0.2328	22.9689	23.7954
1.5115	3.0703	0.2372	22.9111	23.8397
1.5120	3.0694	0.2377	22.8844	23.8692
1.5125	3.0704	0.2319	22.9844	23.8515
1.5130	3.0705	0.2337	23.1039	23.7853
1.5135	3.0707	0.2329	23.0792	23.7201
1.5140	3.0705	0.2306	23.0787	23.6836
1.5145	3.0714	0.2254	23.1668	23.6499
1.5150	3.0710	0.2241	23.3168	23.6271
1.5155	3.0712	0.2275	23.3471	23.6420
1.5160	3.0712	0.2269	23.3133	23.6419
1.5165	3.0715	0.2213	23.3637	23.6432
1.5170	3.0710	0.2242	23.4995	23.7566
1.5175	3.0699	0.2364	23.5558	23.8176
1.5180	3.0689	0.2508	23.5313	23.8236
1.5185	3.0680	0.2583	23.5538	23.8190
1.5190	3.0682	0.2595	23.6911	23.7795
1.5195	3.0677	0.2638	23.8024	23.7295
1.5200	3.0678	0.2697	23.7715	23.6972
1.5205	3.0661	0.2770	23.7558	23.7041
1.5210	3.0659	0.2821	23.8842	23.6893
1.5215	3.0658	0.2788	23.9963	23.6629
1.5220	3.0665	0.2773	23.9457	23.6434
1.5225	3.0666	0.2721	23.8781	23.6584
1.5230	3.0668	0.2701	23.9692	23.7275
1.5235	3.0666	0.2750	24.1211	23.7917
1.5240	3.0664	0.2786	24.0732	23.8924
1.5245	3.0660	0.2800	23.9509	23.9091
1.5250	3.0664	0.2803	24.0155	23.8490
1.5255	3.0666	0.2691	24.2133	23.7574
1.5260	3.0670	0.2726	24.2190	23.6591
1.5265	3.0670	0.2732	24.0912	23.6097
1.5270	3.0679	0.2635	24.0732	23.5773
1.5275	3.0686	0.2528	24.2555	23.5923
1.5280	3.0688	0.2524	24.1557	23.6207
1.5285	3.0694	0.2443	23.9782	23.6647
1.5290	3.0705	0.2350	23.9603	23.6819
1.5295	3.0713	0.2259	24.0688	23.7207
1.5300	3.0719	0.2177	24.1448	23.7725
1.5305	3.0715	0.2206	23.9578	23.8712
1.5310	3.0713	0.2183	23.8293	23.9069
1.5315	3.0712	0.2286	23.8868	23.8951
1.5320	3.0705	0.2292	23.9257	23.8778
1.5325	3.0709	0.2300	23.8560	23.8632
1.5330	3.0709	0.2252	23.8269	23.9182
1.5335	3.0710	0.2269	23.9623	23.8993
1.5340	3.0706	0.2387	24.1280	23.8360
1.5345	3.0705	0.2334	24.0919	23.7914
1.5350	3.0703	0.2375	23.9974	23.7872
1.5355	3.0697	0.2416	24.0941	23.8151
1.5360	3.0694	0.2468	24.2757	23.8242
1.5365	3.0687	0.2535	24.2525	23.8943
1.5370	3.0685	0.2562	24.1162	23.9526
1.5375	3.0684	0.2590	24.1661	23.9117
1.5380	3.0685	0.2577	24.3402	23.8504
1.5385	3.0682	0.2586	24.3163	23.7844
1.5390	3.0682	0.2565	24.1556	23.7455
1.5395	3.0685	0.2503	24.1757	23.7128
1.5400	3.0690	0.2486	24.3448	23.6870
1.5405	3.0692	0.2436	24.3187	23.6846
1.5410	3.0704	0.2365	24.1251	23.6933
1.5415	3.0698	0.2428	24.0744	23.7657
1.5420	3.0687	0.2491	24.2245	23.8056
1.5425	3.0684	0.2514	24.2026	23.8439
1.5430	3.0683	0.2592	23.9543	23.8783
1.5435	3.0686	0.2590	23.8412	23.8536
1.5440	3.0675	0.2608	23.9701	23.8590
1.5445	3.0683	0.2620	23.9640	23.8534
1.5450	3.0672	0.2641	23.7277	23.8708
1.5455	3.0672	0.2697	23.5659	23.8978
1.5460	3.0668	0.2733	23.6234	23.8692
1.5465	3.0667	0.2701	22.9210	23.8325
1.5470	3.0680	0.2524	22.6828	23.8074
1.5475	3.0694	0.2496	22.6663	23.7654
1.5480	3.0699	0.2440	22.8069	23.7646
1.5485	3.0700	0.2307	22.9595	23.7769
1.5490	3.0705	0.2358	22.8644	23.7800
1.5495	3.0701	0.2369	22.7808	23.8208
1.5500	3.0704	0.2343	22.9140	23.7664
1.5505	3.0710	0.2316	23.0724	23.7181
1.5510	3.0704	0.2302	23.0567	23.6741
1.5515	3.0708	0.2279	22.9723	23.6490
1.5520	3.0696	0.2328	23.0827	23.6361
1.5525	3.0705	0.2311	23.2787	23.6600
1.5530	3.0712	0.2243	23.2994	23.7008
1.5535	3.0710	0.2246	23.2206	23.7118
1.5540	3.0720	0.2236	23.2776	23.7863
1.5545	3.0717	0.2147	23.4558	23.8231
1.5550	3.0719	0.2190	23.5141	23.8179
1.5555	3.0710	0.2305	23.4409	23.8108
1.5560	3.0699	0.2353	23.4630	23.8439
1.5565	3.0695	0.2476	23.6501	23.8662
1.5570	3.0691	0.2458	23.7705	23.8860
1.5575	3.0686	0.2525	23.6990	23.9249
1.5580	3.0680	0.2612	23.6584	23.9585
1.5585	3.0672	0.2667	23.8258	23.9778
1.5590	3.0680	0.2621	23.9845	23.9695
1.5595	3.0683	0.2579	23.9055	23.9174
1.5600	3.0683	0.2582	23.8136	23.8512
1.5605	3.0696	0.2450	23.9345	23.8257
1.5610	3.0704	0.2357	24.0794	23.7818
1.5615	3.0710	0.2299	24.0227	23.8017
1.5620	3.0721	0.2164	23.9302	23.8732
1.5625	3.0725	0.2117	24.0147	23.8696
1.5630	3.0732	0.2104	24.1625	23.8234
1.5635	3.0734	0.2071	24.1608	23.8028
1.5640	3.0726	0.2065	24.0619	23.7691
1.5645	3.0729	0.2106	24.1053	23.7677
1.5650	3.0717	0.2136	24.2171	23.7823
1.5655	3.0705	0.2293	24.2270	23.8258
1.5660	3.0699	0.2315	24.1033	23.8580
1.5665	3.0703	0.2358	24.0911	23.9325
1.5670	3.0697	0.2378	24.1170	23.9229
1.5675	3.0696	0.2461	23.9235	23.9133
1.5680	3.0689	0.2481	23.8317	23.9201
1.5685	3.0690	0.2512	23.8020	23.9192
1.5690	3.0678	0.2552	23.9262	23.9648
1.5695	3.0686	0.2537	23.9679	23.9574
1.5700	3.0690	0.2508	23.8538	23.9338
1.5705	3.0698	0.2452	23.8218	23.9191
1.5710	3.0714	0.2270	24.0135	23.9867
1.5715	3.0732	0.2090	24.1262	23.9657
1.5720	3.0737	0.1975	24.0459	23.8956
1.5725	3.0747	0.1876	24.0196	23.8173
1.5730	3.0740	0.1914	24.1909	23.7708
1.5735	3.0739	0.2012	24.3052	23.7724
1.5740	3.0751	0.1914	24.2107	23.8004
1.5745	3.0749	0.1866	24.1340	23.8358
1.5750	3.0733	0.1981	24.2791	23.8407
1.5755	3.0720	0.2151	24.4107	23.8478
1.5760	3.0711	0.2297	24.3360	23.8138
1.5765	3.0724	0.2245	24.2242	23.7932
1.5770	3.0718	0.2151	24.3190	23.7749
1.5775	3.0725	0.2152	24.4267	23.7572
1.5780	3.0726	0.2094	24.3477	23.8049
1.5785	3.0719	0.2177	24.2094	23.8167
1.5790	3.0726	0.2158	24.2601	23.8095
1.5795	3.0724	0.2108	24.3485	23.7991
1.5800	3.0725	0.2126	24.2433	23.7695
1.5805	3.0737	0.2015	24.0617	23.7877
1.5810	3.0727	0.2060	24.0662	23.7635
1.5815	3.0736	0.2064	24.1424	23.7327
1.5820	3.0733	0.2033	24.0440	23.7317
1.5825	3.0727	0.2119	23.8317	23.7198
1.5830	3.0723	0.2126	23.8077	23.7559
1.5835	3.0717	0.2170	23.6517	23.8145
1.5840	3.0706	0.2275	23.5134	23.8516
1.5845	3.0694	0.2417	23.4063	23.8127
1.5850	3.0696	0.2407	23.3196	23.7437
1.5855	3.0706	0.2340	23.1114	23.6892
1.5860	3.0704	0.2331	22.8494	23.6384
1.5865	3.0703	0.2344	22.7751	23.6562
1.5870	3.0711	0.2284	22.8247	23.6527
1.5875	3.0713	0.2232	22.9828	23.6581
1.5880	3.0719	0.2186	23.0501	23.6526
1.5885	3.0727	0.2092	22.9852	23.6279
1.5890	3.0728	0.2051	22.9971	23.6363
1.5895	3.0715	0.2220	23.1508	23.6469
1.5900	3.0713	0.2237	23.2426	23.6799
1.5905	3.0707	0.2257	23.2038	23.8232
1.5910	3.0709	0.2299	23.2003	23.8880
1.5915	3.0705	0.2343	23.3375	23.8391
1.5920	3.0695	0.2462	23.4406	23.7763
1.5925	3.0688	0.2505	23.4110	23.7244
1.5930	3.0682	0.2585	23.4159	23.6822
1.5935	3.0685	0.2569	23.5436	23.6490
1.5940	3.0680	0.2585	23.6357	23.6720
1.5945	3.0682	0.2585	23.6158	23.6920
1.5950	3.0696	0.2446	23.6385	23.7099
1.5955	3.0708	0.2284	23.7695	23.7584
1.5960	3.0708	0.2328	23.8476	23.8033
1.5965	3.0713	0.2263	23.8125	23.8177
1.5970	3.0720	0.2208	23.8204	23.8565
1.5975	3.0727	0.2143	23.9421	23.8385
1.5980	3.0733	0.2048	24.0035	23.7971
1.5985	3.0736	0.2000	23.9378	23.7588
1.5990	3.0731	0.2099	23.9185	23.7795
1.5995	3.0724	0.2101	24.0384	23.8074
1.6000	3.0735	0.2002	24.1115	23.8066
1.6005	3.0731	0.2065	24.0594	23.7670
1.6010	3.0735	0.1992	24.0206	23.7233
1.6015	3.0739	0.1960	24.1401	23.6764
1.6020	3.0736	0.2013	24.2475	23.6620
1.6025	3.0730	0.2063	24.2024	23.7078
1.6030	3.0735	0.2027	24.0949	23.7741
1.6035	3.0730	0.2068	24.1658	23.8164
1.6040	3.0725	0.2104	24.2473	23.8143
1.6045	3.0720	0.2182	24.2365	23.8049
1.6050	3.0711	0.2203	23.8789	23.8031
1.6055	3.0717	0.2256	23.6262	23.7869
1.6060	3.0712	0.2280	23.7997	23.7390
1.6065	3.0714	0.2254	23.8293	23.6838
1.6070	3.0709	0.2269	23.7698	23.6765
1.6075	3.0703	0.2359	23.7963	23.7434
1.6080	3.0713	0.2234	23.9946	23.7607
1.6085	3.0711	0.2216	24.0936	23.7625
1.6090	3.0710	0.2310	24.0306	23.7836
1.6095	3.0705	0.2311	24.0149	23.7278
1.6100	3.0709	0.2288	24.1738	23.6743
1.6105	3.0714	0.2252	24.2846	23.7171
1.6110	3.0717	0.2217	24.2038	23.7867
1.6115	3.0719	0.2192	24.1617	23.7965
1.6120	3.0718	0.2169	24.3297	23.7970
1.6125	3.0714	0.2222	24.4464	23.7719
1.6130	3.0713	0.2258	24.3317	23.7374
1.6135	3.0707	0.2346	24.2179	23.6827
1.6140	3.0700	0.2355	24.3347	23.6397
1.6145	3.0699	0.2401	24.4887	23.5966
1.6150	3.0698	0.2402	24.4177	23.6391
1.6155	3.0696	0.2430	24.2644	23.6725
1.6160	3.0687	0.2510	24.3159	23.6999
1.6165	3.0683	0.2561	24.4535	23.6859
1.6170	3.0672	0.2679	24.3786	23.6536
1.6175	3.0671	0.2722	24.2116	23.6294
1.6180	3.0662	0.2744	24.1795	23.6353
1.6185	3.0667	0.2746	24.2626	23.6480
1.6190	3.0672	0.2701	24.1864	23.6588
1.6195	3.0676	0.2656	24.0068	23.6893
1.6200	3.0674	0.2705	23.9154	23.7333
1.6205	3.0675	0.2697	23.9978	23.7993
1.6210	3.0664	0.2762	23.8744	23.8094
1.6215	3.0665	0.2768	23.5003	23.7805
1.6220	3.0668	0.2773	23.4720	23.7566
1.6225	3.0666	0.2762	23.5185	23.7407
1.6230	3.0665	0.2726	23.5117	23.7161
1.6235	3.0663	0.2779	23.3450	23.7060
1.6240	3.0675	0.2708	22.9122	23.7276
1.6245	3.0684	0.2613	22.8125	23.7423
1.6250	3.0678	0.2605	23.0171	23.7759
1.6255	3.0674	0.2631	23.0033	23.8608
1.6260	3.0686	0.2514	22.9733	23.8361
1.6265	3.0698	0.2415	23.0003	23.7770
1.6270	3.0712	0.2275	23.1594	23.7153
1.6275	3.0708	0.2270	23.2212	23.7045
1.6280	3.0722	0.2126	23.1837	23.7296
1.6285	3.0723	0.2136	23.1954	23.7472
1.6290	3.0723	0.2137	23.3483	23.7533
1.6295	3.0728	0.2112	23.4444	23.7465
1.6300	3.0725	0.2060	23.4135	23.7445
1.6305	3.0731	0.2051	23.4027	23.7602
1.6310	3.0737	0.1997	23.5181	23.7605
1.6315	3.0738	0.2006	23.6247	23.7761
1.6320	3.0729	0.2045	23.6382	23.7832
1.6325	3.0729	0.2079	23.6356	23.8390
1.6330	3.0721	0.2127	23.7178	23.8510
1.6335	3.0719	0.2204	23.8257	23.8465
1.6340	3.0722	0.2158	23.8667	23.9033
1.6345	3.0719	0.2240	23.8516	23.9647
1.6350	3.0709	0.2351	23.8830	23.8980
1.6355	3.0709	0.2337	23.9685	23.8421
1.6360	3.0702	0.2349	24.0029	23.7951
1.6365	3.0701	0.2361	23.9636	23.7691
1.6370	3.0696	0.2391	23.9684	23.7978
1.6375	3.0701	0.2359	24.0524	23.8303
1.6380	3.0700	0.2332	24.1222	23.8693
1.6385	3.0702	0.2356	24.0936	23.8716
1.6390	3.0702	0.2365	24.0812	23.8374
1.6395	3.0704	0.2317	24.1443	23.7530
1.6400	3.0708	0.2319	24.2260	23.7015
1.6405	3.0701	0.2393	24.1900	23.6901
1.6410	3.0690	0.2477	24.1579	23.7018
1.6415	3.0687	0.2547	24.1780	23.7424
1.6420	3.0677	0.2613	24.2323	23.7785
1.6425	3.0676	0.2626	23.7798	23.7568
1.6430	3.0675	0.2685	23.5815	23.7503
1.6435	3.0674	0.2641	23.7046	23.8240
1.6440	3.0677	0.2615	23.7953	23.8516
1.6445	3.0670	0.2715	23.8542	23.8234
1.6450	3.0666	0.2754	23.8280	23.7804
1.6455	3.0671	0.2673	23.8644	23.7272
1.6460	3.0671	0.2637	23.9660	23.7235
1.6465	3.0684	0.2582	24.0579	23.7116
1.6470	3.0695	0.2404	24.0635	23.6748
1.6475	3.0704	0.2303	24.0692	23.6738
1.6480	3.0708	0.2298	24.1378	23.6395
1.6485	3.0715	0.2207	24.2282	23.6032
1.6490	3.0724	0.2130	24.2612	23.6325
1.6495	3.0721	0.2119	24.2580	23.7495
1.6500	3.0738	0.1980	24.2855	23.7692
1.6505	3.0730	0.2127	24.3638	23.7900
1.6510	3.0723	0.2103	24.3673	23.7751
1.6515	3.0724	0.2166	24.3170	23.7196
1.6520	3.0722	0.2121	24.3196	23.6397
1.6525	3.0727	0.2159	24.3750	23.5949
1.6530	3.0726	0.2130	24.3943	23.5813
1.6535	3.0716	0.2189	24.3636	23.6045
1.6540	3.0714	0.2177	24.3295	23.6489
1.6545	3.0713	0.2216	24.3176	23.6888
1.6550	3.0715	0.2232	24.2899	23.7078
1.6555	3.0716	0.2215	24.2496	23.7454
1.6560	3.0711	0.2233	24.1801	23.7399
1.6565	3.0704	0.2332	24.1425	23.8030
1.6570	3.0703	0.2340	24.1193	23.8240
1.6575	3.0706	0.2290	24.0508	23.8055
1.6580	3.0706	0.2362	23.9114	23.7901
1.6585	3.0703	0.2322	23.8674	23.7898
1.6590	3.0700	0.2375	23.8241	23.7803
1.6595	3.0698	0.2416	23.7782	23.7633
1.6600	3.0689	0.2483	23.5526	23.7430
1.6605	3.0693	0.2466	23.4076	23.7085
1.6610	3.0693	0.2482	23.5091	23.6952
1.6615	3.0687	0.2487	23.4034	23.6777
1.6620	3.0682	0.2519	23.2737	23.7028
1.6625	3.0681	0.2591	23.1611	23.7826
1.6630	3.0678	0.2572	23.0002	23.8482
1.6635	3.0678	0.2597	22.9484	23.8841
1.6640	3.0680	0.2627	22.9870	23.8631
1.6645	3.0682	0.2540	22.9891	23.8283
1.6650	3.0679	0.2624	23.1261	23.7947
1.6655	3.0672	0.2671	23.2110	23.7813
1.6660	3.0671	0.2621	23.2017	23.7960
1.6665	3.0670	0.2676	23.1708	23.8142
1.6670	3.0673	0.2669	23.2938	23.8294
1.6675	3.0674	0.2697	23.4367	23.8424
1.6680	3.0676	0.2659	23.4333	23.8321
1.6685	3.0680	0.2602	23.3695	23.8248
1.6690	3.0687	0.2543	23.4472	23.8324
1.6695	3.0689	0.2522	23.6197	23.8623
1.6700	3.0681	0.2592	23.6660	23.8577
1.6705	3.0676	0.2634	23.6031	23.8805
1.6710	3.0676	0.2672	23.6572	23.8855
1.6715	3.0673	0.2708	23.8387	23.8843
1.6720	3.0663	0.2756	23.8790	23.8894
1.6725	3.0663	0.2791	23.7733	23.8369
1.6730	3.0677	0.2673	23.8077	23.7717
1.6735	3.0689	0.2534	23.9993	23.7137
1.6740	3.0704	0.2376	24.0096	23.6864
1.6745	3.0708	0.2306	23.8821	23.6710
1.6750	3.0722	0.2186	23.8864	23.6434
1.6755	3.0724	0.2127	24.0696	23.6466
1.6760	3.0726	0.2087	24.1100	23.6786
1.6765	3.0732	0.2020	24.0281	23.7563
1.6770	3.0737	0.1992	23.9961	23.8015
1.6775	3.0731	0.2052	24.1752	23.8559
1.6780	3.0735	0.2048	24.1944	23.8691
1.6785	3.0731	0.2095	24.1606	23.8627
1.6790	3.0732	0.2062	23.7954	23.8774
1.6795	3.0729	0.2032	23.3139	23.8151
1.6800	3.0728	0.2107	23.5325	23.7519
1.6805	3.0720	0.2155	23.4677	23.7070
1.6810	3.0717	0.2140	23.4958	23.7119
1.6815	3.0717	0.2177	23.6263	23.7238
1.6820	3.0721	0.2205	23.8119	23.7748
1.6825	3.0719	0.2192	23.7654	23.8231
1.6830	3.0719	0.2250	23.7131	23.8339
1.6835	3.0716	0.2225	23.8325	23.8619
1.6840	3.0710	0.2270	24.0275	23.8614
1.6845	3.0706	0.2334	24.0296	23.8493
1.6850	3.0699	0.2401	23.9554	23.8051
1.6855	3.0695	0.2438	24.0306	23.7532
1.6860	3.0688	0.2490	24.2165	23.7212
1.6865	3.0687	0.2570	24.2280	23.7344
1.6870	3.0677	0.2606	24.1241	23.7402
1.6875	3.0680	0.2641	24.1698	23.7656
1.6880	3.0675	0.2626	24.3419	23.8009
1.6885	3.0669	0.2681	24.3639	23.8348
1.6890	3.0664	0.2754	24.2258	23.8418
1.6895	3.0664	0.2739	24.2137	23.8165
1.6900	3.0667	0.2722	24.3631	23.8207
1.6905	3.0672	0.2693	24.4046	23.7909
1.6910	3.0679	0.2561	24.2777	23.7836
1.6915	3.0681	0.2617	24.2329	23.8341
1.6920	3.0687	0.2572	24.3355	23.8708
1.6925	3.0686	0.2540	24.3667	23.8941
1.6930	3.0680	0.2574	24.2037	23.8921
1.6935	3.0686	0.2522	24.1022	23.8410
1.6940	3.0694	0.2439	24.1539	23.9033
1.6945	3.0702	0.2353	24.1791	23.9360
1.6950	3.0704	0.2434	23.9985	23.9089
1.6955	3.0706	0.2261	23.8622	23.9044
1.6960	3.0726	0.2122	23.8577	23.8783
1.6965	3.0736	0.2008	23.8991	23.8690
1.6970	3.0733	0.2059	23.7302	23.8576
1.6975	3.0732	0.2036	23.6183	23.8581
1.6980	3.0726	0.2047	23.3526	23.8539
1.6985	3.0730	0.2100	23.2006	23.8690
1.6990	3.0727	0.2124	23.2376	23.8908
1.6995	3.0725	0.2098	23.0549	23.9063
1.7000	3.0726	0.2092	23.0883	23.9274
1.7005	3.0728	0.2070	23.1480	23.8952
1.7010	3.0730	0.2077	23.0023	23.9523
1.7015	3.0726	0.2109	22.9445	23.9069
1.7020	3.0722	0.2092	22.9650	23.8271
1.7025	3.0727	0.2139	23.0948	23.7838
1.7030	3.0718	0.2101	23.2116	23.8293
1.7035	3.0728	0.2126	23.1908	23.8736
1.7040	3.0733	0.2034	23.1838	23.9298
1.7045	3.0738	0.1936	23.2823	23.9592
1.7050	3.0746	0.1906	23.4166	23.9578
1.7055	3.0743	0.1888	23.4329	23.8840
1.7060	3.0735	0.1978	23.4105	23.7991
1.7065	3.0732	0.2055	23.4844	23.8135
1.7070	3.0739	0.2001	23.6092	23.8282
1.7075	3.0741	0.1953	23.6533	23.8581
1.7080	3.0732	0.2025	23.6266	23.8779
1.7085	3.0727	0.2065	23.6854	23.9131
1.7090	3.0727	0.2132	23.8271	23.9782
1.7095	3.0721	0.2144	23.9000	24.0215
1.7100	3.0717	0.2215	23.8673	24.0125
1.7105	3.0707	0.2313	23.8709	23.9493
1.7110	3.0699	0.2351	23.9572	23.8627
1.7115	3.0687	0.2450	24.0328	23.7669
1.7120	3.0686	0.2486	23.9897	23.7089
1.7125	3.0684	0.2553	23.9677	23.6633
1.7130	3.0682	0.2629	24.0403	23.6735
1.7135	3.0668	0.2720	24.1354	23.6506
1.7140	3.0664	0.2757	24.0997	23.6528
1.7145	3.0657	0.2866	24.0765	23.6499
1.7150	3.0665	0.2779	24.1181	23.6648
1.7155	3.0677	0.2659	24.2588	23.6626
1.7160	3.0682	0.2560	24.1295	23.7633
1.7165	3.0687	0.2541	23.9468	23.7935
1.7170	3.0687	0.2512	23.9959	23.7740
1.7175	3.0694	0.2505	24.0559	23.7519
1.7180	3.0692	0.2463	24.0865	23.7093
1.7185	3.0687	0.2531	23.9964	23.7182
1.7190	3.0692	0.2550	23.9680	23.7333
1.7195	3.0704	0.2334	24.0067	23.7695
1.7200	3.0708	0.2289	23.8186	23.7987
1.7205	3.0724	0.2145	23.6855	23.8269
1.7210	3.0718	0.2200	23.8096	23.8469
1.7215	3.0720	0.2191	23.8995	23.8753
1.7220	3.0715	0.2203	23.9823	23.8809
1.7225	3.0721	0.2157	23.9622	23.8458
1.7230	3.0726	0.2182	24.0292	23.8258
1.7235	3.0722	0.2156	24.1373	23.7628
1.7240	3.0719	0.2181	24.1783	23.7130
1.7245	3.0707	0.2272	24.1386	23.7163
1.7250	3.0714	0.2188	24.1651	23.7294
1.7255	3.0713	0.2209	24.2546	23.7690
1.7260	3.0717	0.2194	24.2884	23.7507
1.7265	3.0715	0.2268	24.2557	23.7165
1.7270	3.0726	0.2139	24.2552	23.6625
1.7275	3.0725	0.2118	24.3011	23.6102
1.7280	3.0728	0.2124	24.3278	23.5988
1.7285	3.0731	0.2101	24.2967	23.5969
1.7290	3.0724	0.2135	24.2619	23.7273
1.7295	3.0726	0.2101	24.2902	23.8588
1.7300	3.0730	0.2111	24.3140	23.9348
1.7305	3.0730	0.2033	24.2566	23.9398
1.7310	3.0728	0.2111	24.1435	23.9523
1.7315	3.0725	0.2139	24.1264	23.9533
1.7320	3.0725	0.2142	24.1152	23.9454
1.7325	3.0720	0.2180	24.0656	23.9230
1.7330	3.0714	0.2236	23.9399	23.8890
1.7335	3.0713	0.2232	23.8843	23.9132
1.7340	3.0704	0.2295	23.8445	23.9284
1.7345	3.0695	0.2408	23.8190	23.9370
1.7350	3.0692	0.2472	23.6570	23.9031
1.7355	3.0687	0.2527	23.6065	23.9173
1.7360	3.0684	0.2592	23.2136	23.8904
1.7365	3.0676	0.2597	22.8335	23.8632
1.7370	3.0682	0.2624	22.9230	23.8411
1.7375	3.0678	0.2655	22.7988	23.8361
1.7380	3.0680	0.2682	22.8573	23.7603
1.7385	3.0681	0.2631	22.9512	23.7130
1.7390	3.0689	0.2558	23.0279	23.6792
1.7395	3.0692	0.2470	22.9809	23.6703
1.7400	3.0690	0.2538	23.0037	23.6612
1.7405	3.0685	0.2510	23.1506	23.6611
1.7410	3.0684	0.2523	23.2583	23.6957
1.7415	3.0687	0.2539	23.2153	23.7372
1.7420	3.0689	0.2461	23.2109	23.7740
1.7425	3.0691	0.2429	23.3436	23.8023
1.7430	3.0699	0.2381	23.4845	23.8148
1.7435	3.0698	0.2347	23.4656	23.7824
1.7440	3.0701	0.2422	23.4259	23.7856
1.7445	3.0702	0.2393	23.5366	23.8090
1.7450	3.0700	0.2341	23.6867	23.8275
1.7455	3.0709	0.2301	23.6962	23.8170
1.7460	3.0714	0.2288	23.6388	23.8394
1.7465	3.0710	0.2269	23.7509	23.8671
1.7470	3.0714	0.2240	23.9158	23.8894
1.7475	3.0711	0.2296	23.9336	23.8741
1.7480	3.0704	0.2281	23.8557	23.8473
1.7485	3.0699	0.2337	23.9123	23.7758
1.7490	3.0704	0.2322	24.0569	23.7122
1.7495	3.0707	0.2322	24.0851	23.6458
1.7500	3.0704	0.2331	23.9680	23.6268
1.7505	3.0702	0.2343	24.0027	23.6218
1.7510	3.0704	0.2308	24.1603	23.6423
1.7515	3.0706	0.2307	24.2091	23.7002
1.7520	3.0705	0.2340	24.0825	23.7677
1.7525	3.0701	0.2341	24.0995	23.7785
1.7530	3.0709	0.2340	24.2372	23.7670
1.7535	3.0708	0.2311	24.3579	23.7387
1.7540	3.0715	0.2299	24.0755	23.7307
1.7545	3.0709	0.2253	23.9531	23.7308
1.7550	3.0706	0.2370	24.1635	23.7470
1.7555	3.0699	0.2346	24.2005	23.7811
1.7560	3.0697	0.2412	24.0813	23.8073
1.7565	3.0699	0.2384	23.9343	23.7743
1.7570	3.0694	0.2431	24.0820	23.8458
1.7575	3.0694	0.2462	24.1196	23.9370
1.7580	3.0699	0.2377	23.9148	23.9567
1.7585	3.0695	0.2440	23.6723	23.9472
1.7590	3.0696	0.2437	23.8862	23.9005
1.7595	3.0697	0.2415	24.0972	23.8781
1.7600	3.0700	0.2381	24.0313	23.8478
1.7605	3.0696	0.2402	23.9173	23.8113
1.7610	3.0690	0.2497	24.0647	23.7752
1.7615	3.0683	0.2576	24.2920	23.7447
1.7620	3.0672	0.2643	24.2607	23.7453
1.7625	3.0671	0.2692	24.0926	23.7792
1.7630	3.0672	0.2667	24.1840	23.8167
1.7635	3.0679	0.2629	24.4090	23.8623
1.7640	3.0684	0.2622	24.3819	23.9078
1.7645	3.0685	0.2561	24.1907	23.9089
1.7650	3.0692	0.2499	24.2290	23.8546
1.7655	3.0688	0.2533	24.4399	23.7555
1.7660	3.0686	0.2549	24.4475	23.7101
1.7665	3.0692	0.2508	24.2586	23.7119
1.7670	3.0698	0.2396	24.2342	23.7644
1.7675	3.0696	0.2381	24.3950	23.8581
1.7680	3.0710	0.2292	24.3990	23.8983
1.7685	3.0715	0.2211	24.1828	23.8963
1.7690	3.0717	0.2211	24.0759	23.9125
1.7695	3.0729	0.2110	24.1954	23.9197
1.7700	3.0728	0.2104	24.2281	23.9081
1.7705	3.0732	0.2062	24.0136	23.8655
1.7710	3.0732	0.2076	23.8728	23.8122
1.7715	3.0726	0.2103	23.9386	23.7807
1.7720	3.0723	0.2098	23.9709	23.7892
1.7725	3.0717	0.2192	23.7544	23.8444
1.7730	3.0719	0.2157	23.5997	23.8700
1.7735	3.0715	0.2182	23.5609	23.8540
1.7740	3.0714	0.2275	22.9994	23.8083
1.7745	3.0718	0.2250	22.8477	23.7635
1.7750	3.0718	0.2195	22.7913	23.7470
1.7755	3.0722	0.2111	22.9183	23.7589
1.7760	3.0720	0.2139	23.0828	23.7982
1.7765	3.0718	0.2192	23.0126	23.8206
1.7770	3.0722	0.2183	22.9234	23.8195
1.7775	3.0719	0.2256	23.0441	23.7760
1.7780	3.0716	0.2172	23.1895	23.7327
1.7785	3.0714	0.2213	23.1948	23.7124
1.7790	3.0712	0.2243	23.1421	23.6919
1.7795	3.0708	0.2340	23.2370	23.6692
1.7800	3.0705	0.2313	23.4149	23.6633
1.7805	3.0705	0.2360	23.4599	23.6499
1.7810	3.0697	0.2385	23.3746	23.6293
1.7815	3.0697	0.2420	23.4241	23.7204
1.7820	3.0687	0.2486	23.6209	23.7708
1.7825	3.0680	0.2603	23.6816	23.7778
1.7830	3.0678	0.2637	23.5846	23.7904
1.7835	3.0678	0.2605	23.6277	23.7527
1.7840	3.0679	0.2584	23.8315	23.7175
1.7845	3.0679	0.2634	23.9271	23.6820
1.7850	3.0669	0.2729	23.8366	23.6951
1.7855	3.0665	0.2815	23.8329	23.6947
1.7860	3.0659	0.2821	24.0094	23.6748
1.7865	3.0660	0.2810	24.0956	23.6392
1.7870	3.0661	0.2835	23.9836	23.6367
1.7875	3.0661	0.2801	23.9282	23.6775
1.7880	3.0661	0.2793	24.0909	23.7235
1.7885	3.0664	0.2797	24.2168	23.8180
1.7890	3.0659	0.2835	24.1253	23.8710
1.7895	3.0660	0.2800	24.0181	23.8310
1.7900	3.0666	0.2761	24.1534	23.7608
1.7905	3.0669	0.2741	24.3235	23.6692
1.7910	3.0669	0.2787	24.2840	23.6168
1.7915	3.0673	0.2682	24.1283	23.5808
1.7920	3.0683	0.2615	24.2022	23.5683
1.7925	3.0687	0.2579	24.3016	23.5772
1.7930	3.0691	0.2534	24.1556	23.6445
1.7935	3.0703	0.2340	24.0644	23.6495
1.7940	3.0710	0.2330	24.0237	23.6642
1.7945	3.0712	0.2252	24.1596	23.7039
1.7950	3.0710	0.2231	24.1572	23.7851
1.7955	3.0712	0.2255	23.9822	23.8805
1.7960	3.0705	0.2300	23.8790	23.8712
1.7965	3.0705	0.2295	23.9468	23.8516
1.7970	3.0705	0.2319	23.9849	23.8341
1.7975	3.0706	0.2312	23.9550	23.8794
1.7980	3.0706	0.2314	23.9436	23.8779
1.7985	3.0706	0.2328	24.0881	23.8238
1.7990	3.0699	0.2324	24.1982	23.7631
1.7995	3.0698	0.2405	24.1710	23.7387
1.8000	3.0698	0.2385	24.1163	23.7526
1.8005	3.0692	0.2428	24.2074	23.7877
1.8010	3.0688	0.2515	24.3363	23.8176
1.8015	3.0690	0.2488	24.3205	23.9065
1.8020	3.0678	0.2611	24.2200	23.8884
1.8025	3.0672	0.2658	24.2595	23.8382
1.8030	3.0675	0.2660	24.3927	23.7833
1.8035	3.0676	0.2650	24.3886	23.7352
1.8040	3.0677	0.2667	24.2657	23.7027
1.8045	3.0680	0.2623	24.2606	23.6855
1.8050	3.0680	0.2649	24.3435	23.6500
1.8055	3.0683	0.2554	24.3615	23.6430
1.8060	3.0692	0.2475	24.2279	23.6824
1.8065	3.0696	0.2417	24.1612	23.7330
1.8070	3.0698	0.2387	24.1828	23.7565
1.8075	3.0701	0.2370	24.1906	23.7828
1.8080	3.0703	0.2361	24.0500	23.7525
1.8085	3.0700	0.2410	23.9506	23.7751
1.8090	3.0706	0.2317	23.8989	23.8014
1.8095	3.0699	0.2386	23.9433	23.8191
1.8100	3.0698	0.2384	23.7629	23.8901
1.8105	3.0696	0.2451	23.7078	23.8893
1.8110	3.0686	0.2537	23.0342	23.8403
1.8115	3.0692	0.2443	22.7458	23.8013
1.8120	3.0696	0.2406	22.9052	23.7496
1.8125	3.0698	0.2396	22.8011	23.7189
1.8130	3.0710	0.2366	22.8517	23.7449
1.8135	3.0714	0.2231	22.9319	23.7174
1.8140	3.0715	0.2222	22.9952	23.7561
1.8145	3.0712	0.2254	22.9482	23.7428
1.8150	3.0718	0.2232	22.9636	23.6808
1.8155	3.0715	0.2198	23.0849	23.6372
1.8160	3.0718	0.2235	23.1969	23.6065
1.8165	3.0722	0.2154	23.1571	23.6084
1.8170	3.0720	0.2142	23.1478	23.6075
1.8175	3.0720	0.2154	23.2766	23.6308
1.8180	3.0721	0.2163	23.4178	23.6681
1.8185	3.0714	0.2244	23.4069	23.7107
1.8190	3.0712	0.2263	23.3759	23.7821
1.8195	3.0715	0.2305	23.4597	23.7987
1.8200	3.0710	0.2269	23.5978	23.7894
1.8205	3.0708	0.2320	23.6233	23.7833
1.8210	3.0706	0.2331	23.5846	23.7874
1.8215	3.0697	0.2348	23.6710	23.8288
1.8220	3.0700	0.2353	23.8277	23.8472
1.8225	3.0697	0.2457	23.8644	23.9142
1.8230	3.0697	0.2434	23.8125	23.9541
1.8235	3.0694	0.2455	23.8460	23.9715
1.8240	3.0699	0.2394	23.9875	23.9406
1.8245	3.0703	0.2425	24.0458	23.8745
1.8250	3.0709	0.2342	23.9643	23.8341
1.8255	3.0709	0.2287	23.9391	23.7949
1.8260	3.0717	0.2205	24.0582	23.7793
1.8265	3.0720	0.2210	24.1439	23.8214
1.8270	3.0728	0.2093	24.0838	23.8503
1.8275	3.0734	0.2012	24.0270	23.7966
1.8280	3.0735	0.2020	24.1230	23.7671
1.8285	3.0737	0.1997	24.2245	23.7355
1.8290	3.0733	0.2059	24.2036	23.7382
1.8295	3.0723	0.2130	24.1477	23.7562
1.8300	3.0720	0.2175	24.1990	23.7913
1.8305	3.0712	0.2272	24.2733	23.8414
1.8310	3.0700	0.2350	24.1952	23.8997
1.8315	3.0702	0.2408	24.0359	23.9414
1.8320	3.0694	0.2432	23.8481	23.9190
1.8325	3.0688	0.2496	23.9705	23.9276
1.8330	3.0687	0.2498	23.9776	23.9215
1.8335	3.0686	0.2544	23.8482	23.9290
1.8340	3.0688	0.2564	23.8402	23.9200
1.8345	3.0689	0.2496	23.9497	23.9071
1.8350	3.0700	0.2429	23.9893	23.8612
1.8355	3.0710	0.2317	23.9338	23.9225
1.8360	3.0725	0.2110	23.9527	23.9885
1.8365	3.0733	0.2036	24.1256	23.9371
1.8370	3.0740	0.1962	24.2362	23.8738
1.8375	3.0744	0.1927	24.1753	23.7970
1.8380	3.0738	0.2023	24.1248	23.7802
1.8385	3.0741	0.1979	24.2321	23.7827
1.8390	3.0746	0.1885	24.3509	23.8131
1.8395	3.0738	0.1935	24.3116	23.8396
1.8400	3.0738	0.2016	24.2197	23.8290
1.8405	3.0721	0.2153	24.2939	23.8289
1.8410	3.0717	0.2149	24.4264	23.8111
1.8415	3.0724	0.2160	24.3944	23.8007
1.8420	3.0727	0.2107	24.2543	23.7952
1.8425	3.0725	0.2054	24.2646	23.8086
1.8430	3.0723	0.2140	24.3956	23.8435
1.8435	3.0726	0.2129	24.3894	23.8435
1.8440	3.0721	0.2117	24.2092	23.8343
1.8445	3.0725	0.2148	24.1340	23.8048
1.8450	3.0725	0.2073	24.2251	23.8050
1.8455	3.0732	0.2075	24.2184	23.8046
1.8460	3.0727	0.2107	23.9990	23.7650
1.8465	3.0737	0.1980	23.8942	23.7597
1.8470	3.0725	0.2064	23.9602	23.7186
1.8475	3.0720	0.2151	23.9890	23.7447
1.8480	3.0731	0.2124	23.5967	23.7923
1.8485	3.0720	0.2172	23.3286	23.8484
1.8490	3.0709	0.2254	23.4616	23.8641
1.8495	3.0702	0.2351	23.4635	23.8045
1.8500	3.0708	0.2272	23.0942	23.7460
1.8505	3.0713	0.2278	22.7299	23.6996
1.8510	3.0706	0.2254	22.7869	23.6986
1.8515	3.0716	0.2219	22.9883	23.7145
1.8520	3.0718	0.2172	22.9274	23.7127
1.8525	3.0722	0.2141	22.8415	23.7183
1.8530	3.0732	0.2098	22.9473	23.6734
1.8535	3.0736	0.1999	23.1356	23.6589
1.8540	3.0730	0.2048	23.1350	23.6996
1.8545	3.0722	0.2151	23.0456	23.7457
1.8550	3.0715	0.2266	23.1444	23.8605
1.8555	3.0707	0.2301	23.3334	23.9401
1.8560	3.0711	0.2294	23.3418	23.9380
1.8565	3.0702	0.2436	23.2635	23.8920
1.8570	3.0695	0.2467	23.3384	23.8307
1.8575	3.0687	0.2526	23.5107	23.7861
1.8580	3.0679	0.2564	23.5482	23.7374
1.8585	3.0685	0.2546	23.4844	23.7205
1.8590	3.0684	0.2565	23.5294	23.7271
1.8595	3.0697	0.2465	23.7041	23.7404
1.8600	3.0706	0.2310	23.7809	23.7502
1.8605	3.0706	0.2290	23.7126	23.8157
1.8610	3.0712	0.2269	23.7265	23.8674
1.8615	3.0716	0.2213	23.8880	23.9199
1.8620	3.0725	0.2175	23.9723	23.9484
1.8625	3.0731	0.2108	23.8817	23.9054
1.8630	3.0733	0.2055	23.8434	23.8560
1.8635	3.0737	0.2060	23.9587	23.8214
1.8640	3.0719	0.2106	24.0587	23.8705
1.8645	3.0730	0.2098	23.9925	23.8687
1.8650	3.0729	0.2024	23.9468	23.8373
1.8655	3.0736	0.2032	24.0549	23.8017
1.8660	3.0743	0.1955	24.1744	23.7607
1.8665	3.0744	0.1920	24.1287	23.7626
1.8670	3.0745	0.1952	24.0559	23.8030
1.8675	3.0747	0.1885	24.1128	23.8519
1.8680	3.0741	0.1925	24.2259	23.9054
1.8685	3.0738	0.2001	24.1531	23.9042
1.8690	3.0733	0.1973	24.0833	23.8998
1.8695	3.0729	0.2083	23.9569	23.8718
1.8700	3.0732	0.2011	23.7114	23.8628
1.8705	3.0733	0.2086	23.7280	23.8032
1.8710	3.0721	0.2118	23.6751	23.7626
1.8715	3.0719	0.2190	23.6996	23.7427
1.8720	3.0712	0.2291	23.8245	23.8183
1.8725	3.0713	0.2235	23.9556	23.8656
1.8730	3.0717	0.2192	23.9398	23.8643
1.8735	3.0722	0.2098	23.9202	23.8717
1.8740	3.0723	0.2222	24.0421	23.8114
1.8745	3.0714	0.2205	24.1794	23.7352
1.8750	3.0718	0.2203	24.1495	23.7614
1.8755	3.0723	0.2173	24.0926	23.8176
1.8760	3.0724	0.2146	24.1773	23.8452
1.8765	3.0721	0.2120	24.3193	23.8641
1.8770	3.0719	0.2143	24.3293	23.8546
1.8775	3.0722	0.2203	24.2356	23.8503
1.8780	3.0716	0.2192	24.2460	23.8040
1.8785	3.0705	0.2359	24.3606	23.7441
1.8790	3.0701	0.2358	24.3780	23.7040
1.8795	3.0700	0.2373	24.2898	23.7100
1.8800	3.0693	0.2459	24.2858	23.7401
1.8805	3.0685	0.2526	24.3756	23.7590
1.8810	3.0679	0.2590	24.3792	23.7614
1.8815	3.0680	0.2568	24.2510	23.7358
1.8820	3.0673	0.2651	24.1904	23.7111
1.8825	3.0670	0.2711	24.2335	23.6994
1.8830	3.0669	0.2706	24.2251	23.7262
1.8835	3.0670	0.2682	24.0851	23.7481
1.8840	3.0674	0.2623	23.9779	23.7483
1.8845	3.0678	0.2618	23.9823	23.7908
1.8850	3.0678	0.2614	23.9728	23.8593
1.8855	3.0673	0.2647	23.8462	23.8763
1.8860	3.0669	0.2705	23.4854	23.8784
1.8865	3.0667	0.2711	23.4593	23.8548
1.8870	3.0670	0.2685	23.5222	23.8336
1.8875	3.0670	0.2694	23.4213	23.8176
1.8880	3.0671	0.2687	23.3543	23.8177
1.8885	3.0678	0.2627	23.0722	23.8182
1.8890	3.0693	0.2515	22.8113	23.8259
1.8895	3.0691	0.2452	22.9246	23.8229
1.8900	3.0691	0.2490	22.8547	23.9130
1.8905	3.0692	0.2490	22.9083	23.8978
1.8910	3.0695	0.2462	23.0262	23.8524
1.8915	3.0710	0.2312	23.1281	23.8063
1.8920	3.0714	0.2251	23.1173	23.7780
1.8925	3.0718	0.2186	23.1203	23.8127
1.8930	3.0722	0.2197	23.1988	23.8315
1.8935	3.0720	0.2173	23.3244	23.8206
1.8940	3.0725	0.2093	23.3394	23.8040
1.8945	3.0720	0.2102	23.3292	23.7954
1.8950	3.0727	0.2097	23.4156	23.8024
1.8955	3.0728	0.2044	23.5271	23.8173
1.8960	3.0719	0.2124	23.5152	23.8377
1.8965	3.0717	0.2177	23.5110	23.8725
1.8970	3.0712	0.2241	23.6197	23.9203
1.8975	3.0715	0.2244	23.7440	23.9440
1.8980	3.0717	0.2212	23.7692	23.9334
1.8985	3.0719	0.2226	23.7572	23.9454
1.8990	3.0714	0.2197	23.8036	23.9675
1.8995	3.0708	0.2270	23.9042	23.9215
1.9000	3.0708	0.2307	23.9410	23.8560
1.9005	3.0699	0.2325	23.9170	23.8395
1.9010	3.0700	0.2395	23.9147	23.8245
1.9015	3.0698	0.2423	23.9835	23.8716
1.9020	3.0698	0.2360	24.0405	23.9194
1.9025	3.0701	0.2375	24.0499	23.9539
1.9030	3.0695	0.2438	24.0243	23.9421
1.9035	3.0696	0.2382	24.0626	23.8762
1.9040	3.0702	0.2366	24.1359	23.7806
1.9045	3.0703	0.2332	24.1948	23.7036
1.9050	3.0703	0.2394	24.1393	23.6890
1.9055	3.0691	0.2441	24.1397	23.7184
1.9060	3.0687	0.2500	24.1629	23.7717
1.9065	3.0680	0.2611	24.2484	23.8309
1.9070	3.0677	0.2617	23.9053	23.8287
1.9075	3.0676	0.2653	23.5215	23.8158
1.9080	3.0677	0.2634	23.6889	23.8754
1.9085	3.0685	0.2632	23.7689	23.8930
1.9090	3.0670	0.2699	23.7766	23.8559
1.9095	3.0670	0.2682	23.7541	23.7934
1.9100	3.0671	0.2684	23.8504	23.7292
1.9105	3.0674	0.2685	23.9683	23.7089
1.9110	3.0683	0.2626	24.0184	23.7153
1.9115	3.0687	0.2534	24.0026	23.7360
1.9120	3.0700	0.2396	24.0378	23.7362
1.9125	3.0710	0.2299	24.1416	23.7050
1.9130	3.0718	0.2150	24.2314	23.6584
1.9135	3.0727	0.2086	24.2122	23.6562
1.9140	3.0729	0.2124	24.2121	23.7530
1.9145	3.0729	0.2066	24.2972	23.7706
1.9150	3.0722	0.2098	24.3684	23.7785
1.9155	3.0719	0.2198	24.3246	23.7625
1.9160	3.0716	0.2195	24.2731	23.7230
1.9165	3.0720	0.2222	24.3305	23.6613
1.9170	3.0723	0.2137	24.4261	23.6157
1.9175	3.0712	0.2213	24.3988	23.6134
1.9180	3.0717	0.2199	24.3062	23.6353
1.9185	3.0708	0.2262	24.3146	23.6707
1.9190	3.0713	0.2281	24.3919	23.7022
1.9195	3.0716	0.2238	24.3659	23.7016
1.9200	3.0717	0.2225	24.2320	23.7256
1.9205	3.0716	0.2204	24.1697	23.7028
1.9210	3.0707	0.2297	24.1999	23.7662
1.9215	3.0705	0.2362	24.1672	23.8288
1.9220	3.0702	0.2290	24.0209	23.8025
1.9225	3.0705	0.2297	23.9253	23.8052
1.9230	3.0707	0.2331	23.9288	23.7916
1.9235	3.0705	0.2350	23.8741	23.7971
1.9240	3.0705	0.2318	23.7458	23.7764
1.9245	3.0700	0.2383	23.6531	23.7460
1.9250	3.0698	0.2372	23.4734	23.6888
1.9255	3.0698	0.2379	23.5059	23.6534
1.9260	3.0707	0.2336	23.4064	23.6487
1.9265	3.0701	0.2443	23.2675	23.6701
1.9270	3.0699	0.2417	23.2426	23.7595
1.9275	3.0691	0.2463	23.1204	23.8360
1.9280	3.0692	0.2427	22.9401	23.8898
1.9285	3.0683	0.2475	22.9376	23.8794
1.9290	3.0688	0.2552	23.0109	23.8346
1.9295	3.0686	0.2553	23.1588	23.8116
1.9300	3.0681	0.2587	23.1920	23.7816
1.9305	3.0677	0.2641	23.1559	23.7759
1.9310	3.0672	0.2676	23.1997	23.7725
1.9315	3.0673	0.2673	23.3550	23.7915
1.9320	3.0676	0.2665	23.4175	23.7856
1.9325	3.0672	0.2641	23.3728	23.7924
1.9330	3.0677	0.2614	23.3970	23.7969
1.9335	3.0680	0.2605	23.5341	23.8146
1.9340	3.0687	0.2542	23.6130	23.8694
1.9345	3.0683	0.2567	23.5988	23.8563
1.9350	3.0680	0.2660	23.6224	23.8531
1.9355	3.0676	0.2627	23.7503	23.8630
1.9360	3.0665	0.2733	23.8474	23.8516
1.9365	3.0665	0.2738	23.8218	23.8334
1.9370	3.0667	0.2795	23.8143	23.7795
1.9375	3.0678	0.2627	23.9089	23.7189
1.9380	3.0689	0.2558	23.9841	23.6768
1.9385	3.0702	0.2375	23.9565	23.6688
1.9390	3.0702	0.2311	23.9329	23.6747
1.9395	3.0715	0.2242	24.0139	23.6625
1.9400	3.0720	0.2199	24.0778	23.6581
1.9405	3.0718	0.2196	24.0564	23.6748
1.9410	3.0727	0.2078	24.0339	23.7298
1.9415	3.0733	0.2096	24.1151	23.7389
1.9420	3.0730	0.2068	24.2090	23.7811
1.9425	3.0728	0.2164	24.1914	23.7952
1.9430	3.0719	0.2172	24.1196	23.8001
1.9435	3.0724	0.2177	24.1088	23.8314
1.9440	3.0727	0.2127	23.5437	23.7994
1.9445	3.0728	0.2120	23.4879	23.7393
1.9450	3.0721	0.2140	23.4873	23.6973
1.9455	3.0722	0.2161	23.5296	23.6728
1.9460	3.0723	0.2163	23.6933	23.6841
1.9465	3.0722	0.2201	23.7786	23.7164
1.9470	3.0722	0.2158	23.7894	23.7547
1.9475	3.0718	0.2183	23.7839	23.7782
1.9480	3.0719	0.2178	23.9009	23.7966
1.9485	3.0712	0.2264	24.0162	23.8176
1.9490	3.0712	0.2285	24.0267	23.8230
1.9495	3.0701	0.2383	23.9978	23.7815
1.9500	3.0701	0.2389	24.1054	23.7298
1.9505	3.0690	0.2503	24.2628	23.6966
1.9510	3.0687	0.2526	24.2810	23.7080
1.9515	3.0681	0.2592	24.1901	23.7158
1.9520	3.0679	0.2655	24.2259	23.7165
1.9525	3.0672	0.2670	24.3795	23.7429
1.9530	3.0674	0.2662	24.4019	23.7696
1.9535	3.0672	0.2695	24.2788	23.7780
1.9540	3.0672	0.2722	24.2595	23.7755
1.9545	3.0668	0.2657	24.4001	23.7852
1.9550	3.0671	0.2681	24.4833	23.7711
1.9555	3.0677	0.2597	24.3715	23.7635
1.9560	3.0677	0.2641	24.2730	23.8132
1.9565	3.0683	0.2582	24.3451	23.8621
1.9570	3.0684	0.2567	24.4256	23.8704
1.9575	3.0684	0.2561	24.3253	23.8674
1.9580	3.0690	0.2494	24.1779	23.7870
1.9585	3.0686	0.2550	24.1643	23.8301
1.9590	3.0691	0.2507	24.2443	23.8855
1.9595	3.0684	0.2561	24.1370	23.8820
1.9600	3.0699	0.2464	23.9347	23.8801
1.9605	3.0711	0.2296	23.8675	23.8725
1.9610	3.0724	0.2225	23.9623	23.8656
1.9615	3.0730	0.2080	23.8751	23.8547
1.9620	3.0732	0.2049	23.6907	23.8366
1.9625	3.0733	0.2009	23.4237	23.8041
1.9630	3.0734	0.1998	23.2428	23.7840
1.9635	3.0734	0.1980	23.3572	23.8024
1.9640	3.0733	0.2027	23.1785	23.8218
1.9645	3.0729	0.2035	23.0974	23.8655
1.9650	3.0731	0.2035	23.1942	23.8845
1.9655	3.0737	0.2014	23.1189	23.9581
1.9660	3.0735	0.2019	23.0348	23.9549
1.9665	3.0736	0.2020	22.9843	23.8620
1.9670	3.0732	0.2034	23.0927	23.7911
1.9675	3.0735	0.2005	23.2798	23.7814
1.9680	3.0740	0.1968	23.2785	23.7950
1.9685	3.0743	0.1980	23.2147	23.8198
1.9690	3.0752	0.1883	23.2988	23.8737
1.9695	3.0757	0.1780	23.4984	23.8899
1.9700	3.0755	0.1769	23.5264	23.8682
1.9705	3.0742	0.1953	23.4306	23.8094
1.9710	3.0725	0.2063	23.4833	23.8505
1.9715	3.0730	0.2035	23.6791	23.8810
1.9720	3.0730	0.2098	23.7568	23.8890
1.9725	3.0723	0.2110	23.6708	23.8850
1.9730	3.0724	0.2158	23.6848	23.8744
1.9735	3.0714	0.2162	23.8842	23.8879
1.9740	3.0710	0.2288	23.9915	23.9280
1.9745	3.0707	0.2360	23.9052	23.9269
1.9750	3.0696	0.2405	23.8741	23.8995
1.9755	3.0692	0.2499	24.0105	23.8457
1.9760	3.0687	0.2498	24.1274	23.7853
1.9765	3.0685	0.2561	24.0526	23.7468
1.9770	3.0679	0.2568	23.9819	23.6999
1.9775	3.0673	0.2688	24.0673	23.6850
1.9780	3.0658	0.2752	24.2041	23.6554
1.9785	3.0661	0.2814	24.1795	23.6405
1.9790	3.0647	0.2914	24.1104	23.6185
1.9795	3.0661	0.2848	24.1511	23.5896
1.9800	3.0671	0.2717	24.3226	23.5776
1.9805	3.0685	0.2607	24.2138	23.6809
1.9810	3.0693	0.2414	23.9766	23.7492
1.9815	3.0698	0.2378	24.0481	23.7473
1.9820	3.0698	0.2366	24.1252	23.7628
1.9825	3.0693	0.2456	24.1659	23.7382
1.9830	3.0693	0.2450	24.0552	23.7451
1.9835	3.0698	0.2425	24.0094	23.7564
1.9840	3.0710	0.2337	24.0348	23.7559
1.9845	3.0716	0.2240	23.8460	23.7822
1.9850	3.0728	0.2108	23.7566	23.7959
1.9855	3.0725	0.2094	23.8565	23.8034
1.9860	3.0723	0.2144	23.9492	23.8240
1.9865	3.0722	0.2124	24.0190	23.8346
1.9870	3.0726	0.2095	24.0055	23.8389
1.9875	3.0732	0.2053	24.0668	23.8323
1.9880	3.0733	0.2044	24.1708	23.8000
1.9885	3.0725	0.2082	24.2263	23.7387
1.9890	3.0717	0.2201	24.1986	23.7258
1.9895	3.0723	0.2129	24.1986	23.7243
1.9900	3.0724	0.2155	24.2764	23.7395
1.9905	3.0723	0.2135	24.3468	23.7302
1.9910	3.0720	0.2136	24.3126	23.6755
1.9915	3.0727	0.2116	24.2693	23.6336
1.9920	3.0730	0.2104	24.3301	23.5719
1.9925	3.0729	0.2040	24.4055	23.5858
1.9930	3.0734	0.1978	24.3568	23.5902
1.9935	3.0735	0.2028	24.2698	23.7053
1.9940	3.0733	0.2025	24.3141	23.8514
1.9945	3.0732	0.2027	24.3668	23.9277
1.9950	3.0729	0.2019	24.2932	23.9494
1.9955	3.0725	0.2133	24.1736	23.9460
1.9960	3.0715	0.2134	24.1534	23.9473
1.9965	3.0720	0.2256	24.1645	23.9173
1.9970	3.0713	0.2180	24.1189	23.9112
1.9975	3.0711	0.2275	23.9708	23.8612
1.9980	3.0707	0.2322	23.9073	23.8666
1.9985	3.0694	0.2384	23.8799	23.8882
1.9990	3.0694	0.2485	23.8585	23.9203
1.9995	3.0688	0.2531	23.6878	23.9120
2.0000	3.0691	0.2503	23.6453	23.9073
2.0005	3.0687	0.2551	23.2977	23.9079
2.0010	3.0675	0.2618	22.8742	23.8607
2.0015	3.0675	0.2642	22.9466	23.8299
2.0020	3.0673	0.2728	22.8117	23.8146
2.0025	3.0668	0.2737	22.8675	23.7764
2.0030	3.0674	0.2665	22.9814	23.7092
2.0035	3.0679	0.2621	23.0717	23.6760
2.0040	3.0684	0.2593	23.0146	23.6646
2.0045	3.0680	0.2637	23.0009	23.6646
2.0050	3.0684	0.2600	23.1550	23.6589
2.0055	3.0686	0.2564	23.2828	23.6955
2.0060	3.0684	0.2593	23.2457	23.7171
2.0065	3.0685	0.2543	23.2199	23.7524
2.0070	3.0694	0.2459	23.3493	23.7666
2.0075	3.0693	0.2386	23.5002	23.7997
2.0080	3.0697	0.2416	23.4757	23.7714
2.0085	3.0695	0.2417	23.4245	23.7722
2.0090	3.0702	0.2418	23.5462	23.7944
2.0095	3.0705	0.2380	23.7190	23.8291
2.0100	3.0707	0.2347	23.7209	23.8352
2.0105	3.0711	0.2287	23.6466	23.8503
2.0110	3.0708	0.2284	23.7313	23.8591
2.0115	3.0709	0.2253	23.9096	23.8868
2.0120	3.0710	0.2251	23.9893	23.8662
2.0125	3.0707	0.2331	23.9115	23.8424
2.0130	3.0704	0.2336	23.8794	23.7812
2.0135	3.0705	0.2337	23.9945	23.7127
2.0140	3.0709	0.2286	24.1095	23.6598
2.0145	3.0708	0.2265	24.0527	23.6225
2.0150	3.0712	0.2257	23.9982	23.6295
2.0155	3.0718	0.2192	24.0771	23.6351
2.0160	3.0725	0.2160	24.2188	23.6935
2.0165	3.0719	0.2200	24.1870	23.7595
2.0170	3.0715	0.2233	24.1060	23.7892
2.0175	3.0720	0.2219	24.1282	23.7821
2.0180	3.0720	0.2199	24.3196	23.7655
2.0185	3.0722	0.2189	24.1964	23.7181
2.0190	3.0718	0.2168	24.0069	23.7371
2.0195	3.0717	0.2180	24.0460	23.7417
2.0200	3.0718	0.2226	24.1253	23.7540
2.0205	3.0707	0.2268	24.1837	23.8091
2.0210	3.0709	0.2310	24.0288	23.7830
2.0215	3.0700	0.2353	23.9772	23.8336
2.0220	3.0702	0.2311	24.0000	23.9458
2.0225	3.0704	0.2343	23.9976	23.9780
2.0230	3.0704	0.2322	23.8186	23.9737
2.0235	3.0700	0.2337	23.8103	23.9230
2.0240	3.0706	0.2322	23.9195	23.8946
2.0245	3.0709	0.2371	24.0667	23.8511
2.0250	3.0712	0.2325	24.0886	23.8155
2.0255	3.0697	0.2441	24.0516	23.7831
2.0260	3.0686	0.2523	24.1040	23.7438
2.0265	3.0675	0.2658	24.2392	23.7545
2.0270	3.0677	0.2678	24.2745	23.7882
2.0275	3.0670	0.2680	24.1996	23.8367
2.0280	3.0676	0.2621	24.1983	23.8773
2.0285	3.0684	0.2610	24.3116	23.9348
2.0290	3.0682	0.2568	24.3571	23.9402
2.0295	3.0689	0.2502	24.2926	23.8774
2.0300	3.0684	0.2539	24.2637	23.7876
2.0305	3.0680	0.2565	24.3421	23.7253
2.0310	3.0682	0.2628	24.3705	23.7309
2.0315	3.0689	0.2519	24.2811	23.7812
2.0320	3.0694	0.2487	24.2308	23.8646
2.0325	3.0697	0.2360	24.2849	23.9255
2.0330	3.0708	0.2339	24.3081	23.9212
2.0335	3.0713	0.2244	24.2047	23.9365
2.0340	3.0722	0.2137	24.0843	23.9420
2.0345	3.0728	0.2110	24.0544	23.9256
2.0350	3.0732	0.2033	24.0637	23.8859
2.0355	3.0729	0.2072	23.9745	23.8342
2.0360	3.0728	0.2064	23.8473	23.7988
2.0365	3.0730	0.2130	23.8026	23.7876
2.0370	3.0725	0.2154	23.7802	23.8622
2.0375	3.0722	0.2177	23.6896	23.9059
2.0380	3.0718	0.2177	23.5207	23.9000
2.0385	3.0714	0.2230	22.8929	23.8684
2.0390	3.0712	0.2218	22.8370	23.8177
2.0395	3.0715	0.2224	22.8615	23.7910
2.0400	3.0721	0.2145	22.8668	23.7940
2.0405	3.0716	0.2193	22.9672	23.8184
2.0410	3.0716	0.2225	22.9946	23.8550
2.0415	3.0711	0.2281	22.9642	23.8662
2.0420	3.0716	0.2257	22.9908	23.8468
2.0425	3.0714	0.2230	23.0813	23.7982
2.0430	3.0715	0.2241	23.1835	23.7491
2.0435	3.0714	0.2281	23.1912	23.7321
2.0440	3.0715	0.2257	23.1983	23.7038
2.0445	3.0706	0.2273	23.3000	23.6789
2.0450	3.0708	0.2340	23.4153	23.6833
2.0455	3.0707	0.2311	23.4182	23.6567
2.0460	3.0704	0.2356	23.4037	23.7127
2.0465	3.0697	0.2357	23.4954	23.8084
2.0470	3.0692	0.2502	23.6109	23.8261
2.0475	3.0683	0.2555	23.6299	23.8429
2.0480	3.0687	0.2537	23.6204	23.8255
2.0485	3.0685	0.2501	23.7192	23.7938
2.0490	3.0682	0.2528	23.8344	23.7668
2.0495	3.0673	0.2658	23.8452	23.7634
2.0500	3.0666	0.2698	23.8355	23.7489
2.0505	3.0668	0.2753	23.9091	23.7286
2.0510	3.0667	0.2736	23.9996	23.6880
2.0515	3.0670	0.2700	24.0096	23.6648
2.0520	3.0669	0.2655	23.9621	23.7132
2.0525	3.0669	0.2720	24.0089	23.7611
2.0530	3.0663	0.2759	24.0798	23.8573
2.0535	3.0660	0.2770	24.0860	23.9385
2.0540	3.0658	0.2791	24.0605	23.9167
2.0545	3.0666	0.2773	24.1056	23.8528
2.0550	3.0673	0.2677	24.1811	23.7586
2.0555	3.0670	0.2705	24.2086	23.6923
2.0560	3.0671	0.2673	24.1698	23.6393
2.0565	3.0681	0.2556	24.1810	23.6137
2.0570	3.0694	0.2526	24.1817	23.6188
2.0575	3.0690	0.2468	24.0448	23.6549
2.0580	3.0703	0.2417	24.0760	23.6991
2.0585	3.0713	0.2278	24.0538	23.7243
2.0590	3.0716	0.2192	24.0608	23.7598
2.0595	3.0725	0.2180	24.0556	23.8530
2.0600	3.0721	0.2175	23.9847	23.9566
2.0605	3.0706	0.2272	23.9107	23.9616
2.0610	3.0699	0.2425	23.8544	23.9443
2.0615	3.0696	0.2452	23.8601	23.9205
2.0620	3.0692	0.2487	23.9474	23.9461
2.0625	3.0689	0.2461	23.9790	23.9526
2.0630	3.0693	0.2470	24.0070	23.8886
2.0635	3.0690	0.2529	24.0625	23.8229
2.0640	3.0690	0.2491	24.1228	23.7947
2.0645	3.0684	0.2531	24.1482	23.8011
2.0650	3.0691	0.2466	24.1670	23.8246
2.0655	3.0689	0.2500	24.2220	23.8750
2.0660	3.0681	0.2533	24.2783	23.9770
2.0665	3.0686	0.2532	24.2423	23.9729
2.0670	3.0687	0.2502	24.2120	23.9312
2.0675	3.0692	0.2478	24.2649	23.8695
2.0680	3.0687	0.2509	24.3339	23.8218
2.0685	3.0687	0.2496	24.2883	23.7802
2.0690	3.0693	0.2419	24.2296	23.7416
2.0695	3.0693	0.2432	24.2421	23.7268
2.0700	3.0697	0.2436	24.3013	23.7119
2.0705	3.0696	0.2457	24.2475	23.7445
2.0710	3.0687	0.2537	24.1560	23.8180
2.0715	3.0680	0.2576	24.1078	23.8495
2.0720	3.0683	0.2583	24.1277	23.8928
2.0725	3.0685	0.2620	24.0387	23.8940
2.0730	3.0677	0.2657	23.9521	23.8766
2.0735	3.0684	0.2625	23.8342	23.8838
2.0740	3.0681	0.2548	23.8768	23.8702
2.0745	3.0684	0.2558	23.7619	23.9143
2.0750	3.0691	0.2552	23.7477	23.9024
2.0755	3.0686	0.2549	23.1314	23.8613
2.0760	3.0695	0.2455	22.6101	23.8443
2.0765	3.0710	0.2253	22.8442	23.8025
2.0770	3.0724	0.2145	22.8329	23.7827
2.0775	3.0724	0.2113	22.8303	23.8029
2.0780	3.0729	0.2070	22.8348	23.7990
2.0785	3.0725	0.2080	22.9557	23.8293
2.0790	3.0724	0.2068	22.9894	23.8297
2.0795	3.0738	0.2044	22.9493	23.7617
2.0800	3.0729	0.2055	22.9583	23.7134
2.0805	3.0726	0.2081	23.1255	23.6754
2.0810	3.0721	0.2136	23.1883	23.6725
2.0815	3.0724	0.2151	23.1483	23.6821
2.0820	3.0727	0.2098	23.1708	23.7057
2.0825	3.0719	0.2147	23.3378	23.7303
2.0830	3.0721	0.2144	23.4299	23.7907
2.0835	3.0725	0.2102	23.3863	23.8385
2.0840	3.0723	0.2144	23.3667	23.8393
2.0845	3.0710	0.2230	23.5062	23.8307
2.0850	3.0706	0.2323	23.6388	23.8327
2.0855	3.0698	0.2368	23.6304	23.8688
2.0860	3.0692	0.2450	23.5758	23.8960
2.0865	3.0690	0.2467	23.6847	23.9406
2.0870	3.0685	0.2542	23.8699	23.9883
2.0875	3.0679	0.2633	23.8885	24.0160
2.0880	3.0679	0.2573	23.7795	24.0161
2.0885	3.0683	0.2568	23.8423	23.9706
2.0890	3.0681	0.2613	24.0368	23.8819
2.0895	3.0684	0.2564	24.0456	23.8416
2.0900	3.0695	0.2464	23.8979	23.8101
2.0905	3.0703	0.2369	23.9167	23.7915
2.0910	3.0711	0.2343	24.1155	23.8551
2.0915	3.0715	0.2206	24.1633	23.8998
2.0920	3.0716	0.2193	24.0191	23.8690
2.0925	3.0718	0.2186	24.0190	23.8393
2.0930	3.0717	0.2192	24.2268	23.8083
2.0935	3.0714	0.2234	24.2752	23.8058
2.0940	3.0709	0.2254	24.1217	23.8053
2.0945	3.0708	0.2331	24.0798	23.8214
2.0950	3.0705	0.2382	24.2487	23.8608
2.0955	3.0700	0.2389	24.2861	23.9145
2.0960	3.0695	0.2413	24.1375	23.9177
2.0965	3.0697	0.2449	23.8210	23.9132
2.0970	3.0695	0.2491	23.8855	23.9402
2.0975	3.0695	0.2395	24.0285	23.9576
2.0980	3.0696	0.2449	23.9135	23.9842
2.0985	3.0691	0.2495	23.8025	23.9779
2.0990	3.0696	0.2399	23.8769	23.9562
2.0995	3.0709	0.2378	24.0317	23.9222
2.1000	3.0715	0.2229	24.0396	23.9684
2.1005	3.0725	0.2125	23.9580	23.9886
2.1010	3.0734	0.1972	24.0205	23.9297
2.1015	3.0745	0.1900	24.1995	23.8431
2.1020	3.0745	0.1902	24.2503	23.7711
2.1025	3.0742	0.1967	24.1711	23.7785
2.1030	3.0741	0.1944	24.1738	23.8031
2.1035	3.0743	0.1910	24.3126	23.8509
2.1040	3.0745	0.1923	24.3761	23.8732
2.1045	3.0735	0.2027	24.2923	23.8675
2.1050	3.0723	0.2096	24.2739	23.8330
2.1055	3.0724	0.2165	24.3747	23.7989
2.1060	3.0717	0.2193	24.4217	23.7865
2.1065	3.0720	0.2216	24.3459	23.7722
2.1070	3.0720	0.2160	24.3066	23.8091
2.1075	3.0718	0.2193	24.3589	23.8550
2.1080	3.0715	0.2163	24.3729	23.8516
2.1085	3.0721	0.2170	24.2807	23.8472
2.1090	3.0715	0.2175	24.2215	23.8084
2.1095	3.0723	0.2148	24.2070	23.7960
2.1100	3.0724	0.2157	24.2057	23.7818
2.1105	3.0721	0.2154	24.0836	23.7289
2.1110	3.0729	0.2063	23.9992	23.7470
2.1115	3.0723	0.2140	23.9530	23.7219
2.1120	3.0718	0.2190	23.9642	23.7531
2.1125	3.0721	0.2120	23.7066	23.7825
2.1130	3.0713	0.2281	23.4296	23.8602
2.1135	3.0694	0.2360	23.4865	23.8479
2.1140	3.0697	0.2432	23.4676	23.7820
2.1145	3.0707	0.2285	23.1580	23.7138
2.1150	3.0713	0.2249	22.8381	23.6585
2.1155	3.0711	0.2275	22.8176	23.6427
2.1160	3.0721	0.2192	22.9243	23.6569
2.1165	3.0726	0.2125	22.9669	23.6640
2.1170	3.0730	0.2050	22.9566	23.6781
2.1175	3.0733	0.2043	23.0029	23.6619
2.1180	3.0737	0.2021	23.0865	23.6634
2.1185	3.0725	0.2092	23.1524	23.6991
2.1190	3.0722	0.2136	23.1523	23.7391
2.1195	3.0715	0.2169	23.1981	23.7849
2.1200	3.0712	0.2197	23.3000	23.8817
2.1205	3.0710	0.2251	23.3652	23.8569
2.1210	3.0697	0.2345	23.3782	23.7990
2.1215	3.0697	0.2439	23.4105	23.7293
2.1220	3.0690	0.2465	23.4880	23.7027
2.1225	3.0688	0.2517	23.5559	23.6864
2.1230	3.0692	0.2517	23.5807	23.6938
2.1235	3.0686	0.2508	23.6031	23.7393
2.1240	3.0693	0.2483	23.6985	23.7278
2.1245	3.0710	0.2303	23.7960	23.7541
2.1250	3.0720	0.2168	23.8060	23.8146
2.1255	3.0719	0.2157	23.8116	23.8193
2.1260	3.0726	0.2121	23.8882	23.8410
2.1265	3.0728	0.2058	23.9681	23.8394
2.1270	3.0735	0.2025	23.9712	23.8127
2.1275	3.0740	0.1939	23.9491	23.7916
2.1280	3.0735	0.1963	23.9823	23.8097
2.1285	3.0727	0.2071	24.0608	23.8526
2.1290	3.0737	0.1992	24.0743	23.8724
2.1295	3.0732	0.2030	24.0551	23.8249
2.1300	3.0735	0.2012	24.0904	23.7613
2.1305	3.0732	0.1994	24.1753	23.7029
2.1310	3.0739	0.1979	24.2085	23.6605
2.1315	3.0731	0.2011	24.1709	23.6580
2.1320	3.0732	0.2031	24.1457	23.7416
2.1325	3.0731	0.2036	24.2344	23.8178
2.1330	3.0724	0.2103	24.2535	23.8403
2.1335	3.0723	0.2141	24.1957	23.8535
2.1340	3.0715	0.2195	24.0316	23.8524
2.1345	3.0719	0.2201	23.7414	23.8341
2.1350	3.0724	0.2170	23.7737	23.7683
2.1355	3.0726	0.2098	23.7722	23.7078
2.1360	3.0724	0.2110	23.7782	23.6684
2.1365	3.0715	0.2186	23.8537	23.7157
2.1370	3.0726	0.2128	24.0087	23.7501
2.1375	3.0728	0.2101	24.0415	23.7549
2.1380	3.0727	0.2083	23.9975	23.8035
2.1385	3.0713	0.2186	24.0637	23.8141
2.1390	3.0715	0.2243	24.2352	23.7513
2.1395	3.0719	0.2184	24.2731	23.7835
2.1400	3.0718	0.2148	24.1771	23.8108
2.1405	3.0719	0.2144	24.1912	23.8195
2.1410	3.0714	0.2195	24.3643	23.8083
2.1415	3.0720	0.2172	24.4301	23.7825
2.1420	3.0714	0.2225	24.3266	23.7541
2.1425	3.0708	0.2271	24.2886	23.7062
2.1430	3.0699	0.2310	24.4110	23.6651
2.1435	3.0699	0.2369	24.4848	23.6405
2.1440	3.0702	0.2345	24.3872	23.6625
2.1445	3.0698	0.2405	24.3005	23.7150
2.1450	3.0692	0.2439	24.3989	23.7296
2.1455	3.0690	0.2472	24.4895	23.7268
2.1460	3.0684	0.2509	24.3777	23.6660
2.1465	3.0680	0.2587	24.2277	23.6403
2.1470	3.0678	0.2638	24.2543	23.6334
2.1475	3.0674	0.2688	24.3039	23.6595
2.1480	3.0673	0.2643	24.1991	23.6747
2.1485	3.0675	0.2646	24.0234	23.7006
2.1490	3.0679	0.2616	23.9956	23.7372
2.1495	3.0677	0.2635	24.0378	23.8240
2.1500	3.0674	0.2664	23.9568	23.8546
2.1505	3.0663	0.2744	23.5365	23.8432
2.1510	3.0664	0.2773	23.5036	23.7999
2.1515	3.0664	0.2767	23.6148	23.7664
2.1520	3.0664	0.2756	23.5413	23.7532
2.1525	3.0665	0.2749	23.3540	23.7328
2.1530	3.0671	0.2720	23.1356	23.7582
2.1535	3.0681	0.2632	22.9484	23.7722
2.1540	3.0687	0.2539	23.0034	23.7949
2.1545	3.0678	0.2584	22.9425	23.8815
2.1550	3.0690	0.2490	22.9452	23.8776
2.1555	3.0693	0.2495	23.0998	23.8190
2.1560	3.0705	0.2349	23.1908	23.7702
2.1565	3.0714	0.2252	23.1462	23.7246
2.1570	3.0719	0.2215	23.1449	23.7483
2.1575	3.0723	0.2138	23.2939	23.7698
2.1580	3.0719	0.2141	23.4141	23.7838
2.1585	3.0727	0.2115	23.3811	23.7728
2.1590	3.0723	0.2189	23.3483	23.7774
2.1595	3.0720	0.2179	23.4646	23.7941
2.1600	3.0716	0.2211	23.6172	23.8124
2.1605	3.0706	0.2263	23.6037	23.8280
2.1610	3.0707	0.2295	23.5371	23.8410
2.1615	3.0704	0.2327	23.6625	23.8757
2.1620	3.0706	0.2361	23.8431	23.8878
2.1625	3.0706	0.2357	23.8260	23.8850
2.1630	3.0709	0.2308	23.7462	23.8768
2.1635	3.0709	0.2234	23.8440	23.9177
2.1640	3.0705	0.2306	24.0188	23.9188
2.1645	3.0707	0.2326	24.0197	23.8723
2.1650	3.0701	0.2366	23.8931	23.8563
2.1655	3.0702	0.2374	23.9161	23.8303
2.1660	3.0697	0.2402	24.1104	23.8651
2.1665	3.0695	0.2416	24.1356	23.9084
2.1670	3.0697	0.2474	23.9927	23.9275
2.1675	3.0692	0.2487	23.9870	23.9213
2.1680	3.0685	0.2537	24.2065	23.8636
2.1685	3.0690	0.2436	24.2810	23.7677
2.1690	3.0692	0.2461	24.1346	23.6969
2.1695	3.0686	0.2474	24.0636	23.6958
2.1700	3.0681	0.2593	24.2789	23.7136
2.1705	3.0680	0.2593	24.3180	23.7657
2.1710	3.0672	0.2687	24.1736	23.8275
2.1715	3.0669	0.2713	23.7860	23.8327
2.1720	3.0671	0.2694	23.6707	23.8128
2.1725	3.0666	0.2728	23.8717	23.8670
2.1730	3.0676	0.2677	23.7417	23.8932
2.1735	3.0666	0.2732	23.6929	23.8504
2.1740	3.0664	0.2731	23.8510	23.7972
2.1745	3.0667	0.2752	24.0222	23.7462
2.1750	3.0670	0.2695	23.9670	23.7246
2.1755	3.0675	0.2689	23.9150	23.7264
2.1760	3.0687	0.2581	24.0568	23.7158
2.1765	3.0694	0.2446	24.2433	23.7203
2.1770	3.0706	0.2361	24.1889	23.7150
2.1775	3.0709	0.2269	24.1004	23.6739
2.1780	3.0720	0.2180	24.2218	23.6687
2.1785	3.0722	0.2083	24.4155	23.7512
2.1790	3.0739	0.2029	24.3744	23.7689
2.1795	3.0731	0.2015	24.2229	23.7842
2.1800	3.0728	0.2088	24.2698	23.7833
2.1805	3.0726	0.2083	24.4719	23.7517
2.1810	3.0725	0.2127	24.4719	23.6999
2.1815	3.0726	0.2093	24.2849	23.6647
2.1820	3.0725	0.2071	24.2566	23.6567
2.1825	3.0721	0.2195	24.4604	23.6664
2.1830	3.0722	0.2161	24.5236	23.6967
2.1835	3.0720	0.2147	24.3022	23.7201
2.1840	3.0719	0.2166	24.1674	23.7088
2.1845	3.0722	0.2177	24.3097	23.7388
2.1850	3.0719	0.2179	24.3758	23.7310
2.1855	3.0710	0.2304	24.1575	23.7789
2.1860	3.0709	0.2304	23.9678	23.8543
2.1865	3.0708	0.2287	24.0520	23.8462
2.1870	3.0705	0.2259	24.1287	23.8457
2.1875	3.0706	0.2278	23.9391	23.8427
2.1880	3.0705	0.2313	23.6938	23.8395
2.1885	3.0704	0.2378	23.7334	23.8163
2.1890	3.0696	0.2453	23.7987	23.7764
2.1895	3.0694	0.2408	23.5248	23.7213
2.1900	3.0694	0.2384	23.3804	23.6898
2.1905	3.0698	0.2443	23.3273	23.6639
2.1910	3.0692	0.2416	23.4136	23.6779
2.1915	3.0686	0.2497	23.3306	23.7749
2.1920	3.0684	0.2580	22.9958	23.8618
2.1925	3.0683	0.2543	22.8423	23.9319
2.1930	3.0682	0.2556	23.0623	23.9272
2.1935	3.0689	0.2534	23.1235	23.8845
2.1940	3.0683	0.2534	23.0698	23.8402
2.1945	3.0679	0.2558	23.1052	23.8116
2.1950	3.0678	0.2666	23.2599	23.8142
2.1955	3.0669	0.2685	23.3145	23.8198
2.1960	3.0667	0.2641	23.2692	23.8311
2.1965	3.0673	0.2638	23.2937	23.8439
2.1970	3.0671	0.2626	23.4282	23.8429
2.1975	3.0680	0.2635	23.5197	23.8444
2.1980	3.0684	0.2555	23.5026	23.8570
2.1985	3.0685	0.2510	23.5095	23.8964
2.1990	3.0684	0.2537	23.6257	23.8914
2.1995	3.0678	0.2649	23.7260	23.8988
2.2000	3.0677	0.2618	23.7260	23.9204
2.2005	3.0670	0.2674	23.7233	23.9145
2.2010	3.0661	0.2751	23.8155	23.9029
2.2015	3.0662	0.2865	23.9268	23.8515
2.2020	3.0670	0.2720	23.9069	23.7824
2.2025	3.0683	0.2513	23.8545	23.7243
2.2030	3.0703	0.2388	23.9271	23.7099
2.2035	3.0705	0.2295	24.0273	23.7071
2.2040	3.0711	0.2226	24.0049	23.6905
2.2045	3.0723	0.2121	23.9471	23.7039
2.2050	3.0728	0.2138	24.0211	23.7176
2.2055	3.0732	0.2044	24.1538	23.7824
2.2060	3.0735	0.1981	24.1335	23.8249
2.2065	3.0730	0.2034	24.0727	23.8565
2.2070	3.0731	0.2051	24.0981	23.8701
2.2075	3.0729	0.2083	24.2263	23.8394
2.2080	3.0730	0.2079	24.1086	23.8754
2.2085	3.0732	0.2083	23.3618	23.8351
2.2090	3.0724	0.2102	23.3794	23.7792
2.2095	3.0723	0.2118	23.5362	23.7389
2.2100	3.0718	0.2209	23.6507	23.7421
2.2105	3.0720	0.2183	23.6488	23.7538
2.2110	3.0723	0.2167	23.6587	23.7969
2.2115	3.0721	0.2169	23.7618	23.8307
2.2120	3.0722	0.2172	23.8814	23.8470
2.2125	3.0715	0.2175	23.9086	23.8566
2.2130	3.0711	0.2198	23.8899	23.8561
2.2135	3.0712	0.2281	23.9781	23.8553
2.2140	3.0708	0.2348	24.1143	23.8065
2.2145	3.0696	0.2338	24.1314	23.7703
2.2150	3.0691	0.2493	24.0724	23.7542
2.2155	3.0686	0.2511	24.1513	23.7564
2.2160	3.0684	0.2556	24.3013	23.7727
2.2165	3.0681	0.2568	24.3063	23.7989
2.2170	3.0678	0.2613	24.2083	23.8276
2.2175	3.0676	0.2624	24.2304	23.8346
2.2180	3.0667	0.2673	24.3617	23.8470
2.2185	3.0669	0.2711	24.3825	23.8245
2.2190	3.0678	0.2680	24.2745	23.8141
2.2195	3.0675	0.2628	24.2771	23.7910
2.2200	3.0682	0.2573	24.3875	23.7816
2.2205	3.0687	0.2576	24.4163	23.8381
2.2210	3.0685	0.2489	24.2891	23.9037
2.2215	3.0691	0.2495	24.2075	23.9332
2.2220	3.0688	0.2508	24.2771	23.9380
2.2225	3.0689	0.2474	24.3175	23.8674
2.2230	3.0695	0.2421	24.1578	23.9088
2.2235	3.0709	0.2310	24.0200	23.9412
2.2240	3.0706	0.2303	24.0361	23.9044
2.2245	3.0720	0.2160	24.0832	23.8921
2.2250	3.0736	0.2078	23.9101	23.8652
2.2255	3.0743	0.1966	23.7470	23.8663
2.2260	3.0745	0.1897	23.7212	23.8778
2.2265	3.0746	0.1905	23.8290	23.8878
2.2270	3.0735	0.1967	23.5084	23.8888
2.2275	3.0738	0.1967	23.0661	23.8991
2.2280	3.0742	0.1954	23.1813	23.9128
2.2285	3.0742	0.1962	23.2585	23.9168
2.2290	3.0738	0.1959	23.2160	23.9291
2.2295	3.0736	0.1986	23.0667	23.8808
2.2300	3.0735	0.1989	22.9274	23.9470
2.2305	3.0733	0.2018	23.0817	23.9244
2.2310	3.0736	0.1995	23.1371	23.8577
2.2315	3.0735	0.2005	23.0131	23.8091
2.2320	3.0735	0.2058	23.0708	23.8332
2.2325	3.0741	0.1924	23.2783	23.8831
2.2330	3.0746	0.1904	23.3674	23.9218
2.2335	3.0761	0.1809	23.2542	23.9500
2.2340	3.0757	0.1655	23.2738	23.9497
2.2345	3.0756	0.1791	23.4880	23.8737
2.2350	3.0739	0.1939	23.5939	23.8037
2.2355	3.0737	0.2036	23.4795	23.8369
2.2360	3.0736	0.1996	23.4570	23.8717
2.2365	3.0732	0.2002	23.6568	23.9038
2.2370	3.0734	0.2090	23.8235	23.9316
2.2375	3.0724	0.2155	23.7540	23.9536
2.2380	3.0717	0.2225	23.6934	23.9827
2.2385	3.0711	0.2281	23.8446	24.0116
2.2390	3.0705	0.2280	24.0012	24.0000
2.2395	3.0693	0.2480	23.9606	23.9416
2.2400	3.0680	0.2553	23.8650	23.8773
2.2405	3.0683	0.2611	23.9666	23.7928
2.2410	3.0680	0.2599	24.1070	23.7413
2.2415	3.0670	0.2702	24.0977	23.7162
2.2420	3.0669	0.2738	23.9879	23.7271
2.2425	3.0661	0.2809	24.0303	23.7037
2.2430	3.0657	0.2869	24.1802	23.6862
2.2435	3.0648	0.2953	24.2417	23.6673
2.2440	3.0652	0.2915	24.1097	23.6510
2.2445	3.0669	0.2740	24.1204	23.6336
2.2450	3.0679	0.2596	24.1872	23.7258
2.2455	3.0682	0.2582	24.1357	23.7805
2.2460	3.0688	0.2518	24.0622	23.7708
2.2465	3.0696	0.2475	23.9665	23.7724
2.2470	3.0696	0.2455	24.0862	23.7559
2.2475	3.0689	0.2493	24.1504	23.7661
2.2480	3.0696	0.2471	24.0523	23.7862
2.2485	3.0712	0.2294	23.9179	23.8052
2.2490	3.0717	0.2210	23.7690	23.8276
2.2495	3.0730	0.2035	23.8160	23.8314
2.2500	3.0730	0.2032	23.8996	23.8467
2.2505	3.0732	0.2072	23.8231	23.8665
2.2510	3.0727	0.2131	23.9351	23.8763
2.2515	3.0726	0.2110	24.1042	23.8723
2.2520	3.0734	0.2013	24.1149	23.8587
2.2525	3.0732	0.2008	24.0199	23.8218
2.2530	3.0731	0.2068	24.1054	23.7766
2.2535	3.0720	0.2172	24.2714	23.7720
2.2540	3.0720	0.2160	24.2808	23.7783
2.2545	3.0724	0.2101	24.2058	23.7916
2.2550	3.0720	0.2166	24.2347	23.7711
2.2555	3.0724	0.2121	24.3299	23.7096
2.2560	3.0729	0.2025	24.3402	23.6437
2.2565	3.0734	0.2003	24.2601	23.5876
2.2570	3.0739	0.2012	24.2533	23.6034
2.2575	3.0741	0.1934	24.3617	23.6114
2.2580	3.0736	0.1965	24.3961	23.7558
2.2585	3.0738	0.1989	24.2964	23.8962
2.2590	3.0731	0.2020	24.2174	23.9842
2.2595	3.0731	0.2095	24.2742	24.0039
2.2600	3.0724	0.2099	24.2940	23.9986
2.2605	3.0721	0.2179	24.1766	23.9961
2.2610	3.0713	0.2176	24.0198	23.9556
2.2615	3.0715	0.2246	24.0440	23.9251
2.2620	3.0711	0.2313	24.0905	23.8756
2.2625	3.0705	0.2349	23.9869	23.8952
2.2630	3.0689	0.2432	23.7591	23.9101
2.2635	3.0688	0.2512	23.7528	23.9435
2.2640	3.0686	0.2522	23.8104	23.9444
2.2645	3.0685	0.2553	23.7778	23.9500
2.2650	3.0679	0.2566	23.2019	23.9407
2.2655	3.0679	0.2671	22.7180	23.8975
2.2660	3.0671	0.2697	23.0291	23.8592
2.2665	3.0667	0.2732	22.9994	23.8487
2.2670	3.0667	0.2697	22.8046	23.7876
2.2675	3.0674	0.2675	22.7940	23.7159
2.2680	3.0680	0.2596	23.1203	23.6865
2.2685	3.0681	0.2549	23.1981	23.6857
2.2690	3.0683	0.2561	22.9819	23.6854
2.2695	3.0681	0.2567	22.9610	23.7017
2.2700	3.0690	0.2508	23.2821	23.7302
2.2705	3.0687	0.2482	23.4453	23.7764
2.2710	3.0693	0.2415	23.2458	23.8002
2.2715	3.0704	0.2349	23.1548	23.8135
2.2720	3.0710	0.2286	23.4665	23.8288
2.2725	3.0710	0.2339	23.6966	23.7869
2.2730	3.0713	0.2331	23.5101	23.7935
2.2735	3.0707	0.2275	23.3255	23.8152
2.2740	3.0715	0.2260	23.5844	23.8520
2.2745	3.0726	0.2139	23.9151	23.8594
2.2750	3.0726	0.2127	23.8072	23.8724
2.2755	3.0725	0.2144	23.5691	23.8912
2.2760	3.0726	0.2165	23.7520	23.9122
2.2765	3.0723	0.2140	24.1170	23.8904
2.2770	3.0718	0.2228	24.0478	23.8468
2.2775	3.0714	0.2254	23.7689	23.7887
2.2780	3.0708	0.2238	23.8751	23.7192
2.2785	3.0709	0.2284	24.2285	23.6672
2.2790	3.0708	0.2288	24.2168	23.6446
2.2795	3.0708	0.2265	23.9280	23.6495
2.2800	3.0715	0.2242	23.9199	23.6687
2.2805	3.0715	0.2204	24.2691	23.7275
2.2810	3.0712	0.2234	24.3477	23.7985
2.2815	3.0712	0.2255	24.1155	23.8015
2.2820	3.0712	0.2241	24.0262	23.7988
2.2825	3.0713	0.2218	24.3437	23.7504
2.2830	3.0720	0.2198	24.3434	23.7314
2.2835	3.0713	0.2257	24.0483	23.7186
2.2840	3.0711	0.2246	23.9780	23.7596
2.2845	3.0706	0.2319	24.1175	23.8135
2.2850	3.0705	0.2319	24.3058	23.8221
2.2855	3.0710	0.2314	24.1079	23.7924
2.2860	3.0694	0.2367	23.9257	23.8507
2.2865	3.0697	0.2375	23.9731	23.9649
2.2870	3.0701	0.2365	24.0981	23.9883
2.2875	3.0697	0.2408	23.8952	23.9765
2.2880	3.0699	0.2410	23.7524	23.9275
2.2885	3.0700	0.2395	23.8946	23.9116
2.2890	3.0703	0.2401	24.1813	23.8529
2.2895	3.0692	0.2402	24.1645	23.8224
2.2900	3.0680	0.2530	24.0006	23.7822
2.2905	3.0676	0.2599	24.0862	23.7541
2.2910	3.0671	0.2638	24.3317	23.7595
2.2915	3.0669	0.2724	24.3302	23.8022
2.2920	3.0673	0.2668	24.1590	23.8332
2.2925	3.0682	0.2594	24.1774	23.8783
2.2930	3.0686	0.2568	24.4186	23.9147
2.2935	3.0689	0.2494	24.4754	23.9201
2.2940	3.0693	0.2464	24.2716	23.8692
2.2945	3.0687	0.2525	24.2017	23.7868
2.2950	3.0688	0.2531	24.3999	23.7290
2.2955	3.0684	0.2526	24.5022	23.7214
2.2960	3.0695	0.2423	24.3215	23.7887
2.2965	3.0699	0.2395	24.1992	23.8717
2.2970	3.0714	0.2271	24.3308	23.9117
2.2975	3.0717	0.2238	24.4102	23.9058
2.2980	3.0722	0.2127	24.2286	23.9099
2.2985	3.0730	0.2041	24.0287	23.9238
2.2990	3.0731	0.2061	24.0935	23.9231
2.2995	3.0733	0.1995	24.1996	23.8827
2.3000	3.0737	0.1949	24.0469	23.8298
2.3005	3.0739	0.1960	23.8046	23.7976
2.3010	3.0735	0.2003	23.8184	23.8114
2.3015	3.0731	0.2000	23.9080	23.8657
2.3020	3.0731	0.2024	23.7795	23.8789
2.3025	3.0729	0.2136	23.4672	23.8614
2.3030	3.0726	0.2175	22.8695	23.8343
2.3035	3.0721	0.2132	22.9773	23.7870
2.3040	3.0727	0.2080	22.9928	23.7655
2.3045	3.0731	0.2080	22.8497	23.7718
2.3050	3.0731	0.2072	22.9331	23.8245
2.3055	3.0726	0.2139	23.1005	23.8472
2.3060	3.0719	0.2138	23.1068	23.8509
2.3065	3.0724	0.2184	22.9912	23.8127
2.3070	3.0716	0.2155	23.0307	23.7454
2.3075	3.0717	0.2198	23.2559	23.7086
2.3080	3.0718	0.2219	23.3439	23.7014
2.3085	3.0713	0.2266	23.2343	23.6776
2.3090	3.0706	0.2294	23.2346	23.6453
2.3095	3.0700	0.2321	23.4622	23.6513
2.3100	3.0697	0.2345	23.5819	23.6372
2.3105	3.0697	0.2444	23.4700	23.7159
2.3110	3.0687	0.2482	23.4339	23.7965
2.3115	3.0681	0.2625	23.6241	23.8087
2.3120	3.0673	0.2646	23.7735	23.8169
2.3125	3.0673	0.2605	23.7252	23.7835
2.3130	3.0676	0.2608	23.6915	23.7413
2.3135	3.0677	0.2653	23.8494	23.7023
2.3140	3.0670	0.2675	24.0092	23.7171
2.3145	3.0662	0.2829	23.9624	23.6948
2.3150	3.0658	0.2873	23.8793	23.6759
2.3155	3.0655	0.2847	23.9825	23.6477
2.3160	3.0662	0.2845	24.1404	23.6342
2.3165	3.0659	0.2797	24.0970	23.6786
2.3170	3.0663	0.2804	23.9916	23.7512
2.3175	3.0660	0.2806	24.0578	23.8426
2.3180	3.0659	0.2804	24.2050	23.8961
2.3185	3.0657	0.2803	24.2070	23.8651
2.3190	3.0660	0.2784	24.1301	23.7854
2.3195	3.0668	0.2746	24.1635	23.7003
2.3200	3.0664	0.2744	24.3041	23.6321
2.3205	3.0672	0.2685	24.3144	23.5775
2.3210	3.0681	0.2572	24.2229	23.5590
2.3215	3.0691	0.2505	24.1444	23.5601
2.3220	3.0691	0.2465	24.1354	23.6185
2.3225	3.0699	0.2368	24.2477	23.6570
2.3230	3.0710	0.2321	24.1021	23.6824
2.3235	3.0718	0.2216	24.0172	23.7285
2.3240	3.0716	0.2207	24.0868	23.8280
2.3245	3.0713	0.2264	24.1185	23.9224
2.3250	3.0708	0.2275	23.9834	23.9084
2.3255	3.0712	0.2276	23.8398	23.8832
2.3260	3.0706	0.2263	23.9118	23.8422
2.3265	3.0711	0.2288	24.0784	23.8612
2.3270	3.0706	0.2261	24.0524	23.8603
2.3275	3.0707	0.2322	23.9958	23.8063
2.3280	3.0702	0.2316	24.0957	23.7677
2.3285	3.0702	0.2343	24.2543	23.7526
2.3290	3.0703	0.2334	24.2519	23.7916
2.3295	3.0696	0.2399	24.1939	23.8361
2.3300	3.0695	0.2396	24.2323	23.8670
2.3305	3.0687	0.2501	24.3462	23.9500
2.3310	3.0685	0.2495	24.3504	23.9152
2.3315	3.0685	0.2552	24.2845	23.8340
2.3320	3.0685	0.2543	24.2882	23.7639
2.3325	3.0680	0.2570	24.3732	23.6889
2.3330	3.0682	0.2547	24.3707	23.6598
2.3335	3.0688	0.2536	24.3026	23.6437
2.3340	3.0687	0.2501	24.2955	23.6489
2.3345	3.0687	0.2499	24.3496	23.6673
2.3350	3.0697	0.2384	24.2950	23.7385
2.3355	3.0703	0.2347	24.1885	23.7929
2.3360	3.0697	0.2401	24.1350	23.8095
2.3365	3.0702	0.2379	24.1724	23.8244
2.3370	3.0699	0.2381	24.0953	23.7758
2.3375	3.0697	0.2462	23.9817	23.7725
2.3380	3.0696	0.2440	23.8733	23.8082
2.3385	3.0698	0.2413	23.9174	23.8353
2.3390	3.0696	0.2416	23.8018	23.9081
2.3395	3.0698	0.2452	23.7427	23.9002
2.3400	3.0695	0.2457	23.0086	23.8763
2.3405	3.0697	0.2398	22.7407	23.8281
2.3410	3.0705	0.2309	22.9098	23.7779
2.3415	3.0699	0.2351	22.8395	23.7427
2.3420	3.0711	0.2257	22.8745	23.7610
2.3425	3.0723	0.2172	22.9265	23.7355
2.3430	3.0723	0.2094	22.9965	23.7631
2.3435	3.0723	0.2090	22.9876	23.7453
2.3440	3.0732	0.1995	22.9840	23.6834
2.3445	3.0728	0.2067	23.0481	23.6451
2.3450	3.0730	0.2079	23.1713	23.6257
2.3455	3.0729	0.2104	23.2067	23.6332
2.3460	3.0729	0.2093	23.2017	23.6498
2.3465	3.0732	0.2064	23.2572	23.6737
2.3470	3.0725	0.2077	23.3854	23.6978
2.3475	3.0723	0.2115	23.4368	23.7324
2.3480	3.0722	0.2203	23.4169	23.7991
2.3485	3.0722	0.2078	23.4519	23.7942
2.3490	3.0720	0.2208	23.5841	23.7770
2.3495	3.0719	0.2207	23.6578	23.7795
2.3500	3.0715	0.2202	23.6372	23.8139
2.3505	3.0714	0.2239	23.6583	23.8568
2.3510	3.0708	0.2291	23.7770	23.8974
2.3515	3.0703	0.2314	23.8760	23.9506
2.3520	3.0698	0.2393	23.8749	24.0179
2.3525	3.0699	0.2400	23.8629	24.0197
2.3530	3.0703	0.2353	23.9440	23.9735
2.3535	3.0703	0.2325	24.0304	23.8948
2.3540	3.0712	0.2244	24.0142	23.8369
2.3545	3.0720	0.2205	23.9689	23.7904
2.3550	3.0722	0.2116	24.0279	23.7780
2.3555	3.0725	0.2113	24.1261	23.8315
2.3560	3.0734	0.2036	24.1229	23.8676
2.3565	3.0737	0.1985	24.0652	23.8414
2.3570	3.0735	0.1995	24.1201	23.8100
2.3575	3.0733	0.2054	24.2494	23.7852
2.3580	3.0726	0.2083	24.2517	23.7863
2.3585	3.0718	0.2180	24.1421	23.7826
2.3590	3.0712	0.2239	24.1494	23.8144
2.3595	3.0707	0.2302	24.2625	23.8421
2.3600	3.0702	0.2403	24.2672	23.8975
2.3605	3.0695	0.2467	24.0796	23.9432
2.3610	3.0690	0.2425	23.8064	23.9185
2.3615	3.0685	0.2542	23.9476	23.9521
2.3620	3.0684	0.2559	24.0039	23.9562
2.3625	3.0680	0.2604	23.8780	23.9778
2.3630	3.0675	0.2644	23.8312	23.9738
2.3635	3.0682	0.2585	23.9496	23.9561
2.3640	3.0685	0.2479	24.0238	23.9254
2.3645	3.0702	0.2424	23.9829	23.9671
2.3650	3.0712	0.2220	23.9727	24.0091
2.3655	3.0725	0.2145	24.1271	23.9534
2.3660	3.0731	0.2065	24.2484	23.8694
2.3665	3.0732	0.2036	24.1738	23.8094
2.3670	3.0723	0.2071	24.0891	23.7992
2.3675	3.0727	0.2045	24.2256	23.8191
2.3680	3.0740	0.2033	24.3991	23.8613
2.3685	3.0729	0.2042	24.3357	23.8849
2.3690	3.0721	0.2121	24.1870	23.8742
2.3695	3.0704	0.2282	24.2691	23.8482
2.3700	3.0710	0.2299	24.4553	23.8196
2.3705	3.0710	0.2234	24.4101	23.8011
2.3710	3.0719	0.2229	24.2298	23.7708
2.3715	3.0722	0.2119	24.2628	23.8048
2.3720	3.0717	0.2167	24.4479	23.8708
2.3725	3.0723	0.2126	24.4357	23.8644
2.3730	3.0725	0.2156	24.2020	23.8580
2.3735	3.0726	0.2143	24.1181	23.8315
2.3740	3.0727	0.2104	24.2368	23.8379
2.3745	3.0727	0.2098	24.2348	23.8272
2.3750	3.0726	0.2090	23.9923	23.7790
2.3755	3.0735	0.2049	23.8894	23.7942
2.3760	3.0724	0.2128	23.9876	23.7716
2.3765	3.0710	0.2273	24.0004	23.8170
2.3770	3.0709	0.2281	23.5587	23.8594
2.3775	3.0711	0.2268	23.3176	23.9031
2.3780	3.0696	0.2344	23.5071	23.8966
2.3785	3.0694	0.2434	23.5017	23.8182
2.3790	3.0703	0.2369	23.0283	23.7638
2.3795	3.0701	0.2367	22.7017	23.6972
2.3800	3.0700	0.2352	22.8228	23.7089
2.3805	3.0707	0.2366	23.0339	23.7235
2.3810	3.0707	0.2229	22.9317	23.7358
2.3815	3.0713	0.2261	22.8276	23.7264
2.3820	3.0714	0.2231	22.9926	23.7031
2.3825	3.0721	0.2175	23.2067	23.6895
2.3830	3.0719	0.2169	23.1271	23.7374
2.3835	3.0714	0.2191	22.9861	23.7703
2.3840	3.0710	0.2265	23.1405	23.8332
2.3845	3.0703	0.2367	23.4125	23.9417
2.3850	3.0699	0.2345	23.4030	23.9089
2.3855	3.0688	0.2481	23.2162	23.8841
2.3860	3.0687	0.2520	23.2956	23.8390
2.3865	3.0683	0.2567	23.5760	23.8064
2.3870	3.0674	0.2672	23.6128	23.7563
2.3875	3.0681	0.2568	23.4396	23.7738
2.3880	3.0676	0.2655	23.4912	23.7959
2.3885	3.0691	0.2484	23.7683	23.8010
2.3890	3.0700	0.2354	23.8539	23.7792
2.3895	3.0705	0.2357	23.6917	23.8432
2.3900	3.0709	0.2340	23.6844	23.8750
2.3905	3.0712	0.2257	23.9368	23.9225
2.3910	3.0712	0.2201	24.0402	23.9494
2.3915	3.0720	0.2133	23.8506	23.9191
2.3920	3.0727	0.2130	23.7848	23.8950
2.3925	3.0726	0.2083	24.0026	23.8900
2.3930	3.0717	0.2211	24.1519	23.9245
2.3935	3.0724	0.2163	23.9953	23.9200
2.3940	3.0721	0.2157	23.8887	23.8596
2.3945	3.0734	0.2036	24.0736	23.8185
2.3950	3.0735	0.2020	24.2713	23.7587
2.3955	3.0741	0.1973	24.1517	23.7435
2.3960	3.0738	0.1990	24.0044	23.7893
2.3965	3.0741	0.1957	24.1203	23.8469
2.3970	3.0740	0.1912	24.3264	23.9228
2.3975	3.0743	0.1946	24.2045	23.9336
2.3980	3.0734	0.2039	24.0451	23.9474
2.3985	3.0721	0.2153	23.8895	23.9343
2.3990	3.0720	0.2157	23.7769	23.9098
2.3995	3.0713	0.2254	23.7971	23.8428
2.4000	3.0705	0.2270	23.6420	23.7892
2.4005	3.0704	0.2372	23.6837	23.7706
2.4010	3.0699	0.2403	23.8967	23.8184
2.4015	3.0701	0.2342	24.0225	23.8621
2.4020	3.0713	0.2244	23.9150	23.8379
2.4025	3.0720	0.2187	23.9027	23.8412
2.4030	3.0711	0.2249	24.0868	23.8038
2.4035	3.0716	0.2249	24.2336	23.7683
2.4040	3.0718	0.2219	24.1429	23.7769
2.4045	3.0722	0.2192	24.0716	23.8623
2.4050	3.0722	0.2138	24.2345	23.8981
2.4055	3.0719	0.2166	24.3966	23.9045
2.4060	3.0722	0.2160	24.3059	23.8858
2.4065	3.0718	0.2233	24.1837	23.8608
2.4070	3.0711	0.2290	24.2845	23.8073
2.4075	3.0704	0.2345	24.4435	23.7554
2.4080	3.0698	0.2402	24.3950	23.7019
2.4085	3.0695	0.2446	24.2493	23.7240
2.4090	3.0690	0.2482	24.2841	23.7592
2.4095	3.0682	0.2573	24.4372	23.7861
2.4100	3.0678	0.2647	24.4093	23.7823
2.4105	3.0676	0.2616	24.2276	23.7552
2.4110	3.0672	0.2676	24.1869	23.7164
2.4115	3.0667	0.2732	24.2964	23.7250
2.4120	3.0669	0.2710	24.2725	23.7341
2.4125	3.0671	0.2729	24.0586	23.7509
2.4130	3.0674	0.2670	23.9525	23.7631
2.4135	3.0674	0.2675	24.0276	23.8184
2.4140	3.0673	0.2639	24.0291	23.8890
2.4145	3.0668	0.2720	23.8108	23.9065
2.4150	3.0661	0.2764	23.4484	23.9049
2.4155	3.0667	0.2759	23.5616	23.8727
2.4160	3.0662	0.2790	23.6109	23.8573
2.4165	3.0664	0.2735	23.4235	23.8199
2.4170	3.0670	0.2782	23.2490	23.8051
2.4175	3.0672	0.2718	23.1144	23.8311
2.4180	3.0683	0.2601	22.9246	23.8371
2.4185	3.0682	0.2564	22.9227	23.8541
2.4190	3.0678	0.2590	22.8705	23.9469
2.4195	3.0690	0.2580	22.9844	23.9229
2.4200	3.0700	0.2390	23.1088	23.8692
2.4205	3.0714	0.2263	23.0892	23.7963
2.4210	3.0715	0.2222	23.0454	23.7791
2.4215	3.0715	0.2199	23.1718	23.8044
2.4220	3.0722	0.2144	23.3326	23.8270
2.4225	3.0724	0.2144	23.3347	23.8246
2.4230	3.0725	0.2148	23.2715	23.8256
2.4235	3.0728	0.2118	23.3551	23.8361
2.4240	3.0721	0.2108	23.5075	23.8497
2.4245	3.0726	0.2130	23.5493	23.8655
2.4250	3.0723	0.2110	23.5012	23.8708
2.4255	3.0722	0.2154	23.5562	23.9025
2.4260	3.0719	0.2184	23.7167	23.9321
2.4265	3.0718	0.2210	23.7931	23.9338
2.4270	3.0718	0.2183	23.7370	23.9108
2.4275	3.0718	0.2139	23.7446	23.9249
2.4280	3.0716	0.2188	23.8836	23.9866
2.4285	3.0712	0.2292	23.9727	23.9606
2.4290	3.0702	0.2331	23.9011	23.9054
2.4295	3.0701	0.2306	23.8756	23.8758
2.4300	3.0701	0.2361	23.9940	23.8618
2.4305	3.0706	0.2366	24.1046	23.8966
2.4310	3.0699	0.2391	24.0335	23.9223
2.4315	3.0699	0.2361	23.9554	23.9430
2.4320	3.0694	0.2440	24.0518	23.9249
2.4325	3.0696	0.2404	24.2237	23.8609
2.4330	3.0697	0.2436	24.2100	23.7710
2.4335	3.0693	0.2430	24.1220	23.7227
2.4340	3.0686	0.2511	24.1164	23.7299
2.4345	3.0681	0.2586	24.2527	23.7729
2.4350	3.0679	0.2628	24.2457	23.8236
2.4355	3.0665	0.2729	24.1863	23.8629
2.4360	3.0671	0.2682	23.8140	23.8250
2.4365	3.0666	0.2715	23.6481	23.8134
2.4370	3.0669	0.2730	23.8003	23.8672
2.4375	3.0671	0.2692	23.7233	23.8760
2.4380	3.0664	0.2759	23.7432	23.8340
2.4385	3.0666	0.2751	23.8556	23.8017
2.4390	3.0664	0.2746	23.9603	23.7738
2.4395	3.0671	0.2694	23.9406	23.7617
2.4400	3.0678	0.2644	23.9726	23.7343
2.4405	3.0686	0.2533	24.0822	23.7633
2.4410	3.0694	0.2453	24.1764	23.7515
2.4415	3.0707	0.2349	24.1560	23.7153
2.4420	3.0713	0.2251	24.1546	23.6585
2.4425	3.0722	0.2198	24.2406	23.6611
2.4430	3.0722	0.2115	24.3456	23.7576
2.4435	3.0727	0.2091	24.3402	23.7774
2.4440	3.0720	0.2166	24.2970	23.8035
2.4445	3.0718	0.2206	24.3275	23.7885
2.4450	3.0720	0.2172	24.4083	23.7505
2.4455	3.0714	0.2216	24.3932	23.6824
2.4460	3.0721	0.2115	24.3555	23.6413
2.4465	3.0714	0.2177	24.3888	23.6272
2.4470	3.0715	0.2248	24.4356	23.6511
2.4475	3.0714	0.2194	24.3920	23.6848
2.4480	3.0716	0.2256	24.3219	23.7068
2.4485	3.0714	0.2225	24.3270	23.7131
2.4490	3.0716	0.2208	24.3428	23.7479
2.4495	3.0712	0.2255	24.2569	23.7512
2.4500	3.0702	0.2319	24.1518	23.8322
2.4505	3.0707	0.2310	24.1250	23.8496
2.4510	3.0704	0.2354	24.1080	23.8312
2.4515	3.0698	0.2352	24.0051	23.8290
2.4520	3.0701	0.2365	23.8993	23.8143
2.4525	3.0701	0.2410	23.8354	23.8168
2.4530	3.0699	0.2405	23.8263	23.7814
2.4535	3.0692	0.2452	23.6916	23.7428
2.4540	3.0697	0.2410	23.4545	23.7018
2.4545	3.0693	0.2446	23.5236	23.6735
2.4550	3.0694	0.2457	23.4536	23.6517
2.4555	3.0690	0.2493	23.3446	23.6913
2.4560	3.0685	0.2579	23.1863	23.8004
2.4565	3.0684	0.2551	23.0189	23.8805
2.4570	3.0677	0.2580	23.0132	23.9161
2.4575	3.0681	0.2629	23.0537	23.8922
2.4580	3.0677	0.2618	23.0342	23.8542
2.4585	3.0674	0.2620	23.1250	23.8111
2.4590	3.0671	0.2694	23.2403	23.7895
2.4595	3.0669	0.2724	23.2766	23.7917
2.4600	3.0667	0.2748	23.2476	23.7967
2.4605	3.0666	0.2750	23.3075	23.8146
2.4610	3.0667	0.2727	23.4336	23.8167
2.4615	3.0671	0.2691	23.4937	23.8325
2.4620	3.0676	0.2655	23.4507	23.8415
2.4625	3.0681	0.2585	23.4894	23.8541
2.4630	3.0686	0.2557	23.6459	23.8876
2.4635	3.0681	0.2549	23.7232	23.8662
2.4640	3.0674	0.2652	23.6736	23.8676
2.4645	3.0674	0.2679	23.6866	23.8867
2.4650	3.0664	0.2727	23.8481	23.8731
2.4655	3.0664	0.2767	23.9601	23.8556
2.4660	3.0665	0.2773	23.9008	23.8131
2.4665	3.0680	0.2602	23.8425	23.7546
2.4670	3.0691	0.2473	23.9758	23.7155
2.4675	3.0705	0.2350	24.0886	23.6901
2.4680	3.0706	0.2284	24.0308	23.6976
2.4685	3.0723	0.2163	23.9416	23.6743
2.4690	3.0728	0.2080	24.0354	23.6827
2.4695	3.0729	0.2104	24.1813	23.7028
2.4700	3.0732	0.1978	24.1765	23.7500
2.4705	3.0734	0.1956	24.0616	23.7814
2.4710	3.0739	0.2031	24.1536	23.8273
2.4715	3.0730	0.2040	24.2678	23.8330
2.4720	3.0729	0.2073	24.2924	23.8319
2.4725	3.0730	0.2033	23.9596	23.8590
2.4730	3.0728	0.2045	23.3501	23.8147
2.4735	3.0731	0.2105	23.5773	23.7629
2.4740	3.0730	0.2061	23.6085	23.7247
2.4745	3.0726	0.2169	23.5859	23.7082
2.4750	3.0725	0.2104	23.6514	23.7194
2.4755	3.0725	0.2148	23.8518	23.7535
2.4760	3.0728	0.2114	23.8817	23.7786
2.4765	3.0723	0.2168	23.8272	23.7983
2.4770	3.0720	0.2175	23.8887	23.8263
2.4775	3.0714	0.2228	24.0702	23.8407
2.4780	3.0716	0.2245	24.1342	23.8442
2.4785	3.0703	0.2334	24.0597	23.8064
2.4790	3.0698	0.2447	24.0774	23.7638
2.4795	3.0686	0.2519	24.2450	23.7351
2.4800	3.0682	0.2570	24.3458	23.7410
2.4805	3.0672	0.2641	24.2742	23.7471
2.4810	3.0669	0.2667	24.2202	23.7676
2.4815	3.0667	0.2670	24.3374	23.7718
2.4820	3.0667	0.2685	24.4602	23.7948
2.4825	3.0665	0.2779	24.3916	23.8050
2.4830	3.0662	0.2774	24.2838	23.7874
2.4835	3.0671	0.2715	24.3569	23.8075
2.4840	3.0666	0.2643	24.4969	23.7769
2.4845	3.0677	0.2673	24.4516	23.7950
2.4850	3.0674	0.2698	24.3340	23.8674
2.4855	3.0683	0.2575	24.3443	23.9069
2.4860	3.0676	0.2575	24.4373	23.9199
2.4865	3.0683	0.2617	24.3726	23.8817
2.4870	3.0686	0.2559	24.2183	23.8263
2.4875	3.0685	0.2583	24.1632	23.8762
2.4880	3.0685	0.2552	24.2195	23.8939
2.4885	3.0683	0.2605	24.1413	23.8824
2.4890	3.0697	0.2446	23.9837	23.8811
2.4895	3.0703	0.2331	23.8923	23.8769
2.4900	3.0715	0.2281	23.9377	23.8755
2.4905	3.0723	0.2103	23.8442	23.8799
2.4910	3.0732	0.2086	23.7233	23.8635
2.4915	3.0735	0.2025	23.3904	23.8404
2.4920	3.0731	0.2045	23.2584	23.8432
2.4925	3.0740	0.1984	23.3474	23.8490
2.4930	3.0733	0.1997	23.1891	23.8645
2.4935	3.0735	0.1967	23.1883	23.8987
2.4940	3.0731	0.2043	23.1865	23.8992
2.4945	3.0733	0.1984	23.0558	23.9654
2.4950	3.0734	0.2000	23.0492	23.9321
2.4955	3.0740	0.1987	23.0719	23.8475
2.4960	3.0735	0.1993	23.1919	23.8024
2.4965	3.0735	0.1985	23.2788	23.8147
2.4970	3.0744	0.1886	23.2595	23.8398
2.4975	3.0744	0.1906	23.2544	23.8806
2.4980	3.0751	0.1840	23.3690	23.9212
2.4985	3.0755	0.1806	23.5076	23.9177
2.4990	3.0748	0.1886	23.5336	23.8893
2.4995	3.0722	0.2122	23.5032	23.8366
2.5000	3.0723	0.2181	23.5672	23.8655
2.5005	3.0730	0.2045	23.7079	23.8855
2.5010	3.0726	0.2090	23.7544	23.8884
2.5015	3.0726	0.2142	23.7181	23.8929
2.5020	3.0722	0.2127	23.7693	23.8993
2.5025	3.0714	0.2183	23.9269	23.9187
2.5030	3.0711	0.2254	23.9981	23.9516
2.5035	3.0704	0.2362	23.9298	23.9647
2.5040	3.0699	0.2440	23.9416	23.9361
2.5045	3.0693	0.2469	24.0778	23.8873
2.5050	3.0693	0.2434	24.1500	23.8132
2.5055	3.0684	0.2559	24.0519	23.7514
2.5060	3.0675	0.2600	24.0161	23.7070
2.5065	3.0674	0.2635	24.1221	23.6734
2.5070	3.0665	0.2751	24.2315	23.6470
2.5075	3.0660	0.2786	24.1883	23.6343
2.5080	3.0651	0.2868	24.1582	23.6222
2.5085	3.0663	0.2773	24.2022	23.6198
2.5090	3.0672	0.2678	24.3388	23.6401
2.5095	3.0685	0.2575	24.1747	23.7673
2.5100	3.0698	0.2404	24.0447	23.8058
2.5105	3.0702	0.2386	24.0904	23.8009
2.5110	3.0699	0.2408	24.1531	23.7825
2.5115	3.0694	0.2408	24.1725	23.7337
2.5120	3.0694	0.2459	24.0752	23.7379
2.5125	3.0698	0.2431	24.0396	23.7316
2.5130	3.0709	0.2281	24.0262	23.7580
2.5135	3.0717	0.2215	23.8485	23.7732
2.5140	3.0728	0.2112	23.8289	23.8086
2.5145	3.0727	0.2124	23.8866	23.8489
2.5150	3.0725	0.2139	23.9508	23.8828
2.5155	3.0718	0.2133	24.0571	23.8923
2.5160	3.0723	0.2140	24.0830	23.8935
2.5165	3.0731	0.2056	24.1165	23.8643
2.5170	3.0735	0.1989	24.1867	23.7895
2.5175	3.0722	0.2122	24.2504	23.7251
2.5180	3.0719	0.2234	24.2518	23.7051
2.5185	3.0723	0.2109	24.2584	23.7259
2.5190	3.0715	0.2166	24.3013	23.7516
2.5195	3.0720	0.2125	24.3372	23.7416
2.5200	3.0723	0.2133	24.3449	23.7060
2.5205	3.0731	0.2046	24.3477	23.6571
2.5210	3.0736	0.2010	24.3706	23.6256
2.5215	3.0737	0.1978	24.3668	23.6146
2.5220	3.0732	0.2005	24.3581	23.6279
2.5225	3.0732	0.2012	24.3530	23.7716
2.5230	3.0733	0.2086	24.3607	23.8733
2.5235	3.0731	0.2061	24.3333	23.9468
2.5240	3.0727	0.2036	24.2856	23.9523
2.5245	3.0720	0.2141	24.2360	23.9585
2.5250	3.0717	0.2211	24.1915	23.9667
2.5255	3.0715	0.2230	24.1353	23.9519
2.5260	3.0711	0.2275	24.0879	23.9311
2.5265	3.0707	0.2325	24.0031	23.9003
2.5270	3.0705	0.2355	23.9459	23.9174
2.5275	3.0694	0.2428	23.8732	23.9317
2.5280	3.0687	0.2435	23.8272	23.9418
2.5285	3.0682	0.2537	23.7187	23.9229
2.5290	3.0682	0.2605	23.6459	23.9250
2.5295	3.0676	0.2585	23.0738	23.8892
2.5300	3.0671	0.2716	22.8667	23.8583
2.5305	3.0667	0.2718	22.9615	23.8384
2.5310	3.0661	0.2817	22.8629	23.8406
2.5315	3.0662	0.2781	22.9247	23.7772
2.5320	3.0664	0.2713	23.0118	23.7494
2.5325	3.0676	0.2724	23.1058	23.7074
2.5330	3.0676	0.2641	23.0344	23.6940
2.5335	3.0672	0.2608	23.0542	23.6962
2.5340	3.0679	0.2629	23.1982	23.6873
2.5345	3.0678	0.2583	23.3129	23.7005
2.5350	3.0679	0.2608	23.2864	23.7340
2.5355	3.0686	0.2534	23.2775	23.7642
2.5360	3.0692	0.2505	23.4129	23.7888
2.5365	3.0698	0.2397	23.5314	23.8143
2.5370	3.0693	0.2446	23.5004	23.8071
2.5375	3.0698	0.2368	23.4864	23.8139
2.5380	3.0694	0.2461	23.6026	23.8550
2.5385	3.0701	0.2410	23.7286	23.8778
2.5390	3.0707	0.2338	23.7363	23.8646
2.5395	3.0712	0.2245	23.7256	23.8797
2.5400	3.0711	0.2251	23.8120	23.8858
2.5405	3.0712	0.2252	23.9280	23.8860
2.5410	3.0710	0.2295	23.9673	23.8473
2.5415	3.0703	0.2329	23.9325	23.8310
2.5420	3.0703	0.2335	23.9649	23.7742
2.5425	3.0702	0.2348	24.0529	23.7329
2.5430	3.0704	0.2331	24.0979	23.6902
2.5435	3.0709	0.2377	24.0731	23.6879
2.5440	3.0708	0.2268	24.0799	23.6903
2.5445	3.0713	0.2245	24.1214	23.7099
2.5450	3.0711	0.2218	24.1843	23.7482
2.5455	3.0711	0.2269	24.1909	23.7867
2.5460	3.0708	0.2289	24.1877	23.7815
2.5465	3.0712	0.2263	24.2149	23.7689
2.5470	3.0710	0.2261	24.2862	23.7367
2.5475	3.0710	0.2219	24.1016	23.7268
2.5480	3.0712	0.2207	24.1109	23.7566
2.5485	3.0707	0.2335	24.0788	23.7898
2.5490	3.0699	0.2322	24.1115	23.8520
2.5495	3.0703	0.2340	24.1187	23.8708
2.5500	3.0697	0.2383	24.0906	23.8185
2.5505	3.0697	0.2355	24.0516	23.8983
2.5510	3.0695	0.2410	23.9928	23.9674
2.5515	3.0694	0.2428	23.8691	23.9725
2.5520	3.0694	0.2431	23.8167	23.9640
2.5525	3.0694	0.2422	23.9270	23.9254
2.5530	3.0701	0.2413	23.9816	23.9225
2.5535	3.0698	0.2396	24.0462	23.8985
2.5540	3.0693	0.2443	24.0922	23.8774
2.5545	3.0686	0.2487	24.1564	23.8366
2.5550	3.0677	0.2658	24.1842	23.8177
2.5555	3.0665	0.2723	24.1887	23.8077
2.5560	3.0665	0.2741	24.2191	23.8362
2.5565	3.0669	0.2703	24.2915	23.8621
2.5570	3.0675	0.2651	24.3118	23.9022
2.5575	3.0680	0.2634	24.3017	23.9418
2.5580	3.0686	0.2570	24.3028	23.9409
2.5585	3.0688	0.2526	24.3352	23.8868
2.5590	3.0676	0.2616	24.3382	23.8136
2.5595	3.0672	0.2658	24.3305	23.7885
2.5600	3.0685	0.2573	24.3264	23.8042
2.5605	3.0686	0.2544	24.3409	23.8623
2.5610	3.0688	0.2448	24.3336	23.9431
2.5615	3.0703	0.2298	24.2772	23.9504
2.5620	3.0710	0.2244	24.1893	23.9324
2.5625	3.0722	0.2188	24.1741	23.9402
2.5630	3.0730	0.2084	24.1599	23.9458
2.5635	3.0727	0.2021	24.1147	23.9441
2.5640	3.0734	0.1997	23.9869	23.9179
2.5645	3.0735	0.2036	23.9316	23.8907
2.5650	3.0735	0.2016	23.8876	23.8612
2.5655	3.0728	0.2009	23.8820	23.8984
2.5660	3.0723	0.2095	23.6996	23.9420
2.5665	3.0727	0.2120	23.6508	23.9385
2.5670	3.0717	0.2145	23.3177	23.9049
2.5675	3.0716	0.2191	22.8558	23.8516
2.5680	3.0713	0.2200	22.8986	23.8102
2.5685	3.0725	0.2119	22.8195	23.8085
2.5690	3.0727	0.2063	22.9277	23.8325
2.5695	3.0724	0.2128	23.0304	23.8971
2.5700	3.0721	0.2198	23.0017	23.9342
2.5705	3.0722	0.2178	22.9423	23.9361
2.5710	3.0719	0.2209	23.0377	23.8886
2.5715	3.0717	0.2168	23.1602	23.8137
2.5720	3.0717	0.2195	23.2215	23.7717
2.5725	3.0713	0.2228	23.1853	23.7472
2.5730	3.0708	0.2248	23.2394	23.7065
2.5735	3.0707	0.2254	23.3587	23.6827
2.5740	3.0703	0.2280	23.4460	23.6950
2.5745	3.0704	0.2339	23.4336	23.7101
2.5750	3.0697	0.2375	23.4340	23.8278
2.5755	3.0691	0.2490	23.5382	23.8930
2.5760	3.0680	0.2568	23.6664	23.9044
2.5765	3.0678	0.2649	23.6761	23.8995
2.5770	3.0677	0.2586	23.6638	23.8627
2.5775	3.0675	0.2624	23.7407	23.8101
2.5780	3.0671	0.2685	23.8650	23.7837
2.5785	3.0662	0.2747	23.9056	23.7761
2.5790	3.0660	0.2834	23.8792	23.7608
2.5795	3.0657	0.2851	23.9221	23.7375
2.5800	3.0661	0.2790	24.0299	23.7112
2.5805	3.0660	0.2800	24.0523	23.7416
2.5810	3.0663	0.2781	23.9943	23.8010
2.5815	3.0662	0.2775	24.0121	23.8721
2.5820	3.0662	0.2764	24.1020	23.9647
2.5825	3.0658	0.2828	24.1568	23.9753
2.5830	3.0659	0.2758	24.1092	23.9257
2.5835	3.0665	0.2755	24.1161	23.8297
2.5840	3.0665	0.2750	24.2058	23.7317
2.5845	3.0664	0.2796	24.2792	23.6790
2.5850	3.0674	0.2695	24.1920	23.6415
2.5855	3.0686	0.2531	24.1615	23.6417
2.5860	3.0688	0.2455	24.1266	23.6475
2.5865	3.0694	0.2449	24.1285	23.7153
2.5870	3.0709	0.2334	24.1174	23.7563
2.5875	3.0717	0.2184	24.0131	23.7820
2.5880	3.0722	0.2107	24.0541	23.8296
2.5885	3.0725	0.2092	24.0788	23.9410
2.5890	3.0717	0.2166	24.0085	23.9855
2.5895	3.0704	0.2326	23.8779	23.9732
2.5900	3.0699	0.2354	23.8193	23.9685
2.5905	3.0694	0.2430	23.9427	23.9626
2.5910	3.0698	0.2438	24.0488	24.0029
2.5915	3.0699	0.2458	23.9921	23.9694
2.5920	3.0694	0.2387	23.9948	23.8925
2.5925	3.0691	0.2443	24.1387	23.8387
2.5930	3.0694	0.2454	24.2312	23.8199
2.5935	3.0695	0.2443	24.1616	23.8348
2.5940	3.0693	0.2446	24.1342	23.8488
2.5945	3.0690	0.2506	24.2654	23.9520
2.5950	3.0691	0.2492	24.3608	24.0354
2.5955	3.0687	0.2470	24.2654	23.9837
2.5960	3.0691	0.2458	24.2033	23.9438
2.5965	3.0691	0.2537	24.3114	23.8704
2.5970	3.0689	0.2493	24.4082	23.8131
2.5975	3.0686	0.2488	24.3190	23.7712
2.5980	3.0689	0.2496	24.2040	23.7411
2.5985	3.0687	0.2539	24.2732	23.7192
2.5990	3.0685	0.2552	24.3700	23.7475
2.5995	3.0683	0.2626	24.2632	23.8371
2.6000	3.0677	0.2626	24.0860	23.8711
2.6005	3.0674	0.2632	24.0995	23.8991
2.6010	3.0678	0.2641	24.1829	23.8951
2.6015	3.0670	0.2707	24.0651	23.8902
2.6020	3.0671	0.2691	23.8641	23.8866
2.6025	3.0669	0.2734	23.8310	23.8818
2.6030	3.0664	0.2790	23.8935	23.9086
2.6035	3.0665	0.2762	23.8173	23.9530
2.6040	3.0656	0.2911	23.5690	23.9276
2.6045	3.0657	0.2833	22.7535	23.9028
2.6050	3.0671	0.2686	22.7900	23.8757
2.6055	3.0679	0.2575	22.9264	23.8338
2.6060	3.0692	0.2520	22.8243	23.8352
2.6065	3.0706	0.2339	22.7901	23.8186
2.6070	3.0705	0.2334	22.9165	23.8169
2.6075	3.0699	0.2395	23.0453	23.8411
2.6080	3.0703	0.2346	23.0037	23.7843
2.6085	3.0703	0.2363	22.9149	23.7474
2.6090	3.0700	0.2387	23.0618	23.7138
2.6095	3.0703	0.2340	23.2407	23.7137
2.6100	3.0697	0.2388	23.2362	23.7211
2.6105	3.0701	0.2339	23.1351	23.7303
2.6110	3.0713	0.2265	23.2236	23.7443
2.6115	3.0712	0.2183	23.4291	23.7587
2.6120	3.0717	0.2197	23.4665	23.8144
2.6125	3.0722	0.2174	23.3681	23.8260
2.6130	3.0717	0.2234	23.4409	23.8069
2.6135	3.0708	0.2337	23.6684	23.8284
2.6140	3.0698	0.2369	23.7149	23.8799
2.6145	3.0689	0.2453	23.5958	23.9353
2.6150	3.0695	0.2449	23.6375	23.9831
2.6155	3.0687	0.2471	23.8517	24.0239
2.6160	3.0683	0.2587	23.9463	24.0620
2.6165	3.0677	0.2606	23.8511	24.0597
2.6170	3.0682	0.2618	23.8197	24.0105
2.6175	3.0679	0.2593	23.9850	23.9226
2.6180	3.0680	0.2605	24.1033	23.8489
2.6185	3.0691	0.2453	24.0134	23.8266
2.6190	3.0701	0.2371	23.9411	23.8174
2.6195	3.0703	0.2324	24.0675	23.8569
2.6200	3.0711	0.2245	24.1757	23.9338
2.6205	3.0715	0.2244	24.1197	23.9309
2.6210	3.0714	0.2229	24.0536	23.8975
2.6215	3.0714	0.2276	24.1652	23.8594
2.6220	3.0707	0.2272	24.2831	23.8184
2.6225	3.0701	0.2320	24.2480	23.8068
2.6230	3.0697	0.2401	24.1365	23.8027
2.6235	3.0691	0.2526	24.1870	23.8235
2.6240	3.0682	0.2537	24.2784	23.8587
2.6245	3.0681	0.2620	24.2743	23.9568
2.6250	3.0676	0.2644	24.0404	23.9591
2.6255	3.0675	0.2692	23.8464	23.9698
2.6260	3.0668	0.2705	23.9982	24.0052
2.6265	3.0666	0.2717	23.9993	24.0117
2.6270	3.0666	0.2753	23.9095	24.0254
2.6275	3.0665	0.2725	23.8752	23.9953
2.6280	3.0672	0.2718	23.9881	23.9402
2.6285	3.0680	0.2598	24.0605	23.9342
2.6290	3.0691	0.2494	24.0314	24.0033
2.6295	3.0702	0.2344	24.0255	23.9912
2.6300	3.0708	0.2272	24.1606	23.9287
2.6305	3.0713	0.2255	24.2654	23.8570
2.6310	3.0713	0.2233	24.2431	23.8210
2.6315	3.0711	0.2278	24.2011	23.8345
2.6320	3.0713	0.2247	24.2866	23.8615
2.6325	3.0700	0.2350	24.3904	23.8848
2.6330	3.0697	0.2370	24.3834	23.8778
2.6335	3.0691	0.2465	24.3202	23.8514
2.6340	3.0686	0.2534	24.3556	23.8031
2.6345	3.0696	0.2428	24.4340	23.7799
2.6350	3.0702	0.2328	24.4300	23.7228
2.6355	3.0704	0.2327	24.3574	23.7292
2.6360	3.0712	0.2301	24.3644	23.8478
2.6365	3.0709	0.2273	24.4334	23.8706
2.6370	3.0718	0.2225	24.4034	23.8672
2.6375	3.0712	0.2215	24.2695	23.8503
2.6380	3.0719	0.2216	24.2058	23.8230
2.6385	3.0724	0.2148	24.2557	23.8287
2.6390	3.0725	0.2124	24.2243	23.7747
2.6395	3.0726	0.2111	24.0812	23.7812
2.6400	3.0725	0.2103	23.9628	23.7661
2.6405	3.0720	0.2199	23.9662	23.7961
2.6410	3.0722	0.2167	23.9489	23.8490
2.6415	3.0721	0.2160	23.6056	23.8672
2.6420	3.0713	0.2243	23.4346	23.9001
2.6425	3.0704	0.2317	23.4647	23.8339
2.6430	3.0706	0.2294	23.4197	23.7773
2.6435	3.0705	0.2274	23.0498	23.7165
2.6440	3.0706	0.2340	22.8018	23.6932
2.6445	3.0704	0.2314	22.8554	23.7058
2.6450	3.0712	0.2281	23.0147	23.7140
2.6455	3.0714	0.2225	23.0602	23.7079
2.6460	3.0712	0.2204	23.0029	23.6934
2.6465	3.0714	0.2234	23.0224	23.6768
2.6470	3.0710	0.2272	23.1687	23.6947
2.6475	3.0706	0.2352	23.2514	23.7347
2.6480	3.0696	0.2402	23.2106	23.7597
2.6485	3.0699	0.2413	23.2177	23.8724
2.6490	3.0688	0.2516	23.3772	23.9232
2.6495	3.0684	0.2534	23.4862	23.8744
2.6500	3.0674	0.2627	23.4390	23.8135
2.6505	3.0670	0.2704	23.4184	23.7553
2.6510	3.0661	0.2838	23.5346	23.7176
2.6515	3.0661	0.2773	23.6789	23.6727
2.6520	3.0660	0.2818	23.6830	23.7420
2.6525	3.0665	0.2810	23.6350	23.7861
2.6530	3.0681	0.2639	23.7316	23.7892
2.6535	3.0688	0.2461	23.9015	23.8422
2.6540	3.0689	0.2533	23.9239	23.8914
2.6545	3.0694	0.2452	23.8520	23.8981
2.6550	3.0698	0.2373	23.9118	23.9102
2.6555	3.0700	0.2424	24.0545	23.8793
2.6560	3.0703	0.2373	24.0783	23.8592
2.6565	3.0710	0.2268	23.9773	23.8421
2.6570	3.0699	0.2344	23.9896	23.8745
2.6575	3.0700	0.2366	24.1411	23.9008
2.6580	3.0701	0.2320	24.1778	23.8690
2.6585	3.0711	0.2310	24.0919	23.8172
2.6590	3.0723	0.2091	24.1050	23.7468
2.6595	3.0728	0.2155	24.2801	23.6963
2.6600	3.0728	0.2082	24.3201	23.6786
2.6605	3.0728	0.2058	24.1903	23.7205
2.6610	3.0736	0.2023	24.1505	23.8333
2.6615	3.0728	0.2061	24.2964	23.8726
2.6620	3.0721	0.2077	24.3279	23.8984
2.6625	3.0715	0.2159	24.2117	23.9050
2.6630	3.0721	0.2165	23.8047	23.8804
2.6635	3.0723	0.2155	23.7524	23.8381
2.6640	3.0729	0.2057	23.9087	23.7809
2.6645	3.0726	0.2074	23.8478	23.7258
2.6650	3.0722	0.2142	23.7901	23.7434
2.6655	3.0726	0.2106	23.9305	23.8072
2.6660	3.0729	0.2047	24.1394	23.8195
2.6665	3.0729	0.2047	24.1180	23.8433
2.6670	3.0715	0.2209	24.0242	23.8646
2.6675	3.0719	0.2220	24.1263	23.8332
2.6680	3.0716	0.2174	24.3309	23.8096
2.6685	3.0721	0.2180	24.3413	23.8498
2.6690	3.0717	0.2160	24.2172	23.8747
2.6695	3.0720	0.2172	24.2639	23.8529
2.6700	3.0722	0.2175	24.4608	23.8331
2.6705	3.0714	0.2183	24.4932	23.8021
2.6710	3.0709	0.2324	24.3331	23.7727
2.6715	3.0699	0.2408	24.3203	23.7351
2.6720	3.0690	0.2480	24.5189	23.7069
2.6725	3.0692	0.2486	24.5833	23.7077
2.6730	3.0690	0.2518	24.3819	23.7617
2.6735	3.0684	0.2541	24.2861	23.7884
2.6740	3.0678	0.2571	24.4572	23.7817
2.6745	3.0678	0.2575	24.5684	23.7348
2.6750	3.0674	0.2655	24.3922	23.6860
2.6755	3.0667	0.2733	24.2139	23.6558
2.6760	3.0664	0.2711	24.2620	23.6728
2.6765	3.0670	0.2732	24.3466	23.7072
2.6770	3.0670	0.2644	24.1618	23.7513
2.6775	3.0676	0.2638	23.9820	23.7959
2.6780	3.0677	0.2606	24.0015	23.8800
2.6785	3.0677	0.2611	24.1378	23.9242
2.6790	3.0670	0.2693	23.7932	23.9183
2.6795	3.0670	0.2723	23.4710	23.8803
2.6800	3.0665	0.2752	23.5369	23.8400
2.6805	3.0664	0.2802	23.6180	23.8012
2.6810	3.0665	0.2714	23.5524	23.7854
2.6815	3.0668	0.2744	23.2559	23.7979
2.6820	3.0682	0.2680	22.8522	23.8268
2.6825	3.0686	0.2514	23.0133	23.8376
2.6830	3.0684	0.2564	23.1375	23.9250
2.6835	3.0683	0.2540	22.9825	23.9604
2.6840	3.0683	0.2523	22.9651	23.8997
2.6845	3.0697	0.2428	23.1634	23.8352
2.6850	3.0709	0.2312	23.3318	23.7613
2.6855	3.0714	0.2271	23.2357	23.7763
2.6860	3.0721	0.2201	23.1645	23.7958
2.6865	3.0712	0.2196	23.3493	23.7991
2.6870	3.0717	0.2201	23.5577	23.8105
2.6875	3.0702	0.2304	23.4762	23.8247
2.6880	3.0705	0.2334	23.3491	23.8592
2.6885	3.0706	0.2287	23.5219	23.8860
2.6890	3.0701	0.2392	23.7731	23.9151
2.6895	3.0697	0.2413	23.7232	23.9052
2.6900	3.0702	0.2390	23.5603	23.9254
2.6905	3.0696	0.2414	23.6993	23.9291
2.6910	3.0702	0.2350	23.9775	23.9153
2.6915	3.0704	0.2344	23.9698	23.9194
2.6920	3.0713	0.2239	23.7926	23.9549
2.6925	3.0708	0.2265	23.8758	23.9726
2.6930	3.0706	0.2339	24.1348	23.9469
2.6935	3.0706	0.2308	24.1378	23.9271
2.6940	3.0700	0.2328	23.9230	23.9077
2.6945	3.0699	0.2434	23.9436	23.9280
2.6950	3.0697	0.2463	24.1881	23.9586
2.6955	3.0693	0.2440	24.2622	23.9712
2.6960	3.0690	0.2481	24.0717	23.9448
2.6965	3.0682	0.2503	24.0329	23.8939
2.6970	3.0686	0.2585	24.2663	23.8034
2.6975	3.0691	0.2488	24.3885	23.7330
2.6980	3.0689	0.2472	24.1903	23.7338
2.6985	3.0689	0.2545	24.1068	23.7670
2.6990	3.0684	0.2629	24.2669	23.8217
2.6995	3.0677	0.2658	24.4415	23.8923
2.7000	3.0671	0.2679	24.0500	23.8966
2.7005	3.0674	0.2684	23.5219	23.8479
2.7010	3.0667	0.2720	23.7440	23.8808
2.7015	3.0675	0.2680	23.9551	23.9000
2.7020	3.0667	0.2737	23.8788	23.8893
2.7025	3.0660	0.2792	23.7261	23.8457
2.7030	3.0661	0.2782	23.8896	23.8170
2.7035	3.0667	0.2716	24.1400	23.7978
2.7040	3.0670	0.2703	24.1344	23.8118
2.7045	3.0683	0.2510	23.9646	23.8215
2.7050	3.0696	0.2399	24.0727	23.8072
2.7055	3.0702	0.2314	24.3259	23.7641
2.7060	3.0713	0.2268	24.3361	23.7254
2.7065	3.0719	0.2144	24.1614	23.6832
2.7070	3.0732	0.2029	24.2450	23.7599
2.7075	3.0738	0.1957	24.4996	23.8104
2.7080	3.0738	0.1963	24.4972	23.8286
2.7085	3.0732	0.2030	24.2772	23.8354
2.7090	3.0732	0.2055	24.2826	23.7992
2.7095	3.0731	0.2083	24.5173	23.7536
2.7100	3.0728	0.2062	24.5604	23.7002
2.7105	3.0727	0.2048	24.3581	23.6862
2.7110	3.0724	0.2147	24.2975	23.6864
2.7115	3.0721	0.2077	24.4976	23.7169
2.7120	3.0716	0.2130	24.5645	23.7396
2.7125	3.0718	0.2151	24.3422	23.7244
2.7130	3.0718	0.2166	24.1862	23.7609
2.7135	3.0721	0.2130	24.3016	23.7647
2.7140	3.0711	0.2224	24.3894	23.8072
2.7145	3.0709	0.2282	24.1971	23.8962
2.7150	3.0708	0.2292	23.9680	23.8908
2.7155	3.0707	0.2242	24.0050	23.8897
2.7160	3.0704	0.2316	24.1012	23.8795
2.7165	3.0701	0.2319	23.9476	23.8803
2.7170	3.0699	0.2342	23.6971	23.8568
2.7175	3.0698	0.2410	23.6713	23.8148
2.7180	3.0697	0.2463	23.6262	23.7656
2.7185	3.0696	0.2368	23.6142	23.7360
2.7190	3.0698	0.2430	23.3943	23.7026
2.7195	3.0692	0.2472	23.2845	23.7191
2.7200	3.0687	0.2508	23.3568	23.8108
2.7205	3.0685	0.2568	23.2013	23.9055
2.7210	3.0679	0.2609	22.9230	23.9654
2.7215	3.0676	0.2589	22.9567	23.9742
2.7220	3.0679	0.2579	23.1173	23.9239
2.7225	3.0677	0.2620	23.2454	23.8817
2.7230	3.0671	0.2704	23.1870	23.8412
2.7235	3.0669	0.2723	23.1410	23.8451
2.7240	3.0660	0.2791	23.2903	23.8445
2.7245	3.0663	0.2749	23.4506	23.8677
2.7250	3.0664	0.2714	23.4293	23.8856
2.7255	3.0667	0.2715	23.3569	23.8889
2.7260	3.0672	0.2697	23.4627	23.8928
2.7265	3.0676	0.2669	23.6359	23.9036
2.7270	3.0682	0.2581	23.6480	23.9379
2.7275	3.0680	0.2625	23.6003	23.9391
2.7280	3.0665	0.2715	23.6664	23.9286
2.7285	3.0663	0.2749	23.8120	23.9541
2.7290	3.0661	0.2782	23.8750	23.9518
2.7295	3.0661	0.2827	23.8319	23.9321
2.7300	3.0654	0.2849	23.8600	23.8828
2.7305	3.0668	0.2705	23.9982	23.8232
2.7310	3.0687	0.2571	24.0491	23.7722
2.7315	3.0696	0.2387	23.9534	23.7388
2.7320	3.0708	0.2372	23.9146	23.7497
2.7325	3.0709	0.2243	24.0313	23.7345
2.7330	3.0721	0.2139	24.1438	23.7372
2.7335	3.0720	0.2145	24.1122	23.7610
2.7340	3.0728	0.2052	24.0636	23.8090
2.7345	3.0734	0.2059	24.1419	23.8597
2.7350	3.0735	0.2049	24.2352	23.8819
2.7355	3.0729	0.2061	24.1926	23.9033
2.7360	3.0722	0.2137	24.1361	23.8878
2.7365	3.0728	0.2121	24.1467	23.9146
2.7370	3.0731	0.2013	23.5658	23.8809
2.7375	3.0733	0.2047	23.4852	23.8099
2.7380	3.0729	0.2079	23.4677	23.7709
2.7385	3.0727	0.2118	23.5635	23.7678
2.7390	3.0722	0.2131	23.7501	23.7831
2.7395	3.0721	0.2127	23.8202	23.8272
2.7400	3.0727	0.2150	23.7468	23.8795
2.7405	3.0718	0.2145	23.7762	23.8922
2.7410	3.0722	0.2144	23.9809	23.9023
2.7415	3.0712	0.2189	24.0878	23.9042
2.7420	3.0711	0.2285	24.0067	23.9011
2.7425	3.0704	0.2349	23.9916	23.8543
2.7430	3.0702	0.2374	24.1744	23.8062
2.7435	3.0693	0.2464	24.2928	23.7815
2.7440	3.0687	0.2526	24.2300	23.7905
2.7445	3.0687	0.2597	24.1679	23.8041
2.7450	3.0678	0.2630	24.2907	23.8248
2.7455	3.0677	0.2636	24.4345	23.8624
2.7460	3.0679	0.2601	24.3834	23.8797
2.7465	3.0679	0.2638	24.2592	23.8831
2.7470	3.0675	0.2728	24.3144	23.8568
2.7475	3.0677	0.2667	24.4729	23.8565
2.7480	3.0680	0.2620	24.4600	23.8397
2.7485	3.0683	0.2540	24.2996	23.8245
2.7490	3.0684	0.2578	24.3196	23.8791
2.7495	3.0689	0.2528	24.4716	23.9416
2.7500	3.0689	0.2465	24.4367	23.9698
2.7505	3.0689	0.2493	24.2237	23.9802
2.7510	3.0685	0.2496	24.1821	23.9121
2.7515	3.0697	0.2464	24.2787	23.9508
2.7520	3.0702	0.2391	24.2516	23.9898
2.7525	3.0701	0.2359	24.0297	23.9577
2.7530	3.0709	0.2322	23.9391	23.9390
2.7535	3.0723	0.2124	23.9734	23.9216
2.7540	3.0738	0.2000	23.9664	23.9139
2.7545	3.0738	0.1961	23.7757	23.9093
2.7550	3.0733	0.2020	23.7005	23.9215
2.7555	3.0731	0.2024	23.5162	23.9334
2.7560	3.0727	0.2040	23.2545	23.9369
2.7565	3.0731	0.2019	23.2601	23.9572
2.7570	3.0737	0.1977	23.1437	23.9590
2.7575	3.0732	0.1992	23.1933	23.9726
2.7580	3.0734	0.2053	23.2288	23.9425
2.7585	3.0737	0.1966	23.0500	23.9969
2.7590	3.0735	0.2063	22.9965	23.9785
2.7595	3.0733	0.2010	23.0476	23.9006
2.7600	3.0730	0.2061	23.1549	23.8452
2.7605	3.0735	0.2030	23.2482	23.8864
2.7610	3.0743	0.1968	23.2419	23.9190
2.7615	3.0742	0.1935	23.2633	23.9627
2.7620	3.0755	0.1766	23.3729	24.0050
2.7625	3.0758	0.1708	23.4842	24.0042
2.7630	3.0757	0.1759	23.4639	23.9479
2.7635	3.0746	0.1836	23.4596	23.8692
2.7640	3.0734	0.1997	23.5880	23.8807
2.7645	3.0738	0.1945	23.6976	23.9154
2.7650	3.0733	0.2009	23.6694	23.9419
2.7655	3.0731	0.2072	23.6712	23.9735
2.7660	3.0729	0.2103	23.8083	23.9919
2.7665	3.0720	0.2139	23.9277	24.0234
2.7670	3.0713	0.2208	23.8963	24.0610
2.7675	3.0709	0.2276	23.8644	24.0629
2.7680	3.0697	0.2408	23.9849	24.0109
2.7685	3.0687	0.2465	24.1050	23.9364
2.7690	3.0685	0.2495	24.0609	23.8446
2.7695	3.0683	0.2569	23.9668	23.7862
2.7700	3.0671	0.2671	24.0495	23.7444
2.7705	3.0672	0.2696	24.1789	23.7685
2.7710	3.0660	0.2794	24.1833	23.7367
2.7715	3.0658	0.2795	24.0849	23.7242
2.7720	3.0651	0.2917	24.1401	23.7191
2.7725	3.0663	0.2856	24.2693	23.7162
2.7730	3.0677	0.2682	24.3259	23.7055
2.7735	3.0682	0.2571	24.1152	23.7987
2.7740	3.0686	0.2539	23.9768	23.8472
2.7745	3.0697	0.2515	24.1307	23.8336
2.7750	3.0697	0.2418	24.1697	23.8257
2.7755	3.0695	0.2460	24.0910	23.7951
2.7760	3.0695	0.2461	23.9879	23.7969
2.7765	3.0699	0.2412	24.0913	23.8213
2.7770	3.0708	0.2273	24.1194	23.8517
2.7775	3.0722	0.2221	23.8069	23.8872
2.7780	3.0732	0.2051	23.6899	23.9028
2.7785	3.0726	0.2057	23.9371	23.9245
2.7790	3.0726	0.2128	24.0636	23.9500
2.7795	3.0722	0.2113	23.9780	23.9654
2.7800	3.0728	0.2154	23.9260	23.9680
2.7805	3.0730	0.2054	24.1525	23.9166
2.7810	3.0729	0.2033	24.3137	23.8558
2.7815	3.0729	0.2124	24.1994	23.8053
2.7820	3.0718	0.2148	24.0825	23.7930
2.7825	3.0723	0.2130	24.2492	23.8110
2.7830	3.0725	0.2135	24.4562	23.8365
2.7835	3.0718	0.2178	24.3635	23.8100
2.7840	3.0722	0.2110	24.1818	23.7900
2.7845	3.0732	0.2047	24.2821	23.7209
2.7850	3.0731	0.2040	24.5021	23.6695
2.7855	3.0736	0.1966	24.4351	23.6767
2.7860	3.0738	0.1959	24.2321	23.6623
2.7865	3.0736	0.1976	24.2816	23.8056
2.7870	3.0740	0.1970	24.4817	23.9294
2.7875	3.0731	0.2057	24.4194	24.0094
2.7880	3.0722	0.2056	24.1704	24.0293
2.7885	3.0721	0.2178	24.1430	24.0460
2.7890	3.0719	0.2205	24.3184	24.0522
2.7895	3.0710	0.2287	24.2566	24.0389
2.7900	3.0708	0.2312	23.9982	23.9997
2.7905	3.0702	0.2307	23.8798	23.9623
2.7910	3.0702	0.2351	24.0328	23.9711
2.7915	3.0695	0.2444	24.0093	23.9810
2.7920	3.0688	0.2475	23.7842	23.9721
2.7925	3.0685	0.2523	23.6192	23.9634
2.7930	3.0696	0.2519	23.7796	23.9768
2.7935	3.0682	0.2563	23.3497	23.9520
2.7940	3.0675	0.2595	22.7936	23.9290
2.7945	3.0674	0.2679	22.8748	23.9096
2.7950	3.0670	0.2716	22.9282	23.9185
2.7955	3.0674	0.2623	23.0117	23.8561
2.7960	3.0678	0.2571	22.9430	23.7963
2.7965	3.0686	0.2495	22.9900	23.7719
2.7970	3.0688	0.2511	23.0949	23.7428
2.7975	3.0686	0.2596	23.1926	23.7167
2.7980	3.0684	0.2528	23.2071	23.7276
2.7985	3.0684	0.2570	23.2143	23.7493
2.7990	3.0692	0.2499	23.2781	23.7869
2.7995	3.0696	0.2410	23.3851	23.8306
2.8000	3.0701	0.2414	23.4291	23.8671
2.8005	3.0709	0.2296	23.4485	23.8867
2.8010	3.0709	0.2284	23.5124	23.8659
2.8015	3.0706	0.2287	23.6111	23.8503
2.8020	3.0703	0.2323	23.6480	23.8850
2.8025	3.0713	0.2248	23.6451	23.9001
2.8030	3.0725	0.2122	23.7070	23.8878
2.8035	3.0724	0.2127	23.8091	23.8954
2.8040	3.0726	0.2150	23.8678	23.9177
2.8045	3.0726	0.2094	23.8883	23.9449
2.8050	3.0726	0.2118	23.9439	23.9228
2.8055	3.0717	0.2230	24.0236	23.9057
2.8060	3.0713	0.2233	24.0516	23.8418
2.8065	3.0714	0.2266	24.0382	23.7833
2.8070	3.0712	0.2255	24.0673	23.7335
2.8075	3.0707	0.2286	24.1125	23.7136
2.8080	3.0712	0.2296	24.1516	23.6977
2.8085	3.0714	0.2196	24.1342	23.7188
2.8090	3.0714	0.2251	24.1458	23.7644
2.8095	3.0710	0.2243	24.2066	23.8186
2.8100	3.0706	0.2308	24.2891	23.8144
2.8105	3.0712	0.2272	24.2534	23.8086
2.8110	3.0713	0.2250	24.2713	23.8010
2.8115	3.0718	0.2213	24.1404	23.7874
2.8120	3.0713	0.2183	24.1797	23.8082
2.8125	3.0709	0.2251	24.1874	23.8501
2.8130	3.0706	0.2274	24.1172	23.8805
2.8135	3.0704	0.2408	24.1455	23.8485
2.8140	3.0707	0.2349	24.1590	23.8195
2.8145	3.0700	0.2387	24.1320	23.9009
2.8150	3.0699	0.2422	24.0169	23.9723
2.8155	3.0699	0.2393	23.9501	24.0032
2.8160	3.0698	0.2399	23.9198	24.0005
2.8165	3.0697	0.2445	24.0077	23.9740
2.8170	3.0702	0.2375	23.9734	23.9666
2.8175	3.0701	0.2378	24.0328	23.9153
2.8180	3.0696	0.2398	24.1786	23.8905
2.8185	3.0688	0.2520	24.2665	23.8290
2.8190	3.0682	0.2585	24.2115	23.8022
2.8195	3.0671	0.2678	24.2050	23.8012
2.8200	3.0668	0.2717	24.3013	23.8155
2.8205	3.0674	0.2680	24.4015	23.8618
2.8210	3.0674	0.2611	24.3625	23.9202
2.8215	3.0683	0.2611	24.2942	23.9584
2.8220	3.0687	0.2599	24.3492	23.9661
2.8225	3.0686	0.2514	24.4651	23.9122
2.8230	3.0682	0.2597	24.4446	23.8403
2.8235	3.0677	0.2618	24.3421	23.7919
2.8240	3.0683	0.2558	24.3438	23.8021
2.8245	3.0689	0.2496	24.4580	23.8126
2.8250	3.0697	0.2440	24.4490	23.8866
2.8255	3.0707	0.2319	24.3037	23.9290
2.8260	3.0712	0.2220	24.2257	23.9313
2.8265	3.0725	0.2199	24.3052	23.9375
2.8270	3.0731	0.2049	24.2887	23.9628
2.8275	3.0729	0.2043	24.1343	23.9599
2.8280	3.0737	0.2016	23.9962	23.9293
2.8285	3.0735	0.2037	24.0491	23.8869
2.8290	3.0730	0.2060	24.0324	23.8685
2.8295	3.0723	0.2109	23.9020	23.8724
2.8300	3.0724	0.2114	23.7128	23.9100
2.8305	3.0729	0.2127	23.7899	23.9002
2.8310	3.0722	0.2162	23.5368	23.8754
2.8315	3.0717	0.2217	22.8889	23.8214
2.8320	3.0713	0.2226	22.8754	23.7921
2.8325	3.0720	0.2207	22.9410	23.8095
2.8330	3.0727	0.2125	23.0979	23.8395
2.8335	3.0718	0.2190	23.0777	23.8941
2.8340	3.0713	0.2213	22.9971	23.9182
2.8345	3.0715	0.2208	23.0602	23.9137
2.8350	3.0715	0.2196	23.2101	23.8345
2.8355	3.0718	0.2245	23.2237	23.7661
2.8360	3.0711	0.2283	23.2046	23.7243
2.8365	3.0712	0.2238	23.2611	23.6940
2.8370	3.0713	0.2290	23.3995	23.6552
2.8375	3.0706	0.2332	23.4597	23.6527
2.8380	3.0703	0.2334	23.4454	23.6735
2.8385	3.0702	0.2341	23.4765	23.6954
2.8390	3.0701	0.2410	23.5965	23.8152
2.8395	3.0692	0.2430	23.6743	23.8691
2.8400	3.0685	0.2506	23.6698	23.8670
2.8405	3.0680	0.2616	23.6881	23.8520
2.8410	3.0683	0.2577	23.8005	23.8101
2.8415	3.0680	0.2599	23.9041	23.7642
2.8420	3.0676	0.2605	23.9150	23.7442
2.8425	3.0667	0.2735	23.9095	23.7370
2.8430	3.0661	0.2788	23.9926	23.7220
2.8435	3.0660	0.2796	24.0893	23.7079
2.8440	3.0661	0.2788	24.0822	23.6875
2.8445	3.0664	0.2753	24.0406	23.7091
2.8450	3.0667	0.2759	24.0942	23.7606
2.8455	3.0667	0.2725	24.2045	23.8408
2.8460	3.0667	0.2759	24.1882	23.9185
2.8465	3.0663	0.2789	24.1248	23.9156
2.8470	3.0664	0.2757	24.1626	23.8614
2.8475	3.0667	0.2697	24.3091	23.7761
2.8480	3.0668	0.2729	24.3334	23.6875
2.8485	3.0671	0.2682	24.2704	23.6399
2.8490	3.0680	0.2629	24.2347	23.6055
2.8495	3.0690	0.2454	24.3465	23.6003
2.8500	3.0695	0.2455	24.2419	23.6062
2.8505	3.0701	0.2449	24.1442	23.6589
2.8510	3.0705	0.2309	24.1778	23.6997
2.8515	3.0711	0.2247	24.1969	23.7247
2.8520	3.0713	0.2222	24.2036	23.7783
2.8525	3.0716	0.2261	24.0882	23.8926
2.8530	3.0706	0.2235	24.0294	23.9506
2.8535	3.0707	0.2264	24.0520	23.9330
2.8540	3.0710	0.2272	24.0014	23.9151
2.8545	3.0710	0.2300	23.9463	23.9123
2.8550	3.0712	0.2245	24.0005	23.9352
2.8555	3.0713	0.2341	24.1214	23.8995
2.8560	3.0707	0.2287	24.2198	23.8448
2.8565	3.0703	0.2328	24.2079	23.8006
2.8570	3.0708	0.2338	24.1881	23.7970
2.8575	3.0702	0.2337	24.2635	23.8354
2.8580	3.0696	0.2427	24.3609	23.8518
2.8585	3.0694	0.2456	24.3458	23.9229
2.8590	3.0690	0.2524	24.2914	23.9934
2.8595	3.0689	0.2552	24.3378	23.9438
2.8600	3.0683	0.2561	24.4314	23.8781
2.8605	3.0682	0.2552	24.4208	23.8011
2.8610	3.0686	0.2552	24.3300	23.7462
2.8615	3.0681	0.2570	24.3369	23.7068
2.8620	3.0685	0.2517	24.4134	23.6986
2.8625	3.0686	0.2549	24.4173	23.6941
2.8630	3.0689	0.2456	24.3083	23.7097
2.8635	3.0686	0.2514	24.2546	23.7930
2.8640	3.0695	0.2508	24.2802	23.8362
2.8645	3.0689	0.2529	24.2558	23.8548
2.8650	3.0688	0.2507	24.1229	23.8580
2.8655	3.0687	0.2526	24.0296	23.8322
2.8660	3.0682	0.2545	24.0122	23.8475
2.8665	3.0685	0.2522	24.0279	23.8681
2.8670	3.0682	0.2598	23.8840	23.9044
2.8675	3.0684	0.2591	23.7748	23.9371
2.8680	3.0672	0.2611	23.5723	23.9087
2.8685	3.0675	0.2635	22.8712	23.8841
2.8690	3.0684	0.2499	22.8826	23.8572
2.8695	3.0698	0.2416	22.8585	23.8143
2.8700	3.0702	0.2383	22.8986	23.8009
2.8705	3.0714	0.2225	23.0006	23.8046
2.8710	3.0721	0.2154	23.0094	23.8020
2.8715	3.0719	0.2213	22.9654	23.8185
2.8720	3.0726	0.2111	23.0047	23.7751
2.8725	3.0732	0.2068	23.1014	23.7225
2.8730	3.0733	0.2077	23.1957	23.6916
2.8735	3.0724	0.2094	23.1853	23.6826
2.8740	3.0720	0.2135	23.1969	23.6998
2.8745	3.0721	0.2192	23.3054	23.7119
2.8750	3.0724	0.2116	23.4286	23.7459
2.8755	3.0713	0.2163	23.4334	23.7650
2.8760	3.0712	0.2220	23.4149	23.8269
2.8765	3.0717	0.2234	23.4895	23.8553
2.8770	3.0716	0.2218	23.6136	23.8240
2.8775	3.0702	0.2338	23.6574	23.8272
2.8780	3.0699	0.2400	23.6465	23.8602
2.8785	3.0693	0.2485	23.6898	23.9021
2.8790	3.0692	0.2493	23.8078	23.9373
2.8795	3.0688	0.2547	23.8868	23.9932
2.8800	3.0684	0.2595	23.8923	24.0364
2.8805	3.0680	0.2605	23.9008	24.0571
2.8810	3.0683	0.2566	23.9706	24.0510
2.8815	3.0681	0.2557	24.0477	23.9732
2.8820	3.0690	0.2490	24.0515	23.8790
2.8825	3.0698	0.2378	24.0253	23.8416
2.8830	3.0706	0.2343	24.0684	23.8127
2.8835	3.0710	0.2319	24.1570	23.8424
2.8840	3.0712	0.2257	24.1533	23.9242
2.8845	3.0721	0.2208	24.1022	23.9328
2.8850	3.0719	0.2145	24.1365	23.9130
2.8855	3.0722	0.2216	24.2506	23.8826
2.8860	3.0712	0.2190	24.2730	23.8486
2.8865	3.0712	0.2270	24.2227	23.8336
2.8870	3.0706	0.2339	24.2039	23.8294
2.8875	3.0703	0.2375	24.2877	23.8500
2.8880	3.0692	0.2455	24.2779	23.8795
2.8885	3.0693	0.2511	24.2252	23.9682
2.8890	3.0689	0.2499	24.0039	23.9716
2.8895	3.0686	0.2552	23.9292	23.9940
2.8900	3.0682	0.2587	24.0235	24.0186
2.8905	3.0684	0.2541	23.9481	24.0415
2.8910	3.0681	0.2576	23.9204	24.0507
2.8915	3.0684	0.2554	23.9704	24.0256
2.8920	3.0692	0.2496	24.0249	23.9760
2.8925	3.0703	0.2339	24.0119	23.9580
2.8930	3.0725	0.2150	24.0346	24.0347
2.8935	3.0739	0.2042	24.1243	24.0216
2.8940	3.0744	0.1908	24.2170	23.9528
2.8945	3.0747	0.1810	24.2082	23.8976
2.8950	3.0743	0.1941	24.2120	23.8643
2.8955	3.0736	0.1949	24.2955	23.8849
2.8960	3.0748	0.1852	24.3628	23.9181
2.8965	3.0753	0.1798	24.3462	23.9319
2.8970	3.0741	0.1973	24.3175	23.9166
2.8975	3.0725	0.2048	24.3574	23.8971
2.8980	3.0719	0.2216	24.4352	23.8739
2.8985	3.0722	0.2143	24.4290	23.8597
2.8990	3.0722	0.2163	24.3681	23.8186
2.8995	3.0734	0.2043	24.3763	23.8203
2.9000	3.0729	0.2105	24.4293	23.9125
2.9005	3.0727	0.2071	24.4083	23.9296
2.9010	3.0731	0.2057	24.3158	23.9283
2.9015	3.0730	0.2035	24.2774	23.9135
2.9020	3.0729	0.2026	24.2592	23.8837
2.9025	3.0736	0.2010	24.2270	23.8921
2.9030	3.0733	0.2029	24.1251	23.8307
2.9035	3.0733	0.2003	24.0611	23.8271
2.9040	3.0729	0.2028	24.0080	23.8154
2.9045	3.0718	0.2211	23.9842	23.8414
2.9050	3.0715	0.2211	23.7897	23.9274
2.9055	3.0716	0.2185	23.5062	23.9608
2.9060	3.0708	0.2338	23.5051	23.9686
2.9065	3.0693	0.2446	23.5071	23.8971
2.9070	3.0700	0.2378	23.2808	23.8432
2.9075	3.0705	0.2312	22.8806	23.7670
2.9080	3.0699	0.2398	22.8499	23.7326
2.9085	3.0698	0.2334	22.9228	23.7538
2.9090	3.0708	0.2273	22.9489	23.7706
2.9095	3.0712	0.2271	22.9763	23.7717
2.9100	3.0708	0.2269	23.0587	23.7527
2.9105	3.0717	0.2253	23.1040	23.7302
2.9110	3.0713	0.2225	23.1187	23.7525
2.9115	3.0715	0.2222	23.1523	23.7942
2.9120	3.0703	0.2346	23.2416	23.7963
2.9125	3.0702	0.2369	23.3131	23.8356
2.9130	3.0699	0.2397	23.3404	23.9562
2.9135	3.0701	0.2416	23.3807	23.9377
2.9140	3.0692	0.2499	23.4595	23.8750
2.9145	3.0686	0.2480	23.4990	23.8405
2.9150	3.0683	0.2552	23.5238	23.8052
2.9155	3.0681	0.2556	23.5980	23.7967
2.9160	3.0680	0.2596	23.6697	23.8400
2.9165	3.0684	0.2582	23.6983	23.8656
2.9170	3.0702	0.2380	23.7168	23.8598
2.9175	3.0704	0.2326	23.7902	23.9140
2.9180	3.0707	0.2343	23.8720	23.9580
2.9185	3.0712	0.2260	23.9053	23.9751
2.9190	3.0716	0.2227	23.9142	23.9861
2.9195	3.0717	0.2170	23.9558	23.9501
2.9200	3.0726	0.2071	24.0120	23.9312
2.9205	3.0730	0.2102	24.0386	23.9084
2.9210	3.0729	0.2139	24.0279	23.9376
2.9215	3.0729	0.2064	24.0398	23.9646
2.9220	3.0722	0.2157	24.0960	23.9286
2.9225	3.0731	0.2075	24.1320	23.8842
2.9230	3.0739	0.2021	24.1462	23.8114
2.9235	3.0738	0.1946	24.1608	23.7699
2.9240	3.0744	0.1953	24.1974	23.7682
2.9245	3.0740	0.1938	24.2327	23.8361
2.9250	3.0745	0.1927	24.2371	23.9315
2.9255	3.0738	0.1984	24.1943	23.9623
2.9260	3.0736	0.1971	24.1800	23.9671
2.9265	3.0723	0.2120	24.1695	23.9742
2.9270	3.0722	0.2107	23.8218	23.9576
2.9275	3.0721	0.2199	23.7094	23.9127
2.9280	3.0711	0.2239	23.7541	23.8466
2.9285	3.0707	0.2256	23.8466	23.8241
2.9290	3.0700	0.2364	23.8989	23.8620
2.9295	3.0711	0.2284	23.9039	23.9153
2.9300	3.0717	0.2234	23.9777	23.9048
2.9305	3.0723	0.2151	24.0940	23.9307
2.9310	3.0718	0.2189	24.1297	23.9141
2.9315	3.0714	0.2166	24.1216	23.8451
2.9320	3.0715	0.2219	24.1681	23.8566
2.9325	3.0720	0.2187	24.2664	23.9053
2.9330	3.0727	0.2090	24.3205	23.9384
2.9335	3.0724	0.2107	24.2936	23.9545
2.9340	3.0725	0.2133	24.2936	23.9309
2.9345	3.0722	0.2132	24.3815	23.9050
2.9350	3.0716	0.2203	24.4195	23.8500
2.9355	3.0708	0.2268	24.3604	23.7799
2.9360	3.0706	0.2310	24.3398	23.7345
2.9365	3.0708	0.2342	24.4197	23.7195
2.9370	3.0700	0.2298	24.4728	23.7658
2.9375	3.0700	0.2400	24.4071	23.8035
2.9380	3.0686	0.2533	24.3266	23.8320
2.9385	3.0687	0.2559	24.3565	23.8209
2.9390	3.0679	0.2606	24.3980	23.7963
2.9395	3.0673	0.2635	24.3178	23.7772
2.9400	3.0677	0.2676	24.1748	23.7957
2.9405	3.0672	0.2712	24.1493	23.7903
2.9410	3.0677	0.2620	24.1791	23.7865
2.9415	3.0678	0.2596	24.1151	23.8304
2.9420	3.0685	0.2597	23.9168	23.9029
2.9425	3.0678	0.2599	23.8672	23.9484
2.9430	3.0672	0.2681	23.6934	23.9723
2.9435	3.0672	0.2639	23.6371	23.9681
2.9440	3.0672	0.2669	23.5452	23.9414
2.9445	3.0674	0.2661	23.4294	23.8992
2.9450	3.0672	0.2655	23.4898	23.8772
2.9455	3.0677	0.2636	23.3366	23.8811
2.9460	3.0688	0.2523	22.8600	23.8674
2.9465	3.0683	0.2480	22.8207	23.8638
2.9470	3.0684	0.2608	22.9809	23.9500
2.9475	3.0688	0.2504	23.1293	23.9578
2.9480	3.0698	0.2426	23.0955	23.8975
2.9485	3.0712	0.2239	23.0170	23.8459
2.9490	3.0716	0.2260	23.1270	23.8158
2.9495	3.0717	0.2155	23.3102	23.8475
2.9500	3.0734	0.2023	23.3256	23.8880
2.9505	3.0729	0.2066	23.2473	23.8855
2.9510	3.0728	0.2060	23.3267	23.8591
2.9515	3.0730	0.2051	23.5210	23.8396
2.9520	3.0736	0.1980	23.5652	23.8460
2.9525	3.0742	0.1945	23.4613	23.8525
2.9530	3.0739	0.1930	23.4964	23.8705
2.9535	3.0742	0.1974	23.6934	23.9063
2.9540	3.0737	0.1980	23.7949	23.9513
2.9545	3.0730	0.2084	23.7156	23.9969
2.9550	3.0725	0.2072	23.7041	24.0032
2.9555	3.0731	0.2071	23.8990	24.0287
2.9560	3.0725	0.2098	24.0222	24.0571
2.9565	3.0719	0.2170	23.9242	24.0215
2.9570	3.0713	0.2210	23.8457	23.9559
2.9575	3.0712	0.2268	24.0078	23.8943
2.9580	3.0708	0.2261	24.1604	23.8583
2.9585	3.0704	0.2354	24.0665	23.8828
2.9590	3.0702	0.2369	23.9394	23.9406
2.9595	3.0701	0.2367	24.0781	23.9774
2.9600	3.0693	0.2453	24.2599	23.9909
2.9605	3.0694	0.2423	24.2071	23.9544
2.9610	3.0699	0.2391	24.0544	23.8716
2.9615	3.0697	0.2416	24.1760	23.8134
2.9620	3.0688	0.2475	24.3490	23.7707
2.9625	3.0679	0.2559	24.3195	23.7755
2.9630	3.0675	0.2643	24.1177	23.8028
2.9635	3.0668	0.2697	24.1810	23.8490
2.9640	3.0668	0.2704	24.1070	23.8228
2.9645	3.0664	0.2701	23.7570	23.8277
2.9650	3.0673	0.2712	23.6750	23.8825
2.9655	3.0669	0.2673	23.6896	23.9337
2.9660	3.0664	0.2770	23.9164	23.9387
2.9665	3.0667	0.2708	23.9939	23.9049
2.9670	3.0668	0.2735	23.8939	23.8483
2.9675	3.0673	0.2714	23.8609	23.8272
2.9680	3.0675	0.2662	24.0785	23.8070
2.9685	3.0689	0.2537	24.2368	23.7959
2.9690	3.0692	0.2435	24.1543	23.7815
2.9695	3.0705	0.2334	24.0818	23.7445
2.9700	3.0712	0.2301	24.2525	23.7144
2.9705	3.0721	0.2142	24.4195	23.7297
2.9710	3.0728	0.2127	24.3557	23.8124
2.9715	3.0731	0.2030	24.2341	23.8495
2.9720	3.0723	0.2115	24.3345	23.8621
2.9725	3.0726	0.2142	24.5066	23.8431
2.9730	3.0722	0.2184	24.4714	23.7837
2.9735	3.0718	0.2180	24.3157	23.7130
2.9740	3.0722	0.2164	24.3665	23.6596
2.9745	3.0721	0.2163	24.5356	23.6521
2.9750	3.0717	0.2231	24.5123	23.6817
2.9755	3.0716	0.2228	24.3353	23.7331
2.9760	3.0712	0.2238	24.3300	23.7552
2.9765	3.0719	0.2231	24.4680	23.7691
2.9770	3.0716	0.2153	24.4337	23.8065
2.9775	3.0716	0.2198	24.2082	23.7830
2.9780	3.0709	0.2289	24.1316	23.8380
2.9785	3.0705	0.2294	24.2635	23.8895
2.9790	3.0707	0.2266	24.2461	23.8686
2.9795	3.0702	0.2373	23.9906	23.8631
2.9800	3.0698	0.2345	23.8482	23.8596
2.9805	3.0701	0.2409	23.9467	23.8788
2.9810	3.0699	0.2428	23.9680	23.8619
2.9815	3.0691	0.2493	23.7078	23.8231
2.9820	3.0691	0.2455	23.3852	23.7738
2.9825	3.0689	0.2469	23.5628	23.7257
2.9830	3.0697	0.2441	23.6113	23.7004
2.9835	3.0687	0.2563	23.3798	23.7269
2.9840	3.0688	0.2537	23.1757	23.8242
2.9845	3.0681	0.2576	23.1108	23.9068
2.9850	3.0681	0.2578	23.1261	23.9570
2.9855	3.0681	0.2590	23.0928	23.9506
2.9860	3.0685	0.2542	22.9784	23.9071
2.9865	3.0678	0.2587	23.1361	23.8811
2.9870	3.0677	0.2633	23.3601	23.8635
2.9875	3.0670	0.2691	23.3442	23.8474
2.9880	3.0670	0.2747	23.1982	23.8556
2.9885	3.0671	0.2693	23.3005	23.8597
2.9890	3.0671	0.2673	23.5420	23.8677
2.9895	3.0672	0.2688	23.5735	23.8762
2.9900	3.0677	0.2582	23.4164	23.8664
2.9905	3.0679	0.2596	23.4597	23.8880
2.9910	3.0682	0.2554	23.7396	23.9339
2.9915	3.0681	0.2615	23.8363	23.9312
2.9920	3.0681	0.2611	23.6642	23.9363
2.9925	3.0676	0.2620	23.6537	23.9529
2.9930	3.0673	0.2714	23.9180	23.9559
2.9935	3.0666	0.2746	24.0591	23.9238
2.9940	3.0664	0.2777	23.9195	23.8682
2.9945	3.0678	0.2577	23.8268	23.7988
2.9950	3.0687	0.2508	24.0160	23.7574
2.9955	3.0700	0.2338	24.1745	23.7271
2.9960	3.0702	0.2304	24.0762	23.7460
2.9965	3.0718	0.2195	23.9360	23.7294
2.9970	3.0723	0.2134	24.0600	23.7381
2.9975	3.0728	0.2097	24.2618	23.7589
2.9980	3.0737	0.1990	24.2210	23.8182
2.9985	3.0733	0.1956	24.0576	23.8537
2.9990	3.0735	0.2021	24.1719	23.8821
2.9995	3.0734	0.2030	24.3450	23.8951
3.0000	3.0733	0.2104	24.3564	23.8891
3.0005	3.0734	0.2024	23.9954	23.9068
3.0010	3.0732	0.2017	23.3534	23.8604
3.0015	3.0729	0.2057	23.6091	23.8058
3.0020	3.0724	0.2089	23.6995	23.7693
3.0025	3.0724	0.2130	23.6216	23.7687
3.0030	3.0719	0.2185	23.6360	23.7754
3.0035	3.0722	0.2112	23.8793	23.8186
3.0040	3.0722	0.2198	23.9793	23.8451
3.0045	3.0723	0.2177	23.8702	23.8639
3.0050	3.0721	0.2216	23.8448	23.8798
3.0055	3.0716	0.2232	24.0876	23.8922
3.0060	3.0712	0.2249	24.2329	23.8804
3.0065	3.0700	0.2340	24.1231	23.8596
3.0070	3.0696	0.2385	24.0565	23.8103
3.0075	3.0687	0.2461	24.2441	23.7781
3.0080	3.0681	0.2527	24.4121	23.7815
3.0085	3.0674	0.2655	24.3288	23.7894
3.0090	3.0675	0.2640	24.2423	23.8075
3.0095	3.0673	0.2685	24.3635	23.8360
3.0100	3.0669	0.2675	24.5162	23.8618
3.0105	3.0668	0.2732	24.4582	23.8529
3.0110	3.0667	0.2752	24.3191	23.8398
3.0115	3.0669	0.2707	24.3618	23.8258
3.0120	3.0673	0.2702	24.5201	23.8207
3.0125	3.0677	0.2641	24.5108	23.8176
3.0130	3.0679	0.2645	24.3698	23.8878
3.0135	3.0681	0.2573	24.3417	23.9330
3.0140	3.0684	0.2584	24.4663	23.9597
3.0145	3.0684	0.2534	24.4579	23.9420
3.0150	3.0687	0.2530	24.2618	23.8800
3.0155	3.0691	0.2467	24.1375	23.9414
3.0160	3.0689	0.2497	24.2249	23.9614
3.0165	3.0687	0.2520	24.2478	23.9481
3.0170	3.0702	0.2381	24.0668	23.9396
3.0175	3.0710	0.2278	23.8576	23.9219
3.0180	3.0716	0.2175	23.9189	23.9172
3.0185	3.0726	0.2076	23.9527	23.9122
3.0190	3.0728	0.2057	23.8425	23.9029
3.0195	3.0733	0.1990	23.3486	23.8749
3.0200	3.0737	0.2001	23.2031	23.8842
3.0205	3.0739	0.1992	23.4334	23.8973
3.0210	3.0731	0.2009	23.3123	23.9172
3.0215	3.0730	0.2033	23.1656	23.9467
3.0220	3.0732	0.2013	23.1157	23.9482
3.0225	3.0733	0.2015	23.1408	24.0210
3.0230	3.0734	0.2038	23.1993	23.9792
3.0235	3.0734	0.2010	23.0735	23.8982
3.0240	3.0727	0.2030	23.1051	23.8382
3.0245	3.0728	0.2009	23.3269	23.8620
3.0250	3.0738	0.2012	23.4208	23.8750
3.0255	3.0742	0.1980	23.3156	23.9215
3.0260	3.0755	0.1803	23.3100	23.9567
3.0265	3.0759	0.1787	23.5426	23.9561
3.0270	3.0750	0.1817	23.6623	23.8974
3.0275	3.0729	0.2059	23.5440	23.8650
3.0280	3.0725	0.2133	23.5109	23.9132
3.0285	3.0730	0.2095	23.7225	23.9425
3.0290	3.0725	0.2086	23.8923	23.9580
3.0295	3.0722	0.2113	23.8099	23.9671
3.0300	3.0719	0.2166	23.7294	23.9669
3.0305	3.0719	0.2203	23.8940	23.9858
3.0310	3.0707	0.2323	24.0887	24.0026
3.0315	3.0703	0.2350	24.0380	23.9901
3.0320	3.0690	0.2438	23.9201	23.9483
3.0325	3.0690	0.2450	24.0243	23.8855
3.0330	3.0691	0.2470	24.2320	23.8286
3.0335	3.0684	0.2537	24.1850	23.7763
3.0340	3.0678	0.2587	24.0178	23.7491
3.0345	3.0667	0.2691	24.0706	23.7411
3.0350	3.0662	0.2776	24.3319	23.7091
3.0355	3.0656	0.2817	24.3423	23.6882
3.0360	3.0648	0.2841	24.1548	23.6836
3.0365	3.0664	0.2775	24.1272	23.6705
3.0370	3.0674	0.2616	24.3921	23.6620
3.0375	3.0685	0.2551	24.2863	23.7905
3.0380	3.0688	0.2498	24.0726	23.8271
3.0385	3.0693	0.2458	24.0405	23.8265
3.0390	3.0689	0.2490	24.2113	23.8097
3.0395	3.0692	0.2483	24.2771	23.7787
3.0400	3.0692	0.2465	24.0816	23.7950
3.0405	3.0698	0.2399	24.0033	23.8100
3.0410	3.0705	0.2291	24.0613	23.8238
3.0415	3.0712	0.2206	23.9432	23.8495
3.0420	3.0729	0.2088	23.8744	23.8665
3.0425	3.0725	0.2092	23.8894	23.8910
3.0430	3.0723	0.2180	24.0128	23.9253
3.0435	3.0716	0.2144	24.1419	23.9338
3.0440	3.0726	0.2101	24.1222	23.9394
3.0445	3.0735	0.2043	24.1317	23.8998
3.0450	3.0729	0.2063	24.2171	23.8317
3.0455	3.0724	0.2110	24.3164	23.7899
3.0460	3.0719	0.2231	24.3129	23.7730
3.0465	3.0719	0.2122	24.2746	23.7901
3.0470	3.0721	0.2155	24.3209	23.8020
3.0475	3.0719	0.2130	24.4115	23.7793
3.0480	3.0726	0.2148	24.4116	23.7364
3.0485	3.0732	0.2095	24.3458	23.6746
3.0490	3.0728	0.2027	24.3529	23.6408
3.0495	3.0736	0.2032	24.4507	23.6480
3.0500	3.0738	0.1998	24.4560	23.6855
3.0505	3.0738	0.2003	24.3559	23.8375
3.0510	3.0736	0.2000	24.3438	23.9396
3.0515	3.0733	0.2003	24.3989	24.0020
3.0520	3.0726	0.2054	24.3611	23.9833
3.0525	3.0727	0.2113	24.2404	24.0079
3.0530	3.0721	0.2128	24.1839	23.9975
3.0535	3.0713	0.2164	24.1943	23.9847
3.0540	3.0718	0.2202	24.1584	23.9602
3.0545	3.0715	0.2250	24.0083	23.9314
3.0550	3.0707	0.2290	23.9170	23.9572
3.0555	3.0699	0.2381	23.9046	23.9729
3.0560	3.0689	0.2493	23.9036	23.9880
3.0565	3.0685	0.2520	23.7720	23.9778
3.0570	3.0683	0.2579	23.6060	23.9730
3.0575	3.0678	0.2620	23.0181	23.9494
3.0580	3.0673	0.2698	22.9607	23.9133
3.0585	3.0669	0.2690	23.0172	23.8940
3.0590	3.0665	0.2737	22.8776	23.8836
3.0595	3.0666	0.2756	22.9430	23.8149
3.0600	3.0672	0.2757	23.0857	23.7659
3.0605	3.0678	0.2617	23.1636	23.7289
3.0610	3.0676	0.2579	23.0623	23.7235
3.0615	3.0680	0.2579	23.1053	23.7130
3.0620	3.0685	0.2608	23.2741	23.7230
3.0625	3.0684	0.2544	23.3685	23.7417
3.0630	3.0688	0.2551	23.3022	23.7766
3.0635	3.0689	0.2481	23.3072	23.8055
3.0640	3.0692	0.2458	23.4765	23.8482
3.0645	3.0700	0.2434	23.5929	23.8700
3.0650	3.0698	0.2419	23.5457	23.8478
3.0655	3.0703	0.2342	23.5372	23.8539
3.0660	3.0696	0.2369	23.6552	23.8786
3.0665	3.0701	0.2366	23.7710	23.9026
3.0670	3.0705	0.2277	23.7649	23.8935
3.0675	3.0717	0.2253	23.7679	23.9096
3.0680	3.0714	0.2201	23.8805	23.9417
3.0685	3.0719	0.2163	23.9978	23.9503
3.0690	3.0705	0.2269	24.0058	23.9182
3.0695	3.0707	0.2286	23.9656	23.8826
3.0700	3.0706	0.2280	24.0072	23.8266
3.0705	3.0709	0.2330	24.1143	23.7800
3.0710	3.0707	0.2315	24.1423	23.7350
3.0715	3.0706	0.2348	24.0929	23.7293
3.0720	3.0710	0.2275	24.1112	23.7137
3.0725	3.0716	0.2288	24.1974	23.7355
3.0730	3.0713	0.2301	24.2452	23.7882
3.0735	3.0709	0.2290	24.2100	23.8391
3.0740	3.0707	0.2251	24.1981	23.8206
3.0745	3.0717	0.2237	24.2908	23.8132
3.0750	3.0717	0.2233	24.3359	23.7892
3.0755	3.0718	0.2236	24.1231	23.7816
3.0760	3.0715	0.2238	24.1301	23.8037
3.0765	3.0709	0.2281	24.1330	23.8213
3.0770	3.0702	0.2382	24.2102	23.8950
3.0775	3.0703	0.2339	24.1545	23.8788
3.0780	3.0702	0.2425	24.0964	23.8609
3.0785	3.0697	0.2442	24.0697	23.9578
3.0790	3.0698	0.2396	24.0623	24.0209
3.0795	3.0695	0.2403	23.9130	24.0260
3.0800	3.0694	0.2434	23.8628	24.0082
3.0805	3.0695	0.2402	23.9682	23.9902
3.0810	3.0703	0.2361	24.0612	23.9709
3.0815	3.0700	0.2381	24.0986	23.9409
3.0820	3.0694	0.2437	24.1064	23.9105
3.0825	3.0687	0.2565	24.2071	23.8652
3.0830	3.0676	0.2638	24.2870	23.8474
3.0835	3.0669	0.2703	24.2545	23.8514
3.0840	3.0666	0.2755	24.2227	23.8913
3.0845	3.0673	0.2673	24.3113	23.9163
3.0850	3.0679	0.2661	24.4067	23.9657
3.0855	3.0679	0.2585	24.3783	23.9925
3.0860	3.0683	0.2543	24.2959	23.9667
3.0865	3.0684	0.2495	24.3432	23.9007
3.0870	3.0679	0.2620	24.4409	23.8411
3.0875	3.0680	0.2594	24.4130	23.8268
3.0880	3.0687	0.2540	24.3145	23.8361
3.0885	3.0693	0.2487	24.3253	23.8816
3.0890	3.0698	0.2399	24.4042	23.9813
3.0895	3.0711	0.2308	24.3723	23.9886
3.0900	3.0711	0.2263	24.2128	23.9789
3.0905	3.0720	0.2116	24.1452	23.9964
3.0910	3.0732	0.2009	24.1821	23.9856
3.0915	3.0738	0.2046	24.1836	23.9865
3.0920	3.0737	0.1993	24.0195	23.9495
3.0925	3.0735	0.2013	23.9169	23.9171
3.0930	3.0732	0.2043	23.9025	23.9254
3.0935	3.0727	0.2080	23.9090	23.9605
3.0940	3.0729	0.2092	23.7241	23.9864
3.0945	3.0729	0.2098	23.6830	23.9832
3.0950	3.0720	0.2153	23.1777	23.9431
3.0955	3.0719	0.2174	22.8818	23.8867
3.0960	3.0725	0.2175	22.9528	23.8390
3.0965	3.0722	0.2103	22.8681	23.8543
3.0970	3.0725	0.2086	22.9781	23.8873
3.0975	3.0727	0.2101	23.0503	23.9349
3.0980	3.0725	0.2161	23.0438	23.9614
3.0985	3.0721	0.2149	23.0359	23.9480
3.0990	3.0723	0.2186	23.1311	23.8988
3.0995	3.0722	0.2200	23.2349	23.8376
3.1000	3.0716	0.2219	23.2625	23.8105
3.1005	3.0713	0.2259	23.2208	23.7721
3.1010	3.0714	0.2222	23.3204	23.7361
3.1015	3.0709	0.2290	23.4597	23.7176
3.1020	3.0704	0.2340	23.4959	23.7281
3.1025	3.0704	0.2375	23.4613	23.7492
3.1030	3.0694	0.2410	23.5193	23.8827
3.1035	3.0688	0.2472	23.6519	23.9084
3.1040	3.0685	0.2588	23.7058	23.9363
3.1045	3.0688	0.2543	23.6687	23.9226
3.1050	3.0686	0.2587	23.7236	23.8821
3.1055	3.0682	0.2579	23.8802	23.8484
3.1060	3.0674	0.2692	23.9335	23.8351
3.1065	3.0664	0.2708	23.8838	23.8187
3.1070	3.0658	0.2786	23.9160	23.7880
3.1075	3.0662	0.2791	24.0529	23.7602
3.1080	3.0665	0.2779	24.0976	23.7450
3.1085	3.0668	0.2707	24.0310	23.7847
3.1090	3.0672	0.2752	24.0238	23.8379
3.1095	3.0668	0.2741	24.1289	23.9295
3.1100	3.0672	0.2761	24.1837	24.0105
3.1105	3.0672	0.2711	24.1392	23.9981
3.1110	3.0670	0.2732	24.1400	23.9187
3.1115	3.0674	0.2694	24.2436	23.8207
3.1120	3.0668	0.2708	24.2988	23.7455
3.1125	3.0669	0.2677	24.2414	23.6904
3.1130	3.0682	0.2538	24.1989	23.6768
3.1135	3.0692	0.2469	24.2908	23.6774
3.1140	3.0696	0.2408	24.1780	23.7039
3.1145	3.0702	0.2374	24.1330	23.7671
3.1150	3.0719	0.2221	24.1046	23.7828
3.1155	3.0727	0.2124	24.1290	23.8112
3.1160	3.0729	0.2035	24.1596	23.8803
3.1165	3.0730	0.2101	24.0597	23.9839
3.1170	3.0716	0.2180	23.9676	24.0029
3.1175	3.0709	0.2290	23.9590	23.9935
3.1180	3.0702	0.2347	23.9762	23.9798
3.1185	3.0697	0.2409	24.0040	24.0189
3.1190	3.0699	0.2415	23.9805	24.0495
3.1195	3.0697	0.2418	24.0362	23.9897
3.1200	3.0694	0.2443	24.1825	23.9197
3.1205	3.0692	0.2499	24.2304	23.8640
3.1210	3.0694	0.2521	24.1708	23.8530
3.1215	3.0698	0.2417	24.2092	23.8710
3.1220	3.0689	0.2458	24.3336	23.8911
3.1225	3.0692	0.2493	24.3558	23.9929
3.1230	3.0685	0.2555	24.2623	24.0253
3.1235	3.0689	0.2524	24.2645	23.9787
3.1240	3.0697	0.2509	24.3818	23.9375
3.1245	3.0698	0.2416	24.4336	23.8920
3.1250	3.0699	0.2470	24.3385	23.8493
3.1255	3.0690	0.2510	24.2839	23.8191
3.1260	3.0694	0.2443	24.3518	23.7792
3.1265	3.0689	0.2511	24.4135	23.7485
3.1270	3.0690	0.2499	24.3100	23.7854
3.1275	3.0685	0.2523	24.2107	23.8429
3.1280	3.0687	0.2547	24.1802	23.8741
3.1285	3.0684	0.2576	24.2335	23.9022
3.1290	3.0688	0.2530	24.1516	23.9159
3.1295	3.0680	0.2590	24.0239	23.9223
3.1300	3.0681	0.2599	23.9047	23.9387
3.1305	3.0675	0.2609	23.9584	23.9442
3.1310	3.0672	0.2657	23.8613	23.9981
3.1315	3.0669	0.2738	23.8260	24.0049
3.1320	3.0660	0.2827	23.3181	23.9585
3.1325	3.0669	0.2750	22.7159	23.9282
3.1330	3.0683	0.2558	22.9157	23.8756
3.1335	3.0688	0.2557	22.8853	23.8290
3.1340	3.0697	0.2446	22.9020	23.8301
3.1345	3.0705	0.2307	22.9231	23.8229
3.1350	3.0702	0.2320	22.9924	23.8613
3.1355	3.0709	0.2320	23.0099	23.8572
3.1360	3.0711	0.2260	23.0335	23.7959
3.1365	3.0711	0.2251	23.0810	23.7640
3.1370	3.0708	0.2300	23.1947	23.7389
3.1375	3.0706	0.2337	23.2071	23.7278
3.1380	3.0709	0.2298	23.2174	23.7406
3.1385	3.0712	0.2237	23.2891	23.7542
3.1390	3.0715	0.2228	23.4281	23.7793
3.1395	3.0712	0.2257	23.4632	23.8086
3.1400	3.0709	0.2220	23.4275	23.8753
3.1405	3.0714	0.2239	23.4735	23.8780
3.1410	3.0712	0.2287	23.6240	23.8731
3.1415	3.0698	0.2421	23.6858	23.8900
3.1420	3.0698	0.2446	23.6479	23.9247
3.1425	3.0694	0.2470	23.6772	23.9647
3.1430	3.0695	0.2467	23.8275	24.0065
3.1435	3.0682	0.2530	23.9240	24.0437
3.1440	3.0688	0.2602	23.9092	24.0799
3.1445	3.0682	0.2597	23.9022	24.0861
3.1450	3.0683	0.2518	23.9892	24.0289
3.1455	3.0681	0.2589	24.0787	23.9479
3.1460	3.0690	0.2475	24.0540	23.8934
3.1465	3.0706	0.2394	24.0012	23.8660
3.1470	3.0708	0.2292	24.0733	23.8542
3.1475	3.0714	0.2239	24.1943	23.9098
3.1480	3.0720	0.2165	24.1766	23.9457
3.1485	3.0723	0.2154	24.0945	23.9131
3.1490	3.0719	0.2165	24.1442	23.8766
3.1495	3.0720	0.2173	24.3046	23.8548
3.1500	3.0716	0.2196	24.3138	23.8479
3.1505	3.0709	0.2252	24.2058	23.8478
3.1510	3.0702	0.2361	24.1904	23.8639
3.1515	3.0695	0.2423	24.3079	23.8913
3.1520	3.0689	0.2499	24.3085	23.9471
3.1525	3.0682	0.2522	24.1943	24.0080
3.1530	3.0678	0.2591	23.9159	23.9822
3.1535	3.0676	0.2657	23.9816	24.0175
3.1540	3.0674	0.2591	24.0953	24.0258
3.1545	3.0674	0.2664	23.9775	24.0369
3.1550	3.0670	0.2722	23.8794	24.0342
3.1555	3.0673	0.2697	23.9739	24.0328
3.1560	3.0678	0.2637	24.0919	23.9788
3.1565	3.0689	0.2469	24.0644	24.0243
3.1570	3.0701	0.2351	24.0367	24.0689
3.1575	3.0711	0.2288	24.1491	24.0100
3.1580	3.0716	0.2234	24.2772	23.9420
3.1585	3.0719	0.2174	24.2703	23.8732
3.1590	3.0711	0.2292	24.2304	23.8539
3.1595	3.0715	0.2190	24.3023	23.8597
3.1600	3.0714	0.2220	24.4138	23.8909
3.1605	3.0705	0.2316	24.4095	23.9094
3.1610	3.0702	0.2360	24.3503	23.9002
3.1615	3.0694	0.2431	24.3785	23.8715
3.1620	3.0694	0.2374	24.4691	23.8534
3.1625	3.0705	0.2385	24.4780	23.8390
3.1630	3.0709	0.2296	24.4042	23.7866
3.1635	3.0714	0.2259	24.4018	23.8445
3.1640	3.0708	0.2295	24.4560	23.8963
3.1645	3.0720	0.2250	24.4447	23.8880
3.1650	3.0714	0.2226	24.3406	23.8849
3.1655	3.0717	0.2234	24.2932	23.8627
3.1660	3.0722	0.2150	24.3009	23.8555
3.1665	3.0727	0.2089	24.2655	23.8534
3.1670	3.0724	0.2115	24.1346	23.8308
3.1675	3.0732	0.2006	24.0773	23.8630
3.1680	3.0724	0.2101	24.0358	23.8374
3.1685	3.0721	0.2116	24.0158	23.8558
3.1690	3.0723	0.2100	23.7363	23.8561
3.1695	3.0718	0.2211	23.5229	23.9242
3.1700	3.0705	0.2332	23.6026	23.9114
3.1705	3.0701	0.2316	23.5344	23.8489
3.1710	3.0715	0.2251	23.1960	23.7893
3.1715	3.0707	0.2284	22.9032	23.7504
3.1720	3.0708	0.2292	22.9234	23.7469
3.1725	3.0709	0.2284	23.0124	23.7530
3.1730	3.0709	0.2257	22.9887	23.7535
3.1735	3.0714	0.2236	23.0185	23.7452
3.1740	3.0718	0.2223	23.1103	23.7150
3.1745	3.0715	0.2204	23.1777	23.7037
3.1750	3.0710	0.2266	23.1842	23.7382
3.1755	3.0700	0.2406	23.2158	23.7656
3.1760	3.0694	0.2475	23.3127	23.8500
3.1765	3.0690	0.2443	23.3943	23.9073
3.1770	3.0685	0.2510	23.4019	23.9377
3.1775	3.0683	0.2608	23.4190	23.8905
3.1780	3.0673	0.2652	23.5079	23.8238
3.1785	3.0667	0.2752	23.5868	23.7742
3.1790	3.0661	0.2747	23.6206	23.7320
3.1795	3.0659	0.2842	23.6399	23.7532
3.1800	3.0653	0.2812	23.7026	23.8043
3.1805	3.0672	0.2708	23.7995	23.8183
3.1810	3.0685	0.2549	23.8399	23.8455
3.1815	3.0689	0.2485	23.8554	23.9064
3.1820	3.0692	0.2452	23.9210	23.9323
3.1825	3.0700	0.2402	23.9987	23.9586
3.1830	3.0699	0.2396	24.0208	23.9512
3.1835	3.0698	0.2387	24.0103	23.9239
3.1840	3.0706	0.2313	24.0432	23.9117
3.1845	3.0702	0.2334	24.0974	23.9141
3.1850	3.0700	0.2381	24.1036	23.9478
3.1855	3.0708	0.2260	24.0842	23.9305
3.1860	3.0710	0.2304	24.1533	23.8772
3.1865	3.0719	0.2220	24.2433	23.8116
3.1870	3.0722	0.2156	24.2446	23.7505
3.1875	3.0728	0.2083	24.1815	23.7304
3.1880	3.0730	0.2082	24.2405	23.7438
3.1885	3.0734	0.2046	24.3289	23.8642
3.1890	3.0729	0.2067	24.3253	23.9358
3.1895	3.0728	0.2122	24.1981	23.9518
3.1900	3.0719	0.2157	24.2517	23.9594
3.1905	3.0716	0.2165	24.1307	23.9531
3.1910	3.0724	0.2126	23.7882	23.9151
3.1915	3.0726	0.2116	23.7480	23.8497
3.1920	3.0721	0.2218	23.8274	23.7930
3.1925	3.0715	0.2206	23.9893	23.7939
3.1930	3.0707	0.2314	23.9794	23.8448
3.1935	3.0714	0.2242	23.9574	23.8908
3.1940	3.0718	0.2180	24.0522	23.9066
3.1945	3.0713	0.2215	24.2059	23.9622
3.1950	3.0708	0.2278	24.2194	23.9452
3.1955	3.0712	0.2301	24.1807	23.8874
3.1960	3.0716	0.2267	24.2486	23.8789
3.1965	3.0719	0.2228	24.3748	23.9104
3.1970	3.0720	0.2195	24.3913	23.9044
3.1975	3.0717	0.2159	24.3484	23.9016
3.1980	3.0714	0.2178	24.3826	23.8700
3.1985	3.0711	0.2295	24.4703	23.8617
3.1990	3.0706	0.2326	24.4743	23.8180
3.1995	3.0693	0.2432	24.4122	23.7846
3.2000	3.0690	0.2475	24.4293	23.7553
3.2005	3.0688	0.2488	24.5068	23.7778
3.2010	3.0689	0.2500	24.5169	23.8230
3.2015	3.0681	0.2523	24.4352	23.8195
3.2020	3.0681	0.2574	24.3847	23.7800
3.2025	3.0683	0.2561	24.4364	23.7209
3.2030	3.0674	0.2644	24.4589	23.6846
3.2035	3.0667	0.2683	24.3336	23.7070
3.2040	3.0672	0.2689	24.2179	23.7303
3.2045	3.0671	0.2641	24.2075	23.7709
3.2050	3.0681	0.2556	24.2383	23.8148
3.2055	3.0686	0.2538	24.1027	23.8932
3.2060	3.0687	0.2512	23.9846	23.9780
3.2065	3.0682	0.2613	23.8639	23.9613
3.2070	3.0676	0.2587	23.6875	23.9469
3.2075	3.0676	0.2634	23.6692	23.9080
3.2080	3.0677	0.2661	23.5267	23.8839
3.2085	3.0675	0.2642	23.4664	23.8607
3.2090	3.0678	0.2631	23.4714	23.8560
3.2095	3.0689	0.2510	23.1026	23.8903
3.2100	3.0695	0.2452	22.8657	23.8869
3.2105	3.0693	0.2419	22.9594	23.9294
3.2110	3.0697	0.2402	23.0898	24.0001
3.2115	3.0695	0.2398	23.1909	23.9565
3.2120	3.0695	0.2390	23.1162	23.9027
3.2125	3.0708	0.2303	23.1493	23.8207
3.2130	3.0701	0.2387	23.3031	23.8072
3.2135	3.0698	0.2413	23.3999	23.8696
3.2140	3.0689	0.2471	23.3406	23.8884
3.2145	3.0694	0.2431	23.3421	23.8918
3.2150	3.0700	0.2390	23.4880	23.8814
3.2155	3.0705	0.2384	23.5858	23.8743
3.2160	3.0710	0.2306	23.5398	23.8660
3.2165	3.0710	0.2338	23.5498	23.8710
3.2170	3.0699	0.2369	23.6751	23.8739
3.2175	3.0703	0.2330	23.7777	23.9158
3.2180	3.0702	0.2317	23.7718	23.9806
3.2185	3.0709	0.2263	23.7806	24.0049
3.2190	3.0709	0.2264	23.8947	24.0279
3.2195	3.0714	0.2194	24.0091	24.0447
3.2200	3.0711	0.2206	23.9892	24.0431
3.2205	3.0711	0.2278	23.9491	24.0062
3.2210	3.0715	0.2307	24.0202	23.9479
3.2215	3.0708	0.2346	24.1245	23.9070
3.2220	3.0697	0.2396	24.1181	23.9048
3.2225	3.0698	0.2406	24.0595	23.9561
3.2230	3.0700	0.2373	24.0897	23.9961
3.2235	3.0698	0.2370	24.2138	24.0116
3.2240	3.0697	0.2462	24.2411	23.9989
3.2245	3.0697	0.2378	24.1785	23.9234
3.2250	3.0696	0.2402	24.2046	23.8312
3.2255	3.0696	0.2415	24.3232	23.7872
3.2260	3.0691	0.2466	24.3558	23.7875
3.2265	3.0687	0.2502	24.2709	23.8033
3.2270	3.0682	0.2563	24.2309	23.8579
3.2275	3.0677	0.2664	24.2481	23.8747
3.2280	3.0679	0.2599	23.8586	23.8333
3.2285	3.0674	0.2625	23.7465	23.8608
3.2290	3.0676	0.2630	23.7611	23.9191
3.2295	3.0673	0.2697	23.8462	23.9515
3.2300	3.0664	0.2747	23.9873	23.9366
3.2305	3.0667	0.2741	23.9885	23.8964
3.2310	3.0673	0.2698	23.9407	23.8555
3.2315	3.0675	0.2686	24.0209	23.8475
3.2320	3.0683	0.2605	24.1928	23.8417
3.2325	3.0691	0.2490	24.2482	23.8239
3.2330	3.0702	0.2363	24.1736	23.7873
3.2335	3.0707	0.2308	24.1927	23.7749
3.2340	3.0714	0.2202	24.3622	23.7149
3.2345	3.0725	0.2080	24.4285	23.7904
3.2350	3.0735	0.2021	24.3429	23.8634
3.2355	3.0735	0.1974	24.3166	23.8677
3.2360	3.0731	0.2048	24.4555	23.8819
3.2365	3.0728	0.2045	24.5338	23.8422
3.2370	3.0723	0.2100	24.4245	23.7812
3.2375	3.0726	0.2099	24.3555	23.7152
3.2380	3.0729	0.2072	24.4900	23.6817
3.2385	3.0718	0.2141	24.5882	23.7053
3.2390	3.0715	0.2163	24.4595	23.7349
3.2395	3.0715	0.2192	24.3151	23.7698
3.2400	3.0718	0.2180	24.4049	23.7719
3.2405	3.0718	0.2169	24.5288	23.7948
3.2410	3.0715	0.2194	24.4000	23.7930
3.2415	3.0713	0.2220	24.1674	23.8052
3.2420	3.0706	0.2317	24.1651	23.8977
3.2425	3.0707	0.2319	24.2571	23.8980
3.2430	3.0704	0.2314	24.1711	23.8961
3.2435	3.0704	0.2360	23.9290	23.8923
3.2440	3.0700	0.2313	23.8841	23.9068
3.2445	3.0703	0.2345	23.9681	23.9086
3.2450	3.0699	0.2399	23.9426	23.8812
3.2455	3.0696	0.2408	23.5317	23.8116
3.2460	3.0694	0.2410	23.4380	23.7712
3.2465	3.0694	0.2410	23.6154	23.7398
3.2470	3.0692	0.2457	23.5567	23.7312
3.2475	3.0691	0.2519	23.3204	23.8042
3.2480	3.0681	0.2570	23.0984	23.9036
3.2485	3.0683	0.2576	23.0619	23.9785
3.2490	3.0677	0.2608	23.1769	23.9981
3.2495	3.0681	0.2606	23.0943	23.9674
3.2500	3.0677	0.2611	23.0368	23.9314
3.2505	3.0674	0.2685	23.2375	23.8931
3.2510	3.0669	0.2720	23.3998	23.8715
3.2515	3.0669	0.2703	23.3217	23.8728
3.2520	3.0662	0.2760	23.2437	23.8762
3.2525	3.0669	0.2695	23.4176	23.8797
3.2530	3.0669	0.2708	23.5999	23.8926
3.2535	3.0672	0.2653	23.5257	23.8993
3.2540	3.0679	0.2641	23.4279	23.9052
3.2545	3.0686	0.2581	23.5995	23.9592
3.2550	3.0679	0.2526	23.8248	23.9695
3.2555	3.0678	0.2634	23.7875	23.9618
3.2560	3.0670	0.2741	23.6681	23.9717
3.2565	3.0662	0.2753	23.7930	23.9792
3.2570	3.0659	0.2847	24.0072	23.9599
3.2575	3.0657	0.2852	23.9907	23.9385
3.2580	3.0664	0.2713	23.8745	23.8593
3.2585	3.0687	0.2600	23.9347	23.8097
3.2590	3.0698	0.2432	24.1313	23.7669
3.2595	3.0705	0.2283	24.1375	23.7607
3.2600	3.0716	0.2251	23.9820	23.7664
3.2605	3.0720	0.2177	23.9811	23.7571
3.2610	3.0722	0.2151	24.2016	23.7823
3.2615	3.0723	0.2104	24.2723	23.8121
3.2620	3.0733	0.2079	24.1461	23.8841
3.2625	3.0738	0.1982	24.0895	23.9055
3.2630	3.0730	0.2048	24.2768	23.9390
3.2635	3.0720	0.2137	24.3506	23.9100
3.2640	3.0725	0.2154	24.2740	23.9292
3.2645	3.0730	0.2030	23.5416	23.9130
3.2650	3.0726	0.2048	23.4528	23.8497
3.2655	3.0723	0.2107	23.7301	23.8061
3.2660	3.0724	0.2131	23.6655	23.7892
3.2665	3.0720	0.2162	23.6185	23.8019
3.2670	3.0722	0.2166	23.7539	23.8447
3.2675	3.0723	0.2125	23.9836	23.8778
3.2680	3.0723	0.2164	23.9300	23.8970
3.2685	3.0720	0.2146	23.8447	23.9083
3.2690	3.0720	0.2169	23.9557	23.9223
3.2695	3.0714	0.2210	24.1864	23.9220
3.2700	3.0708	0.2297	24.1770	23.8965
3.2705	3.0706	0.2319	24.0648	23.8534
3.2710	3.0698	0.2404	24.1586	23.8301
3.2715	3.0690	0.2487	24.3917	23.8220
3.2720	3.0684	0.2526	24.3895	23.8247
3.2725	3.0675	0.2605	24.2296	23.8496
3.2730	3.0675	0.2641	24.2784	23.8767
3.2735	3.0677	0.2622	24.5063	23.9019
3.2740	3.0669	0.2690	24.5114	23.9083
3.2745	3.0674	0.2693	24.2918	23.8821
3.2750	3.0666	0.2682	24.2724	23.8723
3.2755	3.0675	0.2697	24.5105	23.8656
3.2760	3.0682	0.2611	24.5725	23.8556
3.2765	3.0682	0.2603	24.3850	23.9057
3.2770	3.0686	0.2546	24.2932	23.9759
3.2775	3.0688	0.2474	24.4457	23.9953
3.2780	3.0692	0.2578	24.5015	24.0088
3.2785	3.0688	0.2468	24.2911	23.9395
3.2790	3.0687	0.2497	24.1010	23.9512
3.2795	3.0697	0.2381	24.2059	24.0053
3.2800	3.0694	0.2469	24.3110	23.9770
3.2805	3.0704	0.2339	24.1097	23.9659
3.2810	3.0717	0.2223	23.8333	23.9654
3.2815	3.0724	0.2137	23.9064	23.9611
3.2820	3.0732	0.2044	24.0297	23.9681
3.2825	3.0740	0.1965	23.8617	23.9700
3.2830	3.0738	0.1930	23.4672	23.9540
3.2835	3.0737	0.2036	23.1944	23.9515
3.2840	3.0736	0.1996	23.4729	23.9620
3.2845	3.0737	0.2006	23.3771	23.9562
3.2850	3.0740	0.1966	23.0664	23.9876
3.2855	3.0738	0.2003	23.1032	23.9656
3.2860	3.0736	0.1952	23.2298	24.0291
3.2865	3.0738	0.1972	23.2319	24.0451
3.2870	3.0738	0.1947	23.0081	23.9772
3.2875	3.0737	0.2006	22.9753	23.9065
3.2880	3.0736	0.2031	23.3361	23.9079
3.2885	3.0743	0.1921	23.4966	23.9421
3.2890	3.0744	0.1887	23.2704	23.9727
3.2895	3.0753	0.1809	23.1634	24.0139
3.2900	3.0759	0.1714	23.4905	24.0208
3.2905	3.0762	0.1655	23.7434	23.9545
3.2910	3.0749	0.1877	23.5530	23.8907
3.2915	3.0731	0.2065	23.3763	23.9311
3.2920	3.0737	0.2030	23.6455	23.9634
3.2925	3.0736	0.2025	23.9468	24.0002
3.2930	3.0732	0.2025	23.8134	24.0196
3.2935	3.0726	0.2087	23.5928	24.0343
3.2940	3.0725	0.2171	23.8108	24.0485
3.2945	3.0712	0.2245	24.1707	24.0741
3.2950	3.0709	0.2333	24.0985	24.0789
3.2955	3.0697	0.2428	23.7980	24.0348
3.2960	3.0686	0.2449	23.9021	23.9708
3.2965	3.0684	0.2526	24.2978	23.9016
3.2970	3.0680	0.2593	24.2765	23.8362
3.2975	3.0676	0.2655	23.9257	23.8123
3.2980	3.0674	0.2659	23.9407	23.7934
3.2985	3.0658	0.2811	24.3497	23.7687
3.2990	3.0661	0.2844	24.4218	23.7681
3.2995	3.0646	0.2879	24.1056	23.7547
3.3000	3.0657	0.2878	24.0052	23.7419
3.3005	3.0669	0.2721	24.3959	23.7190
3.3010	3.0682	0.2611	24.4788	23.8151
3.3015	3.0687	0.2519	24.0355	23.8892
3.3020	3.0693	0.2501	23.8911	23.8877
3.3025	3.0694	0.2393	24.1691	23.8755
3.3030	3.0687	0.2476	24.4437	23.8431
3.3035	3.0691	0.2458	24.1354	23.8408
3.3040	3.0699	0.2419	23.8230	23.8579
3.3045	3.0708	0.2247	24.0349	23.8643
3.3050	3.0713	0.2259	24.1848	23.9153
3.3055	3.0730	0.2133	23.9067	23.9383
3.3060	3.0722	0.2068	23.7134	23.9626
3.3065	3.0727	0.2123	23.8877	24.0002
3.3070	3.0725	0.2123	24.2582	24.0269
3.3075	3.0724	0.2125	24.1924	24.0231
3.3080	3.0732	0.2044	23.9636	23.9810
3.3085	3.0734	0.2036	24.0730	23.9044
3.3090	3.0729	0.2092	24.4169	23.8493
3.3095	3.0724	0.2131	24.4324	23.8301
3.3100	3.0727	0.2088	24.1526	23.8297
3.3105	3.0723	0.2128	24.1549	23.8565
3.3110	3.0726	0.2117	24.4917	23.8542
3.3115	3.0723	0.2121	24.5683	23.8141
3.3120	3.0733	0.2018	24.2679	23.7731
3.3125	3.0735	0.2006	24.1745	23.7113
3.3130	3.0740	0.1986	24.4862	23.7149
3.3135	3.0741	0.1895	24.6372	23.7159
3.3140	3.0742	0.1983	24.3504	23.8454
3.3145	3.0734	0.2040	24.1644	23.9655
3.3150	3.0729	0.2059	24.3903	24.0403
3.3155	3.0724	0.2072	24.5688	24.0486
3.3160	3.0722	0.2119	24.2973	24.0620
3.3165	3.0719	0.2222	24.0204	24.0748
3.3170	3.0714	0.2187	24.1549	24.0558
3.3175	3.0709	0.2248	24.3612	24.0399
3.3180	3.0705	0.2294	24.1232	24.0074
3.3185	3.0707	0.2264	23.7990	24.0215
3.3190	3.0700	0.2349	23.8233	24.0405
3.3195	3.0695	0.2411	24.0664	24.0410
3.3200	3.0690	0.2467	23.8867	24.0042
3.3205	3.0694	0.2472	23.6030	23.9988
3.3210	3.0690	0.2475	23.1743	23.9865
3.3215	3.0683	0.2555	23.0183	23.9547
3.3220	3.0681	0.2661	23.1499	23.9553
3.3225	3.0670	0.2655	22.8220	23.9572
3.3230	3.0677	0.2583	22.8126	23.9053
3.3235	3.0686	0.2572	23.1034	23.8473
3.3240	3.0688	0.2496	23.2794	23.8062
3.3245	3.0691	0.2529	23.0414	23.7882
3.3250	3.0688	0.2496	22.9541	23.7596
3.3255	3.0694	0.2478	23.2689	23.7511
3.3260	3.0691	0.2535	23.4995	23.7686
3.3265	3.0695	0.2505	23.3109	23.8081
3.3270	3.0699	0.2436	23.1590	23.8517
3.3275	3.0706	0.2369	23.4269	23.8750
3.3280	3.0710	0.2243	23.7382	23.9130
3.3285	3.0710	0.2278	23.5968	23.9040
3.3290	3.0708	0.2301	23.3741	23.8976
3.3295	3.0710	0.2260	23.5861	23.9231
3.3300	3.0719	0.2202	23.9284	23.9475
3.3305	3.0729	0.2098	23.8476	23.9241
3.3310	3.0727	0.2042	23.6048	23.9326
3.3315	3.0723	0.2136	23.7800	23.9562
3.3320	3.0725	0.2069	24.1549	23.9681
3.3325	3.0723	0.2118	24.1329	23.9521
3.3330	3.0718	0.2160	23.8435	23.9260
3.3335	3.0715	0.2225	23.9229	23.8798
3.3340	3.0714	0.2266	24.2619	23.8247
3.3345	3.0713	0.2210	24.2809	23.7700
3.3350	3.0714	0.2258	24.0045	23.7517
3.3355	3.0720	0.2214	24.0076	23.7428
3.3360	3.0721	0.2195	24.3067	23.7451
3.3365	3.0719	0.2210	24.4011	23.7967
3.3370	3.0716	0.2225	24.1429	23.8417
3.3375	3.0720	0.2270	24.0763	23.8529
3.3380	3.0715	0.2171	24.3369	23.8351
3.3385	3.0719	0.2158	24.5440	23.8269
3.3390	3.0719	0.2178	24.1337	23.8107
3.3395	3.0717	0.2154	24.0009	23.8225
3.3400	3.0713	0.2219	24.2563	23.8324
3.3405	3.0711	0.2293	24.3880	23.8926
3.3410	3.0708	0.2287	24.1631	23.8781
3.3415	3.0704	0.2300	23.9622	23.8489
3.3420	3.0707	0.2337	24.1467	23.9346
3.3425	3.0708	0.2328	24.2649	24.0163
3.3430	3.0708	0.2302	24.0063	24.0378
3.3435	3.0703	0.2346	23.7248	24.0292
3.3440	3.0703	0.2361	23.9714	24.0042
3.3445	3.0702	0.2340	24.2268	23.9957
3.3450	3.0706	0.2329	24.1690	23.9671
3.3455	3.0699	0.2413	23.9899	23.9269
3.3460	3.0690	0.2511	24.1516	23.8713
3.3465	3.0678	0.2592	24.4394	23.8369
3.3470	3.0675	0.2676	24.4027	23.8319
3.3475	3.0670	0.2679	24.1713	23.8491
3.3480	3.0674	0.2678	24.2466	23.8887
3.3485	3.0674	0.2626	24.5192	23.9437
3.3490	3.0677	0.2620	24.5181	23.9528
3.3495	3.0684	0.2570	24.2793	23.9822
3.3500	3.0687	0.2534	24.2989	23.9244
3.3505	3.0676	0.2596	24.5514	23.8472
3.3510	3.0674	0.2617	24.5777	23.8159
3.3515	3.0682	0.2566	24.3182	23.8167
3.3520	3.0691	0.2504	24.2565	23.8398
3.3525	3.0694	0.2493	24.4796	23.9373
3.3530	3.0701	0.2350	24.5598	23.9663
3.3535	3.0710	0.2266	24.2846	23.9543
3.3540	3.0723	0.2124	24.1099	23.9741
3.3545	3.0730	0.2044	24.2539	23.9808
3.3550	3.0735	0.2030	24.3617	23.9740
3.3555	3.0739	0.2036	24.0984	23.9528
3.3560	3.0733	0.2023	23.8734	23.9104
3.3565	3.0732	0.2016	23.9506	23.9078
3.3570	3.0731	0.2048	24.1178	23.9159
3.3575	3.0728	0.2080	23.8637	23.9581
3.3580	3.0730	0.2117	23.6413	23.9449
3.3585	3.0725	0.2130	23.3695	23.9221
3.3590	3.0717	0.2186	23.0388	23.8618
3.3595	3.0720	0.2186	23.0637	23.8258
3.3600	3.0722	0.2172	22.8381	23.8434
3.3605	3.0723	0.2154	22.9442	23.8768
3.3610	3.0723	0.2168	23.2125	23.9224
3.3615	3.0714	0.2189	23.2013	23.9543
3.3620	3.0715	0.2258	22.9883	23.9312
3.3625	3.0722	0.2206	23.0309	23.8681
3.3630	3.0718	0.2197	23.3183	23.7919
3.3635	3.0714	0.2225	23.4443	23.7457
3.3640	3.0714	0.2231	23.2455	23.7124
3.3645	3.0715	0.2202	23.2378	23.6905
3.3650	3.0709	0.2278	23.5233	23.6766
3.3655	3.0707	0.2293	23.6820	23.6974
3.3660	3.0706	0.2326	23.4907	23.7243
3.3665	3.0702	0.2360	23.4123	23.8438
3.3670	3.0694	0.2446	23.6902	23.9019
3.3675	3.0687	0.2558	23.9143	23.9011
3.3680	3.0679	0.2614	23.7590	23.8884
3.3685	3.0677	0.2563	23.6297	23.8567
3.3690	3.0678	0.2625	23.8684	23.8131
3.3695	3.0671	0.2655	24.1151	23.7996
3.3700	3.0660	0.2781	24.0087	23.7833
3.3705	3.0662	0.2798	23.8431	23.7599
3.3710	3.0659	0.2820	24.0239	23.7414
3.3715	3.0663	0.2776	24.2839	23.7194
3.3720	3.0669	0.2750	24.1932	23.7312
3.3725	3.0665	0.2749	23.9658	23.7748
3.3730	3.0667	0.2711	24.0685	23.8675
3.3735	3.0664	0.2726	24.3321	23.9658
3.3740	3.0663	0.2732	24.3243	23.9586
3.3745	3.0665	0.2727	24.1130	23.8977
3.3750	3.0672	0.2691	24.1681	23.8126
3.3755	3.0671	0.2700	24.4177	23.7251
3.3760	3.0676	0.2699	24.4558	23.6710
3.3765	3.0682	0.2596	24.2088	23.6334
3.3770	3.0686	0.2541	24.1877	23.6260
3.3775	3.0691	0.2450	24.2887	23.6412
3.3780	3.0699	0.2430	24.3627	23.7000
3.3785	3.0699	0.2358	24.1728	23.7389
3.3790	3.0705	0.2280	24.0076	23.7752
3.3795	3.0714	0.2234	24.2213	23.8300
3.3800	3.0711	0.2225	24.3070	23.9469
3.3805	3.0714	0.2241	24.0610	23.9799
3.3810	3.0709	0.2312	23.8398	23.9659
3.3815	3.0711	0.2245	23.9805	23.9388
3.3820	3.0704	0.2307	24.2160	23.9522
3.3825	3.0706	0.2331	24.1219	23.9805
3.3830	3.0704	0.2355	23.9404	23.9493
3.3835	3.0698	0.2397	24.1337	23.9013
3.3840	3.0698	0.2401	24.4124	23.8591
3.3845	3.0695	0.2388	24.3331	23.8571
3.3850	3.0696	0.2404	24.1203	23.8815
3.3855	3.0692	0.2467	24.2429	23.8956
3.3860	3.0684	0.2528	24.5286	23.9661
3.3865	3.0687	0.2528	24.4864	24.0073
3.3870	3.0683	0.2520	24.2251	23.9597
3.3875	3.0687	0.2520	24.2549	23.8919
3.3880	3.0682	0.2555	24.5334	23.8369
3.3885	3.0687	0.2540	24.5539	23.7999
3.3890	3.0684	0.2527	24.3023	23.7734
3.3895	3.0688	0.2536	24.2501	23.7673
3.3900	3.0687	0.2479	24.4821	23.7423
3.3905	3.0687	0.2490	24.4948	23.7648
3.3910	3.0688	0.2523	24.2457	23.8371
3.3915	3.0685	0.2514	24.1151	23.8820
3.3920	3.0686	0.2554	24.2826	23.8767
3.3925	3.0688	0.2567	24.3036	23.8843
3.3930	3.0679	0.2573	24.0714	23.8722
3.3935	3.0680	0.2597	23.8682	23.9091
3.3940	3.0672	0.2656	24.0020	23.9246
3.3945	3.0672	0.2778	24.0159	23.9778
3.3950	3.0664	0.2732	23.8873	24.0162
3.3955	3.0661	0.2826	23.3528	23.9857
3.3960	3.0657	0.2800	22.7398	23.9452
3.3965	3.0675	0.2632	23.0424	23.8976
3.3970	3.0687	0.2531	22.9871	23.8240
3.3975	3.0683	0.2548	22.8518	23.8234
3.3980	3.0697	0.2404	22.8970	23.8089
3.3985	3.0698	0.2411	23.1275	23.8390
3.3990	3.0696	0.2399	23.1491	23.8715
3.3995	3.0704	0.2349	22.9912	23.8340
3.4000	3.0707	0.2320	23.0021	23.7930
3.4005	3.0702	0.2294	23.2823	23.7657
3.4010	3.0707	0.2296	23.3453	23.7454
3.4015	3.0704	0.2367	23.1968	23.7497
3.4020	3.0705	0.2336	23.1933	23.7453
3.4025	3.0713	0.2251	23.4741	23.7527
3.4030	3.0711	0.2281	23.6017	23.7700
3.4035	3.0714	0.2224	23.4543	23.8393
3.4040	3.0717	0.2204	23.3966	23.8883
3.4045	3.0710	0.2219	23.6254	23.8798
3.4050	3.0708	0.2310	23.8022	23.9097
3.4055	3.0705	0.2402	23.7011	23.9436
3.4060	3.0695	0.2392	23.6092	23.9852
3.4065	3.0703	0.2415	23.8036	24.0189
3.4070	3.0691	0.2448	24.0352	24.0465
3.4075	3.0687	0.2508	23.9728	24.0829
3.4080	3.0688	0.2546	23.8183	24.0919
3.4085	3.0686	0.2481	23.9502	24.0433
3.4090	3.0690	0.2505	24.1933	23.9669
3.4095	3.0688	0.2530	24.1443	23.9123
3.4100	3.0696	0.2396	23.9504	23.9065
3.4105	3.0702	0.2385	24.0307	23.9042
3.4110	3.0707	0.2301	24.2670	23.9575
3.4115	3.0714	0.2245	24.2593	24.0218
3.4120	3.0719	0.2195	24.0718	23.9822
3.4125	3.0722	0.2198	24.1168	23.9142
3.4130	3.0717	0.2177	24.3596	23.8656
3.4135	3.0716	0.2206	24.3734	23.8424
3.4140	3.0711	0.2273	24.1915	23.8341
3.4145	3.0706	0.2301	24.1787	23.8590
3.4150	3.0693	0.2378	24.3638	23.9045
3.4155	3.0691	0.2464	24.3600	23.9738
3.4160	3.0687	0.2547	24.1996	24.0746
3.4165	3.0681	0.2585	23.9445	24.0649
3.4170	3.0678	0.2619	24.0387	24.0846
3.4175	3.0673	0.2651	24.1170	24.0767
3.4180	3.0672	0.2659	23.9216	24.0685
3.4185	3.0668	0.2732	23.8753	24.0601
3.4190	3.0672	0.2681	24.0389	24.0364
3.4195	3.0683	0.2613	24.1345	24.0070
3.4200	3.0695	0.2468	24.0339	24.0274
3.4205	3.0709	0.2304	24.0001	24.0999
3.4210	3.0719	0.2173	24.1612	24.0752
3.4215	3.0729	0.2051	24.3232	24.0207
3.4220	3.0733	0.2024	24.2808	23.9553
3.4225	3.0721	0.2101	24.2044	23.9162
3.4230	3.0729	0.2079	24.2981	23.9208
3.4235	3.0735	0.2029	24.4401	23.9314
3.4240	3.0727	0.2101	24.4208	23.9467
3.4245	3.0718	0.2162	24.3179	23.9239
3.4250	3.0709	0.2288	24.3709	23.9090
3.4255	3.0706	0.2317	24.5089	23.9018
3.4260	3.0714	0.2252	24.4946	23.9050
3.4265	3.0723	0.2152	24.3660	23.8851
3.4270	3.0722	0.2095	24.3688	23.9209
3.4275	3.0728	0.2145	24.4821	23.9730
3.4280	3.0727	0.2147	24.4829	23.9564
3.4285	3.0728	0.2062	24.3186	23.9363
3.4290	3.0727	0.2110	24.2353	23.9005
3.4295	3.0725	0.2059	24.3087	23.8942
3.4300	3.0733	0.2058	24.3367	23.8990
3.4305	3.0729	0.2062	24.1340	23.8727
3.4310	3.0737	0.1993	23.9957	23.9145
3.4315	3.0733	0.2055	24.0298	23.9148
3.4320	3.0722	0.2196	24.1124	23.9251
3.4325	3.0726	0.2107	23.7700	23.9212
3.4330	3.0719	0.2148	23.4345	23.9762
3.4335	3.0709	0.2266	23.5592	23.9582
3.4340	3.0706	0.2384	23.6115	23.8795
3.4345	3.0712	0.2280	23.2700	23.8211
3.4350	3.0710	0.2258	22.8497	23.7783
3.4355	3.0709	0.2330	22.8371	23.7993
3.4360	3.0713	0.2239	23.0399	23.8161
3.4365	3.0716	0.2204	23.0724	23.8412
3.4370	3.0714	0.2201	22.9740	23.8237
3.4375	3.0719	0.2156	23.0019	23.7917
3.4380	3.0724	0.2158	23.1851	23.7489
3.4385	3.0715	0.2234	23.2647	23.7557
3.4390	3.0713	0.2222	23.1786	23.7737
3.4395	3.0704	0.2299	23.1941	23.8038
3.4400	3.0705	0.2363	23.3905	23.9115
3.4405	3.0705	0.2377	23.5056	23.9794
3.4410	3.0694	0.2416	23.4034	23.9484
3.4415	3.0690	0.2488	23.3680	23.9164
3.4420	3.0687	0.2523	23.5625	23.8674
3.4425	3.0679	0.2622	23.7244	23.8235
3.4430	3.0679	0.2607	23.6388	23.8183
3.4435	3.0673	0.2638	23.5632	23.8789
3.4440	3.0683	0.2553	23.7455	23.8853
3.4445	3.0701	0.2425	23.9486	23.8911
3.4450	3.0700	0.2372	23.8903	23.9526
3.4455	3.0696	0.2394	23.7801	23.9765
3.4460	3.0706	0.2341	23.9159	24.0017
3.4465	3.0710	0.2247	24.1178	24.0111
3.4470	3.0714	0.2204	24.0623	23.9889
3.4475	3.0722	0.2098	23.9152	23.9670
3.4480	3.0720	0.2109	24.0058	23.9705
3.4485	3.0716	0.2196	24.2125	24.0027
3.4490	3.0719	0.2172	24.1941	23.9781
3.4495	3.0719	0.2181	24.0462	23.9357
3.4500	3.0728	0.2041	24.0936	23.8697
3.4505	3.0733	0.2038	24.3003	23.7905
3.4510	3.0737	0.1957	24.3059	23.7678
3.4515	3.0735	0.1971	24.1620	23.7609
3.4520	3.0745	0.1921	24.1571	23.8210
3.4525	3.0738	0.2019	24.3629	23.9260
3.4530	3.0735	0.1977	24.3815	24.0019
3.4535	3.0725	0.2096	24.2167	24.0214
3.4540	3.0718	0.2209	23.9454	24.0109
3.4545	3.0722	0.2210	23.7815	23.9818
3.4550	3.0711	0.2278	23.9339	23.9228
3.4555	3.0710	0.2287	23.8500	23.8537
3.4560	3.0707	0.2297	23.7776	23.8299
3.4565	3.0703	0.2389	23.9050	23.8731
3.4570	3.0713	0.2255	24.1183	23.9240
3.4575	3.0721	0.2142	24.0847	23.9400
3.4580	3.0716	0.2217	23.9834	23.9813
3.4585	3.0713	0.2280	24.1133	23.9499
3.4590	3.0713	0.2250	24.3535	23.9269
3.4595	3.0717	0.2201	24.3362	23.9327
3.4600	3.0727	0.2123	24.1965	23.9650
3.4605	3.0725	0.2111	24.2495	23.9656
3.4610	3.0728	0.2059	24.4602	23.9551
3.4615	3.0721	0.2130	24.4812	23.9281
3.4620	3.0718	0.2153	24.3316	23.8963
3.4625	3.0714	0.2219	24.3225	23.8341
3.4630	3.0705	0.2272	24.5002	23.7855
3.4635	3.0700	0.2346	24.5462	23.7665
3.4640	3.0701	0.2357	24.4051	23.7843
3.4645	3.0697	0.2428	24.3558	23.8460
3.4650	3.0691	0.2472	24.4929	23.8698
3.4655	3.0690	0.2532	24.5440	23.8413
3.4660	3.0683	0.2563	24.3782	23.7967
3.4665	3.0676	0.2637	24.2648	23.7714
3.4670	3.0678	0.2638	24.3477	23.7722
3.4675	3.0671	0.2626	24.4013	23.7801
3.4680	3.0675	0.2712	24.1960	23.8054
3.4685	3.0685	0.2621	24.0335	23.8283
3.4690	3.0684	0.2558	24.0656	23.8985
3.4695	3.0678	0.2587	24.1478	23.9864
3.4700	3.0679	0.2643	23.9110	24.0134
3.4705	3.0670	0.2646	23.5032	24.0141
3.4710	3.0674	0.2667	23.5976	23.9796
3.4715	3.0670	0.2659	23.7179	23.9376
3.4720	3.0675	0.2600	23.5437	23.8921
3.4725	3.0675	0.2683	23.3393	23.8764
3.4730	3.0681	0.2584	23.0525	23.8943
3.4735	3.0689	0.2511	23.0098	23.9081
3.4740	3.0686	0.2505	23.0874	23.9521
3.4745	3.0686	0.2531	22.9398	24.0284
3.4750	3.0693	0.2452	23.0265	23.9949
3.4755	3.0708	0.2336	23.2187	23.9344
3.4760	3.0720	0.2226	23.2775	23.8590
3.4765	3.0718	0.2164	23.1438	23.8225
3.4770	3.0730	0.2118	23.1903	23.8675
3.4775	3.0731	0.2086	23.4170	23.8747
3.4780	3.0727	0.2101	23.5265	23.8738
3.4785	3.0726	0.2073	23.4010	23.8680
3.4790	3.0729	0.2127	23.3699	23.8870
3.4795	3.0724	0.2085	23.5740	23.9119
3.4800	3.0730	0.2046	23.7437	23.9332
3.4805	3.0733	0.2076	23.6446	23.9373
3.4810	3.0727	0.2105	23.5703	23.9636
3.4815	3.0728	0.2115	23.7620	23.9955
3.4820	3.0728	0.2113	23.9819	23.9908
3.4825	3.0722	0.2109	23.9071	23.9888
3.4830	3.0729	0.2089	23.7661	24.0126
3.4835	3.0722	0.2087	23.9216	24.0346
3.4840	3.0717	0.2206	24.1575	24.0213
3.4845	3.0715	0.2208	24.1123	23.9909
3.4850	3.0714	0.2195	23.9339	23.9546
3.4855	3.0712	0.2227	24.0007	23.9557
3.4860	3.0711	0.2278	24.2238	23.9899
3.4865	3.0708	0.2307	24.2238	24.0155
3.4870	3.0704	0.2284	24.0478	24.0155
3.4875	3.0700	0.2383	24.0781	23.9777
3.4880	3.0703	0.2403	24.3280	23.9029
3.4885	3.0702	0.2386	24.3882	23.8356
3.4890	3.0695	0.2404	24.1913	23.7998
3.4895	3.0689	0.2506	24.1422	23.8259
3.4900	3.0677	0.2573	24.3772	23.8655
3.4905	3.0678	0.2584	24.4406	23.9106
3.4910	3.0671	0.2672	24.1847	23.9401
3.4915	3.0676	0.2603	23.6770	23.8697
3.4920	3.0668	0.2759	23.8020	23.8701
3.4925	3.0670	0.2659	24.0137	23.9056
3.4930	3.0672	0.2679	23.8234	23.9223
3.4935	3.0668	0.2744	23.7155	23.9106
3.4940	3.0668	0.2695	23.9557	23.8909
3.4945	3.0677	0.2658	24.2021	23.8747
3.4950	3.0676	0.2670	24.0841	23.8815
3.4955	3.0683	0.2605	23.9319	23.8895
3.4960	3.0689	0.2495	24.1356	23.8819
3.4965	3.0697	0.2408	24.4146	23.8477
3.4970	3.0710	0.2324	24.3340	23.8134
3.4975	3.0717	0.2179	24.1385	23.7230
3.4980	3.0731	0.2116	24.2742	23.7633
3.4985	3.0734	0.2007	24.5666	23.8306
3.4990	3.0737	0.1971	24.5249	23.8322
3.4995	3.0734	0.1989	24.2752	23.8530
3.5000	3.0731	0.2015	24.3152	23.8457
3.5005	3.0730	0.2065	24.6044	23.8185
3.5010	3.0734	0.2030	24.6271	23.7683
3.5015	3.0733	0.2029	24.3712	23.7441
3.5020	3.0722	0.2112	24.3209	23.7575
3.5025	3.0722	0.2122	24.5801	23.7679
3.5030	3.0714	0.2137	24.6365	23.7838
3.5035	3.0720	0.2221	24.3676	23.7558
3.5040	3.0721	0.2180	24.2365	23.7667
3.5045	3.0722	0.2163	24.4334	23.7868
3.5050	3.0717	0.2170	24.4837	23.7947
3.5055	3.0708	0.2292	24.2114	23.8981
3.5060	3.0708	0.2263	24.0123	23.9130
3.5065	3.0708	0.2259	24.1586	23.9297
3.5070	3.0708	0.2311	24.2246	23.9357
3.5075	3.0706	0.2347	23.9922	23.9457
3.5080	3.0709	0.2313	23.7256	23.9484
3.5085	3.0701	0.2337	23.8425	23.8845
3.5090	3.0698	0.2407	23.8122	23.8235
3.5095	3.0694	0.2397	23.6111	23.7659
3.5100	3.0702	0.2386	23.4338	23.7282
3.5105	3.0697	0.2412	23.3966	23.7263
3.5110	3.0693	0.2443	23.5330	23.7971
3.5115	3.0688	0.2508	23.3535	23.9089
3.5120	3.0689	0.2517	22.9591	23.9982
3.5125	3.0686	0.2493	22.9853	24.0257
3.5130	3.0688	0.2450	23.2098	23.9946
3.5135	3.0689	0.2504	23.2458	23.9547
3.5140	3.0680	0.2566	23.1830	23.9179
3.5145	3.0680	0.2552	23.2300	23.8874
3.5150	3.0682	0.2608	23.4145	23.8731
3.5155	3.0678	0.2580	23.4764	23.8773
3.5160	3.0681	0.2574	23.3943	23.8786
3.5165	3.0684	0.2572	23.3858	23.8938
3.5170	3.0684	0.2588	23.5684	23.9093
3.5175	3.0687	0.2458	23.6994	23.9243
3.5180	3.0695	0.2405	23.6508	23.9841
3.5185	3.0699	0.2440	23.6186	23.9977
3.5190	3.0687	0.2516	23.7625	23.9832
3.5195	3.0691	0.2475	23.9113	23.9963
3.5200	3.0682	0.2587	23.8965	23.9754
3.5205	3.0669	0.2617	23.8364	23.9549
3.5210	3.0672	0.2701	23.9228	23.9177
3.5215	3.0684	0.2555	24.0959	23.8556
3.5220	3.0692	0.2443	24.1010	23.8035
3.5225	3.0704	0.2354	23.9886	23.7810
3.5230	3.0716	0.2209	23.9840	23.7862
3.5235	3.0720	0.2183	24.1534	23.7832
3.5240	3.0731	0.2040	24.2095	23.7799
3.5245	3.0732	0.1983	24.1277	23.7875
3.5250	3.0742	0.2002	24.1071	23.8107
3.5255	3.0746	0.1845	24.2636	23.8562
3.5260	3.0739	0.1920	24.3172	23.8663
3.5265	3.0738	0.1929	24.2724	23.9119
3.5270	3.0738	0.1917	24.1783	23.9013
3.5275	3.0740	0.1944	24.3267	23.9349
3.5280	3.0735	0.1956	23.7930	23.9318
3.5285	3.0733	0.2078	23.5022	23.8790
3.5290	3.0730	0.2063	23.5733	23.8382
3.5295	3.0721	0.2132	23.6307	23.8211
3.5300	3.0725	0.2141	23.8387	23.8130
3.5305	3.0729	0.2084	23.8644	23.8373
3.5310	3.0726	0.2104	23.8365	23.8600
3.5315	3.0728	0.2109	23.8579	23.8756
3.5320	3.0726	0.2123	24.0444	23.8840
3.5325	3.0714	0.2158	24.1118	23.9097
3.5330	3.0717	0.2195	24.0951	23.9184
3.5335	3.0709	0.2326	24.1004	23.9142
3.5340	3.0704	0.2310	24.2223	23.8840
3.5345	3.0698	0.2423	24.3001	23.8391
3.5350	3.0686	0.2475	24.3157	23.8256
3.5355	3.0684	0.2505	24.3107	23.8232
3.5360	3.0676	0.2607	24.3720	23.8257
3.5365	3.0675	0.2643	24.4364	23.8473
3.5370	3.0674	0.2645	24.4466	23.8697
3.5375	3.0671	0.2665	24.4013	23.8777
3.5380	3.0672	0.2714	24.4194	23.8688
3.5385	3.0675	0.2684	24.4782	23.8862
3.5390	3.0676	0.2637	24.5036	23.8806
3.5395	3.0682	0.2543	24.4570	23.8708
3.5400	3.0685	0.2511	24.4366	23.9069
3.5405	3.0689	0.2477	24.4745	23.9692
3.5410	3.0690	0.2484	24.4900	23.9770
3.5415	3.0689	0.2507	24.3933	23.9826
3.5420	3.0685	0.2470	24.2978	23.9037
3.5425	3.0693	0.2516	24.2931	23.9201
3.5430	3.0700	0.2420	24.3279	23.9795
3.5435	3.0695	0.2422	24.2046	23.9753
3.5440	3.0703	0.2343	24.0514	23.9753
3.5445	3.0719	0.2217	23.9988	23.9726
3.5450	3.0725	0.2120	24.0514	23.9644
3.5455	3.0736	0.2018	23.9310	23.9675
3.5460	3.0740	0.1963	23.7916	23.9500
3.5465	3.0741	0.1927	23.5969	23.9230
3.5470	3.0742	0.1915	23.3418	23.9062
3.5475	3.0743	0.1939	23.3944	23.9181
3.5480	3.0744	0.1921	23.2673	23.9245
3.5485	3.0741	0.1943	23.2200	23.9721
3.5490	3.0740	0.1967	23.2925	23.9619
3.5495	3.0740	0.1925	23.1706	24.0311
3.5500	3.0741	0.1944	23.1013	24.0558
3.5505	3.0738	0.1983	23.1269	23.9730
3.5510	3.0739	0.1997	23.2170	23.8975
3.5515	3.0731	0.1986	23.3251	23.8820
3.5520	3.0745	0.1947	23.3152	23.9075
3.5525	3.0745	0.1909	23.3439	23.9256
3.5530	3.0749	0.1826	23.4458	23.9712
3.5535	3.0757	0.1772	23.5429	23.9951
3.5540	3.0760	0.1705	23.5496	23.9080
3.5545	3.0742	0.1936	23.5542	23.8828
3.5550	3.0733	0.2048	23.6412	23.9349
3.5555	3.0735	0.2036	23.7531	23.9622
3.5560	3.0738	0.2003	23.7846	23.9977
3.5565	3.0738	0.1995	23.7714	23.9908
3.5570	3.0728	0.2027	23.8386	23.9961
3.5575	3.0725	0.2101	23.9685	24.0022
3.5580	3.0714	0.2211	24.0274	24.0300
3.5585	3.0711	0.2236	23.9939	24.0269
3.5590	3.0702	0.2351	24.0185	24.0057
3.5595	3.0693	0.2467	24.1175	23.9537
3.5600	3.0692	0.2467	24.1702	23.8884
3.5605	3.0687	0.2505	24.1236	23.8376
3.5610	3.0685	0.2582	24.1189	23.7934
3.5615	3.0677	0.2625	24.1843	23.7931
3.5620	3.0664	0.2726	24.2643	23.7421
3.5625	3.0661	0.2760	24.2361	23.7127
3.5630	3.0652	0.2887	24.2339	23.7045
3.5635	3.0656	0.2851	24.2832	23.7013
3.5640	3.0674	0.2688	24.3792	23.6766
3.5645	3.0683	0.2653	24.2372	23.7818
3.5650	3.0687	0.2525	24.0966	23.8791
3.5655	3.0689	0.2550	24.2055	23.8700
3.5660	3.0694	0.2421	24.2270	23.8770
3.5665	3.0695	0.2424	24.1817	23.8258
3.5670	3.0688	0.2487	24.1195	23.8257
3.5675	3.0694	0.2495	24.1600	23.8215
3.5680	3.0704	0.2327	24.1423	23.8296
3.5685	3.0713	0.2254	23.8908	23.8758
3.5690	3.0732	0.2094	23.8110	23.8918
3.5695	3.0726	0.2051	24.0128	23.9228
3.5700	3.0725	0.2101	24.0817	23.9737
3.5705	3.0729	0.2166	24.0694	24.0019
3.5710	3.0729	0.2093	24.0635	24.0011
3.5715	3.0733	0.2042	24.2167	23.9681
3.5720	3.0731	0.2010	24.2954	23.9033
3.5725	3.0729	0.2054	24.2418	23.8292
3.5730	3.0717	0.2163	24.2421	23.8083
3.5735	3.0725	0.2126	24.3844	23.8020
3.5740	3.0724	0.2098	24.4499	23.8166
3.5745	3.0730	0.2075	24.3571	23.8083
3.5750	3.0723	0.2114	24.3085	23.7731
3.5755	3.0734	0.2065	24.4187	23.7348
3.5760	3.0735	0.2021	24.5197	23.6992
3.5765	3.0734	0.1983	24.4510	23.7049
3.5770	3.0737	0.1976	24.3432	23.7150
3.5775	3.0737	0.1965	24.3872	23.8350
3.5780	3.0729	0.1992	24.5053	23.9484
3.5785	3.0735	0.2038	24.4404	24.0224
3.5790	3.0731	0.2051	24.2691	24.0184
3.5795	3.0725	0.2130	24.2456	24.0244
3.5800	3.0721	0.2133	24.3539	24.0330
3.5805	3.0720	0.2172	24.2752	24.0143
3.5810	3.0718	0.2139	24.0762	24.0103
3.5815	3.0717	0.2228	23.9976	23.9761
3.5820	3.0711	0.2219	24.0945	24.0067
3.5825	3.0710	0.2288	24.0210	24.0348
3.5830	3.0697	0.2404	23.8274	24.0580
3.5835	3.0691	0.2467	23.6976	24.0280
3.5840	3.0684	0.2520	23.8033	24.0199
3.5845	3.0681	0.2597	23.2697	23.9976
3.5850	3.0681	0.2664	22.8611	23.9585
3.5855	3.0667	0.2685	22.9629	23.9293
3.5860	3.0666	0.2702	22.9772	23.9367
3.5865	3.0672	0.2672	23.0415	23.8750
3.5870	3.0669	0.2713	23.0115	23.8282
3.5875	3.0672	0.2639	23.0735	23.7929
3.5880	3.0678	0.2579	23.1473	23.7691
3.5885	3.0680	0.2550	23.2095	23.7625
3.5890	3.0685	0.2586	23.2199	23.7745
3.5895	3.0684	0.2534	23.2732	23.7914
3.5900	3.0687	0.2520	23.3565	23.8190
3.5905	3.0686	0.2508	23.4282	23.8549
3.5910	3.0694	0.2434	23.4557	23.8704
3.5915	3.0699	0.2349	23.4966	23.8998
3.5920	3.0703	0.2376	23.5688	23.8929
3.5925	3.0709	0.2331	23.6526	23.8889
3.5930	3.0702	0.2354	23.6743	23.9157
3.5935	3.0699	0.2462	23.6756	23.9501
3.5940	3.0712	0.2294	23.7635	23.9519
3.5945	3.0718	0.2215	23.8855	23.9627
3.5950	3.0718	0.2166	23.9200	23.9949
3.5955	3.0721	0.2158	23.9018	23.9989
3.5960	3.0714	0.2189	23.9599	23.9598
3.5965	3.0714	0.2218	24.0654	23.9201
3.5970	3.0713	0.2239	24.0918	23.8667
3.5975	3.0714	0.2279	24.0558	23.8147
3.5980	3.0716	0.2270	24.0929	23.7793
3.5985	3.0710	0.2280	24.1756	23.7589
3.5990	3.0714	0.2214	24.1920	23.7634
3.5995	3.0717	0.2182	24.1364	23.7843
3.6000	3.0723	0.2175	24.1839	23.8345
3.6005	3.0721	0.2229	24.2976	23.8872
3.6010	3.0719	0.2204	24.3306	23.8776
3.6015	3.0719	0.2175	24.2435	23.8592
3.6020	3.0722	0.2166	24.2661	23.8303
3.6025	3.0725	0.2107	24.1757	23.8080
3.6030	3.0725	0.2170	24.2539	23.8363
3.6035	3.0720	0.2171	24.1725	23.8433
3.6040	3.0714	0.2263	24.1083	23.8966
3.6045	3.0711	0.2233	24.1682	23.9238
3.6050	3.0712	0.2248	24.2315	23.8930
3.6055	3.0707	0.2315	24.1529	23.9812
3.6060	3.0706	0.2263	23.9810	24.0613
3.6065	3.0709	0.2335	23.9299	24.0699
3.6070	3.0706	0.2351	23.9684	24.0576
3.6075	3.0706	0.2343	24.0597	24.0184
3.6080	3.0707	0.2313	23.9834	24.0120
3.6085	3.0707	0.2349	24.0416	23.9818
3.6090	3.0701	0.2349	24.2184	23.9528
3.6095	3.0688	0.2505	24.3072	23.9095
3.6100	3.0680	0.2582	24.2018	23.8894
3.6105	3.0676	0.2667	24.1902	23.8915
3.6110	3.0672	0.2703	24.3434	23.9153
3.6115	3.0674	0.2644	24.4345	23.9557
3.6120	3.0678	0.2629	24.3398	23.9899
3.6125	3.0680	0.2597	24.2925	24.0103
3.6130	3.0684	0.2512	24.4123	24.0142
3.6135	3.0686	0.2523	24.5018	23.9399
3.6140	3.0679	0.2638	24.3844	23.8763
3.6145	3.0682	0.2599	24.3021	23.8591
3.6150	3.0688	0.2558	24.4201	23.8520
3.6155	3.0694	0.2410	24.5213	23.9123
3.6160	3.0698	0.2442	24.3921	24.0179
3.6165	3.0709	0.2282	24.2358	24.0308
3.6170	3.0711	0.2216	24.2539	24.0233
3.6175	3.0727	0.2123	24.3614	24.0308
3.6180	3.0737	0.2024	24.2504	24.0276
3.6185	3.0733	0.1997	24.0580	24.0147
3.6190	3.0741	0.1930	24.0201	23.9832
3.6195	3.0739	0.1884	24.1148	23.9464
3.6200	3.0742	0.1954	24.0028	23.9315
3.6205	3.0740	0.1957	23.8175	23.9681
3.6210	3.0738	0.1954	23.6848	24.0130
3.6215	3.0740	0.1983	23.8394	24.0139
3.6220	3.0734	0.2010	23.4237	23.9811
3.6225	3.0731	0.2092	22.8142	23.9339
3.6230	3.0728	0.2030	22.8708	23.8874
3.6235	3.0736	0.2031	22.9847	23.8861
3.6240	3.0736	0.2000	23.1250	23.9199
3.6245	3.0738	0.2031	23.0155	23.9577
3.6250	3.0738	0.2030	22.9550	23.9836
3.6255	3.0732	0.2062	23.0956	23.9625
3.6260	3.0737	0.2039	23.2593	23.9266
3.6265	3.0734	0.2038	23.2190	23.8547
3.6270	3.0727	0.2087	23.1537	23.8312
3.6275	3.0726	0.2088	23.2535	23.8064
3.6280	3.0722	0.2170	23.4712	23.7789
3.6285	3.0719	0.2189	23.4853	23.7586
3.6290	3.0714	0.2249	23.3897	23.7597
3.6295	3.0714	0.2264	23.4421	23.7824
3.6300	3.0709	0.2281	23.6560	23.8978
3.6305	3.0702	0.2378	23.7412	23.9356
3.6310	3.0694	0.2445	23.6247	23.9516
3.6315	3.0690	0.2491	23.6180	23.9401
3.6320	3.0690	0.2493	23.8554	23.9047
3.6325	3.0687	0.2526	24.0052	23.8780
3.6330	3.0679	0.2576	23.8923	23.8654
3.6335	3.0666	0.2632	23.8407	23.8573
3.6340	3.0666	0.2773	24.0240	23.8224
3.6345	3.0662	0.2802	24.1598	23.7996
3.6350	3.0660	0.2749	24.0593	23.7602
3.6355	3.0668	0.2694	23.9753	23.7825
3.6360	3.0671	0.2720	24.1197	23.8282
3.6365	3.0671	0.2650	24.2621	23.9064
3.6370	3.0668	0.2729	24.1719	24.0132
3.6375	3.0658	0.2737	24.0723	24.0116
3.6380	3.0674	0.2658	24.1810	23.9521
3.6385	3.0679	0.2641	24.3620	23.8728
3.6390	3.0673	0.2629	24.3201	23.7764
3.6395	3.0680	0.2682	24.1977	23.7245
3.6400	3.0685	0.2555	24.2281	23.6834
3.6405	3.0693	0.2455	24.4016	23.6723
3.6410	3.0695	0.2434	24.2562	23.6932
3.6415	3.0706	0.2362	24.1074	23.7478
3.6420	3.0721	0.2220	24.1154	23.7934
3.6425	3.0728	0.2048	24.2062	23.8175
3.6430	3.0732	0.2036	24.2056	23.8956
3.6435	3.0737	0.2030	24.0562	24.0007
3.6440	3.0722	0.2107	23.9824	24.0338
3.6445	3.0714	0.2230	24.0356	24.0208
3.6450	3.0712	0.2291	24.0354	23.9986
3.6455	3.0706	0.2311	24.0061	24.0214
3.6460	3.0702	0.2329	24.0054	24.0378
3.6465	3.0708	0.2361	24.0982	23.9898
3.6470	3.0702	0.2310	24.2230	23.9245
3.6475	3.0702	0.2392	24.2280	23.8694
3.6480	3.0698	0.2360	24.1991	23.8646
3.6485	3.0705	0.2381	24.2630	23.8917
3.6490	3.0697	0.2413	24.3642	23.9065
3.6495	3.0699	0.2393	24.3657	24.0168
3.6500	3.0694	0.2418	24.3146	24.0497
3.6505	3.0697	0.2438	24.3416	23.9943
3.6510	3.0693	0.2403	24.4136	23.9366
3.6515	3.0690	0.2428	24.4204	23.8855
3.6520	3.0693	0.2468	24.3679	23.8407
3.6525	3.0694	0.2475	24.3695	23.8128
3.6530	3.0692	0.2451	24.4187	23.7938
3.6535	3.0688	0.2509	24.4154	23.7681
3.6540	3.0689	0.2493	24.3152	23.8060
3.6545	3.0684	0.2601	24.2596	23.8777
3.6550	3.0682	0.2549	24.2708	23.9066
3.6555	3.0685	0.2577	24.2600	23.9450
3.6560	3.0687	0.2553	24.1304	23.9319
3.6565	3.0680	0.2617	24.0621	23.9040
3.6570	3.0679	0.2592	24.0133	23.9280
3.6575	3.0678	0.2648	24.0031	23.9405
3.6580	3.0668	0.2670	23.8513	23.9842
3.6585	3.0669	0.2735	23.8353	24.0061
3.6590	3.0658	0.2804	23.4854	23.9648
3.6595	3.0667	0.2739	22.7981	23.9447
3.6600	3.0681	0.2587	22.9086	23.9059
3.6605	3.0684	0.2552	22.8982	23.8561
3.6610	3.0690	0.2570	22.9633	23.8631
3.6615	3.0700	0.2419	22.9935	23.8407
3.6620	3.0704	0.2401	22.9878	23.8543
3.6625	3.0703	0.2351	23.0173	23.8643
3.6630	3.0707	0.2306	23.1044	23.7998
3.6635	3.0705	0.2333	23.1300	23.7637
3.6640	3.0704	0.2298	23.1700	23.7458
3.6645	3.0702	0.2366	23.2134	23.7424
3.6650	3.0709	0.2308	23.3070	23.7541
3.6655	3.0713	0.2183	23.3545	23.7692
3.6660	3.0717	0.2144	23.3975	23.7892
3.6665	3.0718	0.2234	23.4455	23.8004
3.6670	3.0712	0.2232	23.5153	23.8694
3.6675	3.0715	0.2201	23.5673	23.8969
3.6680	3.0710	0.2251	23.6073	23.8776
3.6685	3.0708	0.2311	23.6556	23.8952
3.6690	3.0704	0.2369	23.7179	23.9207
3.6695	3.0701	0.2370	23.7780	23.9687
3.6700	3.0705	0.2390	23.8356	23.9970
3.6705	3.0697	0.2425	23.8902	24.0441
3.6710	3.0696	0.2474	23.9320	24.0887
3.6715	3.0691	0.2467	23.9794	24.0911
3.6720	3.0695	0.2442	24.0299	24.0420
3.6725	3.0691	0.2475	24.0651	23.9614
3.6730	3.0699	0.2427	24.0709	23.9098
3.6735	3.0708	0.2295	24.0939	23.8915
3.6740	3.0711	0.2273	24.1323	23.8776
3.6745	3.0720	0.2209	24.1594	23.9437
3.6750	3.0723	0.2160	24.1617	23.9774
3.6755	3.0728	0.2144	24.1933	23.9389
3.6760	3.0719	0.2129	24.2548	23.9001
3.6765	3.0718	0.2207	24.2837	23.8557
3.6770	3.0712	0.2228	24.2640	23.8597
3.6775	3.0707	0.2310	24.2739	23.8527
3.6780	3.0703	0.2364	24.3028	23.8703
3.6785	3.0692	0.2442	24.3304	23.8915
3.6790	3.0683	0.2493	24.2841	23.9650
3.6795	3.0680	0.2568	24.2624	24.0271
3.6800	3.0681	0.2634	24.0370	24.0082
3.6805	3.0672	0.2677	23.9991	24.0313
3.6810	3.0674	0.2676	24.0238	24.0564
3.6815	3.0672	0.2740	23.9862	24.0538
3.6820	3.0666	0.2770	24.0149	24.0599
3.6825	3.0665	0.2734	24.0381	24.0352
3.6830	3.0673	0.2703	24.0325	23.9965
3.6835	3.0683	0.2611	24.0671	24.0269
3.6840	3.0692	0.2508	24.1429	24.0759
3.6845	3.0702	0.2393	24.2048	24.0348
3.6850	3.0701	0.2289	24.2610	23.9605
3.6855	3.0713	0.2282	24.2928	23.8971
3.6860	3.0701	0.2337	24.3019	23.8861
3.6865	3.0704	0.2331	24.3244	23.8911
3.6870	3.0704	0.2366	24.3979	23.9243
3.6875	3.0701	0.2422	24.4538	23.9325
3.6880	3.0694	0.2481	24.4218	23.9236
3.6885	3.0685	0.2533	24.3907	23.8915
3.6890	3.0689	0.2531	24.4405	23.8600
3.6895	3.0695	0.2405	24.4924	23.8261
3.6900	3.0704	0.2360	24.4558	23.7986
3.6905	3.0709	0.2332	24.4308	23.8645
3.6910	3.0705	0.2322	24.4623	23.9226
3.6915	3.0714	0.2272	24.4745	23.9306
3.6920	3.0714	0.2293	24.3936	23.9205
3.6925	3.0713	0.2210	24.3259	23.8966
3.6930	3.0717	0.2232	24.3045	23.8970
3.6935	3.0722	0.2148	24.2934	23.8845
3.6940	3.0721	0.2136	24.1791	23.8710
3.6945	3.0730	0.2110	24.0818	23.8936
3.6950	3.0721	0.2156	24.0286	23.8656
3.6955	3.0714	0.2242	24.0723	23.8800
3.6960	3.0715	0.2187	23.8046	23.8848
3.6965	3.0709	0.2262	23.5407	23.9604
3.6970	3.0703	0.2360	23.5632	23.9529
3.6975	3.0700	0.2390	23.5595	23.8870
3.6980	3.0703	0.2349	23.2761	23.8256
3.6985	3.0701	0.2352	22.9367	23.7916
3.6990	3.0702	0.2351	22.8918	23.7863
3.6995	3.0706	0.2321	23.0226	23.7898
3.7000	3.0709	0.2272	23.0906	23.7806
3.7005	3.0711	0.2328	23.0715	23.7610
3.7010	3.0706	0.2302	23.0696	23.7295
3.7015	3.0706	0.2283	23.1668	23.7432
3.7020	3.0701	0.2328	23.2765	23.7699
3.7025	3.0694	0.2408	23.2726	23.8323
3.7030	3.0689	0.2484	23.2730	23.8772
3.7035	3.0684	0.2582	23.3782	23.9819
3.7040	3.0684	0.2570	23.4837	24.0001
3.7045	3.0675	0.2658	23.4833	23.9266
3.7050	3.0670	0.2646	23.4789	23.8662
3.7055	3.0663	0.2755	23.5708	23.8025
3.7060	3.0661	0.2761	23.6969	23.7617
3.7065	3.0662	0.2770	23.7085	23.7795
3.7070	3.0662	0.2772	23.6694	23.8508
3.7075	3.0681	0.2624	23.7522	23.8576
3.7080	3.0689	0.2455	23.9173	23.8917
3.7085	3.0696	0.2437	23.9674	23.9789
3.7090	3.0694	0.2424	23.9024	23.9840
3.7095	3.0706	0.2381	23.9267	24.0069
3.7100	3.0708	0.2309	24.0645	23.9858
3.7105	3.0709	0.2308	24.1148	23.9618
3.7110	3.0715	0.2196	24.0493	23.9333
3.7115	3.0709	0.2257	24.0276	23.9477
3.7120	3.0704	0.2340	24.1430	23.9842
3.7125	3.0710	0.2262	24.2177	23.9801
3.7130	3.0712	0.2246	24.1765	23.9353
3.7135	3.0721	0.2135	24.1413	23.8696
3.7140	3.0733	0.2058	24.2472	23.7930
3.7145	3.0736	0.1992	24.3376	23.7651
3.7150	3.0734	0.2048	24.3028	23.7569
3.7155	3.0738	0.1974	24.2168	23.8456
3.7160	3.0737	0.1969	24.2913	23.9521
3.7165	3.0735	0.1986	24.3394	23.9690
3.7170	3.0729	0.2096	24.3243	23.9988
3.7175	3.0718	0.2197	24.0121	23.9991
3.7180	3.0721	0.2140	23.7689	23.9852
3.7185	3.0718	0.2231	23.9023	23.9110
3.7190	3.0719	0.2202	23.9057	23.8592
3.7195	3.0710	0.2201	23.8836	23.8331
3.7200	3.0707	0.2288	23.9307	23.8776
3.7205	3.0713	0.2305	24.0917	23.9266
3.7210	3.0724	0.2192	24.1447	23.9361
3.7215	3.0715	0.2195	24.1142	23.9811
3.7220	3.0720	0.2251	24.1561	23.9467
3.7225	3.0720	0.2175	24.2966	23.9132
3.7230	3.0723	0.2168	24.3530	23.9441
3.7235	3.0725	0.2099	24.3035	23.9544
3.7240	3.0725	0.2066	24.3111	23.9635
3.7245	3.0732	0.2094	24.4284	23.9651
3.7250	3.0720	0.2143	24.4826	23.9285
3.7255	3.0717	0.2188	24.4295	23.8886
3.7260	3.0711	0.2290	24.4099	23.8266
3.7265	3.0696	0.2368	24.4720	23.7786
3.7270	3.0696	0.2448	24.5233	23.7628
3.7275	3.0694	0.2446	24.4911	23.8062
3.7280	3.0692	0.2484	24.4484	23.8557
3.7285	3.0682	0.2510	24.4744	23.8779
3.7290	3.0682	0.2572	24.5069	23.8583
3.7295	3.0682	0.2569	24.4395	23.8100
3.7300	3.0672	0.2658	24.3552	23.7641
3.7305	3.0676	0.2686	24.3208	23.7636
3.7310	3.0669	0.2658	24.3436	23.7766
3.7315	3.0676	0.2665	24.2511	23.8087
3.7320	3.0679	0.2602	24.1316	23.8396
3.7325	3.0689	0.2537	24.0569	23.9238
3.7330	3.0688	0.2537	24.0967	24.0017
3.7335	3.0680	0.2591	23.8959	24.0130
3.7340	3.0678	0.2622	23.5870	23.9937
3.7345	3.0675	0.2682	23.6288	23.9719
3.7350	3.0669	0.2670	23.6495	23.9350
3.7355	3.0673	0.2661	23.5755	23.9088
3.7360	3.0674	0.2668	23.3887	23.8859
3.7365	3.0684	0.2554	23.0258	23.9178
3.7370	3.0698	0.2477	22.9821	23.9174
3.7375	3.0693	0.2443	23.1134	23.9543
3.7380	3.0698	0.2430	23.0480	24.0158
3.7385	3.0693	0.2431	23.0840	23.9770
3.7390	3.0699	0.2366	23.1773	23.9319
3.7395	3.0710	0.2269	23.2861	23.8586
3.7400	3.0696	0.2399	23.2657	23.8582
3.7405	3.0703	0.2386	23.2746	23.9270
3.7410	3.0696	0.2461	23.3686	23.9365
3.7415	3.0704	0.2400	23.4906	23.9272
3.7420	3.0709	0.2304	23.5062	23.8905
3.7425	3.0707	0.2333	23.4995	23.8851
3.7430	3.0715	0.2195	23.5688	23.8877
3.7435	3.0711	0.2201	23.6908	23.8826
3.7440	3.0703	0.2277	23.7107	23.9170
3.7445	3.0710	0.2275	23.7000	23.9705
3.7450	3.0710	0.2203	23.7726	24.0161
3.7455	3.0713	0.2249	23.8983	24.0495
3.7460	3.0717	0.2195	23.9457	24.0833
3.7465	3.0724	0.2127	23.9318	24.1001
3.7470	3.0725	0.2144	23.9774	24.0793
3.7475	3.0719	0.2168	24.0584	24.0039
3.7480	3.0718	0.2183	24.0833	23.9535
3.7485	3.0712	0.2245	24.0578	23.9066
3.7490	3.0710	0.2292	24.0765	23.9246
3.7495	3.0708	0.2338	24.1407	23.9855
3.7500	3.0705	0.2313	24.1788	24.0318
3.7505	3.0709	0.2362	24.1577	24.0627
3.7510	3.0702	0.2366	24.1896	24.0282
3.7515	3.0705	0.2363	24.2671	23.9561
3.7520	3.0699	0.2337	24.3198	23.8628
3.7525	3.0698	0.2416	24.3019	23.8116
3.7530	3.0686	0.2496	24.2886	23.8141
3.7535	3.0679	0.2508	24.3073	23.8374
3.7540	3.0673	0.2655	24.3433	23.8868
3.7545	3.0673	0.2665	24.1962	23.9016
3.7550	3.0676	0.2649	23.7573	23.8686
3.7555	3.0669	0.2644	23.7993	23.9130
3.7560	3.0676	0.2674	23.8655	23.9750
3.7565	3.0667	0.2697	23.8611	23.9894
3.7570	3.0658	0.2753	23.8862	23.9608
3.7575	3.0669	0.2738	23.9848	23.9172
3.7580	3.0670	0.2715	24.0614	23.8814
3.7585	3.0674	0.2670	24.0833	23.8785
3.7590	3.0686	0.2569	24.1325	23.8558
3.7595	3.0698	0.2425	24.2396	23.8397
3.7600	3.0707	0.2309	24.2986	23.8127
3.7605	3.0716	0.2261	24.2841	23.7752
3.7610	3.0724	0.2113	24.2933	23.7414
3.7615	3.0737	0.1972	24.3907	23.8124
3.7620	3.0741	0.1953	24.4699	23.8816
3.7625	3.0741	0.1906	24.4334	23.9003
3.7630	3.0736	0.1999	24.3813	23.8993
3.7635	3.0737	0.1957	24.4569	23.8694
3.7640	3.0732	0.2008	24.5499	23.7935
3.7645	3.0740	0.2022	24.5109	23.7289
3.7650	3.0736	0.1986	24.4320	23.7003
3.7655	3.0734	0.2068	24.4593	23.7228
3.7660	3.0727	0.2095	24.5446	23.7544
3.7665	3.0727	0.2093	24.5121	23.7911
3.7670	3.0724	0.2104	24.3963	23.7913
3.7675	3.0723	0.2107	24.3704	23.8288
3.7680	3.0727	0.2157	24.4050	23.8219
3.7685	3.0718	0.2176	24.3309	23.8404
3.7690	3.0712	0.2244	24.2025	23.9368
3.7695	3.0711	0.2274	24.1466	23.9276
3.7700	3.0709	0.2304	24.1664	23.9259
3.7705	3.0706	0.2246	24.0786	23.9152
3.7710	3.0708	0.2317	23.9274	23.9212
3.7715	3.0713	0.2234	23.8323	23.9159
3.7720	3.0704	0.2341	23.8676	23.8661
3.7725	3.0701	0.2371	23.6586	23.8178
3.7730	3.0704	0.2341	23.5867	23.7833
3.7735	3.0704	0.2339	23.5086	23.7568
3.7740	3.0699	0.2354	23.4443	23.7556
3.7745	3.0696	0.2416	23.4287	23.8339
3.7750	3.0691	0.2481	23.2364	23.9433
3.7755	3.0688	0.2499	23.0169	24.0160
3.7760	3.0691	0.2476	23.0824	24.0228
3.7765	3.0684	0.2517	23.1801	23.9758
3.7770	3.0681	0.2563	23.2147	23.9432
3.7775	3.0677	0.2601	23.2389	23.9095
3.7780	3.0671	0.2628	23.2854	23.8945
3.7785	3.0671	0.2710	23.3838	23.8872
3.7790	3.0669	0.2673	23.4449	23.8981
3.7795	3.0672	0.2662	23.4382	23.9078
3.7800	3.0675	0.2663	23.4665	23.9059
3.7805	3.0679	0.2629	23.5846	23.9194
3.7810	3.0682	0.2554	23.6605	23.9402
3.7815	3.0689	0.2487	23.6523	23.9925
3.7820	3.0689	0.2526	23.6639	23.9964
3.7825	3.0677	0.2645	23.7719	23.9883
3.7830	3.0674	0.2629	23.8722	24.0053
3.7835	3.0668	0.2787	23.9044	23.9996
3.7840	3.0659	0.2846	23.9086	23.9756
3.7845	3.0655	0.2827	23.9594	23.9288
3.7850	3.0676	0.2717	24.0321	23.8579
3.7855	3.0695	0.2482	24.0546	23.8024
3.7860	3.0708	0.2349	24.0312	23.7753
3.7865	3.0711	0.2267	24.0574	23.7878
3.7870	3.0719	0.2207	24.1361	23.7667
3.7875	3.0732	0.2134	24.1503	23.7774
3.7880	3.0725	0.2065	24.1353	23.7970
3.7885	3.0735	0.2055	24.1668	23.8584
3.7890	3.0733	0.1968	24.2433	23.9079
3.7895	3.0742	0.1944	24.2647	23.9193
3.7900	3.0728	0.2030	24.2375	23.9336
3.7905	3.0723	0.2076	24.2563	23.9219
3.7910	3.0734	0.2006	24.2519	23.9409
3.7915	3.0737	0.2026	23.5852	23.9174
3.7920	3.0734	0.2031	23.5054	23.8648
3.7925	3.0734	0.2039	23.5760	23.8180
3.7930	3.0731	0.2048	23.7032	23.8221
3.7935	3.0725	0.2096	23.8143	23.8299
3.7940	3.0729	0.2116	23.8130	23.8785
3.7945	3.0730	0.2089	23.8422	23.9105
3.7950	3.0728	0.2090	23.9399	23.9222
3.7955	3.0727	0.2118	24.0436	23.9235
3.7960	3.0721	0.2149	24.0552	23.9317
3.7965	3.0717	0.2168	24.0754	23.9263
3.7970	3.0712	0.2239	24.1699	23.9094
3.7975	3.0710	0.2313	24.2674	23.8710
3.7980	3.0696	0.2366	24.2559	23.8467
3.7985	3.0695	0.2443	24.2601	23.8526
3.7990	3.0684	0.2547	24.3570	23.8588
3.7995	3.0681	0.2608	24.4408	23.8825
3.8000	3.0681	0.2593	24.3982	23.9136
3.8005	3.0672	0.2609	24.3522	23.9240
3.8010	3.0672	0.2649	24.4236	23.9161
3.8015	3.0666	0.2714	24.5087	23.8775
3.8020	3.0666	0.2738	24.4661	23.8822
3.8025	3.0675	0.2694	24.3956	23.8753
3.8030	3.0678	0.2598	24.4421	23.8704
3.8035	3.0681	0.2587	24.5424	23.9364
3.8040	3.0689	0.2494	24.4868	23.9935
3.8045	3.0691	0.2509	24.3596	24.0243
3.8050	3.0688	0.2494	24.3493	24.0321
3.8055	3.0693	0.2496	24.4103	23.9626
3.8060	3.0692	0.2467	24.3223	23.9933
3.8065	3.0694	0.2405	24.1714	24.0353
3.8070	3.0690	0.2528	24.1136	23.9966
3.8075	3.0704	0.2355	24.1698	23.9940
3.8080	3.0717	0.2257	24.0811	23.9741
3.8085	3.0721	0.2185	23.9149	23.9752
3.8090	3.0736	0.2016	23.7867	23.9796
3.8095	3.0737	0.1987	23.8535	23.9720
3.8100	3.0742	0.1952	23.6022	23.9658
3.8105	3.0739	0.1968	23.2629	23.9624
3.8110	3.0743	0.1947	23.2906	23.9772
3.8115	3.0739	0.1973	23.2722	23.9980
3.8120	3.0744	0.1965	23.3306	24.0162
3.8125	3.0742	0.1947	23.2314	23.9994
3.8130	3.0739	0.1939	23.0244	24.0830
3.8135	3.0742	0.1925	23.1163	24.0398
3.8140	3.0744	0.1977	23.2156	23.9583
3.8145	3.0743	0.1942	23.2068	23.9000
3.8150	3.0743	0.1963	23.2149	23.9163
3.8155	3.0746	0.1903	23.3126	23.9659
3.8160	3.0748	0.1891	23.4321	24.0023
3.8165	3.0746	0.1904	23.4435	24.0654
3.8170	3.0754	0.1754	23.4420	24.0702
3.8175	3.0754	0.1853	23.5460	23.9519
3.8180	3.0734	0.1992	23.6638	23.9462
3.8185	3.0725	0.2104	23.6644	23.9624
3.8190	3.0730	0.2078	23.6414	23.9784
3.8195	3.0730	0.2094	23.7435	23.9976
3.8200	3.0725	0.2117	23.8811	24.0112
3.8205	3.0719	0.2159	23.8993	24.0298
3.8210	3.0715	0.2245	23.8578	24.0667
3.8215	3.0702	0.2376	23.9327	24.1129
3.8220	3.0702	0.2372	24.0706	24.1157
3.8225	3.0690	0.2484	24.1076	24.0839
3.8230	3.0682	0.2503	24.0504	24.0116
3.8235	3.0685	0.2537	24.0876	23.9181
3.8240	3.0682	0.2573	24.1805	23.8433
3.8245	3.0676	0.2638	24.1988	23.7875
3.8250	3.0675	0.2653	24.1281	23.7711
3.8255	3.0659	0.2770	24.1707	23.7553
3.8260	3.0661	0.2795	24.2700	23.7597
3.8265	3.0652	0.2865	24.3394	23.7717
3.8270	3.0669	0.2800	24.2497	23.7795
3.8275	3.0676	0.2686	24.2695	23.7731
3.8280	3.0687	0.2536	24.2119	23.8876
3.8285	3.0699	0.2417	24.1966	23.9215
3.8290	3.0702	0.2352	24.1703	23.8943
3.8295	3.0701	0.2374	24.1045	23.8681
3.8300	3.0698	0.2431	24.1758	23.8372
3.8305	3.0701	0.2364	24.2086	23.8340
3.8310	3.0707	0.2311	24.1552	23.8510
3.8315	3.0720	0.2195	24.0203	23.8816
3.8320	3.0729	0.2113	23.8278	23.9459
3.8325	3.0737	0.1961	23.9442	23.9889
3.8330	3.0733	0.2012	24.0576	24.0248
3.8335	3.0728	0.2033	23.9645	24.0497
3.8340	3.0730	0.2032	23.9925	24.0487
3.8345	3.0735	0.2027	24.1692	24.0233
3.8350	3.0742	0.1952	24.3146	23.9568
3.8355	3.0739	0.1953	24.2390	23.8827
3.8360	3.0731	0.2051	24.1703	23.8420
3.8365	3.0731	0.2099	24.2873	23.8386
3.8370	3.0733	0.2028	24.4379	23.8509
3.8375	3.0732	0.2065	24.4108	23.8857
3.8380	3.0732	0.2045	24.3094	23.8719
3.8385	3.0735	0.2045	24.3585	23.8391
3.8390	3.0738	0.1965	24.4905	23.7558
3.8395	3.0735	0.2069	24.4776	23.7256
3.8400	3.0733	0.2029	24.3521	23.7199
3.8405	3.0740	0.1954	24.3619	23.7463
3.8410	3.0733	0.2065	24.4925	23.8908
3.8415	3.0726	0.2077	24.5047	24.0059
3.8420	3.0729	0.2115	24.3355	24.0751
3.8425	3.0726	0.2139	24.2629	24.0730
3.8430	3.0722	0.2151	24.3556	24.0908
3.8435	3.0721	0.2161	24.3535	24.0692
3.8440	3.0717	0.2172	24.1595	24.0575
3.8445	3.0713	0.2254	24.0554	24.0257
3.8450	3.0711	0.2299	24.1047	24.0022
3.8455	3.0706	0.2316	24.0982	24.0341
3.8460	3.0703	0.2343	23.9199	24.0538
3.8465	3.0696	0.2398	23.8034	24.0644
3.8470	3.0688	0.2422	23.8133	24.0422
3.8475	3.0689	0.2479	23.7868	24.0357
3.8480	3.0685	0.2565	23.0880	23.9948
3.8485	3.0684	0.2636	22.8692	23.9566
3.8490	3.0675	0.2655	23.0351	23.9473
3.8495	3.0678	0.2705	23.0275	23.9325
3.8500	3.0679	0.2596	22.9999	23.8679
3.8505	3.0678	0.2545	22.9991	23.8478
3.8510	3.0687	0.2523	23.1524	23.8154
3.8515	3.0686	0.2538	23.2036	23.7965
3.8520	3.0684	0.2514	23.1773	23.7856
3.8525	3.0685	0.2531	23.2095	23.7942
3.8530	3.0684	0.2514	23.3556	23.8100
3.8535	3.0692	0.2478	23.4318	23.8530
3.8540	3.0695	0.2414	23.4004	23.8729
3.8545	3.0698	0.2294	23.4238	23.8995
3.8550	3.0710	0.2266	23.5578	23.8992
3.8555	3.0708	0.2319	23.6554	23.8860
3.8560	3.0708	0.2245	23.6501	23.8965
3.8565	3.0707	0.2309	23.6366	23.9367
3.8570	3.0708	0.2289	23.7299	23.9650
3.8575	3.0720	0.2201	23.8622	23.9653
3.8580	3.0718	0.2171	23.8880	23.9871
3.8585	3.0721	0.2157	23.8577	24.0088
3.8590	3.0723	0.2142	23.9449	23.9965
3.8595	3.0716	0.2179	24.0867	23.9630
3.8600	3.0711	0.2228	24.1039	23.9136
3.8605	3.0717	0.2237	24.0487	23.8421
3.8610	3.0713	0.2212	24.0864	23.7886
3.8615	3.0717	0.2235	24.1949	23.7403
3.8620	3.0719	0.2215	24.2191	23.7491
3.8625	3.0717	0.2204	24.1494	23.7647
3.8630	3.0724	0.2154	24.1689	23.8024
3.8635	3.0723	0.2147	24.3028	23.8588
3.8640	3.0718	0.2192	24.3635	23.8965
3.8645	3.0719	0.2163	24.2748	23.8745
3.8650	3.0720	0.2120	24.2612	23.8526
3.8655	3.0725	0.2185	24.3421	23.8162
3.8660	3.0718	0.2116	24.2469	23.8083
3.8665	3.0719	0.2189	24.2548	23.8161
3.8670	3.0716	0.2196	24.1300	23.8413
3.8675	3.0711	0.2278	24.2079	23.9078
3.8680	3.0713	0.2292	24.2729	23.8898
3.8685	3.0704	0.2307	24.2517	23.8956
3.8690	3.0707	0.2350	24.0796	24.0219
3.8695	3.0706	0.2336	24.0016	24.0775
3.8700	3.0705	0.2371	23.9925	24.0730
3.8705	3.0697	0.2327	24.0126	24.0400
3.8710	3.0702	0.2389	24.0172	24.0139
3.8715	3.0704	0.2341	24.0277	23.9845
3.8720	3.0701	0.2369	24.1842	23.9463
3.8725	3.0691	0.2460	24.2966	23.9081
3.8730	3.0681	0.2570	24.2719	23.8638
3.8735	3.0674	0.2698	24.2206	23.8578
3.8740	3.0668	0.2742	24.3005	23.8682
3.8745	3.0667	0.2730	24.4204	23.9018
3.8750	3.0675	0.2673	24.4281	23.9477
3.8755	3.0681	0.2605	24.3423	23.9816
3.8760	3.0682	0.2581	24.3618	24.0111
3.8765	3.0695	0.2517	24.4781	23.9708
3.8770	3.0689	0.2549	24.4910	23.8835
3.8775	3.0677	0.2626	24.3759	23.8377
3.8780	3.0684	0.2611	24.3739	23.8261
3.8785	3.0684	0.2525	24.4896	23.8519
3.8790	3.0691	0.2478	24.5159	23.9226
3.8795	3.0698	0.2344	24.3795	24.0098
3.8800	3.0708	0.2219	24.2901	23.9998
3.8805	3.0708	0.2307	24.3430	24.0005
3.8810	3.0730	0.2124	24.3778	24.0058
3.8815	3.0733	0.2068	24.2257	23.9896
3.8820	3.0734	0.1974	24.0947	23.9778
3.8825	3.0742	0.1961	24.0904	23.9377
3.8830	3.0739	0.1962	24.1184	23.9107
3.8835	3.0738	0.2009	23.9890	23.9209
3.8840	3.0732	0.2057	23.8495	23.9638
3.8845	3.0736	0.2042	23.7724	24.0048
3.8850	3.0731	0.2042	23.8549	23.9860
3.8855	3.0724	0.2101	23.2192	23.9369
3.8860	3.0724	0.2123	22.8504	23.8765
3.8865	3.0728	0.2112	22.9485	23.8456
3.8870	3.0730	0.2024	23.0435	23.8618
3.8875	3.0728	0.2102	23.1488	23.8872
3.8880	3.0726	0.2130	23.0596	23.9449
3.8885	3.0720	0.2145	23.0397	23.9633
3.8890	3.0720	0.2151	23.1750	23.9375
3.8895	3.0727	0.2105	23.2753	23.8900
3.8900	3.0721	0.2136	23.2424	23.8260
3.8905	3.0721	0.2186	23.2608	23.7905
3.8910	3.0720	0.2152	23.3790	23.7532
3.8915	3.0719	0.2139	23.4790	23.7214
3.8920	3.0713	0.2189	23.4782	23.6972
3.8925	3.0717	0.2243	23.4949	23.7086
3.8930	3.0713	0.2287	23.5781	23.7730
3.8935	3.0703	0.2366	23.6841	23.8921
3.8940	3.0695	0.2485	23.6938	23.9224
3.8945	3.0684	0.2543	23.6957	23.9433
3.8950	3.0680	0.2614	23.7862	23.9352
3.8955	3.0677	0.2602	23.8991	23.9002
3.8960	3.0674	0.2652	23.9295	23.8625
3.8965	3.0670	0.2696	23.9337	23.8360
3.8970	3.0661	0.2773	23.9837	23.8015
3.8975	3.0660	0.2844	24.0834	23.7609
3.8980	3.0665	0.2777	24.1222	23.7259
3.8985	3.0664	0.2745	24.0882	23.7145
3.8990	3.0667	0.2725	24.1056	23.7599
3.8995	3.0670	0.2768	24.1900	23.8349
3.9000	3.0668	0.2702	24.2209	23.9547
3.9005	3.0665	0.2697	24.1885	24.0450
3.9010	3.0668	0.2691	24.1980	24.0082
3.9015	3.0670	0.2703	24.2834	23.9286
3.9020	3.0674	0.2609	24.3379	23.8138
3.9025	3.0677	0.2682	24.3227	23.7278
3.9030	3.0678	0.2646	24.3014	23.6715
3.9035	3.0683	0.2538	24.3486	23.6533
3.9040	3.0692	0.2453	24.3396	23.6502
3.9045	3.0696	0.2431	24.1791	23.6819
3.9050	3.0701	0.2350	24.2222	23.7642
3.9055	3.0708	0.2263	24.2337	23.8073
3.9060	3.0717	0.2183	24.2358	23.8447
3.9065	3.0721	0.2197	24.1647	23.9412
3.9070	3.0717	0.2175	24.1148	24.0177
3.9075	3.0712	0.2234	24.1087	24.0182
3.9080	3.0705	0.2327	24.0584	23.9873
3.9085	3.0708	0.2315	23.9793	23.9580
3.9090	3.0699	0.2354	24.0346	23.9956
3.9095	3.0702	0.2346	24.1463	24.0116
3.9100	3.0700	0.2411	24.2045	23.9547
3.9105	3.0698	0.2391	24.1824	23.9197
3.9110	3.0699	0.2416	24.2318	23.8918
3.9115	3.0697	0.2369	24.3343	23.9132
3.9120	3.0698	0.2412	24.3639	23.9178
3.9125	3.0691	0.2475	24.3029	23.9493
3.9130	3.0687	0.2481	24.3193	24.0333
3.9135	3.0683	0.2538	24.4349	24.0247
3.9140	3.0693	0.2534	24.4743	23.9664
3.9145	3.0689	0.2504	24.3708	23.9171
3.9150	3.0687	0.2537	24.3430	23.8649
3.9155	3.0691	0.2520	24.4416	23.8463
3.9160	3.0687	0.2533	24.4911	23.8252
3.9165	3.0688	0.2522	24.3927	23.8124
3.9170	3.0689	0.2503	24.3228	23.7992
3.9175	3.0684	0.2477	24.3575	23.8382
3.9180	3.0681	0.2597	24.3906	23.9018
3.9185	3.0678	0.2608	24.2586	23.9055
3.9190	3.0681	0.2575	24.1456	23.9053
3.9195	3.0677	0.2604	24.1253	23.9180
3.9200	3.0673	0.2632	24.1571	23.9232
3.9205	3.0672	0.2694	24.0035	23.9469
3.9210	3.0668	0.2724	23.9086	23.9891
3.9215	3.0660	0.2734	23.8245	24.0526
3.9220	3.0658	0.2824	23.9204	24.0471
3.9225	3.0656	0.2910	23.1806	24.0075
3.9230	3.0663	0.2772	22.7246	23.9571
3.9235	3.0681	0.2619	22.9156	23.8952
3.9240	3.0677	0.2551	22.9995	23.8539
3.9245	3.0694	0.2486	23.0443	23.8542
3.9250	3.0695	0.2409	22.9315	23.8349
3.9255	3.0700	0.2468	22.9767	23.8744
3.9260	3.0700	0.2407	23.1393	23.8739
3.9265	3.0707	0.2341	23.1823	23.8446
3.9270	3.0704	0.2387	23.1005	23.8166
3.9275	3.0706	0.2359	23.1518	23.7979
3.9280	3.0701	0.2372	23.3209	23.7905
3.9285	3.0704	0.2381	23.3998	23.7869
3.9290	3.0715	0.2239	23.3332	23.7845
3.9295	3.0719	0.2180	23.3503	23.7907
3.9300	3.0715	0.2231	23.5118	23.8144
3.9305	3.0724	0.2163	23.6322	23.8855
3.9310	3.0722	0.2139	23.5896	23.8894
3.9315	3.0718	0.2232	23.5697	23.9009
3.9320	3.0709	0.2263	23.6845	23.9524
3.9325	3.0702	0.2319	23.8029	24.0064
3.9330	3.0705	0.2353	23.8102	24.0468
3.9335	3.0698	0.2348	23.8181	24.0856
3.9340	3.0696	0.2434	23.9282	24.1108
3.9345	3.0689	0.2497	24.0296	24.1134
3.9350	3.0692	0.2458	24.0150	24.0899
3.9355	3.0691	0.2442	23.9761	24.0207
3.9360	3.0696	0.2452	24.0543	23.9367
3.9365	3.0703	0.2360	24.1500	23.9189
3.9370	3.0702	0.2323	24.1402	23.9148
3.9375	3.0712	0.2265	24.1039	23.9464
3.9380	3.0716	0.2224	24.1403	24.0250
3.9385	3.0724	0.2140	24.2409	24.0433
3.9390	3.0717	0.2118	24.2642	23.9863
3.9395	3.0719	0.2186	24.2035	23.9342
3.9400	3.0716	0.2206	24.2246	23.8914
3.9405	3.0710	0.2263	24.3547	23.8641
3.9410	3.0699	0.2327	24.3614	23.8673
3.9415	3.0695	0.2457	24.2718	23.9099
3.9420	3.0685	0.2546	24.2279	23.9655
3.9425	3.0682	0.2625	24.3314	24.0551
3.9430	3.0677	0.2600	24.2589	24.0893
3.9435	3.0672	0.2624	23.9578	24.0962
3.9440	3.0672	0.2724	23.9634	24.1067
3.9445	3.0673	0.2687	24.0491	24.0971
3.9450	3.0667	0.2687	24.0855	24.0835
3.9455	3.0668	0.2723	23.9951	24.0539
3.9460	3.0673	0.2659	23.9466	24.0312
3.9465	3.0687	0.2577	24.0605	24.0170
3.9470	3.0696	0.2436	24.2089	24.0882
3.9475	3.0715	0.2275	24.1684	24.1189
3.9480	3.0725	0.2151	24.1190	24.0812
3.9485	3.0728	0.2055	24.2378	23.9987
3.9490	3.0726	0.2104	24.3953	23.9482
3.9495	3.0725	0.2153	24.3697	23.9342
3.9500	3.0724	0.2117	24.2812	23.9427
3.9505	3.0727	0.2080	24.3547	23.9456
3.9510	3.0724	0.2131	24.5044	23.9483
3.9515	3.0712	0.2181	24.4805	23.9287
3.9520	3.0701	0.2300	24.3628	23.9120
3.9525	3.0709	0.2281	24.3901	23.8914
3.9530	3.0713	0.2243	24.5369	23.8781
3.9535	3.0724	0.2130	24.5367	23.8836
3.9540	3.0722	0.2137	24.3801	23.9627
3.9545	3.0721	0.2132	24.3567	23.9961
3.9550	3.0726	0.2054	24.4852	23.9787
3.9555	3.0729	0.2095	24.4672	23.9500
3.9560	3.0731	0.2045	24.2771	23.8946
3.9565	3.0728	0.2070	24.1974	23.9048
3.9570	3.0727	0.2080	24.2615	23.8948
3.9575	3.0729	0.2062	24.2489	23.8948
3.9580	3.0735	0.2037	24.0647	23.9163
3.9585	3.0723	0.2114	23.9494	23.9215
3.9590	3.0725	0.2117	23.9636	23.9422
3.9595	3.0725	0.2107	23.7464	23.9696
3.9600	3.0719	0.2179	23.5668	24.0114
3.9605	3.0709	0.2300	23.4827	23.9550
3.9610	3.0710	0.2260	23.3969	23.8784
3.9615	3.0717	0.2231	23.1700	23.8125
3.9620	3.0711	0.2258	22.9174	23.7763
3.9625	3.0714	0.2245	22.8608	23.8023
3.9630	3.0717	0.2178	23.0023	23.8055
3.9635	3.0719	0.2143	23.1323	23.8216
3.9640	3.0723	0.2166	23.1242	23.8023
3.9645	3.0724	0.2116	23.0516	23.7830
3.9650	3.0718	0.2191	23.1535	23.7929
3.9655	3.0709	0.2272	23.3147	23.8239
3.9660	3.0701	0.2365	23.3386	23.8386
3.9665	3.0696	0.2413	23.2616	23.9681
3.9670	3.0693	0.2445	23.3374	24.0278
3.9675	3.0692	0.2453	23.5110	23.9644
3.9680	3.0680	0.2579	23.5699	23.9259
3.9685	3.0676	0.2673	23.4921	23.8765
3.9690	3.0668	0.2769	23.5140	23.8231
3.9695	3.0662	0.2721	23.6927	23.7775
3.9700	3.0662	0.2784	23.7950	23.8437
3.9705	3.0669	0.2735	23.7160	23.9145
3.9710	3.0684	0.2574	23.6960	23.9198
3.9715	3.0692	0.2456	23.8905	23.9588
3.9720	3.0691	0.2436	24.0402	23.9903
3.9725	3.0704	0.2422	23.9671	24.0027
3.9730	3.0701	0.2295	23.8902	24.0096
3.9735	3.0705	0.2354	24.0318	23.9881
3.9740	3.0707	0.2278	24.1734	23.9644
3.9745	3.0717	0.2238	24.0865	23.9556
3.9750	3.0703	0.2312	23.9858	23.9827
3.9755	3.0704	0.2292	24.1098	24.0173
3.9760	3.0710	0.2303	24.2642	23.9820
3.9765	3.0709	0.2284	24.2235	23.9303
3.9770	3.0722	0.2110	24.1264	23.8478
3.9775	3.0729	0.2012	24.2182	23.8010
3.9780	3.0731	0.2024	24.3689	23.7666
3.9785	3.0735	0.2024	24.3372	23.8411
3.9790	3.0738	0.1980	24.2010	23.9450
3.9795	3.0727	0.2018	24.2368	23.9754
3.9800	3.0722	0.2057	24.3591	23.9977
3.9805	3.0722	0.2183	24.3497	24.0251
3.9810	3.0723	0.2136	23.8526	24.0150
3.9815	3.0729	0.2122	23.7132	23.9506
3.9820	3.0729	0.2113	23.9069	23.8975
3.9825	3.0728	0.2014	23.9822	23.8356
3.9830	3.0721	0.2199	23.9174	23.8539
3.9835	3.0718	0.2171	23.9077	23.9014
3.9840	3.0730	0.2099	24.1022	23.9179
3.9845	3.0724	0.2082	24.2329	23.9578
3.9850	3.0715	0.2220	24.1728	24.0007
3.9855	3.0713	0.2222	24.1190	23.9788
3.9860	3.0724	0.2145	24.2846	23.9813
3.9865	3.0717	0.2169	24.4346	23.9723
3.9870	3.0718	0.2136	24.3485	23.9749
3.9875	3.0722	0.2169	24.2643	23.9707
3.9880	3.0718	0.2188	24.3995	23.9415
3.9885	3.0712	0.2186	24.5503	23.9130
3.9890	3.0713	0.2300	24.4787	23.8600
3.9895	3.0702	0.2370	24.3549	23.8146
3.9900	3.0695	0.2425	24.4267	23.7857
3.9905	3.0696	0.2396	24.5868	23.7997
3.9910	3.0693	0.2446	24.5282	23.8651
3.9915	3.0688	0.2478	24.3577	23.8779
3.9920	3.0679	0.2566	24.3969	23.8798
3.9925	3.0680	0.2543	24.5784	23.8244
3.9930	3.0674	0.2652	24.5291	23.7781
3.9935	3.0676	0.2669	24.2851	23.7654
3.9940	3.0673	0.2707	24.1983	23.7821
3.9945	3.0678	0.2671	24.3448	23.8110
3.9950	3.0680	0.2587	24.3261	23.8445
3.9955	3.0684	0.2567	24.0947	23.8800
3.9960	3.0685	0.2525	23.9410	23.9901
3.9965	3.0678	0.2581	24.0692	24.0288
3.9970	3.0674	0.2674	23.8662	24.0324
3.9975	3.0672	0.2676	23.5938	24.0127
3.9980	3.0672	0.2669	23.5279	23.9565
3.9985	3.0673	0.2708	23.5791	23.9213
3.9990	3.0676	0.2653	23.6509	23.8939
3.9995	3.0673	0.2614	23.3646	23.8949
4.0000	3.0690	0.2514	22.8552	23.9169
4.0005	3.0691	0.2401	22.9702	23.9400
4.0010	3.0688	0.2503	23.1803	24.0225
4.0015	3.0699	0.2422	23.1739	24.0267
4.0020	3.0705	0.2314	23.0512	23.9637
4.0025	3.0721	0.2163	23.1037	23.9118
4.0030	3.0716	0.2206	23.3340	23.8456
4.0035	3.0721	0.2170	23.3931	23.8753
4.0040	3.0723	0.2110	23.2756	23.9183
4.0045	3.0719	0.2178	23.3082	23.9276
4.0050	3.0720	0.2169	23.5390	23.9223
4.0055	3.0721	0.2139	23.6256	23.9161
4.0060	3.0725	0.2086	23.4965	23.9182
4.0065	3.0729	0.2044	23.4941	23.9284
4.0070	3.0730	0.2012	23.7113	23.9302
4.0075	3.0727	0.2052	23.8434	23.9338
4.0080	3.0725	0.2095	23.7436	23.9878
4.0085	3.0724	0.2136	23.6996	23.9938
4.0090	3.0719	0.2123	23.8969	24.0336
4.0095	3.0727	0.2115	24.0734	24.0644
4.0100	3.0731	0.2099	23.9957	24.0869
4.0105	3.0722	0.2137	23.9031	24.0849
4.0110	3.0722	0.2166	24.0173	24.0260
4.0115	3.0718	0.2230	24.1872	23.9709
4.0120	3.0720	0.2175	24.1519	23.9348
4.0125	3.0716	0.2261	24.0181	23.9488
4.0130	3.0718	0.2222	24.0566	23.9990
4.0135	3.0709	0.2286	24.2777	24.0297
4.0140	3.0708	0.2304	24.3255	24.0444
4.0145	3.0704	0.2325	24.1686	23.9978
4.0150	3.0703	0.2308	24.1473	23.9311
4.0155	3.0700	0.2322	24.3635	23.8657
4.0160	3.0696	0.2397	24.4211	23.8525
4.0165	3.0688	0.2493	24.2723	23.8547
4.0170	3.0680	0.2563	24.1758	23.8870
4.0175	3.0675	0.2654	24.3947	23.9201
4.0180	3.0674	0.2685	24.1768	23.8746
4.0185	3.0669	0.2752	23.7172	23.8696
4.0190	3.0667	0.2688	23.6981	23.9218
4.0195	3.0674	0.2662	23.8544	23.9767
4.0200	3.0664	0.2684	24.0668	23.9832
4.0205	3.0666	0.2732	23.9840	23.9667
4.0210	3.0672	0.2683	23.8711	23.9348
4.0215	3.0677	0.2660	24.0174	23.9063
4.0220	3.0682	0.2613	24.2770	23.8734
4.0225	3.0690	0.2524	24.2509	23.8524
4.0230	3.0703	0.2372	24.1066	23.8336
4.0235	3.0712	0.2296	24.1982	23.8095
4.0240	3.0720	0.2231	24.4225	23.7592
4.0245	3.0731	0.2012	24.4352	23.7428
4.0250	3.0740	0.1968	24.3257	23.8719
4.0255	3.0738	0.1933	24.3500	23.9044
4.0260	3.0742	0.1972	24.5174	23.9235
4.0265	3.0740	0.1994	24.5554	23.9080
4.0270	3.0734	0.1959	24.4186	23.8640
4.0275	3.0739	0.2021	24.3760	23.7870
4.0280	3.0734	0.1986	24.5471	23.7351
4.0285	3.0736	0.2009	24.6258	23.7256
4.0290	3.0730	0.2104	24.4689	23.7502
4.0295	3.0728	0.2063	24.3626	23.7930
4.0300	3.0724	0.2151	24.4867	23.8163
4.0305	3.0726	0.2113	24.5687	23.8217
4.0310	3.0723	0.2095	24.4118	23.8576
4.0315	3.0724	0.2142	24.2336	23.8674
4.0320	3.0714	0.2198	24.2845	23.9349
4.0325	3.0717	0.2204	24.3428	23.9518
4.0330	3.0716	0.2180	24.1968	23.9358
4.0335	3.0711	0.2266	23.9879	23.9287
4.0340	3.0710	0.2278	24.0042	23.9243
4.0345	3.0712	0.2299	24.0500	23.9376
4.0350	3.0708	0.2302	23.9349	23.9190
4.0355	3.0700	0.2403	23.6345	23.8693
4.0360	3.0703	0.2326	23.5338	23.8277
4.0365	3.0707	0.2322	23.7571	23.8041
4.0370	3.0704	0.2337	23.5846	23.7631
4.0375	3.0694	0.2391	23.3298	23.7961
4.0380	3.0697	0.2395	23.2680	23.8942
4.0385	3.0688	0.2458	23.2431	23.9794
4.0390	3.0689	0.2533	23.1527	24.0213
4.0395	3.0685	0.2503	23.0612	23.9992
4.0400	3.0685	0.2535	23.0778	23.9694
4.0405	3.0679	0.2590	23.3148	23.9368
4.0410	3.0680	0.2555	23.3984	23.9192
4.0415	3.0681	0.2594	23.2832	23.9117
4.0420	3.0676	0.2671	23.2673	23.9290
4.0425	3.0683	0.2570	23.5081	23.9402
4.0430	3.0685	0.2605	23.6408	23.9396
4.0435	3.0682	0.2514	23.5034	23.9404
4.0440	3.0689	0.2461	23.4504	23.9296
4.0445	3.0694	0.2510	23.6713	23.9630
4.0450	3.0697	0.2390	23.8584	23.9961
4.0455	3.0693	0.2455	23.7683	23.9822
4.0460	3.0692	0.2538	23.6680	23.9938
4.0465	3.0687	0.2487	23.8133	24.0167
4.0470	3.0677	0.2630	24.0472	24.0028
4.0475	3.0669	0.2706	24.0345	23.9847
4.0480	3.0673	0.2661	23.8976	23.9163
4.0485	3.0688	0.2494	23.9572	23.8652
4.0490	3.0702	0.2372	24.1658	23.8143
4.0495	3.0709	0.2270	24.1540	23.7988
4.0500	3.0714	0.2240	24.0081	23.7845
4.0505	3.0725	0.2093	24.0389	23.7555
4.0510	3.0730	0.2074	24.2758	23.7687
4.0515	3.0736	0.1970	24.3136	23.7994
4.0520	3.0746	0.1900	24.1667	23.8672
4.0525	3.0743	0.1906	24.1245	23.9057
4.0530	3.0743	0.1908	24.3769	23.9523
4.0535	3.0743	0.1907	24.3835	23.9431
4.0540	3.0745	0.1958	24.2861	23.9523
4.0545	3.0745	0.1979	23.8097	23.9506
4.0550	3.0733	0.1995	23.5284	23.9002
4.0555	3.0736	0.2045	23.7885	23.8567
4.0560	3.0732	0.2029	23.6207	23.8260
4.0565	3.0730	0.2094	23.5964	23.8209
4.0570	3.0729	0.2100	23.7975	23.8377
4.0575	3.0734	0.2068	24.0453	23.8897
4.0580	3.0728	0.2090	23.9467	23.9104
4.0585	3.0729	0.2077	23.8479	23.9290
4.0590	3.0725	0.2151	23.9934	23.9449
4.0595	3.0724	0.2192	24.2673	23.9501
4.0600	3.0715	0.2181	24.2336	23.9292
4.0605	3.0707	0.2277	24.0739	23.8929
4.0610	3.0696	0.2354	24.1611	23.8578
4.0615	3.0696	0.2478	24.4425	23.8292
4.0620	3.0686	0.2483	24.4561	23.8515
4.0625	3.0684	0.2560	24.2570	23.8552
4.0630	3.0682	0.2602	24.2888	23.8767
4.0635	3.0675	0.2592	24.5609	23.8986
4.0640	3.0676	0.2679	24.5843	23.9173
4.0645	3.0671	0.2709	24.3437	23.8946
4.0650	3.0671	0.2700	24.3156	23.8900
4.0655	3.0674	0.2678	24.5695	23.8858
4.0660	3.0677	0.2607	24.6543	23.8682
4.0665	3.0685	0.2558	24.4451	23.8910
4.0670	3.0687	0.2539	24.3366	23.9582
4.0675	3.0689	0.2474	24.4876	23.9874
4.0680	3.0685	0.2514	24.5707	24.0086
4.0685	3.0688	0.2484	24.3724	23.9738
4.0690	3.0689	0.2504	24.1967	23.9439
4.0695	3.0691	0.2440	24.2818	24.0209
4.0700	3.0700	0.2411	24.3613	24.0158
4.0705	3.0703	0.2419	24.1761	23.9969
4.0710	3.0714	0.2248	23.9474	23.9823
4.0715	3.0720	0.2201	23.9638	23.9647
4.0720	3.0729	0.2065	24.0645	23.9650
4.0725	3.0741	0.1997	23.9232	23.9583
4.0730	3.0737	0.1980	23.6578	23.9493
4.0735	3.0737	0.2044	23.3085	23.9397
4.0740	3.0735	0.2006	23.4416	23.9542
4.0745	3.0734	0.2012	23.4409	23.9682
4.0750	3.0736	0.2046	23.1784	24.0065
4.0755	3.0732	0.2012	23.2099	23.9950
4.0760	3.0736	0.1989	23.2585	24.0115
4.0765	3.0734	0.1983	23.2153	24.0617
4.0770	3.0736	0.1989	23.1157	23.9808
4.0775	3.0735	0.2041	23.0727	23.9067
4.0780	3.0731	0.2042	23.3132	23.8876
4.0785	3.0737	0.2005	23.4559	23.9181
4.0790	3.0740	0.1882	23.3674	23.9593
4.0795	3.0745	0.1875	23.3002	24.0080
4.0800	3.0755	0.1809	23.5004	24.0388
4.0805	3.0753	0.1788	23.6788	23.9747
4.0810	3.0742	0.1903	23.6024	23.9080
4.0815	3.0732	0.2052	23.5155	23.9379
4.0820	3.0729	0.2035	23.6819	23.9604
4.0825	3.0737	0.1991	23.8967	23.9852
4.0830	3.0736	0.1957	23.8656	23.9825
4.0835	3.0728	0.2068	23.7362	24.0044
4.0840	3.0731	0.2110	23.8573	24.0201
4.0845	3.0714	0.2156	24.1036	24.0579
4.0850	3.0712	0.2228	24.1233	24.0897
4.0855	3.0704	0.2320	23.9607	24.0633
4.0860	3.0695	0.2456	24.0007	24.0233
4.0865	3.0693	0.2525	24.2410	23.9342
4.0870	3.0686	0.2511	24.2539	23.8692
4.0875	3.0680	0.2629	24.0703	23.8113
4.0880	3.0675	0.2607	24.0680	23.8079
4.0885	3.0669	0.2739	24.3105	23.7685
4.0890	3.0664	0.2800	24.3887	23.7521
4.0895	3.0657	0.2800	24.2072	23.7386
4.0900	3.0654	0.2900	24.1441	23.7365
4.0905	3.0667	0.2701	24.3939	23.7315
4.0910	3.0678	0.2648	24.4711	23.7957
4.0915	3.0680	0.2575	24.1095	23.9076
4.0920	3.0681	0.2580	24.0209	23.9027
4.0925	3.0687	0.2530	24.2131	23.8985
4.0930	3.0693	0.2514	24.3829	23.8479
4.0935	3.0682	0.2602	24.1520	23.8198
4.0940	3.0682	0.2609	23.9769	23.8331
4.0945	3.0697	0.2457	24.1220	23.8504
4.0950	3.0705	0.2291	24.1127	23.8852
4.0955	3.0720	0.2168	23.8843	23.9250
4.0960	3.0726	0.2057	23.8170	23.9715
4.0965	3.0724	0.2119	23.9588	24.0239
4.0970	3.0723	0.2137	24.2111	24.0368
4.0975	3.0726	0.2094	24.1957	24.0442
4.0980	3.0735	0.2045	24.0765	24.0017
4.0985	3.0732	0.1986	24.1630	23.9295
4.0990	3.0734	0.1989	24.3853	23.8623
4.0995	3.0719	0.2223	24.4016	23.8331
4.1000	3.0725	0.2191	24.2575	23.8301
4.1005	3.0727	0.2113	24.2751	23.8479
4.1010	3.0723	0.2130	24.4808	23.8675
4.1015	3.0726	0.2140	24.5158	23.8197
4.1020	3.0732	0.2118	24.3392	23.7830
4.1025	3.0730	0.1995	24.3148	23.7237
4.1030	3.0734	0.1964	24.5126	23.7161
4.1035	3.0737	0.1997	24.5766	23.7230
4.1040	3.0739	0.1963	24.3896	23.8190
4.1045	3.0736	0.2006	24.3032	23.9606
4.1050	3.0730	0.2009	24.4417	24.0358
4.1055	3.0737	0.2023	24.4999	24.0699
4.1060	3.0731	0.2094	24.3092	24.0606
4.1065	3.0728	0.2104	24.1773	24.0802
4.1070	3.0719	0.2137	24.2442	24.0599
4.1075	3.0717	0.2180	24.2981	24.0499
4.1080	3.0716	0.2175	24.0957	24.0073
4.1085	3.0716	0.2225	23.9150	24.0264
4.1090	3.0709	0.2251	23.9388	24.0466
4.1095	3.0700	0.2387	24.0554	24.0547
4.1100	3.0693	0.2469	23.8596	24.0479
4.1105	3.0689	0.2517	23.6644	24.0445
4.1110	3.0686	0.2582	23.3416	24.0226
4.1115	3.0679	0.2605	23.0271	23.9862
4.1120	3.0669	0.2652	23.1226	23.9651
4.1125	3.0669	0.2734	22.8904	23.9635
4.1130	3.0672	0.2679	22.8865	23.9192
4.1135	3.0673	0.2675	23.0834	23.8560
4.1140	3.0679	0.2573	23.2134	23.8200
4.1145	3.0686	0.2549	23.0955	23.8027
4.1150	3.0685	0.2524	23.0601	23.7889
4.1155	3.0685	0.2487	23.2757	23.7849
4.1160	3.0682	0.2549	23.4404	23.8064
4.1165	3.0687	0.2543	23.3304	23.8415
4.1170	3.0692	0.2481	23.2429	23.8933
4.1175	3.0696	0.2408	23.4423	23.9130
4.1180	3.0706	0.2351	23.6776	23.9395
4.1185	3.0707	0.2351	23.6258	23.9160
4.1190	3.0708	0.2292	23.4917	23.9063
4.1195	3.0710	0.2291	23.6123	23.9307
4.1200	3.0713	0.2236	23.8404	23.9601
4.1205	3.0716	0.2222	23.8437	23.9578
4.1210	3.0721	0.2187	23.7372	23.9704
4.1215	3.0719	0.2174	23.8345	24.0041
4.1220	3.0724	0.2169	24.0548	24.0280
4.1225	3.0719	0.2187	24.0806	24.0119
4.1230	3.0716	0.2202	23.9368	23.9809
4.1235	3.0717	0.2250	23.9842	23.9136
4.1240	3.0714	0.2225	24.1920	23.8571
4.1245	3.0717	0.2263	24.2392	23.7873
4.1250	3.0710	0.2298	24.0876	23.7658
4.1255	3.0714	0.2248	24.0904	23.7546
4.1260	3.0718	0.2154	24.2473	23.7805
4.1265	3.0720	0.2156	24.3111	23.8348
4.1270	3.0726	0.2118	24.2125	23.9053
4.1275	3.0720	0.2175	24.2171	23.9149
4.1280	3.0724	0.2103	24.3271	23.8944
4.1285	3.0725	0.2089	24.4350	23.8778
4.1290	3.0730	0.2079	24.1946	23.8379
4.1295	3.0724	0.2116	24.1178	23.8825
4.1300	3.0722	0.2118	24.2413	23.9077
4.1305	3.0721	0.2170	24.2885	23.9177
4.1310	3.0717	0.2230	24.2210	23.9395
4.1315	3.0717	0.2216	24.1063	23.9008
4.1320	3.0712	0.2259	24.1819	23.9737
4.1325	3.0708	0.2262	24.1799	24.0787
4.1330	3.0710	0.2266	24.0218	24.0978
4.1335	3.0710	0.2310	23.8286	24.0855
4.1340	3.0709	0.2308	23.9865	24.0527
4.1345	3.0711	0.2269	24.1360	24.0394
4.1350	3.0704	0.2295	24.1448	24.0025
4.1355	3.0703	0.2332	24.0816	23.9705
4.1360	3.0690	0.2459	24.1865	23.9342
4.1365	3.0679	0.2590	24.3574	23.8982
4.1370	3.0676	0.2680	24.3557	23.8943
4.1375	3.0673	0.2725	24.2312	23.9313
4.1380	3.0673	0.2651	24.2927	23.9576
4.1385	3.0678	0.2633	24.4727	23.9903
4.1390	3.0686	0.2534	24.4750	24.0276
4.1395	3.0691	0.2503	24.3217	24.0473
4.1400	3.0697	0.2443	24.3400	23.9863
4.1405	3.0691	0.2432	24.5096	23.9216
4.1410	3.0691	0.2487	24.5366	23.8752
4.1415	3.0693	0.2412	24.3757	23.8615
4.1420	3.0704	0.2390	24.3324	23.9472
4.1425	3.0706	0.2360	24.4579	24.0172
4.1430	3.0717	0.2249	24.4978	24.0410
4.1435	3.0710	0.2284	24.3088	24.0464
4.1440	3.0718	0.2227	24.1812	24.0696
4.1445	3.0733	0.2057	24.2525	24.0728
4.1450	3.0737	0.1994	24.3032	24.0447
4.1455	3.0738	0.1944	24.1136	24.0032
4.1460	3.0743	0.1954	23.9485	23.9475
4.1465	3.0737	0.1998	23.9756	23.9195
4.1470	3.0734	0.2005	24.0577	23.9534
4.1475	3.0735	0.2020	23.8381	24.0073
4.1480	3.0738	0.1977	23.7095	24.0178
4.1485	3.0733	0.2055	23.4767	24.0053
4.1490	3.0730	0.2083	23.0099	23.9726
4.1495	3.0730	0.2132	23.0074	23.9328
4.1500	3.0729	0.2058	22.8826	23.9149
4.1505	3.0732	0.2059	23.0094	23.9323
4.1510	3.0732	0.2047	23.1670	23.9704
4.1515	3.0730	0.2042	23.1135	23.9821
4.1520	3.0726	0.2110	23.0055	23.9591
4.1525	3.0730	0.2059	23.1286	23.9100
4.1530	3.0729	0.2045	23.2968	23.8629
4.1535	3.0726	0.2124	23.3185	23.8423
4.1540	3.0727	0.2133	23.2438	23.8288
4.1545	3.0721	0.2143	23.3365	23.8075
4.1550	3.0720	0.2160	23.5112	23.8037
4.1555	3.0717	0.2198	23.5510	23.8034
4.1560	3.0707	0.2225	23.4794	23.8070
4.1565	3.0713	0.2325	23.5349	23.8919
4.1570	3.0700	0.2381	23.7034	23.9273
4.1575	3.0689	0.2487	23.7801	23.9408
4.1580	3.0683	0.2543	23.7217	23.9313
4.1585	3.0683	0.2570	23.7467	23.9042
4.1590	3.0681	0.2605	23.9121	23.8889
4.1595	3.0679	0.2585	24.0188	23.8871
4.1600	3.0670	0.2732	23.9556	23.8789
4.1605	3.0663	0.2770	23.9531	23.8496
4.1610	3.0662	0.2850	24.1032	23.8165
4.1615	3.0663	0.2784	24.1836	23.7862
4.1620	3.0664	0.2785	24.0955	23.7992
4.1625	3.0670	0.2752	24.0517	23.8355
4.1630	3.0666	0.2759	24.1816	23.9071
4.1635	3.0666	0.2767	24.2851	24.0071
4.1640	3.0658	0.2803	24.2364	24.0214
4.1645	3.0666	0.2780	24.1577	23.9761
4.1650	3.0668	0.2711	24.2575	23.8876
4.1655	3.0666	0.2758	24.3857	23.8130
4.1660	3.0666	0.2736	24.3877	23.7505
4.1665	3.0678	0.2640	24.2592	23.7185
4.1670	3.0687	0.2514	24.2839	23.6838
4.1675	3.0690	0.2488	24.2705	23.7349
4.1680	3.0699	0.2422	24.2663	23.7867
4.1685	3.0709	0.2280	24.2067	23.7682
4.1690	3.0718	0.2198	24.1148	23.8128
4.1695	3.0727	0.2154	24.1807	23.8724
4.1700	3.0730	0.2138	24.2008	24.0017
4.1705	3.0723	0.2149	24.0980	24.0324
4.1710	3.0710	0.2259	23.9745	24.0248
4.1715	3.0706	0.2322	23.9700	24.0109
4.1720	3.0699	0.2345	24.0745	24.0271
4.1725	3.0702	0.2328	24.1175	24.0550
4.1730	3.0702	0.2335	24.0970	24.0135
4.1735	3.0705	0.2382	24.1657	23.9388
4.1740	3.0701	0.2347	24.2786	23.8787
4.1745	3.0698	0.2381	24.2995	23.8687
4.1750	3.0699	0.2377	24.2536	23.8984
4.1755	3.0699	0.2434	24.2858	23.9063
4.1760	3.0697	0.2437	24.3840	24.0072
4.1765	3.0697	0.2478	24.4229	24.0568
4.1770	3.0694	0.2489	24.3848	24.0192
4.1775	3.0686	0.2446	24.3721	23.9711
4.1780	3.0693	0.2479	24.4350	23.9097
4.1785	3.0689	0.2468	24.4818	23.8610
4.1790	3.0689	0.2481	24.4404	23.8321
4.1795	3.0685	0.2534	24.3809	23.7976
4.1800	3.0688	0.2502	24.3902	23.7769
4.1805	3.0683	0.2549	24.4008	23.7894
4.1810	3.0682	0.2583	24.3591	23.8666
4.1815	3.0679	0.2623	24.2623	23.9136
4.1820	3.0684	0.2541	24.2286	23.9219
4.1825	3.0682	0.2573	24.2096	23.9298
4.1830	3.0683	0.2582	24.1648	23.9143
4.1835	3.0679	0.2590	24.0161	23.9293
4.1840	3.0676	0.2676	23.9645	23.9359
4.1845	3.0671	0.2683	23.9073	23.9752
4.1850	3.0665	0.2780	23.9283	24.0164
4.1855	3.0656	0.2845	23.5704	23.9968
4.1860	3.0658	0.2797	22.7957	23.9695
4.1865	3.0673	0.2658	22.9274	23.9184
4.1870	3.0682	0.2560	22.9902	23.8716
4.1875	3.0678	0.2627	22.9681	23.8726
4.1880	3.0694	0.2453	22.9234	23.8632
4.1885	3.0699	0.2422	23.0228	23.8795
4.1890	3.0703	0.2423	23.1294	23.8728
4.1895	3.0708	0.2353	23.1205	23.8319
4.1900	3.0707	0.2308	23.0637	23.7908
4.1905	3.0707	0.2342	23.1873	23.7659
4.1910	3.0706	0.2320	23.3164	23.7583
4.1915	3.0709	0.2316	23.3343	23.7605
4.1920	3.0712	0.2256	23.2836	23.7677
4.1925	3.0717	0.2177	23.3993	23.7956
4.1930	3.0714	0.2207	23.5457	23.8002
4.1935	3.0713	0.2251	23.5659	23.8845
4.1940	3.0725	0.2202	23.5199	23.9188
4.1945	3.0711	0.2232	23.5840	23.9109
4.1950	3.0704	0.2335	23.7247	23.9288
4.1955	3.0699	0.2381	23.7814	23.9516
4.1960	3.0700	0.2476	23.7682	23.9994
4.1965	3.0697	0.2424	23.8044	24.0275
4.1970	3.0684	0.2514	23.9123	24.0551
4.1975	3.0680	0.2589	24.0049	24.0746
4.1980	3.0681	0.2561	24.0143	24.0815
4.1985	3.0684	0.2523	24.0065	24.0447
4.1990	3.0686	0.2552	24.0643	23.9833
4.1995	3.0691	0.2506	24.1450	23.9347
4.2000	3.0695	0.2456	24.1456	23.9157
4.2005	3.0699	0.2421	24.1055	23.9002
4.2010	3.0707	0.2322	24.1529	23.9633
4.2015	3.0715	0.2274	24.2384	24.0103
4.2020	3.0718	0.2152	24.2548	23.9801
4.2025	3.0715	0.2202	24.2100	23.9290
4.2030	3.0710	0.2257	24.2588	23.8963
4.2035	3.0708	0.2295	24.3521	23.8890
4.2040	3.0702	0.2330	24.3491	23.9000
4.2045	3.0701	0.2380	24.2682	23.9034
4.2050	3.0695	0.2455	24.2933	23.9306
4.2055	3.0688	0.2526	24.3443	24.0010
4.2060	3.0685	0.2533	24.3342	24.0630
4.2065	3.0680	0.2548	24.0342	24.0471
4.2070	3.0672	0.2612	23.9578	24.0812
4.2075	3.0679	0.2668	24.0745	24.0810
4.2080	3.0669	0.2675	24.0827	24.0781
4.2085	3.0667	0.2676	24.0128	24.0753
4.2090	3.0672	0.2729	23.9800	24.0415
4.2095	3.0675	0.2660	24.0794	24.0244
4.2100	3.0687	0.2570	24.1690	24.0638
4.2105	3.0701	0.2411	24.1441	24.1175
4.2110	3.0711	0.2267	24.1392	24.0764
4.2115	3.0717	0.2249	24.2638	24.0098
4.2120	3.0717	0.2207	24.3807	23.9348
4.2125	3.0714	0.2263	24.3641	23.8935
4.2130	3.0714	0.2242	24.2987	23.9109
4.2135	3.0710	0.2295	24.3618	23.9283
4.2140	3.0706	0.2304	24.4882	23.9614
4.2145	3.0697	0.2355	24.4815	23.9574
4.2150	3.0697	0.2407	24.3915	23.9573
4.2155	3.0695	0.2435	24.4140	23.9358
4.2160	3.0700	0.2334	24.5414	23.9180
4.2165	3.0713	0.2291	24.5610	23.8683
4.2170	3.0718	0.2229	24.4426	23.8816
4.2175	3.0715	0.2238	24.3792	23.9567
4.2180	3.0714	0.2213	24.4766	23.9467
4.2185	3.0719	0.2212	24.5085	23.9461
4.2190	3.0721	0.2204	24.3648	23.9105
4.2195	3.0724	0.2121	24.2150	23.9162
4.2200	3.0727	0.2073	24.2795	23.9151
4.2205	3.0723	0.2059	24.2974	23.8971
4.2210	3.0731	0.2031	24.1642	23.9414
4.2215	3.0724	0.2126	23.9547	23.9102
4.2220	3.0715	0.2199	23.9958	23.9024
4.2225	3.0719	0.2145	23.8946	23.9167
4.2230	3.0720	0.2171	23.6550	23.9813
4.2235	3.0703	0.2332	23.5178	23.9773
4.2240	3.0701	0.2388	23.4933	23.9078
4.2245	3.0710	0.2298	23.2572	23.8467
4.2250	3.0710	0.2252	23.0237	23.7965
4.2255	3.0713	0.2320	22.8721	23.8061
4.2260	3.0717	0.2239	22.9362	23.8209
4.2265	3.0718	0.2177	23.1173	23.8283
4.2270	3.0715	0.2196	23.1823	23.8065
4.2275	3.0722	0.2173	23.0972	23.7649
4.2280	3.0720	0.2163	23.1019	23.7551
4.2285	3.0712	0.2213	23.2711	23.8063
4.2290	3.0708	0.2342	23.3599	23.8484
4.2295	3.0698	0.2389	23.3252	23.9533
4.2300	3.0692	0.2433	23.3405	24.0455
4.2305	3.0689	0.2445	23.4697	24.0145
4.2310	3.0684	0.2536	23.5387	23.9827
4.2315	3.0683	0.2581	23.5126	23.9173
4.2320	3.0671	0.2661	23.5393	23.8645
4.2325	3.0670	0.2726	23.6907	23.7935
4.2330	3.0672	0.2658	23.7802	23.8137
4.2335	3.0679	0.2624	23.7222	23.8852
4.2340	3.0690	0.2470	23.7250	23.8952
4.2345	3.0700	0.2413	23.8867	23.9078
4.2350	3.0706	0.2369	24.0056	23.9836
4.2355	3.0704	0.2373	23.9622	24.0145
4.2360	3.0710	0.2308	23.9274	24.0433
4.2365	3.0715	0.2238	24.0417	24.0390
4.2370	3.0718	0.2225	24.1608	24.0025
4.2375	3.0722	0.2148	24.1191	23.9773
4.2380	3.0718	0.2163	24.0153	23.9573
4.2385	3.0712	0.2224	24.0953	23.9943
4.2390	3.0716	0.2236	24.2510	23.9789
4.2395	3.0718	0.2199	24.2506	23.9421
4.2400	3.0728	0.2069	24.1340	23.8828
4.2405	3.0737	0.2008	24.1898	23.8289
4.2410	3.0741	0.1918	24.3579	23.8004
4.2415	3.0738	0.1968	24.3915	23.8429
4.2420	3.0745	0.1901	24.2411	23.9479
4.2425	3.0744	0.1940	24.2230	24.0039
4.2430	3.0739	0.1967	24.3339	24.0100
4.2435	3.0728	0.2080	24.4229	24.0237
4.2440	3.0719	0.2175	24.0742	24.0236
4.2445	3.0718	0.2169	23.7075	23.9855
4.2450	3.0717	0.2236	23.8782	23.9336
4.2455	3.0712	0.2245	24.0092	23.8811
4.2460	3.0708	0.2304	23.9445	23.8930
4.2465	3.0707	0.2337	23.8600	23.9215
4.2470	3.0712	0.2237	24.0541	23.9441
4.2475	3.0722	0.2156	24.2463	23.9561
4.2480	3.0725	0.2139	24.2005	23.9929
4.2485	3.0719	0.2171	24.1131	23.9410
4.2490	3.0722	0.2189	24.2609	23.8949
4.2495	3.0725	0.2133	24.4294	23.9304
4.2500	3.0729	0.2108	24.3756	23.9772
4.2505	3.0723	0.2089	24.2663	23.9951
4.2510	3.0730	0.2071	24.4043	23.9768
4.2515	3.0722	0.2173	24.5896	23.9576
4.2520	3.0719	0.2203	24.5050	23.9251
4.2525	3.0712	0.2245	24.3395	23.8569
4.2530	3.0703	0.2319	24.4389	23.7985
4.2535	3.0702	0.2399	24.6331	23.7695
4.2540	3.0696	0.2426	24.5680	23.8155
4.2545	3.0694	0.2432	24.3772	23.8524
4.2550	3.0688	0.2559	24.4160	23.8794
4.2555	3.0687	0.2535	24.5954	23.8719
4.2560	3.0683	0.2539	24.5331	23.8311
4.2565	3.0675	0.2625	24.3080	23.8043
4.2570	3.0672	0.2663	24.2634	23.7985
4.2575	3.0672	0.2670	24.4074	23.8178
4.2580	3.0681	0.2605	24.3474	23.8284
4.2585	3.0682	0.2606	24.1064	23.8707
4.2590	3.0681	0.2564	23.9655	23.9529
4.2595	3.0682	0.2554	24.1310	24.0101
4.2600	3.0677	0.2628	24.0174	24.0265
4.2605	3.0676	0.2611	23.6022	24.0331
4.2610	3.0674	0.2636	23.5272	24.0049
4.2615	3.0674	0.2673	23.6405	23.9616
4.2620	3.0675	0.2638	23.6725	23.9340
4.2625	3.0677	0.2620	23.4088	23.9184
4.2630	3.0679	0.2540	22.9346	23.9335
4.2635	3.0695	0.2441	22.9525	23.9233
4.2640	3.0689	0.2498	23.2208	23.9711
4.2645	3.0695	0.2486	23.1125	24.0329
4.2650	3.0694	0.2408	23.0118	23.9769
4.2655	3.0706	0.2325	23.1325	23.9369
4.2660	3.0712	0.2265	23.3732	23.8614
4.2665	3.0705	0.2326	23.3471	23.8673
4.2670	3.0713	0.2330	23.2190	23.9282
4.2675	3.0713	0.2221	23.3193	23.9472
4.2680	3.0714	0.2201	23.5809	23.9389
4.2685	3.0719	0.2124	23.6043	23.9143
4.2690	3.0724	0.2163	23.4553	23.9112
4.2695	3.0727	0.2108	23.5045	23.9174
4.2700	3.0728	0.2081	23.7510	23.9283
4.2705	3.0725	0.2112	23.8136	23.9435
4.2710	3.0722	0.2110	23.6921	23.9938
4.2715	3.0719	0.2162	23.7108	24.0267
4.2720	3.0723	0.2137	23.9421	24.0442
4.2725	3.0728	0.2107	24.0568	24.0689
4.2730	3.0729	0.2063	23.9392	24.0705
4.2735	3.0725	0.2102	23.8986	24.0815
4.2740	3.0721	0.2175	24.0800	24.0270
4.2745	3.0722	0.2170	24.2004	23.9740
4.2750	3.0711	0.2204	24.1075	23.9338
4.2755	3.0706	0.2286	24.0326	23.9431
4.2760	3.0708	0.2284	24.1451	23.9947
4.2765	3.0707	0.2329	24.2802	24.0349
4.2770	3.0705	0.2356	24.2260	24.0545
4.2775	3.0700	0.2413	24.1450	24.0247
4.2780	3.0702	0.2366	24.2359	23.9531
4.2785	3.0695	0.2351	24.3968	23.8583
4.2790	3.0696	0.2457	24.3502	23.8322
4.2795	3.0685	0.2528	24.2393	23.8327
4.2800	3.0678	0.2567	24.2787	23.8694
4.2805	3.0674	0.2664	24.4327	23.9207
4.2810	3.0669	0.2657	24.2624	23.9431
4.2815	3.0674	0.2679	23.7026	23.8962
4.2820	3.0671	0.2707	23.7390	23.9380
4.2825	3.0680	0.2676	23.9489	23.9771
4.2830	3.0671	0.2658	23.9969	23.9928
4.2835	3.0669	0.2686	23.8938	23.9566
4.2840	3.0671	0.2715	23.9119	23.9231
4.2845	3.0674	0.2679	24.0909	23.8868
4.2850	3.0675	0.2656	24.2083	23.8741
4.2855	3.0682	0.2556	24.1414	23.8666
4.2860	3.0694	0.2468	24.1316	23.8767
4.2865	3.0703	0.2386	24.2873	23.8328
4.2870	3.0706	0.2272	24.4234	23.7946
4.2875	3.0719	0.2189	24.3719	23.7391
4.2880	3.0727	0.2172	24.2988	23.8155
4.2885	3.0731	0.2000	24.4284	23.8900
4.2890	3.0733	0.2047	24.5573	23.8893
4.2895	3.0732	0.2073	24.4720	23.8996
4.2900	3.0731	0.2064	24.3595	23.8572
4.2905	3.0727	0.2068	24.4667	23.8020
4.2910	3.0732	0.2106	24.6283	23.7503
4.2915	3.0731	0.2056	24.5687	23.7358
4.2920	3.0724	0.2095	24.4054	23.7471
4.2925	3.0720	0.2170	24.4284	23.7954
4.2930	3.0718	0.2150	24.5771	23.8280
4.2935	3.0721	0.2161	24.5684	23.8219
4.2940	3.0720	0.2154	24.3741	23.8537
4.2945	3.0722	0.2143	24.2747	23.8517
4.2950	3.0715	0.2186	24.3448	23.8861
4.2955	3.0712	0.2254	24.3558	23.9485
4.2960	3.0710	0.2280	24.1749	23.9327
4.2965	3.0707	0.2298	24.0242	23.9294
4.2970	3.0712	0.2319	24.0568	23.9328
4.2975	3.0707	0.2250	24.1055	23.9356
4.2980	3.0713	0.2284	23.9327	23.9361
4.2985	3.0704	0.2360	23.7251	23.8954
4.2990	3.0705	0.2343	23.5693	23.8346
4.2995	3.0707	0.2362	23.7258	23.7931
4.3000	3.0706	0.2383	23.6123	23.7600
4.3005	3.0701	0.2344	23.3665	23.7599
4.3010	3.0698	0.2410	23.3354	23.8511
4.3015	3.0696	0.2458	23.3176	23.9475
4.3020	3.0690	0.2487	23.1493	24.0272
4.3025	3.0690	0.2469	23.0323	24.0298
4.3030	3.0685	0.2570	23.0643	23.9933
4.3035	3.0683	0.2561	23.2793	23.9651
4.3040	3.0677	0.2628	23.3831	23.9348
4.3045	3.0675	0.2620	23.2853	23.9212
4.3050	3.0669	0.2660	23.2739	23.9149
4.3055	3.0672	0.2685	23.4656	23.9162
4.3060	3.0677	0.2639	23.5944	23.9198
4.3065	3.0676	0.2614	23.4938	23.9280
4.3070	3.0683	0.2608	23.4563	23.9266
4.3075	3.0687	0.2551	23.6510	23.9464
4.3080	3.0688	0.2490	23.8197	24.0057
4.3085	3.0690	0.2517	23.7424	24.0070
4.3090	3.0683	0.2587	23.6765	24.0146
4.3095	3.0682	0.2613	23.8562	24.0240
4.3100	3.0674	0.2667	24.0270	24.0112
4.3105	3.0670	0.2704	23.9633	23.9834
4.3110	3.0663	0.2763	23.8787	23.9316
4.3115	3.0678	0.2623	24.0315	23.8663
4.3120	3.0691	0.2494	24.2037	23.8307
4.3125	3.0705	0.2340	24.1030	23.8077
4.3130	3.0716	0.2251	23.9665	23.8169
4.3135	3.0728	0.2121	24.0892	23.7893
4.3140	3.0726	0.2056	24.2890	23.8043
4.3145	3.0728	0.2033	24.2291	23.8266
4.3150	3.0738	0.1974	24.0885	23.8692
4.3155	3.0741	0.1952	24.1793	23.9086
4.3160	3.0743	0.1965	24.3941	23.9377
4.3165	3.0735	0.2003	24.3400	23.9608
4.3170	3.0727	0.2003	24.1971	23.9433
4.3175	3.0731	0.2033	24.1008	23.9719
4.3180	3.0731	0.1999	23.6293	23.9426
4.3185	3.0733	0.2009	23.6674	23.8941
4.3190	3.0727	0.2053	23.5484	23.8427
4.3195	3.0729	0.2090	23.6185	23.8455
4.3200	3.0724	0.2071	23.8744	23.8503
4.3205	3.0730	0.2031	23.9863	23.8914
4.3210	3.0733	0.2067	23.8211	23.9169
4.3215	3.0731	0.2068	23.8072	23.9305
4.3220	3.0730	0.2105	24.0895	23.9453
4.3225	3.0724	0.2168	24.2473	23.9539
4.3230	3.0721	0.2172	24.0921	23.9530
4.3235	3.0711	0.2236	24.0178	23.9343
4.3240	3.0708	0.2302	24.2656	23.8962
4.3245	3.0699	0.2377	24.4535	23.8623
4.3250	3.0692	0.2447	24.3194	23.8737
4.3255	3.0687	0.2535	24.1808	23.8750
4.3260	3.0685	0.2543	24.3840	23.8925
4.3265	3.0679	0.2576	24.6145	23.9105
4.3270	3.0678	0.2593	24.4740	23.9241
4.3275	3.0675	0.2644	24.2690	23.9314
4.3280	3.0675	0.2667	24.4036	23.8960
4.3285	3.0674	0.2641	24.6434	23.9090
4.3290	3.0677	0.2601	24.5529	23.8995
4.3295	3.0686	0.2603	24.3096	23.9027
4.3300	3.0680	0.2551	24.3967	23.9735
4.3305	3.0690	0.2467	24.6385	24.0293
4.3310	3.0687	0.2473	24.5367	24.0482
4.3315	3.0696	0.2477	24.2207	24.0317
4.3320	3.0697	0.2470	24.2391	23.9695
4.3325	3.0694	0.2432	24.4566	24.0250
4.3330	3.0697	0.2428	24.3786	24.0412
4.3335	3.0693	0.2474	24.0262	24.0227
4.3340	3.0709	0.2315	23.9579	24.0148
4.3345	3.0718	0.2221	24.1325	23.9986
4.3350	3.0722	0.2096	24.1349	24.0042
4.3355	3.0734	0.1995	23.7719	24.0018
4.3360	3.0744	0.1974	23.6673	23.9934
4.3365	3.0740	0.1970	23.5916	23.9746
4.3370	3.0740	0.1940	23.4721	23.9782
4.3375	3.0738	0.1911	23.3337	23.9883
4.3380	3.0739	0.1971	23.1031	24.0109
4.3385	3.0733	0.1965	23.2985	24.0299
4.3390	3.0737	0.1968	23.3993	24.0275
4.3395	3.0743	0.1995	23.1214	24.1012
4.3400	3.0738	0.1935	22.9933	24.0637
4.3405	3.0741	0.1945	23.1317	23.9770
4.3410	3.0740	0.2007	23.3818	23.9188
4.3415	3.0742	0.1927	23.3645	23.9428
4.3420	3.0747	0.1894	23.2145	23.9757
4.3425	3.0743	0.1947	23.3207	24.0222
4.3430	3.0744	0.1899	23.5805	24.0706
4.3435	3.0752	0.1822	23.6372	24.0649
4.3440	3.0750	0.1847	23.4704	23.9572
4.3445	3.0738	0.1994	23.4972	23.9698
4.3450	3.0729	0.2065	23.7672	23.9860
4.3455	3.0743	0.2028	23.8716	24.0064
4.3460	3.0735	0.2010	23.7054	24.0095
4.3465	3.0727	0.2065	23.6813	24.0228
4.3470	3.0726	0.2122	23.9764	24.0430
4.3475	3.0721	0.2159	24.1445	24.0752
4.3480	3.0713	0.2218	23.9592	24.1149
4.3485	3.0707	0.2346	23.8410	24.1198
4.3490	3.0699	0.2402	24.1086	24.0834
4.3495	3.0696	0.2410	24.3237	24.0064
4.3500	3.0694	0.2410	24.1538	23.9252
4.3505	3.0695	0.2515	23.9683	23.8520
4.3510	3.0685	0.2570	24.1449	23.8040
4.3515	3.0672	0.2629	24.3642	23.7719
4.3520	3.0670	0.2688	24.2938	23.7614
4.3525	3.0664	0.2744	24.0991	23.7735
4.3530	3.0657	0.2782	24.2324	23.7712
4.3535	3.0674	0.2667	24.4606	23.7823
4.3540	3.0679	0.2585	24.4438	23.7993
4.3545	3.0688	0.2469	24.0446	23.9116
4.3550	3.0702	0.2385	24.0518	23.9448
4.3555	3.0700	0.2349	24.3096	23.9181
4.3560	3.0700	0.2339	24.3265	23.8829
4.3565	3.0699	0.2360	24.0944	23.8404
4.3570	3.0699	0.2360	24.0226	23.8455
4.3575	3.0707	0.2309	24.2459	23.8561
4.3580	3.0712	0.2248	24.2022	23.8931
4.3585	3.0724	0.2120	23.7781	23.9546
4.3590	3.0732	0.2036	23.7620	24.0082
4.3595	3.0732	0.2041	24.1103	24.0492
4.3600	3.0730	0.2052	24.2260	24.0734
4.3605	3.0731	0.2047	24.0232	24.0597
4.3610	3.0733	0.2017	23.9857	24.0266
4.3615	3.0744	0.1979	24.3190	23.9457
4.3620	3.0737	0.2000	24.4730	23.8635
4.3625	3.0727	0.2094	24.2465	23.8205
4.3630	3.0729	0.2074	24.1222	23.8311
4.3635	3.0735	0.2029	24.4060	23.8561
4.3640	3.0731	0.2023	24.6087	23.8966
4.3645	3.0730	0.2054	24.3955	23.8664
4.3650	3.0729	0.2025	24.2041	23.8456
4.3655	3.0740	0.1991	24.4239	23.7698
4.3660	3.0731	0.2010	24.6650	23.7564
4.3665	3.0739	0.1995	24.4984	23.7339
4.3670	3.0739	0.1995	24.2415	23.7650
4.3675	3.0732	0.2012	24.3667	23.9205
4.3680	3.0730	0.2013	24.6248	24.0063
4.3685	3.0732	0.2053	24.5031	24.0693
4.3690	3.0726	0.2086	24.1911	24.0688
4.3695	3.0727	0.2082	24.2060	24.0896
4.3700	3.0723	0.2127	24.4329	24.0754
4.3705	3.0719	0.2160	24.3432	24.0829
4.3710	3.0715	0.2166	23.9833	24.0384
4.3715	3.0716	0.2208	23.9311	24.0255
4.3720	3.0712	0.2275	24.1593	24.0520
4.3725	3.0705	0.2325	24.0960	24.0657
4.3730	3.0703	0.2399	23.7427	24.0463
4.3735	3.0696	0.2424	23.6577	24.0173
4.3740	3.0695	0.2461	23.7662	24.0186
4.3745	3.0679	0.2511	23.1833	23.9905
4.3750	3.0677	0.2604	22.9068	23.9861
4.3755	3.0673	0.2712	22.8697	23.9818
4.3760	3.0674	0.2660	23.0308	23.9654
4.3765	3.0678	0.2650	23.1982	23.8929
4.3770	3.0685	0.2590	23.0778	23.8369
4.3775	3.0688	0.2549	23.0186	23.8027
4.3780	3.0690	0.2511	23.1632	23.7722
4.3785	3.0687	0.2532	23.3596	23.7528
4.3790	3.0685	0.2506	23.3245	23.7690
4.3795	3.0689	0.2548	23.2334	23.7999
4.3800	3.0689	0.2488	23.3499	23.8687
4.3805	3.0693	0.2413	23.5711	23.8980
4.3810	3.0706	0.2334	23.6029	23.9530
4.3815	3.0706	0.2297	23.4768	23.9480
4.3820	3.0707	0.2343	23.5170	23.9363
4.3825	3.0711	0.2256	23.7677	23.9302
4.3830	3.0703	0.2364	23.8451	23.9443
4.3835	3.0707	0.2308	23.6951	23.9493
4.3840	3.0716	0.2249	23.7078	23.9442
4.3845	3.0713	0.2204	23.9743	23.9612
4.3850	3.0721	0.2176	24.0809	23.9867
4.3855	3.0720	0.2169	23.9365	23.9771
4.3860	3.0713	0.2232	23.9224	23.9725
4.3865	3.0713	0.2222	24.1480	23.9339
4.3870	3.0712	0.2257	24.2499	23.8832
4.3875	3.0712	0.2260	24.1109	23.8186
4.3880	3.0706	0.2331	24.0247	23.7801
4.3885	3.0713	0.2238	24.2104	23.7521
4.3890	3.0720	0.2193	24.3671	23.7530
4.3895	3.0719	0.2208	24.2418	23.7846
4.3900	3.0718	0.2195	24.0993	23.8364
4.3905	3.0715	0.2228	24.3031	23.8785
4.3910	3.0716	0.2223	24.4958	23.8817
4.3915	3.0718	0.2163	24.3997	23.8649
4.3920	3.0721	0.2200	24.1305	23.8464
4.3925	3.0714	0.2169	24.1356	23.8556
4.3930	3.0716	0.2262	24.4253	23.9224
4.3935	3.0707	0.2275	24.2562	23.9405
4.3940	3.0700	0.2350	24.0715	23.9267
4.3945	3.0700	0.2322	24.1519	23.8889
4.3950	3.0699	0.2351	24.4165	23.9056
4.3955	3.0700	0.2343	24.2475	24.0218
4.3960	3.0704	0.2375	23.8992	24.0568
4.3965	3.0695	0.2439	23.8230	24.0648
4.3970	3.0694	0.2524	24.1645	24.0520
4.3975	3.0699	0.2389	24.2259	24.0352
4.3980	3.0700	0.2399	23.9696	24.0120
4.3985	3.0700	0.2368	24.0158	23.9682
4.3990	3.0689	0.2476	24.3921	23.9263
4.3995	3.0686	0.2551	24.4902	23.8808
4.4000	3.0677	0.2637	24.1888	23.8542
4.4005	3.0669	0.2750	24.1170	23.8653
4.4010	3.0670	0.2685	24.4634	23.9107
4.4015	3.0671	0.2640	24.6488	23.9495
4.4020	3.0679	0.2612	24.3890	24.0336
4.4025	3.0686	0.2547	24.1875	24.0478
4.4030	3.0692	0.2487	24.4446	24.0057
4.4035	3.0687	0.2466	24.7107	23.9178
4.4040	3.0683	0.2554	24.4888	23.8661
4.4045	3.0684	0.2541	24.2040	23.8333
4.4050	3.0690	0.2484	24.3898	23.8861
4.4055	3.0694	0.2429	24.6759	23.9717
4.4060	3.0705	0.2375	24.4991	23.9946
4.4065	3.0707	0.2305	24.1451	23.9999
4.4070	3.0716	0.2218	24.2196	24.0163
4.4075	3.0733	0.2161	24.4857	24.0358
4.4080	3.0732	0.2068	24.3578	24.0348
4.4085	3.0733	0.2009	23.9794	24.0151
4.4090	3.0736	0.2030	23.9438	23.9627
4.4095	3.0730	0.2020	24.1938	23.9260
4.4100	3.0730	0.2072	24.1259	23.9259
4.4105	3.0726	0.2064	23.7261	23.9815
4.4110	3.0729	0.2095	23.6276	23.9888
4.4115	3.0726	0.2129	23.8275	23.9664
4.4120	3.0725	0.2130	23.2525	23.9330
4.4125	3.0717	0.2198	22.8543	23.8871
4.4130	3.0728	0.2113	22.7886	23.8785
4.4135	3.0724	0.2121	23.0965	23.9078
4.4140	3.0720	0.2132	23.3269	23.9458
4.4145	3.0720	0.2174	23.0771	24.0018
4.4150	3.0720	0.2160	22.8869	23.9841
4.4155	3.0719	0.2169	23.1669	23.9473
4.4160	3.0721	0.2151	23.4507	23.8694
4.4165	3.0718	0.2133	23.3207	23.8241
4.4170	3.0722	0.2181	23.1115	23.7836
4.4175	3.0717	0.2177	23.3145	23.7542
4.4180	3.0715	0.2228	23.6597	23.7611
4.4185	3.0712	0.2260	23.5965	23.7614
4.4190	3.0708	0.2289	23.3513	23.7712
4.4195	3.0707	0.2308	23.5063	23.8568
4.4200	3.0702	0.2398	23.8744	23.9514
4.4205	3.0692	0.2493	23.8498	23.9564
4.4210	3.0684	0.2551	23.5640	23.9488
4.4215	3.0686	0.2558	23.6646	23.9141
4.4220	3.0682	0.2589	24.0700	23.8704
4.4225	3.0677	0.2638	24.1182	23.8444
4.4230	3.0667	0.2680	23.8205	23.8465
4.4235	3.0659	0.2797	23.8260	23.8303
4.4240	3.0664	0.2766	24.2125	23.8128
4.4245	3.0665	0.2779	24.3352	23.7951
4.4250	3.0670	0.2707	24.0331	23.7910
4.4255	3.0671	0.2714	23.9170	23.8384
4.4260	3.0671	0.2717	24.2441	23.9032
4.4265	3.0666	0.2714	24.4371	23.9811
4.4270	3.0668	0.2718	24.1892	24.0269
4.4275	3.0672	0.2756	24.0047	23.9822
4.4280	3.0673	0.2637	24.3008	23.9085
4.4285	3.0685	0.2587	24.5602	23.8141
4.4290	3.0677	0.2657	24.3606	23.7492
4.4295	3.0681	0.2584	24.0867	23.7220
4.4300	3.0694	0.2442	24.3029	23.7004
4.4305	3.0695	0.2464	24.5136	23.7056
4.4310	3.0698	0.2416	24.2853	23.7895
4.4315	3.0708	0.2292	24.0427	23.7921
4.4320	3.0723	0.2226	24.0738	23.8177
4.4325	3.0724	0.2113	24.3866	23.8557
4.4330	3.0731	0.2074	24.3156	23.9624
4.4335	3.0723	0.2110	23.9660	24.0377
4.4340	3.0712	0.2264	23.8976	24.0410
4.4345	3.0709	0.2301	24.1353	24.0380
4.4350	3.0702	0.2337	24.1926	24.0479
4.4355	3.0699	0.2371	23.9877	24.0835
4.4360	3.0706	0.2335	23.9455	24.0473
4.4365	3.0698	0.2355	24.2741	23.9640
4.4370	3.0696	0.2412	24.4592	23.8971
4.4375	3.0697	0.2423	24.2289	23.8734
4.4380	3.0702	0.2426	24.0635	23.8993
4.4385	3.0701	0.2434	24.3584	23.9222
4.4390	3.0694	0.2445	24.6226	24.0051
4.4395	3.0693	0.2475	24.4127	24.0880
4.4400	3.0693	0.2476	24.1571	24.0768
4.4405	3.0694	0.2474	24.3663	24.0137
4.4410	3.0692	0.2512	24.6668	23.9523
4.4415	3.0691	0.2478	24.5057	23.8880
4.4420	3.0695	0.2476	24.2023	23.8389
4.4425	3.0693	0.2464	24.3297	23.7955
4.4430	3.0686	0.2483	24.6352	23.7766
4.4435	3.0694	0.2434	24.5252	23.7841
4.4440	3.0687	0.2488	24.1583	23.8756
4.4445	3.0686	0.2554	24.1627	23.9426
4.4450	3.0690	0.2531	24.4330	23.9515
4.4455	3.0685	0.2508	24.3798	23.9763
4.4460	3.0686	0.2576	23.9969	23.9663
4.4465	3.0684	0.2573	23.8984	23.9547
4.4470	3.0677	0.2598	24.1458	23.9404
4.4475	3.0673	0.2682	24.1437	23.9656
4.4480	3.0672	0.2714	23.7581	24.0063
4.4485	3.0659	0.2806	23.5502	24.0064
4.4490	3.0658	0.2836	23.0393	23.9846
4.4495	3.0675	0.2707	23.0562	23.9655
4.4500	3.0684	0.2593	22.9167	23.9211
4.4505	3.0692	0.2484	22.7740	23.9176
4.4510	3.0706	0.2346	23.0218	23.9068
4.4515	3.0706	0.2299	23.2113	23.8944
4.4520	3.0706	0.2327	23.0705	23.9148
4.4525	3.0709	0.2292	22.9055	23.8621
4.4530	3.0710	0.2301	23.0867	23.8093
4.4535	3.0710	0.2254	23.3786	23.7745
4.4540	3.0717	0.2260	23.3156	23.7639
4.4545	3.0712	0.2254	23.1170	23.7780
4.4550	3.0714	0.2288	23.2483	23.7975
4.4555	3.0719	0.2144	23.5744	23.8266
4.4560	3.0717	0.2186	23.6009	23.8478
4.4565	3.0721	0.2145	23.3639	23.9062
4.4570	3.0729	0.2083	23.4101	23.9481
4.4575	3.0723	0.2187	23.7400	23.9097
4.4580	3.0711	0.2251	23.8386	23.9176
4.4585	3.0709	0.2316	23.6270	23.9489
4.4590	3.0699	0.2384	23.5901	23.9923
4.4595	3.0698	0.2361	23.9003	24.0310
4.4600	3.0701	0.2407	24.0820	24.0802
4.4605	3.0691	0.2515	23.9127	24.1111
4.4610	3.0690	0.2511	23.8020	24.1248
4.4615	3.0694	0.2518	24.0506	24.1092
4.4620	3.0693	0.2472	24.2700	24.0462
4.4625	3.0694	0.2449	24.1026	23.9635
4.4630	3.0700	0.2397	23.9078	23.9415
4.4635	3.0703	0.2370	24.0979	23.9014
4.4640	3.0707	0.2302	24.3727	23.9298
4.4645	3.0716	0.2231	24.2715	24.0165
4.4650	3.0720	0.2154	24.0208	24.0151
4.4655	3.0720	0.2145	24.1148	23.9827
4.4660	3.0713	0.2192	24.4448	23.9386
4.4665	3.0717	0.2195	24.4330	23.9264
4.4670	3.0715	0.2226	24.1609	23.9379
4.4675	3.0702	0.2351	24.1581	23.9366
4.4680	3.0697	0.2424	24.4673	23.9463
4.4685	3.0692	0.2488	24.4628	24.0032
4.4690	3.0686	0.2516	24.1979	24.0598
4.4695	3.0679	0.2537	23.9639	24.0535
4.4700	3.0676	0.2622	24.0844	24.0787
4.4705	3.0682	0.2577	24.2493	24.0911
4.4710	3.0679	0.2614	23.9747	24.0933
4.4715	3.0674	0.2708	23.8428	24.1065
4.4720	3.0681	0.2617	24.0753	24.0820
4.4725	3.0684	0.2536	24.2463	24.0452
4.4730	3.0697	0.2413	24.0520	24.0571
4.4735	3.0707	0.2267	23.9337	24.1217
4.4740	3.0717	0.2161	24.2009	24.1017
4.4745	3.0721	0.2135	24.4718	24.0298
4.4750	3.0732	0.2074	24.3095	23.9642
4.4755	3.0730	0.2126	24.0917	23.9222
4.4760	3.0729	0.2139	24.2868	23.9273
4.4765	3.0730	0.2045	24.5979	23.9585
4.4770	3.0730	0.2065	24.5192	23.9793
4.4775	3.0724	0.2157	24.2443	23.9681
4.4780	3.0714	0.2202	24.3305	23.9632
4.4785	3.0707	0.2295	24.6480	23.9460
4.4790	3.0713	0.2258	24.6162	23.9282
4.4795	3.0718	0.2211	24.3126	23.8846
4.4800	3.0724	0.2092	24.3155	23.9000
4.4805	3.0720	0.2157	24.6123	23.9804
4.4810	3.0720	0.2116	24.6400	23.9751
4.4815	3.0729	0.2107	24.2929	23.9699
4.4820	3.0721	0.2130	24.1828	23.9433
4.4825	3.0727	0.2088	24.4233	23.9191
4.4830	3.0734	0.2045	24.4892	23.9277
4.4835	3.0730	0.2075	24.1314	23.8909
4.4840	3.0736	0.2033	23.9546	23.9326
4.4845	3.0727	0.2055	24.1299	23.9321
4.4850	3.0720	0.2170	24.2535	23.9529
4.4855	3.0723	0.2133	23.8395	23.9348
4.4860	3.0722	0.2175	23.3982	23.9784
4.4865	3.0710	0.2272	23.6269	24.0170
4.4870	3.0703	0.2368	23.8072	23.9263
4.4875	3.0710	0.2246	23.3665	23.8624
4.4880	3.0709	0.2260	22.8375	23.7968
4.4885	3.0711	0.2299	22.8930	23.7876
4.4890	3.0716	0.2179	23.1914	23.8144
4.4895	3.0720	0.2191	23.1152	23.8228
4.4900	3.0722	0.2172	22.8848	23.8115
4.4905	3.0726	0.2127	23.0424	23.7875
4.4910	3.0724	0.2108	23.3412	23.7651
4.4915	3.0715	0.2206	23.3327	23.7951
4.4920	3.0711	0.2243	23.1042	23.7983
4.4925	3.0703	0.2400	23.1892	23.8373
4.4930	3.0700	0.2386	23.5199	24.0068
4.4935	3.0703	0.2431	23.5876	24.0162
4.4940	3.0689	0.2472	23.3627	23.9668
4.4945	3.0683	0.2540	23.3559	23.9263
4.4950	3.0676	0.2629	23.6736	23.8788
4.4955	3.0672	0.2701	23.8101	23.8318
4.4960	3.0673	0.2691	23.6110	23.8325
4.4965	3.0669	0.2725	23.5410	23.8874
4.4970	3.0682	0.2634	23.8355	23.9105
4.4975	3.0688	0.2472	24.0495	23.9309
4.4980	3.0699	0.2406	23.8780	23.9806
4.4985	3.0694	0.2438	23.7429	23.9992
4.4990	3.0705	0.2313	23.9881	24.0141
4.4995	3.0710	0.2319	24.2297	24.0162
4.5000	3.0710	0.2260	24.0730	23.9849
4.5005	3.0714	0.2210	23.8773	23.9697
4.5010	3.0724	0.2162	24.0485	23.9707
4.5015	3.0707	0.2291	24.3173	24.0095
4.5020	3.0714	0.2269	24.2159	24.0178
4.5025	3.0710	0.2270	23.9946	23.9678
4.5030	3.0722	0.2245	24.1149	23.9147
4.5035	3.0726	0.2091	24.4248	23.8410
4.5040	3.0733	0.2065	24.3830	23.7915
4.5045	3.0732	0.2046	24.1308	23.7827
4.5050	3.0736	0.2012	24.1756	23.8944
4.5055	3.0732	0.2047	24.4750	23.9831
4.5060	3.0731	0.2105	24.4376	24.0039
4.5065	3.0724	0.2133	24.1625	24.0254
4.5070	3.0712	0.2261	24.0148	24.0359
4.5075	3.0722	0.2124	23.9554	24.0042
4.5080	3.0723	0.2178	24.0053	23.9414
4.5085	3.0728	0.2124	23.7748	23.8741
4.5090	3.0727	0.2147	23.7588	23.8379
4.5095	3.0710	0.2264	24.0496	23.8912
4.5100	3.0718	0.2169	24.2325	23.9410
4.5105	3.0724	0.2109	24.0527	23.9441
4.5110	3.0719	0.2197	23.9634	23.9978
4.5115	3.0715	0.2243	24.2462	24.0108
4.5120	3.0719	0.2158	24.4844	23.9718
4.5125	3.0722	0.2175	24.3192	23.9815
4.5130	3.0722	0.2124	24.1374	23.9853
4.5135	3.0718	0.2158	24.3332	23.9861
4.5140	3.0714	0.2192	24.6240	23.9570
4.5145	3.0724	0.2239	24.5191	23.9384
4.5150	3.0719	0.2225	24.2654	23.9257
4.5155	3.0706	0.2280	24.3811	23.8653
4.5160	3.0700	0.2352	24.6638	23.8169
4.5165	3.0699	0.2425	24.6125	23.7927
4.5170	3.0696	0.2410	24.3392	23.8100
4.5175	3.0691	0.2473	24.3616	23.8841
4.5180	3.0687	0.2536	24.6314	23.8967
4.5185	3.0685	0.2555	24.6356	23.8791
4.5190	3.0686	0.2528	24.3307	23.8257
4.5195	3.0676	0.2598	24.2512	23.7863
4.5200	3.0674	0.2599	24.4693	23.7801
4.5205	3.0677	0.2635	24.4970	23.8176
4.5210	3.0678	0.2596	24.1769	23.8382
4.5215	3.0682	0.2565	24.0049	23.8732
4.5220	3.0684	0.2527	24.1780	23.9360
4.5225	3.0682	0.2545	24.2753	24.0284
4.5230	3.0679	0.2605	23.9189	24.0482
4.5235	3.0675	0.2617	23.4661	24.0434
4.5240	3.0668	0.2674	23.6734	24.0103
4.5245	3.0676	0.2685	23.8545	23.9642
4.5250	3.0677	0.2634	23.5780	23.9276
4.5255	3.0674	0.2688	23.2670	23.9117
4.5260	3.0682	0.2602	23.0560	23.9252
4.5265	3.0692	0.2435	23.1215	23.9487
4.5270	3.0694	0.2482	23.1177	23.9805
4.5275	3.0689	0.2511	22.8998	24.0621
4.5280	3.0701	0.2393	23.0754	24.0286
4.5285	3.0710	0.2290	23.3511	23.9653
4.5290	3.0715	0.2216	23.3286	23.9011
4.5295	3.0712	0.2245	23.0993	23.8576
4.5300	3.0720	0.2189	23.2047	23.9131
4.5305	3.0723	0.2156	23.5414	23.9239
4.5310	3.0719	0.2163	23.6199	23.9267
4.5315	3.0718	0.2208	23.3981	23.9271
4.5320	3.0721	0.2108	23.3753	23.9364
4.5325	3.0720	0.2107	23.6659	23.9501
4.5330	3.0727	0.2145	23.8325	23.9561
4.5335	3.0721	0.2196	23.6543	23.9702
4.5340	3.0714	0.2232	23.5746	24.0007
4.5345	3.0716	0.2191	23.8416	24.0362
4.5350	3.0722	0.2177	24.0540	24.0360
4.5355	3.0718	0.2189	23.8905	24.0526
4.5360	3.0722	0.2106	23.7620	24.0755
4.5365	3.0723	0.2181	24.0107	24.0901
4.5370	3.0717	0.2244	24.2629	24.0645
4.5375	3.0722	0.2222	24.1071	24.0177
4.5380	3.0714	0.2205	23.8837	23.9852
4.5385	3.0713	0.2252	24.0641	23.9790
4.5390	3.0712	0.2296	24.3555	24.0197
4.5395	3.0709	0.2301	24.2516	24.0504
4.5400	3.0703	0.2336	24.0002	24.0684
4.5405	3.0703	0.2368	24.1240	24.0485
4.5410	3.0705	0.2379	24.4475	23.9806
4.5415	3.0699	0.2332	24.4065	23.9079
4.5420	3.0699	0.2430	24.1424	23.8448
4.5425	3.0690	0.2426	24.1896	23.8489
4.5430	3.0685	0.2570	24.4975	23.8697
4.5435	3.0679	0.2590	24.4751	23.9278
4.5440	3.0672	0.2632	24.1356	23.9338
4.5445	3.0679	0.2614	23.6738	23.8908
4.5450	3.0671	0.2679	23.9030	23.9384
4.5455	3.0678	0.2673	24.0314	23.9820
4.5460	3.0668	0.2678	23.7653	24.0182
4.5465	3.0669	0.2761	23.7708	24.0011
4.5470	3.0668	0.2738	24.0948	23.9591
4.5475	3.0674	0.2664	24.2407	23.9319
4.5480	3.0677	0.2658	24.0192	23.9180
4.5485	3.0682	0.2577	23.9628	23.9001
4.5490	3.0693	0.2467	24.2902	23.8752
4.5495	3.0700	0.2398	24.4930	23.8405
4.5500	3.0708	0.2324	24.2712	23.8283
4.5505	3.0719	0.2180	24.1219	23.8050
4.5510	3.0729	0.2081	24.3981	23.8504
4.5515	3.0737	0.1994	24.6642	23.9199
4.5520	3.0740	0.1936	24.4836	23.9288
4.5525	3.0735	0.2015	24.2312	23.9213
4.5530	3.0734	0.2020	24.4266	23.8929
4.5535	3.0734	0.2056	24.7309	23.8309
4.5540	3.0728	0.2058	24.5954	23.7703
4.5545	3.0733	0.2051	24.2942	23.7396
4.5550	3.0727	0.2102	24.3768	23.7593
4.5555	3.0728	0.2112	24.7083	23.7999
4.5560	3.0724	0.2118	24.6603	23.8381
4.5565	3.0723	0.2188	24.3096	23.8270
4.5570	3.0726	0.2077	24.2500	23.8515
4.5575	3.0725	0.2107	24.5397	23.8772
4.5580	3.0718	0.2193	24.5424	23.8732
4.5585	3.0720	0.2223	24.1475	23.9560
4.5590	3.0715	0.2219	23.9934	23.9464
4.5595	3.0712	0.2198	24.2706	23.9344
4.5600	3.0715	0.2235	24.3066	23.9353
4.5605	3.0715	0.2278	23.9241	23.9259
4.5610	3.0716	0.2236	23.6732	23.9432
4.5615	3.0707	0.2272	23.9402	23.9174
4.5620	3.0701	0.2344	23.9152	23.8739
4.5625	3.0704	0.2302	23.5914	23.8384
4.5630	3.0704	0.2290	23.3545	23.8102
4.5635	3.0704	0.2340	23.4900	23.8046
4.5640	3.0699	0.2385	23.6734	23.8642
4.5645	3.0691	0.2465	23.2874	23.9432
4.5650	3.0691	0.2496	22.8350	24.0049
4.5655	3.0688	0.2464	23.0529	24.0183
4.5660	3.0692	0.2455	23.4085	23.9995
4.5665	3.0690	0.2537	23.2903	23.9618
4.5670	3.0682	0.2524	23.0462	23.9415
4.5675	3.0681	0.2585	23.2254	23.9348
4.5680	3.0676	0.2664	23.6000	23.9430
4.5685	3.0679	0.2635	23.5513	23.9472
4.5690	3.0677	0.2618	23.2779	23.9503
4.5695	3.0685	0.2626	23.3802	23.9429
4.5700	3.0685	0.2546	23.7591	23.9431
4.5705	3.0692	0.2499	23.7949	23.9324
4.5710	3.0693	0.2458	23.5269	23.9785
4.5715	3.0691	0.2490	23.5614	24.0027
4.5720	3.0690	0.2576	23.9323	24.0012
4.5725	3.0680	0.2585	24.0457	24.0375
4.5730	3.0678	0.2652	23.7895	24.0464
4.5735	3.0674	0.2682	23.7456	24.0171
4.5740	3.0661	0.2780	24.0868	23.9759
4.5745	3.0672	0.2730	24.2593	23.9027
4.5750	3.0685	0.2564	24.0180	23.8510
4.5755	3.0698	0.2457	23.8656	23.8018
4.5760	3.0702	0.2332	24.1098	23.7961
4.5765	3.0716	0.2172	24.3638	23.7786
4.5770	3.0722	0.2173	24.1799	23.7796
4.5775	3.0730	0.2097	23.9656	23.7967
4.5780	3.0733	0.2056	24.1707	23.8567
4.5785	3.0739	0.1965	24.4780	23.9138
4.5790	3.0745	0.1975	24.3397	23.9505
4.5795	3.0738	0.1983	24.0876	23.9742
4.5800	3.0738	0.2002	24.1940	23.9431
4.5805	3.0734	0.2011	24.5209	23.9717
4.5810	3.0735	0.1993	23.7739	23.9411
4.5815	3.0735	0.2041	23.3318	23.8829
4.5820	3.0732	0.2037	23.4896	23.8311
4.5825	3.0727	0.2110	23.8606	23.8282
4.5830	3.0729	0.2101	23.9856	23.8327
4.5835	3.0726	0.2065	23.7216	23.8787
4.5840	3.0732	0.2127	23.7160	23.9130
4.5845	3.0723	0.2111	24.0645	23.9306
4.5850	3.0730	0.2115	24.2536	23.9503
4.5855	3.0721	0.2133	24.0155	23.9489
4.5860	3.0719	0.2195	23.9273	23.9398
4.5865	3.0712	0.2251	24.2202	23.9236
4.5870	3.0703	0.2360	24.4601	23.8921
4.5875	3.0696	0.2428	24.2812	23.8439
4.5880	3.0693	0.2461	24.1325	23.8476
4.5885	3.0686	0.2519	24.3568	23.8641
4.5890	3.0680	0.2588	24.6145	23.8717
4.5895	3.0680	0.2638	24.4930	23.9071
4.5900	3.0674	0.2669	24.2633	23.9235
4.5905	3.0675	0.2700	24.3759	23.9303
4.5910	3.0668	0.2658	24.6561	23.8939
4.5915	3.0671	0.2699	24.6124	23.8955
4.5920	3.0679	0.2632	24.3558	23.8955
4.5925	3.0684	0.2555	24.3661	23.8838
4.5930	3.0689	0.2494	24.6369	23.9373
4.5935	3.0692	0.2496	24.6440	23.9992
4.5940	3.0694	0.2430	24.3430	24.0185
4.5945	3.0694	0.2472	24.2389	24.0194
4.5950	3.0702	0.2445	24.4599	23.9444
4.5955	3.0699	0.2406	24.4802	23.9837
4.5960	3.0710	0.2284	24.1961	24.0267
4.5965	3.0706	0.2301	24.0282	24.0127
4.5970	3.0714	0.2261	24.2150	23.9951
4.5975	3.0724	0.2145	24.2600	23.9791
4.5980	3.0731	0.2081	23.9678	23.9827
4.5985	3.0743	0.1954	23.7002	23.9865
4.5990	3.0741	0.1943	23.8849	23.9804
4.5995	3.0738	0.2008	23.8185	23.9617
4.6000	3.0733	0.2039	23.3271	23.9715
4.6005	3.0733	0.1986	23.1903	23.9803
4.6010	3.0736	0.2002	23.2669	23.9926
4.6015	3.0734	0.2034	23.4797	24.0230
4.6020	3.0733	0.2078	23.3359	23.9969
4.6025	3.0732	0.2024	22.9604	24.0574
4.6030	3.0733	0.2027	23.0693	24.0406
4.6035	3.0739	0.1989	23.3451	23.9624
4.6040	3.0736	0.1975	23.3300	23.8978
4.6045	3.0738	0.2006	23.1668	23.9084
4.6050	3.0742	0.1947	23.2501	23.9599
4.6055	3.0745	0.1873	23.5429	24.0005
4.6060	3.0748	0.1809	23.5975	24.0499
4.6065	3.0758	0.1696	23.4073	24.0443
4.6070	3.0754	0.1770	23.4402	23.9446
4.6075	3.0740	0.1940	23.7430	23.9313
4.6080	3.0734	0.2006	23.8454	23.9575
4.6085	3.0739	0.1958	23.6354	23.9770
4.6090	3.0738	0.1937	23.6067	23.9906
4.6095	3.0737	0.2018	23.9237	23.9964
4.6100	3.0733	0.2066	24.1021	24.0223
4.6105	3.0721	0.2105	23.9094	24.0518
4.6110	3.0717	0.2266	23.8246	24.1025
4.6115	3.0708	0.2277	24.0851	24.1057
4.6120	3.0699	0.2390	24.2730	24.0632
4.6125	3.0696	0.2469	24.1030	24.0071
4.6130	3.0688	0.2474	23.9819	23.9161
4.6135	3.0687	0.2541	24.1623	23.8491
4.6140	3.0683	0.2615	24.3544	23.8110
4.6145	3.0675	0.2638	24.2350	23.8094
4.6150	3.0672	0.2735	24.1038	23.7665
4.6155	3.0658	0.2773	24.2263	23.7506
4.6160	3.0655	0.2859	24.4429	23.7586
4.6165	3.0659	0.2806	24.3704	23.7692
4.6170	3.0676	0.2614	24.2404	23.7562
4.6175	3.0684	0.2593	24.1538	23.8590
4.6180	3.0688	0.2554	24.2960	23.9343
4.6185	3.0689	0.2505	24.3237	23.9168
4.6190	3.0694	0.2360	24.0873	23.8970
4.6195	3.0696	0.2396	24.0795	23.8465
4.6200	3.0686	0.2422	24.2549	23.8394
4.6205	3.0695	0.2372	24.2909	23.8439
4.6210	3.0713	0.2242	24.0334	23.8708
4.6215	3.0720	0.2160	23.7682	23.9301
4.6220	3.0734	0.2040	23.9667	23.9727
4.6225	3.0737	0.2058	24.1723	24.0203
4.6230	3.0734	0.2042	24.0030	24.0642
4.6235	3.0726	0.2059	23.9400	24.0650
4.6240	3.0734	0.2003	24.1856	24.0419
4.6245	3.0737	0.1951	24.4304	23.9831
4.6250	3.0741	0.1982	24.2902	23.8955
4.6255	3.0731	0.2052	24.1227	23.8432
4.6260	3.0722	0.2138	24.2859	23.8303
4.6265	3.0733	0.2065	24.5401	23.8491
4.6270	3.0729	0.2085	24.4562	23.8778
4.6275	3.0729	0.2072	24.2500	23.8760
4.6280	3.0737	0.2022	24.3413	23.8414
4.6285	3.0737	0.1985	24.5932	23.7824
4.6290	3.0740	0.1953	24.5583	23.7382
4.6295	3.0744	0.1968	24.3232	23.7426
4.6300	3.0738	0.1943	24.3353	23.7469
4.6305	3.0737	0.1947	24.5616	23.9001
4.6310	3.0734	0.1996	24.5743	24.0046
4.6315	3.0739	0.1992	24.3162	24.0750
4.6320	3.0732	0.2054	24.2279	24.0788
4.6325	3.0724	0.2109	24.4171	24.0873
4.6330	3.0725	0.2131	24.4574	24.0928
4.6335	3.0722	0.2094	24.1521	24.0768
4.6340	3.0720	0.2113	23.9799	24.0442
4.6345	3.0715	0.2186	24.1284	24.0223
4.6350	3.0713	0.2239	24.2292	24.0598
4.6355	3.0708	0.2312	23.9538	24.0840
4.6360	3.0698	0.2408	23.6983	24.0817
4.6365	3.0692	0.2529	23.7897	24.0463
4.6370	3.0689	0.2462	23.9197	24.0518
4.6375	3.0683	0.2552	23.1577	24.0189
4.6380	3.0681	0.2604	22.7738	23.9880
4.6385	3.0672	0.2664	22.9740	23.9746
4.6390	3.0677	0.2629	23.1432	23.9653
4.6395	3.0680	0.2617	23.1282	23.8952
4.6400	3.0680	0.2573	22.9222	23.8443
4.6405	3.0689	0.2531	23.0595	23.8253
4.6410	3.0686	0.2517	23.3015	23.8170
4.6415	3.0690	0.2482	23.3256	23.7921
4.6420	3.0690	0.2443	23.1579	23.8025
4.6425	3.0695	0.2475	23.2234	23.8208
4.6430	3.0697	0.2476	23.4926	23.8612
4.6435	3.0699	0.2378	23.5604	23.8852
4.6440	3.0710	0.2301	23.4147	23.9322
4.6445	3.0710	0.2247	23.4499	23.9439
4.6450	3.0714	0.2263	23.6882	23.9398
4.6455	3.0714	0.2230	23.7925	23.9469
4.6460	3.0716	0.2223	23.6461	23.9682
4.6465	3.0726	0.2125	23.6134	23.9783
4.6470	3.0726	0.2108	23.8590	23.9612
4.6475	3.0725	0.2087	24.0284	23.9877
4.6480	3.0727	0.2082	23.9212	24.0239
4.6485	3.0737	0.2042	23.8576	24.0195
4.6490	3.0730	0.2039	24.0427	24.0061
4.6495	3.0726	0.2113	24.2101	23.9633
4.6500	3.0724	0.2149	24.1187	23.9014
4.6505	3.0720	0.2129	24.0020	23.8431
4.6510	3.0723	0.2172	24.1330	23.7991
4.6515	3.0727	0.2159	24.3189	23.7796
4.6520	3.0727	0.2044	24.2604	23.7727
4.6525	3.0726	0.2050	24.1078	23.8037
4.6530	3.0727	0.2084	24.1941	23.8676
4.6535	3.0730	0.2118	24.4057	23.9143
4.6540	3.0727	0.2066	24.4010	23.8951
4.6545	3.0729	0.2080	24.2411	23.8879
4.6550	3.0730	0.2054	24.2305	23.8630
4.6555	3.0729	0.2069	24.2845	23.8713
4.6560	3.0734	0.2101	24.3934	23.9245
4.6565	3.0724	0.2145	24.1372	23.9308
4.6570	3.0718	0.2173	24.0924	23.9484
4.6575	3.0716	0.2216	24.2672	23.9252
4.6580	3.0713	0.2229	24.3709	23.9152
4.6585	3.0713	0.2283	24.1124	24.0270
4.6590	3.0714	0.2257	23.9111	24.0914
4.6595	3.0714	0.2257	23.9765	24.0982
4.6600	3.0710	0.2278	24.1369	24.0793
4.6605	3.0707	0.2251	24.0601	24.0618
4.6610	3.0708	0.2319	23.9207	24.0505
4.6615	3.0711	0.2310	24.1338	24.0038
4.6620	3.0692	0.2407	24.3916	23.9653
4.6625	3.0684	0.2493	24.3259	23.9162
4.6630	3.0681	0.2535	24.1367	23.8909
4.6635	3.0677	0.2605	24.2427	23.8995
4.6640	3.0678	0.2632	24.5007	23.9344
4.6645	3.0683	0.2587	24.4947	23.9688
4.6650	3.0687	0.2554	24.2773	24.0006
4.6655	3.0691	0.2506	24.3068	24.0426
4.6660	3.0691	0.2467	24.5581	24.0443
4.6665	3.0700	0.2428	24.5822	23.9675
4.6670	3.0693	0.2467	24.3453	23.9262
4.6675	3.0692	0.2455	24.3027	23.8731
4.6680	3.0701	0.2405	24.5335	23.9069
4.6685	3.0706	0.2382	24.5884	23.9966
4.6690	3.0707	0.2318	24.3510	24.0262
4.6695	3.0708	0.2271	24.2203	24.0219
4.6700	3.0709	0.2244	24.3821	24.0289
4.6705	3.0728	0.2134	24.4697	24.0570
4.6710	3.0730	0.2040	24.1944	24.0616
4.6715	3.0739	0.2009	23.9720	24.0517
4.6720	3.0737	0.1995	24.1055	23.9944
4.6725	3.0744	0.2006	24.2336	23.9520
4.6730	3.0734	0.1983	23.9722	23.9485
4.6735	3.0733	0.2089	23.7266	23.9880
4.6740	3.0729	0.2022	23.7818	24.0086
4.6745	3.0728	0.2066	23.9554	23.9903
4.6750	3.0728	0.2117	23.2000	23.9685
4.6755	3.0726	0.2157	22.7423	23.9301
4.6760	3.0728	0.2113	22.9342	23.9086
4.6765	3.0729	0.2074	23.1899	23.9294
4.6770	3.0734	0.2041	23.1965	23.9653
4.6775	3.0727	0.2098	22.9494	24.0047
4.6780	3.0725	0.2118	22.9780	23.9926
4.6785	3.0727	0.2154	23.2717	23.9547
4.6790	3.0726	0.2116	23.3502	23.8803
4.6795	3.0725	0.2102	23.1609	23.8319
4.6800	3.0718	0.2163	23.1667	23.7996
4.6805	3.0717	0.2167	23.4509	23.7813
4.6810	3.0714	0.2198	23.5873	23.7649
4.6815	3.0716	0.2251	23.4179	23.7785
4.6820	3.0711	0.2190	23.3719	23.7937
4.6825	3.0707	0.2334	23.6319	23.8589
4.6830	3.0704	0.2378	23.8111	23.9404
4.6835	3.0693	0.2461	23.6671	23.9529
4.6840	3.0686	0.2526	23.5667	23.9535
4.6845	3.0680	0.2583	23.8149	23.9230
4.6850	3.0683	0.2564	24.0577	23.8851
4.6855	3.0682	0.2596	23.9289	23.8586
4.6860	3.0674	0.2654	23.7746	23.8691
4.6865	3.0662	0.2812	23.9946	23.8559
4.6870	3.0662	0.2801	24.2737	23.8200
4.6875	3.0658	0.2859	24.1552	23.8012
4.6880	3.0660	0.2770	23.9301	23.8017
4.6885	3.0665	0.2757	24.0596	23.8413
4.6890	3.0670	0.2770	24.3421	23.8862
4.6895	3.0665	0.2756	24.2764	23.9625
4.6900	3.0666	0.2711	24.0461	24.0284
4.6905	3.0666	0.2744	24.1354	23.9837
4.6910	3.0675	0.2718	24.4435	23.9117
4.6915	3.0667	0.2647	24.4273	23.8272
4.6920	3.0666	0.2740	24.1828	23.7709
4.6925	3.0673	0.2682	24.2017	23.7295
4.6930	3.0685	0.2570	24.4958	23.7223
4.6935	3.0691	0.2473	24.4684	23.7058
4.6940	3.0694	0.2472	24.0760	23.7680
4.6945	3.0702	0.2354	24.0953	23.7930
4.6950	3.0711	0.2279	24.3327	23.7966
4.6955	3.0718	0.2244	24.3718	23.8379
4.6960	3.0715	0.2225	24.0723	23.9296
4.6965	3.0716	0.2154	23.9505	24.0300
4.6970	3.0713	0.2251	24.1435	24.0382
4.6975	3.0702	0.2325	24.1787	24.0351
4.6980	3.0708	0.2298	23.9618	24.0238
4.6985	3.0708	0.2349	23.9138	24.0634
4.6990	3.0709	0.2298	24.1386	24.0410
4.6995	3.0703	0.2329	24.3483	23.9751
4.7000	3.0704	0.2340	24.2242	23.9114
4.7005	3.0700	0.2379	24.0895	23.8788
4.7010	3.0701	0.2372	24.2728	23.8905
4.7015	3.0699	0.2375	24.5018	23.9304
4.7020	3.0691	0.2456	24.4051	23.9722
4.7025	3.0689	0.2475	24.2323	24.0683
4.7030	3.0687	0.2593	24.3326	24.0520
4.7035	3.0688	0.2556	24.5617	23.9994
4.7040	3.0687	0.2564	24.5012	23.9297
4.7045	3.0684	0.2549	24.2792	23.8679
4.7050	3.0687	0.2529	24.3166	23.8252
4.7055	3.0688	0.2505	24.5617	23.7990
4.7060	3.0682	0.2540	24.5525	23.7876
4.7065	3.0684	0.2517	24.2865	23.7787
4.7070	3.0688	0.2505	24.2175	23.8577
4.7075	3.0688	0.2514	24.4287	23.9274
4.7080	3.0686	0.2550	24.4016	23.9467
4.7085	3.0690	0.2483	24.1079	23.9695
4.7090	3.0686	0.2501	23.9592	23.9487
4.7095	3.0691	0.2520	24.1771	23.9501
4.7100	3.0688	0.2536	24.2050	23.9499
4.7105	3.0678	0.2614	23.9537	23.9682
4.7110	3.0675	0.2617	23.6778	24.0264
4.7115	3.0672	0.2735	23.8446	24.0417
4.7120	3.0667	0.2773	23.2754	24.0099
4.7125	3.0675	0.2675	22.8536	23.9698
4.7130	3.0683	0.2595	22.8026	23.9112
4.7135	3.0684	0.2550	22.8974	23.8805
4.7140	3.0691	0.2456	23.1520	23.8828
4.7145	3.0702	0.2382	23.0648	23.8682
4.7150	3.0702	0.2378	22.9076	23.8907
4.7155	3.0707	0.2298	22.9944	23.8534
4.7160	3.0709	0.2243	23.2376	23.8105
4.7165	3.0716	0.2236	23.2877	23.7856
4.7170	3.0719	0.2251	23.1607	23.7790
4.7175	3.0707	0.2267	23.1788	23.7763
4.7180	3.0710	0.2264	23.4082	23.7915
4.7185	3.0721	0.2185	23.5086	23.8183
4.7190	3.0721	0.2163	23.4114	23.8258
4.7195	3.0717	0.2174	23.3834	23.8703
4.7200	3.0719	0.2210	23.5737	23.9235
4.7205	3.0721	0.2157	23.7174	23.8984
4.7210	3.0705	0.2310	23.6565	23.9198
4.7215	3.0702	0.2316	23.6056	23.9481
4.7220	3.0697	0.2425	23.7588	23.9997
4.7225	3.0695	0.2399	23.9332	24.0136
4.7230	3.0691	0.2455	23.9044	24.0732
4.7235	3.0684	0.2584	23.8246	24.1011
4.7240	3.0685	0.2590	23.9571	24.1363
4.7245	3.0681	0.2504	24.1397	24.1106
4.7250	3.0683	0.2540	24.1058	24.0344
4.7255	3.0683	0.2596	23.9872	23.9718
4.7260	3.0690	0.2402	24.0592	23.9234
4.7265	3.0697	0.2391	24.2326	23.9147
4.7270	3.0707	0.2354	24.2310	23.9339
4.7275	3.0712	0.2250	24.0981	24.0086
4.7280	3.0717	0.2222	24.1357	24.0237
4.7285	3.0722	0.2176	24.3206	23.9803
4.7290	3.0719	0.2174	24.3670	23.9275
4.7295	3.0720	0.2151	24.2104	23.8982
4.7300	3.0712	0.2229	24.2039	23.9089
4.7305	3.0708	0.2276	24.3865	23.9167
4.7310	3.0699	0.2328	24.4557	23.9139
4.7315	3.0699	0.2418	24.2521	23.9686
4.7320	3.0691	0.2493	24.1872	24.0450
4.7325	3.0686	0.2527	24.2321	24.0661
4.7330	3.0687	0.2582	24.1225	24.0882
4.7335	3.0679	0.2659	24.0319	24.1064
4.7340	3.0679	0.2599	23.9094	24.1058
4.7345	3.0674	0.2692	24.0356	24.0994
4.7350	3.0677	0.2655	24.1577	24.0924
4.7355	3.0679	0.2635	24.0592	24.0494
4.7360	3.0689	0.2471	23.9457	24.0187
4.7365	3.0700	0.2381	24.1106	24.0973
4.7370	3.0715	0.2249	24.3254	24.1140
4.7375	3.0726	0.2139	24.2879	24.0585
4.7380	3.0732	0.2054	24.1463	23.9918
4.7385	3.0729	0.2080	24.2698	23.9384
4.7390	3.0727	0.2157	24.4804	23.9249
4.7395	3.0727	0.2089	24.4463	23.9518
4.7400	3.0725	0.2131	24.2990	23.9694
4.7405	3.0718	0.2151	24.3613	23.9650
4.7410	3.0715	0.2236	24.5575	23.9543
4.7415	3.0701	0.2310	24.5592	23.9510
4.7420	3.0706	0.2308	24.3963	23.9325
4.7425	3.0714	0.2195	24.3869	23.8978
4.7430	3.0723	0.2131	24.5498	23.8741
4.7435	3.0721	0.2134	24.5767	23.9698
4.7440	3.0724	0.2159	24.4090	23.9839
4.7445	3.0722	0.2151	24.3180	23.9701
4.7450	3.0723	0.2183	24.4457	23.9596
4.7455	3.0725	0.2121	24.4580	23.9305
4.7460	3.0728	0.2052	24.2602	23.9366
4.7465	3.0729	0.2047	24.1123	23.9097
4.7470	3.0734	0.2063	24.1945	23.9192
4.7475	3.0738	0.2051	24.2245	23.9308
4.7480	3.0716	0.2165	24.0379	23.9567
4.7485	3.0722	0.2157	23.7866	23.9700
4.7490	3.0723	0.2125	23.6450	23.9873
4.7495	3.0716	0.2254	23.7487	24.0244
4.7500	3.0705	0.2322	23.6510	23.9504
4.7505	3.0708	0.2274	23.3015	23.8794
4.7510	3.0711	0.2282	23.0064	23.8121
4.7515	3.0704	0.2309	23.0712	23.7864
4.7520	3.0712	0.2281	23.0366	23.8231
4.7525	3.0717	0.2218	22.9209	23.8349
4.7530	3.0720	0.2135	22.9990	23.8271
4.7535	3.0726	0.2140	23.2390	23.8022
4.7540	3.0725	0.2116	23.2373	23.7679
4.7545	3.0716	0.2156	23.1073	23.7761
4.7550	3.0709	0.2260	23.1582	23.8039
4.7555	3.0700	0.2356	23.4019	23.8220
4.7560	3.0699	0.2357	23.4841	24.0064
4.7565	3.0699	0.2408	23.3635	24.0551
4.7570	3.0693	0.2468	23.3586	24.0019
4.7575	3.0687	0.2543	23.5781	23.9530
4.7580	3.0679	0.2575	23.6937	23.9013
4.7585	3.0674	0.2650	23.5905	23.8550
4.7590	3.0674	0.2632	23.5572	23.8484
4.7595	3.0680	0.2593	23.7506	23.8859
4.7600	3.0685	0.2514	23.9077	23.9184
4.7605	3.0701	0.2395	23.8377	23.9286
4.7610	3.0701	0.2298	23.7836	23.9909
4.7615	3.0705	0.2339	23.9490	24.0340
4.7620	3.0712	0.2292	24.1128	24.0430
4.7625	3.0714	0.2203	24.0496	24.0491
4.7630	3.0718	0.2211	23.9513	24.0040
4.7635	3.0725	0.2104	24.0492	23.9791
4.7640	3.0727	0.2089	24.2083	23.9626
4.7645	3.0722	0.2143	24.1699	23.9947
4.7650	3.0723	0.2167	24.0576	24.0127
4.7655	3.0726	0.2085	24.1336	23.9763
4.7660	3.0730	0.1977	24.3198	23.9267
4.7665	3.0746	0.1912	24.3270	23.8507
4.7670	3.0748	0.1870	24.1838	23.8176
4.7675	3.0744	0.1871	24.1958	23.7909
4.7680	3.0750	0.1851	24.3801	23.8758
4.7685	3.0747	0.1853	24.4341	23.9883
4.7690	3.0747	0.1849	24.2758	24.0093
4.7695	3.0737	0.1938	24.1957	24.0319
4.7700	3.0726	0.2108	24.2783	24.0310
4.7705	3.0724	0.2106	23.9772	24.0258
4.7710	3.0720	0.2177	23.7838	23.9837
4.7715	3.0716	0.2182	23.7629	23.9081
4.7720	3.0713	0.2238	23.9540	23.9007
4.7725	3.0708	0.2303	24.0918	23.9233
4.7730	3.0716	0.2222	24.0088	23.9613
4.7735	3.0722	0.2186	23.9772	23.9534
4.7740	3.0729	0.2118	24.1417	23.9754
4.7745	3.0720	0.2142	24.3082	23.9737
4.7750	3.0718	0.2181	24.2714	23.9378
4.7755	3.0718	0.2151	24.2159	23.9489
4.7760	3.0724	0.2126	24.3359	23.9654
4.7765	3.0727	0.2066	24.4788	24.0019
4.7770	3.0730	0.2090	24.4346	24.0025
4.7775	3.0728	0.2088	24.3478	23.9789
4.7780	3.0722	0.2116	24.4336	23.9417
4.7785	3.0717	0.2227	24.5725	23.8847
4.7790	3.0710	0.2284	24.5241	23.8051
4.7795	3.0702	0.2372	24.4018	23.7740
4.7800	3.0698	0.2380	24.4588	23.7703
4.7805	3.0695	0.2456	24.5989	23.8220
4.7810	3.0690	0.2471	24.5648	23.8899
4.7815	3.0686	0.2561	24.4045	23.8952
4.7820	3.0689	0.2531	24.3875	23.8669
4.7825	3.0679	0.2623	24.5161	23.8158
4.7830	3.0675	0.2655	24.4868	23.7905
4.7835	3.0677	0.2687	24.2751	23.8012
4.7840	3.0674	0.2658	24.1833	23.8195
4.7845	3.0681	0.2570	24.2594	23.8354
4.7850	3.0688	0.2577	24.2418	23.9037
4.7855	3.0687	0.2549	24.0427	23.9915
4.7860	3.0681	0.2568	23.9054	24.0284
4.7865	3.0677	0.2599	23.7318	24.0400
4.7870	3.0674	0.2617	23.7588	24.0299
4.7875	3.0674	0.2684	23.6680	23.9842
4.7880	3.0674	0.2636	23.4551	23.9441
4.7885	3.0673	0.2657	23.4798	23.9062
4.7890	3.0682	0.2590	23.3292	23.9050
4.7895	3.0695	0.2446	22.9873	23.9067
4.7900	3.0690	0.2449	22.9622	23.9223
4.7905	3.0682	0.2537	23.0388	24.0206
4.7910	3.0695	0.2501	23.2249	24.0241
4.7915	3.0707	0.2317	23.2231	23.9704
4.7920	3.0717	0.2234	23.1278	23.9058
4.7925	3.0706	0.2325	23.2174	23.8665
4.7930	3.0717	0.2202	23.4237	23.9006
4.7935	3.0720	0.2171	23.4502	23.9273
4.7940	3.0717	0.2232	23.3677	23.9151
4.7945	3.0716	0.2200	23.4147	23.9129
4.7950	3.0724	0.2221	23.6044	23.9108
4.7955	3.0727	0.2155	23.6722	23.9231
4.7960	3.0726	0.2083	23.5962	23.9409
4.7965	3.0724	0.2138	23.6020	23.9536
4.7970	3.0722	0.2180	23.7796	23.9901
4.7975	3.0722	0.2182	23.8928	24.0193
4.7980	3.0726	0.2101	23.8404	24.0455
4.7985	3.0724	0.2080	23.8244	24.0393
4.7990	3.0732	0.2119	23.9783	24.0539
4.7995	3.0728	0.2071	24.0991	24.0745
4.8000	3.0718	0.2165	24.0444	24.0319
4.8005	3.0716	0.2213	23.9876	23.9938
4.8010	3.0714	0.2223	24.0925	23.9654
4.8015	3.0708	0.2320	24.2191	23.9542
4.8020	3.0703	0.2328	24.1803	24.0016
4.8025	3.0702	0.2352	24.0722	24.0409
4.8030	3.0702	0.2367	24.1500	24.0603
4.8035	3.0698	0.2413	24.3124	24.0316
4.8040	3.0699	0.2419	24.3321	23.9593
4.8045	3.0702	0.2403	24.2100	23.8633
4.8050	3.0692	0.2421	24.2386	23.8210
4.8055	3.0681	0.2535	24.3893	23.8074
4.8060	3.0678	0.2600	24.4360	23.8643
4.8065	3.0673	0.2616	24.2558	23.9205
4.8070	3.0667	0.2709	24.2300	23.9699
4.8075	3.0671	0.2725	23.9973	23.9327
4.8080	3.0666	0.2762	23.8703	23.9329
4.8085	3.0669	0.2697	23.8263	23.9717
4.8090	3.0672	0.2679	23.7691	23.9728
4.8095	3.0666	0.2764	23.9691	23.9525
4.8100	3.0667	0.2693	24.0977	23.9078
4.8105	3.0672	0.2716	24.0301	23.8831
4.8110	3.0682	0.2671	23.9640	23.8783
4.8115	3.0681	0.2607	24.1455	23.8825
4.8120	3.0688	0.2467	24.3337	23.9047
4.8125	3.0700	0.2375	24.2954	23.8723
4.8130	3.0708	0.2293	24.1915	23.8275
4.8135	3.0717	0.2189	24.3015	23.7547
4.8140	3.0719	0.2147	24.4912	23.7683
4.8145	3.0725	0.2157	24.4874	23.8732
4.8150	3.0728	0.2078	24.3569	23.8724
4.8155	3.0731	0.2009	24.3965	23.8924
4.8160	3.0731	0.2035	24.5623	23.8696
4.8165	3.0727	0.2074	24.5969	23.8211
4.8170	3.0728	0.2071	24.4442	23.7734
4.8175	3.0727	0.2089	24.4137	23.7430
4.8180	3.0726	0.2131	24.5704	23.7544
4.8185	3.0722	0.2142	24.6252	23.7886
4.8190	3.0722	0.2164	24.4577	23.8260
4.8195	3.0721	0.2125	24.3810	23.8364
4.8200	3.0719	0.2166	24.4785	23.8371
4.8205	3.0725	0.2137	24.5070	23.8354
4.8210	3.0718	0.2186	24.3230	23.8159
4.8215	3.0713	0.2281	24.1925	23.9160
4.8220	3.0709	0.2294	24.2348	23.9550
4.8225	3.0710	0.2263	24.2760	23.9440
4.8230	3.0702	0.2314	24.1003	23.9475
4.8235	3.0704	0.2348	23.9214	23.9493
4.8240	3.0711	0.2300	23.8973	23.9618
4.8245	3.0705	0.2275	24.0004	23.9151
4.8250	3.0698	0.2349	23.7260	23.8625
4.8255	3.0703	0.2358	23.4971	23.8053
4.8260	3.0704	0.2336	23.5847	23.7639
4.8265	3.0706	0.2346	23.5878	23.7490
4.8270	3.0704	0.2353	23.4718	23.7934
4.8275	3.0701	0.2405	23.2590	23.9060
4.8280	3.0698	0.2442	23.0713	23.9893
4.8285	3.0690	0.2409	23.1645	24.0465
4.8290	3.0697	0.2458	23.1976	24.0151
4.8295	3.0688	0.2481	23.0966	23.9834
4.8300	3.0687	0.2540	23.2250	23.9553
4.8305	3.0682	0.2593	23.4264	23.9188
4.8310	3.0681	0.2620	23.4570	23.9171
4.8315	3.0678	0.2606	23.3230	23.9263
4.8320	3.0684	0.2627	23.3760	23.9209
4.8325	3.0686	0.2602	23.5809	23.9317
4.8330	3.0684	0.2527	23.6447	23.9490
4.8335	3.0692	0.2516	23.5488	23.9419
4.8340	3.0694	0.2490	23.5963	23.9892
4.8345	3.0694	0.2442	23.8068	24.0213
4.8350	3.0692	0.2484	23.8710	24.0109
4.8355	3.0693	0.2551	23.7545	24.0220
4.8360	3.0678	0.2543	23.7687	24.0352
4.8365	3.0674	0.2651	24.0072	24.0162
4.8370	3.0666	0.2705	24.1170	23.9778
4.8375	3.0673	0.2690	23.9890	23.9033
4.8380	3.0689	0.2503	23.9379	23.8473
4.8385	3.0699	0.2434	24.1232	23.8186
4.8390	3.0712	0.2255	24.2143	23.8185
4.8395	3.0718	0.2175	24.0873	23.8101
4.8400	3.0728	0.2128	23.9974	23.8014
4.8405	3.0732	0.2065	24.1996	23.8112
4.8410	3.0738	0.2038	24.3474	23.8380
4.8415	3.0742	0.1950	24.2523	23.9105
4.8420	3.0744	0.1904	24.1080	23.9222
4.8425	3.0742	0.1933	24.2869	23.9581
4.8430	3.0734	0.1924	24.4002	23.9539
4.8435	3.0743	0.1989	24.3776	23.9736
4.8440	3.0743	0.1962	23.6628	23.9764
4.8445	3.0741	0.1945	23.4519	23.9242
4.8450	3.0744	0.1989	23.7581	23.8688
4.8455	3.0734	0.1951	23.7355	23.8386
4.8460	3.0734	0.2036	23.6832	23.8393
4.8465	3.0735	0.1998	23.7575	23.8643
4.8470	3.0740	0.1944	23.9936	23.9091
4.8475	3.0736	0.1994	24.0071	23.9181
4.8480	3.0736	0.2001	23.9298	23.9456
4.8485	3.0732	0.2048	23.9739	23.9583
4.8490	3.0730	0.2080	24.2077	23.9727
4.8495	3.0723	0.2180	24.2668	23.9566
4.8500	3.0720	0.2240	24.1641	23.9339
4.8505	3.0706	0.2305	24.1571	23.8930
4.8510	3.0702	0.2387	24.3625	23.8716
4.8515	3.0694	0.2415	24.4806	23.8710
4.8520	3.0687	0.2520	24.3745	23.8756
4.8525	3.0686	0.2546	24.2898	23.8881
4.8530	3.0678	0.2620	24.4426	23.9204
4.8535	3.0677	0.2633	24.5709	23.9367
4.8540	3.0673	0.2659	24.4706	23.9212
4.8545	3.0677	0.2629	24.3287	23.9254
4.8550	3.0684	0.2564	24.4422	23.9243
4.8555	3.0686	0.2495	24.6321	23.9087
4.8560	3.0690	0.2502	24.5544	23.9427
4.8565	3.0691	0.2455	24.3400	24.0141
4.8570	3.0693	0.2473	24.3635	24.0307
4.8575	3.0694	0.2455	24.5347	24.0414
4.8580	3.0698	0.2428	24.4782	23.9696
4.8585	3.0697	0.2472	24.2071	23.9748
4.8590	3.0706	0.2381	24.1551	24.0519
4.8595	3.0697	0.2437	24.2999	24.0386
4.8600	3.0706	0.2290	24.2535	24.0339
4.8605	3.0723	0.2192	23.9719	24.0257
4.8610	3.0729	0.2086	23.8837	24.0054
4.8615	3.0740	0.1974	23.9643	24.0090
4.8620	3.0741	0.1896	23.9707	23.9889
4.8625	3.0742	0.1888	23.6389	23.9656
4.8630	3.0746	0.1879	23.2126	23.9472
4.8635	3.0748	0.1882	23.3912	23.9779
4.8640	3.0744	0.1917	23.4205	23.9961
4.8645	3.0742	0.1879	23.2446	24.0321
4.8650	3.0743	0.1925	23.1685	24.0343
4.8655	3.0741	0.1931	23.1566	24.0906
4.8660	3.0741	0.1927	23.2531	24.1116
4.8665	3.0748	0.1901	23.1794	24.0225
4.8670	3.0744	0.1882	23.0747	23.9446
4.8675	3.0745	0.1941	23.2713	23.9264
4.8680	3.0750	0.1865	23.4707	23.9492
4.8685	3.0749	0.1853	23.4172	23.9684
4.8690	3.0756	0.1781	23.3144	24.0182
4.8695	3.0765	0.1703	23.4824	24.0608
4.8700	3.0768	0.1693	23.6935	23.9873
4.8705	3.0749	0.1816	23.6514	23.9573
4.8710	3.0738	0.1962	23.5289	24.0025
4.8715	3.0743	0.1956	23.6467	24.0162
4.8720	3.0744	0.1885	23.8997	24.0342
4.8725	3.0740	0.1922	23.9072	24.0313
4.8730	3.0736	0.2006	23.7572	24.0339
4.8735	3.0733	0.2001	23.8393	24.0426
4.8740	3.0726	0.2110	24.1032	24.0803
4.8745	3.0716	0.2206	24.1415	24.0856
4.8750	3.0714	0.2240	23.9726	24.0696
4.8755	3.0708	0.2265	23.9918	24.0207
4.8760	3.0705	0.2278	24.2292	23.9584
4.8765	3.0704	0.2349	24.2759	23.8909
4.8770	3.0699	0.2430	24.0961	23.8376
4.8775	3.0691	0.2474	24.0552	23.8186
4.8780	3.0680	0.2560	24.2902	23.7873
4.8785	3.0678	0.2635	24.3924	23.7824
4.8790	3.0668	0.2665	24.2471	23.7697
4.8795	3.0674	0.2685	24.1349	23.7573
4.8800	3.0686	0.2552	24.3736	23.7368
4.8805	3.0698	0.2467	24.4254	23.8428
4.8810	3.0703	0.2331	24.1448	23.9288
4.8815	3.0706	0.2308	24.0440	23.9241
4.8820	3.0710	0.2222	24.1642	23.9067
4.8825	3.0711	0.2332	24.3497	23.8593
4.8830	3.0712	0.2272	24.2053	23.8522
4.8835	3.0717	0.2245	24.0397	23.8570
4.8840	3.0729	0.2131	24.0632	23.8649
4.8845	3.0733	0.2118	24.0100	23.9137
4.8850	3.0741	0.1933	23.9323	23.9698
4.8855	3.0742	0.1961	23.9282	24.0012
4.8860	3.0738	0.1972	23.9726	24.0520
4.8865	3.0733	0.2018	24.1496	24.0657
4.8870	3.0736	0.2011	24.2015	24.0644
4.8875	3.0743	0.1901	24.1711	24.0101
4.8880	3.0742	0.1947	24.1915	23.9229
4.8885	3.0740	0.1939	24.3202	23.8522
4.8890	3.0725	0.2082	24.3984	23.8255
4.8895	3.0736	0.2012	24.3612	23.8359
4.8900	3.0732	0.2027	24.3241	23.8519
4.8905	3.0735	0.2012	24.4024	23.8539
4.8910	3.0736	0.1996	24.4924	23.8230
4.8915	3.0744	0.1882	24.4467	23.7831
4.8920	3.0742	0.1885	24.3632	23.7386
4.8925	3.0749	0.1907	24.4102	23.7468
4.8930	3.0751	0.1838	24.5274	23.7330
4.8935	3.0749	0.1887	24.5025	23.8764
4.8940	3.0738	0.1976	24.3710	23.9877
4.8945	3.0741	0.1938	24.3490	24.0590
4.8950	3.0736	0.1940	24.4445	24.0605
4.8955	3.0732	0.2062	24.4136	24.0634
4.8960	3.0732	0.2035	24.2287	24.0683
4.8965	3.0730	0.2075	24.1298	24.0554
4.8970	3.0726	0.2074	24.2203	24.0419
4.8975	3.0725	0.2160	24.2027	24.0210
4.8980	3.0725	0.2133	24.0149	24.0463
4.8985	3.0712	0.2228	23.8386	24.0653
4.8990	3.0709	0.2287	23.9248	24.0838
4.8995	3.0701	0.2372	23.9350	24.0473
4.9000	3.0699	0.2410	23.7850	24.0346
4.9005	3.0689	0.2504	23.1129	23.9991
4.9010	3.0682	0.2550	22.9030	23.9654
4.9015	3.0673	0.2623	23.1885	23.9457
4.9020	3.0674	0.2687	23.0083	23.9462
4.9025	3.0673	0.2656	22.8856	23.8788
4.9030	3.0675	0.2653	23.0054	23.8452
4.9035	3.0683	0.2576	23.2904	23.8094
4.9040	3.0688	0.2557	23.2257	23.7945
4.9045	3.0687	0.2531	23.0468	23.7771
4.9050	3.0690	0.2533	23.1813	23.7806
4.9055	3.0689	0.2496	23.4817	23.7993
4.9060	3.0689	0.2469	23.4772	23.8279
4.9065	3.0692	0.2496	23.2869	23.8671
4.9070	3.0700	0.2357	23.3715	23.9007
4.9075	3.0704	0.2326	23.6886	23.9278
4.9080	3.0705	0.2340	23.7347	23.9138
4.9085	3.0707	0.2302	23.5251	23.9106
4.9090	3.0718	0.2248	23.5476	23.9410
4.9095	3.0718	0.2215	23.8602	23.9557
4.9100	3.0716	0.2197	23.9731	23.9499
4.9105	3.0725	0.2171	23.7856	23.9743
4.9110	3.0724	0.2161	23.7486	24.0020
4.9115	3.0725	0.2147	24.0404	24.0019
4.9120	3.0722	0.2162	24.2156	23.9664
4.9125	3.0714	0.2204	24.0338	23.9391
4.9130	3.0716	0.2210	23.9217	23.8778
4.9135	3.0714	0.2183	24.1431	23.8179
4.9140	3.0713	0.2243	24.3327	23.7739
4.9145	3.0714	0.2248	24.1752	23.7491
4.9150	3.0720	0.2216	24.0199	23.7557
4.9155	3.0719	0.2110	24.2048	23.7917
4.9160	3.0722	0.2151	24.4424	23.8271
4.9165	3.0718	0.2147	24.3315	23.8956
4.9170	3.0717	0.2157	24.1412	23.8777
4.9175	3.0718	0.2181	24.2619	23.8681
4.9180	3.0721	0.2077	24.5135	23.8369
4.9185	3.0726	0.2132	24.2610	23.8185
4.9190	3.0719	0.2183	24.0942	23.8463
4.9195	3.0721	0.2193	24.1184	23.8425
4.9200	3.0707	0.2272	24.3492	23.8949
4.9205	3.0712	0.2344	24.3240	23.9070
4.9210	3.0709	0.2260	24.0905	23.8981
4.9215	3.0701	0.2374	24.0529	24.0113
4.9220	3.0707	0.2325	24.1853	24.0767
4.9225	3.0703	0.2366	24.1013	24.0845
4.9230	3.0701	0.2343	23.8651	24.0645
4.9235	3.0701	0.2360	23.9220	24.0392
4.9240	3.0702	0.2336	24.1571	24.0157
4.9245	3.0705	0.2351	24.2961	23.9775
4.9250	3.0700	0.2431	24.1594	23.9342
4.9255	3.0688	0.2508	24.1100	23.8926
4.9260	3.0684	0.2564	24.3206	23.8778
4.9265	3.0674	0.2653	24.4742	23.8879
4.9270	3.0673	0.2662	24.3433	23.9200
4.9275	3.0678	0.2658	24.2488	23.9650
4.9280	3.0681	0.2585	24.4082	24.0061
4.9285	3.0687	0.2505	24.5731	24.0401
4.9290	3.0694	0.2436	24.4510	24.0032
4.9295	3.0690	0.2468	24.2853	23.9259
4.9300	3.0687	0.2502	24.4098	23.8750
4.9305	3.0680	0.2539	24.6115	23.8301
4.9310	3.0686	0.2517	24.5087	23.8381
4.9315	3.0693	0.2413	24.3120	23.9471
4.9320	3.0701	0.2370	24.3480	24.0226
4.9325	3.0715	0.2301	24.5000	24.0260
4.9330	3.0713	0.2242	24.4136	24.0400
4.9335	3.0725	0.2168	24.1909	24.0481
4.9340	3.0733	0.2077	24.1417	24.0382
4.9345	3.0739	0.2043	24.2869	24.0218
4.9350	3.0739	0.1977	24.2195	23.9691
4.9355	3.0739	0.1973	23.9876	23.9233
4.9360	3.0740	0.1940	23.8474	23.9352
4.9365	3.0734	0.2074	23.9786	23.9540
4.9370	3.0737	0.2013	23.9256	23.9981
4.9375	3.0734	0.2049	23.7750	24.0113
4.9380	3.0733	0.2072	23.1517	23.9888
4.9385	3.0726	0.2129	22.8981	23.9335
4.9390	3.0726	0.2107	23.1187	23.9038
4.9395	3.0733	0.2062	22.9943	23.9087
4.9400	3.0733	0.2080	22.9503	23.9315
4.9405	3.0726	0.2058	23.0598	23.9678
4.9410	3.0722	0.2111	23.2107	23.9767
4.9415	3.0724	0.2123	23.1657	23.9429
4.9420	3.0726	0.2102	23.0948	23.8955
4.9425	3.0726	0.2079	23.2154	23.8443
4.9430	3.0726	0.2119	23.4134	23.8120
4.9435	3.0724	0.2153	23.3889	23.7918
4.9440	3.0722	0.2171	23.3067	23.7656
4.9445	3.0720	0.2178	23.4274	23.7609
4.9450	3.0715	0.2221	23.6363	23.7754
4.9455	3.0713	0.2267	23.6300	23.8010
4.9460	3.0704	0.2290	23.5122	23.9115
4.9465	3.0699	0.2393	23.6086	23.9399
4.9470	3.0693	0.2498	23.8366	23.9481
4.9475	3.0686	0.2560	23.8706	23.9366
4.9480	3.0687	0.2549	23.7681	23.9066
4.9485	3.0685	0.2611	23.8234	23.8899
4.9490	3.0676	0.2632	24.0300	23.8816
4.9495	3.0667	0.2732	24.1025	23.8574
4.9500	3.0662	0.2762	24.0278	23.8238
4.9505	3.0664	0.2742	24.0070	23.7939
4.9510	3.0666	0.2744	24.1223	23.7756
4.9515	3.0671	0.2696	24.2099	23.8136
4.9520	3.0668	0.2694	24.1679	23.8589
4.9525	3.0673	0.2688	24.1297	23.9311
4.9530	3.0671	0.2773	24.2083	24.0364
4.9535	3.0664	0.2788	24.2962	24.0217
4.9540	3.0673	0.2649	24.2743	23.9682
4.9545	3.0675	0.2623	24.2306	23.8601
4.9550	3.0672	0.2655	24.2869	23.7766
4.9555	3.0677	0.2624	24.3792	23.7180
4.9560	3.0691	0.2531	24.3733	23.6867
4.9565	3.0699	0.2422	24.3010	23.6695
4.9570	3.0701	0.2346	24.1615	23.6954
4.9575	3.0705	0.2325	24.2711	23.7744
4.9580	3.0720	0.2180	24.2693	23.8138
4.9585	3.0722	0.2086	24.1484	23.8433
4.9590	3.0737	0.2030	24.1182	23.9307
4.9595	3.0742	0.1939	24.1673	24.0353
4.9600	3.0732	0.2045	24.1355	24.0534
4.9605	3.0725	0.2163	23.9819	24.0359
4.9610	3.0724	0.2187	23.9300	24.0198
4.9615	3.0715	0.2163	24.0984	24.0444
4.9620	3.0717	0.2216	24.1771	24.0425
4.9625	3.0714	0.2199	24.1226	23.9999
4.9630	3.0716	0.2203	24.1356	23.9239
4.9635	3.0710	0.2269	24.2872	23.8860
4.9640	3.0712	0.2285	24.3698	23.9112
4.9645	3.0706	0.2275	24.2855	23.9256
4.9650	3.0711	0.2273	24.2542	23.9528
4.9655	3.0704	0.2326	24.4015	24.0559
4.9660	3.0706	0.2365	24.4866	24.0747
4.9665	3.0705	0.2385	24.3816	24.0039
4.9670	3.0704	0.2373	24.3128	23.9370
4.9675	3.0700	0.2419	24.4372	23.8841
4.9680	3.0700	0.2371	24.5318	23.8447
4.9685	3.0701	0.2404	24.4361	23.8191
4.9690	3.0700	0.2360	24.3091	23.7944
4.9695	3.0699	0.2402	24.3770	23.7885
4.9700	3.0694	0.2431	24.4632	23.8286
4.9705	3.0693	0.2441	24.3692	23.9292
4.9710	3.0692	0.2500	24.1767	23.9449
4.9715	3.0690	0.2452	24.1930	23.9656
4.9720	3.0691	0.2487	24.2406	23.9385
4.9725	3.0685	0.2487	24.1691	23.9312
4.9730	3.0682	0.2550	23.9307	23.9392
4.9735	3.0678	0.2595	23.9226	23.9508
4.9740	3.0673	0.2647	23.9206	24.0119
4.9745	3.0670	0.2677	23.9674	24.0219
4.9750	3.0665	0.2771	23.2030	23.9910
4.9755	3.0677	0.2685	22.6911	23.9620
4.9760	3.0690	0.2508	22.9825	23.9146
4.9765	3.0693	0.2451	23.0341	23.8731
4.9770	3.0710	0.2334	22.9850	23.8807
4.9775	3.0716	0.2261	22.8747	23.8537
4.9780	3.0711	0.2248	23.0331	23.8941
4.9785	3.0713	0.2219	23.2000	23.8874
4.9790	3.0723	0.2179	23.1250	23.8241
4.9795	3.0719	0.2199	23.0185	23.7935
4.9800	3.0724	0.2183	23.2081	23.7717
4.9805	3.0712	0.2249	23.3916	23.7686
4.9810	3.0709	0.2298	23.3466	23.7773
4.9815	3.0718	0.2183	23.2403	23.8087
4.9820	3.0722	0.2167	23.3932	23.8197
4.9825	3.0721	0.2182	23.6153	23.8432
4.9830	3.0721	0.2194	23.6023	23.9135
4.9835	3.0723	0.2094	23.4620	23.9066
4.9840	3.0723	0.2213	23.5525	23.8956
4.9845	3.0709	0.2269	23.8171	23.9187
4.9850	3.0703	0.2381	23.8547	23.9711
4.9855	3.0696	0.2433	23.6874	24.0165
4.9860	3.0696	0.2421	23.7471	24.0575
4.9865	3.0682	0.2515	24.0244	24.0896
4.9870	3.0686	0.2528	24.1152	24.1062
4.9875	3.0683	0.2555	23.9253	24.1088
4.9880	3.0691	0.2506	23.8944	24.0420
4.9885	3.0687	0.2540	24.1572	23.9721
4.9890	3.0692	0.2478	24.2659	23.9285
4.9895	3.0698	0.2402	24.0561	23.9000
4.9900	3.0702	0.2354	23.9709	23.8986
4.9905	3.0710	0.2312	24.2068	23.9826
4.9910	3.0716	0.2187	24.3812	24.0144
4.9915	3.0719	0.2213	24.2138	23.9940
4.9920	3.0717	0.2206	24.0815	23.9482
4.9925	3.0714	0.2207	24.2734	23.8986
4.9930	3.0716	0.2228	24.4713	23.8846
4.9935	3.0709	0.2300	24.3412	23.8922
4.9940	3.0702	0.2364	24.1573	23.8877
4.9945	3.0700	0.2418	24.2570	23.9361
4.9950	3.0692	0.2507	24.4504	24.0170
4.9955	3.0687	0.2493	24.3358	24.0631
4.9960	3.0684	0.2521	23.8707	24.0650
4.9965	3.0679	0.2579	23.9226	24.1000
4.9970	3.0680	0.2573	24.1572	24.0950
4.9975	3.0677	0.2646	24.1386	24.0983
4.9980	3.0683	0.2612	23.9207	24.0903
4.9985	3.0682	0.2543	23.8881	24.0488
4.9990	3.0694	0.2482	24.1444	23.9985
4.9995	3.0708	0.2373	24.2715	24.0627
