Flexible Shaft
9/10/2026 3:39:36 PM
Sample Rate (Hz) = 2000.00
Effective Sample Rate (Hz) = 2000.00
time (s)	Voltage (V)	Current (A)	Distal Tach (rad/s)	Motor Tach (rad/s)

0.0000	4.0981	0.2518	35.2957	34.1937
0.0005	4.0985	0.2538	35.2483	34.1177
0.0010	4.0980	0.2539	35.4114	34.1797
0.0015	4.0986	0.2443	35.5058	34.2956
0.0020	4.0986	0.2472	35.3398	34.3763
0.0025	4.0996	0.2373	35.1298	34.3899
0.0030	4.0992	0.2380	35.1468	34.3931
0.0035	4.0991	0.2444	35.1200	34.4583
0.0040	4.0996	0.2364	34.9015	34.3811
0.0045	4.0992	0.2416	34.6151	34.3565
0.0050	4.0987	0.2422	34.5961	34.3612
0.0055	4.0990	0.2449	34.5206	34.3439
0.0060	4.0989	0.2416	34.1456	34.2846
0.0065	4.0989	0.2449	33.8763	34.2483
0.0070	4.0989	0.2452	33.8111	34.3425
0.0075	4.0987	0.2477	33.5967	34.4757
0.0080	4.0978	0.2602	33.3076	34.5590
0.0085	4.0971	0.2639	33.2946	34.4981
0.0090	4.0964	0.2686	33.3720	34.3727
0.0095	4.0959	0.2727	33.8293	34.3620
0.0100	4.0962	0.2717	33.9531	34.4220
0.0105	4.0964	0.2708	33.7473	34.4444
0.0110	4.0969	0.2666	33.7164	34.4680
0.0115	4.0967	0.2623	34.1494	34.4516
0.0120	4.0973	0.2634	34.4235	34.4903
0.0125	4.0970	0.2658	34.2694	34.4878
0.0130	4.0958	0.2770	34.1329	34.4823
0.0135	4.0959	0.2803	34.5254	34.4952
0.0140	4.0960	0.2803	34.8944	34.4241
0.0145	4.0959	0.2762	34.7500	34.3194
0.0150	4.0979	0.2524	34.4812	34.2704
0.0155	4.0988	0.2424	34.7423	34.3186
0.0160	4.0999	0.2345	35.0988	34.3126
0.0165	4.1016	0.2189	35.0320	34.2855
0.0170	4.1016	0.2145	34.7086	34.2477
0.0175	4.1018	0.2118	34.9247	34.2590
0.0180	4.1012	0.2178	35.2650	34.2950
0.0185	4.1023	0.2087	35.2782	34.3961
0.0190	4.1019	0.2071	34.0117	34.4883
0.0195	4.1031	0.1983	33.8507	34.4511
0.0200	4.1031	0.1965	34.4559	34.4005
0.0205	4.1031	0.1985	34.5201	34.3626
0.0210	4.1035	0.1971	34.3229	34.3383
0.0215	4.1037	0.1929	34.3949	34.3218
0.0220	4.1029	0.2000	34.9073	34.3510
0.0225	4.1020	0.2167	35.0536	34.4112
0.0230	4.1006	0.2221	34.8720	34.4003
0.0235	4.0996	0.2376	34.8637	34.3755
0.0240	4.0986	0.2449	35.2726	34.3754
0.0245	4.0976	0.2589	35.4433	34.3785
0.0250	4.0967	0.2679	35.2258	34.3998
0.0255	4.0959	0.2734	35.0795	34.3820
0.0260	4.0958	0.2781	35.3513	34.3647
0.0265	4.0963	0.2706	35.5888	34.3645
0.0270	4.0967	0.2697	35.4034	34.3749
0.0275	4.0965	0.2701	35.1474	34.4789
0.0280	4.0974	0.2655	35.2642	34.5504
0.0285	4.0968	0.2626	35.4304	34.4842
0.0290	4.0971	0.2668	35.1872	34.4572
0.0295	4.0974	0.2634	34.8093	34.5133
0.0300	4.0985	0.2500	34.7645	34.5021
0.0305	4.1001	0.2306	34.8807	34.5319
0.0310	4.1014	0.2204	34.6788	34.5504
0.0315	4.1018	0.2195	34.2537	34.5165
0.0320	4.1018	0.2074	33.6364	34.4491
0.0325	4.1018	0.2111	33.7984	34.3787
0.0330	4.1017	0.2155	33.8431	34.3944
0.0335	4.1008	0.2227	33.4465	34.4327
0.0340	4.1016	0.2146	33.1747	34.6180
0.0345	4.1017	0.2130	33.6131	34.6250
0.0350	4.1017	0.2132	33.7770	34.5294
0.0355	4.1022	0.2105	33.5614	34.5085
0.0360	4.1025	0.2036	33.5828	34.5142
0.0365	4.1031	0.1995	34.0358	34.4946
0.0370	4.1032	0.2037	34.2665	34.4162
0.0375	4.1034	0.2033	34.0412	34.3775
0.0380	4.1028	0.2022	33.9894	34.4294
0.0385	4.1024	0.2061	34.4253	34.5439
0.0390	4.1017	0.2108	34.7476	34.5891
0.0395	4.1011	0.2235	34.5726	34.6726
0.0400	4.1003	0.2297	34.4241	34.7207
0.0405	4.0991	0.2422	34.7625	34.5971
0.0410	4.0984	0.2476	35.1003	34.4507
0.0415	4.0974	0.2592	34.9282	34.2946
0.0420	4.0966	0.2671	34.6520	34.2301
0.0425	4.0963	0.2744	34.9045	34.2410
0.0430	4.0954	0.2882	35.2897	34.2299
0.0435	4.0957	0.2809	35.2055	34.1527
0.0440	4.0964	0.2745	34.8542	34.2273
0.0445	4.0966	0.2672	34.7525	34.3900
0.0450	4.0967	0.2697	35.1789	34.4618
0.0455	4.0970	0.2688	35.1942	34.4575
0.0460	4.0969	0.2653	34.7288	34.3984
0.0465	4.0978	0.2604	34.6892	34.3661
0.0470	4.0984	0.2464	34.7868	34.3484
0.0475	4.0993	0.2376	34.7352	34.3755
0.0480	4.1000	0.2333	34.5673	34.4497
0.0485	4.1001	0.2343	34.5098	34.5091
0.0490	4.1010	0.2195	35.0253	34.4815
0.0495	4.1027	0.2059	35.3045	34.4312
0.0500	4.1011	0.2126	35.0459	34.3105
0.0505	4.1018	0.2113	34.8445	34.3097
0.0510	4.1015	0.2192	35.1924	34.3104
0.0515	4.1011	0.2248	35.5091	34.3212
0.0520	4.1008	0.2189	35.3193	34.2733
0.0525	4.1007	0.2246	35.0371	34.2474
0.0530	4.1010	0.2200	35.2033	34.3127
0.0535	4.1016	0.2157	35.5041	34.4748
0.0540	4.1016	0.2129	35.2837	34.5931
0.0545	4.1013	0.2192	34.8961	34.5666
0.0550	4.1012	0.2172	34.9028	34.5781
0.0555	4.1015	0.2169	35.1421	34.5918
0.0560	4.1012	0.2116	34.8783	34.6562
0.0565	4.1014	0.2222	34.4343	34.7030
0.0570	4.1005	0.2277	34.2746	34.7791
0.0575	4.0999	0.2356	34.5987	34.6839
0.0580	4.0995	0.2431	33.8221	34.5789
0.0585	4.0987	0.2504	32.8500	34.5192
0.0590	4.0974	0.2558	33.0272	34.4424
0.0595	4.0971	0.2607	33.2879	34.4269
0.0600	4.0975	0.2603	33.4661	34.3724
0.0605	4.0975	0.2558	33.2747	34.3397
0.0610	4.0978	0.2561	33.3133	34.3091
0.0615	4.0978	0.2546	33.6905	34.2966
0.0620	4.0980	0.2502	33.9332	34.3853
0.0625	4.0989	0.2419	33.7526	34.4043
0.0630	4.0997	0.2408	33.7532	34.4848
0.0635	4.0997	0.2317	34.1296	34.5395
0.0640	4.1008	0.2264	34.3807	34.5738
0.0645	4.1000	0.2307	34.2168	34.6002
0.0650	4.1001	0.2310	34.1885	34.5708
0.0655	4.1002	0.2302	34.5341	34.5964
0.0660	4.1001	0.2269	34.8347	34.5534
0.0665	4.1001	0.2320	34.6905	34.4569
0.0670	4.1008	0.2287	34.5559	34.3779
0.0675	4.1012	0.2250	34.7769	34.3529
0.0680	4.1008	0.2245	35.0605	34.3712
0.0685	4.1009	0.2270	34.9221	34.4209
0.0690	4.1008	0.2196	34.7743	34.4494
0.0695	4.1008	0.2210	34.9335	34.4397
0.0700	4.1002	0.2273	35.3159	34.3682
0.0705	4.1006	0.2248	34.9254	34.3465
0.0710	4.1015	0.2131	34.6673	34.4020
0.0715	4.1024	0.2129	34.8165	34.5062
0.0720	4.1013	0.2157	35.0673	34.5553
0.0725	4.1020	0.2136	34.9942	34.5753
0.0730	4.1014	0.2143	34.6303	34.6995
0.0735	4.1013	0.2191	34.4496	34.7358
0.0740	4.1014	0.2242	34.6574	34.6677
0.0745	4.1008	0.2213	34.8817	34.6646
0.0750	4.1001	0.2278	34.7092	34.6272
0.0755	4.0993	0.2393	34.7966	34.5556
0.0760	4.0985	0.2490	35.1062	34.4761
0.0765	4.0980	0.2545	35.2435	34.5133
0.0770	4.0985	0.2482	35.0167	34.5393
0.0775	4.0983	0.2503	34.9798	34.6381
0.0780	4.0983	0.2458	35.2283	34.6488
0.0785	4.0984	0.2504	35.3875	34.5145
0.0790	4.0992	0.2449	35.1529	34.4765
0.0795	4.0995	0.2321	35.0108	34.4650
0.0800	4.1001	0.2279	35.1719	34.6232
0.0805	4.1002	0.2270	35.2697	34.6667
0.0810	4.1005	0.2298	34.9319	34.6818
0.0815	4.1011	0.2269	34.6848	34.6988
0.0820	4.1012	0.2191	34.6850	34.6453
0.0825	4.1015	0.2160	34.7971	34.5504
0.0830	4.1012	0.2195	34.4295	34.5528
0.0835	4.1012	0.2153	34.1879	34.6243
0.0840	4.1008	0.2238	33.6329	34.6493
0.0845	4.1012	0.2194	33.0722	34.5784
0.0850	4.1013	0.2161	33.2195	34.5225
0.0855	4.1016	0.2160	32.9838	34.5715
0.0860	4.1019	0.2126	33.0453	34.6352
0.0865	4.1020	0.2092	33.3935	34.5860
0.0870	4.1022	0.2115	33.5744	34.4346
0.0875	4.1020	0.2101	33.3705	34.3803
0.0880	4.1018	0.2146	33.4687	34.3778
0.0885	4.1017	0.2056	33.8308	34.4137
0.0890	4.1019	0.2110	34.0371	34.4414
0.0895	4.1018	0.2174	33.8507	34.4905
0.0900	4.1006	0.2229	33.8693	34.6081
0.0905	4.0996	0.2378	34.2433	34.5752
0.0910	4.0988	0.2462	34.5000	34.4689
0.0915	4.0980	0.2526	34.3726	34.3962
0.0920	4.0968	0.2611	34.2980	34.4436
0.0925	4.0965	0.2659	34.6267	34.4304
0.0930	4.0965	0.2649	34.9068	34.3750
0.0935	4.0967	0.2647	34.7570	34.3600
0.0940	4.0970	0.2644	34.5516	34.4534
0.0945	4.0971	0.2603	34.7849	34.6523
0.0950	4.0981	0.2504	35.0981	34.6174
0.0955	4.0980	0.2508	35.0184	34.4254
0.0960	4.0964	0.2703	34.7847	34.2862
0.0965	4.0960	0.2718	34.9512	34.2825
0.0970	4.0974	0.2617	35.1204	34.3275
0.0975	4.0977	0.2579	34.9255	34.4014
0.0980	4.0985	0.2500	34.7587	34.4505
0.0985	4.1001	0.2334	34.7222	34.5214
0.0990	4.1007	0.2233	34.8796	34.6587
0.0995	4.1008	0.2213	34.7965	34.6285
0.1000	4.1009	0.2225	34.4448	34.5099
0.1005	4.1002	0.2288	34.4661	34.5866
0.1010	4.1002	0.2300	34.8336	34.6509
0.1015	4.1000	0.2270	34.9558	34.5820
0.1020	4.1000	0.2325	34.8449	34.5914
0.1025	4.1000	0.2346	34.8542	34.6204
0.1030	4.0998	0.2366	35.1180	34.6919
0.1035	4.1001	0.2346	35.2347	34.7560
0.1040	4.1001	0.2298	35.0646	34.6050
0.1045	4.1004	0.2281	34.9645	34.4704
0.1050	4.1005	0.2227	35.1558	34.4216
0.1055	4.1010	0.2219	35.2980	34.4112
0.1060	4.1006	0.2197	35.0901	34.3913
0.1065	4.1000	0.2339	34.8630	34.4789
0.1070	4.0998	0.2355	34.9100	34.5638
0.1075	4.0995	0.2401	35.0001	34.6041
0.1080	4.0990	0.2437	34.7112	34.6523
0.1085	4.0980	0.2481	34.3962	34.6446
0.1090	4.0980	0.2564	34.3453	34.7184
0.1095	4.0969	0.2604	34.4291	34.7350
0.1100	4.0966	0.2607	33.1647	34.5939
0.1105	4.0971	0.2643	32.7153	34.4809
0.1110	4.0960	0.2688	32.9807	34.4154
0.1115	4.0967	0.2687	33.1287	34.4429
0.1120	4.0968	0.2697	33.1872	34.4990
0.1125	4.0978	0.2627	33.1258	34.4644
0.1130	4.0983	0.2540	33.2699	34.3820
0.1135	4.0981	0.2450	33.5451	34.3601
0.1140	4.0987	0.2472	33.6520	34.3727
0.1145	4.0991	0.2408	33.5854	34.4147
0.1150	4.0996	0.2380	33.7022	34.4592
0.1155	4.1000	0.2319	33.9831	34.5248
0.1160	4.1000	0.2337	34.1095	34.4938
0.1165	4.0998	0.2372	34.0458	34.5359
0.1170	4.0994	0.2346	34.1331	34.5536
0.1175	4.0998	0.2319	34.4128	34.6738
0.1180	4.0995	0.2425	34.5789	34.7569
0.1185	4.0987	0.2425	34.5139	34.8001
0.1190	4.0997	0.2346	34.4910	34.7785
0.1195	4.1004	0.2288	34.7172	34.6456
0.1200	4.1011	0.2214	34.8849	34.5764
0.1205	4.1014	0.2142	34.7908	34.5724
0.1210	4.1010	0.2182	34.7016	34.5589
0.1215	4.1002	0.2257	34.8702	34.4640
0.1220	4.0997	0.2324	35.0649	34.4606
0.1225	4.0990	0.2416	35.0390	34.4861
0.1230	4.0983	0.2506	34.8864	34.6385
0.1235	4.0977	0.2582	34.9500	34.7667
0.1240	4.0973	0.2652	35.0046	34.7937
0.1245	4.0966	0.2664	34.5975	34.7789
0.1250	4.0964	0.2694	34.4854	34.7312
0.1255	4.0962	0.2746	34.5336	34.7019
0.1260	4.0966	0.2745	34.6748	34.6291
0.1265	4.0965	0.2703	34.6846	34.6025
0.1270	4.0969	0.2676	34.7000	34.7201
0.1275	4.0968	0.2647	34.8088	34.7004
0.1280	4.0967	0.2683	35.0254	34.5531
0.1285	4.0963	0.2692	35.1031	34.5256
0.1290	4.0970	0.2644	35.0436	34.5847
0.1295	4.0970	0.2617	35.0923	34.6366
0.1300	4.0972	0.2622	35.2835	34.6085
0.1305	4.0976	0.2585	35.3121	34.4840
0.1310	4.0978	0.2555	35.1703	34.4266
0.1315	4.0968	0.2632	35.1416	34.4536
0.1320	4.0974	0.2614	35.2939	34.5303
0.1325	4.0973	0.2575	35.2725	34.5163
0.1330	4.0982	0.2548	35.0340	34.5192
0.1335	4.0996	0.2357	34.8574	34.5498
0.1340	4.1007	0.2267	34.9611	34.5289
0.1345	4.1007	0.2211	34.8459	34.4804
0.1350	4.1004	0.2281	34.5789	34.5103
0.1355	4.1001	0.2322	33.9868	34.6132
0.1360	4.0999	0.2343	34.0159	34.5692
0.1365	4.0994	0.2433	33.9992	34.3794
0.1370	4.0988	0.2430	33.0347	34.2557
0.1375	4.0984	0.2505	32.8916	34.2806
0.1380	4.0988	0.2464	33.1732	34.3775
0.1385	4.0992	0.2409	33.3751	34.4287
0.1390	4.0993	0.2328	33.3519	34.3881
0.1395	4.0997	0.2388	33.3159	34.4037
0.1400	4.0984	0.2437	33.5105	34.4921
0.1405	4.0986	0.2489	33.7785	34.5866
0.1410	4.0980	0.2549	33.8308	34.5315
0.1415	4.0970	0.2593	33.7894	34.4475
0.1420	4.0975	0.2653	33.9076	34.4003
0.1425	4.0972	0.2644	34.1736	34.4182
0.1430	4.0972	0.2623	34.2733	34.4047
0.1435	4.0973	0.2643	34.2344	34.4136
0.1440	4.0974	0.2584	34.3648	34.5622
0.1445	4.0974	0.2594	34.6010	34.6026
0.1450	4.0978	0.2594	34.6779	34.6129
0.1455	4.0981	0.2543	34.6158	34.4789
0.1460	4.0989	0.2444	34.6591	34.4302
0.1465	4.0993	0.2378	34.7995	34.5136
0.1470	4.1001	0.2340	34.9034	34.4947
0.1475	4.1005	0.2268	34.8521	34.4300
0.1480	4.1005	0.2245	34.8911	34.4321
0.1485	4.1011	0.2221	35.0307	34.4593
0.1490	4.1015	0.2177	35.1205	34.5841
0.1495	4.1015	0.2187	34.9845	34.6145
0.1500	4.1010	0.2218	34.9254	34.5629
0.1505	4.1013	0.2175	34.4456	34.5332
0.1510	4.1014	0.2151	34.3424	34.4589
0.1515	4.1021	0.2084	34.4899	34.3972
0.1520	4.1013	0.2215	34.4883	34.4743
0.1525	4.1024	0.2093	34.6663	34.5630
0.1530	4.1018	0.2129	34.8732	34.5257
0.1535	4.1013	0.2111	34.9562	34.4213
0.1540	4.1024	0.2086	34.9493	34.3787
0.1545	4.1024	0.2048	35.0646	34.4424
0.1550	4.1029	0.2034	35.2374	34.4647
0.1555	4.1025	0.2033	35.2928	34.5112
0.1560	4.1018	0.2135	35.2190	34.4721
0.1565	4.1003	0.2250	35.2158	34.3519
0.1570	4.0996	0.2328	35.3536	34.3227
0.1575	4.0985	0.2473	35.3800	34.3485
0.1580	4.0979	0.2561	35.2856	34.4023
0.1585	4.0975	0.2593	35.1966	34.3722
0.1590	4.0975	0.2639	35.2468	34.3544
0.1595	4.0970	0.2608	35.1555	34.3782
0.1600	4.0967	0.2618	34.9733	34.3898
0.1605	4.0962	0.2718	34.7045	34.3843
0.1610	4.0965	0.2706	34.7347	34.4568
0.1615	4.0957	0.2738	34.3573	34.4915
0.1620	4.0955	0.2790	34.1463	34.4292
0.1625	4.0962	0.2776	34.0363	34.4225
0.1630	4.0955	0.2798	33.9153	34.4578
0.1635	4.0961	0.2799	33.4578	34.5086
0.1640	4.0962	0.2742	33.0862	34.5705
0.1645	4.0969	0.2688	33.2818	34.6516
0.1650	4.0988	0.2547	33.3011	34.5442
0.1655	4.1007	0.2264	33.5525	34.3396
0.1660	4.1009	0.2188	33.6243	34.3137
0.1665	4.1008	0.2275	33.7013	34.3877
0.1670	4.1013	0.2174	33.7745	34.4009
0.1675	4.1020	0.2120	33.9647	34.4583
0.1680	4.1025	0.2006	34.0506	34.4825
0.1685	4.1022	0.1980	34.1121	34.5496
0.1690	4.1018	0.2136	34.2017	34.6024
0.1695	4.1015	0.2199	34.4179	34.6283
0.1700	4.1017	0.2161	34.5338	34.6125
0.1705	4.1031	0.2035	34.5911	34.5884
0.1710	4.1025	0.2031	34.6189	34.5531
0.1715	4.1030	0.2058	34.7486	34.4355
0.1720	4.1021	0.2093	34.8440	34.4057
0.1725	4.1015	0.2155	34.8503	34.4966
0.1730	4.1008	0.2195	34.7738	34.6041
0.1735	4.1007	0.2272	34.8898	34.6111
0.1740	4.1005	0.2256	35.0824	34.4726
0.1745	4.0997	0.2369	35.1769	34.4185
0.1750	4.0993	0.2465	34.9841	34.4626
0.1755	4.0980	0.2528	35.0164	34.4986
0.1760	4.0972	0.2659	34.8836	34.4841
0.1765	4.0965	0.2731	34.3617	34.4511
0.1770	4.0962	0.2750	34.3835	34.4324
0.1775	4.0957	0.2809	34.3292	34.4152
0.1780	4.0957	0.2793	34.6158	34.3611
0.1785	4.0960	0.2744	34.8335	34.3392
0.1790	4.0963	0.2733	34.8428	34.4235
0.1795	4.0967	0.2673	34.8054	34.3924
0.1800	4.0977	0.2585	35.0468	34.2700
0.1805	4.0986	0.2502	35.2645	34.2371
0.1810	4.1000	0.2385	35.2605	34.3592
0.1815	4.1008	0.2257	35.1744	34.3738
0.1820	4.0997	0.2363	35.2627	34.2929
0.1825	4.0992	0.2391	35.4104	34.1655
0.1830	4.0995	0.2417	35.4255	34.0742
0.1835	4.0994	0.2394	35.3056	34.1221
0.1840	4.0999	0.2331	35.2911	34.2575
0.1845	4.1007	0.2270	35.3873	34.3709
0.1850	4.1008	0.2225	35.3232	34.4397
0.1855	4.1013	0.2146	35.1050	34.4361
0.1860	4.1019	0.2175	34.9406	34.4981
0.1865	4.1016	0.2164	34.9095	34.3924
0.1870	4.1019	0.2181	34.8394	34.3039
0.1875	4.1008	0.2246	34.6124	34.2660
0.1880	4.1002	0.2290	34.3568	34.2338
0.1885	4.1002	0.2311	34.0996	34.2056
0.1890	4.0992	0.2365	34.1048	34.1838
0.1895	4.0999	0.2383	33.9303	34.2905
0.1900	4.0991	0.2418	33.4252	34.4832
0.1905	4.0988	0.2525	33.1667	34.6063
0.1910	4.0976	0.2543	33.5213	34.5588
0.1915	4.0976	0.2620	33.5757	34.3976
0.1920	4.0969	0.2670	33.5415	34.3580
0.1925	4.0964	0.2691	33.6258	34.3819
0.1930	4.0966	0.2668	33.9311	34.3987
0.1935	4.0969	0.2614	34.0378	34.4171
0.1940	4.0974	0.2599	33.9627	34.4158
0.1945	4.0983	0.2548	34.0248	34.4610
0.1950	4.0980	0.2557	34.3538	34.5090
0.1955	4.0976	0.2603	34.5108	34.5012
0.1960	4.0972	0.2630	34.4582	34.5383
0.1965	4.0973	0.2613	34.4548	34.4554
0.1970	4.0977	0.2589	34.7136	34.3315
0.1975	4.0998	0.2393	34.8613	34.2452
0.1980	4.1010	0.2212	34.7873	34.2648
0.1985	4.1011	0.2226	34.6731	34.2361
0.1990	4.1019	0.2075	34.9093	34.2266
0.1995	4.1026	0.2026	35.0808	34.2217
0.2000	4.1027	0.2032	35.0846	34.2697
0.2005	4.1022	0.2054	34.8614	34.2989
0.2010	4.1030	0.2072	35.1150	34.4065
0.2015	4.1030	0.2022	34.5050	34.5299
0.2020	4.1036	0.1960	34.0243	34.5058
0.2025	4.1037	0.1959	34.1392	34.4211
0.2030	4.1036	0.1960	34.1906	34.3588
0.2035	4.1035	0.1929	34.5609	34.3191
0.2040	4.1044	0.1918	34.6661	34.2787
0.2045	4.1029	0.1933	34.6853	34.3009
0.2050	4.1022	0.2093	34.6986	34.3590
0.2055	4.1013	0.2163	35.0021	34.3854
0.2060	4.1000	0.2292	35.1677	34.3798
0.2065	4.0986	0.2422	35.1274	34.3986
0.2070	4.0978	0.2566	35.0937	34.4170
0.2075	4.0972	0.2638	35.2889	34.4216
0.2080	4.0965	0.2680	35.4337	34.3991
0.2085	4.0962	0.2816	35.3443	34.3582
0.2090	4.0963	0.2750	35.2091	34.3380
0.2095	4.0964	0.2712	35.3246	34.3143
0.2100	4.0966	0.2673	35.5034	34.4183
0.2105	4.0962	0.2700	35.3898	34.5325
0.2110	4.0964	0.2681	35.1311	34.5068
0.2115	4.0964	0.2732	35.0702	34.4729
0.2120	4.0974	0.2582	35.1483	34.5411
0.2125	4.0982	0.2478	34.9624	34.5249
0.2130	4.1002	0.2328	34.6400	34.5205
0.2135	4.1019	0.2103	34.4659	34.5263
0.2140	4.1021	0.2080	34.5931	34.4703
0.2145	4.1022	0.2129	33.9588	34.3936
0.2150	4.1024	0.2032	33.5135	34.3211
0.2155	4.1020	0.2114	33.5563	34.3522
0.2160	4.1014	0.2130	33.7150	34.3958
0.2165	4.1018	0.2148	33.5308	34.6046
0.2170	4.1015	0.2195	33.3796	34.6834
0.2175	4.1015	0.2183	33.3848	34.5754
0.2180	4.1018	0.2103	33.6628	34.5406
0.2185	4.1025	0.2033	33.9413	34.5130
0.2190	4.1029	0.1982	33.8830	34.4773
0.2195	4.1033	0.2012	33.8782	34.3827
0.2200	4.1033	0.2002	34.1066	34.3217
0.2205	4.1031	0.2010	34.3624	34.3562
0.2210	4.1024	0.2054	34.3429	34.4871
0.2215	4.1020	0.2128	34.3054	34.5677
0.2220	4.1016	0.2148	34.5302	34.6598
0.2225	4.1008	0.2224	34.8256	34.7435
0.2230	4.1000	0.2376	34.8103	34.6433
0.2235	4.0987	0.2430	34.6698	34.4936
0.2240	4.0980	0.2564	34.8067	34.3181
0.2245	4.0972	0.2607	35.0545	34.2059
0.2250	4.0964	0.2709	35.0395	34.1912
0.2255	4.0957	0.2773	34.8920	34.1727
0.2260	4.0958	0.2798	34.9845	34.1211
0.2265	4.0963	0.2764	35.2442	34.1421
0.2270	4.0966	0.2667	35.0124	34.3415
0.2275	4.0969	0.2735	34.8179	34.4513
0.2280	4.0963	0.2641	34.9134	34.4749
0.2285	4.0972	0.2664	35.0428	34.4245
0.2290	4.0970	0.2621	35.0264	34.3611
0.2295	4.0985	0.2526	34.6256	34.3335
0.2300	4.0997	0.2359	34.3400	34.3504
0.2305	4.1008	0.2269	34.7057	34.3874
0.2310	4.1010	0.2248	34.8796	34.4647
0.2315	4.1019	0.2140	34.8870	34.4620
0.2320	4.1032	0.2019	34.9030	34.4216
0.2325	4.1023	0.2101	35.1020	34.3084
0.2330	4.1016	0.2174	35.2358	34.2993
0.2335	4.1016	0.2191	35.1672	34.3333
0.2340	4.1013	0.2148	35.1191	34.3627
0.2345	4.1014	0.2193	35.2649	34.3031
0.2350	4.1009	0.2210	35.3889	34.2324
0.2355	4.1006	0.2253	35.2730	34.2335
0.2360	4.1010	0.2212	35.1349	34.3753
0.2365	4.1011	0.2210	35.1866	34.5362
0.2370	4.1015	0.2169	35.2647	34.5317
0.2375	4.1013	0.2195	35.0563	34.5369
0.2380	4.1014	0.2180	34.8153	34.5731
0.2385	4.1015	0.2220	34.7210	34.6352
0.2390	4.1006	0.2194	34.7601	34.6988
0.2395	4.1007	0.2275	34.5151	34.7622
0.2400	4.0993	0.2397	34.3211	34.7140
0.2405	4.0993	0.2417	33.7882	34.5954
0.2410	4.0986	0.2565	33.1185	34.5277
0.2415	4.0974	0.2579	33.2540	34.4236
0.2420	4.0976	0.2602	33.0604	34.3798
0.2425	4.0981	0.2601	33.1254	34.3251
0.2430	4.0979	0.2585	33.4229	34.3128
0.2435	4.0978	0.2576	33.6059	34.2812
0.2440	4.0980	0.2498	33.5125	34.2916
0.2445	4.0982	0.2524	33.5755	34.3780
0.2450	4.0987	0.2472	33.8483	34.4376
0.2455	4.0995	0.2383	34.0476	34.4865
0.2460	4.1003	0.2287	33.9843	34.5435
0.2465	4.1007	0.2205	34.0372	34.5664
0.2470	4.1011	0.2208	34.2615	34.5694
0.2475	4.1006	0.2238	34.4744	34.5165
0.2480	4.1005	0.2260	34.4734	34.5300
0.2485	4.1008	0.2239	34.4831	34.5239
0.2490	4.1006	0.2283	34.6486	34.4479
0.2495	4.1004	0.2328	34.8616	34.3859
0.2500	4.1004	0.2283	34.8300	34.3664
0.2505	4.1012	0.2234	34.7266	34.3960
0.2510	4.1015	0.2189	34.8031	34.4255
0.2515	4.1012	0.2165	35.0700	34.4627
0.2520	4.1014	0.2215	35.0572	34.4255
0.2525	4.1011	0.2197	35.0040	34.3365
0.2530	4.1013	0.2163	34.8232	34.2774
0.2535	4.1023	0.2076	34.9027	34.3302
0.2540	4.1024	0.2027	35.0437	34.4271
0.2545	4.1022	0.2079	34.8413	34.5368
0.2550	4.1025	0.2032	34.7611	34.5693
0.2555	4.1027	0.2080	34.8473	34.6867
0.2560	4.1019	0.2107	34.7404	34.7809
0.2565	4.1021	0.2124	34.4296	34.6875
0.2570	4.1017	0.2082	34.5156	34.6626
0.2575	4.1013	0.2136	34.8142	34.6119
0.2580	4.1008	0.2299	35.1081	34.5192
0.2585	4.0995	0.2402	34.9711	34.4460
0.2590	4.0996	0.2391	34.8668	34.4349
0.2595	4.0992	0.2388	35.1003	34.4965
0.2600	4.0993	0.2414	35.3489	34.6016
0.2605	4.0993	0.2431	35.1751	34.6785
0.2610	4.0995	0.2402	34.9854	34.5650
0.2615	4.0991	0.2416	35.1172	34.5248
0.2620	4.0998	0.2311	35.3784	34.4708
0.2625	4.1006	0.2276	35.2314	34.5900
0.2630	4.1012	0.2273	34.9290	34.6490
0.2635	4.1013	0.2219	34.8579	34.6357
0.2640	4.1020	0.2154	34.9974	34.6458
0.2645	4.1015	0.2092	34.8387	34.6176
0.2650	4.1027	0.2070	34.5086	34.5488
0.2655	4.1011	0.2155	34.3005	34.5768
0.2660	4.1016	0.2177	34.4547	34.6520
0.2665	4.1014	0.2184	34.0644	34.7016
0.2670	4.1014	0.2142	32.8919	34.6472
0.2675	4.1012	0.2179	32.9510	34.5568
0.2680	4.1020	0.2176	33.2099	34.5716
0.2685	4.1018	0.2127	33.2666	34.5812
0.2690	4.1021	0.2033	33.1547	34.5478
0.2695	4.1022	0.2130	33.2709	34.3867
0.2700	4.1026	0.2053	33.5454	34.2982
0.2705	4.1030	0.1989	33.7390	34.2839
0.2710	4.1036	0.1967	33.6282	34.3675
0.2715	4.1034	0.1974	33.6954	34.4443
0.2720	4.1026	0.2011	33.9911	34.5028
0.2725	4.1019	0.2117	34.1735	34.6443
0.2730	4.1011	0.2214	34.0887	34.6247
0.2735	4.1004	0.2330	34.1183	34.4987
0.2740	4.0994	0.2371	34.4123	34.3813
0.2745	4.0989	0.2468	34.6549	34.3852
0.2750	4.0973	0.2601	34.5864	34.3808
0.2755	4.0972	0.2639	34.5059	34.3364
0.2760	4.0969	0.2599	34.6799	34.3389
0.2765	4.0975	0.2593	34.8827	34.4243
0.2770	4.0975	0.2562	34.8373	34.6368
0.2775	4.0978	0.2490	34.7317	34.6895
0.2780	4.0984	0.2485	34.8731	34.4914
0.2785	4.0969	0.2626	35.0703	34.3298
0.2790	4.0963	0.2731	35.0663	34.2382
0.2795	4.0979	0.2576	34.8632	34.2605
0.2800	4.0980	0.2566	34.7215	34.3401
0.2805	4.0985	0.2523	34.9710	34.3843
0.2810	4.1009	0.2289	34.9556	34.4405
0.2815	4.1011	0.2215	34.6864	34.5866
0.2820	4.1016	0.2163	34.5761	34.6540
0.2825	4.1014	0.2190	34.6072	34.5403
0.2830	4.1006	0.2285	34.6562	34.5925
0.2835	4.1005	0.2296	34.6539	34.6870
0.2840	4.1011	0.2205	34.6667	34.6202
0.2845	4.1005	0.2259	34.9326	34.5831
0.2850	4.1009	0.2204	35.0702	34.5817
0.2855	4.1011	0.2195	34.9686	34.5972
0.2860	4.1007	0.2210	34.9326	34.6965
0.2865	4.1011	0.2234	35.1135	34.5793
0.2870	4.1002	0.2252	35.2585	34.4567
0.2875	4.1010	0.2234	35.1162	34.3991
0.2880	4.1009	0.2246	34.9744	34.4071
0.2885	4.1014	0.2201	35.0644	34.3850
0.2890	4.1007	0.2274	35.1957	34.4517
0.2895	4.0998	0.2256	34.9584	34.5556
0.2900	4.1005	0.2290	34.6953	34.5498
0.2905	4.0994	0.2384	34.6275	34.5467
0.2910	4.0990	0.2471	34.7583	34.5317
0.2915	4.0983	0.2504	34.4609	34.6282
0.2920	4.0974	0.2587	34.2548	34.7075
0.2925	4.0974	0.2623	33.2693	34.6343
0.2930	4.0978	0.2579	32.8467	34.5421
0.2935	4.0969	0.2619	33.1571	34.4723
0.2940	4.0973	0.2606	32.9405	34.4610
0.2945	4.0976	0.2604	32.9758	34.5147
0.2950	4.0973	0.2558	33.2472	34.4485
0.2955	4.0992	0.2487	33.4265	34.3336
0.2960	4.0990	0.2393	33.3489	34.2842
0.2965	4.0990	0.2444	33.4002	34.2845
0.2970	4.0992	0.2463	33.6401	34.3404
0.2975	4.0996	0.2377	33.9077	34.3803
0.2980	4.1001	0.2295	33.8875	34.5034
0.2985	4.1005	0.2260	33.8361	34.5205
0.2990	4.1008	0.2263	33.9978	34.5254
0.2995	4.1007	0.2237	34.2784	34.5674
0.3000	4.1002	0.2254	34.3812	34.6081
0.3005	4.0996	0.2328	34.3810	34.7239
0.3010	4.0996	0.2367	34.4808	34.7448
0.3015	4.1004	0.2304	34.6658	34.7297
0.3020	4.1007	0.2201	34.6934	34.6116
0.3025	4.1010	0.2181	34.6558	34.5702
0.3030	4.1014	0.2160	34.7353	34.5760
0.3035	4.1009	0.2230	34.8695	34.5862
0.3040	4.1008	0.2235	34.8914	34.5039
0.3045	4.1001	0.2309	34.8689	34.4749
0.3050	4.0996	0.2367	34.9305	34.4763
0.3055	4.0991	0.2413	35.0483	34.5474
0.3060	4.0983	0.2427	35.0363	34.6126
0.3065	4.0976	0.2536	34.9288	34.7036
0.3070	4.0973	0.2579	34.5185	34.7050
0.3075	4.0969	0.2642	34.5468	34.6906
0.3080	4.0963	0.2709	34.6550	34.7084
0.3085	4.0965	0.2685	34.5727	34.6916
0.3090	4.0969	0.2687	34.5291	34.6230
0.3095	4.0973	0.2632	34.7032	34.7193
0.3100	4.0965	0.2655	34.9125	34.7372
0.3105	4.0962	0.2704	34.9314	34.5749
0.3110	4.0965	0.2694	34.9108	34.4788
0.3115	4.0968	0.2696	35.0366	34.5118
0.3120	4.0969	0.2677	35.2118	34.5711
0.3125	4.0972	0.2632	35.2221	34.5651
0.3130	4.0972	0.2585	35.1375	34.4923
0.3135	4.0975	0.2512	35.1647	34.4226
0.3140	4.0962	0.2723	35.2670	34.4567
0.3145	4.0975	0.2627	35.2787	34.5309
0.3150	4.0977	0.2573	35.1377	34.5237
0.3155	4.0980	0.2605	35.0458	34.4859
0.3160	4.0991	0.2416	35.0278	34.4890
0.3165	4.1003	0.2309	34.9481	34.4646
0.3170	4.1004	0.2246	34.6812	34.4595
0.3175	4.1011	0.2286	34.5835	34.4862
0.3180	4.0999	0.2354	34.3164	34.5810
0.3185	4.0995	0.2359	33.9623	34.6096
0.3190	4.0994	0.2350	33.9279	34.4464
0.3195	4.0997	0.2402	33.1273	34.2962
0.3200	4.0988	0.2427	32.9660	34.2600
0.3205	4.0992	0.2434	33.2161	34.3394
0.3210	4.0998	0.2328	33.1864	34.3636
0.3215	4.1004	0.2275	33.2271	34.3273
0.3220	4.1004	0.2300	33.3975	34.3211
0.3225	4.0996	0.2377	33.5862	34.3475
0.3230	4.0986	0.2384	33.6127	34.5402
0.3235	4.0986	0.2496	33.6630	34.5686
0.3240	4.0984	0.2565	33.8452	34.4789
0.3245	4.0973	0.2555	34.0110	34.4354
0.3250	4.0978	0.2546	34.0400	34.4204
0.3255	4.0980	0.2543	34.0968	34.4195
0.3260	4.0975	0.2532	34.2602	34.3971
0.3265	4.0980	0.2564	34.4643	34.4977
0.3270	4.0984	0.2499	34.5193	34.5451
0.3275	4.0986	0.2485	34.5210	34.5983
0.3280	4.0990	0.2402	34.6063	34.5034
0.3285	4.1004	0.2280	34.7633	34.4014
0.3290	4.1010	0.2222	34.7730	34.4905
0.3295	4.1016	0.2178	34.7352	34.5085
0.3300	4.1016	0.2120	34.8008	34.4631
0.3305	4.1024	0.2054	35.0015	34.4170
0.3310	4.1038	0.1971	35.0365	34.4317
0.3315	4.1041	0.1929	34.9787	34.5224
0.3320	4.1035	0.1890	34.9088	34.5850
0.3325	4.1033	0.1965	35.0814	34.5340
0.3330	4.1029	0.2038	34.6783	34.5121
0.3335	4.1032	0.1988	34.1987	34.4610
0.3340	4.1030	0.2003	34.3478	34.4224
0.3345	4.1029	0.2059	34.5093	34.4668
0.3350	4.1025	0.2032	34.7192	34.6054
0.3355	4.1031	0.2030	34.7488	34.5680
0.3360	4.1022	0.2080	34.8000	34.4832
0.3365	4.1023	0.2072	34.9823	34.4697
0.3370	4.1032	0.2017	35.1497	34.4505
0.3375	4.1032	0.1962	35.1171	34.4306
0.3380	4.1034	0.1990	35.1177	34.4623
0.3385	4.1027	0.2047	35.2758	34.4747
0.3390	4.1013	0.2179	35.3725	34.3569
0.3395	4.1001	0.2280	35.2752	34.3154
0.3400	4.0995	0.2399	35.1546	34.3360
0.3405	4.0986	0.2448	35.2825	34.4060
0.3410	4.0987	0.2485	35.4027	34.3803
0.3415	4.0981	0.2541	35.2277	34.3385
0.3420	4.0976	0.2567	34.9020	34.3386
0.3425	4.0975	0.2654	34.9614	34.3561
0.3430	4.0971	0.2605	35.0343	34.3403
0.3435	4.0973	0.2628	34.8535	34.4366
0.3440	4.0969	0.2667	34.2552	34.5469
0.3445	4.0961	0.2716	33.9782	34.5193
0.3450	4.0967	0.2655	34.2860	34.5050
0.3455	4.0972	0.2629	34.0870	34.4845
0.3460	4.0982	0.2479	33.5111	34.4919
0.3465	4.0990	0.2450	32.9136	34.5070
0.3470	4.0988	0.2393	33.4026	34.5931
0.3475	4.1011	0.2212	33.4601	34.5356
0.3480	4.1032	0.2012	33.3262	34.3371
0.3485	4.1028	0.2000	33.3683	34.2717
0.3490	4.1023	0.2083	33.7699	34.3914
0.3495	4.1021	0.2065	33.9494	34.4369
0.3500	4.1023	0.2098	33.8097	34.4875
0.3505	4.1029	0.1994	33.7844	34.5248
0.3510	4.1028	0.2036	34.1368	34.5528
0.3515	4.1015	0.2204	34.3775	34.5698
0.3520	4.1013	0.2166	34.2899	34.5732
0.3525	4.1021	0.2160	34.2386	34.5847
0.3530	4.1028	0.2014	34.5569	34.5209
0.3535	4.1027	0.1956	34.8263	34.4950
0.3540	4.1028	0.1994	34.7046	34.4540
0.3545	4.1029	0.2047	34.5463	34.4061
0.3550	4.1022	0.2096	34.7301	34.4968
0.3555	4.1019	0.2104	35.0204	34.6138
0.3560	4.1013	0.2143	35.0059	34.6618
0.3565	4.1011	0.2220	34.8098	34.5064
0.3570	4.1006	0.2243	34.9108	34.3813
0.3575	4.0996	0.2408	35.2037	34.3769
0.3580	4.0988	0.2513	35.2050	34.4136
0.3585	4.0977	0.2564	34.8669	34.4293
0.3590	4.0970	0.2669	34.1448	34.4146
0.3595	4.0963	0.2676	34.4333	34.4335
0.3600	4.0952	0.2818	34.6137	34.4392
0.3605	4.0956	0.2850	34.4422	34.4295
0.3610	4.0954	0.2825	34.4711	34.3746
0.3615	4.0965	0.2732	34.8672	34.4316
0.3620	4.0978	0.2596	35.0953	34.4065
0.3625	4.0988	0.2461	34.9547	34.2657
0.3630	4.0998	0.2390	34.8957	34.1560
0.3635	4.1005	0.2254	35.2037	34.2374
0.3640	4.1018	0.2156	35.4577	34.2916
0.3645	4.1010	0.2195	35.3006	34.2721
0.3650	4.1002	0.2316	35.1026	34.2040
0.3655	4.1001	0.2331	35.2749	34.1123
0.3660	4.0998	0.2336	35.5456	34.1480
0.3665	4.1002	0.2316	35.4417	34.2725
0.3670	4.1004	0.2286	35.1552	34.3727
0.3675	4.1009	0.2279	35.1567	34.4193
0.3680	4.1016	0.2148	35.3051	34.3580
0.3685	4.1012	0.2235	35.1772	34.3999
0.3690	4.1012	0.2219	34.7805	34.3610
0.3695	4.1010	0.2200	34.6438	34.2694
0.3700	4.1007	0.2245	34.7080	34.2631
0.3705	4.1000	0.2272	34.6450	34.2697
0.3710	4.1004	0.2270	34.1112	34.2707
0.3715	4.0998	0.2316	33.8714	34.2298
0.3720	4.1003	0.2287	34.0142	34.2735
0.3725	4.1001	0.2342	33.7990	34.4232
0.3730	4.0998	0.2415	33.1630	34.5376
0.3735	4.0982	0.2491	33.1729	34.5406
0.3740	4.0977	0.2614	33.5020	34.4009
0.3745	4.0971	0.2617	33.7198	34.3114
0.3750	4.0964	0.2730	33.6535	34.3279
0.3755	4.0968	0.2709	33.6147	34.3785
0.3760	4.0971	0.2670	33.8821	34.3963
0.3765	4.0975	0.2629	34.1463	34.4268
0.3770	4.0975	0.2606	34.1058	34.4499
0.3775	4.0974	0.2602	34.0496	34.5060
0.3780	4.0975	0.2611	34.2952	34.4911
0.3785	4.0969	0.2633	34.6158	34.5074
0.3790	4.0967	0.2655	34.6096	34.4536
0.3795	4.0976	0.2645	34.4773	34.3314
0.3800	4.0978	0.2513	34.5846	34.2091
0.3805	4.1007	0.2267	34.9069	34.2384
0.3810	4.1009	0.2200	34.9015	34.2466
0.3815	4.1023	0.2164	34.7345	34.2326
0.3820	4.1016	0.2121	34.7430	34.2175
0.3825	4.1026	0.2055	35.0924	34.2482
0.3830	4.1016	0.2155	35.1405	34.2753
0.3835	4.1014	0.2145	35.0624	34.3537
0.3840	4.1021	0.2111	34.5802	34.4731
0.3845	4.1024	0.2103	33.9396	34.4931
0.3850	4.1027	0.2000	34.2998	34.3997
0.3855	4.1027	0.2041	34.1836	34.3293
0.3860	4.1027	0.2036	34.2569	34.2978
0.3865	4.1029	0.2041	34.5218	34.2602
0.3870	4.1032	0.2041	34.8328	34.2639
0.3875	4.1023	0.2039	34.7239	34.3264
0.3880	4.1021	0.2157	34.7016	34.3530
0.3885	4.1006	0.2290	35.0028	34.3455
0.3890	4.0992	0.2370	35.2900	34.3540
0.3895	4.0984	0.2514	35.1840	34.3658
0.3900	4.0970	0.2618	35.0343	34.3963
0.3905	4.0974	0.2697	35.2196	34.4066
0.3910	4.0964	0.2740	35.4664	34.3689
0.3915	4.0964	0.2725	35.3732	34.3277
0.3920	4.0971	0.2620	35.1707	34.2866
0.3925	4.0976	0.2595	35.2743	34.3407
0.3930	4.0974	0.2617	35.4681	34.4521
0.3935	4.0968	0.2688	35.3383	34.4803
0.3940	4.0970	0.2727	34.9794	34.4257
0.3945	4.0963	0.2679	34.9423	34.4942
0.3950	4.0974	0.2583	35.0220	34.5301
0.3955	4.0996	0.2345	34.9064	34.5214
0.3960	4.1015	0.2184	34.4690	34.5424
0.3965	4.1019	0.2069	34.3986	34.5079
0.3970	4.1027	0.2088	34.1553	34.4185
0.3975	4.1034	0.2027	33.7434	34.3004
0.3980	4.1028	0.2030	33.6192	34.2876
0.3985	4.1024	0.2083	33.5096	34.3094
0.3990	4.1021	0.2054	33.4518	34.4537
0.3995	4.1024	0.2033	33.4577	34.6408
0.4000	4.1024	0.2110	33.5389	34.5924
0.4005	4.1029	0.2003	33.4456	34.5583
0.4010	4.1035	0.1954	33.6938	34.5349
0.4015	4.1039	0.1863	33.9508	34.5288
0.4020	4.1040	0.1894	34.0134	34.4476
0.4025	4.1034	0.1941	33.9097	34.3477
0.4030	4.1034	0.1937	34.0865	34.3392
0.4035	4.1028	0.2027	34.3889	34.4053
0.4040	4.1025	0.2098	34.4890	34.4846
0.4045	4.1011	0.2135	34.3815	34.5586
0.4050	4.1007	0.2201	34.5200	34.6710
0.4055	4.0998	0.2333	34.7946	34.6612
0.4060	4.0989	0.2452	34.8811	34.5177
0.4065	4.0988	0.2496	34.7339	34.3801
0.4070	4.0982	0.2491	34.7585	34.2388
0.4075	4.0976	0.2598	34.9792	34.2011
0.4080	4.0964	0.2743	35.1249	34.1879
0.4085	4.0964	0.2726	34.9462	34.1454
0.4090	4.0971	0.2660	34.9562	34.1026
0.4095	4.0976	0.2620	34.9878	34.2508
0.4100	4.0980	0.2572	35.0082	34.3750
0.4105	4.0977	0.2585	34.9698	34.4346
0.4110	4.0982	0.2488	34.8102	34.4067
0.4115	4.0985	0.2464	34.8775	34.3689
0.4120	4.0993	0.2421	34.9832	34.3302
0.4125	4.1010	0.2260	34.4998	34.3591
0.4130	4.1019	0.2183	34.4069	34.3827
0.4135	4.1012	0.2157	34.6637	34.4699
0.4140	4.1015	0.2120	34.9455	34.4745
0.4145	4.1035	0.1983	35.0174	34.4343
0.4150	4.1031	0.1981	34.8890	34.3043
0.4155	4.1027	0.2012	35.0013	34.2403
0.4160	4.1032	0.2004	35.2571	34.2608
0.4165	4.1025	0.2069	35.3064	34.2964
0.4170	4.1030	0.2024	35.1120	34.2926
0.4175	4.1023	0.2002	35.0938	34.2228
0.4180	4.1019	0.2148	35.3000	34.2361
0.4185	4.1019	0.2095	35.3773	34.3250
0.4190	4.1026	0.2039	35.1817	34.5122
0.4195	4.1026	0.2016	35.0201	34.5501
0.4200	4.1022	0.2040	35.0694	34.5117
0.4205	4.1025	0.2038	35.0593	34.5307
0.4210	4.1026	0.2030	34.7817	34.5553
0.4215	4.1022	0.2045	34.5150	34.6298
0.4220	4.1022	0.2104	34.5360	34.7140
0.4225	4.1017	0.2207	34.5492	34.7441
0.4230	4.1007	0.2260	34.1809	34.6137
0.4235	4.1005	0.2260	32.9983	34.5361
0.4240	4.0995	0.2410	33.0206	34.4414
0.4245	4.0986	0.2454	33.3618	34.3826
0.4250	4.0985	0.2443	33.2158	34.3353
0.4255	4.0991	0.2455	33.0692	34.3009
0.4260	4.0991	0.2425	33.3004	34.2808
0.4265	4.0992	0.2418	33.7294	34.2444
0.4270	4.0991	0.2385	33.7683	34.2635
0.4275	4.0997	0.2354	33.5312	34.3210
0.4280	4.1005	0.2317	33.6949	34.4101
0.4285	4.1007	0.2207	34.1640	34.4897
0.4290	4.1010	0.2239	34.2611	34.5443
0.4295	4.1016	0.2188	33.9943	34.5796
0.4300	4.1016	0.2236	34.0624	34.5473
0.4305	4.1008	0.2189	34.5748	34.5257
0.4310	4.1015	0.2157	34.7880	34.5433
0.4315	4.1011	0.2181	34.4943	34.4563
0.4320	4.1012	0.2214	34.4146	34.3508
0.4325	4.1012	0.2185	34.8322	34.2891
0.4330	4.1013	0.2190	35.0908	34.2915
0.4335	4.1011	0.2157	34.7970	34.3332
0.4340	4.1011	0.2235	34.6031	34.3834
0.4345	4.1008	0.2221	34.9506	34.4153
0.4350	4.1007	0.2252	35.3236	34.3954
0.4355	4.1006	0.2280	35.0039	34.2941
0.4360	4.1017	0.2222	34.4484	34.3122
0.4365	4.1020	0.2153	34.8626	34.3608
0.4370	4.1017	0.2086	35.1839	34.4558
0.4375	4.1023	0.2141	34.9723	34.4821
0.4380	4.1024	0.2058	34.5114	34.5566
0.4385	4.1017	0.2156	34.5904	34.6840
0.4390	4.1020	0.2141	34.7399	34.6749
0.4395	4.1013	0.2170	34.7223	34.6265
0.4400	4.1014	0.2151	34.4803	34.6255
0.4405	4.1006	0.2230	34.6900	34.5754
0.4410	4.1001	0.2325	35.1819	34.4857
0.4415	4.0992	0.2408	35.1658	34.4307
0.4420	4.0985	0.2463	34.8328	34.4640
0.4425	4.0992	0.2426	34.9108	34.4714
0.4430	4.0993	0.2383	35.3339	34.5982
0.4435	4.0995	0.2417	35.3525	34.5251
0.4440	4.0995	0.2365	34.9879	34.4368
0.4445	4.1004	0.2335	34.9232	34.4150
0.4450	4.1008	0.2199	35.3068	34.4911
0.4455	4.1005	0.2251	35.3425	34.6421
0.4460	4.1010	0.2217	34.8825	34.6427
0.4465	4.1020	0.2068	34.6128	34.6666
0.4470	4.1025	0.2099	34.8742	34.6426
0.4475	4.1034	0.2019	34.8980	34.5539
0.4480	4.1027	0.2069	34.4651	34.4739
0.4485	4.1028	0.2017	34.0363	34.5402
0.4490	4.1028	0.2007	34.2596	34.5878
0.4495	4.1023	0.2055	33.5447	34.5812
0.4500	4.1026	0.2042	32.9431	34.5125
0.4505	4.1026	0.2052	32.8420	34.4994
0.4510	4.1021	0.2053	33.0500	34.5534
0.4515	4.1023	0.2081	33.4190	34.6146
0.4520	4.1029	0.2046	33.3875	34.5009
0.4525	4.1024	0.2033	33.1756	34.3663
0.4530	4.1029	0.2041	33.3860	34.3261
0.4535	4.1031	0.1991	33.8474	34.3196
0.4540	4.1033	0.1959	33.8802	34.3663
0.4545	4.1030	0.1998	33.6637	34.3674
0.4550	4.1024	0.2071	33.8015	34.4804
0.4555	4.1012	0.2194	34.2498	34.5772
0.4560	4.1003	0.2266	34.3530	34.5184
0.4565	4.0993	0.2410	34.1351	34.4123
0.4570	4.0986	0.2477	34.2103	34.4024
0.4575	4.0975	0.2562	34.6551	34.4341
0.4580	4.0973	0.2617	34.8222	34.3546
0.4585	4.0970	0.2623	34.5602	34.3229
0.4590	4.0973	0.2632	34.4854	34.3216
0.4595	4.0978	0.2620	34.8097	34.4640
0.4600	4.0979	0.2549	35.0338	34.6177
0.4605	4.0989	0.2460	34.8036	34.5055
0.4610	4.0984	0.2531	34.6868	34.3372
0.4615	4.0971	0.2664	34.9721	34.2511
0.4620	4.0975	0.2617	35.2491	34.2492
0.4625	4.0987	0.2501	34.8418	34.3031
0.4630	4.0985	0.2479	34.5895	34.3996
0.4635	4.0999	0.2304	34.8176	34.4205
0.4640	4.1013	0.2239	34.9341	34.4931
0.4645	4.1014	0.2166	34.7344	34.6050
0.4650	4.1012	0.2183	34.4420	34.5368
0.4655	4.1013	0.2192	34.4541	34.4923
0.4660	4.1006	0.2272	34.7503	34.6026
0.4665	4.1009	0.2267	34.7810	34.6184
0.4670	4.1003	0.2229	34.6933	34.5525
0.4675	4.1003	0.2271	34.8484	34.5847
0.4680	4.1004	0.2287	35.0907	34.5970
0.4685	4.1003	0.2332	35.0928	34.6758
0.4690	4.1005	0.2301	34.9486	34.6700
0.4695	4.1006	0.2328	35.0299	34.4825
0.4700	4.1011	0.2230	35.1886	34.3841
0.4705	4.1010	0.2219	35.1541	34.3313
0.4710	4.1005	0.2260	34.9495	34.3223
0.4715	4.1005	0.2271	34.9760	34.3339
0.4720	4.0998	0.2313	35.0845	34.4969
0.4725	4.0993	0.2393	34.9683	34.5670
0.4730	4.0988	0.2418	34.6092	34.6221
0.4735	4.0991	0.2512	34.5193	34.6464
0.4740	4.0979	0.2560	34.5344	34.6380
0.4745	4.0976	0.2602	34.5145	34.6975
0.4750	4.0969	0.2687	33.8580	34.6307
0.4755	4.0972	0.2614	32.6693	34.4928
0.4760	4.0966	0.2704	33.0019	34.3894
0.4765	4.0962	0.2750	33.1386	34.3526
0.4770	4.0961	0.2781	32.9455	34.4189
0.4775	4.0960	0.2734	32.9330	34.4926
0.4780	4.0973	0.2596	33.2797	34.4244
0.4785	4.0986	0.2469	33.5090	34.3734
0.4790	4.0988	0.2455	33.4273	34.3386
0.4795	4.0987	0.2419	33.3623	34.3407
0.4800	4.0995	0.2391	33.6867	34.3553
0.4805	4.1006	0.2314	33.9792	34.4028
0.4810	4.1006	0.2290	33.8965	34.4414
0.4815	4.1001	0.2314	33.7837	34.4219
0.4820	4.1004	0.2297	34.0895	34.5117
0.4825	4.1002	0.2273	34.4416	34.5472
0.4830	4.1009	0.2238	34.4032	34.6895
0.4835	4.0998	0.2312	34.2558	34.7584
0.4840	4.0995	0.2368	34.4765	34.8033
0.4845	4.1005	0.2301	34.7962	34.7284
0.4850	4.1012	0.2243	34.7542	34.5883
0.4855	4.1014	0.2186	34.5287	34.5246
0.4860	4.1016	0.2148	34.6559	34.5211
0.4865	4.1010	0.2213	34.9716	34.4735
0.4870	4.1001	0.2267	35.0051	34.3885
0.4875	4.0999	0.2334	34.7639	34.4111
0.4880	4.0991	0.2435	34.8254	34.4719
0.4885	4.0989	0.2484	35.0784	34.6540
0.4890	4.0982	0.2508	35.1334	34.7617
0.4895	4.0976	0.2579	34.6213	34.7630
0.4900	4.0975	0.2616	34.3094	34.7272
0.4905	4.0967	0.2659	34.6922	34.6967
0.4910	4.0966	0.2752	34.7382	34.6584
0.4915	4.0965	0.2713	34.4451	34.5816
0.4920	4.0973	0.2667	34.3940	34.5829
0.4925	4.0974	0.2660	34.8409	34.6882
0.4930	4.0967	0.2641	35.0680	34.6152
0.4935	4.0965	0.2702	34.8725	34.4914
0.4940	4.0972	0.2680	34.7707	34.4963
0.4945	4.0973	0.2616	35.1318	34.5559
0.4950	4.0965	0.2655	35.3723	34.5984
0.4955	4.0975	0.2599	35.1288	34.5363
0.4960	4.0975	0.2555	34.9322	34.4298
0.4965	4.0970	0.2653	35.2169	34.3894
0.4970	4.0965	0.2688	35.4595	34.4458
0.4975	4.0976	0.2614	35.2054	34.4976
0.4980	4.0971	0.2600	34.8402	34.4650
0.4985	4.0975	0.2591	34.9459	34.4689
0.4990	4.0991	0.2461	35.1719	34.4939
0.4995	4.0999	0.2364	34.9217	34.4683
0.5000	4.0995	0.2325	34.4213	34.4656
0.5005	4.1000	0.2364	34.3435	34.5090
0.5010	4.0992	0.2380	34.1593	34.5932
0.5015	4.0992	0.2402	34.1011	34.4875
0.5020	4.0991	0.2429	33.4878	34.2935
0.5025	4.0988	0.2457	32.7707	34.2132
0.5030	4.0983	0.2515	33.1838	34.2532
0.5035	4.0989	0.2485	33.3692	34.3461
0.5040	4.0994	0.2396	33.0979	34.3664
0.5045	4.0996	0.2361	33.0879	34.3517
0.5050	4.0992	0.2393	33.5391	34.3754
0.5055	4.0986	0.2457	33.7862	34.4700
0.5060	4.0984	0.2509	33.5413	34.5707
0.5065	4.0977	0.2565	33.4754	34.4723
0.5070	4.0971	0.2573	33.9279	34.3994
0.5075	4.0970	0.2638	34.2829	34.3521
0.5080	4.0966	0.2709	34.0836	34.3854
0.5085	4.0968	0.2700	33.8634	34.3552
0.5090	4.0970	0.2654	34.2117	34.4275
0.5095	4.0973	0.2670	34.6883	34.5517
0.5100	4.0980	0.2555	34.6431	34.5691
0.5105	4.0980	0.2514	34.3651	34.5805
0.5110	4.0990	0.2420	34.4882	34.4126
0.5115	4.0995	0.2395	34.8748	34.4138
0.5120	4.0999	0.2348	34.8985	34.4656
0.5125	4.1002	0.2284	34.6132	34.4459
0.5130	4.1010	0.2242	34.6668	34.3852
0.5135	4.1022	0.2091	35.0743	34.3956
0.5140	4.1028	0.2025	35.1712	34.4331
0.5145	4.1023	0.2084	34.8459	34.5584
0.5150	4.1020	0.2089	34.7525	34.5738
0.5155	4.1013	0.2117	35.0108	34.5269
0.5160	4.1018	0.2128	34.5282	34.5051
0.5165	4.1025	0.2059	34.1917	34.4084
0.5170	4.1027	0.1971	34.1949	34.3699
0.5175	4.1028	0.2018	34.5825	34.4726
0.5180	4.1037	0.1930	34.9014	34.5155
0.5185	4.1031	0.1991	34.7563	34.4410
0.5190	4.1028	0.1974	34.6635	34.3653
0.5195	4.1040	0.1917	34.9788	34.3979
0.5200	4.1042	0.1885	35.2742	34.4431
0.5205	4.1042	0.1901	35.1751	34.4573
0.5210	4.1030	0.1910	35.0060	34.5040
0.5215	4.1023	0.2104	35.1758	34.4285
0.5220	4.1006	0.2195	35.4079	34.3109
0.5225	4.0995	0.2350	35.3364	34.2790
0.5230	4.0990	0.2472	35.1193	34.3146
0.5235	4.0981	0.2489	35.1935	34.3488
0.5240	4.0980	0.2551	35.3488	34.3185
0.5245	4.0976	0.2579	35.2354	34.3254
0.5250	4.0976	0.2561	34.8604	34.3337
0.5255	4.0978	0.2581	34.8018	34.3464
0.5260	4.0974	0.2632	34.8772	34.3744
0.5265	4.0967	0.2631	34.7825	34.4709
0.5270	4.0968	0.2712	34.0379	34.4788
0.5275	4.0972	0.2650	33.9625	34.3998
0.5280	4.0971	0.2617	34.1015	34.4100
0.5285	4.0972	0.2644	33.9419	34.4203
0.5290	4.0975	0.2582	33.1272	34.4447
0.5295	4.0972	0.2524	32.9456	34.5322
0.5300	4.0991	0.2451	33.3574	34.5923
0.5305	4.1018	0.2128	33.4604	34.4579
0.5310	4.1027	0.2051	33.4223	34.2773
0.5315	4.1021	0.2091	33.4143	34.3001
0.5320	4.1014	0.2126	33.7279	34.3902
0.5325	4.1017	0.2151	33.9463	34.3997
0.5330	4.1022	0.2124	33.9101	34.4660
0.5335	4.1024	0.2015	33.8255	34.4856
0.5340	4.1017	0.2123	34.0721	34.5321
0.5345	4.1008	0.2186	34.3600	34.5650
0.5350	4.1013	0.2239	34.3994	34.5695
0.5355	4.1020	0.2107	34.3327	34.6104
0.5360	4.1030	0.2054	34.5419	34.5892
0.5365	4.1024	0.2054	34.7463	34.4879
0.5370	4.1029	0.2043	34.7398	34.3958
0.5375	4.1021	0.2044	34.6239	34.3964
0.5380	4.1017	0.2177	34.7310	34.5086
0.5385	4.1009	0.2220	34.9303	34.6101
0.5390	4.1008	0.2229	35.0144	34.5713
0.5395	4.1004	0.2279	34.8860	34.4028
0.5400	4.0994	0.2367	34.9637	34.3702
0.5405	4.0986	0.2486	35.0796	34.4024
0.5410	4.0976	0.2555	35.2162	34.4442
0.5415	4.0970	0.2633	34.6147	34.4306
0.5420	4.0963	0.2676	34.0588	34.4169
0.5425	4.0959	0.2788	34.4403	34.4040
0.5430	4.0957	0.2838	34.5713	34.3937
0.5435	4.0959	0.2799	34.5486	34.3509
0.5440	4.0964	0.2766	34.5506	34.3425
0.5445	4.0978	0.2667	34.8457	34.4161
0.5450	4.0970	0.2649	35.0313	34.3640
0.5455	4.0979	0.2517	35.0354	34.2160
0.5460	4.0985	0.2464	34.9935	34.2135
0.5465	4.1003	0.2338	35.1974	34.3259
0.5470	4.1014	0.2228	35.3686	34.3342
0.5475	4.1009	0.2225	35.2810	34.2548
0.5480	4.1003	0.2302	35.1189	34.1292
0.5485	4.1003	0.2285	35.2706	34.0437
0.5490	4.1002	0.2301	35.4763	34.1120
0.5495	4.1006	0.2282	35.3545	34.2288
0.5500	4.1013	0.2223	35.1385	34.3367
0.5505	4.1020	0.2168	35.1617	34.3883
0.5510	4.1018	0.2159	35.2544	34.3946
0.5515	4.1014	0.2154	35.0248	34.4507
0.5520	4.1017	0.2171	34.6647	34.3572
0.5525	4.1010	0.2180	34.5907	34.2916
0.5530	4.1012	0.2251	34.7063	34.2661
0.5535	4.1002	0.2346	34.4702	34.2436
0.5540	4.0998	0.2310	33.9018	34.2051
0.5545	4.0995	0.2384	33.8109	34.1760
0.5550	4.0999	0.2354	33.9542	34.2935
0.5555	4.0985	0.2482	33.6068	34.4494
0.5560	4.0979	0.2487	33.0875	34.5428
0.5565	4.0981	0.2559	33.2201	34.4894
0.5570	4.0970	0.2610	33.5314	34.3488
0.5575	4.0972	0.2676	33.7774	34.3185
0.5580	4.0963	0.2678	33.6354	34.3537
0.5585	4.0974	0.2667	33.6269	34.3732
0.5590	4.0976	0.2632	33.9161	34.3786
0.5595	4.0982	0.2535	34.1820	34.3686
0.5600	4.0986	0.2543	34.1027	34.4229
0.5605	4.0982	0.2514	34.0726	34.4590
0.5610	4.0974	0.2590	34.3455	34.4645
0.5615	4.0973	0.2633	34.6394	34.4947
0.5620	4.0972	0.2633	34.5461	34.4014
0.5625	4.0980	0.2584	34.4784	34.2835
0.5630	4.0998	0.2364	34.6939	34.1917
0.5635	4.1010	0.2227	34.9156	34.2290
0.5640	4.1014	0.2188	34.7774	34.2283
0.5645	4.1023	0.2057	34.7178	34.2060
0.5650	4.1028	0.2028	34.8830	34.1754
0.5655	4.1031	0.2003	35.1548	34.2128
0.5660	4.1026	0.2023	34.9961	34.2633
0.5665	4.1034	0.1933	34.9709	34.3582
0.5670	4.1035	0.1944	34.2148	34.4625
0.5675	4.1040	0.1892	34.0387	34.4299
0.5680	4.1041	0.1899	34.2821	34.3681
0.5685	4.1044	0.1855	34.1665	34.3211
0.5690	4.1041	0.1827	34.3553	34.2766
0.5695	4.1041	0.1865	34.6203	34.2465
0.5700	4.1036	0.1906	34.7971	34.2786
0.5705	4.1023	0.2051	34.6766	34.3322
0.5710	4.1014	0.2133	34.8200	34.3482
0.5715	4.1002	0.2340	35.1044	34.3330
0.5720	4.0990	0.2405	35.2215	34.3458
0.5725	4.0984	0.2514	35.0800	34.3416
0.5730	4.0967	0.2629	35.1134	34.3611
0.5735	4.0965	0.2671	35.3375	34.3486
0.5740	4.0962	0.2705	35.4165	34.3241
0.5745	4.0958	0.2764	35.2455	34.2915
0.5750	4.0965	0.2721	35.1956	34.2783
0.5755	4.0966	0.2714	35.3679	34.3859
0.5760	4.0964	0.2756	35.3869	34.4786
0.5765	4.0965	0.2741	35.1592	34.4369
0.5770	4.0969	0.2668	34.9660	34.4044
0.5775	4.0978	0.2583	35.0093	34.4647
0.5780	4.0986	0.2489	34.9574	34.4440
0.5785	4.1005	0.2303	34.6837	34.4450
0.5790	4.1020	0.2127	34.3806	34.4409
0.5795	4.1019	0.2130	34.4174	34.4007
0.5800	4.1020	0.2107	33.9368	34.3227
0.5805	4.1031	0.2048	33.6216	34.2908
0.5810	4.1022	0.2046	33.5360	34.3208
0.5815	4.1023	0.2127	33.5307	34.3580
0.5820	4.1023	0.2123	33.4199	34.5427
0.5825	4.1018	0.2121	33.4401	34.5962
0.5830	4.1013	0.2127	33.4252	34.4957
0.5835	4.1023	0.2086	33.5575	34.4561
0.5840	4.1026	0.2040	33.8332	34.4509
0.5845	4.1029	0.2051	33.9253	34.4495
0.5850	4.1026	0.2069	33.9031	34.3636
0.5855	4.1021	0.2035	33.9790	34.3250
0.5860	4.1022	0.2097	34.2347	34.3693
0.5865	4.1013	0.2143	34.3982	34.4515
0.5870	4.1015	0.2219	34.3725	34.5108
0.5875	4.1007	0.2267	34.4303	34.5664
0.5880	4.1002	0.2330	34.6662	34.6494
0.5885	4.0996	0.2392	34.8176	34.5147
0.5890	4.0986	0.2484	34.7899	34.3948
0.5895	4.0976	0.2539	34.7312	34.2440
0.5900	4.0976	0.2620	34.8077	34.1605
0.5905	4.0968	0.2683	34.9427	34.1559
0.5910	4.0963	0.2760	35.0448	34.1472
0.5915	4.0961	0.2782	35.0587	34.1035
0.5920	4.0968	0.2729	35.0548	34.1680
0.5925	4.0972	0.2660	34.8451	34.3022
0.5930	4.0968	0.2654	34.9043	34.3812
0.5935	4.0973	0.2615	35.0189	34.3964
0.5940	4.0970	0.2635	34.9083	34.3376
0.5945	4.0971	0.2604	34.8244	34.2871
0.5950	4.0981	0.2528	34.6734	34.2694
0.5955	4.1004	0.2319	34.4898	34.2993
0.5960	4.1006	0.2294	34.6323	34.3546
0.5965	4.1008	0.2275	34.6451	34.4609
0.5970	4.1015	0.2179	34.8568	34.4438
0.5975	4.1029	0.2029	35.0562	34.3872
0.5980	4.1021	0.2097	35.0740	34.2579
0.5985	4.1013	0.2130	35.0092	34.2421
0.5990	4.1011	0.2193	35.1154	34.2565
0.5995	4.1011	0.2148	35.2683	34.2814
0.6000	4.1015	0.2175	35.2371	34.2246
0.6005	4.1005	0.2259	35.1449	34.1669
0.6010	4.1006	0.2253	35.1877	34.2029
0.6015	4.1015	0.2220	35.3055	34.3426
0.6020	4.1021	0.2136	35.2173	34.5216
0.6025	4.1021	0.2143	35.0166	34.5058
0.6030	4.1016	0.2148	34.9303	34.4963
0.6035	4.1019	0.2101	34.9694	34.5103
0.6040	4.1018	0.2138	34.7927	34.5605
0.6045	4.1017	0.2118	34.5534	34.6241
0.6050	4.1010	0.2196	34.3370	34.7243
0.6055	4.0998	0.2295	34.4220	34.6773
0.6060	4.0991	0.2408	33.9158	34.5530
0.6065	4.0989	0.2460	32.9647	34.4907
0.6070	4.0977	0.2528	33.0807	34.3943
0.6075	4.0977	0.2620	33.1267	34.3699
0.6080	4.0977	0.2599	33.2208	34.3124
0.6085	4.0985	0.2530	33.2921	34.2937
0.6090	4.0986	0.2472	33.4050	34.2345
0.6095	4.0982	0.2526	33.5496	34.2277
0.6100	4.0983	0.2508	33.6918	34.2637
0.6105	4.0995	0.2443	33.7454	34.3217
0.6110	4.1003	0.2369	33.8508	34.4061
0.6115	4.1002	0.2380	33.9919	34.4843
0.6120	4.1006	0.2287	34.1351	34.5139
0.6125	4.1001	0.2295	34.1920	34.5546
0.6130	4.1006	0.2304	34.2818	34.5135
0.6135	4.1008	0.2269	34.4335	34.5195
0.6140	4.1002	0.2277	34.5904	34.5007
0.6145	4.1007	0.2307	34.6173	34.3996
0.6150	4.1009	0.2265	34.6580	34.3095
0.6155	4.1005	0.2231	34.7268	34.2823
0.6160	4.1010	0.2215	34.8553	34.2945
0.6165	4.1005	0.2213	34.8389	34.3580
0.6170	4.1006	0.2243	34.8668	34.3891
0.6175	4.1011	0.2220	34.9079	34.3989
0.6180	4.1004	0.2276	35.1239	34.3277
0.6185	4.1011	0.2281	34.8352	34.2733
0.6190	4.1012	0.2192	34.6515	34.2732
0.6195	4.1023	0.2117	34.8819	34.3602
0.6200	4.1022	0.2114	34.9196	34.4759
0.6205	4.1021	0.2093	34.8925	34.4753
0.6210	4.1018	0.2113	34.7037	34.5924
0.6215	4.1021	0.2113	34.5742	34.6969
0.6220	4.1023	0.2105	34.4916	34.6375
0.6225	4.1018	0.2122	34.6622	34.6230
0.6230	4.1017	0.2167	34.6787	34.5931
0.6235	4.1005	0.2277	34.8415	34.5261
0.6240	4.0999	0.2316	34.9645	34.4478
0.6245	4.0992	0.2472	35.0366	34.4294
0.6250	4.0994	0.2451	34.9926	34.4676
0.6255	4.0995	0.2390	35.0659	34.5252
0.6260	4.0996	0.2371	35.1546	34.6000
0.6265	4.1001	0.2357	35.1633	34.4848
0.6270	4.1003	0.2340	35.1101	34.4336
0.6275	4.1006	0.2258	35.1470	34.4059
0.6280	4.1012	0.2216	35.1369	34.5372
0.6285	4.1018	0.2092	35.0586	34.6241
0.6290	4.1022	0.2059	34.8931	34.6324
0.6295	4.1028	0.2025	34.8123	34.6618
0.6300	4.1034	0.2021	34.7482	34.6273
0.6305	4.1034	0.1933	34.6116	34.5179
0.6310	4.1025	0.2044	34.3328	34.4903
0.6315	4.1022	0.2071	34.2453	34.5683
0.6320	4.1020	0.2097	34.0134	34.6073
0.6325	4.1020	0.2100	33.0001	34.5593
0.6330	4.1020	0.2137	32.9313	34.4927
0.6335	4.1016	0.2124	33.0479	34.5084
0.6340	4.1029	0.2020	33.1648	34.5391
0.6345	4.1035	0.1968	33.2420	34.5601
0.6350	4.1025	0.2074	33.3084	34.4051
0.6355	4.1027	0.2009	33.3508	34.3148
0.6360	4.1030	0.1958	33.5550	34.3042
0.6365	4.1035	0.1910	33.6978	34.3377
0.6370	4.1039	0.1911	33.7645	34.3712
0.6375	4.1033	0.2012	33.8255	34.3977
0.6380	4.1022	0.2077	33.9884	34.5476
0.6385	4.1015	0.2209	34.1292	34.5560
0.6390	4.1006	0.2281	34.2030	34.4687
0.6395	4.0999	0.2402	34.2717	34.3631
0.6400	4.0989	0.2486	34.4433	34.3765
0.6405	4.0978	0.2581	34.5781	34.3776
0.6410	4.0972	0.2610	34.5893	34.3233
0.6415	4.0971	0.2665	34.5867	34.3111
0.6420	4.0974	0.2619	34.6826	34.3584
0.6425	4.0975	0.2561	34.7941	34.5618
0.6430	4.0986	0.2529	34.8208	34.6182
0.6435	4.0988	0.2436	34.8192	34.4443
0.6440	4.0974	0.2574	34.9074	34.2746
0.6445	4.0965	0.2691	35.0144	34.2040
0.6450	4.0977	0.2585	34.9791	34.2265
0.6455	4.0983	0.2502	34.7055	34.3041
0.6460	4.0993	0.2448	34.7756	34.3537
0.6465	4.1001	0.2343	34.8751	34.4000
0.6470	4.1019	0.2180	34.7731	34.5350
0.6475	4.1023	0.2079	34.5909	34.6002
0.6480	4.1022	0.2042	34.4641	34.4927
0.6485	4.1021	0.2089	34.5264	34.5062
0.6490	4.1017	0.2151	34.6830	34.6104
0.6495	4.1013	0.2121	34.6774	34.5683
0.6500	4.1010	0.2198	34.7640	34.5365
0.6505	4.1009	0.2207	34.9367	34.5578
0.6510	4.1009	0.2234	35.0304	34.5962
0.6515	4.1008	0.2237	34.9791	34.6901
0.6520	4.1010	0.2260	34.9634	34.5836
0.6525	4.1007	0.2292	35.0864	34.4348
0.6530	4.1005	0.2307	35.1413	34.3449
0.6535	4.1001	0.2249	35.0773	34.3415
0.6540	4.1004	0.2265	34.9645	34.3321
0.6545	4.1001	0.2304	35.0166	34.3761
0.6550	4.0998	0.2330	34.9819	34.4944
0.6555	4.0999	0.2338	34.8426	34.5033
0.6560	4.0993	0.2399	34.5745	34.5319
0.6565	4.0987	0.2527	34.5643	34.5315
0.6570	4.0977	0.2505	34.4215	34.5976
0.6575	4.0978	0.2561	34.3974	34.6770
0.6580	4.0971	0.2669	33.4667	34.5793
0.6585	4.0973	0.2638	32.6667	34.4695
0.6590	4.0968	0.2686	33.0372	34.3729
0.6595	4.0965	0.2680	32.9802	34.3784
0.6600	4.0969	0.2629	32.9522	34.4457
0.6605	4.0967	0.2563	33.0557	34.4315
0.6610	4.0984	0.2539	33.3150	34.3488
0.6615	4.0991	0.2424	33.4166	34.3052
0.6620	4.0991	0.2439	33.4301	34.2923
0.6625	4.0989	0.2384	33.4569	34.3487
0.6630	4.0999	0.2349	33.7238	34.4053
0.6635	4.0998	0.2353	33.9112	34.4501
0.6640	4.1006	0.2316	33.9159	34.4686
0.6645	4.1014	0.2204	33.9199	34.4743
0.6650	4.1007	0.2211	34.1254	34.4956
0.6655	4.1004	0.2278	34.3049	34.5613
0.6660	4.1003	0.2314	34.3524	34.6721
0.6665	4.0989	0.2366	34.3813	34.7041
0.6670	4.0993	0.2450	34.5470	34.7544
0.6675	4.0996	0.2362	34.6818	34.6576
0.6680	4.1007	0.2233	34.6677	34.5611
0.6685	4.1009	0.2283	34.6238	34.5209
0.6690	4.1006	0.2248	34.7518	34.5345
0.6695	4.1008	0.2258	34.8722	34.4364
0.6700	4.1001	0.2343	34.8704	34.3801
0.6705	4.0996	0.2366	34.8154	34.3865
0.6710	4.0985	0.2458	34.9336	34.4683
0.6715	4.0978	0.2519	35.0049	34.6333
0.6720	4.0976	0.2558	34.9779	34.7297
0.6725	4.0970	0.2616	34.5467	34.7198
0.6730	4.0972	0.2642	34.4448	34.7162
0.6735	4.0968	0.2683	34.5920	34.6979
0.6740	4.0967	0.2717	34.5076	34.6409
0.6745	4.0968	0.2668	34.4640	34.5575
0.6750	4.0969	0.2635	34.6216	34.5970
0.6755	4.0970	0.2664	34.8443	34.6667
0.6760	4.0967	0.2658	34.8682	34.5364
0.6765	4.0970	0.2652	34.8695	34.4428
0.6770	4.0971	0.2638	34.9712	34.4597
0.6775	4.0975	0.2557	35.1248	34.5341
0.6780	4.0977	0.2552	35.1235	34.5550
0.6785	4.0977	0.2594	35.0668	34.4898
0.6790	4.0979	0.2549	35.1297	34.4081
0.6795	4.0978	0.2551	35.2647	34.3973
0.6800	4.0976	0.2638	35.2506	34.4629
0.6805	4.0978	0.2567	35.0743	34.4868
0.6810	4.0986	0.2517	34.9863	34.4409
0.6815	4.0988	0.2472	34.9993	34.4543
0.6820	4.1001	0.2310	34.9346	34.4483
0.6825	4.1004	0.2322	34.7084	34.4325
0.6830	4.1009	0.2331	34.5442	34.4382
0.6835	4.1000	0.2354	34.3442	34.5208
0.6840	4.0996	0.2356	33.8855	34.5805
0.6845	4.0994	0.2450	33.9462	34.4460
0.6850	4.0989	0.2463	33.3563	34.2645
0.6855	4.0983	0.2472	32.8595	34.2096
0.6860	4.0984	0.2553	33.0951	34.2661
0.6865	4.0987	0.2458	33.1455	34.3308
0.6870	4.0998	0.2372	33.1883	34.3238
0.6875	4.0997	0.2362	33.3090	34.2958
0.6880	4.0985	0.2393	33.4668	34.3585
0.6885	4.0982	0.2464	33.5463	34.4959
0.6890	4.0979	0.2525	33.6218	34.5566
0.6895	4.0979	0.2544	33.7582	34.4592
0.6900	4.0971	0.2620	33.8979	34.3963
0.6905	4.0970	0.2623	33.9565	34.3786
0.6910	4.0972	0.2625	34.0571	34.3771
0.6915	4.0982	0.2570	34.1871	34.3341
0.6920	4.0976	0.2613	34.3251	34.4067
0.6925	4.0981	0.2596	34.4208	34.5075
0.6930	4.0981	0.2545	34.4889	34.5501
0.6935	4.0983	0.2519	34.5682	34.5266
0.6940	4.0998	0.2396	34.6450	34.3787
0.6945	4.0996	0.2336	34.6616	34.4319
0.6950	4.1004	0.2255	34.7049	34.4732
0.6955	4.1014	0.2207	34.7717	34.4256
0.6960	4.1025	0.2038	34.8711	34.3538
0.6965	4.1039	0.1909	34.9037	34.3392
0.6970	4.1040	0.1918	34.9554	34.4264
0.6975	4.1035	0.1895	34.9307	34.5362
0.6980	4.1036	0.1947	34.9863	34.5304
0.6985	4.1025	0.2009	34.7710	34.5226
0.6990	4.1025	0.2023	34.2089	34.4942
0.6995	4.1029	0.2022	34.3022	34.4203
0.7000	4.1029	0.1983	34.4098	34.4312
0.7005	4.1029	0.1994	34.5466	34.5156
0.7010	4.1035	0.1974	34.6698	34.5107
0.7015	4.1021	0.2070	34.7995	34.4480
0.7020	4.1026	0.2083	34.9026	34.3908
0.7025	4.1033	0.1959	34.9913	34.3614
0.7030	4.1034	0.1965	35.0414	34.3847
0.7035	4.1041	0.1939	35.1138	34.4161
0.7040	4.1032	0.2018	35.2069	34.4683
0.7045	4.1016	0.2157	35.2455	34.3923
0.7050	4.1004	0.2278	35.2117	34.3074
0.7055	4.0997	0.2348	35.2166	34.3009
0.7060	4.0983	0.2502	35.2722	34.3435
0.7065	4.0989	0.2548	35.2548	34.3433
0.7070	4.0981	0.2540	35.1355	34.2863
0.7075	4.0980	0.2597	35.0449	34.2803
0.7080	4.0978	0.2520	35.0055	34.2887
0.7085	4.0978	0.2582	34.8858	34.2800
0.7090	4.0975	0.2562	34.6871	34.3352
0.7095	4.0977	0.2632	34.4882	34.4443
0.7100	4.0965	0.2636	34.0882	34.4393
0.7105	4.0973	0.2639	34.1105	34.4375
0.7110	4.0973	0.2644	33.9353	34.4227
0.7115	4.0982	0.2544	33.6320	34.4318
0.7120	4.0986	0.2469	33.0586	34.4454
0.7125	4.0989	0.2461	33.1707	34.5235
0.7130	4.1006	0.2284	33.1915	34.5189
0.7135	4.1027	0.2062	33.3160	34.3280
0.7140	4.1034	0.1949	33.5192	34.2038
0.7145	4.1023	0.2046	33.6085	34.2983
0.7150	4.1022	0.2074	33.5943	34.3789
0.7155	4.1022	0.2070	33.7568	34.4152
0.7160	4.1030	0.2057	34.0287	34.4702
0.7165	4.1031	0.1961	34.0764	34.4780
0.7170	4.1020	0.2069	33.9858	34.5192
0.7175	4.1018	0.2164	34.1304	34.5197
0.7180	4.1024	0.2079	34.4823	34.5294
0.7185	4.1037	0.1947	34.5935	34.5602
0.7190	4.1037	0.1958	34.4490	34.5000
0.7195	4.1031	0.2005	34.4763	34.4155
0.7200	4.1029	0.1966	34.7809	34.3474
0.7205	4.1024	0.2034	34.8690	34.4040
0.7210	4.1019	0.2027	34.6898	34.5397
0.7215	4.1018	0.2163	34.6563	34.6233
0.7220	4.1009	0.2221	34.9875	34.5206
0.7225	4.1006	0.2223	35.1301	34.3542
0.7230	4.0998	0.2341	34.9811	34.3309
0.7235	4.0987	0.2458	34.8098	34.3477
0.7240	4.0978	0.2566	35.0921	34.3836
0.7245	4.0978	0.2576	34.6301	34.3691
0.7250	4.0967	0.2729	34.1522	34.3744
0.7255	4.0962	0.2773	34.2062	34.3827
0.7260	4.0956	0.2817	34.4540	34.3825
0.7265	4.0957	0.2756	34.7632	34.3206
0.7270	4.0963	0.2699	34.6716	34.3325
0.7275	4.0975	0.2613	34.6393	34.3910
0.7280	4.0981	0.2487	34.8859	34.2607
0.7285	4.0987	0.2468	35.2000	34.1282
0.7290	4.0996	0.2384	35.1312	34.1747
0.7295	4.1008	0.2263	35.0177	34.2761
0.7300	4.1010	0.2284	35.1782	34.2680
0.7305	4.1001	0.2319	35.3984	34.2103
0.7310	4.0996	0.2340	35.3119	34.0973
0.7315	4.1001	0.2309	35.1464	34.0456
0.7320	4.1001	0.2346	35.2436	34.1416
0.7325	4.1001	0.2332	35.4256	34.2523
0.7330	4.1007	0.2297	35.3139	34.3345
0.7335	4.1010	0.2227	35.0273	34.3282
0.7340	4.1011	0.2245	34.9683	34.3477
0.7345	4.1002	0.2272	35.0079	34.3704
0.7350	4.1007	0.2266	34.8970	34.2901
0.7355	4.0999	0.2290	34.5241	34.2455
0.7360	4.0991	0.2393	34.3993	34.2348
0.7365	4.0996	0.2418	34.3566	34.2202
0.7370	4.0997	0.2368	34.1184	34.1808
0.7375	4.0992	0.2371	33.8553	34.1728
0.7380	4.0992	0.2387	33.6307	34.2959
0.7385	4.0988	0.2432	33.3911	34.4337
0.7390	4.0984	0.2520	33.3125	34.4899
0.7395	4.0973	0.2577	33.3422	34.3994
0.7400	4.0972	0.2624	33.3201	34.2823
0.7405	4.0959	0.2717	33.6374	34.2846
0.7410	4.0960	0.2704	33.8379	34.3453
0.7415	4.0969	0.2708	33.8036	34.3685
0.7420	4.0975	0.2589	33.7611	34.3874
0.7425	4.0973	0.2587	33.9805	34.3754
0.7430	4.0976	0.2552	34.2154	34.4388
0.7435	4.0970	0.2585	34.2815	34.4209
0.7440	4.0970	0.2623	34.2436	34.4196
0.7445	4.0965	0.2692	34.4359	34.4254
0.7450	4.0966	0.2638	34.6644	34.3238
0.7455	4.0975	0.2584	34.6833	34.2040
0.7460	4.0999	0.2337	34.5833	34.1858
0.7465	4.1011	0.2228	34.6938	34.2162
0.7470	4.1018	0.2207	34.8603	34.2175
0.7475	4.1021	0.2083	34.9165	34.1942
0.7480	4.1024	0.2087	34.8253	34.1905
0.7485	4.1019	0.2057	34.9195	34.2226
0.7490	4.1011	0.2214	35.0595	34.2543
0.7495	4.1020	0.2103	35.1025	34.3778
0.7500	4.1019	0.2098	34.0141	34.4378
0.7505	4.1023	0.2058	33.8970	34.3901
0.7510	4.1025	0.2119	34.2445	34.3125
0.7515	4.1020	0.2072	34.3708	34.2635
0.7520	4.1023	0.2112	34.3902	34.2314
0.7525	4.1028	0.2016	34.4726	34.2080
0.7530	4.1017	0.2105	34.7251	34.2454
0.7535	4.1017	0.2205	34.8547	34.3109
0.7540	4.1004	0.2273	34.9305	34.3218
0.7545	4.0993	0.2405	34.9406	34.3194
0.7550	4.0982	0.2507	35.0322	34.3311
0.7555	4.0974	0.2617	35.1854	34.3336
0.7560	4.0970	0.2726	35.2856	34.3461
0.7565	4.0957	0.2743	35.2444	34.3149
0.7570	4.0962	0.2791	35.2018	34.3043
0.7575	4.0966	0.2691	35.2569	34.2538
0.7580	4.0969	0.2646	35.3794	34.2443
0.7585	4.0967	0.2655	35.3412	34.3702
0.7590	4.0963	0.2721	35.1743	34.4541
0.7595	4.0957	0.2796	35.0934	34.4124
0.7600	4.0961	0.2764	35.1082	34.4264
0.7605	4.0970	0.2649	34.9857	34.5045
0.7610	4.0982	0.2530	34.7251	34.4730
0.7615	4.1007	0.2268	34.5773	34.4807
0.7620	4.1018	0.2140	34.5258	34.4672
0.7625	4.1018	0.2112	34.3709	34.3889
0.7630	4.1020	0.2125	33.6586	34.2994
0.7635	4.1021	0.2080	33.5486	34.2522
0.7640	4.1021	0.2092	33.6699	34.2730
0.7645	4.1022	0.2107	33.5525	34.3444
0.7650	4.1026	0.2082	33.2323	34.5787
0.7655	4.1023	0.2084	33.3638	34.6044
0.7660	4.1025	0.2065	33.5420	34.5134
0.7665	4.1028	0.2000	33.6643	34.4886
0.7670	4.1036	0.1944	33.7009	34.4525
0.7675	4.1031	0.1944	33.8263	34.4141
0.7680	4.1036	0.1952	33.9905	34.2714
0.7685	4.1028	0.2010	34.1024	34.2558
0.7690	4.1026	0.2088	34.1564	34.3173
0.7695	4.1018	0.2098	34.2636	34.4337
0.7700	4.1015	0.2204	34.4291	34.5141
0.7705	4.1012	0.2274	34.5572	34.6130
0.7710	4.0996	0.2303	34.6146	34.6691
0.7715	4.0992	0.2454	34.6750	34.5401
0.7720	4.0987	0.2472	34.7723	34.3986
0.7725	4.0980	0.2504	34.8384	34.2259
0.7730	4.0976	0.2627	34.8283	34.1405
0.7735	4.0964	0.2681	34.8839	34.1299
0.7740	4.0957	0.2788	34.9631	34.1222
0.7745	4.0961	0.2757	35.0575	34.0487
0.7750	4.0967	0.2681	35.0323	34.1355
0.7755	4.0974	0.2596	34.7918	34.2927
0.7760	4.0970	0.2661	34.8841	34.3865
0.7765	4.0980	0.2589	34.9961	34.3911
0.7770	4.0976	0.2528	34.8742	34.3434
0.7775	4.0985	0.2531	34.7761	34.2876
0.7780	4.1001	0.2382	34.5895	34.2812
0.7785	4.1007	0.2273	34.4616	34.2807
0.7790	4.1013	0.2269	34.6371	34.3470
0.7795	4.1008	0.2257	34.6461	34.4115
0.7800	4.1024	0.2189	34.8349	34.3800
0.7805	4.1033	0.1993	34.9910	34.3519
0.7810	4.1028	0.2063	35.0542	34.2301
0.7815	4.1023	0.2080	35.0373	34.2412
0.7820	4.1027	0.2040	35.1002	34.2441
0.7825	4.1032	0.2004	35.1934	34.2586
0.7830	4.1035	0.1953	35.2025	34.1730
0.7835	4.1020	0.2109	35.1671	34.1404
0.7840	4.1022	0.2123	35.1730	34.2059
0.7845	4.1022	0.2118	35.2240	34.3763
0.7850	4.1021	0.2069	35.1621	34.5161
0.7855	4.1023	0.2062	35.0333	34.4920
0.7860	4.1020	0.2130	34.8961	34.5125
0.7865	4.1018	0.2113	34.8755	34.5173
0.7870	4.1018	0.2133	34.7415	34.5510
0.7875	4.1015	0.2203	34.5622	34.6152
0.7880	4.1004	0.2254	34.3066	34.6982
0.7885	4.0993	0.2398	34.3602	34.6151
0.7890	4.0989	0.2437	33.7453	34.5021
0.7895	4.0981	0.2486	32.9314	34.4300
0.7900	4.0980	0.2593	33.0696	34.3527
0.7905	4.0973	0.2613	33.0907	34.3357
0.7910	4.0976	0.2619	33.2358	34.2904
0.7915	4.0983	0.2534	33.3128	34.2843
0.7920	4.0982	0.2533	33.4037	34.2244
0.7925	4.0983	0.2528	33.5107	34.2042
0.7930	4.0983	0.2499	33.6589	34.2329
0.7935	4.0990	0.2412	33.7489	34.2981
0.7940	4.1000	0.2357	33.8673	34.3922
0.7945	4.1002	0.2290	33.9786	34.4381
0.7950	4.1001	0.2312	34.1131	34.4758
0.7955	4.0997	0.2316	34.1716	34.5206
0.7960	4.1001	0.2337	34.3069	34.5014
0.7965	4.1005	0.2332	34.4364	34.5242
0.7970	4.1006	0.2254	34.5333	34.4927
0.7975	4.1004	0.2322	34.5588	34.3829
0.7980	4.1006	0.2301	34.6783	34.2925
0.7985	4.1007	0.2255	34.7835	34.2483
0.7990	4.1006	0.2259	34.8259	34.2523
0.7995	4.1005	0.2254	34.7351	34.3071
0.8000	4.1005	0.2237	34.8449	34.3735
0.8005	4.1004	0.2283	34.9356	34.3532
0.8010	4.1006	0.2287	35.1367	34.2922
0.8015	4.1006	0.2336	34.7059	34.2691
0.8020	4.1016	0.2214	34.6198	34.3001
0.8025	4.1021	0.2156	34.8917	34.3919
0.8030	4.1017	0.2161	34.9196	34.4797
0.8035	4.1021	0.2098	34.8288	34.4654
0.8040	4.1019	0.2089	34.6487	34.5737
0.8045	4.1013	0.2127	34.5604	34.6360
0.8050	4.1014	0.2206	34.5218	34.5948
0.8055	4.1011	0.2198	34.6372	34.5893
0.8060	4.1007	0.2241	34.6439	34.5485
0.8065	4.1000	0.2287	34.8810	34.4869
0.8070	4.0995	0.2410	35.0072	34.4198
0.8075	4.0991	0.2405	34.9858	34.4317
0.8080	4.0992	0.2404	34.9319	34.4564
0.8085	4.0999	0.2371	35.0782	34.5009
0.8090	4.1004	0.2305	35.1925	34.5551
0.8095	4.1002	0.2301	35.1540	34.4189
0.8100	4.1008	0.2256	35.0448	34.3815
0.8105	4.1011	0.2230	35.0971	34.3481
0.8110	4.1009	0.2210	35.1515	34.5118
0.8115	4.1013	0.2164	35.0701	34.5912
0.8120	4.1024	0.2112	34.8361	34.6142
0.8125	4.1032	0.1946	34.7537	34.6412
0.8130	4.1029	0.1948	34.7230	34.6012
0.8135	4.1034	0.1915	34.6323	34.4806
0.8140	4.1030	0.2013	34.3015	34.4678
0.8145	4.1031	0.2012	34.2237	34.5301
0.8150	4.1027	0.2065	33.9017	34.5566
0.8155	4.1020	0.2040	32.9637	34.5060
0.8160	4.1020	0.2112	32.9697	34.4626
0.8165	4.1010	0.2213	32.9909	34.4874
0.8170	4.1010	0.2239	33.1068	34.5490
0.8175	4.1010	0.2227	33.2363	34.5663
0.8180	4.1017	0.2170	33.3237	34.4059
0.8185	4.1015	0.2096	33.3183	34.3095
0.8190	4.1030	0.2064	33.5131	34.2692
0.8195	4.1028	0.2003	33.6951	34.2831
0.8200	4.1027	0.2014	33.7801	34.2994
0.8205	4.1022	0.2102	33.7967	34.3401
0.8210	4.1013	0.2148	33.9357	34.4904
0.8215	4.1005	0.2295	34.1054	34.5225
0.8220	4.1000	0.2373	34.2319	34.4563
0.8225	4.0985	0.2481	34.2801	34.3703
0.8230	4.0978	0.2596	34.3750	34.3986
0.8235	4.0975	0.2683	34.5219	34.3820
0.8240	4.0971	0.2707	34.6123	34.3004
0.8245	4.0966	0.2705	34.6338	34.2620
0.8250	4.0970	0.2638	34.6577	34.2828
0.8255	4.0981	0.2590	34.7171	34.4854
0.8260	4.0979	0.2520	34.7995	34.5483
0.8265	4.0983	0.2507	34.8533	34.3934
0.8270	4.0975	0.2568	34.8642	34.2711
0.8275	4.0970	0.2649	34.9010	34.2299
0.8280	4.0987	0.2513	34.9279	34.2853
0.8285	4.0989	0.2490	34.7865	34.3557
0.8290	4.0991	0.2381	34.7884	34.3755
0.8295	4.1014	0.2248	34.7152	34.3657
0.8300	4.1020	0.2167	34.6630	34.4747
0.8305	4.1018	0.2140	34.6601	34.5268
0.8310	4.1018	0.2140	34.5229	34.4247
0.8315	4.1008	0.2207	34.4249	34.4806
0.8320	4.1011	0.2211	34.5876	34.6032
0.8325	4.1009	0.2170	34.7571	34.5764
0.8330	4.1006	0.2269	34.8477	34.5715
0.8335	4.1001	0.2298	34.8443	34.5901
0.8340	4.1003	0.2312	34.8957	34.5941
0.8345	4.1006	0.2279	35.0224	34.6736
0.8350	4.1005	0.2292	35.0734	34.5421
0.8355	4.1014	0.2198	35.0171	34.3551
0.8360	4.1014	0.2204	34.9867	34.2713
0.8365	4.1011	0.2210	35.0719	34.2498
0.8370	4.1005	0.2231	35.0670	34.2735
0.8375	4.0999	0.2271	34.9863	34.3692
0.8380	4.0995	0.2419	34.8254	34.5363
0.8385	4.0994	0.2411	34.7832	34.5724
0.8390	4.0987	0.2472	34.6362	34.6387
0.8395	4.0979	0.2493	34.5378	34.6015
0.8400	4.0974	0.2555	34.2950	34.6202
0.8405	4.0972	0.2670	34.3158	34.6327
0.8410	4.0966	0.2690	33.4300	34.4892
0.8415	4.0967	0.2684	32.7283	34.3639
0.8420	4.0962	0.2703	33.0034	34.2825
0.8425	4.0963	0.2756	32.9093	34.3077
0.8430	4.0967	0.2702	32.9683	34.4243
0.8435	4.0971	0.2662	33.0894	34.4640
0.8440	4.0982	0.2517	33.2746	34.3895
0.8445	4.0990	0.2437	33.3335	34.3468
0.8450	4.0987	0.2431	33.4172	34.3073
0.8455	4.0989	0.2440	33.5114	34.3115
0.8460	4.1001	0.2349	33.6934	34.3330
0.8465	4.0997	0.2316	33.8177	34.3989
0.8470	4.1002	0.2322	33.8996	34.3717
0.8475	4.0998	0.2346	33.9372	34.4069
0.8480	4.1000	0.2279	34.0855	34.4630
0.8485	4.1009	0.2254	34.2589	34.5586
0.8490	4.0999	0.2301	34.3830	34.6981
0.8495	4.0992	0.2351	34.4261	34.7281
0.8500	4.0995	0.2352	34.5025	34.7665
0.8505	4.1003	0.2205	34.5940	34.6348
0.8510	4.1013	0.2242	34.6607	34.5053
0.8515	4.1016	0.2176	34.6592	34.4577
0.8520	4.1012	0.2215	34.7052	34.4658
0.8525	4.1006	0.2238	34.7994	34.3926
0.8530	4.0996	0.2322	34.8885	34.3642
0.8535	4.0999	0.2335	34.8778	34.3937
0.8540	4.0993	0.2470	34.8995	34.4803
0.8545	4.0984	0.2470	34.8935	34.6507
0.8550	4.0982	0.2559	34.9228	34.7381
0.8555	4.0974	0.2597	34.5649	34.7118
0.8560	4.0967	0.2675	34.4472	34.6694
0.8565	4.0965	0.2671	34.5360	34.6322
0.8570	4.0958	0.2715	34.5064	34.5781
0.8575	4.0963	0.2697	34.5028	34.5101
0.8580	4.0967	0.2749	34.6005	34.5853
0.8585	4.0967	0.2715	34.7685	34.6612
0.8590	4.0962	0.2728	34.8453	34.5331
0.8595	4.0962	0.2747	34.9042	34.4572
0.8600	4.0959	0.2749	34.9845	34.4786
0.8605	4.0967	0.2712	35.0790	34.5416
0.8610	4.0957	0.2720	35.0966	34.5380
0.8615	4.0963	0.2720	35.1085	34.4556
0.8620	4.0961	0.2708	35.1587	34.3541
0.8625	4.0957	0.2812	35.1807	34.3389
0.8630	4.0959	0.2828	35.1475	34.4199
0.8635	4.0962	0.2758	35.0921	34.4606
0.8640	4.0952	0.2835	35.0513	34.4392
0.8645	4.0963	0.2739	34.9523	34.4807
0.8650	4.0985	0.2510	34.8463	34.4640
0.8655	4.0995	0.2390	34.6888	34.4463
0.8660	4.0993	0.2407	34.5937	34.4124
0.8665	4.0988	0.2450	34.2933	34.4540
0.8670	4.0985	0.2499	33.8082	34.4962
0.8675	4.0981	0.2502	33.9193	34.3554
0.8680	4.0984	0.2472	33.3857	34.1876
0.8685	4.0982	0.2558	32.9157	34.1696
0.8690	4.0976	0.2563	33.0268	34.2581
0.8695	4.0983	0.2551	33.1137	34.3668
0.8700	4.0989	0.2456	33.2082	34.3600
0.8705	4.0993	0.2439	33.3221	34.3496
0.8710	4.0986	0.2456	33.4122	34.3356
0.8715	4.0981	0.2495	33.4971	34.4543
0.8720	4.0978	0.2596	33.6234	34.4888
0.8725	4.0968	0.2585	33.7738	34.3677
0.8730	4.0968	0.2672	33.8712	34.3078
0.8735	4.0962	0.2723	33.9293	34.3034
0.8740	4.0966	0.2691	34.0394	34.3564
0.8745	4.0970	0.2641	34.1891	34.3557
0.8750	4.0970	0.2683	34.3193	34.4658
0.8755	4.0976	0.2629	34.3904	34.5520
0.8760	4.0978	0.2570	34.4724	34.5686
0.8765	4.0985	0.2550	34.5793	34.4978
0.8770	4.0996	0.2418	34.6522	34.3252
0.8775	4.0993	0.2423	34.6402	34.3570
0.8780	4.0999	0.2345	34.6890	34.3981
0.8785	4.1013	0.2236	34.7787	34.3584
0.8790	4.1021	0.2127	34.8733	34.3220
0.8795	4.1034	0.1992	34.8785	34.3468
0.8800	4.1035	0.1947	34.9451	34.4428
0.8805	4.1033	0.1944	34.9551	34.5666
0.8810	4.1035	0.2007	34.9586	34.5465
0.8815	4.1034	0.2026	34.6284	34.5048
0.8820	4.1031	0.1989	34.1022	34.4436
0.8825	4.1036	0.1924	34.3441	34.3323
0.8830	4.1032	0.1988	34.5013	34.3490
0.8835	4.1028	0.2048	34.4934	34.4652
0.8840	4.1031	0.1980	34.5121	34.4626
0.8845	4.1023	0.2099	34.7715	34.4095
0.8850	4.1023	0.2110	35.0411	34.3920
0.8855	4.1032	0.1990	35.0146	34.3885
0.8860	4.1033	0.1968	34.8614	34.4147
0.8865	4.1035	0.1938	35.0400	34.4416
0.8870	4.1034	0.1993	35.3358	34.4485
0.8875	4.1017	0.2154	35.2940	34.3356
0.8880	4.1004	0.2233	35.0382	34.2399
0.8885	4.0999	0.2362	35.0986	34.2148
0.8890	4.0988	0.2474	35.3885	34.2822
0.8895	4.0981	0.2540	35.3623	34.3124
0.8900	4.0976	0.2558	35.0028	34.3028
0.8905	4.0974	0.2598	34.8957	34.3084
0.8910	4.0979	0.2560	35.0754	34.3220
0.8915	4.0978	0.2561	34.9962	34.2920
0.8920	4.0978	0.2567	34.5743	34.3159
0.8925	4.0972	0.2605	34.3329	34.4110
0.8930	4.0966	0.2655	34.1240	34.4191
0.8935	4.0962	0.2672	34.2696	34.4274
0.8940	4.0973	0.2697	33.8985	34.3851
0.8945	4.0972	0.2635	33.5281	34.4120
0.8950	4.0980	0.2469	33.0642	34.4407
0.8955	4.0988	0.2474	33.3110	34.5375
0.8960	4.1001	0.2304	33.2636	34.5428
0.8965	4.1025	0.2092	33.1291	34.3572
0.8970	4.1029	0.2033	33.4304	34.2065
0.8975	4.1012	0.2185	33.7420	34.2862
0.8980	4.1013	0.2175	33.7222	34.3552
0.8985	4.1018	0.2177	33.6030	34.3784
0.8990	4.1019	0.2111	33.8143	34.4338
0.8995	4.1022	0.2059	34.1498	34.4462
0.9000	4.1011	0.2198	34.1877	34.4959
0.9005	4.1004	0.2248	34.0590	34.5209
0.9010	4.1022	0.2167	34.2249	34.5232
0.9015	4.1031	0.1983	34.5696	34.5672
0.9020	4.1033	0.1938	34.6777	34.5198
0.9025	4.1027	0.1974	34.4920	34.4203
0.9030	4.1029	0.2010	34.5245	34.3275
0.9035	4.1026	0.2045	34.7847	34.3934
0.9040	4.1018	0.2112	34.9101	34.5297
0.9045	4.1012	0.2186	34.7312	34.6205
0.9050	4.1005	0.2266	34.7435	34.5184
0.9055	4.1003	0.2281	34.9859	34.3633
0.9060	4.0994	0.2408	35.1875	34.3326
0.9065	4.0983	0.2484	34.9362	34.3436
0.9070	4.0978	0.2600	34.8651	34.3740
0.9075	4.0971	0.2665	34.4745	34.3403
0.9080	4.0960	0.2727	34.3342	34.3345
0.9085	4.0953	0.2819	34.3677	34.3509
0.9090	4.0955	0.2807	34.2440	34.3606
0.9095	4.0960	0.2771	34.5413	34.3179
0.9100	4.0967	0.2717	34.8341	34.3377
0.9105	4.0971	0.2650	34.8387	34.3954
0.9110	4.0978	0.2564	34.7436	34.3043
0.9115	4.0987	0.2464	34.9684	34.1399
0.9120	4.0992	0.2443	35.2235	34.1482
0.9125	4.1003	0.2306	35.2380	34.2554
0.9130	4.1003	0.2296	35.0771	34.2295
0.9135	4.0994	0.2378	35.1436	34.1751
0.9140	4.0993	0.2425	35.3838	34.0731
0.9145	4.0992	0.2464	35.3987	34.0308
0.9150	4.0994	0.2400	35.1867	34.1362
0.9155	4.0997	0.2337	35.1431	34.2550
0.9160	4.1008	0.2228	35.3223	34.3401
0.9165	4.1007	0.2220	35.2721	34.3334
0.9170	4.1007	0.2233	34.9602	34.3325
0.9175	4.1007	0.2219	34.7579	34.3633
0.9180	4.1011	0.2175	34.8406	34.2387
0.9185	4.1009	0.2205	34.7606	34.1927
0.9190	4.1006	0.2243	34.4673	34.1802
0.9195	4.1004	0.2275	34.1175	34.1747
0.9200	4.0999	0.2361	33.9724	34.1288
0.9205	4.0999	0.2375	34.0793	34.1666
0.9210	4.0991	0.2384	33.7966	34.3143
0.9215	4.0988	0.2437	33.1872	34.4576
0.9220	4.0985	0.2526	33.1162	34.5126
0.9225	4.0975	0.2585	33.4808	34.4131
0.9230	4.0968	0.2661	33.4926	34.2607
0.9235	4.0964	0.2722	33.4701	34.2435
0.9240	4.0968	0.2734	33.5894	34.2941
0.9245	4.0968	0.2690	33.8652	34.3165
0.9250	4.0975	0.2600	33.9542	34.3447
0.9255	4.0978	0.2561	33.9471	34.3404
0.9260	4.0982	0.2526	34.0359	34.4165
0.9265	4.0980	0.2568	34.2863	34.4206
0.9270	4.0971	0.2617	34.3917	34.4440
0.9275	4.0970	0.2652	34.3762	34.4403
0.9280	4.0968	0.2671	34.4423	34.3350
0.9285	4.0979	0.2601	34.6866	34.1955
0.9290	4.0995	0.2423	34.7742	34.1415
0.9295	4.1004	0.2362	34.6648	34.1934
0.9300	4.1011	0.2225	34.6237	34.1792
0.9305	4.1018	0.2144	34.8738	34.1593
0.9310	4.1022	0.2116	35.0159	34.1423
0.9315	4.1029	0.2030	34.9468	34.1861
0.9320	4.1035	0.1977	34.8152	34.2222
0.9325	4.1038	0.1916	35.0298	34.3324
0.9330	4.1044	0.1859	34.2277	34.4078
0.9335	4.1040	0.1851	33.9592	34.3709
0.9340	4.1039	0.1877	34.0315	34.3143
0.9345	4.1038	0.1882	34.2293	34.2740
0.9350	4.1046	0.1846	34.5537	34.2388
0.9355	4.1050	0.1849	34.5759	34.2107
0.9360	4.1029	0.1906	34.5463	34.2365
0.9365	4.1020	0.2071	34.6801	34.2828
0.9370	4.1011	0.2187	35.0114	34.2875
0.9375	4.0995	0.2340	35.0581	34.2814
0.9380	4.0987	0.2436	34.9824	34.2997
0.9385	4.0976	0.2582	35.0646	34.2966
0.9390	4.0971	0.2652	35.2924	34.3337
0.9395	4.0961	0.2717	35.3006	34.3022
0.9400	4.0959	0.2753	35.1542	34.2777
0.9405	4.0963	0.2750	35.1657	34.2448
0.9410	4.0968	0.2652	35.3681	34.2310
0.9415	4.0968	0.2671	35.3926	34.3406
0.9420	4.0972	0.2676	35.1670	34.4054
0.9425	4.0971	0.2620	35.0200	34.3479
0.9430	4.0977	0.2595	35.0742	34.3584
0.9435	4.0983	0.2531	35.0490	34.4315
0.9440	4.0988	0.2490	34.7606	34.4235
0.9445	4.1004	0.2311	34.4778	34.4614
0.9450	4.1012	0.2188	34.4588	34.4682
0.9455	4.1010	0.2177	34.4638	34.3931
0.9460	4.1016	0.2144	33.7119	34.3156
0.9465	4.1023	0.2116	33.4579	34.2441
0.9470	4.1018	0.2105	33.5899	34.2331
0.9475	4.1017	0.2070	33.6157	34.2629
0.9480	4.1017	0.2107	33.2885	34.4493
0.9485	4.1022	0.2122	33.2936	34.5096
0.9490	4.1016	0.2145	33.4566	34.4367
0.9495	4.1017	0.2139	33.6772	34.4513
0.9500	4.1017	0.2124	33.7670	34.4675
0.9505	4.1027	0.2082	33.7686	34.4679
0.9510	4.1023	0.2057	33.8979	34.3629
0.9515	4.1027	0.2084	34.1146	34.3043
0.9520	4.1021	0.2095	34.1917	34.3101
0.9525	4.1015	0.2153	34.2061	34.3678
0.9530	4.1010	0.2223	34.3508	34.4079
0.9535	4.1004	0.2256	34.5707	34.4776
0.9540	4.1003	0.2357	34.6533	34.5578
0.9545	4.0994	0.2434	34.6177	34.4607
0.9550	4.0980	0.2514	34.6809	34.3874
0.9555	4.0974	0.2590	34.8555	34.2569
0.9560	4.0970	0.2639	34.8957	34.1901
0.9565	4.0964	0.2705	34.8320	34.1611
0.9570	4.0954	0.2798	34.8642	34.1304
0.9575	4.0956	0.2779	35.0396	34.0404
0.9580	4.0962	0.2745	35.1042	34.0918
0.9585	4.0973	0.2708	34.7753	34.2072
0.9590	4.0966	0.2667	34.7809	34.2905
0.9595	4.0972	0.2611	34.9695	34.3176
0.9600	4.0972	0.2644	34.9460	34.2990
0.9605	4.0975	0.2602	34.8086	34.2819
0.9610	4.0991	0.2405	34.5371	34.2831
0.9615	4.1002	0.2320	34.4107	34.3166
0.9620	4.1003	0.2269	34.6570	34.3569
0.9625	4.1005	0.2242	34.6452	34.4031
0.9630	4.1016	0.2193	34.7575	34.3641
0.9635	4.1025	0.2005	34.9527	34.3211
0.9640	4.1022	0.2093	35.0917	34.1721
0.9645	4.1019	0.2122	35.0425	34.1709
0.9650	4.1024	0.2031	35.0111	34.1821
0.9655	4.1025	0.2028	35.1316	34.2187
0.9660	4.1030	0.2036	35.2465	34.1614
0.9665	4.1011	0.2151	35.2125	34.1377
0.9670	4.1018	0.2138	35.1270	34.2077
0.9675	4.1021	0.2090	35.1500	34.3609
0.9680	4.1024	0.2083	35.1896	34.5149
0.9685	4.1019	0.2100	35.1067	34.4851
0.9690	4.1018	0.2144	34.8739	34.4802
0.9695	4.1018	0.2139	34.7656	34.4730
0.9700	4.1016	0.2155	34.7047	34.5134
0.9705	4.1015	0.2169	34.6575	34.5679
0.9710	4.1006	0.2292	34.3630	34.6443
0.9715	4.0999	0.2334	34.2661	34.6017
0.9720	4.0999	0.2393	33.7248	34.4940
0.9725	4.0992	0.2449	32.9994	34.4406
0.9730	4.0979	0.2543	33.1225	34.3641
0.9735	4.0980	0.2611	33.0196	34.3565
0.9740	4.0978	0.2547	33.1466	34.2966
0.9745	4.0983	0.2502	33.3391	34.2598
0.9750	4.0983	0.2534	33.4182	34.2060
0.9755	4.0989	0.2515	33.4259	34.1591
0.9760	4.0986	0.2444	33.5908	34.2030
0.9765	4.0999	0.2339	33.8007	34.2420
0.9770	4.1004	0.2312	33.9141	34.3382
0.9775	4.1005	0.2270	33.8776	34.4308
0.9780	4.1014	0.2219	33.9896	34.4593
0.9785	4.1003	0.2236	34.2123	34.5248
0.9790	4.1006	0.2257	34.3748	34.4963
0.9795	4.1007	0.2239	34.3549	34.5190
0.9800	4.1008	0.2239	34.4255	34.4908
0.9805	4.1007	0.2254	34.6249	34.3796
0.9810	4.1009	0.2292	34.7576	34.2796
0.9815	4.1004	0.2276	34.6653	34.2342
0.9820	4.1002	0.2273	34.6728	34.2448
0.9825	4.1004	0.2277	34.8125	34.3001
0.9830	4.1006	0.2311	34.9726	34.3548
0.9835	4.1000	0.2282	34.8715	34.3579
0.9840	4.1000	0.2354	34.9055	34.2846
0.9845	4.1002	0.2335	34.7919	34.2467
0.9850	4.1009	0.2269	34.8149	34.2933
0.9855	4.1012	0.2180	34.8851	34.3423
0.9860	4.1013	0.2191	34.7394	34.4596
0.9865	4.1013	0.2186	34.7622	34.4628
0.9870	4.1013	0.2189	34.7680	34.5462
0.9875	4.1016	0.2154	34.6081	34.6242
0.9880	4.1009	0.2202	34.3465	34.5576
0.9885	4.1015	0.2201	34.5520	34.5590
0.9890	4.1010	0.2234	34.7855	34.5483
0.9895	4.0999	0.2337	34.9131	34.4856
0.9900	4.0993	0.2382	34.8240	34.4160
0.9905	4.0989	0.2413	34.8800	34.4236
0.9910	4.0994	0.2439	35.0428	34.4686
0.9915	4.0995	0.2363	35.1370	34.5188
0.9920	4.1003	0.2286	35.0484	34.5603
0.9925	4.1006	0.2292	35.0067	34.4294
0.9930	4.1005	0.2233	35.1166	34.3791
0.9935	4.1014	0.2201	35.2100	34.3395
0.9940	4.1017	0.2150	35.0672	34.4828
0.9945	4.1016	0.2147	34.8956	34.5842
0.9950	4.1019	0.2104	34.8638	34.6138
0.9955	4.1026	0.2032	34.8975	34.6480
0.9960	4.1035	0.2018	34.6827	34.6027
0.9965	4.1035	0.1951	34.4132	34.4976
0.9970	4.1024	0.2024	34.3042	34.4770
0.9975	4.1023	0.2099	34.3772	34.5148
0.9980	4.1015	0.2146	33.9914	34.5375
0.9985	4.1018	0.2133	32.8222	34.4916
0.9990	4.1011	0.2172	32.8745	34.4190
0.9995	4.1013	0.2195	33.1423	34.4614
1.0000	4.1007	0.2234	33.1527	34.5239
1.0005	4.1008	0.2246	33.0497	34.5596
1.0010	4.1007	0.2267	33.2085	34.4220
1.0015	4.1011	0.2200	33.4506	34.3113
1.0020	4.1022	0.2115	33.6079	34.2782
1.0025	4.1023	0.2097	33.5555	34.2711
1.0030	4.1027	0.2062	33.6435	34.3043
1.0035	4.1021	0.2062	33.8743	34.3283
1.0040	4.1014	0.2208	34.0129	34.4554
1.0045	4.1003	0.2279	33.9910	34.4895
1.0050	4.0993	0.2384	34.0904	34.4223
1.0055	4.0990	0.2467	34.3451	34.3423
1.0060	4.0979	0.2552	34.4832	34.3725
1.0065	4.0969	0.2628	34.4466	34.3873
1.0070	4.0972	0.2714	34.4917	34.3153
1.0075	4.0967	0.2700	34.6497	34.2732
1.0080	4.0969	0.2678	34.7030	34.2796
1.0085	4.0975	0.2630	34.6600	34.4533
1.0090	4.0975	0.2587	34.7302	34.5226
1.0095	4.0983	0.2507	34.8859	34.3621
1.0100	4.0969	0.2629	34.9338	34.2262
1.0105	4.0959	0.2769	34.8718	34.1796
1.0110	4.0976	0.2628	34.8627	34.2286
1.0115	4.0980	0.2570	34.7596	34.3289
1.0120	4.0984	0.2448	34.8256	34.3727
1.0125	4.0997	0.2363	34.7375	34.3880
1.0130	4.1010	0.2289	34.6280	34.4910
1.0135	4.1015	0.2215	34.6451	34.5271
1.0140	4.1014	0.2214	34.5696	34.4082
1.0145	4.1005	0.2246	34.4399	34.4054
1.0150	4.1009	0.2262	34.4900	34.5424
1.0155	4.1001	0.2281	34.6648	34.5322
1.0160	4.1000	0.2324	34.8785	34.5235
1.0165	4.0996	0.2375	34.8889	34.5760
1.0170	4.0997	0.2316	34.8377	34.5998
1.0175	4.0996	0.2317	34.9371	34.6897
1.0180	4.1005	0.2339	35.0674	34.5832
1.0185	4.1000	0.2365	35.0683	34.3939
1.0190	4.0997	0.2326	34.9620	34.2783
1.0195	4.1002	0.2328	34.9822	34.2516
1.0200	4.1003	0.2265	35.0467	34.2628
1.0205	4.1004	0.2283	35.0440	34.2939
1.0210	4.0995	0.2384	34.8369	34.4644
1.0215	4.0998	0.2364	34.7403	34.5090
1.0220	4.0992	0.2378	34.6543	34.5589
1.0225	4.0985	0.2416	34.6040	34.5480
1.0230	4.0987	0.2523	34.3010	34.6022
1.0235	4.0979	0.2556	34.2811	34.6457
1.0240	4.0971	0.2647	33.5662	34.5261
1.0245	4.0978	0.2615	32.7289	34.3986
1.0250	4.0966	0.2641	32.9602	34.2951
1.0255	4.0966	0.2685	32.8496	34.2972
1.0260	4.0979	0.2606	32.9388	34.3753
1.0265	4.0980	0.2527	33.1153	34.4028
1.0270	4.0992	0.2456	33.2487	34.3496
1.0275	4.0992	0.2402	33.2482	34.3155
1.0280	4.0991	0.2406	33.3964	34.3038
1.0285	4.0993	0.2423	33.5619	34.3401
1.0290	4.0995	0.2382	33.6913	34.3893
1.0295	4.0999	0.2391	33.7132	34.4020
1.0300	4.1003	0.2328	33.8145	34.3941
1.0305	4.1003	0.2238	33.9820	34.3950
1.0310	4.1006	0.2284	34.1493	34.4176
1.0315	4.1004	0.2262	34.1918	34.4977
1.0320	4.1004	0.2281	34.2626	34.6447
1.0325	4.0996	0.2388	34.3885	34.6748
1.0330	4.0991	0.2383	34.5384	34.7328
1.0335	4.0998	0.2360	34.5949	34.6543
1.0340	4.1006	0.2257	34.5833	34.5408
1.0345	4.1012	0.2222	34.6223	34.4966
1.0350	4.1010	0.2259	34.7233	34.4954
1.0355	4.1006	0.2235	34.7569	34.4082
1.0360	4.1004	0.2325	34.7941	34.3354
1.0365	4.0997	0.2333	34.8276	34.3457
1.0370	4.0991	0.2432	34.9283	34.4062
1.0375	4.0979	0.2525	34.9232	34.5890
1.0380	4.0977	0.2558	34.9089	34.6991
1.0385	4.0974	0.2632	34.5717	34.6989
1.0390	4.0967	0.2678	34.4152	34.6985
1.0395	4.0967	0.2668	34.5384	34.6771
1.0400	4.0965	0.2719	34.4921	34.6145
1.0405	4.0963	0.2701	34.4480	34.5205
1.0410	4.0972	0.2648	34.5677	34.5504
1.0415	4.0970	0.2664	34.7847	34.6241
1.0420	4.0971	0.2667	34.8159	34.5078
1.0425	4.0968	0.2644	34.8559	34.3816
1.0430	4.0972	0.2609	34.9447	34.4359
1.0435	4.0980	0.2543	35.0591	34.5158
1.0440	4.0980	0.2568	35.0772	34.5473
1.0445	4.0978	0.2582	35.0644	34.4792
1.0450	4.0977	0.2526	35.1169	34.3889
1.0455	4.0969	0.2570	35.2171	34.3682
1.0460	4.0976	0.2598	35.1920	34.4188
1.0465	4.0986	0.2571	35.0212	34.4463
1.0470	4.0985	0.2533	34.9447	34.4041
1.0475	4.0995	0.2410	35.0074	34.4173
1.0480	4.1006	0.2272	34.9342	34.4149
1.0485	4.1004	0.2293	34.6547	34.4106
1.0490	4.1008	0.2292	34.4836	34.4033
1.0495	4.0998	0.2333	34.4280	34.4954
1.0500	4.0988	0.2446	33.9749	34.5819
1.0505	4.0987	0.2432	33.8760	34.4380
1.0510	4.0987	0.2452	33.3244	34.2419
1.0515	4.0990	0.2476	32.8584	34.1562
1.0520	4.0981	0.2544	33.1590	34.1944
1.0525	4.0984	0.2502	33.1257	34.2731
1.0530	4.0991	0.2482	33.0242	34.2823
1.0535	4.0995	0.2371	33.2020	34.2650
1.0540	4.0989	0.2454	33.5089	34.3134
1.0545	4.0981	0.2528	33.5731	34.4646
1.0550	4.0980	0.2549	33.4948	34.5507
1.0555	4.0974	0.2574	33.6333	34.4460
1.0560	4.0969	0.2617	33.9193	34.3686
1.0565	4.0974	0.2639	33.9976	34.3187
1.0570	4.0973	0.2632	33.9358	34.3144
1.0575	4.0980	0.2629	34.0404	34.2837
1.0580	4.0973	0.2575	34.3380	34.3435
1.0585	4.0969	0.2638	34.4806	34.4803
1.0590	4.0975	0.2540	34.4016	34.5252
1.0595	4.0983	0.2549	34.4156	34.5164
1.0600	4.0998	0.2374	34.6361	34.3681
1.0605	4.0998	0.2359	34.7525	34.4057
1.0610	4.1002	0.2300	34.6412	34.4418
1.0615	4.1013	0.2195	34.6032	34.3940
1.0620	4.1018	0.2114	34.8244	34.3047
1.0625	4.1035	0.1977	34.9872	34.2780
1.0630	4.1040	0.1970	34.9200	34.3684
1.0635	4.1040	0.1880	34.7997	34.4927
1.0640	4.1040	0.1948	34.9029	34.4991
1.0645	4.1031	0.1950	34.8969	34.4763
1.0650	4.1026	0.2060	34.2503	34.4555
1.0655	4.1026	0.2030	34.1551	34.3830
1.0660	4.1029	0.2011	34.3270	34.3706
1.0665	4.1025	0.2059	34.5896	34.4677
1.0670	4.1030	0.1989	34.6936	34.4618
1.0675	4.1024	0.2081	34.6695	34.4023
1.0680	4.1028	0.2051	34.7854	34.3572
1.0685	4.1028	0.2019	35.0022	34.3389
1.0690	4.1033	0.1972	35.0665	34.3417
1.0695	4.1036	0.1991	35.0357	34.3902
1.0700	4.1028	0.2014	35.0888	34.4467
1.0705	4.1016	0.2146	35.2462	34.3849
1.0710	4.1006	0.2281	35.2563	34.2822
1.0715	4.0998	0.2343	35.1588	34.2538
1.0720	4.0986	0.2452	35.1195	34.2811
1.0725	4.0982	0.2561	35.2436	34.2983
1.0730	4.0971	0.2571	35.2241	34.2522
1.0735	4.0970	0.2652	35.0443	34.2377
1.0740	4.0974	0.2606	34.8618	34.2640
1.0745	4.0977	0.2613	34.8846	34.2738
1.0750	4.0973	0.2695	34.7595	34.3018
1.0755	4.0961	0.2710	34.5526	34.4155
1.0760	4.0959	0.2731	33.9782	34.4096
1.0765	4.0960	0.2738	34.0632	34.3528
1.0770	4.0964	0.2718	34.0319	34.3550
1.0775	4.0964	0.2723	33.7906	34.3612
1.0780	4.0966	0.2685	33.0948	34.3759
1.0785	4.0968	0.2679	33.0387	34.4877
1.0790	4.0981	0.2567	33.3454	34.5207
1.0795	4.1010	0.2253	33.2663	34.3560
1.0800	4.1025	0.2070	33.3411	34.1830
1.0805	4.1021	0.2128	33.5082	34.2431
1.0810	4.1017	0.2148	33.7408	34.3256
1.0815	4.1025	0.2123	33.7557	34.3375
1.0820	4.1026	0.2051	33.7769	34.4017
1.0825	4.1028	0.2022	33.9288	34.4081
1.0830	4.1024	0.2108	34.1573	34.4520
1.0835	4.1017	0.2214	34.2076	34.4792
1.0840	4.1020	0.2116	34.2203	34.4967
1.0845	4.1033	0.1990	34.3562	34.4914
1.0850	4.1035	0.1956	34.6042	34.4862
1.0855	4.1027	0.1970	34.6442	34.4485
1.0860	4.1028	0.2023	34.5827	34.3324
1.0865	4.1026	0.2045	34.6063	34.3537
1.0870	4.1020	0.2122	34.8057	34.4716
1.0875	4.1013	0.2186	34.8724	34.5547
1.0880	4.1008	0.2214	34.8580	34.4993
1.0885	4.1005	0.2283	34.8076	34.3314
1.0890	4.0996	0.2349	34.9589	34.2794
1.0895	4.0989	0.2438	35.0189	34.3152
1.0900	4.0976	0.2573	35.1101	34.3564
1.0905	4.0976	0.2606	34.5372	34.3474
1.0910	4.0964	0.2697	34.0409	34.3453
1.0915	4.0953	0.2806	34.3310	34.3584
1.0920	4.0951	0.2864	34.4412	34.3560
1.0925	4.0957	0.2789	34.5680	34.2989
1.0930	4.0961	0.2750	34.5919	34.2904
1.0935	4.0969	0.2667	34.7345	34.3359
1.0940	4.0979	0.2593	34.8814	34.2635
1.0945	4.0985	0.2463	35.0143	34.0993
1.0950	4.0992	0.2451	35.0210	34.1084
1.0955	4.0997	0.2360	35.0972	34.2379
1.0960	4.1000	0.2270	35.2168	34.2552
1.0965	4.1001	0.2393	35.2616	34.2167
1.0970	4.0990	0.2415	35.1987	34.1027
1.0975	4.0998	0.2387	35.2011	34.0153
1.0980	4.0999	0.2342	35.3078	34.0717
1.0985	4.1001	0.2292	35.3208	34.1861
1.0990	4.1005	0.2260	35.2067	34.2650
1.0995	4.1009	0.2304	35.0886	34.2854
1.1000	4.1004	0.2267	35.0489	34.2751
1.1005	4.0998	0.2239	34.9684	34.3531
1.1010	4.1001	0.2314	34.7846	34.2787
1.1015	4.0998	0.2350	34.5710	34.2479
1.1020	4.0993	0.2379	34.4802	34.2389
1.1025	4.0991	0.2458	34.3626	34.2388
1.1030	4.0994	0.2364	34.0326	34.1873
1.1035	4.0996	0.2359	33.8807	34.1411
1.1040	4.0994	0.2455	33.7604	34.2215
1.1045	4.0988	0.2484	33.4011	34.3391
1.1050	4.0977	0.2517	33.1713	34.4375
1.1055	4.0975	0.2616	33.3282	34.3861
1.1060	4.0967	0.2691	33.3552	34.2658
1.1065	4.0961	0.2764	33.5446	34.2508
1.1070	4.0953	0.2738	33.6811	34.3142
1.1075	4.0965	0.2744	33.7709	34.3506
1.1080	4.0967	0.2656	33.8037	34.3691
1.1085	4.0971	0.2629	33.9337	34.3439
1.1090	4.0977	0.2573	34.0802	34.3811
1.1095	4.0976	0.2555	34.2038	34.3867
1.1100	4.0967	0.2640	34.2430	34.3656
1.1105	4.0962	0.2698	34.3993	34.3842
1.1110	4.0960	0.2769	34.5555	34.3108
1.1115	4.0967	0.2681	34.6220	34.2013
1.1120	4.0992	0.2455	34.5763	34.1427
1.1125	4.1000	0.2330	34.6684	34.2114
1.1130	4.1006	0.2285	34.7639	34.2063
1.1135	4.1022	0.2145	34.8631	34.1855
1.1140	4.1021	0.2078	34.8054	34.1368
1.1145	4.1021	0.2131	34.9151	34.1736
1.1150	4.1019	0.2159	34.9518	34.1891
1.1155	4.1017	0.2136	35.1227	34.2775
1.1160	4.1025	0.2062	34.2263	34.3800
1.1165	4.1026	0.2079	33.7957	34.3592
1.1170	4.1023	0.2086	34.1749	34.3066
1.1175	4.1024	0.2063	34.2703	34.2808
1.1180	4.1028	0.2015	34.3799	34.2555
1.1185	4.1021	0.2064	34.4235	34.2303
1.1190	4.1022	0.2094	34.6379	34.2433
1.1195	4.1012	0.2186	34.7552	34.2838
1.1200	4.1004	0.2322	34.8691	34.2717
1.1205	4.0995	0.2417	34.9209	34.2492
1.1210	4.0976	0.2567	35.0579	34.2606
1.1215	4.0972	0.2655	35.1419	34.2574
1.1220	4.0964	0.2741	35.1938	34.2868
1.1225	4.0958	0.2809	35.1764	34.2918
1.1230	4.0953	0.2762	35.2024	34.2769
1.1235	4.0957	0.2809	35.2755	34.2715
1.1240	4.0967	0.2700	35.2935	34.2486
1.1245	4.0968	0.2720	35.2457	34.3361
1.1250	4.0969	0.2679	35.1891	34.4252
1.1255	4.0966	0.2760	35.1710	34.3853
1.1260	4.0963	0.2766	35.0684	34.3500
1.1265	4.0960	0.2716	34.9305	34.4176
1.1270	4.0978	0.2574	34.7508	34.4182
1.1275	4.0986	0.2479	34.6686	34.4348
1.1280	4.1009	0.2292	34.4975	34.4414
1.1285	4.1012	0.2218	34.3876	34.3829
1.1290	4.1016	0.2193	33.7833	34.2953
1.1295	4.1015	0.2137	33.5511	34.2297
1.1300	4.1016	0.2178	33.6372	34.2584
1.1305	4.1017	0.2142	33.4992	34.2651
1.1310	4.1017	0.2135	33.2152	34.4381
1.1315	4.1024	0.2101	33.3643	34.5426
1.1320	4.1021	0.2078	33.5435	34.4512
1.1325	4.1026	0.2080	33.4998	34.4406
1.1330	4.1030	0.2018	33.6193	34.4381
1.1335	4.1031	0.2009	33.8528	34.4416
1.1340	4.1030	0.1972	34.0024	34.3587
1.1345	4.1027	0.2013	33.9294	34.2901
1.1350	4.1023	0.2097	34.0087	34.3056
1.1355	4.1023	0.2129	34.3019	34.3769
1.1360	4.1015	0.2153	34.4988	34.4414
1.1365	4.1011	0.2246	34.4274	34.4874
1.1370	4.1001	0.2337	34.4152	34.5742
1.1375	4.0993	0.2453	34.6624	34.5028
1.1380	4.0988	0.2509	34.8953	34.3910
1.1385	4.0983	0.2516	34.7813	34.2637
1.1390	4.0975	0.2616	34.6527	34.1586
1.1395	4.0971	0.2649	34.8194	34.1395
1.1400	4.0956	0.2779	35.0863	34.1248
1.1405	4.0962	0.2804	35.0217	34.0383
1.1410	4.0965	0.2729	34.8903	34.0525
1.1415	4.0976	0.2667	34.7682	34.2090
1.1420	4.0970	0.2649	34.9499	34.2949
1.1425	4.0976	0.2613	34.9884	34.3374
1.1430	4.0977	0.2604	34.7256	34.3119
1.1435	4.0975	0.2559	34.7169	34.2728
1.1440	4.0987	0.2484	34.8118	34.2573
1.1445	4.0996	0.2356	34.4808	34.3000
1.1450	4.1001	0.2287	34.3943	34.3256
1.1455	4.1004	0.2327	34.5272	34.4062
1.1460	4.1010	0.2203	34.9136	34.3596
1.1465	4.1020	0.2048	35.0426	34.3164
1.1470	4.1021	0.2137	34.8705	34.2014
1.1475	4.1020	0.2169	34.8740	34.1610
1.1480	4.1025	0.2092	35.1600	34.1631
1.1485	4.1028	0.2019	35.2844	34.2026
1.1490	4.1032	0.1980	35.0811	34.1705
1.1495	4.1020	0.2079	35.0053	34.1243
1.1500	4.1012	0.2139	35.2224	34.1730
1.1505	4.1023	0.2071	35.3356	34.2976
1.1510	4.1020	0.2098	35.1080	34.4887
1.1515	4.1022	0.2077	34.9022	34.4882
1.1520	4.1015	0.2151	34.9442	34.4613
1.1525	4.1015	0.2153	34.9858	34.4595
1.1530	4.1016	0.2153	34.7316	34.4845
1.1535	4.1007	0.2210	34.4524	34.5335
1.1540	4.1007	0.2247	34.3648	34.5893
1.1545	4.0996	0.2353	34.4575	34.5993
1.1550	4.0987	0.2432	34.0105	34.5016
1.1555	4.0985	0.2502	32.8804	34.4556
1.1560	4.0977	0.2588	32.9887	34.3596
1.1565	4.0975	0.2634	33.2118	34.3356
1.1570	4.0978	0.2623	33.1784	34.2635
1.1575	4.0977	0.2607	33.1244	34.2371
1.1580	4.0980	0.2562	33.2694	34.1969
1.1585	4.0980	0.2551	33.5532	34.1524
1.1590	4.0981	0.2550	33.6844	34.1775
1.1595	4.0987	0.2470	33.5962	34.2237
1.1600	4.1000	0.2348	33.7002	34.2899
1.1605	4.1003	0.2334	33.9969	34.4091
1.1610	4.0997	0.2312	34.1509	34.4563
1.1615	4.0998	0.2339	34.0533	34.5158
1.1620	4.0998	0.2352	34.1104	34.4999
1.1625	4.1000	0.2348	34.4009	34.4921
1.1630	4.1006	0.2290	34.6063	34.4802
1.1635	4.1001	0.2313	34.5151	34.3736
1.1640	4.0996	0.2357	34.5034	34.2615
1.1645	4.0993	0.2357	34.7058	34.1978
1.1650	4.1000	0.2346	34.8725	34.2136
1.1655	4.1000	0.2319	34.7413	34.2556
1.1660	4.0999	0.2338	34.7110	34.3294
1.1665	4.0994	0.2364	34.8589	34.3573
1.1670	4.1000	0.2368	35.1294	34.3123
1.1675	4.1002	0.2323	34.8645	34.2342
1.1680	4.1011	0.2212	34.4544	34.2539
1.1685	4.1018	0.2128	34.8241	34.3119
1.1690	4.1019	0.2127	34.9529	34.3857
1.1695	4.1017	0.2127	34.8510	34.4220
1.1700	4.1018	0.2124	34.5608	34.4832
1.1705	4.1017	0.2164	34.5384	34.6089
1.1710	4.1018	0.2175	34.5138	34.5825
1.1715	4.1013	0.2134	34.6335	34.5726
1.1720	4.1014	0.2120	34.5563	34.5655
1.1725	4.1010	0.2246	34.6669	34.5063
1.1730	4.0997	0.2330	34.9088	34.4139
1.1735	4.0994	0.2388	35.0368	34.3698
1.1740	4.0993	0.2394	34.9704	34.4041
1.1745	4.1003	0.2311	34.9758	34.4028
1.1750	4.1003	0.2269	35.0849	34.5135
1.1755	4.1012	0.2189	35.1188	34.4285
1.1760	4.1005	0.2204	35.0658	34.3619
1.1765	4.1018	0.2124	35.0555	34.3454
1.1770	4.1024	0.2027	35.0874	34.4321
1.1775	4.1028	0.2043	35.0298	34.5859
1.1780	4.1034	0.1992	34.9017	34.5935
1.1785	4.1043	0.1833	34.7676	34.6142
1.1790	4.1041	0.1888	34.7166	34.5826
1.1795	4.1038	0.1939	34.5844	34.4883
1.1800	4.1036	0.2024	34.4095	34.4305
1.1805	4.1029	0.2020	34.2004	34.4867
1.1810	4.1025	0.2087	34.1315	34.5301
1.1815	4.1025	0.2060	33.1422	34.5260
1.1820	4.1028	0.2018	32.8799	34.4328
1.1825	4.1029	0.2020	33.0400	34.4499
1.1830	4.1032	0.1974	33.0310	34.4892
1.1835	4.1032	0.1984	33.1056	34.5255
1.1840	4.1029	0.2002	33.2592	34.4116
1.1845	4.1031	0.1986	33.3579	34.2771
1.1850	4.1033	0.1973	33.4358	34.2382
1.1855	4.1032	0.1938	33.5538	34.2274
1.1860	4.1035	0.1980	33.6996	34.3077
1.1865	4.1027	0.2014	33.8207	34.3416
1.1870	4.1020	0.2086	33.8825	34.4569
1.1875	4.1011	0.2207	33.9754	34.5182
1.1880	4.1000	0.2259	34.1238	34.4391
1.1885	4.0995	0.2381	34.2592	34.3247
1.1890	4.0983	0.2475	34.3344	34.3036
1.1895	4.0977	0.2571	34.4385	34.3405
1.1900	4.0971	0.2659	34.5583	34.2658
1.1905	4.0971	0.2652	34.6097	34.2424
1.1910	4.0971	0.2622	34.6208	34.2555
1.1915	4.0977	0.2564	34.6430	34.4170
1.1920	4.0981	0.2543	34.7363	34.5744
1.1925	4.0983	0.2535	34.8080	34.4538
1.1930	4.0979	0.2560	34.8568	34.2846
1.1935	4.0969	0.2611	34.8639	34.1851
1.1940	4.0985	0.2503	34.9298	34.1555
1.1945	4.0995	0.2390	34.7436	34.2277
1.1950	4.1000	0.2313	34.7336	34.2930
1.1955	4.1022	0.2071	34.7840	34.3014
1.1960	4.1031	0.1971	34.6630	34.3974
1.1965	4.1032	0.1931	34.6031	34.5231
1.1970	4.1028	0.2013	34.5126	34.4833
1.1975	4.1027	0.2044	34.4179	34.4630
1.1980	4.1021	0.2107	34.5285	34.5855
1.1985	4.1023	0.2123	34.6662	34.5973
1.1990	4.1026	0.2081	34.7789	34.5178
1.1995	4.1021	0.2145	34.8280	34.5105
1.2000	4.1020	0.2114	34.8521	34.4821
1.2005	4.1014	0.2151	34.9578	34.5537
1.2010	4.1015	0.2185	35.0179	34.5513
1.2015	4.1016	0.2127	35.0108	34.3875
1.2020	4.1017	0.2154	34.9780	34.3278
1.2025	4.1019	0.2152	35.0270	34.2843
1.2030	4.1017	0.2167	35.0543	34.3253
1.2035	4.1016	0.2217	34.9948	34.3460
1.2040	4.1004	0.2266	34.8471	34.4552
1.2045	4.0999	0.2360	34.7623	34.4971
1.2050	4.0992	0.2385	34.6742	34.5179
1.2055	4.0991	0.2430	34.6047	34.4967
1.2060	4.0982	0.2573	34.3553	34.4907
1.2065	4.0972	0.2638	34.2477	34.5816
1.2070	4.0965	0.2721	33.9116	34.5448
1.2075	4.0965	0.2711	32.8177	34.4450
1.2080	4.0966	0.2657	32.8504	34.3717
1.2085	4.0961	0.2756	32.8668	34.3365
1.2090	4.0964	0.2705	32.9227	34.3857
1.2095	4.0968	0.2663	33.0778	34.4143
1.2100	4.0976	0.2573	33.1937	34.3394
1.2105	4.0987	0.2481	33.2176	34.2407
1.2110	4.0988	0.2449	33.3468	34.2138
1.2115	4.0987	0.2446	33.4803	34.2322
1.2120	4.0994	0.2364	33.6309	34.3044
1.2125	4.1004	0.2304	33.7283	34.3832
1.2130	4.1010	0.2244	33.8038	34.3978
1.2135	4.1013	0.2197	33.8912	34.4030
1.2140	4.1012	0.2188	34.0047	34.4519
1.2145	4.1009	0.2220	34.1392	34.4807
1.2150	4.1006	0.2200	34.3022	34.5876
1.2155	4.1002	0.2248	34.3956	34.6277
1.2160	4.1003	0.2271	34.4373	34.6507
1.2165	4.1014	0.2266	34.5007	34.5960
1.2170	4.1013	0.2174	34.6441	34.4745
1.2175	4.1015	0.2178	34.6944	34.4380
1.2180	4.1014	0.2194	34.6529	34.4768
1.2185	4.1008	0.2211	34.6662	34.4617
1.2190	4.1015	0.2226	34.8138	34.3933
1.2195	4.1002	0.2302	34.8986	34.3925
1.2200	4.0995	0.2413	34.9078	34.3991
1.2205	4.0989	0.2461	34.8232	34.5299
1.2210	4.0977	0.2528	34.8912	34.6306
1.2215	4.0973	0.2601	34.7612	34.6192
1.2220	4.0966	0.2691	34.4136	34.5962
1.2225	4.0965	0.2736	34.4508	34.5902
1.2230	4.0959	0.2773	34.4712	34.5855
1.2235	4.0962	0.2758	34.5114	34.5331
1.2240	4.0966	0.2699	34.5140	34.5438
1.2245	4.0966	0.2716	34.6443	34.6655
1.2250	4.0959	0.2770	34.7532	34.5884
1.2255	4.0962	0.2777	34.8827	34.4081
1.2260	4.0960	0.2761	34.9330	34.3788
1.2265	4.0964	0.2747	34.9736	34.4305
1.2270	4.0965	0.2764	35.0332	34.4795
1.2275	4.0958	0.2744	35.1013	34.4316
1.2280	4.0962	0.2756	35.1228	34.3414
1.2285	4.0954	0.2782	35.1144	34.3290
1.2290	4.0953	0.2857	35.0933	34.3836
1.2295	4.0965	0.2723	35.1021	34.4513
1.2300	4.0971	0.2703	35.0634	34.4246
1.2305	4.0973	0.2652	34.9593	34.4054
1.2310	4.0988	0.2465	34.8095	34.4020
1.2315	4.1000	0.2357	34.7318	34.3766
1.2320	4.0998	0.2312	34.6103	34.3368
1.2325	4.0998	0.2386	34.4594	34.3622
1.2330	4.0989	0.2355	33.9173	34.4845
1.2335	4.0984	0.2455	33.8619	34.4400
1.2340	4.0984	0.2505	33.7760	34.2741
1.2345	4.0984	0.2517	32.9620	34.1742
1.2350	4.0978	0.2575	32.8646	34.1993
1.2355	4.0980	0.2498	33.0682	34.2759
1.2360	4.0989	0.2423	33.1563	34.2941
1.2365	4.0997	0.2378	33.2482	34.2497
1.2370	4.0995	0.2439	33.3180	34.2658
1.2375	4.0988	0.2510	33.4405	34.3556
1.2380	4.0980	0.2526	33.5728	34.4728
1.2385	4.0976	0.2561	33.6637	34.4196
1.2390	4.0970	0.2629	33.7607	34.3539
1.2395	4.0968	0.2664	33.8793	34.3176
1.2400	4.0966	0.2729	33.9970	34.3233
1.2405	4.0967	0.2729	34.1013	34.3155
1.2410	4.0969	0.2628	34.1676	34.3300
1.2415	4.0972	0.2670	34.2888	34.4455
1.2420	4.0974	0.2634	34.4378	34.4666
1.2425	4.0970	0.2649	34.5378	34.4910
1.2430	4.0988	0.2531	34.5394	34.3548
1.2435	4.0991	0.2408	34.5672	34.3230
1.2440	4.0995	0.2453	34.6584	34.3988
1.2445	4.1004	0.2297	34.7655	34.4082
1.2450	4.1006	0.2251	34.7611	34.3447
1.2455	4.1018	0.2106	34.7805	34.3038
1.2460	4.1025	0.2051	34.8775	34.3471
1.2465	4.1032	0.2033	34.9929	34.4572
1.2470	4.1029	0.1977	34.9080	34.4824
1.2475	4.1031	0.2004	34.8343	34.4344
1.2480	4.1028	0.2066	34.3282	34.4180
1.2485	4.1029	0.1998	34.2348	34.3609
1.2490	4.1028	0.1959	34.3677	34.3080
1.2495	4.1026	0.2064	34.3506	34.4462
1.2500	4.1029	0.1983	34.5352	34.4962
1.2505	4.1029	0.2074	34.7517	34.4659
1.2510	4.1019	0.2121	34.8549	34.4065
1.2515	4.1026	0.2081	34.8456	34.3440
1.2520	4.1030	0.2043	34.9174	34.3412
1.2525	4.1030	0.2023	35.0931	34.3412
1.2530	4.1030	0.1994	35.1897	34.3828
1.2535	4.1019	0.2124	35.1046	34.3479
1.2540	4.1006	0.2247	35.0404	34.2566
1.2545	4.1000	0.2387	35.1976	34.2065
1.2550	4.0986	0.2459	35.3229	34.2756
1.2555	4.0983	0.2513	35.2339	34.3254
1.2560	4.0983	0.2552	34.9959	34.2833
1.2565	4.0976	0.2603	34.9957	34.2479
1.2570	4.0974	0.2591	35.0538	34.2609
1.2575	4.0979	0.2634	35.0051	34.2480
1.2580	4.0976	0.2571	34.6069	34.2570
1.2585	4.0973	0.2614	34.5105	34.3619
1.2590	4.0968	0.2692	34.2709	34.4090
1.2595	4.0965	0.2710	34.1326	34.3920
1.2600	4.0961	0.2762	33.9436	34.4171
1.2605	4.0967	0.2712	33.7061	34.4080
1.2610	4.0971	0.2626	33.3801	34.4333
1.2615	4.0980	0.2568	33.0677	34.4859
1.2620	4.0988	0.2443	33.1879	34.5399
1.2625	4.1006	0.2304	33.0726	34.4056
1.2630	4.1025	0.2098	33.4137	34.1872
1.2635	4.1018	0.2107	33.6120	34.1620
1.2640	4.1011	0.2194	33.5919	34.2847
1.2645	4.1008	0.2216	33.5230	34.3230
1.2650	4.1010	0.2191	33.8012	34.4105
1.2655	4.1026	0.2051	34.0435	34.4598
1.2660	4.1014	0.2139	34.0390	34.4914
1.2665	4.1008	0.2244	33.9609	34.5023
1.2670	4.1010	0.2205	34.1971	34.4999
1.2675	4.1020	0.2140	34.4942	34.4796
1.2680	4.1027	0.2045	34.5151	34.4541
1.2685	4.1024	0.2092	34.4067	34.4310
1.2690	4.1027	0.2069	34.5404	34.3297
1.2695	4.1021	0.2093	34.7559	34.2974
1.2700	4.1018	0.2132	34.7761	34.4182
1.2705	4.1013	0.2166	34.6283	34.5499
1.2710	4.1010	0.2211	34.7123	34.5748
1.2715	4.1004	0.2257	34.9578	34.4103
1.2720	4.0999	0.2342	35.0607	34.3215
1.2725	4.0991	0.2437	34.8975	34.3212
1.2730	4.0976	0.2518	34.8850	34.3509
1.2735	4.0973	0.2631	34.8644	34.3368
1.2740	4.0963	0.2691	34.2619	34.3205
1.2745	4.0959	0.2800	34.2119	34.3098
1.2750	4.0956	0.2797	34.2303	34.3295
1.2755	4.0962	0.2777	34.4938	34.3241
1.2760	4.0964	0.2708	34.6938	34.3059
1.2765	4.0976	0.2621	34.7053	34.3677
1.2770	4.0981	0.2549	34.6738	34.3332
1.2775	4.0991	0.2467	34.8903	34.1994
1.2780	4.0994	0.2328	35.1377	34.1076
1.2785	4.1009	0.2241	35.1379	34.2090
1.2790	4.1016	0.2162	35.0211	34.2349
1.2795	4.1019	0.2092	35.1381	34.2013
1.2800	4.1018	0.2173	35.3247	34.0899
1.2805	4.1020	0.2095	35.3139	33.9873
1.2810	4.1021	0.2083	35.1677	34.0028
1.2815	4.1025	0.2061	35.1754	34.1409
1.2820	4.1025	0.2035	35.2870	34.2524
1.2825	4.1029	0.1952	35.2252	34.3222
1.2830	4.1032	0.1957	34.9694	34.2960
1.2835	4.1032	0.2001	34.8712	34.3692
1.2840	4.1027	0.2000	34.8840	34.3284
1.2845	4.1026	0.2024	34.7613	34.2431
1.2850	4.1017	0.2097	34.4312	34.2163
1.2855	4.1020	0.2125	34.3014	34.1957
1.2860	4.1011	0.2126	34.1113	34.1688
1.2865	4.1006	0.2204	34.0036	34.1210
1.2870	4.1013	0.2281	33.8097	34.1625
1.2875	4.1004	0.2302	33.4415	34.3158
1.2880	4.0993	0.2421	33.1362	34.4374
1.2885	4.0985	0.2487	33.3205	34.4586
1.2890	4.0980	0.2596	33.3510	34.3254
1.2895	4.0974	0.2697	33.3905	34.2421
1.2900	4.0961	0.2731	33.6026	34.2569
1.2905	4.0967	0.2737	33.7814	34.2966
1.2910	4.0967	0.2700	33.7898	34.3038
1.2915	4.0972	0.2612	33.7924	34.3063
1.2920	4.0977	0.2584	33.9722	34.3279
1.2925	4.0977	0.2591	34.2202	34.3795
1.2930	4.0973	0.2639	34.2772	34.3485
1.2935	4.0969	0.2696	34.2650	34.4004
1.2940	4.0961	0.2767	34.4034	34.3660
1.2945	4.0961	0.2796	34.6408	34.2521
1.2950	4.0974	0.2635	34.6606	34.1458
1.2955	4.0998	0.2346	34.5541	34.1668
1.2960	4.1001	0.2266	34.5786	34.1655
1.2965	4.1021	0.2099	34.8543	34.1252
1.2970	4.1027	0.2062	34.9254	34.0794
1.2975	4.1025	0.2031	34.8126	34.1000
1.2980	4.1031	0.2004	34.7429	34.1392
1.2985	4.1037	0.1882	35.1464	34.2099
1.2990	4.1036	0.1903	34.8509	34.3457
1.2995	4.1040	0.1897	33.7171	34.3872
1.3000	4.1040	0.1942	33.8529	34.3341
1.3005	4.1037	0.1859	34.2053	34.2901
1.3010	4.1037	0.1919	34.5605	34.2363
1.3015	4.1044	0.1871	34.3780	34.1952
1.3020	4.1034	0.1939	34.3394	34.1707
1.3025	4.1025	0.2048	34.6417	34.2140
1.3030	4.1013	0.2121	35.0153	34.2438
1.3035	4.1005	0.2263	34.9219	34.2316
1.3040	4.0991	0.2434	34.7582	34.2412
1.3045	4.0980	0.2534	35.0101	34.2711
1.3050	4.0972	0.2652	35.3747	34.2957
1.3055	4.0964	0.2708	35.2573	34.3158
1.3060	4.0957	0.2776	34.9624	34.2750
1.3065	4.0959	0.2797	35.0911	34.2390
1.3070	4.0965	0.2755	35.4414	34.1948
1.3075	4.0962	0.2680	35.4179	34.2379
1.3080	4.0967	0.2717	35.0340	34.3438
1.3085	4.0969	0.2678	34.9915	34.3624
1.3090	4.0965	0.2744	35.2128	34.3175
1.3095	4.0968	0.2708	35.1303	34.3761
1.3100	4.0975	0.2576	34.6627	34.4277
1.3105	4.0994	0.2402	34.5193	34.4217
1.3110	4.1012	0.2231	34.6025	34.4489
1.3115	4.1014	0.2155	34.6243	34.4153
1.3120	4.1012	0.2179	33.9555	34.3246
1.3125	4.1021	0.2086	33.3332	34.2198
1.3130	4.1022	0.2110	33.6557	34.1852
1.3135	4.1020	0.2075	33.7564	34.2011
1.3140	4.1022	0.2086	33.3013	34.3188
1.3145	4.1027	0.2029	33.0180	34.5183
1.3150	4.1026	0.2030	33.4632	34.4758
1.3155	4.1030	0.1983	33.6877	34.4335
1.3160	4.1030	0.1968	33.6133	34.4251
1.3165	4.1032	0.1986	33.5160	34.4262
1.3170	4.1030	0.1976	33.8467	34.3635
1.3175	4.1034	0.2047	34.1386	34.2440
1.3180	4.1027	0.2054	34.0996	34.2275
1.3185	4.1019	0.2124	33.9501	34.2931
1.3190	4.1011	0.2174	34.2338	34.3879
1.3195	4.1005	0.2252	34.6025	34.4491
1.3200	4.1002	0.2289	34.6088	34.5549
1.3205	4.0996	0.2384	34.4102	34.5701
1.3210	4.0983	0.2510	34.5742	34.4330
1.3215	4.0979	0.2553	34.8837	34.2979
1.3220	4.0970	0.2650	34.8884	34.1560
1.3225	4.0971	0.2674	34.6482	34.0988
1.3230	4.0955	0.2794	34.7720	34.0896
1.3235	4.0955	0.2850	35.0769	34.0439
1.3240	4.0955	0.2773	35.1413	33.9538
1.3245	4.0969	0.2724	34.7610	34.0826
1.3250	4.0968	0.2643	34.5950	34.2556
1.3255	4.0965	0.2667	34.9644	34.3259
1.3260	4.0966	0.2724	35.0724	34.3221
1.3265	4.0976	0.2662	34.7270	34.2854
1.3270	4.0979	0.2567	34.5473	34.2463
1.3275	4.0994	0.2419	34.4643	34.2544
1.3280	4.1005	0.2349	34.6152	34.2697
1.3285	4.0997	0.2336	34.5775	34.3316
1.3290	4.1009	0.2289	34.4854	34.3896
1.3295	4.1023	0.2148	34.8579	34.3331
1.3300	4.1024	0.2102	35.1287	34.2390
1.3305	4.1019	0.2070	35.0007	34.1570
1.3310	4.1023	0.2104	34.8197	34.1856
1.3315	4.1026	0.2049	35.0444	34.2167
1.3320	4.1025	0.1999	35.3165	34.1997
1.3325	4.1025	0.2058	35.2079	34.1156
1.3330	4.1017	0.2127	34.9607	34.1197
1.3335	4.1014	0.2175	35.0549	34.1860
1.3340	4.1021	0.2089	35.3014	34.3801
1.3345	4.1019	0.2095	35.1704	34.4589
1.3350	4.1014	0.2142	34.8269	34.4236
1.3355	4.1021	0.2147	34.7249	34.4371
1.3360	4.1018	0.2132	34.8773	34.4505
1.3365	4.1017	0.2133	34.7353	34.5175
1.3370	4.1012	0.2169	34.4039	34.6112
1.3375	4.1004	0.2274	34.1626	34.6761
1.3380	4.1003	0.2342	34.2589	34.5459
1.3385	4.0998	0.2372	33.4240	34.4463
1.3390	4.0983	0.2476	32.8777	34.3664
1.3395	4.0978	0.2550	32.9898	34.2813
1.3400	4.0984	0.2575	33.0230	34.2369
1.3405	4.0981	0.2582	33.2562	34.1871
1.3410	4.0983	0.2537	33.3294	34.1965
1.3415	4.0982	0.2528	33.3591	34.1556
1.3420	4.0984	0.2509	33.4645	34.1682
1.3425	4.0983	0.2537	33.6459	34.2113
1.3430	4.0996	0.2414	33.7579	34.2929
1.3435	4.1002	0.2328	33.8452	34.3884
1.3440	4.1005	0.2194	33.9529	34.4116
1.3445	4.1011	0.2197	34.0948	34.4427
1.3450	4.1008	0.2265	34.1517	34.4583
1.3455	4.1009	0.2263	34.2418	34.4302
1.3460	4.1012	0.2222	34.4124	34.4583
1.3465	4.1025	0.2071	34.5730	34.3921
1.3470	4.1014	0.2170	34.5923	34.2917
1.3475	4.1008	0.2289	34.5889	34.2205
1.3480	4.1007	0.2268	34.6556	34.2046
1.3485	4.1006	0.2257	34.7997	34.2381
1.3490	4.1003	0.2282	34.8160	34.2812
1.3495	4.1010	0.2253	34.8084	34.3156
1.3500	4.1008	0.2240	34.8412	34.3185
1.3505	4.1007	0.2267	34.9956	34.2198
1.3510	4.1013	0.2258	34.7174	34.1807
1.3515	4.1018	0.2130	34.7251	34.2371
1.3520	4.1015	0.2157	34.7940	34.3340
1.3525	4.1016	0.2178	34.8269	34.4102
1.3530	4.1018	0.2127	34.7465	34.4398
1.3535	4.1018	0.2116	34.6128	34.5849
1.3540	4.1018	0.2172	34.4069	34.6198
1.3545	4.1013	0.2163	34.4343	34.5511
1.3550	4.1017	0.2175	34.6317	34.5562
1.3555	4.1011	0.2203	34.7097	34.4985
1.3560	4.1000	0.2329	34.8263	34.3981
1.3565	4.0994	0.2417	34.8837	34.3310
1.3570	4.0984	0.2472	34.9313	34.3708
1.3575	4.0990	0.2437	34.9559	34.3760
1.3580	4.0989	0.2426	35.0416	34.4782
1.3585	4.0990	0.2483	35.0578	34.5197
1.3590	4.0995	0.2413	35.0796	34.3950
1.3595	4.0998	0.2341	35.0574	34.3724
1.3600	4.1005	0.2314	35.0534	34.3664
1.3605	4.1004	0.2311	34.9998	34.5148
1.3610	4.1006	0.2209	34.9523	34.5313
1.3615	4.1013	0.2177	34.7999	34.5441
1.3620	4.1018	0.2066	34.7391	34.5497
1.3625	4.1025	0.2116	34.5943	34.4892
1.3630	4.1024	0.2039	34.4841	34.4054
1.3635	4.1020	0.2110	34.2165	34.4305
1.3640	4.1021	0.2096	34.2366	34.5096
1.3645	4.1015	0.2163	33.6175	34.5399
1.3650	4.1017	0.2177	32.8040	34.4566
1.3655	4.1016	0.2128	32.9677	34.4132
1.3660	4.1013	0.2136	32.9996	34.4593
1.3665	4.1024	0.2161	33.0782	34.4874
1.3670	4.1025	0.2083	33.1474	34.4461
1.3675	4.1015	0.2194	33.2879	34.2755
1.3680	4.1012	0.2197	33.3645	34.2133
1.3685	4.1016	0.2163	33.5180	34.2087
1.3690	4.1018	0.2167	33.5907	34.2596
1.3695	4.1019	0.2105	33.7174	34.3111
1.3700	4.1014	0.2166	33.8321	34.3756
1.3705	4.1011	0.2234	33.9632	34.4954
1.3710	4.0998	0.2334	34.0454	34.4504
1.3715	4.0988	0.2469	34.1487	34.3370
1.3720	4.0980	0.2527	34.2747	34.2493
1.3725	4.0972	0.2596	34.3911	34.2960
1.3730	4.0970	0.2696	34.4847	34.2733
1.3735	4.0963	0.2723	34.5507	34.2328
1.3740	4.0967	0.2735	34.5822	34.2222
1.3745	4.0968	0.2683	34.6209	34.3236
1.3750	4.0972	0.2650	34.6963	34.5349
1.3755	4.0975	0.2576	34.7459	34.5148
1.3760	4.0981	0.2508	34.7707	34.3249
1.3765	4.0969	0.2664	34.8240	34.1726
1.3770	4.0970	0.2649	34.9362	34.1263
1.3775	4.0987	0.2525	34.8580	34.1343
1.3780	4.0995	0.2434	34.6424	34.2408
1.3785	4.0998	0.2390	34.7248	34.2692
1.3790	4.1012	0.2241	34.7444	34.3291
1.3795	4.1021	0.2124	34.6507	34.4775
1.3800	4.1027	0.2133	34.5071	34.5143
1.3805	4.1021	0.2125	34.3725	34.4185
1.3810	4.1015	0.2225	34.4629	34.4835
1.3815	4.1008	0.2236	34.6495	34.5644
1.3820	4.1009	0.2227	34.6620	34.4968
1.3825	4.1006	0.2239	34.7159	34.4623
1.3830	4.1005	0.2259	34.8321	34.4610
1.3835	4.1003	0.2283	34.8982	34.5022
1.3840	4.1003	0.2287	34.9315	34.5852
1.3845	4.1007	0.2290	35.0120	34.4551
1.3850	4.1008	0.2249	35.0526	34.3455
1.3855	4.1007	0.2226	34.9724	34.2815
1.3860	4.1010	0.2263	34.9318	34.2673
1.3865	4.1010	0.2200	34.9536	34.2739
1.3870	4.1004	0.2285	34.9777	34.3469
1.3875	4.0998	0.2369	34.8281	34.4445
1.3880	4.0996	0.2417	34.6798	34.4581
1.3885	4.0990	0.2460	34.5409	34.4605
1.3890	4.0985	0.2494	34.5311	34.4516
1.3895	4.0973	0.2557	34.2804	34.5350
1.3900	4.0972	0.2628	34.2005	34.5649
1.3905	4.0970	0.2640	33.1766	34.4871
1.3910	4.0972	0.2667	32.6974	34.3839
1.3915	4.0968	0.2664	32.9723	34.3293
1.3920	4.0975	0.2668	32.8335	34.3330
1.3925	4.0972	0.2596	32.8948	34.3801
1.3930	4.0974	0.2551	33.0944	34.3563
1.3935	4.0993	0.2484	33.2736	34.2456
1.3940	4.0993	0.2416	33.2650	34.1956
1.3945	4.0989	0.2485	33.3356	34.1907
1.3950	4.0991	0.2396	33.5271	34.2490
1.3955	4.0999	0.2363	33.7302	34.3218
1.3960	4.1005	0.2274	33.7368	34.4068
1.3965	4.1008	0.2270	33.7634	34.4019
1.3970	4.1005	0.2259	33.9439	34.4354
1.3975	4.1007	0.2288	34.1723	34.4729
1.3980	4.1006	0.2216	34.2026	34.5259
1.3985	4.0999	0.2351	34.2236	34.6199
1.3990	4.0999	0.2372	34.3766	34.6346
1.3995	4.0999	0.2319	34.5543	34.6264
1.4000	4.1005	0.2317	34.5574	34.5154
1.4005	4.1003	0.2275	34.5181	34.4375
1.4010	4.1005	0.2311	34.6095	34.4382
1.4015	4.0999	0.2279	34.7618	34.4816
1.4020	4.1002	0.2300	34.7489	34.4064
1.4025	4.0995	0.2315	34.7069	34.3775
1.4030	4.0997	0.2341	34.7940	34.3620
1.4035	4.0990	0.2475	34.9653	34.4315
1.4040	4.0977	0.2526	34.9179	34.5672
1.4045	4.0972	0.2567	34.7802	34.6169
1.4050	4.0968	0.2688	34.4113	34.5960
1.4055	4.0965	0.2679	34.4528	34.5910
1.4060	4.0955	0.2761	34.5427	34.5997
1.4065	4.0958	0.2779	34.3857	34.5686
1.4070	4.0968	0.2673	34.3688	34.5183
1.4075	4.0966	0.2664	34.6301	34.5907
1.4080	4.0970	0.2652	34.8199	34.6314
1.4085	4.0969	0.2713	34.7467	34.4592
1.4090	4.0966	0.2702	34.7479	34.3599
1.4095	4.0966	0.2634	34.9672	34.3896
1.4100	4.0970	0.2663	35.1251	34.4543
1.4105	4.0968	0.2646	35.0148	34.4644
1.4110	4.0967	0.2684	34.9338	34.4079
1.4115	4.0971	0.2637	35.1367	34.3370
1.4120	4.0970	0.2664	35.2696	34.3485
1.4125	4.0974	0.2642	35.0871	34.4242
1.4130	4.0978	0.2566	34.8938	34.4364
1.4135	4.0987	0.2434	34.9911	34.3879
1.4140	4.0998	0.2349	35.0419	34.3867
1.4145	4.1010	0.2221	34.8065	34.3631
1.4150	4.1006	0.2238	34.4762	34.3499
1.4155	4.1007	0.2315	34.5047	34.3277
1.4160	4.0998	0.2355	34.3663	34.4593
1.4165	4.0988	0.2401	33.8488	34.5300
1.4170	4.0995	0.2437	33.7905	34.3818
1.4175	4.0990	0.2383	33.2722	34.2048
1.4180	4.0987	0.2476	32.9247	34.1547
1.4185	4.0984	0.2581	33.0529	34.2035
1.4190	4.0986	0.2457	32.9793	34.2570
1.4195	4.0992	0.2422	33.0830	34.2289
1.4200	4.0993	0.2400	33.3630	34.2208
1.4205	4.0988	0.2474	33.4589	34.2503
1.4210	4.0984	0.2531	33.4039	34.3940
1.4215	4.0981	0.2555	33.5031	34.4859
1.4220	4.0974	0.2576	33.7669	34.3963
1.4225	4.0966	0.2662	33.8735	34.3354
1.4230	4.0970	0.2695	33.8189	34.2859
1.4235	4.0968	0.2674	33.9186	34.3083
1.4240	4.0970	0.2632	34.1733	34.2612
1.4245	4.0967	0.2664	34.3386	34.3563
1.4250	4.0971	0.2596	34.3396	34.4505
1.4255	4.0973	0.2622	34.3838	34.4936
1.4260	4.0986	0.2540	34.5295	34.4406
1.4265	4.0994	0.2375	34.6178	34.3111
1.4270	4.0998	0.2317	34.5527	34.3661
1.4275	4.1006	0.2275	34.5757	34.4134
1.4280	4.1015	0.2155	34.7553	34.3552
1.4285	4.1020	0.2069	34.8623	34.2773
1.4290	4.1030	0.2028	34.7712	34.2513
1.4295	4.1036	0.1959	34.7882	34.3615
1.4300	4.1034	0.1910	34.9189	34.4690
1.4305	4.1032	0.1959	35.0086	34.4476
1.4310	4.1027	0.2071	34.6369	34.4227
1.4315	4.1025	0.2071	34.0258	34.3981
1.4320	4.1031	0.2037	34.2607	34.3326
1.4325	4.1028	0.1966	34.4579	34.3491
1.4330	4.1033	0.2008	34.4534	34.4623
1.4335	4.1035	0.1936	34.4743	34.4500
1.4340	4.1023	0.2087	34.7322	34.4168
1.4345	4.1024	0.2074	34.9528	34.3350
1.4350	4.1031	0.1992	34.9216	34.3123
1.4355	4.1037	0.1942	34.8502	34.3022
1.4360	4.1036	0.1982	35.0271	34.3541
1.4365	4.1027	0.1974	35.2327	34.3991
1.4370	4.1014	0.2187	35.2005	34.3054
1.4375	4.1000	0.2279	35.0520	34.2084
1.4380	4.0991	0.2452	35.1018	34.1863
1.4385	4.0986	0.2527	35.2618	34.2640
1.4390	4.0977	0.2567	35.2297	34.2731
1.4395	4.0971	0.2611	35.0117	34.2206
1.4400	4.0972	0.2638	34.9368	34.2127
1.4405	4.0972	0.2629	34.9762	34.2179
1.4410	4.0973	0.2602	34.8738	34.2149
1.4415	4.0967	0.2656	34.5701	34.2684
1.4420	4.0965	0.2738	34.3706	34.4183
1.4425	4.0959	0.2789	34.0522	34.4050
1.4430	4.0959	0.2752	34.1471	34.3714
1.4435	4.0961	0.2794	33.8598	34.3674
1.4440	4.0963	0.2730	33.5420	34.3670
1.4445	4.0958	0.2755	33.0274	34.3740
1.4450	4.0955	0.2770	33.1768	34.4682
1.4455	4.0973	0.2676	33.2078	34.4750
1.4460	4.0999	0.2351	33.1530	34.2817
1.4465	4.1017	0.2172	33.3741	34.1321
1.4470	4.1019	0.2151	33.6115	34.2078
1.4475	4.1016	0.2191	33.6533	34.2619
1.4480	4.1020	0.2153	33.6224	34.3018
1.4485	4.1024	0.2039	33.8120	34.3688
1.4490	4.1032	0.2000	34.0377	34.4154
1.4495	4.1022	0.2071	34.0665	34.4656
1.4500	4.1021	0.2149	34.0137	34.4928
1.4505	4.1019	0.2160	34.2322	34.4875
1.4510	4.1027	0.2007	34.5174	34.4818
1.4515	4.1030	0.2001	34.5655	34.4699
1.4520	4.1026	0.2048	34.4347	34.4005
1.4525	4.1023	0.2044	34.5315	34.2765
1.4530	4.1018	0.2119	34.7547	34.3102
1.4535	4.1017	0.2183	34.8214	34.4264
1.4540	4.1010	0.2228	34.6667	34.5205
1.4545	4.1003	0.2295	34.7262	34.4633
1.4550	4.1001	0.2338	34.9466	34.3021
1.4555	4.0992	0.2399	35.0951	34.2928
1.4560	4.0982	0.2524	34.8692	34.3133
1.4565	4.0972	0.2570	34.8795	34.3372
1.4570	4.0967	0.2644	34.4977	34.3166
1.4575	4.0962	0.2748	34.2123	34.3049
1.4580	4.0953	0.2826	34.3006	34.3067
1.4585	4.0953	0.2841	34.2362	34.3053
1.4590	4.0951	0.2882	34.4991	34.2583
1.4595	4.0961	0.2767	34.7244	34.2742
1.4600	4.0968	0.2610	34.7725	34.3124
1.4605	4.0982	0.2524	34.7074	34.2400
1.4610	4.0994	0.2476	34.9106	34.0786
1.4615	4.0993	0.2419	35.1420	34.1025
1.4620	4.1002	0.2322	35.1792	34.2235
1.4625	4.1007	0.2259	35.0547	34.2176
1.4630	4.1009	0.2274	35.0941	34.1544
1.4635	4.1010	0.2235	35.3066	34.0323
1.4640	4.1014	0.2236	35.3459	33.9664
1.4645	4.1014	0.2195	35.1431	34.0243
1.4650	4.1018	0.2151	35.0619	34.1386
1.4655	4.1029	0.2054	35.2366	34.2232
1.4660	4.1027	0.2030	35.2880	34.2568
1.4665	4.1029	0.2023	34.9912	34.2660
1.4670	4.1030	0.2023	34.6727	34.3326
1.4675	4.1030	0.2006	34.7045	34.2430
1.4680	4.1029	0.2060	34.7671	34.1928
1.4685	4.1020	0.2051	34.5343	34.1932
1.4690	4.1015	0.2128	34.0762	34.1882
1.4695	4.1019	0.2181	33.8278	34.1325
1.4700	4.1011	0.2218	34.0703	34.0804
1.4705	4.1007	0.2272	33.9023	34.1872
1.4710	4.0996	0.2402	33.1823	34.3365
1.4715	4.0991	0.2417	32.9301	34.4333
1.4720	4.0982	0.2518	33.4484	34.3671
1.4725	4.0978	0.2566	33.5613	34.2398
1.4730	4.0967	0.2671	33.4057	34.2098
1.4735	4.0971	0.2713	33.4103	34.2671
1.4740	4.0965	0.2673	33.8157	34.2916
1.4745	4.0978	0.2635	34.0115	34.3128
1.4750	4.0981	0.2561	33.8369	34.2962
1.4755	4.0985	0.2504	33.7986	34.3496
1.4760	4.0978	0.2562	34.2257	34.3427
1.4765	4.0973	0.2576	34.4876	34.3238
1.4770	4.0973	0.2668	34.3244	34.3496
1.4775	4.0963	0.2759	34.2220	34.2784
1.4780	4.0963	0.2723	34.6016	34.1734
1.4785	4.0988	0.2488	34.8532	34.1089
1.4790	4.1001	0.2334	34.6658	34.1534
1.4795	4.1008	0.2249	34.4195	34.1514
1.4800	4.1020	0.2128	34.7413	34.1169
1.4805	4.1021	0.2093	35.0609	34.1064
1.4810	4.1029	0.2062	35.0013	34.1171
1.4815	4.1025	0.2115	34.6689	34.1314
1.4820	4.1028	0.1998	34.9293	34.2430
1.4825	4.1031	0.1963	34.3612	34.3497
1.4830	4.1030	0.1987	33.9510	34.3321
1.4835	4.1034	0.1990	33.9414	34.2702
1.4840	4.1026	0.2014	34.0319	34.2408
1.4845	4.1026	0.2080	34.5110	34.2070
1.4850	4.1025	0.2030	34.6205	34.1739
1.4855	4.1023	0.2069	34.4838	34.2004
1.4860	4.1014	0.2160	34.4831	34.2346
1.4865	4.1009	0.2256	34.9380	34.2071
1.4870	4.0992	0.2389	35.1398	34.1965
1.4875	4.0982	0.2537	34.9478	34.2088
1.4880	4.0972	0.2612	34.8495	34.2237
1.4885	4.0971	0.2696	35.1805	34.2528
1.4890	4.0959	0.2736	35.4064	34.2453
1.4895	4.0957	0.2794	35.1848	34.2277
1.4900	4.0958	0.2791	34.9854	34.2186
1.4905	4.0959	0.2767	35.2238	34.2166
1.4910	4.0957	0.2774	35.4337	34.3166
1.4915	4.0959	0.2831	35.1975	34.4045
1.4920	4.0957	0.2781	34.9110	34.3510
1.4925	4.0958	0.2796	34.9643	34.3076
1.4930	4.0967	0.2721	35.0881	34.3670
1.4935	4.0975	0.2626	34.7838	34.3508
1.4940	4.0984	0.2519	34.4133	34.3663
1.4945	4.0995	0.2337	34.3511	34.4026
1.4950	4.1002	0.2358	34.5331	34.3579
1.4955	4.1003	0.2384	33.8272	34.3009
1.4960	4.1000	0.2329	33.3443	34.2246
1.4965	4.1005	0.2310	33.4735	34.2410
1.4970	4.1000	0.2306	33.6403	34.2510
1.4975	4.1007	0.2305	33.3332	34.4095
1.4980	4.1005	0.2265	33.1515	34.4799
1.4985	4.1005	0.2282	33.3216	34.3851
1.4990	4.1004	0.2254	33.6286	34.3622
1.4995	4.1011	0.2224	33.7797	34.3691
1.5000	4.1019	0.2124	33.6491	34.3941
1.5005	4.1021	0.2124	33.7412	34.3150
1.5010	4.1025	0.2052	34.0550	34.2597
1.5015	4.1025	0.2067	34.2317	34.2803
1.5020	4.1022	0.2130	34.1337	34.3393
1.5025	4.1013	0.2192	34.1793	34.4047
1.5030	4.1008	0.2229	34.4656	34.4408
1.5035	4.1002	0.2356	34.6804	34.5238
1.5040	4.0990	0.2387	34.6167	34.4444
1.5045	4.0984	0.2502	34.5466	34.3370
1.5050	4.0983	0.2565	34.6940	34.2120
1.5055	4.0977	0.2613	34.8954	34.1146
1.5060	4.0971	0.2646	34.8639	34.1030
1.5065	4.0962	0.2700	34.7802	34.0897
1.5070	4.0960	0.2720	34.8594	34.0206
1.5075	4.0965	0.2700	35.0855	34.0226
1.5080	4.0972	0.2663	34.8640	34.1656
1.5085	4.0964	0.2704	34.7130	34.2663
1.5090	4.0967	0.2737	34.8315	34.3057
1.5095	4.0965	0.2712	34.9006	34.2736
1.5100	4.0968	0.2700	34.8419	34.2362
1.5105	4.0971	0.2634	34.5609	34.2227
1.5110	4.0990	0.2495	34.2697	34.2694
1.5115	4.0997	0.2343	34.5798	34.3001
1.5120	4.0999	0.2360	34.7110	34.4024
1.5125	4.1010	0.2324	34.6795	34.4026
1.5130	4.1015	0.2175	34.7606	34.2958
1.5135	4.1009	0.2185	34.9841	34.1688
1.5140	4.1009	0.2291	35.1019	34.1446
1.5145	4.1000	0.2272	35.0127	34.1714
1.5150	4.1003	0.2271	34.9700	34.2065
1.5155	4.1004	0.2287	35.1156	34.1773
1.5160	4.0999	0.2350	35.2406	34.1100
1.5165	4.0990	0.2359	35.1542	34.1357
1.5170	4.0995	0.2374	35.0277	34.2391
1.5175	4.0997	0.2375	35.0566	34.4153
1.5180	4.1002	0.2352	35.1197	34.4180
1.5185	4.1001	0.2307	34.9482	34.3892
1.5190	4.1007	0.2272	34.7112	34.4100
1.5195	4.1002	0.2314	34.6213	34.4400
1.5200	4.1000	0.2289	34.6456	34.5205
1.5205	4.0999	0.2343	34.4286	34.6216
1.5210	4.0992	0.2421	34.1978	34.6378
1.5215	4.0990	0.2436	33.9073	34.5100
1.5220	4.0984	0.2499	33.0604	34.4430
1.5225	4.0980	0.2539	33.0584	34.3351
1.5230	4.0976	0.2593	32.9765	34.2856
1.5235	4.0974	0.2602	32.9901	34.2061
1.5240	4.0981	0.2558	33.2587	34.1755
1.5245	4.0982	0.2544	33.4234	34.1594
1.5250	4.0983	0.2594	33.3850	34.1133
1.5255	4.0980	0.2540	33.4425	34.1710
1.5260	4.0986	0.2508	33.6692	34.2200
1.5265	4.0995	0.2383	33.8715	34.2905
1.5270	4.0995	0.2370	33.8758	34.4151
1.5275	4.0999	0.2360	33.8787	34.4411
1.5280	4.0992	0.2349	34.0557	34.4752
1.5285	4.0993	0.2440	34.3132	34.4372
1.5290	4.0992	0.2346	34.3645	34.4115
1.5295	4.0999	0.2360	34.3337	34.4183
1.5300	4.0995	0.2375	34.4494	34.3323
1.5305	4.0992	0.2405	34.6714	34.2442
1.5310	4.0991	0.2442	34.7271	34.1967
1.5315	4.0996	0.2401	34.6369	34.2196
1.5320	4.0993	0.2428	34.6377	34.2756
1.5325	4.0997	0.2466	34.8462	34.3312
1.5330	4.0990	0.2389	34.9140	34.3494
1.5335	4.0993	0.2428	34.9010	34.2885
1.5340	4.0997	0.2376	34.7497	34.1933
1.5345	4.1001	0.2298	34.6081	34.2052
1.5350	4.1018	0.2183	34.8951	34.2329
1.5355	4.1014	0.2186	34.7604	34.3109
1.5360	4.1012	0.2177	34.6650	34.3847
1.5365	4.1013	0.2197	34.6486	34.4583
1.5370	4.1012	0.2166	34.6777	34.6174
1.5375	4.1016	0.2164	34.3759	34.6000
1.5380	4.1014	0.2192	34.3733	34.5567
1.5385	4.1013	0.2155	34.5864	34.5503
1.5390	4.1009	0.2193	34.8566	34.4778
1.5395	4.1001	0.2329	34.8794	34.3720
1.5400	4.0995	0.2443	34.7737	34.3256
1.5405	4.0985	0.2506	34.8601	34.3552
1.5410	4.0993	0.2443	35.0877	34.3905
1.5415	4.0989	0.2496	35.1192	34.5154
1.5420	4.0990	0.2467	34.9425	34.4641
1.5425	4.0992	0.2429	34.9335	34.3781
1.5430	4.1000	0.2351	35.1284	34.3517
1.5435	4.1012	0.2272	35.1615	34.4107
1.5440	4.1008	0.2210	34.9078	34.5436
1.5445	4.1013	0.2224	34.7753	34.5257
1.5450	4.1012	0.2181	34.8148	34.5459
1.5455	4.1017	0.2170	34.7837	34.5293
1.5460	4.1025	0.2084	34.4516	34.4732
1.5465	4.1016	0.2067	34.2662	34.4267
1.5470	4.1021	0.2143	34.2713	34.4877
1.5475	4.1016	0.2149	34.2882	34.5325
1.5480	4.1009	0.2244	33.1031	34.5268
1.5485	4.1002	0.2280	32.6338	34.4432
1.5490	4.1004	0.2249	33.0477	34.4331
1.5495	4.1001	0.2265	33.1826	34.4523
1.5500	4.1008	0.2297	33.0582	34.4965
1.5505	4.1001	0.2279	33.0228	34.3782
1.5510	4.1004	0.2287	33.3138	34.2357
1.5515	4.1008	0.2222	33.5997	34.1711
1.5520	4.1012	0.2201	33.5623	34.1916
1.5525	4.1020	0.2130	33.4621	34.2723
1.5530	4.1022	0.2161	33.7098	34.3033
1.5535	4.1015	0.2180	34.0181	34.4101
1.5540	4.1010	0.2248	34.0138	34.4843
1.5545	4.0997	0.2395	33.9057	34.4314
1.5550	4.0992	0.2399	34.1200	34.3228
1.5555	4.0990	0.2471	34.4675	34.2848
1.5560	4.0977	0.2539	34.5061	34.3279
1.5565	4.0969	0.2654	34.3420	34.2672
1.5570	4.0969	0.2676	34.4304	34.2345
1.5575	4.0969	0.2640	34.7360	34.2223
1.5580	4.0975	0.2632	34.7669	34.3642
1.5585	4.0983	0.2561	34.5803	34.5311
1.5590	4.0980	0.2540	34.5912	34.4302
1.5595	4.0974	0.2579	34.8870	34.2506
1.5600	4.0972	0.2682	35.0102	34.1414
1.5605	4.0985	0.2576	34.8588	34.1133
1.5610	4.0988	0.2428	34.5593	34.1695
1.5615	4.0999	0.2355	34.6891	34.2782
1.5620	4.1011	0.2238	34.9116	34.3071
1.5625	4.1023	0.2086	34.6772	34.4132
1.5630	4.1025	0.2011	34.4104	34.5230
1.5635	4.1020	0.2127	34.4289	34.4731
1.5640	4.1017	0.2136	34.5485	34.4155
1.5645	4.1015	0.2264	34.5602	34.5417
1.5650	4.1010	0.2245	34.4440	34.5462
1.5655	4.1011	0.2206	34.6162	34.4752
1.5660	4.1012	0.2266	34.9627	34.4795
1.5665	4.1002	0.2245	34.9620	34.4657
1.5670	4.1003	0.2261	34.7420	34.5503
1.5675	4.1002	0.2310	34.8023	34.5666
1.5680	4.1009	0.2320	35.1327	34.4016
1.5685	4.1005	0.2240	35.1652	34.3256
1.5690	4.1008	0.2279	34.8940	34.2501
1.5695	4.1005	0.2254	34.8132	34.2496
1.5700	4.1002	0.2252	35.0199	34.2535
1.5705	4.0996	0.2352	35.0352	34.3693
1.5710	4.0996	0.2408	34.7025	34.4473
1.5715	4.0992	0.2403	34.4765	34.4640
1.5720	4.0985	0.2451	34.5946	34.4734
1.5725	4.0981	0.2528	34.5849	34.4852
1.5730	4.0976	0.2579	34.2594	34.5722
1.5735	4.0973	0.2706	33.8276	34.5522
1.5740	4.0967	0.2670	32.8122	34.4376
1.5745	4.0970	0.2657	32.9250	34.3415
1.5750	4.0964	0.2737	32.9343	34.2867
1.5755	4.0969	0.2666	32.7487	34.3216
1.5760	4.0970	0.2662	32.9461	34.3736
1.5765	4.0978	0.2557	33.2762	34.3057
1.5770	4.0987	0.2479	33.2967	34.2252
1.5775	4.0981	0.2452	33.1854	34.2272
1.5780	4.0986	0.2473	33.3255	34.2424
1.5785	4.0990	0.2419	33.6767	34.2964
1.5790	4.0994	0.2402	33.7940	34.3551
1.5795	4.1006	0.2339	33.6571	34.3964
1.5800	4.1001	0.2318	33.7188	34.3732
1.5805	4.0999	0.2365	34.0711	34.4151
1.5810	4.0999	0.2346	34.2680	34.4333
1.5815	4.1001	0.2399	34.1389	34.5454
1.5820	4.0995	0.2362	34.1483	34.6081
1.5825	4.0994	0.2356	34.4904	34.6364
1.5830	4.0996	0.2388	34.6832	34.6024
1.5835	4.1004	0.2330	34.5058	34.4840
1.5840	4.1002	0.2319	34.3958	34.4284
1.5845	4.1001	0.2295	34.6777	34.4492
1.5850	4.0995	0.2331	34.9140	34.4303
1.5855	4.0994	0.2371	34.7607	34.3378
1.5860	4.0993	0.2408	34.6043	34.3408
1.5865	4.0989	0.2442	34.8497	34.3355
1.5870	4.0983	0.2522	35.0590	34.4730
1.5875	4.0976	0.2595	34.8861	34.6071
1.5880	4.0969	0.2622	34.5239	34.6148
1.5885	4.0966	0.2703	34.3434	34.5971
1.5890	4.0965	0.2767	34.6637	34.5971
1.5895	4.0958	0.2779	34.5290	34.5754
1.5900	4.0961	0.2773	34.2551	34.5170
1.5905	4.0965	0.2741	34.3977	34.4906
1.5910	4.0966	0.2708	34.8224	34.6059
1.5915	4.0959	0.2779	34.8259	34.5540
1.5920	4.0956	0.2791	34.6207	34.3702
1.5925	4.0956	0.2822	34.7782	34.3519
1.5930	4.0955	0.2791	35.1724	34.4110
1.5935	4.0962	0.2741	35.1740	34.4714
1.5940	4.0961	0.2771	34.8895	34.4400
1.5945	4.0962	0.2721	34.9053	34.3526
1.5950	4.0966	0.2711	35.2565	34.2945
1.5955	4.0962	0.2729	35.2895	34.3322
1.5960	4.0968	0.2698	34.9511	34.3914
1.5965	4.0973	0.2644	34.8175	34.3655
1.5970	4.0976	0.2593	35.0609	34.3513
1.5975	4.0984	0.2490	35.0665	34.3756
1.5980	4.0995	0.2417	34.6858	34.3604
1.5985	4.0990	0.2417	34.3540	34.3630
1.5990	4.0999	0.2361	34.5089	34.3627
1.5995	4.0990	0.2443	34.2321	34.4843
1.6000	4.0986	0.2532	33.8519	34.4609
1.6005	4.0980	0.2540	33.6493	34.2666
1.6010	4.0981	0.2537	33.1270	34.1190
1.6015	4.0979	0.2610	33.0380	34.1207
1.6020	4.0977	0.2584	33.0472	34.1817
1.6025	4.0983	0.2505	32.9028	34.2377
1.6030	4.0985	0.2455	33.1511	34.2111
1.6035	4.0990	0.2454	33.4810	34.2320
1.6040	4.0981	0.2513	33.4816	34.3324
1.6045	4.0981	0.2570	33.3382	34.4825
1.6050	4.0972	0.2605	33.5361	34.4411
1.6055	4.0963	0.2673	33.9112	34.3430
1.6060	4.0964	0.2720	33.9518	34.2655
1.6065	4.0966	0.2742	33.7709	34.2453
1.6070	4.0965	0.2685	33.9141	34.2425
1.6075	4.0967	0.2685	34.2938	34.2439
1.6080	4.0971	0.2670	34.4446	34.3781
1.6085	4.0977	0.2593	34.2836	34.4345
1.6090	4.0975	0.2609	34.3113	34.4976
1.6095	4.0984	0.2499	34.6060	34.3809
1.6100	4.0994	0.2350	34.7454	34.3064
1.6105	4.0995	0.2355	34.5538	34.3816
1.6110	4.1007	0.2275	34.5107	34.3818
1.6115	4.1015	0.2153	34.7698	34.3103
1.6120	4.1025	0.2032	34.9818	34.2729
1.6125	4.1040	0.1988	34.8387	34.2703
1.6130	4.1038	0.1931	34.7519	34.3863
1.6135	4.1039	0.1941	34.8618	34.4531
1.6140	4.1040	0.1967	35.0531	34.4227
1.6145	4.1027	0.2034	34.4449	34.4282
1.6150	4.1030	0.1997	33.9887	34.3860
1.6155	4.1029	0.1936	34.3019	34.3068
1.6160	4.1032	0.1957	34.5097	34.3829
1.6165	4.1033	0.1941	34.5508	34.4791
1.6170	4.1033	0.1998	34.5023	34.4060
1.6175	4.1028	0.2039	34.7148	34.3070
1.6180	4.1029	0.2075	34.9979	34.3009
1.6185	4.1030	0.1980	35.0045	34.3009
1.6190	4.1035	0.2002	34.8610	34.3270
1.6195	4.1034	0.1970	35.0026	34.3769
1.6200	4.1026	0.2014	35.2713	34.3920
1.6205	4.1007	0.2198	35.2456	34.2712
1.6210	4.1003	0.2316	35.0308	34.2055
1.6215	4.0993	0.2420	35.0617	34.2008
1.6220	4.0988	0.2502	35.3059	34.2542
1.6225	4.0980	0.2528	35.2581	34.2229
1.6230	4.0982	0.2587	34.9663	34.1765
1.6235	4.0974	0.2583	34.8318	34.2013
1.6240	4.0979	0.2576	34.9845	34.2337
1.6245	4.0975	0.2558	34.8534	34.2372
1.6250	4.0977	0.2619	34.5518	34.3294
1.6255	4.0968	0.2653	34.1628	34.4619
1.6260	4.0961	0.2710	34.0321	34.4286
1.6265	4.0963	0.2726	34.1557	34.4019
1.6270	4.0967	0.2671	33.7597	34.3635
1.6275	4.0980	0.2567	33.3765	34.3542
1.6280	4.0986	0.2493	32.9829	34.3841
1.6285	4.0992	0.2452	33.3223	34.4609
1.6290	4.1003	0.2332	33.2212	34.4026
1.6295	4.1023	0.2098	33.1837	34.2128
1.6300	4.1025	0.2022	33.3556	34.1503
1.6305	4.1013	0.2224	33.6639	34.2812
1.6310	4.1016	0.2122	33.7294	34.3352
1.6315	4.1016	0.2190	33.6781	34.3799
1.6320	4.1022	0.2071	33.7556	34.4093
1.6325	4.1020	0.2101	34.0049	34.3995
1.6330	4.1009	0.2210	34.1827	34.4367
1.6335	4.1009	0.2251	34.2208	34.4468
1.6340	4.1018	0.2182	34.2304	34.4426
1.6345	4.1019	0.2050	34.3940	34.4668
1.6350	4.1021	0.2065	34.5731	34.4651
1.6355	4.1021	0.2097	34.5985	34.3726
1.6360	4.1022	0.2039	34.5618	34.3166
1.6365	4.1024	0.2110	34.6138	34.3947
1.6370	4.1016	0.2136	34.7502	34.4949
1.6375	4.1013	0.2195	34.8183	34.5361
1.6380	4.1007	0.2234	34.8328	34.3604
1.6385	4.1001	0.2340	34.8592	34.2359
1.6390	4.0994	0.2431	34.9651	34.2359
1.6395	4.0984	0.2517	34.9736	34.2883
1.6400	4.0969	0.2617	34.8933	34.3187
1.6405	4.0967	0.2651	34.1835	34.3176
1.6410	4.0964	0.2738	34.1741	34.3235
1.6415	4.0960	0.2753	34.3606	34.3260
1.6420	4.0960	0.2753	34.3936	34.3211
1.6425	4.0959	0.2741	34.4800	34.2786
1.6430	4.0971	0.2699	34.6602	34.3127
1.6435	4.0977	0.2592	34.8151	34.2947
1.6440	4.0989	0.2511	34.8669	34.1695
1.6445	4.0990	0.2428	34.9391	34.0356
1.6450	4.1000	0.2369	35.0400	34.1214
1.6455	4.1008	0.2269	35.1425	34.2112
1.6460	4.1011	0.2234	35.1728	34.2057
1.6465	4.1012	0.2198	35.1785	34.1244
1.6470	4.1014	0.2185	35.2122	34.0047
1.6475	4.1016	0.2124	35.2439	33.9615
1.6480	4.1017	0.2221	35.2330	34.0649
1.6485	4.1012	0.2206	35.1822	34.1808
1.6490	4.1017	0.2170	35.1600	34.2568
1.6495	4.1019	0.2098	35.0782	34.2396
1.6500	4.1015	0.2180	34.9610	34.2935
1.6505	4.1010	0.2222	34.7950	34.3112
1.6510	4.1005	0.2257	34.6984	34.2272
1.6515	4.0995	0.2328	34.5351	34.1928
1.6520	4.0993	0.2439	34.4231	34.1977
1.6525	4.0992	0.2383	34.0962	34.1984
1.6530	4.0994	0.2375	33.8914	34.0924
1.6535	4.1000	0.2358	33.8775	34.0706
1.6540	4.0991	0.2423	33.6540	34.1984
1.6545	4.0992	0.2460	33.1625	34.3262
1.6550	4.0984	0.2504	33.1202	34.4000
1.6555	4.0973	0.2636	33.3533	34.3014
1.6560	4.0968	0.2661	33.4511	34.2277
1.6565	4.0962	0.2736	33.5344	34.2473
1.6570	4.0961	0.2711	33.5859	34.3000
1.6575	4.0962	0.2713	33.7663	34.3140
1.6580	4.0970	0.2643	33.8966	34.3092
1.6585	4.0971	0.2621	33.9433	34.3002
1.6590	4.0969	0.2632	33.9844	34.3468
1.6595	4.0973	0.2677	34.1885	34.3128
1.6600	4.0963	0.2738	34.3647	34.3301
1.6605	4.0962	0.2809	34.4057	34.3257
1.6610	4.0955	0.2802	34.4211	34.2593
1.6615	4.0968	0.2697	34.5748	34.1355
1.6620	4.0996	0.2451	34.7080	34.1365
1.6625	4.0999	0.2370	34.6719	34.1714
1.6630	4.1008	0.2226	34.6381	34.1521
1.6635	4.1013	0.2197	34.7750	34.1110
1.6640	4.1009	0.2136	34.9297	34.1212
1.6645	4.1021	0.2163	34.9008	34.1447
1.6650	4.1025	0.2104	34.8833	34.1651
1.6655	4.1025	0.1997	34.8605	34.2677
1.6660	4.1028	0.2012	33.9518	34.3273
1.6665	4.1034	0.1936	33.9566	34.2818
1.6670	4.1033	0.1939	34.0549	34.2315
1.6675	4.1039	0.1887	34.2558	34.2135
1.6680	4.1038	0.1933	34.4294	34.1936
1.6685	4.1041	0.1903	34.5129	34.1790
1.6690	4.1032	0.2021	34.5731	34.2087
1.6695	4.1010	0.2133	34.7140	34.2451
1.6700	4.1007	0.2278	34.9088	34.2266
1.6705	4.0994	0.2349	34.9814	34.2070
1.6710	4.0989	0.2481	35.0077	34.2029
1.6715	4.0978	0.2608	35.0649	34.2181
1.6720	4.0969	0.2656	35.1270	34.2506
1.6725	4.0963	0.2750	35.1609	34.2215
1.6730	4.0962	0.2755	35.1970	34.2136
1.6735	4.0965	0.2681	35.2282	34.2088
1.6740	4.0965	0.2680	35.2478	34.2194
1.6745	4.0968	0.2676	35.2013	34.3384
1.6750	4.0968	0.2675	35.1188	34.3941
1.6755	4.0965	0.2764	35.0417	34.3072
1.6760	4.0961	0.2737	34.9938	34.3161
1.6765	4.0974	0.2641	34.8574	34.3621
1.6770	4.0984	0.2547	34.6795	34.3443
1.6775	4.1000	0.2402	34.5053	34.3958
1.6780	4.1005	0.2287	34.4211	34.3834
1.6785	4.1008	0.2239	34.2098	34.3240
1.6790	4.1005	0.2257	33.5717	34.2446
1.6795	4.1011	0.2118	33.5265	34.2101
1.6800	4.1013	0.2205	33.5571	34.2296
1.6805	4.1014	0.2178	33.3979	34.2791
1.6810	4.1015	0.2118	33.1658	34.4671
1.6815	4.1025	0.2098	33.3818	34.4669
1.6820	4.1025	0.2073	33.4458	34.3637
1.6825	4.1028	0.1974	33.5245	34.3443
1.6830	4.1039	0.1930	33.6454	34.3572
1.6835	4.1034	0.1956	33.8353	34.3485
1.6840	4.1034	0.1971	33.9222	34.2725
1.6845	4.1033	0.1927	33.9700	34.2661
1.6850	4.1034	0.1998	34.0709	34.3139
1.6855	4.1024	0.2070	34.2468	34.3895
1.6860	4.1019	0.2133	34.3798	34.4327
1.6865	4.1012	0.2232	34.4454	34.4983
1.6870	4.1007	0.2271	34.5067	34.5323
1.6875	4.0992	0.2396	34.6374	34.3819
1.6880	4.0985	0.2526	34.7215	34.2803
1.6885	4.0978	0.2555	34.7404	34.1369
1.6890	4.0975	0.2604	34.7308	34.0791
1.6895	4.0973	0.2658	34.8148	34.0909
1.6900	4.0958	0.2699	34.9053	34.0897
1.6905	4.0962	0.2697	34.9776	34.0256
1.6910	4.0975	0.2683	34.9155	34.1021
1.6915	4.0973	0.2627	34.7234	34.2235
1.6920	4.0969	0.2646	34.8350	34.3084
1.6925	4.0974	0.2631	34.8922	34.3022
1.6930	4.0976	0.2611	34.7326	34.2414
1.6935	4.0981	0.2565	34.7078	34.1944
1.6940	4.0994	0.2481	34.5700	34.2077
1.6945	4.1004	0.2320	34.3857	34.2345
1.6950	4.0999	0.2332	34.4815	34.2902
1.6955	4.1000	0.2308	34.5430	34.4170
1.6960	4.1013	0.2231	34.8306	34.4016
1.6965	4.1029	0.2017	34.9607	34.2939
1.6970	4.1022	0.2084	34.9276	34.1776
1.6975	4.1018	0.2108	34.8844	34.1540
1.6980	4.1020	0.2052	35.0370	34.1628
1.6985	4.1024	0.2036	35.1669	34.1550
1.6990	4.1027	0.2034	35.1191	34.0799
1.6995	4.1018	0.2121	35.0366	34.0725
1.7000	4.1017	0.2184	35.0854	34.1656
1.7005	4.1018	0.2122	35.1734	34.3228
1.7010	4.1017	0.2138	35.0947	34.4795
1.7015	4.1017	0.2072	34.9383	34.4540
1.7020	4.1021	0.2151	34.8027	34.4537
1.7025	4.1022	0.2108	34.8001	34.4522
1.7030	4.1018	0.2140	34.6406	34.4825
1.7035	4.1014	0.2204	34.4687	34.5391
1.7040	4.1003	0.2243	34.2447	34.6109
1.7045	4.1002	0.2354	34.2853	34.5161
1.7050	4.1003	0.2290	33.6785	34.4281
1.7055	4.0990	0.2458	32.8616	34.3759
1.7060	4.0980	0.2541	33.0217	34.3256
1.7065	4.0980	0.2553	33.0066	34.3149
1.7070	4.0985	0.2532	33.1156	34.2544
1.7075	4.0985	0.2487	33.2122	34.2242
1.7080	4.0985	0.2478	33.3346	34.1825
1.7085	4.0990	0.2472	33.4545	34.1454
1.7090	4.0990	0.2431	33.5831	34.1985
1.7095	4.0994	0.2414	33.6359	34.2392
1.7100	4.0999	0.2351	33.7633	34.2832
1.7105	4.1001	0.2287	33.9192	34.3854
1.7110	4.1003	0.2302	34.0474	34.4328
1.7115	4.1001	0.2305	34.0715	34.4804
1.7120	4.1001	0.2346	34.1763	34.4454
1.7125	4.0999	0.2320	34.3699	34.4824
1.7130	4.1012	0.2269	34.5275	34.4556
1.7135	4.1016	0.2183	34.5023	34.3237
1.7140	4.1015	0.2229	34.4960	34.2153
1.7145	4.1013	0.2213	34.6162	34.1596
1.7150	4.1017	0.2180	34.8112	34.1603
1.7155	4.1019	0.2123	34.7668	34.2156
1.7160	4.1018	0.2145	34.6911	34.2873
1.7165	4.1016	0.2171	34.7760	34.3031
1.7170	4.1010	0.2188	35.0681	34.2555
1.7175	4.1011	0.2234	34.8915	34.2293
1.7180	4.1021	0.2102	34.6039	34.2689
1.7185	4.1020	0.2079	34.6740	34.3135
1.7190	4.1024	0.2116	34.8311	34.3979
1.7195	4.1022	0.2104	34.8463	34.3964
1.7200	4.1021	0.2114	34.6105	34.4679
1.7205	4.1019	0.2141	34.3630	34.5495
1.7210	4.1016	0.2143	34.3486	34.4879
1.7215	4.1019	0.2175	34.6346	34.4859
1.7220	4.1013	0.2160	34.6597	34.4895
1.7225	4.1002	0.2295	34.6891	34.4437
1.7230	4.0993	0.2389	34.8129	34.3911
1.7235	4.0983	0.2472	34.9786	34.3859
1.7240	4.0987	0.2497	34.9653	34.4302
1.7245	4.0989	0.2451	34.9180	34.4712
1.7250	4.0983	0.2519	34.9692	34.5053
1.7255	4.0986	0.2512	35.0906	34.3577
1.7260	4.0987	0.2484	35.0934	34.3021
1.7265	4.0993	0.2449	35.0116	34.2725
1.7270	4.0999	0.2334	34.9609	34.3961
1.7275	4.1002	0.2290	34.9869	34.5089
1.7280	4.1013	0.2221	34.8598	34.5292
1.7285	4.1019	0.2126	34.6883	34.5710
1.7290	4.1019	0.2086	34.5948	34.5516
1.7295	4.1030	0.2064	34.5215	34.4534
1.7300	4.1024	0.1997	34.3326	34.4045
1.7305	4.1026	0.2083	34.1789	34.4576
1.7310	4.1020	0.2134	33.9120	34.4858
1.7315	4.1012	0.2195	32.9366	34.4291
1.7320	4.1005	0.2310	32.8901	34.3625
1.7325	4.1009	0.2269	32.9666	34.3849
1.7330	4.1003	0.2295	32.9857	34.4685
1.7335	4.1004	0.2292	33.0924	34.4991
1.7340	4.1007	0.2280	33.2655	34.3605
1.7345	4.1002	0.2311	33.2947	34.2553
1.7350	4.1003	0.2268	33.3823	34.1933
1.7355	4.1008	0.2280	33.5516	34.2027
1.7360	4.1008	0.2214	33.7016	34.2410
1.7365	4.1012	0.2177	33.7593	34.2566
1.7370	4.1002	0.2266	33.8236	34.3850
1.7375	4.0997	0.2313	33.9490	34.4242
1.7380	4.0986	0.2413	34.1304	34.3540
1.7385	4.0985	0.2469	34.2417	34.2804
1.7390	4.0975	0.2603	34.2759	34.2941
1.7395	4.0967	0.2707	34.3678	34.3368
1.7400	4.0964	0.2732	34.5468	34.2680
1.7405	4.0968	0.2716	34.6184	34.2360
1.7410	4.0965	0.2684	34.5556	34.2326
1.7415	4.0971	0.2677	34.5353	34.4207
1.7420	4.0975	0.2614	34.6921	34.4940
1.7425	4.0981	0.2558	34.8392	34.3334
1.7430	4.0971	0.2570	34.8222	34.1727
1.7435	4.0964	0.2701	34.7578	34.1050
1.7440	4.0987	0.2543	34.8580	34.1146
1.7445	4.0989	0.2490	34.7633	34.2159
1.7450	4.0998	0.2396	34.7115	34.2786
1.7455	4.1010	0.2242	34.6472	34.3136
1.7460	4.1022	0.2082	34.6005	34.4402
1.7465	4.1029	0.2026	34.6007	34.4892
1.7470	4.1024	0.2012	34.4646	34.3913
1.7475	4.1023	0.2112	34.3251	34.3781
1.7480	4.1013	0.2179	34.4895	34.5020
1.7485	4.1013	0.2186	34.6591	34.4771
1.7490	4.1009	0.2160	34.7457	34.4493
1.7495	4.1006	0.2227	34.7589	34.4728
1.7500	4.1005	0.2290	34.8150	34.4925
1.7505	4.1003	0.2275	34.9439	34.5890
1.7510	4.1000	0.2316	34.9813	34.5351
1.7515	4.1005	0.2291	34.9408	34.3697
1.7520	4.1007	0.2251	34.9184	34.2818
1.7525	4.1014	0.2214	34.9973	34.2139
1.7530	4.1009	0.2227	34.9848	34.2105
1.7535	4.1005	0.2325	34.9072	34.2515
1.7540	4.0998	0.2395	34.7735	34.4055
1.7545	4.0993	0.2387	34.7394	34.4577
1.7550	4.0985	0.2446	34.6423	34.4906
1.7555	4.0983	0.2516	34.5195	34.4807
1.7560	4.0977	0.2599	34.2192	34.5162
1.7565	4.0967	0.2626	34.1932	34.5929
1.7570	4.0969	0.2688	33.7470	34.5273
1.7575	4.0972	0.2625	32.7391	34.3865
1.7580	4.0962	0.2712	32.8817	34.2927
1.7585	4.0958	0.2786	32.8365	34.2547
1.7590	4.0965	0.2742	32.8551	34.3183
1.7595	4.0964	0.2680	33.0127	34.3616
1.7600	4.0979	0.2553	33.1880	34.2824
1.7605	4.0985	0.2475	33.2252	34.2181
1.7610	4.0986	0.2528	33.2988	34.2005
1.7615	4.0985	0.2466	33.4345	34.2129
1.7620	4.0993	0.2378	33.6417	34.2505
1.7625	4.0989	0.2391	33.7164	34.3446
1.7630	4.0996	0.2388	33.7371	34.3502
1.7635	4.0987	0.2452	33.8292	34.3587
1.7640	4.0988	0.2444	34.0482	34.4344
1.7645	4.0993	0.2401	34.1911	34.4764
1.7650	4.0989	0.2434	34.2132	34.5923
1.7655	4.0983	0.2488	34.2715	34.6333
1.7660	4.0986	0.2469	34.4748	34.6435
1.7665	4.0988	0.2462	34.5825	34.5504
1.7670	4.1000	0.2361	34.5222	34.4479
1.7675	4.1003	0.2319	34.4972	34.3841
1.7680	4.1002	0.2241	34.6842	34.4160
1.7685	4.1005	0.2319	34.7955	34.3786
1.7690	4.0995	0.2369	34.7438	34.3159
1.7695	4.0996	0.2364	34.6971	34.3280
1.7700	4.0987	0.2410	34.8557	34.3946
1.7705	4.0988	0.2514	34.9101	34.5136
1.7710	4.0976	0.2573	34.8555	34.6046
1.7715	4.0975	0.2602	34.5472	34.6298
1.7720	4.0965	0.2700	34.3676	34.5868
1.7725	4.0963	0.2704	34.5509	34.5732
1.7730	4.0959	0.2779	34.4270	34.5246
1.7735	4.0961	0.2741	34.3167	34.4660
1.7740	4.0972	0.2634	34.4428	34.4772
1.7745	4.0974	0.2670	34.7502	34.6065
1.7750	4.0974	0.2606	34.8054	34.5187
1.7755	4.0969	0.2688	34.7495	34.3582
1.7760	4.0967	0.2692	34.8106	34.3775
1.7765	4.0976	0.2611	35.0139	34.4424
1.7770	4.0975	0.2619	35.0597	34.4545
1.7775	4.0970	0.2618	34.9780	34.4069
1.7780	4.0970	0.2646	35.0045	34.3099
1.7785	4.0973	0.2602	35.1646	34.2837
1.7790	4.0971	0.2644	35.1798	34.3321
1.7795	4.0976	0.2585	35.0189	34.3924
1.7800	4.0979	0.2472	34.8974	34.3632
1.7805	4.0987	0.2429	34.9326	34.3693
1.7810	4.1002	0.2314	34.8992	34.3718
1.7815	4.1012	0.2266	34.6939	34.3632
1.7820	4.1010	0.2256	34.4612	34.3210
1.7825	4.1001	0.2264	34.4151	34.3551
1.7830	4.0997	0.2368	33.9804	34.4778
1.7835	4.0988	0.2452	33.8635	34.4019
1.7840	4.0990	0.2472	33.6471	34.2216
1.7845	4.0983	0.2518	32.9301	34.1259
1.7850	4.0977	0.2544	32.9174	34.1585
1.7855	4.0976	0.2532	33.0592	34.2361
1.7860	4.0986	0.2484	33.0481	34.2420
1.7865	4.0992	0.2455	33.2008	34.2156
1.7870	4.0986	0.2472	33.3694	34.2203
1.7875	4.0981	0.2520	33.4518	34.2984
1.7880	4.0977	0.2555	33.4701	34.4432
1.7885	4.0972	0.2583	33.6004	34.3739
1.7890	4.0968	0.2652	33.7906	34.3045
1.7895	4.0968	0.2662	33.8919	34.2557
1.7900	4.0965	0.2693	33.9092	34.2550
1.7905	4.0967	0.2657	34.0286	34.2689
1.7910	4.0971	0.2620	34.2270	34.3002
1.7915	4.0972	0.2661	34.3385	34.4123
1.7920	4.0977	0.2528	34.3359	34.4431
1.7925	4.0976	0.2562	34.4153	34.4510
1.7930	4.0995	0.2464	34.5773	34.3034
1.7935	4.1000	0.2337	34.6577	34.2825
1.7940	4.1003	0.2297	34.5963	34.3588
1.7945	4.1009	0.2234	34.5943	34.3425
1.7950	4.1017	0.2139	34.7379	34.2845
1.7955	4.1029	0.2028	34.8903	34.2631
1.7960	4.1035	0.1943	34.8819	34.3059
1.7965	4.1034	0.1994	34.8425	34.4246
1.7970	4.1034	0.1936	34.8269	34.4462
1.7975	4.1027	0.2036	34.8711	34.3908
1.7980	4.1024	0.2064	34.2939	34.3583
1.7985	4.1029	0.2041	34.1414	34.2822
1.7990	4.1033	0.1992	34.3043	34.2721
1.7995	4.1033	0.1986	34.3596	34.3829
1.8000	4.1036	0.1936	34.4995	34.4431
1.8005	4.1026	0.2033	34.6964	34.4068
1.8010	4.1020	0.2116	34.8658	34.3534
1.8015	4.1028	0.2025	34.8914	34.3509
1.8020	4.1033	0.1954	34.8705	34.3144
1.8025	4.1036	0.1968	34.9784	34.3128
1.8030	4.1031	0.1974	35.1352	34.3558
1.8035	4.1024	0.2103	35.1655	34.3082
1.8040	4.1009	0.2238	35.0843	34.1927
1.8045	4.0996	0.2346	35.1295	34.1568
1.8050	4.0988	0.2412	35.2123	34.1956
1.8055	4.0981	0.2548	35.2034	34.2484
1.8060	4.0974	0.2591	35.0438	34.2233
1.8065	4.0974	0.2650	35.0001	34.2057
1.8070	4.0972	0.2640	34.9673	34.2071
1.8075	4.0973	0.2597	34.9228	34.2187
1.8080	4.0969	0.2697	34.6184	34.2169
1.8085	4.0970	0.2681	34.5300	34.3244
1.8090	4.0964	0.2750	34.1802	34.3677
1.8095	4.0962	0.2799	34.0342	34.3078
1.8100	4.0959	0.2759	33.9159	34.3312
1.8105	4.0961	0.2732	33.7162	34.3280
1.8110	4.0958	0.2729	33.3453	34.3542
1.8115	4.0961	0.2770	33.0108	34.4107
1.8120	4.0975	0.2640	33.1718	34.4856
1.8125	4.0994	0.2416	33.0887	34.3692
1.8130	4.1021	0.2160	33.3451	34.1553
1.8135	4.1023	0.2000	33.5411	34.1192
1.8140	4.1023	0.2098	33.5836	34.2145
1.8145	4.1024	0.2096	33.5355	34.2273
1.8150	4.1027	0.2013	33.7566	34.2973
1.8155	4.1033	0.2030	33.9759	34.3591
1.8160	4.1035	0.1975	34.0506	34.4112
1.8165	4.1025	0.2071	33.9899	34.4583
1.8170	4.1018	0.2113	34.1445	34.5096
1.8175	4.1026	0.2047	34.4090	34.5063
1.8180	4.1034	0.1979	34.5136	34.4356
1.8185	4.1022	0.2025	34.4365	34.4013
1.8190	4.1027	0.2005	34.5029	34.2890
1.8195	4.1018	0.2141	34.6803	34.2390
1.8200	4.1014	0.2143	34.7612	34.3389
1.8205	4.1011	0.2198	34.6632	34.4610
1.8210	4.1002	0.2272	34.7000	34.4916
1.8215	4.1001	0.2341	34.8924	34.3304
1.8220	4.0995	0.2385	35.0106	34.2535
1.8225	4.0987	0.2482	34.8868	34.2726
1.8230	4.0975	0.2595	34.8778	34.3070
1.8235	4.0975	0.2640	34.8320	34.3011
1.8240	4.0970	0.2690	34.2172	34.2793
1.8245	4.0962	0.2744	34.1923	34.2741
1.8250	4.0954	0.2792	34.2232	34.2683
1.8255	4.0960	0.2829	34.4374	34.2553
1.8260	4.0960	0.2723	34.6246	34.2186
1.8265	4.0975	0.2643	34.6827	34.2880
1.8270	4.0981	0.2546	34.6898	34.2689
1.8275	4.0989	0.2517	34.8797	34.1348
1.8280	4.0994	0.2372	35.0591	34.0505
1.8285	4.1000	0.2354	35.0592	34.1535
1.8290	4.1006	0.2262	35.0245	34.2022
1.8295	4.1001	0.2310	35.1265	34.1696
1.8300	4.1001	0.2329	35.2601	34.0745
1.8305	4.1000	0.2263	35.2702	33.9648
1.8310	4.1008	0.2266	35.1660	33.9750
1.8315	4.1003	0.2278	35.1562	34.0829
1.8320	4.1018	0.2195	35.2241	34.1859
1.8325	4.1014	0.2149	35.1880	34.2430
1.8330	4.1019	0.2113	34.9955	34.2234
1.8335	4.1015	0.2179	34.8653	34.2929
1.8340	4.1016	0.2198	34.8025	34.2730
1.8345	4.1022	0.2145	34.6989	34.1873
1.8350	4.1011	0.2195	34.4750	34.1740
1.8355	4.1009	0.2249	34.3333	34.1538
1.8360	4.1006	0.2266	34.0550	34.1464
1.8365	4.1003	0.2352	33.9311	34.0766
1.8370	4.0998	0.2377	33.8338	34.1030
1.8375	4.0990	0.2409	33.4863	34.2606
1.8380	4.0986	0.2453	33.0721	34.3911
1.8385	4.0983	0.2514	33.2773	34.4081
1.8390	4.0974	0.2574	33.3958	34.2736
1.8395	4.0971	0.2664	33.3694	34.1931
1.8400	4.0962	0.2740	33.4702	34.2183
1.8405	4.0966	0.2709	33.6764	34.2563
1.8410	4.0967	0.2717	33.8458	34.2777
1.8415	4.0974	0.2632	33.8509	34.2854
1.8420	4.0972	0.2629	33.8752	34.3009
1.8425	4.0977	0.2580	34.0800	34.3464
1.8430	4.0973	0.2644	34.2812	34.3179
1.8435	4.0969	0.2664	34.3243	34.3541
1.8440	4.0961	0.2747	34.3251	34.3249
1.8445	4.0967	0.2695	34.4755	34.2098
1.8450	4.0975	0.2578	34.6303	34.1077
1.8455	4.0995	0.2440	34.6521	34.1322
1.8460	4.1000	0.2337	34.5580	34.1318
1.8465	4.1017	0.2201	34.6794	34.1324
1.8470	4.1023	0.2086	34.8352	34.0792
1.8475	4.1023	0.2064	34.8907	34.0720
1.8480	4.1027	0.2045	34.7687	34.0931
1.8485	4.1022	0.2114	34.9458	34.1612
1.8490	4.1021	0.2105	34.7271	34.3063
1.8495	4.1025	0.2093	33.8024	34.3567
1.8500	4.1023	0.2074	33.9321	34.3074
1.8505	4.1024	0.2121	33.9998	34.2674
1.8510	4.1027	0.2036	34.3074	34.2242
1.8515	4.1028	0.1973	34.4320	34.1798
1.8520	4.1033	0.1986	34.5151	34.1388
1.8525	4.1019	0.2099	34.5511	34.1724
1.8530	4.1009	0.2210	34.7305	34.1648
1.8535	4.1000	0.2319	34.9205	34.1491
1.8540	4.0987	0.2461	34.9857	34.1851
1.8545	4.0980	0.2556	34.9557	34.2109
1.8550	4.0965	0.2669	35.0407	34.2605
1.8555	4.0965	0.2741	35.2144	34.2859
1.8560	4.0957	0.2754	35.2429	34.2581
1.8565	4.0957	0.2812	35.1308	34.2434
1.8570	4.0961	0.2762	35.1048	34.1916
1.8575	4.0964	0.2721	35.2506	34.2083
1.8580	4.0967	0.2797	35.2822	34.3115
1.8585	4.0961	0.2779	35.0998	34.3247
1.8590	4.0961	0.2785	34.9208	34.2581
1.8595	4.0965	0.2707	34.9598	34.3046
1.8600	4.0972	0.2614	34.8953	34.3688
1.8605	4.0982	0.2481	34.6449	34.3704
1.8610	4.1003	0.2348	34.3518	34.4080
1.8615	4.1007	0.2221	34.3992	34.3955
1.8620	4.1004	0.2267	34.1676	34.3495
1.8625	4.1007	0.2290	33.5004	34.2576
1.8630	4.1008	0.2239	33.4350	34.1994
1.8635	4.1009	0.2253	33.5116	34.1931
1.8640	4.1007	0.2248	33.4453	34.2708
1.8645	4.1010	0.2260	33.2103	34.4523
1.8650	4.1012	0.2228	33.2886	34.4150
1.8655	4.1017	0.2127	33.3771	34.3645
1.8660	4.1022	0.2123	33.6303	34.3618
1.8665	4.1025	0.2013	33.7000	34.3850
1.8670	4.1028	0.2015	33.7573	34.3565
1.8675	4.1028	0.2001	33.8516	34.2599
1.8680	4.1024	0.2050	34.0473	34.2536
1.8685	4.1024	0.2038	34.1676	34.2866
1.8690	4.1016	0.2149	34.2126	34.3651
1.8695	4.1014	0.2192	34.2708	34.4234
1.8700	4.1012	0.2239	34.4797	34.4940
1.8705	4.1000	0.2319	34.6337	34.5107
1.8710	4.0993	0.2431	34.6324	34.3919
1.8715	4.0983	0.2464	34.5896	34.2647
1.8720	4.0980	0.2540	34.7045	34.1419
1.8725	4.0975	0.2596	34.8233	34.0957
1.8730	4.0967	0.2708	34.8781	34.0785
1.8735	4.0959	0.2737	34.8147	34.0524
1.8740	4.0962	0.2771	34.9211	33.9698
1.8745	4.0967	0.2676	34.9501	34.0636
1.8750	4.0963	0.2655	34.7667	34.2156
1.8755	4.0963	0.2782	34.7385	34.2812
1.8760	4.0960	0.2797	34.7912	34.2843
1.8765	4.0960	0.2753	34.8189	34.2356
1.8770	4.0966	0.2720	34.8120	34.2091
1.8775	4.0978	0.2545	34.4102	34.2257
1.8780	4.0996	0.2387	34.2841	34.2494
1.8785	4.1001	0.2328	34.5843	34.3157
1.8790	4.1003	0.2310	34.6765	34.3930
1.8795	4.1008	0.2229	34.7457	34.3406
1.8800	4.1014	0.2145	34.7988	34.2267
1.8805	4.1006	0.2289	34.9824	34.1338
1.8810	4.1000	0.2343	35.0242	34.1502
1.8815	4.0998	0.2357	34.9582	34.1846
1.8820	4.1000	0.2363	35.0122	34.1863
1.8825	4.1001	0.2315	35.2012	34.1135
1.8830	4.0993	0.2348	35.1773	34.0949
1.8835	4.0992	0.2405	34.9718	34.1465
1.8840	4.0993	0.2367	34.9688	34.3085
1.8845	4.0996	0.2363	35.1467	34.4133
1.8850	4.1000	0.2326	35.1098	34.3871
1.8855	4.1000	0.2329	34.7367	34.4078
1.8860	4.1006	0.2214	34.5600	34.4184
1.8865	4.1001	0.2301	34.6226	34.4816
1.8870	4.1006	0.2328	34.6354	34.5664
1.8875	4.0997	0.2336	34.2127	34.6385
1.8880	4.0995	0.2373	34.0523	34.5462
1.8885	4.0986	0.2438	33.4653	34.4405
1.8890	4.0983	0.2537	33.0232	34.3578
1.8895	4.0976	0.2557	33.0565	34.2896
1.8900	4.0973	0.2630	32.8146	34.2525
1.8905	4.0978	0.2614	33.0754	34.1693
1.8910	4.0983	0.2584	33.4030	34.1772
1.8915	4.0980	0.2542	33.4193	34.1324
1.8920	4.0988	0.2517	33.2760	34.1452
1.8925	4.0988	0.2505	33.4876	34.1966
1.8930	4.0994	0.2367	33.8131	34.2456
1.8935	4.0996	0.2367	33.8906	34.3572
1.8940	4.1002	0.2356	33.7678	34.4071
1.8945	4.1001	0.2254	33.9134	34.4343
1.8950	4.0999	0.2368	34.2045	34.4434
1.8955	4.0999	0.2387	34.3240	34.4130
1.8960	4.0997	0.2317	34.2469	34.4245
1.8965	4.1004	0.2311	34.3603	34.3900
1.8970	4.0997	0.2321	34.6080	34.2920
1.8975	4.0998	0.2354	34.6981	34.2235
1.8980	4.1000	0.2357	34.5394	34.2040
1.8985	4.0998	0.2301	34.5652	34.2350
1.8990	4.0997	0.2341	34.7747	34.2838
1.8995	4.1001	0.2309	34.9492	34.3308
1.9000	4.1002	0.2337	34.7810	34.2968
1.9005	4.0999	0.2263	34.8194	34.2018
1.9010	4.1005	0.2304	34.6137	34.1680
1.9015	4.1010	0.2207	34.7606	34.2090
1.9020	4.1015	0.2145	34.7911	34.3085
1.9025	4.1018	0.2136	34.6097	34.3962
1.9030	4.1018	0.2123	34.6738	34.4194
1.9035	4.1018	0.2150	34.7221	34.5446
1.9040	4.1015	0.2138	34.4617	34.6013
1.9045	4.1019	0.2138	34.2198	34.5169
1.9050	4.1017	0.2116	34.4631	34.4810
1.9055	4.1015	0.2196	34.7320	34.4702
1.9060	4.1003	0.2234	34.8667	34.3908
1.9065	4.0994	0.2351	34.7298	34.3226
1.9070	4.0987	0.2440	34.7934	34.3405
1.9075	4.0987	0.2506	35.0044	34.3927
1.9080	4.0987	0.2499	35.0924	34.4900
1.9085	4.0990	0.2478	34.9220	34.5339
1.9090	4.0991	0.2428	34.8985	34.3992
1.9095	4.0998	0.2411	35.0771	34.3497
1.9100	4.0998	0.2284	35.1698	34.3170
1.9105	4.1008	0.2260	34.9287	34.4289
1.9110	4.1010	0.2237	34.7673	34.5095
1.9115	4.1010	0.2219	34.8255	34.5090
1.9120	4.1016	0.2195	34.8731	34.5379
1.9125	4.1015	0.2166	34.5521	34.5155
1.9130	4.1019	0.2166	34.2744	34.4577
1.9135	4.1013	0.2205	34.2283	34.4599
1.9140	4.1013	0.2225	34.3614	34.5139
1.9145	4.1008	0.2248	33.8128	34.5466
1.9150	4.1002	0.2334	32.6670	34.4691
1.9155	4.0999	0.2328	32.8596	34.3902
1.9160	4.1002	0.2338	33.1082	34.3921
1.9165	4.1002	0.2292	33.0483	34.4292
1.9170	4.0999	0.2304	32.9218	34.4411
1.9175	4.0999	0.2295	33.1623	34.2777
1.9180	4.1003	0.2300	33.4685	34.1978
1.9185	4.1008	0.2232	33.5290	34.1775
1.9190	4.1007	0.2313	33.3798	34.2399
1.9195	4.1003	0.2252	33.5763	34.3028
1.9200	4.1000	0.2318	33.9149	34.3501
1.9205	4.0996	0.2326	33.9924	34.4594
1.9210	4.0995	0.2422	33.8545	34.4429
1.9215	4.0985	0.2469	33.9612	34.3344
1.9220	4.0980	0.2492	34.3009	34.2237
1.9225	4.0979	0.2569	34.4732	34.2448
1.9230	4.0973	0.2638	34.3655	34.2643
1.9235	4.0972	0.2697	34.3589	34.2214
1.9240	4.0968	0.2683	34.5840	34.2289
1.9245	4.0971	0.2702	34.7177	34.2811
1.9250	4.0977	0.2636	34.6209	34.4910
1.9255	4.0977	0.2573	34.5836	34.5491
1.9260	4.0977	0.2593	34.7552	34.3600
1.9265	4.0980	0.2534	34.9171	34.1706
1.9270	4.0981	0.2582	34.8626	34.0752
1.9275	4.0989	0.2481	34.7548	34.0537
1.9280	4.0994	0.2405	34.6399	34.1692
1.9285	4.1001	0.2340	34.7885	34.2365
1.9290	4.1006	0.2231	34.7087	34.3092
1.9295	4.1016	0.2148	34.5307	34.4691
1.9300	4.1011	0.2184	34.5159	34.5519
1.9305	4.1005	0.2241	34.4893	34.4574
1.9310	4.1007	0.2275	34.4188	34.4754
1.9315	4.0999	0.2298	34.4401	34.5598
1.9320	4.1006	0.2298	34.5881	34.4662
1.9325	4.1004	0.2349	34.8169	34.3908
1.9330	4.0995	0.2349	34.8390	34.3929
1.9335	4.0996	0.2432	34.7749	34.4139
1.9340	4.0995	0.2354	34.8496	34.5370
1.9345	4.0995	0.2455	35.0009	34.4939
1.9350	4.0997	0.2377	35.0231	34.3725
1.9355	4.1001	0.2365	34.8982	34.3252
1.9360	4.0998	0.2333	34.9229	34.2925
1.9365	4.1005	0.2366	35.0121	34.2554
1.9370	4.0996	0.2393	34.9891	34.2770
1.9375	4.0994	0.2432	34.7355	34.3872
1.9380	4.0991	0.2409	34.6217	34.3963
1.9385	4.0989	0.2465	34.6061	34.4039
1.9390	4.0984	0.2534	34.6005	34.3914
1.9395	4.0975	0.2582	34.2459	34.4775
1.9400	4.0970	0.2623	34.1909	34.5845
1.9405	4.0964	0.2720	33.5459	34.5306
1.9410	4.0965	0.2692	32.6903	34.4328
1.9415	4.0971	0.2660	32.8737	34.3466
1.9420	4.0966	0.2703	32.7737	34.3097
1.9425	4.0975	0.2661	32.9108	34.3473
1.9430	4.0978	0.2621	33.0867	34.3124
1.9435	4.0982	0.2513	33.1768	34.1926
1.9440	4.0986	0.2509	33.1937	34.1362
1.9445	4.0981	0.2529	33.3459	34.1417
1.9450	4.0982	0.2502	33.4887	34.2224
1.9455	4.0991	0.2473	33.6059	34.3241
1.9460	4.0992	0.2425	33.6578	34.3997
1.9465	4.1000	0.2449	33.7889	34.4222
1.9470	4.0990	0.2390	33.9226	34.4040
1.9475	4.0988	0.2455	34.0541	34.4248
1.9480	4.0985	0.2478	34.1376	34.4493
1.9485	4.0987	0.2508	34.2330	34.5335
1.9490	4.0975	0.2535	34.3337	34.5456
1.9495	4.0976	0.2556	34.4570	34.5745
1.9500	4.0988	0.2509	34.5107	34.4861
1.9505	4.0990	0.2405	34.5366	34.4150
1.9510	4.1002	0.2377	34.5717	34.4123
1.9515	4.0998	0.2381	34.6843	34.4619
1.9520	4.0998	0.2351	34.7410	34.4134
1.9525	4.0998	0.2380	34.7464	34.3478
1.9530	4.0988	0.2425	34.7403	34.3297
1.9535	4.0990	0.2462	34.8636	34.3600
1.9540	4.0977	0.2543	34.8767	34.4961
1.9545	4.0974	0.2597	34.8690	34.5634
1.9550	4.0969	0.2665	34.5480	34.5568
1.9555	4.0964	0.2687	34.3618	34.5638
1.9560	4.0962	0.2772	34.4917	34.5738
1.9565	4.0959	0.2753	34.4235	34.5578
1.9570	4.0962	0.2756	34.3965	34.5021
1.9575	4.0966	0.2687	34.5218	34.5444
1.9580	4.0967	0.2690	34.7269	34.6191
1.9585	4.0963	0.2733	34.7530	34.4532
1.9590	4.0961	0.2734	34.7629	34.2828
1.9595	4.0960	0.2823	34.8760	34.3143
1.9600	4.0961	0.2744	35.0318	34.3867
1.9605	4.0963	0.2717	35.0535	34.4230
1.9610	4.0969	0.2742	35.0122	34.3815
1.9615	4.0972	0.2659	35.0493	34.3226
1.9620	4.0971	0.2684	35.1427	34.3097
1.9625	4.0964	0.2725	35.1331	34.3747
1.9630	4.0972	0.2649	35.0196	34.4065
1.9635	4.0975	0.2579	34.9583	34.3552
1.9640	4.0987	0.2472	34.9331	34.3451
1.9645	4.1002	0.2357	34.7996	34.3183
1.9650	4.1004	0.2349	34.6435	34.2982
1.9655	4.1000	0.2340	34.5383	34.2657
1.9660	4.0994	0.2396	34.4208	34.3469
1.9665	4.0987	0.2430	33.8743	34.4845
1.9670	4.0984	0.2481	33.8129	34.3760
1.9675	4.0984	0.2485	33.5282	34.2014
1.9680	4.0984	0.2504	32.9078	34.1261
1.9685	4.0978	0.2553	32.9979	34.1573
1.9690	4.0979	0.2495	33.0426	34.2276
1.9695	4.0989	0.2458	33.0371	34.2311
1.9700	4.0992	0.2401	33.2199	34.1789
1.9705	4.0986	0.2458	33.3983	34.1934
1.9710	4.0985	0.2507	33.4373	34.3279
1.9715	4.0980	0.2569	33.4758	34.4324
1.9720	4.0976	0.2615	33.6623	34.3540
1.9725	4.0969	0.2637	33.8435	34.2927
1.9730	4.0969	0.2661	33.8687	34.2573
1.9735	4.0970	0.2652	33.8869	34.2678
1.9740	4.0972	0.2635	34.0630	34.2514
1.9745	4.0978	0.2596	34.2591	34.2870
1.9750	4.0980	0.2530	34.3431	34.3844
1.9755	4.0984	0.2550	34.3467	34.4253
1.9760	4.0984	0.2506	34.4528	34.4048
1.9765	4.1005	0.2313	34.5979	34.2663
1.9770	4.1010	0.2247	34.6241	34.2858
1.9775	4.1013	0.2232	34.5638	34.3558
1.9780	4.1015	0.2157	34.6211	34.3366
1.9785	4.1031	0.2066	34.7943	34.2784
1.9790	4.1030	0.1995	34.9000	34.2803
1.9795	4.1037	0.1972	34.8387	34.3101
1.9800	4.1043	0.1884	34.8071	34.4355
1.9805	4.1038	0.1906	34.8990	34.4226
1.9810	4.1030	0.1968	34.8818	34.3717
1.9815	4.1033	0.2070	34.1912	34.3589
1.9820	4.1034	0.1969	34.0830	34.2805
1.9825	4.1028	0.1953	34.3215	34.2556
1.9830	4.1029	0.2019	34.5027	34.3794
1.9835	4.1027	0.2009	34.5696	34.4552
1.9840	4.1022	0.2080	34.6242	34.3704
1.9845	4.1024	0.2077	34.7814	34.2919
1.9850	4.1026	0.2068	34.9442	34.2705
1.9855	4.1034	0.1954	34.9561	34.2831
1.9860	4.1033	0.1961	34.9627	34.2862
1.9865	4.1031	0.1956	35.0818	34.3254
1.9870	4.1012	0.2107	35.1984	34.2894
1.9875	4.1010	0.2251	35.1678	34.1807
1.9880	4.0997	0.2327	35.1026	34.1757
1.9885	4.0991	0.2464	35.1458	34.2065
1.9890	4.0984	0.2495	35.2568	34.2601
1.9895	4.0975	0.2545	35.1181	34.2017
1.9900	4.0973	0.2626	34.9452	34.1978
1.9905	4.0977	0.2555	34.8736	34.1999
1.9910	4.0976	0.2599	34.9334	34.2105
1.9915	4.0974	0.2631	34.6912	34.2151
1.9920	4.0966	0.2665	34.4909	34.2949
1.9925	4.0963	0.2722	34.0197	34.3176
1.9930	4.0959	0.2750	34.0772	34.2746
1.9935	4.0970	0.2697	34.0376	34.2837
1.9940	4.0976	0.2608	33.6878	34.3065
1.9945	4.0983	0.2546	33.0828	34.3273
1.9950	4.0985	0.2520	33.0001	34.3967
1.9955	4.0992	0.2431	33.3070	34.4592
1.9960	4.1015	0.2210	33.1742	34.3192
1.9965	4.1036	0.1970	33.2711	34.1317
1.9970	4.1029	0.1989	33.4714	34.1389
1.9975	4.1019	0.2071	33.7003	34.2505
1.9980	4.1022	0.2051	33.6648	34.2760
1.9985	4.1026	0.2059	33.7002	34.3467
1.9990	4.1036	0.1994	33.8816	34.3749
1.9995	4.1026	0.2057	34.1056	34.4251
2.0000	4.1018	0.2142	34.1176	34.4496
2.0005	4.1020	0.2150	34.1405	34.4295
2.0010	4.1030	0.2036	34.3314	34.4364
2.0015	4.1033	0.1974	34.5602	34.4275
2.0020	4.1027	0.2019	34.5471	34.3644
2.0025	4.1026	0.2017	34.4914	34.2812
2.0030	4.1024	0.2074	34.5748	34.2690
2.0035	4.1020	0.2115	34.7744	34.3709
2.0040	4.1011	0.2207	34.7823	34.4934
2.0045	4.1004	0.2245	34.7295	34.4673
2.0050	4.1006	0.2247	34.8086	34.2889
2.0055	4.0996	0.2361	35.0273	34.2253
2.0060	4.0989	0.2471	34.9751	34.2276
2.0065	4.0978	0.2585	34.8584	34.2624
2.0070	4.0975	0.2600	34.5946	34.2751
2.0075	4.0969	0.2688	34.1562	34.2672
2.0080	4.0962	0.2779	34.3392	34.2786
2.0085	4.0960	0.2744	34.2698	34.2807
2.0090	4.0963	0.2733	34.4060	34.2460
2.0095	4.0964	0.2717	34.6304	34.2094
2.0100	4.0975	0.2607	34.7542	34.2708
2.0105	4.0985	0.2531	34.6892	34.2335
2.0110	4.0996	0.2413	34.8094	34.0674
2.0115	4.1000	0.2364	35.0568	33.9970
2.0120	4.1005	0.2252	35.1621	34.1248
2.0125	4.1013	0.2232	35.0352	34.1741
2.0130	4.1004	0.2229	35.0377	34.1468
2.0135	4.1005	0.2272	35.2520	34.0495
2.0140	4.1011	0.2243	35.3668	33.9499
2.0145	4.1010	0.2205	35.1821	33.9772
2.0150	4.1009	0.2245	35.0544	34.0917
2.0155	4.1006	0.2256	35.1783	34.1824
2.0160	4.1009	0.2282	35.2670	34.2342
2.0165	4.1011	0.2263	35.0260	34.2269
2.0170	4.1006	0.2257	34.7527	34.2916
2.0175	4.1001	0.2245	34.7378	34.2487
2.0180	4.1001	0.2300	34.7526	34.1309
2.0185	4.0999	0.2346	34.4960	34.1321
2.0190	4.0994	0.2449	34.2033	34.1336
2.0195	4.0994	0.2364	33.9636	34.0813
2.0200	4.0999	0.2344	34.0010	34.0029
2.0205	4.1001	0.2325	33.8363	34.0579
2.0210	4.0996	0.2351	33.3383	34.2363
2.0215	4.0989	0.2437	33.0283	34.3664
2.0220	4.0978	0.2556	33.3416	34.3740
2.0225	4.0974	0.2619	33.4133	34.2474
2.0230	4.0970	0.2682	33.3488	34.1884
2.0235	4.0964	0.2765	33.4681	34.2227
2.0240	4.0963	0.2751	33.7550	34.2597
2.0245	4.0968	0.2682	33.8606	34.2708
2.0250	4.0973	0.2623	33.8016	34.2971
2.0255	4.0976	0.2593	33.8578	34.3062
2.0260	4.0979	0.2587	34.1364	34.3232
2.0265	4.0972	0.2673	34.3084	34.2741
2.0270	4.0967	0.2658	34.2929	34.2806
2.0275	4.0961	0.2717	34.3041	34.2668
2.0280	4.0962	0.2804	34.5306	34.1739
2.0285	4.0977	0.2614	34.6715	34.0564
2.0290	4.0996	0.2386	34.6268	34.1019
2.0295	4.1005	0.2276	34.5289	34.1239
2.0300	4.1015	0.2167	34.7158	34.0918
2.0305	4.1015	0.2192	34.8682	34.0784
2.0310	4.1016	0.2153	34.9153	34.0711
2.0315	4.1017	0.2161	34.7534	34.0929
2.0320	4.1020	0.2104	34.9730	34.1911
2.0325	4.1019	0.2065	34.6054	34.3136
2.0330	4.1028	0.1992	33.7864	34.3349
2.0335	4.1034	0.1989	33.9297	34.2639
2.0340	4.1031	0.2031	34.0397	34.2066
2.0345	4.1028	0.2042	34.4062	34.1732
2.0350	4.1036	0.1968	34.4469	34.1294
2.0355	4.1034	0.2042	34.4401	34.1200
2.0360	4.1023	0.2095	34.5324	34.1376
2.0365	4.1017	0.2117	34.8463	34.1450
2.0370	4.1005	0.2296	34.9565	34.1335
2.0375	4.0990	0.2387	34.8927	34.1550
2.0380	4.0982	0.2523	34.9150	34.1952
2.0385	4.0974	0.2568	35.1426	34.2408
2.0390	4.0974	0.2632	35.2529	34.2533
2.0395	4.0966	0.2746	35.1103	34.2140
2.0400	4.0964	0.2714	35.0515	34.2018
2.0405	4.0969	0.2692	35.2222	34.1724
2.0410	4.0974	0.2610	35.3375	34.2156
2.0415	4.0973	0.2700	35.1518	34.3367
2.0420	4.0969	0.2651	34.9765	34.3574
2.0425	4.0964	0.2679	34.9864	34.2876
2.0430	4.0969	0.2735	35.0419	34.3383
2.0435	4.0984	0.2578	34.7829	34.3741
2.0440	4.0995	0.2369	34.5129	34.3558
2.0445	4.1010	0.2222	34.3872	34.3850
2.0450	4.1019	0.2154	34.4924	34.3491
2.0455	4.1010	0.2208	34.0298	34.2732
2.0460	4.1013	0.2210	33.3936	34.1891
2.0465	4.1016	0.2183	33.4644	34.2029
2.0470	4.1015	0.2207	33.5635	34.2124
2.0475	4.1016	0.2111	33.3946	34.3080
2.0480	4.1019	0.2126	33.1161	34.4982
2.0485	4.1021	0.2094	33.2712	34.4329
2.0490	4.1021	0.2140	33.4258	34.3714
2.0495	4.1024	0.2055	33.6776	34.3596
2.0500	4.1025	0.2083	33.7161	34.3701
2.0505	4.1026	0.2075	33.7364	34.3325
2.0510	4.1025	0.2102	33.8346	34.2529
2.0515	4.1026	0.2036	34.0685	34.2512
2.0520	4.1023	0.2044	34.1658	34.2920
2.0525	4.1016	0.2157	34.2009	34.3724
2.0530	4.1010	0.2180	34.2778	34.4196
2.0535	4.1005	0.2294	34.4948	34.5116
2.0540	4.0996	0.2377	34.6264	34.4996
2.0545	4.0994	0.2433	34.6114	34.3624
2.0550	4.0982	0.2520	34.5851	34.2587
2.0555	4.0979	0.2564	34.7330	34.1250
2.0560	4.0970	0.2621	34.8299	34.0733
2.0565	4.0962	0.2679	34.8305	34.0711
2.0570	4.0956	0.2748	34.7691	34.0527
2.0575	4.0966	0.2729	34.9523	34.0048
2.0580	4.0977	0.2613	34.9436	34.1196
2.0585	4.0973	0.2599	34.7223	34.2387
2.0590	4.0973	0.2617	34.7039	34.3139
2.0595	4.0967	0.2616	34.7939	34.2885
2.0600	4.0980	0.2606	34.8257	34.2494
2.0605	4.0981	0.2520	34.7134	34.2009
2.0610	4.1000	0.2382	34.2864	34.2120
2.0615	4.1004	0.2269	34.3324	34.2426
2.0620	4.1005	0.2250	34.6484	34.3134
2.0625	4.1007	0.2267	34.6813	34.3529
2.0630	4.1019	0.2127	34.7081	34.3186
2.0635	4.1028	0.2036	34.8020	34.2338
2.0640	4.1018	0.2193	35.0067	34.1451
2.0645	4.1022	0.2139	35.0352	34.1610
2.0650	4.1027	0.2061	34.9769	34.1916
2.0655	4.1031	0.2045	35.0090	34.1603
2.0660	4.1026	0.1968	35.1136	34.0693
2.0665	4.1018	0.2090	35.1555	34.0830
2.0670	4.1022	0.2104	35.0569	34.1689
2.0675	4.1018	0.2112	35.0175	34.3434
2.0680	4.1022	0.2136	35.0396	34.4420
2.0685	4.1023	0.2117	34.9802	34.4138
2.0690	4.1020	0.2129	34.7653	34.4424
2.0695	4.1019	0.2108	34.6415	34.4534
2.0700	4.1018	0.2126	34.5742	34.5103
2.0705	4.1013	0.2160	34.5002	34.5561
2.0710	4.1005	0.2213	34.2157	34.5961
2.0715	4.1004	0.2344	34.1131	34.4677
2.0720	4.0998	0.2360	33.3266	34.3972
2.0725	4.0984	0.2455	32.9198	34.3350
2.0730	4.0981	0.2530	33.0387	34.3012
2.0735	4.0983	0.2528	32.9053	34.2835
2.0740	4.0987	0.2522	33.1035	34.2293
2.0745	4.0991	0.2438	33.2994	34.2131
2.0750	4.0989	0.2440	33.3661	34.1529
2.0755	4.0997	0.2431	33.3726	34.1599
2.0760	4.1000	0.2377	33.5212	34.1869
2.0765	4.1007	0.2298	33.7184	34.2251
2.0770	4.1014	0.2214	33.8380	34.3242
2.0775	4.1010	0.2204	33.8305	34.3799
2.0780	4.1010	0.2166	33.9356	34.4185
2.0785	4.1012	0.2251	34.1411	34.4319
2.0790	4.1003	0.2259	34.2928	34.4273
2.0795	4.1002	0.2278	34.3128	34.4571
2.0800	4.1012	0.2242	34.3844	34.4142
2.0805	4.1002	0.2250	34.5020	34.3012
2.0810	4.1003	0.2260	34.6348	34.2148
2.0815	4.1008	0.2265	34.6302	34.1775
2.0820	4.1012	0.2203	34.6374	34.1788
2.0825	4.1008	0.2218	34.6861	34.2237
2.0830	4.1008	0.2189	34.8227	34.2813
2.0835	4.1010	0.2285	34.8288	34.2510
2.0840	4.1010	0.2221	34.8852	34.2004
2.0845	4.1010	0.2234	34.6023	34.2205
2.0850	4.1019	0.2131	34.7046	34.2628
2.0855	4.1020	0.2114	34.7747	34.3759
2.0860	4.1022	0.2121	34.7095	34.4454
2.0865	4.1020	0.2102	34.6282	34.4127
2.0870	4.1020	0.2098	34.5645	34.5239
2.0875	4.1018	0.2161	34.4144	34.5383
2.0880	4.1017	0.2175	34.3789	34.4520
2.0885	4.1015	0.2198	34.5434	34.4568
2.0890	4.1008	0.2220	34.6209	34.4256
2.0895	4.1001	0.2309	34.7650	34.3857
2.0900	4.0994	0.2366	34.7997	34.3408
2.0905	4.0979	0.2488	34.8552	34.3698
2.0910	4.0986	0.2487	34.9185	34.4254
2.0915	4.0991	0.2503	34.9688	34.4993
2.0920	4.0990	0.2444	34.9655	34.4966
2.0925	4.0990	0.2413	35.0327	34.3639
2.0930	4.0991	0.2446	35.0581	34.2794
2.0935	4.1001	0.2272	35.0454	34.2523
2.0940	4.1002	0.2308	34.9244	34.3892
2.0945	4.1010	0.2248	34.8665	34.4851
2.0950	4.1016	0.2167	34.7907	34.4998
2.0955	4.1025	0.2050	34.7229	34.5415
2.0960	4.1027	0.2051	34.5241	34.5051
2.0965	4.1029	0.1968	34.4337	34.4429
2.0970	4.1032	0.2031	34.2487	34.4590
2.0975	4.1026	0.2065	34.2188	34.4830
2.0980	4.1016	0.2125	33.6568	34.4880
2.0985	4.1016	0.2192	32.7376	34.3988
2.0990	4.1015	0.2205	32.9242	34.3347
2.0995	4.1007	0.2281	32.9804	34.3632
2.1000	4.1010	0.2213	32.9791	34.4420
2.1005	4.1011	0.2199	33.0436	34.4397
2.1010	4.1009	0.2215	33.2466	34.2889
2.1015	4.1018	0.2191	33.3346	34.2141
2.1020	4.1021	0.2095	33.4143	34.1928
2.1025	4.1027	0.2093	33.4893	34.2049
2.1030	4.1021	0.2074	33.6772	34.2587
2.1035	4.1020	0.2092	33.7891	34.2866
2.1040	4.1008	0.2198	33.8659	34.4017
2.1045	4.0999	0.2330	33.9381	34.4018
2.1050	4.0996	0.2389	34.0925	34.3169
2.1055	4.0991	0.2434	34.2367	34.2399
2.1060	4.0975	0.2558	34.3276	34.2971
2.1065	4.0971	0.2646	34.3858	34.3038
2.1070	4.0968	0.2720	34.4834	34.2422
2.1075	4.0969	0.2643	34.5588	34.2163
2.1080	4.0971	0.2658	34.5734	34.2536
2.1085	4.0974	0.2619	34.5997	34.4371
2.1090	4.0977	0.2594	34.6750	34.4482
2.1095	4.0981	0.2538	34.7653	34.2721
2.1100	4.0971	0.2667	34.7852	34.1166
2.1105	4.0965	0.2642	34.8107	34.0776
2.1110	4.0984	0.2534	34.8276	34.1355
2.1115	4.0988	0.2440	34.6585	34.2334
2.1120	4.1001	0.2329	34.6962	34.2711
2.1125	4.1013	0.2154	34.6444	34.3263
2.1130	4.1035	0.2003	34.5711	34.4461
2.1135	4.1032	0.1936	34.5430	34.4685
2.1140	4.1029	0.2030	34.4071	34.3468
2.1145	4.1026	0.2113	34.3656	34.3844
2.1150	4.1017	0.2131	34.5084	34.4956
2.1155	4.1018	0.2120	34.6186	34.4495
2.1160	4.1017	0.2177	34.7169	34.4395
2.1165	4.1009	0.2214	34.7712	34.4646
2.1170	4.1011	0.2254	34.8380	34.4975
2.1175	4.0998	0.2284	34.9040	34.5943
2.1180	4.1001	0.2327	34.9270	34.4823
2.1185	4.1000	0.2296	34.9431	34.3262
2.1190	4.1001	0.2257	34.9336	34.2449
2.1195	4.1006	0.2242	34.9336	34.2046
2.1200	4.1005	0.2251	34.8973	34.1887
2.1205	4.0996	0.2334	34.9070	34.2524
2.1210	4.0990	0.2400	34.7918	34.3877
2.1215	4.0993	0.2448	34.6866	34.4233
2.1220	4.0986	0.2478	34.5348	34.4534
2.1225	4.0981	0.2555	34.4967	34.4410
2.1230	4.0973	0.2564	34.2381	34.5009
2.1235	4.0968	0.2682	34.2194	34.5566
2.1240	4.0965	0.2724	33.4205	34.4572
2.1245	4.0969	0.2628	32.6260	34.3463
2.1250	4.0966	0.2647	32.8931	34.2483
2.1255	4.0960	0.2720	32.8197	34.2503
2.1260	4.0968	0.2676	32.8776	34.3099
2.1265	4.0972	0.2650	33.0163	34.3249
2.1270	4.0988	0.2478	33.1726	34.2372
2.1275	4.0992	0.2410	33.2023	34.1894
2.1280	4.0991	0.2460	33.3239	34.1876
2.1285	4.0988	0.2458	33.4502	34.2109
2.1290	4.0997	0.2351	33.6255	34.2713
2.1295	4.0992	0.2472	33.6901	34.3477
2.1300	4.0985	0.2476	33.7377	34.3323
2.1305	4.0984	0.2517	33.8529	34.3470
2.1310	4.0988	0.2525	34.0740	34.3885
2.1315	4.0987	0.2442	34.1757	34.4451
2.1320	4.0986	0.2455	34.2032	34.5424
2.1325	4.0978	0.2511	34.2753	34.5689
2.1330	4.0987	0.2478	34.4690	34.6026
2.1335	4.0996	0.2423	34.5740	34.4837
2.1340	4.1000	0.2310	34.5315	34.3912
2.1345	4.1005	0.2248	34.5043	34.3688
2.1350	4.1009	0.2272	34.6461	34.4085
2.1355	4.1004	0.2282	34.7766	34.3355
2.1360	4.0998	0.2311	34.7859	34.2921
2.1365	4.0999	0.2363	34.7243	34.2927
2.1370	4.0990	0.2464	34.8118	34.3676
2.1375	4.0980	0.2566	34.8695	34.5039
2.1380	4.0982	0.2600	34.8668	34.5902
2.1385	4.0970	0.2677	34.4932	34.5959
2.1390	4.0959	0.2715	34.3375	34.5777
2.1395	4.0965	0.2735	34.5071	34.5696
2.1400	4.0961	0.2760	34.4435	34.5117
2.1405	4.0964	0.2694	34.3589	34.4343
2.1410	4.0971	0.2610	34.4602	34.4742
2.1415	4.0974	0.2597	34.7058	34.5715
2.1420	4.0973	0.2615	34.7758	34.4169
2.1425	4.0978	0.2664	34.7726	34.2765
2.1430	4.0977	0.2610	34.8331	34.3334
2.1435	4.0978	0.2555	35.0032	34.4108
2.1440	4.0976	0.2573	35.0429	34.4420
2.1445	4.0977	0.2611	34.9880	34.3803
2.1450	4.0976	0.2590	35.0157	34.3086
2.1455	4.0969	0.2593	35.1371	34.2906
2.1460	4.0971	0.2561	35.1367	34.3340
2.1465	4.0981	0.2539	34.9950	34.3658
2.1470	4.0984	0.2535	34.8792	34.2963
2.1475	4.0989	0.2475	34.9069	34.3164
2.1480	4.1000	0.2348	34.8605	34.3054
2.1485	4.1003	0.2301	34.6319	34.2952
2.1490	4.1002	0.2272	34.4174	34.2712
2.1495	4.1002	0.2309	34.3471	34.3559
2.1500	4.0998	0.2322	33.9032	34.4656
2.1505	4.0998	0.2389	33.8492	34.3367
2.1510	4.0988	0.2372	33.3448	34.1545
2.1515	4.0985	0.2484	32.7734	34.0774
2.1520	4.0982	0.2550	33.0308	34.1182
2.1525	4.0985	0.2477	33.0589	34.1915
2.1530	4.0992	0.2398	32.9994	34.1949
2.1535	4.0994	0.2367	33.1760	34.1724
2.1540	4.0986	0.2477	33.4418	34.2307
2.1545	4.0978	0.2477	33.4766	34.3351
2.1550	4.0977	0.2579	33.4136	34.4321
2.1555	4.0968	0.2626	33.5544	34.3365
2.1560	4.0968	0.2673	33.8641	34.2721
2.1565	4.0964	0.2712	33.9523	34.2091
2.1570	4.0966	0.2703	33.8695	34.2227
2.1575	4.0965	0.2735	33.9490	34.1931
2.1580	4.0961	0.2690	34.2600	34.2485
2.1585	4.0966	0.2729	34.4154	34.3749
2.1590	4.0976	0.2607	34.3299	34.4268
2.1595	4.0973	0.2614	34.3470	34.4124
2.1600	4.0986	0.2488	34.5499	34.2581
2.1605	4.0994	0.2409	34.6888	34.2778
2.1610	4.1001	0.2360	34.6190	34.3384
2.1615	4.1002	0.2313	34.5609	34.3091
2.1620	4.1009	0.2272	34.7224	34.2433
2.1625	4.1017	0.2151	34.9089	34.2225
2.1630	4.1018	0.2097	34.8760	34.2905
2.1635	4.1028	0.2062	34.7608	34.3991
2.1640	4.1026	0.2069	34.8238	34.3996
2.1645	4.1019	0.2112	34.8822	34.3531
2.1650	4.1022	0.2095	34.2467	34.3202
2.1655	4.1025	0.2101	34.0751	34.2434
2.1660	4.1026	0.2047	34.2502	34.2318
2.1665	4.1020	0.2104	34.4867	34.3391
2.1670	4.1025	0.2068	34.6262	34.3803
2.1675	4.1018	0.2168	34.6009	34.3917
2.1680	4.1014	0.2154	34.6965	34.3333
2.1685	4.1022	0.2048	34.9333	34.2898
2.1690	4.1022	0.2038	35.0215	34.2726
2.1695	4.1027	0.2004	34.9752	34.2894
2.1700	4.1028	0.2015	35.0176	34.3359
2.1705	4.1019	0.2157	35.1835	34.2587
2.1710	4.1001	0.2283	35.1921	34.1594
2.1715	4.0994	0.2375	35.0584	34.1328
2.1720	4.0983	0.2455	35.0328	34.1823
2.1725	4.0980	0.2525	35.2332	34.2232
2.1730	4.0979	0.2580	35.2064	34.1852
2.1735	4.0974	0.2603	34.9334	34.1740
2.1740	4.0973	0.2630	34.7208	34.1942
2.1745	4.0976	0.2608	34.8882	34.1861
2.1750	4.0972	0.2605	34.8223	34.1889
2.1755	4.0967	0.2651	34.5104	34.2977
2.1760	4.0963	0.2751	33.8481	34.3180
2.1765	4.0961	0.2744	33.9975	34.2959
2.1770	4.0968	0.2729	34.1445	34.2950
2.1775	4.0968	0.2629	33.7738	34.2888
2.1780	4.0971	0.2686	32.9396	34.3159
2.1785	4.0971	0.2642	32.8987	34.3891
2.1790	4.0980	0.2529	33.4088	34.4613
2.1795	4.1007	0.2283	33.2475	34.3233
2.1800	4.1022	0.2034	33.1181	34.1252
2.1805	4.1029	0.2061	33.3190	34.1019
2.1810	4.1027	0.2071	33.7748	34.2067
2.1815	4.1028	0.2074	33.7886	34.2280
2.1820	4.1033	0.1965	33.6131	34.3107
2.1825	4.1034	0.1939	33.7196	34.3478
2.1830	4.1035	0.1968	34.1336	34.4155
2.1835	4.1027	0.2009	34.2383	34.4340
2.1840	4.1022	0.2061	34.0734	34.4484
2.1845	4.1027	0.2030	34.1305	34.4236
2.1850	4.1033	0.1941	34.5633	34.3885
2.1855	4.1024	0.2010	34.6962	34.3687
2.1860	4.1028	0.2050	34.4711	34.2580
2.1865	4.1028	0.2095	34.3995	34.2338
2.1870	4.1020	0.2135	34.7533	34.3438
2.1875	4.1015	0.2227	34.9196	34.4642
2.1880	4.1002	0.2265	34.7240	34.4588
2.1885	4.1003	0.2310	34.6085	34.2901
2.1890	4.0996	0.2363	34.9522	34.2280
2.1895	4.0988	0.2464	35.1208	34.2397
2.1900	4.0975	0.2593	34.9663	34.2747
2.1905	4.0969	0.2602	34.4529	34.2581
2.1910	4.0971	0.2668	34.0264	34.2511
2.1915	4.0965	0.2767	34.4419	34.2549
2.1920	4.0970	0.2727	34.3429	34.2568
2.1925	4.0965	0.2717	34.2222	34.2299
2.1930	4.0971	0.2670	34.4652	34.1970
2.1935	4.0982	0.2570	34.8755	34.2378
2.1940	4.0983	0.2487	34.8635	34.2260
2.1945	4.0993	0.2446	34.6957	34.0771
2.1950	4.0996	0.2375	34.8354	33.9878
2.1955	4.1007	0.2316	35.2181	34.1266
2.1960	4.1006	0.2303	35.2453	34.1600
2.1965	4.1001	0.2346	34.9962	34.1295
2.1970	4.0998	0.2368	34.9947	34.0332
2.1975	4.1003	0.2336	35.3107	33.9513
2.1980	4.1007	0.2282	35.3728	33.9674
2.1985	4.1007	0.2222	35.0963	34.0788
2.1990	4.1014	0.2173	34.9866	34.1834
2.1995	4.1024	0.2107	35.1580	34.2267
2.2000	4.1022	0.2101	35.1688	34.2071
2.2005	4.1017	0.2110	34.8158	34.2684
2.2010	4.1013	0.2144	34.5405	34.2300
2.2015	4.1015	0.2150	34.6356	34.1330
2.2020	4.1009	0.2217	34.6510	34.1242
2.2025	4.1011	0.2252	34.3125	34.0912
2.2030	4.1005	0.2242	33.7718	34.0533
2.2035	4.1006	0.2264	33.8443	34.0091
2.2040	4.1003	0.2281	33.9990	34.0502
2.2045	4.0996	0.2351	33.5034	34.2349
2.2050	4.0987	0.2420	32.8536	34.3588
2.2055	4.0981	0.2496	33.1419	34.3768
2.2060	4.0979	0.2554	33.5111	34.2454
2.2065	4.0968	0.2607	33.5366	34.1765
2.2070	4.0969	0.2674	33.3650	34.2048
2.2075	4.0970	0.2685	33.5379	34.2428
2.2080	4.0974	0.2611	33.9094	34.2736
2.2085	4.0977	0.2576	33.9872	34.2943
2.2090	4.0973	0.2625	33.7942	34.3133
2.2095	4.0975	0.2606	33.9230	34.3171
2.2100	4.0973	0.2645	34.3109	34.2824
2.2105	4.0965	0.2652	34.4677	34.2979
2.2110	4.0962	0.2755	34.3057	34.2762
2.2115	4.0963	0.2759	34.3464	34.1698
2.2120	4.0983	0.2546	34.6108	34.0576
2.2125	4.0994	0.2369	34.7649	34.0933
2.2130	4.1002	0.2317	34.5864	34.0802
2.2135	4.1019	0.2189	34.5580	34.0723
2.2140	4.1022	0.2068	34.7196	34.0423
2.2145	4.1029	0.2063	34.9572	34.0548
2.2150	4.1020	0.2094	34.8333	34.0819
2.2155	4.1029	0.2047	34.8966	34.1715
2.2160	4.1032	0.1994	34.5014	34.3049
2.2165	4.1032	0.1945	33.7880	34.3444
2.2170	4.1038	0.1959	34.0468	34.2763
2.2175	4.1035	0.1920	34.0178	34.2135
2.2180	4.1047	0.1897	34.2279	34.1656
2.2185	4.1041	0.1887	34.3778	34.1072
2.2190	4.1033	0.1944	34.5622	34.0846
2.2195	4.1023	0.2014	34.5701	34.1410
2.2200	4.1013	0.2187	34.6953	34.1488
2.2205	4.1007	0.2295	34.8644	34.1477
2.2210	4.0991	0.2422	34.9626	34.1738
2.2215	4.0978	0.2516	34.9486	34.2069
2.2220	4.0974	0.2645	35.0293	34.2299
2.2225	4.0967	0.2667	35.1847	34.2419
2.2230	4.0957	0.2760	35.2058	34.1941
2.2235	4.0965	0.2759	35.0960	34.1746
2.2240	4.0967	0.2697	35.0879	34.1397
2.2245	4.0972	0.2592	35.2301	34.1787
2.2250	4.0977	0.2617	35.2327	34.2967
2.2255	4.0975	0.2627	35.0672	34.3197
2.2260	4.0971	0.2653	34.9013	34.2587
2.2265	4.0980	0.2561	34.9321	34.3266
2.2270	4.0985	0.2448	34.8288	34.3518
2.2275	4.0999	0.2348	34.5990	34.3388
2.2280	4.1019	0.2183	34.3400	34.3657
2.2285	4.1024	0.2095	34.3833	34.3164
2.2290	4.1021	0.2127	34.0738	34.2452
2.2295	4.1024	0.2078	33.4525	34.1396
2.2300	4.1026	0.2025	33.4316	34.1654
2.2305	4.1020	0.2116	33.4965	34.1848
2.2310	4.1019	0.2111	33.3651	34.2583
2.2315	4.1022	0.2130	33.1498	34.4760
2.2320	4.1016	0.2128	33.2909	34.4222
2.2325	4.1017	0.2167	33.4044	34.3587
2.2330	4.1018	0.2124	33.6149	34.3551
2.2335	4.1016	0.2072	33.6374	34.3568
2.2340	4.1014	0.2133	33.7292	34.3174
2.2345	4.1013	0.2199	33.8668	34.2201
2.2350	4.1013	0.2229	34.0332	34.2177
2.2355	4.1006	0.2239	34.0878	34.2704
2.2360	4.1000	0.2277	34.1715	34.3496
2.2365	4.1001	0.2301	34.3012	34.3883
2.2370	4.0996	0.2352	34.4859	34.4665
2.2375	4.0989	0.2458	34.5472	34.4648
2.2380	4.0983	0.2473	34.5594	34.3365
2.2385	4.0977	0.2583	34.6100	34.2206
2.2390	4.0974	0.2581	34.7338	34.0882
2.2395	4.0968	0.2664	34.7643	34.0551
2.2400	4.0963	0.2763	34.7916	34.0476
2.2405	4.0954	0.2809	34.8004	34.0332
2.2410	4.0962	0.2785	34.9627	33.9826
2.2415	4.0965	0.2703	34.9060	34.0979
2.2420	4.0971	0.2676	34.6766	34.2105
2.2425	4.0963	0.2689	34.7221	34.2782
2.2430	4.0966	0.2735	34.8105	34.2622
2.2435	4.0962	0.2719	34.8029	34.2100
2.2440	4.0974	0.2673	34.7163	34.1653
2.2445	4.0982	0.2529	34.3423	34.1803
2.2450	4.0997	0.2349	34.3030	34.2246
2.2455	4.1002	0.2362	34.5604	34.3078
2.2460	4.0997	0.2365	34.6238	34.3778
2.2465	4.1004	0.2290	34.7181	34.3370
2.2470	4.1007	0.2284	34.8144	34.2381
2.2475	4.0996	0.2325	34.9549	34.1407
2.2480	4.0998	0.2346	34.9830	34.1499
2.2485	4.0995	0.2322	34.9571	34.1594
2.2490	4.1005	0.2335	34.9972	34.1465
2.2495	4.1003	0.2297	35.1153	34.0565
2.2500	4.0997	0.2338	35.1292	34.0592
2.2505	4.1000	0.2355	35.0180	34.1346
2.2510	4.1006	0.2268	34.9962	34.2970
2.2515	4.1013	0.2227	35.0296	34.4076
2.2520	4.1016	0.2171	34.9623	34.3834
2.2525	4.1019	0.2131	34.7491	34.4065
2.2530	4.1022	0.2104	34.6386	34.4247
2.2535	4.1014	0.2182	34.5631	34.4811
2.2540	4.1012	0.2127	34.4923	34.5381
2.2545	4.1005	0.2237	34.1882	34.5983
2.2550	4.0998	0.2316	34.1174	34.5063
2.2555	4.0996	0.2360	33.3819	34.4136
2.2560	4.0986	0.2452	32.8630	34.3208
2.2565	4.0984	0.2506	32.9564	34.2881
2.2570	4.0980	0.2485	32.8847	34.2450
2.2575	4.0987	0.2459	33.1352	34.1864
2.2580	4.0994	0.2445	33.3104	34.1771
2.2585	4.0994	0.2405	33.3095	34.1314
2.2590	4.0989	0.2464	33.2977	34.1468
2.2595	4.0990	0.2403	33.5286	34.2133
2.2600	4.1005	0.2355	33.7389	34.2297
2.2605	4.1005	0.2252	33.8029	34.3275
2.2610	4.1008	0.2284	33.7775	34.3857
2.2615	4.1009	0.2245	33.9398	34.4016
2.2620	4.1007	0.2235	34.1558	34.4099
2.2625	4.1000	0.2348	34.2477	34.3911
2.2630	4.1002	0.2325	34.2359	34.4217
2.2635	4.1005	0.2236	34.3731	34.3863
2.2640	4.1012	0.2225	34.5677	34.2958
2.2645	4.1009	0.2195	34.6310	34.2031
2.2650	4.1011	0.2189	34.5204	34.1724
2.2655	4.1010	0.2175	34.5844	34.1846
2.2660	4.1009	0.2213	34.7582	34.2215
2.2665	4.1014	0.2205	34.8655	34.2933
2.2670	4.1012	0.2204	34.7458	34.2684
2.2675	4.1011	0.2210	34.8238	34.1918
2.2680	4.1015	0.2153	34.6824	34.1683
2.2685	4.1021	0.2084	34.7359	34.1924
2.2690	4.1028	0.2053	34.7309	34.2950
2.2695	4.1019	0.2094	34.6137	34.3954
2.2700	4.1027	0.2033	34.6546	34.3757
2.2705	4.1026	0.2022	34.6570	34.5116
2.2710	4.1024	0.2054	34.4165	34.5613
2.2715	4.1018	0.2121	34.2314	34.4869
2.2720	4.1023	0.2113	34.4660	34.5061
2.2725	4.1016	0.2128	34.7039	34.4584
2.2730	4.1006	0.2241	34.8125	34.3939
2.2735	4.0996	0.2349	34.7038	34.3277
2.2740	4.0991	0.2398	34.7811	34.3346
2.2745	4.0993	0.2393	34.9823	34.3854
2.2750	4.0991	0.2413	35.0469	34.4513
2.2755	4.0992	0.2407	34.8919	34.4947
2.2760	4.0996	0.2381	34.9029	34.3511
2.2765	4.0996	0.2419	35.0690	34.2929
2.2770	4.1010	0.2269	35.1245	34.2648
2.2775	4.1013	0.2183	34.8937	34.3997
2.2780	4.1013	0.2189	34.7674	34.4968
2.2785	4.1019	0.2169	34.7982	34.4990
2.2790	4.1019	0.2122	34.8092	34.5425
2.2795	4.1022	0.2120	34.5239	34.5131
2.2800	4.1022	0.2075	34.3060	34.4346
2.2805	4.1022	0.2115	34.2417	34.4327
2.2810	4.1015	0.2180	34.3040	34.4712
2.2815	4.1015	0.2160	33.7769	34.4868
2.2820	4.1007	0.2222	32.6462	34.3984
2.2825	4.1006	0.2232	32.8324	34.3293
2.2830	4.1003	0.2279	33.1041	34.3623
2.2835	4.1008	0.2231	33.0304	34.4164
2.2840	4.1006	0.2191	32.8887	34.4359
2.2845	4.1007	0.2287	33.1346	34.2832
2.2850	4.1003	0.2255	33.4293	34.2084
2.2855	4.1012	0.2205	33.5086	34.1910
2.2860	4.1024	0.2125	33.3655	34.2277
2.2865	4.1017	0.2093	33.5381	34.2567
2.2870	4.1018	0.2130	33.8630	34.2589
2.2875	4.1012	0.2211	33.9592	34.3772
2.2880	4.1000	0.2328	33.8440	34.3813
2.2885	4.0996	0.2405	33.9411	34.2920
2.2890	4.0986	0.2461	34.2761	34.2174
2.2895	4.0978	0.2537	34.4314	34.2624
2.2900	4.0969	0.2625	34.3046	34.2763
2.2905	4.0966	0.2694	34.3191	34.2326
2.2910	4.0969	0.2649	34.5801	34.2245
2.2915	4.0969	0.2661	34.7098	34.2611
2.2920	4.0977	0.2638	34.5558	34.4522
2.2925	4.0979	0.2605	34.4965	34.4677
2.2930	4.0979	0.2547	34.7593	34.2708
2.2935	4.0971	0.2623	34.9558	34.1075
2.2940	4.0968	0.2696	34.8074	34.0416
2.2945	4.0982	0.2570	34.6485	34.0649
2.2950	4.0982	0.2496	34.6206	34.1685
2.2955	4.0991	0.2452	34.8541	34.2370
2.2960	4.0998	0.2328	34.7183	34.3007
2.2965	4.1007	0.2258	34.3970	34.4507
2.2970	4.1012	0.2195	34.4474	34.4960
2.2975	4.1010	0.2225	34.5773	34.3941
2.2980	4.1008	0.2290	34.4316	34.3937
2.2985	4.1000	0.2377	34.2958	34.4731
2.2990	4.1003	0.2354	34.4533	34.4059
2.2995	4.1003	0.2295	34.8494	34.3694
2.3000	4.0997	0.2310	34.8961	34.3924
2.3005	4.0995	0.2381	34.6599	34.4307
2.3010	4.0994	0.2350	34.7478	34.5501
2.3015	4.0999	0.2418	35.0807	34.4743
2.3020	4.0993	0.2363	35.1077	34.3293
2.3025	4.0996	0.2373	34.7956	34.2584
2.3030	4.0999	0.2340	34.7628	34.2195
2.3035	4.0999	0.2359	35.0259	34.1749
2.3040	4.0993	0.2410	35.0909	34.2148
2.3045	4.0990	0.2410	34.6917	34.3361
2.3050	4.0995	0.2393	34.5017	34.3727
2.3055	4.0980	0.2471	34.6019	34.3944
2.3060	4.0984	0.2511	34.6736	34.3957
2.3065	4.0975	0.2580	34.2094	34.4666
2.3070	4.0968	0.2678	34.0501	34.5434
2.3075	4.0960	0.2732	33.6014	34.4703
2.3080	4.0966	0.2770	32.8085	34.3640
2.3085	4.0963	0.2711	32.8408	34.2702
2.3090	4.0961	0.2788	32.5998	34.2513
2.3095	4.0974	0.2670	32.8370	34.2998
2.3100	4.0973	0.2659	33.2066	34.2828
2.3105	4.0983	0.2531	33.2403	34.1938
2.3110	4.0986	0.2494	33.0154	34.1465
2.3115	4.0980	0.2487	33.2015	34.1353
2.3120	4.0979	0.2573	33.5743	34.1951
2.3125	4.0982	0.2464	33.6942	34.2764
2.3130	4.0983	0.2555	33.5263	34.3420
2.3135	4.0989	0.2443	33.6436	34.3629
2.3140	4.0987	0.2496	33.9893	34.3477
2.3145	4.0985	0.2485	34.1507	34.3749
2.3150	4.0984	0.2512	34.0108	34.3968
2.3155	4.0981	0.2482	34.0538	34.4923
2.3160	4.0977	0.2594	34.3876	34.5349
2.3165	4.0978	0.2544	34.5747	34.5718
2.3170	4.0988	0.2450	34.4152	34.4817
2.3175	4.0992	0.2387	34.3674	34.3942
2.3180	4.0997	0.2316	34.5905	34.3857
2.3185	4.0996	0.2395	34.7911	34.4191
2.3190	4.0997	0.2369	34.6665	34.3677
2.3195	4.0992	0.2406	34.5778	34.2788
2.3200	4.0989	0.2446	34.7547	34.2736
2.3205	4.0984	0.2466	34.9792	34.2940
2.3210	4.0979	0.2530	34.8375	34.4351
2.3215	4.0974	0.2601	34.6980	34.5339
2.3220	4.0970	0.2661	34.5242	34.5334
2.3225	4.0965	0.2685	34.4607	34.5476
2.3230	4.0965	0.2747	34.5026	34.5484
2.3235	4.0960	0.2802	34.2911	34.5404
2.3240	4.0962	0.2740	34.3312	34.4773
2.3245	4.0970	0.2661	34.5890	34.4878
2.3250	4.0971	0.2702	34.7270	34.5634
2.3255	4.0966	0.2679	34.5765	34.4170
2.3260	4.0964	0.2686	34.6660	34.2400
2.3265	4.0961	0.2762	34.9990	34.2797
2.3270	4.0969	0.2731	35.1071	34.3499
2.3275	4.0964	0.2697	34.8664	34.4101
2.3280	4.0961	0.2710	34.8583	34.3779
2.3285	4.0964	0.2650	35.1748	34.3103
2.3290	4.0968	0.2651	35.2721	34.2888
2.3295	4.0967	0.2666	34.9663	34.3399
2.3300	4.0979	0.2596	34.8233	34.3629
2.3305	4.0983	0.2542	35.0260	34.3008
2.3310	4.0994	0.2417	35.1094	34.2824
2.3315	4.1006	0.2316	34.7547	34.2653
2.3320	4.1006	0.2298	34.4733	34.2504
2.3325	4.1006	0.2279	34.5312	34.2400
2.3330	4.1006	0.2304	34.5781	34.3324
2.3335	4.1000	0.2343	33.8419	34.4857
2.3340	4.0992	0.2349	33.6453	34.3995
2.3345	4.0992	0.2452	33.5423	34.2019
2.3350	4.0990	0.2431	33.0383	34.0896
2.3355	4.0984	0.2479	32.9377	34.1011
2.3360	4.0990	0.2515	32.8160	34.1620
2.3365	4.0997	0.2421	33.0217	34.1643
2.3370	4.0993	0.2399	33.3688	34.1336
2.3375	4.0989	0.2443	33.4158	34.1573
2.3380	4.0982	0.2486	33.2494	34.2928
2.3385	4.0978	0.2590	33.3843	34.4352
2.3390	4.0979	0.2587	33.7669	34.3677
2.3395	4.0973	0.2630	33.8985	34.2997
2.3400	4.0968	0.2634	33.7150	34.2501
2.3405	4.0974	0.2605	33.7339	34.2479
2.3410	4.0979	0.2630	34.0894	34.2050
2.3415	4.0976	0.2590	34.3135	34.2078
2.3420	4.0977	0.2626	34.2529	34.3215
2.3425	4.0976	0.2603	34.2574	34.3911
2.3430	4.0978	0.2606	34.4891	34.4076
2.3435	4.0988	0.2483	34.6159	34.2664
2.3440	4.1000	0.2375	34.4939	34.2905
2.3445	4.0995	0.2338	34.4604	34.3626
2.3450	4.0997	0.2310	34.6958	34.3428
2.3455	4.0998	0.2334	34.8445	34.2600
2.3460	4.1006	0.2231	34.7705	34.2242
2.3465	4.1010	0.2231	34.7036	34.2512
2.3470	4.1012	0.2178	34.8706	34.3686
2.3475	4.1020	0.2180	34.9507	34.3836
2.3480	4.1014	0.2205	34.8039	34.3353
2.3485	4.1014	0.2179	34.1308	34.3221
2.3490	4.1019	0.2130	34.1105	34.2736
2.3495	4.1021	0.2062	34.3990	34.2449
2.3500	4.1022	0.2125	34.3924	34.3624
2.3505	4.1023	0.2030	34.4061	34.4321
2.3510	4.1020	0.2097	34.6084	34.4099
2.3515	4.1013	0.2183	34.8498	34.3790
2.3520	4.1017	0.2118	34.8832	34.2783
2.3525	4.1032	0.2027	34.8180	34.2425
2.3530	4.1031	0.1975	34.9250	34.2360
2.3535	4.1030	0.1997	35.1524	34.2949
2.3540	4.1020	0.2151	35.1835	34.2720
2.3545	4.1008	0.2236	35.0339	34.1680
2.3550	4.1001	0.2353	35.0555	34.1454
2.3555	4.0986	0.2491	35.2023	34.1715
2.3560	4.0979	0.2531	35.2244	34.2352
2.3565	4.0976	0.2596	35.0032	34.1914
2.3570	4.0971	0.2652	34.9218	34.1773
2.3575	4.0969	0.2646	34.9600	34.1604
2.3580	4.0974	0.2582	34.9459	34.1776
2.3585	4.0969	0.2622	34.5723	34.1708
2.3590	4.0965	0.2703	34.4452	34.2873
2.3595	4.0962	0.2703	34.1694	34.3082
2.3600	4.0960	0.2736	34.0888	34.2929
2.3605	4.0968	0.2675	33.9164	34.3126
2.3610	4.0975	0.2632	33.6254	34.2818
2.3615	4.0980	0.2508	33.2493	34.3134
2.3620	4.0990	0.2514	33.0463	34.3558
2.3625	4.0988	0.2456	33.1966	34.4305
2.3630	4.1007	0.2242	33.0187	34.3184
2.3635	4.1031	0.2011	33.2817	34.1234
2.3640	4.1036	0.1971	33.5476	34.0855
2.3645	4.1030	0.2050	33.6098	34.2148
2.3650	4.1026	0.2032	33.4885	34.2315
2.3655	4.1035	0.2000	33.6883	34.3028
2.3660	4.1039	0.1891	33.9820	34.3248
2.3665	4.1038	0.1903	34.0549	34.3718
2.3670	4.1029	0.2046	33.9219	34.4028
2.3675	4.1022	0.2050	34.0852	34.3958
2.3680	4.1033	0.2020	34.4207	34.3851
2.3685	4.1038	0.1896	34.5387	34.3584
2.3690	4.1031	0.2022	34.3822	34.3660
2.3695	4.1028	0.2042	34.4195	34.2669
2.3700	4.1023	0.2043	34.6676	34.2262
2.3705	4.1018	0.2132	34.7780	34.3269
2.3710	4.1012	0.2189	34.6335	34.4387
2.3715	4.1006	0.2239	34.6309	34.4551
2.3720	4.1010	0.2284	34.8682	34.2800
2.3725	4.0998	0.2351	35.0449	34.1891
2.3730	4.0987	0.2434	34.8689	34.1953
2.3735	4.0985	0.2543	34.7860	34.2358
2.3740	4.0972	0.2637	34.7836	34.2578
2.3745	4.0960	0.2714	34.2280	34.2511
2.3750	4.0957	0.2753	34.1921	34.2645
2.3755	4.0951	0.2856	34.1698	34.2601
2.3760	4.0955	0.2830	34.3860	34.2350
2.3765	4.0962	0.2809	34.6188	34.1768
2.3770	4.0969	0.2696	34.6814	34.1934
2.3775	4.0977	0.2585	34.6278	34.1810
2.3780	4.0985	0.2540	34.8054	34.0608
2.3785	4.0991	0.2503	35.0580	33.9549
2.3790	4.0997	0.2413	35.0952	34.0734
2.3795	4.1003	0.2323	34.9844	34.1496
2.3800	4.0999	0.2341	35.0613	34.1452
2.3805	4.0998	0.2405	35.2433	34.0619
2.3810	4.0997	0.2363	35.2562	33.9645
2.3815	4.1000	0.2329	35.1007	33.9454
2.3820	4.0999	0.2392	35.0780	34.0527
2.3825	4.1003	0.2356	35.2164	34.1447
2.3830	4.1008	0.2261	35.2162	34.1951
2.3835	4.1002	0.2288	34.9190	34.1752
2.3840	4.1001	0.2259	34.7212	34.2314
2.3845	4.1002	0.2281	34.8019	34.2190
2.3850	4.1004	0.2286	34.8211	34.1303
2.3855	4.1001	0.2328	34.4567	34.1385
2.3860	4.0998	0.2358	34.1717	34.1235
2.3865	4.0996	0.2369	34.0029	34.0890
2.3870	4.0998	0.2360	33.9961	34.0289
2.3875	4.0998	0.2296	33.8375	34.0492
2.3880	4.1000	0.2367	33.3809	34.1917
2.3885	4.0990	0.2440	33.0129	34.3192
2.3890	4.0985	0.2503	33.3037	34.3434
2.3895	4.0974	0.2598	33.3495	34.2291
2.3900	4.0967	0.2674	33.2573	34.1680
2.3905	4.0966	0.2758	33.4433	34.1827
2.3910	4.0965	0.2725	33.7467	34.2430
2.3915	4.0966	0.2695	33.8029	34.2636
2.3920	4.0973	0.2599	33.6955	34.3042
2.3925	4.0978	0.2545	33.8117	34.2994
2.3930	4.0980	0.2537	34.1544	34.3202
2.3935	4.0975	0.2605	34.2808	34.2804
2.3940	4.0976	0.2631	34.1664	34.2710
2.3945	4.0960	0.2760	34.2163	34.2315
2.3950	4.0958	0.2776	34.5519	34.1895
2.3955	4.0974	0.2658	34.6881	34.0678
2.3960	4.0992	0.2410	34.5258	34.0828
2.3965	4.1004	0.2348	34.4530	34.1255
2.3970	4.1012	0.2242	34.7120	34.1087
2.3975	4.1013	0.2207	34.8876	34.0758
2.3980	4.1015	0.2192	34.8207	34.0584
2.3985	4.1018	0.2159	34.6650	34.0595
2.3990	4.1022	0.2069	34.9006	34.1161
2.3995	4.1033	0.1966	34.8323	34.2280
2.4000	4.1031	0.1934	33.8169	34.2811
2.4005	4.1032	0.1982	33.8385	34.2408
2.4010	4.1032	0.1978	34.0102	34.2000
2.4015	4.1033	0.2011	34.3443	34.1783
2.4020	4.1032	0.1962	34.3883	34.1457
2.4025	4.1031	0.1973	34.3661	34.1258
2.4030	4.1023	0.2080	34.4882	34.1606
2.4035	4.1013	0.2179	34.7941	34.1721
2.4040	4.1003	0.2247	34.9129	34.1431
2.4045	4.0993	0.2422	34.8383	34.1399
2.4050	4.0980	0.2525	34.8698	34.1623
2.4055	4.0968	0.2620	35.0927	34.1750
2.4060	4.0971	0.2660	35.1965	34.2108
2.4065	4.0958	0.2751	35.0915	34.1745
2.4070	4.0957	0.2754	35.0486	34.1791
2.4075	4.0968	0.2696	35.1884	34.1718
2.4080	4.0970	0.2662	35.2715	34.2036
2.4085	4.0970	0.2609	35.1205	34.3228
2.4090	4.0970	0.2661	34.9900	34.3560
2.4095	4.0964	0.2727	35.0048	34.2871
2.4100	4.0965	0.2722	35.0031	34.2891
2.4105	4.0977	0.2587	34.7577	34.3347
2.4110	4.0993	0.2428	34.5369	34.3082
2.4115	4.1010	0.2222	34.4446	34.3288
2.4120	4.1026	0.2104	34.4425	34.3170
2.4125	4.1021	0.2104	34.1087	34.2679
2.4130	4.1015	0.2134	33.4122	34.1689
2.4135	4.1024	0.2086	33.4460	34.1890
2.4140	4.1022	0.2104	33.5706	34.2213
2.4145	4.1028	0.2023	33.3825	34.2621
2.4150	4.1031	0.2017	33.0567	34.4606
2.4155	4.1031	0.2018	33.2664	34.4246
2.4160	4.1034	0.1992	33.4450	34.3322
2.4165	4.1036	0.1975	33.5634	34.3113
2.4170	4.1036	0.1903	33.5490	34.3218
2.4175	4.1040	0.1910	33.7032	34.3183
2.4180	4.1038	0.1909	33.9079	34.2391
2.4185	4.1040	0.1880	34.0026	34.2156
2.4190	4.1037	0.1914	33.9881	34.2773
2.4195	4.1031	0.2005	34.1207	34.3635
2.4200	4.1020	0.2130	34.3416	34.4205
2.4205	4.1011	0.2198	34.4847	34.4865
2.4210	4.1001	0.2313	34.4703	34.5159
2.4215	4.0995	0.2410	34.5011	34.3859
2.4220	4.0989	0.2448	34.6228	34.2476
2.4225	4.0984	0.2508	34.7484	34.0953
2.4230	4.0978	0.2582	34.7116	34.0389
2.4235	4.0971	0.2708	34.7110	34.0347
2.4240	4.0964	0.2741	34.8077	34.0430
2.4245	4.0961	0.2712	34.9582	33.9874
2.4250	4.0976	0.2624	34.8889	34.0747
2.4255	4.0980	0.2579	34.6134	34.2037
2.4260	4.0974	0.2621	34.7352	34.2752
2.4265	4.0976	0.2632	34.8882	34.2590
2.4270	4.0977	0.2581	34.7346	34.2037
2.4275	4.0979	0.2591	34.6188	34.1706
2.4280	4.0991	0.2448	34.4087	34.1595
2.4285	4.0994	0.2351	34.3494	34.1997
2.4290	4.1003	0.2369	34.5278	34.2792
2.4295	4.0994	0.2355	34.4951	34.3391
2.4300	4.1018	0.2212	34.6844	34.3326
2.4305	4.1022	0.2148	34.8889	34.2704
2.4310	4.1018	0.2148	34.9520	34.1392
2.4315	4.1016	0.2178	34.8552	34.1179
2.4320	4.1027	0.2091	34.9268	34.1243
2.4325	4.1026	0.2013	35.1146	34.1157
2.4330	4.1027	0.2018	35.1310	34.0430
2.4335	4.1018	0.2077	34.9900	34.0279
2.4340	4.1022	0.2107	34.9586	34.1078
2.4345	4.1019	0.2106	35.0915	34.2826
2.4350	4.1018	0.2121	35.0915	34.4345
2.4355	4.1024	0.2059	34.9063	34.4315
2.4360	4.1023	0.2071	34.7183	34.4211
2.4365	4.1026	0.2066	34.7265	34.4172
2.4370	4.1023	0.2080	34.6049	34.4501
2.4375	4.1021	0.2105	34.4294	34.4771
2.4380	4.1015	0.2169	34.1709	34.5452
2.4385	4.1004	0.2245	34.2306	34.4885
2.4390	4.0998	0.2287	33.6260	34.3865
2.4395	4.0988	0.2405	32.7985	34.3322
2.4400	4.0982	0.2526	32.9314	34.2952
2.4405	4.0981	0.2556	32.9446	34.2953
2.4410	4.0979	0.2534	33.0927	34.2257
2.4415	4.0984	0.2465	33.1709	34.2162
2.4420	4.0987	0.2478	33.2707	34.1366
2.4425	4.0989	0.2499	33.3623	34.1035
2.4430	4.0995	0.2452	33.5143	34.1450
2.4435	4.0995	0.2355	33.6132	34.1518
2.4440	4.1005	0.2313	33.7280	34.2270
2.4445	4.1005	0.2233	33.8208	34.3314
2.4450	4.1009	0.2184	33.9497	34.3715
2.4455	4.1008	0.2179	34.0428	34.4323
2.4460	4.1003	0.2314	34.1611	34.4224
2.4465	4.1005	0.2268	34.2609	34.4423
2.4470	4.1003	0.2242	34.4009	34.4179
2.4475	4.0996	0.2278	34.4749	34.3074
2.4480	4.1002	0.2339	34.5518	34.1977
2.4485	4.1004	0.2314	34.5710	34.1333
2.4490	4.1002	0.2357	34.6337	34.1183
2.4495	4.0998	0.2331	34.6311	34.1562
2.4500	4.1005	0.2336	34.7493	34.2193
2.4505	4.0998	0.2343	34.7873	34.2522
2.4510	4.1001	0.2345	34.9317	34.1935
2.4515	4.1002	0.2316	34.6374	34.1887
2.4520	4.1008	0.2254	34.5079	34.2027
2.4525	4.1011	0.2231	34.7498	34.3114
2.4530	4.1002	0.2214	34.7326	34.3999
2.4535	4.1015	0.2234	34.6800	34.3634
2.4540	4.1015	0.2155	34.5187	34.4484
2.4545	4.1013	0.2211	34.4481	34.5022
2.4550	4.1007	0.2248	34.3247	34.4437
2.4555	4.1007	0.2228	34.4729	34.4465
2.4560	4.1008	0.2219	34.5272	34.4426
2.4565	4.1003	0.2310	34.6956	34.3859
2.4570	4.0994	0.2363	34.8201	34.3373
2.4575	4.0985	0.2464	34.8464	34.3517
2.4580	4.0980	0.2541	34.8101	34.3848
2.4585	4.0988	0.2471	34.8996	34.4293
2.4590	4.0987	0.2458	35.0209	34.4907
2.4595	4.0995	0.2384	35.0330	34.3457
2.4600	4.1001	0.2347	34.9407	34.2446
2.4605	4.1006	0.2275	34.9198	34.1841
2.4610	4.1012	0.2195	34.9673	34.3024
2.4615	4.1011	0.2226	34.9613	34.4364
2.4620	4.1018	0.2121	34.7951	34.4889
2.4625	4.1022	0.2009	34.6195	34.5401
2.4630	4.1024	0.2089	34.5575	34.5485
2.4635	4.1031	0.2047	34.4885	34.4688
2.4640	4.1028	0.2045	34.2803	34.4367
2.4645	4.1028	0.2049	34.0925	34.4543
2.4650	4.1020	0.2058	33.9387	34.4419
2.4655	4.1012	0.2190	32.9445	34.3686
2.4660	4.1010	0.2226	32.8011	34.2757
2.4665	4.1005	0.2249	32.9301	34.2816
2.4670	4.1010	0.2212	32.9652	34.3668
2.4675	4.1014	0.2222	33.0145	34.4445
2.4680	4.1012	0.2211	33.1358	34.3250
2.4685	4.1011	0.2201	33.2517	34.2324
2.4690	4.1016	0.2146	33.4158	34.1894
2.4695	4.1022	0.2090	33.5033	34.1966
2.4700	4.1022	0.2062	33.5578	34.2229
2.4705	4.1022	0.2102	33.6751	34.2099
2.4710	4.1014	0.2170	33.8584	34.3125
2.4715	4.1008	0.2240	33.9615	34.3654
2.4720	4.0997	0.2343	33.9790	34.2974
2.4725	4.0992	0.2449	34.0877	34.2242
2.4730	4.0981	0.2514	34.3042	34.2473
2.4735	4.0973	0.2664	34.4374	34.2997
2.4740	4.0969	0.2652	34.4349	34.2524
2.4745	4.0967	0.2652	34.4357	34.2162
2.4750	4.0969	0.2643	34.5489	34.2245
2.4755	4.0975	0.2673	34.6435	34.3699
2.4760	4.0979	0.2579	34.6397	34.4554
2.4765	4.0985	0.2563	34.6259	34.2980
2.4770	4.0979	0.2511	34.7643	34.1210
2.4775	4.0975	0.2622	34.8466	34.0406
2.4780	4.0982	0.2468	34.8322	34.0675
2.4785	4.0992	0.2416	34.5953	34.1639
2.4790	4.0998	0.2375	34.6364	34.2481
2.4795	4.1006	0.2264	34.7489	34.2850
2.4800	4.1017	0.2171	34.5923	34.3972
2.4805	4.1018	0.2114	34.4404	34.4848
2.4810	4.1021	0.2118	34.3993	34.3903
2.4815	4.1018	0.2125	34.4030	34.3418
2.4820	4.1012	0.2187	34.4759	34.4442
2.4825	4.1013	0.2198	34.4985	34.4225
2.4830	4.1013	0.2228	34.6269	34.3794
2.4835	4.1004	0.2242	34.7967	34.4056
2.4840	4.1004	0.2321	34.8409	34.4408
2.4845	4.0999	0.2350	34.8152	34.5487
2.4850	4.1003	0.2347	34.8447	34.5268
2.4855	4.0999	0.2325	34.9588	34.3553
2.4860	4.1004	0.2312	34.9772	34.2611
2.4865	4.1006	0.2284	34.9097	34.1973
2.4870	4.1008	0.2228	34.8543	34.1797
2.4875	4.0998	0.2274	34.8987	34.1833
2.4880	4.0998	0.2416	34.8419	34.3114
2.4885	4.0994	0.2396	34.6875	34.3798
2.4890	4.0990	0.2452	34.5213	34.4176
2.4895	4.0985	0.2528	34.4868	34.4157
2.4900	4.0975	0.2593	34.3576	34.4607
2.4905	4.0970	0.2617	34.2207	34.5584
2.4910	4.0972	0.2682	33.7998	34.4864
2.4915	4.0971	0.2682	32.6914	34.3500
2.4920	4.0965	0.2694	32.8209	34.2366
2.4925	4.0961	0.2764	32.8495	34.1880
2.4930	4.0961	0.2690	32.7742	34.2534
2.4935	4.0970	0.2673	32.9325	34.2888
2.4940	4.0975	0.2599	33.1745	34.2340
2.4945	4.0989	0.2493	33.1953	34.1781
2.4950	4.0992	0.2472	33.1863	34.1818
2.4955	4.0987	0.2476	33.3232	34.1936
2.4960	4.0995	0.2375	33.6160	34.2462
2.4965	4.1000	0.2332	33.7156	34.3106
2.4970	4.1007	0.2290	33.6448	34.3142
2.4975	4.1004	0.2242	33.7230	34.2910
2.4980	4.1007	0.2316	34.0040	34.3212
2.4985	4.1001	0.2270	34.1611	34.3673
2.4990	4.1003	0.2306	34.1387	34.4873
2.4995	4.0996	0.2389	34.1797	34.5457
2.5000	4.0997	0.2390	34.4213	34.6121
2.5005	4.1001	0.2337	34.5538	34.5677
2.5010	4.1003	0.2227	34.4800	34.4276
2.5015	4.1012	0.2173	34.4270	34.3670
2.5020	4.1014	0.2218	34.5955	34.3801
2.5025	4.1010	0.2216	34.7617	34.3377
2.5030	4.1010	0.2277	34.7228	34.2287
2.5035	4.1003	0.2314	34.6381	34.2184
2.5040	4.0992	0.2390	34.7840	34.2519
2.5045	4.0988	0.2464	34.9070	34.4153
2.5050	4.0978	0.2549	34.8592	34.5623
2.5055	4.0975	0.2593	34.5888	34.5890
2.5060	4.0974	0.2663	34.2944	34.5780
2.5065	4.0968	0.2676	34.4377	34.5576
2.5070	4.0963	0.2668	34.4097	34.5146
2.5075	4.0967	0.2738	34.3681	34.4304
2.5080	4.0970	0.2649	34.4307	34.4176
2.5085	4.0975	0.2625	34.6185	34.5066
2.5090	4.0978	0.2606	34.6868	34.4474
2.5095	4.0965	0.2648	34.7454	34.2566
2.5100	4.0968	0.2694	34.8415	34.2663
2.5105	4.0975	0.2728	34.9527	34.3534
2.5110	4.0969	0.2653	34.9606	34.4185
2.5115	4.0970	0.2655	34.9788	34.3931
2.5120	4.0974	0.2691	35.0622	34.2981
2.5125	4.0974	0.2634	35.1166	34.2355
2.5130	4.0970	0.2642	35.0120	34.2593
2.5135	4.0973	0.2622	34.9385	34.3180
2.5140	4.0980	0.2570	34.9852	34.2808
2.5145	4.0982	0.2514	35.0141	34.2815
2.5150	4.0997	0.2408	34.7820	34.2922
2.5155	4.1000	0.2354	34.5734	34.2875
2.5160	4.0997	0.2360	34.5118	34.2812
2.5165	4.0993	0.2414	34.5483	34.2890
2.5170	4.0993	0.2364	33.9812	34.4434
2.5175	4.0994	0.2425	33.6740	34.3784
2.5180	4.0986	0.2473	33.7241	34.1819
2.5185	4.0985	0.2508	33.0795	34.0336
2.5190	4.0977	0.2570	32.8526	34.0461
2.5195	4.0977	0.2598	32.8960	34.1209
2.5200	4.0981	0.2537	32.9774	34.1833
2.5205	4.0984	0.2464	33.2324	34.1520
2.5210	4.0986	0.2479	33.3427	34.1853
2.5215	4.0981	0.2502	33.2903	34.3003
2.5220	4.0975	0.2593	33.3562	34.4037
2.5225	4.0965	0.2626	33.6307	34.3412
2.5230	4.0964	0.2712	33.8137	34.2429
2.5235	4.0957	0.2755	33.7600	34.1668
2.5240	4.0959	0.2750	33.7682	34.1479
2.5245	4.0959	0.2792	34.0193	34.1514
2.5250	4.0962	0.2791	34.2553	34.1773
2.5255	4.0958	0.2774	34.2460	34.3251
2.5260	4.0966	0.2694	34.1956	34.4091
2.5265	4.0965	0.2738	34.4045	34.4366
2.5270	4.0978	0.2667	34.6251	34.2971
2.5275	4.0983	0.2460	34.5675	34.2301
2.5280	4.0991	0.2491	34.4245	34.2723
2.5285	4.1001	0.2360	34.5841	34.2688
2.5290	4.1002	0.2267	34.8140	34.2006
2.5295	4.1014	0.2192	34.8362	34.1759
2.5300	4.1022	0.2133	34.6832	34.1973
2.5305	4.1024	0.2125	34.7639	34.3455
2.5310	4.1021	0.2093	34.8992	34.4141
2.5315	4.1025	0.2107	34.9573	34.3827
2.5320	4.1019	0.2146	34.3301	34.3497
2.5325	4.1018	0.2146	33.9803	34.2824
2.5330	4.1021	0.2086	34.3091	34.1804
2.5335	4.1019	0.2104	34.3990	34.2457
2.5340	4.1026	0.2048	34.4209	34.3133
2.5345	4.1023	0.2034	34.5114	34.2949
2.5350	4.1021	0.2157	34.7520	34.2335
2.5355	4.1023	0.2144	34.8807	34.1767
2.5360	4.1024	0.2077	34.8374	34.2444
2.5365	4.1027	0.2037	34.8532	34.2757
2.5370	4.1030	0.2012	35.0708	34.3453
2.5375	4.1021	0.2038	35.1940	34.3152
2.5380	4.1010	0.2214	35.0745	34.1820
2.5385	4.0997	0.2343	34.9979	34.0938
2.5390	4.0989	0.2433	35.1153	34.0864
2.5395	4.0979	0.2567	35.2374	34.1592
2.5400	4.0981	0.2573	35.1049	34.1544
2.5405	4.0974	0.2546	34.9292	34.1384
2.5410	4.0973	0.2611	34.8933	34.1672
2.5415	4.0978	0.2582	34.9453	34.1907
2.5420	4.0981	0.2589	34.6857	34.2057
2.5425	4.0977	0.2604	34.4776	34.2917
2.5430	4.0968	0.2629	34.2415	34.3515
2.5435	4.0965	0.2704	34.0016	34.3399
2.5440	4.0968	0.2649	34.0221	34.2739
2.5445	4.0975	0.2629	33.7491	34.2601
2.5450	4.0983	0.2523	33.4080	34.2886
2.5455	4.0991	0.2427	32.9631	34.2936
2.5460	4.0993	0.2382	33.1660	34.3954
2.5465	4.1008	0.2240	33.0947	34.3737
2.5470	4.1036	0.1980	33.2109	34.1786
2.5475	4.1037	0.1924	33.4232	34.0949
2.5480	4.1024	0.2030	33.5870	34.2025
2.5485	4.1019	0.2080	33.5356	34.2480
2.5490	4.1022	0.2083	33.5841	34.2914
2.5495	4.1032	0.1943	33.8131	34.3211
2.5500	4.1028	0.2014	34.0321	34.3436
2.5505	4.1020	0.2074	34.0436	34.3574
2.5510	4.1016	0.2123	34.0128	34.3747
2.5515	4.1018	0.2123	34.1651	34.3770
2.5520	4.1030	0.2040	34.4245	34.3701
2.5525	4.1029	0.2001	34.5347	34.3502
2.5530	4.1026	0.2022	34.4856	34.3129
2.5535	4.1023	0.2077	34.4858	34.2382
2.5540	4.1015	0.2080	34.6136	34.3034
2.5545	4.1018	0.2223	34.7183	34.4215
2.5550	4.1009	0.2219	34.6860	34.4609
2.5555	4.1000	0.2320	34.7322	34.3220
2.5560	4.0997	0.2325	34.8555	34.1726
2.5565	4.0990	0.2413	34.9602	34.1694
2.5570	4.0974	0.2549	34.8521	34.2082
2.5575	4.0973	0.2592	34.8047	34.2532
2.5580	4.0967	0.2682	34.2136	34.2486
2.5585	4.0962	0.2775	34.1592	34.2710
2.5590	4.0963	0.2775	34.2539	34.2722
2.5595	4.0963	0.2759	34.2490	34.2588
2.5600	4.0965	0.2749	34.4524	34.1777
2.5605	4.0971	0.2673	34.6632	34.2034
2.5610	4.0972	0.2649	34.7254	34.2148
2.5615	4.0978	0.2603	34.7124	34.1169
2.5620	4.0986	0.2496	34.8757	33.9705
2.5625	4.0994	0.2447	35.0394	34.0399
2.5630	4.0997	0.2365	35.0852	34.1592
2.5635	4.0999	0.2368	35.0490	34.1638
2.5640	4.0995	0.2312	35.0959	34.0982
2.5645	4.1000	0.2336	35.1988	33.9612
2.5650	4.1007	0.2258	35.2092	33.9146
2.5655	4.1012	0.2252	35.1283	33.9851
2.5660	4.1012	0.2191	35.0842	34.0887
2.5665	4.1019	0.2142	35.1404	34.1642
2.5670	4.1019	0.2111	35.0815	34.1735
2.5675	4.1011	0.2115	34.8738	34.2055
2.5680	4.1015	0.2181	34.6821	34.2646
2.5685	4.1015	0.2179	34.6756	34.1765
2.5690	4.1013	0.2231	34.5477	34.1543
2.5695	4.1008	0.2241	34.3583	34.1431
2.5700	4.1006	0.2262	34.0190	34.0788
2.5705	4.1007	0.2238	33.8554	34.0281
2.5710	4.1005	0.2293	33.8679	33.9926
2.5715	4.1000	0.2331	33.5975	34.1193
2.5720	4.0992	0.2394	33.0591	34.2770
2.5725	4.0988	0.2484	33.0412	34.3585
2.5730	4.0977	0.2552	33.3586	34.2850
2.5735	4.0971	0.2617	33.3786	34.1832
2.5740	4.0968	0.2697	33.3804	34.1858
2.5745	4.0960	0.2760	33.4792	34.2304
2.5750	4.0965	0.2729	33.7526	34.2576
2.5755	4.0977	0.2630	33.8298	34.2650
2.5760	4.0979	0.2580	33.7976	34.2674
2.5765	4.0985	0.2500	33.8857	34.2746
2.5770	4.0982	0.2475	34.1780	34.2446
2.5775	4.0976	0.2595	34.3245	34.2407
2.5780	4.0965	0.2667	34.2626	34.2577
2.5785	4.0958	0.2806	34.3006	34.2087
2.5790	4.0966	0.2661	34.5668	34.1126
2.5795	4.0989	0.2501	34.6522	34.0857
2.5800	4.0998	0.2398	34.5408	34.1238
2.5805	4.1007	0.2262	34.5157	34.0959
2.5810	4.1018	0.2163	34.7629	34.0641
2.5815	4.1020	0.2147	34.8820	34.0156
2.5820	4.1021	0.2121	34.8165	34.0114
2.5825	4.1025	0.2124	34.7191	34.0477
2.5830	4.1036	0.1995	34.9129	34.1726
2.5835	4.1035	0.1912	34.0558	34.2733
2.5840	4.1040	0.1911	33.8207	34.2707
2.5845	4.1035	0.1897	33.9274	34.2158
2.5850	4.1039	0.1913	34.1221	34.1869
2.5855	4.1041	0.1842	34.4150	34.1475
2.5860	4.1041	0.1882	34.4268	34.1084
2.5865	4.1040	0.1933	34.4245	34.1173
2.5870	4.1024	0.2035	34.5753	34.1417
2.5875	4.1015	0.2158	34.8826	34.1051
2.5880	4.0998	0.2296	34.9274	34.0942
2.5885	4.0986	0.2475	34.8346	34.1268
2.5890	4.0977	0.2511	34.9117	34.1564
2.5895	4.0975	0.2598	35.1750	34.2104
2.5900	4.0968	0.2692	35.2142	34.2057
2.5905	4.0962	0.2758	35.0146	34.1932
2.5910	4.0965	0.2740	34.9701	34.1748
2.5915	4.0969	0.2693	35.2072	34.1435
2.5920	4.0975	0.2573	35.3030	34.2312
2.5925	4.0971	0.2617	35.0248	34.2995
2.5930	4.0971	0.2644	34.8487	34.2490
2.5935	4.0971	0.2678	34.9681	34.2245
2.5940	4.0979	0.2593	34.9919	34.3030
2.5945	4.0989	0.2472	34.6108	34.3034
2.5950	4.1004	0.2328	34.3068	34.3316
2.5955	4.1018	0.2145	34.3347	34.3568
2.5960	4.1009	0.2158	34.4375	34.3045
2.5965	4.1015	0.2204	33.6567	34.1923
2.5970	4.1021	0.2116	33.2415	34.1390
2.5975	4.1020	0.2151	33.4344	34.1579
2.5980	4.1014	0.2162	33.5859	34.1473
2.5985	4.1020	0.2121	33.2367	34.3257
2.5990	4.1020	0.2130	33.0737	34.4070
2.5995	4.1011	0.2180	33.2495	34.3173
2.6000	4.1014	0.2198	33.5852	34.3320
2.6005	4.1018	0.2121	33.7157	34.3415
2.6010	4.1024	0.2084	33.5712	34.3549
2.6015	4.1029	0.2064	33.6675	34.2658
2.6020	4.1024	0.2056	33.9926	34.1965
2.6025	4.1021	0.2116	34.1547	34.2073
2.6030	4.1012	0.2183	34.0518	34.2679
2.6035	4.1005	0.2289	34.1015	34.3185
2.6040	4.1004	0.2351	34.4121	34.3596
2.6045	4.0993	0.2396	34.5926	34.4630
2.6050	4.0986	0.2478	34.4653	34.3837
2.6055	4.0976	0.2524	34.4717	34.2834
2.6060	4.0972	0.2590	34.7077	34.1504
2.6065	4.0969	0.2679	34.8188	34.0690
2.6070	4.0963	0.2694	34.6755	34.0513
2.6075	4.0954	0.2815	34.6670	34.0152
2.6080	4.0954	0.2785	34.8821	33.9652
2.6085	4.0960	0.2776	35.0477	33.9274
2.6090	4.0968	0.2706	34.6685	34.0667
2.6095	4.0957	0.2755	34.5346	34.2103
2.6100	4.0955	0.2780	34.8110	34.2425
2.6105	4.0960	0.2792	34.8823	34.2272
2.6110	4.0964	0.2708	34.6730	34.2028
2.6115	4.0975	0.2669	34.3907	34.1788
2.6120	4.0991	0.2426	34.2507	34.2100
2.6125	4.0993	0.2386	34.5728	34.2570
2.6130	4.0991	0.2461	34.5274	34.3241
2.6135	4.1004	0.2349	34.4925	34.3118
2.6140	4.1013	0.2193	34.7211	34.2493
2.6145	4.1005	0.2264	35.0021	34.1118
2.6150	4.0999	0.2296	34.9682	34.0840
2.6155	4.1000	0.2308	34.8263	34.1207
2.6160	4.1012	0.2204	34.9361	34.1559
2.6165	4.1032	0.2025	35.1639	34.0950
2.6170	4.1018	0.2123	35.1245	34.0259
2.6175	4.1014	0.2204	34.8911	34.0472
2.6180	4.1013	0.2192	34.9031	34.1642
2.6185	4.1017	0.2153	35.1316	34.3647
2.6190	4.1018	0.2124	35.0981	34.3747
2.6195	4.1025	0.2068	34.7289	34.3759
2.6200	4.1027	0.2044	34.5436	34.3754
2.6205	4.1028	0.2066	34.6762	34.4129
2.6210	4.1032	0.2068	34.6588	34.4794
2.6215	4.1016	0.2133	34.2463	34.5251
2.6220	4.1007	0.2279	33.9903	34.5628
2.6225	4.1005	0.2292	33.9233	34.4486
2.6230	4.0994	0.2363	33.1095	34.3651
2.6235	4.0990	0.2410	32.8999	34.2589
2.6240	4.0988	0.2475	32.8020	34.2371
2.6245	4.0988	0.2480	32.9602	34.1780
2.6250	4.0994	0.2414	33.2824	34.1430
2.6255	4.0998	0.2368	33.2659	34.1229
2.6260	4.0994	0.2408	33.1553	34.0831
2.6265	4.0997	0.2370	33.3919	34.1274
2.6270	4.0998	0.2349	33.7247	34.1790
2.6275	4.1004	0.2263	33.7495	34.2538
2.6280	4.1013	0.2230	33.6175	34.3350
2.6285	4.1015	0.2110	33.7949	34.3636
2.6290	4.1020	0.2072	34.1349	34.4067
2.6295	4.1015	0.2202	34.2156	34.3790
2.6300	4.1009	0.2177	34.0918	34.3712
2.6305	4.1017	0.2164	34.2319	34.3886
2.6310	4.1024	0.2071	34.5457	34.3107
2.6315	4.1018	0.2148	34.6262	34.2013
2.6320	4.1018	0.2088	34.4559	34.1325
2.6325	4.1021	0.2095	34.4644	34.1344
2.6330	4.1021	0.2086	34.6855	34.1531
2.6335	4.1019	0.2075	34.7996	34.2180
2.6340	4.1028	0.2077	34.7053	34.2720
2.6345	4.1029	0.2010	34.7821	34.2091
2.6350	4.1024	0.2074	34.8477	34.1384
2.6355	4.1028	0.2054	34.4938	34.1427
2.6360	4.1030	0.1988	34.6421	34.2114
2.6365	4.1023	0.2053	34.5916	34.3315
2.6370	4.1029	0.2028	34.7614	34.3786
2.6375	4.1026	0.2033	34.6872	34.4244
2.6380	4.1027	0.2023	34.4552	34.5577
2.6385	4.1025	0.2092	34.2043	34.5039
2.6390	4.1024	0.2061	34.4370	34.4275
2.6395	4.1021	0.2079	34.6164	34.4450
2.6400	4.1015	0.2186	34.6171	34.3746
2.6405	4.1001	0.2251	34.6596	34.3118
2.6410	4.0995	0.2351	34.8138	34.2761
2.6415	4.0993	0.2425	34.9417	34.3262
2.6420	4.0991	0.2403	34.9072	34.3425
2.6425	4.1003	0.2341	34.8784	34.4641
2.6430	4.1010	0.2275	34.9454	34.4022
2.6435	4.1003	0.2253	35.0282	34.2891
2.6440	4.1013	0.2219	34.9664	34.2394
2.6445	4.1017	0.2126	34.9125	34.2669
2.6450	4.1017	0.2175	34.8954	34.4275
2.6455	4.1026	0.2074	34.8998	34.4483
2.6460	4.1023	0.2055	34.7136	34.4836
2.6465	4.1028	0.2080	34.5377	34.4923
2.6470	4.1026	0.2071	34.4032	34.4454
2.6475	4.1022	0.2045	34.4263	34.3727
2.6480	4.1020	0.2108	34.1735	34.4209
2.6485	4.1019	0.2095	34.0548	34.4588
2.6490	4.1019	0.2195	33.2197	34.4319
2.6495	4.1016	0.2160	32.7586	34.3270
2.6500	4.1015	0.2205	32.9929	34.2964
2.6505	4.1015	0.2175	32.8787	34.3087
2.6510	4.1017	0.2148	32.8941	34.3931
2.6515	4.1016	0.2121	33.1184	34.3384
2.6520	4.1011	0.2166	33.3216	34.2009
2.6525	4.1015	0.2166	33.2790	34.1869
2.6530	4.1021	0.2096	33.3385	34.1946
2.6535	4.1025	0.2035	33.5383	34.2312
2.6540	4.1022	0.2059	33.7671	34.2155
2.6545	4.1022	0.2113	33.7690	34.2750
2.6550	4.1011	0.2214	33.7674	34.3683
2.6555	4.1001	0.2337	33.9521	34.3107
2.6560	4.0994	0.2413	34.1971	34.2128
2.6565	4.0982	0.2474	34.2454	34.1674
2.6570	4.0973	0.2616	34.2203	34.2363
2.6575	4.0967	0.2677	34.3460	34.2113
2.6580	4.0963	0.2732	34.5572	34.1880
2.6585	4.0966	0.2739	34.5787	34.1820
2.6590	4.0968	0.2705	34.4627	34.2960
2.6595	4.0973	0.2612	34.5303	34.4571
2.6600	4.0977	0.2602	34.7335	34.3612
2.6605	4.0976	0.2549	34.7971	34.1682
2.6610	4.0968	0.2691	34.6897	34.0367
2.6615	4.0968	0.2673	34.7572	34.0436
2.6620	4.0981	0.2540	34.7937	34.1102
2.6625	4.0982	0.2505	34.6656	34.1786
2.6630	4.1000	0.2350	34.6235	34.2228
2.6635	4.1008	0.2242	34.5288	34.3099
2.6640	4.1020	0.2103	34.5664	34.4387
2.6645	4.1024	0.2065	34.5239	34.3985
2.6650	4.1017	0.2151	34.2962	34.3024
2.6655	4.1008	0.2198	34.2855	34.3757
2.6660	4.1007	0.2229	34.5216	34.4303
2.6665	4.1007	0.2295	34.6714	34.3730
2.6670	4.1001	0.2281	34.6782	34.3794
2.6675	4.1000	0.2273	34.6759	34.4039
2.6680	4.0999	0.2338	34.8145	34.4779
2.6685	4.1000	0.2319	34.9305	34.5162
2.6690	4.0992	0.2359	34.9149	34.3632
2.6695	4.0992	0.2419	34.8560	34.2335
2.6700	4.0991	0.2417	34.8803	34.1835
2.6705	4.1000	0.2330	34.9621	34.1686
2.6710	4.0998	0.2340	34.9076	34.1346
2.6715	4.0995	0.2395	34.7932	34.2331
2.6720	4.0994	0.2390	34.6738	34.3362
2.6725	4.0993	0.2385	34.6733	34.3790
2.6730	4.0985	0.2440	34.5428	34.3828
2.6735	4.0980	0.2549	34.3829	34.3864
2.6740	4.0978	0.2570	34.1193	34.4758
2.6745	4.0967	0.2667	34.1152	34.4861
2.6750	4.0966	0.2673	33.1072	34.3832
2.6755	4.0971	0.2682	32.6504	34.2825
2.6760	4.0963	0.2737	32.8558	34.1945
2.6765	4.0964	0.2677	32.7460	34.2227
2.6770	4.0973	0.2594	32.8791	34.2683
2.6775	4.0976	0.2620	33.0632	34.2347
2.6780	4.0987	0.2442	33.1770	34.1400
2.6785	4.0991	0.2437	33.1947	34.1086
2.6790	4.0985	0.2504	33.3126	34.1203
2.6795	4.0987	0.2461	33.4603	34.1802
2.6800	4.0994	0.2440	33.6094	34.2697
2.6805	4.0994	0.2396	33.6620	34.3268
2.6810	4.0995	0.2385	33.7517	34.3087
2.6815	4.0998	0.2368	33.9177	34.3227
2.6820	4.0999	0.2354	34.0832	34.3257
2.6825	4.1001	0.2376	34.1008	34.4045
2.6830	4.0993	0.2340	34.1482	34.4807
2.6835	4.0983	0.2448	34.3285	34.5184
2.6840	4.0988	0.2411	34.4917	34.5314
2.6845	4.0994	0.2366	34.4535	34.4183
2.6850	4.1001	0.2326	34.4152	34.3633
2.6855	4.1002	0.2321	34.5451	34.3686
2.6860	4.0996	0.2371	34.7183	34.3895
2.6865	4.0993	0.2394	34.6960	34.2839
2.6870	4.0992	0.2420	34.6297	34.2455
2.6875	4.0989	0.2440	34.7196	34.2251
2.6880	4.0979	0.2590	34.8877	34.3001
2.6885	4.0972	0.2593	34.8239	34.4360
2.6890	4.0968	0.2659	34.7086	34.5260
2.6895	4.0964	0.2726	34.3660	34.5208
2.6900	4.0957	0.2746	34.3958	34.5383
2.6905	4.0959	0.2722	34.4827	34.5402
2.6910	4.0959	0.2773	34.3339	34.4888
2.6915	4.0965	0.2782	34.2851	34.4201
2.6920	4.0973	0.2628	34.5103	34.4848
2.6925	4.0970	0.2618	34.7407	34.4949
2.6930	4.0970	0.2676	34.7007	34.3072
2.6935	4.0962	0.2723	34.6889	34.1947
2.6940	4.0968	0.2717	34.8621	34.2754
2.6945	4.0968	0.2682	35.0467	34.3650
2.6950	4.0966	0.2672	34.9801	34.4056
2.6955	4.0965	0.2692	34.8726	34.3374
2.6960	4.0970	0.2670	34.9810	34.2763
2.6965	4.0969	0.2659	35.1469	34.2717
2.6970	4.0973	0.2587	35.0990	34.3201
2.6975	4.0983	0.2526	34.8972	34.3008
2.6980	4.0988	0.2476	34.8483	34.2435
2.6985	4.1002	0.2315	34.8874	34.2413
2.6990	4.1010	0.2219	34.7830	34.2339
2.6995	4.1011	0.2262	34.5021	34.2549
2.7000	4.1003	0.2287	34.3967	34.2268
2.7005	4.1001	0.2279	34.2424	34.3705
2.7010	4.0997	0.2313	33.8026	34.4573
2.7015	4.0997	0.2386	33.7833	34.3034
2.7020	4.0993	0.2447	33.2096	34.1152
2.7025	4.0988	0.2434	32.7619	34.0445
2.7030	4.0984	0.2492	32.9941	34.0877
2.7035	4.0989	0.2419	33.0062	34.1394
2.7040	4.0992	0.2449	33.0133	34.1380
2.7045	4.0995	0.2393	33.1739	34.1096
2.7050	4.0982	0.2531	33.3708	34.1773
2.7055	4.0975	0.2590	33.4299	34.3484
2.7060	4.0973	0.2579	33.4294	34.4120
2.7065	4.0975	0.2647	33.5893	34.3248
2.7070	4.0973	0.2648	33.8170	34.2400
2.7075	4.0967	0.2657	33.8634	34.1869
2.7080	4.0970	0.2629	33.8454	34.1797
2.7085	4.0978	0.2554	33.9972	34.1494
2.7090	4.0974	0.2591	34.2581	34.2400
2.7095	4.0981	0.2633	34.3329	34.3140
2.7100	4.0982	0.2534	34.2674	34.3997
2.7105	4.0985	0.2504	34.3622	34.3651
2.7110	4.0998	0.2371	34.5764	34.2315
2.7115	4.1010	0.2266	34.6083	34.2785
2.7120	4.1016	0.2196	34.5000	34.3370
2.7125	4.1015	0.2130	34.5480	34.2761
2.7130	4.1026	0.2057	34.7918	34.1734
2.7135	4.1022	0.2068	34.8780	34.1542
2.7140	4.1024	0.2093	34.7549	34.2521
2.7145	4.1030	0.2012	34.6671	34.3666
2.7150	4.1024	0.2062	34.8501	34.3546
2.7155	4.1018	0.2079	34.8142	34.3412
2.7160	4.1021	0.2086	34.1158	34.3028
2.7165	4.1029	0.2039	34.0016	34.2327
2.7170	4.1024	0.2085	34.1946	34.2042
2.7175	4.1020	0.2065	34.5028	34.3405
2.7180	4.1030	0.2037	34.6229	34.3326
2.7185	4.1018	0.2127	34.5762	34.2802
2.7190	4.1016	0.2181	34.6462	34.2865
2.7195	4.1023	0.2032	34.8981	34.2091
2.7200	4.1030	0.2009	34.9919	34.2112
2.7205	4.1033	0.1974	34.9267	34.2488
2.7210	4.1032	0.2041	34.9414	34.2991
2.7215	4.1017	0.2119	35.1190	34.2258
2.7220	4.1001	0.2271	35.1756	34.1315
2.7225	4.1004	0.2367	35.0721	34.1083
2.7230	4.0984	0.2447	35.0038	34.1520
2.7235	4.0981	0.2567	35.1112	34.1786
2.7240	4.0974	0.2583	35.1172	34.1320
2.7245	4.0968	0.2697	34.9405	34.1206
2.7250	4.0969	0.2653	34.7283	34.1456
2.7255	4.0966	0.2705	34.7366	34.1663
2.7260	4.0964	0.2710	34.6666	34.1913
2.7265	4.0964	0.2759	34.4767	34.2980
2.7270	4.0960	0.2749	33.8750	34.3174
2.7275	4.0963	0.2827	33.9121	34.2881
2.7280	4.0962	0.2732	33.9198	34.2503
2.7285	4.0964	0.2723	33.6909	34.2567
2.7290	4.0972	0.2676	32.9203	34.2750
2.7295	4.0968	0.2632	32.8999	34.3446
2.7300	4.0978	0.2550	33.2157	34.3960
2.7305	4.1006	0.2327	33.2259	34.2487
2.7310	4.1027	0.2056	33.2488	34.0809
2.7315	4.1031	0.2002	33.3353	34.1043
2.7320	4.1032	0.1982	33.5829	34.1846
2.7325	4.1030	0.2025	33.6922	34.1977
2.7330	4.1033	0.1926	33.7179	34.2502
2.7335	4.1043	0.1819	33.7662	34.2815
2.7340	4.1045	0.1844	33.9737	34.3319
2.7345	4.1030	0.1965	34.1281	34.3807
2.7350	4.1031	0.2031	34.1866	34.3748
2.7355	4.1035	0.1918	34.1982	34.4174
2.7360	4.1035	0.1915	34.3868	34.4285
2.7365	4.1031	0.2032	34.5530	34.3604
2.7370	4.1029	0.1980	34.5639	34.2332
2.7375	4.1019	0.2079	34.4684	34.2102
2.7380	4.1019	0.2140	34.5813	34.3188
2.7385	4.1007	0.2245	34.7516	34.4098
2.7390	4.1004	0.2272	34.8082	34.3732
2.7395	4.1000	0.2320	34.7090	34.2133
2.7400	4.0994	0.2414	34.8043	34.1657
2.7405	4.0985	0.2484	34.9253	34.1921
2.7410	4.0976	0.2617	35.0289	34.2498
2.7415	4.0971	0.2641	34.4942	34.2516
2.7420	4.0963	0.2734	33.8676	34.2334
2.7425	4.0947	0.2902	34.2340	34.2377
2.7430	4.0935	0.3041	34.3687	34.2393
2.7435	4.0941	0.2945	34.3689	34.2035
2.7440	4.0951	0.2912	34.3838	34.1564
2.7445	4.0958	0.2785	34.6695	34.1903
2.7450	4.0965	0.2696	34.8403	34.1520
2.7455	4.0978	0.2608	34.8319	34.0079
2.7460	4.0982	0.2516	34.7935	33.9588
2.7465	4.0994	0.2437	34.9900	34.0781
2.7470	4.0997	0.2382	35.1948	34.1413
2.7475	4.0998	0.2322	35.1369	34.1204
2.7480	4.1001	0.2393	34.9868	34.0084
2.7485	4.1000	0.2292	35.0861	33.9197
2.7490	4.0998	0.2314	35.2636	33.9274
2.7495	4.1000	0.2335	35.2115	34.0586
2.7500	4.1002	0.2287	35.0003	34.1416
2.7505	4.1006	0.2276	34.9559	34.1701
2.7510	4.1014	0.2239	35.0207	34.1486
2.7515	4.1011	0.2207	34.9135	34.2237
2.7520	4.1011	0.2240	34.6197	34.1720
2.7525	4.1005	0.2308	34.4399	34.1115
2.7530	4.1001	0.2299	34.4413	34.1398
2.7535	4.1001	0.2363	34.3599	34.1230
2.7540	4.1001	0.2325	33.8942	34.0689
2.7545	4.1003	0.2343	33.7118	34.0223
2.7550	4.0998	0.2290	33.7471	34.0664
2.7555	4.0993	0.2394	33.4657	34.2114
2.7560	4.0989	0.2441	32.9794	34.3030
2.7565	4.0980	0.2520	33.0787	34.3090
2.7570	4.0976	0.2552	33.2617	34.1800
2.7575	4.0967	0.2654	33.4762	34.1327
2.7580	4.0962	0.2750	33.4930	34.1788
2.7585	4.0965	0.2728	33.4945	34.2357
2.7590	4.0966	0.2720	33.6892	34.2604
2.7595	4.0972	0.2610	33.9631	34.2818
2.7600	4.0982	0.2541	33.9448	34.2967
2.7605	4.0983	0.2568	33.8606	34.2917
2.7610	4.0976	0.2593	34.0559	34.2537
2.7615	4.0972	0.2629	34.4208	34.2755
2.7620	4.0960	0.2763	34.4543	34.2297
2.7625	4.0964	0.2705	34.3014	34.1321
2.7630	4.0983	0.2528	34.3747	34.0330
2.7635	4.0993	0.2347	34.7031	34.0658
2.7640	4.1000	0.2363	34.7079	34.0839
2.7645	4.1012	0.2175	34.5165	34.0607
2.7650	4.1017	0.2118	34.5328	34.0402
2.7655	4.1023	0.2035	34.9220	34.0440
2.7660	4.1016	0.2146	34.9412	34.0520
2.7665	4.1018	0.2119	34.8528	34.1124
2.7670	4.1022	0.2104	34.2981	34.2374
2.7675	4.1022	0.2066	33.7387	34.2680
2.7680	4.1030	0.2012	34.1611	34.2151
2.7685	4.1026	0.2028	34.0072	34.1565
2.7690	4.1030	0.2024	34.0159	34.1326
2.7695	4.1027	0.1977	34.3069	34.1179
2.7700	4.1031	0.1977	34.6703	34.1127
2.7705	4.1019	0.2118	34.5484	34.1628
2.7710	4.1012	0.2147	34.4821	34.1555
2.7715	4.1003	0.2347	34.7709	34.1415
2.7720	4.0986	0.2428	35.0762	34.1400
2.7725	4.0978	0.2555	34.9728	34.1514
2.7730	4.0972	0.2627	34.8241	34.1710
2.7735	4.0967	0.2671	35.0264	34.1706
2.7740	4.0961	0.2761	35.2915	34.1384
2.7745	4.0962	0.2781	35.1669	34.1539
2.7750	4.0970	0.2652	34.9206	34.1223
2.7755	4.0975	0.2612	35.0340	34.1779
2.7760	4.0977	0.2573	35.2818	34.3030
2.7765	4.0978	0.2622	35.1710	34.3157
2.7770	4.0970	0.2678	34.7748	34.2392
2.7775	4.0972	0.2657	34.7189	34.3032
2.7780	4.0982	0.2517	34.8341	34.3256
2.7785	4.1002	0.2374	34.7219	34.3153
2.7790	4.1021	0.2121	34.2506	34.3321
2.7795	4.1028	0.2045	34.1472	34.3026
2.7800	4.1021	0.2122	34.0505	34.2226
2.7805	4.1017	0.2143	33.6047	34.1362
2.7810	4.1019	0.2142	33.3912	34.1543
2.7815	4.1020	0.2083	33.2569	34.1666
2.7820	4.1028	0.2042	33.3062	34.2552
2.7825	4.1032	0.1935	33.2929	34.4361
2.7830	4.1036	0.2000	33.2999	34.3799
2.7835	4.1034	0.1993	33.1727	34.3111
2.7840	4.1035	0.1916	33.4948	34.3001
2.7845	4.1039	0.1898	33.8039	34.2967
2.7850	4.1047	0.1858	33.7644	34.2660
2.7855	4.1035	0.1879	33.6130	34.1759
2.7860	4.1041	0.1938	33.8987	34.1618
2.7865	4.1033	0.1945	34.2447	34.2559
2.7870	4.1029	0.2054	34.2527	34.3419
2.7875	4.1026	0.2048	34.0639	34.4057
2.7880	4.1013	0.2152	34.2644	34.4797
2.7885	4.1003	0.2276	34.6759	34.4646
2.7890	4.0996	0.2357	34.7229	34.3303
2.7895	4.0997	0.2431	34.4245	34.1827
2.7900	4.0986	0.2452	34.4696	34.0466
2.7905	4.0977	0.2561	34.8190	34.0073
2.7910	4.0970	0.2621	34.9573	34.0118
2.7915	4.0967	0.2711	34.6686	33.9990
2.7920	4.0973	0.2621	34.6878	33.9171
2.7925	4.0981	0.2566	34.9190	34.0021
2.7930	4.0971	0.2634	34.8424	34.1813
2.7935	4.0966	0.2702	34.6480	34.2401
2.7940	4.0968	0.2659	34.5466	34.2242
2.7945	4.0969	0.2678	34.7144	34.1736
2.7950	4.0981	0.2574	34.8602	34.1271
2.7955	4.0998	0.2384	34.3426	34.1309
2.7960	4.1003	0.2295	34.0602	34.1716
2.7965	4.0998	0.2316	34.4414	34.2495
2.7970	4.0998	0.2346	34.7615	34.3243
2.7975	4.1011	0.2285	34.7930	34.3085
2.7980	4.1019	0.2171	34.6220	34.2063
2.7985	4.1007	0.2234	34.7514	34.1053
2.7990	4.1007	0.2272	35.0181	34.1036
2.7995	4.1015	0.2216	35.0841	34.1098
2.8000	4.1016	0.2065	34.9202	34.0923
2.8005	4.1023	0.2065	34.8981	33.9747
2.8010	4.1007	0.2198	35.0720	33.9563
2.8015	4.1016	0.2223	35.1415	34.0364
2.8020	4.1012	0.2194	35.0016	34.2369
2.8025	4.1014	0.2177	34.8625	34.3799
2.8030	4.1020	0.2160	34.8931	34.3803
2.8035	4.1022	0.2128	34.8445	34.3989
2.8040	4.1023	0.2079	34.6646	34.3977
2.8045	4.1021	0.2076	34.4264	34.4420
2.8050	4.1018	0.2104	34.4035	34.4614
2.8055	4.1010	0.2206	34.2801	34.5144
2.8060	4.0998	0.2349	34.1688	34.4426
2.8065	4.0992	0.2350	33.3258	34.3397
2.8070	4.0986	0.2458	32.7864	34.2669
2.8075	4.0980	0.2538	33.0967	34.2298
2.8080	4.0983	0.2564	32.9357	34.2265
2.8085	4.0979	0.2573	32.9170	34.1728
2.8090	4.0985	0.2514	33.1199	34.1641
2.8095	4.0984	0.2554	33.4069	34.1003
2.8100	4.0980	0.2484	33.4325	34.0815
2.8105	4.0986	0.2487	33.3791	34.1239
2.8110	4.0997	0.2385	33.5106	34.1149
2.8115	4.0999	0.2348	33.8257	34.1939
2.8120	4.1001	0.2269	33.8986	34.2788
2.8125	4.1003	0.2273	33.8305	34.3293
2.8130	4.0999	0.2322	33.9295	34.3744
2.8135	4.1004	0.2343	34.2422	34.3685
2.8140	4.1007	0.2281	34.3629	34.4006
2.8145	4.1010	0.2236	34.3157	34.3736
2.8150	4.0997	0.2324	34.3296	34.2546
2.8155	4.1000	0.2298	34.5727	34.1504
2.8160	4.1006	0.2287	34.6577	34.0957
2.8165	4.1005	0.2273	34.5762	34.1003
2.8170	4.1001	0.2293	34.5126	34.1282
2.8175	4.0999	0.2307	34.7825	34.1996
2.8180	4.1003	0.2278	34.8580	34.2021
2.8185	4.1004	0.2285	34.8596	34.1416
2.8190	4.1002	0.2326	34.4320	34.1288
2.8195	4.1014	0.2216	34.5388	34.1728
2.8200	4.1010	0.2164	34.8392	34.2480
2.8205	4.1015	0.2195	34.6657	34.3561
2.8210	4.1018	0.2116	34.5095	34.3474
2.8215	4.1020	0.2149	34.5191	34.4356
2.8220	4.1011	0.2151	34.5326	34.4811
2.8225	4.1007	0.2252	34.3053	34.3914
2.8230	4.1014	0.2183	34.3167	34.3747
2.8235	4.1008	0.2238	34.4852	34.3772
2.8240	4.1004	0.2263	34.8441	34.3323
2.8245	4.0994	0.2351	34.8321	34.2790
2.8250	4.0989	0.2472	34.6565	34.3029
2.8255	4.0986	0.2446	34.7240	34.3308
2.8260	4.0996	0.2385	35.0693	34.3728
2.8265	4.0998	0.2378	35.0874	34.4469
2.8270	4.1003	0.2301	34.8095	34.2885
2.8275	4.1004	0.2307	34.7710	34.2182
2.8280	4.1012	0.2176	35.0593	34.1687
2.8285	4.1017	0.2158	35.1105	34.3031
2.8290	4.1016	0.2112	34.7965	34.4038
2.8295	4.1021	0.2062	34.5527	34.4364
2.8300	4.1032	0.2042	34.6699	34.4981
2.8305	4.1026	0.2067	34.7022	34.4954
2.8310	4.1030	0.2054	34.3941	34.4039
2.8315	4.1027	0.2058	34.0600	34.3771
2.8320	4.1027	0.2077	34.1189	34.4241
2.8325	4.1025	0.2060	34.0191	34.4121
2.8330	4.1013	0.2206	32.8385	34.3383
2.8335	4.1013	0.2164	32.6231	34.2661
2.8340	4.1012	0.2189	32.8883	34.2677
2.8345	4.1015	0.2177	33.0997	34.3324
2.8350	4.1028	0.2034	33.0307	34.3811
2.8355	4.1029	0.2040	32.9948	34.2533
2.8360	4.1025	0.2042	33.1846	34.1864
2.8365	4.1024	0.2051	33.5090	34.1815
2.8370	4.1033	0.1955	33.5068	34.1908
2.8375	4.1032	0.1979	33.4309	34.2102
2.8380	4.1030	0.2039	33.6295	34.2117
2.8385	4.1021	0.2061	33.9534	34.3183
2.8390	4.1015	0.2192	33.9712	34.3406
2.8395	4.1001	0.2334	33.8547	34.2546
2.8400	4.0996	0.2357	34.0339	34.1559
2.8405	4.0984	0.2446	34.3953	34.1738
2.8410	4.0983	0.2553	34.4415	34.2207
2.8415	4.0975	0.2604	34.2698	34.1734
2.8420	4.0977	0.2561	34.3465	34.1791
2.8425	4.0979	0.2571	34.6570	34.2032
2.8430	4.0981	0.2531	34.7174	34.3626
2.8435	4.0987	0.2491	34.5062	34.4468
2.8440	4.0987	0.2523	34.4965	34.2842
2.8445	4.0983	0.2518	34.8015	34.1050
2.8450	4.0984	0.2454	34.9265	34.0051
2.8455	4.1000	0.2370	34.7769	34.0001
2.8460	4.1000	0.2322	34.4582	34.0928
2.8465	4.1000	0.2343	34.6410	34.1797
2.8470	4.1011	0.2244	34.8296	34.2309
2.8475	4.1010	0.2187	34.5648	34.3778
2.8480	4.1028	0.2096	34.2946	34.4579
2.8485	4.1022	0.2077	34.3586	34.3729
2.8490	4.1025	0.2117	34.4904	34.3320
2.8495	4.1029	0.2054	34.4817	34.4066
2.8500	4.1027	0.2034	34.3609	34.3720
2.8505	4.1016	0.2170	34.5596	34.3116
2.8510	4.1010	0.2198	34.9034	34.3504
2.8515	4.1008	0.2248	34.8708	34.3839
2.8520	4.1008	0.2272	34.6601	34.5149
2.8525	4.1010	0.2266	34.7551	34.4887
2.8530	4.1005	0.2260	35.0602	34.3290
2.8535	4.1005	0.2241	35.0410	34.2318
2.8540	4.1014	0.2246	34.7731	34.1622
2.8545	4.1009	0.2214	34.7285	34.1100
2.8550	4.1010	0.2231	34.9742	34.1118
2.8555	4.0997	0.2308	34.9338	34.2541
2.8560	4.0999	0.2352	34.5781	34.3302
2.8565	4.0991	0.2373	34.3420	34.3673
2.8570	4.0987	0.2474	34.5056	34.3805
2.8575	4.0979	0.2503	34.4533	34.4336
2.8580	4.0977	0.2609	34.1555	34.5231
2.8585	4.0973	0.2655	33.5690	34.4647
2.8590	4.0973	0.2636	32.6506	34.3189
2.8595	4.0971	0.2652	32.9472	34.1915
2.8600	4.0968	0.2689	32.8224	34.1264
2.8605	4.0964	0.2685	32.6073	34.1677
2.8610	4.0973	0.2700	32.8812	34.2246
2.8615	4.0978	0.2543	33.2811	34.1751
2.8620	4.0989	0.2481	33.2151	34.1396
2.8625	4.0985	0.2499	33.0589	34.1584
2.8630	4.0983	0.2526	33.2549	34.1817
2.8635	4.0995	0.2434	33.6841	34.2370
2.8640	4.0995	0.2369	33.7293	34.2893
2.8645	4.0995	0.2351	33.5171	34.2866
2.8650	4.0993	0.2417	33.6391	34.2526
2.8655	4.0992	0.2448	34.0971	34.2777
2.8660	4.0990	0.2426	34.2018	34.2920
2.8665	4.0997	0.2408	33.9757	34.4160
2.8670	4.0988	0.2449	34.0521	34.4666
2.8675	4.0983	0.2414	34.4970	34.5288
2.8680	4.0989	0.2390	34.6404	34.5172
2.8685	4.0999	0.2373	34.3523	34.3957
2.8690	4.1007	0.2319	34.2604	34.3507
2.8695	4.1003	0.2302	34.6617	34.3713
2.8700	4.1000	0.2340	34.8883	34.3346
2.8705	4.0998	0.2391	34.6218	34.2249
2.8710	4.0991	0.2389	34.4550	34.2066
2.8715	4.0989	0.2461	34.8118	34.2067
2.8720	4.0980	0.2542	35.0207	34.3477
2.8725	4.0978	0.2569	34.7812	34.4848
2.8730	4.0969	0.2644	34.3938	34.4859
2.8735	4.0966	0.2708	34.2664	34.4923
2.8740	4.0969	0.2714	34.6124	34.5154
2.8745	4.0959	0.2795	34.4371	34.4909
2.8750	4.0961	0.2736	34.1304	34.4247
2.8755	4.0965	0.2735	34.3031	34.4020
2.8760	4.0966	0.2654	34.7848	34.4933
2.8765	4.0963	0.2727	34.7784	34.4282
2.8770	4.0959	0.2800	34.5240	34.2322
2.8775	4.0953	0.2801	34.6438	34.2160
2.8780	4.0957	0.2843	35.0760	34.2991
2.8785	4.0960	0.2785	35.1190	34.3636
2.8790	4.0959	0.2788	34.8263	34.3469
2.8795	4.0958	0.2791	34.8156	34.2652
2.8800	4.0960	0.2781	35.1620	34.2195
2.8805	4.0955	0.2832	35.2106	34.2451
2.8810	4.0962	0.2756	34.8721	34.3012
2.8815	4.0965	0.2714	34.7301	34.2521
2.8820	4.0970	0.2681	34.9805	34.2383
2.8825	4.0984	0.2485	34.9896	34.2518
2.8830	4.0992	0.2396	34.5778	34.2249
2.8835	4.0992	0.2448	34.2150	34.2226
2.8840	4.0992	0.2484	34.4025	34.2232
2.8845	4.0985	0.2502	34.1843	34.3796
2.8850	4.0982	0.2476	33.7572	34.3527
2.8855	4.0980	0.2520	33.5064	34.1734
2.8860	4.0981	0.2533	32.9669	34.0316
2.8865	4.0983	0.2555	33.0120	34.0275
2.8870	4.0983	0.2482	33.0044	34.0969
2.8875	4.0991	0.2430	32.7624	34.1354
2.8880	4.0993	0.2426	33.0297	34.1012
2.8885	4.0990	0.2469	33.4520	34.1182
2.8890	4.0980	0.2538	33.4428	34.2341
2.8895	4.0975	0.2552	33.1964	34.3546
2.8900	4.0970	0.2672	33.3554	34.3376
2.8905	4.0967	0.2691	33.8239	34.2477
2.8910	4.0962	0.2759	33.9594	34.1813
2.8915	4.0959	0.2762	33.7077	34.1489
2.8920	4.0959	0.2787	33.7453	34.1530
2.8925	4.0962	0.2769	34.1923	34.1307
2.8930	4.0960	0.2704	34.4149	34.2850
2.8935	4.0965	0.2750	34.1766	34.3208
2.8940	4.0964	0.2687	34.1355	34.3894
2.8945	4.0979	0.2603	34.5125	34.2845
2.8950	4.0989	0.2447	34.7278	34.1963
2.8955	4.0989	0.2469	34.4737	34.2694
2.8960	4.0997	0.2342	34.3499	34.2812
2.8965	4.1004	0.2254	34.6615	34.2119
2.8970	4.1014	0.2238	34.9671	34.1688
2.8975	4.1020	0.2189	34.7514	34.1811
2.8980	4.1021	0.2100	34.5692	34.2870
2.8985	4.1023	0.2098	34.7671	34.3696
2.8990	4.1021	0.2166	35.0692	34.3357
2.8995	4.1016	0.2201	34.4352	34.3129
2.9000	4.1010	0.2173	33.7963	34.2699
2.9005	4.1013	0.2166	34.1392	34.1797
2.9010	4.1019	0.2110	34.5023	34.2258
2.9015	4.1022	0.2123	34.5109	34.3484
2.9020	4.1024	0.2078	34.3202	34.2906
2.9025	4.1009	0.2202	34.5649	34.2160
2.9030	4.1022	0.2151	34.9650	34.1185
2.9035	4.1025	0.2105	34.9641	34.1539
2.9040	4.1027	0.2050	34.7207	34.2165
2.9045	4.1028	0.2024	34.8366	34.2653
2.9050	4.1021	0.2080	35.2045	34.2999
2.9055	4.1008	0.2258	35.2056	34.1910
2.9060	4.0996	0.2332	34.9063	34.1130
2.9065	4.0990	0.2437	34.9013	34.0983
2.9070	4.0981	0.2496	35.2275	34.1518
2.9075	4.0978	0.2526	35.2258	34.1340
2.9080	4.0978	0.2596	34.8634	34.1003
2.9085	4.0977	0.2612	34.6925	34.1138
2.9090	4.0982	0.2547	34.9043	34.1635
2.9095	4.0983	0.2520	34.8419	34.1586
2.9100	4.0980	0.2558	34.4272	34.2072
2.9105	4.0974	0.2570	34.0345	34.2676
2.9110	4.0967	0.2637	33.9518	34.2315
2.9115	4.0971	0.2648	34.1835	34.1993
2.9120	4.0980	0.2550	33.7373	34.1997
2.9125	4.0989	0.2430	33.2376	34.2368
2.9130	4.0999	0.2324	32.8595	34.2521
2.9135	4.1001	0.2301	33.2831	34.3512
2.9140	4.1007	0.2239	33.1212	34.3445
2.9145	4.1031	0.2000	32.9686	34.1565
2.9150	4.1034	0.1938	33.2822	34.0650
2.9155	4.1026	0.2022	33.6872	34.1809
2.9160	4.1020	0.2089	33.6058	34.2366
2.9165	4.1023	0.2050	33.4120	34.2703
2.9170	4.1031	0.1998	33.6676	34.2998
2.9175	4.1028	0.1982	34.1031	34.3044
2.9180	4.1023	0.2061	34.0842	34.3152
2.9185	4.1013	0.2157	33.8482	34.3311
2.9190	4.1015	0.2208	34.0484	34.3500
2.9195	4.1024	0.2048	34.5235	34.3539
2.9200	4.1029	0.1971	34.5648	34.3456
2.9205	4.1023	0.2086	34.2641	34.3093
2.9210	4.1026	0.2063	34.3489	34.2235
2.9215	4.1023	0.2126	34.7322	34.2742
2.9220	4.1014	0.2137	34.8204	34.3805
2.9225	4.1018	0.2199	34.5069	34.4416
2.9230	4.1007	0.2264	34.5159	34.3179
2.9235	4.1003	0.2298	34.9099	34.1470
2.9240	4.0992	0.2394	35.0983	34.1411
2.9245	4.0983	0.2489	34.7483	34.1791
2.9250	4.0977	0.2558	34.6730	34.2338
2.9255	4.0970	0.2669	34.2976	34.2392
2.9260	4.0964	0.2682	34.1699	34.2546
2.9265	4.0964	0.2762	34.1445	34.2423
2.9270	4.0962	0.2714	34.0889	34.2294
2.9275	4.0961	0.2759	34.4902	34.1589
2.9280	4.0970	0.2682	34.7329	34.1833
2.9285	4.0971	0.2667	34.5883	34.2138
2.9290	4.0977	0.2576	34.4996	34.1129
2.9295	4.0985	0.2481	34.9048	33.9658
2.9300	4.0990	0.2426	35.1918	34.0103
2.9305	4.0998	0.2325	34.9728	34.1265
2.9310	4.1005	0.2334	34.7842	34.1299
2.9315	4.1008	0.2315	35.0940	34.0738
2.9320	4.1007	0.2231	35.3974	33.9417
2.9325	4.1018	0.2141	35.1644	33.8673
2.9330	4.1018	0.2164	34.8471	33.9307
2.9335	4.1018	0.2130	35.0238	34.0639
2.9340	4.1021	0.2083	35.3239	34.1312
2.9345	4.1028	0.1992	35.0845	34.1575
2.9350	4.1028	0.2026	34.6500	34.1798
2.9355	4.1030	0.2036	34.6285	34.2470
2.9360	4.1023	0.2062	34.8454	34.1558
2.9365	4.1017	0.2145	34.5821	34.1282
2.9370	4.1013	0.2186	34.1387	34.1125
2.9375	4.1009	0.2167	33.9828	34.0808
2.9380	4.1007	0.2281	34.0094	34.0247
2.9385	4.1010	0.2290	33.9487	33.9882
2.9390	4.1006	0.2223	33.5017	34.0862
2.9395	4.1000	0.2305	33.0457	34.2301
2.9400	4.0992	0.2351	33.1197	34.3219
2.9405	4.0987	0.2464	33.4160	34.2648
2.9410	4.0979	0.2553	33.1690	34.1448
2.9415	4.0971	0.2602	33.2116	34.1378
2.9420	4.0970	0.2696	33.5693	34.1879
2.9425	4.0965	0.2720	33.8516	34.2174
2.9430	4.0975	0.2635	33.6782	34.2425
2.9435	4.0970	0.2626	33.5924	34.2516
2.9440	4.0976	0.2585	33.9300	34.2782
2.9445	4.0972	0.2583	34.2841	34.2390
2.9450	4.0969	0.2683	34.1750	34.2211
2.9455	4.0965	0.2729	34.0479	34.2252
2.9460	4.0961	0.2735	34.3120	34.2049
2.9465	4.0963	0.2753	34.6920	34.1022
2.9470	4.0991	0.2467	34.5828	34.0334
2.9475	4.0996	0.2343	34.3447	34.0707
2.9480	4.1007	0.2306	34.4507	34.0662
2.9485	4.1007	0.2237	34.8595	34.0313
2.9490	4.1012	0.2266	34.8415	34.0130
2.9495	4.1015	0.2158	34.6482	34.0181
2.9500	4.1028	0.2066	34.6235	34.0412
2.9505	4.1027	0.1955	35.0947	34.1331
2.9510	4.1033	0.1949	34.2360	34.2125
2.9515	4.1037	0.2018	33.5388	34.2139
2.9520	4.1036	0.1913	33.8061	34.1621
2.9525	4.1038	0.1906	34.2110	34.1384
2.9530	4.1043	0.1906	34.4470	34.1158
2.9535	4.1042	0.1874	34.2095	34.0906
2.9540	4.1040	0.1933	34.3000	34.1066
2.9545	4.1024	0.2070	34.6628	34.1180
2.9550	4.1014	0.2105	34.9104	34.1034
2.9555	4.1000	0.2249	34.7269	34.0756
2.9560	4.0993	0.2378	34.6939	34.0835
2.9565	4.0983	0.2497	35.0205	34.1077
2.9570	4.0980	0.2553	35.2576	34.1404
2.9575	4.0972	0.2626	35.0373	34.1394
2.9580	4.0962	0.2676	34.8472	34.1480
2.9585	4.0965	0.2769	35.0793	34.1363
2.9590	4.0966	0.2713	35.3278	34.1358
2.9595	4.0969	0.2672	35.1530	34.2234
2.9600	4.0969	0.2670	34.8674	34.3104
2.9605	4.0970	0.2661	34.9614	34.2669
2.9610	4.0972	0.2747	35.0820	34.1991
2.9615	4.0969	0.2649	34.8566	34.2357
2.9620	4.0979	0.2548	34.4594	34.2384
2.9625	4.0993	0.2391	34.4381	34.2435
2.9630	4.1012	0.2172	34.4732	34.2860
2.9635	4.1013	0.2201	34.3713	34.2607
2.9640	4.1013	0.2149	33.5876	34.2304
2.9645	4.1013	0.2152	33.2673	34.1759
2.9650	4.1016	0.2105	33.5837	34.1775
2.9655	4.1013	0.2199	33.5505	34.1583
2.9660	4.1013	0.2168	33.0525	34.2867
2.9665	4.1021	0.2089	32.9922	34.3932
2.9670	4.1017	0.2135	33.3945	34.2660
2.9675	4.1014	0.2124	33.5340	34.2393
2.9680	4.1021	0.2078	33.4689	34.2403
2.9685	4.1026	0.2018	33.4594	34.2822
2.9690	4.1027	0.1990	33.7950	34.2204
2.9695	4.1028	0.2024	34.0078	34.1637
2.9700	4.1026	0.2024	33.9525	34.2150
2.9705	4.1017	0.2120	33.9110	34.2884
2.9710	4.1008	0.2204	34.2080	34.3521
2.9715	4.1004	0.2240	34.4448	34.3849
2.9720	4.0998	0.2295	34.4031	34.4279
2.9725	4.0992	0.2402	34.3266	34.3488
2.9730	4.0981	0.2468	34.5583	34.2221
2.9735	4.0979	0.2557	34.7693	34.0862
2.9740	4.0975	0.2579	34.6729	33.9892
2.9745	4.0972	0.2650	34.5264	33.9895
2.9750	4.0961	0.2721	34.7417	34.0170
2.9755	4.0963	0.2729	34.9610	33.9894
2.9760	4.0968	0.2711	34.9352	33.9381
2.9765	4.0967	0.2683	34.5584	34.0798
2.9770	4.0964	0.2731	34.5742	34.2004
2.9775	4.0953	0.2841	34.9276	34.2197
2.9780	4.0949	0.2865	34.8378	34.1866
2.9785	4.0959	0.2744	34.4992	34.1394
2.9790	4.0967	0.2691	34.4495	34.0950
2.9795	4.0979	0.2523	34.4001	34.1151
2.9800	4.0988	0.2474	34.4666	34.1552
2.9805	4.0985	0.2427	34.3457	34.2555
2.9810	4.0991	0.2450	34.4484	34.3116
2.9815	4.1002	0.2298	34.8679	34.2680
2.9820	4.1009	0.2275	34.9588	34.1552
2.9825	4.1007	0.2292	34.7429	34.0764
2.9830	4.1008	0.2238	34.7289	34.0792
2.9835	4.1010	0.2245	35.0727	34.0896
2.9840	4.1020	0.2053	35.2102	34.0353
2.9845	4.1018	0.2101	34.9376	33.9468
2.9850	4.1014	0.2195	34.8042	33.9706
2.9855	4.1013	0.2132	35.0356	34.0750
2.9860	4.1018	0.2142	35.1968	34.2946
2.9865	4.1020	0.2087	34.9354	34.3765
2.9870	4.1026	0.2048	34.6395	34.3634
2.9875	4.1022	0.2057	34.6835	34.3858
2.9880	4.1023	0.2054	34.7930	34.4064
2.9885	4.1023	0.2127	34.5097	34.4479
2.9890	4.1014	0.2185	34.1550	34.4939
2.9895	4.1002	0.2269	34.0835	34.4992
2.9900	4.1005	0.2270	34.1980	34.3754
2.9905	4.0999	0.2366	33.1606	34.2977
2.9910	4.0985	0.2484	32.6681	34.2256
2.9915	4.0983	0.2503	32.8705	34.2172
2.9920	4.0987	0.2507	33.0571	34.1842
2.9925	4.0994	0.2433	33.1761	34.1534
2.9930	4.0991	0.2417	33.0671	34.1410
2.9935	4.0997	0.2399	33.1707	34.0859
2.9940	4.0993	0.2428	33.4752	34.0844
2.9945	4.0997	0.2319	33.6242	34.1106
2.9950	4.1009	0.2226	33.5270	34.1791
2.9955	4.1015	0.2197	33.6125	34.2403
2.9960	4.1018	0.2137	33.9390	34.2558
2.9965	4.1023	0.2061	34.0845	34.3073
2.9970	4.1021	0.2153	33.9475	34.3314
2.9975	4.1013	0.2089	34.0069	34.3334
2.9980	4.1018	0.2144	34.3611	34.3806
2.9985	4.1018	0.2114	34.5639	34.3353
2.9990	4.1028	0.2110	34.4093	34.2396
2.9995	4.1017	0.2136	34.3403	34.1518
3.0000	4.1024	0.2133	34.5713	34.1147
3.0005	4.1018	0.2086	34.7848	34.1059
3.0010	4.1025	0.2085	34.6616	34.1333
3.0015	4.1019	0.2092	34.5560	34.1863
3.0020	4.1020	0.2083	34.7256	34.1458
3.0025	4.1020	0.2102	35.0003	34.0880
3.0030	4.1026	0.2036	34.5546	34.0828
3.0035	4.1028	0.2037	34.4586	34.1410
3.0040	4.1029	0.2024	34.6078	34.3098
3.0045	4.1027	0.1989	34.8211	34.3590
3.0050	4.1035	0.1971	34.7027	34.3588
3.0055	4.1031	0.1998	34.3641	34.4801
3.0060	4.1028	0.1998	34.1979	34.4686
3.0065	4.1028	0.2039	34.4113	34.3687
3.0070	4.1023	0.2074	34.5777	34.3682
3.0075	4.1017	0.2125	34.4842	34.3305
3.0080	4.1009	0.2236	34.6035	34.2702
3.0085	4.0996	0.2363	34.8418	34.2411
3.0090	4.0996	0.2405	34.9288	34.3029
3.0095	4.0995	0.2401	34.7770	34.3288
3.0100	4.0998	0.2366	34.7807	34.4211
3.0105	4.1002	0.2316	34.9738	34.4299
3.0110	4.1007	0.2213	35.0832	34.2807
3.0115	4.1011	0.2207	34.9040	34.2171
3.0120	4.1018	0.2127	34.8088	34.1645
3.0125	4.1017	0.2188	34.9117	34.3116
3.0130	4.1016	0.2165	34.9881	34.3549
3.0135	4.1021	0.2116	34.7005	34.4069
3.0140	4.1023	0.2095	34.4786	34.4670
3.0145	4.1023	0.2127	34.4402	34.4536
3.0150	4.1021	0.2078	34.4904	34.3677
3.0155	4.1023	0.2116	34.1693	34.3737
3.0160	4.1025	0.1998	34.0200	34.4198
3.0165	4.1020	0.2103	33.5439	34.3816
3.0170	4.1015	0.2173	32.8194	34.3007
3.0175	4.1010	0.2239	32.8951	34.2162
3.0180	4.1011	0.2217	32.7596	34.2345
3.0185	4.1015	0.2170	32.8699	34.3246
3.0190	4.1018	0.2114	33.1314	34.3322
3.0195	4.1020	0.2134	33.2841	34.2109
3.0200	4.1020	0.2126	33.1433	34.1583
3.0205	4.1026	0.2076	33.2662	34.1538
3.0210	4.1023	0.2083	33.5483	34.1978
3.0215	4.1026	0.1992	33.7427	34.1963
3.0220	4.1020	0.2110	33.6415	34.1994
3.0225	4.1010	0.2206	33.6640	34.2946
3.0230	4.1002	0.2313	33.9598	34.2667
3.0235	4.0991	0.2427	34.2022	34.1822
3.0240	4.0985	0.2540	34.1366	34.1082
3.0245	4.0975	0.2632	34.0998	34.1839
3.0250	4.0967	0.2721	34.3405	34.2169
3.0255	4.0963	0.2756	34.5827	34.1792
3.0260	4.0969	0.2726	34.4937	34.1682
3.0265	4.0970	0.2692	34.3492	34.2029
3.0270	4.0970	0.2667	34.5146	34.3751
3.0275	4.0977	0.2540	34.7693	34.3574
3.0280	4.0981	0.2529	34.7367	34.1621
3.0285	4.0960	0.2729	34.5898	34.0143
3.0290	4.0960	0.2794	34.7046	33.9788
3.0295	4.0971	0.2664	34.8839	34.0504
3.0300	4.0981	0.2522	34.6353	34.1417
3.0305	4.0987	0.2463	34.5043	34.2098
3.0310	4.1000	0.2357	34.5460	34.2893
3.0315	4.1009	0.2251	34.6399	34.4007
3.0320	4.1019	0.2114	34.5150	34.4137
3.0325	4.1015	0.2190	34.2074	34.2797
3.0330	4.1010	0.2207	34.2247	34.2723
3.0335	4.1004	0.2290	34.5789	34.3523
3.0340	4.1002	0.2330	34.6395	34.3112
3.0345	4.0994	0.2412	34.5054	34.3008
3.0350	4.0992	0.2398	34.5593	34.3585
3.0355	4.0994	0.2374	34.8716	34.4289
3.0360	4.0994	0.2410	34.9780	34.5308
3.0365	4.0991	0.2449	34.7677	34.4376
3.0370	4.0994	0.2394	34.7379	34.2818
3.0375	4.1000	0.2384	34.9353	34.1818
3.0380	4.0998	0.2371	35.0279	34.1388
3.0385	4.1001	0.2344	34.7903	34.0871
3.0390	4.0996	0.2322	34.6730	34.1289
3.0395	4.0996	0.2399	34.7413	34.2433
3.0400	4.0995	0.2408	34.7794	34.2918
3.0405	4.0987	0.2458	34.4680	34.3415
3.0410	4.0980	0.2537	34.2690	34.3599
3.0415	4.0971	0.2587	34.1673	34.4471
3.0420	4.0968	0.2623	34.3226	34.5157
3.0425	4.0962	0.2732	33.4581	34.4258
3.0430	4.0964	0.2679	32.3999	34.2859
3.0435	4.0967	0.2650	32.7519	34.1707
3.0440	4.0963	0.2720	32.9060	34.1160
3.0445	4.0969	0.2658	32.8737	34.1637
3.0450	4.0974	0.2625	32.7979	34.1918
3.0455	4.0988	0.2510	33.0221	34.1200
3.0460	4.0988	0.2393	33.2623	34.1010
3.0465	4.0988	0.2469	33.3473	34.1235
3.0470	4.0990	0.2434	33.2662	34.1864
3.0475	4.0998	0.2354	33.4500	34.2558
3.0480	4.1000	0.2367	33.7261	34.2991
3.0485	4.1001	0.2323	33.7922	34.2785
3.0490	4.1001	0.2348	33.6742	34.2452
3.0495	4.0994	0.2357	33.8269	34.2607
3.0500	4.0994	0.2388	34.1727	34.2857
3.0505	4.0992	0.2415	34.3192	34.4199
3.0510	4.0988	0.2364	34.1635	34.4657
3.0515	4.0989	0.2431	34.1783	34.5211
3.0520	4.0998	0.2354	34.4724	34.4593
3.0525	4.1006	0.2283	34.6225	34.3491
3.0530	4.1007	0.2265	34.4389	34.3124
3.0535	4.1008	0.2260	34.4163	34.3526
3.0540	4.1013	0.2271	34.6898	34.2812
3.0545	4.1007	0.2290	34.8437	34.1965
3.0550	4.1001	0.2363	34.6381	34.1973
3.0555	4.0994	0.2428	34.5677	34.2281
3.0560	4.0982	0.2492	34.7713	34.4051
3.0565	4.0975	0.2577	34.9697	34.5203
3.0570	4.0973	0.2649	34.4997	34.5131
3.0575	4.0962	0.2677	34.0752	34.5128
3.0580	4.0963	0.2742	34.3709	34.4929
3.0585	4.0958	0.2766	34.5433	34.4542
3.0590	4.0965	0.2726	34.3609	34.3803
3.0595	4.0976	0.2650	34.1984	34.3807
3.0600	4.0975	0.2580	34.5170	34.4720
3.0605	4.0973	0.2601	34.8367	34.3549
3.0610	4.0969	0.2720	34.8014	34.2127
3.0615	4.0964	0.2657	34.6173	34.2511
3.0620	4.0972	0.2657	34.8020	34.3353
3.0625	4.0975	0.2595	35.1064	34.3960
3.0630	4.0971	0.2628	35.0408	34.3465
3.0635	4.0975	0.2604	34.7769	34.2594
3.0640	4.0978	0.2552	34.8846	34.1973
3.0645	4.0972	0.2652	35.1832	34.2253
3.0650	4.0987	0.2469	35.1105	34.2642
3.0655	4.0988	0.2475	34.7502	34.2162
3.0660	4.0994	0.2312	34.6798	34.2200
3.0665	4.1009	0.2195	34.8526	34.2376
3.0670	4.1008	0.2189	34.7483	34.2492
3.0675	4.1006	0.2247	34.3056	34.2312
3.0680	4.1004	0.2300	34.1363	34.2866
3.0685	4.0993	0.2362	33.9341	34.4302
3.0690	4.0993	0.2386	33.9763	34.3347
3.0695	4.0990	0.2409	33.4764	34.1185
3.0700	4.0993	0.2405	32.5839	33.9841
3.0705	4.0986	0.2430	32.8312	34.0032
3.0710	4.0990	0.2464	33.1701	34.0809
3.0715	4.0992	0.2464	33.0010	34.1196
3.0720	4.0992	0.2440	32.9034	34.1040
3.0725	4.0989	0.2401	33.2039	34.1519
3.0730	4.0980	0.2512	33.5350	34.2736
3.0735	4.0980	0.2527	33.4538	34.4000
3.0740	4.0977	0.2588	33.3292	34.3372
3.0745	4.0970	0.2700	33.5982	34.2324
3.0750	4.0967	0.2662	33.9565	34.1520
3.0755	4.0970	0.2729	33.9171	34.1314
3.0760	4.0969	0.2610	33.7750	34.1062
3.0765	4.0975	0.2624	33.9985	34.1310
3.0770	4.0978	0.2596	34.3910	34.2420
3.0775	4.0981	0.2528	34.3950	34.3134
3.0780	4.0981	0.2513	34.1719	34.3827
3.0785	4.0994	0.2403	34.2934	34.2584
3.0790	4.1004	0.2263	34.6624	34.2238
3.0795	4.1008	0.2243	34.6636	34.2876
3.0800	4.1015	0.2171	34.4158	34.2605
3.0805	4.1025	0.2058	34.4651	34.1936
3.0810	4.1030	0.2054	34.8666	34.1152
3.0815	4.1034	0.2007	34.9460	34.1457
3.0820	4.1030	0.2015	34.6509	34.2898
3.0825	4.1030	0.2035	34.5337	34.3401
3.0830	4.1022	0.2080	34.8935	34.3278
3.0835	4.1019	0.2121	34.4759	34.3143
3.0840	4.1017	0.2101	33.9535	34.2626
3.0845	4.1025	0.2038	33.9680	34.1617
3.0850	4.1024	0.2082	34.3360	34.2604
3.0855	4.1028	0.2013	34.6825	34.2859
3.0860	4.1026	0.2036	34.5375	34.2668
3.0865	4.1019	0.2142	34.4390	34.2442
3.0870	4.1024	0.2052	34.7528	34.0830
3.0875	4.1027	0.2020	35.0581	34.1452
3.0880	4.1035	0.1977	34.9270	34.1968
3.0885	4.1028	0.1998	34.7515	34.2822
3.0890	4.1016	0.2116	34.9939	34.2671
3.0895	4.1006	0.2246	35.2683	34.1696
3.0900	4.0997	0.2321	35.1278	34.0859
3.0905	4.0985	0.2467	34.8650	34.0839
3.0910	4.0979	0.2540	34.9935	34.1301
3.0915	4.0977	0.2611	35.1791	34.0923
3.0920	4.0966	0.2602	34.9937	34.0622
3.0925	4.0972	0.2638	34.6378	34.0858
3.0930	4.0973	0.2649	34.7024	34.1245
3.0935	4.0971	0.2608	34.7649	34.1441
3.0940	4.0965	0.2709	34.5696	34.2142
3.0945	4.0961	0.2661	33.9494	34.2893
3.0950	4.0958	0.2729	33.8062	34.2247
3.0955	4.0965	0.2738	34.1064	34.1903
3.0960	4.0967	0.2670	33.7501	34.2010
3.0965	4.0971	0.2657	33.1450	34.2135
3.0970	4.0974	0.2624	32.7480	34.2466
3.0975	4.0972	0.2675	33.2541	34.3482
3.0980	4.0992	0.2457	33.2189	34.3001
3.0985	4.1020	0.2143	33.0263	34.1102
3.0990	4.1029	0.1990	33.1421	34.0442
3.0995	4.1028	0.1986	33.6085	34.1406
3.1000	4.1034	0.1979	33.7283	34.1635
3.1005	4.1033	0.2027	33.5096	34.2015
3.1010	4.1039	0.1846	33.5438	34.2568
3.1015	4.1048	0.1835	33.9756	34.2805
3.1020	4.1039	0.1924	34.1834	34.3139
3.1025	4.1027	0.2009	33.9918	34.3254
3.1030	4.1031	0.1986	33.9569	34.3281
3.1035	4.1036	0.1942	34.3565	34.3055
3.1040	4.1029	0.1995	34.6267	34.3092
3.1045	4.1030	0.2003	34.4435	34.2671
3.1050	4.1026	0.2078	34.2664	34.1745
3.1055	4.1019	0.2125	34.5284	34.2505
3.1060	4.1015	0.2132	34.8510	34.3491
3.1065	4.1008	0.2264	34.7084	34.3902
3.1070	4.1002	0.2287	34.4818	34.2488
3.1075	4.0998	0.2317	34.6904	34.1253
3.1080	4.0989	0.2417	35.0668	34.1327
3.1085	4.0984	0.2531	34.9308	34.1804
3.1090	4.0974	0.2631	34.5937	34.2218
3.1095	4.0967	0.2635	33.9828	34.2022
3.1100	4.0958	0.2794	34.2527	34.2190
3.1105	4.0949	0.2874	34.3947	34.2294
3.1110	4.0946	0.2925	34.0794	34.2290
3.1115	4.0952	0.2876	34.1932	34.1642
3.1120	4.0967	0.2685	34.7180	34.1606
3.1125	4.0980	0.2536	34.8878	34.1576
3.1130	4.0978	0.2535	34.5737	34.0300
3.1135	4.0989	0.2461	34.5837	33.8915
3.1140	4.0990	0.2444	35.0539	33.9679
3.1145	4.1000	0.2349	35.2757	34.0981
3.1150	4.1000	0.2381	34.9453	34.1107
3.1155	4.0997	0.2343	34.7652	34.0647
3.1160	4.1003	0.2313	35.1297	33.9447
3.1165	4.1007	0.2271	35.4110	33.8952
3.1170	4.1006	0.2310	35.1094	33.9583
3.1175	4.1006	0.2299	34.7736	34.0603
3.1180	4.1010	0.2258	34.9934	34.1054
3.1185	4.1012	0.2166	35.2387	34.1023
3.1190	4.1010	0.2213	34.9388	34.1353
3.1195	4.1012	0.2234	34.4255	34.1956
3.1200	4.1012	0.2234	34.4482	34.0985
3.1205	4.1006	0.2276	34.6508	34.0945
3.1210	4.1003	0.2346	34.4627	34.0957
3.1215	4.1003	0.2301	33.8166	34.0797
3.1220	4.0999	0.2287	33.6184	34.0234
3.1225	4.1003	0.2351	33.9549	33.9684
3.1230	4.1003	0.2351	33.7582	34.0881
3.1235	4.0989	0.2425	32.9195	34.2189
3.1240	4.0990	0.2487	32.8142	34.2877
3.1245	4.0980	0.2599	33.3649	34.1991
3.1250	4.0975	0.2634	33.4989	34.1067
3.1255	4.0967	0.2703	33.2897	34.1146
3.1260	4.0969	0.2708	33.2537	34.1818
3.1265	4.0971	0.2683	33.6988	34.2107
3.1270	4.0979	0.2567	33.9566	34.2413
3.1275	4.0981	0.2525	33.7899	34.2546
3.1280	4.0986	0.2504	33.6717	34.2600
3.1285	4.0985	0.2480	34.0553	34.2212
3.1290	4.0985	0.2545	34.3979	34.2076
3.1295	4.0972	0.2641	34.2745	34.2081
3.1300	4.0975	0.2614	34.1046	34.1403
3.1305	4.0984	0.2504	34.4150	34.0399
3.1310	4.1008	0.2278	34.7510	33.9973
3.1315	4.1009	0.2223	34.6232	34.0255
3.1320	4.1012	0.2195	34.3187	34.0435
3.1325	4.1024	0.2073	34.5377	34.0207
3.1330	4.1023	0.2133	34.9358	34.0250
3.1335	4.1016	0.2090	34.9213	34.0279
3.1340	4.1008	0.2183	34.5111	34.0548
3.1345	4.1009	0.2214	34.6453	34.1742
3.1350	4.1006	0.2250	34.1498	34.2627
3.1355	4.1010	0.2237	34.0052	34.2232
3.1360	4.1012	0.2249	33.8075	34.1575
3.1365	4.1014	0.2170	33.8122	34.1077
3.1370	4.1014	0.2117	34.3639	34.0686
3.1375	4.1020	0.2163	34.5892	34.0338
3.1380	4.1021	0.2113	34.3829	34.0612
3.1385	4.1010	0.2222	34.3061	34.0746
3.1390	4.1007	0.2257	34.7984	34.0555
3.1395	4.0993	0.2362	35.0845	34.0868
3.1400	4.0983	0.2493	34.8258	34.1294
3.1405	4.0974	0.2585	34.6363	34.1489
3.1410	4.0974	0.2623	35.0355	34.1732
3.1415	4.0967	0.2654	35.3569	34.1687
3.1420	4.0962	0.2782	35.0861	34.1428
3.1425	4.0965	0.2744	34.7638	34.1045
3.1430	4.0971	0.2676	35.0236	34.0844
3.1435	4.0973	0.2590	35.3872	34.1781
3.1440	4.0974	0.2631	35.1328	34.2694
3.1445	4.0967	0.2667	34.6858	34.2145
3.1450	4.0964	0.2684	34.7248	34.2055
3.1455	4.0974	0.2618	35.0285	34.2942
3.1460	4.0984	0.2538	34.7592	34.2987
3.1465	4.0999	0.2352	34.2266	34.3051
3.1470	4.1013	0.2198	34.1051	34.3084
3.1475	4.1005	0.2195	34.4195	34.2369
3.1480	4.1003	0.2264	33.8022	34.1419
3.1485	4.1003	0.2277	33.2048	34.0902
3.1490	4.1009	0.2191	33.2339	34.1055
3.1495	4.1013	0.2242	33.5101	34.1069
3.1500	4.1008	0.2183	33.3195	34.2887
3.1505	4.1010	0.2160	33.0508	34.3895
3.1510	4.1013	0.2188	33.0775	34.2982
3.1515	4.1016	0.2192	33.4603	34.2891
3.1520	4.1025	0.2104	33.7540	34.2948
3.1525	4.1032	0.2014	33.5782	34.2910
3.1530	4.1035	0.1995	33.5022	34.2047
3.1535	4.1031	0.1962	33.8699	34.1447
3.1540	4.1033	0.2003	34.2060	34.1554
3.1545	4.1029	0.2022	34.0571	34.2115
3.1550	4.1023	0.2065	33.9358	34.2880
3.1555	4.1020	0.2152	34.2516	34.3330
3.1560	4.1008	0.2207	34.6568	34.4313
3.1565	4.1000	0.2287	34.5515	34.3610
3.1570	4.0992	0.2381	34.2989	34.2512
3.1575	4.0988	0.2489	34.4908	34.1125
3.1580	4.0981	0.2505	34.8858	34.0083
3.1585	4.0973	0.2639	34.8110	33.9901
3.1590	4.0962	0.2713	34.5202	33.9707
3.1595	4.0966	0.2730	34.5984	33.8994
3.1600	4.0972	0.2651	35.0739	33.9076
3.1605	4.0970	0.2664	34.8920	34.0623
3.1610	4.0969	0.2700	34.4669	34.1538
3.1615	4.0961	0.2757	34.5191	34.1963
3.1620	4.0964	0.2741	34.8303	34.1794
3.1625	4.0963	0.2741	34.8669	34.1473
3.1630	4.0977	0.2601	34.4186	34.1088
3.1635	4.0993	0.2446	33.9833	34.1383
3.1640	4.0995	0.2375	34.4398	34.1618
3.1645	4.0994	0.2381	34.7182	34.2487
3.1650	4.0999	0.2384	34.5106	34.2689
3.1655	4.1003	0.2286	34.4539	34.2051
3.1660	4.0999	0.2373	34.8446	34.0857
3.1665	4.0988	0.2412	35.1157	34.0461
3.1670	4.0989	0.2469	34.8814	34.0816
3.1675	4.0986	0.2484	34.6838	34.1003
3.1680	4.0992	0.2405	34.9704	34.0519
3.1685	4.0993	0.2407	35.2392	33.9870
3.1690	4.0992	0.2434	35.0336	33.9956
3.1695	4.0994	0.2381	34.7397	34.0808
3.1700	4.0995	0.2371	34.8889	34.2583
3.1705	4.1000	0.2311	35.1485	34.2926
3.1710	4.1007	0.2272	34.9027	34.2726
3.1715	4.1010	0.2150	34.4496	34.3034
3.1720	4.1009	0.2222	34.4461	34.3547
3.1725	4.1009	0.2261	34.6552	34.4354
3.1730	4.1000	0.2273	34.4300	34.5138
3.1735	4.0994	0.2339	33.9353	34.5349
3.1740	4.0988	0.2435	33.7774	34.4191
3.1745	4.0984	0.2526	33.1682	34.3096
3.1750	4.0973	0.2612	33.0516	34.2047
3.1755	4.0973	0.2604	32.7921	34.1912
3.1760	4.0974	0.2629	32.6641	34.1306
3.1765	4.0975	0.2597	33.1418	34.0716
3.1770	4.0981	0.2531	33.4374	34.0703
3.1775	4.0981	0.2547	33.2352	34.0389
3.1780	4.0985	0.2526	33.1230	34.0696
3.1785	4.0988	0.2482	33.5348	34.1193
3.1790	4.0998	0.2384	33.9119	34.1696
3.1795	4.1002	0.2325	33.7611	34.2565
3.1800	4.1007	0.2227	33.5375	34.2821
3.1805	4.1021	0.2125	33.8506	34.3042
3.1810	4.1012	0.2199	34.3118	34.2916
3.1815	4.1008	0.2206	34.2931	34.2794
3.1820	4.1011	0.2198	34.0673	34.3142
3.1825	4.1009	0.2213	34.2434	34.2640
3.1830	4.1002	0.2254	34.6405	34.1818
3.1835	4.1005	0.2284	34.6602	34.1399
3.1840	4.1004	0.2300	34.3815	34.1251
3.1845	4.1000	0.2310	34.4138	34.1461
3.1850	4.0999	0.2350	34.7971	34.1726
3.1855	4.0995	0.2366	34.9274	34.2075
3.1860	4.0995	0.2366	34.6515	34.1397
3.1865	4.0994	0.2406	34.5853	34.0442
3.1870	4.0999	0.2292	34.4631	34.0408
3.1875	4.1012	0.2242	34.8400	34.1189
3.1880	4.1016	0.2156	34.6109	34.2350
3.1885	4.1013	0.2160	34.4345	34.3101
3.1890	4.1021	0.2122	34.5707	34.3476
3.1895	4.1020	0.2091	34.7010	34.4977
3.1900	4.1017	0.2163	34.2980	34.4776
3.1905	4.1013	0.2156	34.0732	34.4160
3.1910	4.1016	0.2136	34.4430	34.4037
3.1915	4.1010	0.2216	34.8148	34.3314
3.1920	4.1000	0.2267	34.7531	34.2549
3.1925	4.0993	0.2413	34.5114	34.1899
3.1930	4.0987	0.2496	34.7110	34.2484
3.1935	4.0982	0.2516	35.0856	34.2951
3.1940	4.0982	0.2495	35.0550	34.4103
3.1945	4.0985	0.2489	34.7023	34.4188
3.1950	4.0992	0.2443	34.7625	34.3025
3.1955	4.0999	0.2323	35.0983	34.2491
3.1960	4.1009	0.2234	35.1143	34.2143
3.1965	4.1010	0.2205	34.7158	34.3324
3.1970	4.1013	0.2207	34.6247	34.3478
3.1975	4.1014	0.2209	34.8046	34.3765
3.1980	4.1018	0.2114	34.7915	34.4149
3.1985	4.1019	0.2149	34.3196	34.3926
3.1990	4.1016	0.2132	34.1372	34.3407
3.1995	4.1020	0.2139	34.2150	34.3811
3.2000	4.1014	0.2110	34.3350	34.4459
3.2005	4.1011	0.2165	33.3810	34.4300
3.2010	4.1001	0.2314	32.4593	34.3328
3.2015	4.0999	0.2354	32.9260	34.2741
3.2020	4.0999	0.2354	33.1291	34.2461
3.2025	4.1001	0.2292	32.8893	34.3066
3.2030	4.1004	0.2295	32.7485	34.2877
3.2035	4.1001	0.2328	33.1853	34.1437
3.2040	4.1005	0.2286	33.5062	34.0913
3.2045	4.1010	0.2253	33.3989	34.0845
3.2050	4.1021	0.2111	33.2091	34.1658
3.2055	4.1016	0.2115	33.5578	34.2115
3.2060	4.1011	0.2139	33.9637	34.2455
3.2065	4.1006	0.2186	33.8956	34.3374
3.2070	4.1000	0.2316	33.6392	34.2902
3.2075	4.0996	0.2375	33.9101	34.1820
3.2080	4.0989	0.2390	34.4237	34.0979
3.2085	4.0981	0.2561	34.4329	34.1651
3.2090	4.0970	0.2618	34.0713	34.1735
3.2095	4.0970	0.2596	34.2003	34.1469
3.2100	4.0974	0.2599	34.7108	34.1429
3.2105	4.0978	0.2610	34.7381	34.2253
3.2110	4.0984	0.2493	34.3411	34.4202
3.2115	4.0979	0.2506	34.3453	34.3861
3.2120	4.0982	0.2538	34.8480	34.1964
3.2125	4.0980	0.2558	34.9990	34.0288
3.2130	4.0979	0.2510	34.6200	33.9608
3.2135	4.0984	0.2458	34.4197	33.9841
3.2140	4.0986	0.2470	34.6436	34.1061
3.2145	4.0995	0.2369	34.9304	34.1638
3.2150	4.1009	0.2210	34.5400	34.2430
3.2155	4.1012	0.2180	34.2053	34.3917
3.2160	4.1020	0.2118	34.4434	34.4034
3.2165	4.1017	0.2118	34.6006	34.2977
3.2170	4.1017	0.2172	34.3281	34.3316
3.2175	4.1018	0.2175	34.1690	34.4041
3.2180	4.1015	0.2160	34.4657	34.3268
3.2185	4.1007	0.2212	34.8803	34.3064
3.2190	4.1005	0.2295	34.7936	34.3391
3.2195	4.1002	0.2248	34.5482	34.3996
3.2200	4.1004	0.2261	34.7317	34.4947
3.2205	4.1001	0.2325	35.0882	34.3772
3.2210	4.1003	0.2313	35.0076	34.2439
3.2215	4.1006	0.2249	34.6382	34.1596
3.2220	4.1009	0.2250	34.7092	34.1144
3.2225	4.1010	0.2234	35.0492	34.0741
3.2230	4.0999	0.2290	35.0245	34.1304
3.2235	4.0998	0.2328	34.5239	34.2583
3.2240	4.0995	0.2388	34.3941	34.2885
3.2245	4.0991	0.2429	34.6066	34.3305
3.2250	4.0986	0.2453	34.6346	34.3278
3.2255	4.0984	0.2581	34.0495	34.4133
3.2260	4.0980	0.2580	33.9385	34.4712
3.2265	4.0972	0.2643	33.4309	34.3836
3.2270	4.0971	0.2632	32.7865	34.2663
3.2275	4.0971	0.2634	32.7774	34.1578
3.2280	4.0974	0.2652	32.5173	34.1383
3.2285	4.0977	0.2577	32.8268	34.2025
3.2290	4.0985	0.2549	33.1632	34.1946
3.2295	4.0988	0.2423	33.1023	34.1094
3.2300	4.0994	0.2402	32.9389	34.0870
3.2305	4.0988	0.2404	33.2381	34.0913
3.2310	4.0992	0.2400	33.5802	34.1312
3.2315	4.0999	0.2400	33.5741	34.1911
3.2320	4.1004	0.2343	33.3925	34.2756
3.2325	4.1004	0.2266	33.6139	34.2627
3.2330	4.1003	0.2334	33.9997	34.2473
3.2335	4.1003	0.2283	34.0550	34.2688
3.2340	4.0999	0.2345	33.8692	34.2964
3.2345	4.0995	0.2424	34.0278	34.4382
3.2350	4.0982	0.2484	34.4231	34.4735
3.2355	4.0988	0.2410	34.5219	34.5206
3.2360	4.0992	0.2387	34.2688	34.4369
3.2365	4.0998	0.2339	34.2613	34.3323
3.2370	4.1001	0.2301	34.6050	34.3071
3.2375	4.0999	0.2331	34.7994	34.3288
3.2380	4.0996	0.2337	34.5435	34.2491
3.2385	4.0991	0.2334	34.4196	34.1804
3.2390	4.0990	0.2407	34.7246	34.1765
3.2395	4.0987	0.2507	35.0098	34.2185
3.2400	4.0977	0.2565	34.7487	34.3822
3.2405	4.0975	0.2602	34.5292	34.4685
3.2410	4.0963	0.2661	34.4299	34.4690
3.2415	4.0963	0.2718	34.4877	34.4662
3.2420	4.0960	0.2802	34.4450	34.4727
3.2425	4.0954	0.2862	34.1258	34.4545
3.2430	4.0954	0.2799	34.2371	34.3747
3.2435	4.0963	0.2779	34.6307	34.4141
3.2440	4.0958	0.2732	34.7236	34.4728
3.2445	4.0956	0.2826	34.4355	34.3339
3.2450	4.0946	0.2867	34.5428	34.1987
3.2455	4.0946	0.2915	34.9760	34.2283
3.2460	4.0947	0.2884	35.0855	34.3135
3.2465	4.0948	0.2858	34.7787	34.3445
3.2470	4.0950	0.2848	34.7366	34.2887
3.2475	4.0958	0.2759	35.0891	34.2059
3.2480	4.0955	0.2812	35.2412	34.1808
3.2485	4.0956	0.2852	34.9067	34.2195
3.2490	4.0958	0.2782	34.7057	34.2655
3.2495	4.0959	0.2779	34.9464	34.2289
3.2500	4.0969	0.2723	35.0625	34.2425
3.2505	4.0980	0.2504	34.6840	34.2507
3.2510	4.0990	0.2425	34.3380	34.2413
3.2515	4.0989	0.2461	34.4242	34.2047
3.2520	4.0991	0.2453	34.5253	34.2464
3.2525	4.0980	0.2503	33.8217	34.3584
3.2530	4.0980	0.2542	33.5365	34.2639
3.2535	4.0984	0.2571	33.4446	34.0698
3.2540	4.0979	0.2576	32.9555	33.9885
3.2545	4.0979	0.2555	32.9148	34.0238
3.2550	4.0980	0.2511	32.7812	34.1021
3.2555	4.0988	0.2499	32.9012	34.1303
3.2560	4.0989	0.2467	33.2789	34.1020
3.2565	4.0984	0.2466	33.3790	34.1348
3.2570	4.0978	0.2528	33.1904	34.2369
3.2575	4.0971	0.2593	33.2435	34.3506
3.2580	4.0967	0.2654	33.6614	34.2805
3.2585	4.0963	0.2718	33.8714	34.1908
3.2590	4.0960	0.2729	33.6779	34.1406
3.2595	4.0960	0.2747	33.6310	34.1531
3.2600	4.0963	0.2710	33.9984	34.1017
3.2605	4.0972	0.2646	34.3001	34.1380
3.2610	4.0974	0.2620	34.1955	34.2667
3.2615	4.0985	0.2502	34.0500	34.3179
3.2620	4.0980	0.2533	34.2984	34.3439
3.2625	4.0992	0.2413	34.6334	34.1972
3.2630	4.1005	0.2311	34.5942	34.1865
3.2635	4.1010	0.2250	34.3488	34.2580
3.2640	4.1012	0.2226	34.4507	34.2512
3.2645	4.1023	0.2080	34.7859	34.1833
3.2650	4.1029	0.2033	34.8422	34.1384
3.2655	4.1028	0.2004	34.5948	34.1706
3.2660	4.1033	0.1956	34.6210	34.3025
3.2665	4.1028	0.2000	34.8792	34.3319
3.2670	4.1022	0.2085	34.9288	34.2904
3.2675	4.1022	0.2097	34.1111	34.2793
3.2680	4.1021	0.2177	33.8572	34.2252
3.2685	4.1021	0.2068	34.2816	34.1568
3.2690	4.1020	0.2092	34.4770	34.2440
3.2695	4.1026	0.2058	34.3742	34.2870
3.2700	4.1018	0.2079	34.3430	34.2579
3.2705	4.1019	0.2140	34.6952	34.2254
3.2710	4.1021	0.2123	34.9789	34.1306
3.2715	4.1027	0.2046	34.8213	34.1531
3.2720	4.1032	0.1981	34.6795	34.1922
3.2725	4.1032	0.1982	34.9513	34.2537
3.2730	4.1024	0.2085	35.2323	34.2307
3.2735	4.1010	0.2205	35.0599	34.1213
3.2740	4.1004	0.2334	34.8280	34.0714
3.2745	4.0991	0.2424	34.9999	34.0903
3.2750	4.0983	0.2496	35.2816	34.1566
3.2755	4.0983	0.2548	35.0726	34.1095
3.2760	4.0978	0.2532	34.7443	34.0817
3.2765	4.0979	0.2573	34.7229	34.0990
3.2770	4.0981	0.2567	34.9459	34.1201
3.2775	4.0977	0.2566	34.6866	34.1268
3.2780	4.0975	0.2590	34.3215	34.2120
3.2785	4.0968	0.2672	33.9773	34.2740
3.2790	4.0969	0.2688	34.0287	34.2559
3.2795	4.0973	0.2634	34.0292	34.2312
3.2800	4.0980	0.2510	33.5606	34.2128
3.2805	4.0987	0.2411	33.0925	34.2445
3.2810	4.0998	0.2382	32.9260	34.2619
3.2815	4.1006	0.2334	33.2772	34.3479
3.2820	4.1009	0.2219	32.9969	34.2787
3.2825	4.1027	0.1987	33.0238	34.0839
3.2830	4.1037	0.1880	33.3690	34.0382
3.2835	4.1031	0.1969	33.6483	34.1634
3.2840	4.1032	0.1967	33.5046	34.2045
3.2845	4.1032	0.1989	33.4799	34.2421
3.2850	4.1034	0.1944	33.7704	34.2681
3.2855	4.1032	0.1995	34.0526	34.2676
3.2860	4.1022	0.2087	33.9437	34.2803
3.2865	4.1019	0.2126	33.8878	34.3290
3.2870	4.1023	0.2096	34.1876	34.3352
3.2875	4.1029	0.2022	34.5098	34.3166
3.2880	4.1028	0.2042	34.4169	34.2953
3.2885	4.1028	0.2030	34.2598	34.2405
3.2890	4.1027	0.2027	34.4580	34.1734
3.2895	4.1028	0.2054	34.7348	34.2531
3.2900	4.1021	0.2116	34.6686	34.3531
3.2905	4.1013	0.2165	34.4835	34.3882
3.2910	4.1008	0.2208	34.6296	34.2373
3.2915	4.1008	0.2288	34.9378	34.1263
3.2920	4.0993	0.2402	34.9386	34.1393
3.2925	4.0988	0.2495	34.6949	34.1848
3.2930	4.0979	0.2593	34.6751	34.2149
3.2935	4.0973	0.2573	34.1974	34.2139
3.2940	4.0969	0.2696	34.1639	34.2075
3.2945	4.0969	0.2715	34.1054	34.2026
3.2950	4.0968	0.2669	34.1476	34.1677
3.2955	4.0970	0.2649	34.4892	34.0929
3.2960	4.0977	0.2603	34.6993	34.1262
3.2965	4.0982	0.2537	34.6138	34.1386
3.2970	4.0987	0.2464	34.5813	34.0411
3.2975	4.0992	0.2443	34.8613	33.9220
3.2980	4.0993	0.2417	35.0870	34.0099
3.2985	4.0992	0.2349	35.0106	34.1316
3.2990	4.0999	0.2397	34.9129	34.1164
3.2995	4.0999	0.2400	35.0546	34.0369
3.3000	4.1001	0.2313	35.1978	33.8986
3.3005	4.1004	0.2295	35.1042	33.8372
3.3010	4.1006	0.2295	34.9958	33.9130
3.3015	4.1008	0.2262	35.0723	34.0275
3.3020	4.1015	0.2185	35.1323	34.1040
3.3025	4.1018	0.2144	34.9130	34.1232
3.3030	4.1016	0.2172	34.7124	34.1905
3.3035	4.1005	0.2213	34.7121	34.2068
3.3040	4.1010	0.2249	34.7049	34.1117
3.3045	4.1001	0.2296	34.3862	34.0914
3.3050	4.0998	0.2363	34.1784	34.0690
3.3055	4.0996	0.2350	34.0071	33.9999
3.3060	4.0997	0.2369	33.8879	33.9221
3.3065	4.1005	0.2328	33.7795	33.8986
3.3070	4.0997	0.2356	33.4666	34.0468
3.3075	4.0995	0.2402	33.0238	34.1939
3.3080	4.0985	0.2474	33.1138	34.2743
3.3085	4.0981	0.2543	33.2634	34.2086
3.3090	4.0975	0.2584	33.1682	34.1345
3.3095	4.0969	0.2732	33.3431	34.1442
3.3100	4.0964	0.2730	33.5759	34.1927
3.3105	4.0965	0.2710	33.6945	34.2107
3.3110	4.0972	0.2641	33.6404	34.2130
3.3115	4.0969	0.2598	33.7300	34.2020
3.3120	4.0980	0.2582	33.9625	34.2037
3.3125	4.0973	0.2637	34.1406	34.1574
3.3130	4.0966	0.2667	34.1171	34.1549
3.3135	4.0974	0.2635	34.1777	34.1720
3.3140	4.0964	0.2703	34.3706	34.1307
3.3145	4.0985	0.2540	34.5342	34.0455
3.3150	4.1001	0.2361	34.4726	34.0065
3.3155	4.1005	0.2312	34.4161	34.0558
3.3160	4.1013	0.2225	34.5639	34.0399
3.3165	4.1017	0.2183	34.7726	34.0078
3.3170	4.1017	0.2159	34.7187	33.9907
3.3175	4.1026	0.2049	34.6431	33.9875
3.3180	4.1031	0.2008	34.7311	34.0195
3.3185	4.1036	0.2009	34.9568	34.1197
3.3190	4.1033	0.1996	33.9111	34.2076
3.3195	4.1033	0.1920	33.6117	34.1852
3.3200	4.1043	0.1886	33.8926	34.1442
3.3205	4.1038	0.1920	34.2007	34.1229
3.3210	4.1044	0.1884	34.3272	34.1028
3.3215	4.1042	0.1886	34.2436	34.0483
3.3220	4.1033	0.1958	34.3720	34.0617
3.3225	4.1024	0.2066	34.6311	34.0651
3.3230	4.1018	0.2113	34.8041	34.0219
3.3235	4.1003	0.2253	34.7350	34.0205
3.3240	4.0996	0.2349	34.7703	34.0629
3.3245	4.0987	0.2467	34.9800	34.0953
3.3250	4.0980	0.2558	35.1156	34.1478
3.3255	4.0974	0.2590	35.0121	34.1511
3.3260	4.0965	0.2710	34.9447	34.1581
3.3265	4.0965	0.2681	35.0801	34.1309
3.3270	4.0968	0.2664	35.1882	34.1102
3.3275	4.0970	0.2648	35.0487	34.1925
3.3280	4.0970	0.2684	34.8915	34.2550
3.3285	4.0966	0.2652	34.9739	34.1910
3.3290	4.0966	0.2678	34.9724	34.1509
3.3295	4.0977	0.2617	34.7427	34.2190
3.3300	4.0983	0.2526	34.4579	34.2356
3.3305	4.0997	0.2357	34.4326	34.2631
3.3310	4.1010	0.2287	34.3912	34.2926
3.3315	4.1008	0.2257	34.2221	34.2568
3.3320	4.1010	0.2278	33.4730	34.1792
3.3325	4.1012	0.2238	33.3342	34.1177
3.3330	4.1010	0.2219	33.5171	34.1201
3.3335	4.1006	0.2267	33.3955	34.0889
3.3340	4.1009	0.2242	32.9980	34.2651
3.3345	4.1013	0.2175	33.1125	34.3301
3.3350	4.1010	0.2198	33.3997	34.2415
3.3355	4.1016	0.2157	33.4366	34.2432
3.3360	4.1022	0.2127	33.4207	34.2627
3.3365	4.1025	0.2047	33.5498	34.2936
3.3370	4.1030	0.1989	33.8310	34.2253
3.3375	4.1035	0.1989	33.9291	34.1771
3.3380	4.1034	0.1939	33.8667	34.1792
3.3385	4.1030	0.2078	33.9384	34.2211
3.3390	4.1021	0.2098	34.2397	34.2755
3.3395	4.1013	0.2157	34.4144	34.3033
3.3400	4.1010	0.2239	34.3502	34.3791
3.3405	4.0996	0.2333	34.3385	34.3190
3.3410	4.0996	0.2401	34.5848	34.2211
3.3415	4.0989	0.2468	34.7258	34.1188
3.3420	4.0979	0.2549	34.5746	34.0270
3.3425	4.0975	0.2623	34.5003	34.0082
3.3430	4.0966	0.2707	34.7779	34.0031
3.3435	4.0966	0.2705	34.9512	33.9190
3.3440	4.0972	0.2598	34.8154	33.9008
3.3445	4.0973	0.2596	34.4723	34.0245
3.3450	4.0975	0.2643	34.6491	34.1206
3.3455	4.0974	0.2579	34.9328	34.1655
3.3460	4.0979	0.2585	34.6512	34.1369
3.3465	4.0979	0.2554	34.3915	34.1180
3.3470	4.0985	0.2461	34.5260	34.1139
3.3475	4.0993	0.2405	34.4404	34.1634
3.3480	4.0994	0.2428	34.3645	34.2108
3.3485	4.0996	0.2370	34.1864	34.2987
3.3490	4.1005	0.2335	34.5418	34.3169
3.3495	4.1018	0.2177	34.9916	34.2171
3.3500	4.1016	0.2153	34.8599	34.0518
3.3505	4.1013	0.2213	34.5482	33.9872
3.3510	4.1015	0.2140	34.7633	33.9957
3.3515	4.1014	0.2148	35.2130	34.0369
3.3520	4.1022	0.2049	35.1469	33.9988
3.3525	4.1024	0.2055	34.7449	33.9767
3.3530	4.1022	0.2137	34.7823	34.0422
3.3535	4.1018	0.2071	35.1851	34.1584
3.3540	4.1021	0.2071	35.1814	34.3337
3.3545	4.1021	0.2046	34.7028	34.3609
3.3550	4.1026	0.2033	34.5561	34.3076
3.3555	4.1026	0.2054	34.8290	34.3053
3.3560	4.1027	0.2030	34.8070	34.3138
3.3565	4.1015	0.2100	34.2908	34.3744
3.3570	4.1020	0.2121	34.0029	34.4501
3.3575	4.1017	0.2139	34.2172	34.4710
3.3580	4.1010	0.2237	34.1966	34.3864
3.3585	4.1000	0.2314	32.8983	34.3146
3.3590	4.0995	0.2398	32.5611	34.2467
3.3595	4.0989	0.2425	32.9528	34.2303
3.3600	4.0990	0.2437	33.1454	34.1601
3.3605	4.0995	0.2375	33.0414	34.0897
3.3610	4.0999	0.2390	32.9275	34.0570
3.3615	4.0993	0.2346	33.2517	33.9988
3.3620	4.0997	0.2365	33.6099	34.0080
3.3625	4.1002	0.2283	33.5196	34.0548
3.3630	4.1013	0.2239	33.3628	34.1257
3.3635	4.1012	0.2209	33.6503	34.2435
3.3640	4.1023	0.2152	34.0621	34.2995
3.3645	4.1020	0.2053	34.0350	34.3420
3.3650	4.1017	0.2148	33.8033	34.3511
3.3655	4.1022	0.2126	34.0108	34.3210
3.3660	4.1015	0.2125	34.4678	34.3349
3.3665	4.1016	0.2124	34.5075	34.2410
3.3670	4.1016	0.2130	34.2381	34.1399
3.3675	4.1020	0.2120	34.3353	34.0580
3.3680	4.1019	0.2126	34.7273	34.0425
3.3685	4.1023	0.2074	34.7827	34.0772
3.3690	4.1017	0.2097	34.4605	34.1461
3.3695	4.1014	0.2165	34.4617	34.1999
3.3700	4.1013	0.2172	34.8890	34.1778
3.3705	4.1004	0.2228	35.0183	34.1206
3.3710	4.1011	0.2188	34.3576	34.1092
3.3715	4.1020	0.2129	34.3730	34.1315
3.3720	4.1022	0.2083	34.7358	34.2379
3.3725	4.1019	0.2072	34.8925	34.2638
3.3730	4.1027	0.2053	34.4861	34.2720
3.3735	4.1021	0.2095	34.2013	34.3956
3.3740	4.1019	0.2103	34.2860	34.4116
3.3745	4.1022	0.2128	34.5580	34.3830
3.3750	4.1021	0.2121	34.4453	34.4102
3.3755	4.1012	0.2157	34.2732	34.3596
3.3760	4.1004	0.2277	34.6531	34.2939
3.3765	4.0994	0.2418	35.0066	34.2421
3.3770	4.0982	0.2511	34.8456	34.2609
3.3775	4.0985	0.2442	34.5495	34.2838
3.3780	4.0985	0.2503	34.7924	34.3624
3.3785	4.0983	0.2477	35.1357	34.3314
3.3790	4.0989	0.2398	35.0087	34.1916
3.3795	4.0999	0.2387	34.6613	34.1520
3.3800	4.1004	0.2255	34.7841	34.1590
3.3805	4.1013	0.2232	35.0702	34.3299
3.3810	4.1010	0.2174	34.9448	34.3854
3.3815	4.1020	0.2142	34.4415	34.4092
3.3820	4.1015	0.2145	34.4092	34.4397
3.3825	4.1019	0.2114	34.6147	34.3867
3.3830	4.1022	0.2024	34.5340	34.3047
3.3835	4.1020	0.2104	33.9433	34.3076
3.3840	4.1023	0.2044	33.8867	34.3457
3.3845	4.1014	0.2163	33.5490	34.3332
3.3850	4.1005	0.2273	32.8422	34.2625
3.3855	4.1002	0.2336	32.7688	34.2220
3.3860	4.1004	0.2314	32.6869	34.2573
3.3865	4.1005	0.2295	32.9922	34.3568
3.3870	4.1013	0.2290	33.1868	34.3183
3.3875	4.1006	0.2221	33.0934	34.1677
3.3880	4.1015	0.2135	33.0176	34.0806
3.3885	4.1026	0.2121	33.3916	34.0359
3.3890	4.1032	0.2024	33.6500	34.0675
3.3895	4.1021	0.2077	33.5859	34.0949
3.3900	4.1019	0.2106	33.4856	34.1540
3.3905	4.1010	0.2223	33.7751	34.2926
3.3910	4.0998	0.2314	34.0745	34.2995
3.3915	4.0994	0.2429	34.0235	34.2162
3.3920	4.0988	0.2486	33.9101	34.1509
3.3925	4.0974	0.2630	34.2016	34.1955
3.3930	4.0964	0.2727	34.5457	34.1827
3.3935	4.0961	0.2723	34.4817	34.1011
3.3940	4.0964	0.2732	34.2476	34.0732
3.3945	4.0964	0.2669	34.3721	34.1015
3.3950	4.0966	0.2685	34.7144	34.3189
3.3955	4.0974	0.2598	34.7166	34.3194
3.3960	4.0977	0.2570	34.4776	34.1427
3.3965	4.0962	0.2728	34.5415	34.0259
3.3970	4.0965	0.2738	34.9139	33.9932
3.3975	4.0977	0.2567	34.9000	34.0329
3.3980	4.0984	0.2530	34.3888	34.1272
3.3985	4.0992	0.2430	34.3904	34.1488
3.3990	4.1003	0.2266	34.6872	34.1991
3.3995	4.1008	0.2254	34.6998	34.3216
3.4000	4.1016	0.2153	34.3211	34.3347
3.4005	4.1008	0.2155	34.0947	34.2352
3.4010	4.1007	0.2239	34.3593	34.2735
3.4015	4.1006	0.2301	34.6403	34.3809
3.4020	4.1003	0.2290	34.4570	34.3456
3.4025	4.0995	0.2405	34.3849	34.3293
3.4030	4.0994	0.2377	34.7280	34.3549
3.4035	4.0997	0.2368	34.9863	34.3882
3.4040	4.0999	0.2391	34.8032	34.4686
3.4045	4.0993	0.2390	34.6132	34.3504
3.4050	4.0995	0.2390	34.8533	34.2032
3.4055	4.0994	0.2386	35.0597	34.1244
3.4060	4.1000	0.2344	34.8633	34.1085
3.4065	4.1005	0.2323	34.5966	34.0773
3.4070	4.0992	0.2393	34.7548	34.1386
3.4075	4.0992	0.2408	34.9045	34.2867
3.4080	4.0997	0.2421	34.6837	34.3076
3.4085	4.0990	0.2422	34.2328	34.3298
3.4090	4.0986	0.2495	34.2842	34.3210
3.4095	4.0974	0.2576	34.3380	34.3798
3.4100	4.0971	0.2643	34.2725	34.4343
3.4105	4.0966	0.2651	33.1499	34.3547
3.4110	4.0973	0.2648	32.3701	34.2365
3.4115	4.0970	0.2630	32.9620	34.1616
3.4120	4.0971	0.2636	32.9064	34.1300
3.4125	4.0977	0.2574	32.6404	34.1973
3.4130	4.0979	0.2569	32.7091	34.2164
3.4135	4.0988	0.2428	33.1941	34.1178
3.4140	4.1000	0.2365	33.3307	34.0725
3.4145	4.0997	0.2437	33.1305	34.0673
3.4150	4.0999	0.2376	33.1105	34.1009
3.4155	4.0995	0.2385	33.5852	34.1963
3.4160	4.0999	0.2402	33.8405	34.2484
3.4165	4.0999	0.2285	33.6251	34.2466
3.4170	4.0995	0.2388	33.5134	34.2680
3.4175	4.0988	0.2475	33.9357	34.2863
3.4180	4.0986	0.2460	34.2948	34.3311
3.4185	4.0988	0.2436	34.1602	34.4429
3.4190	4.0984	0.2470	33.9724	34.4555
3.4195	4.0985	0.2526	34.2859	34.4831
3.4200	4.0988	0.2456	34.6521	34.3972
3.4205	4.0994	0.2399	34.4927	34.2780
3.4210	4.0999	0.2360	34.2037	34.2396
3.4215	4.1003	0.2302	34.4490	34.3095
3.4220	4.1001	0.2308	34.8625	34.2692
3.4225	4.0999	0.2291	34.7827	34.1997
3.4230	4.0992	0.2404	34.4172	34.2026
3.4235	4.0985	0.2467	34.5614	34.2335
3.4240	4.0984	0.2500	34.9231	34.4008
3.4245	4.0974	0.2576	34.9396	34.4835
3.4250	4.0969	0.2617	34.3129	34.4903
3.4255	4.0964	0.2694	34.0517	34.4607
3.4260	4.0964	0.2707	34.5148	34.4480
3.4265	4.0961	0.2774	34.5320	34.4164
3.4270	4.0968	0.2688	34.1253	34.3466
3.4275	4.0972	0.2621	34.0971	34.3623
3.4280	4.0978	0.2546	34.6876	34.4702
3.4285	4.0975	0.2622	34.9184	34.3491
3.4290	4.0972	0.2632	34.6205	34.1828
3.4295	4.0973	0.2628	34.4942	34.2177
3.4300	4.0978	0.2590	34.9084	34.2932
3.4305	4.0975	0.2564	35.1328	34.3470
3.4310	4.0977	0.2564	34.8819	34.2880
3.4315	4.0983	0.2531	34.7151	34.2021
3.4320	4.0984	0.2465	34.9980	34.1697
3.4325	4.0985	0.2513	35.2255	34.2123
3.4330	4.0992	0.2418	34.9632	34.2498
3.4335	4.0995	0.2345	34.6297	34.2127
3.4340	4.1004	0.2327	34.7684	34.2245
3.4345	4.1015	0.2193	34.9402	34.2291
3.4350	4.1017	0.2118	34.6328	34.2322
3.4355	4.1018	0.2147	34.1600	34.1911
3.4360	4.1008	0.2242	34.1859	34.2264
3.4365	4.1004	0.2276	34.0327	34.3769
3.4370	4.0999	0.2341	33.9033	34.2916
3.4375	4.0994	0.2341	33.2931	34.0871
3.4380	4.0996	0.2419	32.6074	33.9733
3.4385	4.0988	0.2467	32.9552	33.9895
3.4390	4.0987	0.2455	33.0960	34.0681
3.4395	4.0990	0.2469	32.8047	34.1169
3.4400	4.0993	0.2370	32.8990	34.0914
3.4405	4.0990	0.2422	33.3671	34.1204
3.4410	4.0981	0.2519	33.5269	34.2309
3.4415	4.0976	0.2550	33.2526	34.3381
3.4420	4.0973	0.2602	33.2518	34.2875
3.4425	4.0972	0.2599	33.7253	34.1843
3.4430	4.0966	0.2687	33.9896	34.1420
3.4435	4.0968	0.2737	33.7585	34.1343
3.4440	4.0969	0.2681	33.6771	34.0802
3.4445	4.0966	0.2651	34.0881	34.1099
3.4450	4.0970	0.2602	34.4332	34.2424
3.4455	4.0978	0.2599	34.2617	34.2824
3.4460	4.0974	0.2580	34.0858	34.3409
3.4465	4.0988	0.2487	34.3733	34.2029
3.4470	4.0998	0.2316	34.7085	34.1565
3.4475	4.1003	0.2323	34.5468	34.2436
3.4480	4.1011	0.2260	34.3176	34.2311
3.4485	4.1011	0.2187	34.5198	34.1550
3.4490	4.1018	0.2095	34.9117	34.1436
3.4495	4.1024	0.2145	34.8441	34.1436
3.4500	4.1018	0.2110	34.5543	34.2723
3.4505	4.1017	0.2090	34.5816	34.3204
3.4510	4.1013	0.2153	34.9512	34.2867
3.4515	4.1008	0.2151	34.4234	34.2651
3.4520	4.1016	0.2183	33.8394	34.2206
3.4525	4.1015	0.2109	33.9899	34.1309
3.4530	4.1014	0.2196	34.3840	34.2019
3.4535	4.1023	0.2097	34.5941	34.2719
3.4540	4.1020	0.2136	34.4126	34.2121
3.4545	4.1011	0.2170	34.4315	34.1593
3.4550	4.1021	0.2102	34.8280	34.0847
3.4555	4.1028	0.2067	35.0362	34.1305
3.4560	4.1032	0.1993	34.8020	34.1542
3.4565	4.1032	0.1974	34.7188	34.2207
3.4570	4.1024	0.2091	35.0497	34.2183
3.4575	4.1006	0.2266	35.2368	34.1084
3.4580	4.0992	0.2349	35.0068	34.0621
3.4585	4.0989	0.2487	34.8299	34.0721
3.4590	4.0979	0.2564	35.0644	34.1290
3.4595	4.0973	0.2593	35.2043	34.1031
3.4600	4.0966	0.2683	34.9294	34.0649
3.4605	4.0970	0.2647	34.5882	34.0716
3.4610	4.0970	0.2617	34.7254	34.1033
3.4615	4.0974	0.2605	34.7923	34.1079
3.4620	4.0964	0.2760	34.5565	34.1425
3.4625	4.0958	0.2744	33.9502	34.2304
3.4630	4.0960	0.2791	33.7456	34.1813
3.4635	4.0960	0.2742	34.0426	34.1761
3.4640	4.0966	0.2689	33.7751	34.1948
3.4645	4.0966	0.2646	33.1009	34.2234
3.4650	4.0967	0.2619	32.6871	34.2418
3.4655	4.0974	0.2611	33.2096	34.3285
3.4660	4.1001	0.2378	33.2036	34.2776
3.4665	4.1025	0.2095	33.0452	34.0730
3.4670	4.1035	0.2028	33.1194	33.9720
3.4675	4.1029	0.1983	33.5419	34.0823
3.4680	4.1030	0.2005	33.7007	34.1220
3.4685	4.1030	0.1932	33.5434	34.1779
3.4690	4.1045	0.1852	33.5188	34.2376
3.4695	4.1047	0.1781	33.8739	34.2580
3.4700	4.1042	0.1897	34.1057	34.2885
3.4705	4.1031	0.1973	33.9993	34.3082
3.4710	4.1028	0.2009	33.9632	34.3138
3.4715	4.1037	0.1965	34.3163	34.2849
3.4720	4.1032	0.1963	34.6231	34.2828
3.4725	4.1029	0.1980	34.4674	34.2264
3.4730	4.1031	0.1983	34.2343	34.1402
3.4735	4.1019	0.2074	34.4240	34.2055
3.4740	4.1018	0.2149	34.7898	34.3080
3.4745	4.1011	0.2215	34.7432	34.3756
3.4750	4.1006	0.2288	34.5090	34.2374
3.4755	4.1003	0.2303	34.5825	34.1180
3.4760	4.0994	0.2417	34.9659	34.1266
3.4765	4.0982	0.2532	34.9729	34.1573
3.4770	4.0973	0.2589	34.7082	34.1886
3.4775	4.0974	0.2616	33.9588	34.1853
3.4780	4.0962	0.2708	34.0761	34.1862
3.4785	4.0964	0.2782	34.3813	34.1767
3.4790	4.0963	0.2741	34.1887	34.1517
3.4795	4.0961	0.2753	34.1754	34.0793
3.4800	4.0971	0.2622	34.5156	34.0924
3.4805	4.0981	0.2478	34.8133	34.1157
3.4810	4.0985	0.2511	34.6883	34.0316
3.4815	4.0985	0.2490	34.6098	33.9102
3.4820	4.0990	0.2468	34.8667	33.9864
3.4825	4.0990	0.2449	35.1787	34.1092
3.4830	4.0993	0.2422	35.0558	34.1171
3.4835	4.0990	0.2413	34.8056	34.0567
3.4840	4.0994	0.2416	34.9919	33.9128
3.4845	4.0999	0.2324	35.3080	33.8375
3.4850	4.0995	0.2384	35.1675	33.8832
3.4855	4.0995	0.2369	34.8257	33.9905
3.4860	4.1001	0.2319	34.9061	34.0617
3.4865	4.1005	0.2250	35.1464	34.0823
3.4870	4.1003	0.2253	34.9669	34.1328
3.4875	4.1004	0.2284	34.4902	34.2071
3.4880	4.1010	0.2257	34.4193	34.1210
3.4885	4.1003	0.2273	34.5637	34.0822
3.4890	4.1006	0.2298	34.4598	34.0424
3.4895	4.1008	0.2319	33.9071	34.0019
3.4900	4.0996	0.2362	33.5947	33.9257
3.4905	4.0998	0.2352	33.8626	33.8894
3.4910	4.0994	0.2359	33.7731	34.0000
3.4915	4.0989	0.2467	32.9921	34.1632
3.4920	4.0985	0.2489	32.7703	34.2632
3.4925	4.0982	0.2567	33.2521	34.2062
3.4930	4.0969	0.2572	33.4407	34.1134
3.4935	4.0970	0.2658	33.3316	34.1168
3.4940	4.0969	0.2701	33.2801	34.1792
3.4945	4.0967	0.2666	33.6368	34.1986
3.4950	4.0976	0.2589	33.8555	34.2097
3.4955	4.0975	0.2568	33.7270	34.1956
3.4960	4.0972	0.2629	33.6559	34.2112
3.4965	4.0969	0.2658	34.0500	34.1845
3.4970	4.0974	0.2585	34.3468	34.1554
3.4975	4.0967	0.2643	34.2352	34.1590
3.4980	4.0966	0.2735	34.0859	34.1188
3.4985	4.0984	0.2514	34.3859	34.0276
3.4990	4.0998	0.2375	34.6842	33.9750
3.4995	4.0996	0.2364	34.5696	34.0234
3.5000	4.1009	0.2275	34.3016	34.0578
3.5005	4.1013	0.2177	34.5551	34.0255
3.5010	4.1017	0.2213	34.8742	33.9920
3.5015	4.1015	0.2144	34.8521	33.9995
3.5020	4.1005	0.2249	34.5112	34.0305
3.5025	4.1008	0.2275	34.7584	34.1222
3.5030	4.1002	0.2298	34.2249	34.2193
3.5035	4.1006	0.2248	33.8169	34.1949
3.5040	4.1012	0.2186	33.7594	34.1249
3.5045	4.1012	0.2124	33.8688	34.0879
3.5050	4.1024	0.2059	34.3925	34.0544
3.5055	4.1025	0.2037	34.4706	34.0031
3.5060	4.1026	0.2013	34.3019	34.0245
3.5065	4.1016	0.2122	34.3280	34.0239
3.5070	4.1015	0.2180	34.7964	33.9947
3.5075	4.1001	0.2310	34.9793	34.0168
3.5080	4.0988	0.2460	34.7612	34.0733
3.5085	4.0984	0.2536	34.6811	34.1106
3.5090	4.0974	0.2573	35.0687	34.1464
3.5095	4.0975	0.2617	35.2692	34.1408
3.5100	4.0962	0.2708	34.9650	34.1150
3.5105	4.0973	0.2657	34.8045	34.0927
3.5110	4.0981	0.2587	35.1073	34.0502
3.5115	4.0978	0.2518	35.2989	34.1358
3.5120	4.0979	0.2546	34.9619	34.2435
3.5125	4.0976	0.2543	34.6992	34.2047
3.5130	4.0970	0.2596	34.8891	34.1716
3.5135	4.0975	0.2599	35.0344	34.2573
3.5140	4.0991	0.2427	34.5719	34.2527
3.5145	4.1011	0.2255	34.1673	34.2583
3.5150	4.1019	0.2107	34.2377	34.2544
3.5155	4.1020	0.2120	34.5217	34.2027
3.5160	4.1017	0.2151	33.7319	34.1251
3.5165	4.1016	0.2133	33.0500	34.0315
3.5170	4.1018	0.2127	33.3149	34.0866
3.5175	4.1016	0.2207	33.6368	34.0969
3.5180	4.1020	0.2165	33.2384	34.2580
3.5185	4.1022	0.2045	32.8530	34.3886
3.5190	4.1016	0.2117	33.1234	34.2823
3.5195	4.1027	0.2089	33.5700	34.2532
3.5200	4.1027	0.2045	33.6573	34.2340
3.5205	4.1030	0.1989	33.3690	34.2479
3.5210	4.1031	0.2018	33.5178	34.1644
3.5215	4.1028	0.2018	33.9860	34.0947
3.5220	4.1025	0.2012	34.1174	34.1251
3.5225	4.1019	0.2055	33.8355	34.1933
3.5230	4.1016	0.2152	33.9314	34.2702
3.5235	4.1014	0.2171	34.4115	34.3271
3.5240	4.1005	0.2280	34.6073	34.4169
3.5245	4.0999	0.2360	34.3053	34.3408
3.5250	4.0988	0.2443	34.2590	34.2056
3.5255	4.0980	0.2543	34.6537	34.0800
3.5260	4.0976	0.2579	34.8763	33.9611
3.5265	4.0970	0.2614	34.5799	33.9439
3.5270	4.0967	0.2705	34.4578	33.9160
3.5275	4.0963	0.2781	34.7783	33.8746
3.5280	4.0963	0.2718	35.1190	33.8819
3.5285	4.0964	0.2727	34.7137	34.0356
3.5290	4.0964	0.2704	34.3277	34.1355
3.5295	4.0962	0.2722	34.6253	34.2067
3.5300	4.0962	0.2776	34.9512	34.1593
3.5305	4.0961	0.2720	34.6965	34.1084
3.5310	4.0969	0.2671	34.2842	34.0558
3.5315	4.0985	0.2491	34.0897	34.0757
3.5320	4.1001	0.2332	34.5179	34.1107
3.5325	4.1003	0.2337	34.5884	34.1861
3.5330	4.1007	0.2272	34.3267	34.2257
3.5335	4.1010	0.2199	34.5072	34.2091
3.5340	4.1009	0.2274	34.9558	34.1007
3.5345	4.0994	0.2345	35.0062	34.0495
3.5350	4.0998	0.2385	34.6838	34.0618
3.5355	4.0997	0.2348	34.7172	34.0763
3.5360	4.0998	0.2352	35.1185	34.0340
3.5365	4.0997	0.2285	35.1917	33.9459
3.5370	4.0996	0.2414	34.8107	33.9582
3.5375	4.0998	0.2413	34.7113	34.0301
3.5380	4.0999	0.2353	35.0806	34.2031
3.5385	4.1002	0.2307	35.1468	34.2770
3.5390	4.1011	0.2173	34.6884	34.2688
3.5395	4.1011	0.2186	34.3821	34.3032
3.5400	4.1012	0.2200	34.6434	34.3432
3.5405	4.1007	0.2217	34.7041	34.4012
3.5410	4.1006	0.2203	34.2524	34.4783
3.5415	4.1003	0.2284	33.8267	34.5108
3.5420	4.0991	0.2405	34.0418	34.3911
3.5425	4.0984	0.2459	33.3963	34.2970
3.5430	4.0978	0.2550	32.7881	34.1835
3.5435	4.0973	0.2594	32.6512	34.1448
3.5440	4.0975	0.2592	32.8036	34.1124
3.5445	4.0976	0.2549	33.2748	34.0602
3.5450	4.0986	0.2515	33.2416	34.0585
3.5455	4.0987	0.2429	33.0036	34.0137
3.5460	4.0982	0.2499	33.1982	34.0415
3.5465	4.0989	0.2431	33.6767	34.0905
3.5470	4.0998	0.2332	33.7197	34.1211
3.5475	4.1007	0.2257	33.5047	34.2170
3.5480	4.1013	0.2200	33.6237	34.2622
3.5485	4.1024	0.2086	34.0683	34.2811
3.5490	4.1021	0.2102	34.1750	34.2849
3.5495	4.1016	0.2180	33.9727	34.2593
3.5500	4.1012	0.2148	34.0359	34.2928
3.5505	4.1014	0.2194	34.4749	34.2650
3.5510	4.1013	0.2163	34.6239	34.1843
3.5515	4.1011	0.2177	34.3952	34.1095
3.5520	4.1010	0.2214	34.2864	34.0824
3.5525	4.1013	0.2259	34.6052	34.0964
3.5530	4.1010	0.2198	34.8252	34.1301
3.5535	4.1005	0.2249	34.6885	34.1683
3.5540	4.1005	0.2229	34.4882	34.1296
3.5545	4.1006	0.2290	34.7723	34.0488
3.5550	4.1008	0.2212	34.6836	34.0270
3.5555	4.1021	0.2077	34.6119	34.1065
3.5560	4.1023	0.2088	34.5060	34.1806
3.5565	4.1027	0.2063	34.5752	34.2958
3.5570	4.1026	0.2068	34.7065	34.3038
3.5575	4.1028	0.2078	34.5248	34.4304
3.5580	4.1028	0.2035	34.1349	34.4553
3.5585	4.1024	0.2097	34.1623	34.3960
3.5590	4.1028	0.2053	34.5657	34.3772
3.5595	4.1019	0.2130	34.6292	34.3184
3.5600	4.1009	0.2233	34.5446	34.2396
3.5605	4.0996	0.2337	34.5762	34.1893
3.5610	4.0988	0.2401	34.8468	34.2237
3.5615	4.0988	0.2444	34.9402	34.2702
3.5620	4.0985	0.2474	34.8186	34.3655
3.5625	4.0986	0.2502	34.7528	34.4016
3.5630	4.0990	0.2384	34.9562	34.2658
3.5635	4.0992	0.2362	35.0449	34.2056
3.5640	4.1005	0.2276	34.8800	34.1579
3.5645	4.1007	0.2192	34.7012	34.2873
3.5650	4.1012	0.2245	34.7920	34.3486
3.5655	4.1015	0.2155	34.8288	34.3637
3.5660	4.1019	0.2163	34.6276	34.4060
3.5665	4.1021	0.2130	34.2898	34.3988
3.5670	4.1022	0.2150	34.2773	34.3341
3.5675	4.1018	0.2121	34.2870	34.3584
3.5680	4.1018	0.2202	34.1433	34.4006
3.5685	4.1007	0.2199	33.5135	34.4028
3.5690	4.0999	0.2310	32.6122	34.3164
3.5695	4.0997	0.2376	32.8952	34.2479
3.5700	4.0991	0.2387	32.9396	34.2125
3.5705	4.0998	0.2372	32.7836	34.2749
3.5710	4.1001	0.2318	32.8492	34.2979
3.5715	4.1003	0.2316	33.2209	34.1389
3.5720	4.1006	0.2266	33.3175	34.0724
3.5725	4.1013	0.2178	33.2290	34.0528
3.5730	4.1025	0.2101	33.2823	34.1151
3.5735	4.1021	0.2116	33.6186	34.1621
3.5740	4.1021	0.2062	33.7960	34.1887
3.5745	4.1016	0.2136	33.7096	34.2941
3.5750	4.1004	0.2296	33.6851	34.2960
3.5755	4.0994	0.2354	34.0002	34.2026
3.5760	4.0990	0.2466	34.2611	34.1066
3.5765	4.0981	0.2540	34.2005	34.1305
3.5770	4.0972	0.2611	34.1261	34.1727
3.5775	4.0967	0.2666	34.3563	34.1159
3.5780	4.0972	0.2643	34.5897	34.1061
3.5785	4.0971	0.2649	34.4773	34.1538
3.5790	4.0972	0.2608	34.3384	34.3395
3.5795	4.0975	0.2587	34.5439	34.3832
3.5800	4.0978	0.2545	34.8012	34.2031
3.5805	4.0968	0.2655	34.7412	34.0279
3.5810	4.0965	0.2705	34.5275	33.9460
3.5815	4.0973	0.2585	34.6559	33.9553
3.5820	4.0982	0.2513	34.7276	34.0559
3.5825	4.0992	0.2446	34.6852	34.1217
3.5830	4.0998	0.2342	34.4213	34.1769
3.5835	4.1006	0.2237	34.3620	34.3197
3.5840	4.1008	0.2237	34.5598	34.3913
3.5845	4.1007	0.2218	34.4518	34.2982
3.5850	4.1005	0.2295	34.1302	34.2940
3.5855	4.0998	0.2347	34.2222	34.3855
3.5860	4.0998	0.2340	34.5624	34.3308
3.5865	4.0996	0.2384	34.7310	34.2793
3.5870	4.0994	0.2415	34.6116	34.2987
3.5875	4.0995	0.2393	34.5746	34.3154
3.5880	4.0992	0.2456	34.8077	34.4254
3.5885	4.0991	0.2390	34.9415	34.3716
3.5890	4.0996	0.2419	34.8084	34.2191
3.5895	4.0995	0.2401	34.6911	34.1525
3.5900	4.0995	0.2357	34.8560	34.1119
3.5905	4.0997	0.2349	34.9857	34.0885
3.5910	4.0992	0.2375	34.8410	34.1110
3.5915	4.0989	0.2433	34.5450	34.2336
3.5920	4.0988	0.2405	34.5508	34.2622
3.5925	4.0987	0.2444	34.5993	34.2657
3.5930	4.0986	0.2530	34.4433	34.2628
3.5935	4.0977	0.2583	34.0544	34.3228
3.5940	4.0973	0.2624	34.0610	34.4365
3.5945	4.0967	0.2675	33.7953	34.3864
3.5950	4.0970	0.2704	32.6917	34.2860
3.5955	4.0969	0.2693	32.5896	34.1819
3.5960	4.0960	0.2722	32.5744	34.1419
3.5965	4.0969	0.2719	32.8604	34.1788
3.5970	4.0969	0.2608	33.0530	34.1802
3.5975	4.0982	0.2544	32.9850	34.0943
3.5980	4.0993	0.2435	32.9367	34.0247
3.5985	4.0987	0.2451	33.2339	34.0236
3.5990	4.0985	0.2489	33.4922	34.0786
3.5995	4.0989	0.2406	33.4797	34.1693
3.6000	4.0991	0.2466	33.3993	34.2372
3.6005	4.0994	0.2422	33.6035	34.2648
3.6010	4.0989	0.2392	33.8875	34.2434
3.6015	4.0992	0.2424	33.9454	34.2471
3.6020	4.0982	0.2462	33.8764	34.2515
3.6025	4.0984	0.2552	34.0315	34.3558
3.6030	4.0979	0.2593	34.3013	34.4115
3.6035	4.0979	0.2563	34.3734	34.4386
3.6040	4.0986	0.2531	34.2776	34.4009
3.6045	4.0986	0.2467	34.3474	34.2993
3.6050	4.0991	0.2389	34.5331	34.2797
3.6055	4.0991	0.2472	34.6184	34.3136
3.6060	4.0989	0.2508	34.5051	34.2890
3.6065	4.0991	0.2428	34.5318	34.2046
3.6070	4.0982	0.2502	34.7182	34.1875
3.6075	4.0977	0.2526	34.8116	34.1788
3.6080	4.0975	0.2593	34.6638	34.3007
3.6085	4.0971	0.2626	34.6408	34.4247
3.6090	4.0963	0.2691	34.6109	34.4232
3.6095	4.0960	0.2729	34.3509	34.4169
3.6100	4.0960	0.2742	34.2846	34.4216
3.6105	4.0949	0.2834	34.1883	34.4335
3.6110	4.0952	0.2830	34.3231	34.3896
3.6115	4.0960	0.2816	34.4716	34.3867
3.6120	4.0959	0.2750	34.5089	34.4727
3.6125	4.0955	0.2823	34.4547	34.3865
3.6130	4.0950	0.2833	34.6450	34.1993
3.6135	4.0947	0.2893	34.8757	34.1704
3.6140	4.0948	0.2901	34.8746	34.2434
3.6145	4.0951	0.2878	34.7616	34.2925
3.6150	4.0951	0.2877	34.8585	34.2739
3.6155	4.0956	0.2797	35.0456	34.2070
3.6160	4.0957	0.2766	35.0396	34.1664
3.6165	4.0956	0.2823	34.8427	34.2170
3.6170	4.0963	0.2714	34.8621	34.2661
3.6175	4.0964	0.2744	34.9923	34.2314
3.6180	4.0971	0.2642	34.9051	34.1995
3.6185	4.0991	0.2437	34.5996	34.2058
3.6190	4.0993	0.2389	34.5042	34.1835
3.6195	4.0993	0.2351	34.5255	34.1593
3.6200	4.0998	0.2387	34.4584	34.1754
3.6205	4.0988	0.2436	33.8018	34.3363
3.6210	4.0982	0.2527	33.5758	34.3220
3.6215	4.0981	0.2518	33.7241	34.1481
3.6220	4.0982	0.2508	32.9752	34.0165
3.6225	4.0977	0.2577	32.6631	34.0022
3.6230	4.0988	0.2518	32.7692	34.0576
3.6235	4.0987	0.2467	32.9905	34.0931
3.6240	4.0989	0.2469	33.1834	34.0474
3.6245	4.0989	0.2416	33.1396	34.0569
3.6250	4.0981	0.2514	33.1498	34.1303
3.6255	4.0982	0.2585	33.3849	34.2836
3.6260	4.0975	0.2580	33.5966	34.3085
3.6265	4.0970	0.2675	33.5980	34.2223
3.6270	4.0964	0.2691	33.5926	34.1801
3.6275	4.0965	0.2696	33.7769	34.1723
3.6280	4.0972	0.2636	34.0019	34.1504
3.6285	4.0983	0.2535	34.0429	34.1303
3.6290	4.0981	0.2519	34.0430	34.2208
3.6295	4.0990	0.2453	34.1958	34.2316
3.6300	4.0992	0.2411	34.4131	34.2957
3.6305	4.0993	0.2397	34.4325	34.1949
3.6310	4.1013	0.2245	34.3488	34.1356
3.6315	4.1017	0.2127	34.4007	34.2424
3.6320	4.1029	0.2103	34.6013	34.2776
3.6325	4.1027	0.2044	34.6612	34.2255
3.6330	4.1037	0.1944	34.6044	34.1606
3.6335	4.1042	0.1868	34.6118	34.1373
3.6340	4.1038	0.1912	34.8306	34.2296
3.6345	4.1030	0.1992	34.8233	34.2969
3.6350	4.1021	0.2084	34.6834	34.2553
3.6355	4.1024	0.2080	34.2149	34.2376
3.6360	4.1018	0.2140	34.0316	34.2150
3.6365	4.1021	0.2071	34.3154	34.1773
3.6370	4.1019	0.2156	34.1735	34.2248
3.6375	4.1021	0.2084	34.1714	34.3204
3.6380	4.1021	0.2104	34.5073	34.3178
3.6385	4.1016	0.2181	34.8255	34.2689
3.6390	4.1016	0.2136	34.7032	34.1956
3.6395	4.1026	0.2088	34.5569	34.1397
3.6400	4.1037	0.1933	34.8195	34.1428
3.6405	4.1036	0.1930	35.1605	34.1788
3.6410	4.1030	0.1998	35.0532	34.2065
3.6415	4.1009	0.2227	34.7741	34.1310
3.6420	4.1005	0.2292	34.9104	34.0655
3.6425	4.0994	0.2382	35.2490	34.0814
3.6430	4.0985	0.2444	35.1593	34.1504
3.6435	4.0983	0.2549	34.7709	34.1279
3.6440	4.0978	0.2558	34.7736	34.0623
3.6445	4.0971	0.2611	35.0469	34.0451
3.6450	4.0979	0.2582	34.9396	34.0591
3.6455	4.0970	0.2627	34.4345	34.0445
3.6460	4.0968	0.2681	34.2719	34.1221
3.6465	4.0962	0.2723	34.3992	34.2651
3.6470	4.0959	0.2775	34.0593	34.2800
3.6475	4.0961	0.2719	33.7830	34.2400
3.6480	4.0971	0.2671	33.4659	34.2144
3.6485	4.0979	0.2540	33.5168	34.2342
3.6490	4.0984	0.2452	33.0872	34.2290
3.6495	4.0993	0.2401	32.9196	34.2807
3.6500	4.1000	0.2347	32.8038	34.2676
3.6505	4.1022	0.2087	33.1591	34.0847
3.6510	4.1034	0.1994	33.5168	33.9433
3.6515	4.1023	0.2032	33.3865	34.0809
3.6520	4.1025	0.2006	33.2278	34.1748
3.6525	4.1027	0.2041	33.5466	34.2173
3.6530	4.1036	0.1950	33.9460	34.2565
3.6535	4.1030	0.1982	33.8682	34.2656
3.6540	4.1023	0.2050	33.6528	34.2655
3.6545	4.1016	0.2167	33.9159	34.2888
3.6550	4.1011	0.2182	34.3712	34.2871
3.6555	4.1020	0.2092	34.3668	34.2897
3.6560	4.1026	0.2045	34.1354	34.2726
3.6565	4.1027	0.2059	34.2707	34.1993
3.6570	4.1025	0.2046	34.6656	34.1566
3.6575	4.1021	0.2122	34.6480	34.1904
3.6580	4.1017	0.2148	34.3835	34.3138
3.6585	4.1012	0.2164	34.4264	34.3993
3.6590	4.1007	0.2246	34.8487	34.2952
3.6595	4.1006	0.2278	34.9229	34.1251
3.6600	4.0992	0.2377	34.6838	34.0892
3.6605	4.0984	0.2480	34.5667	34.1072
3.6610	4.0973	0.2592	34.9700	34.1486
3.6615	4.0968	0.2678	34.5247	34.1486
3.6620	4.0960	0.2744	33.8567	34.1699
3.6625	4.0957	0.2797	33.9602	34.1793
3.6630	4.0958	0.2812	34.2544	34.1917
3.6635	4.0956	0.2776	34.5340	34.1231
3.6640	4.0966	0.2688	34.4043	34.1073
3.6645	4.0973	0.2604	34.4035	34.1157
3.6650	4.0976	0.2585	34.7050	34.0312
3.6655	4.0985	0.2484	34.9888	33.8726
3.6660	4.0983	0.2481	34.8577	33.8935
3.6665	4.0991	0.2436	34.7485	34.0229
3.6670	4.0992	0.2418	34.9819	34.0599
3.6675	4.0990	0.2410	35.2302	34.0368
3.6680	4.0991	0.2435	35.0858	33.9364
3.6685	4.0992	0.2410	34.8987	33.8789
3.6690	4.0995	0.2357	35.0295	33.9050
3.6695	4.0992	0.2398	35.2415	34.0085
3.6700	4.1004	0.2292	35.0925	34.0798
3.6705	4.1002	0.2294	34.7827	34.0845
3.6710	4.1001	0.2329	34.7776	34.0950
3.6715	4.1001	0.2343	34.8914	34.1572
3.6720	4.0998	0.2374	34.6831	34.0751
3.6725	4.0999	0.2365	34.2935	34.0161
3.6730	4.0991	0.2457	34.2179	34.0442
3.6735	4.0988	0.2474	34.2896	33.9898
3.6740	4.0989	0.2429	33.9291	33.9449
3.6745	4.0988	0.2414	33.5921	33.9245
3.6750	4.0993	0.2430	33.4850	34.0065
3.6755	4.0990	0.2434	33.1980	34.1642
3.6760	4.0985	0.2501	33.0921	34.2469
3.6765	4.0979	0.2540	33.0873	34.2016
3.6770	4.0976	0.2669	33.0959	34.0796
3.6775	4.0965	0.2710	33.3915	34.0546
3.6780	4.0960	0.2729	33.5112	34.1071
3.6785	4.0964	0.2685	33.4974	34.1602
3.6790	4.0969	0.2680	33.5678	34.1845
3.6795	4.0972	0.2589	33.8267	34.1967
3.6800	4.0973	0.2562	33.9289	34.2214
3.6805	4.0976	0.2566	33.9152	34.2173
3.6810	4.0979	0.2555	34.0136	34.1595
3.6815	4.0979	0.2572	34.2772	34.1469
3.6820	4.0971	0.2697	34.3647	34.0891
3.6825	4.0971	0.2580	34.3367	34.0267
3.6830	4.0999	0.2313	34.3522	33.9379
3.6835	4.1004	0.2303	34.5468	33.9697
3.6840	4.1006	0.2265	34.6006	34.0158
3.6845	4.1018	0.2196	34.5709	34.0123
3.6850	4.1017	0.2137	34.5162	33.9939
3.6855	4.1018	0.2128	34.7652	34.0059
3.6860	4.1018	0.2127	34.8081	34.0236
3.6865	4.1020	0.2092	34.8958	34.0962
3.6870	4.1019	0.2033	34.1629	34.1927
3.6875	4.1028	0.2029	33.5960	34.1780
3.6880	4.1033	0.1951	34.0255	34.1093
3.6885	4.1039	0.1959	34.0188	34.0517
3.6890	4.1033	0.1947	34.0901	34.0238
3.6895	4.1041	0.1914	34.1892	33.9808
3.6900	4.1031	0.1895	34.5178	33.9919
3.6905	4.1028	0.2018	34.5591	34.0432
3.6910	4.1018	0.2148	34.5252	34.0363
3.6915	4.1007	0.2234	34.6552	34.0451
3.6920	4.0994	0.2342	34.9424	34.0858
3.6925	4.0990	0.2486	34.9821	34.1056
3.6930	4.0982	0.2529	34.8767	34.1112
3.6935	4.0977	0.2544	34.9029	34.0989
3.6940	4.0967	0.2676	35.1043	34.0641
3.6945	4.0968	0.2683	35.1469	34.0396
3.6950	4.0971	0.2644	34.9864	34.0241
3.6955	4.0977	0.2574	34.9628	34.0984
3.6960	4.0971	0.2589	35.0886	34.2378
3.6965	4.0973	0.2649	35.0969	34.2649
3.6970	4.0966	0.2663	34.8109	34.2007
3.6975	4.0968	0.2628	34.6496	34.2547
3.6980	4.0982	0.2526	34.6675	34.2510
3.6985	4.1000	0.2351	34.6323	34.2306
3.6990	4.1013	0.2182	34.2682	34.2258
3.6995	4.1015	0.2131	34.1068	34.1776
3.7000	4.1010	0.2161	33.8582	34.1356
3.7005	4.1010	0.2201	33.4871	34.0496
3.7010	4.1009	0.2229	33.4254	34.0948
3.7015	4.1014	0.2228	33.2479	34.1069
3.7020	4.1011	0.2136	33.1387	34.2253
3.7025	4.1015	0.2146	33.1875	34.4118
3.7030	4.1018	0.2099	33.3013	34.3199
3.7035	4.1018	0.2125	33.1674	34.2538
3.7040	4.1022	0.2021	33.3769	34.2191
3.7045	4.1029	0.1965	33.6705	34.2121
3.7050	4.1036	0.1937	33.7811	34.1693
3.7055	4.1033	0.1957	33.6425	34.0840
3.7060	4.1038	0.1875	33.7645	34.1007
3.7065	4.1038	0.1934	34.0679	34.1677
3.7070	4.1030	0.2012	34.2395	34.2598
3.7075	4.1026	0.2093	34.1324	34.3311
3.7080	4.1014	0.2220	34.1865	34.4127
3.7085	4.1003	0.2281	34.4757	34.4097
3.7090	4.1003	0.2332	34.6529	34.2636
3.7095	4.0991	0.2366	34.5047	34.1302
3.7100	4.0988	0.2481	34.4358	33.9852
3.7105	4.0981	0.2521	34.6346	33.9211
3.7110	4.0970	0.2653	34.8625	33.9243
3.7115	4.0963	0.2710	34.7334	33.8942
3.7120	4.0972	0.2673	34.6674	33.8528
3.7125	4.0978	0.2592	34.7077	33.9914
3.7130	4.0979	0.2526	34.7320	34.1062
3.7135	4.0977	0.2570	34.7451	34.1979
3.7140	4.0983	0.2487	34.5654	34.1618
3.7145	4.0987	0.2478	34.5145	34.1192
3.7150	4.0995	0.2442	34.6856	34.0618
3.7155	4.0998	0.2354	34.3601	34.0683
3.7160	4.0997	0.2334	34.1208	34.0972
3.7165	4.1004	0.2323	34.3125	34.1731
3.7170	4.1004	0.2302	34.5808	34.2589
3.7175	4.1015	0.2148	34.7667	34.2201
3.7180	4.1021	0.2094	34.6382	34.1293
3.7185	4.1009	0.2169	34.6612	34.0096
3.7190	4.1010	0.2213	34.9371	34.0140
3.7195	4.1010	0.2250	35.0719	34.0377
3.7200	4.1009	0.2236	34.8464	34.0228
3.7205	4.1012	0.2198	34.7534	33.9492
3.7210	4.1011	0.2248	35.0209	33.9636
3.7215	4.1014	0.2201	35.1728	34.0291
3.7220	4.1017	0.2104	34.9362	34.1848
3.7225	4.1018	0.2128	34.6888	34.3012
3.7230	4.1022	0.2087	34.7959	34.2777
3.7235	4.1022	0.2044	34.8799	34.2848
3.7240	4.1027	0.2008	34.6492	34.2881
3.7245	4.1028	0.2052	34.2711	34.3469
3.7250	4.1024	0.2071	34.2752	34.4055
3.7255	4.1020	0.2115	34.2882	34.4628
3.7260	4.1012	0.2195	34.1900	34.3830
3.7265	4.1008	0.2280	33.2187	34.2962
3.7270	4.0989	0.2391	32.6278	34.2262
3.7275	4.0993	0.2456	33.0653	34.1724
3.7280	4.0985	0.2500	32.9982	34.1603
3.7285	4.0994	0.2425	32.8359	34.0788
3.7290	4.0995	0.2369	32.9505	34.0584
3.7295	4.0996	0.2361	33.3297	34.0030
3.7300	4.0996	0.2395	33.4458	33.9844
3.7305	4.0998	0.2353	33.3276	34.0288
3.7310	4.1001	0.2344	33.3670	34.0535
3.7315	4.1005	0.2310	33.7518	34.1751
3.7320	4.1008	0.2206	33.9192	34.2630
3.7325	4.1017	0.2123	33.7883	34.2963
3.7330	4.1018	0.2118	33.7734	34.3116
3.7335	4.1016	0.2182	34.1210	34.2774
3.7340	4.1013	0.2180	34.3879	34.2929
3.7345	4.1010	0.2201	34.3071	34.2585
3.7350	4.1005	0.2223	34.1868	34.1649
3.7355	4.1007	0.2214	34.4246	34.0781
3.7360	4.1004	0.2222	34.6621	34.0411
3.7365	4.1002	0.2260	34.5923	34.0523
3.7370	4.1004	0.2262	34.4175	34.0856
3.7375	4.1002	0.2287	34.6067	34.1621
3.7380	4.1006	0.2327	34.8317	34.1552
3.7385	4.0998	0.2290	34.8780	34.0834
3.7390	4.0999	0.2357	34.4557	34.0473
3.7395	4.1009	0.2236	34.4090	34.0712
3.7400	4.1017	0.2123	34.7903	34.1169
3.7405	4.1017	0.2134	34.7460	34.2486
3.7410	4.1021	0.2061	34.4402	34.2717
3.7415	4.1019	0.2121	34.3149	34.3511
3.7420	4.1013	0.2145	34.4498	34.4346
3.7425	4.1008	0.2208	34.3815	34.3709
3.7430	4.1011	0.2197	34.3020	34.3525
3.7435	4.1005	0.2215	34.2957	34.3432
3.7440	4.1000	0.2339	34.6833	34.2765
3.7445	4.0990	0.2378	34.8796	34.1926
3.7450	4.0972	0.2635	34.6987	34.1849
3.7455	4.0974	0.2654	34.5808	34.2337
3.7460	4.0979	0.2596	34.8588	34.2832
3.7465	4.0973	0.2613	35.0613	34.3780
3.7470	4.0971	0.2553	34.8771	34.2525
3.7475	4.0982	0.2517	34.6968	34.1848
3.7480	4.0996	0.2376	34.8799	34.1337
3.7485	4.0998	0.2322	35.0596	34.2236
3.7490	4.1003	0.2250	34.8344	34.3263
3.7495	4.1012	0.2239	34.5244	34.3381
3.7500	4.1011	0.2228	34.5390	34.3782
3.7505	4.1015	0.2205	34.6458	34.3789
3.7510	4.1019	0.2118	34.4022	34.3060
3.7515	4.1019	0.2090	34.0523	34.2854
3.7520	4.1022	0.2055	33.9882	34.3492
3.7525	4.1019	0.2116	34.0429	34.3591
3.7530	4.1009	0.2182	32.9499	34.3148
3.7535	4.1002	0.2289	32.5441	34.2454
3.7540	4.1004	0.2356	32.7566	34.2191
3.7545	4.1009	0.2316	32.9947	34.2652
3.7550	4.1011	0.2203	33.0168	34.3159
3.7555	4.1008	0.2265	32.9532	34.1874
3.7560	4.1002	0.2285	33.0473	34.0803
3.7565	4.1012	0.2209	33.3655	34.0444
3.7570	4.1020	0.2083	33.5049	34.0534
3.7575	4.1023	0.2116	33.4028	34.1229
3.7580	4.1016	0.2143	33.4667	34.1404
3.7585	4.1010	0.2187	33.7888	34.2304
3.7590	4.1000	0.2310	33.9621	34.2997
3.7595	4.0992	0.2420	33.8544	34.2220
3.7600	4.0986	0.2516	33.8814	34.1220
3.7605	4.0977	0.2599	34.2250	34.1086
3.7610	4.0968	0.2681	34.4606	34.1568
3.7615	4.0962	0.2724	34.3166	34.1172
3.7620	4.0963	0.2685	34.1797	34.0791
3.7625	4.0965	0.2712	34.4090	34.0948
3.7630	4.0971	0.2658	34.6819	34.2547
3.7635	4.0971	0.2645	34.6020	34.3699
3.7640	4.0978	0.2596	34.3826	34.2486
3.7645	4.0973	0.2564	34.5746	34.0677
3.7650	4.0976	0.2609	34.8898	33.9710
3.7655	4.0983	0.2558	34.8762	33.9535
3.7660	4.0985	0.2499	34.4033	34.0400
3.7665	4.0989	0.2447	34.3707	34.1266
3.7670	4.1004	0.2323	34.7298	34.1558
3.7675	4.1010	0.2271	34.6567	34.2674
3.7680	4.1015	0.2187	34.3137	34.3647
3.7685	4.1009	0.2180	34.1658	34.3014
3.7690	4.1011	0.2239	34.3151	34.2432
3.7695	4.1005	0.2256	34.4852	34.3461
3.7700	4.1008	0.2303	34.3955	34.3567
3.7705	4.1005	0.2269	34.3841	34.2869
3.7710	4.0997	0.2351	34.6924	34.2973
3.7715	4.0996	0.2389	34.8684	34.3325
3.7720	4.0991	0.2389	34.7154	34.4046
3.7725	4.0993	0.2463	34.6223	34.4266
3.7730	4.0987	0.2406	34.8296	34.2721
3.7735	4.0991	0.2395	34.9935	34.1662
3.7740	4.0993	0.2416	34.8233	34.1229
3.7745	4.0995	0.2384	34.6482	34.0957
3.7750	4.0988	0.2442	34.7751	34.0802
3.7755	4.0985	0.2509	34.8912	34.2096
3.7760	4.0986	0.2489	34.6320	34.2826
3.7765	4.0985	0.2514	34.3116	34.2946
3.7770	4.0976	0.2582	34.3358	34.2950
3.7775	4.0970	0.2643	34.4470	34.3072
3.7780	4.0968	0.2691	34.1785	34.4107
3.7785	4.0965	0.2726	33.7222	34.3850
3.7790	4.0966	0.2746	32.6249	34.2826
3.7795	4.0968	0.2638	32.7608	34.1967
3.7800	4.0963	0.2713	32.9009	34.1168
3.7805	4.0968	0.2677	32.5845	34.1367
3.7810	4.0967	0.2710	32.6560	34.2090
3.7815	4.0981	0.2614	33.0946	34.1687
3.7820	4.0992	0.2455	33.2325	34.0812
3.7825	4.0991	0.2422	33.0347	34.0612
3.7830	4.0991	0.2463	33.0686	34.0605
3.7835	4.0990	0.2437	33.4788	34.1348
3.7840	4.0995	0.2404	33.7231	34.2205
3.7845	4.0995	0.2387	33.5343	34.2312
3.7850	4.1000	0.2340	33.4856	34.2112
3.7855	4.0992	0.2359	33.8687	34.2496
3.7860	4.0992	0.2369	34.1507	34.2684
3.7865	4.0997	0.2392	34.0215	34.3621
3.7870	4.0988	0.2387	33.9516	34.4493
3.7875	4.0983	0.2526	34.2730	34.4627
3.7880	4.0989	0.2460	34.5436	34.4645
3.7885	4.0995	0.2399	34.3815	34.3283
3.7890	4.0997	0.2322	34.2011	34.2562
3.7895	4.1007	0.2291	34.4458	34.2686
3.7900	4.1004	0.2251	34.7707	34.2787
3.7905	4.1000	0.2328	34.6534	34.1859
3.7910	4.0997	0.2325	34.4195	34.1655
3.7915	4.0993	0.2385	34.5766	34.1642
3.7920	4.0984	0.2523	34.9142	34.2824
3.7925	4.0975	0.2558	34.8296	34.4380
3.7930	4.0972	0.2613	34.4555	34.4862
3.7935	4.0969	0.2693	34.1148	34.4710
3.7940	4.0965	0.2695	34.4412	34.4676
3.7945	4.0955	0.2783	34.5130	34.4476
3.7950	4.0960	0.2767	34.1453	34.3749
3.7955	4.0967	0.2687	34.0897	34.3191
3.7960	4.0976	0.2602	34.5445	34.3946
3.7965	4.0972	0.2618	34.7806	34.4051
3.7970	4.0968	0.2679	34.5404	34.2243
3.7975	4.0963	0.2688	34.4899	34.1744
3.7980	4.0964	0.2764	34.8932	34.2486
3.7985	4.0962	0.2729	35.1065	34.3274
3.7990	4.0968	0.2694	34.8108	34.3382
3.7995	4.0971	0.2664	34.6307	34.2444
3.8000	4.0970	0.2596	34.9733	34.1661
3.8005	4.0970	0.2670	35.2329	34.1591
3.8010	4.0971	0.2678	34.9479	34.2146
3.8015	4.0979	0.2541	34.6225	34.2028
3.8020	4.0984	0.2484	34.8103	34.1624
3.8025	4.0994	0.2380	34.9929	34.2051
3.8030	4.1010	0.2255	34.6731	34.1984
3.8035	4.1005	0.2297	34.2268	34.2004
3.8040	4.1005	0.2302	34.3064	34.1760
3.8045	4.0996	0.2344	34.2779	34.3147
3.8050	4.0993	0.2403	33.7055	34.3528
3.8055	4.0990	0.2447	33.5031	34.1651
3.8060	4.0985	0.2458	33.0960	33.9911
3.8065	4.0981	0.2552	32.9482	33.9435
3.8070	4.0984	0.2543	33.0186	33.9969
3.8075	4.0991	0.2452	32.6841	34.0745
3.8080	4.0992	0.2416	32.7811	34.0704
3.8085	4.0994	0.2363	33.3174	34.0683
3.8090	4.0983	0.2469	33.4818	34.1427
3.8095	4.0976	0.2568	33.1549	34.2889
3.8100	4.0973	0.2626	33.1536	34.3171
3.8105	4.0966	0.2683	33.6837	34.2179
3.8110	4.0963	0.2731	33.9419	34.1359
3.8115	4.0959	0.2812	33.6262	34.0967
3.8120	4.0961	0.2760	33.5317	34.0907
3.8125	4.0960	0.2752	34.0485	34.0617
3.8130	4.0962	0.2700	34.4193	34.1756
3.8135	4.0963	0.2748	34.1587	34.2617
3.8140	4.0960	0.2755	33.9436	34.3054
3.8145	4.0968	0.2685	34.3246	34.3021
3.8150	4.0985	0.2587	34.7184	34.1566
3.8155	4.0987	0.2483	34.4858	34.1957
3.8160	4.0992	0.2468	34.1989	34.2373
3.8165	4.1003	0.2345	34.4865	34.1701
3.8170	4.1000	0.2266	34.9166	34.1058
3.8175	4.1005	0.2247	34.7609	34.0735
3.8180	4.1001	0.2303	34.4376	34.1618
3.8185	4.1003	0.2279	34.6097	34.2933
3.8190	4.1003	0.2323	35.0230	34.2912
3.8195	4.1002	0.2353	34.7055	34.2759
3.8200	4.0999	0.2363	33.7520	34.2420
3.8205	4.1003	0.2298	33.9207	34.1483
3.8210	4.1003	0.2287	34.4256	34.1268
3.8215	4.1006	0.2302	34.4917	34.2277
3.8220	4.1008	0.2222	34.2336	34.2420
3.8225	4.1000	0.2288	34.3454	34.2134
3.8230	4.1001	0.2312	34.8117	34.1062
3.8235	4.1008	0.2188	34.9645	34.1064
3.8240	4.1018	0.2164	34.6745	34.1689
3.8245	4.1017	0.2160	34.6785	34.1943
3.8250	4.1017	0.2188	35.0793	34.2454
3.8255	4.1007	0.2242	35.2214	34.1576
3.8260	4.0996	0.2370	34.8737	34.0487
3.8265	4.0986	0.2447	34.7604	34.0096
3.8270	4.0977	0.2570	35.0821	34.0443
3.8275	4.0969	0.2601	35.2875	34.0774
3.8280	4.0969	0.2663	34.9024	34.0471
3.8285	4.0964	0.2716	34.5962	34.0509
3.8290	4.0970	0.2659	34.7647	34.0881
3.8295	4.0970	0.2635	34.9538	34.1032
3.8300	4.0969	0.2634	34.4987	34.1259
3.8305	4.0967	0.2687	34.1275	34.2112
3.8310	4.0963	0.2741	33.8625	34.2272
3.8315	4.0959	0.2794	34.1295	34.1761
3.8320	4.0967	0.2700	33.8504	34.1449
3.8325	4.0971	0.2644	33.3371	34.1675
3.8330	4.0975	0.2637	32.8773	34.1886
3.8335	4.0979	0.2604	33.0958	34.2694
3.8340	4.0988	0.2512	33.1910	34.3235
3.8345	4.1016	0.2248	32.8397	34.2117
3.8350	4.1030	0.2021	33.0681	34.0319
3.8355	4.1025	0.2052	33.5127	34.0326
3.8360	4.1021	0.2113	33.6306	34.1398
3.8365	4.1026	0.2065	33.3631	34.1489
3.8370	4.1024	0.2014	33.4677	34.1838
3.8375	4.1035	0.1944	33.8883	34.2110
3.8380	4.1033	0.2012	34.0659	34.2248
3.8385	4.1017	0.2075	33.8453	34.2742
3.8390	4.1014	0.2183	33.8829	34.3104
3.8395	4.1016	0.2167	34.2951	34.2995
3.8400	4.1024	0.2128	34.5388	34.2821
3.8405	4.1019	0.2125	34.2962	34.2517
3.8410	4.1020	0.2107	34.2048	34.1908
3.8415	4.1018	0.2105	34.5229	34.1610
3.8420	4.1012	0.2195	34.7848	34.2383
3.8425	4.1009	0.2213	34.5678	34.3293
3.8430	4.1002	0.2253	34.4229	34.3078
3.8435	4.0998	0.2334	34.6754	34.1406
3.8440	4.0993	0.2363	35.0137	34.0855
3.8445	4.0986	0.2500	34.8425	34.1200
3.8450	4.0973	0.2612	34.6420	34.1732
3.8455	4.0973	0.2632	34.4767	34.1953
3.8460	4.0962	0.2720	34.0885	34.1896
3.8465	4.0960	0.2756	34.1700	34.1700
3.8470	4.0962	0.2734	34.0153	34.1634
3.8475	4.0965	0.2712	34.1937	34.0944
3.8480	4.0966	0.2694	34.5094	34.0455
3.8485	4.0982	0.2591	34.6296	34.1126
3.8490	4.0982	0.2549	34.5225	34.0803
3.8495	4.0984	0.2474	34.6684	33.9467
3.8500	4.0988	0.2476	34.9552	33.8948
3.8505	4.0993	0.2402	35.0406	34.0406
3.8510	4.0992	0.2382	34.8736	34.0954
3.8515	4.0992	0.2444	34.8533	34.0826
3.8520	4.0990	0.2419	35.0840	33.9637
3.8525	4.0990	0.2413	35.2091	33.8557
3.8530	4.0997	0.2381	35.0467	33.8406
3.8535	4.0997	0.2392	34.9310	33.9339
3.8540	4.1002	0.2332	35.0282	34.0214
3.8545	4.1006	0.2238	35.0982	34.0752
3.8550	4.1009	0.2207	34.8764	34.0825
3.8555	4.1008	0.2227	34.6483	34.1615
3.8560	4.1008	0.2206	34.6175	34.1563
3.8565	4.1001	0.2256	34.6221	34.0579
3.8570	4.1003	0.2357	34.3514	34.0380
3.8575	4.0999	0.2363	34.1002	34.0081
3.8580	4.0994	0.2348	33.8507	34.0038
3.8585	4.0992	0.2425	33.8566	33.8952
3.8590	4.0992	0.2388	33.7409	33.9205
3.8595	4.0989	0.2447	33.2483	34.0809
3.8600	4.0985	0.2484	32.8840	34.1953
3.8605	4.0980	0.2555	33.1800	34.2505
3.8610	4.0972	0.2582	33.2712	34.1321
3.8615	4.0967	0.2689	33.1766	34.0713
3.8620	4.0965	0.2711	33.3190	34.1036
3.8625	4.0962	0.2710	33.6272	34.1576
3.8630	4.0969	0.2700	33.7195	34.1762
3.8635	4.0972	0.2570	33.6145	34.1736
3.8640	4.0983	0.2567	33.6919	34.1615
3.8645	4.0982	0.2484	34.0099	34.1891
3.8650	4.0978	0.2576	34.1769	34.1464
3.8655	4.0978	0.2571	34.0931	34.1578
3.8660	4.0956	0.2753	34.1298	34.1520
3.8665	4.0969	0.2737	34.4086	34.0731
3.8670	4.0985	0.2505	34.5481	33.9666
3.8675	4.0994	0.2350	34.4413	33.9761
3.8680	4.0996	0.2324	34.3690	34.0161
3.8685	4.1007	0.2205	34.5887	34.0002
3.8690	4.1018	0.2163	34.7569	33.9520
3.8695	4.1017	0.2103	34.6836	33.9407
3.8700	4.1015	0.2127	34.5824	33.9667
3.8705	4.1017	0.2142	34.8123	34.0161
3.8710	4.1028	0.2018	34.7768	34.1446
3.8715	4.1026	0.2030	33.6930	34.2081
3.8720	4.1034	0.1942	33.6833	34.1651
3.8725	4.1040	0.1904	33.9343	34.1026
3.8730	4.1041	0.1887	34.2574	34.0699
3.8735	4.1051	0.1851	34.2447	34.0165
3.8740	4.1048	0.1909	34.2071	33.9832
3.8745	4.1032	0.1956	34.4210	34.0296
3.8750	4.1021	0.2100	34.7388	34.0426
3.8755	4.1012	0.2197	34.7765	34.0015
3.8760	4.0998	0.2334	34.6545	34.0282
3.8765	4.0991	0.2465	34.7809	34.0808
3.8770	4.0983	0.2541	35.0643	34.1020
3.8775	4.0975	0.2509	35.1162	34.1241
3.8780	4.0973	0.2632	34.9290	34.0860
3.8785	4.0970	0.2631	34.9193	34.0822
3.8790	4.0973	0.2634	35.1378	34.0316
3.8795	4.0970	0.2644	35.2023	34.0351
3.8800	4.0977	0.2614	35.0003	34.1634
3.8805	4.0977	0.2560	34.8654	34.2349
3.8810	4.0977	0.2503	34.9405	34.1710
3.8815	4.0977	0.2628	34.9361	34.1853
3.8820	4.0984	0.2528	34.6742	34.2441
3.8825	4.0993	0.2379	34.4172	34.2225
3.8830	4.1008	0.2227	34.3736	34.2379
3.8835	4.1013	0.2201	34.3737	34.2187
3.8840	4.1008	0.2233	34.1116	34.1545
3.8845	4.1010	0.2234	33.3385	34.0549
3.8850	4.1011	0.2136	33.3430	34.0544
3.8855	4.1011	0.2204	33.5018	34.0450
3.8860	4.1008	0.2227	33.3007	34.0819
3.8865	4.1014	0.2161	32.9239	34.2964
3.8870	4.1011	0.2209	33.1651	34.3078
3.8875	4.1011	0.2236	33.3958	34.2332
3.8880	4.1014	0.2111	33.4265	34.2189
3.8885	4.1024	0.2115	33.3867	34.2280
3.8890	4.1024	0.2067	33.5787	34.2130
3.8895	4.1021	0.2101	33.8445	34.1165
3.8900	4.1020	0.2080	33.8863	34.0997
3.8905	4.1018	0.2136	33.8423	34.1255
3.8910	4.1008	0.2176	34.0147	34.1994
3.8915	4.1006	0.2245	34.2718	34.2460
3.8920	4.1004	0.2298	34.3524	34.3003
3.8925	4.0995	0.2351	34.3184	34.3697
3.8930	4.0989	0.2470	34.4058	34.2523
3.8935	4.0976	0.2543	34.5920	34.1558
3.8940	4.0977	0.2624	34.6394	34.0092
3.8945	4.0965	0.2650	34.5406	33.9563
3.8950	4.0965	0.2690	34.6008	33.9281
3.8955	4.0957	0.2757	34.8009	33.9046
3.8960	4.0957	0.2801	34.8782	33.8503
3.8965	4.0966	0.2702	34.7538	33.9033
3.8970	4.0966	0.2721	34.5164	34.0266
3.8975	4.0959	0.2781	34.6834	34.1199
3.8980	4.0956	0.2811	34.8234	34.1468
3.8985	4.0956	0.2803	34.5787	34.1064
3.8990	4.0966	0.2718	34.4890	34.0658
3.8995	4.0979	0.2619	34.4476	34.0549
3.9000	4.0987	0.2446	34.2851	34.0820
3.9005	4.0996	0.2400	34.3494	34.1366
3.9010	4.0999	0.2334	34.3304	34.2088
3.9015	4.0998	0.2364	34.6042	34.2099
3.9020	4.1002	0.2325	34.8315	34.1504
3.9025	4.0997	0.2367	34.8048	34.0228
3.9030	4.0986	0.2461	34.6978	34.0098
3.9035	4.0994	0.2411	34.8398	34.0319
3.9040	4.1002	0.2340	35.0251	34.0466
3.9045	4.1012	0.2218	35.0037	33.9562
3.9050	4.1001	0.2232	34.8741	33.9079
3.9055	4.1005	0.2308	34.9091	33.9680
3.9060	4.1003	0.2227	35.0284	34.0707
3.9065	4.1008	0.2247	34.9703	34.2433
3.9070	4.1011	0.2199	34.7651	34.2774
3.9075	4.1014	0.2184	34.6543	34.2801
3.9080	4.1014	0.2162	34.7076	34.3121
3.9085	4.1021	0.2160	34.5987	34.3550
3.9090	4.1018	0.2125	34.3234	34.4102
3.9095	4.1009	0.2213	34.0790	34.4834
3.9100	4.1001	0.2316	34.1570	34.4205
3.9105	4.0989	0.2431	33.8664	34.2815
3.9110	4.0987	0.2531	32.7739	34.2234
3.9115	4.0975	0.2559	32.7462	34.1388
3.9120	4.0975	0.2615	32.9191	34.1472
3.9125	4.0974	0.2611	33.0277	34.0819
3.9130	4.0982	0.2517	33.0258	34.0698
3.9135	4.0983	0.2488	33.0438	34.0504
3.9140	4.0984	0.2496	33.2422	34.0101
3.9145	4.0988	0.2490	33.5087	34.0375
3.9150	4.0996	0.2403	33.5175	34.0621
3.9155	4.1002	0.2335	33.4790	34.1096
3.9160	4.1004	0.2293	33.6764	34.2136
3.9165	4.1011	0.2189	33.9440	34.2348
3.9170	4.1021	0.2078	33.9529	34.2720
3.9175	4.1015	0.2170	33.9223	34.2646
3.9180	4.1012	0.2165	34.0975	34.2739
3.9185	4.1017	0.2166	34.3791	34.3015
3.9190	4.1017	0.2131	34.3953	34.2257
3.9195	4.1016	0.2147	34.3025	34.1442
3.9200	4.1012	0.2146	34.4102	34.0675
3.9205	4.1018	0.2169	34.6514	34.0576
3.9210	4.1014	0.2183	34.6286	34.0580
3.9215	4.1016	0.2160	34.5125	34.1062
3.9220	4.1017	0.2140	34.5642	34.1348
3.9225	4.1019	0.2118	34.8626	34.0789
3.9230	4.1015	0.2143	34.7971	34.0181
3.9235	4.1025	0.2017	34.2683	34.0488
3.9240	4.1029	0.2023	34.5042	34.1499
3.9245	4.1027	0.2035	34.6382	34.2645
3.9250	4.1031	0.1944	34.7103	34.3082
3.9255	4.1035	0.1989	34.4641	34.3434
3.9260	4.1033	0.2000	34.3269	34.4550
3.9265	4.1028	0.2051	34.2360	34.3997
3.9270	4.1032	0.2044	34.4060	34.3104
3.9275	4.1024	0.2022	34.4221	34.3103
3.9280	4.1019	0.2151	34.4469	34.2646
3.9285	4.1001	0.2278	34.6332	34.2193
3.9290	4.0990	0.2390	34.8057	34.1967
3.9295	4.0988	0.2449	34.8214	34.2627
3.9300	4.0988	0.2432	34.7466	34.2852
3.9305	4.0997	0.2427	34.8032	34.3954
3.9310	4.0995	0.2372	34.9358	34.3411
3.9315	4.0999	0.2385	34.9603	34.2190
3.9320	4.1002	0.2316	34.8272	34.1539
3.9325	4.1008	0.2266	34.7758	34.1541
3.9330	4.1006	0.2233	34.8428	34.3019
3.9335	4.1013	0.2223	34.8717	34.3283
3.9340	4.1020	0.2093	34.6189	34.3771
3.9345	4.1023	0.2108	34.4316	34.4137
3.9350	4.1019	0.2120	34.3563	34.3770
3.9355	4.1015	0.2125	34.3925	34.3228
3.9360	4.1019	0.2134	34.0628	34.3624
3.9365	4.1019	0.2151	33.9104	34.3847
3.9370	4.1007	0.2213	33.1692	34.3594
3.9375	4.1009	0.2179	32.7510	34.2340
3.9380	4.1007	0.2242	32.9405	34.1904
3.9385	4.1012	0.2213	32.7489	34.2200
3.9390	4.1018	0.2139	32.7886	34.2826
3.9395	4.1023	0.2112	33.0693	34.2326
3.9400	4.1013	0.2157	33.2478	34.1135
3.9405	4.1015	0.2151	33.1344	34.0965
3.9410	4.1031	0.2017	33.2243	34.1016
3.9415	4.1030	0.1976	33.5214	34.1676
3.9420	4.1027	0.2054	33.7196	34.1683
3.9425	4.1018	0.2068	33.5917	34.2111
3.9430	4.1010	0.2158	33.6305	34.2870
3.9435	4.0998	0.2287	33.9335	34.2297
3.9440	4.0991	0.2421	34.1472	34.1208
3.9445	4.0983	0.2437	34.0561	34.0705
3.9450	4.0976	0.2652	34.0692	34.1335
3.9455	4.0971	0.2692	34.3552	34.1334
3.9460	4.0962	0.2661	34.5380	34.1191
3.9465	4.0968	0.2726	34.4061	34.1114
3.9470	4.0968	0.2723	34.2868	34.2222
3.9475	4.0972	0.2639	34.5185	34.3836
3.9480	4.0977	0.2582	34.7307	34.3085
3.9485	4.0979	0.2599	34.6452	34.1079
3.9490	4.0967	0.2697	34.5124	33.9642
3.9495	4.0966	0.2714	34.7168	33.9332
3.9500	4.0974	0.2643	34.8178	33.9914
3.9505	4.0980	0.2540	34.5572	34.0897
3.9510	4.0988	0.2472	34.4367	34.1466
3.9515	4.0999	0.2346	34.4529	34.2448
3.9520	4.1011	0.2239	34.5843	34.3660
3.9525	4.1014	0.2184	34.4595	34.3587
3.9530	4.1016	0.2188	34.1251	34.2368
3.9535	4.1009	0.2217	34.1579	34.2703
3.9540	4.1006	0.2257	34.5115	34.3279
3.9545	4.1005	0.2254	34.6159	34.2605
3.9550	4.0999	0.2310	34.5064	34.2483
3.9555	4.0999	0.2354	34.5378	34.3043
3.9560	4.0993	0.2362	34.7923	34.3987
3.9565	4.0989	0.2426	34.8908	34.4698
3.9570	4.0988	0.2468	34.7331	34.3613
3.9575	4.0985	0.2496	34.6854	34.2350
3.9580	4.0986	0.2459	34.8641	34.1541
3.9585	4.0990	0.2461	34.9552	34.0850
3.9590	4.0996	0.2400	34.7526	34.0319
3.9595	4.0988	0.2457	34.6232	34.0928
3.9600	4.0989	0.2448	34.6580	34.2004
3.9605	4.0992	0.2455	34.7121	34.2194
3.9610	4.0986	0.2482	34.3888	34.2659
3.9615	4.0979	0.2573	34.1564	34.2957
3.9620	4.0975	0.2613	34.0643	34.3924
3.9625	4.0968	0.2685	34.2735	34.4559
3.9630	4.0963	0.2675	33.2396	34.3620
3.9635	4.0966	0.2679	32.3682	34.2548
3.9640	4.0960	0.2767	32.6854	34.1439
3.9645	4.0960	0.2816	32.8078	34.1057
3.9650	4.0961	0.2702	32.8638	34.1585
3.9655	4.0969	0.2679	32.7931	34.1318
3.9660	4.0985	0.2530	32.9608	34.0568
3.9665	4.0987	0.2440	33.2021	34.0299
3.9670	4.0984	0.2491	33.3395	34.0525
3.9675	4.0991	0.2459	33.2610	34.1462
3.9680	4.0990	0.2434	33.3775	34.2161
3.9685	4.0987	0.2487	33.6364	34.2598
3.9690	4.0989	0.2493	33.7569	34.2498
3.9695	4.0985	0.2425	33.6924	34.2398
3.9700	4.0991	0.2434	33.8293	34.2322
3.9705	4.0982	0.2511	34.0888	34.2580
3.9710	4.0983	0.2534	34.1746	34.3716
3.9715	4.0976	0.2587	34.1180	34.4097
3.9720	4.0983	0.2531	34.2377	34.4597
3.9725	4.0983	0.2517	34.4451	34.3800
3.9730	4.0993	0.2418	34.4755	34.3036
3.9735	4.0990	0.2413	34.3572	34.2959
3.9740	4.0989	0.2457	34.4495	34.3293
3.9745	4.0991	0.2441	34.6630	34.2463
3.9750	4.0987	0.2484	34.7182	34.1746
3.9755	4.0981	0.2516	34.5514	34.1514
3.9760	4.0978	0.2603	34.6036	34.1808
3.9765	4.0970	0.2637	34.7699	34.3303
3.9770	4.0967	0.2679	34.8400	34.4284
3.9775	4.0960	0.2750	34.3261	34.4241
3.9780	4.0953	0.2815	34.0594	34.4388
3.9785	4.0952	0.2822	34.3827	34.4647
3.9790	4.0951	0.2902	34.4616	34.4366
3.9795	4.0952	0.2806	34.2503	34.3654
3.9800	4.0964	0.2776	34.1667	34.3981
3.9805	4.0964	0.2749	34.5257	34.4448
3.9810	4.0961	0.2758	34.7668	34.2896
3.9815	4.0954	0.2867	34.6948	34.1431
3.9820	4.0950	0.2856	34.5717	34.1794
3.9825	4.0952	0.2861	34.7817	34.2639
3.9830	4.0958	0.2812	35.0322	34.3219
3.9835	4.0956	0.2787	34.9585	34.2806
3.9840	4.0967	0.2703	34.7648	34.1926
3.9845	4.0963	0.2725	34.8690	34.1615
3.9850	4.0962	0.2694	35.0923	34.2113
3.9855	4.0970	0.2661	35.0119	34.2402
3.9860	4.0978	0.2561	34.7036	34.1877
3.9865	4.0985	0.2475	34.6460	34.1846
3.9870	4.0999	0.2335	34.7740	34.1957
3.9875	4.1002	0.2327	34.6620	34.1901
3.9880	4.1001	0.2287	34.2791	34.1659
3.9885	4.1003	0.2304	34.1016	34.2348
3.9890	4.0995	0.2381	33.8063	34.3663
3.9895	4.0996	0.2357	33.8443	34.2645
3.9900	4.0994	0.2408	33.4078	34.0723
3.9905	4.0989	0.2501	32.5899	33.9634
3.9910	4.0982	0.2503	32.7782	33.9978
3.9915	4.0987	0.2489	33.0705	34.0655
3.9920	4.0988	0.2449	32.9564	34.0975
3.9925	4.0993	0.2378	32.9066	34.0686
3.9930	4.0991	0.2465	33.1541	34.1045
3.9935	4.0977	0.2508	33.4455	34.2335
3.9940	4.0970	0.2582	33.4124	34.3347
3.9945	4.0973	0.2597	33.3221	34.2643
3.9950	4.0969	0.2661	33.5577	34.1705
3.9955	4.0968	0.2678	33.8864	34.1226
3.9960	4.0969	0.2668	33.8818	34.1094
3.9965	4.0978	0.2593	33.7408	34.0943
3.9970	4.0979	0.2575	33.9155	34.1112
3.9975	4.0986	0.2485	34.3101	34.2480
3.9980	4.0986	0.2454	34.3676	34.2822
3.9985	4.0991	0.2480	34.1700	34.3252
3.9990	4.0999	0.2413	34.2195	34.1865
3.9995	4.1013	0.2190	34.5627	34.1752
4.0000	4.1025	0.2080	34.6330	34.2424
4.0005	4.1032	0.1985	34.4099	34.2078
4.0010	4.1031	0.2025	34.3954	34.1314
4.0015	4.1037	0.1945	34.7500	34.0766
4.0020	4.1031	0.1956	34.8886	34.1275
4.0025	4.1032	0.2039	34.6760	34.2749
4.0030	4.1031	0.1964	34.5203	34.3189
4.0035	4.1021	0.2055	34.7647	34.3028
4.0040	4.1021	0.2093	34.3803	34.2888
4.0045	4.1023	0.2048	33.9790	34.2320
4.0050	4.1026	0.2065	33.9753	34.1404
4.0055	4.1018	0.2116	34.2048	34.1994
4.0060	4.1021	0.2059	34.5577	34.2823
4.0065	4.1017	0.2184	34.5589	34.2460
4.0070	4.1009	0.2231	34.4579	34.2055
4.0075	4.1015	0.2162	34.6533	34.1529
4.0080	4.1026	0.2047	34.9449	34.1435
4.0085	4.1036	0.1956	34.9274	34.1582
4.0090	4.1029	0.1988	34.7670	34.2077
4.0095	4.1027	0.2086	34.8823	34.2050
4.0100	4.1005	0.2216	35.1358	34.0807
4.0105	4.0999	0.2342	35.1287	34.0302
4.0110	4.0989	0.2442	34.8910	34.0503
4.0115	4.0980	0.2517	34.9015	34.1054
4.0120	4.0981	0.2555	35.0631	34.0685
4.0125	4.0975	0.2606	35.0552	34.0288
4.0130	4.0971	0.2607	34.7245	34.0484
4.0135	4.0975	0.2580	34.5379	34.0658
4.0140	4.0974	0.2620	34.5409	34.0416
4.0145	4.0963	0.2736	34.6405	34.1666
4.0150	4.0957	0.2764	34.1349	34.2189
4.0155	4.0956	0.2789	33.6749	34.1903
4.0160	4.0964	0.2741	33.7716	34.1958
4.0165	4.0971	0.2655	33.7362	34.1783
4.0170	4.0981	0.2502	33.3893	34.1904
4.0175	4.0985	0.2441	32.7285	34.2015
4.0180	4.0985	0.2490	32.9875	34.2929
4.0185	4.1007	0.2319	33.0988	34.2417
4.0190	4.1028	0.2032	33.2209	34.0430
4.0195	4.1035	0.1968	33.2072	33.9873
4.0200	4.1035	0.1989	33.3267	34.1084
4.0205	4.1035	0.2033	33.5274	34.1407
4.0210	4.1039	0.1962	33.6964	34.1686
4.0215	4.1047	0.1868	33.6807	34.2100
4.0220	4.1049	0.1807	33.7394	34.2206
4.0225	4.1034	0.1933	33.9277	34.2504
4.0230	4.1035	0.1976	34.1116	34.2642
4.0235	4.1036	0.1956	34.1369	34.2632
4.0240	4.1038	0.1929	34.1826	34.2618
4.0245	4.1038	0.1941	34.3557	34.2795
4.0250	4.1029	0.2003	34.4924	34.2183
4.0255	4.1026	0.2006	34.4631	34.1427
4.0260	4.1019	0.2106	34.4324	34.2156
4.0265	4.1016	0.2183	34.5652	34.3014
4.0270	4.1007	0.2241	34.6816	34.3388
4.0275	4.0999	0.2345	34.6850	34.2026
4.0280	4.0993	0.2350	34.6634	34.0607
4.0285	4.0985	0.2466	34.8185	34.0624
4.0290	4.0979	0.2553	34.8761	34.1088
4.0295	4.0970	0.2652	34.7766	34.1524
4.0300	4.0966	0.2646	34.0007	34.1501
4.0305	4.0958	0.2797	33.9682	34.1801
4.0310	4.0946	0.2891	34.2796	34.1770
4.0315	4.0947	0.2921	34.2733	34.1584
4.0320	4.0949	0.2893	34.2738	34.0866
4.0325	4.0960	0.2794	34.4240	34.0883
4.0330	4.0971	0.2661	34.6838	34.0864
4.0335	4.0971	0.2567	34.7416	33.9591
4.0340	4.0973	0.2574	34.7172	33.8384
4.0345	4.0984	0.2449	34.8041	33.9333
4.0350	4.0994	0.2375	35.0139	34.0476
4.0355	4.0988	0.2409	35.0891	34.0626
4.0360	4.0986	0.2437	34.9579	34.0125
4.0365	4.0990	0.2493	34.9240	33.8955
4.0370	4.0985	0.2443	35.1063	33.8468
4.0375	4.0987	0.2433	35.1873	33.9044
4.0380	4.0992	0.2409	35.0114	33.9978
4.0385	4.0995	0.2400	34.8808	34.0499
4.0390	4.0994	0.2405	34.9045	34.0364
4.0395	4.0995	0.2369	34.9158	34.0732
4.0400	4.0996	0.2379	34.6905	34.1291
4.0405	4.0991	0.2403	34.4692	34.0495
4.0410	4.0984	0.2460	34.3709	34.0601
4.0415	4.0984	0.2488	34.3724	34.0689
4.0420	4.0987	0.2503	34.0386	34.0386
4.0425	4.0988	0.2465	33.6672	33.9717
4.0430	4.0990	0.2501	33.6898	33.9391
4.0435	4.0990	0.2408	33.6582	34.0209
4.0440	4.0987	0.2531	33.1602	34.1408
4.0445	4.0980	0.2547	32.8695	34.2141
4.0450	4.0970	0.2629	33.1305	34.1414
4.0455	4.0967	0.2659	33.3140	34.0491
4.0460	4.0960	0.2794	33.4256	34.0638
4.0465	4.0952	0.2818	33.3711	34.1413
4.0470	4.0961	0.2773	33.5217	34.1765
4.0475	4.0969	0.2680	33.7352	34.1842
4.0480	4.0976	0.2634	33.8381	34.1638
4.0485	4.0984	0.2553	33.7951	34.1911
4.0490	4.0983	0.2517	33.9331	34.1512
4.0495	4.0986	0.2512	34.1619	34.1176
4.0500	4.0973	0.2594	34.3005	34.1209
4.0505	4.0964	0.2735	34.2486	34.0692
4.0510	4.0973	0.2540	34.3154	33.9704
4.0515	4.0998	0.2385	34.4904	33.9489
4.0520	4.1004	0.2268	34.5988	34.0139
4.0525	4.1008	0.2224	34.4720	34.0265
4.0530	4.1021	0.2135	34.5029	33.9991
4.0535	4.1018	0.2133	34.6752	33.9652
4.0540	4.1015	0.2140	34.8808	33.9742
4.0545	4.1007	0.2275	34.7110	33.9856
4.0550	4.1017	0.2126	34.7422	34.0713
4.0555	4.1023	0.2131	33.9778	34.1596
4.0560	4.1024	0.2104	33.7335	34.1459
4.0565	4.1024	0.2090	33.9673	34.0958
4.0570	4.1015	0.2123	33.9406	34.0695
4.0575	4.1020	0.2096	34.1379	34.0508
4.0580	4.1024	0.2113	34.3483	34.0123
4.0585	4.1021	0.2092	34.5385	34.0289
4.0590	4.1009	0.2201	34.4514	34.0545
4.0595	4.1002	0.2281	34.5529	33.9997
4.0600	4.0991	0.2408	34.7810	33.9698
4.0605	4.0981	0.2506	34.9291	34.0181
4.0610	4.0975	0.2599	34.8741	34.0546
4.0615	4.0969	0.2721	34.8777	34.0734
4.0620	4.0964	0.2714	35.0076	34.0752
4.0625	4.0964	0.2787	35.1042	34.0827
4.0630	4.0959	0.2747	35.0419	34.0748
4.0635	4.0969	0.2597	34.9710	34.0588
4.0640	4.0970	0.2624	35.0465	34.1383
4.0645	4.0971	0.2665	35.0834	34.2407
4.0650	4.0966	0.2669	34.9688	34.1968
4.0655	4.0961	0.2711	34.7524	34.1349
4.0660	4.0968	0.2712	34.6976	34.2171
4.0665	4.0982	0.2547	34.6412	34.2108
4.0670	4.1003	0.2316	34.5080	34.2222
4.0675	4.1016	0.2133	34.2003	34.2353
4.0680	4.1025	0.2144	34.1516	34.2124
4.0685	4.1019	0.2105	33.7064	34.1437
4.0690	4.1016	0.2139	33.4001	34.0582
4.0695	4.1022	0.2177	33.3659	34.0939
4.0700	4.1019	0.2148	33.2756	34.0859
4.0705	4.1019	0.2092	33.1386	34.2277
4.0710	4.1026	0.2011	33.1711	34.3505
4.0715	4.1028	0.2003	33.2401	34.2484
4.0720	4.1029	0.2000	33.2252	34.2078
4.0725	4.1037	0.2031	33.4709	34.1994
4.0730	4.1030	0.1960	33.6652	34.2287
4.0735	4.1036	0.1936	33.7154	34.1627
4.0740	4.1036	0.1942	33.6816	34.1220
4.0745	4.1036	0.1940	33.8632	34.1320
4.0750	4.1030	0.1974	34.0882	34.1892
4.0755	4.1022	0.2035	34.1706	34.2537
4.0760	4.1016	0.2083	34.1465	34.3014
4.0765	4.1012	0.2251	34.3051	34.3699
4.0770	4.1003	0.2313	34.5064	34.3248
4.0775	4.0997	0.2408	34.5460	34.1947
4.0780	4.0986	0.2461	34.4575	34.0720
4.0785	4.0982	0.2537	34.5481	33.9613
4.0790	4.0974	0.2605	34.7018	33.9438
4.0795	4.0964	0.2710	34.7675	33.9390
4.0800	4.0968	0.2683	34.6754	33.8981
4.0805	4.0971	0.2648	34.7717	33.8853
4.0810	4.0979	0.2573	34.7214	33.9977
4.0815	4.0974	0.2626	34.6077	34.0984
4.0820	4.0972	0.2654	34.6234	34.1455
4.0825	4.0975	0.2653	34.6352	34.1130
4.0830	4.0977	0.2593	34.6393	34.0781
4.0835	4.0985	0.2529	34.5638	34.0436
4.0840	4.0995	0.2435	34.1714	34.0669
4.0845	4.0990	0.2417	34.2094	34.0979
4.0850	4.0994	0.2424	34.4206	34.1868
4.0855	4.0994	0.2405	34.5675	34.2167
4.0860	4.1005	0.2295	34.6712	34.1944
4.0865	4.1008	0.2279	34.6911	34.0835
4.0870	4.1000	0.2334	34.7861	33.9927
4.0875	4.1001	0.2297	34.8811	34.0051
4.0880	4.1011	0.2180	34.9168	33.9987
4.0885	4.1020	0.2125	34.9003	33.9697
4.0890	4.1016	0.2143	34.9268	33.8952
4.0895	4.1010	0.2181	34.9700	33.9238
4.0900	4.1016	0.2199	34.9518	34.0311
4.0905	4.1018	0.2145	34.8962	34.2280
4.0910	4.1016	0.2163	34.8592	34.3126
4.0915	4.1021	0.2130	34.8304	34.2981
4.0920	4.1022	0.2051	34.6754	34.3031
4.0925	4.1019	0.2100	34.5071	34.3032
4.0930	4.1025	0.2095	34.3670	34.3324
4.0935	4.1019	0.2109	34.3298	34.3870
4.0940	4.1012	0.2210	34.1330	34.4205
4.0945	4.1005	0.2295	33.9958	34.3305
4.0950	4.0994	0.2384	33.0997	34.2661
4.0955	4.0981	0.2491	32.7827	34.1956
4.0960	4.0974	0.2581	32.9570	34.1757
4.0965	4.0978	0.2599	32.8181	34.1326
4.0970	4.0978	0.2544	32.9603	34.0905
4.0975	4.0980	0.2537	33.1382	34.0631
4.0980	4.0980	0.2490	33.2389	33.9915
4.0985	4.0984	0.2492	33.2134	33.9683
4.0990	4.0991	0.2390	33.3790	33.9918
4.0995	4.1002	0.2277	33.6732	34.0216
4.1000	4.1012	0.2242	33.8018	34.1320
4.1005	4.1017	0.2163	33.6829	34.2026
4.1010	4.1017	0.2094	33.7295	34.2449
4.1015	4.1012	0.2157	34.0137	34.3008
4.1020	4.1007	0.2170	34.2360	34.2908
4.1025	4.1017	0.2148	34.1623	34.3282
4.1030	4.1009	0.2204	34.1730	34.2694
4.1035	4.1011	0.2254	34.4245	34.1578
4.1040	4.1007	0.2275	34.6127	34.0621
4.1045	4.1005	0.2288	34.4653	34.0088
4.1050	4.1005	0.2285	34.3804	34.0035
4.1055	4.0999	0.2288	34.5645	34.0517
4.1060	4.1005	0.2308	34.8216	34.1371
4.1065	4.1007	0.2304	34.7157	34.1217
4.1070	4.1000	0.2339	34.6400	34.0567
4.1075	4.1002	0.2292	34.4553	34.0713
4.1080	4.1011	0.2265	34.6706	34.1172
4.1085	4.1007	0.2195	34.6981	34.2098
4.1090	4.1010	0.2232	34.4574	34.2889
4.1095	4.1019	0.2168	34.4746	34.2619
4.1100	4.1023	0.2133	34.5822	34.3612
4.1105	4.1012	0.2183	34.3518	34.3801
4.1110	4.1009	0.2257	34.0887	34.3231
4.1115	4.1008	0.2213	34.3111	34.2993
4.1120	4.1001	0.2253	34.6193	34.2871
4.1125	4.0998	0.2356	34.7660	34.2614
4.1130	4.0991	0.2428	34.5866	34.1968
4.1135	4.0973	0.2590	34.5811	34.2233
4.1140	4.0976	0.2589	34.8288	34.2397
4.1145	4.0989	0.2507	35.0132	34.3099
4.1150	4.0990	0.2444	34.8589	34.3610
4.1155	4.0993	0.2351	34.7184	34.2032
4.1160	4.0999	0.2347	34.8600	34.1333
4.1165	4.1011	0.2202	35.0534	34.0830
4.1170	4.1008	0.2171	34.8748	34.2202
4.1175	4.1012	0.2192	34.6206	34.3306
4.1180	4.1012	0.2116	34.6038	34.3655
4.1185	4.1017	0.2094	34.7213	34.4248
4.1190	4.1018	0.2098	34.5097	34.4147
4.1195	4.1027	0.2083	34.1809	34.3220
4.1200	4.1028	0.2003	34.0390	34.2897
4.1205	4.1027	0.2015	34.1794	34.3145
4.1210	4.1021	0.2096	33.7956	34.3251
4.1215	4.1016	0.2198	32.5944	34.2403
4.1220	4.1007	0.2252	32.6538	34.1732
4.1225	4.1005	0.2242	32.9441	34.1977
4.1230	4.1007	0.2327	32.9684	34.2784
4.1235	4.1005	0.2278	32.8082	34.3368
4.1240	4.1004	0.2293	32.9643	34.2115
4.1245	4.1003	0.2269	33.2499	34.1343
4.1250	4.1014	0.2243	33.4016	34.1047
4.1255	4.1018	0.2150	33.2848	34.1143
4.1260	4.1018	0.2137	33.3842	34.1114
4.1265	4.1009	0.2209	33.7005	34.1119
4.1270	4.1004	0.2242	33.8479	34.2096
4.1275	4.0998	0.2360	33.7272	34.2371
4.1280	4.0985	0.2446	33.7934	34.1825
4.1285	4.0982	0.2486	34.1198	34.1075
4.1290	4.0968	0.2624	34.3372	34.1499
4.1295	4.0968	0.2711	34.2220	34.2003
4.1300	4.0966	0.2705	34.1672	34.1403
4.1305	4.0966	0.2671	34.4071	34.1005
4.1310	4.0969	0.2679	34.6008	34.1023
4.1315	4.0975	0.2646	34.4800	34.2533
4.1320	4.0978	0.2604	34.3754	34.3180
4.1325	4.0974	0.2582	34.5624	34.1761
4.1330	4.0978	0.2561	34.8133	34.0189
4.1335	4.0980	0.2533	34.7270	33.9630
4.1340	4.0991	0.2474	34.5618	33.9705
4.1345	4.0987	0.2409	34.4578	34.0752
4.1350	4.0986	0.2452	34.6810	34.1768
4.1355	4.0996	0.2381	34.6538	34.2032
4.1360	4.1001	0.2300	34.3320	34.3306
4.1365	4.1009	0.2255	34.2744	34.3882
4.1370	4.1013	0.2223	34.4034	34.2927
4.1375	4.1005	0.2242	34.3605	34.2330
4.1380	4.1005	0.2319	34.2685	34.3254
4.1385	4.1008	0.2280	34.3133	34.2954
4.1390	4.1001	0.2324	34.6108	34.2358
4.1395	4.0995	0.2381	34.7690	34.2952
4.1400	4.0993	0.2378	34.6222	34.3541
4.1405	4.0996	0.2370	34.5969	34.4695
4.1410	4.0990	0.2428	34.8321	34.4382
4.1415	4.0995	0.2422	34.9470	34.2881
4.1420	4.0991	0.2471	34.7641	34.1968
4.1425	4.0991	0.2463	34.6787	34.1175
4.1430	4.0998	0.2403	34.8444	34.0559
4.1435	4.0991	0.2428	34.9324	34.0616
4.1440	4.0988	0.2505	34.6535	34.1913
4.1445	4.0987	0.2475	34.4193	34.2336
4.1450	4.0983	0.2472	34.4534	34.2693
4.1455	4.0977	0.2591	34.5338	34.2890
4.1460	4.0967	0.2629	34.2145	34.3437
4.1465	4.0965	0.2669	33.9515	34.4553
4.1470	4.0960	0.2707	33.6902	34.3978
4.1475	4.0970	0.2727	32.7235	34.2908
4.1480	4.0967	0.2640	32.7168	34.1780
4.1485	4.0963	0.2774	32.6180	34.1127
4.1490	4.0965	0.2741	32.6671	34.1367
4.1495	4.0967	0.2682	32.9380	34.1689
4.1500	4.0979	0.2600	33.0609	34.1027
4.1505	4.0990	0.2464	32.9633	34.0422
4.1510	4.0994	0.2386	33.0617	34.0445
4.1515	4.0986	0.2399	33.3415	34.0963
4.1520	4.0994	0.2401	33.5213	34.1512
4.1525	4.0996	0.2371	33.4764	34.2425
4.1530	4.1004	0.2290	33.5027	34.2585
4.1535	4.1000	0.2223	33.7272	34.2362
4.1540	4.1003	0.2332	33.9302	34.2403
4.1545	4.1010	0.2311	33.9242	34.2370
4.1550	4.1001	0.2321	33.9396	34.3562
4.1555	4.0997	0.2361	34.1741	34.3970
4.1560	4.0990	0.2372	34.3847	34.4577
4.1565	4.1003	0.2405	34.3376	34.4160
4.1570	4.1002	0.2298	34.2649	34.3093
4.1575	4.1009	0.2258	34.3956	34.2749
4.1580	4.1004	0.2219	34.5890	34.3135
4.1585	4.1004	0.2278	34.5711	34.2928
4.1590	4.1003	0.2304	34.4804	34.1893
4.1595	4.0993	0.2387	34.5842	34.1531
4.1600	4.0987	0.2460	34.7822	34.1595
4.1605	4.0979	0.2557	34.7500	34.2647
4.1610	4.0972	0.2570	34.6019	34.3774
4.1615	4.0971	0.2650	34.5094	34.4564
4.1620	4.0963	0.2731	34.3124	34.4432
4.1625	4.0960	0.2756	34.3656	34.4594
4.1630	4.0955	0.2790	34.2390	34.4427
4.1635	4.0958	0.2806	34.2118	34.3778
4.1640	4.0961	0.2743	34.3515	34.3392
4.1645	4.0970	0.2618	34.5168	34.4285
4.1650	4.0965	0.2719	34.5025	34.3791
4.1655	4.0958	0.2751	34.5521	34.1750
4.1660	4.0953	0.2870	34.7673	34.1408
4.1665	4.0955	0.2847	34.9031	34.2248
4.1670	4.0950	0.2865	34.7942	34.3046
4.1675	4.0953	0.2838	34.7379	34.3007
4.1680	4.0961	0.2797	34.9408	34.2249
4.1685	4.0955	0.2785	35.0748	34.1571
4.1690	4.0956	0.2803	34.9223	34.1779
4.1695	4.0960	0.2770	34.7826	34.2218
4.1700	4.0966	0.2729	34.8674	34.1907
4.1705	4.0962	0.2703	34.9418	34.1627
4.1710	4.0985	0.2570	34.6871	34.1936
4.1715	4.0994	0.2383	34.4310	34.1819
4.1720	4.0995	0.2370	34.4027	34.1807
4.1725	4.0993	0.2372	34.4939	34.1767
4.1730	4.0988	0.2460	34.0002	34.3099
4.1735	4.0991	0.2437	33.4851	34.3130
4.1740	4.0988	0.2426	33.6167	34.1235
4.1745	4.0984	0.2497	33.0855	33.9687
4.1750	4.0977	0.2582	32.7150	33.9402
4.1755	4.0981	0.2543	32.7384	34.0151
4.1760	4.0981	0.2526	32.8382	34.0703
4.1765	4.0988	0.2455	33.1329	34.0519
4.1770	4.0990	0.2446	33.2305	34.0491
4.1775	4.0977	0.2505	33.1418	34.1291
4.1780	4.0977	0.2598	33.2311	34.2815
4.1785	4.0967	0.2663	33.5368	34.2917
4.1790	4.0961	0.2676	33.6637	34.1810
4.1795	4.0961	0.2736	33.5600	34.1289
4.1800	4.0960	0.2791	33.5887	34.0982
4.1805	4.0959	0.2750	33.9189	34.0976
4.1810	4.0965	0.2738	34.1635	34.0641
4.1815	4.0960	0.2731	34.0816	34.1960
4.1820	4.0967	0.2685	33.9745	34.2404
4.1825	4.0969	0.2683	34.2490	34.2865
4.1830	4.0971	0.2649	34.5454	34.2350
4.1835	4.0991	0.2478	34.4537	34.1154
4.1840	4.0990	0.2422	34.2304	34.1906
4.1845	4.0998	0.2379	34.4267	34.2201
4.1850	4.1005	0.2269	34.7531	34.1696
4.1855	4.1012	0.2191	34.7457	34.1116
4.1860	4.1021	0.2110	34.4859	34.0933
4.1865	4.1020	0.2107	34.5729	34.1931
4.1870	4.1025	0.2084	34.8375	34.2796
4.1875	4.1020	0.2093	34.8946	34.2527
4.1880	4.1014	0.2190	34.3486	34.2332
4.1885	4.1015	0.2202	33.8205	34.2094
4.1890	4.1015	0.2106	34.2189	34.1260
4.1895	4.1015	0.2162	34.3449	34.1376
4.1900	4.1019	0.2148	34.1930	34.2431
4.1905	4.1023	0.2134	34.2474	34.2431
4.1910	4.1012	0.2196	34.6614	34.1503
4.1915	4.1015	0.2181	34.8541	34.0426
4.1920	4.1023	0.2149	34.6854	34.0772
4.1925	4.1028	0.2081	34.6120	34.1148
4.1930	4.1031	0.2042	34.9336	34.1585
4.1935	4.1022	0.2083	35.1543	34.2096
4.1940	4.1009	0.2233	34.9625	34.1240
4.1945	4.0998	0.2312	34.7721	34.0470
4.1950	4.0991	0.2435	34.9959	34.0234
4.1955	4.0981	0.2537	35.2148	34.0747
4.1960	4.0973	0.2605	35.0351	34.0972
4.1965	4.0968	0.2679	34.7202	34.0460
4.1970	4.0969	0.2617	34.7907	34.0443
4.1975	4.0976	0.2608	34.9237	34.0574
4.1980	4.0979	0.2579	34.7109	34.0364
4.1985	4.0972	0.2582	34.3079	34.0826
4.1990	4.0971	0.2679	34.2463	34.1924
4.1995	4.0971	0.2676	34.0209	34.2056
4.2000	4.0964	0.2694	33.9689	34.1849
4.2005	4.0969	0.2601	33.6003	34.1708
4.2010	4.0975	0.2593	33.3799	34.1860
4.2015	4.0984	0.2526	32.9615	34.2000
4.2020	4.0986	0.2499	33.0587	34.2743
4.2025	4.1001	0.2383	32.9560	34.2953
4.2030	4.1025	0.2133	32.9395	34.1359
4.2035	4.1039	0.1904	33.3127	33.9677
4.2040	4.1027	0.1953	33.4902	34.0219
4.2045	4.1024	0.2071	33.3742	34.1138
4.2050	4.1026	0.2076	33.3806	34.1451
4.2055	4.1031	0.1965	33.7198	34.2128
4.2060	4.1037	0.1926	33.9454	34.2367
4.2065	4.1028	0.2036	33.8461	34.2711
4.2070	4.1024	0.2074	33.7783	34.2940
4.2075	4.1018	0.2130	34.0834	34.2998
4.2080	4.1026	0.2062	34.3974	34.2710
4.2085	4.1034	0.2000	34.3370	34.2244
4.2090	4.1026	0.2006	34.1940	34.1873
4.2095	4.1026	0.2042	34.4155	34.1264
4.2100	4.1030	0.2067	34.6530	34.1305
4.2105	4.1018	0.2154	34.5974	34.2576
4.2110	4.1015	0.2198	34.4216	34.3569
4.2115	4.1011	0.2199	34.5954	34.3097
4.2120	4.1001	0.2291	34.8524	34.1362
4.2125	4.0991	0.2402	34.8760	34.0890
4.2130	4.0983	0.2462	34.6230	34.1087
4.2135	4.0974	0.2549	34.7609	34.1486
4.2140	4.0977	0.2646	34.6043	34.1468
4.2145	4.0968	0.2669	34.0222	34.1540
4.2150	4.0963	0.2735	34.0116	34.1320
4.2155	4.0971	0.2683	34.0488	34.1451
4.2160	4.0976	0.2674	34.3988	34.1134
4.2165	4.0977	0.2579	34.5497	34.1066
4.2170	4.0990	0.2517	34.5113	34.1486
4.2175	4.0984	0.2457	34.5045	34.0868
4.2180	4.0984	0.2486	34.7966	33.9367
4.2185	4.0989	0.2420	34.9777	33.9050
4.2190	4.0994	0.2416	34.8966	34.0322
4.2195	4.0997	0.2386	34.8333	34.0671
4.2200	4.0997	0.2320	35.0384	34.0213
4.2205	4.0994	0.2371	35.1909	33.9023
4.2210	4.1000	0.2340	35.0794	33.8073
4.2215	4.1000	0.2321	34.8805	33.8198
4.2220	4.1003	0.2343	34.9842	33.9500
4.2225	4.1006	0.2307	35.1749	34.0454
4.2230	4.1005	0.2247	35.0467	34.0957
4.2235	4.1007	0.2229	34.7075	34.0982
4.2240	4.1009	0.2291	34.6196	34.1711
4.2245	4.1007	0.2220	34.7466	34.1152
4.2250	4.1001	0.2304	34.6391	34.0340
4.2255	4.0996	0.2351	34.1970	34.0284
4.2260	4.0996	0.2373	34.0022	33.9927
4.2265	4.0994	0.2415	33.9304	33.9676
4.2270	4.0993	0.2452	33.9256	33.9018
4.2275	4.0992	0.2424	33.6109	33.9473
4.2280	4.0990	0.2415	33.1462	34.1115
4.2285	4.0985	0.2469	32.9633	34.2248
4.2290	4.0980	0.2543	33.3059	34.2330
4.2295	4.0976	0.2595	33.1902	34.0978
4.2300	4.0969	0.2706	33.0524	34.0482
4.2305	4.0963	0.2729	33.3728	34.0844
4.2310	4.0966	0.2715	33.7661	34.1177
4.2315	4.0971	0.2641	33.7031	34.1333
4.2320	4.0974	0.2609	33.4981	34.1301
4.2325	4.0983	0.2521	33.7055	34.1523
4.2330	4.0986	0.2495	34.1420	34.1830
4.2335	4.0985	0.2475	34.1953	34.1270
4.2340	4.0979	0.2579	33.9748	34.1424
4.2345	4.0961	0.2782	34.0933	34.1125
4.2350	4.0961	0.2767	34.5443	34.0361
4.2355	4.0985	0.2487	34.6074	33.9333
4.2360	4.1000	0.2341	34.3178	33.9630
4.2365	4.1001	0.2313	34.2922	33.9966
4.2370	4.1006	0.2261	34.7107	33.9664
4.2375	4.1009	0.2279	34.8123	33.9381
4.2380	4.1016	0.2186	34.5983	33.9412
4.2385	4.1024	0.2055	34.4926	33.9592
4.2390	4.1032	0.1977	34.9557	34.0084
4.2395	4.1041	0.1897	34.7135	34.1171
4.2400	4.1042	0.1904	33.5310	34.1480
4.2405	4.1041	0.1826	33.6383	34.1032
4.2410	4.1049	0.1845	34.0128	34.0590
4.2415	4.1044	0.1843	34.3725	34.0431
4.2420	4.1045	0.1877	34.1776	34.0084
4.2425	4.1044	0.1829	34.1478	33.9799
4.2430	4.1034	0.1983	34.4672	34.0032
4.2435	4.1024	0.2104	34.7999	33.9792
4.2440	4.1010	0.2201	34.7227	33.9687
4.2445	4.0998	0.2333	34.5942	34.0068
4.2450	4.0990	0.2422	34.8298	34.0316
4.2455	4.0983	0.2563	35.1504	34.0486
4.2460	4.0980	0.2543	35.0435	34.0632
4.2465	4.0967	0.2662	34.7998	34.0503
4.2470	4.0967	0.2732	34.9332	34.0572
4.2475	4.0965	0.2676	35.2446	34.0310
4.2480	4.0971	0.2593	35.1867	34.0701
4.2485	4.0975	0.2629	34.8586	34.1880
4.2490	4.0979	0.2593	34.8191	34.2301
4.2495	4.0978	0.2548	35.0118	34.1371
4.2500	4.0981	0.2563	34.9512	34.1501
4.2505	4.0984	0.2496	34.5347	34.1830
4.2510	4.0988	0.2411	34.3608	34.1655
4.2515	4.1004	0.2294	34.4400	34.2026
4.2520	4.1004	0.2251	34.4052	34.1968
4.2525	4.1005	0.2299	33.9054	34.1414
4.2530	4.1002	0.2297	33.2161	34.0540
4.2535	4.1006	0.2278	33.4288	34.0514
4.2540	4.1006	0.2252	33.5674	34.0577
4.2545	4.1004	0.2331	33.2063	34.0938
4.2550	4.1001	0.2298	32.8341	34.2928
4.2555	4.1001	0.2296	33.2175	34.2728
4.2560	4.0999	0.2354	33.4685	34.1877
4.2565	4.1004	0.2357	33.4197	34.1947
4.2570	4.1005	0.2293	33.3174	34.2117
4.2575	4.1015	0.2162	33.6141	34.1988
4.2580	4.1015	0.2222	33.9229	34.1104
4.2585	4.1005	0.2213	33.8731	34.0901
4.2590	4.1007	0.2207	33.7397	34.1231
4.2595	4.0998	0.2325	34.0159	34.1856
4.2600	4.0995	0.2362	34.3818	34.2381
4.2605	4.0994	0.2431	34.3663	34.3127
4.2610	4.0991	0.2418	34.1826	34.3499
4.2615	4.0988	0.2487	34.3652	34.2202
4.2620	4.0974	0.2540	34.6943	34.1209
4.2625	4.0971	0.2616	34.6850	33.9771
4.2630	4.0967	0.2697	34.4487	33.9305
4.2635	4.0966	0.2686	34.5548	33.9245
4.2640	4.0959	0.2738	34.8263	33.9031
4.2645	4.0960	0.2691	34.8734	33.8525
4.2650	4.0967	0.2664	34.6727	33.9207
4.2655	4.0960	0.2750	34.4872	34.0404
4.2660	4.0953	0.2841	34.7279	34.1299
4.2665	4.0954	0.2871	34.7953	34.1542
4.2670	4.0953	0.2847	34.5264	34.1086
4.2675	4.0964	0.2744	34.4748	34.0762
4.2680	4.0977	0.2575	34.4407	34.0557
4.2685	4.0986	0.2460	34.3075	34.0854
4.2690	4.0986	0.2466	34.3039	34.1294
4.2695	4.0985	0.2456	34.2894	34.2156
4.2700	4.0986	0.2455	34.6654	34.2058
4.2705	4.0993	0.2389	34.8824	34.1348
4.2710	4.0986	0.2468	34.7461	34.0250
4.2715	4.0987	0.2484	34.6093	34.0173
4.2720	4.0990	0.2424	34.8604	34.0290
4.2725	4.1011	0.2260	35.1210	34.0256
4.2730	4.1015	0.2179	34.9939	33.9359
4.2735	4.1008	0.2231	34.7482	33.9055
4.2740	4.1008	0.2240	34.8617	33.9561
4.2745	4.1018	0.2136	35.1229	34.0732
4.2750	4.1022	0.2136	35.0030	34.2469
4.2755	4.1026	0.2051	34.6693	34.2599
4.2760	4.1032	0.2063	34.5825	34.2707
4.2765	4.1026	0.2009	34.7356	34.3094
4.2770	4.1029	0.2014	34.5902	34.3459
4.2775	4.1026	0.2064	34.2310	34.4068
4.2780	4.1016	0.2137	34.0284	34.4749
4.2785	4.1009	0.2217	34.2196	34.4447
4.2790	4.1005	0.2267	33.7792	34.2989
4.2795	4.0994	0.2376	32.6389	34.2091
4.2800	4.0986	0.2440	32.7155	34.1263
4.2805	4.0986	0.2505	32.9522	34.1092
4.2810	4.0990	0.2490	33.0527	34.0615
4.2815	4.0993	0.2430	32.9677	34.0703
4.2820	4.0994	0.2404	33.0137	34.0415
4.2825	4.0990	0.2397	33.3009	34.0162
4.2830	4.0998	0.2381	33.5285	34.0621
4.2835	4.1003	0.2328	33.4357	34.0866
4.2840	4.1011	0.2214	33.4373	34.1372
4.2845	4.1008	0.2228	33.7302	34.2148
4.2850	4.1019	0.2151	33.9657	34.2288
4.2855	4.1023	0.2104	33.8747	34.2559
4.2860	4.1018	0.2138	33.8658	34.2511
4.2865	4.1020	0.2104	34.1531	34.2498
4.2870	4.1017	0.2139	34.4256	34.2829
4.2875	4.1021	0.2088	34.3500	34.2099
4.2880	4.1020	0.2166	34.2347	34.1316
4.2885	4.1022	0.2104	34.4326	34.0622
4.2890	4.1026	0.2115	34.6824	34.0618
4.2895	4.1026	0.2098	34.5824	34.0707
4.2900	4.1023	0.2121	34.4370	34.1413
4.2905	4.1020	0.2068	34.6043	34.1447
4.2910	4.1019	0.2176	34.9103	34.0731
4.2915	4.1022	0.2114	34.7582	34.0137
4.2920	4.1024	0.2045	34.3559	34.0569
4.2925	4.1031	0.2041	34.5169	34.1340
4.2930	4.1032	0.1965	34.7509	34.2474
4.2935	4.1030	0.1980	34.6863	34.2953
4.2940	4.1034	0.1986	34.3335	34.3240
4.2945	4.1036	0.1960	34.2403	34.4475
4.2950	4.1031	0.2039	34.3144	34.3746
4.2955	4.1030	0.2040	34.4367	34.2920
4.2960	4.1028	0.2051	34.2965	34.3076
4.2965	4.1015	0.2113	34.3988	34.2693
4.2970	4.1004	0.2251	34.7430	34.1988
4.2975	4.0991	0.2352	34.8491	34.1933
4.2980	4.0994	0.2364	34.6555	34.2532
4.2985	4.0996	0.2351	34.6542	34.2988
4.2990	4.1004	0.2325	34.9251	34.3912
4.2995	4.1006	0.2295	35.0062	34.2949
4.3000	4.1011	0.2292	34.7858	34.1723
4.3005	4.1010	0.2200	34.6735	34.1273
4.3010	4.1023	0.2138	34.9052	34.1342
4.3015	4.1017	0.2140	34.9709	34.3018
4.3020	4.1017	0.2137	34.6875	34.3396
4.3025	4.1026	0.2092	34.3930	34.3889
4.3030	4.1024	0.2067	34.5121	34.4183
4.3035	4.1023	0.2033	34.5248	34.3632
4.3040	4.1028	0.2071	34.2569	34.3043
4.3045	4.1026	0.2038	33.8278	34.3288
4.3050	4.1028	0.2080	33.9615	34.3417
4.3055	4.1017	0.2089	33.3113	34.3010
4.3060	4.1015	0.2184	32.6697	34.2045
4.3065	4.1005	0.2275	32.6349	34.1718
4.3070	4.1011	0.2266	32.7164	34.2390
4.3075	4.1013	0.2196	33.0479	34.3074
4.3080	4.1014	0.2160	33.1236	34.2619
4.3085	4.1013	0.2199	32.9943	34.1331
4.3090	4.1024	0.2133	33.0475	34.0787
4.3095	4.1029	0.2044	33.4226	34.0626
4.3100	4.1031	0.2049	33.5662	34.0988
4.3105	4.1023	0.2063	33.4763	34.1010
4.3110	4.1016	0.2194	33.5453	34.1723
4.3115	4.1006	0.2262	33.8663	34.2508
4.3120	4.0993	0.2364	34.0001	34.2198
4.3125	4.0984	0.2492	33.9018	34.1269
4.3130	4.0977	0.2555	33.9404	34.0905
4.3135	4.0969	0.2665	34.2655	34.1564
4.3140	4.0961	0.2764	34.4608	34.1355
4.3145	4.0961	0.2772	34.3199	34.0995
4.3150	4.0963	0.2753	34.2413	34.0686
4.3155	4.0964	0.2681	34.4595	34.1587
4.3160	4.0972	0.2655	34.6638	34.3274
4.3165	4.0975	0.2567	34.5520	34.2599
4.3170	4.0976	0.2614	34.4558	34.0649
4.3175	4.0956	0.2763	34.6296	33.9420
4.3180	4.0963	0.2766	34.8801	33.9229
4.3185	4.0970	0.2676	34.6724	33.9894
4.3190	4.0969	0.2623	34.3343	34.1139
4.3195	4.0981	0.2589	34.5147	34.1374
4.3200	4.0987	0.2482	34.6716	34.2405
4.3205	4.0997	0.2381	34.4971	34.3526
4.3210	4.1005	0.2289	34.1944	34.3248
4.3215	4.1003	0.2298	34.1421	34.2045
4.3220	4.0998	0.2376	34.3830	34.2497
4.3225	4.1000	0.2378	34.4917	34.3095
4.3230	4.0994	0.2399	34.3673	34.2498
4.3235	4.0997	0.2372	34.4761	34.2609
4.3240	4.0996	0.2412	34.7400	34.3124
4.3245	4.0994	0.2450	34.8103	34.3689
4.3250	4.0989	0.2493	34.6553	34.4571
4.3255	4.0986	0.2508	34.6594	34.3241
4.3260	4.0978	0.2533	34.8761	34.1938
4.3265	4.0981	0.2552	34.9308	34.1102
4.3270	4.0981	0.2490	34.7567	34.0473
4.3275	4.0987	0.2470	34.6443	34.0073
4.3280	4.0985	0.2467	34.7720	34.1007
4.3285	4.0985	0.2440	34.7359	34.1965
4.3290	4.0990	0.2446	34.5201	34.2350
4.3295	4.0983	0.2520	34.2569	34.2695
4.3300	4.0981	0.2557	34.3196	34.2833
4.3305	4.0975	0.2646	34.1953	34.3926
4.3310	4.0970	0.2670	34.0641	34.4349
4.3315	4.0962	0.2714	32.9510	34.3251
4.3320	4.0965	0.2700	32.4702	34.2231
4.3325	4.0959	0.2759	32.8953	34.1115
4.3330	4.0961	0.2764	32.7140	34.1006
4.3335	4.0965	0.2759	32.6090	34.1502
4.3340	4.0971	0.2637	32.8156	34.1323
4.3345	4.0978	0.2542	33.1931	34.0519
4.3350	4.0986	0.2465	33.1904	34.0195
4.3355	4.0980	0.2478	33.0772	34.0307
4.3360	4.0990	0.2496	33.2240	34.0876
4.3365	4.0993	0.2410	33.5873	34.1574
4.3370	4.0987	0.2474	33.6512	34.2434
4.3375	4.0990	0.2475	33.5164	34.2170
4.3380	4.0984	0.2474	33.6142	34.2206
4.3385	4.0985	0.2550	34.0141	34.2272
4.3390	4.0978	0.2541	34.1466	34.2842
4.3395	4.0980	0.2528	34.0049	34.3787
4.3400	4.0978	0.2586	34.0508	34.4247
4.3405	4.0979	0.2616	34.3686	34.4550
4.3410	4.0987	0.2513	34.4833	34.3519
4.3415	4.0993	0.2431	34.3191	34.2642
4.3420	4.0995	0.2357	34.2731	34.2535
4.3425	4.0999	0.2379	34.5546	34.2943
4.3430	4.1001	0.2354	34.6998	34.2047
4.3435	4.0996	0.2378	34.5743	34.1389
4.3440	4.0988	0.2480	34.4901	34.1336
4.3445	4.0983	0.2551	34.7175	34.1980
4.3450	4.0973	0.2623	34.8026	34.3254
4.3455	4.0968	0.2655	34.6569	34.4302
4.3460	4.0961	0.2778	34.2268	34.4659
4.3465	4.0960	0.2788	34.2144	34.4367
4.3470	4.0952	0.2799	34.4647	34.4510
4.3475	4.0956	0.2830	34.3103	34.4033
4.3480	4.0961	0.2760	34.1341	34.3192
4.3485	4.0973	0.2667	34.2867	34.3442
4.3490	4.0972	0.2627	34.6123	34.4074
4.3495	4.0964	0.2717	34.6091	34.2550
4.3500	4.0960	0.2756	34.5348	34.1177
4.3505	4.0962	0.2776	34.6897	34.1792
4.3510	4.0965	0.2674	34.9460	34.2764
4.3515	4.0969	0.2690	34.9495	34.3232
4.3520	4.0965	0.2638	34.7789	34.2692
4.3525	4.0974	0.2591	34.8016	34.1894
4.3530	4.0973	0.2593	35.0171	34.1490
4.3535	4.0974	0.2650	35.0234	34.1948
4.3540	4.0981	0.2520	34.8227	34.2080
4.3545	4.0990	0.2445	34.7160	34.1424
4.3550	4.0999	0.2326	34.7988	34.1605
4.3555	4.1013	0.2199	34.7314	34.1466
4.3560	4.1013	0.2166	34.4482	34.1864
4.3565	4.1009	0.2213	34.2661	34.1555
4.3570	4.1001	0.2343	34.2835	34.2438
4.3575	4.0998	0.2325	33.8052	34.3816
4.3580	4.0997	0.2403	33.6576	34.2715
4.3585	4.0995	0.2414	33.2391	34.0690
4.3590	4.0989	0.2456	32.6775	33.9515
4.3595	4.0980	0.2534	32.9014	33.9628
4.3600	4.0986	0.2502	32.8714	34.0303
4.3605	4.0987	0.2463	32.8072	34.0519
4.3610	4.0992	0.2437	33.0267	34.0278
4.3615	4.0988	0.2425	33.3012	34.0663
4.3620	4.0980	0.2526	33.3083	34.1987
4.3625	4.0972	0.2608	33.2480	34.3252
4.3630	4.0972	0.2644	33.4281	34.2512
4.3635	4.0966	0.2656	33.7028	34.1782
4.3640	4.0966	0.2708	33.7539	34.1219
4.3645	4.0967	0.2709	33.6865	34.1155
4.3650	4.0975	0.2557	33.8125	34.0763
4.3655	4.0977	0.2602	34.1158	34.0900
4.3660	4.0977	0.2531	34.2422	34.2275
4.3665	4.0981	0.2549	34.1531	34.2472
4.3670	4.0980	0.2530	34.1847	34.2804
4.3675	4.0988	0.2426	34.4174	34.1622
4.3680	4.1003	0.2339	34.5444	34.1490
4.3685	4.1013	0.2234	34.4084	34.2281
4.3690	4.1018	0.2121	34.3785	34.2092
4.3695	4.1025	0.2133	34.5994	34.1399
4.3700	4.1033	0.2018	34.7982	34.1031
4.3705	4.1029	0.2004	34.6698	34.1151
4.3710	4.1027	0.2012	34.5613	34.2315
4.3715	4.1024	0.2063	34.6777	34.2749
4.3720	4.1018	0.2124	34.8668	34.2504
4.3725	4.1015	0.2160	34.2104	34.2402
4.3730	4.1014	0.2143	33.8359	34.1913
4.3735	4.1019	0.2113	34.1055	34.1240
4.3740	4.1018	0.2121	34.3571	34.1818
4.3745	4.1021	0.2095	34.4081	34.2360
4.3750	4.1019	0.2120	34.3302	34.1751
4.3755	4.1015	0.2140	34.5452	34.0824
4.3760	4.1017	0.2145	34.8688	34.0581
4.3765	4.1024	0.2129	34.8734	34.1025
4.3770	4.1029	0.2047	34.7066	34.1402
4.3775	4.1022	0.2050	34.8137	34.1969
4.3780	4.1012	0.2141	35.0815	34.1824
4.3785	4.1000	0.2273	35.0594	34.0667
4.3790	4.0991	0.2410	34.8764	34.0272
4.3795	4.0979	0.2477	34.9076	34.0470
4.3800	4.0976	0.2558	35.1299	34.0799
4.3805	4.0976	0.2642	35.0794	34.0466
4.3810	4.0969	0.2708	34.7953	34.0208
4.3815	4.0960	0.2667	34.6169	34.0320
4.3820	4.0966	0.2670	34.7737	34.0358
4.3825	4.0963	0.2719	34.6760	34.0297
4.3830	4.0960	0.2763	34.4281	34.1397
4.3835	4.0955	0.2821	33.9590	34.2037
4.3840	4.0952	0.2782	33.8350	34.1465
4.3845	4.0959	0.2783	33.9635	34.1228
4.3850	4.0965	0.2702	33.6386	34.1264
4.3855	4.0972	0.2600	33.1254	34.1390
4.3860	4.0977	0.2591	32.7487	34.1730
4.3865	4.0974	0.2629	33.1564	34.2724
4.3870	4.0997	0.2393	33.0633	34.2180
4.3875	4.1022	0.2127	33.0444	34.0297
4.3880	4.1032	0.1979	33.2111	33.9637
4.3885	4.1035	0.2006	33.5157	34.0784
4.3890	4.1033	0.1986	33.5216	34.1107
4.3895	4.1033	0.1937	33.4735	34.1366
4.3900	4.1045	0.1809	33.6386	34.1707
4.3905	4.1048	0.1804	33.9443	34.1821
4.3910	4.1033	0.1907	33.9770	34.2107
4.3915	4.1027	0.2050	33.8751	34.2523
4.3920	4.1019	0.2071	33.9860	34.2274
4.3925	4.1024	0.2074	34.3510	34.2909
4.3930	4.1022	0.2089	34.5275	34.3166
4.3935	4.1026	0.2098	34.3590	34.2140
4.3940	4.1022	0.2103	34.2484	34.1146
4.3945	4.1015	0.2158	34.4866	34.1636
4.3950	4.1011	0.2224	34.7470	34.2429
4.3955	4.1007	0.2314	34.6497	34.2858
4.3960	4.1001	0.2341	34.4779	34.1550
4.3965	4.0996	0.2331	34.6366	34.0353
4.3970	4.0985	0.2449	34.9825	34.0644
4.3975	4.0977	0.2590	34.8899	34.1294
4.3980	4.0972	0.2676	34.6112	34.1910
4.3985	4.0963	0.2712	33.9741	34.1778
4.3990	4.0957	0.2800	34.1047	34.1783
4.3995	4.0946	0.2908	34.3013	34.1354
4.4000	4.0940	0.2938	34.0853	34.1094
4.4005	4.0944	0.2961	34.1749	34.0368
4.4010	4.0957	0.2821	34.6035	34.0310
4.4015	4.0968	0.2652	34.7850	34.0395
4.4020	4.0969	0.2631	34.5476	33.9647
4.4025	4.0975	0.2590	34.5714	33.8287
4.4030	4.0979	0.2608	34.9653	33.9125
4.4035	4.0991	0.2465	35.1607	34.0629
4.4040	4.0988	0.2468	34.9150	34.0665
4.4045	4.0982	0.2460	34.7794	33.9990
4.4050	4.0980	0.2520	35.0692	33.8735
4.4055	4.0985	0.2502	35.2733	33.8066
4.4060	4.0986	0.2524	35.0479	33.8464
4.4065	4.0988	0.2434	34.8014	33.9463
4.4070	4.0996	0.2378	34.9666	34.0191
4.4075	4.1001	0.2319	35.1178	34.0405
4.4080	4.1003	0.2277	34.8412	34.0817
4.4085	4.0999	0.2335	34.4683	34.1410
4.4090	4.0999	0.2336	34.4862	34.0668
4.4095	4.0992	0.2340	34.5552	34.0258
4.4100	4.0995	0.2469	34.3570	33.9904
4.4105	4.0992	0.2410	33.8629	34.0081
4.4110	4.0991	0.2446	33.6512	33.9298
4.4115	4.0990	0.2389	33.8325	33.8443
4.4120	4.0991	0.2416	33.6554	33.9655
4.4125	4.0987	0.2467	32.9622	34.1120
4.4130	4.0980	0.2493	32.8206	34.2006
4.4135	4.0973	0.2608	33.2891	34.1351
4.4140	4.0967	0.2680	33.3649	34.0526
4.4145	4.0959	0.2695	33.2438	34.0589
4.4150	4.0958	0.2782	33.2661	34.1293
4.4155	4.0960	0.2767	33.6768	34.1604
4.4160	4.0964	0.2717	33.8362	34.1615
4.4165	4.0973	0.2668	33.6806	34.1291
4.4170	4.0978	0.2528	33.6627	34.1569
4.4175	4.0980	0.2543	34.0576	34.1196
4.4180	4.0981	0.2528	34.2933	34.0769
4.4185	4.0973	0.2561	34.1646	34.0617
4.4190	4.0966	0.2648	34.0761	34.0339
4.4195	4.0979	0.2607	34.4228	33.9362
4.4200	4.0995	0.2390	34.6521	33.9239
4.4205	4.0997	0.2327	34.4929	34.0116
4.4210	4.1003	0.2284	34.2707	34.0323
4.4215	4.1013	0.2175	34.5878	33.9998
4.4220	4.1017	0.2167	34.8506	33.9556
4.4225	4.1014	0.2170	34.7841	33.9576
4.4230	4.1005	0.2300	34.4903	33.9615
4.4235	4.1002	0.2275	34.7905	34.0415
4.4240	4.1002	0.2309	34.2171	34.1410
4.4245	4.1006	0.2262	33.7167	34.1372
4.4250	4.1010	0.2238	33.7509	34.0891
4.4255	4.1008	0.2313	33.8853	34.0622
4.4260	4.1011	0.2219	34.3409	34.0443
4.4265	4.1014	0.2159	34.3828	34.0120
4.4270	4.1019	0.2147	34.2834	34.0106
4.4275	4.1012	0.2228	34.3403	34.0243
4.4280	4.1003	0.2278	34.7707	33.9552
4.4285	4.0994	0.2407	34.9071	33.9500
4.4290	4.0980	0.2564	34.7270	33.9932
4.4295	4.0972	0.2643	34.7068	34.0400
4.4300	4.0971	0.2681	35.0200	34.0745
4.4305	4.0967	0.2686	35.1599	34.0913
4.4310	4.0959	0.2756	34.9752	34.0957
4.4315	4.0964	0.2690	34.8595	34.0774
4.4320	4.0971	0.2632	35.0497	34.0478
4.4325	4.0976	0.2583	35.2064	34.1164
4.4330	4.0971	0.2616	34.9848	34.1963
4.4335	4.0970	0.2664	34.7676	34.1686
4.4340	4.0965	0.2698	34.8217	34.1089
4.4345	4.0964	0.2700	34.8863	34.1917
4.4350	4.0979	0.2551	34.5700	34.2080
4.4355	4.0990	0.2427	34.2989	34.2317
4.4360	4.0998	0.2328	34.2419	34.2579
4.4365	4.1006	0.2307	34.3801	34.2009
4.4370	4.1001	0.2317	33.7263	34.1005
4.4375	4.1000	0.2366	33.1473	34.0121
4.4380	4.0995	0.2360	33.3125	34.0534
4.4385	4.0998	0.2357	33.4897	34.0363
4.4390	4.1002	0.2377	33.1972	34.1668
4.4395	4.1005	0.2292	32.9479	34.3140
4.4400	4.0998	0.2351	33.1524	34.2436
4.4405	4.1000	0.2354	33.4047	34.2207
4.4410	4.1002	0.2325	33.5455	34.2318
4.4415	4.1008	0.2215	33.4428	34.2568
4.4420	4.1020	0.2148	33.5802	34.1899
4.4425	4.1023	0.2051	33.8598	34.1073
4.4430	4.1027	0.2092	33.9961	34.0924
4.4435	4.1028	0.2054	33.8941	34.1238
4.4440	4.1021	0.2089	33.9770	34.1861
4.4445	4.1020	0.2151	34.2610	34.2357
4.4450	4.1009	0.2226	34.4654	34.3492
4.4455	4.0998	0.2293	34.3649	34.3229
4.4460	4.0998	0.2333	34.3489	34.2204
4.4465	4.0995	0.2454	34.5499	34.1263
4.4470	4.0978	0.2527	34.7246	34.0019
4.4475	4.0979	0.2596	34.5874	33.9650
4.4480	4.0966	0.2709	34.5225	33.9338
4.4485	4.0965	0.2723	34.7080	33.8661
4.4490	4.0970	0.2624	34.9838	33.8441
4.4495	4.0970	0.2610	34.7043	33.9497
4.4500	4.0965	0.2715	34.3919	34.0454
4.4505	4.0949	0.2821	34.6039	34.1509
4.4510	4.0954	0.2832	34.8308	34.1312
4.4515	4.0954	0.2831	34.6573	34.1405
4.4520	4.0962	0.2682	34.3624	34.1030
4.4525	4.0978	0.2533	34.1175	34.1076
4.4530	4.0995	0.2449	34.3721	34.1257
4.4535	4.0988	0.2368	34.4952	34.1689
4.4540	4.0990	0.2402	34.3572	34.1880
4.4545	4.1001	0.2350	34.5309	34.1390
4.4550	4.0999	0.2352	34.8301	34.0149
4.4555	4.0984	0.2459	34.9046	33.9760
4.4560	4.0982	0.2559	34.7414	34.0204
4.4565	4.0979	0.2497	34.7717	34.0726
4.4570	4.0986	0.2431	34.9878	34.0822
4.4575	4.0987	0.2461	35.0316	33.9832
4.4580	4.0983	0.2494	34.8615	33.9853
4.4585	4.0979	0.2523	34.8203	34.0493
4.4590	4.0986	0.2476	34.9889	34.1602
4.4595	4.0987	0.2434	34.9868	34.2189
4.4600	4.1001	0.2409	34.7182	34.1918
4.4605	4.0996	0.2350	34.5074	34.2110
4.4610	4.0997	0.2334	34.5964	34.2580
4.4615	4.0992	0.2359	34.5425	34.3527
4.4620	4.0995	0.2425	34.2704	34.4650
4.4625	4.0988	0.2426	33.9335	34.5483
4.4630	4.0981	0.2537	34.0137	34.4522
4.4635	4.0978	0.2581	33.3093	34.3295
4.4640	4.0971	0.2649	32.7656	34.1959
4.4645	4.0966	0.2685	32.7887	34.1351
4.4650	4.0963	0.2673	32.7756	34.0668
4.4655	4.0970	0.2655	33.0653	33.9975
4.4660	4.0971	0.2623	33.1568	33.9991
4.4665	4.0978	0.2577	33.1170	33.9584
4.4670	4.0976	0.2578	33.2105	33.9973
4.4675	4.0977	0.2574	33.4878	34.0818
4.4680	4.0991	0.2467	33.6072	34.1309
4.4685	4.0991	0.2410	33.6012	34.2280
4.4690	4.0996	0.2325	33.6609	34.2747
4.4695	4.0998	0.2280	33.8754	34.2611
4.4700	4.0999	0.2310	34.0162	34.2648
4.4705	4.0998	0.2331	34.0554	34.2030
4.4710	4.1005	0.2270	34.1129	34.2181
4.4715	4.1003	0.2272	34.3088	34.1835
4.4720	4.0999	0.2331	34.4479	34.1238
4.4725	4.0999	0.2369	34.4301	34.0802
4.4730	4.0994	0.2387	34.3807	34.0914
4.4735	4.0996	0.2396	34.5103	34.1231
4.4740	4.0991	0.2420	34.6310	34.1761
4.4745	4.0988	0.2423	34.6643	34.2249
4.4750	4.0994	0.2414	34.6050	34.1501
4.4755	4.0988	0.2406	34.7422	34.0423
4.4760	4.0998	0.2396	34.6620	33.9996
4.4765	4.1007	0.2303	34.5843	34.0291
4.4770	4.1013	0.2204	34.5391	34.1152
4.4775	4.1014	0.2161	34.5496	34.2246
4.4780	4.1021	0.2103	34.6041	34.2660
4.4785	4.1022	0.2136	34.5320	34.4039
4.4790	4.1021	0.2129	34.2513	34.4775
4.4795	4.1016	0.2154	34.1361	34.4338
4.4800	4.1016	0.2146	34.3634	34.4014
4.4805	4.1014	0.2178	34.5097	34.3422
4.4810	4.1005	0.2258	34.6409	34.2281
4.4815	4.0993	0.2378	34.6439	34.1400
4.4820	4.0983	0.2540	34.7110	34.1368
4.4825	4.0978	0.2573	34.7987	34.1943
4.4830	4.0976	0.2579	34.8468	34.2870
4.4835	4.0975	0.2603	34.8142	34.3952
4.4840	4.0984	0.2536	34.8410	34.3002
4.4845	4.0988	0.2508	34.9076	34.2588
4.4850	4.0996	0.2410	34.9167	34.2010
4.4855	4.1000	0.2316	34.7950	34.2798
4.4860	4.1000	0.2298	34.7112	34.3385
4.4865	4.1001	0.2316	34.6770	34.3177
4.4870	4.1002	0.2286	34.6156	34.3434
4.4875	4.1004	0.2298	34.4348	34.3318
4.4880	4.1008	0.2214	34.2498	34.2854
4.4885	4.1008	0.2230	34.1317	34.3033
4.4890	4.1012	0.2279	34.1010	34.3631
4.4895	4.1003	0.2287	33.7798	34.4084
4.4900	4.0996	0.2392	32.6767	34.3505
4.4905	4.0988	0.2437	32.6898	34.2744
4.4910	4.0989	0.2466	32.9070	34.2558
4.4915	4.0989	0.2460	32.8977	34.2620
4.4920	4.0986	0.2443	32.8258	34.2773
4.4925	4.0988	0.2444	33.0001	34.1275
4.4930	4.0990	0.2505	33.2240	34.0336
4.4935	4.0987	0.2480	33.3391	34.0280
4.4940	4.0994	0.2425	33.2929	34.0700
4.4945	4.1001	0.2310	33.4249	34.1664
4.4950	4.0997	0.2356	33.6647	34.1848
4.4955	4.0996	0.2367	33.7796	34.2941
4.4960	4.0995	0.2437	33.7273	34.3078
4.4965	4.0984	0.2478	33.8272	34.2052
4.4970	4.0977	0.2554	34.1102	34.0820
4.4975	4.0973	0.2626	34.2616	34.0796
4.4980	4.0965	0.2691	34.1986	34.1213
4.4985	4.0965	0.2726	34.2315	34.0865
4.4990	4.0968	0.2727	34.4186	34.0815
4.4995	4.0966	0.2707	34.5183	34.1263
4.5000	4.0963	0.2673	34.4202	34.3077
4.5005	4.0966	0.2712	34.4237	34.4126
4.5010	4.0965	0.2686	34.6126	34.2679
4.5015	4.0967	0.2703	34.7674	34.0650
4.5020	4.0963	0.2770	34.6511	33.9542
4.5025	4.0972	0.2661	34.5926	33.9177
4.5030	4.0974	0.2599	34.5275	34.0029
4.5035	4.0986	0.2493	34.6193	34.0888
4.5040	4.0993	0.2408	34.5884	34.1399
4.5045	4.0999	0.2360	34.3793	34.2760
4.5050	4.1002	0.2326	34.3536	34.4002
4.5055	4.1002	0.2275	34.3712	34.3349
4.5060	4.1002	0.2304	34.2565	34.3009
4.5065	4.1000	0.2331	34.2454	34.3839
4.5070	4.1000	0.2305	34.3669	34.3459
4.5075	4.1000	0.2353	34.6060	34.2593
4.5080	4.0993	0.2398	34.7175	34.2670
4.5085	4.0990	0.2429	34.6393	34.3104
4.5090	4.0991	0.2440	34.6402	34.4016
4.5095	4.0986	0.2445	34.8089	34.3961
4.5100	4.0990	0.2422	34.9119	34.2559
4.5105	4.0988	0.2408	34.7835	34.1801
4.5110	4.0988	0.2476	34.6823	34.1281
4.5115	4.0989	0.2460	34.8006	34.1020
4.5120	4.0986	0.2483	34.9019	34.0870
4.5125	4.0982	0.2511	34.7268	34.2156
4.5130	4.0985	0.2458	34.4724	34.2398
4.5135	4.0978	0.2490	34.4394	34.2486
4.5140	4.0978	0.2589	34.4827	34.2414
4.5145	4.0974	0.2648	34.2591	34.2894
4.5150	4.0963	0.2707	33.9540	34.4172
4.5155	4.0964	0.2739	33.7616	34.3902
4.5160	4.0962	0.2733	32.7998	34.3086
4.5165	4.0972	0.2694	32.7398	34.2051
4.5170	4.0962	0.2715	32.6551	34.1406
4.5175	4.0970	0.2661	32.5924	34.1555
4.5180	4.0968	0.2707	32.9136	34.1792
4.5185	4.0974	0.2574	33.1043	34.1054
4.5190	4.0980	0.2470	32.9835	34.0234
4.5195	4.0988	0.2475	33.0197	34.0227
4.5200	4.0985	0.2489	33.3288	34.0658
4.5205	4.0993	0.2378	33.5527	34.1479
4.5210	4.0995	0.2396	33.4831	34.2166
4.5215	4.0999	0.2385	33.4417	34.2507
4.5220	4.0998	0.2340	33.7186	34.2099
4.5225	4.0994	0.2390	33.9925	34.2196
4.5230	4.0987	0.2396	33.9251	34.2445
4.5235	4.0991	0.2461	33.8596	34.3399
4.5240	4.0988	0.2449	34.1463	34.4045
4.5245	4.0980	0.2526	34.4582	34.4451
4.5250	4.0988	0.2541	34.3884	34.4076
4.5255	4.0983	0.2468	34.2018	34.3073
4.5260	4.0993	0.2411	34.3441	34.2708
4.5265	4.0990	0.2405	34.6455	34.2946
4.5270	4.0990	0.2461	34.6573	34.2956
4.5275	4.0989	0.2449	34.4481	34.1881
4.5280	4.0985	0.2456	34.5069	34.1625
4.5285	4.0985	0.2517	34.8350	34.1451
4.5290	4.0978	0.2576	34.8472	34.2532
4.5295	4.0973	0.2605	34.5623	34.3885
4.5300	4.0968	0.2735	34.4843	34.4210
4.5305	4.0956	0.2741	34.3782	34.4096
4.5310	4.0956	0.2800	34.4421	34.4273
4.5315	4.0952	0.2828	34.2226	34.4226
4.5320	4.0951	0.2872	34.1202	34.3802
4.5325	4.0960	0.2782	34.3740	34.3429
4.5330	4.0961	0.2756	34.6248	34.4329
4.5335	4.0955	0.2787	34.5229	34.3896
4.5340	4.0951	0.2869	34.4678	34.2176
4.5345	4.0943	0.2942	34.7550	34.1571
4.5350	4.0939	0.2949	34.9731	34.2198
4.5355	4.0941	0.2925	34.8336	34.2836
4.5360	4.0944	0.2923	34.7125	34.2791
4.5365	4.0949	0.2889	34.8988	34.1870
4.5370	4.0948	0.2878	35.1150	34.1405
4.5375	4.0949	0.2901	34.9966	34.1501
4.5380	4.0949	0.2879	34.7588	34.2232
4.5385	4.0951	0.2900	34.8114	34.1946
4.5390	4.0954	0.2853	34.9883	34.1748
4.5395	4.0972	0.2692	34.7854	34.1925
4.5400	4.0985	0.2527	34.4425	34.1749
4.5405	4.0981	0.2535	34.3516	34.1414
4.5410	4.0985	0.2457	34.5142	34.1403
4.5415	4.0982	0.2514	34.1273	34.2700
4.5420	4.0977	0.2579	33.5009	34.2921
4.5425	4.0975	0.2640	33.5847	34.1223
4.5430	4.0967	0.2645	33.1163	33.9792
4.5435	4.0970	0.2685	32.7908	33.9531
4.5440	4.0975	0.2595	32.7966	34.0102
4.5445	4.0980	0.2573	32.7760	34.0843
4.5450	4.0985	0.2493	33.0766	34.0557
4.5455	4.0987	0.2440	33.2955	34.0470
4.5460	4.0984	0.2538	33.2293	34.1223
4.5465	4.0974	0.2576	33.1833	34.2528
4.5470	4.0968	0.2694	33.4400	34.2766
4.5475	4.0959	0.2710	33.7109	34.1786
4.5480	4.0958	0.2744	33.7031	34.1222
4.5485	4.0956	0.2805	33.6111	34.0888
4.5490	4.0964	0.2777	33.8249	34.0839
4.5495	4.0968	0.2693	34.1315	34.0659
4.5500	4.0966	0.2658	34.1773	34.1918
4.5505	4.0975	0.2605	34.0771	34.2293
4.5510	4.0971	0.2624	34.2286	34.2873
4.5515	4.0977	0.2531	34.4738	34.2527
4.5520	4.1000	0.2323	34.4910	34.1102
4.5525	4.1006	0.2273	34.3543	34.1809
4.5530	4.1009	0.2186	34.4280	34.2104
4.5535	4.1023	0.2090	34.6685	34.1489
4.5540	4.1030	0.2009	34.7304	34.0843
4.5545	4.1033	0.1968	34.5870	34.0929
4.5550	4.1035	0.1954	34.6557	34.1749
4.5555	4.1033	0.1969	34.8124	34.2893
4.5560	4.1025	0.2053	34.8524	34.2630
4.5565	4.1023	0.2086	34.4366	34.2459
4.5570	4.1022	0.2126	33.9136	34.2206
4.5575	4.1022	0.2106	34.1688	34.1500
4.5580	4.1027	0.2080	34.2303	34.1038
4.5585	4.1024	0.2023	34.2467	34.1959
4.5590	4.1023	0.2030	34.3970	34.1925
4.5595	4.1018	0.2145	34.6358	34.1166
4.5600	4.1020	0.2166	34.7005	34.0777
4.5605	4.1027	0.2026	34.7034	34.0788
4.5610	4.1032	0.1986	34.8138	34.1189
4.5615	4.1036	0.1959	35.0082	34.1647
4.5620	4.1031	0.2017	34.9955	34.2223
4.5625	4.1016	0.2146	34.8796	34.1462
4.5630	4.1002	0.2328	34.9381	34.0533
4.5635	4.0992	0.2396	35.1505	34.0426
4.5640	4.0982	0.2489	35.1206	34.0778
4.5645	4.0985	0.2519	34.9055	34.0776
4.5650	4.0975	0.2560	34.8104	34.0062
4.5655	4.0974	0.2599	34.9645	33.9892
4.5660	4.0972	0.2564	34.9111	34.0415
4.5665	4.0976	0.2585	34.6042	34.0301
4.5670	4.0969	0.2659	34.3378	34.0814
4.5675	4.0964	0.2726	34.4139	34.2365
4.5680	4.0958	0.2735	34.0275	34.2431
4.5685	4.0958	0.2782	33.8521	34.1813
4.5690	4.0968	0.2671	33.6160	34.1637
4.5695	4.0979	0.2600	33.5985	34.1688
4.5700	4.0987	0.2414	33.0573	34.1562
4.5705	4.0994	0.2445	32.9199	34.2101
4.5710	4.0994	0.2363	32.9067	34.2610
4.5715	4.1016	0.2171	33.0260	34.1364
4.5720	4.1030	0.1995	33.3895	33.9862
4.5725	4.1028	0.2025	33.4218	34.0482
4.5730	4.1024	0.2052	33.3220	34.1642
4.5735	4.1021	0.1994	33.4462	34.1810
4.5740	4.1031	0.1965	33.8044	34.2201
4.5745	4.1037	0.1951	33.8843	34.2177
4.5750	4.1029	0.2000	33.7669	34.1965
4.5755	4.1016	0.2129	33.8439	34.2312
4.5760	4.1016	0.2124	34.2070	34.2264
4.5765	4.1025	0.2077	34.3494	34.2352
4.5770	4.1033	0.1977	34.2162	34.2537
4.5775	4.1031	0.2023	34.2170	34.2283
4.5780	4.1026	0.1999	34.5409	34.1829
4.5785	4.1027	0.2015	34.6786	34.1637
4.5790	4.1024	0.2092	34.4876	34.2688
4.5795	4.1014	0.2165	34.3835	34.3562
4.5800	4.1014	0.2201	34.6973	34.3054
4.5805	4.1008	0.2225	34.9025	34.1010
4.5810	4.0999	0.2340	34.7855	34.0384
4.5815	4.0992	0.2458	34.5858	34.0641
4.5820	4.0976	0.2523	34.8590	34.1243
4.5825	4.0972	0.2620	34.6979	34.1507
4.5830	4.0969	0.2670	33.9424	34.1683
4.5835	4.0966	0.2674	33.9339	34.1625
4.5840	4.0965	0.2713	34.1626	34.1724
4.5845	4.0967	0.2685	34.5107	34.1390
4.5850	4.0971	0.2616	34.4588	34.1097
4.5855	4.0978	0.2517	34.3925	34.1301
4.5860	4.0983	0.2451	34.5922	34.0702
4.5865	4.0989	0.2470	34.9302	33.9260
4.5870	4.0991	0.2431	34.9221	33.8708
4.5875	4.0996	0.2380	34.7777	33.9990
4.5880	4.0995	0.2386	34.8827	34.0637
4.5885	4.0996	0.2387	35.1551	34.0632
4.5890	4.0991	0.2467	35.1518	33.9545
4.5895	4.0990	0.2431	34.9601	33.8571
4.5900	4.0994	0.2342	34.9631	33.8430
4.5905	4.0989	0.2355	35.1648	33.9290
4.5910	4.0999	0.2296	35.1431	34.0106
4.5915	4.0996	0.2319	34.8934	34.0396
4.5920	4.1007	0.2298	34.7408	34.0339
4.5925	4.1003	0.2296	34.8112	34.1188
4.5930	4.1001	0.2310	34.7512	34.1131
4.5935	4.0998	0.2378	34.4428	34.0519
4.5940	4.0990	0.2388	34.1840	34.0420
4.5945	4.0990	0.2427	34.2112	34.0502
4.5950	4.0990	0.2431	34.0087	34.0218
4.5955	4.0988	0.2392	33.7467	33.9096
4.5960	4.0994	0.2434	33.5316	33.8984
4.5965	4.0986	0.2462	33.3237	34.0476
4.5970	4.0984	0.2458	33.0841	34.1587
4.5975	4.0983	0.2528	33.1429	34.1831
4.5980	4.0971	0.2603	33.0589	34.0725
4.5985	4.0967	0.2646	33.2226	34.0405
4.5990	4.0965	0.2778	33.5611	34.1026
4.5995	4.0964	0.2761	33.6344	34.1649
4.6000	4.0964	0.2768	33.4679	34.1891
4.6005	4.0970	0.2677	33.5577	34.1694
4.6010	4.0971	0.2641	33.9222	34.1746
4.6015	4.0978	0.2537	34.1278	34.1695
4.6020	4.0975	0.2587	33.9948	34.0943
4.6025	4.0971	0.2614	33.9601	34.0805
4.6030	4.0964	0.2724	34.2868	34.0622
4.6035	4.0966	0.2722	34.5629	33.9986
4.6040	4.0983	0.2516	34.4114	33.9214
4.6045	4.1000	0.2337	34.3007	33.9793
4.6050	4.1001	0.2307	34.5002	34.0400
4.6055	4.1008	0.2242	34.7516	34.0260
4.6060	4.1001	0.2345	34.6296	33.9963
4.6065	4.1009	0.2204	34.5247	33.9884
4.6070	4.1022	0.2057	34.6695	33.9812
4.6075	4.1027	0.2011	35.0378	34.0077
4.6080	4.1030	0.1959	34.6008	34.0724
4.6085	4.1034	0.1956	33.4445	34.1034
4.6090	4.1035	0.1942	33.7471	34.0512
4.6095	4.1040	0.1951	34.1275	34.0332
4.6100	4.1039	0.1916	34.2348	34.0371
4.6105	4.1040	0.1891	34.0351	34.0472
4.6110	4.1038	0.1926	34.2495	34.0464
4.6115	4.1032	0.2012	34.6235	34.0752
4.6120	4.1018	0.2094	34.7044	34.0432
4.6125	4.1009	0.2203	34.5384	33.9925
4.6130	4.0998	0.2357	34.6562	33.9747
4.6135	4.0989	0.2469	34.9950	33.9840
4.6140	4.0975	0.2561	35.0958	33.9940
4.6145	4.0974	0.2625	34.8762	34.0257
4.6150	4.0963	0.2756	34.8333	34.0388
4.6155	4.0958	0.2815	35.0867	34.0698
4.6160	4.0962	0.2774	35.1967	34.0816
4.6165	4.0960	0.2778	35.0130	34.1301
4.6170	4.0967	0.2734	34.8748	34.2487
4.6175	4.0971	0.2682	35.0081	34.2760
4.6180	4.0974	0.2604	35.0376	34.1645
4.6185	4.0969	0.2639	34.7611	34.1229
4.6190	4.0979	0.2644	34.4881	34.1322
4.6195	4.0982	0.2512	34.5161	34.1178
4.6200	4.0990	0.2395	34.5060	34.1767
4.6205	4.0997	0.2391	34.2583	34.2155
4.6210	4.0993	0.2361	33.8417	34.2221
4.6215	4.0995	0.2369	33.3498	34.1859
4.6220	4.0999	0.2286	33.5181	34.1476
4.6225	4.0993	0.2365	33.4433	34.1428
4.6230	4.0982	0.2450	33.1003	34.1419
4.6235	4.0996	0.2347	32.9524	34.2891
4.6240	4.0999	0.2368	33.3367	34.2490
4.6245	4.1004	0.2310	33.3560	34.1353
4.6250	4.1003	0.2263	33.2651	34.1204
4.6255	4.1014	0.2220	33.3827	34.1501
4.6260	4.1015	0.2163	33.7525	34.1855
4.6265	4.1020	0.2138	33.8529	34.1486
4.6270	4.1020	0.2123	33.7197	34.1703
4.6275	4.1019	0.2062	33.8010	34.2171
4.6280	4.1009	0.2181	34.1396	34.2845
4.6285	4.1009	0.2275	34.2992	34.3075
4.6290	4.1002	0.2317	34.2141	34.3299
4.6295	4.0997	0.2371	34.2259	34.3343
4.6300	4.0988	0.2442	34.4908	34.1839
4.6305	4.0979	0.2530	34.6463	34.0890
4.6310	4.0976	0.2599	34.5270	33.9640
4.6315	4.0974	0.2605	34.4361	33.9385
4.6320	4.0964	0.2665	34.6783	33.9706
4.6325	4.0961	0.2752	34.8603	33.9825
4.6330	4.0966	0.2717	34.7580	33.9346
4.6335	4.0972	0.2651	34.6042	33.9634
4.6340	4.0961	0.2688	34.5579	34.0778
4.6345	4.0952	0.2809	34.7702	34.1399
4.6350	4.0953	0.2785	34.7246	34.1243
4.6355	4.0953	0.2806	34.4441	34.0781
4.6360	4.0967	0.2638	34.4940	34.0432
4.6365	4.0982	0.2531	34.4829	34.0332
4.6370	4.0984	0.2488	34.2197	34.0928
4.6375	4.0988	0.2476	34.2138	34.1810
4.6380	4.0982	0.2507	34.3367	34.2999
4.6385	4.0993	0.2460	34.7224	34.3031
4.6390	4.1006	0.2256	34.8047	34.2136
4.6395	4.1001	0.2303	34.6417	34.0646
4.6400	4.0999	0.2353	34.6410	34.0142
4.6405	4.1000	0.2309	34.9633	34.0007
4.6410	4.1007	0.2307	35.0860	33.9955
4.6415	4.1010	0.2201	34.8580	33.9198
4.6420	4.1002	0.2287	34.7389	33.8976
4.6425	4.1007	0.2254	34.9387	33.9604
4.6430	4.1015	0.2207	35.1110	34.1373
4.6435	4.1021	0.2110	34.9069	34.3259
4.6440	4.1025	0.2071	34.6390	34.3293
4.6445	4.1029	0.2017	34.6669	34.3140
4.6450	4.1031	0.1995	34.7916	34.3206
4.6455	4.1022	0.2048	34.5286	34.3388
4.6460	4.1026	0.2083	34.1759	34.3905
4.6465	4.1019	0.2089	34.0648	34.4482
4.6470	4.1010	0.2174	34.2480	34.4283
4.6475	4.1004	0.2192	33.7652	34.3159
4.6480	4.0996	0.2290	32.6233	34.2609
4.6485	4.0992	0.2446	32.7207	34.1787
4.6490	4.0989	0.2468	32.9404	34.1711
4.6495	4.0987	0.2436	33.0218	34.1206
4.6500	4.0995	0.2407	32.9690	34.0867
4.6505	4.0997	0.2354	33.0643	34.0608
4.6510	4.0991	0.2398	33.2917	34.0074
4.6515	4.0991	0.2370	33.4580	34.0497
4.6520	4.0996	0.2375	33.4048	34.0651
4.6525	4.1003	0.2301	33.4805	34.1168
4.6530	4.1001	0.2316	33.7542	34.2268
4.6535	4.1013	0.2153	33.9374	34.2682
4.6540	4.1018	0.2080	33.8402	34.3181
4.6545	4.1016	0.2141	33.8580	34.3028
4.6550	4.1015	0.2136	34.1540	34.3013
4.6555	4.1017	0.2109	34.4197	34.3024
4.6560	4.1011	0.2104	34.3269	34.2202
4.6565	4.1010	0.2195	34.2164	34.1272
4.6570	4.1012	0.2220	34.4266	34.0738
4.6575	4.1013	0.2222	34.6974	34.0779
4.6580	4.1012	0.2195	34.5568	34.0921
4.6585	4.1009	0.2201	34.4227	34.1576
4.6590	4.1012	0.2201	34.5996	34.1839
4.6595	4.1013	0.2232	34.9511	34.1161
4.6600	4.1008	0.2242	34.7258	34.0731
4.6605	4.1017	0.2167	34.1690	34.1104
4.6610	4.1022	0.2009	34.4977	34.1438
4.6615	4.1022	0.2074	34.7617	34.2308
4.6620	4.1030	0.2030	34.6948	34.2864
4.6625	4.1030	0.2031	34.2961	34.3205
4.6630	4.1026	0.2056	34.2521	34.4391
4.6635	4.1018	0.2083	34.3296	34.4089
4.6640	4.1021	0.2100	34.4361	34.3748
4.6645	4.1022	0.2075	34.2704	34.3682
4.6650	4.1013	0.2208	34.3830	34.3138
4.6655	4.1000	0.2303	34.7646	34.2382
4.6660	4.0988	0.2462	34.8865	34.2117
4.6665	4.0978	0.2502	34.6470	34.2616
4.6670	4.0980	0.2526	34.6156	34.3013
4.6675	4.0979	0.2512	34.8990	34.3943
4.6680	4.0976	0.2593	35.0040	34.3147
4.6685	4.0987	0.2526	34.8195	34.2086
4.6690	4.0990	0.2441	34.7092	34.1446
4.6695	4.0999	0.2349	34.8783	34.1949
4.6700	4.0999	0.2369	34.9313	34.3284
4.6705	4.0998	0.2292	34.7252	34.3371
4.6710	4.1007	0.2311	34.4583	34.3924
4.6715	4.1006	0.2269	34.4868	34.4133
4.6720	4.1007	0.2213	34.4614	34.3621
4.6725	4.1017	0.2135	34.2855	34.3092
4.6730	4.1017	0.2118	33.9051	34.3352
4.6735	4.1015	0.2168	33.9848	34.3500
4.6740	4.1003	0.2278	33.3065	34.3277
4.6745	4.0992	0.2393	32.6470	34.2494
4.6750	4.0992	0.2393	32.7203	34.2349
4.6755	4.0987	0.2430	32.7724	34.2460
4.6760	4.0997	0.2410	32.9798	34.3364
4.6765	4.0995	0.2363	33.0462	34.2859
4.6770	4.0999	0.2354	33.0332	34.1285
4.6775	4.0995	0.2362	33.1108	34.0648
4.6780	4.0993	0.2415	33.4203	34.0326
4.6785	4.1006	0.2304	33.5383	34.0793
4.6790	4.1003	0.2292	33.4918	34.0908
4.6795	4.1003	0.2307	33.5418	34.1757
4.6800	4.0992	0.2366	33.8347	34.2818
4.6805	4.0987	0.2483	33.9848	34.2343
4.6810	4.0982	0.2564	33.9394	34.1524
4.6815	4.0971	0.2658	33.9789	34.1199
4.6820	4.0967	0.2713	34.2350	34.1737
4.6825	4.0960	0.2749	34.4267	34.1447
4.6830	4.0962	0.2779	34.3676	34.1095
4.6835	4.0963	0.2729	34.3075	34.0839
4.6840	4.0960	0.2728	34.4209	34.1875
4.6845	4.0967	0.2671	34.5679	34.3471
4.6850	4.0974	0.2627	34.5282	34.2831
4.6855	4.0965	0.2694	34.5360	34.0869
4.6860	4.0952	0.2756	34.6954	33.9702
4.6865	4.0955	0.2848	34.8410	33.9514
4.6870	4.0967	0.2697	34.6352	34.0059
4.6875	4.0967	0.2670	34.3756	34.0997
4.6880	4.0977	0.2623	34.5574	34.1447
4.6885	4.0984	0.2543	34.6340	34.2221
4.6890	4.0989	0.2453	34.4476	34.3592
4.6895	4.0998	0.2370	34.2348	34.3415
4.6900	4.0992	0.2428	34.2112	34.2338
4.6905	4.0988	0.2478	34.3750	34.2764
4.6910	4.0986	0.2467	34.4571	34.3372
4.6915	4.0984	0.2499	34.3671	34.2806
4.6920	4.0984	0.2430	34.5294	34.2720
4.6925	4.0984	0.2455	34.7763	34.3077
4.6930	4.0982	0.2496	34.7838	34.3708
4.6935	4.0979	0.2527	34.6526	34.4454
4.6940	4.0982	0.2561	34.7110	34.3300
4.6945	4.0978	0.2564	34.9128	34.1946
4.6950	4.0976	0.2583	34.9063	34.1312
4.6955	4.0978	0.2557	34.7371	34.0942
4.6960	4.0982	0.2517	34.6847	34.0411
4.6965	4.0976	0.2592	34.8433	34.1243
4.6970	4.0977	0.2558	34.7479	34.2283
4.6975	4.0980	0.2511	34.4892	34.2514
4.6980	4.0979	0.2549	34.2838	34.2611
4.6985	4.0971	0.2576	34.3801	34.2753
4.6990	4.0970	0.2653	34.2071	34.3875
4.6995	4.0966	0.2714	34.0668	34.4338
4.7000	4.0967	0.2684	33.0518	34.3499
4.7005	4.0967	0.2711	32.5126	34.2462
4.7010	4.0961	0.2726	32.8820	34.1496
4.7015	4.0964	0.2752	32.6980	34.1182
4.7020	4.0968	0.2667	32.6849	34.1759
4.7025	4.0970	0.2659	32.8836	34.1573
4.7030	4.0983	0.2537	33.1377	34.0585
4.7035	4.0987	0.2482	33.1171	34.0250
4.7040	4.0984	0.2478	33.1126	34.0331
4.7045	4.0986	0.2451	33.3082	34.0735
4.7050	4.0992	0.2451	33.6117	34.1635
4.7055	4.0982	0.2476	33.6121	34.2606
4.7060	4.0989	0.2502	33.5268	34.2429
4.7065	4.0985	0.2514	33.6607	34.2328
4.7070	4.0977	0.2572	34.0031	34.2397
4.7075	4.0971	0.2608	34.1374	34.2943
4.7080	4.0970	0.2611	34.0542	34.4043
4.7085	4.0972	0.2625	34.1115	34.4195
4.7090	4.0969	0.2687	34.3716	34.4474
4.7095	4.0971	0.2623	34.4322	34.3594
4.7100	4.0979	0.2558	34.3240	34.2823
4.7105	4.0993	0.2446	34.3332	34.2658
4.7110	4.0996	0.2399	34.5727	34.3143
4.7115	4.1001	0.2362	34.6882	34.2246
4.7120	4.0991	0.2406	34.5882	34.1659
4.7125	4.0992	0.2419	34.5529	34.1442
4.7130	4.0982	0.2531	34.7575	34.2220
4.7135	4.0973	0.2628	34.7750	34.3119
4.7140	4.0966	0.2645	34.6667	34.4273
4.7145	4.0962	0.2703	34.3252	34.4605
4.7150	4.0960	0.2811	34.2642	34.4527
4.7155	4.0957	0.2814	34.4443	34.4501
4.7160	4.0959	0.2800	34.2822	34.4085
4.7165	4.0959	0.2734	34.1921	34.3368
4.7170	4.0972	0.2665	34.3777	34.3727
4.7175	4.0976	0.2561	34.6140	34.4395
4.7180	4.0970	0.2658	34.5900	34.2708
4.7185	4.0964	0.2685	34.5968	34.1440
4.7190	4.0963	0.2697	34.7709	34.1902
4.7195	4.0965	0.2694	34.9639	34.2607
4.7200	4.0964	0.2682	34.8922	34.3133
4.7205	4.0974	0.2646	34.7818	34.2760
4.7210	4.0975	0.2590	34.8974	34.1840
4.7215	4.0973	0.2577	35.0754	34.1611
4.7220	4.0977	0.2611	34.9968	34.2079
4.7225	4.0985	0.2518	34.8153	34.2251
4.7230	4.0996	0.2404	34.8203	34.1559
4.7235	4.1003	0.2308	34.8766	34.1682
4.7240	4.1012	0.2140	34.7136	34.1663
4.7245	4.1015	0.2156	34.4742	34.1789
4.7250	4.1010	0.2197	34.3453	34.1472
4.7255	4.1014	0.2293	34.3125	34.2327
4.7260	4.1005	0.2301	33.7716	34.3827
4.7265	4.1001	0.2313	33.6528	34.2630
4.7270	4.1002	0.2303	33.3341	34.0694
4.7275	4.1000	0.2395	32.7573	33.9532
4.7280	4.0985	0.2435	32.8176	33.9658
4.7285	4.0993	0.2418	32.8060	34.0194
4.7290	4.0995	0.2392	32.9543	34.0393
4.7295	4.0999	0.2290	33.2198	34.0171
4.7300	4.0993	0.2396	33.2768	34.0546
4.7305	4.0982	0.2487	33.1756	34.1820
4.7310	4.0983	0.2534	33.3059	34.3289
4.7315	4.0975	0.2603	33.5983	34.2572
4.7320	4.0971	0.2667	33.7170	34.1713
4.7325	4.0969	0.2667	33.6576	34.1198
4.7330	4.0970	0.2639	33.7294	34.0976
4.7335	4.0972	0.2615	33.9967	34.0678
4.7340	4.0976	0.2579	34.1536	34.0924
4.7345	4.0977	0.2522	34.1149	34.2162
4.7350	4.0990	0.2508	34.1491	34.2688
4.7355	4.0982	0.2511	34.3762	34.2909
4.7360	4.1002	0.2353	34.5072	34.1684
4.7365	4.1013	0.2176	34.4112	34.1606
4.7370	4.1010	0.2159	34.3611	34.2357
4.7375	4.1018	0.2130	34.5691	34.2045
4.7380	4.1025	0.2115	34.7366	34.1066
4.7385	4.1030	0.1998	34.6702	34.0882
4.7390	4.1028	0.2014	34.5733	34.1229
4.7395	4.1021	0.2087	34.7402	34.2338
4.7400	4.1013	0.2177	34.8599	34.2761
4.7405	4.1007	0.2181	34.7719	34.2413
4.7410	4.1006	0.2251	34.0702	34.2503
4.7415	4.1008	0.2242	33.9573	34.1924
4.7420	4.1013	0.2193	34.2915	34.1273
4.7425	4.1015	0.2145	34.3127	34.1696
4.7430	4.1017	0.2165	34.2887	34.2270
4.7435	4.1008	0.2213	34.4529	34.1796
4.7440	4.1007	0.2212	34.7568	34.1057
4.7445	4.1021	0.2124	34.8441	34.0691
4.7450	4.1021	0.2104	34.7309	34.1073
4.7455	4.1025	0.2078	34.7656	34.1414
4.7460	4.1021	0.2084	35.0011	34.2070
4.7465	4.1019	0.2186	35.1001	34.1819
4.7470	4.0997	0.2307	34.9470	34.0591
4.7475	4.0988	0.2370	34.9224	34.0263
4.7480	4.0983	0.2537	35.0903	34.0363
4.7485	4.0973	0.2686	35.1674	34.0735
4.7490	4.0970	0.2661	34.9394	34.0297
4.7495	4.0961	0.2700	34.7965	33.9911
4.7500	4.0967	0.2651	34.8280	34.0191
4.7505	4.0970	0.2657	34.8711	34.0220
4.7510	4.0971	0.2659	34.5232	34.0260
4.7515	4.0970	0.2724	34.3453	34.1606
4.7520	4.0958	0.2803	34.1040	34.2517
4.7525	4.0951	0.2847	33.9661	34.2409
4.7530	4.0956	0.2770	33.8796	34.2082
4.7535	4.0960	0.2760	33.5440	34.1820
4.7540	4.0965	0.2701	33.2096	34.1802
4.7545	4.0960	0.2673	32.9376	34.1891
4.7550	4.0967	0.2710	33.1113	34.2718
4.7555	4.0984	0.2551	32.9232	34.2039
4.7560	4.1010	0.2224	33.1329	34.0310
4.7565	4.1026	0.2037	33.4080	33.9561
4.7570	4.1029	0.2014	33.5146	34.0630
4.7575	4.1032	0.1967	33.3915	34.0887
4.7580	4.1032	0.1956	33.5251	34.1295
4.7585	4.1044	0.1829	33.8353	34.1725
4.7590	4.1043	0.1772	33.9787	34.2013
4.7595	4.1044	0.1897	33.8549	34.2196
4.7600	4.1029	0.2023	33.9158	34.2756
4.7605	4.1035	0.1989	34.2426	34.2914
4.7610	4.1034	0.1948	34.4323	34.2668
4.7615	4.1034	0.2025	34.3011	34.2714
4.7620	4.1026	0.2009	34.2848	34.2010
4.7625	4.1023	0.2041	34.5419	34.1126
4.7630	4.1018	0.2114	34.6916	34.1590
4.7635	4.1010	0.2153	34.5479	34.2574
4.7640	4.1004	0.2297	34.4767	34.2995
4.7645	4.1002	0.2305	34.7284	34.1693
4.7650	4.0998	0.2339	34.9349	34.0540
4.7655	4.0988	0.2479	34.8398	34.0787
4.7660	4.0980	0.2529	34.6330	34.1321
4.7665	4.0973	0.2628	34.7149	34.1732
4.7670	4.0968	0.2705	34.2374	34.1689
4.7675	4.0958	0.2759	34.1157	34.1597
4.7680	4.0957	0.2794	34.0374	34.1349
4.7685	4.0957	0.2799	34.0983	34.1220
4.7690	4.0955	0.2822	34.4746	34.0707
4.7695	4.0966	0.2736	34.6662	34.1022
4.7700	4.0975	0.2593	34.5712	34.0997
4.7705	4.0975	0.2630	34.5479	34.0217
4.7710	4.0977	0.2582	34.8522	33.8627
4.7715	4.0976	0.2564	35.0688	33.9395
4.7720	4.0983	0.2539	34.9595	34.0681
4.7725	4.0988	0.2490	34.8365	34.0682
4.7730	4.0979	0.2555	35.0158	33.9865
4.7735	4.0977	0.2545	35.2289	33.8576
4.7740	4.0983	0.2540	35.1101	33.7983
4.7745	4.0985	0.2545	34.9126	33.8527
4.7750	4.0982	0.2516	34.9738	33.9638
4.7755	4.0987	0.2496	35.1587	34.0453
4.7760	4.0990	0.2475	35.0013	34.0730
4.7765	4.0992	0.2421	34.6627	34.1224
4.7770	4.0989	0.2425	34.5661	34.1799
4.7775	4.0991	0.2458	34.6986	34.0896
4.7780	4.0987	0.2464	34.4922	34.0265
4.7785	4.0982	0.2544	34.1427	33.9988
4.7790	4.0985	0.2565	33.8830	34.0137
4.7795	4.0985	0.2521	33.8629	33.9260
4.7800	4.0981	0.2484	33.8413	33.8416
4.7805	4.0980	0.2501	33.4456	33.9833
4.7810	4.0979	0.2569	32.9305	34.1488
4.7815	4.0976	0.2602	33.0372	34.2387
4.7820	4.0975	0.2623	33.3197	34.1839
4.7825	4.0967	0.2679	33.2109	34.0859
4.7830	4.0963	0.2682	33.2368	34.0859
4.7835	4.0961	0.2792	33.4758	34.1323
4.7840	4.0964	0.2705	33.7213	34.1456
4.7845	4.0965	0.2620	33.6680	34.1615
4.7850	4.0971	0.2659	33.6615	34.1367
4.7855	4.0976	0.2611	33.8723	34.1768
4.7860	4.0976	0.2555	34.1298	34.1332
4.7865	4.0981	0.2563	34.1441	34.1097
4.7870	4.0969	0.2644	34.1066	34.1278
4.7875	4.0967	0.2727	34.2515	34.0833
4.7880	4.0977	0.2584	34.5147	33.9867
4.7885	4.0993	0.2434	34.5267	33.9516
4.7890	4.0993	0.2366	34.4136	34.0313
4.7895	4.0997	0.2367	34.4275	34.0445
4.7900	4.1000	0.2279	34.6929	34.0067
4.7905	4.1005	0.2282	34.7450	33.9599
4.7910	4.1009	0.2312	34.6871	33.9700
4.7915	4.0995	0.2369	34.6333	33.9924
4.7920	4.0991	0.2404	34.8909	34.0862
4.7925	4.0990	0.2429	34.0205	34.1954
4.7930	4.0997	0.2351	33.6272	34.1902
4.7935	4.1005	0.2310	33.8342	34.1248
4.7940	4.1002	0.2273	34.0677	34.0885
4.7945	4.1011	0.2205	34.3187	34.0455
4.7950	4.1019	0.2124	34.2684	33.9945
4.7955	4.1019	0.2103	34.3252	33.9933
4.7960	4.1013	0.2237	34.5152	34.0132
4.7965	4.1007	0.2275	34.7567	33.9773
4.7970	4.0997	0.2377	34.7567	33.9821
4.7975	4.0978	0.2528	34.7592	34.0600
4.7980	4.0975	0.2602	34.8824	34.1100
4.7985	4.0975	0.2643	35.0433	34.1371
4.7990	4.0969	0.2644	35.0166	34.1384
4.7995	4.0964	0.2698	34.9278	34.1364
4.8000	4.0969	0.2652	35.0014	34.0887
4.8005	4.0974	0.2597	35.1256	34.0350
4.8010	4.0979	0.2606	35.0811	34.1192
4.8015	4.0977	0.2598	34.9199	34.2088
4.8020	4.0973	0.2616	34.8929	34.1901
4.8025	4.0969	0.2608	34.8837	34.1516
4.8030	4.0975	0.2620	34.7767	34.2444
4.8035	4.0985	0.2521	34.5085	34.2596
4.8040	4.1006	0.2276	34.3653	34.2769
4.8045	4.1021	0.2114	34.2728	34.2884
4.8050	4.1021	0.2077	34.2465	34.2294
4.8055	4.1016	0.2171	33.5844	34.1473
4.8060	4.1018	0.2133	33.2745	34.0570
4.8065	4.1013	0.2187	33.4436	34.0667
4.8070	4.1016	0.2133	33.4027	34.0693
4.8075	4.1019	0.2116	33.0390	34.2181
4.8080	4.1024	0.2012	32.9822	34.3663
4.8085	4.1025	0.2088	33.2499	34.2835
4.8090	4.1024	0.2047	33.4239	34.2512
4.8095	4.1026	0.2066	33.4941	34.2574
4.8100	4.1031	0.1986	33.4553	34.2614
4.8105	4.1038	0.1949	33.6320	34.1838
4.8110	4.1031	0.1991	33.8782	34.1055
4.8115	4.1029	0.1989	33.9895	34.1183
4.8120	4.1024	0.2017	33.9075	34.1752
4.8125	4.1017	0.2091	34.0082	34.2554
4.8130	4.1015	0.2150	34.2834	34.3174
4.8135	4.1006	0.2248	34.4793	34.4123
4.8140	4.0996	0.2333	34.3844	34.3645
4.8145	4.0988	0.2425	34.3474	34.2300
4.8150	4.0990	0.2459	34.5503	34.1076
4.8155	4.0979	0.2570	34.7385	33.9866
4.8160	4.0972	0.2641	34.6099	33.9574
4.8165	4.0963	0.2714	34.5362	33.9365
4.8170	4.0959	0.2735	34.6942	33.8922
4.8175	4.0965	0.2714	34.9728	33.8405
4.8180	4.0968	0.2700	34.6981	33.9794
4.8185	4.0956	0.2797	34.4302	34.1223
4.8190	4.0955	0.2871	34.6198	34.1758
4.8195	4.0952	0.2872	34.7796	34.1667
4.8200	4.0954	0.2827	34.6427	34.1293
4.8205	4.0968	0.2722	34.3846	34.0807
4.8210	4.0985	0.2533	34.0912	34.0985
4.8215	4.0990	0.2399	34.3855	34.1368
4.8220	4.0997	0.2412	34.4919	34.2177
4.8225	4.0995	0.2400	34.3822	34.2429
4.8230	4.1010	0.2268	34.5492	34.2026
4.8235	4.1003	0.2304	34.8488	34.0820
4.8240	4.0990	0.2417	34.9035	34.0364
4.8245	4.0993	0.2416	34.7254	34.0553
4.8250	4.1003	0.2350	34.7556	34.0876
4.8255	4.1010	0.2217	35.0084	34.0464
4.8260	4.1002	0.2225	35.0608	33.9366
4.8265	4.1003	0.2365	34.8625	33.9604
4.8270	4.1003	0.2319	34.7947	34.0315
4.8275	4.1002	0.2298	34.9594	34.1883
4.8280	4.1003	0.2266	34.9912	34.2735
4.8285	4.1007	0.2281	34.7303	34.2589
4.8290	4.1007	0.2231	34.4939	34.3060
4.8295	4.1007	0.2239	34.5593	34.3485
4.8300	4.1012	0.2201	34.5219	34.4201
4.8305	4.1005	0.2279	34.2586	34.5033
4.8310	4.0993	0.2389	33.9524	34.5292
4.8315	4.0984	0.2495	33.9966	34.4031
4.8320	4.0980	0.2558	33.1792	34.2815
4.8325	4.0971	0.2629	32.7284	34.1653
4.8330	4.0967	0.2752	32.7789	34.1584
4.8335	4.0965	0.2750	32.8208	34.0968
4.8340	4.0966	0.2705	33.0980	34.0541
4.8345	4.0971	0.2624	33.1247	34.0841
4.8350	4.0979	0.2568	33.0923	34.0338
4.8355	4.0980	0.2525	33.2402	34.0584
4.8360	4.0983	0.2504	33.5233	34.0919
4.8365	4.0990	0.2421	33.6158	34.0988
4.8370	4.1004	0.2311	33.5815	34.1813
4.8375	4.1005	0.2227	33.6578	34.2258
4.8380	4.1016	0.2160	33.8991	34.2428
4.8385	4.1015	0.2148	34.0180	34.2764
4.8390	4.1008	0.2254	34.0409	34.2677
4.8395	4.1009	0.2192	34.1345	34.3132
4.8400	4.1008	0.2263	34.3312	34.2823
4.8405	4.1005	0.2268	34.4214	34.2067
4.8410	4.1007	0.2207	34.4124	34.1320
4.8415	4.1014	0.2189	34.3963	34.0850
4.8420	4.1012	0.2232	34.5270	34.0670
4.8425	4.1016	0.2237	34.6115	34.0807
4.8430	4.1006	0.2288	34.6547	34.1436
4.8435	4.1006	0.2246	34.5967	34.1118
4.8440	4.1000	0.2303	34.7755	34.0457
4.8445	4.1008	0.2251	34.4535	34.0529
4.8450	4.1021	0.2113	34.5039	34.1224
4.8455	4.1025	0.2098	34.5652	34.2262
4.8460	4.1028	0.2020	34.5593	34.3163
4.8465	4.1026	0.2009	34.5716	34.3155
4.8470	4.1027	0.2048	34.4492	34.4203
4.8475	4.1025	0.2083	34.2150	34.4481
4.8480	4.1021	0.2075	34.1794	34.3378
4.8485	4.1021	0.2110	34.4470	34.3184
4.8490	4.1014	0.2158	34.5143	34.3127
4.8495	4.1007	0.2223	34.5743	34.2452
4.8500	4.0996	0.2400	34.6430	34.2040
4.8505	4.0985	0.2431	34.7609	34.2409
4.8510	4.0987	0.2501	34.7491	34.2936
4.8515	4.0984	0.2459	34.7801	34.3505
4.8520	4.0981	0.2530	34.8586	34.4216
4.8525	4.0982	0.2544	34.9307	34.2616
4.8530	4.0988	0.2470	34.8520	34.1925
4.8535	4.0994	0.2377	34.8099	34.1320
4.8540	4.0996	0.2321	34.8328	34.2610
4.8545	4.1002	0.2331	34.8420	34.3434
4.8550	4.1005	0.2288	34.6666	34.3605
4.8555	4.1005	0.2280	34.4815	34.4088
4.8560	4.1003	0.2291	34.3808	34.4018
4.8565	4.1008	0.2236	34.3843	34.3397
4.8570	4.1007	0.2211	34.1693	34.3510
4.8575	4.1004	0.2272	33.9823	34.3874
4.8580	4.1003	0.2311	33.6088	34.3925
4.8585	4.0993	0.2345	32.7188	34.3010
4.8590	4.0989	0.2491	32.8128	34.2193
4.8595	4.0990	0.2474	32.8125	34.2155
4.8600	4.0990	0.2459	32.7831	34.2641
4.8605	4.0997	0.2408	32.9212	34.2999
4.8610	4.0994	0.2366	33.1373	34.1633
4.8615	4.0992	0.2386	33.1467	34.0784
4.8620	4.1003	0.2292	33.2278	34.0722
4.8625	4.1012	0.2163	33.3828	34.0809
4.8630	4.1017	0.2131	33.5668	34.1238
4.8635	4.1019	0.2145	33.6080	34.1699
4.8640	4.1009	0.2221	33.6616	34.2674
4.8645	4.0999	0.2319	33.8019	34.2693
4.8650	4.0996	0.2369	33.9848	34.1766
4.8655	4.0990	0.2425	34.0701	34.0931
4.8660	4.0977	0.2517	34.1275	34.1266
4.8665	4.0970	0.2650	34.2263	34.1699
4.8670	4.0967	0.2675	34.3858	34.1259
4.8675	4.0969	0.2657	34.4390	34.1249
4.8680	4.0968	0.2657	34.3904	34.1591
4.8685	4.0971	0.2629	34.4117	34.3274
4.8690	4.0974	0.2564	34.5657	34.3651
4.8695	4.0974	0.2645	34.6682	34.1863
4.8700	4.0962	0.2735	34.6404	34.0134
4.8705	4.0966	0.2726	34.6138	33.9378
4.8710	4.0970	0.2670	34.7399	33.9417
4.8715	4.0976	0.2571	34.5934	34.0621
4.8720	4.0980	0.2569	34.5224	34.1327
4.8725	4.0989	0.2446	34.4996	34.1893
4.8730	4.0995	0.2393	34.4924	34.3356
4.8735	4.0995	0.2352	34.4737	34.3893
4.8740	4.1000	0.2308	34.2774	34.2870
4.8745	4.0998	0.2344	34.1548	34.2599
4.8750	4.0999	0.2393	34.3691	34.3500
4.8755	4.0999	0.2348	34.5316	34.3057
4.8760	4.0997	0.2351	34.5412	34.2485
4.8765	4.0998	0.2397	34.5652	34.2943
4.8770	4.0999	0.2387	34.7113	34.3362
4.8775	4.0997	0.2387	34.8417	34.4535
4.8780	4.0995	0.2441	34.7710	34.3985
4.8785	4.0989	0.2408	34.7195	34.2365
4.8790	4.0991	0.2390	34.8243	34.1369
4.8795	4.0993	0.2429	34.9220	34.0765
4.8800	4.0996	0.2420	34.8212	34.0481
4.8805	4.0989	0.2414	34.6940	34.0663
4.8810	4.0986	0.2492	34.6644	34.2176
4.8815	4.0991	0.2483	34.6934	34.2531
4.8820	4.0984	0.2523	34.5111	34.2739
4.8825	4.0982	0.2534	34.2981	34.2895
4.8830	4.0977	0.2590	34.1372	34.3468
4.8835	4.0972	0.2623	34.1815	34.4291
4.8840	4.0966	0.2687	33.7919	34.3654
4.8845	4.0964	0.2706	32.5385	34.2591
4.8850	4.0968	0.2674	32.6271	34.1626
4.8855	4.0959	0.2756	32.7905	34.0942
4.8860	4.0966	0.2710	32.7910	34.1217
4.8865	4.0965	0.2688	32.8221	34.1763
4.8870	4.0978	0.2582	32.9435	34.0957
4.8875	4.0986	0.2464	33.1063	34.0297
4.8880	4.0983	0.2480	33.2452	34.0354
4.8885	4.0978	0.2499	33.2745	34.0661
4.8890	4.0989	0.2484	33.3816	34.1139
4.8895	4.0988	0.2486	33.5687	34.2008
4.8900	4.0990	0.2457	33.6941	34.2368
4.8905	4.0993	0.2387	33.7111	34.2134
4.8910	4.0990	0.2470	33.8031	34.2264
4.8915	4.0987	0.2493	34.0006	34.2293
4.8920	4.0990	0.2487	34.1528	34.3571
4.8925	4.0978	0.2541	34.1820	34.4054
4.8930	4.0980	0.2554	34.2061	34.4634
4.8935	4.0979	0.2484	34.3303	34.4225
4.8940	4.0987	0.2437	34.4737	34.3154
4.8945	4.0992	0.2473	34.4827	34.2610
4.8950	4.0987	0.2472	34.4645	34.2940
4.8955	4.0985	0.2469	34.5448	34.2538
4.8960	4.0985	0.2508	34.6715	34.1611
4.8965	4.0980	0.2528	34.6593	34.1415
4.8970	4.0981	0.2576	34.6348	34.1594
4.8975	4.0970	0.2654	34.7171	34.2461
4.8980	4.0966	0.2703	34.8286	34.3591
4.8985	4.0964	0.2749	34.6594	34.4253
4.8990	4.0957	0.2816	34.1791	34.4041
4.8995	4.0953	0.2815	34.2577	34.4397
4.9000	4.0953	0.2882	34.4075	34.4130
4.9005	4.0947	0.2891	34.3673	34.3598
4.9010	4.0956	0.2797	34.2484	34.3425
4.9015	4.0957	0.2781	34.4231	34.4338
4.9020	4.0951	0.2828	34.6561	34.3614
4.9025	4.0945	0.2924	34.7293	34.1897
4.9030	4.0939	0.2944	34.6788	34.1528
4.9035	4.0938	0.2986	34.7467	34.2189
4.9040	4.0936	0.2948	34.9359	34.2784
4.9045	4.0938	0.2986	34.9797	34.2678
4.9050	4.0950	0.2900	34.8777	34.1793
4.9055	4.0953	0.2900	34.8875	34.1243
4.9060	4.0945	0.2913	35.0126	34.1613
4.9065	4.0948	0.2850	35.0404	34.2217
4.9070	4.0950	0.2829	34.8595	34.1936
4.9075	4.0957	0.2815	34.7402	34.1740
4.9080	4.0961	0.2770	34.7370	34.1844
4.9085	4.0956	0.2815	34.7130	34.1762
4.9090	4.0957	0.2789	34.4300	34.1698
4.9095	4.0964	0.2785	34.2786	34.1747
4.9100	4.0962	0.2700	33.9532	34.3057
4.9105	4.0962	0.2739	33.7435	34.2798
4.9110	4.0967	0.2708	33.6873	34.0725
4.9115	4.0961	0.2756	32.8796	33.9275
4.9120	4.0962	0.2739	32.6744	33.9197
4.9125	4.0962	0.2717	32.9853	34.0012
4.9130	4.0969	0.2706	32.9932	34.0714
4.9135	4.0970	0.2632	32.9751	34.0701
4.9140	4.0975	0.2566	33.1179	34.0798
4.9145	4.0967	0.2671	33.3501	34.1525
4.9150	4.0968	0.2689	33.4244	34.2754
4.9155	4.0964	0.2753	33.4032	34.2523
4.9160	4.0959	0.2785	33.5299	34.1485
4.9165	4.0957	0.2815	33.7573	34.0937
4.9170	4.0957	0.2847	33.8522	34.0870
4.9175	4.0963	0.2735	33.8452	34.0882
4.9180	4.0966	0.2673	33.9489	34.0818
4.9185	4.0974	0.2601	34.2069	34.2184
4.9190	4.0984	0.2527	34.3201	34.2901
4.9195	4.0984	0.2488	34.2535	34.3264
4.9200	4.0993	0.2428	34.2832	34.2337
4.9205	4.1010	0.2243	34.5145	34.1224
4.9210	4.1015	0.2195	34.5845	34.1785
4.9215	4.1025	0.2074	34.4785	34.1912
4.9220	4.1026	0.2039	34.4827	34.1233
4.9225	4.1032	0.2003	34.7328	34.0909
4.9230	4.1035	0.1897	34.8324	34.1166
4.9235	4.1037	0.1915	34.7192	34.2180
4.9240	4.1035	0.1965	34.6072	34.3257
4.9245	4.1029	0.2049	34.8112	34.2928
4.9250	4.1021	0.2082	34.6094	34.2757
4.9255	4.1020	0.2141	33.9955	34.2259
4.9260	4.1023	0.2083	34.0091	34.1325
4.9265	4.1023	0.2107	34.2088	34.1559
4.9270	4.1021	0.2105	34.4836	34.2491
4.9275	4.1025	0.2095	34.5145	34.2595
4.9280	4.1013	0.2162	34.4980	34.2067
4.9285	4.1018	0.2137	34.6594	34.1766
4.9290	4.1030	0.1993	34.9097	34.1518
4.9295	4.1033	0.1949	34.9103	34.1524
4.9300	4.1037	0.1908	34.8552	34.1850
4.9305	4.1031	0.2031	34.9336	34.2233
4.9310	4.1014	0.2166	35.0794	34.1014
4.9315	4.1003	0.2285	35.0708	34.0269
4.9320	4.0992	0.2369	34.9820	34.0090
4.9325	4.0982	0.2504	34.9907	34.0751
4.9330	4.0980	0.2504	35.0866	34.0846
4.9335	4.0975	0.2579	35.0089	34.0234
4.9340	4.0977	0.2597	34.8055	34.0224
4.9345	4.0973	0.2625	34.7175	34.0568
4.9350	4.0969	0.2678	34.7086	34.0580
4.9355	4.0960	0.2696	34.5604	34.1188
4.9360	4.0957	0.2763	34.2473	34.2713
4.9365	4.0958	0.2813	33.7820	34.2833
4.9370	4.0959	0.2826	33.9377	34.2268
4.9375	4.0963	0.2732	33.8423	34.1842
4.9380	4.0972	0.2663	33.4841	34.1828
4.9385	4.0981	0.2508	32.8214	34.1788
4.9390	4.0989	0.2473	33.0527	34.2473
4.9395	4.0997	0.2385	33.1122	34.2708
4.9400	4.1015	0.2146	33.0397	34.1125
4.9405	4.1027	0.2003	33.1937	33.9825
4.9410	4.1025	0.2046	33.4723	34.0700
4.9415	4.1023	0.2055	33.5821	34.1591
4.9420	4.1025	0.2087	33.4912	34.1838
4.9425	4.1028	0.1985	33.5644	34.2115
4.9430	4.1025	0.1995	33.8903	34.2235
4.9435	4.1024	0.2119	34.0849	34.2310
4.9440	4.1014	0.2189	33.9674	34.2607
4.9445	4.1011	0.2222	33.9659	34.2649
4.9450	4.1021	0.2115	34.2652	34.2628
4.9455	4.1023	0.2077	34.5161	34.2689
4.9460	4.1025	0.2066	34.3976	34.2481
4.9465	4.1027	0.2054	34.3034	34.1578
4.9470	4.1021	0.2101	34.4934	34.1788
4.9475	4.1016	0.2169	34.7508	34.2804
4.9480	4.1010	0.2171	34.6553	34.3546
4.9485	4.1005	0.2273	34.5272	34.2845
4.9490	4.1006	0.2284	34.6742	34.1040
4.9495	4.0993	0.2384	34.9711	34.0643
4.9500	4.0985	0.2497	34.8221	34.0924
4.9505	4.0979	0.2586	34.7379	34.1408
4.9510	4.0968	0.2681	34.3331	34.1547
4.9515	4.0965	0.2782	34.0594	34.1634
4.9520	4.0951	0.2785	34.2213	34.1780
4.9525	4.0957	0.2769	34.0787	34.1772
4.9530	4.0958	0.2747	34.2573	34.1337
4.9535	4.0961	0.2716	34.5634	34.1192
4.9540	4.0973	0.2613	34.7182	34.1476
4.9545	4.0976	0.2567	34.5879	34.0486
4.9550	4.0979	0.2559	34.6724	33.8936
4.9555	4.0979	0.2516	34.9303	33.8654
4.9560	4.0990	0.2467	35.0849	34.0199
4.9565	4.0990	0.2416	34.9512	34.0593
4.9570	4.0987	0.2496	34.8965	34.0379
4.9575	4.0982	0.2508	35.0741	33.9301
4.9580	4.0990	0.2453	35.2230	33.8541
4.9585	4.0990	0.2436	35.0953	33.8658
4.9590	4.0989	0.2443	34.9333	33.9726
4.9595	4.0989	0.2410	35.0230	34.0494
4.9600	4.0999	0.2328	35.0920	34.0800
4.9605	4.1004	0.2333	34.8775	34.0830
4.9610	4.0996	0.2328	34.5806	34.1610
4.9615	4.0996	0.2375	34.5674	34.0955
4.9620	4.0995	0.2455	34.6207	34.0106
4.9625	4.0985	0.2471	34.3945	34.0171
4.9630	4.0980	0.2502	33.9988	34.0266
4.9635	4.0982	0.2505	33.7398	34.0000
4.9640	4.0985	0.2491	33.8687	33.8922
4.9645	4.0984	0.2509	33.7637	33.9542
4.9650	4.0985	0.2482	33.1270	34.1155
4.9655	4.0984	0.2531	32.8041	34.2232
4.9660	4.0972	0.2564	33.2744	34.2182
4.9665	4.0965	0.2650	33.3481	34.0991
4.9670	4.0958	0.2743	33.2248	34.0596
4.9675	4.0959	0.2762	33.2786	34.1076
4.9680	4.0957	0.2767	33.6568	34.1529
4.9685	4.0960	0.2735	33.7971	34.1705
4.9690	4.0965	0.2739	33.6629	34.1612
4.9695	4.0979	0.2552	33.6737	34.1775
4.9700	4.0969	0.2633	34.0459	34.1924
4.9705	4.0960	0.2718	34.2484	34.1496
4.9710	4.0968	0.2708	34.1336	34.1698
4.9715	4.0966	0.2757	34.0999	34.1216
4.9720	4.0973	0.2635	34.4176	34.0565
4.9725	4.0993	0.2419	34.6255	33.9683
4.9730	4.1000	0.2281	34.5015	33.9747
4.9735	4.0996	0.2275	34.3066	34.0208
4.9740	4.1007	0.2244	34.5795	33.9958
4.9745	4.1008	0.2265	34.8070	33.9864
4.9750	4.1015	0.2157	34.7696	33.9985
4.9755	4.1015	0.2148	34.5326	34.0208
4.9760	4.1019	0.2076	34.8221	34.0706
4.9765	4.1025	0.2068	34.5166	34.1609
4.9770	4.1033	0.2041	33.7203	34.1676
4.9775	4.1034	0.1897	33.7704	34.0908
4.9780	4.1028	0.2008	33.8239	34.0544
4.9785	4.1030	0.1986	34.2235	34.0359
4.9790	4.1035	0.1950	34.3571	34.0222
4.9795	4.1036	0.1957	34.3859	34.0339
4.9800	4.1025	0.2051	34.3793	34.0881
4.9805	4.1014	0.2157	34.6412	34.0714
4.9810	4.1003	0.2272	34.8079	34.0338
4.9815	4.0993	0.2373	34.8056	34.0239
4.9820	4.0989	0.2493	34.7854	34.0567
4.9825	4.0980	0.2592	34.9440	34.0733
4.9830	4.0978	0.2599	35.0713	34.0789
4.9835	4.0966	0.2691	35.0320	34.0750
4.9840	4.0964	0.2682	34.9576	34.0835
4.9845	4.0967	0.2659	35.0100	34.0624
4.9850	4.0967	0.2640	35.1148	34.1301
4.9855	4.0968	0.2633	35.0505	34.2532
4.9860	4.0968	0.2621	34.9026	34.2732
4.9865	4.0968	0.2593	34.8113	34.1820
4.9870	4.0971	0.2615	34.8215	34.1998
4.9875	4.0983	0.2539	34.6586	34.2121
4.9880	4.0985	0.2443	34.4452	34.1934
4.9885	4.0999	0.2322	34.2426	34.2310
4.9890	4.1006	0.2250	34.2720	34.2300
4.9895	4.0997	0.2310	33.9536	34.2379
4.9900	4.1002	0.2295	33.3171	34.1584
4.9905	4.1009	0.2212	33.3095	34.1059
4.9910	4.1000	0.2267	33.4006	34.1203
4.9915	4.1005	0.2295	33.2552	34.1649
4.9920	4.1010	0.2240	33.0080	34.3450
4.9925	4.1010	0.2211	33.1706	34.2875
4.9930	4.1016	0.2183	33.2971	34.2091
4.9935	4.1016	0.2173	33.4853	34.2021
4.9940	4.1024	0.2110	33.5077	34.2334
4.9945	4.1033	0.1996	33.6073	34.2111
4.9950	4.1032	0.1966	33.7556	34.1540
4.9955	4.1034	0.1884	33.9015	34.1523
4.9960	4.1027	0.1984	33.9513	34.1953
4.9965	4.1022	0.2064	34.0639	34.2625
4.9970	4.1019	0.2091	34.1847	34.2994
4.9975	4.1011	0.2238	34.3169	34.3643
4.9980	4.1003	0.2257	34.3874	34.3739
4.9985	4.0995	0.2380	34.4738	34.2411
4.9990	4.0988	0.2416	34.5274	34.1307
4.9995	4.0979	0.2530	34.5695	34.0108
