Flexible Shaft
9/10/2026 3:40:34 PM
Sample Rate (Hz) = 2000.00
Effective Sample Rate (Hz) = 2000.00
time (s)	Voltage (V)	Current (A)	Distal Tach (rad/s)	Motor Tach (rad/s)

0.0000	8.2134	0.2709	76.3417	76.3505
0.0005	8.2149	0.2511	76.7385	76.5525
0.0010	8.2160	0.2376	77.3761	76.0792
0.0015	8.2174	0.2253	77.7816	75.9938
0.0020	8.2176	0.2195	77.7401	76.0254
0.0025	8.2162	0.2344	77.8496	76.0448
0.0030	8.2158	0.2405	77.6722	76.1183
0.0035	8.2160	0.2399	77.4852	75.8494
0.0040	8.2157	0.2352	76.3900	75.8671
0.0045	8.2165	0.2304	75.2044	76.1193
0.0050	8.2170	0.2270	73.4956	75.6286
0.0055	8.2174	0.2210	73.0479	75.6696
0.0060	8.2170	0.2273	73.9012	75.5678
0.0065	8.2157	0.2384	74.0268	75.9388
0.0070	8.2145	0.2523	74.8193	76.1102
0.0075	8.2133	0.2674	75.4341	75.8255
0.0080	8.2143	0.2636	75.9786	76.0135
0.0085	8.2150	0.2519	76.2162	76.2594
0.0090	8.2165	0.2355	76.4971	76.1333
0.0095	8.2173	0.2239	76.9766	76.0456
0.0100	8.2175	0.2284	77.2612	75.7814
0.0105	8.2162	0.2335	77.3863	76.0583
0.0110	8.2160	0.2383	76.6501	76.1843
0.0115	8.2163	0.2336	75.8117	75.9212
0.0120	8.2165	0.2322	76.5929	76.2931
0.0125	8.2174	0.2263	77.0374	76.2018
0.0130	8.2183	0.2119	77.3472	76.1813
0.0135	8.2182	0.2160	77.7281	76.2453
0.0140	8.2163	0.2317	77.9571	75.7773
0.0145	8.2153	0.2459	78.0578	75.7065
0.0150	8.2137	0.2630	77.4605	75.7291
0.0155	8.2131	0.2661	77.1193	75.8188
0.0160	8.2130	0.2691	75.9908	76.2267
0.0165	8.2138	0.2615	75.1531	76.1911
0.0170	8.2155	0.2479	73.5268	76.0835
0.0175	8.2160	0.2446	73.0049	76.3973
0.0180	8.2170	0.2281	74.1078	76.0757
0.0185	8.2170	0.2292	74.4900	76.0457
0.0190	8.2170	0.2228	75.0392	76.1022
0.0195	8.2168	0.2263	75.3896	76.1987
0.0200	8.2167	0.2357	76.1123	76.3176
0.0205	8.2167	0.2347	76.4498	76.3365
0.0210	8.2164	0.2369	76.7756	76.2963
0.0215	8.2170	0.2310	76.9240	76.3978
0.0220	8.2157	0.2366	77.3250	75.8874
0.0225	8.2145	0.2559	77.2714	76.1107
0.0230	8.2134	0.2664	75.7343	76.4055
0.0235	8.2134	0.2635	75.9510	76.1550
0.0240	8.2140	0.2611	76.7050	76.0255
0.0245	8.2147	0.2534	77.2947	75.5913
0.0250	8.2147	0.2499	77.6375	75.8188
0.0255	8.2143	0.2545	77.7725	75.8490
0.0260	8.2144	0.2602	77.9093	75.3748
0.0265	8.2145	0.2576	77.9003	75.7153
0.0270	8.2146	0.2534	77.3881	75.9749
0.0275	8.2146	0.2506	76.8081	76.0830
0.0280	8.2156	0.2473	75.9567	76.0333
0.0285	8.2161	0.2373	75.0316	75.7129
0.0290	8.2174	0.2270	73.7778	75.9639
0.0295	8.2156	0.2413	73.2793	76.3010
0.0300	8.2145	0.2542	74.1340	75.9692
0.0305	8.2142	0.2613	74.5466	76.1431
0.0310	8.2145	0.2572	75.1086	76.0923
0.0315	8.2152	0.2509	75.5771	76.1899
0.0320	8.2161	0.2414	76.1602	75.9235
0.0325	8.2167	0.2304	76.5773	75.6369
0.0330	8.2176	0.2270	76.8012	75.9012
0.0335	8.2178	0.2186	77.0007	75.8392
0.0340	8.2173	0.2206	77.1430	76.0162
0.0345	8.2184	0.2149	75.2813	76.1026
0.0350	8.2186	0.2141	75.5168	75.8160
0.0355	8.2187	0.2108	76.2299	75.8847
0.0360	8.2184	0.2057	76.8610	75.9657
0.0365	8.2168	0.2300	77.3643	75.7415
0.0370	8.2153	0.2457	77.6431	75.9642
0.0375	8.2146	0.2552	77.8296	75.9034
0.0380	8.2146	0.2516	77.8196	76.1721
0.0385	8.2152	0.2487	77.7008	76.3345
0.0390	8.2144	0.2484	77.1244	76.0946
0.0395	8.2164	0.2334	76.6149	76.1454
0.0400	8.2175	0.2189	75.5039	76.2341
0.0405	8.2167	0.2258	74.2016	75.9206
0.0410	8.2160	0.2349	73.7651	76.2019
0.0415	8.2162	0.2307	73.7427	76.1932
0.0420	8.2174	0.2238	74.4928	76.1046
0.0425	8.2187	0.2110	74.9229	76.1174
0.0430	8.2196	0.2026	75.5611	76.1233
0.0435	8.2188	0.2092	76.0857	76.5003
0.0440	8.2162	0.2315	76.5883	76.2674
0.0445	8.2150	0.2509	76.7939	75.7470
0.0450	8.2125	0.2661	77.1284	75.6240
0.0455	8.2129	0.2678	77.3054	75.5733
0.0460	8.2142	0.2615	76.3753	75.8637
0.0465	8.2148	0.2511	77.0117	75.7587
0.0470	8.2162	0.2425	76.2996	75.6573
0.0475	8.2155	0.2400	76.4060	76.1112
0.0480	8.2147	0.2536	77.0837	76.0376
0.0485	8.2138	0.2589	77.3437	75.6973
0.0490	8.2143	0.2605	77.6871	75.6663
0.0495	8.2149	0.2505	77.8837	75.5223
0.0500	8.2157	0.2396	77.6584	76.1135
0.0505	8.2164	0.2390	77.3432	76.3099
0.0510	8.2161	0.2387	76.7312	76.3026
0.0515	8.2156	0.2418	76.3689	76.4919
0.0520	8.2140	0.2552	74.4438	76.1793
0.0525	8.2125	0.2756	72.7491	75.9101
0.0530	8.2125	0.2801	73.4984	75.7537
0.0535	8.2127	0.2747	74.0459	75.6302
0.0540	8.2134	0.2678	74.6989	75.7151
0.0545	8.2149	0.2544	75.0344	76.0885
0.0550	8.2152	0.2503	75.7302	76.2232
0.0555	8.2143	0.2545	76.2905	76.1273
0.0560	8.2138	0.2622	76.7386	75.7238
0.0565	8.2145	0.2562	76.7486	75.6660
0.0570	8.2152	0.2520	77.2770	75.9036
0.0575	8.2149	0.2502	77.1400	75.7675
0.0580	8.2150	0.2453	76.5651	75.8744
0.0585	8.2153	0.2438	77.0745	76.2386
0.0590	8.2150	0.2500	76.1772	76.4475
0.0595	8.2150	0.2500	76.7226	76.3327
0.0600	8.2135	0.2600	77.2525	76.0584
0.0605	8.2120	0.2795	77.4359	76.1646
0.0610	8.2127	0.2767	77.6198	76.2644
0.0615	8.2130	0.2711	77.8997	75.9642
0.0620	8.2141	0.2614	77.7283	76.1791
0.0625	8.2142	0.2546	77.0867	76.3584
0.0630	8.2147	0.2540	76.4419	76.0734
0.0635	8.2152	0.2460	75.9685	76.1238
0.0640	8.2149	0.2517	73.6564	76.1212
0.0645	8.2148	0.2549	72.9828	76.2762
0.0650	8.2145	0.2493	73.5315	76.1759
0.0655	8.2151	0.2509	74.3079	75.6525
0.0660	8.2153	0.2428	74.9478	75.6986
0.0665	8.2153	0.2463	75.2583	76.0871
0.0670	8.2137	0.2572	75.7977	75.8399
0.0675	8.2129	0.2729	76.4018	75.7383
0.0680	8.2128	0.2715	76.8993	75.6130
0.0685	8.2126	0.2681	76.9728	76.1735
0.0690	8.2134	0.2664	77.1153	75.8638
0.0695	8.2139	0.2629	77.3488	75.4086
0.0700	8.2142	0.2540	77.0489	75.7086
0.0705	8.2146	0.2501	76.9248	76.0515
0.0710	8.2152	0.2519	76.2465	76.2656
0.0715	8.2149	0.2470	76.5987	76.2407
0.0720	8.2150	0.2478	77.4785	76.1338
0.0725	8.2150	0.2514	77.6704	76.3336
0.0730	8.2151	0.2478	77.5792	76.0813
0.0735	8.2156	0.2434	77.4667	75.7382
0.0740	8.2149	0.2458	77.6154	75.9399
0.0745	8.2144	0.2549	76.9989	75.9960
0.0750	8.2132	0.2658	76.3982	76.1594
0.0755	8.2131	0.2707	74.0104	76.3251
0.0760	8.2147	0.2575	72.6729	75.9657
0.0765	8.2161	0.2378	73.5191	75.8914
0.0770	8.2165	0.2322	73.7896	75.5501
0.0775	8.2162	0.2315	74.2201	75.5450
0.0780	8.2156	0.2419	74.8335	75.9124
0.0785	8.2141	0.2610	75.7325	75.9169
0.0790	8.2142	0.2587	76.0529	76.1632
0.0795	8.2148	0.2579	76.3731	76.5032
0.0800	8.2155	0.2422	76.7654	76.2451
0.0805	8.2163	0.2362	77.1998	76.2832
0.0810	8.2172	0.2278	77.2398	76.0101
0.0815	8.2166	0.2366	77.3245	76.0386
0.0820	8.2152	0.2458	76.9450	76.3188
0.0825	8.2143	0.2579	76.6455	76.2811
0.0830	8.2143	0.2573	76.6075	76.3356
0.0835	8.2157	0.2399	76.8363	76.3406
0.0840	8.2152	0.2467	77.4735	75.8808
0.0845	8.2154	0.2429	78.0110	76.0437
0.0850	8.2148	0.2461	78.0459	76.0367
0.0855	8.2141	0.2549	77.6506	76.1771
0.0860	8.2143	0.2545	77.2592	76.1062
0.0865	8.2148	0.2518	77.1854	75.7995
0.0870	8.2149	0.2535	76.0174	76.0077
0.0875	8.2143	0.2517	74.3400	75.9127
0.0880	8.2146	0.2507	72.6127	75.4726
0.0885	8.2160	0.2366	73.5709	75.6504
0.0890	8.2160	0.2387	74.3012	75.6879
0.0895	8.2149	0.2458	74.4805	76.1026
0.0900	8.2134	0.2587	74.7197	75.9472
0.0905	8.2128	0.2661	75.6546	75.8146
0.0910	8.2139	0.2606	76.4430	76.1107
0.0915	8.2149	0.2539	76.4635	76.2910
0.0920	8.2160	0.2371	76.4491	76.1098
0.0925	8.2166	0.2312	77.0055	76.0023
0.0930	8.2156	0.2361	77.4975	75.8401
0.0935	8.2153	0.2462	77.3185	76.2005
0.0940	8.2147	0.2493	75.7466	75.9821
0.0945	8.2154	0.2398	75.9629	75.9948
0.0950	8.2160	0.2433	77.0690	76.2779
0.0955	8.2160	0.2363	77.2883	76.0849
0.0960	8.2176	0.2245	77.3596	76.2973
0.0965	8.2167	0.2296	77.7046	76.1368
0.0970	8.2157	0.2390	78.1791	75.7657
0.0975	8.2143	0.2534	77.8269	75.7612
0.0980	8.2137	0.2613	77.1256	75.7693
0.0985	8.2139	0.2607	76.4485	75.9567
0.0990	8.2140	0.2580	75.5757	76.2765
0.0995	8.2156	0.2462	74.5163	76.0026
0.1000	8.2163	0.2348	72.6758	76.2465
0.1005	8.2171	0.2304	73.5069	76.3382
0.1010	8.2176	0.2186	74.3138	76.0676
0.1015	8.2171	0.2290	74.8878	76.1554
0.1020	8.2178	0.2246	75.0180	76.2117
0.1025	8.2173	0.2239	75.5055	76.3473
0.1030	8.2178	0.2175	76.4169	76.4395
0.1035	8.2181	0.2213	76.7657	76.2838
0.1040	8.2182	0.2174	76.7136	76.4178
0.1045	8.2184	0.2127	76.7722	76.2341
0.1050	8.2166	0.2282	77.4842	75.8728
0.1055	8.2151	0.2453	76.6750	76.3144
0.1060	8.2151	0.2446	75.5430	76.3138
0.1065	8.2157	0.2470	76.0941	76.1079
0.1070	8.2155	0.2464	76.9087	75.8603
0.1075	8.2157	0.2416	77.6606	75.5778
0.1080	8.2155	0.2461	77.6447	76.0506
0.1085	8.2153	0.2433	77.6762	75.6712
0.1090	8.2157	0.2436	77.7349	75.5118
0.1095	8.2163	0.2384	77.7671	75.8939
0.1100	8.2163	0.2352	77.1136	76.0565
0.1105	8.2162	0.2333	76.3063	76.0756
0.1110	8.2174	0.2287	75.3160	75.9009
0.1115	8.2174	0.2249	74.4123	75.6904
0.1120	8.2170	0.2236	73.2380	76.2684
0.1125	8.2157	0.2463	73.6314	76.2112
0.1130	8.2147	0.2515	74.1037	76.1005
0.1135	8.2147	0.2498	74.8599	76.2458
0.1140	8.2150	0.2481	75.4218	76.2088
0.1145	8.2156	0.2484	75.8382	76.2227
0.1150	8.2164	0.2325	76.0532	75.7740
0.1155	8.2165	0.2268	76.6943	75.7752
0.1160	8.2172	0.2272	76.8463	75.9162
0.1165	8.2172	0.2275	77.2772	75.9212
0.1170	8.2176	0.2238	75.9971	76.1719
0.1175	8.2179	0.2231	75.0107	76.0472
0.1180	8.2173	0.2225	76.0581	75.8461
0.1185	8.2176	0.2215	76.4062	76.0426
0.1190	8.2175	0.2337	76.8998	76.0010
0.1195	8.2152	0.2453	77.3455	75.8941
0.1200	8.2135	0.2624	77.9027	76.0069
0.1205	8.2128	0.2708	77.8234	76.0042
0.1210	8.2135	0.2685	77.5429	76.3937
0.1215	8.2135	0.2641	77.3124	76.2966
0.1220	8.2145	0.2574	76.9732	76.1485
0.1225	8.2156	0.2413	76.2252	76.2582
0.1230	8.2154	0.2476	74.5216	76.0973
0.1235	8.2151	0.2468	73.7751	76.0632
0.1240	8.2158	0.2461	73.7300	76.3619
0.1245	8.2168	0.2304	74.1046	76.1651
0.1250	8.2175	0.2224	74.5073	76.2039
0.1255	8.2179	0.2144	74.9470	76.1166
0.1260	8.2187	0.2083	75.8575	76.3404
0.1265	8.2173	0.2226	76.3507	76.5734
0.1270	8.2144	0.2476	76.6016	76.1048
0.1275	8.2134	0.2692	76.6508	75.7515
0.1280	8.2120	0.2790	77.3420	75.6708
0.1285	8.2129	0.2698	77.0114	75.7562
0.1290	8.2139	0.2635	76.6337	75.9841
0.1295	8.2147	0.2540	76.6211	75.7048
0.1300	8.2152	0.2440	76.0011	75.9091
0.1305	8.2162	0.2437	76.8252	76.2931
0.1310	8.2156	0.2438	77.1068	75.9165
0.1315	8.2157	0.2433	77.3344	75.7625
0.1320	8.2163	0.2344	77.6547	75.6286
0.1325	8.2170	0.2299	77.8669	75.7940
0.1330	8.2181	0.2215	77.4945	76.4172
0.1335	8.2188	0.2124	76.8751	76.3419
0.1340	8.2179	0.2168	76.4335	76.5449
0.1345	8.2165	0.2272	75.7980	76.4812
0.1350	8.2152	0.2422	73.2725	76.1190
0.1355	8.2147	0.2555	72.7987	75.9732
0.1360	8.2150	0.2480	73.6639	75.7649
0.1365	8.2150	0.2439	74.3632	75.7222
0.1370	8.2165	0.2339	74.7824	75.9394
0.1375	8.2178	0.2194	75.0557	76.2441
0.1380	8.2173	0.2254	75.8811	76.2428
0.1385	8.2170	0.2317	76.5344	76.0500
0.1390	8.2168	0.2301	76.7780	75.6754
0.1395	8.2175	0.2183	76.6396	75.9052
0.1400	8.2182	0.2173	77.3217	75.9344
0.1405	8.2180	0.2153	76.7078	75.8367
0.1410	8.2189	0.2115	76.8885	76.0981
0.1415	8.2179	0.2155	76.5623	76.4367
0.1420	8.2177	0.2214	75.9627	76.4574
0.1425	8.2169	0.2301	77.0709	76.2635
0.1430	8.2145	0.2496	77.4294	76.0681
0.1435	8.2148	0.2543	77.3923	76.3370
0.1440	8.2145	0.2514	77.5190	76.1652
0.1445	8.2152	0.2506	77.7858	76.0305
0.1450	8.2160	0.2400	77.5640	76.4422
0.1455	8.2159	0.2408	76.6590	76.3217
0.1460	8.2165	0.2346	76.1773	76.1535
0.1465	8.2159	0.2367	75.0810	76.1928
0.1470	8.2161	0.2382	73.1047	76.1792
0.1475	8.2163	0.2363	73.1060	76.3265
0.1480	8.2163	0.2431	73.5622	75.9355
0.1485	8.2164	0.2346	74.5446	75.5805
0.1490	8.2167	0.2284	75.1047	75.9958
0.1495	8.2155	0.2416	75.4403	76.0623
0.1500	8.2140	0.2566	75.8105	75.8302
0.1505	8.2132	0.2667	76.4862	75.7191
0.1510	8.2130	0.2667	76.9942	75.9297
0.1515	8.2138	0.2638	76.9715	76.2713
0.1520	8.2136	0.2643	77.1276	75.5827
0.1525	8.2147	0.2500	77.0197	75.5613
0.1530	8.2150	0.2481	77.0447	75.8675
0.1535	8.2153	0.2446	76.7227	76.2084
0.1540	8.2154	0.2439	76.0512	76.2613
0.1545	8.2150	0.2517	76.9393	76.1875
0.1550	8.2144	0.2523	77.4457	76.2707
0.1555	8.2143	0.2531	77.5805	76.3640
0.1560	8.2144	0.2520	77.4910	75.9257
0.1565	8.2145	0.2517	77.5072	75.8707
0.1570	8.2143	0.2553	77.3041	76.0643
0.1575	8.2142	0.2574	76.7027	76.0689
0.1580	8.2128	0.2711	75.6938	76.3180
0.1585	8.2136	0.2668	73.1153	76.1415
0.1590	8.2143	0.2608	72.8935	75.9497
0.1595	8.2151	0.2541	73.5672	75.8029
0.1600	8.2155	0.2490	73.9121	75.5589
0.1605	8.2147	0.2498	74.3719	75.8399
0.1610	8.2134	0.2569	75.1433	76.0513
0.1615	8.2133	0.2623	75.8601	76.0373
0.1620	8.2137	0.2616	76.1786	76.4174
0.1625	8.2147	0.2519	76.4125	76.3274
0.1630	8.2156	0.2438	76.7725	76.2377
0.1635	8.2169	0.2370	77.2581	76.1297
0.1640	8.2171	0.2281	77.4012	75.9524
0.1645	8.2157	0.2394	77.1166	76.2020
0.1650	8.2151	0.2483	76.5609	76.4007
0.1655	8.2145	0.2597	76.5746	76.3226
0.1660	8.2159	0.2425	76.8189	76.5209
0.1665	8.2178	0.2260	77.0343	76.1026
0.1670	8.2186	0.2110	77.5087	75.9258
0.1675	8.2193	0.2010	77.9262	75.9979
0.1680	8.2165	0.2292	78.0659	76.0099
0.1685	8.2155	0.2374	77.4950	76.1561
0.1690	8.2151	0.2408	77.2098	75.9442
0.1695	8.2159	0.2386	76.6356	75.8615
0.1700	8.2156	0.2425	75.5288	76.1592
0.1705	8.2170	0.2327	73.5509	75.6831
0.1710	8.2176	0.2237	72.6245	75.6375
0.1715	8.2172	0.2215	73.8756	75.5708
0.1720	8.2161	0.2381	74.2958	75.7611
0.1725	8.2149	0.2531	74.6855	76.0770
0.1730	8.2133	0.2687	75.0017	75.7706
0.1735	8.2136	0.2614	75.8391	75.9663
0.1740	8.2150	0.2519	76.4218	76.2914
0.1745	8.2153	0.2435	76.5433	76.1958
0.1750	8.2159	0.2416	76.6761	76.1146
0.1755	8.2155	0.2443	77.1009	75.8413
0.1760	8.2151	0.2434	77.5315	76.0331
0.1765	8.2150	0.2520	76.8275	76.2031
0.1770	8.2148	0.2489	75.5653	75.8935
0.1775	8.2147	0.2515	76.3859	76.2014
0.1780	8.2149	0.2484	77.1874	76.2010
0.1785	8.2155	0.2431	77.3976	76.1000
0.1790	8.2157	0.2371	77.4857	76.2614
0.1795	8.2146	0.2442	77.7440	75.8318
0.1800	8.2142	0.2576	78.1643	75.7232
0.1805	8.2133	0.2678	77.6378	75.7586
0.1810	8.2125	0.2777	77.0539	75.8244
0.1815	8.2124	0.2786	75.9382	76.1950
0.1820	8.2131	0.2716	75.1986	76.1932
0.1825	8.2132	0.2663	73.8616	75.9958
0.1830	8.2139	0.2645	72.8943	76.3483
0.1835	8.2159	0.2454	73.9227	76.0931
0.1840	8.2158	0.2353	74.3409	76.0292
0.1845	8.2169	0.2330	75.0496	76.1022
0.1850	8.2161	0.2322	75.2526	76.1750
0.1855	8.2155	0.2449	75.9127	76.3141
0.1860	8.2159	0.2431	76.4967	76.3522
0.1865	8.2163	0.2325	76.7861	76.2729
0.1870	8.2169	0.2345	76.8376	76.4178
0.1875	8.2162	0.2393	77.0814	75.9085
0.1880	8.2146	0.2556	77.3176	75.9935
0.1885	8.2134	0.2642	76.0265	76.3761
0.1890	8.2134	0.2673	75.8228	76.1610
0.1895	8.2139	0.2599	76.4468	76.0648
0.1900	8.2142	0.2614	77.1647	75.6380
0.1905	8.2141	0.2576	77.6702	75.7463
0.1910	8.2136	0.2590	77.7829	75.9608
0.1915	8.2146	0.2561	77.7664	75.4204
0.1920	8.2138	0.2594	77.7930	75.6701
0.1925	8.2146	0.2555	77.5807	75.9565
0.1930	8.2148	0.2556	76.8848	76.0177
0.1935	8.2148	0.2487	75.9734	75.9898
0.1940	8.2156	0.2454	75.0432	75.7197
0.1945	8.2165	0.2354	73.8670	75.8415
0.1950	8.2148	0.2445	73.3162	76.3186
0.1955	8.2139	0.2599	73.9227	75.9993
0.1960	8.2138	0.2573	74.3439	76.1455
0.1965	8.2141	0.2569	75.1427	76.1113
0.1970	8.2151	0.2517	75.5889	76.1832
0.1975	8.2156	0.2421	76.0670	75.9947
0.1980	8.2161	0.2406	76.3112	75.6526
0.1985	8.2167	0.2342	76.7957	75.8611
0.1990	8.2177	0.2198	77.0493	75.8308
0.1995	8.2172	0.2285	77.2025	75.9424
0.2000	8.2176	0.2268	75.3154	76.1111
0.2005	8.2181	0.2213	75.3759	75.8447
0.2010	8.2178	0.2183	76.2175	75.8608
0.2015	8.2180	0.2136	76.7511	75.9816
0.2020	8.2168	0.2296	77.1994	75.7841
0.2025	8.2147	0.2494	77.5594	75.9384
0.2030	8.2142	0.2531	77.9026	75.9083
0.2035	8.2138	0.2586	77.8009	76.0979
0.2040	8.2145	0.2594	77.6514	76.3290
0.2045	8.2139	0.2579	77.2148	76.0833
0.2050	8.2154	0.2493	76.7324	76.0900
0.2055	8.2166	0.2275	75.6891	76.2192
0.2060	8.2162	0.2299	74.2116	75.9285
0.2065	8.2156	0.2415	73.7592	76.1602
0.2070	8.2155	0.2414	73.7523	76.2253
0.2075	8.2161	0.2419	74.4043	76.1041
0.2080	8.2167	0.2344	74.7706	76.1576
0.2085	8.2176	0.2225	75.3518	76.0952
0.2090	8.2169	0.2265	76.0899	76.4582
0.2095	8.2150	0.2493	76.5582	76.3311
0.2100	8.2135	0.2619	76.7231	75.7785
0.2105	8.2117	0.2814	76.8972	75.5987
0.2110	8.2115	0.2882	77.4242	75.5088
0.2115	8.2116	0.2842	76.8704	75.7892
0.2120	8.2116	0.2897	76.8942	75.7799
0.2125	8.2116	0.2819	76.3033	75.6381
0.2130	8.2121	0.2818	76.2579	76.1337
0.2135	8.2119	0.2801	77.1019	76.1643
0.2140	8.2111	0.2895	77.2709	75.7415
0.2145	8.2118	0.2859	77.5304	75.6996
0.2150	8.2125	0.2777	77.7824	75.4874
0.2155	8.2129	0.2755	77.8353	76.0128
0.2160	8.2131	0.2688	77.4362	76.3170
0.2165	8.2138	0.2627	76.6896	76.2570
0.2170	8.2131	0.2596	76.3750	76.5038
0.2175	8.2123	0.2749	74.8899	76.2228
0.2180	8.2114	0.2832	72.8374	75.9518
0.2185	8.2115	0.2865	73.2873	75.8361
0.2190	8.2117	0.2872	73.9053	75.6596
0.2195	8.2122	0.2811	74.7009	75.6913
0.2200	8.2139	0.2652	74.9975	76.0338
0.2205	8.2150	0.2546	75.5340	76.2279
0.2210	8.2141	0.2568	76.1763	76.1398
0.2215	8.2129	0.2698	76.6917	75.7680
0.2220	8.2139	0.2660	76.7481	75.6090
0.2225	8.2142	0.2547	77.1481	75.8815
0.2230	8.2145	0.2551	77.2615	75.7427
0.2235	8.2147	0.2513	76.4835	75.7936
0.2240	8.2149	0.2469	77.1615	76.1857
0.2245	8.2143	0.2540	76.2981	76.4417
0.2250	8.2143	0.2505	76.4757	76.3398
0.2255	8.2139	0.2591	77.2776	76.0833
0.2260	8.2128	0.2731	77.4252	76.0679
0.2265	8.2132	0.2652	77.6018	76.2603
0.2270	8.2137	0.2623	77.8367	75.9125
0.2275	8.2144	0.2561	77.7197	76.0865
0.2280	8.2152	0.2511	77.2509	76.3665
0.2285	8.2150	0.2464	76.4771	76.1368
0.2290	8.2151	0.2487	76.1241	76.1683
0.2295	8.2150	0.2466	73.9817	76.1257
0.2300	8.2146	0.2514	72.8764	76.2461
0.2305	8.2153	0.2476	73.4755	76.2146
0.2310	8.2155	0.2465	74.1410	75.6607
0.2315	8.2156	0.2356	74.8248	75.6096
0.2320	8.2152	0.2491	75.2021	76.0512
0.2325	8.2143	0.2580	75.6781	75.8503
0.2330	8.2134	0.2706	76.2883	75.7371
0.2335	8.2125	0.2773	76.8236	75.5881
0.2340	8.2130	0.2708	76.9157	76.1123
0.2345	8.2135	0.2673	77.1093	75.9848
0.2350	8.2138	0.2607	77.3393	75.4167
0.2355	8.2151	0.2514	76.9778	75.6671
0.2360	8.2152	0.2461	76.9882	76.0059
0.2365	8.2155	0.2425	76.3570	76.2086
0.2370	8.2157	0.2417	76.4869	76.1851
0.2375	8.2156	0.2442	77.3124	76.0617
0.2380	8.2154	0.2429	77.4826	76.2640
0.2385	8.2159	0.2451	77.7346	76.1392
0.2390	8.2161	0.2376	77.5222	75.7559
0.2395	8.2156	0.2396	77.5162	75.9241
0.2400	8.2147	0.2505	76.9684	76.0730
0.2405	8.2134	0.2640	76.5826	76.1421
0.2410	8.2127	0.2737	74.6113	76.3482
0.2415	8.2131	0.2631	72.5873	75.9824
0.2420	8.2145	0.2566	73.2903	75.8821
0.2425	8.2145	0.2502	73.7948	75.5647
0.2430	8.2150	0.2547	74.1992	75.4857
0.2435	8.2141	0.2564	74.6599	75.8349
0.2440	8.2134	0.2680	75.5184	75.9104
0.2445	8.2132	0.2728	76.0707	76.0634
0.2450	8.2138	0.2634	76.3991	76.4666
0.2455	8.2138	0.2559	76.5562	76.2584
0.2460	8.2147	0.2517	77.0497	76.2943
0.2465	8.2156	0.2416	77.3522	76.0479
0.2470	8.2154	0.2433	77.4948	75.9862
0.2475	8.2151	0.2511	76.9326	76.2502
0.2480	8.2138	0.2643	76.3481	76.2947
0.2485	8.2136	0.2617	76.5968	76.2800
0.2490	8.2150	0.2511	77.1311	76.3677
0.2495	8.2143	0.2552	77.4600	75.8606
0.2500	8.2149	0.2478	77.7022	75.9952
0.2505	8.2143	0.2532	77.8742	76.0074
0.2510	8.2128	0.2720	77.9228	76.1641
0.2515	8.2126	0.2767	77.4970	76.1581
0.2520	8.2129	0.2691	77.1042	75.8901
0.2525	8.2131	0.2671	76.0563	75.9911
0.2530	8.2139	0.2685	74.7497	75.9701
0.2535	8.2139	0.2596	72.7916	75.4642
0.2540	8.2148	0.2508	73.3121	75.5906
0.2545	8.2156	0.2403	74.0482	75.4656
0.2550	8.2146	0.2520	74.4531	75.9452
0.2555	8.2132	0.2673	74.8687	75.9703
0.2560	8.2127	0.2773	75.4184	75.7919
0.2565	8.2134	0.2642	76.1463	76.1630
0.2570	8.2141	0.2557	76.5441	76.3419
0.2575	8.2148	0.2534	76.5866	76.1475
0.2580	8.2157	0.2432	76.8521	76.0354
0.2585	8.2153	0.2456	77.2033	75.8100
0.2590	8.2150	0.2472	77.4850	76.1516
0.2595	8.2153	0.2499	76.1826	76.0138
0.2600	8.2156	0.2435	75.7981	75.8856
0.2605	8.2155	0.2428	76.7041	76.2581
0.2610	8.2161	0.2393	77.2700	76.0986
0.2615	8.2172	0.2290	77.6200	76.2459
0.2620	8.2165	0.2302	77.6515	76.1948
0.2625	8.2152	0.2425	77.8537	75.7737
0.2630	8.2141	0.2538	77.8820	75.7674
0.2635	8.2133	0.2659	77.4300	75.7525
0.2640	8.2134	0.2646	76.7527	75.9022
0.2645	8.2132	0.2680	75.4075	76.2660
0.2650	8.2143	0.2599	74.7052	76.0540
0.2655	8.2154	0.2423	73.0708	76.1362
0.2660	8.2163	0.2414	73.4297	76.3264
0.2665	8.2169	0.2322	74.0353	76.0528
0.2670	8.2162	0.2337	74.5721	76.1181
0.2675	8.2170	0.2283	75.2229	76.2045
0.2680	8.2171	0.2278	75.6462	76.2994
0.2685	8.2172	0.2248	76.1453	76.4154
0.2690	8.2178	0.2216	76.4554	76.2985
0.2695	8.2179	0.2191	76.8506	76.3427
0.2700	8.2178	0.2216	77.0041	76.2696
0.2705	8.2163	0.2365	77.3468	75.8233
0.2710	8.2148	0.2490	76.6438	76.2444
0.2715	8.2142	0.2569	75.6166	76.3714
0.2720	8.2143	0.2546	76.2757	76.1399
0.2725	8.2148	0.2549	76.7593	75.9678
0.2730	8.2155	0.2490	77.3483	75.5591
0.2735	8.2151	0.2494	77.6020	75.9746
0.2740	8.2145	0.2537	77.8944	75.7273
0.2745	8.2149	0.2549	77.7894	75.4223
0.2750	8.2149	0.2482	77.6277	75.8042
0.2755	8.2156	0.2469	77.1555	76.0051
0.2760	8.2154	0.2494	76.6439	76.0573
0.2765	8.2153	0.2475	75.5427	75.9725
0.2770	8.2157	0.2415	74.4083	75.7111
0.2775	8.2165	0.2352	73.2104	76.1817
0.2780	8.2148	0.2463	73.7199	76.2606
0.2785	8.2137	0.2621	74.2744	76.0387
0.2790	8.2140	0.2581	74.5545	76.1804
0.2795	8.2147	0.2558	75.1152	76.1140
0.2800	8.2141	0.2552	75.9379	76.1733
0.2805	8.2154	0.2474	76.2827	75.8303
0.2810	8.2157	0.2410	76.4598	75.7484
0.2815	8.2166	0.2396	76.5695	75.9173
0.2820	8.2157	0.2352	77.3382	75.9203
0.2825	8.2163	0.2394	76.6647	76.1607
0.2830	8.2169	0.2348	74.8795	76.1271
0.2835	8.2164	0.2324	75.5830	75.8589
0.2840	8.2168	0.2286	76.3900	75.9870
0.2845	8.2168	0.2343	77.1561	75.9223
0.2850	8.2148	0.2466	77.2881	75.8084
0.2855	8.2141	0.2597	77.4974	75.9319
0.2860	8.2132	0.2683	77.8243	75.8914
0.2865	8.2131	0.2724	77.9464	76.2759
0.2870	8.2133	0.2674	77.4505	76.3431
0.2875	8.2139	0.2667	76.6914	76.1554
0.2880	8.2156	0.2415	76.2763	76.3240
0.2885	8.2160	0.2403	75.1065	76.2729
0.2890	8.2159	0.2384	73.9588	76.0270
0.2895	8.2154	0.2453	73.4355	76.3330
0.2900	8.2155	0.2425	73.8202	76.1440
0.2905	8.2159	0.2390	74.7691	76.1471
0.2910	8.2168	0.2369	75.0125	76.0737
0.2915	8.2169	0.2239	75.5141	76.2492
0.2920	8.2164	0.2284	76.0416	76.5740
0.2925	8.2148	0.2484	76.7899	76.1850
0.2930	8.2135	0.2690	76.7960	75.7649
0.2935	8.2123	0.2752	77.1584	75.6827
0.2940	8.2125	0.2759	76.7677	75.7238
0.2945	8.2134	0.2685	76.4944	75.9670
0.2950	8.2135	0.2651	76.9838	75.7292
0.2955	8.2148	0.2508	75.8087	75.8242
0.2960	8.2148	0.2515	76.5175	76.2886
0.2965	8.2144	0.2528	77.1820	75.9301
0.2970	8.2150	0.2520	77.5242	75.7186
0.2975	8.2150	0.2542	77.5200	75.6233
0.2980	8.2160	0.2431	77.6323	75.6421
0.2985	8.2164	0.2382	77.5905	76.3564
0.2990	8.2171	0.2293	77.2665	76.3588
0.2995	8.2167	0.2269	76.4249	76.5029
0.3000	8.2157	0.2300	75.7908	76.5426
0.3005	8.2144	0.2481	73.6381	76.1387
0.3010	8.2142	0.2586	72.9639	75.9481
0.3015	8.2147	0.2593	73.6150	75.7511
0.3020	8.2144	0.2575	73.9797	75.6507
0.3025	8.2154	0.2465	74.6539	75.8536
0.3030	8.2170	0.2277	75.2333	76.2099
0.3035	8.2168	0.2302	75.8982	76.2482
0.3040	8.2164	0.2354	76.1690	76.1104
0.3045	8.2162	0.2343	76.6370	75.6980
0.3050	8.2169	0.2237	76.8733	75.8530
0.3055	8.2178	0.2258	77.4609	75.9496
0.3060	8.2174	0.2232	76.5899	75.8278
0.3065	8.2182	0.2196	76.5094	76.0611
0.3070	8.2175	0.2214	76.9748	76.3605
0.3075	8.2169	0.2281	76.1837	76.4635
0.3080	8.2163	0.2380	76.7661	76.2766
0.3085	8.2141	0.2556	77.0831	76.0559
0.3090	8.2138	0.2645	77.5348	76.2944
0.3095	8.2138	0.2644	77.7799	76.2569
0.3100	8.2143	0.2581	77.6902	76.0900
0.3105	8.2153	0.2485	77.3331	76.3957
0.3110	8.2147	0.2471	76.8703	76.3543
0.3115	8.2153	0.2450	76.5476	76.0908
0.3120	8.2151	0.2463	75.3457	76.1450
0.3125	8.2147	0.2590	72.9337	76.1225
0.3130	8.2145	0.2576	73.0980	76.3182
0.3135	8.2143	0.2559	73.7535	76.0416
0.3140	8.2153	0.2514	74.4330	75.6196
0.3145	8.2148	0.2505	74.7412	75.9228
0.3150	8.2140	0.2589	75.2673	76.1310
0.3155	8.2130	0.2703	76.0785	75.8581
0.3160	8.2122	0.2885	76.6019	75.7537
0.3165	8.2123	0.2835	76.7089	75.7932
0.3170	8.2128	0.2776	76.7288	76.2705
0.3175	8.2128	0.2733	77.2895	75.6420
0.3180	8.2138	0.2624	77.3633	75.4992
0.3185	8.2147	0.2550	76.7828	75.7725
0.3190	8.2155	0.2429	76.5845	76.1540
0.3195	8.2150	0.2446	76.2603	76.2685
0.3200	8.2156	0.2437	77.0065	76.2306
0.3205	8.2158	0.2422	77.2752	76.2279
0.3210	8.2153	0.2490	77.3046	76.4204
0.3215	8.2157	0.2389	77.6796	76.0456
0.3220	8.2157	0.2381	77.8088	75.8731
0.3225	8.2153	0.2440	77.2364	76.0356
0.3230	8.2144	0.2530	76.4208	75.9970
0.3235	8.2131	0.2664	76.1099	76.2743
0.3240	8.2127	0.2722	73.7597	76.2009
0.3245	8.2143	0.2606	72.6833	75.9620
0.3250	8.2154	0.2489	73.1099	75.8659
0.3255	8.2150	0.2449	73.7992	75.5734
0.3260	8.2153	0.2480	74.7222	75.7510
0.3265	8.2141	0.2552	75.0849	76.0209
0.3270	8.2139	0.2620	75.3795	76.0243
0.3275	8.2143	0.2557	75.9353	76.3533
0.3280	8.2157	0.2430	76.7056	76.3789
0.3285	8.2162	0.2351	76.9521	76.2161
0.3290	8.2174	0.2226	76.9043	76.1706
0.3295	8.2170	0.2250	77.0817	75.9478
0.3300	8.2159	0.2443	77.4901	76.1420
0.3305	8.2149	0.2512	76.8830	76.4089
0.3310	8.2140	0.2576	76.2862	76.3170
0.3315	8.2156	0.2475	76.4516	76.5219
0.3320	8.2178	0.2226	77.2129	76.1943
0.3325	8.2181	0.2173	77.8220	75.8953
0.3330	8.2186	0.2096	77.6613	76.0212
0.3335	8.2175	0.2180	77.6931	75.9487
0.3340	8.2162	0.2343	77.8063	76.1352
0.3345	8.2154	0.2410	77.5935	75.9935
0.3350	8.2164	0.2335	76.6320	75.8412
0.3355	8.2165	0.2331	75.3302	76.1447
0.3360	8.2178	0.2236	74.0566	75.7869
0.3365	8.2180	0.2190	72.9965	75.5996
0.3370	8.2180	0.2175	73.6402	75.6210
0.3375	8.2167	0.2325	73.8004	75.7184
0.3380	8.2151	0.2432	74.6627	76.1026
0.3385	8.2132	0.2641	75.3206	75.8017
0.3390	8.2135	0.2617	75.7511	75.8862
0.3395	8.2145	0.2535	75.9810	76.2409
0.3400	8.2153	0.2438	76.4657	76.2236
0.3405	8.2158	0.2363	76.9825	76.1255
0.3410	8.2160	0.2343	77.1296	75.8956
0.3415	8.2161	0.2384	77.1151	75.9466
0.3420	8.2156	0.2455	76.9293	76.2218
0.3425	8.2150	0.2449	75.9770	75.8664
0.3430	8.2150	0.2446	76.3669	76.1184
0.3435	8.2149	0.2532	76.7292	76.2019
0.3440	8.2154	0.2477	77.1051	76.0632
0.3445	8.2154	0.2411	77.8155	76.2935
0.3450	8.2150	0.2494	78.0138	75.9383
0.3455	8.2143	0.2550	77.8207	75.7227
0.3460	8.2132	0.2710	77.3480	75.7462
0.3465	8.2124	0.2743	77.3432	75.7881
0.3470	8.2123	0.2732	76.5144	76.0787
0.3475	8.2125	0.2772	75.1538	76.1897
0.3480	8.2134	0.2661	73.7997	75.9481
0.3485	8.2134	0.2668	72.8734	76.3268
0.3490	8.2150	0.2458	74.0665	76.1711
0.3495	8.2157	0.2395	74.1879	76.0294
0.3500	8.2162	0.2332	74.6230	76.0887
0.3505	8.2166	0.2316	75.2747	76.2104
0.3510	8.2163	0.2315	76.1060	76.2882
0.3515	8.2166	0.2281	76.3180	76.3614
0.3520	8.2171	0.2283	76.3355	76.2355
0.3525	8.2177	0.2277	76.8250	76.4135
0.3530	8.2167	0.2292	77.3818	76.0042
0.3535	8.2156	0.2477	77.4183	75.9432
0.3540	8.2141	0.2564	75.8451	76.4041
0.3545	8.2142	0.2609	75.6079	76.2168
0.3550	8.2148	0.2556	76.6910	76.0258
0.3555	8.2158	0.2437	77.1656	75.6694
0.3560	8.2152	0.2423	77.3346	75.6313
0.3565	8.2152	0.2449	77.5224	75.9810
0.3570	8.2153	0.2454	78.0394	75.4258
0.3575	8.2159	0.2425	77.9952	75.5833
0.3580	8.2161	0.2384	77.3589	75.9068
0.3585	8.2162	0.2328	76.7528	76.0245
0.3590	8.2163	0.2337	76.3773	76.0311
0.3595	8.2169	0.2322	75.4084	75.7179
0.3600	8.2167	0.2269	73.9373	75.7809
0.3605	8.2161	0.2382	72.9214	76.3079
0.3610	8.2145	0.2463	73.9777	76.0424
0.3615	8.2148	0.2572	74.5673	76.1167
0.3620	8.2150	0.2591	74.9028	76.1452
0.3625	8.2153	0.2477	75.1331	76.1440
0.3630	8.2161	0.2398	76.0414	76.0244
0.3635	8.2161	0.2378	76.5997	75.6145
0.3640	8.2163	0.2331	76.7129	75.7988
0.3645	8.2177	0.2231	76.5397	75.8612
0.3650	8.2178	0.2185	77.3061	75.9297
0.3655	8.2182	0.2153	75.9756	76.1601
0.3660	8.2183	0.2151	75.2454	75.9174
0.3665	8.2188	0.2093	75.8073	75.8299
0.3670	8.2192	0.2054	76.4891	75.9661
0.3675	8.2171	0.2219	77.4278	75.7258
0.3680	8.2154	0.2431	77.6079	75.8804
0.3685	8.2145	0.2517	77.6060	75.8865
0.3690	8.2149	0.2528	77.6450	76.0224
0.3695	8.2147	0.2533	77.8992	76.3525
0.3700	8.2146	0.2514	77.4479	76.1517
0.3705	8.2155	0.2458	76.5965	76.1010
0.3710	8.2169	0.2276	75.7254	76.1970
0.3715	8.2165	0.2347	74.5261	75.9230
0.3720	8.2163	0.2349	74.0037	76.0888
0.3725	8.2164	0.2360	73.5525	76.2419
0.3730	8.2170	0.2297	73.9887	76.0641
0.3735	8.2170	0.2235	74.8163	76.1160
0.3740	8.2175	0.2189	75.5266	76.0427
0.3745	8.2180	0.2165	75.9040	76.3456
0.3750	8.2162	0.2315	76.1135	76.3817
0.3755	8.2144	0.2553	76.7497	75.8691
0.3760	8.2126	0.2710	77.1317	75.6315
0.3765	8.2118	0.2871	77.4307	75.5689
0.3770	8.2119	0.2849	76.3876	75.7683
0.3775	8.2118	0.2847	76.7884	75.8563
0.3780	8.2123	0.2787	76.8187	75.5966
0.3785	8.2131	0.2707	76.1152	75.8857
0.3790	8.2128	0.2747	76.7243	76.0470
0.3795	8.2125	0.2779	77.1219	75.7106
0.3800	8.2120	0.2822	77.7814	75.6745
0.3805	8.2126	0.2774	77.8588	75.4817
0.3810	8.2140	0.2692	77.5190	75.8934
0.3815	8.2137	0.2561	77.3160	76.3755
0.3820	8.2150	0.2508	77.0846	76.2594
0.3825	8.2152	0.2486	76.6116	76.4396
0.3830	8.2135	0.2665	75.0629	76.2447
0.3835	8.2123	0.2800	72.7393	75.9661
0.3840	8.2118	0.2894	73.3275	75.8303
0.3845	8.2128	0.2750	74.0494	75.6637
0.3850	8.2135	0.2738	74.3583	75.7079
0.3855	8.2149	0.2549	74.6542	75.9645
0.3860	8.2159	0.2378	75.5033	76.1963
0.3865	8.2154	0.2482	76.3361	76.1193
0.3870	8.2143	0.2548	76.5310	75.8416
0.3875	8.2149	0.2535	76.5430	75.5786
0.3880	8.2155	0.2409	77.0057	75.8611
0.3885	8.2159	0.2385	77.5975	75.8037
0.3890	8.2159	0.2423	76.4645	75.8188
0.3895	8.2158	0.2396	76.7933	76.1177
0.3900	8.2154	0.2443	76.4523	76.3755
0.3905	8.2157	0.2437	76.5400	76.3223
0.3910	8.2148	0.2461	77.2452	76.0871
0.3915	8.2134	0.2628	77.1820	76.0015
0.3920	8.2135	0.2605	77.4229	76.2653
0.3925	8.2139	0.2579	77.9533	76.0295
0.3930	8.2152	0.2462	77.8668	76.0386
0.3935	8.2159	0.2361	77.1830	76.3930
0.3940	8.2166	0.2353	76.4413	76.1756
0.3945	8.2165	0.2372	76.4321	76.1391
0.3950	8.2161	0.2366	74.5589	76.1103
0.3955	8.2165	0.2342	72.7422	76.1720
0.3960	8.2168	0.2275	73.1863	76.2429
0.3965	8.2166	0.2332	74.0798	75.7382
0.3970	8.2169	0.2292	74.8966	75.5360
0.3975	8.2166	0.2322	74.9830	75.9925
0.3980	8.2157	0.2435	75.4233	75.8929
0.3985	8.2140	0.2544	76.2401	75.7571
0.3990	8.2126	0.2700	76.9074	75.6064
0.3995	8.2140	0.2718	76.8758	76.0024
0.4000	8.2138	0.2629	76.7963	76.1236
0.4005	8.2137	0.2616	77.3651	75.4410
0.4010	8.2150	0.2507	77.2363	75.5643
0.4015	8.2156	0.2390	76.9400	75.8908
0.4020	8.2164	0.2340	76.2892	76.1431
0.4025	8.2162	0.2397	76.2909	76.1693
0.4030	8.2161	0.2393	77.4121	76.0552
0.4035	8.2159	0.2391	77.5152	76.2104
0.4040	8.2160	0.2376	77.4620	76.2371
0.4045	8.2161	0.2320	77.4850	75.8540
0.4050	8.2158	0.2403	77.7537	75.9364
0.4055	8.2150	0.2484	77.1741	76.0383
0.4060	8.2140	0.2563	76.4923	76.0769
0.4065	8.2134	0.2682	75.0180	76.3049
0.4070	8.2139	0.2620	72.9066	75.9930
0.4075	8.2143	0.2529	73.2058	75.8563
0.4080	8.2151	0.2458	73.5192	75.6137
0.4085	8.2156	0.2499	74.0047	75.4814
0.4090	8.2145	0.2544	74.6861	75.7967
0.4095	8.2139	0.2618	75.5477	75.9328
0.4100	8.2135	0.2682	75.8916	76.0274
0.4105	8.2133	0.2676	76.1416	76.4805
0.4110	8.2146	0.2570	76.5809	76.2833
0.4115	8.2160	0.2507	77.1998	76.2381
0.4120	8.2164	0.2359	77.2820	76.0461
0.4125	8.2162	0.2353	77.2121	75.9061
0.4130	8.2147	0.2484	77.0363	76.1833
0.4135	8.2138	0.2573	76.7232	76.3045
0.4140	8.2136	0.2658	76.5969	76.2363
0.4145	8.2153	0.2487	76.7242	76.4289
0.4150	8.2157	0.2431	77.2221	75.9430
0.4155	8.2160	0.2342	77.7765	75.9654
0.4160	8.2159	0.2345	77.9518	76.0175
0.4165	8.2153	0.2454	77.8559	76.0738
0.4170	8.2145	0.2554	77.4272	76.1411
0.4175	8.2153	0.2469	77.3497	75.7997
0.4180	8.2149	0.2478	76.3031	75.7946
0.4185	8.2150	0.2422	74.8528	76.0227
0.4190	8.2156	0.2453	72.9918	75.4981
0.4195	8.2165	0.2325	73.2001	75.5966
0.4200	8.2170	0.2275	74.1154	75.5480
0.4205	8.2162	0.2376	74.2040	75.9740
0.4210	8.2145	0.2521	74.6291	76.0001
0.4215	8.2131	0.2682	75.4007	75.7601
0.4220	8.2139	0.2611	76.2163	75.9112
0.4225	8.2146	0.2499	76.3483	76.1974
0.4230	8.2155	0.2431	76.3551	76.0787
0.4235	8.2168	0.2340	76.9036	75.9985
0.4240	8.2169	0.2293	77.3799	75.7559
0.4245	8.2165	0.2304	77.4751	76.0315
0.4250	8.2167	0.2353	76.2105	76.0804
0.4255	8.2170	0.2278	75.7258	75.8420
0.4260	8.2171	0.2231	76.8207	76.1960
0.4265	8.2176	0.2219	77.1309	76.0004
0.4270	8.2183	0.2127	77.2522	76.1103
0.4275	8.2184	0.2124	77.6680	76.2347
0.4280	8.2164	0.2301	78.1007	75.7831
0.4285	8.2150	0.2424	78.0414	75.7073
0.4290	8.2140	0.2603	77.2157	75.7010
0.4295	8.2138	0.2632	76.8253	75.7983
0.4300	8.2137	0.2596	75.8339	76.1095
0.4305	8.2146	0.2560	75.0282	75.9978
0.4310	8.2165	0.2357	73.1483	76.0201
0.4315	8.2168	0.2375	73.0693	76.3398
0.4320	8.2167	0.2279	74.1729	76.0398
0.4325	8.2170	0.2287	74.5928	76.0687
0.4330	8.2172	0.2303	74.9870	76.1222
0.4335	8.2168	0.2306	75.3067	76.2055
0.4340	8.2170	0.2316	76.2133	76.3334
0.4345	8.2175	0.2241	76.5776	76.2844
0.4350	8.2180	0.2167	76.7094	76.2655
0.4355	8.2179	0.2195	76.7713	76.3214
0.4360	8.2174	0.2241	77.3522	75.8183
0.4365	8.2152	0.2484	77.1677	76.1026
0.4370	8.2146	0.2508	75.5749	76.3721
0.4375	8.2140	0.2543	75.8699	76.1395
0.4380	8.2152	0.2496	76.7197	75.9831
0.4385	8.2152	0.2431	77.4677	75.5370
0.4390	8.2152	0.2502	77.6223	75.8561
0.4395	8.2151	0.2445	77.6153	75.8291
0.4400	8.2150	0.2472	77.7587	75.3724
0.4405	8.2148	0.2486	77.9510	75.6953
0.4410	8.2151	0.2520	77.2299	75.9384
0.4415	8.2148	0.2485	76.5125	76.0270
0.4420	8.2147	0.2524	75.7313	75.9430
0.4425	8.2153	0.2445	74.9323	75.6433
0.4430	8.2161	0.2366	73.5252	76.0579
0.4435	8.2154	0.2473	73.2298	76.3199
0.4440	8.2138	0.2609	73.9951	76.0080
0.4445	8.2132	0.2702	74.6866	76.1782
0.4450	8.2142	0.2608	75.2279	76.1129
0.4455	8.2141	0.2549	75.5035	76.1889
0.4460	8.2153	0.2481	76.0007	75.8330
0.4465	8.2158	0.2360	76.6030	75.6280
0.4470	8.2165	0.2348	76.8702	75.8938
0.4475	8.2168	0.2359	76.9610	75.8586
0.4480	8.2163	0.2309	76.6804	76.0689
0.4485	8.2173	0.2256	75.1097	76.1223
0.4490	8.2180	0.2202	75.7556	75.8464
0.4495	8.2184	0.2127	76.1897	75.9044
0.4500	8.2184	0.2150	76.6699	75.9029
0.4505	8.2166	0.2327	77.2694	75.7618
0.4510	8.2149	0.2474	77.7652	75.9468
0.4515	8.2140	0.2600	77.7921	75.8709
0.4520	8.2151	0.2520	77.5582	76.2001
0.4525	8.2151	0.2444	77.4855	76.3496
0.4530	8.2152	0.2463	77.1455	76.1257
0.4535	8.2169	0.2306	76.5066	76.1861
0.4540	8.2179	0.2178	75.0730	76.1623
0.4545	8.2172	0.2290	73.9475	75.9383
0.4550	8.2168	0.2292	73.7605	76.2658
0.4555	8.2171	0.2240	73.8184	76.1936
0.4560	8.2182	0.2152	74.3293	76.1392
0.4565	8.2197	0.2030	74.7306	76.1060
0.4570	8.2204	0.1932	75.6646	76.1378
0.4575	8.2194	0.2025	76.1803	76.4456
0.4580	8.2170	0.2289	76.4467	76.2524
0.4585	8.2152	0.2447	76.5320	75.7747
0.4590	8.2132	0.2703	77.1446	75.6544
0.4595	8.2130	0.2711	77.3102	75.6385
0.4600	8.2142	0.2627	76.3550	75.9239
0.4605	8.2147	0.2533	76.7415	75.7832
0.4610	8.2165	0.2381	76.1734	75.6513
0.4615	8.2167	0.2290	76.5637	76.0217
0.4620	8.2161	0.2344	77.0077	75.9303
0.4625	8.2162	0.2403	77.1243	75.6744
0.4630	8.2161	0.2422	77.5369	75.6132
0.4635	8.2166	0.2316	77.9459	75.5113
0.4640	8.2172	0.2275	77.6674	76.2207
0.4645	8.2182	0.2172	77.0229	76.3486
0.4650	8.2187	0.2176	76.4785	76.4028
0.4655	8.2169	0.2246	76.3442	76.5150
0.4660	8.2159	0.2402	74.2014	76.1516
0.4665	8.2142	0.2608	72.5345	75.9772
0.4670	8.2139	0.2587	73.3228	75.7666
0.4675	8.2143	0.2566	74.1247	75.6346
0.4680	8.2154	0.2505	74.7879	75.7666
0.4685	8.2168	0.2275	74.8310	76.0904
0.4690	8.2176	0.2257	75.4996	76.2147
0.4695	8.2161	0.2354	76.3239	76.1021
0.4700	8.2158	0.2391	76.8486	75.7582
0.4705	8.2164	0.2354	76.5679	75.7529
0.4710	8.2168	0.2324	77.0419	76.0070
0.4715	8.2169	0.2309	76.9823	75.8112
0.4720	8.2175	0.2252	76.6557	75.9810
0.4725	8.2166	0.2312	76.9858	76.2677
0.4730	8.2152	0.2429	75.8605	76.3751
0.4735	8.2151	0.2469	76.6396	76.2819
0.4740	8.2136	0.2573	77.3262	76.0325
0.4745	8.2128	0.2686	77.3967	76.1668
0.4750	8.2129	0.2680	77.3946	76.3096
0.4755	8.2135	0.2681	77.6869	76.0465
0.4760	8.2143	0.2580	77.7424	76.2938
0.4765	8.2147	0.2555	77.0845	76.4053
0.4770	8.2144	0.2465	76.1669	76.1153
0.4775	8.2150	0.2459	75.6393	76.1298
0.4780	8.2145	0.2546	73.5320	76.0979
0.4785	8.2146	0.2542	73.0665	76.2544
0.4790	8.2144	0.2525	73.4309	76.1113
0.4795	8.2155	0.2483	74.0598	75.6822
0.4800	8.2157	0.2437	74.9020	75.7864
0.4805	8.2151	0.2487	75.3594	76.1180
0.4810	8.2138	0.2635	75.6888	75.8858
0.4815	8.2125	0.2811	76.2139	75.7812
0.4820	8.2120	0.2795	76.7684	75.7219
0.4825	8.2125	0.2739	76.9850	76.2529
0.4830	8.2128	0.2711	77.1136	75.8447
0.4835	8.2141	0.2576	77.0953	75.4546
0.4840	8.2154	0.2487	76.9188	75.6832
0.4845	8.2157	0.2390	76.9442	76.0326
0.4850	8.2159	0.2384	76.1428	76.2151
0.4855	8.2159	0.2383	76.4244	76.1868
0.4860	8.2159	0.2396	77.3453	76.1341
0.4865	8.2165	0.2372	77.6463	76.3823
0.4870	8.2166	0.2360	77.5429	76.1208
0.4875	8.2164	0.2282	77.3187	75.8203
0.4880	8.2154	0.2417	77.4328	76.0211
0.4885	8.2147	0.2517	76.9196	76.0086
0.4890	8.2131	0.2691	76.3666	76.2127
0.4895	8.2124	0.2720	73.8163	76.3016
0.4900	8.2148	0.2577	72.4678	75.9256
0.4905	8.2155	0.2437	73.4804	75.8623
0.4910	8.2156	0.2437	73.8259	75.5105
0.4915	8.2158	0.2440	74.1406	75.5888
0.4920	8.2144	0.2458	74.6599	75.9281
0.4925	8.2140	0.2561	75.5915	75.9657
0.4930	8.2150	0.2536	76.0796	76.2445
0.4935	8.2159	0.2416	76.3018	76.4609
0.4940	8.2172	0.2304	76.5291	76.2310
0.4945	8.2175	0.2238	77.1229	76.2498
0.4950	8.2176	0.2231	77.2828	75.9756
0.4955	8.2164	0.2304	77.2420	76.1087
0.4960	8.2145	0.2558	76.7112	76.3753
0.4965	8.2136	0.2618	76.4600	76.3143
0.4970	8.2147	0.2568	76.6720	76.4077
0.4975	8.2167	0.2358	76.8723	76.3066
0.4980	8.2177	0.2217	77.3248	75.8407
0.4985	8.2190	0.2121	77.8290	76.0013
0.4990	8.2174	0.2217	77.9806	75.9486
0.4995	8.2160	0.2408	77.6917	76.1209
0.5000	8.2159	0.2428	77.2564	76.0766
0.5005	8.2154	0.2446	76.9614	75.7783
0.5010	8.2162	0.2408	75.9452	76.0467
0.5015	8.2169	0.2312	74.2892	75.9185
0.5020	8.2175	0.2195	72.5590	75.5221
0.5025	8.2182	0.2163	73.5004	75.6222
0.5030	8.2172	0.2263	74.0604	75.6189
0.5035	8.2158	0.2375	74.4974	76.0615
0.5040	8.2142	0.2566	74.8241	75.8473
0.5045	8.2133	0.2705	75.5015	75.7901
0.5050	8.2140	0.2568	76.1584	76.1428
0.5055	8.2143	0.2542	76.5337	76.2803
0.5060	8.2164	0.2386	76.5936	76.1366
0.5065	8.2157	0.2395	76.8913	75.9862
0.5070	8.2156	0.2399	77.2396	75.8480
0.5075	8.2152	0.2494	77.3041	76.1916
0.5080	8.2150	0.2526	75.8663	75.9078
0.5085	8.2149	0.2429	75.8632	75.9575
0.5090	8.2150	0.2511	76.8452	76.1899
0.5095	8.2152	0.2433	77.2755	75.9881
0.5100	8.2169	0.2328	77.4906	76.2526
0.5105	8.2165	0.2292	77.6070	76.0459
0.5110	8.2150	0.2455	77.8931	75.7219
0.5115	8.2137	0.2576	77.7543	75.7473
0.5120	8.2129	0.2650	77.2753	75.7810
0.5125	8.2131	0.2685	76.4933	75.9608
0.5130	8.2132	0.2681	75.3496	76.1846
0.5135	8.2141	0.2664	74.4479	75.9443
0.5140	8.2142	0.2605	72.8183	76.2094
0.5145	8.2157	0.2456	73.5372	76.2366
0.5150	8.2167	0.2342	74.0998	75.9978
0.5155	8.2163	0.2365	74.6713	76.0768
0.5160	8.2164	0.2295	75.1477	76.1669
0.5165	8.2163	0.2361	75.6292	76.2660
0.5170	8.2163	0.2288	76.2359	76.3625
0.5175	8.2169	0.2231	76.5699	76.2340
0.5180	8.2172	0.2207	76.7836	76.3803
0.5185	8.2168	0.2281	76.8839	76.1483
0.5190	8.2154	0.2449	77.3648	75.8324
0.5195	8.2142	0.2565	76.5015	76.3126
0.5200	8.2141	0.2585	75.5990	76.2647
0.5205	8.2151	0.2551	76.2738	76.0618
0.5210	8.2151	0.2475	76.8388	75.7986
0.5215	8.2154	0.2419	77.4693	75.5279
0.5220	8.2156	0.2417	77.5561	75.9838
0.5225	8.2157	0.2441	77.7543	75.5528
0.5230	8.2153	0.2431	77.8065	75.4422
0.5235	8.2157	0.2416	77.7267	75.8491
0.5240	8.2155	0.2425	77.0438	76.0117
0.5245	8.2156	0.2437	76.3839	76.0390
0.5250	8.2155	0.2438	75.3951	75.8159
0.5255	8.2165	0.2375	74.4269	75.6794
0.5260	8.2163	0.2358	73.1819	76.2251
0.5265	8.2156	0.2473	73.6112	76.1037
0.5270	8.2141	0.2517	74.1756	76.0186
0.5275	8.2140	0.2557	74.8049	76.1113
0.5280	8.2153	0.2545	75.2886	76.0867
0.5285	8.2159	0.2380	75.8286	76.0846
0.5290	8.2170	0.2266	76.1893	75.6722
0.5295	8.2169	0.2282	76.6667	75.7341
0.5300	8.2180	0.2175	76.7078	75.8986
0.5305	8.2189	0.2129	77.2596	75.8769
0.5310	8.2183	0.2130	76.1749	76.1358
0.5315	8.2189	0.2065	75.0228	75.9692
0.5320	8.2188	0.2080	75.9730	75.7810
0.5325	8.2191	0.2036	76.3806	75.9101
0.5330	8.2182	0.2195	76.9651	75.7623
0.5335	8.2158	0.2343	77.3265	75.7997
0.5340	8.2143	0.2521	77.8131	75.9276
0.5345	8.2143	0.2538	77.8058	75.9200
0.5350	8.2152	0.2439	77.6364	76.3088
0.5355	8.2162	0.2430	77.3896	76.2073
0.5360	8.2166	0.2355	76.9158	76.0528
0.5365	8.2178	0.2216	76.2293	76.1819
0.5370	8.2172	0.2263	74.6209	75.9752
0.5375	8.2163	0.2377	73.7785	75.9861
0.5380	8.2161	0.2351	73.6933	76.2831
0.5385	8.2171	0.2274	74.0820	76.0939
0.5390	8.2172	0.2216	74.5772	76.1418
0.5395	8.2171	0.2216	74.9730	76.0487
0.5400	8.2172	0.2236	75.8253	76.2492
0.5405	8.2161	0.2346	76.2894	76.4314
0.5410	8.2143	0.2576	76.5943	75.9682
0.5415	8.2127	0.2714	76.6865	75.6407
0.5420	8.2112	0.2938	77.4012	75.5168
0.5425	8.2115	0.2906	76.9781	75.6456
0.5430	8.2117	0.2868	76.5169	75.8738
0.5435	8.2119	0.2803	76.6979	75.6086
0.5440	8.2135	0.2688	76.0405	75.8083
0.5445	8.2134	0.2694	76.8178	76.2423
0.5450	8.2131	0.2691	77.0656	75.8211
0.5455	8.2135	0.2688	77.3248	75.6668
0.5460	8.2145	0.2575	77.7056	75.4839
0.5465	8.2151	0.2459	77.9194	75.6515
0.5470	8.2156	0.2403	77.5133	76.2868
0.5475	8.2167	0.2302	76.9448	76.1896
0.5480	8.2170	0.2266	76.4291	76.4330
0.5485	8.2157	0.2418	75.8277	76.3701
0.5490	8.2138	0.2623	73.3652	76.0119
0.5495	8.2131	0.2756	72.8595	75.9289
0.5500	8.2136	0.2678	73.6824	75.7308
0.5505	8.2141	0.2557	74.3086	75.6275
0.5510	8.2150	0.2456	74.7965	75.8620
0.5515	8.2168	0.2299	75.1217	76.1521
0.5520	8.2156	0.2339	75.8981	76.1301
0.5525	8.2152	0.2440	76.4525	75.9206
0.5530	8.2155	0.2425	76.7754	75.5336
0.5535	8.2160	0.2366	76.7535	75.7292
0.5540	8.2164	0.2364	77.3815	75.8098
0.5545	8.2164	0.2340	76.7200	75.7687
0.5550	8.2171	0.2313	76.8724	76.0478
0.5555	8.2167	0.2316	76.7156	76.3699
0.5560	8.2163	0.2343	76.0862	76.3972
0.5565	8.2160	0.2399	77.0042	76.1863
0.5570	8.2140	0.2572	77.3444	75.9527
0.5575	8.2141	0.2583	77.4933	76.1763
0.5580	8.2141	0.2587	77.6566	76.0449
0.5585	8.2154	0.2496	77.7842	75.9098
0.5590	8.2160	0.2373	77.5214	76.3021
0.5595	8.2168	0.2354	76.7211	76.2201
0.5600	8.2167	0.2326	76.2755	76.0955
0.5605	8.2166	0.2402	75.0408	76.1391
0.5610	8.2161	0.2368	73.0312	76.1338
0.5615	8.2172	0.2337	73.2498	76.2791
0.5620	8.2165	0.2331	73.6719	75.8786
0.5625	8.2183	0.2238	74.4714	75.4766
0.5630	8.2178	0.2177	75.0019	75.8340
0.5635	8.2159	0.2328	75.4696	75.9276
0.5640	8.2153	0.2493	75.9453	75.7206
0.5645	8.2133	0.2691	76.4795	75.6065
0.5650	8.2134	0.2663	76.9206	75.8038
0.5655	8.2136	0.2661	77.0181	76.2288
0.5660	8.2134	0.2638	77.2134	75.5595
0.5665	8.2154	0.2511	77.0650	75.5164
0.5670	8.2163	0.2413	76.9228	75.7863
0.5675	8.2171	0.2264	76.7123	76.0873
0.5680	8.2168	0.2334	76.1600	76.1268
0.5685	8.2165	0.2366	76.9013	76.0376
0.5690	8.2165	0.2346	77.4408	76.0734
0.5695	8.2156	0.2392	77.6408	76.2532
0.5700	8.2158	0.2427	77.5024	75.8580
0.5705	8.2158	0.2369	77.4941	75.8080
0.5710	8.2156	0.2433	77.2782	75.9846
0.5715	8.2146	0.2452	76.7659	75.9589
0.5720	8.2138	0.2656	75.7608	76.2532
0.5725	8.2136	0.2583	73.0740	76.0782
0.5730	8.2140	0.2570	72.8568	75.8296
0.5735	8.2151	0.2499	73.5774	75.6795
0.5740	8.2147	0.2532	73.9543	75.3933
0.5745	8.2144	0.2568	74.3982	75.6317
0.5750	8.2139	0.2597	75.0765	75.9090
0.5755	8.2133	0.2688	75.8521	75.9343
0.5760	8.2132	0.2651	76.2300	76.3739
0.5765	8.2146	0.2575	76.4372	76.3649
0.5770	8.2160	0.2435	76.8287	76.1908
0.5775	8.2166	0.2359	77.2212	76.1072
0.5780	8.2169	0.2329	77.3622	75.8334
0.5785	8.2158	0.2418	77.1869	76.0282
0.5790	8.2149	0.2548	76.5830	76.2497
0.5795	8.2138	0.2623	76.5423	76.1718
0.5800	8.2148	0.2540	76.7895	76.4093
0.5805	8.2163	0.2342	77.0396	76.0964
0.5810	8.2174	0.2267	77.5387	75.8769
0.5815	8.2181	0.2153	77.9510	76.0183
0.5820	8.2164	0.2314	78.0762	75.9692
0.5825	8.2156	0.2409	77.4307	76.1118
0.5830	8.2157	0.2413	77.1296	75.8537
0.5835	8.2156	0.2410	76.7089	75.7175
0.5840	8.2157	0.2449	75.5834	76.0378
0.5845	8.2161	0.2315	73.6075	75.5955
0.5850	8.2170	0.2279	72.5941	75.5033
0.5855	8.2171	0.2213	73.8011	75.4988
0.5860	8.2167	0.2337	74.2852	75.7374
0.5865	8.2150	0.2463	74.7016	76.0751
0.5870	8.2132	0.2643	74.9906	75.7722
0.5875	8.2140	0.2613	75.8342	75.8761
0.5880	8.2153	0.2414	76.3902	76.1583
0.5885	8.2164	0.2354	76.4890	76.1004
0.5890	8.2173	0.2252	76.6753	75.9634
0.5895	8.2167	0.2266	77.1038	75.7704
0.5900	8.2167	0.2328	77.4966	75.8721
0.5905	8.2157	0.2394	76.8233	76.1258
0.5910	8.2161	0.2406	75.5592	75.8382
0.5915	8.2159	0.2404	76.3420	76.1221
0.5920	8.2162	0.2355	77.1323	76.1473
0.5925	8.2177	0.2223	77.3689	76.0434
0.5930	8.2181	0.2147	77.5245	76.2678
0.5935	8.2170	0.2272	77.7687	75.8301
0.5940	8.2158	0.2464	78.0707	75.6227
0.5945	8.2137	0.2569	77.5582	75.6339
0.5950	8.2134	0.2657	77.0832	75.6740
0.5955	8.2138	0.2618	75.9829	76.0201
0.5960	8.2136	0.2621	75.3002	76.1587
0.5965	8.2154	0.2425	73.7547	75.9343
0.5970	8.2164	0.2368	72.7163	76.3162
0.5975	8.2173	0.2257	73.8549	76.1176
0.5980	8.2169	0.2266	74.3886	76.0067
0.5985	8.2173	0.2281	75.0254	76.0517
0.5990	8.2170	0.2290	75.1329	76.1369
0.5995	8.2169	0.2328	75.8324	76.2521
0.6000	8.2174	0.2229	76.5241	76.3202
0.6005	8.2175	0.2231	76.7733	76.1685
0.6010	8.2171	0.2272	76.6744	76.3587
0.6015	8.2165	0.2335	76.9984	75.9222
0.6020	8.2151	0.2484	77.3942	75.9275
0.6025	8.2139	0.2629	76.0281	76.3537
0.6030	8.2138	0.2641	75.6638	76.1731
0.6035	8.2140	0.2551	76.3446	76.0385
0.6040	8.2150	0.2512	77.1562	75.6399
0.6045	8.2156	0.2462	77.6661	75.6216
0.6050	8.2155	0.2464	77.6762	75.9162
0.6055	8.2149	0.2465	77.6173	75.3583
0.6060	8.2146	0.2434	77.7481	75.5391
0.6065	8.2148	0.2501	77.6260	75.8806
0.6070	8.2147	0.2506	76.8379	76.0203
0.6075	8.2145	0.2497	75.8951	76.0159
0.6080	8.2157	0.2443	75.0375	75.7591
0.6085	8.2167	0.2317	73.9200	75.8063
0.6090	8.2158	0.2409	73.2238	76.3228
0.6095	8.2141	0.2581	73.8035	75.9897
0.6100	8.2134	0.2667	74.2555	76.0699
0.6105	8.2141	0.2582	75.1610	76.0683
0.6110	8.2145	0.2555	75.5310	76.1112
0.6115	8.2155	0.2468	75.9116	75.9876
0.6120	8.2169	0.2332	76.1818	75.6034
0.6125	8.2168	0.2248	76.7852	75.7885
0.6130	8.2177	0.2187	77.0021	75.8495
0.6135	8.2177	0.2192	77.1059	75.9379
0.6140	8.2179	0.2118	75.2783	76.1357
0.6145	8.2188	0.2120	75.3513	75.8676
0.6150	8.2189	0.2094	76.2358	75.7910
0.6155	8.2186	0.2073	76.5116	75.8796
0.6160	8.2173	0.2194	76.9675	75.6851
0.6165	8.2159	0.2414	77.6086	75.8611
0.6170	8.2139	0.2549	77.9182	75.8821
0.6175	8.2144	0.2537	77.6141	76.0331
0.6180	8.2152	0.2461	77.4874	76.3501
0.6185	8.2147	0.2520	77.2098	76.1640
0.6190	8.2156	0.2395	76.8187	76.1052
0.6195	8.2171	0.2331	75.6608	76.2564
0.6200	8.2169	0.2340	74.0188	75.9682
0.6205	8.2163	0.2378	73.7188	76.0773
0.6210	8.2169	0.2345	73.7770	76.2188
0.6215	8.2179	0.2185	74.2468	76.0238
0.6220	8.2190	0.2070	74.5611	76.0981
0.6225	8.2202	0.1944	75.2230	76.0108
0.6230	8.2198	0.1934	76.0629	76.3794
0.6235	8.2174	0.2134	76.4139	76.3993
0.6240	8.2159	0.2410	76.4861	75.8754
0.6245	8.2139	0.2584	76.7955	75.6899
0.6250	8.2131	0.2766	77.4730	75.6525
0.6255	8.2138	0.2618	76.4617	75.8284
0.6260	8.2147	0.2527	76.6594	75.8584
0.6265	8.2161	0.2396	76.2431	75.5530
0.6270	8.2163	0.2319	76.2152	75.9021
0.6275	8.2157	0.2357	77.0024	76.0703
0.6280	8.2159	0.2394	76.9986	75.6657
0.6285	8.2158	0.2397	77.4246	75.6522
0.6290	8.2167	0.2393	77.8242	75.4897
0.6295	8.2167	0.2278	77.7891	75.9562
0.6300	8.2175	0.2224	77.2335	76.4165
0.6305	8.2182	0.2164	76.5413	76.3178
0.6310	8.2179	0.2249	76.4108	76.5399
0.6315	8.2155	0.2410	75.0954	76.2716
0.6320	8.2138	0.2611	72.7132	75.9735
0.6325	8.2135	0.2661	73.0390	75.8390
0.6330	8.2140	0.2623	73.8350	75.6006
0.6335	8.2138	0.2622	74.6095	75.6131
0.6340	8.2154	0.2503	74.8533	75.9348
0.6345	8.2156	0.2464	75.2152	76.2133
0.6350	8.2153	0.2442	75.9672	76.1941
0.6355	8.2144	0.2486	76.6964	75.8781
0.6360	8.2151	0.2515	76.7811	75.6598
0.6365	8.2159	0.2399	76.8290	75.9171
0.6370	8.2161	0.2346	77.1284	75.7990
0.6375	8.2171	0.2334	76.5347	75.7815
0.6380	8.2164	0.2269	77.1023	76.0750
0.6385	8.2164	0.2390	76.1866	76.3428
0.6390	8.2153	0.2401	76.1518	76.3382
0.6395	8.2146	0.2528	77.1760	76.1031
0.6400	8.2131	0.2684	77.4740	76.0794
0.6405	8.2131	0.2670	77.4522	76.3375
0.6410	8.2136	0.2610	77.5464	76.0324
0.6415	8.2138	0.2579	77.6170	76.1059
0.6420	8.2149	0.2539	77.3708	76.4187
0.6425	8.2151	0.2454	76.4569	76.1404
0.6430	8.2156	0.2405	75.9554	76.0486
0.6435	8.2154	0.2423	74.1033	76.0583
0.6440	8.2151	0.2478	72.9340	76.1294
0.6445	8.2154	0.2399	73.3675	76.2008
0.6450	8.2154	0.2406	73.7916	75.7890
0.6455	8.2162	0.2341	74.5622	75.6645
0.6460	8.2164	0.2348	75.1571	76.0805
0.6465	8.2147	0.2473	75.6413	75.9618
0.6470	8.2131	0.2689	76.0003	75.7747
0.6475	8.2130	0.2726	76.5809	75.6336
0.6480	8.2131	0.2729	76.9333	76.0272
0.6485	8.2132	0.2676	77.0563	76.0616
0.6490	8.2137	0.2599	77.1942	75.4250
0.6495	8.2150	0.2505	76.7639	75.5771
0.6500	8.2158	0.2362	76.8686	75.8936
0.6505	8.2168	0.2296	76.4831	76.1888
0.6510	8.2168	0.2299	76.2844	76.2159
0.6515	8.2167	0.2303	77.1018	76.1020
0.6520	8.2165	0.2369	77.3838	76.3024
0.6525	8.2169	0.2293	77.6301	76.2630
0.6530	8.2174	0.2249	77.4362	75.8713
0.6535	8.2165	0.2310	77.3593	75.9188
0.6540	8.2154	0.2453	76.9358	75.9754
0.6545	8.2142	0.2570	76.6435	76.0773
0.6550	8.2130	0.2718	75.0324	76.3028
0.6555	8.2144	0.2623	72.4959	76.0052
0.6560	8.2151	0.2436	72.9454	75.8950
0.6565	8.2158	0.2434	73.7415	75.6348
0.6570	8.2157	0.2352	74.1229	75.5264
0.6575	8.2153	0.2433	74.3002	75.8290
0.6580	8.2147	0.2546	75.1798	75.9438
0.6585	8.2145	0.2561	76.0248	76.0169
0.6590	8.2152	0.2506	76.4569	76.4250
0.6595	8.2166	0.2388	76.3194	76.2313
0.6600	8.2167	0.2292	76.6082	76.2453
0.6605	8.2164	0.2322	77.2166	76.0561
0.6610	8.2158	0.2357	77.5416	76.0441
0.6615	8.2145	0.2555	76.9493	76.3285
0.6620	8.2135	0.2668	76.2087	76.3361
0.6625	8.2134	0.2628	76.4321	76.2747
0.6630	8.2152	0.2494	77.0298	76.4056
0.6635	8.2158	0.2438	77.2656	75.9009
0.6640	8.2160	0.2408	77.4175	75.9226
0.6645	8.2156	0.2428	77.7429	75.9557
0.6650	8.2144	0.2532	78.0204	76.0425
0.6655	8.2148	0.2525	77.4739	76.1308
0.6660	8.2150	0.2469	77.0151	75.8363
0.6665	8.2157	0.2433	76.0683	75.8874
0.6670	8.2150	0.2421	75.0980	76.0358
0.6675	8.2158	0.2476	73.1438	75.4966
0.6680	8.2163	0.2354	72.8178	75.6012
0.6685	8.2169	0.2298	73.7901	75.5688
0.6690	8.2154	0.2430	74.3511	75.9243
0.6695	8.2143	0.2570	74.8811	75.9827
0.6700	8.2126	0.2784	75.1617	75.7441
0.6705	8.2131	0.2656	75.8040	76.0128
0.6710	8.2142	0.2623	76.4392	76.3110
0.6715	8.2152	0.2501	76.6623	76.1148
0.6720	8.2159	0.2414	76.6837	76.0417
0.6725	8.2156	0.2453	76.8536	75.7908
0.6730	8.2157	0.2393	77.4075	76.0815
0.6735	8.2156	0.2420	76.6256	76.0313
0.6740	8.2154	0.2437	75.7141	75.8406
0.6745	8.2154	0.2472	76.3041	76.1804
0.6750	8.2156	0.2378	76.9293	76.0491
0.6755	8.2169	0.2244	77.5929	76.1264
0.6760	8.2171	0.2266	77.7123	76.2052
0.6765	8.2157	0.2431	77.5859	75.7617
0.6770	8.2146	0.2525	77.7396	75.7159
0.6775	8.2134	0.2588	77.5367	75.7179
0.6780	8.2138	0.2623	77.0436	75.8161
0.6785	8.2142	0.2555	75.4424	76.1304
0.6790	8.2148	0.2511	74.6294	75.9067
0.6795	8.2162	0.2361	73.3355	76.0047
0.6800	8.2163	0.2319	73.3168	76.3013
0.6805	8.2172	0.2258	73.8788	76.0246
0.6810	8.2170	0.2263	74.1607	76.0522
0.6815	8.2168	0.2263	75.0970	76.1512
0.6820	8.2167	0.2278	75.6415	76.2396
0.6825	8.2166	0.2325	75.9688	76.3347
0.6830	8.2173	0.2231	76.0968	76.2834
0.6835	8.2178	0.2236	76.7132	76.2696
0.6840	8.2175	0.2220	77.1005	76.2996
0.6845	8.2168	0.2321	77.2437	75.7828
0.6850	8.2146	0.2501	76.7283	76.0830
0.6855	8.2142	0.2567	75.5517	76.3095
0.6860	8.2145	0.2544	76.1812	76.0541
0.6865	8.2155	0.2441	76.6485	75.9218
0.6870	8.2161	0.2375	76.9749	75.4874
0.6875	8.2161	0.2313	77.4465	75.8487
0.6880	8.2168	0.2349	77.9768	75.7965
0.6885	8.2162	0.2310	77.8643	75.3415
0.6890	8.2161	0.2355	77.5203	75.6856
0.6895	8.2166	0.2263	77.0825	75.9173
0.6900	8.2165	0.2337	76.7966	76.0085
0.6905	8.2165	0.2305	75.8586	75.8827
0.6910	8.2172	0.2278	74.5833	75.6006
0.6915	8.2173	0.2263	73.3365	75.9849
0.6920	8.2161	0.2373	73.4875	76.2401
0.6925	8.2148	0.2491	74.1969	75.9840
0.6930	8.2150	0.2560	74.3225	76.1762
0.6935	8.2154	0.2475	74.8755	76.1183
0.6940	8.2163	0.2340	75.6790	76.1363
0.6945	8.2167	0.2293	76.3295	75.8146
0.6950	8.2171	0.2247	76.3223	75.5817
0.6955	8.2177	0.2184	76.4016	75.8011
0.6960	8.2190	0.2094	77.0562	75.7991
0.6965	8.2187	0.2062	77.1370	75.9973
0.6970	8.2188	0.2119	75.0322	76.0543
0.6975	8.2194	0.2052	75.2162	75.7799
0.6980	8.2199	0.1974	76.1205	75.8748
0.6985	8.2190	0.2048	77.0435	75.8860
0.6990	8.2168	0.2255	77.2353	75.7317
0.6995	8.2151	0.2482	77.3559	75.9006
0.7000	8.2142	0.2577	77.6878	75.8478
0.7005	8.2141	0.2598	77.8958	76.1678
0.7010	8.2146	0.2571	77.6010	76.2893
0.7015	8.2148	0.2507	76.7401	76.0553
0.7020	8.2158	0.2356	76.3628	76.1277
0.7025	8.2161	0.2381	75.4852	76.0715
0.7030	8.2153	0.2449	74.1202	75.8586
0.7035	8.2154	0.2467	73.4812	76.2236
0.7040	8.2157	0.2356	73.5676	76.1207
0.7045	8.2161	0.2349	74.5461	76.0929
0.7050	8.2172	0.2264	74.9447	76.0779
0.7055	8.2178	0.2248	75.3647	76.1025
0.7060	8.2176	0.2197	75.8764	76.4191
0.7065	8.2147	0.2421	76.6336	76.1498
0.7070	8.2136	0.2649	76.8346	75.7018
0.7075	8.2122	0.2780	76.9584	75.5500
0.7080	8.2116	0.2935	76.9687	75.5457
0.7085	8.2125	0.2776	76.3831	75.8440
0.7090	8.2126	0.2754	77.1355	75.7141
0.7095	8.2135	0.2658	76.0334	75.6141
0.7100	8.2138	0.2607	76.1334	76.1025
0.7105	8.2136	0.2617	77.0456	75.9641
0.7110	8.2138	0.2649	77.4865	75.6237
0.7115	8.2139	0.2588	77.5286	75.5679
0.7120	8.2151	0.2495	77.4972	75.4523
0.7125	8.2157	0.2449	77.5576	76.1214
0.7130	8.2171	0.2328	77.4449	76.2546
0.7135	8.2171	0.2281	76.6305	76.2845
0.7140	8.2165	0.2321	75.9948	76.4243
0.7145	8.2148	0.2505	74.1680	76.0749
0.7150	8.2138	0.2610	72.8824	75.9237
0.7155	8.2143	0.2612	73.5071	75.7584
0.7160	8.2148	0.2526	73.7470	75.6273
0.7165	8.2151	0.2524	74.4605	75.7434
0.7170	8.2172	0.2298	75.1306	76.0639
0.7175	8.2169	0.2258	75.7911	76.1222
0.7180	8.2160	0.2357	75.9933	75.9954
0.7185	8.2162	0.2372	76.4390	75.6416
0.7190	8.2166	0.2319	76.8257	75.6129
0.7195	8.2179	0.2169	77.4080	75.8366
0.7200	8.2177	0.2195	76.8327	75.7144
0.7205	8.2180	0.2148	76.1739	75.8904
0.7210	8.2180	0.2195	77.1567	76.2269
0.7215	8.2172	0.2314	76.3404	76.3527
0.7220	8.2166	0.2296	76.5267	76.2381
0.7225	8.2150	0.2501	76.9019	75.9754
0.7230	8.2141	0.2586	77.4338	76.0759
0.7235	8.2147	0.2472	77.8261	76.1909
0.7240	8.2152	0.2451	77.6682	75.8862
0.7245	8.2164	0.2380	77.3000	76.1544
0.7250	8.2171	0.2299	77.0884	76.2996
0.7255	8.2172	0.2286	76.6835	76.0541
0.7260	8.2166	0.2304	75.8668	76.0921
0.7265	8.2164	0.2368	73.2067	76.0286
0.7270	8.2167	0.2331	72.8566	76.2067
0.7275	8.2167	0.2343	73.8140	76.0715
0.7280	8.2165	0.2321	74.2341	75.5746
0.7285	8.2165	0.2358	74.4581	75.6800
0.7290	8.2150	0.2452	75.0850	76.0083
0.7295	8.2138	0.2604	76.0804	75.7413
0.7300	8.2123	0.2753	76.5011	75.6583
0.7305	8.2118	0.2818	76.4008	75.5774
0.7310	8.2123	0.2724	76.6265	76.1517
0.7315	8.2128	0.2745	77.4393	75.7694
0.7320	8.2138	0.2676	77.5222	75.3781
0.7325	8.2147	0.2550	76.6062	75.6054
0.7330	8.2157	0.2448	76.5223	75.9535
0.7335	8.2156	0.2394	76.4880	76.1287
0.7340	8.2150	0.2496	76.9410	76.0883
0.7345	8.2148	0.2506	77.0901	76.0374
0.7350	8.2147	0.2523	77.0755	76.2354
0.7355	8.2148	0.2484	77.7293	76.0253
0.7360	8.2156	0.2422	77.8877	75.7131
0.7365	8.2158	0.2467	77.4156	75.9147
0.7370	8.2148	0.2509	76.3965	75.9189
0.7375	8.2138	0.2628	76.3985	76.0866
0.7380	8.2128	0.2729	74.5684	76.1975
0.7385	8.2136	0.2602	72.5912	75.8525
0.7390	8.2140	0.2573	72.9048	75.8097
0.7395	8.2148	0.2569	73.6222	75.5125
0.7400	8.2143	0.2526	74.6441	75.6013
0.7405	8.2135	0.2604	74.8985	75.8779
0.7410	8.2134	0.2705	75.1614	75.9218
0.7415	8.2127	0.2692	75.8314	76.1231
0.7420	8.2132	0.2650	76.7383	76.3636
0.7425	8.2148	0.2548	76.8243	76.1048
0.7430	8.2152	0.2456	76.7478	76.1244
0.7435	8.2160	0.2390	77.0054	75.8598
0.7440	8.2148	0.2440	77.6641	75.9248
0.7445	8.2136	0.2591	77.1062	76.2495
0.7450	8.2132	0.2708	76.1508	76.2487
0.7455	8.2135	0.2608	76.2799	76.2995
0.7460	8.2161	0.2369	77.1670	76.2978
0.7465	8.2174	0.2287	77.7081	75.7971
0.7470	8.2183	0.2158	77.5455	75.9179
0.7475	8.2172	0.2213	77.5220	75.8438
0.7480	8.2157	0.2406	77.9579	76.0013
0.7485	8.2151	0.2482	77.7166	75.9720
0.7490	8.2152	0.2484	76.8802	75.7224
0.7495	8.2152	0.2431	75.4684	75.9375
0.7500	8.2160	0.2409	74.4949	75.8918
0.7505	8.2169	0.2249	73.0729	75.4671
0.7510	8.2171	0.2225	73.4096	75.5737
0.7515	8.2161	0.2318	73.7394	75.4900
0.7520	8.2153	0.2457	74.4187	75.9994
0.7525	8.2134	0.2632	75.1631	75.7660
0.7530	8.2132	0.2726	75.5229	75.7009
0.7535	8.2148	0.2531	75.8184	76.0009
0.7540	8.2146	0.2496	76.3970	76.1484
0.7545	8.2149	0.2499	76.9123	76.0212
0.7550	8.2157	0.2424	77.0428	75.9222
0.7555	8.2153	0.2452	76.9138	75.7484
0.7560	8.2155	0.2456	77.1687	76.1418
0.7565	8.2156	0.2405	76.2689	75.8995
0.7570	8.2162	0.2401	76.0758	75.9021
0.7575	8.2163	0.2370	76.4738	76.1713
0.7580	8.2165	0.2341	76.9659	75.9420
0.7585	8.2176	0.2212	77.8141	76.1428
0.7590	8.2166	0.2259	78.0051	75.9866
0.7595	8.2156	0.2452	77.6978	75.6506
0.7600	8.2138	0.2576	77.4434	75.6741
0.7605	8.2133	0.2658	77.4728	75.6900
0.7610	8.2132	0.2682	76.9095	75.8780
0.7615	8.2133	0.2724	75.2113	76.1992
0.7620	8.2145	0.2560	74.2315	75.8927
0.7625	8.2148	0.2510	73.0088	76.0965
0.7630	8.2156	0.2404	73.8568	76.1565
0.7635	8.2172	0.2228	74.0453	75.8881
0.7640	8.2166	0.2354	74.2278	75.9469
0.7645	8.2171	0.2284	75.1230	76.0575
0.7650	8.2170	0.2244	75.9834	76.1443
0.7655	8.2175	0.2207	76.2482	76.3264
0.7660	8.2178	0.2221	76.1474	76.2241
0.7665	8.2172	0.2225	76.6926	76.3170
0.7670	8.2168	0.2296	77.2553	76.1558
0.7675	8.2155	0.2363	77.4909	75.7447
0.7680	8.2139	0.2587	76.1887	76.1780
0.7685	8.2132	0.2653	75.3124	76.2257
0.7690	8.2138	0.2644	76.5224	75.9919
0.7695	8.2148	0.2499	77.0642	75.7553
0.7700	8.2156	0.2437	77.1468	75.4612
0.7705	8.2158	0.2407	77.2949	75.9090
0.7710	8.2154	0.2440	78.0229	75.5882
0.7715	8.2157	0.2442	78.0225	75.3586
0.7720	8.2159	0.2435	77.4130	75.7879
0.7725	8.2159	0.2340	76.7484	75.9576
0.7730	8.2162	0.2384	76.5871	75.9600
0.7735	8.2164	0.2329	75.7352	75.7827
0.7740	8.2173	0.2228	74.3326	75.5510
0.7745	8.2172	0.2272	72.8807	76.1176
0.7750	8.2153	0.2452	73.6690	76.1162
0.7755	8.2145	0.2565	74.4401	75.9763
0.7760	8.2150	0.2508	74.6888	76.1464
0.7765	8.2157	0.2422	74.9159	76.0735
0.7770	8.2163	0.2373	75.7997	76.1082
0.7775	8.2174	0.2249	76.5108	75.7001
0.7780	8.2172	0.2231	76.6362	75.6008
0.7785	8.2178	0.2228	76.3325	75.7636
0.7790	8.2184	0.2118	77.1289	75.7638
0.7795	8.2176	0.2186	76.5555	76.0432
0.7800	8.2180	0.2136	75.0565	75.9707
0.7805	8.2186	0.2143	75.5133	75.7422
0.7810	8.2191	0.2060	76.1643	75.9046
0.7815	8.2182	0.2147	77.2517	75.7622
0.7820	8.2164	0.2354	77.4808	75.7229
0.7825	8.2150	0.2511	77.4311	75.9060
0.7830	8.2141	0.2597	77.4831	75.8637
0.7835	8.2141	0.2601	77.9047	76.2130
0.7840	8.2132	0.2671	77.6474	76.1701
0.7845	8.2143	0.2587	76.6392	76.0277
0.7850	8.2155	0.2469	75.9684	76.1644
0.7855	8.2160	0.2398	74.8186	76.0475
0.7860	8.2152	0.2425	74.0711	75.9104
0.7865	8.2159	0.2366	73.5024	76.2367
0.7870	8.2167	0.2287	73.6365	76.0576
0.7875	8.2178	0.2167	74.5902	76.0743
0.7880	8.2188	0.2080	75.2106	75.9731
0.7885	8.2198	0.1975	75.6721	76.1586
0.7890	8.2181	0.2075	75.9129	76.4308
0.7895	8.2159	0.2325	76.5632	76.0231
0.7900	8.2145	0.2508	76.8833	75.6574
0.7905	8.2130	0.2706	77.2584	75.5676
0.7910	8.2134	0.2697	76.6910	75.6272
0.7915	8.2143	0.2601	76.5064	75.8831
0.7920	8.2148	0.2520	76.9691	75.6205
0.7925	8.2151	0.2472	75.9986	75.6665
0.7930	8.2145	0.2510	76.4217	76.1171
0.7935	8.2138	0.2572	76.9342	75.8105
0.7940	8.2138	0.2554	77.5642	75.6143
0.7945	8.2149	0.2531	77.7105	75.5192
0.7950	8.2158	0.2379	77.5303	75.5571
0.7955	8.2161	0.2354	77.3378	76.2622
0.7960	8.2168	0.2301	77.2218	76.2433
0.7965	8.2172	0.2254	76.5938	76.3772
0.7970	8.2154	0.2410	75.6677	76.3969
0.7975	8.2136	0.2651	73.2442	76.0353
0.7980	8.2121	0.2774	72.8876	75.9054
0.7985	8.2124	0.2773	73.7901	75.7131
0.7990	8.2127	0.2749	74.0761	75.5744
0.7995	8.2128	0.2704	74.5089	75.7839
0.8000	8.2149	0.2534	75.1230	76.0978
0.8005	8.2149	0.2539	75.9916	76.1700
0.8010	8.2137	0.2630	76.2533	75.9875
0.8015	8.2131	0.2682	76.4978	75.5916
0.8020	8.2132	0.2662	76.7089	75.7286
0.8025	8.2139	0.2628	77.4868	75.8580
0.8030	8.2141	0.2564	76.6317	75.7041
0.8035	8.2141	0.2534	76.4914	75.9545
0.8040	8.2141	0.2554	76.7429	76.2704
0.8045	8.2137	0.2585	76.1410	76.3594
0.8050	8.2138	0.2611	76.8082	76.2081
0.8055	8.2125	0.2748	77.0603	75.9685
0.8060	8.2122	0.2773	77.4146	76.1666
0.8065	8.2138	0.2637	77.6866	76.1097
0.8070	8.2143	0.2626	77.6819	75.8824
0.8075	8.2146	0.2534	77.3191	76.2573
0.8080	8.2150	0.2520	76.7339	76.2562
0.8085	8.2156	0.2393	76.3953	76.0706
0.8090	8.2149	0.2481	75.1888	76.1221
0.8095	8.2145	0.2496	72.8376	76.1060
0.8100	8.2154	0.2490	73.0690	76.2774
0.8105	8.2149	0.2454	73.7364	75.9836
0.8110	8.2153	0.2460	74.3631	75.5157
0.8115	8.2159	0.2402	74.6898	75.8201
0.8120	8.2148	0.2494	75.2268	76.0016
0.8125	8.2132	0.2645	75.9970	75.7514
0.8130	8.2122	0.2794	76.4723	75.6349
0.8135	8.2121	0.2771	76.6079	75.7110
0.8140	8.2124	0.2782	76.7574	76.2467
0.8145	8.2130	0.2728	77.2899	75.6314
0.8150	8.2141	0.2582	77.1890	75.4460
0.8155	8.2151	0.2449	76.6317	75.7672
0.8160	8.2160	0.2397	76.5300	76.0840
0.8165	8.2157	0.2428	76.2547	76.2186
0.8170	8.2158	0.2395	76.8882	76.0998
0.8175	8.2156	0.2349	77.1419	76.1221
0.8180	8.2160	0.2408	77.3089	76.3087
0.8185	8.2165	0.2320	77.6109	75.9148
0.8190	8.2165	0.2340	77.6647	75.7333
0.8195	8.2152	0.2453	77.1441	76.0295
0.8200	8.2145	0.2573	76.3756	76.1076
0.8205	8.2126	0.2713	76.0173	76.2611
0.8210	8.2131	0.2762	73.6051	76.2095
0.8215	8.2143	0.2600	72.6173	75.8706
0.8220	8.2151	0.2490	73.0756	75.7748
0.8225	8.2152	0.2452	73.7503	75.4363
0.8230	8.2154	0.2432	74.5808	75.6067
0.8235	8.2149	0.2518	74.9585	75.8951
0.8240	8.2140	0.2582	75.4242	75.8879
0.8245	8.2139	0.2562	75.9414	76.2379
0.8250	8.2145	0.2508	76.4945	76.3779
0.8255	8.2157	0.2402	76.7367	76.1819
0.8260	8.2159	0.2405	76.9166	76.2082
0.8265	8.2163	0.2371	77.2216	75.9614
0.8270	8.2149	0.2517	77.3575	76.1305
0.8275	8.2134	0.2644	76.5701	76.3223
0.8280	8.2132	0.2717	76.1825	76.2132
0.8285	8.2141	0.2655	76.5864	76.3698
0.8290	8.2152	0.2455	77.1962	76.1084
0.8295	8.2154	0.2440	77.4847	75.7955
0.8300	8.2160	0.2384	77.4490	75.9881
0.8305	8.2145	0.2543	77.7710	75.9600
0.8310	8.2135	0.2626	77.8293	76.1363
0.8315	8.2142	0.2621	77.3796	75.9927
0.8320	8.2144	0.2552	76.4645	75.7732
0.8325	8.2144	0.2538	75.3203	76.0517
0.8330	8.2150	0.2511	74.0110	75.6991
0.8335	8.2155	0.2378	72.7792	75.4519
0.8340	8.2164	0.2361	73.4920	75.5542
0.8345	8.2159	0.2384	73.8302	75.6212
0.8350	8.2144	0.2502	74.6422	76.0440
0.8355	8.2125	0.2738	75.1225	75.7973
0.8360	8.2126	0.2725	75.5450	75.8688
0.8365	8.2137	0.2576	75.9179	76.2744
0.8370	8.2148	0.2548	76.4567	76.2045
0.8375	8.2152	0.2452	76.8172	76.0786
0.8380	8.2158	0.2445	76.9442	75.8348
0.8385	8.2159	0.2416	77.0708	75.8260
0.8390	8.2153	0.2453	76.9922	76.1218
0.8395	8.2153	0.2410	75.8253	75.8172
0.8400	8.2152	0.2464	76.0791	76.0325
0.8405	8.2157	0.2367	76.6928	76.2364
0.8410	8.2176	0.2285	77.1651	76.0753
0.8415	8.2179	0.2176	77.6426	76.2810
0.8420	8.2165	0.2271	77.7130	75.9484
0.8425	8.2151	0.2449	77.7419	75.6913
0.8430	8.2137	0.2590	77.5006	75.7259
0.8435	8.2135	0.2677	77.2725	75.6950
0.8440	8.2135	0.2651	76.2343	75.9966
0.8445	8.2130	0.2651	75.0066	76.2045
0.8450	8.2150	0.2520	74.0550	75.9138
0.8455	8.2156	0.2465	72.9125	76.2434
0.8460	8.2155	0.2393	73.7402	76.1366
0.8465	8.2169	0.2266	73.9154	76.0049
0.8470	8.2164	0.2331	74.6700	76.0829
0.8475	8.2170	0.2271	75.3092	76.1863
0.8480	8.2171	0.2233	75.7958	76.3599
0.8485	8.2176	0.2224	76.0563	76.3786
0.8490	8.2184	0.2139	76.3936	76.2018
0.8495	8.2182	0.2122	76.9570	76.3583
0.8500	8.2177	0.2157	77.1009	75.9762
0.8505	8.2159	0.2321	77.1095	75.8281
0.8510	8.2146	0.2486	75.9571	76.2888
0.8515	8.2151	0.2473	75.6893	76.1942
0.8520	8.2150	0.2487	76.5211	76.0746
0.8525	8.2159	0.2384	76.8327	75.7323
0.8530	8.2163	0.2316	77.2467	75.5859
0.8535	8.2163	0.2366	77.6764	75.9668
0.8540	8.2163	0.2367	77.9086	75.4305
0.8545	8.2160	0.2385	77.6302	75.4818
0.8550	8.2163	0.2325	77.3270	75.8095
0.8555	8.2171	0.2336	76.9203	75.9764
0.8560	8.2165	0.2333	76.4112	75.9669
0.8565	8.2173	0.2243	75.1959	75.7600
0.8570	8.2175	0.2194	73.9296	75.6944
0.8575	8.2170	0.2251	73.0443	76.2594
0.8580	8.2151	0.2489	73.8938	76.0514
0.8585	8.2142	0.2526	74.2269	76.0780
0.8590	8.2147	0.2508	74.6421	76.1430
0.8595	8.2156	0.2428	75.2556	76.1061
0.8600	8.2162	0.2347	76.0681	76.0307
0.8605	8.2172	0.2272	76.1660	75.6110
0.8610	8.2172	0.2278	76.4531	75.6758
0.8615	8.2176	0.2180	76.6532	75.7639
0.8620	8.2179	0.2201	77.4197	75.8373
0.8625	8.2179	0.2176	75.7873	76.1068
0.8630	8.2187	0.2147	74.8152	75.9098
0.8635	8.2196	0.2016	75.9211	75.7859
0.8640	8.2188	0.2061	76.6520	75.9489
0.8645	8.2175	0.2201	77.0629	75.7611
0.8650	8.2155	0.2397	77.1329	75.7891
0.8655	8.2138	0.2533	77.6317	75.8287
0.8660	8.2132	0.2679	77.8820	75.9162
0.8665	8.2140	0.2634	77.6975	76.2879
0.8670	8.2137	0.2644	77.0712	76.1273
0.8675	8.2143	0.2526	76.5911	76.0571
0.8680	8.2157	0.2385	76.1059	76.1908
0.8685	8.2153	0.2438	74.5694	75.9398
0.8690	8.2154	0.2464	73.5824	76.0321
0.8695	8.2161	0.2368	73.3550	76.2221
0.8700	8.2171	0.2272	74.1647	76.0138
0.8705	8.2184	0.2166	74.8112	76.0724
0.8710	8.2187	0.2085	75.0015	75.9671
0.8715	8.2184	0.2083	75.6078	76.2348
0.8720	8.2166	0.2273	76.2797	76.3510
0.8725	8.2145	0.2554	76.7760	75.8688
0.8730	8.2126	0.2680	76.6967	75.6286
0.8735	8.2114	0.2788	77.0940	75.5467
0.8740	8.2123	0.2744	76.7995	75.7176
0.8745	8.2134	0.2639	76.8526	75.8732
0.8750	8.2140	0.2551	76.5807	75.5546
0.8755	8.2152	0.2475	75.7702	75.8676
0.8760	8.2143	0.2509	76.7291	76.1610
0.8765	8.2145	0.2502	77.2596	75.6428
0.8770	8.2147	0.2561	77.4526	75.5863
0.8775	8.2146	0.2533	77.4324	75.3927
0.8780	8.2153	0.2472	77.6656	75.7530
0.8785	8.2157	0.2336	77.6394	76.3344
0.8790	8.2172	0.2273	76.9349	76.2370
0.8795	8.2166	0.2260	76.1288	76.5100
0.8800	8.2155	0.2384	75.3666	76.3089
0.8805	8.2142	0.2566	73.2428	75.9516
0.8810	8.2143	0.2592	73.0351	75.7999
0.8815	8.2140	0.2583	73.4717	75.5666
0.8820	8.2147	0.2583	74.2307	75.5260
0.8825	8.2158	0.2426	74.9751	75.8141
0.8830	8.2169	0.2266	75.3237	76.1033
0.8835	8.2162	0.2328	75.7013	76.0973
0.8840	8.2157	0.2425	76.2566	75.8831
0.8845	8.2155	0.2387	76.8920	75.5612
0.8850	8.2161	0.2384	77.0042	75.8396
0.8855	8.2171	0.2300	77.1732	75.7748
0.8860	8.2174	0.2201	76.2544	75.7402
0.8865	8.2175	0.2201	76.9636	76.0160
0.8870	8.2171	0.2219	76.8027	76.2529
0.8875	8.2166	0.2325	76.0309	76.2672
0.8880	8.2156	0.2389	76.7413	76.0473
0.8885	8.2138	0.2544	77.3228	75.9135
0.8890	8.2144	0.2599	77.7057	76.1867
0.8895	8.2144	0.2527	77.6487	76.0129
0.8900	8.2146	0.2437	77.4156	75.9748
0.8905	8.2151	0.2465	77.3665	76.3520
0.8910	8.2154	0.2437	76.8535	76.1606
0.8915	8.2159	0.2381	76.2635	76.0534
0.8920	8.2156	0.2421	74.4515	76.0230
0.8925	8.2151	0.2481	72.7786	76.0420
0.8930	8.2150	0.2510	73.5040	76.1369
0.8935	8.2148	0.2458	73.8915	75.7071
0.8940	8.2154	0.2453	74.2727	75.4172
0.8945	8.2149	0.2446	74.7934	75.8788
0.8950	8.2139	0.2594	75.6625	75.9258
0.8955	8.2124	0.2743	76.1678	75.7172
0.8960	8.2119	0.2838	76.3555	75.5940
0.8965	8.2120	0.2781	76.6360	75.8472
0.8970	8.2130	0.2787	77.0999	76.0943
0.8975	8.2124	0.2697	77.4641	75.3832
0.8980	8.2142	0.2586	76.8994	75.4077
0.8985	8.2149	0.2500	76.6136	75.7081
0.8990	8.2155	0.2434	76.5727	76.0374
0.8995	8.2157	0.2376	76.4139	76.0908
0.9000	8.2162	0.2378	77.0187	76.0417
0.9005	8.2157	0.2418	77.0770	76.1359
0.9010	8.2158	0.2423	77.5444	76.2294
0.9015	8.2158	0.2354	77.7797	75.8167
0.9020	8.2157	0.2389	77.5461	75.7818
0.9025	8.2153	0.2455	76.8355	75.9569
0.9030	8.2138	0.2543	76.5117	75.9601
0.9035	8.2127	0.2694	75.7792	76.1859
0.9040	8.2129	0.2699	73.0562	75.9746
0.9045	8.2140	0.2620	72.6290	75.8035
0.9050	8.2147	0.2507	73.3308	75.6699
0.9055	8.2158	0.2450	74.1607	75.4725
0.9060	8.2153	0.2436	74.6350	75.7578
0.9065	8.2142	0.2517	74.9529	75.9030
0.9070	8.2141	0.2608	75.5091	75.9342
0.9075	8.2148	0.2537	76.3403	76.2818
0.9080	8.2153	0.2431	76.7375	76.1503
0.9085	8.2163	0.2346	76.7029	76.0936
0.9090	8.2168	0.2287	76.8859	75.9938
0.9095	8.2164	0.2307	77.3755	75.8333
0.9100	8.2148	0.2499	77.3739	76.1050
0.9105	8.2132	0.2643	76.4701	76.3027
0.9110	8.2126	0.2726	76.1684	76.2184
0.9115	8.2150	0.2555	76.7889	76.4085
0.9120	8.2160	0.2375	77.4116	75.9661
0.9125	8.2174	0.2242	77.6129	75.7973
0.9130	8.2178	0.2230	77.5397	75.8417
0.9135	8.2159	0.2367	77.8339	75.8675
0.9140	8.2157	0.2437	77.7371	75.9825
0.9145	8.2155	0.2472	77.3309	75.7824
0.9150	8.2159	0.2428	76.2323	75.7458
0.9155	8.2162	0.2399	75.2650	76.0292
0.9160	8.2171	0.2236	73.6347	75.5675
0.9165	8.2178	0.2160	72.9123	75.5384
0.9170	8.2182	0.2122	73.6813	75.4560
0.9175	8.2170	0.2305	73.9180	75.7392
0.9180	8.2140	0.2512	74.8242	75.9310
0.9185	8.2131	0.2674	75.3568	75.6409
0.9190	8.2139	0.2594	75.7680	75.7980
0.9195	8.2153	0.2451	76.0894	76.0751
0.9200	8.2160	0.2418	76.5600	76.0461
0.9205	8.2166	0.2324	76.9417	75.9668
0.9210	8.2165	0.2329	76.9901	75.7216
0.9215	8.2166	0.2370	77.1689	75.9054
0.9220	8.2159	0.2334	76.7418	76.0784
0.9225	8.2163	0.2324	75.8189	75.7711
0.9230	8.2164	0.2322	76.3340	76.0854
0.9235	8.2165	0.2369	76.7672	76.0833
0.9240	8.2175	0.2213	77.3467	75.9952
0.9245	8.2182	0.2145	77.8481	76.1497
0.9250	8.2162	0.2343	77.7635	75.7187
0.9255	8.2149	0.2478	77.6703	75.5982
0.9260	8.2137	0.2604	77.3960	75.6358
0.9265	8.2132	0.2740	77.3218	75.7077
0.9270	8.2129	0.2717	75.9990	76.1068
0.9275	8.2132	0.2696	74.8314	76.0587
0.9280	8.2135	0.2652	73.4426	75.8765
0.9285	8.2134	0.2652	73.0801	76.2547
0.9290	8.2156	0.2450	74.0566	75.9910
0.9295	8.2156	0.2448	74.0949	75.9074
0.9300	8.2160	0.2393	74.7718	75.9659
0.9305	8.2164	0.2386	75.4212	76.0572
0.9310	8.2162	0.2395	76.1233	76.2005
0.9315	8.2171	0.2291	76.1619	76.2654
0.9320	8.2168	0.2277	76.4186	76.1508
0.9325	8.2165	0.2346	76.9415	76.3227
0.9330	8.2164	0.2371	77.3320	75.8623
0.9335	8.2147	0.2552	77.1126	75.9247
0.9340	8.2134	0.2657	75.5447	76.3217
0.9345	8.2137	0.2672	75.8277	76.0895
0.9350	8.2142	0.2549	76.7886	75.9456
0.9355	8.2149	0.2477	77.0657	75.4944
0.9360	8.2154	0.2478	77.2366	75.5981
0.9365	8.2153	0.2454	77.6202	75.8387
0.9370	8.2157	0.2429	77.9536	75.2882
0.9375	8.2154	0.2417	77.8717	75.5148
0.9380	8.2158	0.2358	77.1617	75.8832
0.9385	8.2161	0.2363	76.6454	75.9566
0.9390	8.2156	0.2387	76.1235	75.9081
0.9395	8.2163	0.2360	75.0705	75.6402
0.9400	8.2172	0.2292	73.6330	75.7700
0.9405	8.2165	0.2346	72.9966	76.2443
0.9410	8.2144	0.2499	74.0563	75.9238
0.9415	8.2144	0.2506	74.5198	76.0589
0.9420	8.2144	0.2549	74.8773	76.0465
0.9425	8.2153	0.2448	75.2857	76.0730
0.9430	8.2164	0.2368	76.0488	75.8758
0.9435	8.2162	0.2367	76.4949	75.5159
0.9440	8.2167	0.2301	76.6546	75.7152
0.9445	8.2174	0.2186	76.6457	75.7618
0.9450	8.2169	0.2248	77.1553	75.8716
0.9455	8.2171	0.2259	75.4937	76.0882
0.9460	8.2177	0.2197	75.2662	75.8169
0.9465	8.2185	0.2122	75.8889	75.7733
0.9470	8.2192	0.2051	76.6127	75.8226
0.9475	8.2173	0.2252	77.3569	75.6232
0.9480	8.2156	0.2402	77.5354	75.7406
0.9485	8.2144	0.2527	77.5174	75.7379
0.9490	8.2139	0.2570	77.6092	75.9992
0.9495	8.2147	0.2493	77.7618	76.2778
0.9500	8.2150	0.2546	77.2116	76.0802
0.9505	8.2164	0.2398	76.4346	76.0365
0.9510	8.2173	0.2195	75.4577	76.1564
0.9515	8.2168	0.2246	74.2743	75.8719
0.9520	8.2166	0.2337	73.7830	76.0643
0.9525	8.2170	0.2239	73.5024	76.1398
0.9530	8.2180	0.2210	74.1384	75.9948
0.9535	8.2191	0.2050	74.8010	76.0210
0.9540	8.2194	0.1997	75.4598	75.9645
0.9545	8.2194	0.1962	75.7871	76.2957
0.9550	8.2169	0.2274	76.1860	76.2921
0.9555	8.2144	0.2509	76.7267	75.7890
0.9560	8.2130	0.2673	77.0139	75.5942
0.9565	8.2121	0.2816	77.2769	75.5433
0.9570	8.2130	0.2723	76.3274	75.7593
0.9575	8.2128	0.2738	76.7914	75.7759
0.9580	8.2132	0.2676	76.4557	75.5217
0.9585	8.2134	0.2649	76.0889	75.8888
0.9590	8.2134	0.2686	76.7528	76.0097
0.9595	8.2129	0.2726	77.1244	75.6143
0.9600	8.2128	0.2714	77.6335	75.5903
0.9605	8.2138	0.2593	77.7314	75.4172
0.9610	8.2142	0.2594	77.4609	75.9173
0.9615	8.2151	0.2532	77.2011	76.3154
0.9620	8.2152	0.2443	76.7940	76.2308
0.9625	8.2149	0.2524	76.3545	76.4433
0.9630	8.2133	0.2621	74.6707	76.1675
0.9635	8.2123	0.2804	72.6001	75.9246
0.9640	8.2119	0.2889	73.2968	75.7684
0.9645	8.2119	0.2861	73.9053	75.5363
0.9650	8.2124	0.2844	74.3294	75.5942
0.9655	8.2131	0.2698	74.6689	75.9203
0.9660	8.2142	0.2562	75.4858	76.1513
0.9665	8.2145	0.2550	76.1702	76.1080
0.9670	8.2136	0.2628	76.4410	75.7829
0.9675	8.2133	0.2672	76.4862	75.5664
0.9680	8.2138	0.2608	77.0022	75.8595
0.9685	8.2141	0.2564	77.3177	75.7333
0.9690	8.2143	0.2559	76.3348	75.7321
0.9695	8.2141	0.2556	76.8287	76.0735
0.9700	8.2138	0.2611	76.1891	76.3375
0.9705	8.2142	0.2596	76.4565	76.2817
0.9710	8.2140	0.2629	77.0993	76.0352
0.9715	8.2124	0.2762	77.1537	75.9755
0.9720	8.2127	0.2699	77.4195	76.2161
0.9725	8.2130	0.2695	77.7963	75.9125
0.9730	8.2138	0.2639	77.6410	75.9965
0.9735	8.2151	0.2489	77.0251	76.3429
0.9740	8.2154	0.2473	76.3200	76.1187
0.9745	8.2150	0.2441	76.1898	76.1122
0.9750	8.2147	0.2544	74.0718	76.0745
0.9755	8.2142	0.2590	72.6813	76.1573
0.9760	8.2149	0.2452	73.2103	76.1902
0.9765	8.2153	0.2465	73.9360	75.6522
0.9770	8.2159	0.2346	74.7661	75.5071
0.9775	8.2158	0.2380	74.9748	75.9659
0.9780	8.2146	0.2508	75.4008	75.8527
0.9785	8.2128	0.2700	76.1241	75.7249
0.9790	8.2124	0.2762	76.7230	75.5700
0.9795	8.2127	0.2737	76.8262	76.0437
0.9800	8.2128	0.2681	76.7761	76.0414
0.9805	8.2137	0.2646	77.1626	75.3850
0.9810	8.2149	0.2518	77.0010	75.5553
0.9815	8.2157	0.2435	76.8166	75.8926
0.9820	8.2163	0.2403	76.1858	76.1345
0.9825	8.2162	0.2406	76.2182	76.1632
0.9830	8.2158	0.2349	77.2130	76.0087
0.9835	8.2159	0.2376	77.4312	76.1814
0.9840	8.2152	0.2405	77.4118	76.1488
0.9845	8.2157	0.2368	77.2872	75.7583
0.9850	8.2149	0.2455	77.5551	75.8882
0.9855	8.2146	0.2519	76.9867	76.1333
0.9860	8.2129	0.2674	76.4266	76.1820
0.9865	8.2127	0.2767	74.7278	76.2921
0.9870	8.2133	0.2724	72.6104	75.9526
0.9875	8.2135	0.2617	73.1446	75.7812
0.9880	8.2144	0.2582	73.4622	75.5708
0.9885	8.2142	0.2531	73.9387	75.4216
0.9890	8.2137	0.2590	74.5481	75.8027
0.9895	8.2133	0.2715	75.3794	76.0012
0.9900	8.2129	0.2716	75.7872	76.1088
0.9905	8.2127	0.2704	76.0550	76.5206
0.9910	8.2133	0.2625	76.5101	76.2478
0.9915	8.2141	0.2619	77.1052	76.2109
0.9920	8.2145	0.2573	77.0147	76.0116
0.9925	8.2140	0.2596	77.0015	75.8848
0.9930	8.2131	0.2685	76.9792	76.1974
0.9935	8.2124	0.2780	76.6907	76.2989
0.9940	8.2122	0.2762	76.5067	76.1873
0.9945	8.2140	0.2625	76.4166	76.3557
0.9950	8.2141	0.2588	77.0163	75.8316
0.9955	8.2145	0.2514	77.9251	75.9285
0.9960	8.2141	0.2572	77.9567	75.9745
0.9965	8.2132	0.2658	77.5283	76.0705
0.9970	8.2130	0.2743	77.1219	76.1198
0.9975	8.2135	0.2696	77.3202	75.8123
0.9980	8.2135	0.2636	76.3591	75.8346
0.9985	8.2135	0.2610	74.6983	75.9793
0.9990	8.2146	0.2564	72.6945	75.4283
0.9995	8.2153	0.2460	73.0880	75.5308
1.0000	8.2162	0.2404	74.1265	75.4558
1.0005	8.2149	0.2490	74.1325	75.8926
1.0010	8.2133	0.2667	74.4423	75.9599
1.0015	8.2124	0.2808	75.2597	75.7419
1.0020	8.2133	0.2711	76.2007	75.9901
1.0025	8.2139	0.2611	76.2741	76.2754
1.0030	8.2145	0.2543	76.1503	76.1024
1.0035	8.2157	0.2417	76.7499	76.0032
1.0040	8.2159	0.2369	77.3203	75.7488
1.0045	8.2156	0.2437	77.3851	76.0121
1.0050	8.2155	0.2472	76.0181	75.9809
1.0055	8.2158	0.2380	75.5191	75.7693
1.0060	8.2170	0.2337	76.7607	76.1330
1.0065	8.2168	0.2304	77.1064	76.0064
1.0070	8.2181	0.2222	77.0688	76.1121
1.0075	8.2176	0.2204	77.4175	76.2146
1.0080	8.2162	0.2384	78.0244	75.7688
1.0085	8.2149	0.2492	77.9843	75.7219
1.0090	8.2133	0.2638	77.0910	75.6841
1.0095	8.2131	0.2668	76.6280	75.7587
1.0100	8.2130	0.2679	75.8329	76.1435
1.0105	8.2139	0.2692	74.9560	76.0095
1.0110	8.2150	0.2492	72.8325	75.9875
1.0115	8.2155	0.2473	72.8389	76.2854
1.0120	8.2162	0.2394	74.0867	75.9913
1.0125	8.2163	0.2375	74.6945	76.0461
1.0130	8.2164	0.2356	74.8371	76.0923
1.0135	8.2168	0.2281	74.9568	76.2259
1.0140	8.2170	0.2278	76.0115	76.3520
1.0145	8.2179	0.2189	76.6911	76.2548
1.0150	8.2181	0.2157	76.6668	76.2362
1.0155	8.2182	0.2092	76.4422	76.2603
1.0160	8.2171	0.2247	77.0810	75.7670
1.0165	8.2155	0.2498	77.2483	76.0507
1.0170	8.2143	0.2561	75.6886	76.3054
1.0175	8.2142	0.2583	75.5742	76.0990
1.0180	8.2152	0.2464	76.3403	75.9637
1.0185	8.2151	0.2399	77.4563	75.5099
1.0190	8.2160	0.2409	77.6673	75.8406
1.0195	8.2156	0.2454	77.4371	75.7697
1.0200	8.2152	0.2404	77.4632	75.3083
1.0205	8.2153	0.2487	77.8780	75.6472
1.0210	8.2152	0.2460	77.4182	75.9167
1.0215	8.2152	0.2426	76.3965	75.9896
1.0220	8.2155	0.2431	75.4498	75.9153
1.0225	8.2165	0.2354	74.8959	75.6335
1.0230	8.2164	0.2349	73.7062	75.9883
1.0235	8.2154	0.2418	73.1078	76.2542
1.0240	8.2136	0.2614	73.6892	75.9549
1.0245	8.2128	0.2706	74.4879	76.1464
1.0250	8.2130	0.2699	75.2913	76.0964
1.0255	8.2133	0.2679	75.4698	76.1465
1.0260	8.2143	0.2577	75.7367	75.8241
1.0265	8.2154	0.2456	76.3447	75.5656
1.0270	8.2160	0.2419	76.9184	75.7939
1.0275	8.2161	0.2373	76.9558	75.7540
1.0280	8.2160	0.2393	76.5888	75.9828
1.0285	8.2164	0.2339	74.9820	76.0494
1.0290	8.2173	0.2252	75.7018	75.7625
1.0295	8.2175	0.2235	76.2095	75.8183
1.0300	8.2172	0.2225	76.4522	75.8661
1.0305	8.2150	0.2412	76.9943	75.7291
1.0310	8.2141	0.2638	77.7603	75.8665
1.0315	8.2128	0.2735	77.9078	75.7924
1.0320	8.2126	0.2743	77.4281	76.1414
1.0325	8.2131	0.2694	77.2132	76.2663
1.0330	8.2132	0.2698	77.1371	76.0439
1.0335	8.2140	0.2609	76.7603	76.1212
1.0340	8.2147	0.2494	75.1257	76.1316
1.0345	8.2141	0.2551	73.6757	75.8613
1.0350	8.2147	0.2490	73.7188	76.1839
1.0355	8.2147	0.2494	73.9328	76.1133
1.0360	8.2156	0.2411	74.2823	76.0500
1.0365	8.2174	0.2292	74.4239	76.0400
1.0370	8.2175	0.2189	75.3929	76.0626
1.0375	8.2173	0.2259	76.2938	76.4159
1.0380	8.2149	0.2434	76.4844	76.1863
1.0385	8.2135	0.2637	76.3046	75.6988
1.0390	8.2117	0.2877	76.8553	75.5682
1.0395	8.2116	0.2859	77.4790	75.5159
1.0400	8.2118	0.2789	76.5628	75.8127
1.0405	8.2128	0.2698	76.5474	75.6980
1.0410	8.2143	0.2553	75.9609	75.5687
1.0415	8.2145	0.2550	76.4894	76.0617
1.0420	8.2141	0.2623	77.1111	75.9657
1.0425	8.2135	0.2626	76.9426	75.5883
1.0430	8.2142	0.2673	77.2867	75.5524
1.0435	8.2147	0.2481	77.8917	75.4385
1.0440	8.2153	0.2467	77.7942	76.1091
1.0445	8.2161	0.2332	77.0117	76.2740
1.0450	8.2166	0.2269	76.2955	76.2811
1.0455	8.2159	0.2354	76.3717	76.4335
1.0460	8.2146	0.2484	74.6212	76.0787
1.0465	8.2135	0.2611	72.5026	75.8765
1.0470	8.2135	0.2628	73.0539	75.7111
1.0475	8.2134	0.2585	73.9993	75.5303
1.0480	8.2147	0.2568	74.8469	75.6672
1.0485	8.2155	0.2374	74.8033	76.0124
1.0490	8.2169	0.2311	75.2427	76.1483
1.0495	8.2154	0.2435	76.1159	76.0450
1.0500	8.2149	0.2514	76.8875	75.6650
1.0505	8.2153	0.2436	76.6929	75.5995
1.0510	8.2155	0.2429	76.8226	75.8302
1.0515	8.2149	0.2442	76.9257	75.6813
1.0520	8.2152	0.2486	76.6803	75.8418
1.0525	8.2146	0.2478	77.1580	76.1485
1.0530	8.2146	0.2550	75.7961	76.3386
1.0535	8.2150	0.2546	76.2956	76.2257
1.0540	8.2135	0.2653	77.3667	75.9579
1.0545	8.2123	0.2753	77.6345	76.0370
1.0550	8.2126	0.2688	77.3122	76.1760
1.0555	8.2128	0.2694	77.3824	75.8482
1.0560	8.2142	0.2597	77.7039	76.0998
1.0565	8.2145	0.2562	77.3908	76.2955
1.0570	8.2151	0.2540	76.2796	76.0352
1.0575	8.2144	0.2532	75.5608	76.0663
1.0580	8.2135	0.2593	73.6367	76.0152
1.0585	8.2131	0.2685	73.1849	76.1853
1.0590	8.2131	0.2643	73.4093	76.0585
1.0595	8.2132	0.2707	73.7305	75.5479
1.0600	8.2135	0.2688	74.6855	75.5817
1.0605	8.2131	0.2740	75.4548	76.0061
1.0610	8.2119	0.2826	75.7886	75.7514
1.0615	8.2109	0.2968	75.9149	75.6670
1.0620	8.2103	0.2956	76.5521	75.5185
1.0625	8.2109	0.2931	77.1094	76.0760
1.0630	8.2111	0.2916	77.1752	75.7768
1.0635	8.2118	0.2770	76.9877	75.3408
1.0640	8.2131	0.2730	76.6854	75.5744
1.0645	8.2142	0.2564	77.0507	75.9340
1.0650	8.2144	0.2547	76.4353	76.1236
1.0655	8.2143	0.2561	76.2768	76.0912
1.0660	8.2141	0.2598	77.0549	76.0070
1.0665	8.2139	0.2582	77.5673	76.2136
1.0670	8.2134	0.2582	77.7372	76.0343
1.0675	8.2140	0.2618	77.3510	75.7121
1.0680	8.2131	0.2653	77.2572	75.8825
1.0685	8.2125	0.2721	76.8923	76.0281
1.0690	8.2116	0.2851	76.6483	76.1101
1.0695	8.2116	0.2874	74.2975	76.2049
1.0700	8.2132	0.2709	72.3382	75.8619
1.0705	8.2134	0.2632	73.1781	75.7624
1.0710	8.2137	0.2602	73.8426	75.4533
1.0715	8.2139	0.2585	74.2609	75.4612
1.0720	8.2129	0.2684	74.4688	75.8325
1.0725	8.2118	0.2791	75.3708	75.9458
1.0730	8.2122	0.2782	76.1467	76.1314
1.0735	8.2130	0.2721	76.4298	76.3889
1.0740	8.2139	0.2608	76.3786	76.1424
1.0745	8.2143	0.2535	76.8709	76.1685
1.0750	8.2141	0.2555	77.3497	75.8901
1.0755	8.2135	0.2625	77.4984	75.9247
1.0760	8.2126	0.2755	76.6973	76.2269
1.0765	8.2116	0.2863	76.2572	76.2247
1.0770	8.2128	0.2794	76.6804	76.2207
1.0775	8.2148	0.2496	77.0607	76.2438
1.0780	8.2152	0.2440	77.2115	75.7348
1.0785	8.2160	0.2417	77.5030	75.8788
1.0790	8.2150	0.2436	77.9345	75.8537
1.0795	8.2134	0.2649	78.0151	76.0275
1.0800	8.2134	0.2635	77.2918	76.0168
1.0805	8.2140	0.2580	76.8196	75.7272
1.0810	8.2147	0.2558	75.9365	75.9041
1.0815	8.2157	0.2395	74.7784	75.8467
1.0820	8.2163	0.2350	72.7948	75.3726
1.0825	8.2174	0.2266	73.0476	75.4861
1.0830	8.2163	0.2319	73.9429	75.4517
1.0835	8.2152	0.2450	74.5838	75.9391
1.0840	8.2132	0.2641	74.8940	75.8170
1.0845	8.2123	0.2768	75.2412	75.6838
1.0850	8.2136	0.2633	75.9606	75.9715
1.0855	8.2142	0.2590	76.5651	76.2083
1.0860	8.2146	0.2550	76.6304	76.0285
1.0865	8.2143	0.2548	76.7388	75.9088
1.0870	8.2144	0.2549	77.0943	75.6897
1.0875	8.2141	0.2585	77.4827	76.0367
1.0880	8.2144	0.2594	76.1407	75.8415
1.0885	8.2145	0.2573	75.6360	75.7907
1.0890	8.2145	0.2562	76.6101	76.1370
1.0895	8.2148	0.2579	77.3146	75.9444
1.0900	8.2157	0.2411	77.6106	76.1493
1.0905	8.2159	0.2393	77.5136	76.0494
1.0910	8.2143	0.2533	77.7217	75.6480
1.0915	8.2136	0.2600	77.9300	75.6485
1.0920	8.2121	0.2811	77.4714	75.6138
1.0925	8.2123	0.2777	76.5659	75.7864
1.0930	8.2123	0.2796	75.2262	76.1098
1.0935	8.2129	0.2697	74.6394	75.8702
1.0940	8.2130	0.2649	73.1618	76.0450
1.0945	8.2149	0.2557	73.4022	76.2029
1.0950	8.2153	0.2384	73.8703	75.9287
1.0955	8.2156	0.2437	74.5331	75.9860
1.0960	8.2156	0.2402	75.3029	76.0611
1.0965	8.2156	0.2402	75.5444	76.1383
1.0970	8.2155	0.2426	75.9379	76.2942
1.0975	8.2157	0.2414	76.4422	76.1722
1.0980	8.2159	0.2392	76.9976	76.2358
1.0985	8.2155	0.2416	77.0032	76.1362
1.0990	8.2153	0.2484	77.0932	75.7126
1.0995	8.2132	0.2664	76.5062	76.1418
1.1000	8.2131	0.2714	75.7340	76.2420
1.1005	8.2128	0.2650	76.2968	76.0232
1.1010	8.2142	0.2577	76.5294	75.8095
1.1015	8.2153	0.2475	77.2257	75.4021
1.1020	8.2155	0.2428	77.7440	75.8521
1.1025	8.2148	0.2499	77.9626	75.5702
1.1030	8.2154	0.2523	77.5834	75.2726
1.1035	8.2148	0.2520	77.4671	75.6713
1.1040	8.2150	0.2511	77.2390	75.8955
1.1045	8.2141	0.2576	76.7073	75.9561
1.1050	8.2146	0.2572	75.3789	75.8260
1.1055	8.2149	0.2482	74.2713	75.6210
1.1060	8.2151	0.2480	73.3826	76.0872
1.1065	8.2143	0.2570	73.7974	76.1403
1.1070	8.2132	0.2658	74.0491	75.9103
1.1075	8.2131	0.2727	74.3641	76.0734
1.1080	8.2133	0.2670	75.1761	75.9903
1.1085	8.2137	0.2628	75.9946	76.0425
1.1090	8.2142	0.2553	76.2194	75.6556
1.1095	8.2136	0.2583	76.2845	75.5962
1.1100	8.2148	0.2432	76.5721	75.8245
1.1105	8.2150	0.2492	77.4169	75.7985
1.1110	8.2151	0.2491	76.5255	76.0548
1.1115	8.2160	0.2394	74.6855	76.0274
1.1120	8.2171	0.2322	75.5840	75.7446
1.1125	8.2178	0.2152	76.4919	75.8085
1.1130	8.2167	0.2238	77.1270	75.6830
1.1135	8.2154	0.2488	77.0531	75.6176
1.1140	8.2146	0.2596	77.4179	75.7416
1.1145	8.2132	0.2664	77.8883	75.7692
1.1150	8.2141	0.2661	77.8949	76.1991
1.1155	8.2138	0.2597	77.2840	76.2613
1.1160	8.2139	0.2570	76.6310	76.0695
1.1165	8.2159	0.2360	76.4141	76.1775
1.1170	8.2160	0.2363	75.1212	76.0884
1.1175	8.2157	0.2403	73.7806	75.8570
1.1180	8.2155	0.2403	73.3127	76.1678
1.1185	8.2156	0.2372	73.8811	75.9787
1.1190	8.2155	0.2443	74.7915	76.0031
1.1195	8.2161	0.2377	74.8861	75.9624
1.1200	8.2157	0.2410	75.3679	76.1232
1.1205	8.2144	0.2551	76.1210	76.4407
1.1210	8.2129	0.2697	76.8452	76.1258
1.1215	8.2117	0.2790	76.6994	75.7014
1.1220	8.2112	0.2918	76.9266	75.5479
1.1225	8.2104	0.2991	76.8733	75.5491
1.1230	8.2105	0.2925	76.6829	75.7923
1.1235	8.2110	0.2929	76.9181	75.5577
1.1240	8.2118	0.2804	75.7161	75.5756
1.1245	8.2126	0.2780	76.3932	76.0846
1.1250	8.2123	0.2773	77.2205	75.8494
1.1255	8.2116	0.2805	77.5047	75.6307
1.1260	8.2116	0.2877	77.3796	75.5990
1.1265	8.2129	0.2770	77.4951	75.5577
1.1270	8.2136	0.2703	77.6826	76.2734
1.1275	8.2138	0.2576	77.3615	76.2706
1.1280	8.2146	0.2531	76.3159	76.3326
1.1285	8.2136	0.2620	75.6688	76.3879
1.1290	8.2123	0.2809	73.7479	75.9875
1.1295	8.2115	0.2906	73.0246	75.8058
1.1300	8.2112	0.2856	73.4784	75.6376
1.1305	8.2121	0.2830	73.7612	75.5243
1.1310	8.2120	0.2757	74.6821	75.7625
1.1315	8.2140	0.2649	75.3341	76.1269
1.1320	8.2142	0.2596	75.7951	76.2065
1.1325	8.2134	0.2653	75.9261	76.0576
1.1330	8.2127	0.2703	76.5290	75.6487
1.1335	8.2123	0.2743	76.9300	75.6797
1.1340	8.2133	0.2688	77.4369	75.8150
1.1345	8.2129	0.2705	76.4627	75.6307
1.1350	8.2133	0.2656	76.3996	75.8427
1.1355	8.2135	0.2618	77.0487	76.1907
1.1360	8.2137	0.2665	76.1408	76.3157
1.1365	8.2137	0.2658	76.5556	76.1944
1.1370	8.2125	0.2729	76.9286	75.9727
1.1375	8.2120	0.2775	77.5122	76.1542
1.1380	8.2126	0.2734	77.8051	76.1929
1.1385	8.2135	0.2654	77.5874	75.8774
1.1390	8.2144	0.2597	77.2128	76.2300
1.1395	8.2148	0.2524	76.9232	76.2756
1.1400	8.2148	0.2452	76.5235	76.0493
1.1405	8.2147	0.2504	75.3466	76.0762
1.1410	8.2143	0.2534	72.8527	76.0349
1.1415	8.2144	0.2575	72.9924	76.2360
1.1420	8.2142	0.2592	73.8354	75.9858
1.1425	8.2149	0.2513	74.3160	75.5311
1.1430	8.2152	0.2419	74.5213	75.7790
1.1435	8.2150	0.2519	75.1909	76.0494
1.1440	8.2133	0.2644	76.0650	75.7705
1.1445	8.2122	0.2764	76.4583	75.6656
1.1450	8.2119	0.2837	76.4603	75.6354
1.1455	8.2123	0.2776	76.6990	76.1959
1.1460	8.2120	0.2736	77.4435	75.6256
1.1465	8.2135	0.2689	77.2239	75.3690
1.1470	8.2149	0.2570	76.5239	75.7008
1.1475	8.2154	0.2437	76.5603	76.0524
1.1480	8.2160	0.2458	76.3193	76.1888
1.1485	8.2156	0.2399	76.9005	76.1322
1.1490	8.2154	0.2449	77.0530	76.0762
1.1495	8.2150	0.2462	77.2568	76.2791
1.1500	8.2148	0.2457	77.7094	75.9407
1.1505	8.2151	0.2481	77.6371	75.7046
1.1510	8.2140	0.2573	77.1641	75.9819
1.1515	8.2136	0.2657	76.4442	76.1174
1.1520	8.2122	0.2779	76.1956	76.2195
1.1525	8.2118	0.2850	73.8115	76.1987
1.1530	8.2131	0.2761	72.4812	75.8719
1.1535	8.2135	0.2652	73.0888	75.7859
1.1540	8.2142	0.2567	73.8125	75.4719
1.1545	8.2139	0.2629	74.5159	75.5759
1.1550	8.2126	0.2736	74.8116	75.9359
1.1555	8.2118	0.2813	75.3032	75.9943
1.1560	8.2113	0.2799	75.9912	76.2986
1.1565	8.2123	0.2777	76.6172	76.3925
1.1570	8.2132	0.2706	76.6691	76.0990
1.1575	8.2141	0.2538	76.8269	76.1575
1.1580	8.2156	0.2418	77.1352	75.8816
1.1585	8.2147	0.2534	77.5036	76.0114
1.1590	8.2136	0.2623	76.7764	76.3258
1.1595	8.2126	0.2750	76.0570	76.2418
1.1600	8.2137	0.2662	76.3928	76.3660
1.1605	8.2147	0.2540	77.2178	76.2115
1.1610	8.2154	0.2452	77.6304	75.8099
1.1615	8.2156	0.2384	77.5462	75.9901
1.1620	8.2151	0.2486	77.6073	75.9222
1.1625	8.2140	0.2635	77.6690	76.1187
1.1630	8.2142	0.2599	77.4639	75.9607
1.1635	8.2144	0.2578	76.7559	75.7592
1.1640	8.2146	0.2557	75.4400	76.0289
1.1645	8.2153	0.2445	74.0479	75.7577
1.1650	8.2163	0.2356	72.7112	75.4718
1.1655	8.2171	0.2326	73.5996	75.5511
1.1660	8.2163	0.2380	73.8552	75.6402
1.1665	8.2153	0.2481	74.4099	76.0658
1.1670	8.2130	0.2644	75.0045	75.8025
1.1675	8.2133	0.2683	75.6166	75.8047
1.1680	8.2152	0.2517	75.9986	76.0738
1.1685	8.2150	0.2490	76.3337	76.1592
1.1690	8.2152	0.2497	76.6529	76.0281
1.1695	8.2159	0.2396	77.0339	75.9188
1.1700	8.2162	0.2402	77.1544	75.8312
1.1705	8.2160	0.2430	76.9685	76.1631
1.1710	8.2154	0.2399	75.7726	75.8550
1.1715	8.2162	0.2355	76.1176	75.9438
1.1720	8.2162	0.2307	76.7571	76.0945
1.1725	8.2167	0.2271	77.0543	75.9147
1.1730	8.2171	0.2236	77.5606	76.2128
1.1735	8.2161	0.2330	77.7882	75.9839
1.1740	8.2151	0.2446	77.8309	75.6846
1.1745	8.2134	0.2614	77.4361	75.7028
1.1750	8.2128	0.2716	77.1835	75.6830
1.1755	8.2128	0.2753	76.5226	75.9173
1.1760	8.2130	0.2729	75.2049	76.1524
1.1765	8.2140	0.2640	74.0459	75.9132
1.1770	8.2150	0.2534	72.7492	76.2415
1.1775	8.2159	0.2462	73.7321	76.1492
1.1780	8.2164	0.2338	74.1178	75.9600
1.1785	8.2162	0.2365	74.5155	76.0484
1.1790	8.2161	0.2322	75.0395	76.1250
1.1795	8.2164	0.2388	75.7906	76.2741
1.1800	8.2160	0.2311	76.2698	76.3452
1.1805	8.2167	0.2274	76.3667	76.2141
1.1810	8.2172	0.2232	76.6438	76.3604
1.1815	8.2171	0.2260	76.9732	76.0587
1.1820	8.2158	0.2396	77.4037	75.8050
1.1825	8.2141	0.2566	76.1612	76.2633
1.1830	8.2144	0.2640	75.4312	76.1908
1.1835	8.2138	0.2599	76.3521	75.9951
1.1840	8.2150	0.2522	76.9355	75.7015
1.1845	8.2155	0.2457	77.3630	75.5287
1.1850	8.2155	0.2484	77.4082	75.9825
1.1855	8.2149	0.2458	77.7569	75.5008
1.1860	8.2146	0.2505	77.7983	75.4587
1.1865	8.2146	0.2524	77.4882	75.8632
1.1870	8.2148	0.2536	76.8488	76.0083
1.1875	8.2148	0.2560	76.2818	75.9820
1.1880	8.2153	0.2529	75.3573	75.7488
1.1885	8.2154	0.2405	74.1528	75.6460
1.1890	8.2153	0.2408	72.9279	76.2331
1.1895	8.2142	0.2548	73.6917	76.0502
1.1900	8.2129	0.2673	74.2478	76.0264
1.1905	8.2136	0.2681	74.7910	76.0962
1.1910	8.2137	0.2601	75.1393	76.1093
1.1915	8.2147	0.2571	75.8184	76.0798
1.1920	8.2157	0.2437	76.2438	75.6433
1.1925	8.2160	0.2361	76.6129	75.7046
1.1930	8.2164	0.2377	76.5695	75.8256
1.1935	8.2169	0.2337	77.1848	75.8468
1.1940	8.2167	0.2326	76.0618	76.0966
1.1945	8.2171	0.2257	75.0285	75.9183
1.1950	8.2177	0.2165	75.7743	75.7442
1.1955	8.2182	0.2145	76.3075	75.8781
1.1960	8.2173	0.2269	77.0698	75.7322
1.1965	8.2148	0.2495	77.3963	75.7788
1.1970	8.2135	0.2617	77.6194	75.8555
1.1975	8.2130	0.2653	77.5888	75.9413
1.1980	8.2136	0.2662	77.6717	76.3368
1.1985	8.2139	0.2579	77.4200	76.2099
1.1990	8.2144	0.2585	76.7166	76.0438
1.1995	8.2157	0.2415	75.9248	76.1832
1.2000	8.2156	0.2402	74.5177	75.9749
1.2005	8.2153	0.2438	73.8543	75.9711
1.2010	8.2157	0.2397	73.5478	76.2149
1.2015	8.2166	0.2346	73.8647	76.0099
1.2020	8.2172	0.2230	74.5725	76.0977
1.2025	8.2177	0.2191	75.0826	76.0193
1.2030	8.2180	0.2138	75.7315	76.2983
1.2035	8.2171	0.2298	76.0743	76.4733
1.2040	8.2149	0.2425	76.5724	75.9571
1.2045	8.2132	0.2635	76.7428	75.6424
1.2050	8.2122	0.2821	77.3099	75.5167
1.2055	8.2130	0.2708	76.5880	75.6493
1.2060	8.2144	0.2596	76.4712	75.8184
1.2065	8.2149	0.2540	76.7048	75.5280
1.2070	8.2159	0.2422	75.8862	75.6983
1.2075	8.2158	0.2396	76.6477	76.1288
1.2080	8.2153	0.2435	77.0233	75.7428
1.2085	8.2154	0.2493	77.4519	75.6609
1.2090	8.2152	0.2449	77.6209	75.4995
1.2095	8.2157	0.2411	77.6413	75.7320
1.2100	8.2163	0.2353	77.4048	76.3647
1.2105	8.2168	0.2312	77.0144	76.2379
1.2110	8.2170	0.2281	76.4105	76.4151
1.2115	8.2153	0.2458	75.5495	76.3031
1.2120	8.2140	0.2575	73.1519	75.9333
1.2125	8.2128	0.2711	72.9447	75.7877
1.2130	8.2132	0.2722	73.6951	75.5919
1.2135	8.2131	0.2682	74.1753	75.5398
1.2140	8.2140	0.2599	74.6692	75.8388
1.2145	8.2158	0.2438	75.1991	76.1604
1.2150	8.2156	0.2478	75.9400	76.1819
1.2155	8.2139	0.2566	76.3234	75.9488
1.2160	8.2138	0.2582	76.6201	75.5626
1.2165	8.2141	0.2543	76.7805	75.7944
1.2170	8.2146	0.2522	77.4304	75.7676
1.2175	8.2148	0.2511	76.5307	75.6452
1.2180	8.2152	0.2520	76.6813	75.9388
1.2185	8.2143	0.2508	76.6440	76.2515
1.2190	8.2140	0.2582	76.1334	76.3280
1.2195	8.2136	0.2623	76.9776	76.1340
1.2200	8.2126	0.2786	77.1638	75.9673
1.2205	8.2123	0.2792	77.4005	76.2503
1.2210	8.2125	0.2789	77.6566	76.0522
1.2215	8.2136	0.2700	77.7253	75.8806
1.2220	8.2143	0.2579	77.3528	76.2968
1.2225	8.2145	0.2549	76.6291	76.1472
1.2230	8.2148	0.2490	76.3673	76.0202
1.2235	8.2147	0.2576	74.9840	76.0337
1.2240	8.2138	0.2556	72.7925	76.0470
1.2245	8.2144	0.2574	73.1224	76.1967
1.2250	8.2145	0.2561	73.7270	75.8275
1.2255	8.2155	0.2483	74.5154	75.4896
1.2260	8.2153	0.2420	74.8785	75.8814
1.2265	8.2145	0.2614	75.2975	75.9521
1.2270	8.2128	0.2680	75.9590	75.7041
1.2275	8.2121	0.2818	76.5695	75.5917
1.2280	8.2123	0.2773	76.8051	75.8008
1.2285	8.2128	0.2735	76.8139	76.1293
1.2290	8.2134	0.2723	77.1560	75.4360
1.2295	8.2143	0.2591	77.1154	75.4247
1.2300	8.2154	0.2478	76.8403	75.7369
1.2305	8.2163	0.2399	76.5325	76.0798
1.2310	8.2164	0.2384	76.1219	76.1644
1.2315	8.2160	0.2405	76.9657	76.0584
1.2320	8.2158	0.2414	77.3294	76.1219
1.2325	8.2153	0.2452	77.4363	76.2467
1.2330	8.2152	0.2474	77.5070	75.8127
1.2335	8.2145	0.2493	77.6475	75.7359
1.2340	8.2138	0.2587	77.1527	76.0045
1.2345	8.2131	0.2646	76.4678	76.0781
1.2350	8.2120	0.2799	75.7530	76.2119
1.2355	8.2122	0.2761	73.2412	76.0649
1.2360	8.2143	0.2552	72.8185	75.7756
1.2365	8.2145	0.2538	73.2950	75.6500
1.2370	8.2151	0.2534	73.7881	75.3675
1.2375	8.2141	0.2558	74.5568	75.6286
1.2380	8.2135	0.2676	75.1720	75.9431
1.2385	8.2132	0.2658	75.5647	76.0069
1.2390	8.2132	0.2659	75.9939	76.3201
1.2395	8.2138	0.2605	76.5342	76.2541
1.2400	8.2147	0.2469	76.9148	76.1222
1.2405	8.2153	0.2440	77.0211	76.0765
1.2410	8.2151	0.2464	77.1559	75.8522
1.2415	8.2138	0.2641	77.2921	76.0957
1.2420	8.2123	0.2762	76.6466	76.3196
1.2425	8.2125	0.2794	76.3312	76.1682
1.2430	8.2139	0.2641	76.6111	76.3683
1.2435	8.2154	0.2393	77.1322	75.9862
1.2440	8.2162	0.2345	77.6882	75.7597
1.2445	8.2164	0.2298	77.7388	75.8839
1.2450	8.2150	0.2426	77.7645	75.8814
1.2455	8.2145	0.2538	77.5882	76.0781
1.2460	8.2146	0.2549	77.3626	75.8746
1.2465	8.2144	0.2530	76.5510	75.7787
1.2470	8.2148	0.2532	75.2871	76.0555
1.2475	8.2153	0.2443	73.5458	75.5894
1.2480	8.2157	0.2366	72.8325	75.4801
1.2485	8.2154	0.2351	73.7652	75.4515
1.2490	8.2156	0.2469	73.9800	75.6014
1.2495	8.2138	0.2633	74.6398	75.9323
1.2500	8.2126	0.2776	75.1608	75.6604
1.2505	8.2123	0.2753	75.7887	75.8278
1.2510	8.2141	0.2635	76.1345	76.2391
1.2515	8.2144	0.2580	76.4484	76.1262
1.2520	8.2147	0.2518	76.8250	76.0461
1.2525	8.2154	0.2495	77.0669	75.7987
1.2530	8.2150	0.2485	77.2315	75.9032
1.2535	8.2142	0.2518	76.8010	76.0999
1.2540	8.2147	0.2523	75.7394	75.7410
1.2545	8.2146	0.2540	76.3513	75.9893
1.2550	8.2150	0.2548	76.8530	76.0762
1.2555	8.2150	0.2475	77.2136	75.9591
1.2560	8.2164	0.2346	77.6696	76.1950
1.2565	8.2153	0.2446	77.8098	75.8022
1.2570	8.2144	0.2546	77.8646	75.6473
1.2575	8.2133	0.2653	77.4125	75.6594
1.2580	8.2133	0.2723	77.1786	75.6970
1.2585	8.2133	0.2686	76.0955	76.0421
1.2590	8.2136	0.2699	75.0977	76.0877
1.2595	8.2146	0.2505	73.7351	75.8565
1.2600	8.2153	0.2448	72.8457	76.2191
1.2605	8.2169	0.2309	73.8780	75.9941
1.2610	8.2173	0.2264	74.1763	75.9240
1.2615	8.2162	0.2308	74.8636	76.0264
1.2620	8.2163	0.2331	75.3132	76.1441
1.2625	8.2155	0.2392	75.8945	76.2570
1.2630	8.2161	0.2325	76.2233	76.3081
1.2635	8.2168	0.2340	76.5559	76.1888
1.2640	8.2166	0.2333	76.8868	76.3377
1.2645	8.2166	0.2363	77.1538	75.8719
1.2650	8.2146	0.2521	77.2111	75.8309
1.2655	8.2137	0.2661	75.8509	76.2682
1.2660	8.2137	0.2672	75.7919	76.0648
1.2665	8.2137	0.2611	76.5224	75.9637
1.2670	8.2142	0.2548	76.9586	75.5548
1.2675	8.2155	0.2440	77.4269	75.5720
1.2680	8.2147	0.2478	77.7352	75.9163
1.2685	8.2144	0.2544	77.8779	75.3512
1.2690	8.2145	0.2501	77.7262	75.5211
1.2695	8.2150	0.2511	77.2949	75.8712
1.2700	8.2156	0.2493	76.8629	75.9663
1.2705	8.2157	0.2419	76.2122	75.8842
1.2710	8.2157	0.2406	75.0515	75.6245
1.2715	8.2157	0.2447	73.7741	75.6793
1.2720	8.2153	0.2413	73.0884	76.2056
1.2725	8.2145	0.2559	74.0100	75.9344
1.2730	8.2133	0.2558	74.3265	76.0399
1.2735	8.2142	0.2555	74.8442	76.0857
1.2740	8.2150	0.2485	75.3509	76.0918
1.2745	8.2161	0.2467	76.1059	75.9424
1.2750	8.2156	0.2360	76.3123	75.5626
1.2755	8.2166	0.2369	76.5084	75.7028
1.2760	8.2175	0.2295	76.7376	75.7631
1.2765	8.2170	0.2230	77.3707	75.8357
1.2770	8.2173	0.2263	75.4953	76.0687
1.2775	8.2173	0.2190	75.0652	75.8299
1.2780	8.2186	0.2149	75.9807	75.7395
1.2785	8.2182	0.2149	76.6703	75.8423
1.2790	8.2159	0.2295	77.2126	75.6737
1.2795	8.2149	0.2525	77.3349	75.7890
1.2800	8.2135	0.2692	77.6500	75.8012
1.2805	8.2126	0.2715	77.8236	76.0027
1.2810	8.2133	0.2658	77.7131	76.3039
1.2815	8.2137	0.2649	77.0518	76.1010
1.2820	8.2146	0.2530	76.5146	76.0320
1.2825	8.2152	0.2496	75.8238	76.1418
1.2830	8.2150	0.2440	74.3718	75.8443
1.2835	8.2146	0.2523	73.6426	76.0078
1.2840	8.2148	0.2516	73.4332	76.1671
1.2845	8.2149	0.2520	74.2601	76.0011
1.2850	8.2157	0.2422	74.8326	76.0814
1.2855	8.2155	0.2403	75.1611	76.0179
1.2860	8.2155	0.2446	75.7347	76.3303
1.2865	8.2143	0.2566	76.3769	76.3455
1.2870	8.2128	0.2724	76.8116	75.8157
1.2875	8.2113	0.2826	76.7980	75.5643
1.2880	8.2102	0.3012	77.1359	75.4483
1.2885	8.2110	0.2918	76.5947	75.6672
1.2890	8.2115	0.2840	76.9449	75.7547
1.2895	8.2123	0.2819	76.4569	75.4958
1.2900	8.2125	0.2747	75.8444	75.8989
1.2905	8.2123	0.2823	76.8061	76.1070
1.2910	8.2123	0.2767	77.3032	75.7079
1.2915	8.2128	0.2756	77.5714	75.7042
1.2920	8.2129	0.2658	77.5283	75.4785
1.2925	8.2142	0.2564	77.5231	75.8510
1.2930	8.2154	0.2495	77.4734	76.2900
1.2935	8.2162	0.2382	76.8844	76.1670
1.2940	8.2158	0.2413	76.2220	76.4269
1.2945	8.2140	0.2585	74.8527	76.1957
1.2950	8.2127	0.2746	72.8708	75.9070
1.2955	8.2126	0.2742	73.2992	75.8120
1.2960	8.2130	0.2729	73.6965	75.6225
1.2965	8.2130	0.2688	74.2104	75.6268
1.2970	8.2146	0.2614	74.8675	75.9517
1.2975	8.2154	0.2405	75.5519	76.1767
1.2980	8.2152	0.2447	75.9234	76.1142
1.2985	8.2142	0.2591	76.2667	75.7969
1.2990	8.2142	0.2628	76.7238	75.5067
1.2995	8.2145	0.2601	77.1408	75.7851
1.3000	8.2139	0.2552	77.2077	75.7017
1.3005	8.2146	0.2565	76.1286	75.6989
1.3010	8.2149	0.2540	76.9231	76.0589
1.3015	8.2142	0.2526	76.5375	76.3609
1.3020	8.2143	0.2561	76.3161	76.3515
1.3025	8.2140	0.2576	76.7979	76.1248
1.3030	8.2130	0.2756	77.1866	75.9851
1.3035	8.2130	0.2716	77.6962	76.2253
1.3040	8.2133	0.2664	77.7801	75.9317
1.3045	8.2144	0.2550	77.4358	75.9571
1.3050	8.2153	0.2458	77.1072	76.3144
1.3055	8.2155	0.2419	76.6617	76.1140
1.3060	8.2156	0.2419	76.3162	76.0866
1.3065	8.2154	0.2461	74.0582	76.0903
1.3070	8.2152	0.2426	72.5980	76.1718
1.3075	8.2160	0.2410	73.4503	76.2292
1.3080	8.2162	0.2381	74.0842	75.7324
1.3085	8.2166	0.2269	74.5272	75.5185
1.3090	8.2163	0.2295	74.7665	75.9496
1.3095	8.2153	0.2449	75.5878	75.8354
1.3100	8.2137	0.2595	76.3072	75.6742
1.3105	8.2130	0.2717	76.5403	75.5388
1.3110	8.2129	0.2720	76.6219	75.9650
1.3115	8.2135	0.2669	76.9553	76.0947
1.3120	8.2140	0.2629	77.4686	75.4307
1.3125	8.2147	0.2537	76.9466	75.5634
1.3130	8.2152	0.2421	76.5618	75.8876
1.3135	8.2157	0.2372	76.2909	76.1459
1.3140	8.2152	0.2481	76.4568	76.1284
1.3145	8.2156	0.2487	77.2258	76.0241
1.3150	8.2149	0.2511	77.1720	76.1518
1.3155	8.2144	0.2540	77.3747	76.1813
1.3160	8.2144	0.2561	77.6230	75.7349
1.3165	8.2143	0.2518	77.6776	75.8161
1.3170	8.2140	0.2608	76.7732	75.9789
1.3175	8.2132	0.2668	76.3232	76.0338
1.3180	8.2119	0.2846	75.2223	76.3148
1.3185	8.2121	0.2756	72.9059	76.0140
1.3190	8.2130	0.2696	72.8736	75.8587
1.3195	8.2142	0.2600	73.2337	75.6298
1.3200	8.2146	0.2553	74.1094	75.4286
1.3205	8.2136	0.2633	74.7995	75.7271
1.3210	8.2123	0.2754	75.1535	75.9539
1.3215	8.2124	0.2774	75.4790	76.0694
1.3220	8.2124	0.2779	76.2266	76.4512
1.3225	8.2133	0.2691	76.7718	76.2465
1.3230	8.2139	0.2606	76.8978	76.2268
1.3235	8.2148	0.2555	76.8284	76.0686
1.3240	8.2144	0.2536	77.2347	75.9084
1.3245	8.2134	0.2635	77.2738	76.1772
1.3250	8.2120	0.2758	76.5097	76.3073
1.3255	8.2123	0.2792	76.1359	76.1850
1.3260	8.2137	0.2655	76.6376	76.3831
1.3265	8.2150	0.2517	77.5087	75.8896
1.3270	8.2152	0.2462	77.7317	75.8960
1.3275	8.2152	0.2455	77.4173	75.9482
1.3280	8.2141	0.2577	77.6772	76.0311
1.3285	8.2144	0.2592	77.7151	76.1411
1.3290	8.2146	0.2522	77.3989	75.8649
1.3295	8.2143	0.2517	75.9405	75.8575
1.3300	8.2147	0.2493	74.7084	76.0369
1.3305	8.2156	0.2405	73.3006	75.4504
1.3310	8.2163	0.2325	73.2115	75.5223
1.3315	8.2171	0.2313	73.7335	75.4257
1.3320	8.2160	0.2420	73.8585	75.8447
1.3325	8.2141	0.2609	74.7310	76.0171
1.3330	8.2126	0.2724	75.4497	75.7812
1.3335	8.2142	0.2616	75.9139	76.0131
1.3340	8.2156	0.2419	76.0366	76.2057
1.3345	8.2155	0.2434	76.4018	76.1120
1.3350	8.2163	0.2431	77.0075	75.9890
1.3355	8.2155	0.2441	77.1243	75.7612
1.3360	8.2148	0.2534	77.1096	75.9870
1.3365	8.2145	0.2472	76.3263	76.0706
1.3370	8.2148	0.2520	75.8181	75.8027
1.3375	8.2157	0.2416	76.6075	76.1642
1.3380	8.2162	0.2397	76.8045	76.0530
1.3385	8.2166	0.2324	77.1434	76.0893
1.3390	8.2171	0.2290	77.7538	76.2095
1.3395	8.2155	0.2419	77.9642	75.7602
1.3400	8.2142	0.2586	77.6898	75.6773
1.3405	8.2127	0.2647	77.1513	75.7019
1.3410	8.2127	0.2790	77.0432	75.7905
1.3415	8.2128	0.2719	75.8903	76.1368
1.3420	8.2138	0.2685	74.7709	75.9978
1.3425	8.2149	0.2529	73.0467	75.9516
1.3430	8.2153	0.2444	73.0786	76.3334
1.3435	8.2167	0.2335	74.1727	76.0270
1.3440	8.2165	0.2332	74.2728	76.0211
1.3445	8.2168	0.2290	74.7119	76.0890
1.3450	8.2164	0.2288	75.3029	76.1689
1.3455	8.2166	0.2319	76.2116	76.3325
1.3460	8.2172	0.2252	76.3745	76.2827
1.3465	8.2171	0.2247	76.3779	76.2263
1.3470	8.2171	0.2333	76.7433	76.3218
1.3475	8.2161	0.2378	77.3800	75.8239
1.3480	8.2144	0.2539	77.1185	76.0530
1.3485	8.2137	0.2656	75.3867	76.3483
1.3490	8.2136	0.2672	75.7219	76.0923
1.3495	8.2143	0.2611	76.7910	75.9976
1.3500	8.2142	0.2522	77.2560	75.5350
1.3505	8.2147	0.2541	77.2055	75.7547
1.3510	8.2145	0.2544	77.5077	75.8183
1.3515	8.2144	0.2568	77.9142	75.3227
1.3520	8.2142	0.2539	77.9685	75.6329
1.3525	8.2145	0.2581	77.0401	75.9548
1.3530	8.2145	0.2587	76.3749	76.0114
1.3535	8.2141	0.2585	75.9390	75.9386
1.3540	8.2146	0.2528	75.0278	75.6430
1.3545	8.2153	0.2469	73.3958	75.9541
1.3550	8.2147	0.2506	72.9755	76.2778
1.3555	8.2137	0.2620	74.0247	75.9423
1.3560	8.2129	0.2682	74.6399	76.1021
1.3565	8.2135	0.2648	74.9715	76.0347
1.3570	8.2136	0.2652	75.2261	76.1326
1.3575	8.2144	0.2525	76.0325	75.8406
1.3580	8.2152	0.2432	76.5743	75.6019
1.3585	8.2160	0.2372	76.6608	75.8367
1.3590	8.2164	0.2349	76.6622	75.8110
1.3595	8.2162	0.2368	76.9326	75.9989
1.3600	8.2172	0.2367	75.3195	76.0999
1.3605	8.2166	0.2300	75.4525	75.7998
1.3610	8.2171	0.2236	75.8972	75.8187
1.3615	8.2172	0.2285	76.5652	75.8343
1.3620	8.2158	0.2392	77.3789	75.6720
1.3625	8.2143	0.2616	77.6326	75.8192
1.3630	8.2128	0.2688	77.5034	75.8091
1.3635	8.2134	0.2713	77.5292	76.1464
1.3640	8.2129	0.2746	77.6827	76.3313
1.3645	8.2125	0.2745	77.1785	76.1074
1.3650	8.2137	0.2683	76.3403	76.1600
1.3655	8.2142	0.2537	75.1490	76.2191
1.3660	8.2144	0.2568	74.1647	75.9225
1.3665	8.2145	0.2528	73.8727	76.1954
1.3670	8.2153	0.2494	73.5097	76.1067
1.3675	8.2155	0.2467	74.0955	76.0285
1.3680	8.2163	0.2359	74.8133	76.0380
1.3685	8.2176	0.2206	75.6247	76.0527
1.3690	8.2167	0.2231	75.8841	76.4371
1.3695	8.2146	0.2451	76.1254	76.2762
1.3700	8.2139	0.2592	76.6834	75.7725
1.3705	8.2119	0.2793	77.2135	75.6246
1.3710	8.2118	0.2837	77.2478	75.5415
1.3715	8.2126	0.2711	76.1621	75.8142
1.3720	8.2133	0.2685	76.7627	75.7110
1.3725	8.2145	0.2556	76.4223	75.5513
1.3730	8.2145	0.2511	76.3050	76.0649
1.3735	8.2148	0.2543	76.7297	76.0223
1.3740	8.2144	0.2605	77.0786	75.6254
1.3745	8.2140	0.2587	77.6796	75.6308
1.3750	8.2143	0.2554	77.7938	75.4749
1.3755	8.2146	0.2531	77.4348	76.1216
1.3760	8.2155	0.2481	77.0978	76.3295
1.3765	8.2158	0.2369	76.7544	76.3278
1.3770	8.2156	0.2442	76.3820	76.5215
1.3775	8.2145	0.2619	74.2953	76.1429
1.3780	8.2130	0.2725	72.4963	75.8834
1.3785	8.2124	0.2827	73.4300	75.7385
1.3790	8.2119	0.2818	74.0271	75.5166
1.3795	8.2123	0.2770	74.4125	75.6490
1.3800	8.2140	0.2617	74.6581	75.9899
1.3805	8.2143	0.2581	75.5753	76.2126
1.3810	8.2144	0.2552	76.3015	76.1492
1.3815	8.2134	0.2642	76.5127	75.7443
1.3820	8.2138	0.2690	76.4077	75.6541
1.3825	8.2141	0.2652	77.1184	75.8852
1.3830	8.2137	0.2621	77.2856	75.6390
1.3835	8.2143	0.2609	76.3447	75.7597
1.3840	8.2144	0.2589	76.8140	76.1145
1.3845	8.2134	0.2633	76.1286	76.3186
1.3850	8.2138	0.2657	76.6635	76.2830
1.3855	8.2126	0.2682	77.1843	76.0045
1.3860	8.2117	0.2866	77.0874	76.1229
1.3865	8.2126	0.2741	77.4093	76.2617
1.3870	8.2126	0.2761	77.8927	75.9033
1.3875	8.2138	0.2590	77.7133	76.1133
1.3880	8.2138	0.2606	76.9407	76.3266
1.3885	8.2140	0.2574	76.1752	76.0200
1.3890	8.2143	0.2597	76.1126	76.0404
1.3895	8.2133	0.2611	73.9206	76.0466
1.3900	8.2133	0.2662	72.6697	76.1935
1.3905	8.2134	0.2632	73.1934	76.1020
1.3910	8.2140	0.2614	74.1300	75.6130
1.3915	8.2152	0.2556	74.9683	75.6306
1.3920	8.2138	0.2618	75.0432	76.0387
1.3925	8.2132	0.2676	75.3549	75.8206
1.3930	8.2115	0.2821	76.2909	75.6960
1.3935	8.2117	0.2848	76.9590	75.5652
1.3940	8.2118	0.2859	76.7684	76.0932
1.3945	8.2121	0.2741	76.7188	75.8214
1.3950	8.2127	0.2717	77.2217	75.3077
1.3955	8.2134	0.2694	77.2364	75.5946
1.3960	8.2146	0.2567	76.8771	75.9785
1.3965	8.2145	0.2564	75.8816	76.2061
1.3970	8.2145	0.2528	76.3072	76.1771
1.3975	8.2146	0.2571	77.5294	76.0574
1.3980	8.2149	0.2543	77.5660	76.2644
1.3985	8.2148	0.2552	77.2616	76.0695
1.3990	8.2148	0.2620	77.2649	75.7145
1.3995	8.2138	0.2617	77.7701	75.8773
1.4000	8.2136	0.2668	77.0418	76.0057
1.4005	8.2120	0.2779	76.2478	76.0975
1.4010	8.2113	0.2850	74.3127	76.2436
1.4015	8.2132	0.2717	72.6816	75.8826
1.4020	8.2137	0.2637	73.3916	75.8054
1.4025	8.2139	0.2611	73.5187	75.5064
1.4030	8.2138	0.2614	73.9835	75.5070
1.4035	8.2134	0.2684	74.8097	75.8397
1.4040	8.2123	0.2794	75.5913	75.9471
1.4045	8.2129	0.2738	75.7495	76.1157
1.4050	8.2136	0.2707	76.1180	76.4004
1.4055	8.2138	0.2611	76.6928	76.1601
1.4060	8.2151	0.2508	77.2522	76.1666
1.4065	8.2149	0.2490	77.0766	75.9365
1.4070	8.2144	0.2545	77.0150	75.9701
1.4075	8.2128	0.2666	76.9785	76.2729
1.4080	8.2120	0.2764	76.7326	76.2580
1.4085	8.2133	0.2716	76.4641	76.2492
1.4090	8.2151	0.2473	76.5348	76.2791
1.4095	8.2159	0.2399	77.2956	75.7550
1.4100	8.2163	0.2351	78.0917	75.9027
1.4105	8.2158	0.2385	77.8786	75.8653
1.4110	8.2148	0.2496	77.4497	76.0279
1.4115	8.2136	0.2599	77.3237	76.0652
1.4120	8.2137	0.2624	77.3955	75.7899
1.4125	8.2141	0.2610	76.1027	75.9469
1.4130	8.2144	0.2587	74.4251	75.9215
1.4135	8.2152	0.2463	72.6772	75.4152
1.4140	8.2163	0.2341	73.4727	75.5285
1.4145	8.2163	0.2349	74.1503	75.4625
1.4150	8.2151	0.2457	74.1238	75.9154
1.4155	8.2137	0.2664	74.6295	75.8206
1.4160	8.2121	0.2768	75.5730	75.6675
1.4165	8.2135	0.2707	76.2666	76.0188
1.4170	8.2136	0.2589	76.2701	76.2440
1.4175	8.2145	0.2511	76.3185	76.0728
1.4180	8.2150	0.2545	77.0226	75.9897
1.4185	8.2143	0.2537	77.4371	75.7728
1.4190	8.2142	0.2648	77.2572	76.0977
1.4195	8.2140	0.2648	75.8263	75.9319
1.4200	8.2139	0.2607	75.8295	75.7929
1.4205	8.2137	0.2597	76.9882	76.0579
1.4210	8.2142	0.2601	77.1463	75.8798
1.4215	8.2149	0.2445	77.1975	76.1082
1.4220	8.2152	0.2473	77.6029	76.0628
1.4225	8.2140	0.2576	78.1258	75.6677
1.4230	8.2134	0.2620	77.8538	75.6895
1.4235	8.2128	0.2694	77.0610	75.6899
1.4240	8.2129	0.2704	76.6762	75.8332
1.4245	8.2128	0.2676	75.7417	76.1565
1.4250	8.2135	0.2631	74.7794	75.9181
1.4255	8.2151	0.2519	72.7171	76.0303
1.4260	8.2158	0.2452	73.1798	76.2127
1.4265	8.2165	0.2308	74.2507	75.9292
1.4270	8.2159	0.2388	74.7287	76.0187
1.4275	8.2155	0.2390	74.9386	76.0954
1.4280	8.2158	0.2440	75.2883	76.2206
1.4285	8.2162	0.2376	76.2220	76.4577
1.4290	8.2166	0.2350	76.7746	76.2506
1.4295	8.2168	0.2299	76.7568	76.2640
1.4300	8.2172	0.2295	76.5581	76.1679
1.4305	8.2162	0.2290	77.2840	75.6901
1.4310	8.2142	0.2579	77.0243	76.0916
1.4315	8.2144	0.2626	75.5980	76.2063
1.4320	8.2143	0.2590	75.8979	75.9531
1.4325	8.2146	0.2527	76.5856	75.8027
1.4330	8.2153	0.2454	77.5925	75.4467
1.4335	8.2155	0.2506	77.7337	75.8854
1.4340	8.2149	0.2488	77.5147	75.6713
1.4345	8.2147	0.2511	77.5445	75.3252
1.4350	8.2147	0.2491	77.9467	75.7086
1.4355	8.2150	0.2474	77.3587	75.9100
1.4360	8.2151	0.2508	76.3847	75.9368
1.4365	8.2157	0.2486	75.2916	75.8111
1.4370	8.2152	0.2449	74.7570	75.5240
1.4375	8.2161	0.2384	73.6030	76.0116
1.4380	8.2149	0.2463	73.3268	76.1492
1.4385	8.2136	0.2577	73.8664	75.9233
1.4390	8.2140	0.2641	74.7018	76.1482
1.4395	8.2143	0.2579	75.4312	76.0895
1.4400	8.2146	0.2526	75.6739	76.1352
1.4405	8.2155	0.2409	75.8545	75.7422
1.4410	8.2163	0.2334	76.5457	75.5717
1.4415	8.2171	0.2301	76.9087	75.7516
1.4420	8.2165	0.2259	77.1574	75.7396
1.4425	8.2173	0.2242	76.3241	75.9894
1.4430	8.2171	0.2253	74.8875	75.9952
1.4435	8.2175	0.2214	75.9536	75.7336
1.4440	8.2178	0.2172	76.3358	75.8612
1.4445	8.2163	0.2278	76.6862	75.8056
1.4450	8.2150	0.2481	77.1453	75.7061
1.4455	8.2136	0.2632	77.7898	75.8340
1.4460	8.2125	0.2708	77.9049	75.8067
1.4465	8.2129	0.2707	77.5707	76.1832
1.4470	8.2132	0.2713	77.3114	76.2045
1.4475	8.2134	0.2648	77.0484	75.9845
1.4480	8.2143	0.2552	76.5071	76.1315
1.4485	8.2143	0.2594	74.8513	76.1094
1.4490	8.2149	0.2528	73.7103	75.9028
1.4495	8.2146	0.2495	73.7092	76.2484
1.4500	8.2163	0.2440	74.0350	76.0589
1.4505	8.2162	0.2326	74.4829	76.0703
1.4510	8.2166	0.2300	74.6894	76.0009
1.4515	8.2167	0.2298	75.6185	76.1010
1.4520	8.2160	0.2370	76.3140	76.4198
1.4525	8.2143	0.2596	76.6031	76.0644
1.4530	8.2123	0.2764	76.4601	75.6463
1.4535	8.2107	0.2902	77.1432	75.5507
1.4540	8.2108	0.2925	77.1978	75.5751
1.4545	8.2117	0.2847	76.4505	75.8558
1.4550	8.2117	0.2792	76.6856	75.6395
1.4555	8.2127	0.2742	75.8549	75.6411
1.4560	8.2130	0.2723	76.6889	76.1053
1.4565	8.2128	0.2704	77.1587	75.8753
1.4570	8.2126	0.2738	77.1790	75.6225
1.4575	8.2134	0.2670	77.4205	75.5269
1.4580	8.2140	0.2599	77.8869	75.4958
1.4585	8.2149	0.2507	77.7006	76.1902
1.4590	8.2160	0.2381	77.0282	76.2243
1.4595	8.2159	0.2343	76.2947	76.3266
1.4600	8.2153	0.2480	76.0670	76.4560
1.4605	8.2138	0.2615	73.9317	76.0644
1.4610	8.2130	0.2681	72.6986	75.8705
1.4615	8.2135	0.2681	73.3653	75.6780
1.4620	8.2137	0.2631	74.1162	75.5419
1.4625	8.2138	0.2599	74.8622	75.7139
1.4630	8.2155	0.2481	74.9900	76.0466
1.4635	8.2158	0.2418	75.5375	76.1435
1.4640	8.2141	0.2570	76.2343	76.0162
1.4645	8.2138	0.2594	76.8684	75.6224
1.4650	8.2140	0.2587	76.7073	75.6981
1.4655	8.2143	0.2629	77.1412	75.8379
1.4660	8.2134	0.2602	76.7484	75.6928
1.4665	8.2140	0.2602	76.7470	75.8882
1.4670	8.2132	0.2676	77.0157	76.2448
1.4675	8.2140	0.2677	75.8556	76.3518
1.4680	8.2140	0.2586	76.6817	76.1857
1.4685	8.2123	0.2731	77.3230	75.9403
1.4690	8.2117	0.2783	77.5285	76.0860
1.4695	8.2123	0.2782	77.4721	76.1399
1.4700	8.2131	0.2709	77.6218	75.8409
1.4705	8.2140	0.2579	77.6322	76.2077
1.4710	8.2145	0.2563	76.9584	76.3093
1.4715	8.2145	0.2569	76.2190	76.0840
1.4720	8.2145	0.2527	75.3623	76.1421
1.4725	8.2138	0.2654	73.2293	76.1050
1.4730	8.2135	0.2649	73.1766	76.2364
1.4735	8.2135	0.2617	73.4651	76.0042
1.4740	8.2138	0.2646	74.1267	75.5479
1.4745	8.2140	0.2587	74.8879	75.6848
1.4750	8.2133	0.2667	75.3841	75.9819
1.4755	8.2120	0.2755	75.7965	75.7333
1.4760	8.2113	0.2850	76.2306	75.6663
1.4765	8.2109	0.2937	76.7435	75.6768
1.4770	8.2116	0.2888	77.0232	76.2248
1.4775	8.2113	0.2919	77.1269	75.7065
1.4780	8.2111	0.2879	77.0259	75.4495
1.4785	8.2124	0.2759	76.7958	75.6901
1.4790	8.2132	0.2727	76.7917	76.0597
1.4795	8.2130	0.2660	76.1891	76.1481
1.4800	8.2128	0.2688	76.6036	76.0921
1.4805	8.2128	0.2721	77.2444	76.0540
1.4810	8.2126	0.2733	77.5659	76.2594
1.4815	8.2129	0.2739	77.5574	75.9725
1.4820	8.2134	0.2697	77.3813	75.7459
1.4825	8.2131	0.2660	77.2720	75.9616
1.4830	8.2130	0.2705	76.7528	75.9994
1.4835	8.2119	0.2852	76.1999	76.1858
1.4840	8.2117	0.2835	73.5795	76.2178
1.4845	8.2129	0.2764	72.5413	75.8710
1.4850	8.2130	0.2682	73.4067	75.8014
1.4855	8.2139	0.2625	73.7458	75.5021
1.4860	8.2144	0.2561	74.2520	75.6200
1.4865	8.2125	0.2712	74.8293	75.9057
1.4870	8.2117	0.2838	75.5864	75.9779
1.4875	8.2118	0.2829	76.0628	76.2737
1.4880	8.2121	0.2787	76.3569	76.4105
1.4885	8.2128	0.2690	76.6168	76.1951
1.4890	8.2138	0.2611	77.0690	76.1972
1.4895	8.2142	0.2615	77.2371	75.9194
1.4900	8.2131	0.2648	77.2917	76.0512
1.4905	8.2124	0.2783	76.6472	76.3135
1.4910	8.2121	0.2821	76.3538	76.2246
1.4915	8.2128	0.2741	76.6626	76.3315
1.4920	8.2158	0.2471	76.9810	76.1951
1.4925	8.2163	0.2376	77.3748	75.7785
1.4930	8.2159	0.2376	77.6678	75.9661
1.4935	8.2153	0.2468	77.9545	75.9295
1.4940	8.2142	0.2620	77.7732	76.1307
1.4945	8.2135	0.2617	77.1727	76.0308
1.4950	8.2136	0.2655	76.6611	75.7914
1.4955	8.2137	0.2617	75.7334	76.0600
1.4960	8.2147	0.2541	74.2395	75.8319
1.4965	8.2147	0.2448	72.5718	75.4628
1.4970	8.2166	0.2365	73.3822	75.5526
1.4975	8.2161	0.2372	73.9472	75.5425
1.4980	8.2143	0.2523	74.6173	76.0290
1.4985	8.2132	0.2660	74.9423	75.7765
1.4990	8.2133	0.2685	75.4714	75.8153
1.4995	8.2148	0.2478	76.0588	76.0807
1.5000	8.2153	0.2455	76.4940	76.1998
1.5005	8.2152	0.2431	76.6609	76.0872
1.5010	8.2158	0.2492	76.8420	75.9587
1.5015	8.2148	0.2497	77.1180	75.8881
1.5020	8.2141	0.2587	77.1774	76.1813
1.5025	8.2141	0.2523	75.8696	75.8786
1.5030	8.2144	0.2540	75.9533	75.9168
1.5035	8.2152	0.2505	76.7118	76.1122
1.5040	8.2146	0.2498	77.2110	75.9505
1.5045	8.2154	0.2446	77.5968	76.2239
1.5050	8.2148	0.2496	77.6766	75.9942
1.5055	8.2139	0.2549	77.8082	75.7093
1.5060	8.2130	0.2681	77.5820	75.7422
1.5065	8.2120	0.2767	77.2847	75.7542
1.5070	8.2122	0.2794	76.3994	75.9775
1.5075	8.2122	0.2803	75.1520	76.2132
1.5080	8.2128	0.2728	74.1895	75.9090
1.5085	8.2137	0.2605	72.8134	76.2036
1.5090	8.2147	0.2507	73.6349	76.1797
1.5095	8.2159	0.2443	74.0330	75.9619
1.5100	8.2155	0.2465	74.6687	76.0688
1.5105	8.2155	0.2419	75.1958	76.1299
1.5110	8.2153	0.2431	75.6863	76.2646
1.5115	8.2148	0.2493	76.1378	76.4750
1.5120	8.2146	0.2490	76.4710	76.2363
1.5125	8.2145	0.2550	76.8216	76.3830
1.5130	8.2150	0.2473	76.9904	76.0651
1.5135	8.2141	0.2587	77.2785	75.8012
1.5140	8.2123	0.2772	76.1935	76.2872
1.5145	8.2125	0.2753	75.5856	76.2122
1.5150	8.2129	0.2745	76.3561	76.0383
1.5155	8.2131	0.2688	76.8198	75.7574
1.5160	8.2134	0.2639	77.3210	75.5604
1.5165	8.2134	0.2669	77.5481	76.0180
1.5170	8.2132	0.2648	77.8784	75.5493
1.5175	8.2129	0.2727	77.7042	75.4780
1.5180	8.2130	0.2667	77.4536	75.8917
1.5185	8.2128	0.2748	76.9361	76.0467
1.5190	8.2129	0.2697	76.3607	75.9793
1.5195	8.2133	0.2698	75.3274	75.8356
1.5200	8.2140	0.2604	74.1465	75.6470
1.5205	8.2147	0.2529	72.9943	76.2480
1.5210	8.2141	0.2586	73.7753	76.1014
1.5215	8.2128	0.2683	74.2854	76.0564
1.5220	8.2128	0.2697	74.7263	76.2043
1.5225	8.2134	0.2667	75.0843	76.1353
1.5230	8.2142	0.2587	75.8673	76.1128
1.5235	8.2147	0.2543	76.3915	75.7030
1.5240	8.2140	0.2558	76.5652	75.7198
1.5245	8.2153	0.2483	76.4546	75.8480
1.5250	8.2146	0.2512	77.2425	75.8585
1.5255	8.2146	0.2527	76.1950	76.1231
1.5260	8.2156	0.2486	74.9921	75.9944
1.5265	8.2157	0.2442	75.6465	75.7836
1.5270	8.2160	0.2370	76.2955	75.9210
1.5275	8.2147	0.2429	77.2283	75.7372
1.5280	8.2134	0.2615	77.4255	75.7592
1.5285	8.2124	0.2730	77.4562	75.8267
1.5290	8.2119	0.2777	77.5408	75.9380
1.5295	8.2121	0.2829	77.8596	76.3154
1.5300	8.2117	0.2860	77.4643	76.2271
1.5305	8.2121	0.2798	76.5558	76.0859
1.5310	8.2132	0.2732	75.8928	76.2925
1.5315	8.2135	0.2687	74.6955	76.1046
1.5320	8.2130	0.2704	73.9548	76.0861
1.5325	8.2130	0.2655	73.4185	76.2936
1.5330	8.2134	0.2651	73.7465	76.0428
1.5335	8.2139	0.2626	74.7165	76.1218
1.5340	8.2142	0.2516	75.2589	76.0127
1.5345	8.2150	0.2502	75.6172	76.2985
1.5350	8.2135	0.2612	75.9251	76.4926
1.5355	8.2124	0.2778	76.6962	75.9906
1.5360	8.2117	0.2843	76.9543	75.6785
1.5365	8.2106	0.2970	77.2713	75.5646
1.5370	8.2114	0.2946	76.3943	75.6939
1.5375	8.2111	0.2908	76.5409	75.8767
1.5380	8.2118	0.2876	76.8993	75.5988
1.5385	8.2117	0.2867	75.8907	75.8592
1.5390	8.2117	0.2829	76.4504	76.2392
1.5395	8.2112	0.2832	76.9607	75.8206
1.5400	8.2107	0.2914	77.7178	75.7082
1.5405	8.2113	0.2919	77.7297	75.5636
1.5410	8.2120	0.2868	77.4004	75.7785
1.5415	8.2118	0.2776	77.3146	76.3660
1.5420	8.2130	0.2667	77.2245	76.2553
1.5425	8.2129	0.2665	76.5003	76.4769
1.5430	8.2122	0.2740	75.3972	76.3842
1.5435	8.2109	0.2882	73.0583	75.9759
1.5440	8.2110	0.2924	73.0989	75.8767
1.5445	8.2105	0.2934	73.8219	75.6559
1.5450	8.2105	0.2941	74.0323	75.6103
1.5455	8.2115	0.2927	74.5331	75.8765
1.5460	8.2125	0.2728	75.3350	76.1957
1.5465	8.2127	0.2714	76.0735	76.2660
1.5470	8.2118	0.2804	76.1819	76.0003
1.5475	8.2116	0.2834	76.4716	75.6048
1.5480	8.2119	0.2788	76.8959	75.8478
1.5485	8.2125	0.2809	77.5787	75.7957
1.5490	8.2123	0.2759	76.3855	75.6619
1.5495	8.2124	0.2788	76.5000	76.0025
1.5500	8.2128	0.2774	76.7105	76.3019
1.5505	8.2127	0.2765	76.3228	76.3948
1.5510	8.2125	0.2736	76.8675	76.1939
1.5515	8.2112	0.2850	76.9395	76.0314
1.5520	8.2114	0.2918	77.4549	76.2999
1.5525	8.2122	0.2835	77.9115	76.0875
1.5530	8.2124	0.2722	77.7150	75.9768
1.5535	8.2132	0.2691	77.0938	76.3268
1.5540	8.2135	0.2665	76.6028	76.1983
1.5545	8.2136	0.2644	76.5919	76.0518
1.5550	8.2136	0.2685	75.0517	76.1139
1.5555	8.2133	0.2680	72.6321	76.1556
1.5560	8.2130	0.2696	73.0069	76.2737
1.5565	8.2129	0.2676	73.9312	75.8793
1.5570	8.2136	0.2651	74.6633	75.5601
1.5575	8.2132	0.2646	74.7018	75.9637
1.5580	8.2125	0.2749	75.1973	75.9959
1.5585	8.2121	0.2831	76.1164	75.7619
1.5590	8.2118	0.2848	76.7450	75.6240
1.5595	8.2118	0.2814	76.7145	75.8226
1.5600	8.2120	0.2835	76.6213	76.1594
1.5605	8.2125	0.2755	77.3047	75.4599
1.5610	8.2125	0.2690	77.3842	75.4768
1.5615	8.2136	0.2697	76.7572	75.8584
1.5620	8.2137	0.2625	76.2489	76.1875
1.5625	8.2140	0.2585	76.1894	76.2720
1.5630	8.2134	0.2608	77.3054	76.1407
1.5635	8.2140	0.2587	77.4213	76.1971
1.5640	8.2142	0.2563	77.1826	76.2663
1.5645	8.2144	0.2567	77.3920	75.8115
1.5650	8.2148	0.2523	77.8470	75.7597
1.5655	8.2142	0.2590	77.3696	75.9716
1.5660	8.2133	0.2679	76.3228	76.0311
1.5665	8.2122	0.2762	75.5541	76.2791
1.5670	8.2129	0.2753	73.4288	76.1050
1.5675	8.2134	0.2608	72.9702	75.8928
1.5680	8.2138	0.2604	73.2233	75.7419
1.5685	8.2141	0.2509	73.7174	75.4875
1.5690	8.2132	0.2628	74.6078	75.7330
1.5695	8.2123	0.2783	75.2482	76.0062
1.5700	8.2120	0.2850	75.5150	76.0579
1.5705	8.2122	0.2824	75.9608	76.3859
1.5710	8.2121	0.2748	76.7129	76.2672
1.5715	8.2132	0.2729	76.9947	76.1828
1.5720	8.2131	0.2679	76.8756	76.1111
1.5725	8.2129	0.2696	77.0167	75.9081
1.5730	8.2122	0.2791	77.4231	76.1815
1.5735	8.2115	0.2833	76.9263	76.3764
1.5740	8.2117	0.2872	76.2641	76.2312
1.5745	8.2135	0.2698	76.3527	76.3997
1.5750	8.2142	0.2543	77.2614	75.9516
1.5755	8.2138	0.2632	77.9818	75.8001
1.5760	8.2138	0.2649	77.7344	75.9385
1.5765	8.2125	0.2714	77.5352	75.9764
1.5770	8.2120	0.2824	77.5463	76.1558
1.5775	8.2125	0.2830	77.6769	75.9352
1.5780	8.2118	0.2741	76.6885	75.8464
1.5785	8.2124	0.2773	75.0608	76.0996
1.5790	8.2120	0.2815	73.5858	75.5938
1.5795	8.2137	0.2633	73.0470	75.5138
1.5800	8.2146	0.2529	73.9549	75.4685
1.5805	8.2142	0.2561	73.8713	75.6899
1.5810	8.2131	0.2679	74.4877	75.9583
1.5815	8.2117	0.2849	75.3414	75.6854
1.5820	8.2125	0.2816	76.0580	75.8715
1.5825	8.2136	0.2646	76.1101	76.2685
1.5830	8.2130	0.2674	76.2541	76.1711
1.5835	8.2139	0.2671	76.8918	76.0947
1.5840	8.2135	0.2651	77.3280	75.8552
1.5845	8.2136	0.2677	77.2551	75.9854
1.5850	8.2128	0.2671	76.5968	76.1305
1.5855	8.2137	0.2690	75.7884	75.7833
1.5860	8.2132	0.2628	76.6172	76.0592
1.5865	8.2136	0.2647	76.9238	76.0460
1.5870	8.2141	0.2590	77.0272	75.9684
1.5875	8.2140	0.2593	77.6498	76.2218
1.5880	8.2134	0.2640	78.0734	75.8344
1.5885	8.2130	0.2691	77.9755	75.7193
1.5890	8.2122	0.2802	77.2513	75.7448
1.5895	8.2119	0.2826	77.1158	75.7836
1.5900	8.2120	0.2821	76.3030	76.0859
1.5905	8.2119	0.2809	75.1530	76.0972
1.5910	8.2131	0.2632	73.5135	75.9034
1.5915	8.2136	0.2658	72.8034	76.2539
1.5920	8.2142	0.2531	74.1397	76.0215
1.5925	8.2149	0.2531	74.3786	75.9790
1.5930	8.2147	0.2559	74.6805	76.1160
1.5935	8.2154	0.2469	75.1379	76.1920
1.5940	8.2157	0.2496	76.1503	76.3485
1.5945	8.2149	0.2420	76.5061	76.3680
1.5950	8.2147	0.2494	76.4655	76.2210
1.5955	8.2151	0.2446	76.6438	76.3772
1.5960	8.2153	0.2435	77.2611	75.8505
1.5965	8.2140	0.2568	77.4877	75.8920
1.5970	8.2129	0.2694	75.8229	76.2819
1.5975	8.2124	0.2673	75.6109	76.0846
1.5980	8.2137	0.2635	76.6068	75.9798
1.5985	8.2144	0.2543	77.2580	75.5695
1.5990	8.2147	0.2503	77.4650	75.6524
1.5995	8.2145	0.2496	77.5503	75.9293
1.6000	8.2142	0.2579	77.8880	75.3799
1.6005	8.2143	0.2570	77.9741	75.6020
1.6010	8.2143	0.2549	77.4302	75.9129
1.6015	8.2140	0.2577	76.6594	76.0002
1.6020	8.2136	0.2638	76.0623	75.8960
1.6025	8.2137	0.2606	75.2512	75.6391
1.6030	8.2140	0.2555	73.9015	75.7489
1.6035	8.2139	0.2615	73.0423	76.2532
1.6040	8.2128	0.2718	73.9211	75.9472
1.6045	8.2123	0.2812	74.5190	76.1156
1.6050	8.2124	0.2787	75.1055	76.1398
1.6055	8.2125	0.2744	75.3093	76.1522
1.6060	8.2134	0.2655	75.9871	75.9573
1.6065	8.2140	0.2599	76.5091	75.5572
1.6070	8.2143	0.2582	76.7881	75.7349
1.6075	8.2148	0.2469	76.7529	75.7832
1.6080	8.2141	0.2599	77.1602	75.9034
1.6085	8.2144	0.2526	75.5806	76.0956
1.6090	8.2146	0.2475	75.3846	75.8498
1.6095	8.2149	0.2484	75.9703	75.7655
1.6100	8.2147	0.2505	76.5588	75.9123
1.6105	8.2136	0.2594	77.2971	75.7058
1.6110	8.2123	0.2795	77.6444	75.7980
1.6115	8.2117	0.2793	77.7563	75.7966
1.6120	8.2107	0.2913	77.6225	76.0408
1.6125	8.2117	0.2907	77.7075	76.2938
1.6130	8.2118	0.2865	77.3220	76.1067
1.6135	8.2122	0.2791	76.6307	76.0808
1.6140	8.2129	0.2741	75.5521	76.2303
1.6145	8.2129	0.2747	74.2571	75.9616
1.6150	8.2129	0.2735	73.9334	76.1638
1.6155	8.2131	0.2657	73.6539	76.2019
1.6160	8.2137	0.2635	74.1417	76.0418
1.6165	8.2138	0.2581	74.7037	76.0654
1.6170	8.2146	0.2610	75.4821	76.0048
1.6175	8.2144	0.2564	76.0257	76.3667
1.6180	8.2127	0.2712	76.2791	76.3070
1.6185	8.2116	0.2834	76.6701	75.7936
1.6190	8.2101	0.2989	77.0476	75.6272
1.6195	8.2101	0.3042	77.4371	75.5579
1.6200	8.2104	0.2968	76.2511	75.7833
1.6205	8.2109	0.2926	76.7362	75.8147
1.6210	8.2122	0.2856	76.4496	75.5688
1.6215	8.2124	0.2746	76.2267	75.9774
1.6220	8.2124	0.2786	76.9157	76.1138
1.6225	8.2121	0.2788	77.1399	75.6728
1.6230	8.2112	0.2887	77.6133	75.6404
1.6235	8.2113	0.2844	77.7985	75.4553
1.6240	8.2121	0.2814	77.6652	75.9588
1.6245	8.2128	0.2779	77.3050	76.3499
1.6250	8.2136	0.2676	76.7924	76.2708
1.6255	8.2133	0.2711	76.4518	76.5306
1.6260	8.2123	0.2767	74.8981	76.2518
1.6265	8.2118	0.2808	72.7617	75.9296
1.6270	8.2116	0.2822	73.2796	75.7785
1.6275	8.2117	0.2866	73.9151	75.5594
1.6280	8.2122	0.2801	74.5021	75.5989
1.6285	8.2129	0.2692	74.8448	75.9733
1.6290	8.2142	0.2583	75.5027	76.1851
1.6295	8.2127	0.2665	76.1808	76.1604
1.6300	8.2120	0.2781	76.5978	75.8397
1.6305	8.2123	0.2829	76.6644	75.6232
1.6310	8.2127	0.2768	77.0541	75.9019
1.6315	8.2122	0.2722	77.3238	75.7413
1.6320	8.2128	0.2689	76.4348	75.7466
1.6325	8.2128	0.2771	76.9784	76.0956
1.6330	8.2123	0.2739	76.2376	76.3480
1.6335	8.2131	0.2700	76.4625	76.3015
1.6340	8.2129	0.2732	77.2350	76.0550
1.6345	8.2116	0.2831	77.3529	76.0022
1.6350	8.2119	0.2838	77.5113	76.2563
1.6355	8.2124	0.2759	77.7649	75.9465
1.6360	8.2131	0.2698	77.6669	76.0672
1.6365	8.2140	0.2646	77.2672	76.4168
1.6370	8.2139	0.2646	76.5232	76.1587
1.6375	8.2138	0.2599	76.1894	76.1378
1.6380	8.2136	0.2714	74.0649	76.0861
1.6385	8.2132	0.2685	72.8103	76.1794
1.6390	8.2127	0.2747	73.4194	76.1746
1.6395	8.2129	0.2738	74.0221	75.7328
1.6400	8.2136	0.2642	74.7204	75.6132
1.6405	8.2132	0.2679	75.1085	76.0287
1.6410	8.2122	0.2773	75.6492	75.8809
1.6415	8.2116	0.2894	76.2482	75.7542
1.6420	8.2106	0.2938	76.6941	75.6166
1.6425	8.2109	0.2903	76.8328	76.0411
1.6430	8.2112	0.2907	77.0554	76.0186
1.6435	8.2111	0.2876	77.3197	75.4073
1.6440	8.2126	0.2832	76.9313	75.5774
1.6445	8.2126	0.2726	76.8656	75.9292
1.6450	8.2126	0.2761	76.3565	76.1678
1.6455	8.2127	0.2771	76.4693	76.1875
1.6460	8.2124	0.2761	77.2298	76.1291
1.6465	8.2129	0.2770	77.3402	76.2792
1.6470	8.2132	0.2713	77.5924	76.1778
1.6475	8.2133	0.2689	77.5611	75.7435
1.6480	8.2134	0.2656	77.6271	75.8737
1.6485	8.2132	0.2680	76.9019	75.9367
1.6490	8.2121	0.2764	76.4498	76.0546
1.6495	8.2117	0.2870	74.8865	76.2942
1.6500	8.2125	0.2741	72.7144	76.0014
1.6505	8.2129	0.2715	73.0931	75.9292
1.6510	8.2136	0.2653	73.5529	75.6700
1.6515	8.2140	0.2602	74.1864	75.5689
1.6520	8.2126	0.2704	74.7443	75.8737
1.6525	8.2117	0.2876	75.3819	76.0439
1.6530	8.2115	0.2915	75.8383	76.1577
1.6535	8.2118	0.2812	76.3804	76.3966
1.6540	8.2129	0.2720	76.5937	76.2133
1.6545	8.2133	0.2666	76.9476	76.1991
1.6550	8.2134	0.2611	77.2320	76.0042
1.6555	8.2135	0.2697	77.4461	75.9486
1.6560	8.2119	0.2756	77.0255	76.3060
1.6565	8.2120	0.2812	76.3971	76.3937
1.6570	8.2130	0.2729	76.4935	76.3293
1.6575	8.2152	0.2474	76.9520	76.4419
1.6580	8.2165	0.2328	77.3091	75.8906
1.6585	8.2170	0.2297	77.6048	75.9160
1.6590	8.2158	0.2375	77.8324	75.9158
1.6595	8.2141	0.2546	77.9810	76.0431
1.6600	8.2134	0.2661	77.4835	76.1232
1.6605	8.2129	0.2667	77.0350	75.8872
1.6610	8.2138	0.2623	76.0980	76.0004
1.6615	8.2147	0.2555	74.8587	76.1002
1.6620	8.2151	0.2505	72.8858	75.5595
1.6625	8.2160	0.2396	73.1050	75.6400
1.6630	8.2165	0.2354	73.9554	75.4954
1.6635	8.2155	0.2402	74.4620	75.9382
1.6640	8.2139	0.2608	74.8792	75.9070
1.6645	8.2128	0.2732	75.2050	75.7271
1.6650	8.2142	0.2618	75.8958	75.9887
1.6655	8.2151	0.2481	76.5231	76.2511
1.6660	8.2148	0.2540	76.7180	76.1753
1.6665	8.2154	0.2522	76.8371	76.0884
1.6670	8.2146	0.2546	76.9950	75.8692
1.6675	8.2144	0.2626	77.4298	76.1688
1.6680	8.2140	0.2590	76.4145	76.1011
1.6685	8.2145	0.2599	75.7281	75.8885
1.6690	8.2139	0.2649	76.4654	76.2187
1.6695	8.2143	0.2588	77.1292	76.0417
1.6700	8.2151	0.2505	77.6520	76.1514
1.6705	8.2147	0.2449	77.7297	76.1674
1.6710	8.2143	0.2520	77.7212	75.7670
1.6715	8.2134	0.2644	77.8272	75.7666
1.6720	8.2124	0.2787	77.4931	75.8006
1.6725	8.2122	0.2840	76.9298	75.9127
1.6730	8.2121	0.2811	75.3511	76.2716
1.6735	8.2125	0.2749	74.7751	76.0657
1.6740	8.2134	0.2700	73.3120	76.0808
1.6745	8.2138	0.2596	73.3546	76.3093
1.6750	8.2154	0.2485	74.0035	75.9920
1.6755	8.2149	0.2521	74.3414	76.0461
1.6760	8.2147	0.2534	75.1081	76.1391
1.6765	8.2152	0.2463	75.5993	76.2431
1.6770	8.2143	0.2496	76.0949	76.4462
1.6775	8.2148	0.2498	76.3114	76.3662
1.6780	8.2142	0.2502	76.8130	76.3524
1.6785	8.2142	0.2527	77.0297	76.3300
1.6790	8.2142	0.2475	77.2810	75.8135
1.6795	8.2125	0.2720	76.7037	76.1452
1.6800	8.2124	0.2777	75.5637	76.3168
1.6805	8.2128	0.2682	76.2445	76.0727
1.6810	8.2128	0.2717	76.6981	75.9520
1.6815	8.2131	0.2642	77.1754	75.5429
1.6820	8.2135	0.2623	77.5424	75.9330
1.6825	8.2131	0.2722	77.9132	75.8402
1.6830	8.2133	0.2688	77.8229	75.4549
1.6835	8.2125	0.2691	77.5355	75.8204
1.6840	8.2133	0.2674	77.0914	76.0565
1.6845	8.2128	0.2713	76.7683	76.0279
1.6850	8.2133	0.2672	75.7294	75.8634
1.6855	8.2137	0.2617	74.5568	75.5770
1.6860	8.2137	0.2596	73.2357	76.0437
1.6865	8.2140	0.2649	73.5099	76.2644
1.6870	8.2127	0.2708	74.2142	76.0331
1.6875	8.2127	0.2697	74.4363	76.2354
1.6880	8.2128	0.2741	75.0200	76.1729
1.6885	8.2133	0.2665	75.7866	76.2277
1.6890	8.2139	0.2606	76.2779	75.9032
1.6895	8.2135	0.2611	76.4478	75.7131
1.6900	8.2143	0.2563	76.4805	75.9255
1.6905	8.2147	0.2578	77.1146	75.8467
1.6910	8.2143	0.2594	76.8210	76.0651
1.6915	8.2143	0.2534	74.9700	76.1125
1.6920	8.2146	0.2500	75.5068	75.8214
1.6925	8.2151	0.2464	76.1991	75.9349
1.6930	8.2145	0.2473	77.0834	75.8639
1.6935	8.2139	0.2658	77.3161	75.7991
1.6940	8.2128	0.2775	77.4125	75.9402
1.6945	8.2123	0.2767	77.6585	75.9100
1.6950	8.2120	0.2761	77.8684	76.2722
1.6955	8.2120	0.2822	77.6520	76.3520
1.6960	8.2122	0.2847	76.7984	76.1092
1.6965	8.2130	0.2695	76.2405	76.2454
1.6970	8.2134	0.2686	75.2562	76.2620
1.6975	8.2136	0.2658	74.1117	76.0064
1.6980	8.2134	0.2670	73.4804	76.3369
1.6985	8.2131	0.2642	73.5923	76.1749
1.6990	8.2143	0.2552	74.6179	76.1512
1.6995	8.2153	0.2499	75.0844	76.0983
1.7000	8.2156	0.2428	75.4781	76.1902
1.7005	8.2150	0.2504	75.8570	76.5587
1.7010	8.2137	0.2618	76.6638	76.2091
1.7015	8.2124	0.2727	76.8853	75.7624
1.7020	8.2111	0.2883	77.0155	75.6700
1.7025	8.2113	0.2890	76.9177	75.6536
1.7030	8.2111	0.2900	76.5126	75.9498
1.7035	8.2111	0.2914	77.1439	75.7355
1.7040	8.2123	0.2829	75.9895	75.7563
1.7045	8.2119	0.2792	76.2042	76.2864
1.7050	8.2117	0.2853	77.0596	76.0471
1.7055	8.2110	0.2885	77.5613	75.7598
1.7060	8.2110	0.2906	77.6076	75.7166
1.7065	8.2113	0.2849	77.5265	75.6302
1.7070	8.2125	0.2797	77.5119	76.2891
1.7075	8.2131	0.2712	77.4340	76.3412
1.7080	8.2139	0.2635	76.6345	76.4419
1.7085	8.2131	0.2680	75.8937	76.5386
1.7090	8.2116	0.2833	73.7773	76.1447
1.7095	8.2107	0.2923	72.8353	75.9879
1.7100	8.2114	0.2886	73.6434	75.7955
1.7105	8.2116	0.2865	73.9556	75.6383
1.7110	8.2124	0.2770	74.5355	75.8228
1.7115	8.2138	0.2596	75.0706	76.1631
1.7120	8.2139	0.2577	75.8704	76.2770
1.7125	8.2134	0.2643	76.1720	76.1435
1.7130	8.2126	0.2731	76.5238	75.7072
1.7135	8.2125	0.2705	76.7287	75.7584
1.7140	8.2134	0.2602	77.4624	75.9465
1.7145	8.2136	0.2696	76.8094	75.7456
1.7150	8.2137	0.2648	76.3694	75.9236
1.7155	8.2141	0.2650	77.0058	76.2996
1.7160	8.2136	0.2614	76.1976	76.4526
1.7165	8.2139	0.2574	76.7138	76.3248
1.7170	8.2125	0.2764	76.9746	76.0477
1.7175	8.2117	0.2800	77.4359	76.2061
1.7180	8.2125	0.2774	77.8043	76.2314
1.7185	8.2133	0.2733	77.7561	75.9300
1.7190	8.2136	0.2626	77.3674	76.2946
1.7195	8.2145	0.2606	76.9263	76.3875
1.7200	8.2142	0.2533	76.5888	76.1474
1.7205	8.2148	0.2550	75.6729	76.2051
1.7210	8.2141	0.2590	73.0442	76.1391
1.7215	8.2143	0.2590	72.9549	76.3101
1.7220	8.2136	0.2614	73.7874	76.0590
1.7225	8.2140	0.2605	74.4044	75.5726
1.7230	8.2145	0.2514	74.6795	75.8237
1.7235	8.2137	0.2621	75.1139	76.0984
1.7240	8.2131	0.2701	75.9862	75.8369
1.7245	8.2123	0.2759	76.5740	75.7505
1.7250	8.2123	0.2773	76.6454	75.7170
1.7255	8.2128	0.2734	76.7497	76.2760
1.7260	8.2129	0.2728	77.2824	75.7240
1.7265	8.2133	0.2652	77.4292	75.4482
1.7270	8.2145	0.2579	76.7810	75.7960
1.7275	8.2144	0.2561	76.5740	76.1297
1.7280	8.2143	0.2555	76.2587	76.2568
1.7285	8.2147	0.2552	76.9230	76.2003
1.7290	8.2147	0.2542	77.3173	76.1478
1.7295	8.2145	0.2558	77.3312	76.3671
1.7300	8.2150	0.2497	77.5732	76.0175
1.7305	8.2150	0.2505	77.7353	75.7879
1.7310	8.2143	0.2555	77.5140	76.0072
1.7315	8.2140	0.2572	76.5122	76.0668
1.7320	8.2129	0.2742	76.1704	76.2501
1.7325	8.2126	0.2732	74.0067	76.2304
1.7330	8.2135	0.2664	72.7773	75.9050
1.7335	8.2143	0.2579	73.2214	75.8430
1.7340	8.2146	0.2453	73.5921	75.5301
1.7345	8.2146	0.2549	74.4933	75.6732
1.7350	8.2137	0.2602	75.0269	75.9683
1.7355	8.2126	0.2708	75.5433	75.9985
1.7360	8.2123	0.2726	75.9555	76.3377
1.7365	8.2134	0.2717	76.4191	76.4154
1.7370	8.2142	0.2642	76.7793	76.2313
1.7375	8.2148	0.2493	77.1068	76.2470
1.7380	8.2155	0.2446	77.2235	75.9458
1.7385	8.2138	0.2556	77.4281	76.0325
1.7390	8.2128	0.2685	76.7918	76.3380
1.7395	8.2120	0.2763	76.3231	76.2854
1.7400	8.2134	0.2694	76.6054	76.4135
1.7405	8.2147	0.2502	77.1332	76.2346
1.7410	8.2144	0.2564	77.6190	75.8560
1.7415	8.2148	0.2526	77.7126	76.0353
1.7420	8.2141	0.2605	77.7654	76.0108
1.7425	8.2128	0.2698	77.8571	76.1830
1.7430	8.2128	0.2735	77.5766	76.0272
1.7435	8.2135	0.2676	76.8191	75.8266
1.7440	8.2133	0.2669	75.5595	76.0693
1.7445	8.2138	0.2638	74.1638	75.7777
1.7450	8.2155	0.2449	72.9164	75.4850
1.7455	8.2167	0.2349	73.6257	75.5715
1.7460	8.2163	0.2415	73.8163	75.6047
1.7465	8.2143	0.2514	74.5832	76.0813
1.7470	8.2129	0.2717	75.1979	75.8345
1.7475	8.2129	0.2749	75.6959	75.8648
1.7480	8.2140	0.2585	76.0122	76.1838
1.7485	8.2144	0.2573	76.4213	76.2521
1.7490	8.2149	0.2550	76.8764	76.1133
1.7495	8.2150	0.2477	77.1465	75.9230
1.7500	8.2144	0.2546	77.1797	75.8577
1.7505	8.2144	0.2551	77.1022	76.1981
1.7510	8.2139	0.2546	75.9698	75.8817
1.7515	8.2144	0.2518	76.1722	76.0144
1.7520	8.2149	0.2521	76.7983	76.1886
1.7525	8.2158	0.2456	77.1701	75.9916
1.7530	8.2160	0.2413	77.6964	76.3095
1.7535	8.2151	0.2501	77.9025	75.9986
1.7540	8.2145	0.2548	77.8889	75.7139
1.7545	8.2134	0.2623	77.5399	75.7477
1.7550	8.2128	0.2738	77.3569	75.7576
1.7555	8.2123	0.2798	76.5807	75.9993
1.7560	8.2119	0.2767	75.2842	76.2423
1.7565	8.2134	0.2745	74.1896	75.9441
1.7570	8.2143	0.2582	72.9006	76.2603
1.7575	8.2147	0.2486	73.8740	76.2015
1.7580	8.2153	0.2390	74.1539	76.0178
1.7585	8.2150	0.2512	74.6380	76.1483
1.7590	8.2152	0.2484	75.2546	76.2072
1.7595	8.2153	0.2428	75.9450	76.3434
1.7600	8.2154	0.2481	76.3420	76.4321
1.7605	8.2155	0.2411	76.4496	76.2153
1.7610	8.2164	0.2357	76.8372	76.3864
1.7615	8.2165	0.2375	77.2166	76.0317
1.7620	8.2154	0.2440	77.4590	75.8264
1.7625	8.2136	0.2646	76.1531	76.2899
1.7630	8.2134	0.2660	75.5756	76.1961
1.7635	8.2135	0.2576	76.5747	76.0177
1.7640	8.2146	0.2542	77.1538	75.7573
1.7645	8.2145	0.2534	77.4079	75.5708
1.7650	8.2145	0.2526	77.4605	76.0240
1.7655	8.2143	0.2617	77.9369	75.5194
1.7660	8.2144	0.2593	78.0423	75.5288
1.7665	8.2141	0.2559	77.6311	75.8448
1.7670	8.2142	0.2596	76.8229	76.0003
1.7675	8.2141	0.2600	76.3819	75.9748
1.7680	8.2137	0.2579	75.5306	75.7555
1.7685	8.2140	0.2590	74.3094	75.6683
1.7690	8.2145	0.2585	72.9974	76.2645
1.7695	8.2135	0.2643	73.7124	76.0784
1.7700	8.2122	0.2753	74.4813	76.0653
1.7705	8.2128	0.2749	75.0156	76.1734
1.7710	8.2133	0.2666	75.2006	76.1643
1.7715	8.2143	0.2581	75.8924	76.1035
1.7720	8.2143	0.2519	76.4310	75.6543
1.7725	8.2151	0.2458	76.8482	75.7287
1.7730	8.2151	0.2481	76.6486	75.8430
1.7735	8.2146	0.2496	77.2261	75.8699
1.7740	8.2154	0.2490	76.0942	76.1242
1.7745	8.2154	0.2434	75.2400	75.9498
1.7750	8.2150	0.2429	75.9290	75.8087
1.7755	8.2158	0.2452	76.4116	76.0203
1.7760	8.2149	0.2484	77.2390	75.8450
1.7765	8.2130	0.2662	77.5810	75.8566
1.7770	8.2123	0.2777	77.7442	75.8834
1.7775	8.2124	0.2827	77.6586	75.9431
1.7780	8.2124	0.2737	77.7835	76.3015
1.7785	8.2127	0.2740	77.5311	76.1546
1.7790	8.2133	0.2654	76.8166	76.0603
1.7795	8.2150	0.2555	75.9111	76.2422
1.7800	8.2138	0.2589	74.5334	76.0437
1.7805	8.2132	0.2626	73.9801	76.1452
1.7810	8.2142	0.2623	73.6795	76.3309
1.7815	8.2144	0.2577	74.0020	76.1039
1.7820	8.2149	0.2494	74.7101	76.1432
1.7825	8.2156	0.2447	75.3493	76.0227
1.7830	8.2157	0.2425	75.9885	76.2957
1.7835	8.2147	0.2508	76.2014	76.4167
1.7840	8.2130	0.2694	76.5928	75.9115
1.7845	8.2117	0.2849	76.9268	75.6434
1.7850	8.2107	0.2941	77.6471	75.5650
1.7855	8.2117	0.2859	76.5247	75.7439
1.7860	8.2118	0.2804	76.4991	75.9227
1.7865	8.2125	0.2690	76.7506	75.6352
1.7870	8.2133	0.2653	76.2183	75.9233
1.7875	8.2131	0.2659	76.9254	76.2542
1.7880	8.2133	0.2688	76.9540	75.7657
1.7885	8.2123	0.2750	77.4969	75.6538
1.7890	8.2122	0.2767	77.9412	75.4514
1.7895	8.2128	0.2732	77.9092	75.7607
1.7900	8.2136	0.2644	77.3150	76.3411
1.7905	8.2147	0.2556	76.8712	76.2574
1.7910	8.2150	0.2496	76.6223	76.5432
1.7915	8.2148	0.2480	75.6493	76.4053
1.7920	8.2131	0.2674	72.9651	76.0323
1.7925	8.2126	0.2748	72.9279	75.8819
1.7930	8.2127	0.2722	73.9280	75.6481
1.7935	8.2128	0.2702	74.5893	75.5988
1.7940	8.2139	0.2652	74.7772	75.9002
1.7945	8.2152	0.2473	75.1566	76.1907
1.7950	8.2148	0.2501	76.0895	76.2014
1.7955	8.2136	0.2616	76.6907	75.9474
1.7960	8.2133	0.2638	76.7514	75.6234
1.7965	8.2139	0.2659	76.7515	75.9189
1.7970	8.2140	0.2619	77.4592	75.8319
1.7975	8.2146	0.2537	76.7015	75.7204
1.7980	8.2152	0.2441	76.9505	76.0524
1.7985	8.2153	0.2537	76.3793	76.3410
1.7990	8.2155	0.2414	76.2423	76.3744
1.7995	8.2145	0.2548	77.2758	76.1327
1.8000	8.2127	0.2691	77.3771	75.9921
1.8005	8.2128	0.2762	77.3878	76.2788
1.8010	8.2132	0.2676	77.7124	76.0571
1.8015	8.2137	0.2673	77.9468	75.9960
1.8020	8.2140	0.2571	77.5023	76.4291
1.8025	8.2138	0.2599	76.4704	76.2496
1.8030	8.2144	0.2555	76.1888	76.1201
1.8035	8.2139	0.2535	74.7667	76.1460
1.8040	8.2134	0.2641	73.0041	76.1947
1.8045	8.2142	0.2582	73.2022	76.2260
1.8050	8.2144	0.2547	73.7826	75.7980
1.8055	8.2154	0.2448	74.7827	75.5548
1.8060	8.2159	0.2457	75.1221	75.9289
1.8065	8.2147	0.2545	75.4133	75.9759
1.8070	8.2129	0.2702	75.9839	75.7868
1.8075	8.2121	0.2781	76.7911	75.6887
1.8080	8.2127	0.2717	77.0638	75.9819
1.8085	8.2129	0.2666	76.9026	76.2123
1.8090	8.2129	0.2688	77.1661	75.4670
1.8095	8.2136	0.2650	77.1076	75.5070
1.8100	8.2141	0.2583	77.0974	75.8412
1.8105	8.2147	0.2532	76.4952	76.1345
1.8110	8.2145	0.2486	76.0576	76.1754
1.8115	8.2151	0.2487	77.1525	76.1239
1.8120	8.2146	0.2514	77.6402	76.2277
1.8125	8.2146	0.2546	77.6514	76.3093
1.8130	8.2145	0.2476	77.3659	75.8602
1.8135	8.2150	0.2538	77.5584	75.8835
1.8140	8.2145	0.2577	77.3080	76.0477
1.8145	8.2135	0.2620	76.7121	76.0835
1.8150	8.2127	0.2724	75.2545	76.3362
1.8155	8.2133	0.2692	72.8218	76.0659
1.8160	8.2142	0.2550	73.1321	75.8892
1.8165	8.2149	0.2518	73.6634	75.6852
1.8170	8.2154	0.2460	73.9842	75.4377
1.8175	8.2148	0.2501	74.5015	75.7518
1.8180	8.2138	0.2612	75.3828	76.0132
1.8185	8.2134	0.2693	75.9213	76.1110
1.8190	8.2128	0.2701	76.1877	76.4799
1.8195	8.2139	0.2623	76.5048	76.3435
1.8200	8.2149	0.2515	77.0619	76.2890
1.8205	8.2158	0.2431	77.3447	76.1154
1.8210	8.2149	0.2411	77.3075	75.9432
1.8215	8.2138	0.2593	77.0383	76.1837
1.8220	8.2132	0.2682	76.5811	76.3530
1.8225	8.2125	0.2716	76.6125	76.2630
1.8230	8.2148	0.2536	76.8413	76.4589
1.8235	8.2165	0.2316	77.1653	76.0056
1.8240	8.2177	0.2228	77.6613	75.9231
1.8245	8.2174	0.2225	77.9660	75.9847
1.8250	8.2152	0.2378	77.9922	76.0637
1.8255	8.2155	0.2460	77.4279	76.1932
1.8260	8.2160	0.2375	77.2128	75.9604
1.8265	8.2162	0.2333	76.4812	75.9272
1.8270	8.2166	0.2332	75.2109	76.1066
1.8275	8.2170	0.2284	73.2005	75.5779
1.8280	8.2175	0.2252	72.8649	75.5907
1.8285	8.2176	0.2177	73.9957	75.5253
1.8290	8.2164	0.2324	74.3499	75.8416
1.8295	8.2148	0.2505	74.7048	76.0772
1.8300	8.2129	0.2687	75.1122	75.8125
1.8305	8.2142	0.2594	76.0165	76.0129
1.8310	8.2147	0.2474	76.5527	76.2847
1.8315	8.2157	0.2408	76.5231	76.1836
1.8320	8.2160	0.2401	76.6508	76.0750
1.8325	8.2152	0.2443	77.1175	75.7984
1.8330	8.2146	0.2442	77.6542	76.0339
1.8335	8.2149	0.2573	76.6342	76.1570
1.8340	8.2148	0.2505	75.5034	75.8540
1.8345	8.2148	0.2511	76.4556	76.2429
1.8350	8.2146	0.2567	77.2636	76.2550
1.8355	8.2157	0.2410	77.5527	76.1932
1.8360	8.2160	0.2351	77.5453	76.3013
1.8365	8.2157	0.2464	77.7219	75.8273
1.8370	8.2142	0.2552	78.0664	75.7331
1.8375	8.2135	0.2677	77.5862	75.7304
1.8380	8.2128	0.2741	76.9653	75.8135
1.8385	8.2127	0.2751	75.7014	76.1980
1.8390	8.2127	0.2735	75.1132	76.1515
1.8395	8.2133	0.2636	73.5231	76.0691
1.8400	8.2138	0.2654	73.0254	76.4074
1.8405	8.2154	0.2417	73.8846	76.1222
1.8410	8.2155	0.2380	74.3726	76.0854
1.8415	8.2158	0.2408	75.1666	76.1389
1.8420	8.2157	0.2400	75.3996	76.1876
1.8425	8.2156	0.2437	75.9837	76.3889
1.8430	8.2154	0.2460	76.4288	76.3621
1.8435	8.2163	0.2389	76.7872	76.2619
1.8440	8.2159	0.2360	76.9022	76.3961
1.8445	8.2157	0.2394	77.1429	75.9132
1.8450	8.2140	0.2555	77.1033	76.1015
1.8455	8.2137	0.2680	75.8191	76.4512
1.8460	8.2134	0.2608	75.9504	76.1814
1.8465	8.2141	0.2620	76.5238	76.0460
1.8470	8.2139	0.2543	77.1832	75.6366
1.8475	8.2145	0.2549	77.6567	75.7851
1.8480	8.2140	0.2593	77.8283	75.9012
1.8485	8.2139	0.2658	77.6734	75.3956
1.8490	8.2137	0.2642	77.7098	75.7002
1.8495	8.2137	0.2614	77.4115	76.0015
1.8500	8.2141	0.2590	76.8421	76.0778
1.8505	8.2144	0.2565	75.7966	76.0389
1.8510	8.2146	0.2537	74.7665	75.7698
1.8515	8.2147	0.2532	73.6114	75.9619
1.8520	8.2145	0.2513	73.3963	76.3672
1.8525	8.2131	0.2658	74.0091	76.0204
1.8530	8.2129	0.2701	74.3908	76.1942
1.8535	8.2135	0.2653	75.1206	76.1383
1.8540	8.2142	0.2593	75.7031	76.2197
1.8545	8.2149	0.2453	76.1389	76.0090
1.8550	8.2148	0.2472	76.2996	75.6968
1.8555	8.2154	0.2457	76.6929	75.8957
1.8560	8.2158	0.2352	77.1072	75.9117
1.8565	8.2153	0.2490	77.0631	76.0750
1.8570	8.2156	0.2396	75.0849	76.2248
1.8575	8.2160	0.2354	75.4442	75.9141
1.8580	8.2166	0.2295	76.2817	75.9281
1.8585	8.2165	0.2276	76.8591	75.9270
1.8590	8.2149	0.2481	77.1471	75.7377
1.8595	8.2134	0.2635	77.4897	75.9283
1.8600	8.2129	0.2726	77.8287	75.8830
1.8605	8.2124	0.2723	77.8266	76.2000
1.8610	8.2125	0.2749	77.6010	76.3992
1.8615	8.2124	0.2782	76.9932	76.1849
1.8620	8.2134	0.2677	76.5578	76.2471
1.8625	8.2139	0.2586	75.4390	76.3447
1.8630	8.2143	0.2544	74.0511	76.0491
1.8635	8.2147	0.2490	73.5888	76.2937
1.8640	8.2148	0.2475	73.6912	76.2135
1.8645	8.2145	0.2492	74.5181	76.1047
1.8650	8.2155	0.2400	74.8452	76.1122
1.8655	8.2155	0.2359	75.3489	76.1295
1.8660	8.2152	0.2446	75.9953	76.5390
1.8665	8.2136	0.2617	76.5612	76.3737
1.8670	8.2122	0.2732	76.7357	75.8680
1.8675	8.2111	0.2924	76.8989	75.7336
1.8680	8.2109	0.2937	77.2754	75.6662
1.8685	8.2112	0.2865	76.6979	75.9283
1.8690	8.2109	0.2946	76.9033	75.7951
1.8695	8.2116	0.2815	76.0459	75.6666
1.8700	8.2120	0.2821	76.2115	76.1828
1.8705	8.2118	0.2839	77.1362	76.1113
1.8710	8.2113	0.2882	77.3752	75.7356
1.8715	8.2113	0.2838	77.4657	75.7468
1.8720	8.2119	0.2757	77.6410	75.5965
1.8725	8.2131	0.2701	77.7545	76.2294
1.8730	8.2138	0.2597	77.4193	76.4310
1.8735	8.2153	0.2488	76.5479	76.4154
1.8740	8.2141	0.2571	76.0901	76.5970
1.8745	8.2129	0.2740	74.4417	76.2114
1.8750	8.2117	0.2855	72.8972	75.9732
1.8755	8.2120	0.2832	73.4098	75.8131
1.8760	8.2124	0.2744	73.8001	75.6286
1.8765	8.2127	0.2709	74.5954	75.7631
1.8770	8.2150	0.2514	75.0830	76.1505
1.8775	8.2155	0.2405	75.6246	76.3293
1.8780	8.2146	0.2511	76.0225	76.2598
1.8785	8.2140	0.2553	76.6427	75.8260
1.8790	8.2135	0.2600	76.8674	75.7251
1.8795	8.2140	0.2614	77.2392	75.9454
1.8800	8.2140	0.2571	76.8992	75.7638
1.8805	8.2141	0.2561	76.3832	75.8697
1.8810	8.2141	0.2581	77.2667	76.2533
1.8815	8.2136	0.2629	76.2075	76.4686
1.8820	8.2141	0.2582	76.4174	76.3786
1.8825	8.2127	0.2681	77.1620	76.1197
1.8830	8.2123	0.2773	77.5531	76.1947
1.8835	8.2131	0.2715	77.6724	76.3383
1.8840	8.2132	0.2704	77.5883	75.9593
1.8845	8.2142	0.2597	77.5128	76.2334
1.8850	8.2147	0.2529	77.2706	76.4453
1.8855	8.2149	0.2534	76.5032	76.1972
1.8860	8.2151	0.2511	75.7781	76.2358
1.8865	8.2149	0.2489	73.4961	76.1522
1.8870	8.2153	0.2466	73.0294	76.2997
1.8875	8.2162	0.2354	73.7136	76.1721
1.8880	8.2171	0.2301	74.0374	75.6656
1.8885	8.2177	0.2192	74.5861	75.7384
1.8890	8.2169	0.2337	75.2692	76.1361
1.8895	8.2155	0.2464	75.9203	75.8949
1.8900	8.2137	0.2586	76.3160	75.8257
1.8905	8.2139	0.2678	76.5730	75.7163
1.8910	8.2138	0.2631	76.9006	76.2820
1.8915	8.2141	0.2585	77.3463	75.9220
1.8920	8.2150	0.2550	77.2721	75.4749
1.8925	8.2158	0.2447	76.6756	75.7167
1.8930	8.2165	0.2328	76.8541	76.0780
1.8935	8.2162	0.2340	76.4782	76.2374
1.8940	8.2165	0.2344	76.6931	76.2039
1.8945	8.2160	0.2396	77.0862	76.1376
1.8950	8.2156	0.2390	77.3565	76.3725
1.8955	8.2150	0.2428	77.8457	76.1371
1.8960	8.2156	0.2407	77.6134	75.8567
1.8965	8.2149	0.2471	77.2977	76.0212
1.8970	8.2151	0.2540	76.6519	76.0408
1.8975	8.2138	0.2645	76.6258	76.2392
1.8980	8.2125	0.2755	74.5496	76.2946
1.8985	8.2134	0.2679	72.4254	75.9836
1.8990	8.2146	0.2579	73.0335	75.9133
1.8995	8.2152	0.2485	73.7836	75.5538
1.9000	8.2146	0.2431	74.4734	75.5785
1.9005	8.2144	0.2534	74.7555	75.9372
1.9010	8.2135	0.2605	75.2655	75.9951
1.9015	8.2136	0.2627	75.9966	76.2714
1.9020	8.2138	0.2646	76.6189	76.4947
1.9025	8.2143	0.2560	76.6352	76.2800
1.9030	8.2154	0.2465	76.9196	76.2947
1.9035	8.2164	0.2335	77.1824	76.0116
1.9040	8.2149	0.2392	77.4507	76.0665
1.9045	8.2134	0.2613	76.9280	76.3478
1.9050	8.2126	0.2717	76.3493	76.3165
1.9055	8.2134	0.2667	76.6466	76.4081
1.9060	8.2148	0.2521	77.1297	76.3464
1.9065	8.2146	0.2547	77.3443	75.8814
1.9070	8.2150	0.2564	77.5886	76.0725
1.9075	8.2142	0.2561	77.9501	76.0191
1.9080	8.2137	0.2625	78.0539	76.1818
1.9085	8.2141	0.2611	77.4511	76.0749
1.9090	8.2146	0.2530	76.8047	75.7820
1.9095	8.2137	0.2571	75.8788	76.0034
1.9100	8.2146	0.2571	74.7787	75.8754
1.9105	8.2151	0.2496	72.8268	75.4896
1.9110	8.2167	0.2363	73.2161	75.6672
1.9115	8.2167	0.2339	73.8802	75.7193
1.9120	8.2151	0.2418	74.6545	76.1291
1.9125	8.2134	0.2654	75.1034	75.9192
1.9130	8.2131	0.2699	75.3769	75.8446
1.9135	8.2147	0.2559	75.9484	76.1677
1.9140	8.2153	0.2462	76.6246	76.2724
1.9145	8.2161	0.2419	76.8161	76.0874
1.9150	8.2157	0.2402	76.8911	75.9634
1.9155	8.2155	0.2410	77.0370	75.8139
1.9160	8.2151	0.2469	77.3693	76.2205
1.9165	8.2152	0.2480	76.2650	75.9841
1.9170	8.2149	0.2428	75.9636	76.0232
1.9175	8.2155	0.2437	76.6365	76.2938
1.9180	8.2159	0.2425	77.1522	76.0817
1.9185	8.2168	0.2320	77.7273	76.2989
1.9190	8.2166	0.2313	77.8056	76.0617
1.9195	8.2153	0.2433	77.8133	75.7134
1.9200	8.2142	0.2596	77.7088	75.7225
1.9205	8.2132	0.2700	77.4876	75.7476
1.9210	8.2130	0.2687	76.7863	75.9893
1.9215	8.2130	0.2705	75.2801	76.2842
1.9220	8.2143	0.2596	74.3750	76.0238
1.9225	8.2152	0.2460	73.0580	76.2538
1.9230	8.2158	0.2487	73.7102	76.3030
1.9235	8.2164	0.2334	74.0846	76.0193
1.9240	8.2160	0.2354	74.4999	76.1207
1.9245	8.2160	0.2395	75.2488	76.1558
1.9250	8.2158	0.2393	75.8775	76.2511
1.9255	8.2163	0.2363	76.1907	76.4090
1.9260	8.2168	0.2247	76.3441	76.2364
1.9265	8.2175	0.2227	76.8815	76.3734
1.9270	8.2176	0.2249	77.1991	76.1653
1.9275	8.2161	0.2409	77.4391	75.8489
1.9280	8.2140	0.2549	76.3606	76.3052
1.9285	8.2140	0.2614	75.5697	76.3152
1.9290	8.2142	0.2553	76.5275	76.1149
1.9295	8.2144	0.2517	76.9067	75.9171
1.9300	8.2148	0.2493	77.2726	75.5586
1.9305	8.2145	0.2491	77.5508	75.9787
1.9310	8.2146	0.2549	78.0732	75.5925
1.9315	8.2148	0.2489	77.9999	75.4444
1.9320	8.2148	0.2528	77.5249	75.8564
1.9325	8.2150	0.2511	76.9358	76.0286
1.9330	8.2153	0.2549	76.6603	76.0593
1.9335	8.2150	0.2460	75.6885	75.8781
1.9340	8.2159	0.2369	74.3650	75.6992
1.9345	8.2161	0.2391	73.0336	76.2279
1.9350	8.2143	0.2500	73.7535	76.1493
1.9355	8.2137	0.2598	74.4711	76.0296
1.9360	8.2139	0.2638	74.7377	76.2057
1.9365	8.2149	0.2520	75.0313	76.1077
1.9370	8.2151	0.2472	75.9833	76.1388
1.9375	8.2164	0.2364	76.5281	75.7268
1.9380	8.2166	0.2263	76.6153	75.6814
1.9385	8.2171	0.2222	76.5199	75.8632
1.9390	8.2166	0.2292	77.3560	75.8832
1.9395	8.2170	0.2252	76.5370	76.1519
1.9400	8.2172	0.2238	75.0548	76.0307
1.9405	8.2178	0.2201	75.6691	75.8095
1.9410	8.2183	0.2143	76.3812	75.9296
1.9415	8.2172	0.2257	77.3100	75.8153
1.9420	8.2150	0.2510	77.4523	75.7707
1.9425	8.2133	0.2601	77.5640	75.8691
1.9430	8.2124	0.2730	77.7741	75.9135
1.9435	8.2129	0.2715	77.9671	76.3323
1.9440	8.2133	0.2676	77.5220	76.2522
1.9445	8.2134	0.2677	76.6840	76.1239
1.9450	8.2150	0.2530	76.1645	76.2761
1.9455	8.2151	0.2422	74.9491	76.0695
1.9460	8.2148	0.2505	74.0429	76.0531
1.9465	8.2154	0.2493	73.5025	76.2759
1.9470	8.2153	0.2474	73.8927	76.0445
1.9475	8.2163	0.2360	74.8039	76.0996
1.9480	8.2177	0.2252	75.2238	76.0111
1.9485	8.2182	0.2150	75.6720	76.2479
1.9490	8.2169	0.2281	76.1258	76.4862
1.9495	8.2149	0.2521	76.8580	76.0524
1.9500	8.2128	0.2663	76.9744	75.7077
1.9505	8.2112	0.2875	77.2247	75.5958
1.9510	8.2124	0.2791	76.8533	75.6944
1.9515	8.2128	0.2698	76.7649	75.9168
1.9520	8.2138	0.2641	77.0254	75.6129
1.9525	8.2147	0.2495	75.9579	75.8142
1.9530	8.2145	0.2550	76.6027	76.2054
1.9535	8.2137	0.2612	77.1858	75.7821
1.9540	8.2122	0.2697	77.6212	75.6454
1.9545	8.2127	0.2767	77.6994	75.5129
1.9550	8.2135	0.2691	77.6947	75.7090
1.9555	8.2137	0.2625	77.5561	76.3976
1.9560	8.2145	0.2501	77.2176	76.3294
1.9565	8.2146	0.2472	76.5377	76.5043
1.9570	8.2143	0.2574	75.7015	76.4100
1.9575	8.2133	0.2684	73.3598	76.0130
1.9580	8.2125	0.2758	73.0584	75.8545
1.9585	8.2126	0.2793	73.7889	75.6278
1.9590	8.2117	0.2834	74.2330	75.5583
1.9595	8.2119	0.2782	74.7650	75.8611
1.9600	8.2137	0.2635	75.2668	76.1956
1.9605	8.2136	0.2627	76.0462	76.2880
1.9610	8.2129	0.2734	76.4262	76.0849
1.9615	8.2123	0.2793	76.7298	75.6812
1.9620	8.2126	0.2781	76.8571	75.8846
1.9625	8.2127	0.2724	77.5097	75.8472
1.9630	8.2132	0.2694	76.5833	75.6670
1.9635	8.2133	0.2649	76.7971	75.9782
1.9640	8.2133	0.2673	76.7849	76.2336
1.9645	8.2132	0.2658	76.1860	76.3443
1.9650	8.2133	0.2718	77.0218	76.1910
1.9655	8.2120	0.2818	77.2465	76.0208
1.9660	8.2113	0.2897	77.5709	76.3386
1.9665	8.2124	0.2815	77.7835	76.1996
1.9670	8.2122	0.2744	77.7621	76.0252
1.9675	8.2127	0.2723	77.4560	76.4102
1.9680	8.2133	0.2670	76.7996	76.2748
1.9685	8.2137	0.2643	76.4767	76.0336
1.9690	8.2136	0.2638	75.0763	76.0903
1.9695	8.2130	0.2684	72.8850	76.0877
1.9700	8.2133	0.2633	73.2923	76.2319
1.9705	8.2131	0.2679	73.8798	75.9015
1.9710	8.2140	0.2614	74.5309	75.5733
1.9715	8.2146	0.2567	74.9025	75.9554
1.9720	8.2136	0.2622	75.4926	76.0763
1.9725	8.2123	0.2770	76.2137	75.8319
1.9730	8.2115	0.2832	76.5887	75.7169
1.9735	8.2123	0.2776	76.7364	75.8518
1.9740	8.2119	0.2777	76.9976	76.1971
1.9745	8.2123	0.2757	77.4615	75.5329
1.9750	8.2135	0.2664	77.2048	75.4775
1.9755	8.2146	0.2564	76.7930	75.7707
1.9760	8.2148	0.2446	76.5748	76.1443
1.9765	8.2148	0.2481	76.3743	76.2229
1.9770	8.2149	0.2477	77.1508	76.1824
1.9775	8.2146	0.2514	77.4016	76.2365
1.9780	8.2147	0.2506	77.5099	76.3838
1.9785	8.2145	0.2538	77.5652	75.9595
1.9790	8.2146	0.2466	77.7459	75.8663
1.9795	8.2142	0.2602	77.3065	76.0154
1.9800	8.2135	0.2643	76.5961	76.0268
1.9805	8.2120	0.2769	75.7706	76.2933
1.9810	8.2127	0.2738	73.2136	76.1219
1.9815	8.2145	0.2558	72.8945	75.9182
1.9820	8.2148	0.2497	73.4720	75.7961
1.9825	8.2149	0.2523	73.9705	75.5197
1.9830	8.2144	0.2512	74.6086	75.7698
1.9835	8.2135	0.2637	75.1681	75.9720
1.9840	8.2127	0.2686	75.7040	76.0378
1.9845	8.2129	0.2671	76.2500	76.4052
1.9850	8.2139	0.2531	76.6295	76.3377
1.9855	8.2156	0.2465	76.9147	76.2433
1.9860	8.2151	0.2469	77.1392	76.1610
1.9865	8.2149	0.2482	77.3254	75.9719
1.9870	8.2135	0.2638	77.3491	76.2482
1.9875	8.2129	0.2716	76.6634	76.3755
1.9880	8.2126	0.2767	76.4256	76.2926
1.9885	8.2144	0.2543	76.7832	76.4780
1.9890	8.2162	0.2325	77.2437	76.0621
1.9895	8.2166	0.2278	77.7076	75.8560
1.9900	8.2164	0.2326	77.7958	75.9788
1.9905	8.2152	0.2432	77.9009	75.9784
1.9910	8.2145	0.2550	77.6862	76.1684
1.9915	8.2137	0.2604	77.3895	75.9741
1.9920	8.2135	0.2617	76.5075	75.8791
1.9925	8.2132	0.2623	75.3504	76.1840
1.9930	8.2141	0.2622	73.6672	75.7216
1.9935	8.2153	0.2523	72.8946	75.6205
1.9940	8.2160	0.2357	73.7833	75.6287
1.9945	8.2156	0.2437	74.1330	75.8449
1.9950	8.2139	0.2540	74.8245	76.0176
1.9955	8.2128	0.2738	75.2373	75.7235
1.9960	8.2130	0.2731	75.8392	75.8392
1.9965	8.2142	0.2592	76.2768	76.2406
1.9970	8.2140	0.2596	76.5676	76.2229
1.9975	8.2139	0.2573	76.8575	76.1563
1.9980	8.2142	0.2531	77.1264	75.9603
1.9985	8.2140	0.2582	77.4230	76.0704
1.9990	8.2142	0.2578	76.8267	76.2282
1.9995	8.2144	0.2559	75.7163	75.8646
2.0000	8.2137	0.2589	76.3787	76.1060
2.0005	8.2135	0.2652	77.0459	76.1254
2.0010	8.2145	0.2520	77.4634	76.0399
2.0015	8.2151	0.2512	77.7106	76.2797
2.0020	8.2144	0.2521	77.7748	75.8982
2.0025	8.2136	0.2573	77.9541	75.7681
2.0030	8.2130	0.2697	77.5942	75.8064
2.0035	8.2123	0.2753	77.2211	75.8552
2.0040	8.2124	0.2750	75.9302	76.1419
2.0045	8.2126	0.2686	75.0707	76.1291
2.0050	8.2138	0.2603	73.7526	75.9231
2.0055	8.2147	0.2561	73.0138	76.3297
2.0060	8.2161	0.2405	73.9682	76.0914
2.0065	8.2165	0.2336	74.2483	76.0193
2.0070	8.2159	0.2352	74.9413	76.1400
2.0075	8.2160	0.2351	75.3780	76.2313
2.0080	8.2153	0.2458	75.9894	76.3925
2.0085	8.2155	0.2435	76.3419	76.4785
2.0090	8.2155	0.2423	76.6924	76.3396
2.0095	8.2164	0.2435	76.9119	76.4820
2.0100	8.2156	0.2382	77.1902	75.9877
2.0105	8.2145	0.2588	77.2030	75.9794
2.0110	8.2136	0.2638	75.8245	76.3715
2.0115	8.2135	0.2645	75.9127	76.1428
2.0120	8.2137	0.2611	76.5970	76.0289
2.0125	8.2142	0.2477	77.0934	75.6723
2.0130	8.2153	0.2519	77.5257	75.7369
2.0135	8.2152	0.2507	77.7623	76.0444
2.0140	8.2149	0.2505	77.8936	75.4784
2.0145	8.2153	0.2510	77.7737	75.7010
2.0150	8.2151	0.2449	77.3248	76.0139
2.0155	8.2149	0.2476	76.8780	76.0976
2.0160	8.2151	0.2471	76.0551	76.0073
2.0165	8.2147	0.2491	74.9970	75.7179
2.0170	8.2160	0.2405	73.7510	75.8256
2.0175	8.2153	0.2451	73.2404	76.3386
2.0180	8.2137	0.2587	74.0881	76.0494
2.0185	8.2135	0.2611	74.3473	76.1891
2.0190	8.2143	0.2580	74.9524	76.2159
2.0195	8.2145	0.2520	75.5513	76.2262
2.0200	8.2158	0.2413	76.1807	76.0732
2.0205	8.2157	0.2381	76.3935	75.7111
2.0210	8.2162	0.2353	76.6090	75.8423
2.0215	8.2168	0.2328	76.8947	75.8888
2.0220	8.2163	0.2353	77.3101	75.9924
2.0225	8.2162	0.2354	75.3311	76.1861
2.0230	8.2170	0.2344	75.2426	75.9236
2.0235	8.2169	0.2280	76.1218	75.8863
2.0240	8.2168	0.2236	76.8100	75.9999
2.0245	8.2156	0.2440	77.2762	75.8088
2.0250	8.2137	0.2587	77.4144	75.9570
2.0255	8.2127	0.2738	77.7217	75.9350
2.0260	8.2122	0.2802	77.8374	76.1608
2.0265	8.2125	0.2750	77.7077	76.4124
2.0270	8.2132	0.2718	77.1121	76.1895
2.0275	8.2139	0.2620	76.5770	76.1833
2.0280	8.2146	0.2526	75.6444	76.2589
2.0285	8.2144	0.2541	74.2343	76.0037
2.0290	8.2150	0.2506	73.6855	76.2243
2.0295	8.2151	0.2487	73.6010	76.2699
2.0300	8.2151	0.2464	74.4234	76.1304
2.0305	8.2155	0.2455	74.8155	76.1570
2.0310	8.2154	0.2399	75.2995	76.1756
2.0315	8.2152	0.2456	75.8989	76.5385
2.0320	8.2138	0.2641	76.5113	76.4640
2.0325	8.2123	0.2725	76.8087	75.8842
2.0330	8.2109	0.2933	76.8809	75.6951
2.0335	8.2107	0.2980	77.2616	75.5977
2.0340	8.2113	0.2910	76.4775	75.8478
2.0345	8.2113	0.2882	76.9428	75.8322
2.0350	8.2120	0.2835	76.2983	75.6630
2.0355	8.2127	0.2756	76.0964	76.1652
2.0360	8.2124	0.2779	77.0373	76.2158
2.0365	8.2118	0.2786	77.2917	75.8122
2.0370	8.2118	0.2793	77.5069	75.8095
2.0375	8.2124	0.2773	77.6723	75.5821
2.0380	8.2134	0.2640	77.7115	76.1115
2.0385	8.2141	0.2579	77.4705	76.4155
2.0390	8.2151	0.2432	76.7080	76.3331
2.0395	8.2144	0.2552	76.2310	76.5637
2.0400	8.2130	0.2694	74.7574	76.2467
2.0405	8.2118	0.2843	72.8585	75.9912
2.0410	8.2113	0.2806	73.3290	75.8984
2.0415	8.2121	0.2822	73.7808	75.7018
2.0420	8.2121	0.2775	74.5098	75.7946
2.0425	8.2138	0.2584	74.9960	76.1393
2.0430	8.2147	0.2495	75.5876	76.3406
2.0435	8.2136	0.2629	76.0470	76.2532
2.0440	8.2131	0.2760	76.5461	75.8582
2.0445	8.2130	0.2707	76.7658	75.6805
2.0450	8.2130	0.2676	77.1435	75.9512
2.0455	8.2132	0.2658	77.1600	75.7701
2.0460	8.2131	0.2662	76.4023	75.8265
2.0465	8.2130	0.2672	77.0795	76.2319
2.0470	8.2131	0.2695	76.2776	76.4765
2.0475	8.2138	0.2599	76.3647	76.4277
2.0480	8.2126	0.2685	77.0755	76.1818
2.0485	8.2123	0.2787	77.4553	76.1850
2.0490	8.2128	0.2708	77.6098	76.3645
2.0495	8.2131	0.2723	77.6825	76.0277
2.0500	8.2141	0.2633	77.5737	76.1494
2.0505	8.2144	0.2567	77.2987	76.4462
2.0510	8.2155	0.2442	76.5737	76.1849
2.0515	8.2158	0.2461	75.9932	76.2062
2.0520	8.2153	0.2481	73.8149	76.1848
2.0525	8.2155	0.2416	72.9803	76.3206
2.0530	8.2162	0.2348	73.5780	76.2600
2.0535	8.2170	0.2258	73.9754	75.7438
2.0540	8.2174	0.2213	74.5915	75.6880
2.0545	8.2170	0.2228	75.1735	76.1290
2.0550	8.2159	0.2411	75.8844	75.9073
2.0555	8.2141	0.2553	76.2077	75.8013
2.0560	8.2132	0.2658	76.5108	75.7084
2.0565	8.2138	0.2576	76.9122	76.2230
2.0570	8.2143	0.2591	77.2676	76.0416
2.0575	8.2145	0.2498	77.3524	75.5242
2.0580	8.2149	0.2508	76.6896	75.7117
2.0585	8.2158	0.2408	76.7764	76.0502
2.0590	8.2158	0.2400	76.5781	76.2578
2.0595	8.2155	0.2425	76.5612	76.2299
2.0600	8.2150	0.2485	77.0520	76.1497
2.0605	8.2147	0.2531	77.2965	76.3403
2.0610	8.2141	0.2580	77.8145	76.2123
2.0615	8.2142	0.2568	77.7115	75.8472
2.0620	8.2142	0.2584	77.3834	76.0114
2.0625	8.2139	0.2619	76.7289	76.0667
2.0630	8.2130	0.2643	76.6899	76.2018
2.0635	8.2127	0.2752	74.8579	76.3692
2.0640	8.2133	0.2638	72.5260	76.0230
2.0645	8.2142	0.2584	72.9914	75.9514
2.0650	8.2148	0.2515	73.7263	75.6378
2.0655	8.2150	0.2555	74.4787	75.5977
2.0660	8.2137	0.2570	74.6503	75.9254
2.0665	8.2132	0.2691	75.1422	76.0260
2.0670	8.2131	0.2675	75.9707	76.1950
2.0675	8.2128	0.2638	76.6665	76.5242
2.0680	8.2145	0.2530	76.5815	76.2994
2.0685	8.2154	0.2500	76.7459	76.3080
2.0690	8.2157	0.2381	77.2632	76.0459
2.0695	8.2151	0.2424	77.6824	76.0395
2.0700	8.2139	0.2605	77.0551	76.3481
2.0705	8.2123	0.2683	76.2657	76.3513
2.0710	8.2131	0.2653	76.4239	76.3886
2.0715	8.2153	0.2503	77.0819	76.4168
2.0720	8.2162	0.2378	77.5027	75.8932
2.0725	8.2163	0.2305	77.6188	76.0275
2.0730	8.2162	0.2334	77.7924	75.9952
2.0735	8.2153	0.2435	78.0123	76.1391
2.0740	8.2153	0.2458	77.5196	76.1148
2.0745	8.2154	0.2422	76.9967	75.8624
2.0750	8.2158	0.2438	75.9647	76.0105
2.0755	8.2163	0.2395	74.9038	76.0266
2.0760	8.2167	0.2275	73.0172	75.5365
2.0765	8.2174	0.2228	73.0878	75.6647
2.0770	8.2177	0.2226	73.8946	75.6141
2.0775	8.2158	0.2384	74.5810	76.0965
2.0780	8.2141	0.2584	75.0426	75.9723
2.0785	8.2136	0.2652	75.2829	75.8447
2.0790	8.2149	0.2517	75.8707	76.1100
2.0795	8.2153	0.2440	76.5811	76.2617
2.0800	8.2153	0.2380	76.8449	76.1270
2.0805	8.2160	0.2371	76.8776	76.0245
2.0810	8.2159	0.2384	77.0138	75.8395
2.0815	8.2155	0.2402	77.4690	76.1942
2.0820	8.2154	0.2502	76.3923	76.0536
2.0825	8.2149	0.2430	75.7993	75.9699
2.0830	8.2153	0.2457	76.5426	76.3051
2.0835	8.2160	0.2396	77.1936	76.0525
2.0840	8.2170	0.2313	77.7573	76.2433
2.0845	8.2165	0.2331	77.7939	76.1336
2.0850	8.2152	0.2384	77.7477	75.7410
2.0855	8.2142	0.2581	77.8082	75.7540
2.0860	8.2134	0.2667	77.5226	75.7650
2.0865	8.2132	0.2703	76.9146	75.9499
2.0870	8.2130	0.2689	75.4074	76.2880
2.0875	8.2137	0.2612	74.7119	76.0512
2.0880	8.2153	0.2516	73.2420	76.2076
2.0885	8.2155	0.2405	73.5682	76.3417
2.0890	8.2172	0.2278	74.0504	76.0213
2.0895	8.2161	0.2296	74.4066	76.1081
2.0900	8.2160	0.2354	75.2004	76.1549
2.0905	8.2161	0.2428	75.7707	76.2364
2.0910	8.2152	0.2403	76.2443	76.4110
2.0915	8.2159	0.2340	76.3282	76.2940
2.0920	8.2161	0.2343	76.8415	76.3753
2.0925	8.2163	0.2378	77.1548	76.2624
2.0930	8.2149	0.2419	77.4458	75.8450
2.0935	8.2141	0.2636	76.6097	76.2459
2.0940	8.2132	0.2631	75.5277	76.3303
2.0945	8.2134	0.2612	76.4311	76.1049
2.0950	8.2142	0.2537	76.9168	75.9641
2.0955	8.2142	0.2542	77.2583	75.5691
2.0960	8.2141	0.2548	77.5532	75.9670
2.0965	8.2139	0.2585	77.9802	75.7038
2.0970	8.2140	0.2620	77.9559	75.4412
2.0975	8.2135	0.2623	77.6361	75.8309
2.0980	8.2140	0.2593	77.0494	76.0647
2.0985	8.2140	0.2641	76.7774	76.0755
2.0990	8.2138	0.2595	75.7715	75.9604
2.0995	8.2150	0.2504	74.5078	75.6772
2.1000	8.2152	0.2502	73.1672	76.1612
2.1005	8.2138	0.2572	73.6578	76.2097
2.1010	8.2132	0.2671	74.3948	76.0124
2.1015	8.2128	0.2659	74.6297	76.1970
2.1020	8.2135	0.2695	75.0411	76.1219
2.1025	8.2140	0.2561	75.9032	76.2544
2.1030	8.2147	0.2523	76.4470	75.8684
2.1035	8.2150	0.2475	76.5728	75.7152
2.1040	8.2160	0.2395	76.5323	75.8711
2.1045	8.2153	0.2440	77.2653	75.8691
2.1050	8.2155	0.2461	76.7186	76.1326
2.1055	8.2159	0.2331	75.0072	76.0730
2.1060	8.2164	0.2351	75.6418	75.8018
2.1065	8.2171	0.2292	76.3409	75.9744
2.1070	8.2161	0.2338	77.2185	75.8404
2.1075	8.2144	0.2537	77.4162	75.7914
2.1080	8.2131	0.2628	77.5701	75.9450
2.1085	8.2124	0.2800	77.7513	75.9123
2.1090	8.2121	0.2756	77.9291	76.2978
2.1095	8.2120	0.2809	77.6439	76.2992
2.1100	8.2123	0.2747	76.8238	76.1016
2.1105	8.2128	0.2721	76.2690	76.2761
2.1110	8.2130	0.2732	75.0621	76.2114
2.1115	8.2129	0.2726	74.0900	76.0576
2.1120	8.2138	0.2616	73.5825	76.3292
2.1125	8.2142	0.2597	73.8054	76.1101
2.1130	8.2143	0.2492	74.7252	76.1029
2.1135	8.2160	0.2413	75.1953	76.0140
2.1140	8.2177	0.2239	75.6503	76.2040
2.1145	8.2162	0.2267	76.0590	76.4947
2.1150	8.2148	0.2522	76.7546	76.1030
2.1155	8.2133	0.2698	76.9558	75.7781
2.1160	8.2114	0.2858	77.2067	75.6547
2.1165	8.2120	0.2825	77.0372	75.7093
2.1170	8.2126	0.2771	76.7472	75.9714
2.1175	8.2128	0.2717	77.0568	75.7063
2.1180	8.2141	0.2582	76.0250	75.7797
2.1185	8.2141	0.2626	76.4746	76.2158
2.1190	8.2130	0.2645	77.1343	75.8677
2.1195	8.2132	0.2684	77.6521	75.6567
2.1200	8.2125	0.2690	77.7331	75.5540
2.1205	8.2134	0.2683	77.6772	75.5950
2.1210	8.2138	0.2600	77.5737	76.3469
2.1215	8.2150	0.2458	77.3649	76.3171
2.1220	8.2153	0.2481	76.6499	76.5019
2.1225	8.2143	0.2520	75.8288	76.5060
2.1230	8.2130	0.2682	73.5139	76.1000
2.1235	8.2118	0.2800	72.9888	75.9247
2.1240	8.2120	0.2782	73.7994	75.7141
2.1245	8.2117	0.2777	74.1469	75.5705
2.1250	8.2126	0.2750	74.7235	75.7785
2.1255	8.2142	0.2614	75.2103	76.1450
2.1260	8.2148	0.2536	76.0055	76.2481
2.1265	8.2141	0.2569	76.3769	76.0886
2.1270	8.2131	0.2665	76.6852	75.6665
2.1275	8.2141	0.2573	76.8100	75.8563
2.1280	8.2140	0.2590	77.5907	75.9378
2.1285	8.2149	0.2536	76.7960	75.7221
2.1290	8.2153	0.2429	76.6376	75.9406
2.1295	8.2153	0.2469	76.8419	76.2859
2.1300	8.2149	0.2496	76.1893	76.4054
2.1305	8.2143	0.2540	77.0148	76.2403
2.1310	8.2127	0.2726	77.2258	76.0167
2.1315	8.2125	0.2775	77.4870	76.3095
2.1320	8.2130	0.2717	77.7846	76.1920
2.1325	8.2134	0.2676	77.8586	75.9746
2.1330	8.2138	0.2591	77.5229	76.3806
2.1335	8.2143	0.2551	76.8422	76.3427
2.1340	8.2142	0.2557	76.4505	76.0789
2.1345	8.2144	0.2530	75.4176	76.1454
2.1350	8.2138	0.2570	73.0492	76.1332
2.1355	8.2138	0.2587	73.1425	76.2788
2.1360	8.2145	0.2584	73.8119	75.9591
2.1365	8.2152	0.2504	74.5302	75.5127
2.1370	8.2152	0.2478	74.9363	75.8604
2.1375	8.2137	0.2588	75.3501	76.1069
2.1380	8.2130	0.2690	75.9967	75.8591
2.1385	8.2119	0.2790	76.6424	75.7624
2.1390	8.2124	0.2761	76.8797	75.8283
2.1395	8.2126	0.2748	76.9370	76.2704
2.1400	8.2126	0.2731	77.3307	75.5988
2.1405	8.2138	0.2676	77.2612	75.4236
2.1410	8.2146	0.2534	76.9096	75.7095
2.1415	8.2149	0.2481	76.6222	76.0981
2.1420	8.2138	0.2577	76.2893	76.2383
2.1425	8.2137	0.2602	77.0805	76.2174
2.1430	8.2142	0.2572	77.3798	76.2295
2.1435	8.2143	0.2533	77.5163	76.4082
2.1440	8.2142	0.2538	77.6035	76.0065
2.1445	8.2143	0.2529	77.7579	75.8355
2.1450	8.2137	0.2617	77.4128	76.0606
2.1455	8.2133	0.2688	76.5526	76.1083
2.1460	8.2120	0.2772	75.9447	76.2125
2.1465	8.2129	0.2791	73.5644	76.1456
2.1470	8.2146	0.2552	72.8835	75.8385
2.1475	8.2145	0.2513	73.4319	75.7810
2.1480	8.2150	0.2433	73.8065	75.5085
2.1485	8.2154	0.2455	74.5419	75.7237
2.1490	8.2141	0.2486	75.2118	76.0367
2.1495	8.2133	0.2722	75.6879	76.0941
2.1500	8.2135	0.2659	76.1026	76.3884
2.1505	8.2144	0.2563	76.5747	76.4049
2.1510	8.2151	0.2464	76.9189	76.1927
2.1515	8.2153	0.2438	77.2091	76.1415
2.1520	8.2159	0.2444	77.2790	75.9182
2.1525	8.2138	0.2570	77.3279	76.1043
2.1530	8.2133	0.2710	76.7836	76.3634
2.1535	8.2127	0.2726	76.4753	76.3225
2.1540	8.2141	0.2620	76.7493	76.5225
2.1545	8.2159	0.2467	77.1817	76.2147
2.1550	8.2164	0.2363	77.6282	75.9081
2.1555	8.2159	0.2412	77.8804	76.0351
2.1560	8.2153	0.2469	77.9704	75.9935
2.1565	8.2141	0.2534	77.6760	76.1433
2.1570	8.2142	0.2528	77.4097	75.9466
2.1575	8.2145	0.2535	76.7131	75.8446
2.1580	8.2143	0.2524	75.5516	76.1142
2.1585	8.2149	0.2552	73.8625	75.7382
2.1590	8.2157	0.2443	72.8035	75.5861
2.1595	8.2161	0.2352	73.8882	75.6327
2.1600	8.2157	0.2400	74.0884	75.7251
2.1605	8.2144	0.2501	74.6153	76.1279
2.1610	8.2129	0.2688	75.1420	75.7913
2.1615	8.2131	0.2782	75.9095	75.8667
2.1620	8.2143	0.2605	76.3259	76.2541
2.1625	8.2145	0.2536	76.4899	76.1923
2.1630	8.2147	0.2514	76.7649	76.0939
2.1635	8.2154	0.2492	77.1452	75.9042
2.1640	8.2146	0.2481	77.4210	75.9655
2.1645	8.2145	0.2558	76.9031	76.2588
2.1650	8.2145	0.2519	75.7075	75.9126
2.1655	8.2153	0.2493	76.3977	76.1205
2.1660	8.2148	0.2501	77.0554	76.2212
2.1665	8.2163	0.2393	77.2799	76.0607
2.1670	8.2175	0.2268	77.5712	76.2842
2.1675	8.2162	0.2319	77.8810	75.9110
2.1680	8.2151	0.2443	78.1376	75.7010
2.1685	8.2137	0.2584	77.5462	75.7574
2.1690	8.2132	0.2668	77.1137	75.7706
2.1695	8.2135	0.2625	76.1699	76.1363
2.1700	8.2134	0.2654	75.3150	76.2415
2.1705	8.2146	0.2480	73.9097	75.9815
2.1710	8.2161	0.2400	72.7993	76.3737
2.1715	8.2169	0.2263	73.8986	76.1754
2.1720	8.2165	0.2346	74.3547	76.0408
2.1725	8.2158	0.2396	74.9455	76.1268
2.1730	8.2158	0.2424	75.2167	76.2046
2.1735	8.2155	0.2433	75.9393	76.3469
2.1740	8.2153	0.2468	76.4551	76.4752
2.1745	8.2158	0.2393	76.6766	76.3132
2.1750	8.2161	0.2355	76.8043	76.5069
2.1755	8.2165	0.2345	77.1094	76.0558
2.1760	8.2148	0.2480	77.4227	75.9649
2.1765	8.2140	0.2604	76.0462	76.3742
2.1770	8.2139	0.2634	75.7173	76.1849
2.1775	8.2142	0.2582	76.5187	76.0031
2.1780	8.2145	0.2546	77.1404	75.6665
2.1785	8.2155	0.2446	77.5999	75.6551
2.1790	8.2152	0.2445	77.6952	76.0274
2.1795	8.2151	0.2478	77.7456	75.5018
2.1800	8.2151	0.2460	77.8565	75.6486
2.1805	8.2151	0.2495	77.6279	75.9845
2.1810	8.2152	0.2464	76.8747	76.1298
2.1815	8.2153	0.2462	76.0325	76.0458
2.1820	8.2156	0.2454	75.1476	75.7600
2.1825	8.2154	0.2436	74.1206	75.7641
2.1830	8.2152	0.2473	73.1990	76.3057
2.1835	8.2141	0.2585	73.8017	76.0414
2.1840	8.2136	0.2673	74.3436	76.1253
2.1845	8.2144	0.2600	75.1689	76.1921
2.1850	8.2152	0.2498	75.5408	76.2196
2.1855	8.2157	0.2464	75.9094	76.1178
2.1860	8.2169	0.2354	76.2681	75.7339
2.1865	8.2173	0.2298	76.8896	75.8850
2.1870	8.2177	0.2253	76.9581	75.9341
2.1875	8.2171	0.2268	77.1512	75.9987
2.1880	8.2175	0.2251	75.4517	76.1832
2.1885	8.2179	0.2190	75.3726	75.9262
2.1890	8.2182	0.2124	76.2233	75.8457
2.1895	8.2184	0.2136	76.5573	76.0269
2.1900	8.2165	0.2298	77.0728	75.8306
2.1905	8.2152	0.2501	77.5904	75.9126
2.1910	8.2135	0.2668	77.9516	75.9692
2.1915	8.2132	0.2722	77.7523	76.1335
2.1920	8.2138	0.2599	77.5433	76.4472
2.1925	8.2140	0.2571	77.2519	76.2388
2.1930	8.2149	0.2513	76.8191	76.1817
2.1935	8.2158	0.2380	75.7528	76.2983
2.1940	8.2154	0.2474	74.1847	76.0206
2.1945	8.2154	0.2396	73.7705	76.1385
2.1950	8.2156	0.2437	73.7966	76.2787
2.1955	8.2158	0.2382	74.3117	76.1103
2.1960	8.2163	0.2344	74.6083	76.1505
2.1965	8.2171	0.2301	75.2536	76.1374
2.1970	8.2171	0.2280	76.1089	76.4961
2.1975	8.2154	0.2450	76.5060	76.5092
2.1980	8.2137	0.2624	76.5810	75.9559
2.1985	8.2124	0.2786	76.7290	75.7115
2.1990	8.2111	0.2897	77.5672	75.5771
2.1995	8.2119	0.2833	76.7409	75.8016
2.2000	8.2120	0.2819	76.6818	75.8703
2.2005	8.2125	0.2736	76.2479	75.6303
2.2010	8.2140	0.2620	76.2446	76.0683
2.2015	8.2137	0.2616	77.1335	76.2395
2.2020	8.2130	0.2673	77.0751	75.7915
2.2025	8.2133	0.2693	77.3702	75.7704
2.2030	8.2133	0.2660	77.8562	75.5511
2.2035	8.2139	0.2557	77.9637	76.0401
2.2040	8.2148	0.2483	77.2905	76.4263
2.2045	8.2159	0.2357	76.5579	76.3299
2.2050	8.2156	0.2410	76.4541	76.5716
2.2055	8.2143	0.2528	75.2574	76.2895
2.2060	8.2130	0.2644	72.8054	76.0106
2.2065	8.2127	0.2733	72.9870	75.8919
2.2070	8.2135	0.2665	73.8422	75.6952
2.2075	8.2131	0.2632	74.7684	75.7452
2.2080	8.2148	0.2527	74.9351	76.0657
2.2085	8.2158	0.2410	75.1708	76.3191
2.2090	8.2154	0.2469	76.0074	76.2728
2.2095	8.2140	0.2638	76.8441	75.9196
2.2100	8.2135	0.2644	76.8712	75.6888
2.2105	8.2143	0.2585	76.8028	75.9660
2.2110	8.2140	0.2583	77.1354	75.8109
2.2115	8.2142	0.2558	76.6168	75.8280
2.2120	8.2141	0.2555	77.2659	76.1964
2.2125	8.2140	0.2643	76.2042	76.4551
2.2130	8.2139	0.2570	76.1571	76.4188
2.2135	8.2140	0.2686	77.3264	76.1964
2.2140	8.2127	0.2753	77.5748	76.1419
2.2145	8.2129	0.2735	77.4519	76.3825
2.2150	8.2136	0.2647	77.5133	76.0527
2.2155	8.2145	0.2564	77.7939	76.1237
2.2160	8.2153	0.2453	77.5383	76.4666
2.2165	8.2158	0.2419	76.4283	76.2089
2.2170	8.2160	0.2407	75.9535	76.2004
2.2175	8.2156	0.2442	74.1472	76.1740
2.2180	8.2159	0.2430	73.0495	76.2881
2.2185	8.2165	0.2318	73.4706	76.2972
2.2190	8.2170	0.2285	73.7913	75.7918
2.2195	8.2177	0.2179	74.6215	75.6587
2.2200	8.2175	0.2236	75.2805	76.1040
2.2205	8.2158	0.2385	75.7076	75.9351
2.2210	8.2142	0.2604	76.0268	75.8026
2.2215	8.2133	0.2662	76.5659	75.6861
2.2220	8.2139	0.2615	77.0733	76.1619
2.2225	8.2137	0.2567	77.2466	76.1165
2.2230	8.2142	0.2615	77.1123	75.5311
2.2235	8.2149	0.2504	76.7415	75.6914
2.2240	8.2154	0.2413	77.0668	76.0242
2.2245	8.2157	0.2357	76.6266	76.2590
2.2250	8.2152	0.2461	76.2873	76.2464
2.2255	8.2150	0.2484	76.9553	76.1521
2.2260	8.2147	0.2528	77.4985	76.2875
2.2265	8.2141	0.2558	77.8990	76.2638
2.2270	8.2141	0.2584	77.4633	75.8515
2.2275	8.2143	0.2559	77.3233	75.9606
2.2280	8.2141	0.2606	76.9679	76.0078
2.2285	8.2136	0.2627	76.8150	76.1574
2.2290	8.2131	0.2720	74.9820	76.3615
2.2295	8.2132	0.2683	72.4572	76.0515
2.2300	8.2145	0.2547	73.0780	75.9686
2.2305	8.2155	0.2442	73.8356	75.7106
2.2310	8.2155	0.2399	74.2267	75.5646
2.2315	8.2151	0.2488	74.4542	75.9132
2.2320	8.2140	0.2648	75.2777	76.0725
2.2325	8.2133	0.2596	76.1074	76.2138
2.2330	8.2140	0.2585	76.5112	76.5214
2.2335	8.2150	0.2517	76.3877	76.3278
2.2340	8.2164	0.2400	76.8321	76.3044
2.2345	8.2170	0.2341	77.4002	76.0736
2.2350	8.2153	0.2391	77.5992	76.0227
2.2355	8.2142	0.2531	76.9056	76.3337
2.2360	8.2139	0.2639	76.2487	76.4146
2.2365	8.2134	0.2673	76.6299	76.3839
2.2370	8.2154	0.2429	77.1511	76.4957
2.2375	8.2172	0.2304	77.2946	75.9489
2.2380	8.2178	0.2229	77.5200	76.0254
2.2385	8.2173	0.2186	77.8140	76.0024
2.2390	8.2160	0.2393	78.1071	76.1102
2.2395	8.2154	0.2508	77.5687	76.1361
2.2400	8.2152	0.2453	77.0406	75.8974
2.2405	8.2159	0.2447	76.1080	75.9935
2.2410	8.2161	0.2407	75.0646	76.0807
2.2415	8.2161	0.2362	73.0442	75.5627
2.2420	8.2175	0.2233	72.9508	75.6879
2.2425	8.2173	0.2261	73.9828	75.6036
2.2430	8.2162	0.2341	74.5558	76.0618
2.2435	8.2144	0.2547	74.9091	76.0088
2.2440	8.2134	0.2618	75.1235	75.8131
2.2445	8.2145	0.2563	75.9565	76.0339
2.2450	8.2157	0.2419	76.6909	76.2455
2.2455	8.2160	0.2382	76.7214	76.1524
2.2460	8.2166	0.2319	76.6897	76.0641
2.2465	8.2158	0.2395	77.0128	75.8308
2.2470	8.2149	0.2455	77.6421	76.1796
2.2475	8.2152	0.2510	76.5463	76.1329
2.2480	8.2152	0.2468	75.6361	75.9386
2.2485	8.2146	0.2516	76.4528	76.2857
2.2490	8.2154	0.2446	77.2874	76.0741
2.2495	8.2165	0.2364	77.7318	76.2088
2.2500	8.2160	0.2339	77.6054	76.1774
2.2505	8.2149	0.2461	77.6798	75.7436
2.2510	8.2140	0.2582	77.9917	75.7338
2.2515	8.2134	0.2682	77.6735	75.7538
2.2520	8.2125	0.2733	76.8895	75.9113
2.2525	8.2129	0.2705	75.3714	76.2658
2.2530	8.2138	0.2619	74.8730	76.0213
2.2535	8.2146	0.2530	73.3789	76.1629
2.2540	8.2162	0.2391	73.3388	76.3740
2.2545	8.2173	0.2222	73.9084	76.0212
2.2550	8.2172	0.2290	74.4385	76.0861
2.2555	8.2178	0.2256	75.2865	76.1753
2.2560	8.2169	0.2253	75.5914	76.2194
2.2565	8.2166	0.2287	76.0449	76.4860
2.2570	8.2170	0.2281	76.4301	76.3456
2.2575	8.2173	0.2257	76.8824	76.3518
2.2580	8.2171	0.2247	77.0055	76.3347
2.2585	8.2157	0.2373	77.2858	75.8488
2.2590	8.2141	0.2593	76.8112	76.2285
2.2595	8.2138	0.2646	75.6923	76.3750
2.2600	8.2133	0.2629	76.2088	76.1153
2.2605	8.2142	0.2606	76.6364	76.0021
2.2610	8.2138	0.2549	77.2529	75.5726
2.2615	8.2144	0.2552	77.6430	75.9364
2.2620	8.2140	0.2602	77.9674	75.7756
2.2625	8.2142	0.2572	77.7844	75.4202
2.2630	8.2139	0.2617	77.6491	75.7776
2.2635	8.2138	0.2561	77.2965	76.0328
2.2640	8.2140	0.2576	76.7509	76.0642
2.2645	8.2145	0.2546	75.6752	75.9295
2.2650	8.2147	0.2574	74.6149	75.6654
2.2655	8.2145	0.2526	73.4403	76.0970
2.2660	8.2140	0.2560	73.6295	76.2758
2.2665	8.2126	0.2693	74.2067	76.0163
2.2670	8.2123	0.2777	74.4771	76.2219
2.2675	8.2127	0.2822	75.1414	76.1357
2.2680	8.2131	0.2724	75.8720	76.2058
2.2685	8.2140	0.2627	76.3053	75.8555
2.2690	8.2139	0.2625	76.4238	75.7055
2.2695	8.2147	0.2471	76.6283	75.9063
2.2700	8.2152	0.2455	77.3230	75.8638
2.2705	8.2147	0.2519	76.9010	76.0845
2.2710	8.2159	0.2446	74.9199	76.0817
2.2715	8.2155	0.2416	75.5522	75.8181
2.2720	8.2163	0.2354	76.4473	75.9597
2.2725	8.2154	0.2437	77.1307	75.8460
2.2730	8.2140	0.2624	77.2070	75.7993
2.2735	8.2128	0.2721	77.5231	76.0003
2.2740	8.2121	0.2807	77.9277	75.9374
2.2745	8.2115	0.2862	77.9802	76.2842
2.2750	8.2114	0.2888	77.5222	76.3282
2.2755	8.2114	0.2846	76.8029	76.1014
2.2760	8.2122	0.2778	76.5015	76.2550
2.2765	8.2126	0.2747	75.3171	76.2021
2.2770	8.2127	0.2748	73.9941	75.9947
2.2775	8.2133	0.2710	73.5316	76.2914
2.2780	8.2137	0.2618	73.8497	76.1422
2.2785	8.2146	0.2573	74.7420	76.1091
2.2790	8.2153	0.2449	74.9674	76.0551
2.2795	8.2165	0.2358	75.4475	76.2001
2.2800	8.2152	0.2430	76.1332	76.5194
2.2805	8.2137	0.2602	76.8400	76.1989
2.2810	8.2123	0.2754	76.8491	75.7584
2.2815	8.2109	0.2892	77.0015	75.6398
2.2820	8.2110	0.2923	77.0990	75.6422
2.2825	8.2114	0.2871	76.8455	75.9330
2.2830	8.2114	0.2900	76.9999	75.7041
2.2835	8.2120	0.2767	75.8080	75.7507
2.2840	8.2124	0.2795	76.4616	76.2176
2.2845	8.2119	0.2810	77.2801	75.9566
2.2850	8.2111	0.2853	77.5832	75.6989
2.2855	8.2114	0.2862	77.5213	75.6346
2.2860	8.2122	0.2806	77.5795	75.5987
2.2865	8.2120	0.2788	77.7495	76.3151
2.2870	8.2134	0.2668	77.4863	76.3379
2.2875	8.2135	0.2629	76.4990	76.4656
2.2880	8.2127	0.2762	75.9075	76.5147
2.2885	8.2115	0.2841	73.9557	76.1084
2.2890	8.2107	0.2952	73.0310	75.9579
2.2895	8.2107	0.2964	73.6168	75.7506
2.2900	8.2106	0.3003	73.9287	75.5945
2.2905	8.2106	0.2948	74.7452	75.7935
2.2910	8.2122	0.2770	75.3250	76.1589
2.2915	8.2135	0.2641	75.8868	76.2925
2.2920	8.2130	0.2679	76.1188	76.1326
2.2925	8.2127	0.2714	76.7056	75.7009
2.2930	8.2135	0.2664	76.9678	75.7828
2.2935	8.2133	0.2650	77.5036	75.9135
2.2940	8.2138	0.2599	76.6902	75.6898
2.2945	8.2142	0.2601	76.5282	75.9096
2.2950	8.2138	0.2614	77.1535	76.2867
2.2955	8.2129	0.2652	76.2485	76.4197
2.2960	8.2139	0.2633	76.7444	76.3036
2.2965	8.2121	0.2774	77.1473	76.0735
2.2970	8.2116	0.2869	77.6059	76.2710
2.2975	8.2126	0.2750	77.8402	76.2496
2.2980	8.2132	0.2702	77.7479	75.9506
2.2985	8.2139	0.2603	77.4384	76.2992
2.2990	8.2143	0.2578	77.0447	76.3242
2.2995	8.2141	0.2567	76.5825	76.0988
2.3000	8.2144	0.2561	75.5555	76.1666
2.3005	8.2139	0.2606	73.1368	76.1425
2.3010	8.2134	0.2608	73.0927	76.3267
2.3015	8.2139	0.2596	73.8302	76.0666
2.3020	8.2147	0.2558	74.4142	75.6133
2.3025	8.2144	0.2549	74.7712	75.8637
2.3030	8.2135	0.2617	75.3705	76.1082
2.3035	8.2123	0.2737	76.0635	75.8190
2.3040	8.2122	0.2782	76.5615	75.7206
2.3045	8.2120	0.2796	76.7961	75.7187
2.3050	8.2120	0.2822	76.8362	76.2574
2.3055	8.2131	0.2773	77.3441	75.6883
2.3060	8.2130	0.2694	77.3636	75.4681
2.3065	8.2137	0.2590	76.8569	75.8053
2.3070	8.2138	0.2629	76.7728	76.1565
2.3075	8.2134	0.2645	76.3141	76.2928
2.3080	8.2133	0.2665	76.9451	76.2225
2.3085	8.2135	0.2634	77.3346	76.1591
2.3090	8.2140	0.2608	77.4595	76.3494
2.3095	8.2140	0.2644	77.7299	75.9768
2.3100	8.2139	0.2599	77.7476	75.7718
2.3105	8.2129	0.2666	77.4066	76.0304
2.3110	8.2129	0.2729	76.5702	76.1062
2.3115	8.2118	0.2823	76.2353	76.2806
2.3120	8.2116	0.2779	73.9402	76.2638
2.3125	8.2136	0.2619	72.6810	75.9299
2.3130	8.2140	0.2561	73.1615	75.8333
2.3135	8.2142	0.2590	73.8615	75.4970
2.3140	8.2138	0.2586	74.7669	75.6727
2.3145	8.2126	0.2723	75.1322	75.9674
2.3150	8.2120	0.2822	75.3678	75.9604
2.3155	8.2121	0.2805	75.9425	76.3242
2.3160	8.2125	0.2771	76.8423	76.4584
2.3165	8.2133	0.2681	77.0278	76.2627
2.3170	8.2145	0.2534	76.9039	76.2430
2.3175	8.2150	0.2514	77.0482	76.0007
2.3180	8.2143	0.2634	77.5688	76.2132
2.3185	8.2132	0.2726	77.0745	76.3662
2.3190	8.2125	0.2754	76.3512	76.2788
2.3195	8.2135	0.2684	76.4343	76.4356
2.3200	8.2146	0.2576	77.2551	76.2215
2.3205	8.2142	0.2551	77.8856	75.8754
2.3210	8.2149	0.2555	77.7683	76.0590
2.3215	8.2137	0.2602	77.7020	76.0512
2.3220	8.2125	0.2723	77.7898	76.1905
2.3225	8.2134	0.2642	77.7565	76.0365
2.3230	8.2135	0.2653	76.8438	75.8480
2.3235	8.2129	0.2661	75.3541	76.0759
2.3240	8.2124	0.2711	74.0229	75.7682
2.3245	8.2141	0.2611	72.9875	75.5203
2.3250	8.2157	0.2449	73.7918	75.6540
2.3255	8.2149	0.2458	73.8992	75.7100
2.3260	8.2141	0.2553	74.5847	76.1217
2.3265	8.2121	0.2719	75.3242	75.8312
2.3270	8.2123	0.2787	75.8559	75.8868
2.3275	8.2136	0.2629	76.0266	76.3013
2.3280	8.2142	0.2594	76.4079	76.2391
2.3285	8.2144	0.2597	76.9876	76.1309
2.3290	8.2144	0.2562	77.2706	75.9925
2.3295	8.2146	0.2571	77.2041	75.9349
2.3300	8.2144	0.2549	76.9059	76.2263
2.3305	8.2137	0.2591	75.9865	75.8905
2.3310	8.2147	0.2534	76.4745	76.0432
2.3315	8.2149	0.2555	76.8253	76.1240
2.3320	8.2157	0.2455	77.0508	75.9972
2.3325	8.2160	0.2374	77.7978	76.3118
2.3330	8.2155	0.2449	78.1007	75.9952
2.3335	8.2145	0.2510	77.9401	75.7590
2.3340	8.2138	0.2607	77.3751	75.7922
2.3345	8.2131	0.2705	77.3209	75.8156
2.3350	8.2125	0.2769	76.6044	76.0322
2.3355	8.2128	0.2719	75.3017	76.1876
2.3360	8.2136	0.2658	73.8179	75.9548
2.3365	8.2144	0.2528	72.8071	76.3495
2.3370	8.2151	0.2513	74.1683	76.2546
2.3375	8.2152	0.2462	74.3835	76.0706
2.3380	8.2145	0.2487	74.6185	76.0417
2.3385	8.2152	0.2472	75.1223	76.1495
2.3390	8.2149	0.2487	76.1423	76.3390
2.3395	8.2154	0.2481	76.5341	76.4380
2.3400	8.2159	0.2402	76.4514	76.3100
2.3405	8.2160	0.2360	76.7609	76.4595
2.3410	8.2160	0.2364	77.3329	76.0864
2.3415	8.2146	0.2500	77.5988	75.9042
2.3420	8.2136	0.2644	75.9175	76.3688
2.3425	8.2139	0.2650	75.4858	76.2279
2.3430	8.2142	0.2608	76.6795	76.0741
2.3435	8.2150	0.2505	77.3015	75.7381
2.3440	8.2154	0.2434	77.4463	75.6455
2.3445	8.2150	0.2474	77.5175	76.0548
2.3450	8.2143	0.2560	77.9565	75.5240
2.3455	8.2147	0.2508	78.0685	75.5910
2.3460	8.2150	0.2567	77.5254	75.9401
2.3465	8.2147	0.2507	76.7160	76.0998
2.3470	8.2147	0.2505	76.3035	76.0274
2.3475	8.2156	0.2446	75.5153	75.7525
2.3480	8.2155	0.2431	74.0822	75.7592
2.3485	8.2152	0.2490	72.9523	76.3348
2.3490	8.2140	0.2532	73.8977	76.1102
2.3495	8.2130	0.2688	74.5587	76.1461
2.3500	8.2128	0.2761	75.0109	76.2143
2.3505	8.2122	0.2737	75.1938	76.2146
2.3510	8.2135	0.2640	75.9991	76.2010
2.3515	8.2145	0.2561	76.5475	75.7655
2.3520	8.2148	0.2472	76.8842	75.8354
2.3525	8.2155	0.2431	76.6378	75.9091
2.3530	8.2155	0.2461	77.1741	75.9434
2.3535	8.2160	0.2399	75.8835	76.1736
2.3540	8.2164	0.2378	75.3434	75.9595
2.3545	8.2161	0.2339	75.9388	75.8481
2.3550	8.2165	0.2322	76.4296	76.0624
2.3555	8.2153	0.2449	77.3241	75.8821
2.3560	8.2134	0.2588	77.7120	75.9310
2.3565	8.2128	0.2729	77.7017	75.9463
2.3570	8.2119	0.2839	77.5437	76.0576
2.3575	8.2122	0.2795	77.7939	76.4174
2.3580	8.2125	0.2762	77.5417	76.2180
2.3585	8.2130	0.2652	76.7432	76.1669
2.3590	8.2140	0.2643	75.6762	76.2905
2.3595	8.2134	0.2629	74.4050	76.0509
2.3600	8.2137	0.2685	74.0522	76.1639
2.3605	8.2139	0.2586	73.6476	76.3464
2.3610	8.2140	0.2611	74.0322	76.1557
2.3615	8.2151	0.2526	74.7135	76.1965
2.3620	8.2150	0.2475	75.4819	76.1191
2.3625	8.2148	0.2461	76.0356	76.4149
2.3630	8.2143	0.2580	76.2151	76.4396
2.3635	8.2124	0.2759	76.6677	75.9357
2.3640	8.2110	0.2854	77.0378	75.6789
2.3645	8.2106	0.2990	77.5031	75.6102
2.3650	8.2110	0.2920	76.6365	75.8209
2.3655	8.2118	0.2932	76.7191	75.9421
2.3660	8.2122	0.2793	76.6189	75.6907
2.3665	8.2133	0.2687	76.2337	76.0831
2.3670	8.2128	0.2773	76.8240	76.3330
2.3675	8.2122	0.2766	77.0820	75.8021
2.3680	8.2123	0.2783	77.6466	75.7317
2.3685	8.2125	0.2786	77.8143	75.5033
2.3690	8.2130	0.2712	77.6905	75.9326
2.3695	8.2143	0.2573	77.3656	76.4330
2.3700	8.2147	0.2507	76.9672	76.3197
2.3705	8.2144	0.2575	76.5552	76.5444
2.3710	8.2140	0.2605	75.1418	76.3627
2.3715	8.2127	0.2751	72.8060	76.0590
2.3720	8.2126	0.2778	73.2315	75.9341
2.3725	8.2120	0.2803	73.9991	75.7370
2.3730	8.2124	0.2772	74.4848	75.7355
2.3735	8.2131	0.2689	74.6918	76.0149
2.3740	8.2144	0.2592	75.3690	76.2859
2.3745	8.2140	0.2637	76.2783	76.2630
2.3750	8.2130	0.2689	76.6508	75.9400
2.3755	8.2129	0.2745	76.5660	75.6456
2.3760	8.2128	0.2663	76.8672	75.9438
2.3765	8.2134	0.2688	77.5183	75.8370
2.3770	8.2136	0.2682	76.5594	75.8364
2.3775	8.2136	0.2636	76.9449	76.1927
2.3780	8.2131	0.2648	76.3010	76.4560
2.3785	8.2137	0.2635	76.4113	76.4527
2.3790	8.2135	0.2680	77.3032	76.2146
2.3795	8.2118	0.2827	77.2529	76.0967
2.3800	8.2121	0.2785	77.4120	76.3621
2.3805	8.2126	0.2717	77.8375	76.0686
2.3810	8.2138	0.2604	77.8891	76.0848
2.3815	8.2144	0.2565	77.3754	76.4619
2.3820	8.2147	0.2561	76.4198	76.2339
2.3825	8.2142	0.2560	76.2458	76.2205
2.3830	8.2139	0.2559	74.5143	76.2025
2.3835	8.2136	0.2663	72.8415	76.2946
2.3840	8.2139	0.2648	73.3026	76.3452
2.3845	8.2137	0.2620	73.9597	75.8404
2.3850	8.2143	0.2596	74.8238	75.6159
2.3855	8.2138	0.2579	75.1313	76.0966
2.3860	8.2129	0.2691	75.4826	75.9814
2.3865	8.2116	0.2798	76.1825	75.8161
2.3870	8.2119	0.2838	76.7955	75.6769
2.3875	8.2118	0.2876	76.8624	76.0824
2.3880	8.2114	0.2856	76.9847	76.1635
2.3885	8.2122	0.2801	77.3844	75.5029
2.3890	8.2129	0.2685	77.0991	75.6535
2.3895	8.2132	0.2619	76.9254	76.0090
2.3900	8.2135	0.2681	76.3705	76.2824
2.3905	8.2136	0.2652	76.3992	76.2859
2.3910	8.2137	0.2670	77.3077	76.1983
2.3915	8.2137	0.2642	77.4055	76.2852
2.3920	8.2134	0.2665	77.5706	76.2749
2.3925	8.2137	0.2599	77.5482	75.8251
2.3930	8.2136	0.2589	77.7370	75.9257
2.3935	8.2136	0.2636	77.0731	76.0059
2.3940	8.2131	0.2720	76.4833	76.1144
2.3945	8.2120	0.2832	75.1532	76.4301
2.3950	8.2125	0.2741	72.8804	76.1123
2.3955	8.2132	0.2673	73.0969	76.0157
2.3960	8.2139	0.2638	73.5440	75.7493
2.3965	8.2137	0.2589	74.1151	75.5745
2.3970	8.2133	0.2670	74.7782	75.8851
2.3975	8.2122	0.2786	75.4224	76.0832
2.3980	8.2122	0.2833	75.7555	76.1936
2.3985	8.2122	0.2782	76.2902	76.5230
2.3990	8.2130	0.2692	76.7040	76.3427
2.3995	8.2138	0.2616	77.0833	76.3190
2.4000	8.2143	0.2585	77.2001	76.1130
2.4005	8.2131	0.2593	77.3364	76.0318
2.4010	8.2126	0.2717	77.1797	76.3311
2.4015	8.2127	0.2748	76.6201	76.4558
2.4020	8.2127	0.2773	76.4990	76.4086
2.4025	8.2151	0.2493	76.8024	76.5212
2.4030	8.2161	0.2410	77.3145	75.9700
2.4035	8.2161	0.2393	77.8563	76.0025
2.4040	8.2154	0.2469	77.9194	76.0074
2.4045	8.2140	0.2636	77.8622	76.1267
2.4050	8.2125	0.2717	77.5301	76.2205
2.4055	8.2132	0.2690	77.2828	75.9819
2.4060	8.2129	0.2770	76.2023	76.0530
2.4065	8.2133	0.2682	74.9967	76.1621
2.4070	8.2146	0.2531	73.1174	75.6046
2.4075	8.2149	0.2496	73.2366	75.6792
2.4080	8.2158	0.2430	74.0129	75.5518
2.4085	8.2143	0.2536	74.1752	75.9978
2.4090	8.2132	0.2670	74.7999	76.0079
2.4095	8.2122	0.2762	75.4672	75.8143
2.4100	8.2141	0.2627	76.1151	76.0722
2.4105	8.2147	0.2501	76.3661	76.2967
2.4110	8.2147	0.2528	76.4796	76.2143
2.4115	8.2148	0.2515	76.9743	76.1482
2.4120	8.2145	0.2514	77.3445	75.9243
2.4125	8.2141	0.2574	77.4533	76.1932
2.4130	8.2137	0.2601	76.2669	76.1581
2.4135	8.2140	0.2564	75.7658	75.8948
2.4140	8.2145	0.2558	76.7829	76.2326
2.4145	8.2145	0.2567	77.1925	76.0327
2.4150	8.2157	0.2445	77.4307	76.2110
2.4155	8.2160	0.2414	77.7143	76.2653
2.4160	8.2152	0.2512	78.0168	75.8406
2.4165	8.2141	0.2613	77.9970	75.8053
2.4170	8.2128	0.2685	77.3244	75.8412
2.4175	8.2125	0.2767	76.9350	75.9458
2.4180	8.2121	0.2759	75.7931	76.2840
2.4185	8.2128	0.2710	75.0432	76.0666
2.4190	8.2139	0.2658	73.2212	76.1105
2.4195	8.2144	0.2551	73.1544	76.3780
2.4200	8.2161	0.2379	74.1609	76.0530
2.4205	8.2156	0.2390	74.5765	76.1167
2.4210	8.2159	0.2440	75.0694	76.2125
2.4215	8.2157	0.2455	75.4419	76.2942
2.4220	8.2149	0.2452	76.2184	76.5496
2.4225	8.2148	0.2534	76.5901	76.4242
2.4230	8.2148	0.2533	76.8325	76.3940
2.4235	8.2155	0.2486	76.8406	76.3733
2.4240	8.2150	0.2478	77.2934	75.8475
2.4245	8.2136	0.2590	77.0645	76.1798
2.4250	8.2135	0.2685	75.6982	76.3787
2.4255	8.2133	0.2663	76.1147	76.1081
2.4260	8.2137	0.2609	76.7011	76.0041
2.4265	8.2143	0.2593	77.3939	75.6039
2.4270	8.2143	0.2579	77.6584	75.9691
2.4275	8.2143	0.2591	77.7976	75.8971
2.4280	8.2143	0.2585	77.8512	75.4898
2.4285	8.2138	0.2608	77.8080	75.8552
2.4290	8.2140	0.2574	77.2859	76.0482
2.4295	8.2135	0.2641	76.7387	76.0643
2.4300	8.2133	0.2640	75.7308	75.9269
2.4305	8.2137	0.2593	74.8284	75.6466
2.4310	8.2144	0.2588	73.4945	76.0963
2.4315	8.2137	0.2584	73.4320	76.3199
2.4320	8.2127	0.2671	74.1998	76.0659
2.4325	8.2124	0.2803	74.6203	76.2505
2.4330	8.2124	0.2804	75.2267	76.1765
2.4335	8.2130	0.2725	75.7807	76.2861
2.4340	8.2140	0.2600	76.2173	75.9361
2.4345	8.2139	0.2604	76.5697	75.7265
2.4350	8.2144	0.2527	76.7283	75.9326
2.4355	8.2145	0.2517	77.1931	75.8826
2.4360	8.2139	0.2584	76.9068	76.1164
2.4365	8.2146	0.2533	75.0698	76.1234
2.4370	8.2147	0.2534	75.6833	75.8732
2.4375	8.2152	0.2458	76.3559	76.0304
2.4380	8.2144	0.2469	76.9973	75.9612
2.4385	8.2131	0.2649	77.3152	75.8475
2.4390	8.2126	0.2755	77.6850	76.0468
2.4395	8.2121	0.2796	77.9030	75.9319
2.4400	8.2113	0.2895	77.8078	76.2850
2.4405	8.2111	0.2867	77.5812	76.3410
2.4410	8.2109	0.2889	77.0595	76.1377
2.4415	8.2123	0.2795	76.5356	76.2630
2.4420	8.2121	0.2768	75.2117	76.2337
2.4425	8.2123	0.2759	73.9926	76.0506
2.4430	8.2131	0.2724	73.6371	76.3470
2.4435	8.2131	0.2681	73.8959	76.2189
2.4440	8.2137	0.2598	74.6590	76.1643
2.4445	8.2148	0.2549	74.9637	76.1016
2.4450	8.2147	0.2497	75.6093	76.1995
2.4455	8.2134	0.2599	76.1025	76.5243
2.4460	8.2125	0.2762	76.7634	76.2185
2.4465	8.2113	0.2873	76.8203	75.7982
2.4470	8.2104	0.2977	77.1662	75.6716
2.4475	8.2107	0.2988	77.0873	75.6714
2.4480	8.2108	0.2921	76.5114	75.9743
2.4485	8.2114	0.2944	77.0167	75.7659
2.4490	8.2117	0.2846	75.9489	75.7738
2.4495	8.2112	0.2862	76.5304	76.1767
2.4500	8.2110	0.2910	77.2376	75.9814
2.4505	8.2109	0.2931	77.4848	75.7379
2.4510	8.2108	0.2947	77.5714	75.6773
2.4515	8.2114	0.2868	77.8070	75.6268
2.4520	8.2119	0.2791	77.7765	76.3394
2.4525	8.2127	0.2759	77.3972	76.3748
2.4530	8.2132	0.2683	76.5254	76.4786
2.4535	8.2122	0.2751	76.0415	76.5483
2.4540	8.2110	0.2930	74.0624	76.1439
2.4545	8.2104	0.2988	72.9644	76.0059
2.4550	8.2105	0.2950	73.5967	75.8122
2.4555	8.2108	0.2941	74.0353	75.6604
2.4560	8.2115	0.2878	74.7915	75.8325
2.4565	8.2129	0.2666	75.2376	76.1612
2.4570	8.2140	0.2615	75.8491	76.2987
2.4575	8.2133	0.2669	76.2246	76.1607
2.4580	8.2124	0.2755	76.7798	75.7048
2.4585	8.2127	0.2744	76.9134	75.8277
2.4590	8.2124	0.2742	77.4420	75.9767
2.4595	8.2127	0.2737	76.7993	75.7659
2.4600	8.2129	0.2756	76.6545	76.0067
2.4605	8.2128	0.2787	77.1641	76.3419
2.4610	8.2129	0.2716	76.1808	76.4593
2.4615	8.2129	0.2666	76.7354	76.3064
2.4620	8.2122	0.2795	77.1714	76.0812
2.4625	8.2111	0.2882	77.6867	76.2451
2.4630	8.2123	0.2778	77.8126	76.2508
2.4635	8.2127	0.2721	77.6778	75.9555
2.4640	8.2140	0.2622	77.5232	76.3358
2.4645	8.2143	0.2587	77.1567	76.4091
2.4650	8.2143	0.2572	76.5648	76.1626
2.4655	8.2135	0.2613	75.5452	76.2413
2.4660	8.2140	0.2624	73.1685	76.1808
2.4665	8.2140	0.2608	73.2110	76.3558
2.4670	8.2143	0.2543	73.8425	76.0819
2.4675	8.2144	0.2552	74.3427	75.6433
2.4680	8.2144	0.2570	74.7935	75.8909
2.4685	8.2134	0.2635	75.4030	76.1091
2.4690	8.2127	0.2686	76.1341	75.8578
2.4695	8.2127	0.2777	76.5322	75.7597
2.4700	8.2122	0.2800	76.6997	75.8204
2.4705	8.2121	0.2776	76.9750	76.3448
2.4710	8.2130	0.2760	77.4416	75.7663
2.4715	8.2137	0.2638	77.3436	75.5592
2.4720	8.2144	0.2598	76.8335	75.8332
2.4725	8.2141	0.2533	76.7533	76.1688
2.4730	8.2141	0.2576	76.3947	76.2696
2.4735	8.2140	0.2562	76.9514	76.2220
2.4740	8.2138	0.2567	77.3321	76.1845
2.4745	8.2141	0.2566	77.5365	76.3919
2.4750	8.2143	0.2595	77.7631	76.0431
2.4755	8.2148	0.2570	77.7136	75.8586
2.4760	8.2136	0.2582	77.3905	76.0286
2.4765	8.2136	0.2624	76.6921	75.9937
2.4770	8.2124	0.2770	76.3183	76.2951
2.4775	8.2126	0.2762	73.7981	76.2553
2.4780	8.2132	0.2690	72.6849	75.9456
2.4785	8.2135	0.2633	73.3487	75.8783
2.4790	8.2147	0.2520	74.0016	75.5599
2.4795	8.2139	0.2564	74.6836	75.7491
2.4800	8.2133	0.2686	74.9331	76.0062
2.4805	8.2126	0.2717	75.4612	76.0328
2.4810	8.2126	0.2756	76.1590	76.3951
2.4815	8.2137	0.2714	76.8119	76.4912
2.4820	8.2145	0.2534	76.9455	76.3048
2.4825	8.2156	0.2476	76.9871	76.2341
2.4830	8.2153	0.2427	77.1599	75.9705
2.4835	8.2139	0.2537	77.5793	76.1130
2.4840	8.2130	0.2661	77.0404	76.3903
2.4845	8.2124	0.2774	76.3918	76.3500
2.4850	8.2134	0.2657	76.5159	76.5086
2.4855	8.2154	0.2512	77.2212	76.2674
2.4860	8.2146	0.2535	77.8802	75.9264
2.4865	8.2150	0.2498	77.8499	76.0755
2.4870	8.2144	0.2552	77.7727	76.0465
2.4875	8.2130	0.2646	77.7905	76.2082
2.4880	8.2138	0.2649	77.6611	76.0363
2.4885	8.2136	0.2662	76.8970	75.8532
2.4890	8.2127	0.2705	75.4932	76.1080
2.4895	8.2131	0.2711	74.0215	75.8002
2.4900	8.2145	0.2563	73.0103	75.5598
2.4905	8.2156	0.2413	73.8176	75.7053
2.4910	8.2155	0.2466	73.9640	75.7228
2.4915	8.2145	0.2577	74.6333	76.1287
2.4920	8.2123	0.2759	75.2828	75.8481
2.4925	8.2127	0.2753	75.8816	75.8891
2.4930	8.2137	0.2609	76.1619	76.3323
2.4935	8.2140	0.2530	76.5177	76.2617
2.4940	8.2144	0.2534	76.9740	76.1411
2.4945	8.2151	0.2500	77.2293	75.9788
2.4950	8.2142	0.2567	77.2434	75.9534
2.4955	8.2135	0.2632	77.0064	76.2862
2.4960	8.2131	0.2645	75.9965	75.9324
2.4965	8.2144	0.2599	76.4415	76.1351
2.4970	8.2141	0.2585	76.9147	76.2140
2.4975	8.2148	0.2542	77.2009	76.0172
2.4980	8.2144	0.2541	77.7729	76.3253
2.4985	8.2148	0.2567	78.0315	75.9842
2.4990	8.2139	0.2623	77.9837	75.7775
2.4995	8.2134	0.2629	77.5157	75.7912
2.5000	8.2125	0.2782	77.3221	75.8286
2.5005	8.2121	0.2821	76.5430	76.1043
2.5010	8.2120	0.2790	75.3168	76.2578
2.5015	8.2130	0.2688	73.9589	75.9833
2.5020	8.2142	0.2626	72.9056	76.3808
2.5025	8.2146	0.2576	74.0736	76.2205
2.5030	8.2140	0.2559	74.3628	76.0829
2.5035	8.2143	0.2576	74.7520	76.1805
2.5040	8.2145	0.2514	75.2309	76.2425
2.5045	8.2145	0.2512	76.1183	76.3562
2.5050	8.2150	0.2471	76.5526	76.4413
2.5055	8.2163	0.2372	76.5215	76.2993
2.5060	8.2164	0.2297	76.8233	76.4547
2.5065	8.2160	0.2329	77.3042	76.0562
2.5070	8.2150	0.2492	77.5950	75.9254
2.5075	8.2137	0.2606	76.0754	76.3854
2.5080	8.2143	0.2581	75.6708	76.2583
2.5085	8.2145	0.2499	76.6493	76.1046
2.5090	8.2148	0.2483	77.2689	75.7401
2.5095	8.2151	0.2453	77.5305	75.6554
2.5100	8.2150	0.2489	77.6294	76.0770
2.5105	8.2143	0.2520	77.9869	75.5279
2.5110	8.2143	0.2559	78.0908	75.6440
2.5115	8.2139	0.2586	77.5608	75.9579
2.5120	8.2140	0.2599	76.8725	76.1163
2.5125	8.2136	0.2622	76.2210	76.0869
2.5130	8.2142	0.2629	74.6304	75.8401
2.5135	8.2156	0.2467	73.3394	75.8095
2.5140	8.2151	0.2441	73.1081	76.3756
2.5145	8.2140	0.2617	73.9866	76.0937
2.5150	8.2135	0.2671	74.5089	76.1527
2.5155	8.2137	0.2641	75.0847	76.1710
2.5160	8.2141	0.2589	75.3943	76.2350
2.5165	8.2146	0.2579	76.0247	76.2206
2.5170	8.2155	0.2428	76.4977	75.8024
2.5175	8.2155	0.2442	76.8562	75.9138
2.5180	8.2159	0.2402	76.7768	75.9383
2.5185	8.2157	0.2371	77.3068	76.0138
2.5190	8.2161	0.2330	75.7740	76.2061
2.5195	8.2177	0.2253	75.3583	75.9628
2.5200	8.2177	0.2209	76.1517	75.8612
2.5205	8.2175	0.2250	76.5629	76.0436
2.5210	8.2157	0.2371	77.2552	75.8668
2.5215	8.2141	0.2579	77.6005	75.9426
2.5220	8.2129	0.2723	77.9089	75.9833
2.5225	8.2122	0.2753	77.7907	76.1285
2.5230	8.2127	0.2778	77.7408	76.4700
2.5235	8.2120	0.2729	77.3385	76.2792
2.5240	8.2125	0.2684	76.8647	76.2106
2.5245	8.2134	0.2706	75.6076	76.3572
2.5250	8.2134	0.2658	74.1438	76.0700
2.5255	8.2138	0.2676	73.5457	76.1555
2.5260	8.2132	0.2635	73.7360	76.3176
2.5265	8.2140	0.2590	74.3034	76.1264
2.5270	8.2156	0.2399	74.7015	76.1701
2.5275	8.2164	0.2291	75.3629	76.1038
2.5280	8.2169	0.2320	76.0712	76.4670
2.5285	8.2152	0.2458	76.4623	76.4945
2.5290	8.2134	0.2680	76.7197	75.9740
2.5295	8.2120	0.2815	76.9415	75.7458
2.5300	8.2112	0.2856	77.5281	75.6678
2.5305	8.2120	0.2836	76.7789	75.8939
2.5310	8.2122	0.2832	76.7864	75.9509
2.5315	8.2126	0.2734	76.4749	75.6882
2.5320	8.2131	0.2670	76.2150	76.0796
2.5325	8.2133	0.2726	77.0603	76.2595
2.5330	8.2125	0.2764	77.2056	75.7842
2.5335	8.2121	0.2803	77.5824	75.7488
2.5340	8.2122	0.2735	77.8580	75.5240
2.5345	8.2134	0.2664	77.8461	76.0038
2.5350	8.2140	0.2602	77.4604	76.4684
2.5355	8.2149	0.2502	76.8413	76.3794
2.5360	8.2151	0.2505	76.4844	76.6302
2.5365	8.2141	0.2561	75.1416	76.3966
2.5370	8.2130	0.2715	72.7697	76.0685
2.5375	8.2124	0.2764	73.2928	75.9224
2.5380	8.2123	0.2772	73.9416	75.7087
2.5385	8.2119	0.2775	74.5602	75.7311
2.5390	8.2132	0.2681	74.8853	75.9974
2.5395	8.2147	0.2547	75.5000	76.3088
2.5400	8.2143	0.2560	76.1917	76.3096
2.5405	8.2141	0.2587	76.6511	75.9879
2.5410	8.2136	0.2600	76.7792	75.7377
2.5415	8.2141	0.2593	77.0620	76.0394
2.5420	8.2139	0.2587	77.4067	75.8428
2.5425	8.2143	0.2529	76.5082	75.8487
2.5430	8.2148	0.2448	77.0672	76.1766
2.5435	8.2152	0.2469	76.4125	76.4470
2.5440	8.2153	0.2501	76.4578	76.4431
2.5445	8.2139	0.2550	77.2483	76.1973
2.5450	8.2131	0.2724	77.4142	76.1683
2.5455	8.2127	0.2747	77.5950	76.4203
2.5460	8.2132	0.2671	77.8507	76.1259
2.5465	8.2139	0.2579	77.7630	76.1845
2.5470	8.2152	0.2546	77.3393	76.5231
2.5475	8.2145	0.2573	76.5911	76.2527
2.5480	8.2147	0.2516	76.3026	76.2197
2.5485	8.2144	0.2585	74.0945	76.1777
2.5490	8.2140	0.2575	72.7928	76.2521
2.5495	8.2145	0.2632	73.4721	76.3005
2.5500	8.2145	0.2597	74.1157	75.8102
2.5505	8.2150	0.2478	74.7926	75.6554
2.5510	8.2146	0.2536	75.0989	76.1515
2.5515	8.2135	0.2644	75.6627	76.0272
2.5520	8.2121	0.2768	76.3100	75.8781
2.5525	8.2120	0.2836	76.8112	75.7386
2.5530	8.2126	0.2770	76.9438	76.1618
2.5535	8.2127	0.2779	77.0718	76.1360
2.5540	8.2131	0.2695	77.3896	75.5084
2.5545	8.2142	0.2630	77.0332	75.6507
2.5550	8.2145	0.2557	76.9327	75.9975
2.5555	8.2145	0.2487	76.4233	76.2593
2.5560	8.2150	0.2505	76.4695	76.2926
2.5565	8.2143	0.2567	77.3187	76.2260
2.5570	8.2142	0.2544	77.4279	76.3666
2.5575	8.2143	0.2551	77.6604	76.3319
2.5580	8.2145	0.2527	77.6260	75.9001
2.5585	8.2149	0.2494	77.6752	76.0197
2.5590	8.2144	0.2545	76.9517	76.0429
2.5595	8.2134	0.2676	76.6591	76.1447
2.5600	8.2124	0.2754	74.7667	76.4059
2.5605	8.2138	0.2635	72.5591	76.0708
2.5610	8.2150	0.2507	73.1586	75.9919
2.5615	8.2144	0.2481	73.6351	75.7228
2.5620	8.2153	0.2452	74.2824	75.6203
2.5625	8.2146	0.2548	74.7498	75.9507
2.5630	8.2131	0.2669	75.4152	76.0841
2.5635	8.2135	0.2679	75.9114	76.2166
2.5640	8.2140	0.2609	76.4513	76.5572
2.5645	8.2145	0.2494	76.6751	76.3592
2.5650	8.2160	0.2455	77.0204	76.3330
2.5655	8.2162	0.2377	77.2375	76.1069
2.5660	8.2150	0.2445	77.4808	76.0491
2.5665	8.2142	0.2577	77.0879	76.3609
2.5670	8.2138	0.2674	76.4905	76.4360
2.5675	8.2141	0.2609	76.5791	76.4469
2.5680	8.2164	0.2337	76.9811	76.5401
2.5685	8.2177	0.2225	77.4012	75.9975
2.5690	8.2182	0.2101	77.7654	76.0364
2.5695	8.2177	0.2139	77.9602	76.0263
2.5700	8.2159	0.2381	77.9608	76.1435
2.5705	8.2153	0.2472	77.5750	76.1844
2.5710	8.2152	0.2452	77.1885	75.9238
2.5715	8.2148	0.2521	76.1496	76.0622
2.5720	8.2150	0.2454	74.4979	76.1494
2.5725	8.2171	0.2272	72.6877	75.6230
2.5730	8.2180	0.2180	73.3123	75.7310
2.5735	8.2179	0.2166	74.0265	75.6569
2.5740	8.2165	0.2329	74.5723	76.0666
2.5745	8.2142	0.2523	74.8601	76.0104
2.5750	8.2137	0.2670	75.3181	75.7966
2.5755	8.2142	0.2585	76.0514	76.0382
2.5760	8.2151	0.2506	76.6342	76.3564
2.5765	8.2163	0.2375	76.6846	76.2089
2.5770	8.2163	0.2353	76.8820	76.1708
2.5775	8.2158	0.2429	77.1880	75.9420
2.5780	8.2151	0.2448	77.5826	76.2377
2.5785	8.2151	0.2521	76.2812	76.0976
2.5790	8.2152	0.2474	75.7590	75.9053
2.5795	8.2144	0.2580	76.6932	76.2392
2.5800	8.2145	0.2522	77.3233	76.0210
2.5805	8.2152	0.2446	77.5314	76.2555
2.5810	8.2155	0.2444	77.7014	76.2531
2.5815	8.2148	0.2449	77.8955	75.8415
2.5820	8.2137	0.2548	78.1226	75.8203
2.5825	8.2133	0.2698	77.3474	75.8516
2.5830	8.2131	0.2679	76.9986	75.9417
2.5835	8.2137	0.2626	74.3818	76.2186
2.5840	8.2140	0.2601	73.3245	75.9317
2.5845	8.2139	0.2590	73.2307	76.1546
2.5850	8.2150	0.2505	73.3715	76.4093
2.5855	8.2162	0.2369	74.0828	76.0949
2.5860	8.2160	0.2369	74.6607	76.1688
2.5865	8.2164	0.2340	75.2599	76.2239
2.5870	8.2164	0.2375	75.5083	76.2771
2.5875	8.2163	0.2339	76.1527	76.4784
2.5880	8.2160	0.2380	76.5962	76.3831
2.5885	8.2162	0.2355	77.0016	76.4048
2.5890	8.2163	0.2345	76.9430	76.3527
2.5895	8.2162	0.2376	77.2742	75.8835
2.5900	8.2142	0.2574	76.8393	76.2620
2.5905	8.2141	0.2577	75.7654	76.4187
2.5910	8.2138	0.2562	76.2573	76.1573
2.5915	8.2145	0.2523	76.6516	76.0127
2.5920	8.2150	0.2496	77.3664	75.5910
2.5925	8.2147	0.2590	77.8321	76.0127
2.5930	8.2142	0.2529	77.9621	75.8240
2.5935	8.2144	0.2602	77.6912	75.4916
2.5940	8.2138	0.2597	77.7327	75.8653
2.5945	8.2143	0.2589	77.3373	76.0927
2.5950	8.2136	0.2606	76.8586	76.1213
2.5955	8.2137	0.2608	75.2339	75.9722
2.5960	8.2139	0.2582	74.1841	75.7312
2.5965	8.2149	0.2550	73.3180	76.1873
2.5970	8.2148	0.2539	73.7567	76.3145
2.5975	8.2136	0.2629	74.1232	76.0747
2.5980	8.2124	0.2715	74.5316	76.2466
2.5985	8.2129	0.2692	75.3277	76.1818
2.5990	8.2142	0.2617	76.0485	76.2979
2.5995	8.2156	0.2531	76.1698	75.9683
2.6000	8.2150	0.2526	76.4415	75.8086
2.6005	8.2157	0.2500	76.8296	76.0051
2.6010	8.2153	0.2450	77.4722	75.9394
2.6015	8.2150	0.2469	76.5873	76.1999
2.6020	8.2165	0.2369	74.8472	76.1385
2.6025	8.2164	0.2321	75.8899	75.8940
2.6030	8.2180	0.2242	76.5867	76.0376
2.6035	8.2162	0.2316	77.0169	76.0026
2.6040	8.2150	0.2443	77.1770	75.8665
2.6045	8.2136	0.2660	77.7761	76.0370
2.6050	8.2123	0.2745	78.0725	75.9880
2.6055	8.2121	0.2801	77.8454	76.3690
2.6060	8.2119	0.2726	77.3988	76.3917
2.6065	8.2127	0.2841	77.0013	76.2267
2.6070	8.2128	0.2690	76.5617	76.3969
2.6075	8.2137	0.2678	74.8053	76.2738
2.6080	8.2134	0.2635	73.7255	76.0196
2.6085	8.2140	0.2588	73.5120	76.3476
2.6090	8.2136	0.2621	74.1612	76.1699
2.6095	8.2145	0.2524	74.7224	76.1792
2.6100	8.2154	0.2385	74.8645	76.1132
2.6105	8.2153	0.2436	75.6233	76.3018
2.6110	8.2145	0.2561	76.3638	76.6539
2.6115	8.2131	0.2756	76.8709	76.2530
2.6120	8.2117	0.2848	76.6832	75.8410
2.6125	8.2111	0.2923	77.1632	75.7093
2.6130	8.2112	0.2899	77.0457	75.7237
2.6135	8.2113	0.2877	76.6574	75.9734
2.6140	8.2112	0.2865	76.8511	75.7121
2.6145	8.2124	0.2810	75.7617	75.7685
2.6150	8.2121	0.2791	76.7309	76.2447
2.6155	8.2119	0.2863	77.3110	75.9918
2.6160	8.2117	0.2862	77.5478	75.8221
2.6165	8.2122	0.2806	77.5071	75.7433
2.6170	8.2122	0.2752	77.8337	75.7361
2.6175	8.2132	0.2714	77.8034	76.4297
2.6180	8.2135	0.2608	77.3017	76.3916
2.6185	8.2146	0.2576	76.4024	76.5140
2.6190	8.2131	0.2668	76.0299	76.4765
2.6195	8.2119	0.2801	73.8831	76.0970
2.6200	8.2113	0.2877	72.9262	75.9971
2.6205	8.2119	0.2806	73.5721	75.7854
2.6210	8.2124	0.2779	74.0826	75.6901
2.6215	8.2125	0.2752	74.9687	75.9125
2.6220	8.2144	0.2573	75.2892	76.2431
2.6225	8.2148	0.2513	75.8002	76.3833
2.6230	8.2137	0.2642	76.2078	76.1788
2.6235	8.2126	0.2729	76.9553	75.7515
2.6240	8.2130	0.2664	76.9840	75.8611
2.6245	8.2130	0.2655	77.4267	75.9311
2.6250	8.2136	0.2673	76.2800	75.7629
2.6255	8.2130	0.2638	76.5567	76.0330
2.6260	8.2131	0.2650	77.3454	76.3592
2.6265	8.2132	0.2659	76.0905	76.4524
2.6270	8.2136	0.2637	76.7084	76.3236
2.6275	8.2127	0.2755	77.2816	76.1236
2.6280	8.2130	0.2787	77.8255	76.3419
2.6285	8.2129	0.2682	77.8139	76.2811
2.6290	8.2135	0.2631	77.5699	76.0569
2.6295	8.2143	0.2595	77.5428	76.4199
2.6300	8.2147	0.2491	77.1877	76.3807
2.6305	8.2149	0.2515	76.5806	76.1711
2.6310	8.2144	0.2526	75.1024	76.2289
2.6315	8.2146	0.2578	72.8417	76.2011
2.6320	8.2147	0.2481	73.3397	76.3744
2.6325	8.2151	0.2499	74.0086	76.0684
2.6330	8.2151	0.2488	74.3805	75.6293
2.6335	8.2155	0.2442	74.7284	75.9634
2.6340	8.2145	0.2530	75.5351	76.1421
2.6345	8.2140	0.2559	76.2527	75.8571
2.6350	8.2131	0.2663	76.5723	75.7514
2.6355	8.2132	0.2733	76.6437	75.8296
2.6360	8.2133	0.2656	77.0379	76.3164
2.6365	8.2138	0.2635	77.6386	75.7324
2.6370	8.2144	0.2528	77.2126	75.6037
2.6375	8.2152	0.2476	76.6667	75.8500
2.6380	8.2156	0.2440	76.7041	76.2311
2.6385	8.2152	0.2425	76.4779	76.3113
2.6390	8.2152	0.2444	77.1328	76.2406
2.6395	8.2152	0.2482	77.1423	76.2396
2.6400	8.2146	0.2496	77.5719	76.4236
2.6405	8.2148	0.2549	77.8941	76.0272
2.6410	8.2144	0.2540	77.8089	75.9109
2.6415	8.2139	0.2596	77.2007	76.0393
2.6420	8.2135	0.2645	76.7063	76.0297
2.6425	8.2123	0.2752	76.0419	76.3471
2.6430	8.2127	0.2753	73.1819	76.2217
2.6435	8.2135	0.2676	72.7170	76.0057
2.6440	8.2145	0.2561	73.4094	75.8759
2.6445	8.2155	0.2468	74.0884	75.5875
2.6450	8.2151	0.2437	74.6616	75.7991
2.6455	8.2140	0.2582	75.0383	76.0201
2.6460	8.2134	0.2670	75.5728	76.0487
2.6465	8.2133	0.2674	76.3913	76.4447
2.6470	8.2142	0.2615	76.7646	76.4592
2.6475	8.2154	0.2468	76.7236	76.3204
2.6480	8.2158	0.2393	77.0088	76.2570
2.6485	8.2162	0.2360	77.4938	76.0315
2.6490	8.2150	0.2440	77.6453	76.2879
2.6495	8.2142	0.2636	76.6740	76.3883
2.6500	8.2132	0.2679	76.1845	76.3140
2.6505	8.2145	0.2564	76.7467	76.5263
2.6510	8.2159	0.2413	77.5074	76.2025
2.6515	8.2159	0.2404	77.7877	75.9730
2.6520	8.2167	0.2310	77.7173	76.1120
2.6525	8.2157	0.2425	77.8313	76.0873
2.6530	8.2151	0.2503	77.9424	76.2188
2.6535	8.2146	0.2523	77.6486	76.0001
2.6540	8.2148	0.2505	76.6048	75.7931
2.6545	8.2139	0.2635	74.7985	76.1362
2.6550	8.2144	0.2546	73.0313	75.7499
2.6555	8.2159	0.2389	73.2237	75.6052
2.6560	8.2171	0.2311	73.7051	75.7162
2.6565	8.2161	0.2343	74.0518	75.9119
2.6570	8.2150	0.2509	74.8421	76.1474
2.6575	8.2131	0.2705	75.4440	75.8695
2.6580	8.2138	0.2677	75.7938	75.8760
2.6585	8.2148	0.2499	76.1735	76.1939
2.6590	8.2151	0.2463	76.6442	76.1671
2.6595	8.2154	0.2409	77.0789	76.1092
2.6600	8.2156	0.2421	77.1565	75.9959
2.6605	8.2151	0.2461	77.2865	76.0223
2.6610	8.2148	0.2539	76.9713	76.2656
2.6615	8.2153	0.2509	76.0024	75.9157
2.6620	8.2154	0.2437	76.4647	76.0663
2.6625	8.2155	0.2461	76.8411	76.0059
2.6630	8.2158	0.2399	77.3298	75.9944
2.6635	8.2157	0.2374	77.9671	76.3280
2.6640	8.2154	0.2469	77.9969	75.9894
2.6645	8.2150	0.2502	77.8856	75.7789
2.6650	8.2138	0.2617	77.4378	75.8164
2.6655	8.2135	0.2667	77.5196	75.8459
2.6660	8.2134	0.2703	76.1492	76.0950
2.6665	8.2133	0.2703	73.1020	76.0720
2.6670	8.2144	0.2561	73.0706	75.9061
2.6675	8.2148	0.2502	73.3871	76.3993
2.6680	8.2154	0.2469	74.1078	76.1916
2.6685	8.2158	0.2373	74.1686	76.1087
2.6690	8.2155	0.2441	74.8012	76.1990
2.6695	8.2159	0.2365	75.6057	76.2015
2.6700	8.2158	0.2409	76.2839	76.3816
2.6705	8.2164	0.2328	76.3056	76.4339
2.6710	8.2177	0.2192	76.4938	76.2923
2.6715	8.2176	0.2201	77.0678	76.4577
2.6720	8.2169	0.2263	77.4960	76.0126
2.6725	8.2155	0.2428	77.3233	76.0103
2.6730	8.2146	0.2522	75.6816	76.4139
2.6735	8.2143	0.2534	75.9834	76.2248
2.6740	8.2147	0.2528	76.8544	76.0910
2.6745	8.2150	0.2467	77.1912	75.6878
2.6750	8.2152	0.2454	77.3645	75.7553
2.6755	8.2146	0.2519	77.8473	76.0612
2.6760	8.2142	0.2558	78.1335	75.4902
2.6765	8.2144	0.2581	77.9908	75.6833
2.6770	8.2140	0.2572	77.2307	75.9765
2.6775	8.2140	0.2557	77.0204	76.1112
2.6780	8.2141	0.2629	76.1480	76.0465
2.6785	8.2144	0.2555	74.3012	75.7762
2.6790	8.2153	0.2439	73.5579	75.8954
2.6795	8.2154	0.2449	73.0804	76.3867
2.6800	8.2137	0.2599	74.2802	76.0766
2.6805	8.2135	0.2651	74.5321	76.1741
2.6810	8.2137	0.2628	75.0200	76.1725
2.6815	8.2140	0.2619	75.3933	76.2385
2.6820	8.2153	0.2493	76.3007	76.1187
2.6825	8.2158	0.2428	76.5593	75.7411
2.6830	8.2163	0.2345	76.6991	75.9345
2.6835	8.2163	0.2364	76.8256	75.9348
2.6840	8.2161	0.2343	77.3927	76.0384
2.6845	8.2166	0.2287	75.5959	76.1958
2.6850	8.2182	0.2239	75.2970	75.9229
2.6855	8.2179	0.2157	76.0631	75.8886
2.6860	8.2178	0.2195	76.8370	76.0208
2.6865	8.2161	0.2373	77.4591	75.7881
2.6870	8.2145	0.2547	77.5175	75.9861
2.6875	8.2130	0.2669	77.6884	76.0063
2.6880	8.2128	0.2700	77.8871	76.1675
2.6885	8.2128	0.2712	77.9934	76.4737
2.6890	8.2121	0.2792	77.2059	76.2358
2.6895	8.2128	0.2761	76.6040	76.2462
2.6900	8.2133	0.2697	75.4742	76.3492
2.6905	8.2138	0.2710	74.2811	76.0219
2.6910	8.2137	0.2638	73.7535	76.2110
2.6915	8.2138	0.2623	73.5560	76.2874
2.6920	8.2151	0.2478	74.3530	76.1259
2.6925	8.2163	0.2360	74.9783	76.1602
2.6930	8.2175	0.2218	75.5716	76.1240
2.6935	8.2181	0.2110	75.9177	76.4537
2.6940	8.2158	0.2411	76.4341	76.4317
2.6945	8.2142	0.2571	76.9149	75.9269
2.6950	8.2125	0.2720	77.1545	75.7657
2.6955	8.2119	0.2868	77.3062	75.6596
2.6960	8.2122	0.2710	76.2955	75.9303
2.6965	8.2130	0.2731	77.0181	75.9240
2.6970	8.2136	0.2629	76.3092	75.6940
2.6975	8.2141	0.2587	76.2286	76.0269
2.6980	8.2139	0.2624	76.8983	76.1345
2.6985	8.2131	0.2656	77.3636	75.7274
2.6990	8.2123	0.2741	77.8292	75.7064
2.6995	8.2124	0.2721	77.8043	75.5237
2.7000	8.2133	0.2688	77.5761	76.0952
2.7005	8.2142	0.2596	77.4853	76.4805
2.7010	8.2147	0.2503	77.0285	76.4218
2.7015	8.2145	0.2586	76.4124	76.6402
2.7020	8.2132	0.2651	74.7143	76.3233
2.7025	8.2126	0.2773	72.7846	76.0591
2.7030	8.2121	0.2819	73.6087	75.9000
2.7035	8.2119	0.2811	74.0206	75.6750
2.7040	8.2119	0.2823	74.4193	75.7737
2.7045	8.2128	0.2718	74.9445	76.0798
2.7050	8.2138	0.2614	75.8430	76.3204
2.7055	8.2140	0.2602	76.3025	76.2700
2.7060	8.2126	0.2728	76.4692	75.9303
2.7065	8.2127	0.2748	76.6464	75.7673
2.7070	8.2135	0.2721	77.4499	76.0659
2.7075	8.2128	0.2661	77.3899	75.8532
2.7080	8.2133	0.2611	75.8063	75.9283
2.7085	8.2135	0.2645	76.9461	76.2459
2.7090	8.2129	0.2667	76.5251	76.4194
2.7095	8.2132	0.2665	76.8113	76.3677
2.7100	8.2129	0.2715	77.1153	76.1404
2.7105	8.2108	0.2869	77.1784	76.1927
2.7110	8.2116	0.2846	77.8040	76.3966
2.7115	8.2123	0.2751	78.1322	76.1300
2.7120	8.2132	0.2675	77.6411	76.2722
2.7125	8.2136	0.2627	76.9692	76.5224
2.7130	8.2140	0.2561	76.6434	76.2212
2.7135	8.2138	0.2620	76.4501	76.1940
2.7140	8.2135	0.2633	73.7137	76.1820
2.7145	8.2133	0.2695	72.5945	76.2828
2.7150	8.2132	0.2643	73.5914	76.2715
2.7155	8.2135	0.2677	74.4880	75.7911
2.7160	8.2137	0.2640	74.8326	75.7599
2.7165	8.2133	0.2649	74.8428	76.1829
2.7170	8.2126	0.2762	75.6915	75.9954
2.7175	8.2116	0.2850	76.7263	75.8678
2.7180	8.2114	0.2874	76.9169	75.7258
2.7185	8.2119	0.2874	76.6265	76.2147
2.7190	8.2124	0.2820	77.0021	76.0496
2.7195	8.2122	0.2720	77.6833	75.5329
2.7200	8.2136	0.2667	77.1863	75.7033
2.7205	8.2138	0.2619	76.7177	76.0601
2.7210	8.2139	0.2629	76.0533	76.3119
2.7215	8.2135	0.2646	76.7989	76.3036
2.7220	8.2135	0.2664	77.5850	76.2471
2.7225	8.2134	0.2641	77.3749	76.4062
2.7230	8.2134	0.2651	77.4729	76.3069
2.7235	8.2137	0.2613	77.7462	75.9544
2.7240	8.2135	0.2651	77.9076	76.0641
2.7245	8.2128	0.2695	76.8424	76.1072
2.7250	8.2119	0.2748	76.2953	76.2315
2.7255	8.2123	0.2770	74.2595	76.3712
2.7260	8.2140	0.2595	72.7897	76.0321
2.7265	8.2150	0.2511	73.2644	75.9608
2.7270	8.2150	0.2510	73.3964	75.6846
2.7275	8.2146	0.2499	74.3722	75.6931
2.7280	8.2138	0.2640	75.1937	76.0086
2.7285	8.2126	0.2673	75.5140	76.1024
2.7290	8.2128	0.2723	75.6512	76.2613
2.7295	8.2134	0.2704	76.4227	76.5753
2.7300	8.2146	0.2570	77.0764	76.3532
2.7305	8.2153	0.2466	77.2217	76.3524
2.7310	8.2157	0.2366	76.9386	76.0941
2.7315	8.2147	0.2452	77.3229	76.1776
2.7320	8.2138	0.2607	77.3162	76.4220
2.7325	8.2136	0.2633	76.6740	76.3718
2.7330	8.2137	0.2627	76.3432	76.4520
2.7335	8.2164	0.2369	76.7754	76.4690
2.7340	8.2164	0.2360	77.7350	75.9608
2.7345	8.2171	0.2307	78.0762	76.1005
2.7350	8.2164	0.2318	77.7817	76.0862
2.7355	8.2141	0.2541	77.6110	76.2179
2.7360	8.2143	0.2538	77.6956	76.1746
2.7365	8.2146	0.2503	77.4046	75.8737
2.7370	8.2145	0.2592	75.8389	76.0635
2.7375	8.2142	0.2577	73.6031	76.0720
2.7380	8.2152	0.2473	72.7398	75.5788
2.7385	8.2171	0.2323	73.8466	75.7489
2.7390	8.2167	0.2308	73.9367	75.7236
2.7395	8.2154	0.2417	74.2475	76.1277
2.7400	8.2136	0.2611	74.9064	76.0149
2.7405	8.2127	0.2710	75.8483	75.8632
2.7410	8.2135	0.2632	76.1884	76.2165
2.7415	8.2146	0.2579	76.2856	76.3614
2.7420	8.2150	0.2525	76.6082	76.1765
2.7425	8.2153	0.2467	77.2722	76.1532
2.7430	8.2145	0.2458	77.3253	75.9662
2.7435	8.2145	0.2568	77.1997	76.2901
2.7440	8.2139	0.2583	75.9927	76.0901
2.7445	8.2145	0.2547	76.1855	75.9634
2.7450	8.2140	0.2619	76.9126	76.1847
2.7455	8.2142	0.2593	77.0668	75.9482
2.7460	8.2150	0.2470	77.4632	76.2646
2.7465	8.2148	0.2487	78.0100	76.2199
2.7470	8.2146	0.2561	78.1558	75.8376
2.7475	8.2135	0.2603	77.7608	75.8377
2.7480	8.2130	0.2694	77.1038	75.8558
2.7485	8.2125	0.2743	77.0480	75.9980
2.7490	8.2129	0.2709	74.5589	76.1705
2.7495	8.2137	0.2599	73.0749	75.9124
2.7500	8.2151	0.2545	72.8334	76.2466
2.7505	8.2155	0.2467	73.6559	76.3780
2.7510	8.2164	0.2332	74.4313	76.1046
2.7515	8.2155	0.2387	74.6192	76.1830
2.7520	8.2153	0.2446	75.0063	76.2526
2.7525	8.2152	0.2467	75.7430	76.3355
2.7530	8.2149	0.2508	76.6004	76.4681
2.7535	8.2150	0.2499	76.5864	76.3801
2.7540	8.2152	0.2496	76.5988	76.4916
2.7545	8.2160	0.2395	77.0092	76.3118
2.7550	8.2153	0.2384	77.7739	75.9020
2.7555	8.2141	0.2576	76.6325	76.3116
2.7560	8.2138	0.2626	75.4006	76.3636
2.7565	8.2137	0.2610	76.2755	76.1226
2.7570	8.2146	0.2543	77.1500	75.8852
2.7575	8.2154	0.2490	77.6287	75.6014
2.7580	8.2148	0.2486	77.4402	76.0989
2.7585	8.2143	0.2580	77.7976	75.7664
2.7590	8.2144	0.2505	78.0820	75.5743
2.7595	8.2144	0.2528	77.9033	75.9419
2.7600	8.2144	0.2549	76.9635	76.0976
2.7605	8.2146	0.2587	76.4740	76.1112
2.7610	8.2144	0.2559	75.3079	75.8945
2.7615	8.2148	0.2507	73.8819	75.7169
2.7620	8.2146	0.2490	72.9328	76.2677
2.7625	8.2148	0.2526	73.6874	76.2717
2.7630	8.2132	0.2612	74.3128	76.1217
2.7635	8.2129	0.2669	75.0380	76.2715
2.7640	8.2126	0.2720	75.2129	76.2230
2.7645	8.2137	0.2605	75.7919	76.3076
2.7650	8.2143	0.2573	76.4056	75.9207
2.7655	8.2143	0.2545	76.8670	75.8464
2.7660	8.2157	0.2446	76.6782	76.0185
2.7665	8.2155	0.2402	77.1788	75.9570
2.7670	8.2157	0.2422	76.2922	76.2029
2.7675	8.2161	0.2357	75.2475	76.0697
2.7680	8.2163	0.2370	75.9481	75.8768
2.7685	8.2173	0.2261	76.2033	76.0223
2.7690	8.2160	0.2407	77.0829	75.9011
2.7695	8.2143	0.2502	77.6223	75.9171
2.7700	8.2132	0.2681	77.8881	76.1061
2.7705	8.2126	0.2770	77.6281	76.0620
2.7710	8.2126	0.2787	77.7309	76.4561
2.7715	8.2125	0.2706	77.7111	76.3790
2.7720	8.2133	0.2685	77.1030	76.1791
2.7725	8.2138	0.2629	76.0286	76.3016
2.7730	8.2139	0.2596	74.4424	76.0985
2.7735	8.2139	0.2598	74.0010	76.0711
2.7740	8.2140	0.2543	73.7492	76.3910
2.7745	8.2143	0.2569	73.9478	76.2010
2.7750	8.2152	0.2472	74.5145	76.2418
2.7755	8.2154	0.2399	75.2346	76.1802
2.7760	8.2159	0.2427	76.0605	76.3948
2.7765	8.2143	0.2519	76.1838	76.6024
2.7770	8.2130	0.2671	76.5527	76.1699
2.7775	8.2123	0.2804	76.8473	75.7800
2.7780	8.2104	0.2973	77.7100	75.6471
2.7785	8.2114	0.2897	76.6769	75.7380
2.7790	8.2116	0.2856	76.2842	75.9645
2.7795	8.2121	0.2845	76.7186	75.6991
2.7800	8.2125	0.2735	76.1469	75.8960
2.7805	8.2129	0.2700	76.9406	76.2715
2.7810	8.2125	0.2729	76.9136	75.9792
2.7815	8.2127	0.2763	77.5508	75.8380
2.7820	8.2127	0.2800	77.9153	75.6775
2.7825	8.2129	0.2738	77.9408	75.8146
2.7830	8.2132	0.2676	77.3895	76.4524
2.7835	8.2140	0.2599	77.1170	76.3710
2.7840	8.2149	0.2471	76.7121	76.5139
2.7845	8.2137	0.2586	75.9386	76.4027
2.7850	8.2126	0.2742	73.2134	76.0797
2.7855	8.2117	0.2829	72.9455	75.9984
2.7860	8.2122	0.2778	74.0119	75.7920
2.7865	8.2120	0.2810	74.3940	75.7779
2.7870	8.2132	0.2735	74.6645	76.0555
2.7875	8.2146	0.2569	75.1078	76.3272
2.7880	8.2145	0.2479	76.1829	76.3655
2.7885	8.2139	0.2646	76.6028	76.1045
2.7890	8.2137	0.2680	76.7193	75.6963
2.7895	8.2136	0.2638	76.7163	75.8799
2.7900	8.2138	0.2605	77.6541	75.8885
2.7905	8.2134	0.2649	76.4946	75.7655
2.7910	8.2135	0.2621	76.6431	76.1553
2.7915	8.2132	0.2666	76.8372	76.4249
2.7920	8.2137	0.2665	76.1812	76.5141
2.7925	8.2139	0.2593	77.2050	76.3526
2.7930	8.2124	0.2731	77.3383	76.1469
2.7935	8.2126	0.2744	77.4761	76.3619
2.7940	8.2130	0.2711	77.7980	76.2105
2.7945	8.2135	0.2644	77.9139	76.0510
2.7950	8.2143	0.2527	77.5794	76.4418
2.7955	8.2148	0.2478	76.7361	76.3224
2.7960	8.2151	0.2523	76.4044	76.1817
2.7965	8.2145	0.2569	75.1028	76.2419
2.7970	8.2145	0.2511	72.9672	76.2445
2.7975	8.2152	0.2464	73.2467	76.4112
2.7980	8.2157	0.2419	73.8655	75.9982
2.7985	8.2163	0.2322	74.6282	75.7067
2.7990	8.2165	0.2329	75.0544	76.0353
2.7995	8.2155	0.2403	75.5279	76.0669
2.8000	8.2146	0.2547	76.0620	75.8499
2.8005	8.2139	0.2611	76.7475	75.7194
2.8010	8.2139	0.2667	76.9824	75.9566
2.8015	8.2138	0.2595	76.9715	76.3079
2.8020	8.2139	0.2588	77.3896	75.6882
2.8025	8.2149	0.2552	77.2174	75.6755
2.8030	8.2150	0.2439	77.0633	75.9597
2.8035	8.2154	0.2432	76.5987	76.2883
2.8040	8.2154	0.2450	76.2225	76.3016
2.8045	8.2140	0.2526	77.2701	76.2258
2.8050	8.2147	0.2549	77.4885	76.2039
2.8055	8.2139	0.2598	77.6517	76.3401
2.8060	8.2139	0.2620	77.5831	75.9378
2.8065	8.2134	0.2599	77.7452	75.9005
2.8070	8.2133	0.2610	77.3397	76.1197
2.8075	8.2132	0.2676	76.7928	76.1611
2.8080	8.2126	0.2735	75.4865	76.4063
2.8085	8.2126	0.2753	72.8622	76.2253
2.8090	8.2141	0.2599	73.0057	76.0272
2.8095	8.2153	0.2489	73.5338	75.8435
2.8100	8.2152	0.2428	74.0046	75.5532
2.8105	8.2147	0.2526	74.6196	75.8135
2.8110	8.2134	0.2688	75.3580	76.0110
2.8115	8.2132	0.2636	75.7675	76.0621
2.8120	8.2134	0.2738	76.2371	76.5047
2.8125	8.2139	0.2631	76.6156	76.4219
2.8130	8.2150	0.2476	77.0596	76.3876
2.8135	8.2159	0.2394	77.3188	76.2350
2.8140	8.2158	0.2416	77.2838	76.0769
2.8145	8.2144	0.2547	77.1568	76.3060
2.8150	8.2130	0.2652	76.7797	76.4212
2.8155	8.2133	0.2708	76.6990	76.3379
2.8160	8.2149	0.2520	76.8656	76.5264
2.8165	8.2163	0.2396	77.1220	76.0732
2.8170	8.2165	0.2339	77.6836	75.9526
2.8175	8.2167	0.2269	78.0771	76.0628
2.8180	8.2150	0.2415	78.1489	76.1042
2.8185	8.2142	0.2593	77.6076	76.2403
2.8190	8.2142	0.2596	77.3471	76.0318
2.8195	8.2144	0.2546	76.5599	75.9341
2.8200	8.2141	0.2624	75.3272	76.2052
2.8205	8.2152	0.2455	73.1980	75.6931
2.8210	8.2167	0.2381	72.9379	75.6577
2.8215	8.2173	0.2173	73.9578	75.6212
2.8220	8.2167	0.2312	74.3031	75.9029
2.8225	8.2152	0.2467	74.8675	76.0796
2.8230	8.2137	0.2627	75.2876	75.8190
2.8235	8.2140	0.2574	75.9595	75.9316
2.8240	8.2161	0.2426	76.4617	76.3244
2.8245	8.2156	0.2351	76.6790	76.2518
2.8250	8.2157	0.2341	76.9021	76.1873
2.8255	8.2159	0.2409	77.1510	76.0220
2.8260	8.2152	0.2468	77.5321	76.0990
2.8265	8.2149	0.2543	76.7617	76.2097
2.8270	8.2147	0.2449	75.8139	75.8529
2.8275	8.2154	0.2426	76.5842	76.0600
2.8280	8.2158	0.2434	77.1085	75.9886
2.8285	8.2166	0.2331	77.4635	76.0662
2.8290	8.2169	0.2301	77.7825	76.3354
2.8295	8.2158	0.2402	77.9038	75.9493
2.8300	8.2153	0.2475	78.0989	75.8157
2.8305	8.2141	0.2530	77.5431	75.8561
2.8310	8.2138	0.2668	77.3046	75.8589
2.8315	8.2130	0.2620	75.6296	76.1522
2.8320	8.2137	0.2664	73.3581	76.0426
2.8325	8.2150	0.2511	73.1588	75.9784
2.8330	8.2152	0.2479	73.3151	76.3997
2.8335	8.2159	0.2398	74.0445	76.1311
2.8340	8.2161	0.2329	74.4218	76.1224
2.8345	8.2161	0.2401	75.0935	76.2042
2.8350	8.2162	0.2344	75.5221	76.2891
2.8355	8.2159	0.2389	76.1286	76.4997
2.8360	8.2165	0.2310	76.4274	76.5111
2.8365	8.2174	0.2228	76.8429	76.3317
2.8370	8.2177	0.2217	77.0863	76.4352
2.8375	8.2174	0.2233	77.3675	75.9001
2.8380	8.2157	0.2425	77.1118	76.0534
2.8385	8.2149	0.2520	75.7222	76.3916
2.8390	8.2148	0.2493	76.2211	76.2156
2.8395	8.2157	0.2472	76.8430	76.1382
2.8400	8.2155	0.2434	77.1562	75.7240
2.8405	8.2154	0.2429	77.5275	75.8919
2.8410	8.2146	0.2505	78.0244	76.0415
2.8415	8.2147	0.2495	78.1081	75.4813
2.8420	8.2142	0.2583	77.8439	75.7458
2.8425	8.2145	0.2550	77.2484	75.9362
2.8430	8.2141	0.2496	77.0117	76.0994
2.8435	8.2145	0.2558	76.0739	76.0038
2.8440	8.2149	0.2513	74.6217	75.7167
2.8445	8.2156	0.2430	73.0943	75.9987
2.8450	8.2152	0.2487	73.5634	76.3913
2.8455	8.2140	0.2628	74.3211	76.0867
2.8460	8.2134	0.2611	74.5168	76.2593
2.8465	8.2140	0.2626	75.0049	76.1854
2.8470	8.2146	0.2535	75.7437	76.2995
2.8475	8.2156	0.2463	76.4314	76.0430
2.8480	8.2154	0.2394	76.5438	75.7083
2.8485	8.2162	0.2370	76.5899	75.9100
2.8490	8.2166	0.2303	77.1480	75.8877
2.8495	8.2160	0.2359	77.3192	76.0722
2.8500	8.2170	0.2282	75.1761	76.1929
2.8505	8.2173	0.2213	75.4104	75.9065
2.8510	8.2176	0.2250	76.2988	75.9904
2.8515	8.2174	0.2239	77.1023	76.0115
2.8520	8.2158	0.2381	77.3940	75.8385
2.8525	8.2145	0.2555	77.4703	76.0442
2.8530	8.2135	0.2638	77.8635	75.9654
2.8535	8.2129	0.2768	78.0721	76.2052
2.8540	8.2123	0.2768	77.7954	76.4091
2.8545	8.2120	0.2803	76.9457	76.1871
2.8550	8.2129	0.2726	76.6343	76.2952
2.8555	8.2137	0.2650	75.4420	76.4059
2.8560	8.2129	0.2643	74.1563	76.0667
2.8565	8.2136	0.2662	73.4769	76.3139
2.8570	8.2139	0.2602	73.6546	76.2820
2.8575	8.2146	0.2543	74.7162	76.1843
2.8580	8.2149	0.2475	75.0859	76.1528
2.8585	8.2154	0.2446	75.4312	76.1681
2.8590	8.2152	0.2483	75.9274	76.5765
2.8595	8.2133	0.2673	76.8157	76.3888
2.8600	8.2123	0.2776	77.0209	75.8734
2.8605	8.2112	0.2900	77.0860	75.7589
2.8610	8.2111	0.2915	77.0623	75.6690
2.8615	8.2120	0.2865	76.3912	75.9655
2.8620	8.2119	0.2821	77.1734	75.8646
2.8625	8.2127	0.2756	75.9948	75.7723
2.8630	8.2124	0.2684	76.2963	76.2831
2.8635	8.2123	0.2765	77.1234	76.1561
2.8640	8.2118	0.2800	77.6879	75.7360
2.8645	8.2117	0.2857	77.6906	75.7183
2.8650	8.2124	0.2762	77.6438	75.5706
2.8655	8.2133	0.2731	77.6951	76.2308
2.8660	8.2132	0.2670	77.6528	76.4437
2.8665	8.2143	0.2536	76.8018	76.4661
2.8670	8.2144	0.2556	76.1295	76.6519
2.8675	8.2127	0.2717	74.3948	76.2695
2.8680	8.2120	0.2848	72.9937	76.0473
2.8685	8.2115	0.2862	73.7025	75.8806
2.8690	8.2113	0.2888	73.8689	75.6808
2.8695	8.2116	0.2852	74.6259	75.8061
2.8700	8.2128	0.2694	75.2603	76.1345
2.8705	8.2144	0.2596	75.9202	76.3601
2.8710	8.2135	0.2590	76.1144	76.2820
2.8715	8.2132	0.2708	76.6286	75.8446
2.8720	8.2134	0.2674	76.9755	75.7839
2.8725	8.2141	0.2564	77.5827	76.0374
2.8730	8.2142	0.2562	76.8244	75.7808
2.8735	8.2138	0.2578	76.1132	75.9361
2.8740	8.2143	0.2567	77.4174	76.2906
2.8745	8.2133	0.2587	76.4815	76.4947
2.8750	8.2141	0.2591	76.6404	76.4268
2.8755	8.2131	0.2690	77.0251	76.1523
2.8760	8.2116	0.2800	77.5546	76.2757
2.8765	8.2129	0.2750	78.0021	76.3957
2.8770	8.2127	0.2666	77.8522	76.0890
2.8775	8.2142	0.2573	77.4267	76.2976
2.8780	8.2142	0.2561	77.1226	76.4700
2.8785	8.2149	0.2499	76.8168	76.1548
2.8790	8.2148	0.2460	75.9962	76.1992
2.8795	8.2146	0.2471	73.1704	76.1833
2.8800	8.2141	0.2523	72.9010	76.3669
2.8805	8.2146	0.2570	73.9473	76.2265
2.8810	8.2146	0.2537	74.4071	75.7694
2.8815	8.2148	0.2502	74.5641	75.8985
2.8820	8.2140	0.2587	75.1677	76.2181
2.8825	8.2134	0.2633	76.2051	75.9630
2.8830	8.2125	0.2748	76.7158	75.8395
2.8835	8.2124	0.2773	76.5550	75.7553
2.8840	8.2126	0.2764	76.6797	76.2634
2.8845	8.2128	0.2720	77.4968	75.9202
2.8850	8.2133	0.2680	77.6196	75.5497
2.8855	8.2141	0.2576	76.8065	75.7884
2.8860	8.2144	0.2593	76.6230	76.1724
2.8865	8.2138	0.2579	76.3829	76.3719
2.8870	8.2143	0.2528	77.0952	76.3309
2.8875	8.2143	0.2595	77.2643	76.2310
2.8880	8.2145	0.2585	77.2931	76.4396
2.8885	8.2145	0.2573	77.7749	76.2321
2.8890	8.2145	0.2565	77.9019	75.9520
2.8895	8.2145	0.2617	77.5624	76.1114
2.8900	8.2131	0.2646	76.5854	76.2304
2.8905	8.2125	0.2697	76.4141	76.3241
2.8910	8.2121	0.2806	74.1204	76.3444
2.8915	8.2143	0.2605	72.5764	76.0217
2.8920	8.2146	0.2513	73.1941	75.9536
2.8925	8.2146	0.2546	73.7928	75.6723
2.8930	8.2148	0.2520	74.6641	75.7690
2.8935	8.2133	0.2640	75.0567	76.0483
2.8940	8.2128	0.2752	75.3734	76.0743
2.8945	8.2128	0.2683	75.9689	76.3237
2.8950	8.2139	0.2655	76.7593	76.5635
2.8955	8.2145	0.2487	76.9352	76.2862
2.8960	8.2158	0.2419	77.0089	76.3439
2.8965	8.2159	0.2389	77.1651	76.0811
2.8970	8.2140	0.2541	77.5812	76.2635
2.8975	8.2133	0.2633	77.0995	76.4516
2.8980	8.2130	0.2678	76.3707	76.3530
2.8985	8.2142	0.2604	76.4985	76.5122
2.8990	8.2160	0.2359	77.1774	76.3859
2.8995	8.2168	0.2338	77.7492	75.9463
2.9000	8.2166	0.2295	77.8037	76.1150
2.9005	8.2162	0.2403	77.8126	76.0737
2.9010	8.2144	0.2537	77.8470	76.2391
2.9015	8.2143	0.2590	77.7347	76.1522
2.9020	8.2142	0.2555	76.9607	75.9251
2.9025	8.2146	0.2523	75.6324	76.1716
2.9030	8.2145	0.2544	73.7560	75.9947
2.9035	8.2154	0.2514	72.8572	75.5971
2.9040	8.2160	0.2314	73.7781	75.7667
2.9045	8.2162	0.2325	73.8801	75.7422
2.9050	8.2152	0.2469	74.5811	76.1554
2.9055	8.2135	0.2644	75.2058	75.9406
2.9060	8.2131	0.2719	75.7976	75.8862
2.9065	8.2139	0.2628	76.0644	76.2766
2.9070	8.2146	0.2531	76.4534	76.3272
2.9075	8.2145	0.2511	76.8715	76.1919
2.9080	8.2157	0.2484	77.2354	76.1392
2.9085	8.2145	0.2478	77.2587	75.9986
2.9090	8.2141	0.2576	77.1334	76.3123
2.9095	8.2145	0.2537	75.9758	76.0156
2.9100	8.2144	0.2522	76.2841	76.0509
2.9105	8.2141	0.2571	76.8256	76.1711
2.9110	8.2147	0.2553	77.2146	75.9762
2.9115	8.2156	0.2454	77.7808	76.3259
2.9120	8.2154	0.2459	78.0095	76.1615
2.9125	8.2146	0.2533	77.9339	75.8410
2.9130	8.2140	0.2556	77.6325	75.8699
2.9135	8.2132	0.2637	77.3586	75.8923
2.9140	8.2134	0.2667	76.7805	76.0315
2.9145	8.2133	0.2683	74.1885	76.1408
2.9150	8.2137	0.2593	73.0873	75.8643
2.9155	8.2149	0.2457	73.1459	76.3211
2.9160	8.2154	0.2432	73.8724	76.3134
2.9165	8.2167	0.2332	74.2267	76.1121
2.9170	8.2155	0.2460	74.7133	76.2282
2.9175	8.2152	0.2459	75.2634	76.2965
2.9180	8.2151	0.2446	75.9396	76.3800
2.9185	8.2155	0.2474	76.3785	76.5216
2.9190	8.2159	0.2357	76.5095	76.3887
2.9195	8.2171	0.2272	76.9585	76.5363
2.9200	8.2174	0.2225	77.2539	76.2054
2.9205	8.2163	0.2302	77.5206	75.9187
2.9210	8.2147	0.2506	76.0979	76.3728
2.9215	8.2146	0.2522	75.6238	76.3089
2.9220	8.2146	0.2517	76.6679	76.1318
2.9225	8.2151	0.2472	77.0808	75.8785
2.9230	8.2160	0.2383	77.4051	75.7030
2.9235	8.2154	0.2444	77.6979	76.1635
2.9240	8.2147	0.2520	78.0083	75.6895
2.9245	8.2147	0.2468	77.9897	75.6454
2.9250	8.2146	0.2555	77.5130	75.9607
2.9255	8.2147	0.2504	77.0058	76.1177
2.9260	8.2149	0.2543	76.5122	76.1487
2.9265	8.2148	0.2464	75.4338	75.9270
2.9270	8.2154	0.2447	73.7378	75.7840
2.9275	8.2154	0.2432	72.9629	76.3579
2.9280	8.2151	0.2493	74.0463	76.2066
2.9285	8.2136	0.2574	74.3953	76.1768
2.9290	8.2140	0.2610	74.8698	76.2625
2.9295	8.2141	0.2584	75.2541	76.2757
2.9300	8.2151	0.2552	76.1535	76.3423
2.9305	8.2156	0.2469	76.4527	75.9059
2.9310	8.2155	0.2447	76.7288	75.9256
2.9315	8.2158	0.2390	76.6227	76.0079
2.9320	8.2161	0.2413	77.4158	75.9990
2.9325	8.2160	0.2394	76.0405	76.2447
2.9330	8.2167	0.2341	75.0870	76.0520
2.9335	8.2166	0.2330	75.9690	75.9031
2.9340	8.2163	0.2355	76.5774	76.0941
2.9345	8.2145	0.2507	77.3441	75.9344
2.9350	8.2136	0.2626	77.5212	75.9980
2.9355	8.2125	0.2717	77.6905	76.0527
2.9360	8.2122	0.2830	77.7877	76.1102
2.9365	8.2122	0.2775	77.9557	76.4795
2.9370	8.2124	0.2772	77.4437	76.3097
2.9375	8.2129	0.2664	76.8149	76.2023
2.9380	8.2139	0.2615	75.8832	76.4101
2.9385	8.2140	0.2602	74.4462	76.1410
2.9390	8.2140	0.2582	73.8759	76.1728
2.9395	8.2147	0.2539	73.5143	76.4020
2.9400	8.2148	0.2451	74.1145	76.2099
2.9405	8.2160	0.2414	74.7948	76.2511
2.9410	8.2163	0.2343	75.3698	76.1794
2.9415	8.2164	0.2365	75.8840	76.4574
2.9420	8.2155	0.2443	76.2668	76.5577
2.9425	8.2134	0.2617	76.7990	76.0179
2.9430	8.2118	0.2801	76.9677	75.7504
2.9435	8.2107	0.2946	77.4622	75.6678
2.9440	8.2118	0.2866	76.6512	75.8323
2.9445	8.2118	0.2746	76.7737	75.9923
2.9450	8.2127	0.2717	76.6479	75.7321
2.9455	8.2135	0.2637	76.0486	76.0245
2.9460	8.2132	0.2655	76.8769	76.2604
2.9465	8.2131	0.2670	77.1775	75.8998
2.9470	8.2129	0.2750	77.6942	75.8118
2.9475	8.2129	0.2697	77.8031	75.6099
2.9480	8.2130	0.2676	77.7867	75.9440
2.9485	8.2140	0.2644	77.4943	76.4681
2.9490	8.2154	0.2482	77.0975	76.3692
2.9495	8.2150	0.2491	76.5604	76.5483
2.9500	8.2138	0.2580	75.4342	76.3801
2.9505	8.2127	0.2702	72.9595	76.1286
2.9510	8.2127	0.2720	73.2061	76.0064
2.9515	8.2124	0.2776	73.9416	75.7652
2.9520	8.2126	0.2787	74.4015	75.7942
2.9525	8.2135	0.2700	74.8330	76.0822
2.9530	8.2146	0.2539	75.4442	76.3007
2.9535	8.2143	0.2571	76.2016	76.3619
2.9540	8.2135	0.2663	76.5150	76.0315
2.9545	8.2135	0.2656	76.7566	75.6818
2.9550	8.2139	0.2590	77.0223	75.9763
2.9555	8.2138	0.2589	77.5530	75.8841
2.9560	8.2137	0.2579	76.3109	75.8566
2.9565	8.2139	0.2587	77.0145	76.2505
2.9570	8.2132	0.2631	76.5608	76.4692
2.9575	8.2137	0.2567	76.3161	76.5096
2.9580	8.2132	0.2691	77.1677	76.2893
2.9585	8.2119	0.2781	77.3499	76.1268
2.9590	8.2126	0.2750	77.6762	76.3903
2.9595	8.2128	0.2693	77.8482	76.1255
2.9600	8.2139	0.2634	77.8128	76.0743
2.9605	8.2147	0.2514	77.4613	76.5125
2.9610	8.2146	0.2550	76.7120	76.2873
2.9615	8.2144	0.2508	76.4078	76.2298
2.9620	8.2149	0.2490	74.4888	76.2289
2.9625	8.2143	0.2528	72.8696	76.3029
2.9630	8.2144	0.2524	73.4919	76.3789
2.9635	8.2148	0.2583	73.9837	75.8988
2.9640	8.2150	0.2534	74.6898	75.7273
2.9645	8.2148	0.2453	75.0880	76.1066
2.9650	8.2144	0.2588	75.6834	76.0323
2.9655	8.2128	0.2731	76.3087	75.8493
2.9660	8.2116	0.2756	76.6967	75.7082
2.9665	8.2117	0.2794	76.8997	76.0664
2.9670	8.2126	0.2767	77.1569	76.2293
2.9675	8.2125	0.2753	77.5137	75.6203
2.9680	8.2133	0.2632	77.0933	75.7100
2.9685	8.2140	0.2611	76.8828	76.0321
2.9690	8.2143	0.2528	76.4952	76.3057
2.9695	8.2143	0.2621	76.4984	76.2978
2.9700	8.2140	0.2625	77.2595	76.2364
2.9705	8.2133	0.2628	77.4198	76.2944
2.9710	8.2134	0.2683	77.7359	76.3463
2.9715	8.2133	0.2673	77.7123	75.9720
2.9720	8.2132	0.2655	77.7228	76.0241
2.9725	8.2130	0.2664	77.0975	76.0387
2.9730	8.2130	0.2704	76.7767	76.1626
2.9735	8.2122	0.2823	75.2904	76.4114
2.9740	8.2134	0.2729	72.6640	76.1387
2.9745	8.2136	0.2586	73.0912	76.0556
2.9750	8.2143	0.2559	73.6847	75.8030
2.9755	8.2148	0.2477	74.2206	75.6513
2.9760	8.2140	0.2567	74.7090	75.9606
2.9765	8.2132	0.2709	75.3459	76.0406
2.9770	8.2134	0.2686	75.9079	76.1242
2.9775	8.2130	0.2676	76.4379	76.5509
2.9780	8.2145	0.2534	76.6792	76.3462
2.9785	8.2155	0.2461	76.9877	76.3406
2.9790	8.2163	0.2382	77.2499	76.1318
2.9795	8.2159	0.2436	77.5077	76.1123
2.9800	8.2146	0.2553	77.2241	76.4198
2.9805	8.2138	0.2632	76.6145	76.4261
2.9810	8.2137	0.2588	76.6025	76.4241
2.9815	8.2161	0.2404	76.8491	76.5595
2.9820	8.2171	0.2254	77.3447	76.0204
2.9825	8.2181	0.2193	77.8814	76.0403
2.9830	8.2172	0.2268	78.1246	76.0492
2.9835	8.2151	0.2429	78.0058	76.1229
2.9840	8.2146	0.2523	77.5063	76.2113
2.9845	8.2144	0.2546	77.2749	75.9606
2.9850	8.2143	0.2521	76.5651	75.9813
2.9855	8.2148	0.2503	74.9724	76.1822
2.9860	8.2162	0.2343	72.7028	75.6226
2.9865	8.2175	0.2265	73.2057	75.7328
2.9870	8.2173	0.2222	74.0972	75.6620
2.9875	8.2160	0.2347	74.5838	76.0356
2.9880	8.2146	0.2499	74.8667	76.0535
2.9885	8.2135	0.2665	75.2733	75.7981
2.9890	8.2147	0.2583	76.0802	75.9603
2.9895	8.2159	0.2403	76.6851	76.2596
2.9900	8.2152	0.2421	76.6971	76.1249
2.9905	8.2160	0.2372	76.8743	76.1656
2.9910	8.2153	0.2375	77.2268	75.9798
2.9915	8.2147	0.2458	77.6844	76.1891
2.9920	8.2150	0.2486	76.4602	76.1743
2.9925	8.2153	0.2499	75.7577	75.9058
2.9930	8.2153	0.2466	76.6841	76.0850
2.9935	8.2153	0.2465	77.3209	76.0355
2.9940	8.2161	0.2393	77.5851	76.1856
2.9945	8.2158	0.2410	77.7309	76.2936
2.9950	8.2155	0.2466	77.9145	75.8754
2.9955	8.2143	0.2563	78.1488	75.8075
2.9960	8.2134	0.2631	77.5012	75.8487
2.9965	8.2133	0.2642	77.0598	75.9008
2.9970	8.2136	0.2648	75.2840	76.2526
2.9975	8.2139	0.2593	73.8526	76.0724
2.9980	8.2145	0.2508	73.1613	76.1031
2.9985	8.2153	0.2446	73.3900	76.4098
2.9990	8.2165	0.2288	74.0704	76.0883
2.9995	8.2164	0.2312	74.6315	76.1536
3.0000	8.2160	0.2362	75.2837	76.2160
3.0005	8.2161	0.2361	75.5249	76.2666
3.0010	8.2164	0.2333	76.1668	76.6073
3.0015	8.2171	0.2283	76.6120	76.4639
3.0020	8.2169	0.2260	77.0107	76.3600
3.0025	8.2175	0.2234	77.0103	76.3700
3.0030	8.2169	0.2284	77.3334	75.8523
3.0035	8.2152	0.2428	76.9971	76.1822
3.0040	8.2146	0.2483	75.8256	76.4152
3.0045	8.2151	0.2475	76.2665	76.1600
3.0050	8.2153	0.2446	76.7219	76.0946
3.0055	8.2158	0.2367	77.4044	75.7174
3.0060	8.2154	0.2447	77.8348	76.0074
3.0065	8.2149	0.2503	77.9754	75.9283
3.0070	8.2147	0.2490	77.8285	75.4773
3.0075	8.2141	0.2579	77.8200	75.8259
3.0080	8.2141	0.2540	77.4069	76.0024
3.0085	8.2145	0.2531	76.8727	76.1289
3.0090	8.2145	0.2559	75.8230	75.9886
3.0095	8.2154	0.2526	74.5189	75.7372
3.0100	8.2155	0.2450	73.1579	76.1475
3.0105	8.2145	0.2526	73.7715	76.3661
3.0110	8.2141	0.2578	74.2243	76.0998
3.0115	8.2141	0.2627	74.6159	76.2778
3.0120	8.2137	0.2638	75.2077	76.1967
3.0125	8.2141	0.2573	75.9710	76.3358
3.0130	8.2147	0.2481	76.3117	76.0196
3.0135	8.2149	0.2478	76.5595	75.7644
3.0140	8.2160	0.2429	76.7324	75.9484
3.0145	8.2158	0.2428	77.4174	75.9077
3.0150	8.2152	0.2436	76.8238	76.1399
3.0155	8.2163	0.2378	74.9274	76.1853
3.0160	8.2165	0.2365	75.7863	75.9008
3.0165	8.2173	0.2288	76.5178	76.0284
3.0170	8.2168	0.2286	77.1071	75.9713
3.0175	8.2154	0.2468	77.3009	75.8623
3.0180	8.2137	0.2606	77.6929	76.0724
3.0185	8.2132	0.2714	78.0179	75.9671
3.0190	8.2126	0.2790	77.9366	76.2954
3.0195	8.2122	0.2816	77.5266	76.3907
3.0200	8.2122	0.2800	77.0431	76.1685
3.0205	8.2130	0.2684	76.6644	76.3557
3.0210	8.2140	0.2623	74.9982	76.3714
3.0215	8.2136	0.2660	73.8322	76.0583
3.0220	8.2138	0.2548	73.5235	76.3648
3.0225	8.2145	0.2499	74.0867	76.2147
3.0230	8.2154	0.2483	74.7438	76.1778
3.0235	8.2161	0.2368	74.9786	76.1097
3.0240	8.2171	0.2272	75.6544	76.2301
3.0245	8.2161	0.2366	76.3378	76.5937
3.0250	8.2140	0.2599	76.8514	76.2550
3.0255	8.2134	0.2679	76.7798	75.8293
3.0260	8.2109	0.2853	77.1773	75.7182
3.0265	8.2115	0.2869	77.2537	75.7136
3.0270	8.2114	0.2799	76.8095	76.0124
3.0275	8.2121	0.2816	76.9398	75.8036
3.0280	8.2130	0.2697	75.9061	75.7932
3.0285	8.2132	0.2688	76.6859	76.2708
3.0290	8.2128	0.2679	77.2066	76.0213
3.0295	8.2125	0.2733	77.5675	75.7371
3.0300	8.2123	0.2738	77.6843	75.6710
3.0305	8.2134	0.2646	77.8784	75.6402
3.0310	8.2138	0.2655	77.7653	76.3556
3.0315	8.2142	0.2574	77.3429	76.4323
3.0320	8.2152	0.2451	76.5856	76.5381
3.0325	8.2144	0.2603	76.1532	76.6247
3.0330	8.2127	0.2716	73.9174	76.2344
3.0335	8.2120	0.2867	72.8777	76.0523
3.0340	8.2120	0.2822	73.6582	75.8370
3.0345	8.2121	0.2824	74.1938	75.6588
3.0350	8.2126	0.2763	74.9037	75.8645
3.0355	8.2139	0.2642	75.2071	76.1604
3.0360	8.2144	0.2563	75.8638	76.3568
3.0365	8.2141	0.2571	76.3228	76.2357
3.0370	8.2137	0.2626	76.8860	75.7902
3.0375	8.2145	0.2581	76.8776	75.8712
3.0380	8.2148	0.2480	77.4688	76.0274
3.0385	8.2154	0.2431	76.7274	75.7634
3.0390	8.2161	0.2408	76.7053	75.9987
3.0395	8.2159	0.2371	77.1598	76.3299
3.0400	8.2150	0.2471	76.0684	76.4278
3.0405	8.2147	0.2461	76.8624	76.3463
3.0410	8.2132	0.2663	77.3569	76.0998
3.0415	8.2130	0.2728	77.6725	76.2844
3.0420	8.2133	0.2623	77.7547	76.3484
3.0425	8.2138	0.2602	77.7735	76.0284
3.0430	8.2154	0.2447	77.6610	76.4077
3.0435	8.2153	0.2485	77.1018	76.4433
3.0440	8.2151	0.2475	76.4845	76.1909
3.0445	8.2155	0.2455	75.3795	76.2341
3.0450	8.2145	0.2531	73.1051	76.1583
3.0455	8.2143	0.2542	73.2467	76.3733
3.0460	8.2150	0.2538	73.7939	76.1042
3.0465	8.2148	0.2481	74.3802	75.7332
3.0470	8.2146	0.2491	74.9754	75.9987
3.0475	8.2136	0.2672	75.5417	76.1886
3.0480	8.2133	0.2723	75.9397	75.9339
3.0485	8.2129	0.2739	76.4726	75.8138
3.0490	8.2127	0.2743	76.9561	75.8263
3.0495	8.2131	0.2755	77.1510	76.3147
3.0500	8.2132	0.2665	77.4115	75.7993
3.0505	8.2145	0.2522	77.1141	75.5716
3.0510	8.2151	0.2504	76.8939	75.8154
3.0515	8.2153	0.2470	76.8506	76.2239
3.0520	8.2148	0.2501	76.2908	76.3465
3.0525	8.2149	0.2504	76.9513	76.3207
3.0530	8.2149	0.2426	77.3528	76.2749
3.0535	8.2152	0.2494	77.7366	76.4952
3.0540	8.2155	0.2502	77.7656	76.1635
3.0545	8.2155	0.2461	77.6191	76.0456
3.0550	8.2155	0.2485	77.4228	76.0683
3.0555	8.2146	0.2513	76.8058	76.0503
3.0560	8.2135	0.2683	76.1183	76.3213
3.0565	8.2129	0.2770	73.3873	76.2409
3.0570	8.2146	0.2541	72.7351	76.0088
3.0575	8.2148	0.2517	73.6540	75.9396
3.0580	8.2155	0.2387	73.9973	75.6658
3.0585	8.2150	0.2446	74.4162	75.8846
3.0590	8.2142	0.2572	75.0549	76.1110
3.0595	8.2137	0.2598	75.8164	76.0836
3.0600	8.2145	0.2570	76.3145	76.4300
3.0605	8.2149	0.2477	76.5835	76.4694
3.0610	8.2156	0.2409	76.7638	76.2990
3.0615	8.2170	0.2309	77.2793	76.2634
3.0620	8.2169	0.2310	77.5409	76.0426
3.0625	8.2157	0.2452	77.3627	76.3318
3.0630	8.2141	0.2578	76.6180	76.4847
3.0635	8.2134	0.2659	76.4742	76.4074
3.0640	8.2149	0.2508	76.9430	76.5986
3.0645	8.2166	0.2356	77.2710	76.2839
3.0650	8.2166	0.2312	77.4991	75.9645
3.0655	8.2163	0.2301	77.8510	76.1004
3.0660	8.2156	0.2407	78.1966	76.0680
3.0665	8.2143	0.2561	77.7958	76.2321
3.0670	8.2146	0.2564	77.3100	76.0739
3.0675	8.2150	0.2485	76.7031	75.8764
3.0680	8.2146	0.2508	75.7548	76.2058
3.0685	8.2148	0.2511	73.6949	75.8750
3.0690	8.2152	0.2449	72.6705	75.6579
3.0695	8.2167	0.2316	73.7266	75.7978
3.0700	8.2157	0.2366	74.2643	75.9320
3.0705	8.2147	0.2534	74.8710	76.1826
3.0710	8.2123	0.2699	75.0523	75.8793
3.0715	8.2125	0.2732	75.6865	75.8173
3.0720	8.2139	0.2623	76.4240	76.1824
3.0725	8.2146	0.2527	76.7858	76.2299
3.0730	8.2159	0.2436	76.7816	76.1674
3.0735	8.2158	0.2365	76.9569	76.0720
3.0740	8.2158	0.2417	77.4773	76.0721
3.0745	8.2152	0.2461	77.1541	76.3290
3.0750	8.2155	0.2455	75.7659	75.9898
3.0755	8.2155	0.2391	76.2348	76.0803
3.0760	8.2151	0.2428	77.0573	76.0548
3.0765	8.2160	0.2413	77.5591	75.9964
3.0770	8.2163	0.2325	77.7158	76.3452
3.0775	8.2159	0.2358	77.7012	76.0558
3.0780	8.2152	0.2505	78.0766	75.8319
3.0785	8.2142	0.2583	77.7994	75.8625
3.0790	8.2137	0.2664	77.3522	75.8572
3.0795	8.2133	0.2647	76.0399	76.0903
3.0800	8.2136	0.2664	74.4793	76.1502
3.0805	8.2145	0.2531	73.9010	75.9741
3.0810	8.2149	0.2502	73.0661	76.4377
3.0815	8.2155	0.2419	73.9065	76.2415
3.0820	8.2163	0.2346	74.1417	76.1278
3.0825	8.2161	0.2375	74.9946	76.2167
3.0830	8.2163	0.2325	75.4884	76.2723
3.0835	8.2162	0.2385	76.0409	76.4375
3.0840	8.2168	0.2292	76.3402	76.5731
3.0845	8.2176	0.2175	76.7002	76.3598
3.0850	8.2186	0.2135	77.0197	76.5423
3.0855	8.2178	0.2186	77.2080	76.0874
3.0860	8.2168	0.2261	77.3361	76.0269
3.0865	8.2156	0.2450	76.0316	76.4607
3.0870	8.2150	0.2448	75.9596	76.2812
3.0875	8.2155	0.2484	76.6229	76.1611
3.0880	8.2160	0.2399	77.0577	75.8934
3.0885	8.2165	0.2346	77.5366	75.7909
3.0890	8.2157	0.2422	77.8997	76.1164
3.0895	8.2155	0.2428	77.9645	75.5526
3.0900	8.2156	0.2467	77.8059	75.7110
3.0905	8.2155	0.2384	77.5142	76.0059
3.0910	8.2158	0.2384	77.0457	76.1641
3.0915	8.2156	0.2422	76.2453	76.2005
3.0920	8.2160	0.2369	75.1205	75.8751
3.0925	8.2166	0.2315	73.6614	75.9107
3.0930	8.2158	0.2395	73.2830	76.4269
3.0935	8.2152	0.2508	74.0896	76.1432
3.0940	8.2145	0.2585	74.3591	76.2345
3.0945	8.2147	0.2547	75.0430	76.2273
3.0950	8.2149	0.2490	75.5896	76.3314
3.0955	8.2156	0.2403	76.2250	76.2805
3.0960	8.2168	0.2300	76.3393	75.8750
3.0965	8.2168	0.2295	76.6804	75.9556
3.0970	8.2170	0.2303	76.9909	75.9825
3.0975	8.2171	0.2276	77.4288	76.0654
3.0980	8.2176	0.2218	75.4780	76.2581
3.0985	8.2186	0.2083	75.2404	75.9881
3.0990	8.2187	0.2068	76.2132	75.9462
3.0995	8.2180	0.2163	76.8390	76.0636
3.1000	8.2162	0.2307	77.2309	75.8758
3.1005	8.2146	0.2508	77.4732	76.0144
3.1010	8.2128	0.2706	77.8855	76.0229
3.1015	8.2130	0.2747	77.9114	76.1931
3.1020	8.2137	0.2600	77.8331	76.4933
3.1025	8.2138	0.2617	77.1832	76.2746
3.1030	8.2144	0.2511	76.7809	76.2722
3.1035	8.2151	0.2479	75.6622	76.4810
3.1040	8.2154	0.2475	74.2035	76.1157
3.1045	8.2149	0.2499	73.6890	76.2254
3.1050	8.2149	0.2528	73.6967	76.3523
3.1055	8.2156	0.2461	74.3777	76.1916
3.1060	8.2159	0.2396	74.8089	76.2560
3.1065	8.2160	0.2335	75.4195	76.1887
3.1070	8.2162	0.2316	76.0043	76.5349
3.1075	8.2144	0.2484	76.4911	76.4926
3.1080	8.2130	0.2709	76.8203	75.9598
3.1085	8.2115	0.2838	76.9473	75.7464
3.1090	8.2109	0.2922	77.4292	75.6335
3.1095	8.2120	0.2766	76.7170	75.8892
3.1100	8.2124	0.2787	76.9231	75.9357
3.1105	8.2130	0.2727	76.2754	75.7117
3.1110	8.2139	0.2642	76.1937	76.1935
3.1115	8.2136	0.2639	77.0257	76.3104
3.1120	8.2132	0.2647	77.2980	75.8408
3.1125	8.2126	0.2742	77.6742	75.7913
3.1130	8.2136	0.2644	77.7959	75.5600
3.1135	8.2135	0.2612	77.8178	76.1174
3.1140	8.2144	0.2531	77.4809	76.4830
3.1145	8.2155	0.2457	76.8382	76.3975
3.1150	8.2155	0.2433	76.4272	76.6061
3.1155	8.2139	0.2581	75.0076	76.3388
3.1160	8.2130	0.2693	72.8828	76.0636
3.1165	8.2127	0.2754	73.3791	75.9461
3.1170	8.2125	0.2782	73.9032	75.7390
3.1175	8.2123	0.2750	74.5929	75.8576
3.1180	8.2138	0.2655	75.0109	76.1625
3.1185	8.2150	0.2478	75.5847	76.3629
3.1190	8.2141	0.2552	76.1592	76.3438
3.1195	8.2129	0.2644	76.6812	75.9502
3.1200	8.2138	0.2655	76.8242	75.7179
3.1205	8.2141	0.2621	77.1794	75.9911
3.1210	8.2141	0.2595	77.3193	75.8097
3.1215	8.2137	0.2552	76.3004	75.9153
3.1220	8.2142	0.2566	77.1595	76.3031
3.1225	8.2138	0.2618	76.2780	76.4764
3.1230	8.2140	0.2576	76.5037	76.4911
3.1235	8.2131	0.2711	77.2540	76.2515
3.1240	8.2121	0.2806	77.4569	76.1881
3.1245	8.2120	0.2753	77.7069	76.4194
3.1250	8.2128	0.2732	77.8647	76.0659
3.1255	8.2136	0.2580	77.7223	76.1652
3.1260	8.2143	0.2541	77.3018	76.5091
3.1265	8.2143	0.2583	76.5566	76.2139
3.1270	8.2144	0.2529	76.2400	76.2382
3.1275	8.2142	0.2533	74.0011	76.1944
3.1280	8.2142	0.2557	72.8615	76.3497
3.1285	8.2146	0.2558	73.5370	76.3073
3.1290	8.2145	0.2529	74.1545	75.8439
3.1295	8.2148	0.2463	74.7880	75.8166
3.1300	8.2139	0.2564	75.1725	76.1998
3.1305	8.2134	0.2635	75.7178	75.9786
3.1310	8.2122	0.2778	76.3675	75.8419
3.1315	8.2122	0.2853	76.8260	75.7186
3.1320	8.2121	0.2847	76.9372	76.1744
3.1325	8.2122	0.2819	77.1915	76.0964
3.1330	8.2128	0.2738	77.4166	75.5319
3.1335	8.2134	0.2635	76.9405	75.7540
3.1340	8.2138	0.2606	76.9259	76.1078
3.1345	8.2150	0.2513	76.3840	76.3248
3.1350	8.2147	0.2502	76.6415	76.3131
3.1355	8.2145	0.2546	77.3352	76.2508
3.1360	8.2142	0.2579	77.4309	76.3997
3.1365	8.2138	0.2629	77.7545	76.2812
3.1370	8.2143	0.2614	77.6991	75.9049
3.1375	8.2144	0.2565	77.6684	76.0237
3.1380	8.2137	0.2614	76.8894	76.0310
3.1385	8.2130	0.2694	76.6108	76.2641
3.1390	8.2123	0.2836	74.7517	76.4162
3.1395	8.2138	0.2663	72.5603	76.1058
3.1400	8.2146	0.2571	73.1773	76.0374
3.1405	8.2147	0.2547	73.7206	75.7241
3.1410	8.2151	0.2478	74.3839	75.7282
3.1415	8.2136	0.2626	74.8047	76.0248
3.1420	8.2129	0.2714	75.4453	76.0405
3.1425	8.2130	0.2662	76.0016	76.2288
3.1430	8.2137	0.2614	76.5337	76.5449
3.1435	8.2148	0.2549	76.7169	76.3040
3.1440	8.2154	0.2461	77.0426	76.3538
3.1445	8.2162	0.2403	77.2556	76.1176
3.1450	8.2148	0.2466	77.5420	76.2225
3.1455	8.2135	0.2647	77.1042	76.4666
3.1460	8.2128	0.2694	76.4745	76.3913
3.1465	8.2136	0.2718	76.6253	76.4659
3.1470	8.2161	0.2382	77.0642	76.4542
3.1475	8.2166	0.2315	77.5213	75.9383
3.1480	8.2171	0.2260	77.8578	76.0601
3.1485	8.2163	0.2340	77.9313	76.0388
3.1490	8.2146	0.2555	77.8849	76.1911
3.1495	8.2141	0.2601	77.6482	76.2088
3.1500	8.2140	0.2616	77.2407	75.9302
3.1505	8.2140	0.2561	76.1837	76.0917
3.1510	8.2143	0.2604	74.4842	76.0984
3.1515	8.2155	0.2401	72.6703	75.5971
3.1520	8.2174	0.2246	73.4902	75.7467
3.1525	8.2173	0.2233	74.0898	75.7136
3.1530	8.2154	0.2369	74.5528	76.0968
3.1535	8.2142	0.2540	74.9460	75.9682
3.1540	8.2135	0.2667	75.5134	75.7936
3.1545	8.2145	0.2570	76.1589	76.0421
3.1550	8.2155	0.2491	76.6274	76.3128
3.1555	8.2156	0.2430	76.6964	76.1570
3.1560	8.2157	0.2355	76.9907	76.2060
3.1565	8.2151	0.2468	77.2839	75.9969
3.1570	8.2150	0.2525	77.5276	76.2539
3.1575	8.2149	0.2520	76.2040	76.0470
3.1580	8.2149	0.2524	75.9672	75.9090
3.1585	8.2145	0.2524	76.7261	76.0751
3.1590	8.2146	0.2543	77.2778	75.9310
3.1595	8.2155	0.2416	77.7342	76.2469
3.1600	8.2161	0.2379	77.8474	76.2443
3.1605	8.2150	0.2479	77.9147	75.8601
3.1610	8.2141	0.2546	77.9193	75.8521
3.1615	8.2129	0.2670	77.4906	75.8447
3.1620	8.2136	0.2702	76.9825	75.9590
3.1625	8.2133	0.2670	75.0367	76.1964
3.1630	8.2137	0.2651	74.2233	75.9041
3.1635	8.2137	0.2633	73.0824	76.1993
3.1640	8.2152	0.2504	73.6486	76.3605
3.1645	8.2159	0.2402	74.1664	76.0739
3.1650	8.2157	0.2367	74.6274	76.2042
3.1655	8.2166	0.2389	75.2780	76.2364
3.1660	8.2159	0.2426	75.8005	76.3368
3.1665	8.2163	0.2310	76.2895	76.6122
3.1670	8.2172	0.2292	76.5291	76.3753
3.1675	8.2174	0.2215	76.9614	76.4363
3.1680	8.2177	0.2295	77.1292	76.2585
3.1685	8.2164	0.2316	77.5422	75.8520
3.1690	8.2149	0.2514	76.6150	76.2851
3.1695	8.2150	0.2530	75.7069	76.3741
3.1700	8.2151	0.2569	76.4701	76.1932
3.1705	8.2152	0.2432	76.9014	76.0624
3.1710	8.2157	0.2423	77.4647	75.7025
3.1715	8.2154	0.2419	77.7169	76.1129
3.1720	8.2153	0.2490	78.0333	75.7820
3.1725	8.2144	0.2493	78.0019	75.5185
3.1730	8.2148	0.2567	77.7111	75.8545
3.1735	8.2144	0.2557	77.2034	76.0064
3.1740	8.2145	0.2587	76.6753	76.1538
3.1745	8.2141	0.2553	75.6623	75.9897
3.1750	8.2147	0.2508	74.3981	75.7284
3.1755	8.2153	0.2484	73.0665	76.2923
3.1760	8.2144	0.2519	73.9005	76.2995
3.1765	8.2137	0.2601	74.3688	76.1431
3.1770	8.2141	0.2639	74.7812	76.2342
3.1775	8.2138	0.2585	75.1902	76.2104
3.1780	8.2147	0.2572	76.0273	76.3234
3.1785	8.2152	0.2503	76.5155	75.9493
3.1790	8.2148	0.2547	76.7276	75.8251
3.1795	8.2158	0.2442	76.5841	76.0179
3.1800	8.2152	0.2481	77.4334	75.9726
3.1805	8.2157	0.2469	76.5533	76.2110
3.1810	8.2163	0.2354	75.0671	76.1119
3.1815	8.2162	0.2358	75.8081	75.9010
3.1820	8.2179	0.2186	76.4328	76.0482
3.1825	8.2169	0.2299	77.3227	75.9115
3.1830	8.2153	0.2468	77.5098	75.8906
3.1835	8.2137	0.2641	77.6935	76.0822
3.1840	8.2133	0.2694	77.8127	76.0339
3.1845	8.2134	0.2670	78.0207	76.3641
3.1850	8.2125	0.2703	77.6285	76.3456
3.1855	8.2132	0.2682	76.8542	76.1752
3.1860	8.2137	0.2612	76.2042	76.4246
3.1865	8.2138	0.2593	74.8056	76.2848
3.1870	8.2142	0.2561	74.0394	76.0835
3.1875	8.2147	0.2586	73.5474	76.3901
3.1880	8.2152	0.2512	73.9826	76.1787
3.1885	8.2152	0.2481	74.7741	76.2015
3.1890	8.2153	0.2458	75.2936	76.1050
3.1895	8.2150	0.2446	75.7937	76.3311
3.1900	8.2143	0.2500	76.2232	76.5977
3.1905	8.2135	0.2652	76.8498	76.1507
3.1910	8.2119	0.2818	77.0031	75.7981
3.1915	8.2109	0.2921	77.3759	75.6916
3.1920	8.2114	0.2822	76.9640	75.7564
3.1925	8.2123	0.2785	76.7876	75.9726
3.1930	8.2132	0.2732	76.8231	75.7051
3.1935	8.2132	0.2637	75.9750	75.8314
3.1940	8.2133	0.2662	76.7996	76.2010
3.1945	8.2134	0.2617	77.2236	75.9295
3.1950	8.2133	0.2710	77.6765	75.7922
3.1955	8.2136	0.2672	77.7704	75.6422
3.1960	8.2136	0.2595	77.7623	75.7725
3.1965	8.2141	0.2601	77.6042	76.4717
3.1970	8.2145	0.2534	77.3290	76.4002
3.1975	8.2152	0.2431	76.6034	76.5655
3.1980	8.2140	0.2597	75.8027	76.4783
3.1985	8.2124	0.2766	73.3695	76.1246
3.1990	8.2118	0.2854	73.0926	76.0063
3.1995	8.2120	0.2823	73.9085	75.7784
3.2000	8.2125	0.2738	74.2833	75.6838
3.2005	8.2135	0.2697	74.7851	75.9467
3.2010	8.2155	0.2502	75.3308	76.2501
3.2015	8.2157	0.2422	76.1678	76.3393
3.2020	8.2151	0.2454	76.5036	76.1026
3.2025	8.2147	0.2499	76.7712	75.6981
3.2030	8.2151	0.2469	76.8689	75.9008
3.2035	8.2154	0.2455	77.6355	75.9344
3.2040	8.2153	0.2455	76.6148	75.7771
3.2045	8.2155	0.2406	76.8154	76.1198
3.2050	8.2149	0.2549	76.7111	76.3975
3.2055	8.2143	0.2542	76.2685	76.4633
3.2060	8.2140	0.2605	77.1406	76.3366
3.2065	8.2129	0.2753	77.2791	76.1161
3.2070	8.2124	0.2747	77.5817	76.3638
3.2075	8.2128	0.2674	77.8542	76.2332
3.2080	8.2139	0.2609	77.9283	76.0150
3.2085	8.2149	0.2510	77.5217	76.4441
3.2090	8.2151	0.2455	76.8096	76.3418
3.2095	8.2150	0.2443	76.5402	76.1882
3.2100	8.2148	0.2550	75.0444	76.2428
3.2105	8.2147	0.2546	72.8956	76.2427
3.2110	8.2144	0.2555	73.2770	76.3984
3.2115	8.2148	0.2496	73.9365	76.0386
3.2120	8.2151	0.2485	74.7113	75.7187
3.2125	8.2143	0.2528	74.9993	76.0676
3.2130	8.2136	0.2626	75.5051	76.0934
3.2135	8.2140	0.2658	76.1735	75.8536
3.2140	8.2126	0.2725	76.7415	75.7401
3.2145	8.2127	0.2736	76.9765	75.8980
3.2150	8.2137	0.2674	76.9460	76.2860
3.2155	8.2143	0.2593	77.3995	75.6835
3.2160	8.2154	0.2471	77.3072	75.6389
3.2165	8.2157	0.2384	77.0020	75.9420
3.2170	8.2165	0.2317	76.6396	76.2865
3.2175	8.2169	0.2333	76.2889	76.3297
3.2180	8.2164	0.2310	77.2707	76.2578
3.2185	8.2168	0.2357	77.5451	76.2827
3.2190	8.2164	0.2375	77.5589	76.4033
3.2195	8.2164	0.2312	77.6100	76.0347
3.2200	8.2165	0.2315	77.8573	76.0416
3.2205	8.2156	0.2378	77.3870	76.0668
3.2210	8.2147	0.2563	76.6137	76.1442
3.2215	8.2135	0.2658	75.6478	76.4237
3.2220	8.2131	0.2691	73.1678	76.2085
3.2225	8.2144	0.2574	73.0129	76.0471
3.2230	8.2152	0.2442	73.4430	75.8635
3.2235	8.2155	0.2413	73.9758	75.6088
3.2240	8.2153	0.2434	74.8083	75.8811
3.2245	8.2152	0.2514	75.4198	76.0233
3.2250	8.2142	0.2562	75.6978	76.0172
3.2255	8.2145	0.2549	76.0926	76.4915
3.2260	8.2146	0.2564	76.7466	76.4612
3.2265	8.2154	0.2410	77.2197	76.3988
3.2270	8.2162	0.2363	77.2125	76.2664
3.2275	8.2161	0.2391	77.2131	76.1027
3.2280	8.2145	0.2528	77.3003	76.3957
3.2285	8.2138	0.2658	76.8715	76.4218
3.2290	8.2127	0.2689	76.6103	76.3476
3.2295	8.2138	0.2609	76.6765	76.5387
3.2300	8.2146	0.2530	77.2325	76.1114
3.2305	8.2152	0.2422	77.9162	75.9776
3.2310	8.2160	0.2374	78.0185	76.0935
3.2315	8.2149	0.2516	77.9105	76.1254
3.2320	8.2140	0.2621	77.5744	76.2546
3.2325	8.2139	0.2658	77.5721	76.0098
3.2330	8.2140	0.2594	76.6618	75.9204
3.2335	8.2146	0.2589	75.1913	76.2072
3.2340	8.2148	0.2514	73.1582	75.7206
3.2345	8.2158	0.2399	73.1467	75.6649
3.2350	8.2168	0.2307	74.0408	75.6743
3.2355	8.2165	0.2371	74.1660	75.9446
3.2360	8.2141	0.2555	74.7883	76.1166
3.2365	8.2124	0.2709	75.4397	75.8304
3.2370	8.2131	0.2648	76.0334	75.9243
3.2375	8.2147	0.2544	76.2801	76.3465
3.2380	8.2155	0.2516	76.5507	76.2346
3.2385	8.2163	0.2332	77.0446	76.1866
3.2390	8.2163	0.2347	77.2847	76.0052
3.2395	8.2161	0.2372	77.4601	76.0990
3.2400	8.2152	0.2429	76.5946	76.1995
3.2405	8.2155	0.2436	75.8313	75.8820
3.2410	8.2154	0.2468	76.6748	76.1285
3.2415	8.2155	0.2448	77.0422	76.0486
3.2420	8.2166	0.2322	77.3799	76.1225
3.2425	8.2168	0.2265	77.8767	76.3815
3.2430	8.2162	0.2360	78.0488	75.9766
3.2435	8.2150	0.2495	77.9974	75.8413
3.2440	8.2144	0.2531	77.3827	75.8033
3.2445	8.2136	0.2608	77.2292	75.8256
3.2450	8.2137	0.2638	76.0409	76.1392
3.2455	8.2141	0.2629	74.7943	76.0466
3.2460	8.2153	0.2433	73.1433	76.0035
3.2465	8.2158	0.2413	73.1102	76.4652
3.2470	8.2163	0.2346	74.2292	76.1772
3.2475	8.2168	0.2340	74.4708	76.1761
3.2480	8.2163	0.2403	74.9377	76.2167
3.2485	8.2168	0.2310	75.3319	76.2719
3.2490	8.2169	0.2297	76.2559	76.4878
3.2495	8.2176	0.2258	76.5724	76.4808
3.2500	8.2186	0.2112	76.6841	76.3565
3.2505	8.2189	0.2078	76.9083	76.4559
3.2510	8.2183	0.2121	77.4509	75.9445
3.2515	8.2160	0.2319	77.2779	76.0842
3.2520	8.2166	0.2372	75.6593	76.4346
3.2525	8.2155	0.2410	75.9449	76.2272
3.2530	8.2160	0.2393	76.8510	76.1459
3.2535	8.2169	0.2337	77.4288	75.7648
3.2540	8.2175	0.2270	77.5245	75.9231
3.2545	8.2163	0.2383	77.7540	76.0494
3.2550	8.2163	0.2393	77.9671	75.4957
3.2555	8.2153	0.2431	77.9996	75.7370
3.2560	8.2158	0.2505	77.3748	75.9412
3.2565	8.2157	0.2400	76.7100	76.1408
3.2570	8.2160	0.2429	76.0489	76.1255
3.2575	8.2162	0.2347	75.0880	75.7820
3.2580	8.2169	0.2286	73.3626	76.0386
3.2585	8.2168	0.2340	73.2643	76.4265
3.2590	8.2152	0.2464	74.1155	76.1059
3.2595	8.2146	0.2542	74.7214	76.2781
3.2600	8.2149	0.2534	75.1950	76.2468
3.2605	8.2151	0.2459	75.4870	76.3357
3.2610	8.2159	0.2362	76.1894	76.1441
3.2615	8.2166	0.2301	76.7041	75.7809
3.2620	8.2169	0.2282	76.8369	75.9891
3.2625	8.2169	0.2320	76.9266	75.9629
3.2630	8.2173	0.2216	76.9930	76.1194
3.2635	8.2180	0.2174	75.3441	76.2229
3.2640	8.2185	0.2030	75.6448	75.9381
3.2645	8.2192	0.2052	76.1330	75.9912
3.2650	8.2181	0.2103	76.7834	76.0352
3.2655	8.2166	0.2336	77.4587	75.8464
3.2660	8.2147	0.2585	77.8051	76.0559
3.2665	8.2132	0.2705	77.7688	76.0323
3.2670	8.2130	0.2691	77.6513	76.2805
3.2675	8.2133	0.2651	77.8174	76.4694
3.2680	8.2138	0.2667	77.3144	76.2477
3.2685	8.2138	0.2601	76.6449	76.2941
3.2690	8.2149	0.2542	75.1099	76.3811
3.2695	8.2146	0.2478	74.1140	76.0641
3.2700	8.2152	0.2416	73.8672	76.3171
3.2705	8.2157	0.2401	73.7195	76.2761
3.2710	8.2163	0.2346	74.3345	76.1875
3.2715	8.2168	0.2311	74.8960	76.1999
3.2720	8.2172	0.2316	75.7377	76.2240
3.2725	8.2158	0.2388	76.1672	76.6055
3.2730	8.2135	0.2605	76.4191	76.4392
3.2735	8.2126	0.2732	76.7309	75.9411
3.2740	8.2113	0.2885	77.2888	75.7563
3.2745	8.2108	0.2926	77.4269	75.6703
3.2750	8.2111	0.2893	76.4996	75.9690
3.2755	8.2114	0.2851	76.8449	75.8467
3.2760	8.2125	0.2794	76.2227	75.7266
3.2765	8.2127	0.2721	76.5458	76.1878
3.2770	8.2123	0.2785	76.9687	76.1542
3.2775	8.2119	0.2813	77.2711	75.7990
3.2780	8.2118	0.2804	77.7992	75.7836
3.2785	8.2132	0.2762	77.9421	75.6242
3.2790	8.2129	0.2723	77.6121	76.3012
3.2795	8.2143	0.2625	77.2793	76.4667
3.2800	8.2149	0.2515	76.8323	76.4652
3.2805	8.2147	0.2578	76.4802	76.5618
3.2810	8.2131	0.2682	74.3161	76.2106
3.2815	8.2124	0.2774	72.6105	76.0416
3.2820	8.2118	0.2819	73.6270	75.8770
3.2825	8.2122	0.2865	74.2273	75.7164
3.2830	8.2123	0.2803	74.6640	75.8873
3.2835	8.2129	0.2719	74.8546	76.2267
3.2840	8.2143	0.2603	75.7532	76.4114
3.2845	8.2130	0.2688	76.4667	76.3269
3.2850	8.2125	0.2798	76.7965	75.9041
3.2855	8.2129	0.2750	76.5892	75.7915
3.2860	8.2130	0.2717	77.2753	76.0196
3.2865	8.2131	0.2742	77.2430	75.7639
3.2870	8.2132	0.2674	76.5925	75.9513
3.2875	8.2131	0.2629	77.0205	76.3123
3.2880	8.2129	0.2709	76.0018	76.4600
3.2885	8.2133	0.2681	76.8536	76.4423
3.2890	8.2127	0.2747	77.4069	76.1887
3.2895	8.2118	0.2827	77.4005	76.2990
3.2900	8.2118	0.2784	77.4975	76.4397
3.2905	8.2127	0.2747	77.9053	76.0444
3.2910	8.2131	0.2666	77.9088	76.3268
3.2915	8.2137	0.2607	77.2034	76.4964
3.2920	8.2139	0.2594	76.3002	76.1911
3.2925	8.2142	0.2521	75.8723	76.2356
3.2930	8.2138	0.2660	73.6950	76.1728
3.2935	8.2140	0.2585	73.0290	76.3694
3.2940	8.2140	0.2614	73.5036	76.2186
3.2945	8.2145	0.2582	74.2268	75.7757
3.2950	8.2147	0.2510	74.9997	75.8796
3.2955	8.2143	0.2551	75.3996	76.2488
3.2960	8.2133	0.2655	75.7119	75.9716
3.2965	8.2121	0.2797	76.3578	75.8774
3.2970	8.2119	0.2835	76.9782	75.7437
3.2975	8.2117	0.2807	77.0112	76.2829
3.2980	8.2125	0.2791	77.1505	75.8995
3.2985	8.2129	0.2708	77.2326	75.5031
3.2990	8.2141	0.2649	77.0427	75.8050
3.2995	8.2143	0.2534	77.0073	76.1742
3.3000	8.2146	0.2506	76.1502	76.3573
3.3005	8.2147	0.2512	76.6256	76.3408
3.3010	8.2145	0.2534	77.4461	76.2865
3.3015	8.2141	0.2543	77.6665	76.4673
3.3020	8.2140	0.2606	77.7022	76.1969
3.3025	8.2140	0.2594	77.4891	75.9157
3.3030	8.2144	0.2579	77.5794	76.0492
3.3035	8.2139	0.2609	76.9986	76.0585
3.3040	8.2125	0.2744	76.4356	76.3174
3.3045	8.2126	0.2718	74.0004	76.3720
3.3050	8.2142	0.2575	72.5648	76.0872
3.3055	8.2147	0.2534	73.5299	76.0192
3.3060	8.2148	0.2570	73.8651	75.6937
3.3065	8.2145	0.2527	74.2953	75.7564
3.3070	8.2135	0.2644	74.9058	76.0752
3.3075	8.2126	0.2779	75.7357	76.0737
3.3080	8.2123	0.2747	76.1004	76.3261
3.3085	8.2130	0.2724	76.4415	76.5556
3.3090	8.2135	0.2632	76.6857	76.3197
3.3095	8.2148	0.2569	77.2678	76.3507
3.3100	8.2153	0.2487	77.4896	76.0799
3.3105	8.2143	0.2528	77.4075	76.2955
3.3110	8.2140	0.2620	76.7405	76.4708
3.3115	8.2135	0.2657	76.5441	76.3793
3.3120	8.2144	0.2615	76.8261	76.5339
3.3125	8.2167	0.2333	77.0679	76.3758
3.3130	8.2168	0.2322	77.4150	75.9440
3.3135	8.2169	0.2261	77.8884	76.0980
3.3140	8.2166	0.2329	78.1567	76.0669
3.3145	8.2149	0.2530	77.8675	76.2263
3.3150	8.2143	0.2528	77.4063	76.1675
3.3155	8.2150	0.2503	76.9434	75.8877
3.3160	8.2146	0.2512	75.9497	76.1900
3.3165	8.2154	0.2437	74.3212	75.9891
3.3170	8.2166	0.2320	72.7055	75.6132
3.3175	8.2177	0.2222	73.6527	75.7507
3.3180	8.2173	0.2239	74.1544	75.6883
3.3185	8.2156	0.2410	74.5884	76.1295
3.3190	8.2137	0.2613	74.9603	75.9239
3.3195	8.2130	0.2721	75.6896	75.8411
3.3200	8.2143	0.2572	76.3635	76.2177
3.3205	8.2146	0.2541	76.6154	76.3717
3.3210	8.2155	0.2437	76.6212	76.2196
3.3215	8.2159	0.2401	77.0271	76.1016
3.3220	8.2151	0.2455	77.5295	75.9831
3.3225	8.2146	0.2495	77.3868	76.2900
3.3230	8.2145	0.2540	75.8144	75.9463
3.3235	8.2151	0.2477	76.0371	76.0191
3.3240	8.2139	0.2586	77.0368	76.2361
3.3245	8.2145	0.2485	77.4592	76.0839
3.3250	8.2157	0.2478	77.6503	76.3739
3.3255	8.2152	0.2496	77.7410	76.1568
3.3260	8.2145	0.2507	78.1278	75.8382
3.3265	8.2135	0.2653	77.8644	75.8672
3.3270	8.2135	0.2698	77.3027	75.8141
3.3275	8.2136	0.2681	76.4547	76.0362
3.3280	8.2134	0.2635	75.3178	76.2012
3.3285	8.2145	0.2576	74.1961	75.9186
3.3290	8.2150	0.2509	72.9178	76.3359
3.3295	8.2159	0.2414	73.6672	76.2922
3.3300	8.2165	0.2306	74.1706	76.0987
3.3305	8.2162	0.2367	74.9884	76.2288
3.3310	8.2158	0.2402	75.3409	76.2486
3.3315	8.2156	0.2460	75.7695	76.4304
3.3320	8.2150	0.2448	76.3210	76.6582
3.3325	8.2154	0.2452	76.7371	76.3587
3.3330	8.2159	0.2400	77.0291	76.4882
3.3335	8.2166	0.2331	77.0551	76.1432
3.3340	8.2154	0.2420	77.4483	75.8991
3.3345	8.2143	0.2541	76.4529	76.3530
3.3350	8.2140	0.2541	75.7490	76.3134
3.3355	8.2144	0.2593	76.4605	76.2051
3.3360	8.2159	0.2474	76.9701	75.9954
3.3365	8.2154	0.2402	77.6521	75.7522
3.3370	8.2149	0.2464	77.8514	76.1534
3.3375	8.2151	0.2524	77.8482	75.6577
3.3380	8.2147	0.2545	77.8567	75.6211
3.3385	8.2144	0.2542	77.7493	75.9281
3.3390	8.2145	0.2531	77.1782	76.0908
3.3395	8.2138	0.2608	76.4215	76.1596
3.3400	8.2140	0.2615	75.3511	75.9421
3.3405	8.2150	0.2579	74.1369	75.7821
3.3410	8.2148	0.2536	73.2221	76.4066
3.3415	8.2145	0.2599	73.8910	76.2019
3.3420	8.2132	0.2658	74.2555	76.1907
3.3425	8.2131	0.2707	74.9578	76.2407
3.3430	8.2137	0.2682	75.5042	76.2677
3.3435	8.2141	0.2588	76.1223	76.3131
3.3440	8.2140	0.2567	76.2622	75.8978
3.3445	8.2142	0.2590	76.7508	75.8822
3.3450	8.2149	0.2509	76.9051	75.9763
3.3455	8.2149	0.2552	77.4350	76.0188
3.3460	8.2143	0.2557	75.8375	76.2455
3.3465	8.2156	0.2428	75.1318	76.0318
3.3470	8.2159	0.2445	76.2317	75.9223
3.3475	8.2166	0.2334	76.6437	76.0566
3.3480	8.2160	0.2442	77.1116	75.8668
3.3485	8.2139	0.2646	77.4388	75.9889
3.3490	8.2126	0.2702	77.9726	76.0936
3.3495	8.2121	0.2796	77.9705	76.1049
3.3500	8.2121	0.2815	77.7483	76.4317
3.3505	8.2120	0.2859	77.3235	76.3064
3.3510	8.2123	0.2776	77.0049	76.2065
3.3515	8.2127	0.2682	76.1230	76.4767
3.3520	8.2131	0.2709	74.3918	76.2013
3.3525	8.2130	0.2685	73.7890	76.1569
3.3530	8.2134	0.2638	73.6915	76.3795
3.3535	8.2137	0.2632	74.3616	76.1656
3.3540	8.2141	0.2589	74.7288	76.2170
3.3545	8.2148	0.2577	75.1790	76.1295
3.3550	8.2145	0.2526	76.0121	76.4853
3.3555	8.2132	0.2647	76.5375	76.5782
3.3560	8.2122	0.2769	76.7940	76.0357
3.3565	8.2113	0.2891	76.7719	75.7609
3.3570	8.2104	0.2970	77.4662	75.6469
3.3575	8.2108	0.2945	77.1217	75.8089
3.3580	8.2117	0.2888	76.8757	75.9457
3.3585	8.2123	0.2766	76.4500	75.6752
3.3590	8.2137	0.2659	76.0379	76.0586
3.3595	8.2132	0.2673	77.1335	76.3403
3.3600	8.2124	0.2746	77.3253	75.8544
3.3605	8.2121	0.2758	77.4973	75.8123
3.3610	8.2131	0.2672	77.7067	75.6193
3.3615	8.2137	0.2688	78.0332	75.9792
3.3620	8.2137	0.2602	77.6954	76.4910
3.3625	8.2145	0.2529	76.9228	76.3816
3.3630	8.2145	0.2507	76.3902	76.6053
3.3635	8.2132	0.2673	75.5713	76.4206
3.3640	8.2121	0.2813	73.2573	76.0510
3.3645	8.2119	0.2865	73.1318	75.9665
3.3650	8.2117	0.2842	73.7137	75.7341
3.3655	8.2116	0.2832	74.5425	75.7460
3.3660	8.2130	0.2748	75.1245	76.0432
3.3665	8.2143	0.2570	75.4179	76.3224
3.3670	8.2141	0.2597	75.9443	76.3839
3.3675	8.2134	0.2706	76.5991	76.0396
3.3680	8.2132	0.2694	77.0438	75.6936
3.3685	8.2130	0.2682	77.0512	75.9498
3.3690	8.2129	0.2623	77.3097	75.8483
3.3695	8.2131	0.2673	76.4232	75.7998
3.3700	8.2136	0.2638	77.2689	76.1875
3.3705	8.2132	0.2649	76.5279	76.4376
3.3710	8.2140	0.2610	76.1506	76.4885
3.3715	8.2136	0.2658	77.1575	76.2831
3.3720	8.2123	0.2748	77.5868	76.1415
3.3725	8.2130	0.2744	77.7580	76.3959
3.3730	8.2132	0.2711	77.6822	76.1200
3.3735	8.2141	0.2608	77.7226	76.0694
3.3740	8.2148	0.2479	77.6758	76.5008
3.3745	8.2149	0.2488	76.8190	76.2696
3.3750	8.2152	0.2477	76.2107	76.2157
3.3755	8.2148	0.2557	74.3987	76.2177
3.3760	8.2143	0.2531	73.0559	76.2857
3.3765	8.2146	0.2500	73.6414	76.3642
3.3770	8.2156	0.2496	73.8927	75.9070
3.3775	8.2162	0.2431	74.5579	75.7301
3.3780	8.2147	0.2462	75.2637	76.1361
3.3785	8.2138	0.2576	75.8660	76.0341
3.3790	8.2137	0.2611	76.1959	75.8690
3.3795	8.2128	0.2672	76.5772	75.7003
3.3800	8.2129	0.2704	77.0329	76.0519
3.3805	8.2136	0.2639	77.3605	76.1996
3.3810	8.2146	0.2552	77.4190	75.5730
3.3815	8.2157	0.2415	76.8809	75.6724
3.3820	8.2156	0.2401	77.0024	76.0111
3.3825	8.2151	0.2476	76.7033	76.2931
3.3830	8.2157	0.2459	76.4634	76.3184
3.3835	8.2147	0.2517	77.0502	76.2427
3.3840	8.2148	0.2531	77.4816	76.3394
3.3845	8.2142	0.2565	78.0633	76.3638
3.3850	8.2144	0.2587	77.6804	75.9498
3.3855	8.2142	0.2596	77.4271	76.0078
3.3860	8.2138	0.2525	77.0913	76.0127
3.3865	8.2129	0.2628	76.9723	76.1533
3.3870	8.2121	0.2792	75.3611	76.3795
3.3875	8.2126	0.2762	72.5529	76.1176
3.3880	8.2134	0.2662	73.0482	76.0249
3.3885	8.2137	0.2636	73.8702	75.7892
3.3890	8.2142	0.2581	74.3842	75.6298
3.3895	8.2132	0.2646	74.6302	75.9424
3.3900	8.2124	0.2765	75.1858	76.0363
3.3905	8.2126	0.2776	75.9924	76.1223
3.3910	8.2128	0.2701	76.6399	76.5533
3.3915	8.2140	0.2589	76.7008	76.3460
3.3920	8.2150	0.2503	76.9347	76.3355
3.3925	8.2155	0.2489	77.2585	76.1252
3.3930	8.2144	0.2470	77.5904	76.0766
3.3935	8.2141	0.2602	77.2227	76.3645
3.3940	8.2130	0.2680	76.5126	76.4714
3.3945	8.2127	0.2729	76.6161	76.4464
3.3950	8.2154	0.2532	77.0796	76.5597
3.3955	8.2152	0.2449	77.4018	76.0256
3.3960	8.2159	0.2380	77.7401	76.0277
3.3965	8.2155	0.2472	77.9906	76.0532
3.3970	8.2139	0.2598	78.1477	76.1388
3.3975	8.2134	0.2646	77.6106	76.2110
3.3980	8.2138	0.2680	77.1927	75.9558
3.3985	8.2132	0.2667	76.3334	76.0067
3.3990	8.2136	0.2670	75.2804	76.1908
3.3995	8.2154	0.2544	73.1384	75.6431
3.4000	8.2170	0.2324	73.0996	75.7418
3.4005	8.2172	0.2242	73.9814	75.6578
3.4010	8.2159	0.2308	74.5050	76.0296
3.4015	8.2145	0.2561	75.0374	76.0570
3.4020	8.2131	0.2694	75.3386	75.8272
3.4025	8.2144	0.2593	75.9963	76.0015
3.4030	8.2149	0.2496	76.5820	76.3206
3.4035	8.2145	0.2505	76.8173	76.2083
3.4040	8.2156	0.2484	76.9819	76.2062
3.4045	8.2151	0.2504	77.1055	76.0011
3.4050	8.2148	0.2543	77.5000	76.2036
3.4055	8.2140	0.2552	76.5975	76.1284
3.4060	8.2152	0.2532	75.9032	75.8971
3.4065	8.2148	0.2493	76.5964	76.1407
3.4070	8.2153	0.2497	77.1800	76.0325
3.4075	8.2155	0.2446	77.7086	76.1776
3.4080	8.2153	0.2410	77.8031	76.3077
3.4085	8.2150	0.2489	77.8803	75.9003
3.4090	8.2146	0.2537	77.9497	75.8619
3.4095	8.2137	0.2611	77.6278	75.8436
3.4100	8.2131	0.2685	77.1133	75.9189
3.4105	8.2128	0.2679	75.5939	76.2660
3.4110	8.2136	0.2644	74.5157	76.0302
3.4115	8.2148	0.2477	73.1242	76.1213
3.4120	8.2150	0.2467	73.5384	76.4246
3.4125	8.2159	0.2410	74.0664	76.1067
3.4130	8.2156	0.2443	74.5201	76.1687
3.4135	8.2150	0.2467	75.2559	76.2320
3.4140	8.2148	0.2467	75.7175	76.3049
3.4145	8.2153	0.2500	76.1963	76.6336
3.4150	8.2165	0.2415	76.4601	76.5233
3.4155	8.2168	0.2298	76.9075	76.4066
3.4160	8.2178	0.2218	77.1394	76.4156
3.4165	8.2169	0.2294	77.4086	75.8874
3.4170	8.2151	0.2478	76.8545	76.1989
3.4175	8.2146	0.2491	75.7335	76.3946
3.4180	8.2146	0.2549	76.3988	76.1969
3.4185	8.2154	0.2428	76.7646	76.1669
3.4190	8.2156	0.2413	77.2884	75.7524
3.4195	8.2154	0.2405	77.7244	76.0418
3.4200	8.2149	0.2472	78.0753	75.9527
3.4205	8.2152	0.2488	77.9488	75.5167
3.4210	8.2148	0.2549	77.7426	75.8503
3.4215	8.2149	0.2514	77.2796	76.0425
3.4220	8.2149	0.2514	76.8480	76.1836
3.4225	8.2151	0.2529	75.8001	76.1148
3.4230	8.2154	0.2424	74.6494	75.7486
3.4235	8.2159	0.2355	73.2939	76.1913
3.4240	8.2156	0.2396	73.6841	76.3793
3.4245	8.2144	0.2528	74.2790	76.1219
3.4250	8.2143	0.2558	74.6386	76.2684
3.4255	8.2142	0.2558	75.1872	76.2192
3.4260	8.2147	0.2483	75.9508	76.3957
3.4265	8.2162	0.2399	76.3248	76.0916
3.4270	8.2162	0.2351	76.5999	75.8259
3.4275	8.2166	0.2329	76.7239	75.9630
3.4280	8.2165	0.2343	77.3553	75.9995
3.4285	8.2166	0.2360	76.8208	76.1846
3.4290	8.2175	0.2274	74.9823	76.1819
3.4295	8.2169	0.2259	75.7762	75.9267
3.4300	8.2173	0.2278	76.4544	76.0301
3.4305	8.2165	0.2292	77.1037	75.9746
3.4310	8.2149	0.2496	77.3438	75.8767
3.4315	8.2131	0.2659	77.6801	76.0676
3.4320	8.2125	0.2732	77.9676	76.0177
3.4325	8.2123	0.2778	77.9713	76.3480
3.4330	8.2124	0.2775	77.5491	76.4336
3.4335	8.2123	0.2797	76.9504	76.2063
3.4340	8.2132	0.2738	76.5461	76.3885
3.4345	8.2142	0.2647	75.0368	76.3898
3.4350	8.2132	0.2632	73.9830	76.0988
3.4355	8.2143	0.2620	73.5765	76.4042
3.4360	8.2142	0.2564	73.9752	76.2438
3.4365	8.2143	0.2510	74.7538	76.2356
3.4370	8.2150	0.2480	75.0104	76.1568
3.4375	8.2158	0.2391	75.6097	76.3121
3.4380	8.2145	0.2543	76.2668	76.6371
3.4385	8.2125	0.2692	76.8445	76.2880
3.4390	8.2120	0.2834	76.8435	75.8606
3.4395	8.2108	0.2925	77.1354	75.7350
3.4400	8.2105	0.2899	77.2146	75.7365
3.4405	8.2113	0.2936	76.8537	76.0336
3.4410	8.2117	0.2862	76.9908	75.8241
3.4415	8.2122	0.2759	75.9287	75.8585
3.4420	8.2122	0.2773	76.6456	76.3855
3.4425	8.2128	0.2794	77.2624	76.0596
3.4430	8.2121	0.2805	77.5410	75.7718
3.4435	8.2119	0.2804	77.6526	75.6824
3.4440	8.2126	0.2716	77.8506	75.6858
3.4445	8.2137	0.2661	77.7758	76.4038
3.4450	8.2146	0.2560	77.3542	76.4309
3.4455	8.2151	0.2469	76.5187	76.5338
3.4460	8.2148	0.2515	76.0537	76.6084
3.4465	8.2132	0.2659	73.9373	76.2195
3.4470	8.2126	0.2717	72.9717	76.0612
3.4475	8.2118	0.2812	73.6583	75.8619
3.4480	8.2122	0.2838	74.0943	75.7194
3.4485	8.2119	0.2805	74.8546	75.9417
3.4490	8.2138	0.2676	75.2736	76.2533
3.4495	8.2139	0.2596	75.9132	76.4066
3.4500	8.2132	0.2661	76.2958	76.2457
3.4505	8.2131	0.2673	76.8604	75.7924
3.4510	8.2132	0.2714	76.9121	75.8710
3.4515	8.2135	0.2677	77.4821	76.0068
3.4520	8.2137	0.2605	76.6973	75.7938
3.4525	8.2138	0.2597	76.7034	76.1015
3.4530	8.2136	0.2566	77.0247	76.4102
3.4535	8.2140	0.2605	76.0940	76.4856
3.4540	8.2141	0.2585	76.8842	76.4055
3.4545	8.2125	0.2744	77.3133	76.1366
3.4550	8.2119	0.2853	77.6837	76.3512
3.4555	8.2124	0.2779	77.7717	76.3601
3.4560	8.2129	0.2725	77.7896	76.0209
3.4565	8.2142	0.2592	77.5784	76.4222
3.4570	8.2142	0.2573	77.0308	76.4555
3.4575	8.2145	0.2543	76.5676	76.1996
3.4580	8.2144	0.2555	75.3830	76.2739
3.4585	8.2137	0.2603	73.0380	76.2075
3.4590	8.2138	0.2621	73.2429	76.4039
3.4595	8.2140	0.2619	73.7983	76.1222
3.4600	8.2142	0.2549	74.4247	75.7483
3.4605	8.2147	0.2556	74.8913	76.0233
3.4610	8.2133	0.2648	75.4897	76.2047
3.4615	8.2130	0.2692	76.0787	75.9419
3.4620	8.2121	0.2827	76.4914	75.8137
3.4625	8.2123	0.2788	76.8539	75.8583
3.4630	8.2125	0.2794	77.0931	76.3387
3.4635	8.2128	0.2726	77.4267	75.7853
3.4640	8.2133	0.2693	77.1433	75.6340
3.4645	8.2143	0.2617	76.7910	75.8784
3.4650	8.2146	0.2605	76.8678	76.2750
3.4655	8.2146	0.2530	76.3601	76.3793
3.4660	8.2145	0.2558	76.9105	76.3336
3.4665	8.2145	0.2595	77.3188	76.2849
3.4670	8.2146	0.2563	77.6644	76.4734
3.4675	8.2143	0.2553	77.8146	76.1135
3.4680	8.2144	0.2523	77.6460	75.9862
3.4685	8.2141	0.2553	77.2847	76.1093
3.4690	8.2137	0.2623	76.7782	76.1830
3.4695	8.2127	0.2720	76.2470	76.4132
3.4700	8.2132	0.2673	73.4830	76.3088
3.4705	8.2147	0.2537	72.6641	76.0688
3.4710	8.2144	0.2537	73.5053	75.9558
3.4715	8.2146	0.2552	74.0704	75.6371
3.4720	8.2145	0.2522	74.5841	75.8586
3.4725	8.2133	0.2654	75.0044	76.1348
3.4730	8.2129	0.2697	75.7111	76.1269
3.4735	8.2131	0.2704	76.2981	76.4702
3.4740	8.2137	0.2677	76.6905	76.5095
3.4745	8.2142	0.2526	76.8220	76.3533
3.4750	8.2160	0.2395	77.1226	76.3232
3.4755	8.2162	0.2364	77.4659	76.0907
3.4760	8.2153	0.2441	77.5086	76.3659
3.4765	8.2143	0.2492	76.7109	76.4840
3.4770	8.2138	0.2598	76.4233	76.3860
3.4775	8.2160	0.2434	76.7982	76.5613
3.4780	8.2171	0.2216	77.3080	76.2405
3.4785	8.2178	0.2148	77.6711	75.9763
3.4790	8.2184	0.2077	77.8076	76.1335
3.4795	8.2166	0.2236	78.0748	76.1155
3.4800	8.2156	0.2396	77.8434	76.2947
3.4805	8.2153	0.2464	77.4126	76.1216
3.4810	8.2147	0.2541	76.6770	75.9390
3.4815	8.2141	0.2548	75.6941	76.2510
3.4820	8.2150	0.2511	73.8937	75.8512
3.4825	8.2166	0.2355	72.7154	75.6635
3.4830	8.2169	0.2251	73.7118	75.7550
3.4835	8.2164	0.2343	74.2322	75.8599
3.4840	8.2149	0.2452	74.9151	76.1565
3.4845	8.2131	0.2678	75.1626	75.8665
3.4850	8.2133	0.2719	75.7082	75.9492
3.4855	8.2144	0.2596	76.3116	76.4154
3.4860	8.2149	0.2453	76.7372	76.3289
3.4865	8.2154	0.2409	76.9092	76.2470
3.4870	8.2155	0.2407	77.0582	76.0564
3.4875	8.2153	0.2443	77.4179	76.0827
3.4880	8.2149	0.2571	77.0900	76.2858
3.4885	8.2146	0.2508	75.8555	75.9037
3.4890	8.2140	0.2565	76.3440	76.1170
3.4895	8.2137	0.2644	76.9976	76.1944
3.4900	8.2144	0.2549	77.4849	76.1436
3.4905	8.2147	0.2500	77.7994	76.4252
3.4910	8.2141	0.2523	77.8210	76.0528
3.4915	8.2137	0.2547	78.0190	75.8606
3.4920	8.2132	0.2625	77.7616	75.8589
3.4925	8.2129	0.2646	77.3851	75.8422
3.4930	8.2133	0.2656	76.1216	76.1378
3.4935	8.2138	0.2674	75.0389	76.1452
3.4940	8.2146	0.2513	73.7184	75.9696
3.4945	8.2156	0.2481	73.0997	76.4558
3.4950	8.2162	0.2337	73.9387	76.2298
3.4955	8.2163	0.2360	74.2952	76.1735
3.4960	8.2152	0.2425	75.0994	76.2623
3.4965	8.2150	0.2434	75.3735	76.3307
3.4970	8.2154	0.2514	75.9253	76.4885
3.4975	8.2155	0.2410	76.4523	76.5727
3.4980	8.2151	0.2428	76.8562	76.3570
3.4985	8.2160	0.2375	76.9820	76.5216
3.4990	8.2163	0.2357	77.1509	76.0338
3.4995	8.2151	0.2443	77.4052	76.0301
3.5000	8.2142	0.2614	76.0983	76.4208
3.5005	8.2133	0.2578	75.8920	76.2576
3.5010	8.2141	0.2561	76.5165	76.2014
3.5015	8.2150	0.2490	77.1503	75.9033
3.5020	8.2156	0.2471	77.6822	75.8843
3.5025	8.2147	0.2514	77.9082	76.1364
3.5030	8.2144	0.2561	77.8905	75.5751
3.5035	8.2145	0.2562	77.8773	75.7210
3.5040	8.2147	0.2544	77.6113	75.9921
3.5045	8.2143	0.2508	77.0238	76.1232
3.5050	8.2142	0.2567	76.1814	76.1698
3.5055	8.2145	0.2524	75.1427	75.8677
3.5060	8.2154	0.2489	73.7737	75.9038
3.5065	8.2153	0.2452	73.3559	76.4587
3.5070	8.2143	0.2547	74.0648	76.1614
3.5075	8.2143	0.2575	74.4284	76.2633
3.5080	8.2141	0.2579	75.1153	76.2521
3.5085	8.2145	0.2516	75.6140	76.3326
3.5090	8.2154	0.2457	76.2172	76.2486
3.5095	8.2158	0.2426	76.3851	75.8487
3.5100	8.2155	0.2402	76.8057	75.9324
3.5105	8.2157	0.2365	77.0660	75.9886
3.5110	8.2157	0.2405	77.3527	76.0846
3.5115	8.2165	0.2358	75.4429	76.2468
3.5120	8.2171	0.2271	75.3559	75.9777
3.5125	8.2175	0.2224	76.2837	75.9767
3.5130	8.2176	0.2219	76.8246	76.0597
3.5135	8.2151	0.2424	77.2611	75.8723
3.5140	8.2131	0.2658	77.6040	76.0765
3.5145	8.2131	0.2753	78.0020	76.0784
3.5150	8.2122	0.2748	77.9050	76.2099
3.5155	8.2124	0.2781	77.6998	76.4774
3.5160	8.2130	0.2663	77.2733	76.2609
3.5165	8.2140	0.2614	76.9110	76.2796
3.5170	8.2139	0.2599	75.6313	76.4974
3.5175	8.2139	0.2611	74.1847	76.1067
3.5180	8.2146	0.2467	73.8473	76.2538
3.5185	8.2148	0.2472	73.7782	76.3186
3.5190	8.2158	0.2445	74.4610	76.1704
3.5195	8.2158	0.2381	74.8098	76.2176
3.5200	8.2158	0.2352	75.4268	76.2001
3.5205	8.2154	0.2417	76.1309	76.5897
3.5210	8.2144	0.2517	76.5837	76.4872
3.5215	8.2124	0.2683	76.8045	75.9544
3.5220	8.2111	0.2917	77.0331	75.7546
3.5225	8.2101	0.2954	77.4977	75.6629
3.5230	8.2115	0.2854	76.8199	75.9122
3.5235	8.2122	0.2815	76.9352	75.9007
3.5240	8.2130	0.2699	76.2447	75.7023
3.5245	8.2129	0.2716	76.3452	76.2387
3.5250	8.2128	0.2688	77.1394	76.2511
3.5255	8.2126	0.2734	77.3240	75.8158
3.5260	8.2123	0.2772	77.6826	75.7991
3.5265	8.2128	0.2730	77.8925	75.5872
3.5270	8.2127	0.2674	77.8602	76.1877
3.5275	8.2131	0.2732	77.4645	76.4892
3.5280	8.2141	0.2590	76.8036	76.4502
3.5285	8.2139	0.2588	76.5027	76.6819
3.5290	8.2125	0.2777	74.9700	76.3295
3.5295	8.2114	0.2859	72.8687	76.0228
3.5300	8.2109	0.2882	73.4035	75.9031
3.5305	8.2113	0.2868	73.9754	75.6853
3.5310	8.2113	0.2847	74.7169	75.7995
3.5315	8.2126	0.2729	75.0597	76.1226
3.5320	8.2139	0.2619	75.6308	76.3793
3.5325	8.2133	0.2670	76.2296	76.3545
3.5330	8.2128	0.2714	76.7983	75.9426
3.5335	8.2127	0.2729	76.8742	75.7439
3.5340	8.2130	0.2682	77.2286	76.0094
3.5345	8.2134	0.2687	77.1970	75.8057
3.5350	8.2131	0.2716	76.4828	75.8950
3.5355	8.2133	0.2631	77.3118	76.2814
3.5360	8.2133	0.2738	76.2672	76.4681
3.5365	8.2135	0.2639	76.5018	76.4348
3.5370	8.2130	0.2700	77.3174	76.1911
3.5375	8.2124	0.2771	77.6403	76.2081
3.5380	8.2131	0.2706	77.7044	76.4240
3.5385	8.2132	0.2661	77.8195	76.0409
3.5390	8.2148	0.2542	77.7455	76.2156
3.5395	8.2151	0.2487	77.4318	76.5254
3.5400	8.2152	0.2478	76.6248	76.2246
3.5405	8.2147	0.2536	76.0971	76.2634
3.5410	8.2140	0.2537	73.9126	76.2104
3.5415	8.2141	0.2567	73.0436	76.3522
3.5420	8.2145	0.2514	73.6344	76.2695
3.5425	8.2152	0.2499	74.1416	75.8055
3.5430	8.2152	0.2459	74.8216	75.8286
3.5435	8.2147	0.2520	75.3696	76.1829
3.5440	8.2141	0.2520	75.8942	75.9619
3.5445	8.2132	0.2654	76.3505	75.8607
3.5450	8.2133	0.2723	76.8486	75.7396
3.5455	8.2143	0.2633	77.0476	76.2543
3.5460	8.2137	0.2624	77.2858	76.0399
3.5465	8.2142	0.2558	77.4019	75.5770
3.5470	8.2149	0.2499	76.9523	75.7682
3.5475	8.2153	0.2489	77.0183	76.1237
3.5480	8.2156	0.2416	76.4288	76.3372
3.5485	8.2151	0.2431	76.6426	76.3210
3.5490	8.2148	0.2546	77.4018	76.2340
3.5495	8.2144	0.2548	77.5792	76.3880
3.5500	8.2145	0.2537	77.7884	76.2290
3.5505	8.2145	0.2579	77.6428	75.9369
3.5510	8.2146	0.2545	77.6562	76.0546
3.5515	8.2142	0.2575	77.0454	76.0689
3.5520	8.2128	0.2682	76.6064	76.2709
3.5525	8.2124	0.2813	74.4863	76.3946
3.5530	8.2130	0.2697	72.6024	76.0902
3.5535	8.2134	0.2630	73.3748	76.0322
3.5540	8.2139	0.2607	73.8429	75.7077
3.5545	8.2146	0.2548	74.3750	75.7083
3.5550	8.2137	0.2584	74.8598	76.0259
3.5555	8.2134	0.2656	75.5521	76.0370
3.5560	8.2133	0.2684	76.1006	76.2581
3.5565	8.2140	0.2641	76.6752	76.5496
3.5570	8.2146	0.2523	76.7124	76.3057
3.5575	8.2157	0.2426	76.9452	76.3431
3.5580	8.2165	0.2322	77.3357	76.0954
3.5585	8.2156	0.2346	77.7146	76.1561
3.5590	8.2149	0.2510	77.1434	76.4405
3.5595	8.2148	0.2549	76.4009	76.4157
3.5600	8.2144	0.2530	76.5499	76.4812
3.5605	8.2161	0.2387	77.1996	76.4748
3.5610	8.2164	0.2307	77.6947	75.9595
3.5615	8.2173	0.2234	77.8401	76.1078
3.5620	8.2164	0.2258	77.9364	76.0382
3.5625	8.2147	0.2526	77.9565	76.2072
3.5630	8.2143	0.2499	77.6984	76.1566
3.5635	8.2149	0.2516	77.1951	75.9385
3.5640	8.2141	0.2543	75.9721	76.1697
3.5645	8.2141	0.2557	74.5532	76.0569
3.5650	8.2153	0.2402	72.9010	75.6113
3.5655	8.2169	0.2221	73.5481	75.7374
3.5660	8.2169	0.2234	74.0527	75.6600
3.5665	8.2157	0.2316	74.5737	76.1332
3.5670	8.2138	0.2555	75.1399	75.9661
3.5675	8.2137	0.2652	75.6854	75.8682
3.5680	8.2145	0.2514	76.1415	76.1940
3.5685	8.2151	0.2425	76.5508	76.3480
3.5690	8.2151	0.2511	76.8227	76.2208
3.5695	8.2155	0.2434	77.1427	76.1297
3.5700	8.2149	0.2496	77.3198	75.9619
3.5705	8.2144	0.2531	77.4013	76.2786
3.5710	8.2144	0.2605	76.2136	76.0532
3.5715	8.2147	0.2530	76.1467	76.0068
3.5720	8.2150	0.2504	76.8053	76.2569
3.5725	8.2151	0.2475	77.1702	76.0666
3.5730	8.2158	0.2454	77.7774	76.3109
3.5735	8.2150	0.2451	78.0443	76.1959
3.5740	8.2148	0.2487	78.0313	75.8420
3.5745	8.2138	0.2524	77.6758	75.8596
3.5750	8.2131	0.2657	77.4685	75.8386
3.5755	8.2127	0.2682	76.9136	76.0256
3.5760	8.2125	0.2731	75.4394	76.3109
3.5765	8.2140	0.2616	74.0012	76.0508
3.5770	8.2151	0.2471	72.9381	76.2922
3.5775	8.2154	0.2422	73.9188	76.3554
3.5780	8.2165	0.2381	74.2944	76.1049
3.5785	8.2160	0.2367	74.6235	76.1977
3.5790	8.2157	0.2380	75.1772	76.2674
3.5795	8.2154	0.2437	76.0050	76.4029
3.5800	8.2155	0.2451	76.4909	76.7104
3.5805	8.2163	0.2355	76.4835	76.4049
3.5810	8.2171	0.2288	76.8162	76.4745
3.5815	8.2166	0.2251	77.2381	76.2645
3.5820	8.2162	0.2368	77.7321	75.8984
3.5825	8.2150	0.2515	76.4528	76.3333
3.5830	8.2144	0.2546	75.4950	76.3308
3.5835	8.2143	0.2563	76.5675	76.2330
3.5840	8.2147	0.2494	77.1410	76.1055
3.5845	8.2156	0.2469	77.5115	75.7812
3.5850	8.2146	0.2523	77.6298	76.1623
3.5855	8.2145	0.2526	78.0164	75.7632
3.5860	8.2150	0.2511	78.1148	75.5861
3.5865	8.2142	0.2559	77.7360	75.9016
3.5870	8.2144	0.2538	76.9990	76.0658
3.5875	8.2144	0.2535	76.5453	76.2322
3.5880	8.2150	0.2463	75.7238	76.0332
3.5885	8.2152	0.2471	74.3696	75.7766
3.5890	8.2153	0.2464	73.0701	76.3484
3.5895	8.2150	0.2479	73.8185	76.2999
3.5900	8.2146	0.2548	74.3981	76.1824
3.5905	8.2143	0.2552	74.9787	76.2437
3.5910	8.2148	0.2506	75.2561	76.2707
3.5915	8.2152	0.2455	75.9579	76.3800
3.5920	8.2157	0.2396	76.5155	75.9721
3.5925	8.2164	0.2397	76.8629	75.8379
3.5930	8.2160	0.2354	76.6757	75.9855
3.5935	8.2162	0.2364	77.3200	76.0010
3.5940	8.2161	0.2397	76.2706	76.2209
3.5945	8.2169	0.2229	75.2533	76.0801
3.5950	8.2165	0.2245	75.9588	75.9620
3.5955	8.2176	0.2223	76.3601	76.1113
3.5960	8.2164	0.2278	77.2740	75.9893
3.5965	8.2144	0.2520	77.6766	76.0073
3.5970	8.2131	0.2638	77.8195	76.1171
3.5975	8.2128	0.2775	77.6966	76.1048
3.5980	8.2132	0.2752	77.8428	76.4267
3.5985	8.2121	0.2782	77.6543	76.3419
3.5990	8.2129	0.2758	76.9722	76.1917
3.5995	8.2136	0.2615	76.0441	76.4564
3.6000	8.2136	0.2665	74.5867	76.2693
3.6005	8.2135	0.2621	74.0822	76.1466
3.6010	8.2139	0.2582	73.6980	76.4380
3.6015	8.2144	0.2511	74.0120	76.2220
3.6020	8.2154	0.2446	74.6777	76.2776
3.6025	8.2159	0.2388	75.3680	76.1419
3.6030	8.2160	0.2322	76.0314	76.4447
3.6035	8.2141	0.2510	76.2686	76.6499
3.6040	8.2129	0.2660	76.7087	76.1145
3.6045	8.2114	0.2868	76.9818	75.8032
3.6050	8.2105	0.2971	77.5219	75.6911
3.6055	8.2112	0.2914	76.9732	75.8148
3.6060	8.2115	0.2864	76.7333	76.0328
3.6065	8.2123	0.2844	76.7652	75.7717
3.6070	8.2127	0.2715	76.1332	76.0910
3.6075	8.2124	0.2740	76.8632	76.4542
3.6080	8.2123	0.2738	77.1449	75.9243
3.6085	8.2120	0.2787	77.6504	75.8052
3.6090	8.2119	0.2773	77.8381	75.5933
3.6095	8.2129	0.2736	77.8191	75.8603
3.6100	8.2129	0.2698	77.4898	76.4873
3.6105	8.2138	0.2604	77.1754	76.4142
3.6110	8.2149	0.2552	76.6632	76.6772
3.6115	8.2135	0.2638	75.6440	76.5658
3.6120	8.2125	0.2758	73.1212	76.1585
3.6125	8.2115	0.2823	73.1503	76.0403
3.6130	8.2113	0.2865	73.9645	75.8066
3.6135	8.2115	0.2875	74.3779	75.7546
3.6140	8.2123	0.2775	74.7675	76.0132
3.6145	8.2129	0.2689	75.3952	76.3085
3.6150	8.2135	0.2601	76.2458	76.4114
3.6155	8.2129	0.2680	76.5382	76.1397
3.6160	8.2125	0.2765	76.6730	75.7436
3.6165	8.2133	0.2700	76.9194	75.9962
3.6170	8.2133	0.2635	77.6811	75.9632
3.6175	8.2134	0.2641	76.5427	75.8168
3.6180	8.2138	0.2621	76.8567	76.1789
3.6185	8.2135	0.2664	76.5202	76.4477
3.6190	8.2136	0.2671	76.3684	76.5595
3.6195	8.2134	0.2635	77.2508	76.3547
3.6200	8.2115	0.2824	77.2488	76.1622
3.6205	8.2119	0.2831	77.5333	76.4531
3.6210	8.2129	0.2734	77.9435	76.2205
3.6215	8.2136	0.2687	77.9555	76.0625
3.6220	8.2143	0.2571	77.4448	76.5203
3.6225	8.2144	0.2598	76.6296	76.3646
3.6230	8.2143	0.2546	76.5241	76.2365
3.6235	8.2141	0.2583	74.9317	76.2678
3.6240	8.2132	0.2598	72.8131	76.2830
3.6245	8.2137	0.2657	73.2529	76.4177
3.6250	8.2135	0.2631	74.0199	75.9973
3.6255	8.2142	0.2576	74.8517	75.7188
3.6260	8.2136	0.2621	75.0481	76.1293
3.6265	8.2123	0.2750	75.4199	76.1441
3.6270	8.2123	0.2830	76.2358	75.9314
3.6275	8.2122	0.2823	76.8925	75.7929
3.6280	8.2119	0.2821	76.8917	76.0529
3.6285	8.2127	0.2719	76.8872	76.3088
3.6290	8.2131	0.2673	77.4695	75.6019
3.6295	8.2145	0.2555	77.3247	75.6587
3.6300	8.2152	0.2520	76.9415	76.0113
3.6305	8.2144	0.2553	76.4217	76.3304
3.6310	8.2147	0.2523	76.4003	76.3862
3.6315	8.2149	0.2511	77.3901	76.3043
3.6320	8.2147	0.2486	77.4506	76.3733
3.6325	8.2149	0.2541	77.5421	76.4445
3.6330	8.2145	0.2518	77.6492	76.0206
3.6335	8.2148	0.2517	77.9087	76.0239
3.6340	8.2143	0.2573	77.2584	76.1338
3.6345	8.2133	0.2641	76.5110	76.2108
3.6350	8.2125	0.2747	75.4661	76.4722
3.6355	8.2132	0.2674	73.0881	76.1983
3.6360	8.2145	0.2561	73.1310	76.0384
3.6365	8.2149	0.2529	73.4818	75.8432
3.6370	8.2147	0.2474	74.0182	75.5904
3.6375	8.2140	0.2546	74.8561	75.9265
3.6380	8.2134	0.2674	75.4814	76.1482
3.6385	8.2134	0.2731	75.7349	76.1550
3.6390	8.2134	0.2619	76.1980	76.5863
3.6395	8.2148	0.2534	76.7810	76.4601
3.6400	8.2157	0.2411	77.2134	76.3864
3.6405	8.2163	0.2385	77.2055	76.2299
3.6410	8.2152	0.2425	77.2750	76.0977
3.6415	8.2142	0.2571	77.3411	76.3751
3.6420	8.2131	0.2676	76.8314	76.5152
3.6425	8.2131	0.2729	76.5243	76.4572
3.6430	8.2149	0.2554	76.7021	76.6119
3.6435	8.2157	0.2393	77.3491	76.1271
3.6440	8.2162	0.2339	78.0001	76.0498
3.6445	8.2162	0.2439	77.9931	76.1074
3.6450	8.2150	0.2520	77.8495	76.1768
3.6455	8.2143	0.2506	77.5942	76.2726
3.6460	8.2145	0.2564	77.5564	75.9954
3.6465	8.2139	0.2558	76.5008	76.0280
3.6470	8.2137	0.2607	75.0643	76.2601
3.6475	8.2142	0.2599	73.1494	75.7273
3.6480	8.2156	0.2382	73.2780	75.7796
3.6485	8.2166	0.2355	74.0689	75.6950
3.6490	8.2156	0.2444	74.1588	75.9763
3.6495	8.2141	0.2524	74.8067	76.1125
3.6500	8.2123	0.2769	75.4814	75.8141
3.6505	8.2131	0.2746	76.1380	76.1149
3.6510	8.2145	0.2559	76.3427	76.4502
3.6515	8.2149	0.2497	76.5641	76.2664
3.6520	8.2159	0.2417	77.0841	76.2467
3.6525	8.2156	0.2409	77.3195	75.9987
3.6530	8.2156	0.2438	77.4110	76.2519
3.6535	8.2149	0.2475	76.4907	76.2182
3.6540	8.2153	0.2476	75.9162	75.9127
3.6545	8.2152	0.2475	76.8155	76.2754
3.6550	8.2145	0.2498	77.0615	76.2357
3.6555	8.2158	0.2469	77.3830	76.2663
3.6560	8.2161	0.2417	77.8777	76.3463
3.6565	8.2151	0.2458	78.1950	75.9245
3.6570	8.2145	0.2555	77.9658	75.8637
3.6575	8.2133	0.2683	77.3281	75.8432
3.6580	8.2131	0.2653	77.1078	75.9271
3.6585	8.2133	0.2664	76.0847	76.3432
3.6590	8.2135	0.2679	74.8056	76.1882
3.6595	8.2146	0.2543	72.9807	76.1608
3.6600	8.2150	0.2537	73.2510	76.4965
3.6605	8.2157	0.2426	74.2546	76.1733
3.6610	8.2157	0.2422	74.6049	76.1771
3.6615	8.2151	0.2470	74.9482	76.1964
3.6620	8.2156	0.2485	75.4521	76.3173
3.6625	8.2151	0.2419	76.3557	76.6902
3.6630	8.2153	0.2447	76.6894	76.5733
3.6635	8.2156	0.2431	76.6931	76.4421
3.6640	8.2157	0.2393	76.8202	76.5168
3.6645	8.2163	0.2339	77.5378	75.9766
3.6650	8.2148	0.2496	77.2951	76.2292
3.6655	8.2143	0.2560	75.6164	76.4481
3.6660	8.2141	0.2630	75.9832	76.2218
3.6665	8.2144	0.2510	76.8169	76.1485
3.6670	8.2154	0.2487	77.6001	75.8057
3.6675	8.2152	0.2431	77.6679	76.0310
3.6680	8.2148	0.2502	77.6262	75.9755
3.6685	8.2152	0.2518	77.9545	75.5332
3.6690	8.2142	0.2511	78.1329	75.8765
3.6695	8.2148	0.2483	77.3883	76.1092
3.6700	8.2151	0.2481	76.5968	76.2650
3.6705	8.2149	0.2506	75.8855	76.2280
3.6710	8.2153	0.2467	75.1137	75.8109
3.6715	8.2154	0.2446	73.4517	76.1176
3.6720	8.2151	0.2499	73.3067	76.3997
3.6725	8.2143	0.2565	74.1077	76.0904
3.6730	8.2136	0.2639	74.8240	76.3021
3.6735	8.2143	0.2586	75.3801	76.2527
3.6740	8.2149	0.2537	75.6347	76.3823
3.6745	8.2162	0.2424	76.1309	76.1475
3.6750	8.2162	0.2354	76.7728	75.8857
3.6755	8.2168	0.2314	76.9060	76.0233
3.6760	8.2163	0.2310	77.0724	75.9836
3.6765	8.2165	0.2347	76.8361	76.1906
3.6770	8.2171	0.2270	75.2405	76.2107
3.6775	8.2174	0.2200	75.8999	75.9297
3.6780	8.2180	0.2134	76.2406	76.0332
3.6785	8.2169	0.2278	76.7901	76.0335
3.6790	8.2154	0.2410	77.4680	75.8555
3.6795	8.2133	0.2626	77.9309	76.0589
3.6800	8.2126	0.2751	77.9023	76.0327
3.6805	8.2129	0.2716	77.6875	76.3589
3.6810	8.2136	0.2653	77.7194	76.4857
3.6815	8.2136	0.2639	77.3323	76.2436
3.6820	8.2144	0.2576	76.6187	76.3981
3.6825	8.2149	0.2487	74.9716	76.4338
3.6830	8.2150	0.2541	74.0961	76.0500
3.6835	8.2153	0.2508	73.9334	76.3462
3.6840	8.2154	0.2484	73.9190	76.2474
3.6845	8.2154	0.2445	74.4119	76.2262
3.6850	8.2163	0.2340	74.9005	76.1906
3.6855	8.2163	0.2340	75.8754	76.2952
3.6860	8.2159	0.2436	76.3420	76.6896
3.6865	8.2145	0.2530	76.5673	76.3394
3.6870	8.2124	0.2720	76.7077	75.8676
3.6875	8.2114	0.2844	77.3549	75.7283
3.6880	8.2115	0.2917	77.5243	75.7061
3.6885	8.2120	0.2809	76.6530	75.9979
3.6890	8.2126	0.2741	76.7911	75.8106
3.6895	8.2132	0.2653	76.1250	75.8510
3.6900	8.2134	0.2690	76.7741	76.4116
3.6905	8.2133	0.2712	77.1630	76.1180
3.6910	8.2131	0.2737	77.3330	75.8011
3.6915	8.2130	0.2725	77.7747	75.7459
3.6920	8.2128	0.2668	78.0607	75.6618
3.6925	8.2137	0.2596	77.7403	76.3833
3.6930	8.2148	0.2562	77.2383	76.4325
3.6935	8.2151	0.2456	76.6766	76.5265
3.6940	8.2146	0.2500	76.4173	76.6260
3.6945	8.2133	0.2658	74.1609	76.2098
3.6950	8.2127	0.2764	72.7331	76.0251
3.6955	8.2119	0.2784	73.6513	75.8727
3.6960	8.2125	0.2753	74.3031	75.7134
3.6965	8.2133	0.2681	74.8918	75.9039
3.6970	8.2144	0.2549	75.0215	76.2402
3.6975	8.2149	0.2440	75.7909	76.3959
3.6980	8.2142	0.2552	76.4856	76.2492
3.6985	8.2136	0.2615	76.9927	75.7978
3.6990	8.2136	0.2587	76.7696	75.8048
3.6995	8.2144	0.2623	77.3365	75.9836
3.7000	8.2141	0.2587	76.9950	75.7644
3.7005	8.2142	0.2559	76.8324	75.9829
3.7010	8.2142	0.2614	77.0386	76.3944
3.7015	8.2139	0.2547	75.9751	76.5446
3.7020	8.2144	0.2565	76.8973	76.4507
3.7025	8.2132	0.2693	77.4941	76.1592
3.7030	8.2128	0.2726	77.6573	76.3248
3.7035	8.2136	0.2670	77.6103	76.3206
3.7040	8.2142	0.2586	77.8215	75.9596
3.7045	8.2155	0.2467	77.8116	76.3430
3.7050	8.2158	0.2390	77.2347	76.4345
3.7055	8.2166	0.2385	76.4757	76.1885
3.7060	8.2160	0.2353	75.4991	76.2606
3.7065	8.2155	0.2416	73.3648	76.2316
3.7070	8.2164	0.2384	73.3701	76.4170
3.7075	8.2163	0.2337	73.7382	76.1618
3.7080	8.2167	0.2301	74.3133	75.6857
3.7085	8.2165	0.2329	74.9588	75.9140
3.7090	8.2160	0.2419	75.5976	76.1840
3.7095	8.2144	0.2546	76.0669	75.8915
3.7100	8.2133	0.2688	76.4064	75.8174
3.7105	8.2129	0.2733	76.9168	75.7895
3.7110	8.2134	0.2661	77.1788	76.3474
3.7115	8.2136	0.2638	77.3992	75.8045
3.7120	8.2136	0.2609	77.2415	75.5633
3.7125	8.2153	0.2439	76.8969	75.8829
3.7130	8.2157	0.2431	76.9896	76.2388
3.7135	8.2161	0.2437	76.3537	76.3466
3.7140	8.2153	0.2467	76.8382	76.2863
3.7145	8.2148	0.2478	77.4345	76.2444
3.7150	8.2146	0.2507	77.7384	76.4185
3.7155	8.2150	0.2527	77.8122	76.0924
3.7160	8.2144	0.2508	77.6750	75.8825
3.7165	8.2147	0.2599	77.4292	76.0958
3.7170	8.2139	0.2628	76.8991	76.1687
3.7175	8.2129	0.2697	76.3861	76.3496
3.7180	8.2123	0.2788	73.6486	76.3285
3.7185	8.2135	0.2687	72.7107	76.0480
3.7190	8.2139	0.2620	73.5729	75.9857
3.7195	8.2144	0.2553	74.0314	75.6625
3.7200	8.2143	0.2543	74.5660	75.8328
3.7205	8.2138	0.2619	75.0253	76.0499
3.7210	8.2133	0.2686	75.7682	76.0475
3.7215	8.2135	0.2709	76.2476	76.3795
3.7220	8.2142	0.2618	76.6489	76.4809
3.7225	8.2153	0.2470	76.8530	76.2828
3.7230	8.2159	0.2337	77.2180	76.2813
3.7235	8.2158	0.2401	77.5441	76.0654
3.7240	8.2139	0.2578	77.4865	76.3233
3.7245	8.2130	0.2720	76.6853	76.5214
3.7250	8.2120	0.2794	76.4868	76.4290
3.7255	8.2132	0.2669	76.9406	76.6007
3.7260	8.2150	0.2495	77.3901	76.3186
3.7265	8.2152	0.2432	77.5880	75.9535
3.7270	8.2162	0.2314	77.7367	76.0742
3.7275	8.2153	0.2460	78.1455	76.0243
3.7280	8.2141	0.2557	78.0417	76.1959
3.7285	8.2138	0.2661	77.5154	76.0604
3.7290	8.2137	0.2676	76.6887	75.8802
3.7295	8.2132	0.2669	75.6736	76.2465
3.7300	8.2143	0.2586	74.1297	75.9079
3.7305	8.2154	0.2440	72.9161	75.7052
3.7310	8.2168	0.2293	73.6967	75.7801
3.7315	8.2159	0.2341	74.1422	75.8540
3.7320	8.2143	0.2528	74.9110	76.1548
3.7325	8.2129	0.2693	75.2543	75.8463
3.7330	8.2133	0.2717	75.7417	75.7962
3.7335	8.2151	0.2540	76.2911	76.1457
3.7340	8.2153	0.2540	76.8015	76.2306
3.7345	8.2153	0.2442	76.9937	76.1749
3.7350	8.2158	0.2408	77.0565	76.1206
3.7355	8.2153	0.2503	77.3738	76.0725
3.7360	8.2145	0.2496	77.2388	76.3548
3.7365	8.2146	0.2548	75.9879	75.9932
3.7370	8.2149	0.2463	76.3079	76.0500
3.7375	8.2147	0.2514	76.9598	76.0985
3.7380	8.2154	0.2469	77.5278	76.0395
3.7385	8.2159	0.2433	77.9087	76.3251
3.7390	8.2155	0.2461	77.8341	76.0221
3.7395	8.2143	0.2570	77.9658	75.7861
3.7400	8.2137	0.2640	77.8022	75.8886
3.7405	8.2124	0.2729	77.4577	75.9051
3.7410	8.2124	0.2765	76.2561	76.1956
3.7415	8.2128	0.2706	75.0538	76.3163
3.7420	8.2135	0.2622	73.8314	76.0198
3.7425	8.2144	0.2584	73.2016	76.4094
3.7430	8.2156	0.2446	73.9155	76.2215
3.7435	8.2163	0.2373	74.1407	76.0660
3.7440	8.2161	0.2371	75.0609	76.1971
3.7445	8.2162	0.2430	75.6543	76.2375
3.7450	8.2160	0.2424	76.0399	76.4993
3.7455	8.2159	0.2413	76.2393	76.6866
3.7460	8.2165	0.2298	76.7200	76.3691
3.7465	8.2168	0.2298	77.2754	76.5649
3.7470	8.2167	0.2272	77.3184	76.0995
3.7475	8.2157	0.2381	77.1992	76.0206
3.7480	8.2144	0.2562	76.0211	76.4162
3.7485	8.2143	0.2533	76.1509	76.2691
3.7490	8.2140	0.2569	76.8077	76.2027
3.7495	8.2148	0.2498	76.9850	75.9130
3.7500	8.2149	0.2510	77.4763	75.8326
3.7505	8.2143	0.2553	78.0601	76.1477
3.7510	8.2140	0.2561	78.1319	75.6114
3.7515	8.2140	0.2599	77.7823	75.7314
3.7520	8.2146	0.2531	77.4666	76.0208
3.7525	8.2145	0.2520	77.1806	76.1659
3.7530	8.2143	0.2542	76.4734	76.2244
3.7535	8.2150	0.2514	75.1207	75.9070
3.7540	8.2154	0.2446	73.7301	75.8492
3.7545	8.2159	0.2462	73.3722	76.4107
3.7550	8.2143	0.2567	74.2677	76.1403
3.7555	8.2136	0.2646	74.4032	76.2323
3.7560	8.2137	0.2608	74.8967	76.2623
3.7565	8.2141	0.2597	75.5985	76.3662
3.7570	8.2147	0.2552	76.4098	76.3206
3.7575	8.2150	0.2514	76.4474	75.9006
3.7580	8.2149	0.2478	76.6009	75.9728
3.7585	8.2156	0.2422	76.9427	75.9841
3.7590	8.2148	0.2496	77.6361	76.0276
3.7595	8.2150	0.2481	75.5466	76.2638
3.7600	8.2153	0.2413	75.1243	76.0067
3.7605	8.2160	0.2361	76.2340	75.9839
3.7610	8.2164	0.2328	77.0438	76.1132
3.7615	8.2152	0.2449	77.3630	75.8660
3.7620	8.2138	0.2614	77.2984	76.0382
3.7625	8.2128	0.2673	77.8268	76.0461
3.7630	8.2128	0.2788	78.2057	76.1921
3.7635	8.2127	0.2757	77.9354	76.4964
3.7640	8.2118	0.2798	77.0070	76.2934
3.7645	8.2125	0.2733	76.6535	76.2744
3.7650	8.2136	0.2614	76.0044	76.5181
3.7655	8.2142	0.2548	74.5025	76.1484
3.7660	8.2144	0.2555	73.6173	76.2438
3.7665	8.2150	0.2528	73.4984	76.3521
3.7670	8.2161	0.2428	74.6103	76.1833
3.7675	8.2167	0.2313	75.1246	76.2155
3.7680	8.2171	0.2211	75.2975	76.1561
3.7685	8.2176	0.2275	75.8185	76.5803
3.7690	8.2150	0.2428	76.6399	76.6059
3.7695	8.2135	0.2620	77.1291	76.0318
3.7700	8.2121	0.2794	76.9586	75.8091
3.7705	8.2116	0.2899	77.1988	75.7299
3.7710	8.2122	0.2764	76.8797	75.9500
3.7715	8.2126	0.2756	77.2402	75.9595
3.7720	8.2134	0.2667	76.2744	75.7191
3.7725	8.2130	0.2647	75.9740	76.2357
3.7730	8.2128	0.2757	77.1033	76.3067
3.7735	8.2126	0.2759	77.6518	75.8099
3.7740	8.2123	0.2770	77.7427	75.8201
3.7745	8.2130	0.2700	77.5378	75.6088
3.7750	8.2133	0.2673	77.7709	76.1446
3.7755	8.2139	0.2661	77.8132	76.5456
3.7760	8.2145	0.2536	76.9707	76.4698
3.7765	8.2140	0.2573	76.1472	76.7155
3.7770	8.2133	0.2705	74.8687	76.4117
3.7775	8.2117	0.2806	73.1796	76.0896
3.7780	8.2113	0.2863	73.5880	75.9717
3.7785	8.2116	0.2853	73.6767	75.7258
3.7790	8.2119	0.2838	74.4380	75.7776
3.7795	8.2129	0.2716	75.2996	76.0974
3.7800	8.2145	0.2604	75.8292	76.3838
3.7805	8.2136	0.2573	75.9503	76.4042
3.7810	8.2135	0.2658	76.5059	76.0173
3.7815	8.2132	0.2670	77.0671	75.7908
3.7820	8.2137	0.2650	77.4733	76.0660
3.7825	8.2139	0.2606	77.0942	75.8639
3.7830	8.2145	0.2548	76.1580	75.8888
3.7835	8.2145	0.2556	77.3284	76.2637
3.7840	8.2146	0.2520	76.5850	76.4846
3.7845	8.2141	0.2576	76.4518	76.4939
3.7850	8.2133	0.2650	76.9277	76.2515
3.7855	8.2121	0.2821	77.5760	76.2605
3.7860	8.2123	0.2819	78.0299	76.4843
3.7865	8.2127	0.2661	77.8514	76.1246
3.7870	8.2138	0.2633	77.4003	76.2501
3.7875	8.2149	0.2540	77.3239	76.5659
3.7880	8.2148	0.2479	76.9389	76.2715
3.7885	8.2158	0.2478	76.2603	76.2706
3.7890	8.2151	0.2483	73.6686	76.2176
3.7895	8.2147	0.2514	72.8373	76.3408
3.7900	8.2154	0.2475	73.8649	76.3236
3.7905	8.2151	0.2506	74.3424	75.8257
3.7910	8.2151	0.2477	74.5218	75.7864
3.7915	8.2147	0.2529	75.0359	76.2548
3.7920	8.2137	0.2602	76.0667	76.0774
3.7925	8.2126	0.2676	76.6250	75.9588
3.7930	8.2128	0.2753	76.6421	75.7857
3.7935	8.2133	0.2717	76.6795	76.2399
3.7940	8.2137	0.2650	77.3525	76.0915
3.7945	8.2144	0.2558	77.7204	75.4803
3.7950	8.2157	0.2447	76.8452	75.7589
3.7955	8.2154	0.2390	76.7049	76.1353
3.7960	8.2153	0.2428	76.5203	76.3713
3.7965	8.2162	0.2334	76.8825	76.4177
3.7970	8.2161	0.2380	77.3040	76.3201
3.7975	8.2164	0.2310	77.1804	76.4923
3.7980	8.2161	0.2383	77.8088	76.3361
3.7985	8.2160	0.2358	77.9692	75.9348
3.7990	8.2158	0.2413	77.6464	76.0304
3.7995	8.2154	0.2431	76.6454	76.0719
3.8000	8.2137	0.2605	76.5461	76.2544
3.8005	8.2132	0.2723	75.0412	76.4421
3.8010	8.2142	0.2635	72.7360	76.1121
3.8015	8.2148	0.2495	72.9575	76.0486
3.8020	8.2155	0.2460	73.6204	75.7617
3.8025	8.2153	0.2446	74.6702	75.6659
3.8030	8.2147	0.2526	75.0437	76.0558
3.8035	8.2135	0.2614	75.2668	76.1026
3.8040	8.2138	0.2638	75.7552	76.2906
3.8045	8.2143	0.2568	76.7621	76.6372
3.8050	8.2155	0.2477	77.0359	76.3844
3.8055	8.2154	0.2451	76.9010	76.3834
3.8060	8.2152	0.2458	77.0241	76.1308
3.8065	8.2139	0.2516	77.6866	76.1474
3.8070	8.2128	0.2755	77.3615	76.4342
3.8075	8.2120	0.2801	76.4113	76.5128
3.8080	8.2126	0.2872	76.3105	76.5511
3.8085	8.2138	0.2638	77.1687	76.5400
3.8090	8.2142	0.2599	77.8763	76.0114
3.8095	8.2150	0.2499	77.7595	76.1097
3.8100	8.2142	0.2527	77.6599	76.0849
3.8105	8.2131	0.2677	77.9913	76.2393
3.8110	8.2135	0.2682	77.9111	76.1978
3.8115	8.2139	0.2597	77.1999	75.9364
3.8120	8.2136	0.2626	75.7368	76.1424
3.8125	8.2138	0.2621	74.6616	76.1159
3.8130	8.2152	0.2558	73.2112	75.6546
3.8135	8.2162	0.2351	73.5297	75.7919
3.8140	8.2159	0.2389	73.7542	75.6816
3.8145	8.2152	0.2477	74.4036	76.1415
3.8150	8.2128	0.2646	75.3435	76.0120
3.8155	8.2124	0.2802	75.7471	75.8487
3.8160	8.2139	0.2667	75.8844	76.3000
3.8165	8.2150	0.2533	76.3308	76.4323
3.8170	8.2153	0.2490	76.9737	76.2302
3.8175	8.2159	0.2422	77.3004	76.1585
3.8180	8.2156	0.2464	77.0967	75.9807
3.8185	8.2154	0.2472	77.1952	76.3276
3.8190	8.2151	0.2496	76.3639	76.0756
3.8195	8.2156	0.2455	76.2549	76.0600
3.8200	8.2142	0.2523	76.6811	76.3731
3.8205	8.2148	0.2468	76.9661	76.1847
3.8210	8.2159	0.2389	77.8156	76.3676
3.8215	8.2152	0.2432	78.1841	76.2552
3.8220	8.2152	0.2477	77.9464	75.8624
3.8225	8.2139	0.2576	77.4850	75.8733
3.8230	8.2134	0.2664	77.4874	75.8490
3.8235	8.2131	0.2661	77.1611	76.0426
3.8240	8.2134	0.2673	75.5586	76.3686
3.8245	8.2135	0.2635	73.9357	76.0472
3.8250	8.2140	0.2561	72.8839	76.3311
3.8255	8.2150	0.2485	73.9758	76.4237
3.8260	8.2154	0.2458	74.2887	76.1389
3.8265	8.2155	0.2428	74.4658	76.2355
3.8270	8.2154	0.2381	75.0840	76.2481
3.8275	8.2161	0.2419	76.0185	76.4129
3.8280	8.2162	0.2380	76.5421	76.6953
3.8285	8.2175	0.2225	76.3498	76.4364
3.8290	8.2179	0.2240	76.7058	76.5163
3.8295	8.2176	0.2199	77.3250	76.3143
3.8300	8.2168	0.2292	77.7712	75.9428
3.8305	8.2146	0.2443	76.4556	76.3484
3.8310	8.2144	0.2502	75.3611	76.3649
3.8315	8.2146	0.2539	76.5685	76.2629
3.8320	8.2152	0.2499	77.2772	76.1223
3.8325	8.2162	0.2405	77.4007	75.8371
3.8330	8.2157	0.2419	77.4241	76.1766
3.8335	8.2148	0.2487	78.0478	75.7808
3.8340	8.2149	0.2461	78.2124	75.5801
3.8345	8.2149	0.2549	77.7642	75.9036
3.8350	8.2151	0.2420	76.8787	76.1169
3.8355	8.2152	0.2434	76.5790	76.2672
3.8360	8.2159	0.2439	75.9151	76.1020
3.8365	8.2162	0.2359	74.5255	75.8658
3.8370	8.2165	0.2306	72.9662	76.3651
3.8375	8.2158	0.2422	73.6840	76.3141
3.8380	8.2144	0.2550	74.5450	76.1879
3.8385	8.2138	0.2593	75.0581	76.3044
3.8390	8.2143	0.2567	75.1304	76.3236
3.8395	8.2147	0.2582	75.8595	76.4134
3.8400	8.2154	0.2476	76.5220	76.0332
3.8405	8.2158	0.2429	76.9369	75.9306
3.8410	8.2163	0.2353	76.6603	76.1100
3.8415	8.2161	0.2406	77.1997	76.0436
3.8420	8.2162	0.2334	76.4796	76.2394
3.8425	8.2162	0.2254	75.3435	76.0910
3.8430	8.2168	0.2333	75.9124	75.9481
3.8435	8.2165	0.2310	76.2985	76.0990
3.8440	8.2156	0.2405	77.2398	75.9726
3.8445	8.2141	0.2587	77.7338	76.0303
3.8450	8.2126	0.2754	77.8427	76.1115
3.8455	8.2122	0.2803	77.6582	76.1305
3.8460	8.2126	0.2779	77.8647	76.4669
3.8465	8.2123	0.2741	77.7788	76.3803
3.8470	8.2133	0.2735	77.0225	76.2034
3.8475	8.2137	0.2676	76.0811	76.4881
3.8480	8.2138	0.2630	74.6840	76.2873
3.8485	8.2136	0.2546	74.1553	76.1084
3.8490	8.2137	0.2618	73.7788	76.4165
3.8495	8.2138	0.2593	73.9361	76.2425
3.8500	8.2150	0.2501	74.6380	76.2833
3.8505	8.2159	0.2423	75.3808	76.1539
3.8510	8.2158	0.2369	76.0201	76.4711
3.8515	8.2157	0.2471	76.2052	76.7169
3.8520	8.2134	0.2647	76.6496	76.1574
3.8525	8.2120	0.2832	77.0416	75.7737
3.8530	8.2109	0.2934	77.5552	75.6616
3.8535	8.2112	0.2862	76.9754	75.7949
3.8540	8.2124	0.2709	76.6535	76.0233
3.8545	8.2125	0.2748	76.8455	75.7521
3.8550	8.2134	0.2667	76.2247	76.0923
3.8555	8.2135	0.2689	76.7946	76.4866
3.8560	8.2130	0.2679	77.0691	75.9704
3.8565	8.2130	0.2733	77.7268	75.8530
3.8570	8.2136	0.2691	77.9623	75.6398
3.8575	8.2140	0.2591	77.8477	75.8394
3.8580	8.2148	0.2481	77.4951	76.4533
3.8585	8.2163	0.2394	77.2239	76.3563
3.8590	8.2163	0.2389	76.7425	76.6283
3.8595	8.2149	0.2423	75.7806	76.5369
3.8600	8.2135	0.2605	73.2264	76.1635
3.8605	8.2128	0.2711	73.1208	76.0684
3.8610	8.2121	0.2738	74.0376	75.8537
3.8615	8.2129	0.2708	74.3941	75.7538
3.8620	8.2139	0.2645	74.7240	75.9975
3.8625	8.2153	0.2533	75.3126	76.3122
3.8630	8.2143	0.2541	76.2879	76.4004
3.8635	8.2134	0.2662	76.6228	76.1148
3.8640	8.2135	0.2673	76.7293	75.6950
3.8645	8.2133	0.2646	76.8750	75.9337
3.8650	8.2137	0.2609	77.6957	75.9228
3.8655	8.2135	0.2611	76.6750	75.8104
3.8660	8.2139	0.2649	76.9000	76.1757
3.8665	8.2138	0.2626	76.6754	76.4822
3.8670	8.2139	0.2649	76.3264	76.5909
3.8675	8.2140	0.2617	77.2784	76.3649
3.8680	8.2119	0.2806	77.3263	76.1778
3.8685	8.2121	0.2781	77.5726	76.4277
3.8690	8.2125	0.2782	77.9155	76.1726
3.8695	8.2131	0.2723	77.9668	76.0250
3.8700	8.2141	0.2599	77.5604	76.4885
3.8705	8.2145	0.2593	76.7284	76.3339
3.8710	8.2151	0.2490	76.5113	76.2122
3.8715	8.2147	0.2508	75.0344	76.2709
3.8720	8.2144	0.2558	72.9027	76.3149
3.8725	8.2148	0.2527	73.3360	76.4219
3.8730	8.2146	0.2523	73.9885	75.9823
3.8735	8.2149	0.2465	74.7678	75.6520
3.8740	8.2146	0.2513	75.1185	76.0742
3.8745	8.2140	0.2614	75.5280	76.1233
3.8750	8.2128	0.2691	76.1928	75.8777
3.8755	8.2122	0.2808	76.8516	75.7609
3.8760	8.2121	0.2793	77.0220	75.9671
3.8765	8.2120	0.2752	77.0507	76.3025
3.8770	8.2120	0.2855	77.4121	75.6041
3.8775	8.2127	0.2720	77.2561	75.6667
3.8780	8.2142	0.2639	77.0743	76.0090
3.8785	8.2138	0.2659	76.5707	76.3077
3.8790	8.2138	0.2613	76.3201	76.3262
3.8795	8.2142	0.2603	77.3087	76.2635
3.8800	8.2140	0.2607	77.6012	76.2915
3.8805	8.2138	0.2615	77.7247	76.3637
3.8810	8.2140	0.2582	77.5880	75.9395
3.8815	8.2135	0.2568	77.7733	75.9579
3.8820	8.2138	0.2633	77.4220	76.0463
3.8825	8.2132	0.2703	76.7327	76.1424
3.8830	8.2119	0.2751	75.5703	76.4445
3.8835	8.2127	0.2755	73.0292	76.2250
3.8840	8.2140	0.2625	73.1359	76.0890
3.8845	8.2142	0.2599	73.6993	75.8541
3.8850	8.2145	0.2546	74.0657	75.6292
3.8855	8.2139	0.2612	74.6980	75.8885
3.8860	8.2125	0.2729	75.4490	76.0572
3.8865	8.2126	0.2753	75.9141	76.1053
3.8870	8.2130	0.2705	76.3035	76.5266
3.8875	8.2140	0.2604	76.6841	76.4289
3.8880	8.2143	0.2514	77.1152	76.3811
3.8885	8.2150	0.2450	77.3195	76.2368
3.8890	8.2150	0.2514	77.4277	76.1637
3.8895	8.2132	0.2711	77.2869	76.4449
3.8900	8.2126	0.2762	76.7412	76.4807
3.8905	8.2128	0.2774	76.7233	76.4148
3.8910	8.2148	0.2523	76.8700	76.5526
3.8915	8.2156	0.2413	77.1948	76.0875
3.8920	8.2154	0.2437	77.8782	76.0111
3.8925	8.2154	0.2402	78.2321	76.0808
3.8930	8.2137	0.2581	78.1249	76.1439
3.8935	8.2131	0.2667	77.4931	76.2947
3.8940	8.2127	0.2664	77.3684	76.0005
3.8945	8.2132	0.2711	76.6856	75.9774
3.8950	8.2132	0.2663	75.4430	76.2519
3.8955	8.2147	0.2540	73.1972	75.6854
3.8960	8.2161	0.2410	73.0115	75.7242
3.8965	8.2169	0.2264	74.1434	75.6675
3.8970	8.2157	0.2387	74.4717	75.9930
3.8975	8.2139	0.2593	74.8697	76.0480
3.8980	8.2122	0.2738	75.2831	75.7880
3.8985	8.2134	0.2679	76.1512	75.9817
3.8990	8.2148	0.2508	76.6475	76.3434
3.8995	8.2153	0.2515	76.6377	76.2034
3.9000	8.2161	0.2397	76.8908	76.2288
3.9005	8.2153	0.2440	77.3464	76.0235
3.9010	8.2148	0.2534	77.7207	76.1764
3.9015	8.2140	0.2549	76.6168	76.1606
3.9020	8.2147	0.2550	75.6849	75.8871
3.9025	8.2147	0.2546	76.7270	76.0964
3.9030	8.2142	0.2568	77.3614	76.0697
3.9035	8.2145	0.2498	77.5957	76.2213
3.9040	8.2153	0.2451	77.6614	76.3824
3.9045	8.2148	0.2504	78.0204	75.9406
3.9050	8.2143	0.2568	78.1999	75.8649
3.9055	8.2133	0.2656	77.6084	75.8521
3.9060	8.2126	0.2753	76.9910	75.9191
3.9065	8.2131	0.2767	75.8715	76.2845
3.9070	8.2135	0.2705	74.9527	76.1524
3.9075	8.2136	0.2668	73.2988	76.1274
3.9080	8.2138	0.2591	73.2145	76.4764
3.9085	8.2154	0.2469	74.0367	76.1496
3.9090	8.2159	0.2421	74.7090	76.1763
3.9095	8.2155	0.2431	75.2872	76.2019
3.9100	8.2156	0.2473	75.4544	76.2941
3.9105	8.2152	0.2503	76.0465	76.6590
3.9110	8.2152	0.2492	76.7213	76.5520
3.9115	8.2164	0.2416	77.0780	76.3997
3.9120	8.2166	0.2369	76.9136	76.4777
3.9125	8.2159	0.2353	77.2308	75.9457
3.9130	8.2148	0.2515	77.2019	76.1609
3.9135	8.2138	0.2552	75.9929	76.3671
3.9140	8.2135	0.2632	76.1919	76.2790
3.9145	8.2142	0.2552	76.5687	76.2241
3.9150	8.2150	0.2473	77.3964	75.8894
3.9155	8.2150	0.2484	77.9047	76.0862
3.9160	8.2146	0.2587	78.0168	76.0249
3.9165	8.2149	0.2546	77.7572	75.5511
3.9170	8.2146	0.2564	77.8138	75.7614
3.9175	8.2147	0.2577	77.6289	75.9455
3.9180	8.2140	0.2552	76.9460	76.2284
3.9185	8.2140	0.2536	75.7744	76.1957
3.9190	8.2145	0.2552	74.7948	75.9357
3.9195	8.2145	0.2546	73.5709	76.2253
3.9200	8.2148	0.2519	73.6690	76.4524
3.9205	8.2141	0.2602	74.0837	76.1749
3.9210	8.2139	0.2655	74.5424	76.2693
3.9215	8.2133	0.2711	75.3744	76.2575
3.9220	8.2139	0.2638	75.9727	76.4172
3.9225	8.2144	0.2562	76.1984	76.1602
3.9230	8.2145	0.2605	76.4523	75.8821
3.9235	8.2144	0.2520	76.8760	76.0843
3.9240	8.2147	0.2517	77.4429	76.0797
3.9245	8.2137	0.2572	76.9186	76.2088
3.9250	8.2148	0.2523	74.9721	76.2392
3.9255	8.2149	0.2527	75.7728	75.9741
3.9260	8.2154	0.2520	76.6005	76.0937
3.9265	8.2150	0.2473	77.0619	76.0116
3.9270	8.2137	0.2602	77.1698	75.9530
3.9275	8.2125	0.2733	77.7321	76.1409
3.9280	8.2121	0.2791	78.1479	76.0528
3.9285	8.2117	0.2866	77.9701	76.2959
3.9290	8.2112	0.2850	77.4923	76.4384
3.9295	8.2112	0.2885	77.0092	76.2196
3.9300	8.2122	0.2770	76.8402	76.4162
3.9305	8.2130	0.2759	75.4030	76.5006
3.9310	8.2132	0.2661	73.8970	76.1165
3.9315	8.2137	0.2629	73.5366	76.4220
3.9320	8.2136	0.2618	74.0952	76.3182
3.9325	8.2146	0.2519	74.8546	76.2434
3.9330	8.2156	0.2431	74.8991	76.1542
3.9335	8.2155	0.2423	75.4899	76.2447
3.9340	8.2149	0.2514	76.3362	76.6964
3.9345	8.2131	0.2623	76.9582	76.3661
3.9350	8.2128	0.2756	76.8030	75.8905
3.9355	8.2110	0.2912	76.9599	75.7558
3.9360	8.2107	0.2935	77.3918	75.7588
3.9365	8.2114	0.2851	77.0600	76.0589
3.9370	8.2115	0.2851	76.9463	75.8837
3.9375	8.2125	0.2720	75.7914	75.8937
3.9380	8.2125	0.2769	76.5978	76.4442
3.9385	8.2123	0.2818	77.4942	76.1445
3.9390	8.2120	0.2839	77.5125	75.8045
3.9395	8.2119	0.2862	77.4651	75.7460
3.9400	8.2128	0.2743	77.8504	75.6443
3.9405	8.2132	0.2667	78.0473	76.3703
3.9410	8.2134	0.2675	77.4789	76.4672
3.9415	8.2140	0.2623	76.3879	76.5833
3.9420	8.2129	0.2682	76.1242	76.7274
3.9425	8.2118	0.2798	74.3800	76.3109
3.9430	8.2112	0.2909	73.0345	76.1000
3.9435	8.2110	0.2891	73.4468	75.9189
3.9440	8.2111	0.2886	73.9917	75.7173
3.9445	8.2114	0.2851	75.0749	75.8782
3.9450	8.2127	0.2722	75.4052	76.1935
3.9455	8.2135	0.2648	75.6968	76.4257
3.9460	8.2130	0.2646	76.1214	76.3078
3.9465	8.2128	0.2750	77.0435	75.8516
3.9470	8.2131	0.2777	77.1334	75.8719
3.9475	8.2128	0.2690	77.3553	76.0627
3.9480	8.2131	0.2680	76.6059	75.8314
3.9485	8.2136	0.2708	76.7472	76.0489
3.9490	8.2135	0.2657	77.4252	76.4168
3.9495	8.2135	0.2715	76.1448	76.5505
3.9500	8.2137	0.2647	76.5574	76.4559
3.9505	8.2123	0.2762	77.2847	76.1715
3.9510	8.2117	0.2856	77.9816	76.3461
3.9515	8.2121	0.2787	77.8988	76.3800
3.9520	8.2126	0.2724	77.5429	76.0284
3.9525	8.2139	0.2635	77.4791	76.4239
3.9530	8.2145	0.2567	77.4077	76.5446
3.9535	8.2146	0.2507	76.7784	76.2448
3.9540	8.2151	0.2465	75.3478	76.3392
3.9545	8.2146	0.2529	73.0134	76.2964
3.9550	8.2149	0.2529	73.4496	76.4664
3.9555	8.2153	0.2514	74.0644	76.1527
3.9560	8.2158	0.2439	74.2660	75.7187
3.9565	8.2149	0.2431	74.6250	75.9412
3.9570	8.2143	0.2564	75.6042	76.2413
3.9575	8.2135	0.2653	76.3946	75.9763
3.9580	8.2127	0.2738	76.4191	75.9207
3.9585	8.2131	0.2670	76.5615	75.8756
3.9590	8.2137	0.2683	77.1447	76.3899
3.9595	8.2143	0.2661	77.7852	75.8771
3.9600	8.2146	0.2520	77.3256	75.6028
3.9605	8.2153	0.2410	76.5148	75.8872
3.9610	8.2149	0.2484	76.8041	76.2371
3.9615	8.2152	0.2468	76.7022	76.3547
3.9620	8.2149	0.2449	77.0724	76.3495
3.9625	8.2151	0.2451	77.1253	76.3151
3.9630	8.2152	0.2426	77.5097	76.5354
3.9635	8.2151	0.2443	78.1052	76.2092
3.9640	8.2155	0.2460	77.8499	76.0490
3.9645	8.2149	0.2491	77.1641	76.1014
3.9650	8.2146	0.2563	76.6868	76.0968
3.9655	8.2131	0.2651	76.5036	76.3835
3.9660	8.2125	0.2738	73.7756	76.3138
3.9665	8.2138	0.2649	72.5549	76.0798
3.9670	8.2146	0.2502	73.3026	75.9773
3.9675	8.2146	0.2529	74.1962	75.6295
3.9680	8.2151	0.2501	74.8121	75.7984
3.9685	8.2139	0.2567	74.8663	76.1492
3.9690	8.2134	0.2679	75.4486	76.0915
3.9695	8.2133	0.2679	76.3867	76.4910
3.9700	8.2139	0.2614	76.9971	76.5907
3.9705	8.2146	0.2510	76.7980	76.3779
3.9710	8.2151	0.2486	76.8549	76.3471
3.9715	8.2150	0.2490	77.4763	76.0960
3.9720	8.2140	0.2561	77.8528	76.2358
3.9725	8.2130	0.2697	76.7878	76.4859
3.9730	8.2121	0.2786	76.1744	76.4577
3.9735	8.2135	0.2729	76.7535	76.6088
3.9740	8.2141	0.2600	77.5966	76.3696
3.9745	8.2137	0.2638	77.7903	76.0608
3.9750	8.2140	0.2609	77.5399	76.1869
3.9755	8.2134	0.2679	77.9349	76.1817
3.9760	8.2132	0.2688	78.1577	76.3086
3.9765	8.2139	0.2615	77.6654	76.0851
3.9770	8.2146	0.2567	76.5372	75.8835
3.9775	8.2140	0.2587	75.4991	76.2167
3.9780	8.2146	0.2596	74.1801	75.8532
3.9785	8.2158	0.2475	73.0699	75.6770
3.9790	8.2169	0.2287	73.5744	75.7586
3.9795	8.2157	0.2384	73.9097	75.8873
3.9800	8.2144	0.2526	74.9758	76.2547
3.9805	8.2126	0.2741	75.4719	75.8773
3.9810	8.2128	0.2770	75.6704	75.9965
3.9815	8.2139	0.2614	76.0439	76.3927
3.9820	8.2151	0.2505	76.8002	76.3085
3.9825	8.2155	0.2472	77.1811	76.1983
3.9830	8.2163	0.2409	77.0366	76.0181
3.9835	8.2154	0.2453	77.1653	76.0304
3.9840	8.2151	0.2478	77.2282	76.2554
3.9845	8.2151	0.2469	76.1577	75.9326
3.9850	8.2160	0.2437	76.2909	76.2272
3.9855	8.2157	0.2384	76.7675	76.2819
3.9860	8.2158	0.2369	77.5028	76.2004
3.9865	8.2162	0.2379	78.1172	76.4975
3.9870	8.2154	0.2422	77.8861	76.0965
3.9875	8.2149	0.2473	77.7244	75.8526
3.9880	8.2141	0.2556	77.7246	75.8322
3.9885	8.2129	0.2706	77.7006	75.8190
3.9890	8.2135	0.2663	76.3945	76.2249
3.9895	8.2133	0.2647	74.8489	76.3079
3.9900	8.2150	0.2524	73.6648	76.0688
3.9905	8.2152	0.2469	73.3238	76.5205
3.9910	8.2153	0.2444	74.1411	76.3090
3.9915	8.2166	0.2288	74.0695	76.1988
3.9920	8.2165	0.2329	74.8201	76.2919
3.9925	8.2168	0.2280	75.6499	76.3099
3.9930	8.2172	0.2270	76.2739	76.5864
3.9935	8.2179	0.2224	76.2899	76.6796
3.9940	8.2183	0.2102	76.4984	76.3393
3.9945	8.2187	0.2121	77.1685	76.5555
3.9950	8.2179	0.2093	77.5374	76.0959
3.9955	8.2166	0.2260	77.3195	76.1092
3.9960	8.2154	0.2466	75.7958	76.5080
3.9965	8.2152	0.2425	76.0260	76.3976
3.9970	8.2151	0.2452	76.9664	76.3440
3.9975	8.2159	0.2411	77.1538	75.9945
3.9980	8.2163	0.2398	77.3017	75.9173
3.9985	8.2158	0.2425	77.8358	76.1257
3.9990	8.2153	0.2458	78.3250	75.5453
3.9995	8.2150	0.2481	77.9797	75.6961
4.0000	8.2155	0.2479	77.2625	75.9569
4.0005	8.2155	0.2470	76.9705	76.2089
4.0010	8.2151	0.2467	76.5702	76.3095
4.0015	8.2150	0.2418	75.3674	76.0515
4.0020	8.2157	0.2347	73.5957	76.0517
4.0025	8.2157	0.2397	73.1607	76.4949
4.0030	8.2144	0.2524	74.4255	76.2049
4.0035	8.2141	0.2570	74.5806	76.2433
4.0040	8.2141	0.2641	74.7923	76.2332
4.0045	8.2141	0.2543	75.4019	76.3484
4.0050	8.2149	0.2489	76.5374	76.2832
4.0055	8.2155	0.2419	76.7329	75.8938
4.0060	8.2160	0.2396	76.5025	75.9528
4.0065	8.2162	0.2350	76.6797	76.0317
4.0070	8.2159	0.2352	77.6408	76.1764
4.0075	8.2163	0.2384	75.9025	76.3034
4.0080	8.2163	0.2390	75.2568	76.0218
4.0085	8.2172	0.2271	75.8710	76.0487
4.0090	8.2170	0.2248	76.9096	76.0228
4.0095	8.2154	0.2434	77.6910	75.9140
4.0100	8.2136	0.2605	77.4972	76.0965
4.0105	8.2125	0.2745	77.5819	76.0641
4.0110	8.2126	0.2735	77.9794	76.2413
4.0115	8.2127	0.2766	78.2157	76.5174
4.0120	8.2131	0.2721	77.2886	76.3441
4.0125	8.2134	0.2659	76.4300	76.3645
4.0130	8.2146	0.2591	75.7425	76.5834
4.0135	8.2145	0.2517	74.6908	76.1809
4.0140	8.2146	0.2498	73.9077	76.2837
4.0145	8.2151	0.2487	73.4079	76.3534
4.0150	8.2156	0.2424	74.3338	76.1844
4.0155	8.2166	0.2284	75.2191	76.1933
4.0160	8.2165	0.2272	75.6202	76.1556
4.0165	8.2167	0.2294	75.7879	76.6421
4.0170	8.2150	0.2473	76.3819	76.5962
4.0175	8.2130	0.2648	77.1521	76.0241
4.0180	8.2119	0.2830	77.2555	75.8274
4.0185	8.2114	0.2915	77.2482	75.7314
4.0190	8.2122	0.2808	76.6410	75.9859
4.0195	8.2131	0.2724	77.1592	75.9572
4.0200	8.2135	0.2620	76.5942	75.7495
4.0205	8.2142	0.2614	76.1246	76.2747
4.0210	8.2137	0.2620	76.8880	76.2685
4.0215	8.2129	0.2693	77.4998	75.7864
4.0220	8.2131	0.2671	78.0132	75.8332
4.0225	8.2138	0.2673	77.7623	75.5972
4.0230	8.2141	0.2548	77.5215	76.2102
4.0235	8.2152	0.2473	77.6524	76.5510
4.0240	8.2156	0.2399	77.2051	76.5066
4.0245	8.2148	0.2469	76.4094	76.7467
4.0250	8.2138	0.2570	74.6558	76.3968
4.0255	8.2128	0.2734	72.9593	76.0756
4.0260	8.2120	0.2817	73.8311	75.9456
4.0265	8.2119	0.2809	74.0353	75.6851
4.0270	8.2119	0.2757	74.2907	75.7978
4.0275	8.2136	0.2694	74.9605	76.1134
4.0280	8.2141	0.2589	76.0426	76.3965
4.0285	8.2140	0.2598	76.3967	76.4060
4.0290	8.2135	0.2671	76.4173	76.0010
4.0295	8.2131	0.2618	76.6757	75.7976
4.0300	8.2142	0.2590	77.5949	76.0752
4.0305	8.2145	0.2529	77.5832	75.8391
4.0310	8.2144	0.2570	76.2200	75.9266
4.0315	8.2142	0.2590	76.9059	76.2910
4.0320	8.2138	0.2559	76.5332	76.4802
4.0325	8.2141	0.2585	76.8959	76.4848
4.0330	8.2131	0.2679	77.1156	76.2311
4.0335	8.2117	0.2853	77.2404	76.2974
4.0340	8.2119	0.2828	77.8914	76.5059
4.0345	8.2125	0.2763	78.2506	76.1231
4.0350	8.2134	0.2674	77.6727	76.2691
4.0355	8.2141	0.2564	77.0200	76.5812
4.0360	8.2142	0.2575	76.6980	76.2227
4.0365	8.2151	0.2491	76.5098	76.2186
4.0370	8.2153	0.2528	73.9009	76.1971
4.0375	8.2151	0.2442	72.7112	76.3366
4.0380	8.2152	0.2490	73.6338	76.2627
4.0385	8.2157	0.2426	74.5571	75.7838
4.0390	8.2159	0.2357	74.9210	75.7785
4.0395	8.2154	0.2437	74.9824	76.2671
4.0400	8.2141	0.2624	75.8075	76.0623
4.0405	8.2134	0.2652	76.7397	75.9422
4.0410	8.2127	0.2729	77.0176	75.7909
4.0415	8.2131	0.2667	76.6917	76.2841
4.0420	8.2131	0.2670	77.1067	76.0137
4.0425	8.2139	0.2637	77.8653	75.4902
4.0430	8.2144	0.2544	77.1718	75.7103
4.0435	8.2150	0.2454	76.6716	76.0862
4.0440	8.2154	0.2442	76.2643	76.3226
4.0445	8.2149	0.2480	76.9911	76.3684
4.0450	8.2146	0.2502	77.6668	76.3236
4.0455	8.2150	0.2546	77.3218	76.4702
4.0460	8.2150	0.2531	77.5719	76.2912
4.0465	8.2151	0.2483	77.9525	75.9322
4.0470	8.2153	0.2467	77.9354	76.0316
4.0475	8.2151	0.2469	76.7892	76.0282
4.0480	8.2137	0.2632	76.3704	76.2408
4.0485	8.2125	0.2770	74.7907	76.3886
4.0490	8.2135	0.2659	72.9755	76.1143
4.0495	8.2142	0.2556	73.2516	76.0633
4.0500	8.2146	0.2517	73.5302	75.7525
4.0505	8.2151	0.2446	74.5281	75.7739
4.0510	8.2140	0.2591	75.2167	76.0990
4.0515	8.2129	0.2644	75.5589	76.0883
4.0520	8.2135	0.2665	75.7692	76.2764
4.0525	8.2141	0.2557	76.6022	76.5467
4.0530	8.2157	0.2492	77.1436	76.2932
4.0535	8.2159	0.2408	77.1889	76.3398
4.0540	8.2155	0.2422	77.0261	76.1162
4.0545	8.2148	0.2507	77.4767	76.2498
4.0550	8.2134	0.2652	77.4010	76.5359
4.0555	8.2129	0.2703	76.6806	76.4864
4.0560	8.2132	0.2672	76.4283	76.5720
4.0565	8.2164	0.2416	77.0000	76.5064
4.0570	8.2166	0.2357	77.8274	75.9873
4.0575	8.2167	0.2334	78.0995	76.0728
4.0580	8.2162	0.2400	77.8861	76.0256
4.0585	8.2139	0.2584	77.7242	76.1900
4.0590	8.2134	0.2608	77.7412	76.1888
4.0595	8.2135	0.2609	77.4281	75.9299
4.0600	8.2139	0.2620	76.0448	76.1839
4.0605	8.2138	0.2590	74.4716	76.1169
4.0610	8.2154	0.2413	72.8587	75.6654
4.0615	8.2166	0.2328	73.7297	75.8142
4.0620	8.2167	0.2351	74.1488	75.7406
4.0625	8.2150	0.2493	74.4775	76.1462
4.0630	8.2134	0.2664	75.0608	75.9345
4.0635	8.2123	0.2764	75.8879	75.7790
4.0640	8.2135	0.2646	76.2931	76.2101
4.0645	8.2141	0.2567	76.4321	76.3955
4.0650	8.2143	0.2558	76.7613	76.2335
4.0655	8.2153	0.2505	77.3167	76.1959
4.0660	8.2148	0.2517	77.4755	76.0107
4.0665	8.2143	0.2555	77.2804	76.3542
4.0670	8.2144	0.2542	76.0229	76.0531
4.0675	8.2145	0.2529	76.2998	76.0411
4.0680	8.2138	0.2659	77.1314	76.3380
4.0685	8.2138	0.2585	77.1960	76.1493
4.0690	8.2147	0.2544	77.5475	76.3438
4.0695	8.2146	0.2554	78.0171	76.2136
4.0700	8.2140	0.2548	78.2684	75.8374
4.0705	8.2134	0.2673	77.7827	75.8855
4.0710	8.2123	0.2779	77.2798	75.8351
4.0715	8.2123	0.2746	76.8323	76.1031
4.0720	8.2125	0.2762	75.6760	76.4372
4.0725	8.2133	0.2706	74.1470	76.0865
4.0730	8.2138	0.2648	72.7598	76.3593
4.0735	8.2147	0.2527	73.7919	76.3580
4.0740	8.2160	0.2343	74.4742	76.0921
4.0745	8.2160	0.2391	74.8609	76.2208
4.0750	8.2160	0.2390	75.0827	76.2590
4.0755	8.2157	0.2451	75.8019	76.4700
4.0760	8.2152	0.2469	76.6314	76.7605
4.0765	8.2155	0.2458	76.7313	76.4410
4.0770	8.2151	0.2471	76.7817	76.5586
4.0775	8.2158	0.2394	77.0427	76.3123
4.0780	8.2151	0.2405	77.7740	75.9466
4.0785	8.2144	0.2601	76.6961	76.3462
4.0790	8.2141	0.2567	75.6060	76.3339
4.0795	8.2143	0.2579	76.3873	76.2254
4.0800	8.2148	0.2486	77.0996	76.0550
4.0805	8.2156	0.2362	77.7445	75.8084
4.0810	8.2154	0.2456	77.7438	76.1772
4.0815	8.2151	0.2503	77.8558	75.7708
4.0820	8.2152	0.2487	78.0532	75.6385
4.0825	8.2146	0.2536	77.9333	75.9472
4.0830	8.2150	0.2500	77.1166	76.1722
4.0835	8.2145	0.2558	76.4608	76.2862
4.0840	8.2145	0.2534	75.5686	76.0999
4.0845	8.2149	0.2487	74.5154	75.9168
4.0850	8.2148	0.2496	73.2433	76.3605
4.0855	8.2144	0.2491	73.7805	76.2600
4.0860	8.2141	0.2602	74.3978	76.1749
4.0865	8.2136	0.2632	75.1009	76.2920
4.0870	8.2139	0.2614	75.4006	76.3192
4.0875	8.2146	0.2536	75.9748	76.4173
4.0880	8.2149	0.2461	76.3965	76.0242
4.0885	8.2149	0.2517	76.9488	75.9740
4.0890	8.2161	0.2401	76.8733	76.1027
4.0895	8.2150	0.2469	77.3680	76.0575
4.0900	8.2153	0.2444	76.1424	76.2892
4.0905	8.2163	0.2357	75.2937	76.1041
4.0910	8.2157	0.2372	76.1382	75.9738
4.0915	8.2161	0.2359	76.5078	76.0821
4.0920	8.2149	0.2448	77.2217	75.9254
4.0925	8.2130	0.2631	77.5985	76.0375
4.0930	8.2123	0.2780	77.9615	76.1305
4.0935	8.2116	0.2808	77.8644	76.1597
4.0940	8.2118	0.2815	77.7734	76.4857
4.0945	8.2118	0.2822	77.5620	76.3969
4.0950	8.2123	0.2815	77.0684	76.2423
4.0955	8.2131	0.2645	76.1585	76.5168
4.0960	8.2131	0.2641	74.5696	76.2689
4.0965	8.2139	0.2575	73.9625	76.1502
4.0970	8.2137	0.2605	73.8015	76.4374
4.0975	8.2141	0.2563	74.2342	76.2389
4.0980	8.2153	0.2425	74.6891	76.2981
4.0985	8.2155	0.2376	75.2345	76.1787
4.0990	8.2157	0.2372	76.0480	76.5166
4.0995	8.2153	0.2469	76.4821	76.7388
4.1000	8.2132	0.2630	76.8179	76.1744
4.1005	8.2123	0.2798	76.8808	75.8360
4.1010	8.2105	0.2912	77.5279	75.7152
4.1015	8.2116	0.2901	77.1353	75.8343
4.1020	8.2119	0.2759	76.7940	76.0327
4.1025	8.2125	0.2776	76.5810	75.7556
4.1030	8.2131	0.2677	76.1189	76.1308
4.1035	8.2126	0.2711	77.0919	76.4946
4.1040	8.2122	0.2759	77.3083	75.9841
4.1045	8.2120	0.2802	77.5652	75.9112
4.1050	8.2126	0.2762	77.8216	75.6976
4.1055	8.2135	0.2667	78.0246	75.9409
4.1060	8.2136	0.2655	77.6055	76.5205
4.1065	8.2138	0.2601	77.0271	76.4154
4.1070	8.2146	0.2577	76.5812	76.6717
4.1075	8.2135	0.2659	75.7437	76.5288
4.1080	8.2119	0.2795	73.2492	76.1507
4.1085	8.2115	0.2877	73.0788	76.0534
4.1090	8.2121	0.2809	73.8521	75.8345
4.1095	8.2120	0.2811	74.5992	75.8008
4.1100	8.2127	0.2776	75.0215	76.0393
4.1105	8.2143	0.2602	75.3334	76.3658
4.1110	8.2141	0.2558	76.0868	76.4397
4.1115	8.2138	0.2586	76.7062	76.1411
4.1120	8.2136	0.2664	76.9638	75.7521
4.1125	8.2140	0.2566	76.9422	76.0242
4.1130	8.2146	0.2567	77.4313	75.9478
4.1135	8.2140	0.2582	76.6207	75.8422
4.1140	8.2141	0.2596	77.2179	76.2356
4.1145	8.2145	0.2642	76.5691	76.5205
4.1150	8.2142	0.2569	76.2039	76.5934
4.1155	8.2135	0.2563	77.2877	76.3763
4.1160	8.2130	0.2717	77.5597	76.2283
4.1165	8.2131	0.2712	77.6180	76.5013
4.1170	8.2138	0.2618	77.6995	76.2078
4.1175	8.2141	0.2578	77.8614	76.1091
4.1180	8.2149	0.2474	77.6931	76.5518
4.1185	8.2157	0.2390	76.7652	76.3547
4.1190	8.2160	0.2399	76.3042	76.2868
4.1195	8.2155	0.2430	74.6397	76.3196
4.1200	8.2150	0.2479	73.0073	76.3796
4.1205	8.2158	0.2353	73.5346	76.4630
4.1210	8.2163	0.2365	73.9295	75.9893
4.1215	8.2165	0.2337	74.6957	75.7799
4.1220	8.2163	0.2368	75.1915	76.1689
4.1225	8.2154	0.2481	75.7355	76.1195
4.1230	8.2140	0.2579	76.2490	75.9117
4.1235	8.2131	0.2643	76.6701	75.8063
4.1240	8.2134	0.2655	77.0136	76.1160
4.1245	8.2137	0.2570	77.2435	76.3214
4.1250	8.2146	0.2528	77.4449	75.6701
4.1255	8.2153	0.2461	77.0412	75.7341
4.1260	8.2155	0.2443	77.0219	76.0664
4.1265	8.2158	0.2416	76.6813	76.3552
4.1270	8.2153	0.2446	76.4658	76.3628
4.1275	8.2145	0.2535	77.1675	76.3171
4.1280	8.2148	0.2540	77.4760	76.3609
4.1285	8.2148	0.2491	77.8649	76.4402
4.1290	8.2148	0.2548	77.7037	76.0427
4.1295	8.2149	0.2552	77.6584	76.0705
4.1300	8.2143	0.2534	77.1406	76.1195
4.1305	8.2140	0.2623	76.7901	76.2475
4.1310	8.2124	0.2763	75.3988	76.4662
4.1315	8.2133	0.2673	72.8041	76.2258
4.1320	8.2138	0.2635	73.1444	76.0931
4.1325	8.2145	0.2501	73.6921	75.8462
4.1330	8.2147	0.2573	74.1923	75.6393
4.1335	8.2149	0.2525	74.7262	75.9634
4.1340	8.2141	0.2617	75.4455	76.1038
4.1345	8.2135	0.2608	76.0247	76.1700
4.1350	8.2141	0.2566	76.3879	76.6197
4.1355	8.2148	0.2495	76.5765	76.4695
4.1360	8.2159	0.2399	77.0774	76.4376
4.1365	8.2162	0.2345	77.4563	76.2731
4.1370	8.2154	0.2380	77.5840	76.1849
4.1375	8.2144	0.2547	77.1400	76.4235
4.1380	8.2128	0.2669	76.4940	76.5101
4.1385	8.2127	0.2686	76.6837	76.4722
4.1390	8.2144	0.2572	77.1397	76.6006
4.1395	8.2147	0.2579	77.3870	76.1247
4.1400	8.2157	0.2446	77.6530	76.1040
4.1405	8.2152	0.2475	77.9643	76.1490
4.1410	8.2143	0.2594	78.2112	76.2220
4.1415	8.2138	0.2578	77.7215	76.2937
4.1420	8.2144	0.2588	77.1744	75.9672
4.1425	8.2139	0.2582	76.3657	76.0285
4.1430	8.2139	0.2630	75.3111	76.2431
4.1435	8.2149	0.2561	73.0976	75.7035
4.1440	8.2168	0.2339	73.1052	75.7975
4.1445	8.2170	0.2212	73.9160	75.7273
4.1450	8.2159	0.2379	74.5370	76.1240
4.1455	8.2145	0.2567	75.0751	76.0461
4.1460	8.2130	0.2713	75.3474	75.8064
4.1465	8.2138	0.2595	75.9698	76.1069
4.1470	8.2151	0.2487	76.5946	76.4203
4.1475	8.2152	0.2452	76.8013	76.2765
4.1480	8.2159	0.2403	76.9475	76.2207
4.1485	8.2159	0.2369	77.1640	75.9628
4.1490	8.2151	0.2484	77.6235	76.2229
4.1495	8.2153	0.2469	76.6276	76.1356
4.1500	8.2153	0.2418	75.8146	75.9490
4.1505	8.2164	0.2338	76.6240	76.3522
4.1510	8.2164	0.2322	77.2644	76.2009
4.1515	8.2172	0.2249	77.7361	76.3290
4.1520	8.2166	0.2270	77.8147	76.4036
4.1525	8.2163	0.2368	77.9177	75.9072
4.1530	8.2154	0.2426	78.0387	75.8882
4.1535	8.2142	0.2591	77.6757	75.8389
4.1540	8.2137	0.2661	77.0810	75.9697
4.1545	8.2134	0.2653	75.6093	76.3899
4.1550	8.2145	0.2616	74.7774	76.1925
4.1555	8.2153	0.2446	73.3469	76.2303
4.1560	8.2148	0.2466	73.4833	76.4759
4.1565	8.2160	0.2349	73.9937	76.1620
4.1570	8.2162	0.2366	74.4978	76.2020
4.1575	8.2166	0.2342	75.4032	76.2295
4.1580	8.2161	0.2336	75.7791	76.3852
4.1585	8.2161	0.2292	76.1148	76.7447
4.1590	8.2171	0.2256	76.3791	76.5483
4.1595	8.2175	0.2202	77.0048	76.4625
4.1600	8.2177	0.2213	77.3091	76.4681
4.1605	8.2169	0.2244	77.4724	75.9675
4.1610	8.2160	0.2448	76.7733	76.2673
4.1615	8.2145	0.2493	75.7054	76.4198
4.1620	8.2150	0.2558	76.5080	76.3153
4.1625	8.2151	0.2475	76.8764	76.2230
4.1630	8.2164	0.2332	77.2468	75.8318
4.1635	8.2156	0.2396	77.6602	76.1181
4.1640	8.2151	0.2498	78.1964	75.9459
4.1645	8.2154	0.2511	78.0614	75.5719
4.1650	8.2150	0.2528	77.6220	75.8161
4.1655	8.2148	0.2472	77.2088	76.0199
4.1660	8.2148	0.2494	77.0265	76.2941
4.1665	8.2156	0.2422	75.9975	76.2147
4.1670	8.2160	0.2396	74.6056	75.9287
4.1675	8.2162	0.2365	73.2192	76.3145
4.1680	8.2155	0.2434	73.7438	76.4156
4.1685	8.2145	0.2555	74.4759	76.1805
4.1690	8.2141	0.2559	74.6079	76.2607
4.1695	8.2147	0.2528	75.0740	76.2560
4.1700	8.2151	0.2469	75.9830	76.4442
4.1705	8.2161	0.2431	76.5435	76.1358
4.1710	8.2163	0.2348	76.6055	75.9328
4.1715	8.2171	0.2307	76.5634	76.1275
4.1720	8.2173	0.2253	77.4074	76.1098
4.1725	8.2172	0.2254	77.0797	76.2405
4.1730	8.2177	0.2163	75.0616	76.1866
4.1735	8.2174	0.2220	75.5800	75.9477
4.1740	8.2174	0.2190	76.4621	76.1009
4.1745	8.2165	0.2334	77.4133	75.9995
4.1750	8.2143	0.2573	77.4286	76.0460
4.1755	8.2130	0.2695	77.4868	76.1909
4.1760	8.2124	0.2765	77.9394	76.1387
4.1765	8.2128	0.2761	78.1716	76.4165
4.1770	8.2122	0.2813	77.7108	76.4725
4.1775	8.2120	0.2781	76.8423	76.2399
4.1780	8.2136	0.2667	76.4764	76.4508
4.1785	8.2138	0.2607	75.4248	76.4081
4.1790	8.2137	0.2653	74.1810	76.1105
4.1795	8.2143	0.2528	73.4351	76.4255
4.1800	8.2145	0.2546	73.8290	76.2838
4.1805	8.2154	0.2453	74.9180	76.2868
4.1810	8.2162	0.2331	75.2742	76.1915
4.1815	8.2171	0.2316	75.5640	76.3650
4.1820	8.2156	0.2413	76.0806	76.7660
4.1825	8.2143	0.2564	76.9513	76.3404
4.1830	8.2125	0.2727	77.0927	75.8815
4.1835	8.2111	0.2868	77.1217	75.7418
4.1840	8.2115	0.2918	77.0761	75.7276
4.1845	8.2122	0.2775	76.9554	76.0499
4.1850	8.2127	0.2765	77.1482	75.8187
4.1855	8.2140	0.2597	75.9596	75.9357
4.1860	8.2137	0.2636	76.4670	76.4662
4.1865	8.2133	0.2666	77.3056	76.0943
4.1870	8.2126	0.2705	77.8210	75.8575
4.1875	8.2134	0.2688	77.7612	75.7511
4.1880	8.2143	0.2604	77.6527	75.7137
4.1885	8.2146	0.2508	77.6907	76.4429
4.1890	8.2156	0.2449	77.6299	76.4127
4.1895	8.2157	0.2397	76.7072	76.5882
4.1900	8.2151	0.2527	75.9091	76.6461
4.1905	8.2143	0.2602	73.8331	76.2323
4.1910	8.2130	0.2739	73.1684	76.0942
4.1915	8.2124	0.2807	73.8485	75.9039
4.1920	8.2123	0.2785	74.0265	75.7677
4.1925	8.2126	0.2748	74.7438	75.9550
4.1930	8.2136	0.2587	75.4917	76.2733
4.1935	8.2142	0.2560	76.1595	76.4323
4.1940	8.2140	0.2597	76.2281	76.2443
4.1945	8.2135	0.2700	76.7014	75.7800
4.1950	8.2134	0.2647	77.1281	75.8917
4.1955	8.2142	0.2573	77.7780	76.0076
4.1960	8.2140	0.2627	76.6900	75.7946
4.1965	8.2147	0.2529	76.5615	76.1245
4.1970	8.2143	0.2503	77.1054	76.4458
4.1975	8.2142	0.2561	76.4923	76.6119
4.1980	8.2148	0.2558	76.9251	76.4660
4.1985	8.2126	0.2727	77.1002	76.2011
4.1990	8.2120	0.2810	77.7200	76.4277
4.1995	8.2126	0.2741	78.1046	76.3321
4.2000	8.2130	0.2714	77.9156	76.0004
4.2005	8.2143	0.2575	77.4014	76.4252
4.2010	8.2146	0.2549	77.0266	76.4297
4.2015	8.2152	0.2488	76.8747	76.1982
4.2020	8.2149	0.2512	75.4444	76.2842
4.2025	8.2149	0.2482	72.8532	76.2651
4.2030	8.2150	0.2497	73.2313	76.4560
4.2035	8.2153	0.2472	74.1275	76.1167
4.2040	8.2156	0.2413	74.7150	75.7480
4.2045	8.2157	0.2427	74.7571	76.0418
4.2050	8.2148	0.2478	75.3808	76.2103
4.2055	8.2131	0.2699	76.4011	75.9208
4.2060	8.2127	0.2757	76.8297	75.8415
4.2065	8.2128	0.2729	76.7487	75.9101
4.2070	8.2132	0.2705	76.8279	76.3535
4.2075	8.2130	0.2659	77.6335	75.7541
4.2080	8.2145	0.2538	77.5991	75.6100
4.2085	8.2157	0.2478	76.8007	75.9197
4.2090	8.2157	0.2405	76.5574	76.2870
4.2095	8.2146	0.2481	76.4849	76.3733
4.2100	8.2147	0.2521	77.3383	76.3501
4.2105	8.2157	0.2425	77.4231	76.3584
4.2110	8.2155	0.2458	77.4044	76.5022
4.2115	8.2152	0.2422	77.7736	76.0811
4.2120	8.2160	0.2425	78.0800	75.9598
4.2125	8.2155	0.2468	77.4526	76.0400
4.2130	8.2146	0.2532	76.5212	76.1101
4.2135	8.2131	0.2693	76.0548	76.3992
4.2140	8.2131	0.2698	73.7065	76.3112
4.2145	8.2148	0.2470	73.0073	76.0991
4.2150	8.2151	0.2470	73.3189	75.9570
4.2155	8.2157	0.2436	73.9073	75.6137
4.2160	8.2154	0.2435	74.9306	75.8384
4.2165	8.2143	0.2574	75.3583	76.1187
4.2170	8.2139	0.2664	75.5652	76.1088
4.2175	8.2141	0.2555	76.1012	76.4697
4.2180	8.2150	0.2476	76.9127	76.5157
4.2185	8.2161	0.2375	77.2040	76.3910
4.2190	8.2170	0.2300	77.0385	76.3026
4.2195	8.2162	0.2351	77.2024	76.1037
4.2200	8.2144	0.2491	77.6539	76.2945
4.2205	8.2135	0.2635	77.0431	76.5406
4.2210	8.2122	0.2779	76.4089	76.4704
4.2215	8.2147	0.2567	76.5971	76.6311
4.2220	8.2158	0.2420	77.4661	76.2536
4.2225	8.2163	0.2328	78.0888	75.9991
4.2230	8.2175	0.2260	77.8698	76.0841
4.2235	8.2154	0.2399	77.8018	76.0805
4.2240	8.2151	0.2506	77.8345	76.2567
4.2245	8.2147	0.2525	77.8468	76.0595
4.2250	8.2145	0.2530	76.7568	75.9882
4.2255	8.2141	0.2542	75.2865	76.3233
4.2260	8.2141	0.2548	73.6290	75.8671
4.2265	8.2160	0.2412	73.2391	75.7619
4.2270	8.2168	0.2271	74.0661	75.6997
4.2275	8.2161	0.2383	74.0114	75.8561
4.2280	8.2147	0.2564	74.7334	76.1126
4.2285	8.2127	0.2748	75.4865	75.7158
4.2290	8.2127	0.2753	76.1314	76.0013
4.2295	8.2138	0.2647	76.2604	76.4345
4.2300	8.2151	0.2531	76.5166	76.3144
4.2305	8.2152	0.2420	77.0880	76.2764
4.2310	8.2153	0.2458	77.3943	76.0432
4.2315	8.2147	0.2458	77.4550	76.1288
4.2320	8.2147	0.2526	76.8205	76.2717
4.2325	8.2150	0.2531	75.8880	75.8788
4.2330	8.2144	0.2530	76.7224	76.2351
4.2335	8.2140	0.2599	77.1037	76.2850
4.2340	8.2150	0.2506	77.3118	76.1935
4.2345	8.2154	0.2489	77.8240	76.4423
4.2350	8.2148	0.2493	78.2008	76.0010
4.2355	8.2147	0.2532	78.1069	75.8431
4.2360	8.2131	0.2664	77.4573	75.8834
4.2365	8.2129	0.2719	77.2463	75.8894
4.2370	8.2131	0.2682	76.3617	76.2858
4.2375	8.2135	0.2610	75.1495	76.2574
4.2380	8.2144	0.2523	73.3789	76.0725
4.2385	8.2155	0.2479	73.0988	76.4740
4.2390	8.2171	0.2324	74.2370	76.1967
4.2395	8.2173	0.2286	74.5195	76.1534
4.2400	8.2167	0.2308	74.9230	76.2459
4.2405	8.2162	0.2349	75.3579	76.2969
4.2410	8.2157	0.2381	76.2715	76.6683
4.2415	8.2161	0.2381	76.7032	76.6965
4.2420	8.2165	0.2357	76.6824	76.4115
4.2425	8.2165	0.2303	76.8323	76.5873
4.2430	8.2168	0.2351	77.4768	76.0524
4.2435	8.2155	0.2413	77.5656	76.0952
4.2440	8.2145	0.2580	75.8348	76.4043
4.2445	8.2140	0.2578	75.8134	76.2532
4.2450	8.2146	0.2511	76.8049	76.2043
4.2455	8.2155	0.2396	77.5582	75.8889
4.2460	8.2161	0.2387	77.6416	75.9424
4.2465	8.2159	0.2408	77.6952	76.1450
4.2470	8.2160	0.2374	78.0043	75.5988
4.2475	8.2161	0.2407	78.1631	75.7898
4.2480	8.2157	0.2395	77.5295	76.0163
4.2485	8.2154	0.2451	76.7247	76.2415
4.2490	8.2152	0.2482	76.1545	76.2404
4.2495	8.2153	0.2520	75.4131	75.9587
4.2500	8.2153	0.2428	73.7816	76.0984
4.2505	8.2150	0.2487	73.1692	76.4759
4.2510	8.2146	0.2573	74.0771	76.1916
4.2515	8.2141	0.2551	74.7440	76.2548
4.2520	8.2141	0.2546	75.3019	76.2236
4.2525	8.2148	0.2476	75.5239	76.4222
4.2530	8.2158	0.2440	76.1831	76.2736
4.2535	8.2163	0.2372	76.6886	75.9110
4.2540	8.2169	0.2301	76.9368	76.1200
4.2545	8.2175	0.2260	76.9693	76.1370
4.2550	8.2168	0.2301	77.1707	76.1543
4.2555	8.2175	0.2198	75.5108	76.2611
4.2560	8.2176	0.2236	75.6848	75.9695
4.2565	8.2176	0.2171	76.2100	76.0654
4.2570	8.2172	0.2254	76.7891	76.0507
4.2575	8.2156	0.2431	77.4763	75.9777
4.2580	8.2140	0.2608	77.8090	76.1677
4.2585	8.2121	0.2737	77.8703	76.1094
4.2590	8.2126	0.2780	77.7669	76.3030
4.2595	8.2129	0.2715	77.8210	76.5111
4.2600	8.2125	0.2764	77.3880	76.2767
4.2605	8.2134	0.2673	76.7307	76.3321
4.2610	8.2143	0.2587	75.4537	76.5045
4.2615	8.2148	0.2523	74.2494	76.1442
4.2620	8.2148	0.2508	73.9312	76.3686
4.2625	8.2149	0.2484	73.8339	76.3620
4.2630	8.2160	0.2383	74.4095	76.2509
4.2635	8.2166	0.2357	74.9264	76.2510
4.2640	8.2171	0.2284	75.7107	76.2354
4.2645	8.2170	0.2291	76.2579	76.7008
4.2650	8.2149	0.2457	76.5424	76.5614
4.2655	8.2129	0.2641	76.7719	75.9589
4.2660	8.2119	0.2827	77.2266	75.7795
4.2665	8.2113	0.2930	77.5674	75.6952
4.2670	8.2124	0.2803	76.7242	75.9914
4.2675	8.2132	0.2655	76.9266	75.9282
4.2680	8.2140	0.2517	76.3019	75.7818
4.2685	8.2150	0.2521	76.5703	76.3566
4.2690	8.2137	0.2576	77.1307	76.2744
4.2695	8.2137	0.2629	77.2821	75.8520
4.2700	8.2133	0.2670	77.7446	75.8993
4.2705	8.2142	0.2553	78.0271	75.6292
4.2710	8.2147	0.2470	77.8405	76.2787
4.2715	8.2157	0.2416	77.3693	76.4951
4.2720	8.2167	0.2360	76.7703	76.5146
4.2725	8.2159	0.2378	76.5388	76.7213
4.2730	8.2136	0.2618	74.5970	76.3539
4.2735	8.2127	0.2791	72.7283	76.1318
4.2740	8.2120	0.2789	73.5220	76.0020
4.2745	8.2127	0.2790	74.2164	75.7582
4.2750	8.2134	0.2687	74.8292	75.8620
4.2755	8.2148	0.2504	74.9646	76.1806
4.2760	8.2154	0.2394	75.6971	76.4074
4.2765	8.2147	0.2500	76.4176	76.3397
4.2770	8.2145	0.2595	76.8822	75.9125
4.2775	8.2144	0.2501	76.7253	75.8154
4.2780	8.2152	0.2489	77.2588	76.0987
4.2785	8.2153	0.2493	77.2777	75.8405
4.2790	8.2149	0.2524	76.6928	76.0006
4.2795	8.2151	0.2506	77.1090	76.3877
4.2800	8.2146	0.2540	76.0952	76.5706
4.2805	8.2142	0.2540	76.7763	76.5252
4.2810	8.2139	0.2623	77.4627	76.2301
4.2815	8.2132	0.2649	77.5325	76.2966
4.2820	8.2140	0.2628	77.5999	76.4151
4.2825	8.2144	0.2587	77.9267	76.0269
4.2830	8.2153	0.2416	77.8976	76.3015
4.2835	8.2162	0.2376	77.2708	76.5523
4.2840	8.2163	0.2379	76.4254	76.2767
4.2845	8.2159	0.2398	75.9276	76.3447
4.2850	8.2155	0.2397	73.7438	76.2807
4.2855	8.2154	0.2395	73.1537	76.4583
4.2860	8.2164	0.2387	73.5518	76.2860
4.2865	8.2159	0.2347	74.2555	75.7867
4.2870	8.2160	0.2374	75.0446	75.8654
4.2875	8.2156	0.2495	75.4628	76.2275
4.2880	8.2142	0.2561	75.7746	75.9768
4.2885	8.2132	0.2642	76.3428	75.8945
4.2890	8.2131	0.2685	77.0880	75.8292
4.2895	8.2137	0.2619	77.1957	76.3710
4.2900	8.2135	0.2649	77.1936	76.0031
4.2905	8.2139	0.2576	77.2537	75.6018
4.2910	8.2148	0.2486	77.0760	75.8666
4.2915	8.2150	0.2499	77.1493	76.2265
4.2920	8.2151	0.2451	76.2778	76.3694
4.2925	8.2150	0.2481	76.5268	76.3596
4.2930	8.2152	0.2533	77.5103	76.2814
4.2935	8.2150	0.2500	77.8933	76.4462
4.2940	8.2147	0.2521	77.8069	76.2492
4.2945	8.2144	0.2564	77.4426	75.9688
4.2950	8.2141	0.2531	77.5332	76.0874
4.2955	8.2141	0.2580	77.1089	76.0804
4.2960	8.2129	0.2703	76.5716	76.3796
4.2965	8.2123	0.2759	73.9784	76.4245
4.2970	8.2134	0.2663	72.5952	76.1462
4.2975	8.2144	0.2543	73.6724	76.0693
4.2980	8.2149	0.2496	73.9767	75.7137
4.2985	8.2151	0.2519	74.2874	75.7411
4.2990	8.2145	0.2541	74.9009	76.0580
4.2995	8.2137	0.2612	75.8311	76.0919
4.3000	8.2139	0.2602	76.1826	76.3796
4.3005	8.2148	0.2541	76.4183	76.5957
4.3010	8.2161	0.2346	76.7879	76.4122
4.3015	8.2168	0.2294	77.4925	76.3857
4.3020	8.2167	0.2310	77.5152	76.1208
4.3025	8.2147	0.2478	77.2246	76.2486
4.3030	8.2141	0.2629	76.7310	76.5260
4.3035	8.2128	0.2722	76.7859	76.4721
4.3040	8.2138	0.2658	77.0247	76.5835
4.3045	8.2157	0.2392	76.9892	76.4683
4.3050	8.2163	0.2336	77.2720	76.0053
4.3055	8.2171	0.2269	78.0408	76.1196
4.3060	8.2161	0.2353	78.4272	76.0707
4.3065	8.2147	0.2566	77.7980	76.2598
4.3070	8.2146	0.2516	77.1794	76.1885
4.3075	8.2142	0.2555	77.0779	75.9484
4.3080	8.2143	0.2581	76.2640	76.2364
4.3085	8.2147	0.2540	74.4402	76.0648
4.3090	8.2156	0.2430	72.5092	75.6966
4.3095	8.2168	0.2282	73.5764	75.8139
4.3100	8.2172	0.2281	74.4314	75.8448
4.3105	8.2150	0.2432	74.8137	76.1990
4.3110	8.2140	0.2649	74.8451	75.8562
4.3115	8.2133	0.2650	75.5622	75.8422
4.3120	8.2146	0.2517	76.5410	76.2573
4.3125	8.2154	0.2434	76.8467	76.3604
4.3130	8.2156	0.2455	76.6103	76.2622
4.3135	8.2161	0.2379	76.9175	76.1644
4.3140	8.2157	0.2390	77.6007	76.0398
4.3145	8.2155	0.2433	77.5429	76.3447
4.3150	8.2158	0.2476	75.8040	75.9900
4.3155	8.2156	0.2419	75.9683	76.1243
4.3160	8.2162	0.2397	77.1631	76.2996
4.3165	8.2162	0.2337	77.6880	76.0986
4.3170	8.2171	0.2286	77.6422	76.4134
4.3175	8.2166	0.2304	77.5512	76.1699
4.3180	8.2161	0.2422	78.1467	75.8731
4.3185	8.2153	0.2468	78.1507	75.9017
4.3190	8.2142	0.2578	77.4098	75.8482
4.3195	8.2143	0.2594	76.2838	76.1777
4.3200	8.2140	0.2568	75.3274	76.4062
4.3205	8.2154	0.2497	74.3646	76.0559
4.3210	8.2165	0.2387	72.9992	76.4075
4.3215	8.2165	0.2326	73.5139	76.3216
4.3220	8.2168	0.2285	74.2180	76.1166
4.3225	8.2163	0.2334	75.2339	76.2396
4.3230	8.2161	0.2343	75.4819	76.2927
4.3235	8.2162	0.2368	75.6130	76.5532
4.3240	8.2168	0.2335	76.2291	76.7885
4.3245	8.2171	0.2261	76.9885	76.4208
4.3250	8.2171	0.2321	77.2054	76.5832
4.3255	8.2169	0.2296	76.9299	76.2033
4.3260	8.2161	0.2380	77.2364	75.9825
4.3265	8.2155	0.2513	76.5427	76.3875
4.3270	8.2148	0.2544	76.1223	76.3394
4.3275	8.2147	0.2505	76.4333	76.2747
4.3280	8.2157	0.2442	76.7151	76.0417
4.3285	8.2158	0.2434	77.6484	75.8686
4.3290	8.2148	0.2528	78.1541	76.2264
4.3295	8.2144	0.2587	77.9602	75.7092
4.3300	8.2143	0.2564	77.5800	75.6875
4.3305	8.2146	0.2519	77.6856	75.9556
4.3310	8.2144	0.2515	77.4703	76.1394
4.3315	8.2153	0.2524	76.5315	76.2498
4.3320	8.2154	0.2475	75.0708	76.0384
4.3325	8.2160	0.2378	74.0126	75.9535
4.3330	8.2163	0.2367	73.5565	76.4429
4.3335	8.2154	0.2439	74.1481	76.2397
4.3340	8.2147	0.2583	74.0804	76.2279
4.3345	8.2151	0.2495	74.8413	76.2599
4.3350	8.2151	0.2470	75.7283	76.3801
4.3355	8.2161	0.2405	76.3656	76.4024
4.3360	8.2168	0.2327	76.1518	75.9849
4.3365	8.2165	0.2304	76.5078	76.0099
4.3370	8.2170	0.2282	77.1184	76.0978
4.3375	8.2163	0.2372	77.7771	76.0704
4.3380	8.2169	0.2351	75.7057	76.2843
4.3385	8.2166	0.2255	74.9259	76.0327
4.3390	8.2172	0.2278	76.2896	76.0235
4.3395	8.2172	0.2291	77.0123	76.0817
4.3400	8.2149	0.2471	77.1627	75.9623
4.3405	8.2136	0.2602	77.1968	76.1440
4.3410	8.2126	0.2706	77.9990	76.1595
4.3415	8.2121	0.2759	78.2786	76.2080
4.3420	8.2125	0.2800	77.8614	76.4942
4.3425	8.2120	0.2888	77.0540	76.3429
4.3430	8.2116	0.2830	76.8364	76.2578
4.3435	8.2124	0.2770	76.4525	76.5474
4.3440	8.2123	0.2747	74.6405	76.2289
4.3445	8.2129	0.2783	73.5367	76.2497
4.3450	8.2137	0.2646	73.5796	76.4510
4.3455	8.2138	0.2606	74.6659	76.2459
4.3460	8.2152	0.2494	75.0500	76.2785
4.3465	8.2162	0.2426	75.0133	76.1583
4.3470	8.2161	0.2355	75.7159	76.5549
4.3475	8.2148	0.2444	76.7702	76.6711
4.3480	8.2138	0.2643	77.1720	76.0669
4.3485	8.2121	0.2815	76.6869	75.8065
4.3490	8.2110	0.2930	77.1609	75.7038
4.3495	8.2124	0.2818	77.1605	75.9146
4.3500	8.2123	0.2754	77.2657	76.0405
4.3505	8.2131	0.2732	76.3838	75.7617
4.3510	8.2132	0.2679	75.7296	76.1706
4.3515	8.2134	0.2682	77.1759	76.4022
4.3520	8.2128	0.2732	77.7125	75.8845
4.3525	8.2122	0.2772	77.6129	75.8595
4.3530	8.2130	0.2679	77.4287	75.5992
4.3535	8.2138	0.2621	77.9122	76.0110
4.3540	8.2147	0.2528	77.9976	76.5170
4.3545	8.2152	0.2478	77.0469	76.4470
4.3550	8.2160	0.2467	76.1421	76.7232
4.3555	8.2142	0.2610	75.3527	76.5023
4.3560	8.2128	0.2748	73.4736	76.1476
4.3565	8.2119	0.2791	73.4183	76.0517
4.3570	8.2122	0.2870	73.5874	75.7881
4.3575	8.2119	0.2850	74.4066	75.7943
4.3580	8.2122	0.2763	75.3204	76.0897
4.3585	8.2138	0.2608	75.7043	76.3686
4.3590	8.2142	0.2596	75.8899	76.4136
4.3595	8.2130	0.2673	76.4771	76.0565
4.3600	8.2129	0.2729	77.1887	75.7288
4.3605	8.2133	0.2633	77.3707	76.0428
4.3610	8.2138	0.2623	77.2169	75.9063
4.3615	8.2141	0.2575	76.2308	75.8784
4.3620	8.2142	0.2548	77.4117	76.2709
4.3625	8.2141	0.2558	76.8541	76.5162
4.3630	8.2140	0.2576	76.2481	76.5592
4.3635	8.2137	0.2644	76.9443	76.3123
4.3640	8.2119	0.2809	77.5918	76.2094
4.3645	8.2117	0.2812	78.0771	76.4806
4.3650	8.2123	0.2800	77.8278	76.1420
4.3655	8.2133	0.2634	77.4891	76.1422
4.3660	8.2142	0.2617	77.4643	76.5529
4.3665	8.2147	0.2584	77.0064	76.3107
4.3670	8.2150	0.2545	76.3936	76.2917
4.3675	8.2146	0.2552	74.0699	76.2524
4.3680	8.2145	0.2517	72.9128	76.3517
4.3685	8.2148	0.2472	73.8639	76.3900
4.3690	8.2147	0.2475	74.1424	75.8897
4.3695	8.2153	0.2520	74.4914	75.7257
4.3700	8.2150	0.2540	75.0628	76.2071
4.3705	8.2142	0.2630	76.0244	76.0803
4.3710	8.2127	0.2724	76.5100	75.9345
4.3715	8.2126	0.2651	76.5394	75.7702
4.3720	8.2132	0.2679	76.7868	76.1609
4.3725	8.2135	0.2649	77.4184	76.1879
4.3730	8.2135	0.2649	77.7359	75.5402
4.3735	8.2147	0.2517	76.9068	75.7267
4.3740	8.2153	0.2451	76.6811	76.1250
4.3745	8.2149	0.2526	76.6670	76.3651
4.3750	8.2149	0.2560	76.8567	76.3907
4.3755	8.2142	0.2579	77.2442	76.3233
4.3760	8.2148	0.2497	77.2324	76.4769
4.3765	8.2143	0.2528	77.8533	76.3687
4.3770	8.2149	0.2529	77.9969	75.9448
4.3775	8.2148	0.2512	77.7259	76.0065
4.3780	8.2141	0.2576	76.7875	76.0673
4.3785	8.2132	0.2648	76.7105	76.2438
4.3790	8.2125	0.2766	75.3898	76.4591
4.3795	8.2143	0.2591	72.7791	76.1741
4.3800	8.2151	0.2471	72.9736	76.0675
4.3805	8.2155	0.2461	73.6783	75.7775
4.3810	8.2158	0.2452	74.5621	75.6297
4.3815	8.2153	0.2461	74.9201	75.9837
4.3820	8.2142	0.2574	75.2067	76.1283
4.3825	8.2133	0.2711	75.8935	76.2234
4.3830	8.2137	0.2623	76.7665	76.5840
4.3835	8.2145	0.2594	76.8906	76.4146
4.3840	8.2155	0.2461	76.9089	76.4033
4.3845	8.2157	0.2387	77.1680	76.2061
4.3850	8.2150	0.2458	77.7379	76.1498
4.3855	8.2135	0.2588	77.3989	76.4371
4.3860	8.2124	0.2730	76.4252	76.4559
4.3865	8.2124	0.2769	76.4715	76.4827
4.3870	8.2143	0.2581	77.2271	76.5639
4.3875	8.2146	0.2515	77.7018	76.0527
4.3880	8.2156	0.2471	77.7328	76.0905
4.3885	8.2153	0.2472	77.7789	76.0965
4.3890	8.2148	0.2528	78.1461	76.2310
4.3895	8.2142	0.2594	77.8808	76.2368
4.3900	8.2149	0.2521	77.2247	75.9577
4.3905	8.2149	0.2502	76.0459	76.0892
4.3910	8.2148	0.2532	75.0078	76.1716
4.3915	8.2151	0.2461	73.2246	75.6428
4.3920	8.2167	0.2360	73.3151	75.7661
4.3925	8.2164	0.2302	73.7710	75.6567
4.3930	8.2153	0.2415	74.4777	76.0789
4.3935	8.2137	0.2648	75.3101	76.0435
4.3940	8.2125	0.2719	75.6441	75.8050
4.3945	8.2132	0.2676	75.9016	76.2730
4.3950	8.2140	0.2569	76.4198	76.4634
4.3955	8.2148	0.2505	76.9601	76.2536
4.3960	8.2162	0.2396	77.2421	76.1965
4.3965	8.2160	0.2369	77.1305	75.9077
4.3970	8.2155	0.2404	77.3832	76.2398
4.3975	8.2154	0.2449	76.5986	76.0448
4.3980	8.2154	0.2471	76.1642	75.9368
4.3985	8.2145	0.2556	76.6619	76.3672
4.3990	8.2149	0.2539	77.0658	76.2626
4.3995	8.2162	0.2385	77.8096	76.3855
4.4000	8.2164	0.2379	78.1059	76.3691
4.4005	8.2156	0.2422	77.9484	75.8688
4.4010	8.2146	0.2533	77.7367	75.8706
4.4015	8.2140	0.2584	77.6166	75.8213
4.4020	8.2138	0.2585	77.2515	75.9820
4.4025	8.2140	0.2552	75.6223	76.3610
4.4030	8.2151	0.2517	74.3618	76.1024
4.4035	8.2163	0.2405	73.0816	76.2460
4.4040	8.2168	0.2295	73.7907	76.4552
4.4045	8.2175	0.2230	74.2887	76.1529
4.4050	8.2169	0.2300	74.4788	76.2529
4.4055	8.2164	0.2344	75.2040	76.2712
4.4060	8.2164	0.2351	75.9665	76.4375
4.4065	8.2166	0.2354	76.4078	76.7859
4.4070	8.2172	0.2283	76.3886	76.4624
4.4075	8.2177	0.2209	76.8200	76.4646
4.4080	8.2173	0.2175	77.3326	76.3582
4.4085	8.2168	0.2273	77.7221	75.9203
4.4090	8.2154	0.2350	76.6272	76.2748
4.4095	8.2154	0.2443	75.5424	76.3855
4.4100	8.2156	0.2428	76.5999	76.2500
4.4105	8.2158	0.2436	77.1137	76.1505
4.4110	8.2165	0.2355	77.3725	75.8086
4.4115	8.2163	0.2365	77.5057	76.1482
4.4120	8.2161	0.2440	78.1333	75.8826
4.4125	8.2154	0.2414	78.2459	75.5526
4.4130	8.2152	0.2441	77.7690	75.8857
4.4135	8.2158	0.2436	77.0557	76.0897
4.4140	8.2155	0.2390	76.7492	76.2353
4.4145	8.2150	0.2472	76.0075	76.1473
4.4150	8.2157	0.2438	74.6360	75.9220
4.4155	8.2157	0.2443	73.0335	76.3382
4.4160	8.2148	0.2480	73.7421	76.3728
4.4165	8.2145	0.2539	74.5965	76.1960
4.4170	8.2143	0.2505	74.9398	76.2492
4.4175	8.2148	0.2520	75.0554	76.2660
4.4180	8.2156	0.2458	75.8169	76.4124
4.4185	8.2158	0.2351	76.6721	76.0441
4.4190	8.2167	0.2309	76.9237	75.9144
4.4195	8.2173	0.2225	76.5269	76.0998
4.4200	8.2172	0.2253	77.2219	76.0535
4.4205	8.2175	0.2188	76.8649	76.2458
4.4210	8.2183	0.2154	75.3856	76.1488
4.4215	8.2181	0.2152	75.7151	75.9799
4.4220	8.2177	0.2188	76.1573	76.1232
4.4225	8.2167	0.2322	77.4001	76.0200
4.4230	8.2148	0.2447	77.8429	76.0245
4.4235	8.2137	0.2667	77.6828	76.1095
4.4240	8.2133	0.2711	77.5691	76.0828
4.4245	8.2134	0.2745	78.0103	76.3963
4.4250	8.2133	0.2726	77.9887	76.3970
4.4255	8.2133	0.2671	76.9669	76.1972
4.4260	8.2143	0.2549	76.0446	76.4682
4.4265	8.2143	0.2559	74.9732	76.3732
4.4270	8.2154	0.2536	74.3984	76.1212
4.4275	8.2143	0.2494	73.7428	76.4462
4.4280	8.2139	0.2537	73.7109	76.2751
4.4285	8.2155	0.2416	74.6650	76.2871
4.4290	8.2166	0.2341	75.5363	76.1786
4.4295	8.2169	0.2331	75.9816	76.3946
4.4300	8.2158	0.2340	75.9957	76.7154
4.4305	8.2143	0.2551	76.6469	76.2126
4.4310	8.2129	0.2706	77.2324	75.7990
4.4315	8.2112	0.2848	77.6418	75.6841
4.4320	8.2116	0.2866	76.9236	75.7776
4.4325	8.2131	0.2644	76.5267	76.0641
4.4330	8.2137	0.2592	77.0465	75.8243
4.4335	8.2147	0.2511	76.3461	76.0096
4.4340	8.2150	0.2517	76.6671	76.4646
4.4345	8.2145	0.2570	76.9269	76.0073
4.4350	8.2134	0.2611	77.7666	75.8181
4.4355	8.2135	0.2629	78.1559	75.6799
4.4360	8.2141	0.2578	77.8027	75.7748
4.4365	8.2154	0.2490	77.2891	76.4542
4.4370	8.2163	0.2321	77.3322	76.3860
4.4375	8.2163	0.2349	77.0203	76.6382
4.4380	8.2149	0.2487	75.9446	76.6189
4.4385	8.2137	0.2629	73.2140	76.2226
4.4390	8.2125	0.2742	73.0504	76.0765
4.4395	8.2126	0.2766	74.1797	75.8758
4.4400	8.2126	0.2720	74.3772	75.7594
4.4405	8.2131	0.2679	74.5593	75.9768
4.4410	8.2151	0.2564	75.2468	76.2944
4.4415	8.2148	0.2475	76.4207	76.3914
4.4420	8.2142	0.2518	76.6425	76.1762
4.4425	8.2136	0.2595	76.5430	75.7199
4.4430	8.2147	0.2553	76.7662	75.9133
4.4435	8.2151	0.2484	77.8855	75.9916
4.4440	8.2153	0.2453	76.9266	75.8308
4.4445	8.2153	0.2431	76.6096	76.1675
4.4450	8.2148	0.2460	76.5668	76.4845
4.4455	8.2146	0.2502	76.5135	76.5860
4.4460	8.2146	0.2564	77.3846	76.4138
4.4465	8.2133	0.2694	77.1400	76.1713
4.4470	8.2132	0.2642	77.3388	76.3980
4.4475	8.2131	0.2660	78.0493	76.2727
4.4480	8.2140	0.2579	78.2489	76.0198
4.4485	8.2153	0.2465	77.4364	76.4651
4.4490	8.2155	0.2453	76.5267	76.4018
4.4495	8.2161	0.2408	76.6554	76.2715
4.4500	8.2147	0.2427	75.4912	76.3010
4.4505	8.2155	0.2435	72.9810	76.2996
4.4510	8.2157	0.2388	73.0166	76.4630
4.4515	8.2160	0.2347	73.8881	76.0654
4.4520	8.2161	0.2375	75.0308	75.6765
4.4525	8.2164	0.2272	75.1160	76.0538
4.4530	8.2156	0.2417	75.2235	76.1564
4.4535	8.2139	0.2620	76.1002	75.9132
4.4540	8.2133	0.2700	77.0428	75.8088
4.4545	8.2135	0.2669	77.1263	75.9730
4.4550	8.2138	0.2674	76.7717	76.3855
4.4555	8.2137	0.2667	77.2564	75.6915
4.4560	8.2138	0.2609	77.5273	75.6418
4.4565	8.2147	0.2540	77.1750	76.0166
4.4570	8.2155	0.2428	76.4807	76.3170
4.4575	8.2155	0.2462	76.1069	76.3590
4.4580	8.2149	0.2478	77.3852	76.3100
4.4585	8.2145	0.2553	77.8515	76.3406
4.4590	8.2144	0.2548	77.5454	76.4255
4.4595	8.2139	0.2625	77.3365	75.9969
4.4600	8.2140	0.2628	77.8661	75.9525
4.4605	8.2142	0.2607	77.6963	76.1187
4.4610	8.2135	0.2629	76.7413	76.1553
4.4615	8.2122	0.2745	75.4719	76.4800
4.4620	8.2132	0.2761	73.1157	76.2840
4.4625	8.2137	0.2602	73.3254	76.0789
4.4630	8.2144	0.2576	73.6767	75.9134
4.4635	8.2149	0.2502	73.7760	75.5745
4.4640	8.2151	0.2496	74.5511	75.8402
4.4645	8.2137	0.2636	75.5851	76.1025
4.4650	8.2136	0.2667	75.9999	76.1114
4.4655	8.2142	0.2619	76.0143	76.5698
4.4660	8.2152	0.2492	76.5776	76.5350
4.4665	8.2164	0.2337	77.3140	76.4076
4.4670	8.2168	0.2282	77.3573	76.2598
4.4675	8.2170	0.2295	77.1412	76.0821
4.4680	8.2145	0.2486	77.2396	76.3245
4.4685	8.2142	0.2611	77.0903	76.5235
4.4690	8.2141	0.2622	76.8154	76.4675
4.4695	8.2157	0.2443	76.5355	76.6306
4.4700	8.2165	0.2332	77.0216	76.2082
4.4705	8.2166	0.2310	78.0841	76.0354
4.4710	8.2173	0.2198	78.3203	76.1173
4.4715	8.2160	0.2333	77.8611	76.1425
4.4720	8.2154	0.2444	77.3111	76.2840
4.4725	8.2152	0.2475	77.6184	76.0691
4.4730	8.2152	0.2455	77.0646	76.0046
4.4735	8.2152	0.2428	75.3340	76.2802
4.4740	8.2155	0.2399	72.9579	75.7763
4.4745	8.2166	0.2293	72.9977	75.7697
4.4750	8.2172	0.2220	74.3886	75.7503
4.4755	8.2168	0.2323	74.4376	75.9879
4.4760	8.2150	0.2487	74.5262	76.1521
4.4765	8.2136	0.2660	75.1819	75.7949
4.4770	8.2138	0.2626	76.3830	75.9873
4.4775	8.2149	0.2507	76.6558	76.3986
4.4780	8.2148	0.2472	76.3284	76.2793
4.4785	8.2164	0.2313	76.6725	76.2370
4.4790	8.2169	0.2264	77.5389	75.9747
4.4795	8.2171	0.2286	77.8656	76.1514
4.4800	8.2164	0.2301	76.5509	76.2262
4.4805	8.2164	0.2325	75.5056	75.9068
4.4810	8.2166	0.2334	76.8261	76.3072
4.4815	8.2167	0.2375	77.4877	76.3163
4.4820	8.2175	0.2214	77.3165	76.2696
4.4825	8.2180	0.2124	77.4432	76.4674
4.4830	8.2172	0.2243	78.1462	75.9580
4.4835	8.2160	0.2372	78.4494	75.8425
4.4840	8.2147	0.2488	77.4839	75.8504
4.4845	8.2142	0.2516	76.7985	75.9013
4.4850	8.2143	0.2543	76.0795	76.3348
4.4855	8.2149	0.2492	75.3176	76.2225
4.4860	8.2157	0.2397	73.3124	76.1710
4.4865	8.2164	0.2349	72.8311	76.5148
4.4870	8.2174	0.2223	74.0815	76.2166
4.4875	8.2175	0.2195	74.8812	76.1828
4.4880	8.2174	0.2276	75.1828	76.2282
4.4885	8.2174	0.2263	75.0801	76.3261
4.4890	8.2166	0.2301	76.0203	76.5751
4.4895	8.2171	0.2290	76.9210	76.5779
4.4900	8.2173	0.2238	76.9935	76.4081
4.4905	8.2175	0.2180	76.6582	76.5204
4.4910	8.2168	0.2279	77.1589	75.9871
4.4915	8.2153	0.2435	77.6087	76.1627
4.4920	8.2146	0.2554	76.1249	76.4371
4.4925	8.2144	0.2537	75.7892	76.3051
4.4930	8.2153	0.2473	76.4064	76.2586
4.4935	8.2157	0.2354	77.5511	75.8686
4.4940	8.2164	0.2375	78.0092	76.0158
4.4945	8.2147	0.2506	77.8328	76.0773
4.4950	8.2147	0.2480	77.6283	75.5453
4.4955	8.2151	0.2493	77.9610	75.7758
4.4960	8.2157	0.2468	77.7721	75.9964
4.4965	8.2161	0.2387	76.8555	76.2258
4.4970	8.2158	0.2367	75.7157	76.2133
4.4975	8.2161	0.2347	74.9520	75.9398
4.4980	8.2169	0.2340	73.8923	76.1969
4.4985	8.2162	0.2352	73.5455	76.4905
4.4990	8.2155	0.2484	73.8904	76.1970
4.4995	8.2152	0.2449	74.4702	76.2738
4.5000	8.2154	0.2452	75.4839	76.2717
4.5005	8.2164	0.2421	75.8978	76.4210
4.5010	8.2168	0.2290	76.0016	76.2008
4.5015	8.2163	0.2299	76.3938	75.8904
4.5020	8.2171	0.2249	77.0678	76.0747
4.5025	8.2180	0.2215	77.3866	76.0190
4.5030	8.2172	0.2268	76.9451	76.1843
4.5035	8.2177	0.2180	74.9628	76.2615
4.5040	8.2182	0.2193	75.7664	75.9877
4.5045	8.2185	0.2149	76.6210	76.0897
4.5050	8.2177	0.2210	76.8299	76.0398
4.5055	8.2163	0.2402	77.0864	75.9744
4.5060	8.2140	0.2558	77.8293	76.1215
4.5065	8.2129	0.2703	78.2324	76.1059
4.5070	8.2137	0.2697	77.7976	76.3203
4.5075	8.2131	0.2688	77.3933	76.4893
4.5080	8.2130	0.2720	77.2048	76.2614
4.5085	8.2130	0.2699	77.0310	76.3977
4.5090	8.2137	0.2582	75.4358	76.5094
4.5095	8.2140	0.2598	73.8643	76.1180
4.5100	8.2146	0.2561	73.7078	76.3792
4.5105	8.2154	0.2452	74.1326	76.3233
4.5110	8.2169	0.2340	74.6329	76.2253
4.5115	8.2179	0.2233	74.6257	76.1683
4.5120	8.2180	0.2177	75.5258	76.2134
4.5125	8.2168	0.2260	76.5317	76.6970
4.5130	8.2154	0.2458	76.8286	76.4724
4.5135	8.2136	0.2640	76.5736	75.9660
4.5140	8.2119	0.2844	76.9554	75.8304
4.5145	8.2117	0.2829	77.6406	75.7743
4.5150	8.2129	0.2722	77.0100	76.0601
4.5155	8.2135	0.2632	76.7479	75.9078
4.5160	8.2142	0.2469	75.8940	75.8029
4.5165	8.2148	0.2502	76.6782	76.3118
4.5170	8.2149	0.2552	77.4497	76.1300
4.5175	8.2147	0.2561	77.3544	75.7718
4.5180	8.2146	0.2530	77.4289	75.7738
4.5185	8.2152	0.2467	77.9465	75.6298
4.5190	8.2150	0.2423	78.0642	76.3796
4.5195	8.2162	0.2437	77.3828	76.5347
4.5200	8.2165	0.2340	76.4576	76.6169
4.5205	8.2152	0.2392	76.3616	76.7532
4.5210	8.2134	0.2618	74.6423	76.3393
4.5215	8.2122	0.2797	72.8775	76.0970
4.5220	8.2121	0.2790	73.3392	75.9026
4.5225	8.2125	0.2737	74.0609	75.6945
4.5230	8.2133	0.2646	75.0487	75.8021
4.5235	8.2147	0.2526	75.2053	76.1570
4.5240	8.2157	0.2444	75.5843	76.3807
4.5245	8.2158	0.2445	76.2533	76.3195
4.5250	8.2150	0.2492	77.0773	75.8907
4.5255	8.2157	0.2432	76.9419	75.8570
4.5260	8.2161	0.2375	77.1608	76.0976
4.5265	8.2160	0.2402	76.9373	75.8439
4.5270	8.2158	0.2416	76.8684	75.9974
4.5275	8.2156	0.2425	77.3099	76.3583
4.5280	8.2147	0.2490	75.9643	76.5607
4.5285	8.2142	0.2550	76.6090	76.4587
4.5290	8.2135	0.2686	77.5402	76.1685
4.5295	8.2125	0.2759	77.8199	76.3209
4.5300	8.2126	0.2702	77.5451	76.3959
4.5305	8.2140	0.2645	77.6185	76.0688
4.5310	8.2149	0.2505	77.8650	76.3959
4.5315	8.2155	0.2453	77.4882	76.5078
4.5320	8.2156	0.2437	76.4593	76.2725
4.5325	8.2161	0.2425	75.5540	76.3012
4.5330	8.2156	0.2390	73.4781	76.2351
4.5335	8.2155	0.2461	73.3588	76.4066
4.5340	8.2154	0.2429	73.7318	76.2118
4.5345	8.2155	0.2408	74.1333	75.6945
4.5350	8.2157	0.2351	74.9234	75.8936
4.5355	8.2150	0.2504	75.6941	76.2585
4.5360	8.2138	0.2581	75.9920	76.0028
4.5365	8.2132	0.2703	76.1909	75.9000
4.5370	8.2132	0.2705	76.8016	75.8203
4.5375	8.2137	0.2637	77.3064	76.3706
4.5380	8.2141	0.2591	77.4900	75.8712
4.5385	8.2152	0.2478	77.0931	75.4948
4.5390	8.2164	0.2331	76.7800	75.8374
4.5395	8.2168	0.2253	77.1496	76.2205
4.5400	8.2164	0.2364	76.5581	76.3827
4.5405	8.2165	0.2306	76.6569	76.3606
4.5410	8.2162	0.2369	77.1490	76.3369
4.5415	8.2162	0.2376	77.7759	76.5399
4.5420	8.2162	0.2328	78.0733	76.1978
4.5425	8.2167	0.2298	77.5897	75.9174
4.5430	8.2164	0.2326	77.2868	76.0514
4.5435	8.2153	0.2410	76.9347	76.0629
4.5440	8.2142	0.2641	76.6793	76.3112
4.5445	8.2131	0.2678	73.9085	76.3609
4.5450	8.2151	0.2517	72.4462	76.0551
4.5455	8.2159	0.2415	73.5011	75.9810
4.5460	8.2159	0.2396	74.1837	75.6307
4.5465	8.2161	0.2347	74.5504	75.7042
4.5470	8.2143	0.2561	74.7841	76.1006
4.5475	8.2131	0.2646	75.6504	76.0853
4.5480	8.2136	0.2653	76.4016	76.4417
4.5485	8.2146	0.2558	76.7048	76.6050
4.5490	8.2163	0.2445	76.5757	76.3439
4.5495	8.2170	0.2278	77.0877	76.3091
4.5500	8.2171	0.2282	77.7036	76.0294
4.5505	8.2158	0.2445	77.6977	76.1929
4.5510	8.2141	0.2585	76.6241	76.4475
4.5515	8.2130	0.2735	76.2747	76.4856
4.5520	8.2131	0.2654	77.0077	76.6160
4.5525	8.2147	0.2543	77.4925	76.4421
4.5530	8.2145	0.2542	77.4438	76.0481
4.5535	8.2154	0.2400	77.5685	76.1442
4.5540	8.2146	0.2523	78.2489	76.0976
4.5545	8.2139	0.2590	78.2361	76.2333
4.5550	8.2137	0.2563	77.4303	76.0690
4.5555	8.2143	0.2589	76.5383	75.8759
4.5560	8.2140	0.2613	75.9432	76.1873
4.5565	8.2137	0.2632	74.5552	75.9287
4.5570	8.2148	0.2535	72.7573	75.6739
4.5575	8.2165	0.2293	73.4043	75.8099
4.5580	8.2164	0.2353	74.1287	75.8142
4.5585	8.2148	0.2471	75.1163	76.2037
4.5590	8.2128	0.2722	75.2174	75.9120
4.5595	8.2123	0.2753	75.3887	75.9136
4.5600	8.2131	0.2681	76.1587	76.4162
4.5605	8.2144	0.2578	77.0278	76.2867
4.5610	8.2152	0.2471	77.0592	76.1867
4.5615	8.2164	0.2363	76.8284	76.0196
4.5620	8.2160	0.2390	77.1847	75.9723
4.5625	8.2156	0.2356	77.5034	76.3310
4.5630	8.2157	0.2437	76.1967	75.9567
4.5635	8.2158	0.2357	76.0655	76.1912
4.5640	8.2154	0.2455	76.7273	76.4283
4.5645	8.2161	0.2365	77.5956	76.2132
4.5650	8.2171	0.2256	78.0657	76.4522
4.5655	8.2166	0.2333	77.7494	76.0648
4.5660	8.2158	0.2409	77.7853	75.7853
4.5665	8.2147	0.2457	77.8895	75.8137
4.5670	8.2143	0.2590	77.7161	75.7727
4.5675	8.2139	0.2600	76.3970	76.1768
4.5680	8.2141	0.2612	74.9890	76.3382
4.5685	8.2154	0.2460	73.9729	76.1006
4.5690	8.2161	0.2360	73.3583	76.4563
4.5695	8.2163	0.2340	73.9026	76.3264
4.5700	8.2168	0.2245	73.9430	76.1501
4.5705	8.2161	0.2373	74.9363	76.1880
4.5710	8.2165	0.2349	75.6814	76.2294
4.5715	8.2167	0.2307	76.0652	76.4987
4.5720	8.2168	0.2317	76.1768	76.6527
4.5725	8.2184	0.2160	76.6085	76.3656
4.5730	8.2180	0.2124	77.2608	76.5432
4.5735	8.2179	0.2198	77.3404	76.1569
4.5740	8.2162	0.2369	77.2730	76.0127
4.5745	8.2154	0.2452	76.0687	76.4205
4.5750	8.2152	0.2457	76.0598	76.3318
4.5755	8.2154	0.2472	76.8568	76.2533
4.5760	8.2162	0.2372	76.9133	75.9612
4.5765	8.2168	0.2278	77.3688	75.7894
4.5770	8.2162	0.2326	78.0213	76.1465
4.5775	8.2165	0.2342	78.2322	75.5971
4.5780	8.2162	0.2339	77.8013	75.6604
4.5785	8.2160	0.2360	77.3479	75.9612
4.5790	8.2160	0.2301	77.1757	76.1584
4.5795	8.2161	0.2338	76.7211	76.2614
4.5800	8.2167	0.2373	75.2620	76.0220
4.5805	8.2166	0.2322	73.7079	75.9817
4.5810	8.2163	0.2366	73.2146	76.4548
4.5815	8.2153	0.2422	74.3104	76.2102
4.5820	8.2150	0.2489	74.4752	76.2208
4.5825	8.2150	0.2440	74.7420	76.2499
4.5830	8.2158	0.2391	75.4451	76.3400
4.5835	8.2166	0.2381	76.4647	76.3202
4.5840	8.2173	0.2257	76.5112	75.9113
4.5845	8.2181	0.2222	76.5269	75.9131
4.5850	8.2180	0.2157	76.7608	76.0049
4.5855	8.2180	0.2149	77.7396	76.0672
4.5860	8.2188	0.2084	75.9368	76.2592
4.5865	8.2191	0.2053	75.0541	76.0035
4.5870	8.2196	0.2019	76.0044	75.9910
4.5875	8.2185	0.2098	76.9429	76.0508
4.5880	8.2168	0.2286	77.5120	75.9390
4.5885	8.2147	0.2464	77.4136	76.0574
4.5890	8.2137	0.2633	77.6574	76.0776
4.5895	8.2134	0.2677	78.0701	76.2006
4.5900	8.2139	0.2608	78.1552	76.4935
4.5905	8.2145	0.2519	77.2592	76.3093
4.5910	8.2150	0.2537	76.5603	76.2347
4.5915	8.2161	0.2381	76.0045	76.4773
4.5920	8.2157	0.2382	74.7453	76.1398
4.5925	8.2162	0.2375	73.8680	76.2024
4.5930	8.2157	0.2397	73.4149	76.3732
4.5935	8.2159	0.2391	74.3082	76.2223
4.5940	8.2166	0.2271	75.1542	76.2807
4.5945	8.2173	0.2249	75.4551	76.1906
4.5950	8.2182	0.2167	75.7504	76.6120
4.5955	8.2161	0.2378	76.3904	76.6319
4.5960	8.2141	0.2524	77.1471	76.0183
4.5965	8.2126	0.2763	77.0946	75.7328
4.5970	8.2117	0.2862	77.2152	75.6131
4.5975	8.2127	0.2753	76.7355	75.8441
4.5980	8.2133	0.2673	77.1675	75.9516
4.5985	8.2138	0.2599	76.6911	75.7228
4.5990	8.2145	0.2557	75.9388	76.1881
4.5995	8.2140	0.2581	76.8184	76.3802
4.6000	8.2138	0.2641	77.5167	75.8786
4.6005	8.2132	0.2668	77.9583	75.8799
4.6010	8.2135	0.2651	77.6856	75.5888
4.6015	8.2144	0.2582	77.5733	76.0567
4.6020	8.2148	0.2520	77.6458	76.4267
4.6025	8.2158	0.2451	77.2518	76.3753
4.6030	8.2150	0.2467	76.4484	76.6611
4.6035	8.2136	0.2620	74.9174	76.4041
4.6040	8.2124	0.2703	72.9812	76.1101
4.6045	8.2125	0.2781	73.6124	76.0022
4.6050	8.2124	0.2829	74.0141	75.8018
4.6055	8.2123	0.2829	74.3691	75.8050
4.6060	8.2134	0.2732	74.9008	76.1058
4.6065	8.2144	0.2522	75.7602	76.3791
4.6070	8.2141	0.2608	76.3263	76.3518
4.6075	8.2130	0.2679	76.5062	75.9916
4.6080	8.2132	0.2652	76.7560	75.6797
4.6085	8.2137	0.2651	77.3516	75.9774
4.6090	8.2135	0.2635	77.5831	75.8459
4.6095	8.2135	0.2593	76.3590	75.8523
4.6100	8.2139	0.2611	77.0086	76.2548
4.6105	8.2140	0.2581	76.5688	76.5434
4.6110	8.2142	0.2593	76.7025	76.5778
4.6115	8.2136	0.2667	77.1294	76.2932
4.6120	8.2122	0.2746	77.2596	76.1981
4.6125	8.2130	0.2750	77.8218	76.4276
4.6130	8.2126	0.2743	78.1198	76.0517
4.6135	8.2141	0.2590	77.7397	76.1423
4.6140	8.2151	0.2517	77.1709	76.5016
4.6145	8.2152	0.2463	76.6854	76.2584
4.6150	8.2158	0.2468	76.5733	76.2725
4.6155	8.2151	0.2467	74.1644	76.2387
4.6160	8.2149	0.2541	72.7080	76.3501
4.6165	8.2154	0.2448	73.5575	76.3891
4.6170	8.2153	0.2461	74.3530	75.8659
4.6175	8.2160	0.2432	74.9298	75.7231
4.6180	8.2154	0.2428	74.9937	76.1939
4.6185	8.2143	0.2566	75.6415	76.0302
4.6190	8.2127	0.2686	76.5727	75.8939
4.6195	8.2129	0.2708	76.9406	75.6956
4.6200	8.2131	0.2676	76.8023	76.1648
4.6205	8.2128	0.2689	77.0689	76.1550
4.6210	8.2134	0.2640	77.6185	75.5346
4.6215	8.2145	0.2526	77.2322	75.7535
4.6220	8.2158	0.2430	76.7890	76.1174
4.6225	8.2158	0.2378	76.2765	76.3553
4.6230	8.2156	0.2413	76.7219	76.3510
4.6235	8.2154	0.2470	77.5340	76.2636
4.6240	8.2145	0.2461	77.4527	76.3843
4.6245	8.2150	0.2486	77.5773	76.2861
4.6250	8.2151	0.2471	77.7017	75.8842
4.6255	8.2155	0.2480	77.9264	76.0127
4.6260	8.2151	0.2484	76.9957	76.0538
4.6265	8.2141	0.2599	76.4651	76.2429
4.6270	8.2129	0.2723	74.9161	76.4671
4.6275	8.2140	0.2620	72.9141	76.1999
4.6280	8.2150	0.2557	73.3597	76.1166
4.6285	8.2146	0.2491	73.5442	75.7598
4.6290	8.2153	0.2428	74.2146	75.6079
4.6295	8.2151	0.2488	75.0029	75.9391
4.6300	8.2138	0.2603	75.6152	76.0290
4.6305	8.2139	0.2565	75.8369	76.1967
4.6310	8.2145	0.2555	76.3448	76.5889
4.6315	8.2158	0.2412	76.8979	76.4004
4.6320	8.2164	0.2380	77.2578	76.4074
4.6325	8.2173	0.2278	77.1733	76.1897
4.6330	8.2166	0.2377	77.4295	76.2130
4.6335	8.2149	0.2488	77.2089	76.4800
4.6340	8.2142	0.2584	76.5908	76.4853
4.6345	8.2146	0.2588	76.5569	76.4797
4.6350	8.2166	0.2303	76.9741	76.5208
4.6355	8.2170	0.2250	77.6925	75.9900
4.6360	8.2175	0.2247	77.9780	76.0438
4.6365	8.2171	0.2272	77.7745	76.0424
4.6370	8.2157	0.2396	77.8225	76.1981
4.6375	8.2159	0.2438	77.7866	76.2637
4.6380	8.2153	0.2437	77.4524	76.0075
4.6385	8.2155	0.2464	76.0838	76.1174
4.6390	8.2158	0.2422	74.6426	76.1817
4.6395	8.2166	0.2347	72.9742	75.6341
4.6400	8.2178	0.2196	73.6548	75.7607
4.6405	8.2179	0.2161	74.0424	75.6330
4.6410	8.2160	0.2340	74.2596	76.0582
4.6415	8.2140	0.2579	74.9869	75.9704
4.6420	8.2137	0.2713	75.8080	75.7824
4.6425	8.2143	0.2575	76.2065	76.2037
4.6430	8.2152	0.2483	76.2889	76.4402
4.6435	8.2159	0.2403	76.6495	76.2531
4.6440	8.2172	0.2253	77.3112	76.2147
4.6445	8.2176	0.2227	77.4376	75.9062
4.6450	8.2167	0.2269	77.2596	76.2334
4.6455	8.2166	0.2329	76.1307	76.0109
4.6460	8.2163	0.2339	76.1792	75.9430
4.6465	8.2160	0.2359	77.0230	76.3169
4.6470	8.2155	0.2422	77.1213	76.1772
4.6475	8.2171	0.2278	77.4515	76.3584
4.6480	8.2172	0.2248	77.9368	76.3439
4.6485	8.2161	0.2413	78.2134	75.8855
4.6490	8.2153	0.2444	77.7754	75.9109
4.6495	8.2142	0.2621	77.2910	75.8292
4.6500	8.2144	0.2560	77.0088	75.9950
4.6505	8.2145	0.2567	75.8132	76.3051
4.6510	8.2149	0.2489	74.4005	76.0440
4.6515	8.2149	0.2517	72.7820	76.2657
4.6520	8.2158	0.2423	73.6300	76.4283
4.6525	8.2169	0.2262	74.4165	76.1478
4.6530	8.2165	0.2259	74.6679	76.2072
4.6535	8.2163	0.2366	75.0222	76.2798
4.6540	8.2163	0.2365	75.7332	76.4279
4.6545	8.2155	0.2432	76.5433	76.6989
4.6550	8.2165	0.2376	76.6293	76.4408
4.6555	8.2168	0.2303	76.6450	76.4363
4.6560	8.2169	0.2301	77.0158	76.3261
4.6565	8.2155	0.2387	77.7434	75.8879
4.6570	8.2147	0.2536	76.8398	76.2800
4.6575	8.2144	0.2587	75.4920	76.3962
4.6580	8.2144	0.2547	76.2653	76.2748
4.6585	8.2154	0.2449	77.0992	76.1630
4.6590	8.2163	0.2352	77.6628	75.7943
4.6595	8.2158	0.2375	77.4978	76.1558
4.6600	8.2159	0.2428	77.7985	75.8450
4.6605	8.2158	0.2440	78.1000	75.5352
4.6610	8.2154	0.2475	78.0380	75.8586
4.6615	8.2156	0.2488	77.0993	76.0493
4.6620	8.2151	0.2484	76.3764	76.2236
4.6625	8.2153	0.2478	75.7708	76.1265
4.6630	8.2155	0.2418	74.8217	75.9199
4.6635	8.2156	0.2457	73.1912	76.3925
4.6640	8.2155	0.2468	73.4866	76.3810
4.6645	8.2150	0.2488	74.3005	76.1950
4.6650	8.2147	0.2522	75.0795	76.2284
4.6655	8.2155	0.2419	75.3374	76.2692
4.6660	8.2162	0.2344	75.6977	76.3700
4.6665	8.2169	0.2295	76.2573	75.9846
4.6670	8.2172	0.2246	76.9380	75.8889
4.6675	8.2174	0.2232	76.9006	76.1363
4.6680	8.2171	0.2269	77.1697	76.0831
4.6685	8.2166	0.2280	76.3744	76.2895
4.6690	8.2178	0.2212	75.2594	76.2068
4.6695	8.2180	0.2178	76.0881	76.0105
4.6700	8.2184	0.2192	76.3275	76.1203
4.6705	8.2167	0.2306	76.9623	76.0022
4.6710	8.2150	0.2518	77.5614	76.0065
4.6715	8.2133	0.2653	77.9954	76.0651
4.6720	8.2127	0.2732	77.7892	76.0708
4.6725	8.2127	0.2678	77.6618	76.3870
4.6730	8.2133	0.2741	77.6441	76.3822
4.6735	8.2130	0.2670	77.1817	76.2175
4.6740	8.2138	0.2608	76.2944	76.5009
4.6745	8.2140	0.2582	74.6350	76.3980
4.6750	8.2146	0.2564	73.9975	76.1705
4.6755	8.2150	0.2516	73.9071	76.4517
4.6760	8.2149	0.2443	74.0639	76.2516
4.6765	8.2164	0.2344	74.5248	76.2215
4.6770	8.2163	0.2346	75.1254	76.0977
4.6775	8.2173	0.2299	76.0455	76.3505
4.6780	8.2162	0.2344	76.3510	76.6878
4.6785	8.2141	0.2555	76.5391	76.2306
4.6790	8.2130	0.2693	76.7961	75.8500
4.6795	8.2117	0.2811	77.6259	75.7436
4.6800	8.2121	0.2806	77.2454	75.8323
4.6805	8.2129	0.2697	76.5035	76.0777
4.6810	8.2131	0.2667	76.6365	75.7984
4.6815	8.2144	0.2541	76.1782	75.9406
4.6820	8.2142	0.2538	77.0466	76.3382
4.6825	8.2139	0.2611	77.0727	75.9399
4.6830	8.2136	0.2664	77.3361	75.7740
4.6835	8.2147	0.2610	77.8892	75.6448
4.6840	8.2144	0.2540	78.1429	75.7933
4.6845	8.2145	0.2514	77.5826	76.4987
4.6850	8.2153	0.2469	76.9220	76.4547
4.6855	8.2154	0.2428	76.5977	76.6787
4.6860	8.2145	0.2564	76.2137	76.6295
4.6865	8.2124	0.2740	73.5448	76.2144
4.6870	8.2118	0.2855	72.7389	76.0550
4.6875	8.2122	0.2812	73.7500	75.8173
4.6880	8.2122	0.2786	74.5861	75.6785
4.6885	8.2134	0.2756	74.9345	75.8964
4.6890	8.2141	0.2585	75.0160	76.2567
4.6895	8.2148	0.2495	75.9319	76.3865
4.6900	8.2145	0.2514	76.7245	76.1863
4.6905	8.2142	0.2553	76.9792	75.7564
4.6910	8.2148	0.2510	76.6560	75.9560
4.6915	8.2150	0.2507	77.3811	76.0134
4.6920	8.2150	0.2537	76.8828	75.8245
4.6925	8.2144	0.2531	77.0297	76.1393
4.6930	8.2141	0.2522	76.5841	76.4497
4.6935	8.2141	0.2587	76.0028	76.5418
4.6940	8.2140	0.2560	77.2670	76.3534
4.6945	8.2123	0.2746	77.5828	76.1175
4.6950	8.2127	0.2691	77.4465	76.3877
4.6955	8.2131	0.2690	77.5551	76.2490
4.6960	8.2139	0.2610	77.9978	76.1157
4.6965	8.2153	0.2457	77.8063	76.5168
4.6970	8.2158	0.2414	76.7463	76.4120
4.6975	8.2150	0.2406	76.2378	76.2486
4.6980	8.2152	0.2461	75.1854	76.3014
4.6985	8.2150	0.2561	73.2397	76.2869
4.6990	8.2154	0.2493	73.2972	76.4210
4.6995	8.2150	0.2497	73.5938	76.0424
4.7000	8.2150	0.2525	74.6456	75.6649
4.7005	8.2146	0.2514	75.2863	76.0654
4.7010	8.2143	0.2539	75.4993	76.1549
4.7015	8.2132	0.2641	75.8334	75.9225
4.7020	8.2127	0.2714	76.6973	75.8148
4.7025	8.2133	0.2702	77.3046	75.9608
4.7030	8.2139	0.2650	77.0577	76.3510
4.7035	8.2135	0.2622	77.0908	75.6704
4.7040	8.2147	0.2539	77.1349	75.6174
4.7045	8.2154	0.2496	77.2445	75.9653
4.7050	8.2152	0.2464	76.8724	76.2994
4.7055	8.2155	0.2440	76.0674	76.3424
4.7060	8.2155	0.2422	76.9664	76.2999
4.7065	8.2155	0.2475	77.7058	76.3221
4.7070	8.2153	0.2455	77.8766	76.4511
4.7075	8.2158	0.2461	77.5308	76.0465
4.7080	8.2154	0.2427	77.4829	76.0047
4.7085	8.2152	0.2511	77.4262	76.0998
4.7090	8.2145	0.2582	77.0008	76.1815
4.7095	8.2131	0.2656	75.7552	76.4297
4.7100	8.2136	0.2685	72.9534	76.2482
4.7105	8.2143	0.2556	73.0122	76.0548
4.7110	8.2150	0.2463	73.8018	75.8614
4.7115	8.2154	0.2459	74.0344	75.5513
4.7120	8.2150	0.2472	74.4447	75.8405
4.7125	8.2144	0.2556	75.2892	76.0783
4.7130	8.2142	0.2593	76.0631	76.0765
4.7135	8.2150	0.2534	76.2720	76.5467
4.7140	8.2154	0.2490	76.4395	76.4918
4.7145	8.2161	0.2377	76.9972	76.3821
4.7150	8.2171	0.2272	77.5231	76.2661
4.7155	8.2164	0.2329	77.4956	76.0916
4.7160	8.2148	0.2460	77.0989	76.3758
4.7165	8.2133	0.2673	76.6219	76.4615
4.7170	8.2128	0.2770	76.8254	76.3978
4.7175	8.2144	0.2629	76.9785	76.6001
4.7180	8.2153	0.2475	77.0944	76.1796
4.7185	8.2145	0.2527	77.6280	76.0335
4.7190	8.2153	0.2427	78.0878	76.1118
4.7195	8.2144	0.2499	78.2408	76.1293
4.7200	8.2133	0.2627	77.5627	76.2713
4.7205	8.2142	0.2579	77.2388	76.0126
4.7210	8.2142	0.2579	76.6985	76.0083
4.7215	8.2141	0.2570	75.6402	76.2218
4.7220	8.2143	0.2543	73.4724	75.7019
4.7225	8.2152	0.2468	72.7396	75.7081
4.7230	8.2164	0.2348	73.9324	75.6700
4.7235	8.2153	0.2413	74.4867	75.8736
4.7240	8.2142	0.2581	74.9017	76.1526
4.7245	8.2120	0.2823	75.0962	75.8251
4.7250	8.2126	0.2748	75.9067	76.1072
4.7255	8.2134	0.2661	76.6180	76.4791
4.7260	8.2142	0.2556	76.7634	76.2559
4.7265	8.2156	0.2418	76.7474	76.2036
4.7270	8.2158	0.2377	77.0479	75.9036
4.7275	8.2155	0.2414	77.6886	76.1136
4.7280	8.2154	0.2470	77.0149	76.2305
4.7285	8.2158	0.2483	75.7022	75.9266
4.7290	8.2156	0.2434	76.3854	76.2813
4.7295	8.2152	0.2443	77.2018	76.3071
4.7300	8.2163	0.2340	77.6918	76.2760
4.7305	8.2172	0.2290	77.7514	76.4216
4.7310	8.2160	0.2338	77.7647	75.9771
4.7315	8.2154	0.2457	78.0847	75.8406
4.7320	8.2149	0.2507	77.7819	75.7940
4.7325	8.2144	0.2564	77.2096	75.8717
4.7330	8.2146	0.2575	75.8690	76.2779
4.7335	8.2147	0.2505	74.9920	76.2106
4.7340	8.2158	0.2432	73.6170	76.1276
4.7345	8.2155	0.2398	73.1907	76.5076
4.7350	8.2165	0.2378	73.9227	76.2127
4.7355	8.2162	0.2275	74.4212	76.2043
4.7360	8.2158	0.2383	75.3034	76.2306
4.7365	8.2166	0.2320	75.5691	76.3386
4.7370	8.2158	0.2338	75.9850	76.6244
4.7375	8.2171	0.2287	76.4187	76.5374
4.7380	8.2177	0.2245	76.8899	76.3490
4.7385	8.2177	0.2227	77.1225	76.4897
4.7390	8.2168	0.2304	77.2934	75.9661
4.7395	8.2152	0.2430	77.2079	76.1499
4.7400	8.2147	0.2477	75.9380	76.4656
4.7405	8.2142	0.2579	76.1560	76.3035
4.7410	8.2147	0.2528	76.6437	76.2396
4.7415	8.2161	0.2357	77.2002	75.8129
4.7420	8.2163	0.2316	77.7023	75.9369
4.7425	8.2161	0.2448	78.0137	76.0179
4.7430	8.2154	0.2415	77.9462	75.4776
4.7435	8.2153	0.2421	77.7569	75.7623
4.7440	8.2161	0.2406	77.4571	75.9893
4.7445	8.2156	0.2433	77.0550	76.1943
4.7450	8.2154	0.2442	76.0513	76.2223
4.7455	8.2156	0.2388	74.9167	75.9191
4.7460	8.2163	0.2375	73.5673	76.1560
4.7465	8.2159	0.2356	73.5134	76.4692
4.7470	8.2148	0.2514	74.2446	76.1304
4.7475	8.2141	0.2605	74.4933	76.2491
4.7480	8.2143	0.2533	75.1436	76.2188
4.7485	8.2154	0.2421	75.7495	76.3475
4.7490	8.2156	0.2409	76.3216	76.1525
4.7495	8.2164	0.2327	76.4745	75.8329
4.7500	8.2167	0.2314	76.7120	75.9854
4.7505	8.2164	0.2309	77.2183	76.0246
4.7510	8.2162	0.2315	77.2884	76.1558
4.7515	8.2175	0.2230	75.2223	76.2570
4.7520	8.2173	0.2258	75.4883	75.9499
4.7525	8.2178	0.2195	76.3459	75.9932
4.7530	8.2169	0.2275	77.0463	75.9742
4.7535	8.2153	0.2471	77.3309	75.8640
4.7540	8.2134	0.2666	77.5986	76.0066
4.7545	8.2125	0.2740	77.9957	76.0163
4.7550	8.2125	0.2773	78.0169	76.2942
4.7555	8.2124	0.2743	77.7097	76.4859
4.7560	8.2132	0.2760	77.0428	76.2699
4.7565	8.2137	0.2629	76.6853	76.3642
4.7570	8.2145	0.2516	75.6189	76.4680
4.7575	8.2152	0.2500	74.2291	76.0667
4.7580	8.2152	0.2455	73.6822	76.2950
4.7585	8.2154	0.2437	73.7782	76.2599
4.7590	8.2161	0.2372	74.6160	76.1644
4.7595	8.2173	0.2279	75.0181	76.1346
4.7600	8.2170	0.2212	75.5320	76.2094
4.7605	8.2174	0.2233	76.0664	76.6783
4.7610	8.2151	0.2464	76.7050	76.4723
4.7615	8.2135	0.2649	76.9579	75.9468
4.7620	8.2117	0.2809	77.0899	75.7988
4.7625	8.2116	0.2897	77.3067	75.7059
4.7630	8.2130	0.2730	76.7917	75.9902
4.7635	8.2131	0.2687	77.0402	75.8512
4.7640	8.2138	0.2611	76.0921	75.7258
4.7645	8.2140	0.2605	76.3610	76.1912
4.7650	8.2140	0.2658	77.1980	76.0978
4.7655	8.2135	0.2645	77.5935	75.7994
4.7660	8.2132	0.2674	77.7282	75.7960
4.7665	8.2145	0.2532	77.7046	75.6168
4.7670	8.2149	0.2507	77.7388	76.3091
4.7675	8.2156	0.2435	77.5949	76.4093
4.7680	8.2158	0.2381	76.8149	76.5224
4.7685	8.2147	0.2437	76.2335	76.6715
4.7690	8.2134	0.2637	74.3757	76.2812
4.7695	8.2130	0.2769	72.9907	76.0676
4.7700	8.2119	0.2809	73.7006	75.8789
4.7705	8.2116	0.2842	73.9860	75.6801
4.7710	8.2125	0.2763	74.6487	75.8241
4.7715	8.2135	0.2667	75.2121	76.1590
4.7720	8.2147	0.2524	75.9356	76.3989
4.7725	8.2134	0.2576	76.2602	76.3123
4.7730	8.2132	0.2655	76.7099	75.8740
4.7735	8.2137	0.2632	76.9445	75.7904
4.7740	8.2143	0.2599	77.5261	76.0411
4.7745	8.2142	0.2576	76.9930	75.7731
4.7750	8.2143	0.2544	76.4273	75.9510
4.7755	8.2148	0.2541	77.2873	76.3217
4.7760	8.2144	0.2572	76.4357	76.5206
4.7765	8.2144	0.2538	76.7118	76.4552
4.7770	8.2129	0.2651	77.1626	76.1578
4.7775	8.2115	0.2821	77.6190	76.2805
4.7780	8.2126	0.2754	77.9082	76.3993
4.7785	8.2130	0.2649	77.8620	76.0336
4.7790	8.2145	0.2528	77.5323	76.3399
4.7795	8.2148	0.2503	77.1950	76.4856
4.7800	8.2157	0.2458	76.7476	76.2277
4.7805	8.2159	0.2450	75.9306	76.2571
4.7810	8.2152	0.2464	73.3304	76.1558
4.7815	8.2155	0.2447	73.0378	76.3438
4.7820	8.2154	0.2455	73.8584	76.1944
4.7825	8.2152	0.2456	74.4531	75.7284
4.7830	8.2154	0.2444	74.7629	75.8679
4.7835	8.2152	0.2488	75.2604	76.2714
4.7840	8.2139	0.2624	76.0827	75.9995
4.7845	8.2125	0.2755	76.6391	75.8906
4.7850	8.2129	0.2735	76.7965	75.7296
4.7855	8.2128	0.2762	76.8228	76.2678
4.7860	8.2130	0.2663	77.4048	75.8801
4.7865	8.2136	0.2647	77.5557	75.4586
4.7870	8.2149	0.2536	76.8791	75.7733
4.7875	8.2153	0.2437	76.7719	76.1854
4.7880	8.2155	0.2427	76.3743	76.3521
4.7885	8.2153	0.2472	76.9706	76.3450
4.7890	8.2150	0.2508	77.4303	76.2857
4.7895	8.2149	0.2520	77.4070	76.4691
4.7900	8.2148	0.2482	77.7564	76.1920
4.7905	8.2152	0.2487	77.8529	75.8995
4.7910	8.2143	0.2520	77.5779	76.0494
4.7915	8.2141	0.2549	76.6914	76.1459
4.7920	8.2131	0.2695	76.4092	76.3480
4.7925	8.2131	0.2697	74.2179	76.3785
4.7930	8.2144	0.2587	72.7358	76.0697
4.7935	8.2153	0.2480	73.2411	76.0055
4.7940	8.2152	0.2465	73.7955	75.6479
4.7945	8.2153	0.2503	74.6973	75.6956
4.7950	8.2138	0.2579	75.1286	76.0789
4.7955	8.2128	0.2734	75.5002	76.0530
4.7960	8.2132	0.2690	75.9351	76.3821
4.7965	8.2138	0.2650	76.6971	76.5777
4.7970	8.2152	0.2517	77.0328	76.3255
4.7975	8.2153	0.2434	77.1182	76.3271
4.7980	8.2157	0.2384	77.1289	76.0469
4.7985	8.2142	0.2555	77.5334	76.1658
4.7990	8.2133	0.2641	77.1208	76.4809
4.7995	8.2129	0.2763	76.4918	76.4878
4.8000	8.2141	0.2650	76.5632	76.5718
4.8005	8.2163	0.2428	77.1753	76.4083
4.8010	8.2153	0.2484	77.7328	75.9576
4.8015	8.2160	0.2378	77.8903	76.0952
4.8020	8.2153	0.2419	77.9366	76.0554
4.8025	8.2137	0.2562	77.9308	76.2397
4.8030	8.2131	0.2669	77.6864	76.1549
4.8035	8.2127	0.2654	76.9318	75.9274
4.8040	8.2132	0.2703	75.6226	76.2343
4.8045	8.2134	0.2686	74.2876	75.9790
4.8050	8.2143	0.2565	73.0110	75.6483
4.8055	8.2155	0.2449	73.7267	75.7737
4.8060	8.2153	0.2422	73.9153	75.6963
4.8065	8.2139	0.2508	74.5785	76.1475
4.8070	8.2128	0.2735	75.3304	75.8719
4.8075	8.2125	0.2796	75.8702	75.8717
4.8080	8.2135	0.2657	76.0912	76.3935
4.8085	8.2138	0.2641	76.4363	76.3768
4.8090	8.2145	0.2549	76.9382	76.2713
4.8095	8.2149	0.2463	77.3345	76.0950
4.8100	8.2147	0.2434	77.3073	75.9807
4.8105	8.2148	0.2515	77.0841	76.3403
4.8110	8.2141	0.2501	76.0566	75.9764
4.8115	8.2150	0.2479	76.4581	76.1111
4.8120	8.2142	0.2586	76.9410	76.3465
4.8125	8.2148	0.2517	77.0949	76.1397
4.8130	8.2150	0.2450	77.7402	76.4124
4.8135	8.2153	0.2437	78.1277	76.1409
4.8140	8.2147	0.2472	78.1096	75.8314
4.8145	8.2135	0.2600	77.4892	75.8877
4.8150	8.2127	0.2693	77.2899	75.8551
4.8155	8.2135	0.2658	76.7816	76.1695
4.8160	8.2133	0.2660	75.3602	76.3894
4.8165	8.2140	0.2622	73.7253	76.0903
4.8170	8.2143	0.2583	72.8534	76.4090
4.8175	8.2162	0.2368	74.0715	76.3214
4.8180	8.2166	0.2294	74.4572	76.1178
4.8185	8.2167	0.2343	74.6691	76.2339
4.8190	8.2165	0.2324	75.1199	76.3080
4.8195	8.2161	0.2386	76.1191	76.4677
4.8200	8.2155	0.2395	76.6275	76.6465
4.8205	8.2157	0.2405	76.5189	76.4003
4.8210	8.2158	0.2434	76.7345	76.5589
4.8215	8.2157	0.2379	77.3196	76.2018
4.8220	8.2148	0.2483	77.7750	75.9763
4.8225	8.2136	0.2623	76.1250	76.4075
4.8230	8.2134	0.2658	75.5151	76.3205
4.8235	8.2138	0.2581	76.6646	76.2258
4.8240	8.2148	0.2512	77.3314	75.9585
4.8245	8.2157	0.2418	77.5421	75.7416
4.8250	8.2152	0.2438	77.5060	76.1617
4.8255	8.2154	0.2441	78.0129	75.6558
4.8260	8.2151	0.2464	78.2197	75.6751
4.8265	8.2149	0.2519	77.6048	75.9782
4.8270	8.2149	0.2534	76.8200	76.1618
4.8275	8.2142	0.2538	76.4139	76.2611
4.8280	8.2142	0.2555	75.6421	76.0380
4.8285	8.2146	0.2560	74.2041	75.9047
4.8290	8.2143	0.2522	72.9375	76.4287
4.8295	8.2145	0.2553	73.9061	76.2168
4.8300	8.2138	0.2590	74.6401	76.2042
4.8305	8.2139	0.2605	75.1162	76.2714
4.8310	8.2143	0.2539	75.2247	76.2938
4.8315	8.2153	0.2495	75.9264	76.3288
4.8320	8.2153	0.2436	76.6332	75.9130
4.8325	8.2158	0.2373	77.0009	75.9505
4.8330	8.2166	0.2290	76.6088	76.0219
4.8335	8.2164	0.2343	77.2027	76.0473
4.8340	8.2168	0.2366	76.0643	76.2750
4.8345	8.2168	0.2236	75.4754	76.0356
4.8350	8.2174	0.2240	75.9429	75.9772
4.8355	8.2172	0.2216	76.3890	76.0729
4.8360	8.2158	0.2359	77.3843	75.8902
4.8365	8.2137	0.2608	77.8128	76.0510
4.8370	8.2124	0.2750	77.7873	76.1105
4.8375	8.2121	0.2778	77.5782	76.1668
4.8380	8.2124	0.2790	77.8683	76.4996
4.8385	8.2127	0.2746	77.6882	76.3434
4.8390	8.2135	0.2694	76.8225	76.2699
4.8395	8.2144	0.2608	75.7321	76.5301
4.8400	8.2149	0.2517	74.4992	76.2141
4.8405	8.2147	0.2479	74.1264	76.1801
4.8410	8.2148	0.2481	73.7022	76.3835
4.8415	8.2155	0.2438	73.9979	76.1835
4.8420	8.2167	0.2305	74.7632	76.2542
4.8425	8.2173	0.2246	75.6219	76.1652
4.8430	8.2175	0.2209	76.0861	76.5537
4.8435	8.2166	0.2377	76.1958	76.6641
4.8440	8.2143	0.2553	76.6905	76.0804
4.8445	8.2128	0.2695	77.1969	75.8252
4.8450	8.2113	0.2861	77.6397	75.6772
4.8455	8.2130	0.2775	76.7023	75.8822
4.8460	8.2130	0.2673	76.6626	75.9765
4.8465	8.2143	0.2525	76.7527	75.7180
4.8470	8.2148	0.2513	76.3699	76.1264
4.8475	8.2148	0.2520	76.8497	76.3445
4.8480	8.2142	0.2552	77.0271	75.8547
4.8485	8.2145	0.2573	77.7543	75.8604
4.8490	8.2152	0.2471	78.0854	75.6139
4.8495	8.2161	0.2361	77.7573	76.0394
4.8500	8.2169	0.2315	77.2867	76.4422
4.8505	8.2174	0.2238	77.0136	76.4008
4.8510	8.2172	0.2204	76.7429	76.7116
4.8515	8.2151	0.2511	75.3709	76.4245
4.8520	8.2134	0.2669	72.8318	76.1029
4.8525	8.2124	0.2745	73.2023	75.9877
4.8530	8.2126	0.2727	74.1217	75.7774
4.8535	8.2134	0.2656	74.6112	75.7600
4.8540	8.2139	0.2613	74.7406	76.0542
4.8545	8.2156	0.2480	75.3790	76.3620
4.8550	8.2152	0.2458	76.3540	76.3884
4.8555	8.2153	0.2460	76.7503	76.0380
4.8560	8.2151	0.2536	76.6663	75.7060
4.8565	8.2150	0.2453	76.9025	75.9734
4.8570	8.2153	0.2477	77.5833	75.8754
4.8575	8.2153	0.2448	76.6499	75.8340
4.8580	8.2151	0.2480	77.0153	76.2409
4.8585	8.2146	0.2519	76.2691	76.5294
4.8590	8.2148	0.2523	76.4710	76.5665
4.8595	8.2144	0.2587	77.4117	76.2954
4.8600	8.2128	0.2691	77.3713	76.2045
4.8605	8.2133	0.2685	77.4697	76.4517
4.8610	8.2134	0.2626	77.8923	76.1128
4.8615	8.2143	0.2571	78.0126	76.1429
4.8620	8.2155	0.2489	77.4021	76.5135
4.8625	8.2153	0.2426	76.4483	76.2780
4.8630	8.2153	0.2424	76.3896	76.2660
4.8635	8.2154	0.2443	74.5650	76.2497
4.8640	8.2157	0.2408	72.9344	76.3596
4.8645	8.2154	0.2435	73.3376	76.3939
4.8650	8.2155	0.2408	74.0064	75.8924
4.8655	8.2162	0.2349	74.9765	75.7229
4.8660	8.2160	0.2384	75.2066	76.1899
4.8665	8.2150	0.2462	75.5345	76.0414
4.8670	8.2139	0.2580	76.2776	75.8917
4.8675	8.2133	0.2667	76.9495	75.6919
4.8680	8.2137	0.2632	77.0285	76.1249
4.8685	8.2145	0.2628	76.9687	76.1952
4.8690	8.2145	0.2523	77.3808	75.5416
4.8695	8.2154	0.2461	77.2522	75.7359
4.8700	8.2159	0.2379	77.0660	76.1399
4.8705	8.2158	0.2443	76.3896	76.3580
4.8710	8.2152	0.2454	76.3985	76.3583
4.8715	8.2144	0.2480	77.4203	76.2805
4.8720	8.2152	0.2481	77.6645	76.3379
4.8725	8.2148	0.2482	77.6203	76.3048
4.8730	8.2152	0.2476	77.4894	75.8739
4.8735	8.2159	0.2423	77.7842	75.9635
4.8740	8.2146	0.2481	77.2445	76.0365
4.8745	8.2138	0.2617	76.6929	76.2279
4.8750	8.2126	0.2741	74.9668	76.4487
4.8755	8.2131	0.2676	72.6856	76.1900
4.8760	8.2146	0.2597	73.3331	76.1007
4.8765	8.2145	0.2514	73.7541	75.7852
4.8770	8.2148	0.2461	74.1921	75.5686
4.8775	8.2140	0.2544	74.7399	75.9156
4.8780	8.2133	0.2682	75.4864	76.0246
4.8785	8.2128	0.2661	75.9907	76.1923
4.8790	8.2135	0.2657	76.3941	76.6516
4.8795	8.2148	0.2539	76.6737	76.4169
4.8800	8.2158	0.2459	77.1419	76.4183
4.8805	8.2153	0.2413	77.3129	76.1647
4.8810	8.2151	0.2493	77.4567	76.1066
4.8815	8.2128	0.2641	77.1844	76.3935
4.8820	8.2124	0.2743	76.6221	76.5102
4.8825	8.2123	0.2825	76.6464	76.4712
4.8830	8.2143	0.2599	76.9151	76.5308
4.8835	8.2151	0.2542	77.3817	75.9838
4.8840	8.2148	0.2496	77.9059	76.0335
4.8845	8.2155	0.2482	78.0313	76.0264
4.8850	8.2140	0.2620	77.9781	76.1673
4.8855	8.2131	0.2676	77.5926	76.2430
4.8860	8.2135	0.2630	77.2964	75.9806
4.8865	8.2140	0.2593	76.3545	76.1547
4.8870	8.2141	0.2608	74.8734	76.1957
4.8875	8.2150	0.2477	72.8429	75.6418
4.8880	8.2165	0.2349	73.3512	75.7397
4.8885	8.2171	0.2261	74.0791	75.5542
4.8890	8.2159	0.2372	74.4963	75.9921
4.8895	8.2134	0.2670	74.9785	75.9955
4.8900	8.2124	0.2748	75.4766	75.7721
4.8905	8.2135	0.2617	76.0704	76.2541
4.8910	8.2146	0.2567	76.5422	76.4639
4.8915	8.2151	0.2424	76.7518	76.2729
4.8920	8.2158	0.2381	77.0345	76.2067
4.8925	8.2158	0.2440	77.2580	75.8870
4.8930	8.2149	0.2463	77.5251	76.2165
4.8935	8.2152	0.2464	76.3970	76.0554
4.8940	8.2150	0.2490	75.9043	75.9189
4.8945	8.2151	0.2466	76.7652	76.3182
4.8950	8.2150	0.2441	77.2526	76.2088
4.8955	8.2161	0.2390	77.6778	76.3465
4.8960	8.2161	0.2375	77.8270	76.3262
4.8965	8.2156	0.2460	77.9527	75.8490
4.8970	8.2148	0.2510	77.9248	75.8904
4.8975	8.2141	0.2569	77.5614	75.8494
4.8980	8.2142	0.2631	76.9987	75.9870
4.8985	8.2138	0.2576	75.6228	76.3439
4.8990	8.2147	0.2534	74.5270	76.0929
4.8995	8.2159	0.2358	73.1279	76.2225
4.9000	8.2162	0.2339	73.5632	76.3937
4.9005	8.2170	0.2307	74.1337	76.1148
4.9010	8.2166	0.2268	74.5605	76.1770
4.9015	8.2161	0.2322	75.1969	76.2435
4.9020	8.2164	0.2366	75.7021	76.4132
4.9025	8.2158	0.2343	76.2724	76.7177
4.9030	8.2176	0.2231	76.5715	76.4577
4.9035	8.2178	0.2182	76.9209	76.4211
4.9040	8.2177	0.2207	77.0896	76.3476
4.9045	8.2163	0.2304	77.4715	75.8669
4.9050	8.2149	0.2477	76.8262	76.2430
4.9055	8.2148	0.2524	75.6761	76.4045
4.9060	8.2148	0.2500	76.3376	76.2409
4.9065	8.2149	0.2509	76.8632	76.1741
4.9070	8.2163	0.2378	77.4542	75.7325
4.9075	8.2158	0.2372	77.7231	76.0684
4.9080	8.2149	0.2492	77.9793	75.8804
4.9085	8.2144	0.2509	77.9117	75.5243
4.9090	8.2145	0.2559	77.7858	75.8592
4.9095	8.2149	0.2490	77.2466	76.0445
4.9100	8.2152	0.2407	76.8044	76.1784
4.9105	8.2156	0.2413	75.7807	76.0869
4.9110	8.2158	0.2409	74.5846	75.7856
4.9115	8.2155	0.2369	73.2941	76.2787
4.9120	8.2152	0.2494	73.7150	76.3827
4.9125	8.2139	0.2629	74.3269	76.1526
4.9130	8.2141	0.2580	74.6960	76.3224
4.9135	8.2145	0.2558	75.2276	76.2531
4.9140	8.2155	0.2454	75.9711	76.3704
4.9145	8.2166	0.2369	76.4052	75.9994
4.9150	8.2168	0.2272	76.6460	75.7947
4.9155	8.2172	0.2266	76.6850	75.9701
4.9160	8.2167	0.2308	77.3701	75.9648
4.9165	8.2172	0.2258	76.7686	76.1911
4.9170	8.2183	0.2183	75.0540	76.0763
4.9175	8.2180	0.2191	75.8051	75.9451
4.9180	8.2189	0.2113	76.5002	76.0958
4.9185	8.2173	0.2245	77.2037	76.0310
4.9190	8.2153	0.2445	77.4073	75.9370
4.9195	8.2135	0.2615	77.6796	76.0636
4.9200	8.2125	0.2727	77.9210	75.9994
4.9205	8.2118	0.2828	77.9825	76.3696
4.9210	8.2110	0.2899	77.6223	76.4196
4.9215	8.2111	0.2891	76.9548	76.1918
4.9220	8.2123	0.2807	76.4878	76.3919
4.9225	8.2136	0.2649	75.0956	76.3464
4.9230	8.2131	0.2632	73.9760	76.0881
4.9235	8.2136	0.2626	73.5851	76.4139
4.9240	8.2140	0.2629	74.0379	76.2219
4.9245	8.2153	0.2446	74.8064	76.2319
4.9250	8.2163	0.2365	75.0621	76.1359
4.9255	8.2172	0.2265	75.6704	76.3051
4.9260	8.2161	0.2303	76.3184	76.6239
4.9265	8.2141	0.2529	76.8739	76.2116
4.9270	8.2129	0.2673	76.8642	75.8164
4.9275	8.2110	0.2860	77.1801	75.6932
4.9280	8.2120	0.2829	77.2246	75.7605
4.9285	8.2128	0.2713	76.8942	76.0479
4.9290	8.2128	0.2743	76.8966	75.8028
4.9295	8.2132	0.2654	75.9241	75.8854
4.9300	8.2132	0.2658	76.6803	76.2968
4.9305	8.2128	0.2714	77.3336	75.9922
4.9310	8.2120	0.2770	77.6131	75.7664
4.9315	8.2126	0.2735	77.6459	75.6518
4.9320	8.2139	0.2653	77.8129	75.7118
4.9325	8.2147	0.2609	77.7848	76.3894
4.9330	8.2160	0.2459	77.3874	76.3391
4.9335	8.2161	0.2369	76.5083	76.6009
4.9340	8.2152	0.2478	75.9083	76.5645
4.9345	8.2130	0.2668	73.7848	76.1880
4.9350	8.2123	0.2775	73.1093	76.0546
4.9355	8.2120	0.2794	73.7362	75.8608
4.9360	8.2120	0.2791	74.1267	75.7100
4.9365	8.2125	0.2747	74.8796	75.8929
4.9370	8.2141	0.2628	75.4084	76.2450
4.9375	8.2146	0.2554	76.0118	76.3813
4.9380	8.2139	0.2615	76.2865	76.1820
4.9385	8.2130	0.2650	76.8421	75.7402
4.9390	8.2140	0.2616	77.0508	75.8709
4.9395	8.2142	0.2583	77.5908	75.9811
4.9400	8.2138	0.2573	76.6512	75.7941
4.9405	8.2144	0.2547	76.7825	76.0551
4.9410	8.2147	0.2521	77.0165	76.4330
4.9415	8.2145	0.2541	76.2349	76.5659
4.9420	8.2143	0.2558	76.8947	76.3999
4.9425	8.2125	0.2782	77.2588	76.1213
4.9430	8.2124	0.2774	77.7792	76.3729
4.9435	8.2123	0.2753	77.9076	76.2726
4.9440	8.2132	0.2743	77.7181	76.0750
4.9445	8.2137	0.2623	77.4887	76.4428
4.9450	8.2144	0.2620	77.0671	76.3837
4.9455	8.2144	0.2540	76.6381	76.2378
4.9460	8.2146	0.2540	75.1151	76.2630
4.9465	8.2139	0.2565	72.9088	76.2238
4.9470	8.2148	0.2571	73.4861	76.4039
4.9475	8.2147	0.2523	74.0261	76.0646
4.9480	8.2151	0.2490	74.4286	75.6494
4.9485	8.2154	0.2479	74.7847	76.0052
4.9490	8.2144	0.2522	75.6260	76.1732
4.9495	8.2135	0.2620	76.3682	75.9166
4.9500	8.2127	0.2764	76.5156	75.7998
4.9505	8.2133	0.2670	76.6405	75.9001
4.9510	8.2132	0.2694	77.1227	76.3507
4.9515	8.2136	0.2647	77.6956	75.6876
4.9520	8.2141	0.2592	77.2606	75.5786
4.9525	8.2151	0.2532	76.6531	75.9385
4.9530	8.2155	0.2441	76.7167	76.2904
4.9535	8.2151	0.2435	76.5892	76.3542
4.9540	8.2150	0.2490	77.1293	76.2944
4.9545	8.2146	0.2551	77.2262	76.3046
4.9550	8.2148	0.2533	77.5640	76.4682
4.9555	8.2152	0.2483	77.9510	76.0885
4.9560	8.2151	0.2474	77.8748	75.9682
4.9565	8.2145	0.2529	77.1709	76.0815
4.9570	8.2141	0.2588	76.6191	76.1435
4.9575	8.2127	0.2705	76.1811	76.4042
4.9580	8.2133	0.2697	73.4740	76.2627
4.9585	8.2150	0.2534	72.7654	76.0231
4.9590	8.2152	0.2425	73.4076	75.9010
4.9595	8.2156	0.2413	74.1939	75.5515
4.9600	8.2155	0.2478	74.8479	75.7783
4.9605	8.2136	0.2612	75.0805	76.1154
4.9610	8.2129	0.2730	75.5543	76.1284
4.9615	8.2136	0.2670	76.3599	76.5343
4.9620	8.2143	0.2587	76.9076	76.5099
4.9625	8.2154	0.2471	76.9039	76.3642
4.9630	8.2158	0.2406	76.9478	76.2865
4.9635	8.2155	0.2394	77.4526	76.0535
4.9640	8.2143	0.2562	77.6700	76.2976
4.9645	8.2131	0.2658	76.6950	76.4491
4.9650	8.2119	0.2731	76.2382	76.3880
4.9655	8.2140	0.2557	76.8129	76.5972
4.9660	8.2162	0.2360	77.5600	76.2324
4.9665	8.2171	0.2290	77.7842	75.9898
4.9670	8.2170	0.2327	77.6892	76.0942
4.9675	8.2153	0.2448	77.9992	76.1012
4.9680	8.2143	0.2593	77.9248	76.2685
4.9685	8.2138	0.2589	77.4918	76.0734
4.9690	8.2137	0.2556	76.4690	76.0238
4.9695	8.2143	0.2565	75.4521	76.2913
4.9700	8.2150	0.2528	73.8858	75.7748
4.9705	8.2156	0.2422	72.9844	75.6722
4.9710	8.2168	0.2281	73.6642	75.6377
4.9715	8.2158	0.2412	74.0865	75.7970
4.9720	8.2142	0.2626	75.0641	76.1559
4.9725	8.2125	0.2759	75.4446	75.8679
4.9730	8.2128	0.2782	75.7324	76.0390
4.9735	8.2138	0.2646	76.1439	76.5019
4.9740	8.2139	0.2591	76.8155	76.3285
4.9745	8.2148	0.2521	77.2029	76.2689
4.9750	8.2157	0.2447	77.0961	75.9486
4.9755	8.2153	0.2471	77.2093	76.0286
4.9760	8.2150	0.2528	76.9928	76.2811
4.9765	8.2146	0.2471	76.0944	75.8938
4.9770	8.2147	0.2478	76.5047	76.2333
4.9775	8.2145	0.2572	76.8712	76.3537
4.9780	8.2150	0.2475	77.4797	76.2459
4.9785	8.2158	0.2416	78.0405	76.4501
4.9790	8.2155	0.2467	77.9513	75.9780
4.9795	8.2143	0.2566	77.7647	75.8635
4.9800	8.2134	0.2632	77.5514	75.8817
4.9805	8.2133	0.2669	77.5190	75.9227
4.9810	8.2142	0.2599	76.2257	76.2921
4.9815	8.2144	0.2563	74.8383	76.2837
4.9820	8.2154	0.2439	73.3785	76.0866
4.9825	8.2157	0.2427	73.2970	76.4455
4.9830	8.2171	0.2267	74.1723	76.1749
4.9835	8.2174	0.2248	74.2324	76.1765
4.9840	8.2169	0.2319	74.8752	76.2934
4.9845	8.2158	0.2377	75.5767	76.3628
4.9850	8.2157	0.2430	76.3375	76.6660
4.9855	8.2162	0.2408	76.4140	76.6369
4.9860	8.2163	0.2356	76.4884	76.3600
4.9865	8.2163	0.2331	77.0335	76.5289
4.9870	8.2160	0.2378	77.5882	75.9851
4.9875	8.2147	0.2547	77.3111	76.0594
4.9880	8.2136	0.2631	75.6240	76.4302
4.9885	8.2138	0.2632	75.9883	76.2807
4.9890	8.2141	0.2573	77.0088	76.2424
4.9895	8.2150	0.2496	77.3146	75.8441
4.9900	8.2153	0.2407	77.3237	75.9241
4.9905	8.2151	0.2511	77.7901	76.1123
4.9910	8.2148	0.2540	78.2118	75.5290
4.9915	8.2144	0.2519	78.0302	75.7602
4.9920	8.2144	0.2548	77.2449	75.9748
4.9925	8.2141	0.2623	76.7907	76.2019
4.9930	8.2135	0.2612	76.4223	76.2033
4.9935	8.2140	0.2595	75.2439	75.9286
4.9940	8.2143	0.2543	73.4499	76.0238
4.9945	8.2152	0.2507	73.1348	76.4424
4.9950	8.2142	0.2502	74.3278	76.1329
4.9955	8.2143	0.2611	74.7729	76.2776
4.9960	8.2146	0.2566	74.9653	76.2376
4.9965	8.2149	0.2475	75.3670	76.3381
4.9970	8.2165	0.2394	76.3749	76.1949
4.9975	8.2163	0.2335	76.7453	75.8267
4.9980	8.2165	0.2296	76.6625	75.9838
4.9985	8.2172	0.2257	76.7575	76.0089
4.9990	8.2160	0.2343	77.3365	76.1389
4.9995	8.2168	0.2276	75.6293	76.2632
