Flexible Shaft
9/10/2026 3:38:58 PM
Sample Rate (Hz) = 2000.00
Effective Sample Rate (Hz) = 2000.00
time (s)	Voltage (V)	Current (A)	Distal Tach (rad/s)	Motor Tach (rad/s)

0.0000	2.0408	0.2376	13.5419	13.2394
0.0005	2.0407	0.2347	13.5251	13.2241
0.0010	2.0403	0.2381	13.4851	13.2115
0.0015	2.0404	0.2456	13.5114	13.2127
0.0020	2.0403	0.2428	13.5666	13.2298
0.0025	2.0397	0.2450	13.5678	13.2515
0.0030	2.0400	0.2510	13.5249	13.2629
0.0035	2.0399	0.2484	13.5317	13.2555
0.0040	2.0400	0.2525	13.5805	13.2427
0.0045	2.0392	0.2544	13.5851	13.2218
0.0050	2.0394	0.2560	13.5420	13.2188
0.0055	2.0387	0.2589	13.5404	13.2241
0.0060	2.0387	0.2620	13.5664	13.2433
0.0065	2.0383	0.2605	13.5719	13.2820
0.0070	2.0389	0.2634	13.5149	13.3426
0.0075	2.0384	0.2630	13.5263	13.3393
0.0080	2.0390	0.2623	13.4430	13.3429
0.0085	2.0383	0.2617	13.3925	13.3292
0.0090	2.0379	0.2667	13.3872	13.3282
0.0095	2.0380	0.2708	13.3631	13.3212
0.0100	2.0379	0.2652	13.3972	13.3198
0.0105	2.0384	0.2669	13.4186	13.3207
0.0110	2.0377	0.2650	13.4042	13.3393
0.0115	2.0376	0.2709	13.3762	13.3399
0.0120	2.0379	0.2731	13.3959	13.3620
0.0125	2.0382	0.2661	13.4187	13.3487
0.0130	2.0389	0.2576	13.4064	13.3371
0.0135	2.0396	0.2551	13.3786	13.3246
0.0140	2.0398	0.2439	13.4191	13.3150
0.0145	2.0399	0.2424	13.4682	13.3033
0.0150	2.0397	0.2446	13.4571	13.3375
0.0155	2.0395	0.2484	13.4440	13.3672
0.0160	2.0392	0.2543	13.4757	13.3768
0.0165	2.0388	0.2520	13.5166	13.3890
0.0170	2.0392	0.2552	13.5245	13.3772
0.0175	2.0389	0.2570	13.5058	13.3628
0.0180	2.0392	0.2593	13.5184	13.3131
0.0185	2.0394	0.2563	13.5667	13.2670
0.0190	2.0391	0.2576	13.5878	13.2427
0.0195	2.0385	0.2591	13.5651	13.2049
0.0200	2.0386	0.2624	13.5600	13.2132
0.0205	2.0386	0.2640	13.6100	13.2304
0.0210	2.0385	0.2639	13.6435	13.2549
0.0215	2.0384	0.2620	13.5985	13.2813
0.0220	2.0382	0.2678	13.5568	13.3073
0.0225	2.0386	0.2627	13.6047	13.3310
0.0230	2.0389	0.2602	13.6609	13.3306
0.0235	2.0388	0.2571	13.6311	13.3058
0.0240	2.0393	0.2572	13.5821	13.2763
0.0245	2.0395	0.2555	13.6139	13.2392
0.0250	2.0393	0.2543	13.6792	13.2308
0.0255	2.0398	0.2559	13.6596	13.2412
0.0260	2.0390	0.2537	13.5980	13.2530
0.0265	2.0391	0.2558	13.6162	13.2628
0.0270	2.0394	0.2534	13.6764	13.3146
0.0275	2.0396	0.2562	13.6581	13.3400
0.0280	2.0389	0.2606	13.5969	13.3583
0.0285	2.0386	0.2623	13.6043	13.3623
0.0290	2.0392	0.2601	13.6528	13.3495
0.0295	2.0404	0.2526	13.6317	13.3115
0.0300	2.0404	0.2469	13.5542	13.2666
0.0305	2.0407	0.2406	13.5451	13.2464
0.0310	2.0410	0.2414	13.6049	13.2435
0.0315	2.0420	0.2232	13.6056	13.2554
0.0320	2.0421	0.2224	13.5134	13.2699
0.0325	2.0429	0.2118	13.4660	13.2885
0.0330	2.0430	0.2133	13.5050	13.3120
0.0335	2.0428	0.2200	13.5284	13.3121
0.0340	2.0423	0.2248	13.4479	13.3153
0.0345	2.0418	0.2263	13.3813	13.3175
0.0350	2.0419	0.2307	13.4100	13.2892
0.0355	2.0410	0.2328	13.4468	13.2697
0.0360	2.0404	0.2375	13.3749	13.2564
0.0365	2.0403	0.2449	13.3083	13.2556
0.0370	2.0398	0.2475	13.2446	13.2943
0.0375	2.0395	0.2543	13.2183	13.3497
0.0380	2.0394	0.2483	13.2362	13.3682
0.0385	2.0397	0.2550	13.1419	13.3730
0.0390	2.0392	0.2530	13.1230	13.3534
0.0395	2.0394	0.2567	13.1789	13.3108
0.0400	2.0395	0.2515	13.1644	13.2667
0.0405	2.0397	0.2490	12.9775	13.2259
0.0410	2.0403	0.2508	12.8269	13.1942
0.0415	2.0396	0.2489	12.8378	13.1810
0.0420	2.0391	0.2590	12.8010	13.1911
0.0425	2.0388	0.2623	12.7732	13.2287
0.0430	2.0386	0.2579	12.7427	13.2611
0.0435	2.0388	0.2610	12.8081	13.2804
0.0440	2.0396	0.2537	12.8759	13.2813
0.0445	2.0405	0.2449	12.8301	13.2628
0.0450	2.0410	0.2345	12.7863	13.2257
0.0455	2.0411	0.2328	12.8506	13.2069
0.0460	2.0412	0.2348	12.9164	13.1984
0.0465	2.0415	0.2295	12.8861	13.1913
0.0470	2.0420	0.2248	12.8402	13.2203
0.0475	2.0412	0.2295	12.8939	13.2478
0.0480	2.0415	0.2326	12.9694	13.2791
0.0485	2.0407	0.2375	12.9529	13.2861
0.0490	2.0406	0.2447	12.9159	13.3157
0.0495	2.0402	0.2437	12.9605	13.3055
0.0500	2.0402	0.2479	13.0312	13.3151
0.0505	2.0400	0.2483	13.0230	13.3515
0.0510	2.0399	0.2445	12.9820	13.3113
0.0515	2.0401	0.2457	13.0181	13.2963
0.0520	2.0399	0.2504	13.0908	13.2844
0.0525	2.0393	0.2567	13.0951	13.2923
0.0530	2.0398	0.2531	13.0532	13.3063
0.0535	2.0395	0.2560	13.0664	13.3381
0.0540	2.0390	0.2602	13.1252	13.3340
0.0545	2.0391	0.2544	13.1582	13.3420
0.0550	2.0393	0.2521	13.1297	13.3217
0.0555	2.0401	0.2520	13.1263	13.2917
0.0560	2.0399	0.2533	13.1799	13.2654
0.0565	2.0404	0.2449	13.2216	13.2304
0.0570	2.0401	0.2475	13.2106	13.2265
0.0575	2.0407	0.2473	13.1944	13.2550
0.0580	2.0399	0.2449	13.2349	13.2780
0.0585	2.0395	0.2502	13.2853	13.3178
0.0590	2.0395	0.2511	13.2817	13.3823
0.0595	2.0391	0.2551	13.2636	13.4373
0.0600	2.0388	0.2585	13.2920	13.4525
0.0605	2.0391	0.2549	13.3401	13.4343
0.0610	2.0391	0.2554	13.3432	13.4127
0.0615	2.0390	0.2605	13.3119	13.3859
0.0620	2.0387	0.2577	13.3159	13.3520
0.0625	2.0389	0.2588	13.3661	13.3382
0.0630	2.0402	0.2466	13.3937	13.3250
0.0635	2.0402	0.2414	13.3625	13.3134
0.0640	2.0407	0.2334	13.3567	13.3142
0.0645	2.0421	0.2276	13.3970	13.3442
0.0650	2.0428	0.2136	13.4142	13.3503
0.0655	2.0433	0.2123	13.3870	13.3483
0.0660	2.0441	0.2031	13.3770	13.3508
0.0665	2.0441	0.1978	13.4157	13.3384
0.0670	2.0442	0.2008	13.4480	13.3199
0.0675	2.0443	0.2051	13.4248	13.3237
0.0680	2.0443	0.2037	13.4184	13.3176
0.0685	2.0447	0.1948	13.4558	13.3121
0.0690	2.0445	0.1980	13.4873	13.2991
0.0695	2.0443	0.1989	13.4645	13.3041
0.0700	2.0441	0.2061	13.4505	13.2903
0.0705	2.0441	0.2036	13.4886	13.2819
0.0710	2.0437	0.2059	13.5168	13.2771
0.0715	2.0435	0.2120	13.4887	13.2761
0.0720	2.0438	0.2042	13.4722	13.3134
0.0725	2.0439	0.2080	13.4889	13.3376
0.0730	2.0440	0.2070	13.5249	13.3609
0.0735	2.0434	0.2131	13.5029	13.3606
0.0740	2.0431	0.2113	13.4758	13.3705
0.0745	2.0430	0.2149	13.4600	13.3734
0.0750	2.0429	0.2176	13.5071	13.3714
0.0755	2.0431	0.2175	13.3966	13.3654
0.0760	2.0423	0.2192	13.1841	13.3486
0.0765	2.0414	0.2287	13.1826	13.3485
0.0770	2.0423	0.2242	13.2053	13.3415
0.0775	2.0435	0.2132	13.2321	13.3227
0.0780	2.0440	0.2035	13.2165	13.2980
0.0785	2.0441	0.2066	13.2295	13.2944
0.0790	2.0439	0.2073	13.2782	13.2907
0.0795	2.0438	0.2048	13.3030	13.2964
0.0800	2.0440	0.2113	13.2932	13.3059
0.0805	2.0438	0.2080	13.3051	13.3355
0.0810	2.0432	0.2130	13.3488	13.3671
0.0815	2.0433	0.2099	13.3853	13.3838
0.0820	2.0428	0.2147	13.3802	13.3980
0.0825	2.0425	0.2184	13.3810	13.4074
0.0830	2.0424	0.2251	13.4156	13.3985
0.0835	2.0410	0.2297	13.4483	13.3889
0.0840	2.0406	0.2386	13.4504	13.3768
0.0845	2.0421	0.2279	13.4533	13.3560
0.0850	2.0420	0.2231	13.4777	13.3284
0.0855	2.0416	0.2314	13.4965	13.2993
0.0860	2.0417	0.2272	13.4948	13.3003
0.0865	2.0425	0.2189	13.4994	13.2940
0.0870	2.0430	0.2140	13.5240	13.2940
0.0875	2.0434	0.2154	13.5500	13.2955
0.0880	2.0437	0.2050	13.5583	13.3003
0.0885	2.0443	0.2026	13.5482	13.3042
0.0890	2.0443	0.1917	13.5544	13.3276
0.0895	2.0445	0.1958	13.5799	13.3386
0.0900	2.0445	0.2024	13.5920	13.3400
0.0905	2.0431	0.2116	13.5669	13.3264
0.0910	2.0427	0.2178	13.5605	13.3132
0.0915	2.0422	0.2219	13.5905	13.2922
0.0920	2.0426	0.2251	13.6048	13.2613
0.0925	2.0415	0.2216	13.5886	13.2532
0.0930	2.0411	0.2284	13.5732	13.2198
0.0935	2.0413	0.2310	13.5950	13.1970
0.0940	2.0402	0.2437	13.6070	13.2252
0.0945	2.0404	0.2453	13.5863	13.2347
0.0950	2.0404	0.2468	13.5808	13.2524
0.0955	2.0402	0.2437	13.5994	13.2710
0.0960	2.0402	0.2520	13.5975	13.2826
0.0965	2.0401	0.2461	13.5726	13.2591
0.0970	2.0408	0.2402	13.5665	13.2489
0.0975	2.0401	0.2488	13.5682	13.2347
0.0980	2.0398	0.2492	13.5520	13.2368
0.0985	2.0393	0.2511	13.5287	13.2436
0.0990	2.0400	0.2464	13.5101	13.2516
0.0995	2.0405	0.2442	13.5015	13.2695
0.1000	2.0407	0.2378	13.4889	13.2846
0.1005	2.0411	0.2335	13.4571	13.2895
0.1010	2.0403	0.2438	13.4378	13.2972
0.1015	2.0400	0.2457	13.4287	13.3029
0.1020	2.0404	0.2448	13.4231	13.3011
0.1025	2.0397	0.2504	13.3859	13.3036
0.1030	2.0398	0.2465	13.3624	13.3176
0.1035	2.0395	0.2555	13.3410	13.3261
0.1040	2.0390	0.2543	13.3397	13.3407
0.1045	2.0384	0.2643	13.2679	13.3627
0.1050	2.0384	0.2650	13.1550	13.3766
0.1055	2.0380	0.2680	13.2249	13.3914
0.1060	2.0376	0.2749	13.1952	13.3922
0.1065	2.0375	0.2810	13.1617	13.3854
0.1070	2.0368	0.2756	13.1484	13.3684
0.1075	2.0380	0.2716	13.1775	13.3351
0.1080	2.0377	0.2729	13.1375	13.3110
0.1085	2.0386	0.2620	13.0872	13.2754
0.1090	2.0392	0.2564	13.0304	13.2716
0.1095	2.0390	0.2576	13.0185	13.2646
0.1100	2.0387	0.2587	12.8054	13.2905
0.1105	2.0394	0.2549	12.7317	13.3142
0.1110	2.0393	0.2523	12.7708	13.3422
0.1115	2.0397	0.2485	12.7843	13.3568
0.1120	2.0389	0.2490	12.8188	13.3923
0.1125	2.0402	0.2449	12.8083	13.3993
0.1130	2.0403	0.2437	12.8178	13.3593
0.1135	2.0399	0.2531	12.8452	13.3312
0.1140	2.0409	0.2375	12.8748	13.3028
0.1145	2.0423	0.2215	12.8570	13.2706
0.1150	2.0440	0.2060	12.8622	13.2472
0.1155	2.0437	0.2063	12.8966	13.2288
0.1160	2.0437	0.2045	12.9336	13.2647
0.1165	2.0441	0.1979	12.9349	13.2877
0.1170	2.0447	0.1980	12.9271	13.3264
0.1175	2.0461	0.1823	12.9578	13.3386
0.1180	2.0457	0.1925	13.0052	13.3251
0.1185	2.0455	0.1914	13.0082	13.3073
0.1190	2.0459	0.1832	13.0062	13.2725
0.1195	2.0458	0.1891	13.0335	13.2583
0.1200	2.0448	0.1948	13.0565	13.2545
0.1205	2.0439	0.2039	13.0577	13.2788
0.1210	2.0446	0.2027	13.0668	13.3208
0.1215	2.0443	0.1998	13.1038	13.3488
0.1220	2.0450	0.1944	13.1309	13.3650
0.1225	2.0438	0.1996	13.1305	13.3526
0.1230	2.0435	0.2020	13.1362	13.3423
0.1235	2.0430	0.2120	13.1632	13.3394
0.1240	2.0429	0.2204	13.1963	13.3307
0.1245	2.0418	0.2282	13.1974	13.3233
0.1250	2.0415	0.2313	13.2048	13.3431
0.1255	2.0420	0.2226	13.2317	13.3516
0.1260	2.0418	0.2301	13.2600	13.3457
0.1265	2.0413	0.2290	13.2619	13.3571
0.1270	2.0437	0.2106	13.2610	13.3707
0.1275	2.0434	0.2110	13.2767	13.3574
0.1280	2.0432	0.2116	13.2996	13.3575
0.1285	2.0436	0.2095	13.3145	13.3715
0.1290	2.0434	0.2089	13.3254	13.3710
0.1295	2.0438	0.2095	13.3303	13.3771
0.1300	2.0442	0.2062	13.3421	13.3614
0.1305	2.0439	0.2087	13.3536	13.3398
0.1310	2.0436	0.2103	13.3646	13.3301
0.1315	2.0432	0.2165	13.3782	13.3055
0.1320	2.0424	0.2192	13.3908	13.3055
0.1325	2.0425	0.2211	13.3943	13.3156
0.1330	2.0419	0.2239	13.3970	13.3297
0.1335	2.0422	0.2269	13.4140	13.3393
0.1340	2.0429	0.2154	13.4294	13.3450
0.1345	2.0422	0.2197	13.4188	13.3461
0.1350	2.0423	0.2229	13.4125	13.3468
0.1355	2.0425	0.2210	13.4335	13.3481
0.1360	2.0421	0.2257	13.4595	13.3360
0.1365	2.0419	0.2239	13.4560	13.3089
0.1370	2.0412	0.2323	13.4488	13.2870
0.1375	2.0414	0.2313	13.4757	13.2544
0.1380	2.0411	0.2399	13.5071	13.2498
0.1385	2.0407	0.2393	13.4947	13.2318
0.1390	2.0401	0.2427	13.4758	13.2334
0.1395	2.0398	0.2460	13.4953	13.2349
0.1400	2.0397	0.2527	13.5405	13.2466
0.1405	2.0391	0.2509	13.5139	13.2640
0.1410	2.0393	0.2484	13.4748	13.2879
0.1415	2.0391	0.2518	13.4652	13.2950
0.1420	2.0394	0.2496	13.5374	13.3046
0.1425	2.0397	0.2526	13.3912	13.3067
0.1430	2.0397	0.2501	13.1544	13.3186
0.1435	2.0400	0.2522	13.1423	13.3210
0.1440	2.0401	0.2447	13.1887	13.3138
0.1445	2.0393	0.2543	13.2173	13.3225
0.1450	2.0388	0.2564	13.2039	13.3526
0.1455	2.0386	0.2635	13.2376	13.3557
0.1460	2.0392	0.2576	13.2840	13.3444
0.1465	2.0393	0.2559	13.3155	13.3321
0.1470	2.0397	0.2557	13.2940	13.3075
0.1475	2.0392	0.2629	13.2844	13.2836
0.1480	2.0390	0.2578	13.3275	13.2715
0.1485	2.0390	0.2552	13.3579	13.2710
0.1490	2.0388	0.2564	13.3569	13.2722
0.1495	2.0394	0.2569	13.3687	13.2925
0.1500	2.0396	0.2523	13.4068	13.2959
0.1505	2.0404	0.2452	13.4322	13.3034
0.1510	2.0403	0.2449	13.4208	13.2981
0.1515	2.0410	0.2405	13.4337	13.2793
0.1520	2.0408	0.2352	13.4680	13.2561
0.1525	2.0416	0.2360	13.4934	13.2111
0.1530	2.0420	0.2274	13.4884	13.1885
0.1535	2.0425	0.2254	13.4917	13.1771
0.1540	2.0425	0.2201	13.5262	13.1740
0.1545	2.0431	0.2148	13.5533	13.1818
0.1550	2.0432	0.2064	13.5480	13.2420
0.1555	2.0447	0.1995	13.5295	13.2650
0.1560	2.0455	0.1909	13.5573	13.2754
0.1565	2.0447	0.1940	13.5979	13.2803
0.1570	2.0448	0.2030	13.5826	13.2740
0.1575	2.0438	0.2020	13.5595	13.2809
0.1580	2.0438	0.2098	13.5915	13.2863
0.1585	2.0447	0.1952	13.6257	13.2769
0.1590	2.0453	0.1879	13.5965	13.2483
0.1595	2.0461	0.1806	13.5678	13.2136
0.1600	2.0453	0.1874	13.6003	13.1767
0.1605	2.0465	0.1800	13.6420	13.1539
0.1610	2.0467	0.1685	13.6215	13.1348
0.1615	2.0466	0.1816	13.5871	13.1314
0.1620	2.0456	0.1869	13.6023	13.1421
0.1625	2.0460	0.1838	13.6408	13.1897
0.1630	2.0452	0.1912	13.6120	13.2233
0.1635	2.0455	0.1889	13.5753	13.2588
0.1640	2.0456	0.1832	13.5879	13.2696
0.1645	2.0459	0.1803	13.6209	13.2619
0.1650	2.0469	0.1725	13.6045	13.2326
0.1655	2.0473	0.1711	13.5486	13.2183
0.1660	2.0474	0.1682	13.5257	13.2084
0.1665	2.0482	0.1585	13.5563	13.1909
0.1670	2.0477	0.1635	13.5570	13.2200
0.1675	2.0464	0.1720	13.4966	13.2801
0.1680	2.0463	0.1855	13.4577	13.3348
0.1685	2.0461	0.1805	13.4807	13.3779
0.1690	2.0456	0.1832	13.4867	13.3830
0.1695	2.0454	0.1862	13.4188	13.3504
0.1700	2.0451	0.1951	13.3670	13.2951
0.1705	2.0446	0.1974	13.3965	13.2382
0.1710	2.0435	0.2085	13.4044	13.2033
0.1715	2.0426	0.2145	13.3407	13.1778
0.1720	2.0426	0.2222	13.2853	13.2070
0.1725	2.0417	0.2263	13.3048	13.2395
0.1730	2.0412	0.2315	13.3020	13.2885
0.1735	2.0407	0.2385	13.2524	13.3296
0.1740	2.0404	0.2440	13.1355	13.3276
0.1745	2.0399	0.2472	13.1255	13.3051
0.1750	2.0397	0.2511	13.2236	13.2485
0.1755	2.0389	0.2594	13.1858	13.1789
0.1760	2.0385	0.2616	13.0701	13.1319
0.1765	2.0383	0.2644	13.0539	13.1103
0.1770	2.0389	0.2627	13.1237	13.0986
0.1775	2.0388	0.2614	13.0927	13.1396
0.1780	2.0384	0.2605	12.9620	13.2056
0.1785	2.0389	0.2579	12.9005	13.2554
0.1790	2.0391	0.2534	12.8261	13.3130
0.1795	2.0399	0.2546	12.8559	13.3420
0.1800	2.0396	0.2505	12.7856	13.3572
0.1805	2.0395	0.2583	12.7615	13.3412
0.1810	2.0387	0.2587	12.8699	13.3021
0.1815	2.0382	0.2620	12.9279	13.2675
0.1820	2.0388	0.2639	12.8542	13.2417
0.1825	2.0385	0.2618	12.8095	13.2263
0.1830	2.0390	0.2582	12.9110	13.2368
0.1835	2.0385	0.2606	12.9930	13.2553
0.1840	2.0384	0.2658	12.9337	13.2737
0.1845	2.0387	0.2586	12.8708	13.2969
0.1850	2.0388	0.2619	12.9470	13.2950
0.1855	2.0391	0.2621	13.0500	13.2909
0.1860	2.0388	0.2578	13.0224	13.2916
0.1865	2.0393	0.2558	12.9526	13.2758
0.1870	2.0398	0.2510	12.9955	13.2802
0.1875	2.0401	0.2539	13.0939	13.2769
0.1880	2.0402	0.2401	13.0957	13.2855
0.1885	2.0397	0.2473	13.0246	13.2965
0.1890	2.0397	0.2483	13.0433	13.3134
0.1895	2.0399	0.2513	13.1425	13.3381
0.1900	2.0395	0.2493	13.1709	13.3393
0.1905	2.0395	0.2546	13.0993	13.3552
0.1910	2.0398	0.2530	13.0880	13.3586
0.1915	2.0386	0.2635	13.1805	13.3317
0.1920	2.0370	0.2796	13.2305	13.3186
0.1925	2.0361	0.2913	13.1866	13.3144
0.1930	2.0356	0.2970	13.1658	13.3256
0.1935	2.0353	0.2980	13.2361	13.3372
0.1940	2.0351	0.3033	13.2962	13.3411
0.1945	2.0353	0.2972	13.2701	13.3328
0.1950	2.0344	0.3037	13.2380	13.3162
0.1955	2.0356	0.2965	13.2893	13.2984
0.1960	2.0363	0.2865	13.3539	13.2675
0.1965	2.0374	0.2764	13.3280	13.2406
0.1970	2.0386	0.2628	13.2798	13.2029
0.1975	2.0395	0.2554	13.3196	13.1702
0.1980	2.0403	0.2410	13.3936	13.1742
0.1985	2.0417	0.2305	13.3841	13.1795
0.1990	2.0427	0.2204	13.3249	13.1973
0.1995	2.0430	0.2188	13.3369	13.2163
0.2000	2.0423	0.2161	13.4155	13.2398
0.2005	2.0421	0.2271	13.4300	13.2648
0.2010	2.0425	0.2164	13.3717	13.2784
0.2015	2.0437	0.2050	13.3558	13.2602
0.2020	2.0446	0.2035	13.4281	13.2504
0.2025	2.0444	0.2022	13.4615	13.2219
0.2030	2.0449	0.1956	13.4190	13.1974
0.2035	2.0442	0.2021	13.3823	13.1950
0.2040	2.0449	0.1928	13.4425	13.2270
0.2045	2.0450	0.1894	13.4990	13.2521
0.2050	2.0449	0.1953	13.4639	13.2699
0.2055	2.0449	0.1947	13.4073	13.2840
0.2060	2.0440	0.2027	13.4503	13.3005
0.2065	2.0442	0.2092	13.5187	13.3042
0.2070	2.0434	0.2074	13.5122	13.3008
0.2075	2.0438	0.2103	13.4315	13.2741
0.2080	2.0438	0.2070	13.4680	13.2843
0.2085	2.0447	0.2007	13.2617	13.2742
0.2090	2.0445	0.2018	13.0199	13.2639
0.2095	2.0439	0.2025	12.9843	13.2671
0.2100	2.0432	0.2045	13.0066	13.2780
0.2105	2.0437	0.2071	13.1168	13.2986
0.2110	2.0440	0.2048	13.1503	13.3096
0.2115	2.0433	0.2090	13.1127	13.3167
0.2120	2.0435	0.2139	13.1101	13.3202
0.2125	2.0426	0.2183	13.2059	13.3023
0.2130	2.0428	0.2169	13.2566	13.2891
0.2135	2.0423	0.2222	13.2200	13.2544
0.2140	2.0429	0.2197	13.2015	13.2316
0.2145	2.0425	0.2206	13.2780	13.2235
0.2150	2.0426	0.2204	13.3178	13.2110
0.2155	2.0421	0.2275	13.3018	13.2247
0.2160	2.0423	0.2228	13.2875	13.2555
0.2165	2.0417	0.2269	13.3481	13.2857
0.2170	2.0409	0.2382	13.3924	13.3129
0.2175	2.0412	0.2384	13.3633	13.3378
0.2180	2.0414	0.2363	13.3527	13.3358
0.2185	2.0409	0.2406	13.4111	13.3327
0.2190	2.0408	0.2422	13.4598	13.3116
0.2195	2.0404	0.2439	13.4324	13.2853
0.2200	2.0403	0.2446	13.4090	13.2571
0.2205	2.0396	0.2467	13.4734	13.2329
0.2210	2.0394	0.2563	13.5243	13.2230
0.2215	2.0387	0.2578	13.4880	13.2406
0.2220	2.0383	0.2613	13.4526	13.2597
0.2225	2.0383	0.2676	13.5115	13.2751
0.2230	2.0376	0.2728	13.5723	13.2917
0.2235	2.0374	0.2723	13.5374	13.3033
0.2240	2.0373	0.2788	13.4952	13.2966
0.2245	2.0371	0.2748	13.5327	13.2825
0.2250	2.0368	0.2746	13.5961	13.2785
0.2255	2.0372	0.2800	13.5779	13.2572
0.2260	2.0374	0.2737	13.5199	13.2438
0.2265	2.0375	0.2746	13.5443	13.2335
0.2270	2.0379	0.2685	13.6048	13.2717
0.2275	2.0386	0.2648	13.5883	13.2840
0.2280	2.0392	0.2552	13.5431	13.2909
0.2285	2.0403	0.2438	13.5670	13.2961
0.2290	2.0412	0.2385	13.6119	13.2943
0.2295	2.0417	0.2282	13.5914	13.2904
0.2300	2.0408	0.2377	13.5491	13.2933
0.2305	2.0410	0.2422	13.5619	13.3299
0.2310	2.0407	0.2425	13.6111	13.3600
0.2315	2.0403	0.2383	13.5947	13.4005
0.2320	2.0406	0.2388	13.5343	13.4139
0.2325	2.0405	0.2380	13.5325	13.4114
0.2330	2.0409	0.2403	13.5651	13.3959
0.2335	2.0413	0.2381	13.5509	13.3518
0.2340	2.0409	0.2431	13.4938	13.3191
0.2345	2.0408	0.2424	13.4735	13.3217
0.2350	2.0408	0.2357	13.5019	13.3270
0.2355	2.0414	0.2340	13.4985	13.3487
0.2360	2.0405	0.2343	13.4298	13.3547
0.2365	2.0411	0.2355	13.3816	13.3502
0.2370	2.0415	0.2348	13.4087	13.3588
0.2375	2.0427	0.2239	13.4253	13.3533
0.2380	2.0429	0.2128	13.3541	13.3441
0.2385	2.0440	0.2077	13.2982	13.3423
0.2390	2.0439	0.2027	13.3201	13.3405
0.2395	2.0442	0.1991	13.3434	13.3379
0.2400	2.0439	0.2052	13.2760	13.3579
0.2405	2.0434	0.2090	13.2157	13.3892
0.2410	2.0439	0.2083	13.2190	13.4089
0.2415	2.0435	0.2062	13.2416	13.4157
0.2420	2.0436	0.2092	13.0197	13.4183
0.2425	2.0439	0.2111	12.9125	13.3976
0.2430	2.0433	0.2157	12.9538	13.3679
0.2435	2.0423	0.2219	12.9821	13.3407
0.2440	2.0426	0.2184	12.9395	13.3121
0.2445	2.0430	0.2196	12.8851	13.2930
0.2450	2.0437	0.2088	12.9155	13.2832
0.2455	2.0441	0.2077	12.9646	13.2802
0.2460	2.0438	0.2018	12.9145	13.3010
0.2465	2.0440	0.2057	12.8729	13.2969
0.2470	2.0442	0.2021	12.8190	13.3481
0.2475	2.0447	0.2027	12.8317	13.4179
0.2480	2.0449	0.1950	12.8517	13.4259
0.2485	2.0447	0.1913	12.7933	13.4287
0.2490	2.0444	0.1979	12.8114	13.4051
0.2495	2.0447	0.1939	12.8857	13.3762
0.2500	2.0442	0.1986	12.9231	13.3452
0.2505	2.0442	0.1963	12.8756	13.3188
0.2510	2.0447	0.2006	12.8706	13.3142
0.2515	2.0446	0.1977	12.9411	13.3191
0.2520	2.0442	0.2036	12.9997	13.3288
0.2525	2.0439	0.2031	12.9573	13.3500
0.2530	2.0444	0.1974	12.9352	13.3633
0.2535	2.0439	0.1971	13.0028	13.3693
0.2540	2.0444	0.2012	13.0737	13.3768
0.2545	2.0450	0.1947	13.0547	13.3696
0.2550	2.0443	0.2005	13.0052	13.3465
0.2555	2.0440	0.2029	13.0498	13.3278
0.2560	2.0440	0.2028	13.1322	13.3062
0.2565	2.0434	0.2079	13.1215	13.2969
0.2570	2.0433	0.2142	13.0682	13.3155
0.2575	2.0429	0.2134	13.0987	13.3240
0.2580	2.0432	0.2157	13.1867	13.3388
0.2585	2.0422	0.2199	13.1974	13.3526
0.2590	2.0421	0.2224	13.1597	13.3479
0.2595	2.0421	0.2232	13.1772	13.3608
0.2600	2.0418	0.2260	13.2419	13.3624
0.2605	2.0414	0.2339	13.2724	13.3715
0.2610	2.0410	0.2354	13.2444	13.3823
0.2615	2.0408	0.2382	13.2381	13.4021
0.2620	2.0404	0.2426	13.2971	13.4211
0.2625	2.0406	0.2442	13.3357	13.4316
0.2630	2.0404	0.2452	13.3160	13.4204
0.2635	2.0401	0.2499	13.3009	13.4054
0.2640	2.0399	0.2542	13.3448	13.3949
0.2645	2.0393	0.2564	13.3933	13.3632
0.2650	2.0395	0.2504	13.3751	13.3289
0.2655	2.0390	0.2563	13.3444	13.3006
0.2660	2.0389	0.2570	13.3804	13.2798
0.2665	2.0393	0.2597	13.4334	13.2583
0.2670	2.0387	0.2579	13.4202	13.2468
0.2675	2.0382	0.2649	13.3768	13.2464
0.2680	2.0381	0.2661	13.3966	13.2447
0.2685	2.0381	0.2701	13.4510	13.2495
0.2690	2.0377	0.2723	13.4523	13.2556
0.2695	2.0381	0.2705	13.4154	13.2657
0.2700	2.0372	0.2723	13.4293	13.2593
0.2705	2.0372	0.2720	13.4879	13.2485
0.2710	2.0379	0.2717	13.4990	13.2398
0.2715	2.0379	0.2682	13.4675	13.2315
0.2720	2.0385	0.2685	13.4649	13.2097
0.2725	2.0390	0.2592	13.5127	13.1974
0.2730	2.0394	0.2553	13.5339	13.1867
0.2735	2.0388	0.2593	13.4939	13.1913
0.2740	2.0388	0.2593	13.4813	13.2195
0.2745	2.0390	0.2575	13.5349	13.2913
0.2750	2.0397	0.2575	13.4771	13.3089
0.2755	2.0393	0.2570	13.4986	13.3114
0.2760	2.0389	0.2562	13.4687	13.3109
0.2765	2.0396	0.2546	13.4601	13.3073
0.2770	2.0396	0.2534	13.5110	13.3005
0.2775	2.0399	0.2493	13.5253	13.2967
0.2780	2.0398	0.2464	13.4636	13.2825
0.2785	2.0397	0.2529	13.4551	13.2794
0.2790	2.0393	0.2531	13.4972	13.2930
0.2795	2.0395	0.2513	13.4979	13.3022
0.2800	2.0398	0.2538	13.4354	13.2934
0.2805	2.0409	0.2423	13.4142	13.3026
0.2810	2.0407	0.2410	13.4238	13.2819
0.2815	2.0408	0.2394	13.3805	13.2935
0.2820	2.0414	0.2316	13.2550	13.2832
0.2825	2.0413	0.2375	13.2575	13.2863
0.2830	2.0422	0.2289	13.3312	13.2992
0.2835	2.0432	0.2156	13.3450	13.2987
0.2840	2.0426	0.2225	13.3174	13.3247
0.2845	2.0434	0.2127	13.3306	13.3590
0.2850	2.0435	0.2101	13.4197	13.3860
0.2855	2.0436	0.2080	13.4420	13.3928
0.2860	2.0432	0.2096	13.4031	13.3963
0.2865	2.0443	0.2060	13.4064	13.3920
0.2870	2.0444	0.2007	13.4789	13.3600
0.2875	2.0444	0.2021	13.5136	13.3179
0.2880	2.0447	0.1953	13.4708	13.2885
0.2885	2.0449	0.1962	13.4578	13.2436
0.2890	2.0440	0.2061	13.5358	13.2173
0.2895	2.0436	0.2085	13.5767	13.2173
0.2900	2.0434	0.2099	13.5243	13.2356
0.2905	2.0439	0.2026	13.4981	13.2436
0.2910	2.0442	0.1978	13.5658	13.2612
0.2915	2.0442	0.1981	13.6173	13.2653
0.2920	2.0444	0.2045	13.5737	13.2351
0.2925	2.0435	0.2110	13.5319	13.2401
0.2930	2.0437	0.2076	13.5826	13.2114
0.2935	2.0445	0.1978	13.6358	13.1919
0.2940	2.0443	0.2000	13.5953	13.1665
0.2945	2.0436	0.2057	13.5426	13.1687
0.2950	2.0431	0.2139	13.5911	13.1641
0.2955	2.0426	0.2179	13.6554	13.1867
0.2960	2.0424	0.2195	13.6247	13.1995
0.2965	2.0430	0.2206	13.5614	13.2353
0.2970	2.0437	0.2046	13.5814	13.2354
0.2975	2.0438	0.2081	13.6538	13.2644
0.2980	2.0434	0.2115	13.6471	13.2791
0.2985	2.0432	0.2108	13.5633	13.2947
0.2990	2.0433	0.2158	13.5560	13.3091
0.2995	2.0429	0.2163	13.6248	13.3110
0.3000	2.0432	0.2213	13.6341	13.3308
0.3005	2.0432	0.2177	13.5517	13.3266
0.3010	2.0426	0.2177	13.5156	13.3436
0.3015	2.0420	0.2233	13.5738	13.3519
0.3020	2.0423	0.2284	13.5922	13.3572
0.3025	2.0419	0.2354	13.5000	13.3528
0.3030	2.0420	0.2283	13.4436	13.3423
0.3035	2.0417	0.2324	13.4901	13.3226
0.3040	2.0424	0.2304	13.5235	13.3010
0.3045	2.0423	0.2272	13.4533	13.2956
0.3050	2.0421	0.2219	13.3681	13.2959
0.3055	2.0424	0.2138	13.3918	13.3164
0.3060	2.0428	0.2156	13.4403	13.3317
0.3065	2.0427	0.2198	13.3895	13.3701
0.3070	2.0422	0.2236	13.2891	13.3938
0.3075	2.0421	0.2269	13.3114	13.4173
0.3080	2.0417	0.2270	13.3734	13.4128
0.3085	2.0414	0.2349	13.3214	13.3852
0.3090	2.0410	0.2360	13.1692	13.3389
0.3095	2.0413	0.2301	13.1972	13.3054
0.3100	2.0404	0.2389	13.1436	13.2691
0.3105	2.0402	0.2452	12.8622	13.2436
0.3110	2.0396	0.2486	12.7089	13.2311
0.3115	2.0387	0.2585	12.7320	13.2452
0.3120	2.0390	0.2492	12.8325	13.2640
0.3125	2.0397	0.2509	12.8341	13.2787
0.3130	2.0397	0.2511	12.7566	13.2856
0.3135	2.0405	0.2498	12.7531	13.2826
0.3140	2.0402	0.2433	12.8643	13.2588
0.3145	2.0403	0.2415	12.9025	13.2367
0.3150	2.0409	0.2359	12.8334	13.2028
0.3155	2.0419	0.2298	12.8202	13.1836
0.3160	2.0413	0.2351	12.9055	13.1778
0.3165	2.0405	0.2405	12.9622	13.1891
0.3170	2.0411	0.2346	12.9013	13.1922
0.3175	2.0408	0.2452	12.8659	13.2115
0.3180	2.0401	0.2481	12.9501	13.2286
0.3185	2.0397	0.2550	13.0286	13.2369
0.3190	2.0394	0.2514	12.9823	13.2427
0.3195	2.0392	0.2548	12.9350	13.2249
0.3200	2.0395	0.2523	13.0097	13.2018
0.3205	2.0397	0.2509	13.0914	13.1889
0.3210	2.0398	0.2540	13.0556	13.1642
0.3215	2.0391	0.2493	13.0099	13.1640
0.3220	2.0400	0.2493	13.0775	13.1719
0.3225	2.0410	0.2408	13.1691	13.2143
0.3230	2.0408	0.2431	13.1401	13.2588
0.3235	2.0416	0.2310	13.0732	13.2897
0.3240	2.0425	0.2235	13.1305	13.2963
0.3245	2.0426	0.2213	13.2415	13.3124
0.3250	2.0429	0.2124	13.2162	13.2961
0.3255	2.0424	0.2240	13.1339	13.2751
0.3260	2.0426	0.2182	13.1712	13.2893
0.3265	2.0426	0.2188	13.2922	13.2862
0.3270	2.0434	0.2076	13.3015	13.2792
0.3275	2.0421	0.2157	13.2156	13.2799
0.3280	2.0428	0.2138	13.2225	13.2908
0.3285	2.0420	0.2295	13.3446	13.3098
0.3290	2.0422	0.2264	13.3925	13.3340
0.3295	2.0421	0.2228	13.3118	13.3291
0.3300	2.0428	0.2242	13.2793	13.3327
0.3305	2.0434	0.2133	13.3906	13.3053
0.3310	2.0434	0.2110	13.4717	13.2671
0.3315	2.0439	0.2113	13.3902	13.2218
0.3320	2.0428	0.2193	13.3176	13.2034
0.3325	2.0426	0.2151	13.4125	13.1838
0.3330	2.0427	0.2237	13.5175	13.1828
0.3335	2.0436	0.2140	13.4567	13.1872
0.3340	2.0437	0.2068	13.3542	13.1947
0.3345	2.0434	0.2121	13.4142	13.1901
0.3350	2.0435	0.2095	13.5508	13.1926
0.3355	2.0434	0.2127	13.5226	13.1894
0.3360	2.0436	0.2154	13.4040	13.1895
0.3365	2.0435	0.2091	13.4193	13.1994
0.3370	2.0429	0.2123	13.5601	13.1961
0.3375	2.0439	0.2061	13.5637	13.1881
0.3380	2.0427	0.2160	13.4476	13.1874
0.3385	2.0425	0.2182	13.4370	13.2226
0.3390	2.0423	0.2201	13.5644	13.2459
0.3395	2.0422	0.2292	13.6016	13.2233
0.3400	2.0421	0.2272	13.5043	13.2044
0.3405	2.0417	0.2285	13.4549	13.1998
0.3410	2.0411	0.2361	13.5756	13.1972
0.3415	2.0406	0.2408	13.6425	13.1790
0.3420	2.0405	0.2426	13.5557	13.1747
0.3425	2.0403	0.2393	13.3906	13.1697
0.3430	2.0407	0.2421	13.5252	13.1810
0.3435	2.0406	0.2421	13.6659	13.2036
0.3440	2.0407	0.2397	13.5050	13.2156
0.3445	2.0403	0.2430	13.4059	13.2209
0.3450	2.0407	0.2412	13.5240	13.2231
0.3455	2.0403	0.2428	13.6531	13.2535
0.3460	2.0402	0.2468	13.5234	13.2922
0.3465	2.0399	0.2475	13.3814	13.2866
0.3470	2.0394	0.2493	13.4668	13.2694
0.3475	2.0399	0.2492	13.6127	13.2918
0.3480	2.0406	0.2433	13.5232	13.3000
0.3485	2.0406	0.2412	13.3556	13.2924
0.3490	2.0416	0.2325	13.3850	13.3041
0.3495	2.0422	0.2234	13.5433	13.2941
0.3500	2.0429	0.2210	13.4547	13.3027
0.3505	2.0426	0.2213	13.2171	13.3094
0.3510	2.0427	0.2175	13.2916	13.3274
0.3515	2.0423	0.2244	13.4600	13.3350
0.3520	2.0417	0.2281	13.4299	13.3506
0.3525	2.0412	0.2354	13.2828	13.3827
0.3530	2.0405	0.2416	13.3378	13.3774
0.3535	2.0401	0.2514	13.5283	13.3564
0.3540	2.0390	0.2561	13.5333	13.3258
0.3545	2.0389	0.2570	13.3660	13.2886
0.3550	2.0399	0.2499	13.3792	13.2516
0.3555	2.0399	0.2514	13.5849	13.2157
0.3560	2.0403	0.2490	13.6148	13.2070
0.3565	2.0393	0.2549	13.4372	13.1945
0.3570	2.0394	0.2535	13.4015	13.2224
0.3575	2.0391	0.2589	13.5872	13.2511
0.3580	2.0392	0.2602	13.6618	13.2805
0.3585	2.0394	0.2483	13.4979	13.2934
0.3590	2.0399	0.2486	13.4143	13.3047
0.3595	2.0404	0.2431	13.5795	13.3040
0.3600	2.0411	0.2381	13.7017	13.3006
0.3605	2.0412	0.2346	13.5608	13.2796
0.3610	2.0409	0.2354	13.4335	13.2692
0.3615	2.0406	0.2381	13.5672	13.2805
0.3620	2.0405	0.2460	13.7164	13.2804
0.3625	2.0402	0.2446	13.6035	13.3003
0.3630	2.0402	0.2422	13.4405	13.3086
0.3635	2.0397	0.2427	13.5327	13.3200
0.3640	2.0402	0.2456	13.7130	13.3109
0.3645	2.0404	0.2489	13.6395	13.2873
0.3650	2.0398	0.2498	13.4516	13.2596
0.3655	2.0403	0.2439	13.4954	13.2309
0.3660	2.0397	0.2492	13.6903	13.2066
0.3665	2.0401	0.2446	13.6630	13.2026
0.3670	2.0397	0.2499	13.4585	13.2390
0.3675	2.0395	0.2480	13.4394	13.3069
0.3680	2.0398	0.2581	13.6197	13.3752
0.3685	2.0401	0.2432	13.6341	13.3914
0.3690	2.0407	0.2368	13.4332	13.3986
0.3695	2.0408	0.2380	13.3687	13.3814
0.3700	2.0416	0.2305	13.5293	13.3643
0.3705	2.0415	0.2287	13.5877	13.3433
0.3710	2.0421	0.2254	13.3916	13.3150
0.3715	2.0421	0.2256	13.2789	13.3177
0.3720	2.0421	0.2206	13.4226	13.3038
0.3725	2.0428	0.2166	13.5166	13.3084
0.3730	2.0433	0.2150	13.3496	13.3286
0.3735	2.0436	0.2045	13.1828	13.3471
0.3740	2.0444	0.1981	13.2971	13.3549
0.3745	2.0447	0.1932	13.4304	13.3362
0.3750	2.0452	0.1941	13.3060	13.3316
0.3755	2.0451	0.1928	13.0945	13.3077
0.3760	2.0451	0.1896	13.1730	13.2916
0.3765	2.0454	0.1918	13.3305	13.2914
0.3770	2.0443	0.1927	13.2640	13.2951
0.3775	2.0444	0.2045	12.9234	13.3071
0.3780	2.0441	0.2084	12.6218	13.3158
0.3785	2.0439	0.2101	12.7977	13.3337
0.3790	2.0439	0.2085	12.7945	13.3241
0.3795	2.0442	0.2092	12.6134	13.3199
0.3800	2.0434	0.2070	12.5882	13.3075
0.3805	2.0438	0.2128	12.8155	13.3048
0.3810	2.0440	0.2021	12.8776	13.2475
0.3815	2.0434	0.2083	12.7031	13.2387
0.3820	2.0442	0.2048	12.6333	13.2483
0.3825	2.0445	0.2017	12.8193	13.2695
0.3830	2.0446	0.1987	12.9252	13.3316
0.3835	2.0444	0.2090	12.7841	13.3389
0.3840	2.0435	0.2085	12.6689	13.3578
0.3845	2.0429	0.2151	12.8415	13.3520
0.3850	2.0431	0.2122	12.9949	13.3355
0.3855	2.0423	0.2210	12.8692	13.2951
0.3860	2.0417	0.2298	12.7200	13.2492
0.3865	2.0414	0.2272	12.8603	13.2034
0.3870	2.0414	0.2319	13.0485	13.1716
0.3875	2.0410	0.2334	12.9642	13.1450
0.3880	2.0406	0.2367	12.7909	13.1611
0.3885	2.0405	0.2426	12.8925	13.2068
0.3890	2.0409	0.2359	13.1086	13.2460
0.3895	2.0415	0.2382	13.0639	13.2720
0.3900	2.0412	0.2322	12.8757	13.2872
0.3905	2.0415	0.2378	12.9295	13.2841
0.3910	2.0413	0.2334	13.1596	13.2515
0.3915	2.0416	0.2316	13.1609	13.2567
0.3920	2.0414	0.2291	12.9505	13.2556
0.3925	2.0412	0.2358	12.9568	13.2482
0.3930	2.0413	0.2377	13.1923	13.2674
0.3935	2.0410	0.2384	13.2402	13.2820
0.3940	2.0407	0.2347	13.0454	13.3050
0.3945	2.0407	0.2385	12.9975	13.3301
0.3950	2.0405	0.2490	13.2244	13.3340
0.3955	2.0398	0.2452	13.3284	13.3364
0.3960	2.0391	0.2578	13.1616	13.3161
0.3965	2.0389	0.2629	13.0701	13.2977
0.3970	2.0383	0.2638	13.2431	13.2622
0.3975	2.0390	0.2629	13.3795	13.2400
0.3980	2.0383	0.2646	13.2502	13.2309
0.3985	2.0382	0.2670	13.1332	13.2262
0.3990	2.0375	0.2669	13.2752	13.2413
0.3995	2.0376	0.2689	13.4356	13.2647
0.4000	2.0384	0.2662	13.3352	13.2733
0.4005	2.0389	0.2593	13.1788	13.2879
0.4010	2.0396	0.2538	13.2743	13.2737
0.4015	2.0392	0.2592	13.4547	13.2505
0.4020	2.0399	0.2599	13.3952	13.2266
0.4025	2.0395	0.2493	13.2259	13.2021
0.4030	2.0397	0.2516	13.2798	13.2056
0.4035	2.0407	0.2445	13.4639	13.2329
0.4040	2.0403	0.2395	13.4419	13.2758
0.4045	2.0405	0.2383	13.2731	13.3288
0.4050	2.0411	0.2323	13.2899	13.3940
0.4055	2.0406	0.2395	13.4711	13.4046
0.4060	2.0403	0.2425	13.4800	13.4042
0.4065	2.0410	0.2374	13.3217	13.3799
0.4070	2.0410	0.2396	13.3130	13.3254
0.4075	2.0408	0.2427	13.4980	13.2670
0.4080	2.0400	0.2443	13.5343	13.2198
0.4085	2.0399	0.2561	13.3696	13.1842
0.4090	2.0398	0.2501	13.3285	13.1836
0.4095	2.0394	0.2478	13.4922	13.1819
0.4100	2.0401	0.2499	13.5567	13.2119
0.4105	2.0410	0.2363	13.4150	13.2194
0.4110	2.0413	0.2284	13.3218	13.2218
0.4115	2.0415	0.2333	13.4704	13.2239
0.4120	2.0413	0.2301	13.5014	13.2384
0.4125	2.0412	0.2337	13.3881	13.2277
0.4130	2.0415	0.2324	13.3046	13.2194
0.4135	2.0418	0.2292	13.3948	13.2363
0.4140	2.0419	0.2272	13.4976	13.2431
0.4145	2.0426	0.2200	13.4097	13.2558
0.4150	2.0437	0.2147	13.2943	13.2801
0.4155	2.0436	0.2053	13.3516	13.3075
0.4160	2.0434	0.2077	13.4522	13.3353
0.4165	2.0440	0.2037	13.3747	13.3595
0.4170	2.0448	0.1974	13.2394	13.3753
0.4175	2.0449	0.1967	13.2758	13.3600
0.4180	2.0450	0.1962	13.3782	13.3372
0.4185	2.0440	0.2052	13.3223	13.3227
0.4190	2.0444	0.2027	13.1698	13.3256
0.4195	2.0436	0.2048	13.1876	13.3496
0.4200	2.0430	0.2088	13.3395	13.3605
0.4205	2.0423	0.2238	13.3562	13.3819
0.4210	2.0427	0.2170	13.2439	13.3944
0.4215	2.0433	0.2177	13.2378	13.3752
0.4220	2.0436	0.2114	13.3830	13.3442
0.4225	2.0434	0.2125	13.4482	13.3020
0.4230	2.0433	0.2143	13.3343	13.2754
0.4235	2.0437	0.2101	13.2803	13.2549
0.4240	2.0427	0.2155	13.4083	13.2679
0.4245	2.0425	0.2182	13.5033	13.2870
0.4250	2.0422	0.2224	13.4087	13.3061
0.4255	2.0417	0.2291	13.3339	13.3419
0.4260	2.0416	0.2329	13.4447	13.3479
0.4265	2.0413	0.2319	13.5412	13.3464
0.4270	2.0410	0.2352	13.4640	13.3506
0.4275	2.0409	0.2360	13.3755	13.3536
0.4280	2.0410	0.2405	13.4605	13.3432
0.4285	2.0402	0.2408	13.5701	13.3154
0.4290	2.0404	0.2427	13.5016	13.3002
0.4295	2.0398	0.2428	13.3955	13.2835
0.4300	2.0400	0.2437	13.4477	13.2840
0.4305	2.0403	0.2446	13.5605	13.2816
0.4310	2.0407	0.2475	13.5296	13.2809
0.4315	2.0403	0.2443	13.4209	13.2642
0.4320	2.0404	0.2451	13.4381	13.2565
0.4325	2.0403	0.2437	13.5482	13.2358
0.4330	2.0409	0.2408	13.5435	13.2131
0.4335	2.0408	0.2402	13.4418	13.2052
0.4340	2.0408	0.2372	13.4282	13.1957
0.4345	2.0413	0.2357	13.5186	13.2122
0.4350	2.0411	0.2349	13.5312	13.2171
0.4355	2.0413	0.2319	13.4293	13.2470
0.4360	2.0405	0.2362	13.3919	13.2908
0.4365	2.0408	0.2366	13.4707	13.3046
0.4370	2.0409	0.2377	13.4947	13.2990
0.4375	2.0402	0.2434	13.3968	13.2897
0.4380	2.0409	0.2390	13.3388	13.2868
0.4385	2.0407	0.2375	13.3949	13.2842
0.4390	2.0404	0.2395	13.4289	13.2809
0.4395	2.0398	0.2487	13.3394	13.3009
0.4400	2.0399	0.2541	13.2648	13.3075
0.4405	2.0389	0.2611	13.3071	13.3260
0.4410	2.0393	0.2599	13.3574	13.3467
0.4415	2.0386	0.2572	13.2733	13.3500
0.4420	2.0390	0.2552	13.1955	13.3529
0.4425	2.0386	0.2609	13.2234	13.3369
0.4430	2.0384	0.2600	13.2722	13.3301
0.4435	2.0383	0.2623	13.1791	13.3109
0.4440	2.0378	0.2705	13.1198	13.3135
0.4445	2.0380	0.2726	13.0411	13.3132
0.4450	2.0384	0.2657	12.6593	13.3243
0.4455	2.0382	0.2667	12.6071	13.3256
0.4460	2.0382	0.2639	12.5749	13.3250
0.4465	2.0384	0.2641	12.6282	13.3160
0.4470	2.0378	0.2687	12.6858	13.2984
0.4475	2.0376	0.2769	12.6841	13.2740
0.4480	2.0376	0.2756	12.6494	13.2601
0.4485	2.0379	0.2707	12.6764	13.2451
0.4490	2.0386	0.2663	12.7439	13.2319
0.4495	2.0385	0.2573	12.7441	13.2296
0.4500	2.0386	0.2624	12.6829	13.2619
0.4505	2.0389	0.2602	12.7202	13.2760
0.4510	2.0393	0.2540	12.8068	13.2785
0.4515	2.0404	0.2484	12.8150	13.2675
0.4520	2.0398	0.2490	12.7405	13.2464
0.4525	2.0398	0.2444	12.7453	13.2268
0.4530	2.0407	0.2416	12.8501	13.1947
0.4535	2.0406	0.2416	12.8867	13.1767
0.4540	2.0407	0.2404	12.8143	13.1670
0.4545	2.0402	0.2456	12.8015	13.1685
0.4550	2.0393	0.2582	12.9002	13.1876
0.4555	2.0386	0.2624	12.9679	13.2199
0.4560	2.0389	0.2646	12.9218	13.2489
0.4565	2.0391	0.2555	12.8920	13.2510
0.4570	2.0394	0.2557	12.9650	13.2531
0.4575	2.0399	0.2516	13.0325	13.2329
0.4580	2.0399	0.2499	12.9896	13.2182
0.4585	2.0391	0.2595	12.9562	13.2350
0.4590	2.0395	0.2540	13.0261	13.2261
0.4595	2.0399	0.2459	13.0998	13.2504
0.4600	2.0406	0.2440	13.0657	13.2686
0.4605	2.0405	0.2431	13.0132	13.2960
0.4610	2.0404	0.2416	13.0725	13.3187
0.4615	2.0406	0.2429	13.1626	13.3420
0.4620	2.0404	0.2413	13.1538	13.3505
0.4625	2.0409	0.2383	13.0971	13.3459
0.4630	2.0405	0.2448	13.1348	13.3154
0.4635	2.0403	0.2406	13.2344	13.2936
0.4640	2.0404	0.2427	13.2372	13.2899
0.4645	2.0405	0.2418	13.1748	13.2792
0.4650	2.0403	0.2453	13.1974	13.2961
0.4655	2.0403	0.2392	13.2910	13.3330
0.4660	2.0406	0.2416	13.3206	13.3406
0.4665	2.0406	0.2409	13.2526	13.3779
0.4670	2.0403	0.2382	13.2398	13.3660
0.4675	2.0409	0.2444	13.3365	13.3856
0.4680	2.0403	0.2440	13.3841	13.3695
0.4685	2.0405	0.2424	13.3135	13.3329
0.4690	2.0409	0.2410	13.2757	13.2965
0.4695	2.0407	0.2361	13.3607	13.2729
0.4700	2.0402	0.2438	13.4293	13.2623
0.4705	2.0400	0.2491	13.3765	13.2772
0.4710	2.0400	0.2452	13.3204	13.2863
0.4715	2.0403	0.2425	13.3805	13.3114
0.4720	2.0403	0.2405	13.4570	13.3052
0.4725	2.0404	0.2442	13.4198	13.3420
0.4730	2.0399	0.2503	13.3566	13.3426
0.4735	2.0396	0.2475	13.3995	13.3092
0.4740	2.0396	0.2505	13.4791	13.2803
0.4745	2.0399	0.2458	13.4634	13.2389
0.4750	2.0399	0.2516	13.3919	13.2245
0.4755	2.0394	0.2549	13.4272	13.2125
0.4760	2.0393	0.2508	13.5165	13.2253
0.4765	2.0394	0.2541	13.5176	13.2531
0.4770	2.0388	0.2576	13.4462	13.2653
0.4775	2.0393	0.2590	13.4393	13.2832
0.4780	2.0384	0.2637	13.5187	13.2839
0.4785	2.0381	0.2641	13.5481	13.2605
0.4790	2.0381	0.2667	13.4701	13.2649
0.4795	2.0379	0.2667	13.4491	13.2667
0.4800	2.0381	0.2673	13.5028	13.2529
0.4805	2.0381	0.2691	13.5469	13.2914
0.4810	2.0380	0.2655	13.4782	13.3249
0.4815	2.0383	0.2682	13.4471	13.3288
0.4820	2.0381	0.2669	13.3813	13.3354
0.4825	2.0379	0.2694	13.3537	13.3417
0.4830	2.0374	0.2785	13.3467	13.3601
0.4835	2.0373	0.2763	13.2783	13.3597
0.4840	2.0380	0.2720	13.3179	13.3530
0.4845	2.0378	0.2697	13.3766	13.3537
0.4850	2.0381	0.2708	13.3737	13.3515
0.4855	2.0371	0.2796	13.3143	13.3438
0.4860	2.0376	0.2744	13.3150	13.3512
0.4865	2.0386	0.2688	13.3780	13.3295
0.4870	2.0391	0.2598	13.3983	13.3288
0.4875	2.0393	0.2571	13.3256	13.3125
0.4880	2.0403	0.2452	13.3142	13.3330
0.4885	2.0398	0.2508	13.4135	13.3454
0.4890	2.0391	0.2550	13.4656	13.3748
0.4895	2.0391	0.2610	13.4016	13.4011
0.4900	2.0391	0.2569	13.3732	13.3960
0.4905	2.0388	0.2586	13.4636	13.3864
0.4910	2.0387	0.2673	13.5349	13.3537
0.4915	2.0380	0.2673	13.4901	13.3286
0.4920	2.0381	0.2684	13.4394	13.2728
0.4925	2.0379	0.2681	13.4976	13.2481
0.4930	2.0378	0.2714	13.5824	13.2318
0.4935	2.0377	0.2740	13.5502	13.2210
0.4940	2.0371	0.2759	13.4869	13.2392
0.4945	2.0375	0.2808	13.5337	13.2618
0.4950	2.0374	0.2791	13.6348	13.2781
0.4955	2.0372	0.2765	13.6196	13.2896
0.4960	2.0372	0.2782	13.5191	13.3007
0.4965	2.0372	0.2795	13.5407	13.3151
0.4970	2.0378	0.2744	13.6576	13.2975
0.4975	2.0381	0.2679	13.6694	13.2765
0.4980	2.0379	0.2685	13.5610	13.2522
0.4985	2.0383	0.2655	13.5406	13.2354
0.4990	2.0378	0.2691	13.6589	13.2360
0.4995	2.0385	0.2676	13.7001	13.2560
0.5000	2.0386	0.2604	13.5966	13.2541
0.5005	2.0385	0.2582	13.5404	13.2726
0.5010	2.0391	0.2603	13.6339	13.3053
0.5015	2.0389	0.2554	13.7013	13.3220
0.5020	2.0382	0.2679	13.6095	13.3345
0.5025	2.0388	0.2603	13.5299	13.3316
0.5030	2.0394	0.2545	13.6092	13.3133
0.5035	2.0405	0.2481	13.6870	13.2842
0.5040	2.0404	0.2420	13.5984	13.2669
0.5045	2.0405	0.2381	13.4878	13.2421
0.5050	2.0412	0.2381	13.5324	13.2475
0.5055	2.0418	0.2334	13.6306	13.2473
0.5060	2.0420	0.2269	13.5747	13.2622
0.5065	2.0422	0.2221	13.4458	13.2751
0.5070	2.0425	0.2235	13.4489	13.2790
0.5075	2.0418	0.2261	13.5448	13.2820
0.5080	2.0420	0.2285	13.5184	13.2944
0.5085	2.0416	0.2316	13.3913	13.2853
0.5090	2.0415	0.2266	13.3625	13.2602
0.5095	2.0413	0.2344	13.4415	13.2441
0.5100	2.0409	0.2381	13.4309	13.2349
0.5105	2.0409	0.2425	13.3249	13.2404
0.5110	2.0402	0.2459	13.2532	13.2768
0.5115	2.0400	0.2515	13.2248	13.3153
0.5120	2.0398	0.2451	13.2809	13.3332
0.5125	2.0399	0.2452	13.1918	13.3295
0.5130	2.0398	0.2488	13.1076	13.3073
0.5135	2.0402	0.2526	13.1673	13.2692
0.5140	2.0399	0.2477	13.2264	13.2230
0.5145	2.0401	0.2452	13.0448	13.1963
0.5150	2.0406	0.2479	12.8434	13.1649
0.5155	2.0392	0.2531	12.8449	13.1540
0.5160	2.0382	0.2661	12.8441	13.1804
0.5165	2.0374	0.2692	12.8110	13.2149
0.5170	2.0378	0.2716	12.7431	13.2309
0.5175	2.0380	0.2763	12.7902	13.2395
0.5180	2.0387	0.2644	12.9148	13.2298
0.5185	2.0396	0.2545	12.8980	13.2112
0.5190	2.0402	0.2490	12.7979	13.1818
0.5195	2.0403	0.2425	12.8278	13.1499
0.5200	2.0407	0.2372	12.9540	13.1311
0.5205	2.0413	0.2333	12.9605	13.1331
0.5210	2.0415	0.2336	12.8691	13.1620
0.5215	2.0405	0.2374	12.8772	13.2074
0.5220	2.0407	0.2402	12.9945	13.2407
0.5225	2.0404	0.2449	13.0272	13.2475
0.5230	2.0400	0.2449	12.9438	13.2725
0.5235	2.0398	0.2484	12.9372	13.2781
0.5240	2.0398	0.2520	13.0528	13.2938
0.5245	2.0397	0.2512	13.1086	13.2888
0.5250	2.0393	0.2555	13.0285	13.2732
0.5255	2.0393	0.2546	12.9940	13.2495
0.5260	2.0389	0.2593	13.1040	13.2347
0.5265	2.0391	0.2583	13.1808	13.2394
0.5270	2.0389	0.2598	13.1153	13.2544
0.5275	2.0389	0.2569	13.0607	13.2696
0.5280	2.0389	0.2599	13.1408	13.2698
0.5285	2.0391	0.2567	13.2337	13.2623
0.5290	2.0389	0.2555	13.2007	13.2537
0.5295	2.0401	0.2493	13.1256	13.2335
0.5300	2.0399	0.2511	13.1846	13.2036
0.5305	2.0401	0.2481	13.2989	13.1690
0.5310	2.0400	0.2448	13.2882	13.1697
0.5315	2.0406	0.2404	13.2112	13.1970
0.5320	2.0399	0.2442	13.2466	13.2158
0.5325	2.0402	0.2481	13.3614	13.2512
0.5330	2.0396	0.2540	13.3742	13.3130
0.5335	2.0395	0.2540	13.2903	13.3623
0.5340	2.0400	0.2526	13.2966	13.3707
0.5345	2.0396	0.2491	13.4186	13.3712
0.5350	2.0402	0.2537	13.4503	13.3459
0.5355	2.0397	0.2504	13.3582	13.3166
0.5360	2.0398	0.2472	13.3309	13.2785
0.5365	2.0403	0.2496	13.4341	13.2637
0.5370	2.0408	0.2397	13.4903	13.2571
0.5375	2.0408	0.2396	13.4154	13.2498
0.5380	2.0420	0.2312	13.3618	13.2645
0.5385	2.0423	0.2221	13.4533	13.2857
0.5390	2.0428	0.2220	13.5245	13.2924
0.5395	2.0426	0.2158	13.4574	13.2939
0.5400	2.0435	0.2142	13.3799	13.2996
0.5405	2.0441	0.2075	13.4580	13.2752
0.5410	2.0439	0.2008	13.5594	13.2592
0.5415	2.0449	0.2001	13.5112	13.2378
0.5420	2.0449	0.1999	13.4128	13.2235
0.5425	2.0451	0.1907	13.4698	13.2126
0.5430	2.0447	0.1962	13.5975	13.2176
0.5435	2.0442	0.1992	13.5727	13.2140
0.5440	2.0445	0.1980	13.4619	13.2206
0.5445	2.0442	0.2006	13.4816	13.2358
0.5450	2.0439	0.2094	13.6092	13.2288
0.5455	2.0440	0.2078	13.6116	13.2623
0.5460	2.0443	0.2009	13.5048	13.2573
0.5465	2.0437	0.2043	13.4829	13.2674
0.5470	2.0434	0.2118	13.6027	13.2747
0.5475	2.0439	0.2106	13.6286	13.2670
0.5480	2.0439	0.2069	13.5308	13.2768
0.5485	2.0432	0.2120	13.4653	13.2862
0.5490	2.0434	0.2154	13.5826	13.2965
0.5495	2.0430	0.2148	13.5083	13.3099
0.5500	2.0430	0.2157	13.2406	13.3073
0.5505	2.0424	0.2287	13.1906	13.2995
0.5510	2.0423	0.2278	13.2750	13.2858
0.5515	2.0432	0.2174	13.3720	13.2557
0.5520	2.0433	0.2125	13.3057	13.2203
0.5525	2.0437	0.2094	13.2367	13.1914
0.5530	2.0435	0.2111	13.3177	13.1971
0.5535	2.0431	0.2108	13.4269	13.2139
0.5540	2.0432	0.2136	13.3820	13.2421
0.5545	2.0426	0.2192	13.2963	13.2713
0.5550	2.0430	0.2192	13.3694	13.3105
0.5555	2.0437	0.2086	13.5092	13.3202
0.5560	2.0432	0.2165	13.4804	13.3164
0.5565	2.0428	0.2134	13.3799	13.3083
0.5570	2.0424	0.2227	13.4247	13.2923
0.5575	2.0415	0.2325	13.5619	13.2833
0.5580	2.0408	0.2408	13.5531	13.2837
0.5585	2.0413	0.2334	13.4438	13.2792
0.5590	2.0413	0.2311	13.4601	13.2831
0.5595	2.0412	0.2392	13.6075	13.2646
0.5600	2.0419	0.2326	13.6309	13.2575
0.5605	2.0427	0.2213	13.5148	13.2518
0.5610	2.0427	0.2152	13.5048	13.2180
0.5615	2.0433	0.2089	13.6354	13.2163
0.5620	2.0438	0.2089	13.6733	13.2042
0.5625	2.0443	0.1983	13.5708	13.2003
0.5630	2.0445	0.1989	13.5333	13.2400
0.5635	2.0447	0.1974	13.6518	13.2587
0.5640	2.0443	0.1953	13.7157	13.2893
0.5645	2.0433	0.2172	13.5955	13.3015
0.5650	2.0429	0.2123	13.5280	13.2840
0.5655	2.0431	0.2138	13.6509	13.2602
0.5660	2.0422	0.2212	13.7433	13.2063
0.5665	2.0421	0.2303	13.6425	13.1807
0.5670	2.0415	0.2301	13.5333	13.1425
0.5675	2.0414	0.2322	13.6272	13.1232
0.5680	2.0410	0.2419	13.7507	13.1240
0.5685	2.0408	0.2414	13.6751	13.1514
0.5690	2.0404	0.2417	13.5298	13.2054
0.5695	2.0397	0.2524	13.5732	13.2374
0.5700	2.0401	0.2471	13.7216	13.2490
0.5705	2.0399	0.2526	13.6879	13.2409
0.5710	2.0401	0.2495	13.5253	13.2118
0.5715	2.0399	0.2495	13.5251	13.1724
0.5720	2.0396	0.2575	13.6705	13.1558
0.5725	2.0391	0.2576	13.6616	13.1510
0.5730	2.0393	0.2579	13.4837	13.1695
0.5735	2.0397	0.2515	13.4372	13.1897
0.5740	2.0399	0.2490	13.5713	13.2218
0.5745	2.0407	0.2410	13.5975	13.2382
0.5750	2.0402	0.2471	13.4318	13.2549
0.5755	2.0398	0.2488	13.3373	13.2667
0.5760	2.0388	0.2596	13.4652	13.2663
0.5765	2.0392	0.2602	13.5181	13.2748
0.5770	2.0383	0.2634	13.3746	13.2581
0.5775	2.0383	0.2646	13.2378	13.2657
0.5780	2.0382	0.2697	13.3618	13.2685
0.5785	2.0378	0.2745	13.3636	13.2835
0.5790	2.0376	0.2721	13.1905	13.3191
0.5795	2.0377	0.2735	13.1343	13.3430
0.5800	2.0375	0.2751	13.1733	13.3525
0.5805	2.0370	0.2800	13.2813	13.3528
0.5810	2.0368	0.2873	13.1971	13.3423
0.5815	2.0370	0.2767	13.0694	13.3184
0.5820	2.0375	0.2823	13.0922	13.2831
0.5825	2.0372	0.2786	13.1910	13.2556
0.5830	2.0380	0.2704	13.0829	13.2285
0.5835	2.0381	0.2691	12.8875	13.2247
0.5840	2.0385	0.2673	12.6838	13.2488
0.5845	2.0390	0.2624	12.8378	13.2706
0.5850	2.0389	0.2601	12.8520	13.3016
0.5855	2.0392	0.2611	12.7357	13.3255
0.5860	2.0391	0.2601	12.7371	13.3506
0.5865	2.0393	0.2553	12.8795	13.3803
0.5870	2.0410	0.2402	12.9224	13.3461
0.5875	2.0405	0.2357	12.8045	13.3060
0.5880	2.0410	0.2326	12.7743	13.2686
0.5885	2.0426	0.2220	12.9162	13.2472
0.5890	2.0443	0.2083	12.9877	13.2214
0.5895	2.0444	0.2063	12.8692	13.2129
0.5900	2.0437	0.2079	12.8113	13.2409
0.5905	2.0438	0.2074	12.9558	13.2873
0.5910	2.0446	0.2012	13.0491	13.3169
0.5915	2.0452	0.1923	12.9549	13.3406
0.5920	2.0450	0.1886	12.8860	13.3093
0.5925	2.0449	0.1977	12.9926	13.2799
0.5930	2.0453	0.1961	13.1036	13.2411
0.5935	2.0451	0.1899	13.0259	13.2264
0.5940	2.0445	0.1963	12.9323	13.2427
0.5945	2.0434	0.2087	13.0266	13.2707
0.5950	2.0438	0.2085	13.1628	13.3215
0.5955	2.0440	0.2026	13.1185	13.3557
0.5960	2.0444	0.2026	12.9992	13.3676
0.5965	2.0444	0.2021	13.0550	13.3483
0.5970	2.0441	0.1986	13.2022	13.3321
0.5975	2.0436	0.2104	13.2012	13.3215
0.5980	2.0424	0.2183	13.0817	13.3067
0.5985	2.0423	0.2257	13.0983	13.3034
0.5990	2.0417	0.2311	13.2455	13.3314
0.5995	2.0419	0.2261	13.2735	13.3466
0.6000	2.0420	0.2273	13.1644	13.3734
0.6005	2.0410	0.2309	13.1502	13.3970
0.6010	2.0428	0.2229	13.2957	13.3954
0.6015	2.0434	0.2124	13.3548	13.3800
0.6020	2.0431	0.2160	13.2412	13.3558
0.6025	2.0428	0.2177	13.1861	13.3554
0.6030	2.0435	0.2133	13.3199	13.3575
0.6035	2.0429	0.2180	13.4129	13.3589
0.6040	2.0434	0.2104	13.3108	13.3702
0.6045	2.0444	0.2045	13.2139	13.3541
0.6050	2.0434	0.2116	13.3160	13.3545
0.6055	2.0427	0.2158	13.4411	13.3368
0.6060	2.0419	0.2263	13.3675	13.3351
0.6065	2.0422	0.2242	13.2547	13.3461
0.6070	2.0426	0.2236	13.3227	13.3433
0.6075	2.0426	0.2233	13.4539	13.3465
0.6080	2.0423	0.2192	13.4032	13.3444
0.6085	2.0423	0.2261	13.2872	13.3494
0.6090	2.0423	0.2196	13.3371	13.3611
0.6095	2.0423	0.2255	13.4753	13.3684
0.6100	2.0418	0.2234	13.4575	13.3762
0.6105	2.0419	0.2260	13.3357	13.3675
0.6110	2.0418	0.2325	13.3598	13.3341
0.6115	2.0414	0.2331	13.4900	13.3089
0.6120	2.0412	0.2373	13.4894	13.2839
0.6125	2.0411	0.2426	13.3715	13.2647
0.6130	2.0398	0.2478	13.3761	13.2546
0.6135	2.0395	0.2541	13.4892	13.2564
0.6140	2.0394	0.2530	13.5190	13.2690
0.6145	2.0389	0.2583	13.3999	13.2844
0.6150	2.0386	0.2575	13.3650	13.3147
0.6155	2.0389	0.2614	13.4477	13.3282
0.6160	2.0391	0.2620	13.5217	13.3443
0.6165	2.0385	0.2626	13.2532	13.3507
0.6170	2.0392	0.2540	13.0233	13.3544
0.6175	2.0397	0.2541	13.1209	13.3623
0.6180	2.0394	0.2570	13.1836	13.3627
0.6185	2.0384	0.2616	13.1170	13.3616
0.6190	2.0381	0.2638	13.0676	13.3720
0.6195	2.0383	0.2649	13.1874	13.3838
0.6200	2.0386	0.2660	13.2678	13.3814
0.6205	2.0383	0.2654	13.2200	13.3702
0.6210	2.0383	0.2603	13.1642	13.3519
0.6215	2.0382	0.2658	13.2361	13.3407
0.6220	2.0386	0.2639	13.3209	13.3296
0.6225	2.0387	0.2637	13.2776	13.3174
0.6230	2.0393	0.2591	13.2209	13.3078
0.6235	2.0397	0.2506	13.2923	13.3094
0.6240	2.0408	0.2455	13.4003	13.3127
0.6245	2.0413	0.2328	13.3787	13.3154
0.6250	2.0416	0.2321	13.2991	13.3150
0.6255	2.0414	0.2337	13.3412	13.3160
0.6260	2.0421	0.2275	13.4600	13.3046
0.6265	2.0423	0.2262	13.4535	13.2767
0.6270	2.0424	0.2206	13.3513	13.2508
0.6275	2.0425	0.2157	13.3590	13.2443
0.6280	2.0436	0.2110	13.4854	13.2257
0.6285	2.0436	0.2145	13.5316	13.2209
0.6290	2.0438	0.2059	13.4381	13.2595
0.6295	2.0444	0.2006	13.3943	13.2882
0.6300	2.0453	0.1930	13.5000	13.2903
0.6305	2.0448	0.1914	13.5701	13.3042
0.6310	2.0445	0.2004	13.4812	13.3257
0.6315	2.0443	0.2004	13.4182	13.3394
0.6320	2.0439	0.2057	13.5154	13.3589
0.6325	2.0439	0.2077	13.5914	13.3560
0.6330	2.0443	0.1991	13.5084	13.3308
0.6335	2.0445	0.2017	13.4296	13.2943
0.6340	2.0444	0.1989	13.5056	13.2427
0.6345	2.0451	0.1947	13.6000	13.1980
0.6350	2.0454	0.1891	13.5332	13.1683
0.6355	2.0454	0.1941	13.4394	13.1550
0.6360	2.0450	0.1924	13.5069	13.1766
0.6365	2.0446	0.2000	13.6122	13.2201
0.6370	2.0446	0.1967	13.5474	13.2775
0.6375	2.0446	0.1995	13.4357	13.3125
0.6380	2.0450	0.1936	13.4805	13.3300
0.6385	2.0454	0.1845	13.5866	13.3302
0.6390	2.0459	0.1804	13.5487	13.3033
0.6395	2.0468	0.1729	13.4146	13.2681
0.6400	2.0472	0.1670	13.4134	13.2401
0.6405	2.0475	0.1701	13.5282	13.2382
0.6410	2.0472	0.1717	13.5166	13.2544
0.6415	2.0466	0.1778	13.3762	13.3115
0.6420	2.0461	0.1848	13.3414	13.3830
0.6425	2.0456	0.1894	13.4396	13.4279
0.6430	2.0455	0.1885	13.4552	13.4379
0.6435	2.0449	0.1919	13.3182	13.4119
0.6440	2.0444	0.1963	13.2548	13.3582
0.6445	2.0438	0.2027	13.3451	13.3029
0.6450	2.0431	0.2098	13.3746	13.2549
0.6455	2.0430	0.2119	13.2534	13.2173
0.6460	2.0424	0.2180	13.1627	13.2366
0.6465	2.0422	0.2258	13.2408	13.2523
0.6470	2.0415	0.2329	13.2756	13.3085
0.6475	2.0413	0.2308	13.1895	13.3623
0.6480	2.0411	0.2360	13.0577	13.3670
0.6485	2.0410	0.2438	13.0337	13.3468
0.6490	2.0409	0.2342	13.1533	13.3067
0.6495	2.0410	0.2429	13.1376	13.2525
0.6500	2.0404	0.2467	12.9921	13.1796
0.6505	2.0404	0.2536	12.9731	13.1518
0.6510	2.0399	0.2479	13.0596	13.1338
0.6515	2.0405	0.2476	13.0512	13.1750
0.6520	2.0402	0.2463	12.9019	13.2343
0.6525	2.0399	0.2398	12.8525	13.2883
0.6530	2.0406	0.2446	12.8573	13.3463
0.6535	2.0403	0.2461	12.7767	13.3829
0.6540	2.0402	0.2452	12.7291	13.4067
0.6545	2.0403	0.2448	12.6672	13.4017
0.6550	2.0399	0.2458	12.7918	13.3484
0.6555	2.0396	0.2547	12.8753	13.3041
0.6560	2.0396	0.2540	12.8011	13.2744
0.6565	2.0397	0.2504	12.7288	13.2537
0.6570	2.0393	0.2519	12.8318	13.2695
0.6575	2.0391	0.2582	12.9336	13.2928
0.6580	2.0388	0.2626	12.8754	13.3238
0.6585	2.0386	0.2567	12.7836	13.3390
0.6590	2.0391	0.2563	12.8682	13.3409
0.6595	2.0392	0.2591	13.0064	13.3256
0.6600	2.0396	0.2550	12.9826	13.3143
0.6605	2.0397	0.2528	12.8651	13.2920
0.6610	2.0403	0.2405	12.9056	13.2903
0.6615	2.0407	0.2450	13.0524	13.2811
0.6620	2.0413	0.2334	13.0712	13.2916
0.6625	2.0409	0.2316	12.9543	13.3138
0.6630	2.0403	0.2425	12.9439	13.3365
0.6635	2.0401	0.2506	13.0767	13.3800
0.6640	2.0400	0.2475	13.1316	13.3858
0.6645	2.0404	0.2472	13.0195	13.3908
0.6650	2.0397	0.2496	12.9864	13.3858
0.6655	2.0394	0.2540	13.1313	13.3457
0.6660	2.0389	0.2602	13.2184	13.3181
0.6665	2.0370	0.2800	13.1202	13.3002
0.6670	2.0371	0.2789	13.0518	13.3089
0.6675	2.0367	0.2818	13.1803	13.3364
0.6680	2.0369	0.2743	13.3050	13.3463
0.6685	2.0379	0.2700	13.2241	13.3474
0.6690	2.0382	0.2685	13.1344	13.3363
0.6695	2.0385	0.2622	13.2206	13.3188
0.6700	2.0388	0.2599	13.3425	13.2843
0.6705	2.0395	0.2579	13.2962	13.2503
0.6710	2.0408	0.2437	13.1985	13.2229
0.6715	2.0412	0.2358	13.2509	13.1978
0.6720	2.0419	0.2290	13.3773	13.1921
0.6725	2.0425	0.2154	13.3620	13.1939
0.6730	2.0433	0.2106	13.2536	13.2065
0.6735	2.0430	0.2143	13.2832	13.2177
0.6740	2.0437	0.2097	13.4127	13.2276
0.6745	2.0424	0.2250	13.4147	13.2572
0.6750	2.0433	0.2115	13.2968	13.2679
0.6755	2.0443	0.2062	13.2881	13.2568
0.6760	2.0439	0.2043	13.4273	13.2409
0.6765	2.0443	0.1998	13.4588	13.2232
0.6770	2.0446	0.1981	13.3554	13.1974
0.6775	2.0444	0.1992	13.3244	13.2097
0.6780	2.0448	0.1983	13.4586	13.2231
0.6785	2.0454	0.1921	13.5243	13.2399
0.6790	2.0455	0.1907	13.3974	13.2467
0.6795	2.0453	0.1924	13.3125	13.2483
0.6800	2.0448	0.1993	13.4406	13.2597
0.6805	2.0443	0.2013	13.5582	13.2588
0.6810	2.0444	0.1995	13.4779	13.2611
0.6815	2.0440	0.2012	13.3500	13.2566
0.6820	2.0449	0.1976	13.4606	13.2695
0.6825	2.0451	0.1944	13.4848	13.2805
0.6830	2.0451	0.1945	13.0764	13.2687
0.6835	2.0448	0.1980	12.9013	13.2697
0.6840	2.0448	0.1974	12.9793	13.2678
0.6845	2.0451	0.1933	13.1365	13.2767
0.6850	2.0443	0.1948	13.1334	13.2747
0.6855	2.0442	0.2016	13.0407	13.2740
0.6860	2.0441	0.2068	13.0767	13.2806
0.6865	2.0437	0.2054	13.2330	13.2668
0.6870	2.0438	0.2021	13.2648	13.2534
0.6875	2.0437	0.2123	13.1639	13.2351
0.6880	2.0433	0.2077	13.1510	13.2220
0.6885	2.0436	0.2121	13.2881	13.2150
0.6890	2.0430	0.2107	13.3479	13.2055
0.6895	2.0428	0.2192	13.2586	13.2141
0.6900	2.0421	0.2225	13.2282	13.2307
0.6905	2.0419	0.2280	13.3505	13.2509
0.6910	2.0411	0.2333	13.4359	13.2747
0.6915	2.0414	0.2329	13.3536	13.2829
0.6920	2.0409	0.2344	13.3014	13.2881
0.6925	2.0406	0.2414	13.4104	13.2753
0.6930	2.0401	0.2423	13.5040	13.2707
0.6935	2.0400	0.2487	13.4343	13.2521
0.6940	2.0399	0.2461	13.3633	13.2406
0.6945	2.0394	0.2552	13.4637	13.2209
0.6950	2.0394	0.2567	13.5878	13.2045
0.6955	2.0385	0.2558	13.5302	13.2086
0.6960	2.0380	0.2650	13.4327	13.2192
0.6965	2.0380	0.2704	13.4948	13.2181
0.6970	2.0372	0.2703	13.6102	13.2246
0.6975	2.0378	0.2736	13.5801	13.2366
0.6980	2.0371	0.2777	13.4803	13.2282
0.6985	2.0372	0.2792	13.5166	13.2298
0.6990	2.0370	0.2831	13.6497	13.2250
0.6995	2.0371	0.2819	13.6519	13.2202
0.7000	2.0370	0.2756	13.5250	13.2099
0.7005	2.0371	0.2815	13.5265	13.2179
0.7010	2.0375	0.2749	13.6492	13.2430
0.7015	2.0375	0.2691	13.6650	13.2536
0.7020	2.0390	0.2575	13.5558	13.2368
0.7025	2.0397	0.2505	13.5338	13.2252
0.7030	2.0408	0.2411	13.6480	13.2288
0.7035	2.0420	0.2295	13.6857	13.2049
0.7040	2.0411	0.2313	13.5788	13.2199
0.7045	2.0411	0.2398	13.5293	13.2658
0.7050	2.0406	0.2448	13.6280	13.3130
0.7055	2.0404	0.2437	13.6912	13.3527
0.7060	2.0406	0.2436	13.5933	13.3767
0.7065	2.0411	0.2413	13.4998	13.3772
0.7070	2.0410	0.2387	13.5765	13.3618
0.7075	2.0408	0.2393	13.6588	13.3080
0.7080	2.0404	0.2399	13.5812	13.2558
0.7085	2.0407	0.2390	13.4652	13.2467
0.7090	2.0411	0.2410	13.5003	13.2442
0.7095	2.0409	0.2335	13.5931	13.2640
0.7100	2.0409	0.2329	13.5359	13.2899
0.7105	2.0408	0.2398	13.3975	13.3049
0.7110	2.0413	0.2302	13.4013	13.3133
0.7115	2.0419	0.2238	13.5075	13.3146
0.7120	2.0430	0.2174	13.4739	13.3003
0.7125	2.0439	0.2031	13.3321	13.2783
0.7130	2.0452	0.1943	13.2964	13.2574
0.7135	2.0449	0.1936	13.4127	13.2504
0.7140	2.0446	0.1983	13.4113	13.2502
0.7145	2.0438	0.2092	13.2655	13.2957
0.7150	2.0445	0.2027	13.1848	13.3284
0.7155	2.0443	0.1959	13.2991	13.3633
0.7160	2.0435	0.2061	13.2393	13.3810
0.7165	2.0435	0.2127	12.9745	13.3697
0.7170	2.0435	0.2107	12.9197	13.3334
0.7175	2.0426	0.2226	13.0009	13.2867
0.7180	2.0425	0.2201	13.0618	13.2527
0.7185	2.0419	0.2234	12.9607	13.2157
0.7190	2.0427	0.2190	12.8971	13.1975
0.7195	2.0429	0.2130	12.9922	13.1777
0.7200	2.0433	0.2122	13.0589	13.2097
0.7205	2.0434	0.2090	12.9719	13.2281
0.7210	2.0435	0.2077	12.8477	13.2720
0.7215	2.0445	0.2051	12.8243	13.3458
0.7220	2.0448	0.1957	12.9528	13.3692
0.7225	2.0447	0.1950	12.9086	13.3907
0.7230	2.0446	0.2029	12.8170	13.3405
0.7235	2.0438	0.2031	12.8558	13.3085
0.7240	2.0441	0.2110	12.9911	13.2706
0.7245	2.0436	0.2080	12.9917	13.2508
0.7250	2.0441	0.2042	12.8888	13.2463
0.7255	2.0442	0.2022	12.9066	13.2458
0.7260	2.0439	0.2005	13.0544	13.2594
0.7265	2.0438	0.2149	13.0855	13.2800
0.7270	2.0438	0.2050	12.9780	13.2970
0.7275	2.0439	0.2072	12.9702	13.3053
0.7280	2.0440	0.2009	13.1133	13.3071
0.7285	2.0443	0.2076	13.1659	13.3001
0.7290	2.0438	0.2097	13.0548	13.2777
0.7295	2.0434	0.2105	13.0180	13.2698
0.7300	2.0437	0.2120	13.1589	13.2435
0.7305	2.0432	0.2116	13.2413	13.2210
0.7310	2.0426	0.2184	13.1509	13.2382
0.7315	2.0431	0.2197	13.0811	13.2521
0.7320	2.0427	0.2163	13.1959	13.2647
0.7325	2.0427	0.2190	13.3046	13.2677
0.7330	2.0426	0.2198	13.2454	13.2848
0.7335	2.0420	0.2195	13.1665	13.2853
0.7340	2.0417	0.2270	13.2452	13.2902
0.7345	2.0419	0.2290	13.3696	13.2949
0.7350	2.0416	0.2284	13.3398	13.3082
0.7355	2.0410	0.2375	13.2404	13.3199
0.7360	2.0409	0.2363	13.2928	13.3311
0.7365	2.0411	0.2352	13.4258	13.3545
0.7370	2.0407	0.2430	13.4246	13.3601
0.7375	2.0399	0.2495	13.3140	13.3576
0.7380	2.0393	0.2537	13.3306	13.3471
0.7385	2.0391	0.2594	13.4653	13.3192
0.7390	2.0389	0.2610	13.4821	13.2885
0.7395	2.0389	0.2559	13.3740	13.2564
0.7400	2.0384	0.2614	13.3650	13.2201
0.7405	2.0391	0.2593	13.4874	13.1918
0.7410	2.0389	0.2608	13.5186	13.1685
0.7415	2.0386	0.2636	13.4156	13.1686
0.7420	2.0377	0.2711	13.3930	13.1750
0.7425	2.0379	0.2682	13.5075	13.1910
0.7430	2.0377	0.2704	13.5559	13.1963
0.7435	2.0378	0.2705	13.4671	13.2061
0.7440	2.0374	0.2750	13.4102	13.2107
0.7445	2.0374	0.2755	13.5069	13.1986
0.7450	2.0373	0.2732	13.5863	13.1774
0.7455	2.0377	0.2697	13.5237	13.1581
0.7460	2.0385	0.2628	13.4441	13.1382
0.7465	2.0392	0.2596	13.5232	13.1268
0.7470	2.0393	0.2548	13.6193	13.1208
0.7475	2.0395	0.2516	13.5739	13.1243
0.7480	2.0394	0.2570	13.4595	13.1390
0.7485	2.0393	0.2526	13.5311	13.2116
0.7490	2.0399	0.2443	13.5554	13.2598
0.7495	2.0399	0.2490	13.5568	13.2715
0.7500	2.0398	0.2497	13.4792	13.2680
0.7505	2.0395	0.2549	13.4434	13.2532
0.7510	2.0401	0.2525	13.5662	13.2506
0.7515	2.0403	0.2475	13.6000	13.2398
0.7520	2.0407	0.2425	13.4822	13.2259
0.7525	2.0404	0.2432	13.4313	13.2157
0.7530	2.0396	0.2484	13.5446	13.2333
0.7535	2.0394	0.2505	13.5861	13.2410
0.7540	2.0393	0.2525	13.4692	13.2550
0.7545	2.0400	0.2487	13.3791	13.2598
0.7550	2.0407	0.2401	13.4555	13.2473
0.7555	2.0397	0.2446	13.4832	13.2484
0.7560	2.0403	0.2419	13.3053	13.2484
0.7565	2.0408	0.2387	13.2048	13.2314
0.7570	2.0411	0.2372	13.3258	13.2365
0.7575	2.0426	0.2255	13.4272	13.2453
0.7580	2.0419	0.2273	13.3653	13.2501
0.7585	2.0427	0.2255	13.2727	13.2996
0.7590	2.0437	0.2116	13.3806	13.3307
0.7595	2.0443	0.2019	13.5216	13.3464
0.7600	2.0444	0.1934	13.4736	13.3436
0.7605	2.0446	0.1981	13.3577	13.3468
0.7610	2.0454	0.1920	13.4204	13.3316
0.7615	2.0457	0.1832	13.5692	13.2992
0.7620	2.0458	0.1922	13.5532	13.2619
0.7625	2.0458	0.1877	13.4284	13.2335
0.7630	2.0445	0.1939	13.4589	13.2006
0.7635	2.0439	0.2046	13.6005	13.2108
0.7640	2.0439	0.2007	13.5995	13.2076
0.7645	2.0438	0.2127	13.4806	13.2157
0.7650	2.0450	0.1966	13.4824	13.2181
0.7655	2.0447	0.1946	13.6123	13.2264
0.7660	2.0446	0.1968	13.6481	13.2023
0.7665	2.0442	0.2003	13.5355	13.1911
0.7670	2.0432	0.2143	13.5075	13.1879
0.7675	2.0440	0.2054	13.6221	13.1686
0.7680	2.0446	0.1963	13.6708	13.1572
0.7685	2.0439	0.2055	13.5743	13.1589
0.7690	2.0434	0.2129	13.5246	13.1521
0.7695	2.0431	0.2160	13.6124	13.1629
0.7700	2.0424	0.2189	13.6603	13.1786
0.7705	2.0422	0.2238	13.5844	13.1874
0.7710	2.0429	0.2154	13.5210	13.1850
0.7715	2.0444	0.2066	13.5865	13.1901
0.7720	2.0437	0.2082	13.6631	13.2262
0.7725	2.0438	0.2099	13.6075	13.2437
0.7730	2.0437	0.2090	13.5233	13.2618
0.7735	2.0433	0.2146	13.5560	13.2913
0.7740	2.0428	0.2136	13.6305	13.3204
0.7745	2.0430	0.2161	13.5872	13.3402
0.7750	2.0427	0.2171	13.4946	13.3546
0.7755	2.0422	0.2205	13.4990	13.3599
0.7760	2.0424	0.2257	13.5708	13.3404
0.7765	2.0418	0.2254	13.5364	13.3313
0.7770	2.0421	0.2331	13.4186	13.3156
0.7775	2.0421	0.2273	13.4037	13.2937
0.7780	2.0423	0.2260	13.4817	13.2773
0.7785	2.0423	0.2243	13.4751	13.2783
0.7790	2.0426	0.2227	13.3600	13.2913
0.7795	2.0429	0.2231	13.3216	13.3152
0.7800	2.0434	0.2101	13.3825	13.3393
0.7805	2.0436	0.2154	13.3928	13.3595
0.7810	2.0426	0.2181	13.2773	13.3887
0.7815	2.0428	0.2221	13.2239	13.4063
0.7820	2.0424	0.2217	13.2967	13.3982
0.7825	2.0419	0.2265	13.3301	13.3766
0.7830	2.0414	0.2352	13.1907	13.3381
0.7835	2.0409	0.2342	13.1226	13.3013
0.7840	2.0417	0.2330	13.1157	13.2935
0.7845	2.0409	0.2399	12.8901	13.2774
0.7850	2.0400	0.2440	12.7148	13.2612
0.7855	2.0398	0.2518	12.6537	13.2638
0.7860	2.0400	0.2550	12.7378	13.2723
0.7865	2.0394	0.2557	12.8003	13.2816
0.7870	2.0392	0.2469	12.7608	13.2913
0.7875	2.0395	0.2558	12.6921	13.2889
0.7880	2.0399	0.2489	12.7538	13.2762
0.7885	2.0404	0.2479	12.8438	13.2392
0.7890	2.0404	0.2435	12.8309	13.2150
0.7895	2.0409	0.2425	12.7747	13.2059
0.7900	2.0410	0.2376	12.7899	13.2059
0.7905	2.0406	0.2425	12.8882	13.2120
0.7910	2.0407	0.2425	12.8951	13.2332
0.7915	2.0407	0.2398	12.8309	13.2384
0.7920	2.0405	0.2458	12.8502	13.2356
0.7925	2.0398	0.2485	12.9430	13.2287
0.7930	2.0395	0.2530	12.9581	13.2332
0.7935	2.0390	0.2537	12.8977	13.2330
0.7940	2.0387	0.2571	12.8978	13.2221
0.7945	2.0397	0.2545	12.9888	13.2063
0.7950	2.0401	0.2506	13.0345	13.2102
0.7955	2.0401	0.2466	12.9805	13.2003
0.7960	2.0400	0.2498	12.9659	13.2164
0.7965	2.0410	0.2397	13.0502	13.2204
0.7970	2.0414	0.2339	13.1044	13.2659
0.7975	2.0416	0.2333	13.0535	13.2815
0.7980	2.0425	0.2255	13.0128	13.3023
0.7985	2.0423	0.2205	13.0992	13.3061
0.7990	2.0437	0.2088	13.1714	13.3027
0.7995	2.0434	0.2077	13.1202	13.2803
0.8000	2.0436	0.2059	13.0728	13.2964
0.8005	2.0441	0.2020	13.1399	13.3145
0.8010	2.0444	0.2059	13.2303	13.3102
0.8015	2.0438	0.2062	13.2042	13.3191
0.8020	2.0433	0.2098	13.1415	13.3244
0.8025	2.0434	0.2078	13.1924	13.3364
0.8030	2.0432	0.2172	13.2913	13.3414
0.8035	2.0431	0.2120	13.2908	13.3465
0.8040	2.0431	0.2153	13.2169	13.3484
0.8045	2.0436	0.2106	13.2401	13.3374
0.8050	2.0431	0.2097	13.3474	13.3124
0.8055	2.0438	0.2046	13.3631	13.2886
0.8060	2.0438	0.2104	13.2834	13.2495
0.8065	2.0431	0.2074	13.2848	13.2379
0.8070	2.0433	0.2136	13.3751	13.2291
0.8075	2.0435	0.2125	13.4023	13.2256
0.8080	2.0448	0.1970	13.3332	13.2188
0.8085	2.0439	0.1998	13.3080	13.2116
0.8090	2.0436	0.2072	13.3910	13.2193
0.8095	2.0449	0.1979	13.4413	13.2192
0.8100	2.0437	0.2076	13.3790	13.2236
0.8105	2.0445	0.2045	13.3329	13.2278
0.8110	2.0440	0.2023	13.4001	13.2295
0.8115	2.0435	0.2045	13.4640	13.2321
0.8120	2.0438	0.2089	13.4242	13.2347
0.8125	2.0429	0.2207	13.3642	13.2468
0.8130	2.0431	0.2164	13.4141	13.2713
0.8135	2.0428	0.2172	13.4903	13.2809
0.8140	2.0426	0.2211	13.4632	13.2377
0.8145	2.0426	0.2154	13.3997	13.2139
0.8150	2.0415	0.2304	13.4356	13.2236
0.8155	2.0409	0.2372	13.5146	13.2158
0.8160	2.0413	0.2377	13.5051	13.2100
0.8165	2.0406	0.2402	13.4042	13.2094
0.8170	2.0409	0.2410	13.3469	13.2294
0.8175	2.0413	0.2349	13.5213	13.2351
0.8180	2.0417	0.2357	13.4961	13.2543
0.8185	2.0410	0.2370	13.3682	13.2570
0.8190	2.0406	0.2416	13.3800	13.2430
0.8195	2.0411	0.2419	13.5004	13.2527
0.8200	2.0405	0.2408	13.4925	13.2792
0.8205	2.0402	0.2417	13.3577	13.3164
0.8210	2.0397	0.2484	13.3375	13.3027
0.8215	2.0395	0.2527	13.4594	13.3230
0.8220	2.0406	0.2448	13.4714	13.3436
0.8225	2.0407	0.2410	13.3230	13.3403
0.8230	2.0405	0.2434	13.2632	13.3432
0.8235	2.0413	0.2349	13.3571	13.3400
0.8240	2.0411	0.2353	13.4129	13.3419
0.8245	2.0410	0.2382	13.2099	13.3446
0.8250	2.0407	0.2393	13.1354	13.3591
0.8255	2.0405	0.2427	13.2848	13.3688
0.8260	2.0414	0.2342	13.3507	13.3737
0.8265	2.0409	0.2358	13.2643	13.3736
0.8270	2.0410	0.2373	13.2241	13.3816
0.8275	2.0408	0.2413	13.3528	13.3741
0.8280	2.0406	0.2513	13.4293	13.3434
0.8285	2.0398	0.2477	13.3480	13.3189
0.8290	2.0398	0.2462	13.2848	13.2995
0.8295	2.0401	0.2420	13.3895	13.2824
0.8300	2.0402	0.2443	13.5003	13.2708
0.8305	2.0401	0.2463	13.4430	13.2670
0.8310	2.0397	0.2471	13.3546	13.2616
0.8315	2.0394	0.2518	13.4114	13.2692
0.8320	2.0393	0.2524	13.5245	13.2845
0.8325	2.0399	0.2523	13.4964	13.3000
0.8330	2.0408	0.2434	13.3914	13.3008
0.8335	2.0411	0.2334	13.4248	13.3050
0.8340	2.0426	0.2212	13.5432	13.2935
0.8345	2.0434	0.2097	13.5457	13.2974
0.8350	2.0431	0.2173	13.4371	13.2913
0.8355	2.0428	0.2214	13.4216	13.3057
0.8360	2.0427	0.2187	13.5443	13.3328
0.8365	2.0424	0.2172	13.5708	13.3498
0.8370	2.0424	0.2243	13.4600	13.3512
0.8375	2.0423	0.2195	13.4272	13.3450
0.8380	2.0421	0.2248	13.5351	13.3312
0.8385	2.0420	0.2181	13.5761	13.3030
0.8390	2.0422	0.2270	13.4809	13.2675
0.8395	2.0420	0.2269	13.4328	13.2523
0.8400	2.0421	0.2214	13.5179	13.2365
0.8405	2.0418	0.2285	13.5647	13.2650
0.8410	2.0414	0.2324	13.4724	13.3023
0.8415	2.0415	0.2387	13.4119	13.3520
0.8420	2.0412	0.2357	13.4824	13.3878
0.8425	2.0413	0.2348	13.5310	13.4104
0.8430	2.0416	0.2259	13.4522	13.4087
0.8435	2.0425	0.2196	13.3675	13.3891
0.8440	2.0427	0.2176	13.4122	13.3550
0.8445	2.0434	0.2129	13.4756	13.3351
0.8450	2.0437	0.2106	13.4051	13.3162
0.8455	2.0437	0.2068	13.3012	13.3084
0.8460	2.0437	0.2101	13.3158	13.3233
0.8465	2.0441	0.2060	13.3904	13.3436
0.8470	2.0442	0.1974	13.3468	13.3487
0.8475	2.0452	0.1940	13.2413	13.3680
0.8480	2.0458	0.1841	13.2277	13.3592
0.8485	2.0460	0.1841	13.3055	13.3363
0.8490	2.0472	0.1743	13.2734	13.3011
0.8495	2.0464	0.1691	13.1679	13.2637
0.8500	2.0473	0.1742	13.1210	13.2608
0.8505	2.0471	0.1703	13.2035	13.2489
0.8510	2.0463	0.1802	13.1899	13.2700
0.8515	2.0455	0.1858	13.1143	13.3023
0.8520	2.0455	0.1914	12.9368	13.3432
0.8525	2.0444	0.1937	12.6903	13.3618
0.8530	2.0448	0.1951	12.6960	13.3638
0.8535	2.0450	0.1959	12.6181	13.3405
0.8540	2.0451	0.1962	12.6112	13.2979
0.8545	2.0446	0.1958	12.6867	13.2750
0.8550	2.0450	0.1921	12.7517	13.2309
0.8555	2.0441	0.2045	12.6896	13.1755
0.8560	2.0444	0.2022	12.6645	13.2185
0.8565	2.0440	0.2015	12.7393	13.2435
0.8570	2.0438	0.2029	12.7984	13.3219
0.8575	2.0445	0.1974	12.7474	13.3586
0.8580	2.0441	0.2042	12.7029	13.3796
0.8585	2.0457	0.1850	12.7611	13.3707
0.8590	2.0453	0.1918	12.8470	13.3136
0.8595	2.0442	0.1998	12.8270	13.2489
0.8600	2.0434	0.2102	12.7733	13.2002
0.8605	2.0426	0.2196	12.8166	13.1675
0.8610	2.0419	0.2284	12.9089	13.1479
0.8615	2.0416	0.2326	12.9063	13.1602
0.8620	2.0409	0.2340	12.8439	13.2007
0.8625	2.0412	0.2351	12.8635	13.2232
0.8630	2.0411	0.2363	12.9712	13.2606
0.8635	2.0419	0.2307	12.9901	13.2555
0.8640	2.0411	0.2304	12.9141	13.2345
0.8645	2.0412	0.2386	12.9234	13.2208
0.8650	2.0402	0.2419	13.0349	13.1930
0.8655	2.0400	0.2443	13.0709	13.1654
0.8660	2.0403	0.2480	12.9930	13.1878
0.8665	2.0407	0.2419	12.9811	13.2286
0.8670	2.0408	0.2425	13.0870	13.2413
0.8675	2.0407	0.2438	13.1366	13.2777
0.8680	2.0404	0.2431	13.0624	13.2970
0.8685	2.0404	0.2427	13.0406	13.3021
0.8690	2.0401	0.2467	13.1488	13.2992
0.8695	2.0396	0.2519	13.2111	13.2827
0.8700	2.0388	0.2608	13.1432	13.2581
0.8705	2.0387	0.2579	13.1126	13.2400
0.8710	2.0386	0.2653	13.2100	13.2206
0.8715	2.0382	0.2623	13.2809	13.2040
0.8720	2.0386	0.2653	13.2243	13.2048
0.8725	2.0387	0.2660	13.1838	13.2100
0.8730	2.0385	0.2644	13.2691	13.2086
0.8735	2.0382	0.2673	13.3445	13.2282
0.8740	2.0384	0.2659	13.2979	13.2330
0.8745	2.0393	0.2599	13.2381	13.2243
0.8750	2.0396	0.2577	13.2963	13.2164
0.8755	2.0391	0.2517	13.3699	13.1939
0.8760	2.0398	0.2526	13.3399	13.1808
0.8765	2.0402	0.2481	13.2875	13.1562
0.8770	2.0402	0.2425	13.3309	13.1618
0.8775	2.0407	0.2410	13.4018	13.1717
0.8780	2.0412	0.2343	13.3776	13.2101
0.8785	2.0417	0.2264	13.3272	13.2573
0.8790	2.0417	0.2281	13.3586	13.2961
0.8795	2.0419	0.2277	13.4237	13.3419
0.8800	2.0420	0.2244	13.4182	13.3442
0.8805	2.0426	0.2263	13.3541	13.3305
0.8810	2.0429	0.2157	13.3687	13.2901
0.8815	2.0425	0.2228	13.4540	13.2318
0.8820	2.0424	0.2202	13.4670	13.1909
0.8825	2.0420	0.2258	13.3828	13.1505
0.8830	2.0413	0.2290	13.3737	13.1411
0.8835	2.0418	0.2326	13.4724	13.1671
0.8840	2.0417	0.2263	13.5094	13.1794
0.8845	2.0417	0.2292	13.4223	13.1798
0.8850	2.0425	0.2177	13.3973	13.1899
0.8855	2.0425	0.2228	13.4801	13.1866
0.8860	2.0424	0.2222	13.5307	13.1756
0.8865	2.0423	0.2249	13.3815	13.1648
0.8870	2.0421	0.2228	13.3501	13.1535
0.8875	2.0428	0.2238	13.4750	13.1589
0.8880	2.0427	0.2140	13.4952	13.1719
0.8885	2.0431	0.2159	13.3921	13.1910
0.8890	2.0439	0.2106	13.3638	13.1938
0.8895	2.0442	0.2002	13.4366	13.2398
0.8900	2.0441	0.2029	13.4525	13.2837
0.8905	2.0438	0.2089	13.3581	13.2909
0.8910	2.0446	0.2019	13.2956	13.3120
0.8915	2.0454	0.1942	13.3592	13.3009
0.8920	2.0442	0.2009	13.4056	13.2798
0.8925	2.0447	0.1965	13.3158	13.2636
0.8930	2.0445	0.1989	13.2255	13.2473
0.8935	2.0445	0.1938	13.2602	13.2585
0.8940	2.0453	0.1877	13.3369	13.2577
0.8945	2.0448	0.1962	13.3117	13.2697
0.8950	2.0438	0.2072	13.2557	13.2886
0.8955	2.0441	0.2048	13.3228	13.3204
0.8960	2.0443	0.2017	13.4045	13.3036
0.8965	2.0451	0.1911	13.3855	13.2757
0.8970	2.0450	0.1903	13.3422	13.2319
0.8975	2.0446	0.1936	13.3859	13.2065
0.8980	2.0440	0.2052	13.4553	13.1920
0.8985	2.0430	0.2089	13.4412	13.2104
0.8990	2.0429	0.2171	13.3871	13.2192
0.8995	2.0422	0.2256	13.4187	13.2346
0.9000	2.0426	0.2256	13.4961	13.2593
0.9005	2.0426	0.2213	13.4979	13.2659
0.9010	2.0417	0.2261	13.4405	13.2663
0.9015	2.0415	0.2322	13.4538	13.2567
0.9020	2.0413	0.2336	13.5313	13.2778
0.9025	2.0417	0.2313	13.5457	13.2664
0.9030	2.0420	0.2352	13.4780	13.2418
0.9035	2.0417	0.2319	13.4671	13.2283
0.9040	2.0411	0.2317	13.5443	13.2061
0.9045	2.0407	0.2367	13.5680	13.2067
0.9050	2.0409	0.2374	13.4959	13.1966
0.9055	2.0408	0.2397	13.4696	13.1975
0.9060	2.0411	0.2378	13.5420	13.1949
0.9065	2.0415	0.2328	13.5825	13.1757
0.9070	2.0414	0.2303	13.5191	13.1507
0.9075	2.0419	0.2319	13.4726	13.1336
0.9080	2.0419	0.2294	13.5320	13.1219
0.9085	2.0416	0.2280	13.5783	13.1243
0.9090	2.0421	0.2280	13.5119	13.1595
0.9095	2.0421	0.2258	13.4501	13.1895
0.9100	2.0421	0.2254	13.4983	13.1977
0.9105	2.0417	0.2281	13.5500	13.2057
0.9110	2.0420	0.2329	13.4969	13.2071
0.9115	2.0411	0.2354	13.4101	13.2071
0.9120	2.0413	0.2269	13.4296	13.1952
0.9125	2.0414	0.2309	13.4826	13.1964
0.9130	2.0409	0.2382	13.4284	13.2108
0.9135	2.0412	0.2374	13.3493	13.2135
0.9140	2.0405	0.2446	13.3643	13.2271
0.9145	2.0393	0.2521	13.4126	13.2466
0.9150	2.0393	0.2575	13.3452	13.2492
0.9155	2.0385	0.2628	13.2725	13.2608
0.9160	2.0383	0.2640	13.2710	13.2660
0.9165	2.0387	0.2641	13.3338	13.2637
0.9170	2.0386	0.2637	13.2811	13.2564
0.9175	2.0383	0.2636	13.1988	13.2411
0.9180	2.0386	0.2656	13.1496	13.2270
0.9185	2.0383	0.2679	13.2502	13.2366
0.9190	2.0380	0.2659	13.0746	13.2318
0.9195	2.0385	0.2608	12.5800	13.2490
0.9200	2.0385	0.2610	12.5896	13.2537
0.9205	2.0383	0.2673	12.6770	13.2568
0.9210	2.0387	0.2627	12.7230	13.2343
0.9215	2.0391	0.2650	12.6410	13.2176
0.9220	2.0380	0.2666	12.6511	13.1882
0.9225	2.0380	0.2677	12.7443	13.1748
0.9230	2.0388	0.2646	12.7769	13.1542
0.9235	2.0389	0.2619	12.7075	13.1528
0.9240	2.0391	0.2555	12.6857	13.1674
0.9245	2.0387	0.2573	12.7673	13.1997
0.9250	2.0391	0.2560	12.8394	13.2161
0.9255	2.0396	0.2582	12.7822	13.2203
0.9260	2.0401	0.2515	12.7406	13.2095
0.9265	2.0405	0.2446	12.8100	13.1831
0.9270	2.0409	0.2413	12.8900	13.1463
0.9275	2.0412	0.2363	12.8497	13.1116
0.9280	2.0414	0.2307	12.7941	13.0812
0.9285	2.0414	0.2295	12.8543	13.0660
0.9290	2.0415	0.2334	12.9446	13.0883
0.9295	2.0406	0.2405	12.9214	13.1112
0.9300	2.0395	0.2540	12.8610	13.1636
0.9305	2.0390	0.2609	12.9051	13.2111
0.9310	2.0395	0.2500	13.0177	13.2315
0.9315	2.0394	0.2471	13.0257	13.2291
0.9320	2.0396	0.2496	12.9492	13.2212
0.9325	2.0396	0.2496	12.9526	13.1889
0.9330	2.0391	0.2578	13.0648	13.1520
0.9335	2.0392	0.2549	13.1074	13.1360
0.9340	2.0401	0.2505	13.0242	13.1499
0.9345	2.0404	0.2414	12.9986	13.1804
0.9350	2.0406	0.2393	13.1063	13.2242
0.9355	2.0408	0.2383	13.1703	13.2701
0.9360	2.0413	0.2349	13.1050	13.3037
0.9365	2.0415	0.2359	13.0642	13.3080
0.9370	2.0417	0.2277	13.1625	13.2885
0.9375	2.0421	0.2271	13.2467	13.2568
0.9380	2.0414	0.2300	13.1953	13.2249
0.9385	2.0417	0.2304	13.1302	13.2097
0.9390	2.0414	0.2296	13.2107	13.2099
0.9395	2.0415	0.2331	13.3161	13.2276
0.9400	2.0420	0.2288	13.2800	13.2730
0.9405	2.0421	0.2304	13.2017	13.3005
0.9410	2.0421	0.2280	13.2568	13.3227
0.9415	2.0416	0.2304	13.3758	13.3189
0.9420	2.0416	0.2275	13.3522	13.3145
0.9425	2.0411	0.2322	13.2567	13.3146
0.9430	2.0409	0.2385	13.2850	13.2800
0.9435	2.0415	0.2339	13.3983	13.2450
0.9440	2.0418	0.2295	13.3995	13.2281
0.9445	2.0413	0.2313	13.3009	13.2148
0.9450	2.0408	0.2358	13.3071	13.2136
0.9455	2.0409	0.2410	13.4197	13.2314
0.9460	2.0405	0.2415	13.4389	13.2539
0.9465	2.0408	0.2407	13.3429	13.2690
0.9470	2.0403	0.2405	13.3171	13.2883
0.9475	2.0397	0.2490	13.4258	13.2974
0.9480	2.0397	0.2481	13.4778	13.2689
0.9485	2.0396	0.2484	13.3893	13.2464
0.9490	2.0405	0.2438	13.3474	13.2071
0.9495	2.0403	0.2516	13.4394	13.1945
0.9500	2.0399	0.2502	13.5212	13.1807
0.9505	2.0399	0.2494	13.4467	13.1950
0.9510	2.0396	0.2520	13.3730	13.2145
0.9515	2.0393	0.2550	13.4441	13.2326
0.9520	2.0388	0.2598	13.5354	13.2471
0.9525	2.0387	0.2661	13.4879	13.2469
0.9530	2.0385	0.2649	13.4025	13.2260
0.9535	2.0385	0.2663	13.4421	13.2499
0.9540	2.0380	0.2677	13.5400	13.2572
0.9545	2.0384	0.2688	13.4951	13.2543
0.9550	2.0375	0.2670	13.3962	13.2689
0.9555	2.0378	0.2766	13.3952	13.2806
0.9560	2.0379	0.2728	13.5118	13.3041
0.9565	2.0383	0.2682	13.3815	13.3144
0.9570	2.0376	0.2729	13.2247	13.3197
0.9575	2.0373	0.2781	13.2383	13.3224
0.9580	2.0372	0.2824	13.3327	13.3299
0.9585	2.0375	0.2800	13.3649	13.3204
0.9590	2.0374	0.2806	13.2610	13.3123
0.9595	2.0366	0.2798	13.2339	13.3145
0.9600	2.0367	0.2802	13.3308	13.3055
0.9605	2.0367	0.2818	13.3811	13.3071
0.9610	2.0373	0.2779	13.2908	13.3102
0.9615	2.0379	0.2673	13.2394	13.3088
0.9620	2.0382	0.2712	13.3078	13.3067
0.9625	2.0393	0.2576	13.3871	13.3109
0.9630	2.0392	0.2555	13.3506	13.3195
0.9635	2.0390	0.2626	13.2887	13.3414
0.9640	2.0384	0.2646	13.3487	13.3624
0.9645	2.0381	0.2653	13.4437	13.3654
0.9650	2.0383	0.2694	13.4213	13.3613
0.9655	2.0382	0.2655	13.3536	13.3515
0.9660	2.0381	0.2709	13.3950	13.3257
0.9665	2.0377	0.2753	13.4964	13.2834
0.9670	2.0376	0.2785	13.4908	13.2532
0.9675	2.0367	0.2818	13.4182	13.2431
0.9680	2.0371	0.2841	13.4368	13.2237
0.9685	2.0370	0.2835	13.5177	13.2161
0.9690	2.0364	0.2835	13.5257	13.2344
0.9695	2.0364	0.2848	13.4673	13.2466
0.9700	2.0366	0.2882	13.4747	13.2648
0.9705	2.0364	0.2866	13.5503	13.2853
0.9710	2.0366	0.2847	13.5640	13.3001
0.9715	2.0369	0.2825	13.5038	13.2985
0.9720	2.0371	0.2784	13.4970	13.2876
0.9725	2.0374	0.2771	13.5554	13.2681
0.9730	2.0374	0.2771	13.5718	13.2481
0.9735	2.0377	0.2749	13.5233	13.2356
0.9740	2.0376	0.2770	13.5107	13.2461
0.9745	2.0379	0.2768	13.5612	13.2585
0.9750	2.0375	0.2686	13.5859	13.2505
0.9755	2.0375	0.2702	13.5490	13.2759
0.9760	2.0385	0.2667	13.5174	13.3033
0.9765	2.0382	0.2736	13.5408	13.3253
0.9770	2.0375	0.2808	13.5678	13.3326
0.9775	2.0376	0.2691	13.5360	13.3416
0.9780	2.0386	0.2610	13.4935	13.3091
0.9785	2.0386	0.2602	13.5015	13.2816
0.9790	2.0394	0.2560	13.5274	13.2613
0.9795	2.0394	0.2584	13.5011	13.2467
0.9800	2.0405	0.2460	13.4375	13.2433
0.9805	2.0409	0.2376	13.4256	13.2515
0.9810	2.0418	0.2272	13.4544	13.2572
0.9815	2.0413	0.2284	13.4432	13.2658
0.9820	2.0420	0.2288	13.3784	13.2703
0.9825	2.0414	0.2334	13.3460	13.2860
0.9830	2.0405	0.2351	13.3749	13.3005
0.9835	2.0404	0.2434	13.3776	13.2784
0.9840	2.0396	0.2478	13.3041	13.2821
0.9845	2.0399	0.2491	13.2446	13.2803
0.9850	2.0394	0.2540	13.2724	13.2571
0.9855	2.0385	0.2593	13.2962	13.2781
0.9860	2.0384	0.2654	13.1290	13.3119
0.9865	2.0386	0.2679	13.0822	13.3279
0.9870	2.0382	0.2697	13.1234	13.3196
0.9875	2.0385	0.2649	13.1409	13.3145
0.9880	2.0385	0.2649	13.0900	13.2892
0.9885	2.0385	0.2674	13.0050	13.2551
0.9890	2.0386	0.2637	12.9452	13.2321
0.9895	2.0389	0.2614	12.8546	13.2015
0.9900	2.0389	0.2632	12.7825	13.1748
0.9905	2.0380	0.2664	12.6578	13.1919
0.9910	2.0381	0.2682	12.6544	13.2013
0.9915	2.0380	0.2670	12.7430	13.2139
0.9920	2.0373	0.2704	12.7589	13.2264
0.9925	2.0378	0.2678	12.7213	13.2266
0.9930	2.0388	0.2611	12.7261	13.2340
0.9935	2.0390	0.2598	12.7921	13.2430
0.9940	2.0400	0.2502	12.8143	13.2276
0.9945	2.0400	0.2489	12.7770	13.2076
0.9950	2.0407	0.2412	12.7787	13.1933
0.9955	2.0412	0.2357	12.8422	13.1814
0.9960	2.0407	0.2393	12.8708	13.2046
0.9965	2.0406	0.2375	12.8372	13.2221
0.9970	2.0404	0.2431	12.8313	13.2322
0.9975	2.0396	0.2472	12.9014	13.2808
0.9980	2.0397	0.2497	12.9492	13.3046
0.9985	2.0398	0.2526	12.9233	13.3380
0.9990	2.0393	0.2543	12.9042	13.3452
0.9995	2.0391	0.2534	12.9570	13.3223
1.0000	2.0395	0.2546	13.0156	13.2971
1.0005	2.0391	0.2584	12.9856	13.2653
1.0010	2.0388	0.2630	12.9561	13.2508
1.0015	2.0391	0.2647	12.9969	13.2527
1.0020	2.0386	0.2614	13.0528	13.2649
1.0025	2.0386	0.2667	13.0474	13.2811
1.0030	2.0386	0.2590	13.0252	13.2924
1.0035	2.0390	0.2603	13.0796	13.2927
1.0040	2.0395	0.2536	13.1391	13.2892
1.0045	2.0394	0.2561	13.1096	13.2563
1.0050	2.0395	0.2487	13.0800	13.2123
1.0055	2.0399	0.2536	13.1349	13.1807
1.0060	2.0398	0.2501	13.2169	13.1833
1.0065	2.0398	0.2435	13.2065	13.1884
1.0070	2.0388	0.2573	13.1508	13.2028
1.0075	2.0390	0.2606	13.1901	13.2787
1.0080	2.0389	0.2632	13.2758	13.3444
1.0085	2.0387	0.2605	13.2807	13.3798
1.0090	2.0386	0.2587	13.2322	13.3742
1.0095	2.0387	0.2571	13.2446	13.3624
1.0100	2.0393	0.2597	13.3211	13.3475
1.0105	2.0386	0.2570	13.3419	13.3141
1.0110	2.0392	0.2577	13.2909	13.2774
1.0115	2.0396	0.2511	13.2857	13.2532
1.0120	2.0399	0.2484	13.3483	13.2492
1.0125	2.0404	0.2428	13.3677	13.2500
1.0130	2.0420	0.2292	13.3209	13.2771
1.0135	2.0423	0.2222	13.3178	13.2868
1.0140	2.0428	0.2190	13.3844	13.3047
1.0145	2.0431	0.2124	13.4120	13.3168
1.0150	2.0443	0.1997	13.3601	13.2963
1.0155	2.0440	0.2016	13.3413	13.2711
1.0160	2.0445	0.1981	13.4030	13.2523
1.0165	2.0441	0.2053	13.4490	13.2494
1.0170	2.0445	0.1989	13.4076	13.2426
1.0175	2.0445	0.2034	13.3732	13.2501
1.0180	2.0443	0.2035	13.4308	13.2410
1.0185	2.0436	0.2033	13.4918	13.2475
1.0190	2.0438	0.2062	13.4667	13.2405
1.0195	2.0431	0.2141	13.4148	13.2293
1.0200	2.0428	0.2192	13.4450	13.2304
1.0205	2.0434	0.2127	13.5069	13.2402
1.0210	2.0430	0.2154	13.5031	13.2601
1.0215	2.0429	0.2127	13.4348	13.2845
1.0220	2.0426	0.2174	13.4434	13.2852
1.0225	2.0430	0.2160	13.4935	13.2943
1.0230	2.0430	0.2182	13.5089	13.2929
1.0235	2.0429	0.2175	13.4328	13.2998
1.0240	2.0433	0.2160	13.4219	13.2984
1.0245	2.0428	0.2204	13.2929	13.2872
1.0250	2.0416	0.2229	13.2131	13.2863
1.0255	2.0413	0.2338	13.1694	13.2831
1.0260	2.0421	0.2192	13.1354	13.2679
1.0265	2.0431	0.2165	13.2191	13.2357
1.0270	2.0431	0.2124	13.2741	13.2137
1.0275	2.0430	0.2150	13.2480	13.2025
1.0280	2.0431	0.2131	13.2116	13.2105
1.0285	2.0427	0.2151	13.2809	13.2346
1.0290	2.0427	0.2155	13.3552	13.2582
1.0295	2.0427	0.2187	13.3320	13.2953
1.0300	2.0430	0.2216	13.2891	13.3144
1.0305	2.0425	0.2189	13.3451	13.3230
1.0310	2.0423	0.2180	13.4359	13.3239
1.0315	2.0423	0.2319	13.4266	13.3151
1.0320	2.0409	0.2334	13.3616	13.3079
1.0325	2.0406	0.2392	13.3907	13.2998
1.0330	2.0408	0.2402	13.4943	13.2806
1.0335	2.0414	0.2317	13.5086	13.2680
1.0340	2.0409	0.2358	13.4286	13.2446
1.0345	2.0408	0.2363	13.4228	13.2322
1.0350	2.0414	0.2340	13.5280	13.2340
1.0355	2.0417	0.2290	13.5640	13.2394
1.0360	2.0418	0.2237	13.4852	13.2235
1.0365	2.0423	0.2237	13.4669	13.2328
1.0370	2.0430	0.2146	13.5705	13.2195
1.0375	2.0438	0.2109	13.6225	13.2250
1.0380	2.0440	0.2097	13.5434	13.2406
1.0385	2.0434	0.2078	13.5023	13.2506
1.0390	2.0429	0.2142	13.5764	13.2527
1.0395	2.0424	0.2221	13.6309	13.2459
1.0400	2.0418	0.2275	13.5790	13.2497
1.0405	2.0417	0.2307	13.5327	13.2348
1.0410	2.0413	0.2333	13.5845	13.2122
1.0415	2.0408	0.2418	13.6426	13.1843
1.0420	2.0408	0.2393	13.6032	13.1445
1.0425	2.0401	0.2479	13.5377	13.1342
1.0430	2.0398	0.2532	13.5861	13.1374
1.0435	2.0398	0.2526	13.6628	13.1466
1.0440	2.0390	0.2558	13.6248	13.1707
1.0445	2.0395	0.2553	13.5377	13.1872
1.0450	2.0394	0.2576	13.5574	13.1990
1.0455	2.0392	0.2592	13.6380	13.1934
1.0460	2.0393	0.2583	13.6144	13.1759
1.0465	2.0389	0.2592	13.5152	13.1641
1.0470	2.0392	0.2570	13.5150	13.1603
1.0475	2.0389	0.2561	13.5857	13.1655
1.0480	2.0392	0.2525	13.5668	13.1817
1.0485	2.0396	0.2510	13.4647	13.1713
1.0490	2.0403	0.2419	13.4471	13.1952
1.0495	2.0402	0.2462	13.5103	13.2003
1.0500	2.0400	0.2493	13.5097	13.2189
1.0505	2.0398	0.2538	13.3936	13.2224
1.0510	2.0403	0.2556	13.3564	13.2346
1.0515	2.0390	0.2611	13.4073	13.2512
1.0520	2.0395	0.2564	13.4300	13.2552
1.0525	2.0388	0.2601	13.3144	13.2524
1.0530	2.0384	0.2638	13.2631	13.2485
1.0535	2.0383	0.2685	13.2274	13.2661
1.0540	2.0378	0.2646	13.2456	13.2658
1.0545	2.0384	0.2680	13.2361	13.2834
1.0550	2.0378	0.2708	13.1110	13.2826
1.0555	2.0375	0.2768	13.1419	13.2773
1.0560	2.0383	0.2721	13.2125	13.2608
1.0565	2.0381	0.2628	13.1747	13.2443
1.0570	2.0388	0.2632	13.0460	13.2245
1.0575	2.0391	0.2593	13.0214	13.1983
1.0580	2.0387	0.2584	13.0688	13.1940
1.0585	2.0386	0.2602	13.0032	13.1944
1.0590	2.0388	0.2587	12.6856	13.2321
1.0595	2.0396	0.2556	12.7136	13.2451
1.0600	2.0392	0.2540	12.8182	13.2613
1.0605	2.0395	0.2549	12.8438	13.2726
1.0610	2.0396	0.2527	12.7765	13.3147
1.0615	2.0409	0.2422	12.7724	13.3061
1.0620	2.0414	0.2381	12.8726	13.2819
1.0625	2.0406	0.2388	12.9165	13.2484
1.0630	2.0423	0.2245	12.8427	13.2281
1.0635	2.0436	0.2074	12.8135	13.2035
1.0640	2.0451	0.1944	12.9103	13.1802
1.0645	2.0443	0.2018	12.9722	13.1680
1.0650	2.0439	0.2080	12.9166	13.1997
1.0655	2.0440	0.2057	12.8850	13.2272
1.0660	2.0443	0.2021	12.9590	13.2667
1.0665	2.0456	0.1830	13.0389	13.2731
1.0670	2.0448	0.1924	13.0065	13.2432
1.0675	2.0448	0.1933	12.9493	13.2245
1.0680	2.0454	0.1892	13.0087	13.1981
1.0685	2.0456	0.1884	13.0998	13.1791
1.0690	2.0439	0.2029	13.0785	13.1874
1.0695	2.0435	0.2111	13.0185	13.2183
1.0700	2.0435	0.2109	13.0554	13.2595
1.0705	2.0434	0.2076	13.1421	13.2891
1.0710	2.0432	0.2120	13.1471	13.2916
1.0715	2.0423	0.2215	13.0881	13.2914
1.0720	2.0423	0.2217	13.1110	13.2835
1.0725	2.0414	0.2363	13.2012	13.2749
1.0730	2.0415	0.2306	13.2215	13.2547
1.0735	2.0408	0.2366	13.1520	13.2481
1.0740	2.0410	0.2395	13.1550	13.2433
1.0745	2.0413	0.2344	13.2573	13.2542
1.0750	2.0409	0.2350	13.2959	13.2554
1.0755	2.0413	0.2373	13.2345	13.2746
1.0760	2.0425	0.2175	13.2143	13.2808
1.0765	2.0428	0.2211	13.2979	13.2847
1.0770	2.0433	0.2166	13.3625	13.2876
1.0775	2.0435	0.2083	13.3224	13.2898
1.0780	2.0432	0.2118	13.2716	13.2897
1.0785	2.0437	0.2133	13.3243	13.2817
1.0790	2.0438	0.2098	13.3955	13.2935
1.0795	2.0436	0.2011	13.3747	13.2682
1.0800	2.0433	0.2134	13.3226	13.2645
1.0805	2.0425	0.2215	13.3465	13.2552
1.0810	2.0420	0.2267	13.4200	13.2748
1.0815	2.0423	0.2253	13.4167	13.2754
1.0820	2.0426	0.2207	13.3554	13.2826
1.0825	2.0426	0.2211	13.3610	13.2823
1.0830	2.0426	0.2160	13.4408	13.2757
1.0835	2.0424	0.2219	13.4660	13.2694
1.0840	2.0420	0.2207	13.4006	13.2774
1.0845	2.0418	0.2301	13.3890	13.2799
1.0850	2.0416	0.2338	13.4707	13.2933
1.0855	2.0413	0.2347	13.5003	13.2757
1.0860	2.0408	0.2413	13.4478	13.2591
1.0865	2.0403	0.2444	13.4213	13.2321
1.0870	2.0405	0.2487	13.4800	13.2114
1.0875	2.0394	0.2507	13.5271	13.1935
1.0880	2.0394	0.2596	13.4918	13.1850
1.0885	2.0388	0.2611	13.4456	13.1743
1.0890	2.0387	0.2608	13.4858	13.1822
1.0895	2.0390	0.2558	13.5244	13.1990
1.0900	2.0391	0.2629	13.4850	13.2247
1.0905	2.0393	0.2611	13.4243	13.2470
1.0910	2.0390	0.2570	13.4655	13.2748
1.0915	2.0394	0.2587	13.3380	13.2827
1.0920	2.0394	0.2501	13.1719	13.2835
1.0925	2.0401	0.2511	13.1235	13.2998
1.0930	2.0394	0.2516	13.1226	13.2866
1.0935	2.0389	0.2619	13.1856	13.2906
1.0940	2.0379	0.2699	13.2243	13.3007
1.0945	2.0380	0.2692	13.2165	13.3033
1.0950	2.0380	0.2700	13.2114	13.2964
1.0955	2.0381	0.2632	13.2628	13.2825
1.0960	2.0387	0.2623	13.2986	13.2643
1.0965	2.0386	0.2644	13.2894	13.2385
1.0970	2.0387	0.2691	13.2682	13.2224
1.0975	2.0384	0.2707	13.3009	13.2137
1.0980	2.0382	0.2682	13.3705	13.2168
1.0985	2.0387	0.2615	13.3814	13.2301
1.0990	2.0391	0.2561	13.3458	13.2315
1.0995	2.0400	0.2468	13.3522	13.2358
1.1000	2.0406	0.2416	13.4166	13.2168
1.1005	2.0409	0.2405	13.4462	13.2193
1.1010	2.0405	0.2417	13.4138	13.1838
1.1015	2.0413	0.2319	13.4076	13.1692
1.1020	2.0416	0.2331	13.4680	13.1707
1.1025	2.0418	0.2305	13.5208	13.1687
1.1030	2.0427	0.2248	13.5072	13.1659
1.1035	2.0428	0.2186	13.4769	13.1595
1.1040	2.0431	0.2126	13.5027	13.1952
1.1045	2.0444	0.2054	13.5520	13.2148
1.1050	2.0452	0.1920	13.5400	13.2084
1.1055	2.0451	0.1918	13.4990	13.2147
1.1060	2.0442	0.1995	13.5187	13.2263
1.1065	2.0438	0.2015	13.5901	13.2463
1.1070	2.0433	0.2096	13.5867	13.2710
1.1075	2.0439	0.2046	13.5169	13.2721
1.1080	2.0448	0.1971	13.5063	13.2624
1.1085	2.0456	0.1897	13.5758	13.2296
1.1090	2.0447	0.1956	13.5988	13.1867
1.1095	2.0455	0.1848	13.5335	13.1448
1.1100	2.0467	0.1756	13.4974	13.1154
1.1105	2.0464	0.1840	13.5579	13.0899
1.1110	2.0455	0.1880	13.6080	13.0993
1.1115	2.0454	0.1850	13.5543	13.1373
1.1120	2.0451	0.1864	13.4981	13.1877
1.1125	2.0449	0.1912	13.5452	13.2377
1.1130	2.0454	0.1853	13.5861	13.2732
1.1135	2.0461	0.1862	13.5352	13.2803
1.1140	2.0471	0.1731	13.4744	13.2516
1.1145	2.0471	0.1730	13.4956	13.2132
1.1150	2.0478	0.1660	13.5469	13.1882
1.1155	2.0475	0.1624	13.5020	13.1666
1.1160	2.0472	0.1722	13.4231	13.1829
1.1165	2.0460	0.1773	13.4244	13.2389
1.1170	2.0458	0.1873	13.4713	13.3067
1.1175	2.0449	0.1950	13.4340	13.3676
1.1180	2.0445	0.1968	13.3519	13.3805
1.1185	2.0449	0.2006	13.3449	13.3598
1.1190	2.0440	0.2044	13.3804	13.3071
1.1195	2.0430	0.2110	13.3662	13.2418
1.1200	2.0424	0.2226	13.2750	13.1971
1.1205	2.0418	0.2275	13.2465	13.1695
1.1210	2.0415	0.2302	13.2877	13.1742
1.1215	2.0411	0.2331	13.2904	13.1883
1.1220	2.0404	0.2422	13.1910	13.2319
1.1225	2.0402	0.2444	13.1581	13.2743
1.1230	2.0395	0.2538	13.1341	13.3017
1.1235	2.0386	0.2560	13.1144	13.2767
1.1240	2.0392	0.2562	13.1125	13.2450
1.1245	2.0391	0.2585	13.0634	13.2021
1.1250	2.0386	0.2624	13.0453	13.1330
1.1255	2.0384	0.2641	13.0469	13.1056
1.1260	2.0384	0.2620	13.0082	13.0827
1.1265	2.0390	0.2617	12.9549	13.1083
1.1270	2.0391	0.2570	12.9173	13.1639
1.1275	2.0394	0.2525	12.8940	13.2332
1.1280	2.0398	0.2523	12.7298	13.2861
1.1285	2.0397	0.2489	12.7208	13.3171
1.1290	2.0402	0.2455	12.7411	13.3589
1.1295	2.0402	0.2454	12.7537	13.3569
1.1300	2.0399	0.2483	12.7733	13.3195
1.1305	2.0395	0.2566	12.7781	13.2831
1.1310	2.0395	0.2579	12.7943	13.2556
1.1315	2.0391	0.2496	12.8287	13.2247
1.1320	2.0398	0.2568	12.8445	13.2351
1.1325	2.0387	0.2579	12.8313	13.2527
1.1330	2.0387	0.2648	12.8409	13.2706
1.1335	2.0387	0.2665	12.8805	13.2899
1.1340	2.0385	0.2599	12.8998	13.3007
1.1345	2.0388	0.2603	12.8888	13.2969
1.1350	2.0390	0.2636	12.9121	13.2907
1.1355	2.0391	0.2563	12.9536	13.2836
1.1360	2.0399	0.2489	12.9753	13.2676
1.1365	2.0400	0.2457	12.9645	13.2679
1.1370	2.0406	0.2403	12.9705	13.2646
1.1375	2.0413	0.2324	13.0056	13.2842
1.1380	2.0407	0.2346	13.0319	13.2936
1.1385	2.0405	0.2397	13.0273	13.3251
1.1390	2.0396	0.2503	13.0248	13.3407
1.1395	2.0399	0.2532	13.0622	13.3529
1.1400	2.0393	0.2512	13.0980	13.3711
1.1405	2.0391	0.2561	13.0944	13.3444
1.1410	2.0382	0.2692	13.0812	13.3236
1.1415	2.0371	0.2810	13.1118	13.3115
1.1420	2.0373	0.2810	13.1645	13.3020
1.1425	2.0369	0.2779	13.1703	13.3083
1.1430	2.0367	0.2836	13.1500	13.3164
1.1435	2.0365	0.2847	13.1750	13.3164
1.1440	2.0361	0.2860	13.2193	13.3147
1.1445	2.0363	0.2859	13.2316	13.3173
1.1450	2.0372	0.2745	13.2116	13.3000
1.1455	2.0378	0.2712	13.2265	13.2734
1.1460	2.0388	0.2582	13.2688	13.2346
1.1465	2.0399	0.2465	13.2787	13.1811
1.1470	2.0407	0.2443	13.2579	13.1655
1.1475	2.0416	0.2328	13.2543	13.1573
1.1480	2.0426	0.2164	13.2875	13.1688
1.1485	2.0429	0.2148	13.3053	13.1767
1.1490	2.0427	0.2166	13.2918	13.2110
1.1495	2.0418	0.2272	13.2844	13.2495
1.1500	2.0433	0.2151	13.3180	13.2791
1.1505	2.0444	0.2000	13.3365	13.2817
1.1510	2.0450	0.1983	13.3301	13.2625
1.1515	2.0453	0.1878	13.3216	13.2386
1.1520	2.0453	0.1869	13.3490	13.2128
1.1525	2.0452	0.1903	13.3722	13.1926
1.1530	2.0456	0.1891	13.3697	13.2049
1.1535	2.0459	0.1860	13.3605	13.2295
1.1540	2.0454	0.1847	13.3886	13.2411
1.1545	2.0459	0.1912	13.4004	13.2595
1.1550	2.0450	0.1904	13.3915	13.2893
1.1555	2.0442	0.2066	13.3785	13.2978
1.1560	2.0442	0.2018	13.4166	13.3012
1.1565	2.0439	0.2071	13.4226	13.2796
1.1570	2.0442	0.1994	13.4415	13.2856
1.1575	2.0447	0.1991	13.2561	13.2861
1.1580	2.0448	0.1964	12.9515	13.2698
1.1585	2.0443	0.2005	12.9622	13.2630
1.1590	2.0444	0.2003	12.9716	13.2676
1.1595	2.0443	0.2015	12.9773	13.2712
1.1600	2.0443	0.2028	13.0088	13.2905
1.1605	2.0436	0.2062	13.0738	13.2966
1.1610	2.0437	0.2094	13.0987	13.3160
1.1615	2.0435	0.2133	13.1038	13.2985
1.1620	2.0432	0.2163	13.1243	13.2806
1.1625	2.0431	0.2139	13.1603	13.2626
1.1630	2.0433	0.2175	13.1725	13.2415
1.1635	2.0437	0.2130	13.1741	13.2115
1.1640	2.0429	0.2169	13.1841	13.2055
1.1645	2.0427	0.2162	13.2268	13.2095
1.1650	2.0423	0.2205	13.2632	13.2281
1.1655	2.0418	0.2254	13.2614	13.2672
1.1660	2.0409	0.2341	13.2606	13.3033
1.1665	2.0413	0.2356	13.2900	13.3205
1.1670	2.0406	0.2371	13.3257	13.3310
1.1675	2.0405	0.2453	13.3430	13.3224
1.1680	2.0398	0.2434	13.3405	13.3105
1.1685	2.0398	0.2517	13.3584	13.2794
1.1690	2.0404	0.2475	13.3856	13.2477
1.1695	2.0395	0.2532	13.4093	13.2276
1.1700	2.0390	0.2593	13.4182	13.2102
1.1705	2.0386	0.2606	13.4166	13.2205
1.1710	2.0380	0.2686	13.4367	13.2374
1.1715	2.0380	0.2671	13.4596	13.2527
1.1720	2.0375	0.2781	13.4639	13.2750
1.1725	2.0373	0.2757	13.4653	13.2854
1.1730	2.0370	0.2786	13.4818	13.2749
1.1735	2.0369	0.2829	13.5019	13.2651
1.1740	2.0368	0.2807	13.5078	13.2410
1.1745	2.0368	0.2842	13.5030	13.2323
1.1750	2.0368	0.2852	13.5012	13.2237
1.1755	2.0372	0.2859	13.5109	13.2205
1.1760	2.0368	0.2794	13.5168	13.2532
1.1765	2.0373	0.2777	13.5158	13.2926
1.1770	2.0379	0.2649	13.5202	13.2865
1.1775	2.0387	0.2619	13.5219	13.2864
1.1780	2.0397	0.2512	13.5247	13.2798
1.1785	2.0405	0.2408	13.5306	13.2534
1.1790	2.0403	0.2454	13.5330	13.2537
1.1795	2.0396	0.2475	13.5261	13.2824
1.1800	2.0397	0.2518	13.5180	13.3217
1.1805	2.0391	0.2520	13.5269	13.3575
1.1810	2.0398	0.2494	13.5207	13.3917
1.1815	2.0396	0.2481	13.5021	13.3963
1.1820	2.0398	0.2498	13.4971	13.3950
1.1825	2.0399	0.2506	13.4893	13.3628
1.1830	2.0395	0.2502	13.4747	13.3100
1.1835	2.0399	0.2508	13.4547	13.2978
1.1840	2.0403	0.2457	13.4386	13.2886
1.1845	2.0403	0.2476	13.4289	13.2981
1.1850	2.0405	0.2447	13.4169	13.3101
1.1855	2.0406	0.2443	13.3970	13.3121
1.1860	2.0406	0.2416	13.3669	13.3114
1.1865	2.0414	0.2293	13.3566	13.3184
1.1870	2.0423	0.2244	13.3507	13.3185
1.1875	2.0435	0.2107	13.3244	13.3084
1.1880	2.0438	0.2076	13.2880	13.3041
1.1885	2.0443	0.2018	13.2687	13.2940
1.1890	2.0446	0.2023	13.2560	13.3070
1.1895	2.0433	0.2139	13.2398	13.3276
1.1900	2.0442	0.2071	13.1944	13.3562
1.1905	2.0443	0.2015	13.1921	13.3731
1.1910	2.0437	0.2041	13.1167	13.3868
1.1915	2.0441	0.2106	12.9326	13.3745
1.1920	2.0430	0.2130	12.9165	13.3454
1.1925	2.0421	0.2190	12.9179	13.3203
1.1930	2.0424	0.2193	12.9192	13.2926
1.1935	2.0421	0.2229	12.8985	13.2664
1.1940	2.0428	0.2154	12.8908	13.2450
1.1945	2.0429	0.2117	12.9049	13.2254
1.1950	2.0428	0.2173	12.9190	13.2449
1.1955	2.0430	0.2174	12.8915	13.2561
1.1960	2.0431	0.2164	12.8671	13.2825
1.1965	2.0434	0.2069	12.7811	13.3561
1.1970	2.0442	0.2033	12.8088	13.3885
1.1975	2.0439	0.2065	12.8184	13.3985
1.1980	2.0434	0.2067	12.8168	13.3774
1.1985	2.0434	0.2060	12.8295	13.3531
1.1990	2.0433	0.2118	12.8566	13.3132
1.1995	2.0433	0.2132	12.8550	13.2771
1.2000	2.0431	0.2152	12.8509	13.2575
1.2005	2.0433	0.2176	12.8862	13.2601
1.2010	2.0429	0.2140	12.9271	13.2660
1.2015	2.0423	0.2225	12.9280	13.2936
1.2020	2.0423	0.2202	12.9325	13.3100
1.2025	2.0432	0.2184	12.9650	13.3253
1.2030	2.0423	0.2175	12.9997	13.3309
1.2035	2.0429	0.2176	13.0133	13.3322
1.2040	2.0424	0.2274	13.0101	13.3036
1.2045	2.0423	0.2264	13.0299	13.2901
1.2050	2.0413	0.2280	13.0784	13.2774
1.2055	2.0416	0.2297	13.1022	13.2552
1.2060	2.0415	0.2322	13.0900	13.2423
1.2065	2.0413	0.2399	13.0766	13.2685
1.2070	2.0414	0.2408	13.1093	13.2790
1.2075	2.0405	0.2421	13.1514	13.2934
1.2080	2.0406	0.2387	13.1641	13.2996
1.2085	2.0406	0.2409	13.1759	13.3039
1.2090	2.0403	0.2458	13.1995	13.3048
1.2095	2.0402	0.2472	13.2308	13.3022
1.2100	2.0397	0.2528	13.2405	13.3130
1.2105	2.0401	0.2487	13.2537	13.3166
1.2110	2.0397	0.2520	13.2740	13.3298
1.2115	2.0396	0.2495	13.2997	13.3407
1.2120	2.0398	0.2535	13.3157	13.3580
1.2125	2.0390	0.2592	13.3302	13.3526
1.2130	2.0389	0.2646	13.3451	13.3494
1.2135	2.0385	0.2576	13.3512	13.3336
1.2140	2.0385	0.2629	13.3585	13.2945
1.2145	2.0382	0.2626	13.3660	13.2642
1.2150	2.0388	0.2635	13.3870	13.2251
1.2155	2.0389	0.2653	13.4035	13.2064
1.2160	2.0383	0.2646	13.3998	13.1872
1.2165	2.0376	0.2708	13.3909	13.1881
1.2170	2.0375	0.2721	13.4095	13.1901
1.2175	2.0370	0.2781	13.4328	13.1950
1.2180	2.0375	0.2796	13.4275	13.2047
1.2185	2.0375	0.2766	13.4290	13.2055
1.2190	2.0378	0.2797	13.4422	13.1985
1.2195	2.0367	0.2777	13.4617	13.1934
1.2200	2.0377	0.2763	13.4656	13.1768
1.2205	2.0378	0.2736	13.4696	13.1535
1.2210	2.0377	0.2708	13.4809	13.1475
1.2215	2.0387	0.2652	13.5001	13.1421
1.2220	2.0388	0.2602	13.4892	13.1346
1.2225	2.0387	0.2626	13.5037	13.1418
1.2230	2.0386	0.2653	13.5085	13.1526
1.2235	2.0385	0.2655	13.5391	13.2191
1.2240	2.0386	0.2641	13.4906	13.2497
1.2245	2.0384	0.2651	13.4343	13.2563
1.2250	2.0383	0.2638	13.5279	13.2556
1.2255	2.0382	0.2654	13.4982	13.2421
1.2260	2.0386	0.2614	13.4476	13.2340
1.2265	2.0385	0.2620	13.4730	13.2267
1.2270	2.0393	0.2576	13.5377	13.2163
1.2275	2.0394	0.2568	13.5081	13.2140
1.2280	2.0389	0.2549	13.4600	13.2222
1.2285	2.0388	0.2584	13.4627	13.2404
1.2290	2.0389	0.2599	13.4987	13.2501
1.2295	2.0393	0.2552	13.4810	13.2546
1.2300	2.0394	0.2475	13.4176	13.2420
1.2305	2.0391	0.2530	13.3755	13.2239
1.2310	2.0398	0.2496	13.3658	13.2183
1.2315	2.0401	0.2481	13.3110	13.2086
1.2320	2.0398	0.2489	13.2970	13.2107
1.2325	2.0412	0.2360	13.2937	13.1975
1.2330	2.0411	0.2325	13.3425	13.2161
1.2335	2.0420	0.2308	13.3846	13.2391
1.2340	2.0426	0.2195	13.3790	13.2795
1.2345	2.0432	0.2095	13.3822	13.2817
1.2350	2.0437	0.2089	13.4166	13.2725
1.2355	2.0439	0.2060	13.4550	13.2710
1.2360	2.0442	0.2029	13.4638	13.2592
1.2365	2.0446	0.1950	13.4650	13.2617
1.2370	2.0453	0.1956	13.4828	13.2377
1.2375	2.0454	0.1872	13.5128	13.2073
1.2380	2.0448	0.1971	13.5291	13.1800
1.2385	2.0435	0.2092	13.5236	13.1804
1.2390	2.0442	0.2047	13.5205	13.1879
1.2395	2.0438	0.2080	13.5531	13.1905
1.2400	2.0445	0.2003	13.5707	13.2009
1.2405	2.0446	0.1963	13.5640	13.1942
1.2410	2.0449	0.1923	13.5583	13.1798
1.2415	2.0444	0.1989	13.5757	13.1555
1.2420	2.0438	0.2066	13.5932	13.1608
1.2425	2.0443	0.2007	13.6000	13.1381
1.2430	2.0441	0.1999	13.5932	13.1362
1.2435	2.0443	0.2022	13.5955	13.1345
1.2440	2.0432	0.2177	13.6079	13.1344
1.2445	2.0426	0.2186	13.6161	13.1475
1.2450	2.0423	0.2246	13.6037	13.1623
1.2455	2.0422	0.2247	13.6001	13.1713
1.2460	2.0429	0.2175	13.6166	13.1690
1.2465	2.0457	0.1904	13.6133	13.1543
1.2470	2.0446	0.1947	13.6042	13.1526
1.2475	2.0439	0.2059	13.6050	13.1742
1.2480	2.0434	0.2081	13.6185	13.2152
1.2485	2.0430	0.2123	13.6034	13.2524
1.2490	2.0430	0.2149	13.5730	13.2990
1.2495	2.0425	0.2202	13.5745	13.3297
1.2500	2.0428	0.2169	13.5926	13.3445
1.2505	2.0428	0.2254	13.5717	13.3458
1.2510	2.0423	0.2249	13.5318	13.3225
1.2515	2.0417	0.2305	13.5175	13.2854
1.2520	2.0414	0.2313	13.5218	13.2580
1.2525	2.0421	0.2301	13.5074	13.2263
1.2530	2.0415	0.2288	13.4669	13.2120
1.2535	2.0422	0.2240	13.4425	13.2199
1.2540	2.0418	0.2290	13.4500	13.2491
1.2545	2.0431	0.2157	13.4294	13.2875
1.2550	2.0430	0.2114	13.3895	13.3100
1.2555	2.0433	0.2116	13.3677	13.3345
1.2560	2.0423	0.2232	13.3635	13.3672
1.2565	2.0425	0.2239	13.3394	13.3575
1.2570	2.0424	0.2234	13.3185	13.3421
1.2575	2.0420	0.2293	13.3094	13.3160
1.2580	2.0414	0.2276	13.2817	13.2659
1.2585	2.0413	0.2336	13.2218	13.2277
1.2590	2.0413	0.2376	13.2047	13.2174
1.2595	2.0409	0.2393	12.9942	13.2316
1.2600	2.0402	0.2463	12.7925	13.2293
1.2605	2.0399	0.2493	12.7491	13.2351
1.2610	2.0391	0.2559	12.7606	13.2474
1.2615	2.0393	0.2496	12.7816	13.2512
1.2620	2.0396	0.2524	12.7992	13.2439
1.2625	2.0396	0.2505	12.7976	13.2277
1.2630	2.0399	0.2488	12.7943	13.2013
1.2635	2.0404	0.2469	12.8273	13.1731
1.2640	2.0404	0.2439	12.8494	13.1397
1.2645	2.0409	0.2366	12.8537	13.1407
1.2650	2.0415	0.2298	12.8581	13.1452
1.2655	2.0408	0.2340	12.8774	13.1712
1.2660	2.0410	0.2386	12.9063	13.1960
1.2665	2.0407	0.2378	12.9010	13.1995
1.2670	2.0402	0.2442	12.9153	13.2030
1.2675	2.0402	0.2519	12.9511	13.1921
1.2680	2.0401	0.2477	12.9699	13.1883
1.2685	2.0395	0.2518	12.9491	13.1700
1.2690	2.0394	0.2546	12.9657	13.1479
1.2695	2.0393	0.2561	13.0162	13.1323
1.2700	2.0399	0.2558	13.0449	13.1459
1.2705	2.0393	0.2548	13.0351	13.1431
1.2710	2.0402	0.2570	13.0390	13.1856
1.2715	2.0401	0.2478	13.0824	13.2225
1.2720	2.0404	0.2433	13.1163	13.2376
1.2725	2.0409	0.2357	13.1048	13.2537
1.2730	2.0416	0.2390	13.0955	13.2599
1.2735	2.0417	0.2277	13.1342	13.2504
1.2740	2.0420	0.2313	13.1835	13.2449
1.2745	2.0427	0.2189	13.1791	13.2147
1.2750	2.0424	0.2226	13.1591	13.2159
1.2755	2.0422	0.2270	13.1901	13.2432
1.2760	2.0423	0.2244	13.2370	13.2571
1.2765	2.0434	0.2100	13.2504	13.2661
1.2770	2.0424	0.2215	13.2371	13.2746
1.2775	2.0426	0.2210	13.2508	13.2917
1.2780	2.0417	0.2263	13.2979	13.3005
1.2785	2.0421	0.2244	13.3198	13.3067
1.2790	2.0418	0.2256	13.3087	13.3000
1.2795	2.0428	0.2193	13.3134	13.2833
1.2800	2.0432	0.2190	13.3650	13.2562
1.2805	2.0433	0.2166	13.3885	13.2133
1.2810	2.0435	0.2148	13.3603	13.1842
1.2815	2.0429	0.2185	13.3521	13.1744
1.2820	2.0427	0.2236	13.4011	13.1721
1.2825	2.0430	0.2143	13.4317	13.1781
1.2830	2.0446	0.2005	13.4174	13.1895
1.2835	2.0449	0.1907	13.3890	13.1727
1.2840	2.0443	0.1957	13.4177	13.1641
1.2845	2.0451	0.1941	13.4546	13.1549
1.2850	2.0441	0.1986	13.4426	13.1522
1.2855	2.0442	0.2042	13.4258	13.1667
1.2860	2.0446	0.1976	13.4446	13.1725
1.2865	2.0434	0.2061	13.4767	13.1827
1.2870	2.0439	0.2070	13.4727	13.1900
1.2875	2.0428	0.2169	13.4611	13.1912
1.2880	2.0428	0.2186	13.4705	13.2176
1.2885	2.0432	0.2127	13.5058	13.2397
1.2890	2.0418	0.2216	13.5047	13.2080
1.2895	2.0424	0.2228	13.4850	13.1806
1.2900	2.0423	0.2235	13.4883	13.1605
1.2905	2.0413	0.2370	13.5309	13.1535
1.2910	2.0412	0.2399	13.5246	13.1474
1.2915	2.0408	0.2354	13.4933	13.1475
1.2920	2.0407	0.2389	13.4023	13.1597
1.2925	2.0415	0.2357	13.5224	13.1904
1.2930	2.0418	0.2319	13.5513	13.1985
1.2935	2.0418	0.2256	13.4349	13.2229
1.2940	2.0410	0.2310	13.4253	13.2319
1.2945	2.0418	0.2307	13.5223	13.2239
1.2950	2.0410	0.2226	13.5398	13.2306
1.2955	2.0416	0.2309	13.4228	13.2346
1.2960	2.0411	0.2337	13.3885	13.2446
1.2965	2.0409	0.2408	13.4783	13.2543
1.2970	2.0410	0.2425	13.5052	13.2864
1.2975	2.0412	0.2387	13.3836	13.2936
1.2980	2.0414	0.2329	13.3252	13.3176
1.2985	2.0425	0.2223	13.3855	13.3147
1.2990	2.0429	0.2169	13.4444	13.3005
1.2995	2.0427	0.2172	13.2812	13.2903
1.3000	2.0428	0.2172	13.1726	13.2834
1.3005	2.0426	0.2186	13.3189	13.2981
1.3010	2.0425	0.2193	13.3843	13.2999
1.3015	2.0426	0.2236	13.3148	13.3103
1.3020	2.0414	0.2304	13.2630	13.3438
1.3025	2.0415	0.2312	13.3772	13.3685
1.3030	2.0409	0.2415	13.4703	13.3565
1.3035	2.0400	0.2458	13.4086	13.3375
1.3040	2.0394	0.2472	13.3329	13.2974
1.3045	2.0404	0.2494	13.4180	13.2554
1.3050	2.0395	0.2522	13.5148	13.2191
1.3055	2.0399	0.2499	13.4658	13.1972
1.3060	2.0395	0.2577	13.3851	13.1845
1.3065	2.0392	0.2516	13.4499	13.1874
1.3070	2.0390	0.2549	13.5563	13.2183
1.3075	2.0391	0.2638	13.5171	13.2549
1.3080	2.0398	0.2550	13.4226	13.2870
1.3085	2.0403	0.2421	13.4598	13.3038
1.3090	2.0410	0.2367	13.5631	13.3136
1.3095	2.0417	0.2316	13.5457	13.2916
1.3100	2.0426	0.2195	13.4533	13.2742
1.3105	2.0421	0.2236	13.4605	13.2545
1.3110	2.0413	0.2268	13.5552	13.2563
1.3115	2.0417	0.2325	13.5662	13.2644
1.3120	2.0414	0.2340	13.4783	13.2831
1.3125	2.0410	0.2342	13.4613	13.3008
1.3130	2.0414	0.2346	13.5531	13.3105
1.3135	2.0416	0.2297	13.5814	13.3217
1.3140	2.0413	0.2269	13.4882	13.2914
1.3145	2.0415	0.2284	13.4519	13.2645
1.3150	2.0416	0.2213	13.5351	13.2229
1.3155	2.0418	0.2267	13.5793	13.2097
1.3160	2.0415	0.2319	13.4893	13.2288
1.3165	2.0409	0.2345	13.4206	13.2765
1.3170	2.0406	0.2362	13.4792	13.3120
1.3175	2.0410	0.2417	13.5380	13.3600
1.3180	2.0411	0.2362	13.4679	13.3933
1.3185	2.0422	0.2290	13.3848	13.3978
1.3190	2.0417	0.2268	13.4159	13.3870
1.3195	2.0423	0.2190	13.4697	13.3650
1.3200	2.0432	0.2172	13.4111	13.3280
1.3205	2.0433	0.2130	13.3205	13.2969
1.3210	2.0431	0.2172	13.3353	13.2800
1.3215	2.0430	0.2154	13.3975	13.2770
1.3220	2.0436	0.2151	13.3445	13.2896
1.3225	2.0441	0.2014	13.2441	13.3147
1.3230	2.0448	0.1983	13.2384	13.3398
1.3235	2.0458	0.1901	13.3095	13.3552
1.3240	2.0460	0.1855	13.2683	13.3355
1.3245	2.0462	0.1811	13.1565	13.3113
1.3250	2.0464	0.1808	13.1205	13.2796
1.3255	2.0463	0.1799	13.2047	13.2594
1.3260	2.0459	0.1837	13.1842	13.2474
1.3265	2.0453	0.1856	13.0965	13.2598
1.3270	2.0446	0.1968	12.9640	13.2830
1.3275	2.0448	0.2009	12.6923	13.3145
1.3280	2.0443	0.2035	12.6758	13.3379
1.3285	2.0440	0.2051	12.6075	13.3427
1.3290	2.0431	0.2079	12.5911	13.3373
1.3295	2.0439	0.2085	12.6570	13.3125
1.3300	2.0440	0.2036	12.7280	13.3101
1.3305	2.0441	0.2083	12.6948	13.2276
1.3310	2.0434	0.2157	12.6540	13.2004
1.3315	2.0430	0.2128	12.6943	13.2299
1.3320	2.0432	0.2151	12.7648	13.2620
1.3325	2.0433	0.2118	12.7372	13.3122
1.3330	2.0433	0.2151	12.6970	13.3417
1.3335	2.0433	0.2150	12.7358	13.3674
1.3340	2.0439	0.2101	12.8230	13.3595
1.3345	2.0438	0.2116	12.8126	13.3312
1.3350	2.0432	0.2103	12.7483	13.2677
1.3355	2.0432	0.2148	12.7683	13.2121
1.3360	2.0436	0.2089	12.8594	13.1541
1.3365	2.0428	0.2097	12.8897	13.1214
1.3370	2.0430	0.2151	12.8311	13.1300
1.3375	2.0424	0.2223	12.8187	13.1632
1.3380	2.0423	0.2219	12.9151	13.2152
1.3385	2.0417	0.2267	12.9729	13.2667
1.3390	2.0417	0.2287	12.9111	13.3100
1.3395	2.0407	0.2388	12.8715	13.3187
1.3400	2.0403	0.2373	12.9595	13.3007
1.3405	2.0403	0.2440	13.0393	13.2566
1.3410	2.0396	0.2496	12.9957	13.2183
1.3415	2.0396	0.2514	12.9402	13.2240
1.3420	2.0393	0.2545	13.0078	13.1997
1.3425	2.0392	0.2551	13.0944	13.2109
1.3430	2.0397	0.2552	13.0649	13.2525
1.3435	2.0389	0.2555	13.0083	13.2882
1.3440	2.0399	0.2520	13.0606	13.3219
1.3445	2.0396	0.2528	13.1517	13.3465
1.3450	2.0391	0.2603	13.1363	13.3329
1.3455	2.0383	0.2697	13.0793	13.3205
1.3460	2.0381	0.2689	13.1138	13.2949
1.3465	2.0377	0.2753	13.2073	13.2550
1.3470	2.0376	0.2708	13.2206	13.2235
1.3475	2.0380	0.2667	13.1585	13.2047
1.3480	2.0379	0.2693	13.1709	13.1873
1.3485	2.0381	0.2697	13.2542	13.2055
1.3490	2.0381	0.2720	13.2750	13.2360
1.3495	2.0383	0.2669	13.2166	13.2591
1.3500	2.0384	0.2595	13.2141	13.2800
1.3505	2.0394	0.2552	13.2921	13.2759
1.3510	2.0396	0.2521	13.3164	13.2553
1.3515	2.0396	0.2497	13.2543	13.2314
1.3520	2.0397	0.2472	13.2511	13.1971
1.3525	2.0401	0.2510	13.3253	13.1812
1.3530	2.0406	0.2416	13.3491	13.1903
1.3535	2.0405	0.2387	13.2780	13.2297
1.3540	2.0411	0.2377	13.2599	13.2757
1.3545	2.0413	0.2336	13.3397	13.3574
1.3550	2.0410	0.2386	13.3843	13.4042
1.3555	2.0406	0.2410	13.3268	13.4055
1.3560	2.0410	0.2405	13.2952	13.3928
1.3565	2.0409	0.2372	13.3612	13.3367
1.3570	2.0408	0.2353	13.4177	13.2664
1.3575	2.0406	0.2434	13.3722	13.2057
1.3580	2.0396	0.2511	13.3218	13.1597
1.3585	2.0391	0.2526	13.3706	13.1547
1.3590	2.0401	0.2472	13.4475	13.1807
1.3595	2.0399	0.2451	13.4087	13.1993
1.3600	2.0406	0.2388	13.3548	13.2060
1.3605	2.0409	0.2369	13.3766	13.2316
1.3610	2.0411	0.2351	13.4480	13.2384
1.3615	2.0411	0.2365	13.3724	13.2446
1.3620	2.0412	0.2347	13.2740	13.2290
1.3625	2.0414	0.2426	13.3388	13.2008
1.3630	2.0412	0.2348	13.4027	13.1938
1.3635	2.0418	0.2344	13.3876	13.2052
1.3640	2.0412	0.2327	13.3040	13.2146
1.3645	2.0423	0.2269	13.3092	13.2413
1.3650	2.0420	0.2228	13.3675	13.2868
1.3655	2.0420	0.2252	13.3564	13.3348
1.3660	2.0422	0.2251	13.2800	13.3633
1.3665	2.0427	0.2206	13.2491	13.3818
1.3670	2.0431	0.2185	13.2968	13.3590
1.3675	2.0428	0.2150	13.3020	13.3348
1.3680	2.0434	0.2110	13.2206	13.3039
1.3685	2.0426	0.2144	13.1692	13.2866
1.3690	2.0426	0.2225	13.2201	13.2881
1.3695	2.0429	0.2180	13.2788	13.2928
1.3700	2.0420	0.2292	13.2366	13.3269
1.3705	2.0419	0.2269	13.2083	13.3566
1.3710	2.0420	0.2224	13.2737	13.3634
1.3715	2.0422	0.2213	13.3407	13.3520
1.3720	2.0427	0.2204	13.3159	13.3103
1.3725	2.0423	0.2212	13.2826	13.2812
1.3730	2.0421	0.2205	13.3358	13.2449
1.3735	2.0415	0.2303	13.3996	13.2438
1.3740	2.0413	0.2334	13.3867	13.2415
1.3745	2.0403	0.2403	13.3471	13.2546
1.3750	2.0397	0.2493	13.3787	13.2874
1.3755	2.0399	0.2472	13.4372	13.3161
1.3760	2.0397	0.2508	13.4212	13.3230
1.3765	2.0394	0.2545	13.3720	13.3336
1.3770	2.0388	0.2575	13.4066	13.3348
1.3775	2.0393	0.2543	13.4841	13.3481
1.3780	2.0387	0.2585	13.4678	13.3054
1.3785	2.0392	0.2580	13.3887	13.2710
1.3790	2.0386	0.2618	13.4124	13.2526
1.3795	2.0388	0.2573	13.4960	13.2325
1.3800	2.0389	0.2584	13.4885	13.2401
1.3805	2.0393	0.2534	13.4119	13.2412
1.3810	2.0395	0.2491	13.4199	13.2435
1.3815	2.0398	0.2523	13.5003	13.2342
1.3820	2.0397	0.2528	13.5053	13.2364
1.3825	2.0396	0.2518	13.4252	13.2163
1.3830	2.0403	0.2444	13.4130	13.1936
1.3835	2.0407	0.2424	13.4953	13.1760
1.3840	2.0406	0.2399	13.5059	13.1891
1.3845	2.0411	0.2337	13.4204	13.2017
1.3850	2.0409	0.2360	13.3927	13.2055
1.3855	2.0407	0.2406	13.4691	13.2295
1.3860	2.0412	0.2364	13.4990	13.2532
1.3865	2.0410	0.2351	13.4056	13.2667
1.3870	2.0412	0.2361	13.3450	13.2659
1.3875	2.0411	0.2390	13.3977	13.2570
1.3880	2.0410	0.2378	13.4314	13.2618
1.3885	2.0411	0.2356	13.3468	13.2536
1.3890	2.0406	0.2441	13.2793	13.2468
1.3895	2.0395	0.2467	13.3189	13.2413
1.3900	2.0392	0.2590	13.3646	13.2654
1.3905	2.0389	0.2576	13.2877	13.2939
1.3910	2.0389	0.2608	13.1978	13.3079
1.3915	2.0391	0.2586	13.2095	13.3124
1.3920	2.0390	0.2632	13.2834	13.3090
1.3925	2.0386	0.2576	13.2236	13.3054
1.3930	2.0385	0.2561	13.1319	13.2837
1.3935	2.0387	0.2664	13.1020	13.2699
1.3940	2.0377	0.2694	13.1975	13.2643
1.3945	2.0385	0.2688	12.7850	13.2770
1.3950	2.0390	0.2682	12.4937	13.2815
1.3955	2.0384	0.2670	12.5622	13.2764
1.3960	2.0382	0.2620	12.6612	13.2723
1.3965	2.0387	0.2635	12.6896	13.2676
1.3970	2.0381	0.2655	12.5949	13.2540
1.3975	2.0384	0.2662	12.6204	13.2290
1.3980	2.0383	0.2626	12.7277	13.2077
1.3985	2.0390	0.2667	12.7590	13.1881
1.3990	2.0392	0.2544	12.6638	13.1799
1.3995	2.0387	0.2599	12.6314	13.1991
1.4000	2.0389	0.2629	12.7522	13.2262
1.4005	2.0392	0.2564	12.8296	13.2386
1.4010	2.0396	0.2506	12.7445	13.2473
1.4015	2.0399	0.2518	12.6997	13.2218
1.4020	2.0403	0.2448	12.7952	13.1922
1.4025	2.0406	0.2467	12.8839	13.1691
1.4030	2.0408	0.2416	12.8194	13.1342
1.4035	2.0411	0.2393	12.7480	13.1082
1.4040	2.0403	0.2439	12.8372	13.0986
1.4045	2.0396	0.2505	12.9641	13.1220
1.4050	2.0391	0.2602	12.9127	13.1537
1.4055	2.0386	0.2622	12.8202	13.2123
1.4060	2.0392	0.2575	12.8951	13.2270
1.4065	2.0390	0.2580	13.0321	13.2386
1.4070	2.0401	0.2554	13.0105	13.2435
1.4075	2.0397	0.2533	12.8965	13.2179
1.4080	2.0389	0.2573	12.9358	13.1853
1.4085	2.0393	0.2621	13.0937	13.1630
1.4090	2.0391	0.2554	13.1082	13.1731
1.4095	2.0399	0.2516	12.9801	13.1959
1.4100	2.0399	0.2489	12.9816	13.2250
1.4105	2.0401	0.2438	13.1374	13.2645
1.4110	2.0401	0.2488	13.1860	13.2967
1.4115	2.0405	0.2452	13.0686	13.3174
1.4120	2.0407	0.2415	13.0444	13.3043
1.4125	2.0404	0.2415	13.1860	13.2698
1.4130	2.0404	0.2412	13.2620	13.2509
1.4135	2.0407	0.2434	13.1682	13.2296
1.4140	2.0402	0.2440	13.1150	13.2230
1.4145	2.0401	0.2504	13.2374	13.2281
1.4150	2.0400	0.2463	13.3411	13.2756
1.4155	2.0406	0.2440	13.2638	13.2970
1.4160	2.0408	0.2416	13.1841	13.3230
1.4165	2.0405	0.2461	13.2822	13.3238
1.4170	2.0410	0.2371	13.4047	13.3212
1.4175	2.0408	0.2418	13.3466	13.3295
1.4180	2.0406	0.2393	13.2400	13.2852
1.4185	2.0406	0.2369	13.3090	13.2493
1.4190	2.0413	0.2363	13.4353	13.2197
1.4195	2.0409	0.2405	13.4061	13.2178
1.4200	2.0400	0.2491	13.2825	13.2198
1.4205	2.0401	0.2508	13.3025	13.2345
1.4210	2.0400	0.2467	13.4415	13.2643
1.4215	2.0402	0.2465	13.4594	13.2769
1.4220	2.0404	0.2475	13.3520	13.2810
1.4225	2.0401	0.2483	13.3433	13.3008
1.4230	2.0396	0.2523	13.4615	13.2696
1.4235	2.0395	0.2583	13.4995	13.2354
1.4240	2.0394	0.2564	13.4023	13.2023
1.4245	2.0396	0.2561	13.3748	13.1821
1.4250	2.0393	0.2534	13.4921	13.1725
1.4255	2.0388	0.2596	13.5490	13.1892
1.4260	2.0389	0.2564	13.4550	13.2048
1.4265	2.0389	0.2584	13.3995	13.2265
1.4270	2.0388	0.2613	13.4995	13.2361
1.4275	2.0384	0.2651	13.5682	13.2376
1.4280	2.0382	0.2680	13.4865	13.2265
1.4285	2.0376	0.2717	13.4136	13.2375
1.4290	2.0381	0.2732	13.4980	13.2391
1.4295	2.0378	0.2795	13.5866	13.2436
1.4300	2.0375	0.2748	13.5135	13.2500
1.4305	2.0370	0.2742	13.4034	13.2677
1.4310	2.0376	0.2791	13.4772	13.2791
1.4315	2.0376	0.2753	13.5505	13.2876
1.4320	2.0376	0.2763	13.3424	13.2910
1.4325	2.0372	0.2767	13.2450	13.3077
1.4330	2.0369	0.2821	13.3012	13.3134
1.4335	2.0371	0.2771	13.4282	13.3117
1.4340	2.0370	0.2762	13.3916	13.2953
1.4345	2.0378	0.2797	13.2587	13.2953
1.4350	2.0371	0.2784	13.2777	13.2939
1.4355	2.0373	0.2792	13.4141	13.2820
1.4360	2.0381	0.2762	13.4084	13.2791
1.4365	2.0384	0.2598	13.2764	13.2845
1.4370	2.0388	0.2600	13.2668	13.2824
1.4375	2.0401	0.2470	13.4050	13.2804
1.4380	2.0406	0.2496	13.4691	13.2856
1.4385	2.0398	0.2505	13.3601	13.2941
1.4390	2.0397	0.2481	13.3089	13.3354
1.4395	2.0393	0.2543	13.4471	13.3334
1.4400	2.0387	0.2643	13.5454	13.3415
1.4405	2.0389	0.2637	13.4543	13.3233
1.4410	2.0388	0.2638	13.3790	13.3069
1.4415	2.0388	0.2694	13.4856	13.2655
1.4420	2.0383	0.2703	13.6062	13.2280
1.4425	2.0381	0.2675	13.5347	13.2194
1.4430	2.0378	0.2700	13.4186	13.1885
1.4435	2.0378	0.2690	13.4988	13.1773
1.4440	2.0380	0.2753	13.6513	13.1888
1.4445	2.0375	0.2711	13.6135	13.2030
1.4450	2.0376	0.2720	13.4725	13.2340
1.4455	2.0372	0.2760	13.5110	13.2541
1.4460	2.0375	0.2751	13.6658	13.2707
1.4465	2.0381	0.2723	13.6651	13.2779
1.4470	2.0375	0.2703	13.5231	13.2651
1.4475	2.0379	0.2698	13.5205	13.2435
1.4480	2.0384	0.2632	13.6662	13.2058
1.4485	2.0386	0.2683	13.6925	13.1868
1.4490	2.0387	0.2632	13.5586	13.1909
1.4495	2.0392	0.2560	13.5231	13.1921
1.4500	2.0396	0.2573	13.6527	13.1975
1.4505	2.0397	0.2608	13.7079	13.2315
1.4510	2.0391	0.2590	13.5784	13.2656
1.4515	2.0387	0.2613	13.5077	13.3041
1.4520	2.0383	0.2652	13.6304	13.3184
1.4525	2.0387	0.2667	13.7086	13.3105
1.4530	2.0396	0.2533	13.5842	13.2888
1.4535	2.0398	0.2520	13.4728	13.2511
1.4540	2.0400	0.2489	13.5643	13.2149
1.4545	2.0402	0.2452	13.6626	13.1894
1.4550	2.0409	0.2396	13.5609	13.1810
1.4555	2.0411	0.2352	13.4297	13.1872
1.4560	2.0415	0.2317	13.4843	13.2151
1.4565	2.0419	0.2233	13.6014	13.2422
1.4570	2.0420	0.2295	13.5176	13.2565
1.4575	2.0413	0.2275	13.3613	13.2661
1.4580	2.0401	0.2399	13.3881	13.2585
1.4585	2.0407	0.2406	13.5153	13.2508
1.4590	2.0407	0.2413	13.4586	13.2075
1.4595	2.0407	0.2384	13.2911	13.1921
1.4600	2.0410	0.2415	13.2667	13.1754
1.4605	2.0410	0.2422	13.4099	13.1944
1.4610	2.0401	0.2496	13.3040	13.2477
1.4615	2.0401	0.2530	13.1046	13.2758
1.4620	2.0396	0.2520	13.1202	13.3023
1.4625	2.0394	0.2484	13.2226	13.3029
1.4630	2.0398	0.2478	13.2302	13.2841
1.4635	2.0401	0.2477	13.0825	13.2399
1.4640	2.0397	0.2508	13.0080	13.1932
1.4645	2.0398	0.2492	12.9738	13.1552
1.4650	2.0396	0.2524	12.9484	13.1229
1.4655	2.0384	0.2629	12.7753	13.1146
1.4660	2.0371	0.2777	12.6564	13.1473
1.4665	2.0365	0.2823	12.8007	13.1798
1.4670	2.0360	0.2881	12.8857	13.2140
1.4675	2.0366	0.2888	12.8070	13.2254
1.4680	2.0373	0.2731	12.7320	13.2219
1.4685	2.0391	0.2614	12.8278	13.2004
1.4690	2.0395	0.2531	12.9404	13.1553
1.4695	2.0399	0.2487	12.8855	13.1232
1.4700	2.0408	0.2428	12.7855	13.1022
1.4705	2.0408	0.2372	12.8518	13.1003
1.4710	2.0405	0.2405	12.9775	13.1447
1.4715	2.0399	0.2407	12.9629	13.1969
1.4720	2.0400	0.2430	12.8599	13.2136
1.4725	2.0397	0.2490	12.9033	13.2520
1.4730	2.0396	0.2484	13.0369	13.2772
1.4735	2.0396	0.2567	13.0441	13.2541
1.4740	2.0393	0.2567	12.9321	13.2795
1.4745	2.0392	0.2571	12.9481	13.2576
1.4750	2.0392	0.2598	13.0793	13.2156
1.4755	2.0390	0.2618	13.1223	13.2007
1.4760	2.0387	0.2655	13.0246	13.1892
1.4765	2.0386	0.2676	13.0055	13.2114
1.4770	2.0388	0.2644	13.1264	13.2551
1.4775	2.0388	0.2630	13.1807	13.2779
1.4780	2.0388	0.2607	13.0940	13.2811
1.4785	2.0390	0.2589	13.0545	13.2674
1.4790	2.0389	0.2578	13.1715	13.2347
1.4795	2.0393	0.2564	13.2552	13.2070
1.4800	2.0391	0.2493	13.1709	13.1536
1.4805	2.0398	0.2499	13.1018	13.1205
1.4810	2.0394	0.2517	13.2143	13.1203
1.4815	2.0401	0.2508	13.3360	13.1579
1.4820	2.0395	0.2508	13.2672	13.1787
1.4825	2.0396	0.2574	13.1706	13.2314
1.4830	2.0390	0.2579	13.2569	13.3269
1.4835	2.0387	0.2610	13.3996	13.3793
1.4840	2.0384	0.2607	13.3610	13.3751
1.4845	2.0391	0.2629	13.2472	13.3429
1.4850	2.0388	0.2600	13.2886	13.3088
1.4855	2.0388	0.2576	13.4282	13.2744
1.4860	2.0387	0.2591	13.4165	13.2420
1.4865	2.0392	0.2536	13.3038	13.2366
1.4870	2.0398	0.2462	13.3197	13.2344
1.4875	2.0401	0.2455	13.4489	13.2332
1.4880	2.0410	0.2399	13.4686	13.2591
1.4885	2.0413	0.2271	13.3468	13.2746
1.4890	2.0417	0.2305	13.3278	13.2825
1.4895	2.0415	0.2271	13.4547	13.2874
1.4900	2.0429	0.2166	13.5106	13.2711
1.4905	2.0431	0.2139	13.4076	13.2344
1.4910	2.0442	0.2123	13.3502	13.2180
1.4915	2.0440	0.2068	13.4671	13.2016
1.4920	2.0436	0.2042	13.5532	13.1991
1.4925	2.0443	0.2001	13.4593	13.2212
1.4930	2.0442	0.2022	13.3827	13.2242
1.4935	2.0443	0.2056	13.4754	13.2334
1.4940	2.0445	0.2024	13.5859	13.2358
1.4945	2.0437	0.2039	13.5149	13.2322
1.4950	2.0434	0.2128	13.4091	13.2237
1.4955	2.0436	0.2141	13.4754	13.2263
1.4960	2.0437	0.2112	13.5999	13.2334
1.4965	2.0439	0.2154	13.5484	13.2479
1.4970	2.0430	0.2107	13.4212	13.2659
1.4975	2.0431	0.2114	13.4421	13.2637
1.4980	2.0432	0.2114	13.5777	13.2765
1.4985	2.0434	0.2146	13.5498	13.2837
1.4990	2.0429	0.2192	13.4311	13.2953
1.4995	2.0429	0.2138	13.2464	13.2953
1.5000	2.0423	0.2189	13.2437	13.2901
1.5005	2.0412	0.2331	13.2800	13.2798
1.5010	2.0416	0.2303	13.1619	13.2636
1.5015	2.0424	0.2225	13.1506	13.2429
1.5020	2.0428	0.2206	13.2753	13.2110
1.5025	2.0425	0.2157	13.3489	13.1907
1.5030	2.0422	0.2222	13.2582	13.1843
1.5035	2.0420	0.2225	13.2113	13.2052
1.5040	2.0425	0.2176	13.3238	13.2350
1.5045	2.0418	0.2237	13.4221	13.2794
1.5050	2.0423	0.2216	13.3715	13.2929
1.5055	2.0420	0.2254	13.3012	13.3129
1.5060	2.0422	0.2255	13.3754	13.3146
1.5065	2.0420	0.2231	13.4853	13.3080
1.5070	2.0417	0.2313	13.4511	13.2987
1.5075	2.0407	0.2350	13.3647	13.2913
1.5080	2.0408	0.2445	13.4214	13.2989
1.5085	2.0413	0.2370	13.5495	13.2816
1.5090	2.0408	0.2366	13.5375	13.2737
1.5095	2.0411	0.2331	13.4287	13.2537
1.5100	2.0418	0.2328	13.4546	13.2492
1.5105	2.0424	0.2228	13.5834	13.2480
1.5110	2.0433	0.2125	13.5948	13.2223
1.5115	2.0439	0.2057	13.4914	13.2132
1.5120	2.0444	0.2012	13.4846	13.2004
1.5125	2.0442	0.2027	13.5933	13.2132
1.5130	2.0446	0.2021	13.6351	13.2472
1.5135	2.0442	0.2024	13.5470	13.2883
1.5140	2.0440	0.2020	13.4960	13.2969
1.5145	2.0432	0.2135	13.5824	13.3067
1.5150	2.0429	0.2172	13.6474	13.2914
1.5155	2.0425	0.2232	13.5638	13.2639
1.5160	2.0422	0.2245	13.5009	13.2179
1.5165	2.0420	0.2225	13.5832	13.1693
1.5170	2.0417	0.2314	13.6647	13.1426
1.5175	2.0416	0.2315	13.5914	13.1240
1.5180	2.0404	0.2406	13.4998	13.1566
1.5185	2.0407	0.2449	13.5665	13.1712
1.5190	2.0399	0.2503	13.6625	13.2190
1.5195	2.0396	0.2504	13.5976	13.2495
1.5200	2.0391	0.2556	13.4931	13.2554
1.5205	2.0392	0.2540	13.5394	13.2404
1.5210	2.0393	0.2556	13.6330	13.2026
1.5215	2.0389	0.2595	13.5779	13.1567
1.5220	2.0388	0.2610	13.4636	13.1396
1.5225	2.0382	0.2623	13.4805	13.1526
1.5230	2.0394	0.2626	13.5666	13.1687
1.5235	2.0393	0.2520	13.5283	13.1949
1.5240	2.0401	0.2526	13.4103	13.2307
1.5245	2.0404	0.2446	13.3898	13.2543
1.5250	2.0398	0.2489	13.4798	13.2675
1.5255	2.0394	0.2561	13.4711	13.2585
1.5260	2.0392	0.2581	13.3536	13.2498
1.5265	2.0387	0.2624	13.2948	13.2584
1.5270	2.0383	0.2673	13.3794	13.2531
1.5275	2.0381	0.2701	13.3805	13.2571
1.5280	2.0376	0.2722	13.2930	13.2723
1.5285	2.0370	0.2801	13.1346	13.2968
1.5290	2.0363	0.2912	13.1494	13.3276
1.5295	2.0364	0.2847	13.2614	13.3450
1.5300	2.0358	0.2967	13.1467	13.3689
1.5305	2.0352	0.3028	13.0520	13.3552
1.5310	2.0350	0.3006	13.1117	13.3362
1.5315	2.0359	0.2919	13.1806	13.2985
1.5320	2.0354	0.2980	13.0807	13.2627
1.5325	2.0359	0.2941	12.9273	13.2336
1.5330	2.0362	0.2891	12.9334	13.2154
1.5335	2.0366	0.2821	12.9556	13.2327
1.5340	2.0368	0.2826	12.7173	13.2609
1.5345	2.0371	0.2800	12.6602	13.2966
1.5350	2.0374	0.2716	12.6922	13.3271
1.5355	2.0384	0.2708	12.8149	13.3336
1.5360	2.0382	0.2722	12.8072	13.3600
1.5365	2.0397	0.2544	12.7132	13.3652
1.5370	2.0410	0.2431	12.7251	13.3204
1.5375	2.0410	0.2398	12.8495	13.2814
1.5380	2.0410	0.2366	12.8708	13.2537
1.5385	2.0424	0.2235	12.7877	13.2428
1.5390	2.0440	0.2074	12.7932	13.2471
1.5395	2.0446	0.2056	12.8987	13.2373
1.5400	2.0440	0.2039	12.9368	13.2665
1.5405	2.0450	0.1971	12.8686	13.2929
1.5410	2.0454	0.1924	12.8465	13.3173
1.5415	2.0460	0.1823	12.9431	13.3185
1.5420	2.0456	0.1871	13.0017	13.2840
1.5425	2.0453	0.1903	12.9470	13.2567
1.5430	2.0460	0.1899	12.9105	13.2463
1.5435	2.0449	0.1909	12.9981	13.2335
1.5440	2.0446	0.1966	13.0555	13.2551
1.5445	2.0438	0.2051	13.0054	13.2922
1.5450	2.0443	0.2015	12.9668	13.3370
1.5455	2.0445	0.2012	13.0429	13.3588
1.5460	2.0452	0.1930	13.1200	13.3399
1.5465	2.0453	0.1941	13.0807	13.3172
1.5470	2.0448	0.1959	13.0298	13.2901
1.5475	2.0443	0.2040	13.0966	13.2790
1.5480	2.0431	0.2116	13.1888	13.2768
1.5485	2.0428	0.2186	13.1614	13.2997
1.5490	2.0422	0.2208	13.0960	13.3316
1.5495	2.0424	0.2237	13.1431	13.3510
1.5500	2.0424	0.2263	13.2488	13.3647
1.5505	2.0419	0.2267	13.2422	13.3741
1.5510	2.0437	0.2122	13.1735	13.3673
1.5515	2.0438	0.2064	13.1864	13.3208
1.5520	2.0432	0.2101	13.2860	13.2964
1.5525	2.0436	0.2180	13.3167	13.3015
1.5530	2.0430	0.2095	13.2464	13.3169
1.5535	2.0427	0.2156	13.2194	13.3341
1.5540	2.0436	0.2086	13.3036	13.3695
1.5545	2.0439	0.2095	13.3534	13.3662
1.5550	2.0431	0.2090	13.2818	13.3559
1.5555	2.0425	0.2206	13.2416	13.3391
1.5560	2.0424	0.2269	13.3157	13.3213
1.5565	2.0420	0.2230	13.3729	13.3186
1.5570	2.0415	0.2265	13.3205	13.3111
1.5575	2.0421	0.2268	13.2724	13.3032
1.5580	2.0425	0.2252	13.3409	13.3091
1.5585	2.0418	0.2316	13.4129	13.3162
1.5590	2.0423	0.2274	13.3665	13.3483
1.5595	2.0415	0.2316	13.3124	13.3599
1.5600	2.0419	0.2301	13.3674	13.3701
1.5605	2.0412	0.2348	13.4426	13.3554
1.5610	2.0413	0.2397	13.4244	13.3185
1.5615	2.0406	0.2456	13.3568	13.2815
1.5620	2.0400	0.2461	13.3793	13.2534
1.5625	2.0398	0.2523	13.4633	13.2286
1.5630	2.0392	0.2553	13.4756	13.2262
1.5635	2.0388	0.2585	13.3998	13.2247
1.5640	2.0388	0.2619	13.3887	13.2387
1.5645	2.0386	0.2609	13.4493	13.2679
1.5650	2.0388	0.2613	13.4720	13.2882
1.5655	2.0394	0.2599	13.3928	13.3047
1.5660	2.0388	0.2601	13.3946	13.3186
1.5665	2.0386	0.2568	13.3359	13.3284
1.5670	2.0393	0.2566	13.1582	13.3240
1.5675	2.0399	0.2522	13.0727	13.3369
1.5680	2.0391	0.2500	13.0351	13.3291
1.5685	2.0385	0.2643	13.1155	13.3368
1.5690	2.0384	0.2658	13.1991	13.3441
1.5695	2.0380	0.2675	13.1922	13.3578
1.5700	2.0381	0.2697	13.1385	13.3607
1.5705	2.0388	0.2681	13.1795	13.3399
1.5710	2.0383	0.2615	13.2591	13.3197
1.5715	2.0384	0.2649	13.2562	13.2915
1.5720	2.0385	0.2616	13.2084	13.2723
1.5725	2.0384	0.2652	13.2162	13.2433
1.5730	2.0385	0.2661	13.3039	13.2419
1.5735	2.0394	0.2568	13.3569	13.2493
1.5740	2.0400	0.2490	13.3093	13.2603
1.5745	2.0406	0.2416	13.2808	13.2762
1.5750	2.0409	0.2346	13.3470	13.2788
1.5755	2.0415	0.2328	13.4164	13.2763
1.5760	2.0406	0.2354	13.3949	13.2527
1.5765	2.0407	0.2372	13.3488	13.2317
1.5770	2.0415	0.2343	13.3849	13.2215
1.5775	2.0415	0.2287	13.4657	13.1971
1.5780	2.0423	0.2259	13.4597	13.1838
1.5785	2.0427	0.2215	13.4239	13.1732
1.5790	2.0428	0.2106	13.4368	13.2160
1.5795	2.0437	0.2107	13.4946	13.2453
1.5800	2.0447	0.2016	13.5112	13.2585
1.5805	2.0447	0.1973	13.4690	13.2747
1.5810	2.0443	0.2028	13.4591	13.2861
1.5815	2.0443	0.2012	13.5130	13.3091
1.5820	2.0434	0.2112	13.5531	13.3185
1.5825	2.0443	0.2036	13.5103	13.3194
1.5830	2.0444	0.1951	13.4711	13.2886
1.5835	2.0453	0.1985	13.5191	13.2430
1.5840	2.0453	0.1931	13.5716	13.1965
1.5845	2.0449	0.1927	13.5383	13.1591
1.5850	2.0457	0.1851	13.4764	13.1297
1.5855	2.0455	0.1900	13.4951	13.1235
1.5860	2.0456	0.1941	13.5693	13.1469
1.5865	2.0446	0.1947	13.5724	13.1905
1.5870	2.0445	0.1996	13.5020	13.2451
1.5875	2.0445	0.1993	13.4921	13.2798
1.5880	2.0450	0.1932	13.5402	13.2996
1.5885	2.0455	0.1911	13.5454	13.2943
1.5890	2.0457	0.1820	13.4900	13.2571
1.5895	2.0465	0.1767	13.4567	13.2223
1.5900	2.0469	0.1753	13.4898	13.1986
1.5905	2.0468	0.1764	13.5085	13.1890
1.5910	2.0469	0.1774	13.4533	13.2151
1.5915	2.0462	0.1836	13.3933	13.2729
1.5920	2.0458	0.1894	13.4119	13.3431
1.5925	2.0454	0.1931	13.4472	13.3904
1.5930	2.0449	0.1932	13.4006	13.3971
1.5935	2.0447	0.2013	13.3186	13.3675
1.5940	2.0436	0.2080	13.3196	13.3050
1.5945	2.0434	0.2095	13.3597	13.2571
1.5950	2.0427	0.2163	13.3257	13.2024
1.5955	2.0421	0.2219	13.2510	13.1752
1.5960	2.0417	0.2245	13.2315	13.1907
1.5965	2.0411	0.2377	13.2712	13.2040
1.5970	2.0413	0.2349	13.2427	13.2607
1.5975	2.0408	0.2372	13.1741	13.3019
1.5980	2.0408	0.2397	13.1285	13.3151
1.5985	2.0404	0.2454	13.1014	13.2917
1.5990	2.0404	0.2410	13.1258	13.2622
1.5995	2.0400	0.2460	13.1039	13.1971
1.6000	2.0393	0.2563	13.0481	13.1494
1.6005	2.0396	0.2560	13.0411	13.1176
1.6010	2.0395	0.2571	13.0444	13.0997
1.6015	2.0396	0.2558	13.0149	13.1252
1.6020	2.0395	0.2548	12.9420	13.1891
1.6025	2.0400	0.2549	12.9234	13.2447
1.6030	2.0393	0.2511	12.8640	13.2935
1.6035	2.0398	0.2476	12.7284	13.3336
1.6040	2.0401	0.2516	12.7484	13.3548
1.6045	2.0398	0.2473	12.7341	13.3572
1.6050	2.0398	0.2513	12.7890	13.3210
1.6055	2.0390	0.2561	12.8132	13.2819
1.6060	2.0392	0.2561	12.7901	13.2485
1.6065	2.0393	0.2552	12.7837	13.2365
1.6070	2.0390	0.2582	12.8445	13.2307
1.6075	2.0388	0.2658	12.8871	13.2436
1.6080	2.0387	0.2632	12.8630	13.2664
1.6085	2.0386	0.2611	12.8375	13.2817
1.6090	2.0388	0.2586	12.8932	13.2896
1.6095	2.0392	0.2546	12.9698	13.2906
1.6100	2.0395	0.2582	12.9521	13.2816
1.6105	2.0397	0.2532	12.8967	13.2671
1.6110	2.0401	0.2447	12.9391	13.2598
1.6115	2.0409	0.2411	13.0301	13.2591
1.6120	2.0417	0.2334	13.0342	13.2589
1.6125	2.0415	0.2311	12.9717	13.2720
1.6130	2.0407	0.2378	13.0000	13.2893
1.6135	2.0405	0.2416	13.1006	13.3222
1.6140	2.0410	0.2410	13.1143	13.3361
1.6145	2.0399	0.2485	13.0456	13.3357
1.6150	2.0399	0.2461	13.0523	13.3506
1.6155	2.0397	0.2481	13.1488	13.3233
1.6160	2.0395	0.2526	13.1845	13.2977
1.6165	2.0379	0.2652	13.1282	13.2726
1.6170	2.0388	0.2664	13.1210	13.2636
1.6175	2.0390	0.2570	13.2007	13.2711
1.6180	2.0398	0.2552	13.2535	13.2741
1.6185	2.0396	0.2574	13.2189	13.2758
1.6190	2.0389	0.2584	13.2012	13.2761
1.6195	2.0385	0.2621	13.2535	13.2871
1.6200	2.0389	0.2621	13.3079	13.2864
1.6205	2.0389	0.2637	13.2794	13.2695
1.6210	2.0391	0.2574	13.2479	13.2394
1.6215	2.0406	0.2446	13.3017	13.1856
1.6220	2.0414	0.2356	13.3592	13.1508
1.6225	2.0424	0.2218	13.3231	13.1190
1.6230	2.0431	0.2147	13.2810	13.1019
1.6235	2.0428	0.2198	13.3200	13.1204
1.6240	2.0425	0.2157	13.3911	13.1501
1.6245	2.0420	0.2213	13.3808	13.1957
1.6250	2.0430	0.2173	13.3223	13.2524
1.6255	2.0435	0.2111	13.3293	13.2703
1.6260	2.0439	0.2033	13.3995	13.2609
1.6265	2.0441	0.2031	13.4224	13.2293
1.6270	2.0442	0.2021	13.3703	13.1994
1.6275	2.0439	0.2046	13.3685	13.1754
1.6280	2.0441	0.2049	13.4343	13.1743
1.6285	2.0455	0.1941	13.4646	13.1752
1.6290	2.0445	0.1978	13.4139	13.1756
1.6295	2.0443	0.1991	13.4016	13.1869
1.6300	2.0441	0.2017	13.4661	13.2209
1.6305	2.0437	0.2077	13.5029	13.2346
1.6310	2.0439	0.2039	13.4591	13.2649
1.6315	2.0437	0.2073	13.4365	13.2563
1.6320	2.0436	0.2089	13.4791	13.2642
1.6325	2.0445	0.2028	13.4647	13.2593
1.6330	2.0443	0.2042	13.0944	13.2443
1.6335	2.0443	0.1990	12.9607	13.2245
1.6340	2.0439	0.2009	13.0410	13.2218
1.6345	2.0443	0.2023	13.0816	13.2194
1.6350	2.0444	0.2007	13.0772	13.2321
1.6355	2.0433	0.2095	13.0787	13.2431
1.6360	2.0432	0.2078	13.1400	13.2654
1.6365	2.0435	0.2124	13.1947	13.2663
1.6370	2.0436	0.2130	13.2007	13.2598
1.6375	2.0436	0.2120	13.1897	13.2346
1.6380	2.0430	0.2144	13.2331	13.1994
1.6385	2.0432	0.2186	13.2794	13.1808
1.6390	2.0435	0.2135	13.2647	13.1576
1.6395	2.0427	0.2204	13.2359	13.1691
1.6400	2.0426	0.2202	13.2848	13.1774
1.6405	2.0424	0.2251	13.3451	13.1935
1.6410	2.0415	0.2278	13.3466	13.2397
1.6415	2.0416	0.2260	13.3216	13.2671
1.6420	2.0412	0.2294	13.3646	13.2640
1.6425	2.0413	0.2304	13.4324	13.2601
1.6430	2.0411	0.2384	13.4223	13.2327
1.6435	2.0408	0.2387	13.3896	13.2203
1.6440	2.0407	0.2423	13.4376	13.1882
1.6445	2.0397	0.2453	13.5182	13.1718
1.6450	2.0395	0.2547	13.5244	13.1622
1.6455	2.0383	0.2588	13.4675	13.1781
1.6460	2.0385	0.2656	13.4768	13.2025
1.6465	2.0382	0.2715	13.5433	13.2187
1.6470	2.0376	0.2738	13.5540	13.2272
1.6475	2.0372	0.2785	13.4982	13.2408
1.6480	2.0373	0.2812	13.4936	13.2198
1.6485	2.0375	0.2826	13.5734	13.2021
1.6490	2.0374	0.2764	13.6135	13.1881
1.6495	2.0370	0.2797	13.5566	13.1737
1.6500	2.0373	0.2769	13.5150	13.1701
1.6505	2.0374	0.2761	13.5759	13.1719
1.6510	2.0373	0.2759	13.6302	13.1985
1.6515	2.0383	0.2685	13.5786	13.2453
1.6520	2.0394	0.2581	13.5302	13.2589
1.6525	2.0398	0.2485	13.5844	13.2322
1.6530	2.0407	0.2419	13.6578	13.2328
1.6535	2.0415	0.2328	13.6155	13.1994
1.6540	2.0418	0.2296	13.5370	13.1936
1.6545	2.0415	0.2343	13.5659	13.2212
1.6550	2.0408	0.2393	13.6347	13.2688
1.6555	2.0406	0.2415	13.6208	13.3072
1.6560	2.0406	0.2422	13.5435	13.3543
1.6565	2.0404	0.2430	13.5478	13.3648
1.6570	2.0410	0.2403	13.6176	13.3626
1.6575	2.0404	0.2452	13.6038	13.3300
1.6580	2.0400	0.2464	13.5083	13.2784
1.6585	2.0405	0.2434	13.4793	13.2561
1.6590	2.0401	0.2432	13.5310	13.2387
1.6595	2.0404	0.2393	13.5387	13.2404
1.6600	2.0406	0.2359	13.4589	13.2520
1.6605	2.0406	0.2375	13.4103	13.2661
1.6610	2.0412	0.2380	13.4530	13.2819
1.6615	2.0419	0.2257	13.4747	13.2856
1.6620	2.0426	0.2194	13.3924	13.2949
1.6625	2.0440	0.2098	13.3213	13.2877
1.6630	2.0446	0.1966	13.3513	13.2601
1.6635	2.0447	0.1906	13.3923	13.2492
1.6640	2.0448	0.1977	13.3096	13.2410
1.6645	2.0430	0.2151	13.2310	13.2612
1.6650	2.0434	0.2106	13.2421	13.2895
1.6655	2.0442	0.2026	13.2910	13.3110
1.6660	2.0442	0.2068	13.1608	13.3331
1.6665	2.0439	0.2033	12.9214	13.3310
1.6670	2.0436	0.2110	12.9638	13.3049
1.6675	2.0430	0.2190	13.0264	13.2870
1.6680	2.0421	0.2212	12.9821	13.2568
1.6685	2.0421	0.2218	12.8858	13.2318
1.6690	2.0429	0.2176	12.9091	13.2160
1.6695	2.0430	0.2130	13.0132	13.1926
1.6700	2.0434	0.2125	13.0105	13.2018
1.6705	2.0435	0.2116	12.8891	13.2242
1.6710	2.0433	0.2059	12.8612	13.2303
1.6715	2.0443	0.2071	12.8662	13.2977
1.6720	2.0445	0.1960	12.9004	13.3535
1.6725	2.0448	0.1939	12.8222	13.3496
1.6730	2.0446	0.1989	12.7917	13.3519
1.6735	2.0442	0.1981	12.8980	13.3194
1.6740	2.0440	0.2041	12.9606	13.2839
1.6745	2.0441	0.2054	12.8844	13.2599
1.6750	2.0441	0.2037	12.8357	13.2499
1.6755	2.0445	0.2031	12.9391	13.2492
1.6760	2.0447	0.1992	13.0452	13.2472
1.6765	2.0439	0.2050	12.9915	13.2603
1.6770	2.0437	0.2086	12.9112	13.2728
1.6775	2.0441	0.2027	12.9812	13.2858
1.6780	2.0442	0.2058	13.0988	13.3028
1.6785	2.0439	0.2045	13.0791	13.2979
1.6790	2.0439	0.2072	12.9894	13.2936
1.6795	2.0439	0.2093	13.0292	13.2774
1.6800	2.0429	0.2130	13.1642	13.2586
1.6805	2.0431	0.2126	13.1646	13.2431
1.6810	2.0426	0.2176	13.0543	13.2394
1.6815	2.0425	0.2242	13.0749	13.2591
1.6820	2.0423	0.2236	13.2143	13.2665
1.6825	2.0420	0.2281	13.2343	13.2656
1.6830	2.0419	0.2294	13.1343	13.2730
1.6835	2.0418	0.2297	13.1380	13.2801
1.6840	2.0412	0.2310	13.2691	13.2822
1.6845	2.0409	0.2367	13.3117	13.2886
1.6850	2.0408	0.2370	13.2238	13.2999
1.6855	2.0406	0.2396	13.1983	13.3104
1.6860	2.0405	0.2384	13.3221	13.3172
1.6865	2.0409	0.2399	13.3957	13.3206
1.6870	2.0400	0.2445	13.3058	13.3414
1.6875	2.0397	0.2550	13.2524	13.3338
1.6880	2.0389	0.2534	13.3610	13.3260
1.6885	2.0390	0.2581	13.4579	13.3241
1.6890	2.0388	0.2561	13.3842	13.2910
1.6895	2.0385	0.2623	13.2970	13.2698
1.6900	2.0385	0.2587	13.3775	13.2350
1.6905	2.0386	0.2592	13.4947	13.2042
1.6910	2.0389	0.2638	13.4406	13.1845
1.6915	2.0381	0.2602	13.3282	13.1687
1.6920	2.0381	0.2723	13.3774	13.1701
1.6925	2.0379	0.2742	13.5007	13.1687
1.6930	2.0372	0.2749	13.4862	13.1961
1.6935	2.0377	0.2802	13.3802	13.1973
1.6940	2.0374	0.2762	13.3987	13.2114
1.6945	2.0370	0.2802	13.5198	13.2128
1.6950	2.0373	0.2759	13.5225	13.1986
1.6955	2.0375	0.2764	13.4179	13.1828
1.6960	2.0379	0.2726	13.4157	13.1597
1.6965	2.0381	0.2679	13.5480	13.1393
1.6970	2.0388	0.2682	13.5650	13.1345
1.6975	2.0383	0.2585	13.4560	13.1500
1.6980	2.0380	0.2658	13.4180	13.1703
1.6985	2.0381	0.2661	13.5729	13.2022
1.6990	2.0380	0.2655	13.5528	13.2530
1.6995	2.0376	0.2710	13.3980	13.2760
1.7000	2.0381	0.2675	13.4201	13.2839
1.7005	2.0383	0.2685	13.4944	13.2757
1.7010	2.0382	0.2678	13.5485	13.2526
1.7015	2.0383	0.2669	13.4736	13.2426
1.7020	2.0388	0.2649	13.4235	13.2285
1.7025	2.0393	0.2578	13.4695	13.2135
1.7030	2.0389	0.2635	13.5349	13.2182
1.7035	2.0389	0.2623	13.4772	13.2399
1.7040	2.0391	0.2577	13.3923	13.2571
1.7045	2.0389	0.2591	13.4129	13.2706
1.7050	2.0401	0.2473	13.4723	13.2713
1.7055	2.0398	0.2508	13.4117	13.2582
1.7060	2.0400	0.2463	13.2647	13.2467
1.7065	2.0404	0.2412	13.2152	13.2280
1.7070	2.0402	0.2454	13.3234	13.2264
1.7075	2.0414	0.2339	13.3374	13.2233
1.7080	2.0420	0.2275	13.2844	13.2261
1.7085	2.0411	0.2300	13.2806	13.2522
1.7090	2.0421	0.2295	13.3763	13.2990
1.7095	2.0422	0.2199	13.4281	13.3237
1.7100	2.0430	0.2157	13.3790	13.3188
1.7105	2.0433	0.2085	13.3580	13.3110
1.7110	2.0444	0.2021	13.4423	13.2980
1.7115	2.0448	0.1918	13.4994	13.2879
1.7120	2.0445	0.1994	13.4504	13.2643
1.7125	2.0448	0.2065	13.3972	13.2359
1.7130	2.0448	0.1955	13.4725	13.1985
1.7135	2.0436	0.2086	13.5618	13.2035
1.7140	2.0438	0.2085	13.5106	13.2156
1.7145	2.0439	0.2042	13.4408	13.2298
1.7150	2.0437	0.2096	13.4950	13.2479
1.7155	2.0443	0.1929	13.5851	13.2335
1.7160	2.0444	0.1959	13.5567	13.2394
1.7165	2.0446	0.1930	13.4740	13.1851
1.7170	2.0440	0.2074	13.5033	13.1857
1.7175	2.0432	0.2086	13.6079	13.1652
1.7180	2.0447	0.2017	13.5984	13.1614
1.7185	2.0440	0.2027	13.4966	13.1609
1.7190	2.0431	0.2112	13.5056	13.1706
1.7195	2.0432	0.2163	13.6166	13.1845
1.7200	2.0422	0.2171	13.6218	13.1976
1.7205	2.0422	0.2298	13.5150	13.2190
1.7210	2.0424	0.2239	13.4882	13.2336
1.7215	2.0444	0.2036	13.5936	13.2262
1.7220	2.0452	0.1978	13.6363	13.2150
1.7225	2.0445	0.2032	13.5326	13.2136
1.7230	2.0441	0.2029	13.4797	13.2371
1.7235	2.0438	0.2098	13.5629	13.2616
1.7240	2.0433	0.2138	13.6097	13.2969
1.7245	2.0426	0.2185	13.5200	13.3475
1.7250	2.0431	0.2177	13.4451	13.3647
1.7255	2.0426	0.2199	13.5051	13.3807
1.7260	2.0421	0.2233	13.5614	13.3772
1.7265	2.0421	0.2217	13.4810	13.3476
1.7270	2.0418	0.2269	13.3922	13.3166
1.7275	2.0416	0.2219	13.4318	13.2794
1.7280	2.0420	0.2224	13.4881	13.2625
1.7285	2.0429	0.2214	13.4163	13.2456
1.7290	2.0422	0.2213	13.3230	13.2584
1.7295	2.0423	0.2195	13.3353	13.2978
1.7300	2.0428	0.2184	13.3981	13.3425
1.7305	2.0429	0.2228	13.3565	13.3694
1.7310	2.0419	0.2264	13.2496	13.4118
1.7315	2.0418	0.2280	13.2213	13.4268
1.7320	2.0413	0.2298	13.3076	13.4123
1.7325	2.0405	0.2382	13.3097	13.3746
1.7330	2.0404	0.2452	13.1842	13.3271
1.7335	2.0402	0.2426	13.0888	13.2636
1.7340	2.0403	0.2458	13.1933	13.2344
1.7345	2.0399	0.2480	13.0346	13.2428
1.7350	2.0396	0.2507	12.7073	13.2355
1.7355	2.0390	0.2567	12.6295	13.2521
1.7360	2.0388	0.2670	12.7089	13.2808
1.7365	2.0387	0.2680	12.7827	13.3094
1.7370	2.0390	0.2599	12.7215	13.3185
1.7375	2.0390	0.2602	12.6688	13.3063
1.7380	2.0392	0.2579	12.7300	13.2748
1.7385	2.0394	0.2551	12.8285	13.2321
1.7390	2.0397	0.2496	12.7929	13.1794
1.7395	2.0403	0.2434	12.7363	13.1572
1.7400	2.0403	0.2416	12.7894	13.1652
1.7405	2.0402	0.2470	12.8755	13.1849
1.7410	2.0398	0.2510	12.8609	13.2188
1.7415	2.0390	0.2578	12.7896	13.2456
1.7420	2.0400	0.2524	12.8135	13.2689
1.7425	2.0393	0.2517	12.9151	13.2661
1.7430	2.0393	0.2515	12.9379	13.2535
1.7435	2.0392	0.2579	12.8725	13.2297
1.7440	2.0390	0.2564	12.8777	13.1921
1.7445	2.0391	0.2559	12.9699	13.1667
1.7450	2.0391	0.2513	13.0088	13.1607
1.7455	2.0393	0.2530	12.9514	13.1604
1.7460	2.0388	0.2540	12.9358	13.2001
1.7465	2.0394	0.2560	13.0326	13.2527
1.7470	2.0404	0.2452	13.0881	13.2851
1.7475	2.0413	0.2415	13.0259	13.3121
1.7480	2.0409	0.2363	12.9832	13.3189
1.7485	2.0422	0.2257	13.0685	13.3022
1.7490	2.0422	0.2246	13.1566	13.2819
1.7495	2.0428	0.2121	13.1152	13.2471
1.7500	2.0425	0.2213	13.0551	13.2228
1.7505	2.0422	0.2239	13.1231	13.2554
1.7510	2.0422	0.2260	13.2237	13.2806
1.7515	2.0421	0.2228	13.2097	13.3077
1.7520	2.0424	0.2266	13.1403	13.3385
1.7525	2.0423	0.2222	13.1692	13.3641
1.7530	2.0426	0.2228	13.2729	13.3590
1.7535	2.0424	0.2237	13.2958	13.3579
1.7540	2.0427	0.2232	13.2269	13.3284
1.7545	2.0429	0.2254	13.2342	13.3067
1.7550	2.0428	0.2190	13.3389	13.2603
1.7555	2.0430	0.2142	13.3710	13.2298
1.7560	2.0430	0.2155	13.2840	13.2143
1.7565	2.0426	0.2226	13.2550	13.2159
1.7570	2.0423	0.2272	13.3504	13.2265
1.7575	2.0419	0.2239	13.4072	13.2462
1.7580	2.0428	0.2188	13.3333	13.2456
1.7585	2.0427	0.2166	13.2879	13.2361
1.7590	2.0419	0.2266	13.3674	13.2176
1.7595	2.0432	0.2223	13.4443	13.1965
1.7600	2.0428	0.2142	13.3821	13.1731
1.7605	2.0425	0.2240	13.3244	13.1560
1.7610	2.0430	0.2201	13.3783	13.1734
1.7615	2.0421	0.2254	13.4640	13.1749
1.7620	2.0428	0.2155	13.4405	13.2028
1.7625	2.0418	0.2235	13.3698	13.2216
1.7630	2.0418	0.2288	13.4001	13.2739
1.7635	2.0419	0.2253	13.4903	13.3041
1.7640	2.0413	0.2312	13.4818	13.2741
1.7645	2.0421	0.2284	13.4002	13.2312
1.7650	2.0416	0.2257	13.4081	13.1776
1.7655	2.0407	0.2375	13.5217	13.1515
1.7660	2.0411	0.2378	13.5218	13.1356
1.7665	2.0404	0.2426	13.4426	13.1464
1.7670	2.0401	0.2456	13.3501	13.1687
1.7675	2.0406	0.2391	13.4556	13.2205
1.7680	2.0409	0.2386	13.5708	13.2499
1.7685	2.0411	0.2370	13.4087	13.2889
1.7690	2.0404	0.2453	13.3370	13.2944
1.7695	2.0400	0.2458	13.4615	13.2796
1.7700	2.0402	0.2444	13.5596	13.2609
1.7705	2.0403	0.2475	13.4289	13.2595
1.7710	2.0397	0.2537	13.3251	13.2389
1.7715	2.0394	0.2537	13.4165	13.2315
1.7720	2.0402	0.2502	13.5159	13.2681
1.7725	2.0404	0.2434	13.4000	13.2926
1.7730	2.0409	0.2402	13.2724	13.3280
1.7735	2.0414	0.2377	13.3197	13.3451
1.7740	2.0419	0.2321	13.4379	13.3487
1.7745	2.0416	0.2304	13.3325	13.3484
1.7750	2.0416	0.2268	13.1240	13.3455
1.7755	2.0417	0.2339	13.2268	13.3329
1.7760	2.0419	0.2289	13.3831	13.3210
1.7765	2.0415	0.2349	13.3357	13.3122
1.7770	2.0411	0.2370	13.2054	13.3219
1.7775	2.0409	0.2430	13.2979	13.3341
1.7780	2.0401	0.2483	13.4674	13.3314
1.7785	2.0399	0.2502	13.4291	13.3299
1.7790	2.0392	0.2549	13.2784	13.3143
1.7795	2.0401	0.2496	13.3303	13.2995
1.7800	2.0400	0.2477	13.5213	13.2774
1.7805	2.0400	0.2480	13.5161	13.2489
1.7810	2.0402	0.2479	13.3509	13.2216
1.7815	2.0393	0.2549	13.3568	13.2112
1.7820	2.0389	0.2582	13.5395	13.2146
1.7825	2.0386	0.2602	13.5703	13.2274
1.7830	2.0396	0.2550	13.4068	13.2557
1.7835	2.0400	0.2504	13.3796	13.2816
1.7840	2.0409	0.2440	13.5415	13.3091
1.7845	2.0422	0.2258	13.5979	13.3125
1.7850	2.0419	0.2244	13.4633	13.3091
1.7855	2.0427	0.2273	13.3989	13.3043
1.7860	2.0427	0.2219	13.5274	13.2970
1.7865	2.0426	0.2247	13.6213	13.2829
1.7870	2.0427	0.2276	13.5025	13.2661
1.7875	2.0427	0.2247	13.4101	13.2685
1.7880	2.0423	0.2201	13.5191	13.2738
1.7885	2.0424	0.2211	13.6231	13.2671
1.7890	2.0430	0.2157	13.5301	13.2738
1.7895	2.0427	0.2192	13.4196	13.2700
1.7900	2.0432	0.2107	13.4911	13.2541
1.7905	2.0434	0.2105	13.6108	13.2457
1.7910	2.0431	0.2110	13.5459	13.2657
1.7915	2.0428	0.2193	13.4130	13.2940
1.7920	2.0422	0.2204	13.4572	13.3132
1.7925	2.0425	0.2257	13.5849	13.3333
1.7930	2.0419	0.2259	13.5401	13.3556
1.7935	2.0430	0.2204	13.3770	13.3488
1.7940	2.0426	0.2222	13.3802	13.3607
1.7945	2.0430	0.2142	13.5071	13.3548
1.7950	2.0434	0.2153	13.4837	13.3423
1.7955	2.0439	0.2074	13.3245	13.3268
1.7960	2.0440	0.2031	13.2971	13.3080
1.7965	2.0440	0.2024	13.4263	13.2927
1.7970	2.0445	0.2012	13.4387	13.2878
1.7975	2.0447	0.1950	13.2716	13.2783
1.7980	2.0453	0.1888	13.2053	13.2901
1.7985	2.0458	0.1878	13.3210	13.2813
1.7990	2.0465	0.1838	13.3696	13.2781
1.7995	2.0459	0.1774	13.2083	13.2700
1.8000	2.0460	0.1784	13.1152	13.2760
1.8005	2.0465	0.1821	13.1983	13.2768
1.8010	2.0463	0.1797	13.2752	13.2751
1.8015	2.0455	0.1893	13.1348	13.2733
1.8020	2.0454	0.1968	13.0385	13.2889
1.8025	2.0447	0.1998	12.8238	13.2840
1.8030	2.0444	0.2006	12.7384	13.2969
1.8035	2.0439	0.2032	12.6740	13.2747
1.8040	2.0440	0.2051	12.5694	13.2707
1.8045	2.0435	0.2068	12.6578	13.2669
1.8050	2.0435	0.2078	12.7782	13.2889
1.8055	2.0436	0.2075	12.7567	13.2281
1.8060	2.0434	0.2138	12.6469	13.2202
1.8065	2.0438	0.2101	12.6965	13.2296
1.8070	2.0438	0.2116	12.8125	13.2466
1.8075	2.0437	0.2037	12.8060	13.3036
1.8080	2.0436	0.2148	12.7096	13.3023
1.8085	2.0437	0.2124	12.7319	13.3183
1.8090	2.0432	0.2128	12.8568	13.2963
1.8095	2.0433	0.2130	12.8772	13.2690
1.8100	2.0430	0.2102	12.7805	13.2335
1.8105	2.0427	0.2216	12.7859	13.1918
1.8110	2.0427	0.2241	12.9039	13.1649
1.8115	2.0427	0.2234	12.9410	13.1432
1.8120	2.0417	0.2284	12.8626	13.1577
1.8125	2.0412	0.2331	12.8411	13.1783
1.8130	2.0413	0.2321	12.9588	13.1916
1.8135	2.0421	0.2280	13.0288	13.2078
1.8140	2.0415	0.2345	12.9486	13.2160
1.8145	2.0408	0.2363	12.8981	13.2152
1.8150	2.0411	0.2347	13.0004	13.2102
1.8155	2.0405	0.2426	13.0973	13.1950
1.8160	2.0402	0.2452	13.0480	13.2006
1.8165	2.0399	0.2455	12.9695	13.2239
1.8170	2.0394	0.2534	13.0368	13.2355
1.8175	2.0399	0.2517	13.1418	13.2552
1.8180	2.0396	0.2548	13.1197	13.2564
1.8185	2.0395	0.2546	13.0526	13.2646
1.8190	2.0384	0.2622	13.0999	13.2692
1.8195	2.0384	0.2654	13.2085	13.2607
1.8200	2.0381	0.2654	13.2021	13.2564
1.8205	2.0376	0.2677	13.1287	13.2452
1.8210	2.0382	0.2682	13.1527	13.2295
1.8215	2.0377	0.2721	13.2623	13.2197
1.8220	2.0377	0.2708	13.2857	13.2045
1.8225	2.0380	0.2698	13.2069	13.2022
1.8230	2.0381	0.2713	13.2167	13.1959
1.8235	2.0383	0.2665	13.3120	13.1961
1.8240	2.0388	0.2599	13.3493	13.2026
1.8245	2.0390	0.2567	13.2791	13.2077
1.8250	2.0397	0.2520	13.2593	13.2023
1.8255	2.0395	0.2447	13.3416	13.1879
1.8260	2.0402	0.2470	13.3843	13.1713
1.8265	2.0402	0.2452	13.3242	13.1692
1.8270	2.0406	0.2421	13.2866	13.1644
1.8275	2.0406	0.2427	13.3622	13.1773
1.8280	2.0414	0.2339	13.4209	13.1905
1.8285	2.0416	0.2289	13.3589	13.2274
1.8290	2.0426	0.2206	13.3023	13.2651
1.8295	2.0427	0.2220	13.3738	13.3125
1.8300	2.0418	0.2248	13.4597	13.3308
1.8305	2.0424	0.2264	13.4083	13.3209
1.8310	2.0426	0.2229	13.3316	13.3060
1.8315	2.0421	0.2189	13.3900	13.2713
1.8320	2.0422	0.2236	13.4978	13.2223
1.8325	2.0421	0.2291	13.4629	13.1873
1.8330	2.0418	0.2290	13.3704	13.1581
1.8335	2.0417	0.2284	13.4011	13.1464
1.8340	2.0420	0.2289	13.5157	13.1512
1.8345	2.0416	0.2313	13.5043	13.1595
1.8350	2.0425	0.2262	13.4061	13.1661
1.8355	2.0427	0.2179	13.3911	13.1654
1.8360	2.0424	0.2231	13.5079	13.1842
1.8365	2.0421	0.2263	13.4982	13.1790
1.8370	2.0418	0.2272	13.3502	13.1788
1.8375	2.0418	0.2287	13.3630	13.1781
1.8380	2.0419	0.2210	13.4610	13.1835
1.8385	2.0419	0.2236	13.4865	13.1908
1.8390	2.0423	0.2186	13.3723	13.1907
1.8395	2.0433	0.2170	13.3356	13.2075
1.8400	2.0431	0.2116	13.4290	13.2390
1.8405	2.0433	0.2149	13.4748	13.2684
1.8410	2.0439	0.2130	13.3559	13.2793
1.8415	2.0437	0.2071	13.2630	13.2988
1.8420	2.0438	0.2058	13.3401	13.2990
1.8425	2.0439	0.2136	13.4128	13.2976
1.8430	2.0435	0.2102	13.3093	13.2847
1.8435	2.0436	0.2098	13.1869	13.2739
1.8440	2.0437	0.2058	13.2350	13.2687
1.8445	2.0444	0.2039	13.3681	13.2466
1.8450	2.0439	0.2084	13.3326	13.2571
1.8455	2.0435	0.2131	13.2433	13.2829
1.8460	2.0445	0.2018	13.2982	13.2837
1.8465	2.0453	0.1935	13.4167	13.2648
1.8470	2.0453	0.1923	13.4058	13.2515
1.8475	2.0445	0.1989	13.3201	13.2288
1.8480	2.0439	0.2027	13.3428	13.2283
1.8485	2.0436	0.2110	13.4635	13.2232
1.8490	2.0428	0.2175	13.4833	13.2417
1.8495	2.0423	0.2251	13.3853	13.2347
1.8500	2.0423	0.2237	13.3698	13.2405
1.8505	2.0419	0.2256	13.4884	13.2418
1.8510	2.0426	0.2241	13.5355	13.2367
1.8515	2.0416	0.2316	13.4423	13.2404
1.8520	2.0410	0.2362	13.4070	13.2595
1.8525	2.0413	0.2335	13.5163	13.2825
1.8530	2.0419	0.2298	13.5706	13.2759
1.8535	2.0412	0.2330	13.4716	13.2637
1.8540	2.0409	0.2378	13.4134	13.2562
1.8545	2.0410	0.2372	13.5107	13.2356
1.8550	2.0413	0.2360	13.5784	13.2158
1.8555	2.0410	0.2394	13.4905	13.2007
1.8560	2.0411	0.2387	13.4250	13.1735
1.8565	2.0410	0.2384	13.5122	13.1593
1.8570	2.0405	0.2370	13.5976	13.1601
1.8575	2.0403	0.2392	13.5190	13.1403
1.8580	2.0408	0.2380	13.4276	13.1577
1.8585	2.0412	0.2389	13.4933	13.1540
1.8590	2.0410	0.2376	13.5817	13.1759
1.8595	2.0415	0.2335	13.5172	13.2098
1.8600	2.0409	0.2385	13.4076	13.1947
1.8605	2.0413	0.2310	13.4477	13.2017
1.8610	2.0407	0.2384	13.5448	13.2029
1.8615	2.0407	0.2356	13.4938	13.1914
1.8620	2.0402	0.2422	13.3737	13.1903
1.8625	2.0409	0.2395	13.3852	13.1923
1.8630	2.0406	0.2408	13.4745	13.2127
1.8635	2.0412	0.2349	13.4431	13.2266
1.8640	2.0408	0.2372	13.3208	13.2391
1.8645	2.0403	0.2440	13.2949	13.2501
1.8650	2.0388	0.2506	13.3788	13.2535
1.8655	2.0390	0.2543	13.3607	13.2661
1.8660	2.0388	0.2621	13.2435	13.2728
1.8665	2.0387	0.2628	13.1949	13.2649
1.8670	2.0386	0.2608	13.2822	13.2674
1.8675	2.0383	0.2640	13.2763	13.2529
1.8680	2.0384	0.2612	13.1763	13.2389
1.8685	2.0388	0.2635	13.0892	13.2381
1.8690	2.0382	0.2688	13.1926	13.2410
1.8695	2.0387	0.2630	12.8476	13.2550
1.8700	2.0392	0.2596	12.5564	13.2636
1.8705	2.0389	0.2585	12.5573	13.2597
1.8710	2.0391	0.2623	12.6371	13.2526
1.8715	2.0390	0.2602	12.7277	13.2284
1.8720	2.0388	0.2578	12.6582	13.2086
1.8725	2.0390	0.2585	12.6249	13.1879
1.8730	2.0392	0.2612	12.6912	13.1779
1.8735	2.0391	0.2582	12.7718	13.1581
1.8740	2.0394	0.2549	12.7201	13.1653
1.8745	2.0387	0.2594	12.6547	13.1902
1.8750	2.0394	0.2563	12.7228	13.2192
1.8755	2.0393	0.2538	12.8217	13.2374
1.8760	2.0387	0.2524	12.7917	13.2337
1.8765	2.0402	0.2480	12.7250	13.2087
1.8770	2.0406	0.2455	12.7614	13.1815
1.8775	2.0404	0.2405	12.8649	13.1428
1.8780	2.0414	0.2385	12.8628	13.1095
1.8785	2.0410	0.2397	12.7889	13.0823
1.8790	2.0414	0.2334	12.8051	13.0905
1.8795	2.0405	0.2339	12.9144	13.1102
1.8800	2.0399	0.2449	12.9405	13.1460
1.8805	2.0393	0.2549	12.8743	13.2033
1.8810	2.0396	0.2562	12.8724	13.2358
1.8815	2.0398	0.2474	12.9767	13.2457
1.8820	2.0398	0.2458	13.0186	13.2462
1.8825	2.0403	0.2482	12.9471	13.2161
1.8830	2.0397	0.2491	12.9346	13.1779
1.8835	2.0402	0.2465	13.0342	13.1499
1.8840	2.0398	0.2522	13.0804	13.1454
1.8845	2.0409	0.2433	13.0164	13.1828
1.8850	2.0407	0.2355	12.9878	13.2074
1.8855	2.0408	0.2307	13.0833	13.2585
1.8860	2.0415	0.2369	13.1515	13.2969
1.8865	2.0417	0.2321	13.0925	13.3210
1.8870	2.0417	0.2260	13.0548	13.3129
1.8875	2.0419	0.2269	13.1390	13.2912
1.8880	2.0421	0.2255	13.2209	13.2552
1.8885	2.0418	0.2272	13.1842	13.2297
1.8890	2.0414	0.2304	13.1287	13.2180
1.8895	2.0420	0.2283	13.1898	13.2192
1.8900	2.0415	0.2304	13.2793	13.2594
1.8905	2.0422	0.2304	13.2600	13.2985
1.8910	2.0420	0.2302	13.2003	13.3222
1.8915	2.0423	0.2307	13.2407	13.3331
1.8920	2.0417	0.2271	13.3306	13.3226
1.8925	2.0417	0.2323	13.3204	13.3319
1.8930	2.0412	0.2383	13.2538	13.3095
1.8935	2.0408	0.2354	13.2738	13.2719
1.8940	2.0410	0.2353	13.3610	13.2474
1.8945	2.0415	0.2358	13.3675	13.2347
1.8950	2.0405	0.2432	13.2980	13.2247
1.8955	2.0399	0.2478	13.2921	13.2356
1.8960	2.0397	0.2523	13.3758	13.2589
1.8965	2.0400	0.2494	13.4062	13.2873
1.8970	2.0398	0.2487	13.3334	13.2912
1.8975	2.0396	0.2489	13.3086	13.3131
1.8980	2.0395	0.2546	13.3949	13.2947
1.8985	2.0394	0.2534	13.4401	13.2663
1.8990	2.0392	0.2576	13.3855	13.2245
1.8995	2.0388	0.2573	13.3489	13.2087
1.9000	2.0393	0.2593	13.4176	13.2001
1.9005	2.0390	0.2646	13.4693	13.2043
1.9010	2.0389	0.2583	13.4167	13.2170
1.9015	2.0386	0.2575	13.3715	13.2452
1.9020	2.0387	0.2570	13.4358	13.2540
1.9025	2.0381	0.2684	13.5024	13.2671
1.9030	2.0380	0.2698	13.4565	13.2503
1.9035	2.0376	0.2697	13.3911	13.2482
1.9040	2.0372	0.2720	13.4304	13.2657
1.9045	2.0378	0.2744	13.4986	13.2584
1.9050	2.0372	0.2762	13.4617	13.2734
1.9055	2.0367	0.2769	13.3811	13.2979
1.9060	2.0371	0.2795	13.4022	13.3086
1.9065	2.0371	0.2790	13.4609	13.3287
1.9070	2.0367	0.2796	13.3064	13.3381
1.9075	2.0367	0.2840	13.2285	13.3379
1.9080	2.0363	0.2887	13.2403	13.3468
1.9085	2.0363	0.2886	13.3109	13.3322
1.9090	2.0360	0.2871	13.3154	13.3209
1.9095	2.0367	0.2852	13.2479	13.3195
1.9100	2.0362	0.2896	13.2520	13.3214
1.9105	2.0366	0.2856	13.3247	13.3168
1.9110	2.0367	0.2811	13.3265	13.3157
1.9115	2.0375	0.2730	13.2476	13.3250
1.9120	2.0373	0.2765	13.2375	13.3195
1.9125	2.0382	0.2719	13.3142	13.3306
1.9130	2.0384	0.2673	13.3635	13.3265
1.9135	2.0384	0.2644	13.3152	13.3368
1.9140	2.0381	0.2674	13.2832	13.3669
1.9145	2.0377	0.2664	13.3625	13.3765
1.9150	2.0376	0.2729	13.4247	13.3757
1.9155	2.0378	0.2730	13.3868	13.3603
1.9160	2.0377	0.2720	13.3427	13.3424
1.9165	2.0372	0.2706	13.4113	13.3185
1.9170	2.0375	0.2711	13.4907	13.2712
1.9175	2.0380	0.2717	13.4637	13.2624
1.9180	2.0377	0.2747	13.4049	13.2388
1.9185	2.0374	0.2723	13.4424	13.2158
1.9190	2.0376	0.2755	13.5187	13.2305
1.9195	2.0373	0.2735	13.5136	13.2449
1.9200	2.0376	0.2726	13.4548	13.2628
1.9205	2.0377	0.2791	13.4716	13.2842
1.9210	2.0378	0.2766	13.5415	13.2967
1.9215	2.0376	0.2730	13.5451	13.3168
1.9220	2.0372	0.2712	13.4929	13.3112
1.9225	2.0378	0.2751	13.4938	13.2885
1.9230	2.0382	0.2680	13.5552	13.2669
1.9235	2.0381	0.2722	13.5732	13.2373
1.9240	2.0380	0.2664	13.5234	13.2342
1.9245	2.0384	0.2663	13.4971	13.2461
1.9250	2.0379	0.2667	13.5522	13.2430
1.9255	2.0377	0.2702	13.5755	13.2708
1.9260	2.0383	0.2641	13.5189	13.3150
1.9265	2.0381	0.2709	13.4847	13.3314
1.9270	2.0372	0.2773	13.5324	13.3586
1.9275	2.0374	0.2766	13.5732	13.3502
1.9280	2.0385	0.2661	13.5298	13.3278
1.9285	2.0384	0.2570	13.4751	13.2943
1.9290	2.0392	0.2592	13.4895	13.2629
1.9295	2.0400	0.2549	13.5178	13.2356
1.9300	2.0404	0.2475	13.4774	13.2281
1.9305	2.0414	0.2356	13.4237	13.2378
1.9310	2.0422	0.2292	13.4265	13.2585
1.9315	2.0422	0.2223	13.4525	13.2791
1.9320	2.0424	0.2249	13.4188	13.2913
1.9325	2.0418	0.2243	13.3625	13.2930
1.9330	2.0411	0.2368	13.3496	13.3103
1.9335	2.0405	0.2385	13.3716	13.2919
1.9340	2.0399	0.2490	13.3491	13.2727
1.9345	2.0397	0.2559	13.2915	13.2759
1.9350	2.0392	0.2558	13.2678	13.2506
1.9355	2.0382	0.2668	13.2900	13.2493
1.9360	2.0382	0.2670	13.2199	13.2844
1.9365	2.0377	0.2706	13.0769	13.3187
1.9370	2.0375	0.2759	13.1173	13.3287
1.9375	2.0379	0.2695	13.1267	13.3277
1.9380	2.0380	0.2683	13.0934	13.3073
1.9385	2.0381	0.2685	13.0286	13.2733
1.9390	2.0380	0.2663	13.0351	13.2355
1.9395	2.0387	0.2641	12.9445	13.2044
1.9400	2.0387	0.2564	12.8292	13.1775
1.9405	2.0391	0.2626	12.7301	13.1608
1.9410	2.0383	0.2658	12.6641	13.1766
1.9415	2.0382	0.2703	12.7288	13.1959
1.9420	2.0379	0.2706	12.7424	13.2182
1.9425	2.0378	0.2723	12.7220	13.2281
1.9430	2.0384	0.2654	12.7351	13.2376
1.9435	2.0387	0.2620	12.7732	13.2497
1.9440	2.0398	0.2494	12.7807	13.2388
1.9445	2.0396	0.2505	12.7787	13.2084
1.9450	2.0403	0.2489	12.7956	13.1838
1.9455	2.0408	0.2390	12.8302	13.1664
1.9460	2.0405	0.2449	12.8426	13.1753
1.9465	2.0406	0.2447	12.8309	13.1940
1.9470	2.0403	0.2492	12.8392	13.2173
1.9475	2.0394	0.2529	12.8912	13.2451
1.9480	2.0389	0.2594	12.9205	13.2999
1.9485	2.0386	0.2605	12.9074	13.3255
1.9490	2.0385	0.2643	12.9077	13.3404
1.9495	2.0390	0.2653	12.9519	13.3311
1.9500	2.0385	0.2620	12.9892	13.2984
1.9505	2.0379	0.2697	12.9865	13.2678
1.9510	2.0377	0.2782	12.9819	13.2357
1.9515	2.0371	0.2791	13.0145	13.2359
1.9520	2.0374	0.2773	13.0553	13.2439
1.9525	2.0372	0.2763	13.0535	13.2618
1.9530	2.0376	0.2742	13.0411	13.2679
1.9535	2.0381	0.2716	13.0738	13.2756
1.9540	2.0384	0.2685	13.1344	13.2711
1.9545	2.0385	0.2620	13.1367	13.2523
1.9550	2.0392	0.2599	13.0995	13.2164
1.9555	2.0390	0.2532	13.1197	13.1669
1.9560	2.0396	0.2543	13.1898	13.1563
1.9565	2.0399	0.2509	13.2129	13.1614
1.9570	2.0396	0.2591	13.1779	13.1663
1.9575	2.0389	0.2623	13.1796	13.2148
1.9580	2.0381	0.2679	13.2498	13.2955
1.9585	2.0386	0.2686	13.2844	13.3535
1.9590	2.0377	0.2744	13.2513	13.3629
1.9595	2.0382	0.2655	13.2427	13.3694
1.9600	2.0382	0.2687	13.3029	13.3443
1.9605	2.0378	0.2669	13.3543	13.3173
1.9610	2.0380	0.2667	13.3195	13.2778
1.9615	2.0386	0.2729	13.2841	13.2550
1.9620	2.0388	0.2644	13.3351	13.2395
1.9625	2.0392	0.2542	13.3796	13.2294
1.9630	2.0395	0.2509	13.3546	13.2531
1.9635	2.0405	0.2419	13.3254	13.2654
1.9640	2.0409	0.2398	13.3548	13.2852
1.9645	2.0408	0.2385	13.3955	13.2986
1.9650	2.0419	0.2295	13.3736	13.2972
1.9655	2.0429	0.2189	13.3501	13.2702
1.9660	2.0427	0.2230	13.3937	13.2387
1.9665	2.0436	0.2222	13.4592	13.2251
1.9670	2.0424	0.2159	13.4446	13.2213
1.9675	2.0432	0.2162	13.3923	13.2218
1.9680	2.0429	0.2158	13.4234	13.2281
1.9685	2.0434	0.2133	13.4942	13.2318
1.9690	2.0431	0.2118	13.4993	13.2332
1.9695	2.0429	0.2122	13.4390	13.2221
1.9700	2.0428	0.2192	13.4471	13.2292
1.9705	2.0429	0.2182	13.5080	13.2427
1.9710	2.0430	0.2177	13.5256	13.2326
1.9715	2.0430	0.2194	13.4706	13.2603
1.9720	2.0426	0.2149	13.4485	13.2773
1.9725	2.0431	0.2210	13.5025	13.2789
1.9730	2.0432	0.2149	13.5313	13.2836
1.9735	2.0425	0.2238	13.4830	13.2927
1.9740	2.0421	0.2255	13.4458	13.3017
1.9745	2.0422	0.2248	13.4520	13.2906
1.9750	2.0417	0.2280	13.2865	13.2822
1.9755	2.0408	0.2393	13.2017	13.2788
1.9760	2.0409	0.2364	13.1608	13.2648
1.9765	2.0414	0.2328	13.2039	13.2389
1.9770	2.0417	0.2302	13.2692	13.2112
1.9775	2.0417	0.2289	13.2612	13.1934
1.9780	2.0417	0.2281	13.2320	13.1950
1.9785	2.0422	0.2232	13.2603	13.2016
1.9790	2.0421	0.2295	13.3416	13.2293
1.9795	2.0422	0.2293	13.3519	13.2495
1.9800	2.0426	0.2245	13.3179	13.2544
1.9805	2.0419	0.2245	13.3421	13.2680
1.9810	2.0420	0.2277	13.4186	13.2716
1.9815	2.0419	0.2296	13.4480	13.2800
1.9820	2.0410	0.2349	13.4015	13.2758
1.9825	2.0405	0.2448	13.3942	13.2762
1.9830	2.0399	0.2502	13.4656	13.2752
1.9835	2.0406	0.2354	13.5136	13.2595
1.9840	2.0411	0.2403	13.4718	13.2427
1.9845	2.0405	0.2443	13.4528	13.2100
1.9850	2.0411	0.2337	13.5181	13.2059
1.9855	2.0420	0.2296	13.5625	13.2101
1.9860	2.0420	0.2278	13.5245	13.1941
1.9865	2.0427	0.2232	13.5012	13.1982
1.9870	2.0428	0.2172	13.5646	13.2039
1.9875	2.0435	0.2145	13.6215	13.2141
1.9880	2.0440	0.2081	13.5868	13.2376
1.9885	2.0441	0.2088	13.5357	13.2472
1.9890	2.0441	0.2055	13.5863	13.2562
1.9895	2.0423	0.2157	13.6412	13.2568
1.9900	2.0429	0.2174	13.6102	13.2382
1.9905	2.0424	0.2252	13.5679	13.2185
1.9910	2.0424	0.2238	13.5958	13.1925
1.9915	2.0420	0.2303	13.6486	13.1636
1.9920	2.0418	0.2275	13.6266	13.1394
1.9925	2.0412	0.2333	13.5752	13.1273
1.9930	2.0406	0.2399	13.5897	13.1320
1.9935	2.0406	0.2407	13.6524	13.1493
1.9940	2.0399	0.2490	13.6531	13.1846
1.9945	2.0398	0.2497	13.5888	13.1982
1.9950	2.0393	0.2535	13.5673	13.1972
1.9955	2.0395	0.2561	13.6106	13.1837
1.9960	2.0396	0.2467	13.6280	13.1646
1.9965	2.0393	0.2539	13.5683	13.1383
1.9970	2.0388	0.2565	13.5282	13.1261
1.9975	2.0386	0.2601	13.5681	13.1423
1.9980	2.0387	0.2591	13.5932	13.1559
1.9985	2.0394	0.2550	13.5246	13.1754
1.9990	2.0401	0.2487	13.4626	13.1971
1.9995	2.0406	0.2437	13.4973	13.2070
2.0000	2.0401	0.2505	13.5307	13.2030
2.0005	2.0399	0.2488	13.4642	13.2006
2.0010	2.0397	0.2528	13.3795	13.1887
2.0015	2.0395	0.2590	13.4035	13.1962
2.0020	2.0394	0.2574	13.4397	13.2105
2.0025	2.0396	0.2532	13.3874	13.2141
2.0030	2.0393	0.2587	13.3018	13.2315
2.0035	2.0388	0.2646	13.2967	13.2501
2.0040	2.0387	0.2676	13.2261	13.2739
2.0045	2.0387	0.2641	13.2634	13.2848
2.0050	2.0386	0.2625	13.1960	13.2935
2.0055	2.0381	0.2703	13.1523	13.2820
2.0060	2.0380	0.2672	13.1943	13.2582
2.0065	2.0385	0.2632	13.2180	13.2278
2.0070	2.0383	0.2620	13.1314	13.2070
2.0075	2.0386	0.2623	13.0652	13.1976
2.0080	2.0389	0.2608	13.0247	13.1830
2.0085	2.0389	0.2588	13.0589	13.1938
2.0090	2.0391	0.2588	12.8408	13.2161
2.0095	2.0386	0.2537	12.7047	13.2431
2.0100	2.0393	0.2555	12.7966	13.2657
2.0105	2.0397	0.2543	12.8270	13.2702
2.0110	2.0395	0.2557	12.8347	13.2875
2.0115	2.0406	0.2408	12.7899	13.3043
2.0120	2.0414	0.2329	12.8316	13.2684
2.0125	2.0409	0.2394	12.8845	13.2433
2.0130	2.0410	0.2360	12.8842	13.2159
2.0135	2.0431	0.2155	12.8389	13.2076
2.0140	2.0451	0.1924	12.8705	13.2019
2.0145	2.0456	0.1849	12.9363	13.1742
2.0150	2.0446	0.1952	12.9422	13.1992
2.0155	2.0454	0.1898	12.9071	13.2137
2.0160	2.0452	0.1992	12.9291	13.2431
2.0165	2.0462	0.1863	13.0007	13.2574
2.0170	2.0458	0.1794	13.0168	13.2472
2.0175	2.0455	0.1965	12.9701	13.2215
2.0180	2.0455	0.1921	12.9820	13.2036
2.0185	2.0456	0.1917	13.0646	13.1889
2.0190	2.0441	0.1971	13.0895	13.1899
2.0195	2.0436	0.2051	13.0347	13.2142
2.0200	2.0434	0.2107	13.0293	13.2468
2.0205	2.0432	0.2080	13.1175	13.2879
2.0210	2.0437	0.2092	13.1629	13.2881
2.0215	2.0432	0.2155	13.1165	13.2788
2.0220	2.0425	0.2254	13.1041	13.2737
2.0225	2.0424	0.2276	13.1697	13.2578
2.0230	2.0415	0.2316	13.2227	13.2531
2.0235	2.0411	0.2374	13.1998	13.2358
2.0240	2.0404	0.2403	13.1726	13.2396
2.0245	2.0413	0.2383	13.2193	13.2549
2.0250	2.0415	0.2381	13.2839	13.2611
2.0255	2.0409	0.2434	13.2782	13.2597
2.0260	2.0411	0.2393	13.2445	13.2726
2.0265	2.0418	0.2284	13.2687	13.2788
2.0270	2.0415	0.2291	13.3403	13.2711
2.0275	2.0421	0.2230	13.3477	13.2770
2.0280	2.0415	0.2239	13.2918	13.2940
2.0285	2.0424	0.2293	13.2960	13.2855
2.0290	2.0426	0.2245	13.3742	13.2913
2.0295	2.0431	0.2149	13.3967	13.2773
2.0300	2.0424	0.2212	13.3371	13.2692
2.0305	2.0420	0.2285	13.3230	13.2603
2.0310	2.0413	0.2313	13.3867	13.2513
2.0315	2.0409	0.2356	13.4134	13.2592
2.0320	2.0421	0.2279	13.3604	13.2730
2.0325	2.0414	0.2334	13.3469	13.2819
2.0330	2.0421	0.2279	13.4130	13.2831
2.0335	2.0421	0.2239	13.4393	13.2772
2.0340	2.0418	0.2282	13.3952	13.2831
2.0345	2.0419	0.2252	13.3795	13.2884
2.0350	2.0415	0.2375	13.4399	13.3094
2.0355	2.0413	0.2331	13.4720	13.2930
2.0360	2.0412	0.2363	13.4372	13.2827
2.0365	2.0406	0.2452	13.4156	13.2411
2.0370	2.0406	0.2441	13.4530	13.2223
2.0375	2.0404	0.2405	13.5022	13.1959
2.0380	2.0390	0.2549	13.4876	13.1820
2.0385	2.0394	0.2558	13.4469	13.1773
2.0390	2.0394	0.2561	13.4732	13.1812
2.0395	2.0388	0.2586	13.5165	13.1987
2.0400	2.0397	0.2595	13.5019	13.2184
2.0405	2.0389	0.2596	13.4414	13.2472
2.0410	2.0397	0.2579	13.4671	13.2669
2.0415	2.0390	0.2599	13.4371	13.2826
2.0420	2.0390	0.2576	13.2091	13.2885
2.0425	2.0395	0.2513	13.1204	13.3028
2.0430	2.0395	0.2498	13.1252	13.2920
2.0435	2.0392	0.2539	13.1790	13.2742
2.0440	2.0384	0.2587	13.2036	13.2892
2.0445	2.0386	0.2691	13.2074	13.2958
2.0450	2.0384	0.2617	13.2154	13.3008
2.0455	2.0382	0.2644	13.2620	13.3053
2.0460	2.0389	0.2603	13.2865	13.2992
2.0465	2.0391	0.2571	13.2578	13.2737
2.0470	2.0388	0.2625	13.2575	13.2523
2.0475	2.0388	0.2638	13.3095	13.2377
2.0480	2.0387	0.2588	13.3475	13.2131
2.0485	2.0394	0.2585	13.3383	13.2178
2.0490	2.0399	0.2510	13.3321	13.2251
2.0495	2.0404	0.2430	13.3712	13.2296
2.0500	2.0411	0.2353	13.4119	13.2272
2.0505	2.0413	0.2333	13.4051	13.2286
2.0510	2.0414	0.2322	13.3872	13.2243
2.0515	2.0418	0.2272	13.4148	13.2084
2.0520	2.0425	0.2223	13.4544	13.1943
2.0525	2.0433	0.2137	13.4642	13.1802
2.0530	2.0434	0.2133	13.4471	13.1613
2.0535	2.0431	0.2160	13.4685	13.1546
2.0540	2.0434	0.2095	13.5054	13.1595
2.0545	2.0445	0.1983	13.4969	13.2148
2.0550	2.0451	0.1909	13.4828	13.2242
2.0555	2.0459	0.1881	13.5152	13.2418
2.0560	2.0455	0.1883	13.5434	13.2503
2.0565	2.0449	0.2000	13.5321	13.2630
2.0570	2.0440	0.2002	13.5054	13.2770
2.0575	2.0443	0.2037	13.5200	13.2923
2.0580	2.0453	0.1947	13.5478	13.2707
2.0585	2.0462	0.1822	13.5542	13.2367
2.0590	2.0465	0.1761	13.5420	13.1881
2.0595	2.0461	0.1880	13.5433	13.1448
2.0600	2.0461	0.1785	13.5589	13.1183
2.0605	2.0462	0.1771	13.5534	13.1168
2.0610	2.0458	0.1786	13.5363	13.1096
2.0615	2.0454	0.1867	13.5397	13.1499
2.0620	2.0447	0.1943	13.5612	13.2002
2.0625	2.0448	0.1970	13.5577	13.2471
2.0630	2.0450	0.1938	13.5314	13.2719
2.0635	2.0459	0.1826	13.5188	13.2810
2.0640	2.0467	0.1767	13.5290	13.2462
2.0645	2.0476	0.1657	13.5306	13.2073
2.0650	2.0479	0.1602	13.4875	13.1732
2.0655	2.0485	0.1554	13.4496	13.1561
2.0660	2.0483	0.1596	13.4459	13.1756
2.0665	2.0478	0.1608	13.4629	13.2232
2.0670	2.0466	0.1756	13.4235	13.3017
2.0675	2.0464	0.1828	13.3630	13.3748
2.0680	2.0457	0.1859	13.3693	13.4106
2.0685	2.0453	0.1898	13.4017	13.4030
2.0690	2.0452	0.1930	13.3608	13.3419
2.0695	2.0445	0.1989	13.2820	13.2618
2.0700	2.0437	0.2063	13.2711	13.1974
2.0705	2.0429	0.2124	13.3025	13.1458
2.0710	2.0426	0.2204	13.2849	13.1413
2.0715	2.0420	0.2271	13.2060	13.1818
2.0720	2.0419	0.2304	13.1692	13.2288
2.0725	2.0419	0.2356	13.2009	13.2912
2.0730	2.0418	0.2307	13.1821	13.3311
2.0735	2.0411	0.2351	13.0459	13.3204
2.0740	2.0409	0.2381	13.0436	13.2829
2.0745	2.0408	0.2340	13.1306	13.2180
2.0750	2.0403	0.2442	13.1166	13.1441
2.0755	2.0396	0.2472	12.9947	13.0908
2.0760	2.0400	0.2482	12.9369	13.0687
2.0765	2.0401	0.2434	13.0102	13.0796
2.0770	2.0408	0.2431	13.0036	13.1489
2.0775	2.0406	0.2413	12.8863	13.2235
2.0780	2.0406	0.2402	12.7608	13.2893
2.0785	2.0406	0.2402	12.7205	13.3250
2.0790	2.0403	0.2459	12.8039	13.3643
2.0795	2.0404	0.2422	12.7238	13.3788
2.0800	2.0405	0.2446	12.6752	13.3435
2.0805	2.0394	0.2487	12.7669	13.2925
2.0810	2.0393	0.2558	12.8528	13.2604
2.0815	2.0391	0.2526	12.7916	13.2327
2.0820	2.0392	0.2502	12.7344	13.2324
2.0825	2.0392	0.2561	12.8160	13.2551
2.0830	2.0390	0.2619	12.9115	13.2827
2.0835	2.0388	0.2631	12.8701	13.2954
2.0840	2.0386	0.2600	12.7976	13.3134
2.0845	2.0388	0.2593	12.8607	13.3124
2.0850	2.0392	0.2567	12.9728	13.2932
2.0855	2.0390	0.2571	12.9521	13.2837
2.0860	2.0396	0.2532	12.8645	13.2715
2.0865	2.0401	0.2462	12.8997	13.2655
2.0870	2.0407	0.2429	13.0071	13.2618
2.0875	2.0415	0.2360	13.0161	13.2787
2.0880	2.0416	0.2283	12.9419	13.3015
2.0885	2.0416	0.2297	12.9532	13.3202
2.0890	2.0413	0.2309	13.0502	13.3416
2.0895	2.0407	0.2389	13.0791	13.3447
2.0900	2.0408	0.2352	13.0197	13.3620
2.0905	2.0403	0.2460	13.0215	13.3502
2.0910	2.0402	0.2443	13.1043	13.3288
2.0915	2.0389	0.2579	13.1471	13.3151
2.0920	2.0383	0.2655	13.1036	13.3033
2.0925	2.0380	0.2623	13.0822	13.3057
2.0930	2.0378	0.2734	13.1505	13.3103
2.0935	2.0377	0.2697	13.2090	13.3161
2.0940	2.0373	0.2795	13.1835	13.3228
2.0945	2.0374	0.2794	13.1496	13.3129
2.0950	2.0378	0.2710	13.1995	13.3021
2.0955	2.0382	0.2700	13.2606	13.2780
2.0960	2.0387	0.2601	13.2458	13.2549
2.0965	2.0400	0.2472	13.2049	13.2052
2.0970	2.0413	0.2361	13.2372	13.1704
2.0975	2.0420	0.2253	13.2942	13.1549
2.0980	2.0436	0.2124	13.2811	13.1452
2.0985	2.0441	0.2035	13.2455	13.1630
2.0990	2.0439	0.2033	13.2734	13.1805
2.0995	2.0434	0.2066	13.3292	13.2284
2.1000	2.0429	0.2224	13.3164	13.2708
2.1005	2.0437	0.2086	13.2668	13.2932
2.1010	2.0445	0.2020	13.2818	13.3016
2.1015	2.0446	0.1995	13.3471	13.2794
2.1020	2.0443	0.2019	13.3574	13.2358
2.1025	2.0448	0.1971	13.3196	13.2005
2.1030	2.0439	0.2006	13.3242	13.1907
2.1035	2.0442	0.2086	13.3882	13.2049
2.1040	2.0447	0.1983	13.3976	13.2249
2.1045	2.0443	0.2009	13.3534	13.2522
2.1050	2.0435	0.2063	13.3377	13.2664
2.1055	2.0437	0.2063	13.4018	13.2914
2.1060	2.0439	0.2048	13.4252	13.3060
2.1065	2.0439	0.2121	13.3954	13.2950
2.1070	2.0441	0.2104	13.3548	13.2856
2.1075	2.0443	0.2054	13.4131	13.2981
2.1080	2.0445	0.1958	13.1620	13.2754
2.1085	2.0445	0.1983	12.9068	13.2680
2.1090	2.0442	0.2018	12.9083	13.2592
2.1095	2.0445	0.2022	12.9640	13.2688
2.1100	2.0447	0.1978	13.0431	13.2795
2.1105	2.0444	0.1970	13.0294	13.2799
2.1110	2.0438	0.2016	13.0230	13.3110
2.1115	2.0445	0.1997	13.0633	13.3057
2.1120	2.0439	0.2065	13.1424	13.3033
2.1125	2.0443	0.2013	13.1493	13.2777
2.1130	2.0438	0.2030	13.1211	13.2529
2.1135	2.0440	0.2042	13.1353	13.2257
2.1140	2.0442	0.2087	13.2048	13.2014
2.1145	2.0429	0.2103	13.2234	13.2052
2.1150	2.0438	0.2107	13.2077	13.2195
2.1155	2.0429	0.2109	13.2172	13.2328
2.1160	2.0422	0.2251	13.2832	13.2715
2.1165	2.0413	0.2278	13.3103	13.3006
2.1170	2.0418	0.2360	13.2762	13.3169
2.1175	2.0413	0.2356	13.2912	13.3134
2.1180	2.0413	0.2367	13.3558	13.3022
2.1185	2.0406	0.2437	13.3807	13.2834
2.1190	2.0405	0.2376	13.3447	13.2498
2.1195	2.0405	0.2415	13.3449	13.2261
2.1200	2.0401	0.2455	13.4218	13.1965
2.1205	2.0392	0.2515	13.4544	13.1899
2.1210	2.0389	0.2629	13.3997	13.2177
2.1215	2.0383	0.2661	13.3841	13.2357
2.1220	2.0377	0.2707	13.4641	13.2691
2.1225	2.0378	0.2782	13.5085	13.2835
2.1230	2.0376	0.2744	13.4607	13.2868
2.1235	2.0375	0.2806	13.4257	13.2639
2.1240	2.0372	0.2800	13.4841	13.2531
2.1245	2.0369	0.2862	13.5421	13.2315
2.1250	2.0368	0.2857	13.5008	13.2252
2.1255	2.0365	0.2900	13.4435	13.2168
2.1260	2.0364	0.2908	13.4855	13.2276
2.1265	2.0361	0.2885	13.5603	13.2719
2.1270	2.0372	0.2808	13.5318	13.2902
2.1275	2.0377	0.2712	13.4559	13.2733
2.1280	2.0386	0.2646	13.4848	13.2781
2.1285	2.0395	0.2568	13.5707	13.2587
2.1290	2.0401	0.2446	13.5559	13.2264
2.1295	2.0392	0.2525	13.4864	13.2440
2.1300	2.0391	0.2555	13.4933	13.2879
2.1305	2.0393	0.2564	13.5579	13.3218
2.1310	2.0397	0.2500	13.5490	13.3688
2.1315	2.0401	0.2507	13.4720	13.3831
2.1320	2.0400	0.2487	13.4688	13.3881
2.1325	2.0399	0.2456	13.5282	13.3831
2.1330	2.0406	0.2434	13.5245	13.3204
2.1335	2.0401	0.2481	13.4439	13.2992
2.1340	2.0405	0.2487	13.4160	13.2827
2.1345	2.0408	0.2392	13.4674	13.2809
2.1350	2.0409	0.2354	13.4721	13.2920
2.1355	2.0412	0.2396	13.3924	13.2982
2.1360	2.0414	0.2384	13.3427	13.3034
2.1365	2.0418	0.2274	13.3792	13.3099
2.1370	2.0425	0.2193	13.4023	13.3178
2.1375	2.0434	0.2144	13.3320	13.3109
2.1380	2.0442	0.2018	13.2641	13.2992
2.1385	2.0450	0.2038	13.2774	13.2788
2.1390	2.0451	0.1933	13.3129	13.2717
2.1395	2.0438	0.2050	13.2470	13.2820
2.1400	2.0436	0.2088	13.1723	13.3150
2.1405	2.0449	0.1920	13.1676	13.3208
2.1410	2.0446	0.1947	13.2316	13.3342
2.1415	2.0444	0.1990	13.0710	13.3451
2.1420	2.0447	0.1956	12.8683	13.3278
2.1425	2.0436	0.2018	12.9030	13.3058
2.1430	2.0435	0.2127	12.9498	13.2794
2.1435	2.0432	0.2107	12.9253	13.2655
2.1440	2.0436	0.2108	12.8551	13.2405
2.1445	2.0437	0.2029	12.8692	13.2253
2.1450	2.0438	0.2069	12.9417	13.2315
2.1455	2.0441	0.2033	12.9319	13.2446
2.1460	2.0443	0.2045	12.8643	13.2418
2.1465	2.0444	0.1986	12.8190	13.2975
2.1470	2.0448	0.1913	12.7934	13.3619
2.1475	2.0458	0.1817	12.8391	13.3704
2.1480	2.0452	0.1883	12.7833	13.3720
2.1485	2.0452	0.1972	12.7864	13.3351
2.1490	2.0448	0.1982	12.8567	13.3144
2.1495	2.0438	0.2058	12.9027	13.2856
2.1500	2.0444	0.2010	12.8549	13.2733
2.1505	2.0443	0.2052	12.8345	13.2606
2.1510	2.0448	0.1998	12.9096	13.2713
2.1515	2.0442	0.2021	12.9795	13.2626
2.1520	2.0442	0.2054	12.9460	13.2747
2.1525	2.0445	0.1983	12.9191	13.2767
2.1530	2.0443	0.2021	12.9807	13.2863
2.1535	2.0445	0.1950	13.0470	13.2938
2.1540	2.0446	0.1953	13.0254	13.2929
2.1545	2.0442	0.2016	12.9895	13.2901
2.1550	2.0440	0.2036	13.0407	13.2850
2.1555	2.0442	0.2042	13.1211	13.2792
2.1560	2.0432	0.2148	13.1020	13.2595
2.1565	2.0430	0.2115	13.0594	13.2628
2.1570	2.0430	0.2166	13.0998	13.2606
2.1575	2.0427	0.2160	13.1807	13.2501
2.1580	2.0430	0.2166	13.1738	13.2594
2.1585	2.0428	0.2198	13.1337	13.2470
2.1590	2.0430	0.2239	13.1712	13.2609
2.1595	2.0422	0.2239	13.2545	13.2747
2.1600	2.0422	0.2275	13.2539	13.2922
2.1605	2.0414	0.2287	13.2061	13.3046
2.1610	2.0415	0.2318	13.2283	13.3177
2.1615	2.0415	0.2313	13.3149	13.3254
2.1620	2.0413	0.2339	13.3432	13.3340
2.1625	2.0402	0.2415	13.2906	13.3384
2.1630	2.0401	0.2505	13.2879	13.3163
2.1635	2.0397	0.2538	13.3652	13.3002
2.1640	2.0395	0.2546	13.3984	13.2737
2.1645	2.0387	0.2591	13.3476	13.2488
2.1650	2.0386	0.2587	13.3364	13.2255
2.1655	2.0389	0.2682	13.4047	13.2046
2.1660	2.0387	0.2601	13.4399	13.1850
2.1665	2.0384	0.2629	13.3960	13.1731
2.1670	2.0376	0.2719	13.3703	13.1714
2.1675	2.0377	0.2705	13.4254	13.1686
2.1680	2.0376	0.2749	13.4752	13.1702
2.1685	2.0371	0.2770	13.4314	13.1625
2.1690	2.0374	0.2801	13.3918	13.1660
2.1695	2.0367	0.2820	13.4420	13.1684
2.1700	2.0365	0.2840	13.5081	13.1622
2.1705	2.0370	0.2798	13.4891	13.1578
2.1710	2.0370	0.2785	13.4463	13.1480
2.1715	2.0377	0.2720	13.4722	13.1386
2.1720	2.0378	0.2708	13.5431	13.1276
2.1725	2.0383	0.2680	13.5368	13.1287
2.1730	2.0384	0.2678	13.4894	13.1331
2.1735	2.0378	0.2674	13.4827	13.1612
2.1740	2.0383	0.2670	13.5799	13.1901
2.1745	2.0386	0.2650	13.5024	13.2116
2.1750	2.0386	0.2638	13.4447	13.2226
2.1755	2.0385	0.2652	13.4874	13.2301
2.1760	2.0387	0.2646	13.4985	13.2290
2.1765	2.0387	0.2579	13.5095	13.2348
2.1770	2.0389	0.2575	13.4922	13.2194
2.1775	2.0400	0.2534	13.4897	13.2095
2.1780	2.0393	0.2522	13.4887	13.1976
2.1785	2.0388	0.2630	13.5024	13.1991
2.1790	2.0384	0.2615	13.4861	13.2094
2.1795	2.0390	0.2612	13.4550	13.2212
2.1800	2.0394	0.2490	13.4581	13.2159
2.1805	2.0396	0.2484	13.4492	13.2076
2.1810	2.0395	0.2485	13.3840	13.1993
2.1815	2.0399	0.2471	13.2948	13.1997
2.1820	2.0402	0.2397	13.2768	13.1993
2.1825	2.0412	0.2349	13.3378	13.1982
2.1830	2.0425	0.2189	13.3264	13.1913
2.1835	2.0423	0.2197	13.3198	13.2004
2.1840	2.0429	0.2165	13.3494	13.2360
2.1845	2.0441	0.2040	13.4034	13.2501
2.1850	2.0441	0.2014	13.4202	13.2479
2.1855	2.0447	0.1979	13.4095	13.2558
2.1860	2.0458	0.1958	13.4271	13.2611
2.1865	2.0456	0.1836	13.4793	13.2562
2.1870	2.0454	0.1842	13.5042	13.2437
2.1875	2.0452	0.1927	13.4733	13.2198
2.1880	2.0458	0.1856	13.4712	13.1831
2.1885	2.0446	0.2000	13.5432	13.1609
2.1890	2.0436	0.2111	13.5838	13.1644
2.1895	2.0437	0.2129	13.5333	13.1643
2.1900	2.0431	0.2172	13.5025	13.1881
2.1905	2.0440	0.2065	13.5538	13.1754
2.1910	2.0443	0.2036	13.6089	13.1954
2.1915	2.0442	0.1968	13.5862	13.1529
2.1920	2.0442	0.2033	13.5381	13.1376
2.1925	2.0442	0.2047	13.5679	13.1122
2.1930	2.0441	0.2004	13.6349	13.1002
2.1935	2.0445	0.2016	13.6165	13.1034
2.1940	2.0437	0.2095	13.5595	13.1001
2.1945	2.0432	0.2107	13.5877	13.1155
2.1950	2.0426	0.2147	13.6551	13.1401
2.1955	2.0427	0.2198	13.6309	13.1548
2.1960	2.0422	0.2177	13.5601	13.1576
2.1965	2.0440	0.2056	13.5797	13.1594
2.1970	2.0447	0.1898	13.6582	13.1511
2.1975	2.0438	0.2043	13.6500	13.1489
2.1980	2.0437	0.2106	13.5613	13.1774
2.1985	2.0431	0.2097	13.5513	13.2160
2.1990	2.0432	0.2143	13.6273	13.2487
2.1995	2.0426	0.2184	13.6471	13.2906
2.2000	2.0425	0.2173	13.5576	13.3029
2.2005	2.0423	0.2189	13.5148	13.3164
2.2010	2.0423	0.2164	13.5726	13.3088
2.2015	2.0417	0.2254	13.5863	13.2850
2.2020	2.0414	0.2308	13.4981	13.2628
2.2025	2.0409	0.2359	13.4437	13.2467
2.2030	2.0411	0.2322	13.4942	13.2195
2.2035	2.0419	0.2268	13.5171	13.2130
2.2040	2.0420	0.2263	13.4413	13.2117
2.2045	2.0423	0.2259	13.3692	13.2402
2.2050	2.0425	0.2157	13.4052	13.2689
2.2055	2.0431	0.2183	13.4374	13.2956
2.2060	2.0436	0.2128	13.3659	13.3057
2.2065	2.0426	0.2244	13.2779	13.3285
2.2070	2.0424	0.2235	13.3048	13.3274
2.2075	2.0424	0.2219	13.3690	13.3125
2.2080	2.0416	0.2239	13.3196	13.2752
2.2085	2.0417	0.2275	13.1847	13.2365
2.2090	2.0411	0.2338	13.1805	13.1944
2.2095	2.0412	0.2351	13.2119	13.2024
2.2100	2.0402	0.2399	12.9043	13.2064
2.2105	2.0398	0.2494	12.6937	13.2050
2.2110	2.0389	0.2544	12.7127	13.2198
2.2115	2.0392	0.2592	12.8063	13.2291
2.2120	2.0390	0.2548	12.8043	13.2406
2.2125	2.0395	0.2564	12.7456	13.2247
2.2130	2.0394	0.2520	12.7530	13.2060
2.2135	2.0400	0.2490	12.8368	13.1758
2.2140	2.0403	0.2446	12.8562	13.1503
2.2145	2.0401	0.2442	12.7976	13.1277
2.2150	2.0413	0.2393	12.8102	13.1191
2.2155	2.0406	0.2332	12.8838	13.1366
2.2160	2.0405	0.2416	12.9068	13.1612
2.2165	2.0402	0.2452	12.8592	13.1909
2.2170	2.0402	0.2439	12.8589	13.1963
2.2175	2.0397	0.2487	12.9484	13.2061
2.2180	2.0397	0.2503	12.9841	13.1882
2.2185	2.0402	0.2478	12.9223	13.1665
2.2190	2.0390	0.2549	12.9072	13.1537
2.2195	2.0392	0.2534	12.9940	13.1283
2.2200	2.0393	0.2563	13.0502	13.1095
2.2205	2.0397	0.2538	13.0072	13.1227
2.2210	2.0397	0.2466	12.9780	13.1299
2.2215	2.0405	0.2458	13.0554	13.1894
2.2220	2.0409	0.2438	13.1263	13.2222
2.2225	2.0409	0.2373	13.0960	13.2423
2.2230	2.0412	0.2369	13.0477	13.2502
2.2235	2.0414	0.2328	13.0961	13.2586
2.2240	2.0418	0.2279	13.1830	13.2420
2.2245	2.0426	0.2193	13.1647	13.2218
2.2250	2.0425	0.2180	13.0986	13.1967
2.2255	2.0419	0.2250	13.1329	13.1943
2.2260	2.0421	0.2196	13.2376	13.2291
2.2265	2.0434	0.2145	13.2510	13.2415
2.2270	2.0438	0.2071	13.1819	13.2584
2.2275	2.0432	0.2185	13.1885	13.2753
2.2280	2.0430	0.2144	13.2941	13.2915
2.2285	2.0427	0.2229	13.3270	13.2991
2.2290	2.0424	0.2200	13.2607	13.3000
2.2295	2.0425	0.2209	13.2483	13.2820
2.2300	2.0430	0.2183	13.3366	13.2653
2.2305	2.0428	0.2142	13.3960	13.2249
2.2310	2.0432	0.2118	13.3319	13.1972
2.2315	2.0433	0.2137	13.2835	13.1732
2.2320	2.0432	0.2162	13.3680	13.1591
2.2325	2.0432	0.2136	13.4493	13.1628
2.2330	2.0434	0.2112	13.3942	13.1744
2.2335	2.0453	0.1936	13.3204	13.1763
2.2340	2.0446	0.1964	13.3715	13.1573
2.2345	2.0443	0.2075	13.4651	13.1552
2.2350	2.0447	0.1995	13.4471	13.1437
2.2355	2.0441	0.2032	13.3663	13.1417
2.2360	2.0440	0.2095	13.3784	13.1573
2.2365	2.0436	0.2041	13.4627	13.1623
2.2370	2.0435	0.2108	13.4718	13.1756
2.2375	2.0441	0.2059	13.4132	13.1807
2.2380	2.0436	0.2165	13.4193	13.1873
2.2385	2.0434	0.2110	13.4983	13.2109
2.2390	2.0429	0.2202	13.5092	13.2156
2.2395	2.0426	0.2211	13.4469	13.1843
2.2400	2.0432	0.2106	13.4369	13.1445
2.2405	2.0430	0.2198	13.5189	13.1457
2.2410	2.0418	0.2275	13.5358	13.1571
2.2415	2.0418	0.2270	13.4721	13.1454
2.2420	2.0411	0.2327	13.4093	13.1557
2.2425	2.0411	0.2350	13.4196	13.1698
2.2430	2.0416	0.2299	13.5738	13.1946
2.2435	2.0418	0.2284	13.4741	13.1981
2.2440	2.0408	0.2351	13.3632	13.2232
2.2445	2.0402	0.2420	13.4344	13.2204
2.2450	2.0405	0.2441	13.5462	13.2158
2.2455	2.0403	0.2393	13.4801	13.2256
2.2460	2.0400	0.2413	13.3501	13.2432
2.2465	2.0401	0.2470	13.3925	13.2371
2.2470	2.0397	0.2454	13.5052	13.2387
2.2475	2.0401	0.2504	13.4415	13.2856
2.2480	2.0406	0.2424	13.3035	13.2829
2.2485	2.0405	0.2383	13.3183	13.3007
2.2490	2.0418	0.2328	13.4097	13.2936
2.2495	2.0416	0.2273	13.3794	13.2936
2.2500	2.0412	0.2275	13.1594	13.2874
2.2505	2.0412	0.2294	13.1775	13.2953
2.2510	2.0412	0.2322	13.3584	13.3055
2.2515	2.0406	0.2385	13.3480	13.3091
2.2520	2.0413	0.2362	13.2180	13.3266
2.2525	2.0410	0.2384	13.2437	13.3286
2.2530	2.0409	0.2368	13.4348	13.3355
2.2535	2.0401	0.2451	13.4550	13.3034
2.2540	2.0398	0.2509	13.3002	13.2832
2.2545	2.0394	0.2528	13.2843	13.2598
2.2550	2.0397	0.2483	13.4668	13.2419
2.2555	2.0396	0.2493	13.5237	13.2231
2.2560	2.0398	0.2484	13.3647	13.2197
2.2565	2.0395	0.2537	13.3064	13.2125
2.2570	2.0398	0.2524	13.4738	13.2145
2.2575	2.0398	0.2542	13.5615	13.2281
2.2580	2.0396	0.2513	13.4295	13.2491
2.2585	2.0400	0.2448	13.3509	13.2637
2.2590	2.0411	0.2404	13.4877	13.2639
2.2595	2.0412	0.2300	13.5815	13.2802
2.2600	2.0423	0.2252	13.4729	13.2737
2.2605	2.0428	0.2169	13.3777	13.2710
2.2610	2.0422	0.2201	13.4812	13.2752
2.2615	2.0423	0.2197	13.5931	13.2899
2.2620	2.0424	0.2234	13.5033	13.2884
2.2625	2.0421	0.2242	13.3906	13.2877
2.2630	2.0424	0.2253	13.4655	13.3020
2.2635	2.0424	0.2166	13.5919	13.2865
2.2640	2.0428	0.2189	13.5318	13.2793
2.2645	2.0426	0.2157	13.3887	13.2525
2.2650	2.0429	0.2140	13.4263	13.2357
2.2655	2.0434	0.2111	13.5754	13.2206
2.2660	2.0431	0.2160	13.5528	13.2225
2.2665	2.0434	0.2091	13.3952	13.2585
2.2670	2.0433	0.2129	13.3931	13.3009
2.2675	2.0427	0.2142	13.5318	13.3298
2.2680	2.0433	0.2154	13.5219	13.3635
2.2685	2.0432	0.2120	13.3582	13.3835
2.2690	2.0439	0.2038	13.3189	13.3641
2.2695	2.0438	0.2107	13.4508	13.3490
2.2700	2.0440	0.2056	13.4798	13.3331
2.2705	2.0440	0.2018	13.3278	13.3215
2.2710	2.0448	0.1964	13.2426	13.2967
2.2715	2.0445	0.1947	13.3472	13.3023
2.2720	2.0447	0.1975	13.3994	13.2985
2.2725	2.0450	0.1944	13.2631	13.3124
2.2730	2.0454	0.1889	13.1695	13.3209
2.2735	2.0457	0.1893	13.2427	13.3280
2.2740	2.0457	0.1839	13.3127	13.3178
2.2745	2.0455	0.1852	13.1900	13.3080
2.2750	2.0461	0.1830	13.0722	13.2915
2.2755	2.0462	0.1812	13.1245	13.2674
2.2760	2.0460	0.1838	13.2321	13.2530
2.2765	2.0458	0.1845	13.1204	13.2574
2.2770	2.0453	0.1946	13.0066	13.2663
2.2775	2.0449	0.1954	12.9182	13.2945
2.2780	2.0444	0.2002	12.7132	13.3082
2.2785	2.0439	0.2054	12.6449	13.3255
2.2790	2.0443	0.2029	12.5155	13.3078
2.2795	2.0432	0.2065	12.5652	13.2992
2.2800	2.0440	0.2099	12.6959	13.2974
2.2805	2.0440	0.2036	12.7182	13.2729
2.2810	2.0443	0.2031	12.6109	13.1932
2.2815	2.0434	0.2098	12.6147	13.2034
2.2820	2.0439	0.2088	12.7378	13.2370
2.2825	2.0435	0.2076	12.7684	13.2696
2.2830	2.0435	0.2044	12.6575	13.3144
2.2835	2.0435	0.2086	12.6389	13.3402
2.2840	2.0433	0.2114	12.7579	13.3649
2.2845	2.0436	0.2117	12.8276	13.3438
2.2850	2.0430	0.2141	12.7362	13.3085
2.2855	2.0429	0.2177	12.6838	13.2493
2.2860	2.0423	0.2234	12.7907	13.2084
2.2865	2.0422	0.2267	12.8813	13.1574
2.2870	2.0415	0.2319	12.8178	13.1404
2.2875	2.0411	0.2386	12.7576	13.1512
2.2880	2.0408	0.2372	12.8377	13.1812
2.2885	2.0410	0.2369	12.9408	13.2169
2.2890	2.0413	0.2318	12.9079	13.2429
2.2895	2.0412	0.2357	12.8281	13.2599
2.2900	2.0416	0.2322	12.8859	13.2620
2.2905	2.0412	0.2328	12.9957	13.2450
2.2910	2.0413	0.2364	12.9829	13.2071
2.2915	2.0419	0.2298	12.9050	13.2157
2.2920	2.0413	0.2306	12.9381	13.2114
2.2925	2.0413	0.2321	13.0459	13.2211
2.2930	2.0411	0.2340	13.0488	13.2475
2.2935	2.0407	0.2393	12.9755	13.2800
2.2940	2.0416	0.2361	12.9893	13.3092
2.2945	2.0408	0.2343	13.0964	13.3225
2.2950	2.0408	0.2403	13.1237	13.3219
2.2955	2.0403	0.2420	13.0569	13.2943
2.2960	2.0396	0.2540	13.0608	13.2630
2.2965	2.0394	0.2568	13.1600	13.2398
2.2970	2.0387	0.2609	13.2001	13.2147
2.2975	2.0385	0.2646	13.1396	13.2006
2.2980	2.0386	0.2619	13.1173	13.2162
2.2985	2.0383	0.2664	13.2048	13.2187
2.2990	2.0380	0.2661	13.2671	13.2278
2.2995	2.0388	0.2652	13.2110	13.2498
2.3000	2.0390	0.2605	13.1553	13.2583
2.3005	2.0391	0.2562	13.2255	13.2457
2.3010	2.0399	0.2526	13.3043	13.2237
2.3015	2.0402	0.2478	13.2618	13.1874
2.3020	2.0402	0.2487	13.1957	13.1666
2.3025	2.0402	0.2470	13.2528	13.1514
2.3030	2.0401	0.2446	13.3384	13.1633
2.3035	2.0407	0.2391	13.2941	13.1952
2.3040	2.0410	0.2338	13.2232	13.2637
2.3045	2.0413	0.2335	13.2674	13.3167
2.3050	2.0413	0.2324	13.3614	13.3645
2.3055	2.0407	0.2379	13.3444	13.3860
2.3060	2.0404	0.2389	13.2599	13.3688
2.3065	2.0413	0.2347	13.2879	13.3269
2.3070	2.0422	0.2212	13.3786	13.2542
2.3075	2.0417	0.2234	13.3833	13.1997
2.3080	2.0413	0.2342	13.3072	13.1548
2.3085	2.0403	0.2425	13.3192	13.1489
2.3090	2.0404	0.2399	13.4040	13.1773
2.3095	2.0404	0.2375	13.4226	13.2146
2.3100	2.0409	0.2361	13.3368	13.2295
2.3105	2.0424	0.2254	13.3385	13.2242
2.3110	2.0424	0.2166	13.4036	13.2193
2.3115	2.0426	0.2136	13.4319	13.1990
2.3120	2.0430	0.2193	13.3092	13.1702
2.3125	2.0429	0.2145	13.2558	13.1402
2.3130	2.0430	0.2172	13.3765	13.1429
2.3135	2.0429	0.2195	13.3990	13.1567
2.3140	2.0431	0.2157	13.3142	13.2045
2.3145	2.0433	0.2102	13.2732	13.2415
2.3150	2.0439	0.2015	13.3544	13.2731
2.3155	2.0446	0.1980	13.3841	13.3005
2.3160	2.0446	0.1998	13.2928	13.3276
2.3165	2.0448	0.1971	13.2266	13.3261
2.3170	2.0448	0.1937	13.2794	13.3047
2.3175	2.0456	0.1918	13.3261	13.2896
2.3180	2.0443	0.1963	13.2514	13.2736
2.3185	2.0441	0.2051	13.1645	13.2664
2.3190	2.0443	0.1997	13.1913	13.2743
2.3195	2.0442	0.2006	13.2498	13.3011
2.3200	2.0450	0.1965	13.2306	13.3029
2.3205	2.0438	0.2010	13.1748	13.3174
2.3210	2.0441	0.2054	13.2214	13.3319
2.3215	2.0441	0.2013	13.3104	13.3147
2.3220	2.0444	0.1996	13.3008	13.2727
2.3225	2.0450	0.1926	13.2466	13.2318
2.3230	2.0451	0.1955	13.2758	13.2118
2.3235	2.0446	0.1995	13.3644	13.2019
2.3240	2.0438	0.2089	13.3727	13.2063
2.3245	2.0436	0.2120	13.3141	13.2462
2.3250	2.0424	0.2212	13.3267	13.2656
2.3255	2.0421	0.2228	13.4010	13.2879
2.3260	2.0424	0.2235	13.4290	13.2834
2.3265	2.0419	0.2263	13.3674	13.2827
2.3270	2.0413	0.2412	13.3611	13.2703
2.3275	2.0415	0.2346	13.4411	13.2582
2.3280	2.0412	0.2340	13.4727	13.2740
2.3285	2.0416	0.2345	13.4070	13.2499
2.3290	2.0414	0.2364	13.3757	13.2452
2.3295	2.0411	0.2377	13.4521	13.2378
2.3300	2.0413	0.2300	13.5053	13.2410
2.3305	2.0412	0.2340	13.4390	13.2420
2.3310	2.0413	0.2311	13.3778	13.2365
2.3315	2.0417	0.2271	13.4454	13.2131
2.3320	2.0414	0.2343	13.5137	13.1938
2.3325	2.0414	0.2313	13.4610	13.1704
2.3330	2.0414	0.2319	13.3958	13.1557
2.3335	2.0413	0.2328	13.4408	13.1505
2.3340	2.0416	0.2278	13.5069	13.1466
2.3345	2.0422	0.2272	13.4707	13.1749
2.3350	2.0424	0.2159	13.3858	13.1942
2.3355	2.0424	0.2231	13.4157	13.1998
2.3360	2.0421	0.2268	13.4794	13.2119
2.3365	2.0418	0.2292	13.4546	13.2172
2.3370	2.0415	0.2231	13.3651	13.2195
2.3375	2.0412	0.2329	13.3599	13.2047
2.3380	2.0412	0.2332	13.4117	13.2023
2.3385	2.0410	0.2316	13.4022	13.2123
2.3390	2.0411	0.2341	13.3047	13.2225
2.3395	2.0408	0.2387	13.2769	13.2265
2.3400	2.0400	0.2432	13.3383	13.2247
2.3405	2.0396	0.2467	13.3580	13.2471
2.3410	2.0393	0.2573	13.2467	13.2580
2.3415	2.0389	0.2593	13.1881	13.2709
2.3420	2.0392	0.2572	13.2354	13.2782
2.3425	2.0390	0.2572	13.2869	13.2638
2.3430	2.0386	0.2619	13.1801	13.2519
2.3435	2.0385	0.2591	13.1164	13.2379
2.3440	2.0385	0.2614	13.1200	13.2470
2.3445	2.0383	0.2652	13.2154	13.2354
2.3450	2.0386	0.2626	12.8182	13.2404
2.3455	2.0393	0.2565	12.4682	13.2561
2.3460	2.0391	0.2573	12.5755	13.2491
2.3465	2.0390	0.2629	12.6653	13.2261
2.3470	2.0388	0.2612	12.6629	13.2151
2.3475	2.0388	0.2544	12.5603	13.1900
2.3480	2.0384	0.2626	12.6234	13.1702
2.3485	2.0389	0.2582	12.7313	13.1644
2.3490	2.0394	0.2600	12.7309	13.1579
2.3495	2.0395	0.2543	12.6336	13.1604
2.3500	2.0395	0.2543	12.6432	13.1909
2.3505	2.0397	0.2608	12.7486	13.2114
2.3510	2.0394	0.2489	12.7860	13.2156
2.3515	2.0403	0.2431	12.7109	13.2055
2.3520	2.0404	0.2431	12.7184	13.1789
2.3525	2.0402	0.2426	12.8045	13.1431
2.3530	2.0408	0.2395	12.8473	13.1165
2.3535	2.0414	0.2322	12.7823	13.0740
2.3540	2.0414	0.2289	12.7567	13.0626
2.3545	2.0417	0.2337	12.8519	13.0712
2.3550	2.0408	0.2381	12.9171	13.0992
2.3555	2.0400	0.2452	12.8632	13.1353
2.3560	2.0394	0.2531	12.8280	13.1667
2.3565	2.0401	0.2459	12.9162	13.2004
2.3570	2.0397	0.2419	12.9995	13.2029
2.3575	2.0403	0.2399	12.9611	13.2030
2.3580	2.0408	0.2435	12.9058	13.1784
2.3585	2.0404	0.2440	12.9691	13.1452
2.3590	2.0405	0.2445	13.0615	13.1369
2.3595	2.0404	0.2417	13.0340	13.1365
2.3600	2.0412	0.2313	12.9669	13.1652
2.3605	2.0413	0.2349	13.0182	13.1975
2.3610	2.0417	0.2264	13.1256	13.2337
2.3615	2.0419	0.2214	13.1197	13.2658
2.3620	2.0422	0.2236	13.0435	13.2759
2.3625	2.0424	0.2204	13.0696	13.2694
2.3630	2.0428	0.2215	13.1824	13.2333
2.3635	2.0427	0.2164	13.2025	13.2067
2.3640	2.0428	0.2170	13.1294	13.1997
2.3645	2.0421	0.2237	13.1306	13.1952
2.3650	2.0413	0.2310	13.2423	13.2038
2.3655	2.0415	0.2293	13.2887	13.2357
2.3660	2.0418	0.2303	13.2171	13.2721
2.3665	2.0420	0.2300	13.1993	13.2844
2.3670	2.0413	0.2281	13.2917	13.2875
2.3675	2.0418	0.2282	13.3466	13.2725
2.3680	2.0421	0.2278	13.2895	13.2903
2.3685	2.0422	0.2284	13.2430	13.2495
2.3690	2.0422	0.2244	13.3244	13.2058
2.3695	2.0424	0.2256	13.3901	13.1856
2.3700	2.0425	0.2145	13.3327	13.1703
2.3705	2.0419	0.2320	13.2835	13.1777
2.3710	2.0415	0.2269	13.3511	13.2007
2.3715	2.0416	0.2291	13.4243	13.2234
2.3720	2.0419	0.2267	13.3783	13.2391
2.3725	2.0420	0.2220	13.3098	13.2477
2.3730	2.0418	0.2276	13.3664	13.2527
2.3735	2.0412	0.2346	13.4577	13.2253
2.3740	2.0411	0.2306	13.4390	13.1967
2.3745	2.0413	0.2331	13.3603	13.1641
2.3750	2.0412	0.2309	13.3867	13.1569
2.3755	2.0409	0.2366	13.4874	13.1474
2.3760	2.0411	0.2362	13.4953	13.1552
2.3765	2.0405	0.2394	13.3989	13.1726
2.3770	2.0404	0.2422	13.3984	13.1930
2.3775	2.0405	0.2452	13.5044	13.1954
2.3780	2.0397	0.2476	13.5284	13.1934
2.3785	2.0393	0.2567	13.4402	13.1849
2.3790	2.0390	0.2549	13.4169	13.1796
2.3795	2.0385	0.2608	13.5053	13.2004
2.3800	2.0385	0.2618	13.5363	13.2117
2.3805	2.0385	0.2676	13.4465	13.2249
2.3810	2.0383	0.2657	13.3969	13.2464
2.3815	2.0381	0.2658	13.4714	13.2522
2.3820	2.0381	0.2685	13.5295	13.2478
2.3825	2.0380	0.2646	13.3130	13.2502
2.3830	2.0381	0.2738	13.2175	13.2554
2.3835	2.0376	0.2782	13.3137	13.2594
2.3840	2.0378	0.2747	13.3806	13.2696
2.3845	2.0374	0.2722	13.3117	13.2563
2.3850	2.0380	0.2732	13.2432	13.2564
2.3855	2.0377	0.2699	13.3144	13.2611
2.3860	2.0372	0.2792	13.3963	13.2571
2.3865	2.0375	0.2760	13.3343	13.2502
2.3870	2.0383	0.2679	13.2435	13.2531
2.3875	2.0385	0.2591	13.3052	13.2388
2.3880	2.0396	0.2499	13.3983	13.2406
2.3885	2.0403	0.2477	13.3746	13.2348
2.3890	2.0405	0.2443	13.3021	13.2419
2.3895	2.0402	0.2487	13.3362	13.2784
2.3900	2.0399	0.2511	13.4497	13.2988
2.3905	2.0396	0.2528	13.4667	13.3055
2.3910	2.0391	0.2564	13.3884	13.3046
2.3915	2.0392	0.2561	13.3919	13.2827
2.3920	2.0390	0.2548	13.4907	13.2551
2.3925	2.0392	0.2583	13.5162	13.2049
2.3930	2.0389	0.2563	13.4381	13.1707
2.3935	2.0389	0.2606	13.4395	13.1540
2.3940	2.0389	0.2563	13.5417	13.1253
2.3945	2.0387	0.2624	13.5749	13.1333
2.3950	2.0385	0.2570	13.5062	13.1571
2.3955	2.0391	0.2585	13.4731	13.1894
2.3960	2.0387	0.2625	13.5416	13.2189
2.3965	2.0392	0.2605	13.5743	13.2427
2.3970	2.0389	0.2593	13.5314	13.2469
2.3975	2.0390	0.2619	13.5102	13.2338
2.3980	2.0391	0.2577	13.5744	13.2112
2.3985	2.0397	0.2517	13.6148	13.1765
2.3990	2.0395	0.2532	13.5701	13.1464
2.3995	2.0394	0.2555	13.5266	13.1474
2.4000	2.0397	0.2515	13.5755	13.1604
2.4005	2.0399	0.2521	13.6355	13.1683
2.4010	2.0394	0.2551	13.6093	13.1846
2.4015	2.0392	0.2520	13.5495	13.2364
2.4020	2.0391	0.2576	13.5539	13.2547
2.4025	2.0389	0.2635	13.6070	13.2811
2.4030	2.0385	0.2638	13.5940	13.2721
2.4035	2.0390	0.2556	13.5272	13.2444
2.4040	2.0394	0.2543	13.5152	13.2119
2.4045	2.0393	0.2519	13.5560	13.1839
2.4050	2.0401	0.2482	13.5468	13.1557
2.4055	2.0404	0.2446	13.4790	13.1630
2.4060	2.0416	0.2367	13.4629	13.1643
2.4065	2.0417	0.2290	13.5017	13.1863
2.4070	2.0420	0.2223	13.4944	13.1990
2.4075	2.0423	0.2252	13.4186	13.2218
2.4080	2.0422	0.2231	13.3902	13.2095
2.4085	2.0407	0.2396	13.4194	13.2225
2.4090	2.0408	0.2405	13.4274	13.2087
2.4095	2.0409	0.2381	13.3541	13.1853
2.4100	2.0411	0.2357	13.3004	13.1700
2.4105	2.0414	0.2302	13.3135	13.1493
2.4110	2.0415	0.2383	13.3345	13.1436
2.4115	2.0408	0.2451	13.2327	13.1894
2.4120	2.0404	0.2405	13.0860	13.2399
2.4125	2.0400	0.2490	13.1588	13.2703
2.4130	2.0399	0.2487	13.1792	13.2770
2.4135	2.0398	0.2452	13.1133	13.2561
2.4140	2.0400	0.2528	13.0529	13.2189
2.4145	2.0391	0.2507	13.0660	13.1725
2.4150	2.0390	0.2596	12.9931	13.1367
2.4155	2.0397	0.2505	12.8414	13.0976
2.4160	2.0388	0.2589	12.7427	13.0738
2.4165	2.0377	0.2700	12.7026	13.0987
2.4170	2.0365	0.2841	12.7664	13.1330
2.4175	2.0368	0.2837	12.7667	13.1632
2.4180	2.0365	0.2879	12.7268	13.1824
2.4185	2.0368	0.2819	12.7600	13.1867
2.4190	2.0378	0.2741	12.8233	13.1840
2.4195	2.0382	0.2670	12.8205	13.1538
2.4200	2.0391	0.2625	12.7791	13.1136
2.4205	2.0397	0.2554	12.7958	13.0919
2.4210	2.0402	0.2508	12.8591	13.0786
2.4215	2.0403	0.2460	12.8774	13.0956
2.4220	2.0401	0.2438	12.8381	13.1287
2.4225	2.0399	0.2466	12.8381	13.1785
2.4230	2.0399	0.2494	12.9063	13.2104
2.4235	2.0393	0.2520	12.9503	13.2448
2.4240	2.0396	0.2568	12.9216	13.2679
2.4245	2.0395	0.2549	12.9023	13.2660
2.4250	2.0393	0.2582	12.9568	13.2581
2.4255	2.0393	0.2573	13.0130	13.2223
2.4260	2.0394	0.2524	12.9952	13.1956
2.4265	2.0395	0.2555	12.9670	13.1671
2.4270	2.0390	0.2617	13.0123	13.1620
2.4275	2.0383	0.2654	13.0744	13.1871
2.4280	2.0385	0.2654	13.0624	13.2225
2.4285	2.0384	0.2623	13.0242	13.2402
2.4290	2.0385	0.2643	13.0601	13.2521
2.4295	2.0391	0.2576	13.1364	13.2441
2.4300	2.0389	0.2635	13.1415	13.2179
2.4305	2.0393	0.2576	13.0905	13.1745
2.4310	2.0397	0.2514	13.1158	13.1207
2.4315	2.0395	0.2508	13.2028	13.0984
2.4320	2.0398	0.2510	13.2217	13.1058
2.4325	2.0394	0.2517	13.1589	13.1230
2.4330	2.0390	0.2546	13.1643	13.1538
2.4335	2.0388	0.2612	13.2640	13.2216
2.4340	2.0384	0.2644	13.3051	13.3009
2.4345	2.0384	0.2642	13.2413	13.3318
2.4350	2.0390	0.2632	13.2176	13.3287
2.4355	2.0383	0.2612	13.3045	13.3090
2.4360	2.0391	0.2611	13.3578	13.2713
2.4365	2.0388	0.2594	13.3025	13.2369
2.4370	2.0393	0.2593	13.2593	13.2123
2.4375	2.0396	0.2490	13.3285	13.2043
2.4380	2.0397	0.2472	13.3905	13.2025
2.4385	2.0397	0.2509	13.3355	13.2123
2.4390	2.0405	0.2434	13.2754	13.2449
2.4395	2.0412	0.2361	13.3344	13.2709
2.4400	2.0413	0.2316	13.4112	13.2687
2.4405	2.0417	0.2315	13.3801	13.2663
2.4410	2.0424	0.2195	13.3128	13.2338
2.4415	2.0427	0.2189	13.3417	13.1967
2.4420	2.0428	0.2222	13.4332	13.1747
2.4425	2.0429	0.2186	13.4316	13.1756
2.4430	2.0432	0.2180	13.3538	13.1899
2.4435	2.0434	0.2091	13.3664	13.2053
2.4440	2.0432	0.2147	13.4575	13.2034
2.4445	2.0435	0.2168	13.4816	13.2114
2.4450	2.0429	0.2154	13.4122	13.2156
2.4455	2.0422	0.2231	13.3888	13.2024
2.4460	2.0419	0.2343	13.4623	13.2030
2.4465	2.0422	0.2222	13.5007	13.2023
2.4470	2.0427	0.2206	13.4403	13.2040
2.4475	2.0427	0.2195	13.4008	13.2395
2.4480	2.0424	0.2198	13.4538	13.2311
2.4485	2.0424	0.2207	13.5012	13.2487
2.4490	2.0422	0.2175	13.4449	13.2653
2.4495	2.0425	0.2213	13.3850	13.2719
2.4500	2.0424	0.2208	13.4007	13.2835
2.4505	2.0426	0.2217	13.2538	13.2863
2.4510	2.0415	0.2349	13.1651	13.2609
2.4515	2.0408	0.2378	13.1107	13.2545
2.4520	2.0418	0.2304	13.1495	13.2296
2.4525	2.0419	0.2237	13.2248	13.1976
2.4530	2.0428	0.2180	13.2127	13.1727
2.4535	2.0420	0.2232	13.1807	13.1676
2.4540	2.0424	0.2186	13.2233	13.1811
2.4545	2.0431	0.2152	13.2908	13.2008
2.4550	2.0429	0.2150	13.2861	13.2247
2.4555	2.0429	0.2172	13.2406	13.2575
2.4560	2.0432	0.2152	13.2773	13.2733
2.4565	2.0431	0.2166	13.3621	13.2789
2.4570	2.0425	0.2206	13.3778	13.2894
2.4575	2.0421	0.2222	13.3289	13.2879
2.4580	2.0416	0.2296	13.3438	13.2830
2.4585	2.0412	0.2354	13.4210	13.2781
2.4590	2.0414	0.2322	13.4417	13.2779
2.4595	2.0418	0.2255	13.3983	13.2565
2.4600	2.0415	0.2294	13.3976	13.2421
2.4605	2.0417	0.2313	13.4596	13.2195
2.4610	2.0420	0.2207	13.4772	13.2145
2.4615	2.0427	0.2189	13.4259	13.2104
2.4620	2.0426	0.2169	13.4238	13.2096
2.4625	2.0428	0.2191	13.5015	13.2138
2.4630	2.0432	0.2199	13.5371	13.2122
2.4635	2.0430	0.2163	13.4853	13.2425
2.4640	2.0429	0.2124	13.4635	13.2588
2.4645	2.0433	0.2113	13.5241	13.2649
2.4650	2.0427	0.2160	13.5579	13.2558
2.4655	2.0423	0.2202	13.5022	13.2376
2.4660	2.0420	0.2251	13.4742	13.2229
2.4665	2.0419	0.2290	13.5320	13.2007
2.4670	2.0415	0.2247	13.5769	13.1780
2.4675	2.0411	0.2321	13.5342	13.1573
2.4680	2.0409	0.2363	13.4857	13.1442
2.4685	2.0411	0.2377	13.5251	13.1495
2.4690	2.0406	0.2431	13.5844	13.1597
2.4695	2.0401	0.2423	13.5548	13.1825
2.4700	2.0399	0.2466	13.4873	13.1935
2.4705	2.0397	0.2513	13.4970	13.1967
2.4710	2.0394	0.2521	13.5551	13.1929
2.4715	2.0401	0.2497	13.5462	13.1779
2.4720	2.0397	0.2472	13.4811	13.1601
2.4725	2.0396	0.2496	13.4630	13.1525
2.4730	2.0391	0.2510	13.5077	13.1539
2.4735	2.0393	0.2579	13.4930	13.1674
2.4740	2.0388	0.2537	13.4178	13.1878
2.4745	2.0395	0.2525	13.3933	13.2069
2.4750	2.0404	0.2497	13.4379	13.2184
2.4755	2.0401	0.2454	13.4217	13.2149
2.4760	2.0396	0.2522	13.3518	13.2151
2.4765	2.0394	0.2547	13.3138	13.2078
2.4770	2.0393	0.2605	13.3492	13.2143
2.4775	2.0385	0.2615	13.3336	13.2367
2.4780	2.0385	0.2574	13.2743	13.2328
2.4785	2.0388	0.2646	13.2139	13.2534
2.4790	2.0380	0.2649	13.2585	13.2650
2.4795	2.0373	0.2779	13.1603	13.2827
2.4800	2.0368	0.2858	13.0904	13.3055
2.4805	2.0363	0.2840	13.1082	13.3241
2.4810	2.0358	0.2956	13.0961	13.3266
2.4815	2.0352	0.2950	13.1120	13.3093
2.4820	2.0351	0.3018	13.0759	13.2874
2.4825	2.0361	0.2916	13.0423	13.2489
2.4830	2.0362	0.2921	13.0295	13.2246
2.4835	2.0363	0.2894	12.9906	13.1962
2.4840	2.0366	0.2799	12.9418	13.2013
2.4845	2.0367	0.2810	12.8656	13.2160
2.4850	2.0376	0.2815	12.6493	13.2426
2.4855	2.0379	0.2680	12.7064	13.2713
2.4860	2.0380	0.2711	12.7133	13.2948
2.4865	2.0382	0.2691	12.7071	13.3001
2.4870	2.0387	0.2688	12.7139	13.3277
2.4875	2.0399	0.2498	12.7522	13.3218
2.4880	2.0396	0.2490	12.7699	13.2825
2.4885	2.0401	0.2474	12.7661	13.2571
2.4890	2.0411	0.2360	12.7680	13.2422
2.4895	2.0429	0.2181	12.7986	13.2239
2.4900	2.0452	0.1983	12.8300	13.1972
2.4905	2.0449	0.1955	12.8162	13.1785
2.4910	2.0449	0.1948	12.8207	13.2057
2.4915	2.0453	0.1910	12.8624	13.2298
2.4920	2.0455	0.1918	12.8844	13.2740
2.4925	2.0465	0.1835	12.8858	13.2780
2.4930	2.0453	0.1865	12.8901	13.2656
2.4935	2.0453	0.1935	12.9159	13.2534
2.4940	2.0457	0.1847	12.9392	13.2358
2.4945	2.0450	0.1928	12.9451	13.2169
2.4950	2.0440	0.2063	12.9536	13.2250
2.4955	2.0436	0.2092	12.9761	13.2444
2.4960	2.0442	0.2023	12.9976	13.2676
2.4965	2.0442	0.2083	12.9981	13.2910
2.4970	2.0445	0.1992	12.9999	13.2899
2.4975	2.0441	0.2043	13.0389	13.2722
2.4980	2.0437	0.2070	13.0718	13.2737
2.4985	2.0431	0.2160	13.0715	13.2729
2.4990	2.0426	0.2207	13.0690	13.2667
2.4995	2.0417	0.2328	13.1021	13.2772
2.5000	2.0414	0.2343	13.1435	13.2954
2.5005	2.0411	0.2328	13.1508	13.2999
2.5010	2.0411	0.2363	13.1404	13.2923
2.5015	2.0408	0.2385	13.1547	13.2927
2.5020	2.0417	0.2302	13.1968	13.2857
2.5025	2.0426	0.2170	13.2048	13.2782
2.5030	2.0422	0.2210	13.1951	13.2634
2.5035	2.0419	0.2249	13.2038	13.2805
2.5040	2.0427	0.2205	13.2398	13.2886
2.5045	2.0427	0.2188	13.2584	13.3096
2.5050	2.0433	0.2110	13.2512	13.3173
2.5055	2.0437	0.2097	13.2517	13.3037
2.5060	2.0426	0.2193	13.2792	13.2857
2.5065	2.0424	0.2184	13.2931	13.2746
2.5070	2.0419	0.2342	13.2863	13.2648
2.5075	2.0418	0.2245	13.2792	13.2623
2.5080	2.0421	0.2259	13.3032	13.2687
2.5085	2.0418	0.2252	13.3170	13.2740
2.5090	2.0424	0.2258	13.3038	13.2798
2.5095	2.0420	0.2218	13.3044	13.2875
2.5100	2.0417	0.2235	13.3371	13.2988
2.5105	2.0417	0.2293	13.3724	13.3123
2.5110	2.0414	0.2282	13.3702	13.3054
2.5115	2.0415	0.2260	13.3462	13.2940
2.5120	2.0415	0.2293	13.3700	13.2628
2.5125	2.0409	0.2371	13.4050	13.2291
2.5130	2.0403	0.2409	13.3981	13.1996
2.5135	2.0398	0.2437	13.3623	13.1894
2.5140	2.0393	0.2521	13.3698	13.1835
2.5145	2.0398	0.2541	13.4123	13.1935
2.5150	2.0393	0.2536	13.4176	13.1967
2.5155	2.0392	0.2587	13.3706	13.2156
2.5160	2.0393	0.2539	13.3724	13.2326
2.5165	2.0387	0.2560	13.4038	13.2544
2.5170	2.0387	0.2573	13.4254	13.2616
2.5175	2.0389	0.2564	13.3049	13.2798
2.5180	2.0393	0.2538	13.0725	13.2885
2.5185	2.0396	0.2531	13.0721	13.2882
2.5190	2.0395	0.2566	13.0896	13.2881
2.5195	2.0385	0.2587	13.0788	13.2866
2.5200	2.0391	0.2653	13.0880	13.2910
2.5205	2.0387	0.2606	13.1591	13.2902
2.5210	2.0390	0.2599	13.1898	13.2832
2.5215	2.0393	0.2598	13.1682	13.2740
2.5220	2.0389	0.2640	13.1703	13.2561
2.5225	2.0385	0.2609	13.2169	13.2451
2.5230	2.0385	0.2604	13.2597	13.2368
2.5235	2.0386	0.2561	13.2343	13.2245
2.5240	2.0389	0.2608	13.2290	13.2290
2.5245	2.0392	0.2531	13.2876	13.2127
2.5250	2.0404	0.2460	13.3364	13.2295
2.5255	2.0407	0.2407	13.3165	13.2110
2.5260	2.0410	0.2357	13.2951	13.2127
2.5265	2.0419	0.2343	13.3464	13.1944
2.5270	2.0423	0.2257	13.4082	13.1636
2.5275	2.0427	0.2258	13.3847	13.1547
2.5280	2.0429	0.2230	13.3419	13.1580
2.5285	2.0429	0.2148	13.3838	13.1517
2.5290	2.0425	0.2160	13.4508	13.1593
2.5295	2.0429	0.2172	13.4591	13.1656
2.5300	2.0433	0.2110	13.4113	13.2019
2.5305	2.0439	0.2107	13.4176	13.2192
2.5310	2.0443	0.1975	13.4860	13.2037
2.5315	2.0442	0.1995	13.5116	13.2056
2.5320	2.0435	0.2103	13.4563	13.2011
2.5325	2.0438	0.2140	13.4323	13.2171
2.5330	2.0429	0.2196	13.4980	13.2364
2.5335	2.0437	0.2107	13.5343	13.2494
2.5340	2.0445	0.2024	13.4860	13.2355
2.5345	2.0449	0.1977	13.4529	13.2058
2.5350	2.0447	0.1961	13.5078	13.1672
2.5355	2.0457	0.1918	13.5525	13.1219
2.5360	2.0460	0.1811	13.5126	13.0975
2.5365	2.0460	0.1831	13.4611	13.0678
2.5370	2.0459	0.1894	13.4950	13.0722
2.5375	2.0451	0.1861	13.5543	13.1041
2.5380	2.0457	0.1921	13.5258	13.1557
2.5385	2.0451	0.1891	13.4622	13.2013
2.5390	2.0450	0.1901	13.4885	13.2370
2.5395	2.0461	0.1822	13.5402	13.2478
2.5400	2.0460	0.1802	13.5143	13.2302
2.5405	2.0470	0.1732	13.4384	13.1919
2.5410	2.0471	0.1735	13.4295	13.1694
2.5415	2.0474	0.1704	13.4873	13.1512
2.5420	2.0475	0.1721	13.4870	13.1566
2.5425	2.0461	0.1753	13.4029	13.1977
2.5430	2.0457	0.1877	13.3576	13.2555
2.5435	2.0452	0.1882	13.4031	13.3064
2.5440	2.0448	0.1932	13.4215	13.3365
2.5445	2.0449	0.1933	13.3489	13.3200
2.5450	2.0448	0.1939	13.2849	13.2774
2.5455	2.0440	0.2062	13.3201	13.2189
2.5460	2.0433	0.2083	13.3394	13.1635
2.5465	2.0429	0.2173	13.2672	13.1367
2.5470	2.0421	0.2238	13.2035	13.1387
2.5475	2.0418	0.2270	13.2220	13.1605
2.5480	2.0401	0.2395	13.2396	13.2007
2.5485	2.0406	0.2439	13.1890	13.2370
2.5490	2.0400	0.2452	13.1282	13.2515
2.5495	2.0395	0.2567	13.0486	13.2328
2.5500	2.0394	0.2559	13.0785	13.2078
2.5505	2.0391	0.2535	13.1151	13.1552
2.5510	2.0386	0.2666	13.0460	13.0892
2.5515	2.0384	0.2639	12.9948	13.0635
2.5520	2.0384	0.2602	13.0033	13.0368
2.5525	2.0388	0.2635	13.0235	13.0523
2.5530	2.0391	0.2625	12.9449	13.1189
2.5535	2.0392	0.2582	12.8666	13.1744
2.5540	2.0396	0.2518	12.8224	13.2303
2.5545	2.0395	0.2528	12.7398	13.2670
2.5550	2.0394	0.2549	12.7436	13.3073
2.5555	2.0398	0.2486	12.6870	13.3174
2.5560	2.0393	0.2547	12.7383	13.2842
2.5565	2.0388	0.2607	12.8207	13.2483
2.5570	2.0390	0.2578	12.8067	13.2187
2.5575	2.0386	0.2582	12.7406	13.1904
2.5580	2.0384	0.2593	12.7848	13.1897
2.5585	2.0385	0.2651	12.8797	13.2066
2.5590	2.0384	0.2648	12.8857	13.2105
2.5595	2.0386	0.2643	12.8163	13.2381
2.5600	2.0387	0.2593	12.8318	13.2357
2.5605	2.0392	0.2614	12.9384	13.2323
2.5610	2.0390	0.2543	12.9663	13.2327
2.5615	2.0394	0.2540	12.8969	13.2303
2.5620	2.0401	0.2537	12.8907	13.2188
2.5625	2.0402	0.2477	12.9806	13.2210
2.5630	2.0408	0.2384	13.0230	13.2252
2.5635	2.0414	0.2344	12.9757	13.2381
2.5640	2.0414	0.2384	12.9651	13.2448
2.5645	2.0405	0.2397	13.0394	13.2597
2.5650	2.0410	0.2385	13.0834	13.2733
2.5655	2.0407	0.2407	13.0395	13.2707
2.5660	2.0405	0.2380	13.0228	13.2912
2.5665	2.0408	0.2401	13.0975	13.2729
2.5670	2.0400	0.2449	13.1562	13.2647
2.5675	2.0391	0.2575	13.1150	13.2462
2.5680	2.0390	0.2622	13.0803	13.2550
2.5685	2.0395	0.2576	13.1468	13.2575
2.5690	2.0403	0.2554	13.2130	13.2634
2.5695	2.0401	0.2449	13.1940	13.2561
2.5700	2.0393	0.2513	13.1522	13.2435
2.5705	2.0391	0.2628	13.2013	13.2295
2.5710	2.0381	0.2620	13.2832	13.2271
2.5715	2.0382	0.2654	13.2727	13.2154
2.5720	2.0391	0.2622	13.2114	13.2094
2.5725	2.0407	0.2457	13.2410	13.1711
2.5730	2.0417	0.2248	13.3226	13.1385
2.5735	2.0425	0.2245	13.3232	13.1106
2.5740	2.0440	0.2073	13.2667	13.0973
2.5745	2.0440	0.2049	13.2695	13.0965
2.5750	2.0433	0.2128	13.3349	13.1077
2.5755	2.0427	0.2211	13.3595	13.1488
2.5760	2.0423	0.2232	13.3114	13.1908
2.5765	2.0439	0.2073	13.2989	13.2130
2.5770	2.0447	0.2003	13.3572	13.2110
2.5775	2.0446	0.1987	13.3936	13.1938
2.5780	2.0446	0.1986	13.3572	13.1605
2.5785	2.0440	0.2006	13.3335	13.1291
2.5790	2.0442	0.2024	13.3881	13.1311
2.5795	2.0450	0.1946	13.4383	13.1447
2.5800	2.0451	0.1918	13.3957	13.1562
2.5805	2.0445	0.1899	13.3617	13.1711
2.5810	2.0450	0.1933	13.4094	13.1914
2.5815	2.0442	0.2011	13.4692	13.2026
2.5820	2.0439	0.2009	13.4343	13.2075
2.5825	2.0446	0.1976	13.4004	13.2077
2.5830	2.0443	0.2018	13.4225	13.1974
2.5835	2.0452	0.1956	13.4778	13.2149
2.5840	2.0455	0.1916	13.1553	13.2044
2.5845	2.0451	0.1867	12.9046	13.2067
2.5850	2.0451	0.1929	12.9664	13.1950
2.5855	2.0452	0.1951	13.0357	13.2029
2.5860	2.0454	0.1891	13.0514	13.2148
2.5865	2.0440	0.1958	13.0257	13.2184
2.5870	2.0446	0.2027	13.0759	13.2274
2.5875	2.0442	0.2028	13.1475	13.2274
2.5880	2.0437	0.2046	13.1644	13.2189
2.5885	2.0443	0.2028	13.1310	13.1978
2.5890	2.0435	0.2083	13.1578	13.1618
2.5895	2.0433	0.2095	13.2245	13.1503
2.5900	2.0440	0.2105	13.2485	13.1382
2.5905	2.0435	0.2095	13.2079	13.1308
2.5910	2.0432	0.2137	13.2336	13.1462
2.5915	2.0433	0.2096	13.3042	13.1670
2.5920	2.0425	0.2266	13.3301	13.1953
2.5925	2.0416	0.2298	13.2856	13.2287
2.5930	2.0419	0.2290	13.2937	13.2319
2.5935	2.0416	0.2295	13.3722	13.2348
2.5940	2.0416	0.2325	13.4140	13.2132
2.5945	2.0408	0.2360	13.3665	13.1950
2.5950	2.0407	0.2366	13.3497	13.1721
2.5955	2.0403	0.2417	13.4276	13.1629
2.5960	2.0398	0.2487	13.4959	13.1479
2.5965	2.0394	0.2537	13.4517	13.1573
2.5970	2.0385	0.2632	13.3947	13.1628
2.5975	2.0382	0.2685	13.4486	13.1822
2.5980	2.0376	0.2667	13.5357	13.1910
2.5985	2.0374	0.2798	13.5214	13.1911
2.5990	2.0376	0.2756	13.4558	13.1793
2.5995	2.0372	0.2792	13.4812	13.1594
2.6000	2.0368	0.2812	13.5510	13.1489
2.6005	2.0374	0.2765	13.5519	13.1425
2.6010	2.0370	0.2809	13.4927	13.1467
2.6015	2.0370	0.2873	13.4968	13.1498
2.6020	2.0368	0.2838	13.5619	13.1789
2.6025	2.0370	0.2814	13.5758	13.2287
2.6030	2.0378	0.2746	13.5109	13.2474
2.6035	2.0384	0.2676	13.4976	13.2030
2.6040	2.0387	0.2575	13.5622	13.1908
2.6045	2.0396	0.2490	13.5942	13.1659
2.6050	2.0404	0.2427	13.5274	13.1330
2.6055	2.0405	0.2440	13.5016	13.1415
2.6060	2.0406	0.2446	13.5715	13.2015
2.6065	2.0404	0.2413	13.6006	13.2556
2.6070	2.0403	0.2393	13.5292	13.3104
2.6075	2.0408	0.2396	13.4742	13.3328
2.6080	2.0410	0.2360	13.5227	13.3376
2.6085	2.0408	0.2363	13.5634	13.3353
2.6090	2.0415	0.2360	13.5037	13.2765
2.6095	2.0409	0.2316	13.4334	13.2268
2.6100	2.0408	0.2317	13.4665	13.2073
2.6105	2.0418	0.2304	13.5029	13.2025
2.6110	2.0420	0.2281	13.4449	13.2189
2.6115	2.0416	0.2322	13.3556	13.2261
2.6120	2.0418	0.2275	13.3707	13.2485
2.6125	2.0420	0.2228	13.4309	13.2668
2.6130	2.0430	0.2148	13.3923	13.2715
2.6135	2.0434	0.2075	13.2716	13.2723
2.6140	2.0443	0.2017	13.2631	13.2482
2.6145	2.0449	0.1978	13.3339	13.2355
2.6150	2.0449	0.1903	13.3181	13.2168
2.6155	2.0439	0.2051	13.1997	13.2328
2.6160	2.0432	0.2110	13.1698	13.2572
2.6165	2.0440	0.2020	13.2262	13.2831
2.6170	2.0444	0.1971	13.2313	13.3065
2.6175	2.0442	0.2003	12.9683	13.3188
2.6180	2.0444	0.2024	12.8525	13.3043
2.6185	2.0437	0.2090	12.9622	13.2756
2.6190	2.0430	0.2180	12.9859	13.2509
2.6195	2.0429	0.2198	12.8868	13.2205
2.6200	2.0433	0.2186	12.8262	13.1943
2.6205	2.0436	0.2072	12.9162	13.1798
2.6210	2.0441	0.2087	12.9862	13.1682
2.6215	2.0440	0.2045	12.8955	13.1870
2.6220	2.0438	0.2071	12.8078	13.1976
2.6225	2.0445	0.1997	12.8236	13.2237
2.6230	2.0447	0.1939	12.8417	13.2953
2.6235	2.0458	0.1875	12.8243	13.3222
2.6240	2.0458	0.1845	12.7221	13.3271
2.6245	2.0449	0.1937	12.7571	13.3093
2.6250	2.0447	0.1959	12.8787	13.2857
2.6255	2.0439	0.2024	12.9092	13.2534
2.6260	2.0440	0.2057	12.8104	13.2377
2.6265	2.0438	0.2008	12.8061	13.2206
2.6270	2.0444	0.2053	12.9310	13.2271
2.6275	2.0440	0.2036	12.9835	13.2250
2.6280	2.0434	0.2116	12.8862	13.2315
2.6285	2.0433	0.2091	12.8621	13.2420
2.6290	2.0439	0.2031	12.9829	13.2529
2.6295	2.0443	0.1998	13.0585	13.2642
2.6300	2.0447	0.1983	12.9807	13.2560
2.6305	2.0446	0.1982	12.9262	13.2469
2.6310	2.0437	0.2007	13.0369	13.2294
2.6315	2.0440	0.2034	13.1376	13.2229
2.6320	2.0437	0.1986	13.0605	13.2022
2.6325	2.0433	0.2089	12.9801	13.2108
2.6330	2.0423	0.2196	13.0750	13.2324
2.6335	2.0419	0.2301	13.1901	13.2511
2.6340	2.0418	0.2304	13.1369	13.2575
2.6345	2.0418	0.2279	13.0518	13.2728
2.6350	2.0416	0.2337	13.1348	13.2650
2.6355	2.0413	0.2295	13.2637	13.2567
2.6360	2.0410	0.2393	13.2318	13.2484
2.6365	2.0415	0.2357	13.1268	13.2565
2.6370	2.0408	0.2381	13.1807	13.2596
2.6375	2.0406	0.2368	13.3157	13.2885
2.6380	2.0408	0.2383	13.3102	13.3073
2.6385	2.0401	0.2503	13.2027	13.3277
2.6390	2.0394	0.2541	13.2265	13.3317
2.6395	2.0389	0.2603	13.3688	13.3266
2.6400	2.0389	0.2668	13.3818	13.3091
2.6405	2.0385	0.2649	13.2602	13.2742
2.6410	2.0383	0.2685	13.2503	13.2333
2.6415	2.0379	0.2729	13.3837	13.1904
2.6420	2.0377	0.2730	13.4293	13.1613
2.6425	2.0377	0.2697	13.3241	13.1508
2.6430	2.0369	0.2800	13.2775	13.1452
2.6435	2.0373	0.2763	13.3848	13.1583
2.6440	2.0368	0.2769	13.4526	13.1640
2.6445	2.0371	0.2788	13.3539	13.1773
2.6450	2.0366	0.2789	13.2924	13.1821
2.6455	2.0366	0.2838	13.4001	13.1851
2.6460	2.0366	0.2853	13.4960	13.1738
2.6465	2.0366	0.2777	13.4137	13.1501
2.6470	2.0371	0.2812	13.3314	13.1450
2.6475	2.0372	0.2738	13.4128	13.1257
2.6480	2.0375	0.2754	13.5222	13.1147
2.6485	2.0376	0.2703	13.4636	13.1121
2.6490	2.0377	0.2722	13.3759	13.1158
2.6495	2.0377	0.2727	13.4055	13.1318
2.6500	2.0381	0.2673	13.5435	13.1866
2.6505	2.0386	0.2680	13.4421	13.2387
2.6510	2.0383	0.2614	13.3387	13.2354
2.6515	2.0391	0.2640	13.4011	13.2356
2.6520	2.0383	0.2674	13.4636	13.2311
2.6525	2.0391	0.2540	13.4662	13.2216
2.6530	2.0391	0.2589	13.3867	13.2115
2.6535	2.0395	0.2532	13.3765	13.2043
2.6540	2.0398	0.2540	13.4482	13.2012
2.6545	2.0393	0.2576	13.4737	13.2131
2.6550	2.0393	0.2558	13.3868	13.2236
2.6555	2.0389	0.2609	13.3407	13.2438
2.6560	2.0396	0.2526	13.3982	13.2389
2.6565	2.0401	0.2408	13.4075	13.2250
2.6570	2.0405	0.2429	13.2932	13.2122
2.6575	2.0414	0.2366	13.1847	13.1907
2.6580	2.0410	0.2353	13.1998	13.1926
2.6585	2.0411	0.2338	13.2915	13.1932
2.6590	2.0427	0.2196	13.2419	13.2097
2.6595	2.0427	0.2204	13.1948	13.2128
2.6600	2.0427	0.2175	13.2573	13.2454
2.6605	2.0437	0.2111	13.3698	13.2841
2.6610	2.0445	0.1980	13.3554	13.2888
2.6615	2.0451	0.1873	13.2852	13.2839
2.6620	2.0452	0.1929	13.3253	13.2628
2.6625	2.0456	0.1832	13.4298	13.2562
2.6630	2.0452	0.1897	13.4349	13.2503
2.6635	2.0450	0.1968	13.3583	13.2337
2.6640	2.0454	0.1894	13.3593	13.2195
2.6645	2.0447	0.1943	13.4647	13.1921
2.6650	2.0439	0.2007	13.5034	13.1913
2.6655	2.0442	0.2042	13.4203	13.1919
2.6660	2.0433	0.2100	13.3932	13.1986
2.6665	2.0438	0.2056	13.4920	13.1868
2.6670	2.0441	0.1972	13.5465	13.1929
2.6675	2.0449	0.1992	13.4697	13.1626
2.6680	2.0444	0.2011	13.4203	13.1494
2.6685	2.0441	0.2050	13.4962	13.1503
2.6690	2.0438	0.2039	13.5600	13.1269
2.6695	2.0443	0.2012	13.5069	13.1386
2.6700	2.0438	0.2024	13.4420	13.1458
2.6705	2.0428	0.2138	13.5049	13.1504
2.6710	2.0430	0.2164	13.5865	13.1538
2.6715	2.0422	0.2258	13.5293	13.1705
2.6720	2.0418	0.2340	13.4438	13.1620
2.6725	2.0420	0.2307	13.4941	13.1642
2.6730	2.0439	0.2105	13.5884	13.1638
2.6735	2.0441	0.2040	13.5390	13.1626
2.6740	2.0433	0.2009	13.4396	13.1750
2.6745	2.0442	0.2051	13.4762	13.2143
2.6750	2.0437	0.2054	13.5691	13.2390
2.6755	2.0430	0.2125	13.5349	13.2802
2.6760	2.0429	0.2153	13.4283	13.3208
2.6765	2.0432	0.2135	13.4214	13.3321
2.6770	2.0430	0.2145	13.5121	13.3478
2.6775	2.0422	0.2189	13.4977	13.3361
2.6780	2.0424	0.2240	13.3821	13.3105
2.6785	2.0420	0.2271	13.3552	13.2698
2.6790	2.0419	0.2252	13.4368	13.2532
2.6795	2.0425	0.2230	13.4371	13.2264
2.6800	2.0424	0.2228	13.3332	13.2201
2.6805	2.0428	0.2203	13.2919	13.2296
2.6810	2.0423	0.2192	13.3441	13.2701
2.6815	2.0425	0.2173	13.3508	13.3135
2.6820	2.0433	0.2166	13.2557	13.3454
2.6825	2.0422	0.2257	13.2000	13.3697
2.6830	2.0418	0.2304	13.2460	13.3714
2.6835	2.0412	0.2335	13.2885	13.3617
2.6840	2.0411	0.2361	13.2024	13.3293
2.6845	2.0405	0.2386	13.1073	13.2785
2.6850	2.0407	0.2418	13.1128	13.2319
2.6855	2.0409	0.2410	13.1978	13.2100
2.6860	2.0402	0.2451	12.9551	13.2118
2.6865	2.0397	0.2458	12.6245	13.2030
2.6870	2.0399	0.2540	12.6334	13.2118
2.6875	2.0388	0.2597	12.7531	13.2441
2.6880	2.0394	0.2570	12.7180	13.2593
2.6885	2.0394	0.2534	12.6183	13.2702
2.6890	2.0394	0.2552	12.6591	13.2572
2.6895	2.0395	0.2540	12.7757	13.2363
2.6900	2.0396	0.2503	12.7849	13.1942
2.6905	2.0401	0.2472	12.6767	13.1543
2.6910	2.0406	0.2439	12.6951	13.1215
2.6915	2.0408	0.2365	12.8290	13.1288
2.6920	2.0408	0.2339	12.8539	13.1391
2.6925	2.0408	0.2414	12.7514	13.1687
2.6930	2.0409	0.2348	12.7293	13.1846
2.6935	2.0411	0.2390	12.8649	13.1975
2.6940	2.0409	0.2352	12.9301	13.2052
2.6945	2.0407	0.2395	12.8296	13.1978
2.6950	2.0405	0.2325	12.7842	13.1888
2.6955	2.0410	0.2373	12.9157	13.1602
2.6960	2.0406	0.2386	12.9958	13.1421
2.6965	2.0411	0.2392	12.9169	13.1447
2.6970	2.0414	0.2327	12.8599	13.1448
2.6975	2.0413	0.2295	12.9603	13.1559
2.6980	2.0416	0.2295	13.0651	13.1965
2.6985	2.0424	0.2278	13.0135	13.2209
2.6990	2.0427	0.2186	12.9338	13.2510
2.6995	2.0428	0.2175	13.0015	13.2597
2.7000	2.0434	0.2139	13.1149	13.2539
2.7005	2.0439	0.2041	13.0874	13.2380
2.7010	2.0448	0.1930	13.0026	13.2143
2.7015	2.0439	0.2033	13.0522	13.1822
2.7020	2.0438	0.2060	13.1736	13.2202
2.7025	2.0442	0.2046	13.1689	13.2257
2.7030	2.0448	0.1947	13.0771	13.2454
2.7035	2.0443	0.1985	13.1035	13.2594
2.7040	2.0442	0.1975	13.2240	13.2752
2.7045	2.0432	0.2095	13.2438	13.2837
2.7050	2.0436	0.2087	13.1640	13.2957
2.7055	2.0430	0.2154	13.1703	13.2947
2.7060	2.0434	0.2092	13.2781	13.2798
2.7065	2.0439	0.2071	13.3136	13.2444
2.7070	2.0447	0.1974	13.2475	13.2018
2.7075	2.0443	0.1992	13.2246	13.1500
2.7080	2.0436	0.2111	13.3235	13.1322
2.7085	2.0428	0.2104	13.3740	13.1372
2.7090	2.0425	0.2192	13.3015	13.1595
2.7095	2.0426	0.2197	13.2622	13.1743
2.7100	2.0422	0.2192	13.3474	13.1910
2.7105	2.0412	0.2299	13.4065	13.1901
2.7110	2.0416	0.2318	13.3421	13.1818
2.7115	2.0414	0.2325	13.2932	13.1603
2.7120	2.0414	0.2347	13.3755	13.1345
2.7125	2.0411	0.2326	13.4465	13.1255
2.7130	2.0401	0.2435	13.3847	13.1139
2.7135	2.0411	0.2400	13.3116	13.1131
2.7140	2.0403	0.2431	13.3765	13.1265
2.7145	2.0398	0.2478	13.4656	13.1759
2.7150	2.0403	0.2419	13.4311	13.2162
2.7155	2.0397	0.2493	13.3537	13.2174
2.7160	2.0398	0.2519	13.4000	13.1805
2.7165	2.0398	0.2470	13.4871	13.1704
2.7170	2.0398	0.2491	13.4754	13.1507
2.7175	2.0392	0.2581	13.3787	13.1148
2.7180	2.0392	0.2572	13.4151	13.1004
2.7185	2.0391	0.2545	13.4588	13.0978
2.7190	2.0399	0.2569	13.4322	13.1259
2.7195	2.0396	0.2533	13.4302	13.1491
2.7200	2.0396	0.2554	13.3625	13.1881
2.7205	2.0395	0.2538	13.4163	13.2182
2.7210	2.0396	0.2564	13.4785	13.2357
2.7215	2.0394	0.2561	13.4423	13.2467
2.7220	2.0387	0.2568	13.3453	13.2493
2.7225	2.0388	0.2546	13.3698	13.2325
2.7230	2.0389	0.2608	13.4494	13.1926
2.7235	2.0391	0.2550	13.4394	13.2133
2.7240	2.0396	0.2509	13.3280	13.2127
2.7245	2.0405	0.2448	13.3115	13.2273
2.7250	2.0407	0.2394	13.3713	13.2423
2.7255	2.0422	0.2278	13.3690	13.2594
2.7260	2.0421	0.2216	13.2592	13.2707
2.7265	2.0420	0.2264	13.1496	13.2956
2.7270	2.0422	0.2242	13.2649	13.3077
2.7275	2.0420	0.2207	13.3257	13.2948
2.7280	2.0423	0.2210	13.2237	13.2889
2.7285	2.0414	0.2275	13.1931	13.2992
2.7290	2.0409	0.2338	13.3255	13.2870
2.7295	2.0408	0.2450	13.4247	13.2690
2.7300	2.0401	0.2475	13.3365	13.2453
2.7305	2.0396	0.2528	13.2645	13.2260
2.7310	2.0398	0.2560	13.3737	13.2145
2.7315	2.0400	0.2472	13.4906	13.2015
2.7320	2.0403	0.2472	13.4297	13.1981
2.7325	2.0396	0.2484	13.3247	13.1891
2.7330	2.0397	0.2507	13.3951	13.1847
2.7335	2.0396	0.2528	13.5059	13.1884
2.7340	2.0393	0.2580	13.4626	13.2067
2.7345	2.0396	0.2513	13.3666	13.2055
2.7350	2.0403	0.2449	13.4157	13.2148
2.7355	2.0407	0.2368	13.5431	13.2232
2.7360	2.0423	0.2275	13.5140	13.2249
2.7365	2.0423	0.2181	13.3987	13.2249
2.7370	2.0424	0.2213	13.4270	13.2267
2.7375	2.0423	0.2197	13.5485	13.2483
2.7380	2.0417	0.2295	13.5475	13.2578
2.7385	2.0416	0.2280	13.4267	13.2676
2.7390	2.0414	0.2344	13.4237	13.2681
2.7395	2.0410	0.2360	13.5493	13.2664
2.7400	2.0414	0.2334	13.5707	13.2543
2.7405	2.0412	0.2325	13.4517	13.2229
2.7410	2.0411	0.2325	13.4138	13.1975
2.7415	2.0421	0.2328	13.5324	13.1766
2.7420	2.0418	0.2260	13.5719	13.1588
2.7425	2.0422	0.2281	13.4581	13.1806
2.7430	2.0420	0.2283	13.3946	13.2309
2.7435	2.0416	0.2356	13.4999	13.2656
2.7440	2.0412	0.2353	13.5561	13.3108
2.7445	2.0415	0.2286	13.4366	13.3502
2.7450	2.0418	0.2250	13.3404	13.3486
2.7455	2.0420	0.2286	13.4255	13.3321
2.7460	2.0419	0.2262	13.4991	13.3040
2.7465	2.0417	0.2261	13.3934	13.2808
2.7470	2.0419	0.2277	13.2721	13.2490
2.7475	2.0420	0.2239	13.3349	13.2319
2.7480	2.0420	0.2209	13.4329	13.2395
2.7485	2.0424	0.2232	13.3463	13.2501
2.7490	2.0431	0.2177	13.1991	13.2642
2.7495	2.0440	0.1996	13.2345	13.2783
2.7500	2.0451	0.1902	13.3326	13.2697
2.7505	2.0458	0.1825	13.2791	13.2521
2.7510	2.0465	0.1796	13.1309	13.2253
2.7515	2.0464	0.1714	13.1442	13.2021
2.7520	2.0464	0.1776	13.2217	13.1890
2.7525	2.0468	0.1720	13.2049	13.2023
2.7530	2.0465	0.1727	13.0380	13.2060
2.7535	2.0459	0.1850	13.0586	13.2354
2.7540	2.0457	0.1845	12.9826	13.2691
2.7545	2.0456	0.1900	12.6923	13.2858
2.7550	2.0445	0.1954	12.5746	13.2816
2.7555	2.0436	0.1986	12.5559	13.2611
2.7560	2.0439	0.2017	12.7027	13.2458
2.7565	2.0433	0.2074	12.7340	13.2363
2.7570	2.0437	0.2083	12.6476	13.1922
2.7575	2.0434	0.2095	12.6150	13.1371
2.7580	2.0433	0.2086	12.7376	13.1566
2.7585	2.0438	0.2101	12.7955	13.1709
2.7590	2.0437	0.2102	12.6990	13.2359
2.7595	2.0439	0.2046	12.6505	13.2654
2.7600	2.0432	0.2095	12.7745	13.2876
2.7605	2.0440	0.2099	12.8524	13.2871
2.7610	2.0434	0.2122	12.7707	13.2666
2.7615	2.0430	0.2127	12.7013	13.2237
2.7620	2.0429	0.2216	12.8102	13.1639
2.7625	2.0419	0.2248	12.9166	13.1274
2.7630	2.0417	0.2284	12.8530	13.0992
2.7635	2.0416	0.2357	12.7591	13.0908
2.7640	2.0417	0.2306	12.8460	13.1084
2.7645	2.0410	0.2301	12.9854	13.1172
2.7650	2.0416	0.2290	12.9442	13.1547
2.7655	2.0423	0.2230	12.8294	13.1830
2.7660	2.0430	0.2163	12.8823	13.1933
2.7665	2.0424	0.2178	13.0371	13.1953
2.7670	2.0428	0.2140	13.0380	13.1728
2.7675	2.0426	0.2195	12.9152	13.1547
2.7680	2.0420	0.2215	12.9190	13.1648
2.7685	2.0420	0.2257	13.0759	13.1679
2.7690	2.0418	0.2289	13.1231	13.1797
2.7695	2.0411	0.2337	12.9976	13.2108
2.7700	2.0409	0.2401	12.9648	13.2324
2.7705	2.0402	0.2413	13.1125	13.2481
2.7710	2.0401	0.2478	13.1941	13.2551
2.7715	2.0397	0.2467	13.0865	13.2401
2.7720	2.0398	0.2478	13.0365	13.2130
2.7725	2.0395	0.2529	13.1734	13.1819
2.7730	2.0391	0.2549	13.2664	13.1556
2.7735	2.0392	0.2576	13.1689	13.1327
2.7740	2.0391	0.2560	13.0978	13.1302
2.7745	2.0387	0.2597	13.2121	13.1527
2.7750	2.0384	0.2636	13.3284	13.1732
2.7755	2.0387	0.2620	13.2643	13.1893
2.7760	2.0390	0.2548	13.1659	13.2029
2.7765	2.0399	0.2501	13.2443	13.1965
2.7770	2.0403	0.2464	13.3744	13.1780
2.7775	2.0401	0.2449	13.3226	13.1376
2.7780	2.0405	0.2434	13.1955	13.1087
2.7785	2.0406	0.2408	13.2493	13.0905
2.7790	2.0409	0.2389	13.4004	13.0887
2.7795	2.0406	0.2388	13.3778	13.1132
2.7800	2.0409	0.2394	13.2326	13.1693
2.7805	2.0417	0.2299	13.2478	13.2263
2.7810	2.0416	0.2305	13.4053	13.2796
2.7815	2.0418	0.2264	13.4215	13.3141
2.7820	2.0418	0.2307	13.2799	13.3104
2.7825	2.0415	0.2301	13.2640	13.2813
2.7830	2.0423	0.2204	13.4263	13.2287
2.7835	2.0430	0.2189	13.4788	13.1693
2.7840	2.0426	0.2163	13.3373	13.1101
2.7845	2.0420	0.2200	13.2835	13.0858
2.7850	2.0422	0.2270	13.4349	13.0920
2.7855	2.0418	0.2229	13.5194	13.1144
2.7860	2.0421	0.2277	13.3892	13.1601
2.7865	2.0423	0.2279	13.2885	13.1728
2.7870	2.0429	0.2156	13.4138	13.1739
2.7875	2.0434	0.2115	13.5255	13.1536
2.7880	2.0430	0.2093	13.4312	13.1333
2.7885	2.0432	0.2125	13.2287	13.0884
2.7890	2.0430	0.2145	13.3246	13.0884
2.7895	2.0432	0.2128	13.5037	13.0889
2.7900	2.0432	0.2170	13.4237	13.1090
2.7905	2.0434	0.2175	13.2493	13.1494
2.7910	2.0439	0.2061	13.2950	13.1837
2.7915	2.0442	0.2001	13.4677	13.2105
2.7920	2.0448	0.1986	13.4243	13.2373
2.7925	2.0448	0.1980	13.2343	13.2500
2.7930	2.0448	0.1919	13.2204	13.2464
2.7935	2.0460	0.1919	13.3797	13.2302
2.7940	2.0454	0.1874	13.3805	13.2037
2.7945	2.0450	0.1922	13.1937	13.1934
2.7950	2.0448	0.1942	13.1382	13.2011
2.7955	2.0448	0.1980	13.2876	13.2243
2.7960	2.0455	0.1937	13.3259	13.2520
2.7965	2.0454	0.1908	13.1961	13.2593
2.7970	2.0441	0.2032	13.1494	13.2703
2.7975	2.0441	0.2040	13.3077	13.2754
2.7980	2.0452	0.1949	13.4045	13.2484
2.7985	2.0454	0.1902	13.2859	13.2066
2.7990	2.0456	0.1800	13.2066	13.1623
2.7995	2.0456	0.1886	13.3468	13.1411
2.8000	2.0452	0.1929	13.4690	13.1330
2.8005	2.0441	0.2013	13.3581	13.1626
2.8010	2.0438	0.2029	13.2432	13.1951
2.8015	2.0435	0.2098	13.3642	13.2161
2.8020	2.0431	0.2142	13.5127	13.2575
2.8025	2.0432	0.2166	13.4335	13.2611
2.8030	2.0426	0.2199	13.3016	13.2473
2.8035	2.0417	0.2306	13.3822	13.2179
2.8040	2.0422	0.2313	13.5392	13.2063
2.8045	2.0421	0.2276	13.4797	13.2063
2.8050	2.0421	0.2252	13.3307	13.1892
2.8055	2.0416	0.2295	13.3780	13.1869
2.8060	2.0417	0.2298	13.5461	13.1748
2.8065	2.0419	0.2275	13.5246	13.1846
2.8070	2.0419	0.2268	13.3599	13.1812
2.8075	2.0416	0.2260	13.3587	13.1784
2.8080	2.0419	0.2304	13.5328	13.1583
2.8085	2.0420	0.2267	13.5561	13.1298
2.8090	2.0418	0.2270	13.3872	13.1058
2.8095	2.0420	0.2272	13.3427	13.0820
2.8100	2.0421	0.2242	13.5048	13.0758
2.8105	2.0426	0.2189	13.5681	13.0784
2.8110	2.0425	0.2203	13.4028	13.1041
2.8115	2.0436	0.2106	13.3142	13.1453
2.8120	2.0430	0.2131	13.4453	13.1444
2.8125	2.0428	0.2196	13.5322	13.1691
2.8130	2.0423	0.2234	13.3950	13.1830
2.8135	2.0421	0.2290	13.2813	13.1828
2.8140	2.0415	0.2278	13.3745	13.1791
2.8145	2.0412	0.2297	13.4689	13.1671
2.8150	2.0416	0.2287	13.3572	13.1672
2.8155	2.0419	0.2336	13.2215	13.1691
2.8160	2.0409	0.2324	13.2867	13.1808
2.8165	2.0400	0.2415	13.3884	13.1892
2.8170	2.0401	0.2480	13.3052	13.1998
2.8175	2.0394	0.2539	13.1577	13.2247
2.8180	2.0396	0.2561	13.1859	13.2282
2.8185	2.0392	0.2590	13.2939	13.2366
2.8190	2.0386	0.2586	13.2368	13.2353
2.8195	2.0390	0.2584	13.0811	13.2312
2.8200	2.0390	0.2592	13.0757	13.2023
2.8205	2.0384	0.2594	13.1885	13.2030
2.8210	2.0382	0.2666	13.1389	13.2003
2.8215	2.0384	0.2694	12.5654	13.1955
2.8220	2.0387	0.2652	12.4559	13.2058
2.8225	2.0388	0.2655	12.6295	13.2117
2.8230	2.0390	0.2564	12.6734	13.2050
2.8235	2.0393	0.2566	12.5534	13.1846
2.8240	2.0383	0.2661	12.5135	13.1632
2.8245	2.0384	0.2626	12.6668	13.1453
2.8250	2.0388	0.2605	12.7346	13.1390
2.8255	2.0397	0.2521	12.6246	13.1311
2.8260	2.0397	0.2481	12.5681	13.1262
2.8265	2.0403	0.2462	12.6770	13.1488
2.8270	2.0395	0.2549	12.7877	13.1738
2.8275	2.0400	0.2481	12.6990	13.1851
2.8280	2.0410	0.2449	12.6210	13.1931
2.8285	2.0407	0.2410	12.7229	13.1659
2.8290	2.0406	0.2422	12.8254	13.1387
2.8295	2.0411	0.2375	12.7652	13.1069
2.8300	2.0416	0.2336	12.6849	13.0707
2.8305	2.0419	0.2290	12.7616	13.0577
2.8310	2.0411	0.2359	12.8744	13.0547
2.8315	2.0400	0.2477	12.8582	13.0713
2.8320	2.0390	0.2555	12.7738	13.1069
2.8325	2.0379	0.2699	12.8091	13.1621
2.8330	2.0388	0.2555	12.9275	13.1961
2.8335	2.0397	0.2543	12.9355	13.1905
2.8340	2.0392	0.2511	12.8487	13.1870
2.8345	2.0397	0.2529	12.8540	13.1621
2.8350	2.0393	0.2478	12.9680	13.1272
2.8355	2.0391	0.2555	13.0059	13.1129
2.8360	2.0393	0.2517	12.9331	13.1224
2.8365	2.0396	0.2546	12.9210	13.1603
2.8370	2.0400	0.2459	13.0227	13.1953
2.8375	2.0399	0.2442	13.0755	13.2339
2.8380	2.0399	0.2452	13.0000	13.2759
2.8385	2.0406	0.2413	12.9731	13.2884
2.8390	2.0409	0.2398	13.0855	13.2617
2.8395	2.0412	0.2333	13.1578	13.2228
2.8400	2.0410	0.2390	13.0833	13.1839
2.8405	2.0406	0.2378	13.0337	13.1776
2.8410	2.0408	0.2414	13.1360	13.1766
2.8415	2.0406	0.2402	13.2292	13.1965
2.8420	2.0407	0.2442	13.1682	13.2462
2.8425	2.0401	0.2403	13.1016	13.2884
2.8430	2.0400	0.2418	13.1823	13.3126
2.8435	2.0407	0.2396	13.2810	13.3233
2.8440	2.0404	0.2412	13.2394	13.2813
2.8445	2.0405	0.2428	13.1593	13.2795
2.8450	2.0398	0.2445	13.2172	13.2541
2.8455	2.0405	0.2479	13.3244	13.2153
2.8460	2.0404	0.2440	13.2938	13.1993
2.8465	2.0406	0.2443	13.1920	13.1871
2.8470	2.0404	0.2447	13.2216	13.2006
2.8475	2.0399	0.2462	13.3456	13.2159
2.8480	2.0400	0.2486	13.3463	13.2471
2.8485	2.0399	0.2498	13.2361	13.2676
2.8490	2.0399	0.2437	13.2411	13.2539
2.8495	2.0402	0.2495	13.3572	13.2608
2.8500	2.0398	0.2483	13.3828	13.2417
2.8505	2.0397	0.2527	13.2843	13.2068
2.8510	2.0395	0.2485	13.2650	13.1771
2.8515	2.0403	0.2424	13.3770	13.1724
2.8520	2.0400	0.2500	13.4256	13.1646
2.8525	2.0396	0.2561	13.3380	13.1846
2.8530	2.0395	0.2500	13.2868	13.2005
2.8535	2.0393	0.2573	13.3917	13.2125
2.8540	2.0390	0.2599	13.4591	13.2271
2.8545	2.0388	0.2584	13.3740	13.2212
2.8550	2.0386	0.2651	13.2927	13.2002
2.8555	2.0384	0.2650	13.3836	13.1969
2.8560	2.0383	0.2706	13.4834	13.2028
2.8565	2.0374	0.2723	13.4059	13.2032
2.8570	2.0377	0.2719	13.2898	13.2463
2.8575	2.0374	0.2769	13.3512	13.2653
2.8580	2.0375	0.2720	13.4623	13.2960
2.8585	2.0373	0.2757	13.4007	13.3132
2.8590	2.0372	0.2753	13.1341	13.3059
2.8595	2.0371	0.2797	13.1551	13.2974
2.8600	2.0366	0.2862	13.2978	13.2938
2.8605	2.0364	0.2900	13.2706	13.2871
2.8610	2.0367	0.2855	13.1405	13.2665
2.8615	2.0370	0.2766	13.1585	13.2681
2.8620	2.0369	0.2812	13.3044	13.2808
2.8625	2.0366	0.2805	13.3024	13.2802
2.8630	2.0373	0.2722	13.1610	13.2888
2.8635	2.0383	0.2735	13.1443	13.2961
2.8640	2.0383	0.2644	13.2865	13.2987
2.8645	2.0388	0.2596	13.3269	13.2893
2.8650	2.0397	0.2565	13.2063	13.2815
2.8655	2.0397	0.2533	13.1714	13.2894
2.8660	2.0387	0.2601	13.3082	13.3230
2.8665	2.0384	0.2623	13.3926	13.3359
2.8670	2.0386	0.2634	13.2965	13.3303
2.8675	2.0386	0.2633	13.2370	13.3260
2.8680	2.0386	0.2664	13.3675	13.3150
2.8685	2.0382	0.2661	13.4688	13.2848
2.8690	2.0383	0.2725	13.3687	13.2418
2.8695	2.0378	0.2677	13.2742	13.2131
2.8700	2.0385	0.2677	13.3818	13.1916
2.8705	2.0378	0.2640	13.5090	13.1840
2.8710	2.0380	0.2652	13.4390	13.1785
2.8715	2.0380	0.2665	13.3329	13.1940
2.8720	2.0384	0.2651	13.4034	13.2214
2.8725	2.0373	0.2720	13.5353	13.2467
2.8730	2.0385	0.2703	13.4923	13.2701
2.8735	2.0383	0.2596	13.3690	13.2736
2.8740	2.0390	0.2601	13.4161	13.2640
2.8745	2.0390	0.2590	13.5574	13.2388
2.8750	2.0392	0.2605	13.5343	13.2167
2.8755	2.0389	0.2597	13.3931	13.1938
2.8760	2.0389	0.2604	13.4075	13.1939
2.8765	2.0390	0.2635	13.5564	13.2042
2.8770	2.0384	0.2672	13.5621	13.2183
2.8775	2.0388	0.2660	13.4206	13.2345
2.8780	2.0384	0.2675	13.3992	13.2739
2.8785	2.0385	0.2705	13.5320	13.2945
2.8790	2.0375	0.2754	13.5672	13.3021
2.8795	2.0379	0.2714	13.4348	13.2977
2.8800	2.0387	0.2627	13.3861	13.2778
2.8805	2.0389	0.2602	13.5076	13.2395
2.8810	2.0395	0.2498	13.5434	13.2105
2.8815	2.0398	0.2500	13.4090	13.1956
2.8820	2.0402	0.2499	13.3345	13.1949
2.8825	2.0410	0.2396	13.4363	13.2112
2.8830	2.0416	0.2340	13.4884	13.2231
2.8835	2.0421	0.2271	13.3547	13.2442
2.8840	2.0415	0.2275	13.2741	13.2527
2.8845	2.0424	0.2283	13.3674	13.2518
2.8850	2.0404	0.2455	13.4235	13.2511
2.8855	2.0402	0.2463	13.3044	13.2402
2.8860	2.0403	0.2454	13.1994	13.2170
2.8865	2.0399	0.2458	13.2584	13.2017
2.8870	2.0400	0.2480	13.3413	13.1925
2.8875	2.0396	0.2513	13.2521	13.1897
2.8880	2.0391	0.2626	13.1108	13.2266
2.8885	2.0385	0.2601	13.0383	13.2659
2.8890	2.0386	0.2606	13.1615	13.2914
2.8895	2.0389	0.2614	13.1578	13.2926
2.8900	2.0388	0.2654	13.0056	13.2726
2.8905	2.0391	0.2597	13.0084	13.2333
2.8910	2.0383	0.2646	13.1319	13.2024
2.8915	2.0384	0.2646	13.0859	13.1628
2.8920	2.0390	0.2595	12.8108	13.1319
2.8925	2.0389	0.2627	12.6905	13.1084
2.8930	2.0380	0.2670	12.7127	13.1245
2.8935	2.0380	0.2695	12.7481	13.1491
2.8940	2.0377	0.2711	12.6269	13.1729
2.8945	2.0379	0.2700	12.5767	13.1832
2.8950	2.0380	0.2624	12.7367	13.1859
2.8955	2.0387	0.2652	12.8370	13.1859
2.8960	2.0390	0.2576	12.7208	13.1810
2.8965	2.0398	0.2505	12.6281	13.1601
2.8970	2.0400	0.2479	12.7584	13.1421
2.8975	2.0408	0.2420	12.8805	13.1235
2.8980	2.0405	0.2372	12.7936	13.1268
2.8985	2.0406	0.2393	12.6979	13.1489
2.8990	2.0400	0.2428	12.7990	13.1740
2.8995	2.0400	0.2452	12.9386	13.1916
2.9000	2.0398	0.2537	12.8827	13.2247
2.9005	2.0393	0.2562	12.7733	13.2555
2.9010	2.0389	0.2499	12.8471	13.2753
2.9015	2.0389	0.2567	13.0018	13.2842
2.9020	2.0394	0.2594	12.9873	13.2599
2.9025	2.0392	0.2542	12.8579	13.2255
2.9030	2.0392	0.2588	12.8790	13.1881
2.9035	2.0387	0.2617	13.0359	13.1760
2.9040	2.0383	0.2621	13.0634	13.1757
2.9045	2.0387	0.2592	12.9435	13.2023
2.9050	2.0388	0.2607	12.9247	13.2163
2.9055	2.0386	0.2662	13.0757	13.2233
2.9060	2.0391	0.2589	13.1456	13.2405
2.9065	2.0394	0.2531	13.0391	13.2219
2.9070	2.0396	0.2530	12.9813	13.1943
2.9075	2.0399	0.2461	13.1162	13.1531
2.9080	2.0404	0.2446	13.2155	13.1114
2.9085	2.0406	0.2420	13.1329	13.0958
2.9090	2.0401	0.2468	13.0552	13.1071
2.9095	2.0389	0.2608	13.1616	13.1284
2.9100	2.0386	0.2623	13.2826	13.2087
2.9105	2.0381	0.2697	13.2303	13.2989
2.9110	2.0383	0.2682	13.1335	13.3205
2.9115	2.0380	0.2692	13.2068	13.3376
2.9120	2.0385	0.2638	13.3406	13.3057
2.9125	2.0386	0.2660	13.3089	13.2719
2.9130	2.0389	0.2575	13.2015	13.2304
2.9135	2.0392	0.2626	13.2342	13.1861
2.9140	2.0392	0.2547	13.3739	13.1789
2.9145	2.0398	0.2493	13.3719	13.1706
2.9150	2.0401	0.2489	13.2561	13.1727
2.9155	2.0406	0.2411	13.2598	13.2138
2.9160	2.0409	0.2373	13.3871	13.2400
2.9165	2.0414	0.2372	13.4142	13.2599
2.9170	2.0413	0.2301	13.2999	13.2651
2.9175	2.0428	0.2197	13.2708	13.2266
2.9180	2.0425	0.2196	13.3983	13.1982
2.9185	2.0423	0.2208	13.4530	13.1653
2.9190	2.0432	0.2200	13.3541	13.1454
2.9195	2.0431	0.2129	13.3199	13.1438
2.9200	2.0434	0.2100	13.4389	13.1517
2.9205	2.0435	0.2097	13.5134	13.1692
2.9210	2.0437	0.2101	13.4136	13.1919
2.9215	2.0432	0.2131	13.3452	13.1851
2.9220	2.0423	0.2228	13.4366	13.1981
2.9225	2.0424	0.2231	13.5277	13.1729
2.9230	2.0427	0.2224	13.4629	13.1655
2.9235	2.0422	0.2197	13.3848	13.1963
2.9240	2.0422	0.2235	13.4376	13.1955
2.9245	2.0428	0.2215	13.5364	13.1860
2.9250	2.0425	0.2263	13.4877	13.2047
2.9255	2.0422	0.2242	13.3940	13.2224
2.9260	2.0415	0.2236	13.4020	13.2375
2.9265	2.0420	0.2256	13.5185	13.2508
2.9270	2.0422	0.2275	13.3696	13.2588
2.9275	2.0416	0.2369	13.1013	13.2470
2.9280	2.0407	0.2351	13.1196	13.2245
2.9285	2.0413	0.2340	13.2323	13.1997
2.9290	2.0419	0.2278	13.2571	13.1630
2.9295	2.0421	0.2283	13.1479	13.1380
2.9300	2.0418	0.2328	13.1581	13.1248
2.9305	2.0418	0.2297	13.2928	13.1345
2.9310	2.0415	0.2343	13.3411	13.1669
2.9315	2.0408	0.2420	13.2392	13.1982
2.9320	2.0408	0.2383	13.2184	13.2366
2.9325	2.0412	0.2335	13.3657	13.2513
2.9330	2.0410	0.2324	13.4505	13.2443
2.9335	2.0413	0.2323	13.3498	13.2428
2.9340	2.0409	0.2359	13.2875	13.2117
2.9345	2.0409	0.2396	13.4050	13.2130
2.9350	2.0394	0.2534	13.5052	13.2100
2.9355	2.0400	0.2534	13.4282	13.2117
2.9360	2.0404	0.2448	13.3405	13.2143
2.9365	2.0403	0.2446	13.4348	13.2114
2.9370	2.0402	0.2442	13.5601	13.1919
2.9375	2.0411	0.2372	13.5132	13.1827
2.9380	2.0414	0.2336	13.4124	13.1694
2.9385	2.0415	0.2340	13.4752	13.1506
2.9390	2.0419	0.2233	13.6113	13.1366
2.9395	2.0418	0.2293	13.5910	13.1291
2.9400	2.0423	0.2190	13.4746	13.1460
2.9405	2.0427	0.2161	13.4888	13.1794
2.9410	2.0432	0.2101	13.6203	13.1960
2.9415	2.0432	0.2124	13.6285	13.2084
2.9420	2.0429	0.2182	13.4971	13.1967
2.9425	2.0427	0.2213	13.4782	13.1901
2.9430	2.0425	0.2201	13.6137	13.1560
2.9435	2.0419	0.2222	13.6602	13.1309
2.9440	2.0417	0.2290	13.5436	13.1021
2.9445	2.0413	0.2296	13.4933	13.0834
2.9450	2.0411	0.2325	13.6130	13.0711
2.9455	2.0406	0.2419	13.6832	13.0841
2.9460	2.0403	0.2440	13.5780	13.0984
2.9465	2.0398	0.2410	13.4897	13.1351
2.9470	2.0398	0.2525	13.5661	13.1480
2.9475	2.0395	0.2514	13.6606	13.1434
2.9480	2.0400	0.2517	13.5799	13.1286
2.9485	2.0393	0.2496	13.4665	13.1037
2.9490	2.0397	0.2517	13.5238	13.0748
2.9495	2.0393	0.2543	13.6295	13.0772
2.9500	2.0391	0.2568	13.5583	13.0789
2.9505	2.0387	0.2592	13.4131	13.1121
2.9510	2.0394	0.2534	13.4315	13.1390
2.9515	2.0398	0.2488	13.5507	13.1593
2.9520	2.0395	0.2525	13.5169	13.1688
2.9525	2.0393	0.2546	13.3780	13.1671
2.9530	2.0389	0.2542	13.3522	13.1719
2.9535	2.0389	0.2597	13.4521	13.1431
2.9540	2.0382	0.2637	13.4449	13.1413
2.9545	2.0384	0.2657	13.3123	13.1373
2.9550	2.0385	0.2682	13.2573	13.1552
2.9555	2.0379	0.2708	13.3634	13.1598
2.9560	2.0379	0.2721	13.3239	13.1895
2.9565	2.0378	0.2688	13.1094	13.2317
2.9570	2.0382	0.2696	13.1382	13.2400
2.9575	2.0378	0.2721	13.1954	13.2500
2.9580	2.0371	0.2735	13.2171	13.2146
2.9585	2.0374	0.2742	13.1129	13.1889
2.9590	2.0384	0.2735	13.0682	13.1713
2.9595	2.0379	0.2720	13.1085	13.1293
2.9600	2.0383	0.2695	13.1222	13.1312
2.9605	2.0384	0.2590	12.9914	13.1426
2.9610	2.0386	0.2642	12.9041	13.1485
2.9615	2.0387	0.2664	12.7562	13.1692
2.9620	2.0384	0.2596	12.7776	13.1935
2.9625	2.0391	0.2629	12.7777	13.2166
2.9630	2.0394	0.2521	12.7113	13.2166
2.9635	2.0393	0.2576	12.7610	13.2284
2.9640	2.0398	0.2526	12.8370	13.2488
2.9645	2.0409	0.2400	12.8351	13.2149
2.9650	2.0405	0.2410	12.7765	13.2005
2.9655	2.0407	0.2440	12.7949	13.1727
2.9660	2.0423	0.2224	12.8661	13.1622
2.9665	2.0444	0.2029	12.8970	13.1519
2.9670	2.0450	0.1892	12.8543	13.1237
2.9675	2.0444	0.1950	12.8503	13.1369
2.9680	2.0448	0.1933	12.9316	13.1486
2.9685	2.0442	0.1982	12.9694	13.1768
2.9690	2.0453	0.1932	12.9192	13.2057
2.9695	2.0453	0.1868	12.8998	13.1970
2.9700	2.0448	0.1968	12.9805	13.1920
2.9705	2.0446	0.1974	13.0462	13.1683
2.9710	2.0451	0.2030	13.0078	13.1632
2.9715	2.0439	0.2021	12.9672	13.1472
2.9720	2.0430	0.2128	13.0192	13.1712
2.9725	2.0427	0.2137	13.0942	13.1859
2.9730	2.0434	0.2125	13.0780	13.2120
2.9735	2.0429	0.2111	13.0327	13.2180
2.9740	2.0423	0.2210	13.0732	13.2147
2.9745	2.0421	0.2278	13.1529	13.2183
2.9750	2.0416	0.2298	13.1501	13.2216
2.9755	2.0405	0.2325	13.0932	13.2171
2.9760	2.0404	0.2377	13.1159	13.2170
2.9765	2.0402	0.2420	13.2122	13.2053
2.9770	2.0406	0.2401	13.2310	13.2045
2.9775	2.0410	0.2341	13.1624	13.2125
2.9780	2.0406	0.2388	13.1657	13.2016
2.9785	2.0416	0.2337	13.2617	13.2115
2.9790	2.0427	0.2180	13.2951	13.2040
2.9795	2.0426	0.2231	13.2207	13.2099
2.9800	2.0424	0.2192	13.2130	13.2118
2.9805	2.0426	0.2200	13.3034	13.2457
2.9810	2.0423	0.2239	13.3445	13.2520
2.9815	2.0428	0.2190	13.2748	13.2653
2.9820	2.0433	0.2113	13.2444	13.2511
2.9825	2.0434	0.2092	13.3280	13.2239
2.9830	2.0430	0.2158	13.3751	13.2028
2.9835	2.0424	0.2232	13.3111	13.1892
2.9840	2.0423	0.2257	13.2699	13.1914
2.9845	2.0422	0.2265	13.3379	13.2117
2.9850	2.0422	0.2226	13.4029	13.2252
2.9855	2.0422	0.2250	13.3534	13.2363
2.9860	2.0423	0.2193	13.2989	13.2489
2.9865	2.0424	0.2210	13.3619	13.2582
2.9870	2.0420	0.2247	13.4402	13.2542
2.9875	2.0418	0.2250	13.4026	13.2614
2.9880	2.0419	0.2291	13.3383	13.2485
2.9885	2.0411	0.2339	13.3808	13.2164
2.9890	2.0408	0.2401	13.4692	13.1848
2.9895	2.0405	0.2465	13.4480	13.1635
2.9900	2.0400	0.2491	13.3692	13.1483
2.9905	2.0391	0.2546	13.3990	13.1435
2.9910	2.0388	0.2576	13.4804	13.1519
2.9915	2.0386	0.2575	13.4688	13.1474
2.9920	2.0389	0.2605	13.3915	13.1670
2.9925	2.0393	0.2580	13.3978	13.1798
2.9930	2.0386	0.2635	13.4580	13.1945
2.9935	2.0387	0.2590	13.4694	13.2132
2.9940	2.0390	0.2620	13.3308	13.2322
2.9945	2.0390	0.2623	13.1018	13.2317
2.9950	2.0390	0.2604	13.1031	13.2483
2.9955	2.0396	0.2555	13.1291	13.2614
2.9960	2.0387	0.2608	13.0740	13.2595
2.9965	2.0384	0.2659	13.0758	13.2666
2.9970	2.0383	0.2684	13.1780	13.2653
2.9975	2.0383	0.2701	13.2258	13.2625
2.9980	2.0386	0.2600	13.1615	13.2575
2.9985	2.0385	0.2618	13.1421	13.2319
2.9990	2.0388	0.2570	13.2296	13.2190
2.9995	2.0389	0.2656	13.2825	13.1931
3.0000	2.0387	0.2578	13.2128	13.1812
3.0005	2.0382	0.2627	13.1844	13.1882
3.0010	2.0390	0.2593	13.2959	13.1905
3.0015	2.0403	0.2491	13.3733	13.1935
3.0020	2.0404	0.2440	13.3129	13.1921
3.0025	2.0411	0.2384	13.2497	13.2038
3.0030	2.0406	0.2403	13.3412	13.2030
3.0035	2.0409	0.2406	13.4484	13.1681
3.0040	2.0411	0.2389	13.3924	13.1557
3.0045	2.0411	0.2377	13.3049	13.1386
3.0050	2.0412	0.2336	13.3687	13.1401
3.0055	2.0416	0.2304	13.4888	13.1321
3.0060	2.0425	0.2233	13.4720	13.1329
3.0065	2.0425	0.2224	13.3695	13.1330
3.0070	2.0429	0.2188	13.3908	13.1785
3.0075	2.0437	0.2051	13.5176	13.1944
3.0080	2.0440	0.2029	13.5278	13.2007
3.0085	2.0435	0.2097	13.4128	13.2038
3.0090	2.0438	0.2048	13.3986	13.2145
3.0095	2.0427	0.2150	13.5226	13.2311
3.0100	2.0431	0.2181	13.5526	13.2467
3.0105	2.0437	0.2116	13.4360	13.2480
3.0110	2.0439	0.2020	13.3916	13.2183
3.0115	2.0449	0.2037	13.5072	13.1825
3.0120	2.0443	0.2040	13.5723	13.1400
3.0125	2.0445	0.1964	13.4658	13.0992
3.0130	2.0452	0.1924	13.3865	13.0806
3.0135	2.0449	0.1945	13.4849	13.0678
3.0140	2.0441	0.2020	13.5705	13.0914
3.0145	2.0441	0.2040	13.4784	13.1424
3.0150	2.0436	0.2103	13.3701	13.1977
3.0155	2.0435	0.2074	13.4612	13.2278
3.0160	2.0449	0.1961	13.5687	13.2442
3.0165	2.0454	0.1866	13.4791	13.2321
3.0170	2.0463	0.1782	13.3408	13.1897
3.0175	2.0471	0.1723	13.3800	13.1536
3.0180	2.0470	0.1723	13.4960	13.1424
3.0185	2.0469	0.1779	13.4462	13.1404
3.0190	2.0468	0.1722	13.3029	13.1807
3.0195	2.0449	0.1899	13.3140	13.2666
3.0200	2.0448	0.1987	13.4236	13.3301
3.0205	2.0443	0.2021	13.3928	13.3702
3.0210	2.0437	0.2080	13.2442	13.3642
3.0215	2.0432	0.2119	13.2205	13.3228
3.0220	2.0426	0.2172	13.3264	13.2583
3.0225	2.0421	0.2234	13.3247	13.1950
3.0230	2.0415	0.2325	13.1697	13.1438
3.0235	2.0414	0.2347	13.1193	13.1359
3.0240	2.0407	0.2366	13.2159	13.1559
3.0245	2.0401	0.2511	13.2405	13.2110
3.0250	2.0402	0.2470	13.0963	13.2705
3.0255	2.0399	0.2453	13.0386	13.3055
3.0260	2.0400	0.2436	13.0554	13.2954
3.0265	2.0396	0.2493	13.0803	13.2646
3.0270	2.0406	0.2442	13.0310	13.2181
3.0275	2.0398	0.2490	12.9519	13.1342
3.0280	2.0400	0.2504	12.9778	13.0803
3.0285	2.0399	0.2472	13.0144	13.0605
3.0290	2.0407	0.2429	12.9478	13.0530
3.0295	2.0409	0.2380	12.8532	13.1183
3.0300	2.0404	0.2442	12.8308	13.1953
3.0305	2.0406	0.2410	12.8581	13.2549
3.0310	2.0407	0.2370	12.7036	13.3054
3.0315	2.0402	0.2403	12.6100	13.3240
3.0320	2.0406	0.2424	12.6520	13.3550
3.0325	2.0405	0.2423	12.7181	13.3312
3.0330	2.0395	0.2537	12.7365	13.2804
3.0335	2.0389	0.2646	12.6796	13.2534
3.0340	2.0383	0.2644	12.6827	13.2198
3.0345	2.0388	0.2625	12.7634	13.2106
3.0350	2.0388	0.2634	12.8006	13.2288
3.0355	2.0386	0.2650	12.7498	13.2481
3.0360	2.0385	0.2664	12.7424	13.2671
3.0365	2.0391	0.2645	12.8155	13.2824
3.0370	2.0393	0.2602	12.8614	13.2815
3.0375	2.0389	0.2590	12.8197	13.2661
3.0380	2.0391	0.2571	12.8024	13.2608
3.0385	2.0397	0.2529	12.8761	13.2466
3.0390	2.0394	0.2483	12.9367	13.2498
3.0395	2.0400	0.2455	12.8924	13.2475
3.0400	2.0406	0.2370	12.8613	13.2637
3.0405	2.0405	0.2399	12.9324	13.2842
3.0410	2.0404	0.2423	13.0103	13.3029
3.0415	2.0399	0.2435	12.9646	13.3251
3.0420	2.0396	0.2476	12.9005	13.3403
3.0425	2.0401	0.2462	12.9714	13.3158
3.0430	2.0401	0.2460	13.0688	13.3293
3.0435	2.0400	0.2506	13.0510	13.2954
3.0440	2.0388	0.2595	12.9727	13.2851
3.0445	2.0374	0.2781	13.0073	13.2743
3.0450	2.0374	0.2750	13.1267	13.2968
3.0455	2.0368	0.2826	13.1324	13.3137
3.0460	2.0370	0.2821	13.0448	13.3241
3.0465	2.0363	0.2844	13.0619	13.3217
3.0470	2.0369	0.2854	13.1719	13.3048
3.0475	2.0369	0.2806	13.1983	13.2844
3.0480	2.0377	0.2761	13.1247	13.2448
3.0485	2.0377	0.2673	13.1303	13.2106
3.0490	2.0390	0.2565	13.2213	13.1837
3.0495	2.0400	0.2471	13.2402	13.1473
3.0500	2.0409	0.2360	13.1721	13.1541
3.0505	2.0426	0.2210	13.1628	13.1518
3.0510	2.0437	0.2068	13.2383	13.1645
3.0515	2.0438	0.2065	13.2658	13.1716
3.0520	2.0433	0.2137	13.2009	13.1936
3.0525	2.0425	0.2210	13.1818	13.2241
3.0530	2.0439	0.2136	13.2536	13.2423
3.0535	2.0451	0.1947	13.3023	13.2415
3.0540	2.0451	0.1920	13.2532	13.2209
3.0545	2.0453	0.1923	13.2247	13.2022
3.0550	2.0453	0.1880	13.2948	13.1818
3.0555	2.0453	0.1912	13.3450	13.1806
3.0560	2.0452	0.1921	13.2973	13.1976
3.0565	2.0453	0.1918	13.2625	13.2142
3.0570	2.0450	0.1953	13.3186	13.2312
3.0575	2.0440	0.2019	13.3788	13.2515
3.0580	2.0439	0.2063	13.3420	13.2571
3.0585	2.0435	0.2158	13.2839	13.2642
3.0590	2.0426	0.2197	13.3444	13.2596
3.0595	2.0424	0.2236	13.3977	13.2399
3.0600	2.0428	0.2143	13.3793	13.2477
3.0605	2.0436	0.2070	13.2119	13.2463
3.0610	2.0442	0.2037	12.9153	13.2367
3.0615	2.0436	0.2113	12.9260	13.2381
3.0620	2.0435	0.2065	12.9275	13.2416
3.0625	2.0440	0.2075	12.8832	13.2513
3.0630	2.0440	0.2062	12.9293	13.2541
3.0635	2.0434	0.2130	13.0496	13.2686
3.0640	2.0433	0.2104	13.0693	13.2611
3.0645	2.0427	0.2166	13.0136	13.2615
3.0650	2.0429	0.2138	13.0311	13.2456
3.0655	2.0429	0.2151	13.1369	13.2185
3.0660	2.0423	0.2222	13.1702	13.2001
3.0665	2.0423	0.2216	13.1026	13.1900
3.0670	2.0421	0.2277	13.0875	13.1814
3.0675	2.0419	0.2275	13.1890	13.1914
3.0680	2.0420	0.2290	13.2636	13.1993
3.0685	2.0414	0.2315	13.2088	13.2229
3.0690	2.0411	0.2353	13.1609	13.2504
3.0695	2.0405	0.2393	13.2369	13.2620
3.0700	2.0408	0.2416	13.3328	13.2744
3.0705	2.0406	0.2464	13.3047	13.2604
3.0710	2.0398	0.2489	13.2299	13.2616
3.0715	2.0401	0.2508	13.2743	13.2534
3.0720	2.0394	0.2455	13.3763	13.2254
3.0725	2.0393	0.2553	13.3909	13.1955
3.0730	2.0387	0.2592	13.3348	13.1816
3.0735	2.0379	0.2714	13.3354	13.1762
3.0740	2.0375	0.2738	13.4066	13.1861
3.0745	2.0373	0.2769	13.4356	13.1925
3.0750	2.0369	0.2830	13.3997	13.2056
3.0755	2.0364	0.2785	13.3854	13.2224
3.0760	2.0365	0.2862	13.4474	13.2168
3.0765	2.0360	0.2840	13.4744	13.2120
3.0770	2.0363	0.2871	13.4345	13.2133
3.0775	2.0360	0.2912	13.4259	13.1996
3.0780	2.0364	0.2877	13.4846	13.1951
3.0785	2.0367	0.2857	13.5039	13.1918
3.0790	2.0369	0.2817	13.4615	13.2162
3.0795	2.0378	0.2776	13.4387	13.2418
3.0800	2.0386	0.2684	13.4826	13.2215
3.0805	2.0397	0.2547	13.5224	13.2076
3.0810	2.0403	0.2469	13.4865	13.2042
3.0815	2.0410	0.2353	13.4599	13.1920
3.0820	2.0409	0.2387	13.4970	13.2006
3.0825	2.0406	0.2432	13.5288	13.2333
3.0830	2.0405	0.2437	13.4921	13.2832
3.0835	2.0399	0.2490	13.4611	13.3296
3.0840	2.0402	0.2510	13.4900	13.3601
3.0845	2.0401	0.2462	13.5189	13.3516
3.0850	2.0403	0.2467	13.4774	13.3386
3.0855	2.0400	0.2475	13.4286	13.3036
3.0860	2.0402	0.2461	13.4393	13.2482
3.0865	2.0403	0.2492	13.4707	13.2257
3.0870	2.0405	0.2458	13.4345	13.2214
3.0875	2.0403	0.2393	13.3725	13.2426
3.0880	2.0401	0.2419	13.3760	13.2613
3.0885	2.0404	0.2469	13.4064	13.2840
3.0890	2.0406	0.2444	13.3758	13.2915
3.0895	2.0414	0.2405	13.3069	13.2953
3.0900	2.0417	0.2328	13.2959	13.2875
3.0905	2.0420	0.2251	13.3155	13.2707
3.0910	2.0425	0.2207	13.2955	13.2474
3.0915	2.0429	0.2210	13.2352	13.2311
3.0920	2.0419	0.2172	13.2189	13.2293
3.0925	2.0415	0.2295	13.2343	13.2582
3.0930	2.0420	0.2243	13.2038	13.2896
3.0935	2.0428	0.2182	13.1364	13.3129
3.0940	2.0431	0.2157	13.1273	13.3269
3.0945	2.0435	0.2149	12.9791	13.3220
3.0950	2.0422	0.2205	12.9075	13.3034
3.0955	2.0423	0.2232	12.8990	13.2679
3.0960	2.0415	0.2235	12.8825	13.2395
3.0965	2.0421	0.2269	12.8864	13.2077
3.0970	2.0422	0.2210	12.8892	13.1884
3.0975	2.0422	0.2179	12.8824	13.1661
3.0980	2.0428	0.2175	12.8919	13.1874
3.0985	2.0426	0.2197	12.8807	13.2044
3.0990	2.0429	0.2179	12.8921	13.2148
3.0995	2.0432	0.2091	12.8066	13.2980
3.1000	2.0438	0.2056	12.7420	13.3323
3.1005	2.0438	0.2078	12.8001	13.3402
3.1010	2.0434	0.2134	12.8093	13.3217
3.1015	2.0429	0.2137	12.8095	13.2934
3.1020	2.0428	0.2150	12.8034	13.2514
3.1025	2.0422	0.2257	12.8497	13.2281
3.1030	2.0422	0.2237	12.8700	13.2129
3.1035	2.0420	0.2259	12.8648	13.2244
3.1040	2.0420	0.2243	12.8741	13.2328
3.1045	2.0420	0.2246	12.9265	13.2382
3.1050	2.0420	0.2249	12.9563	13.2570
3.1055	2.0427	0.2233	12.9509	13.2573
3.1060	2.0429	0.2163	12.9454	13.2630
3.1065	2.0431	0.2151	12.9830	13.2523
3.1070	2.0432	0.2151	13.0270	13.2330
3.1075	2.0428	0.2188	13.0311	13.2185
3.1080	2.0422	0.2209	13.0278	13.2228
3.1085	2.0428	0.2188	13.0515	13.2019
3.1090	2.0424	0.2249	13.0884	13.1980
3.1095	2.0420	0.2166	13.1035	13.2233
3.1100	2.0424	0.2223	13.0965	13.2297
3.1105	2.0420	0.2231	13.1104	13.2381
3.1110	2.0422	0.2265	13.1568	13.2249
3.1115	2.0420	0.2272	13.1923	13.2301
3.1120	2.0417	0.2272	13.1820	13.2330
3.1125	2.0410	0.2352	13.1782	13.2353
3.1130	2.0408	0.2353	13.2226	13.2530
3.1135	2.0407	0.2402	13.2703	13.2648
3.1140	2.0398	0.2480	13.2549	13.2771
3.1145	2.0399	0.2499	13.2359	13.3101
3.1150	2.0396	0.2502	13.2875	13.3175
3.1155	2.0387	0.2627	13.3459	13.3138
3.1160	2.0383	0.2690	13.3297	13.2990
3.1165	2.0378	0.2694	13.3067	13.2660
3.1170	2.0374	0.2738	13.3414	13.2366
3.1175	2.0374	0.2751	13.3952	13.1997
3.1180	2.0376	0.2720	13.3892	13.1695
3.1185	2.0376	0.2746	13.3572	13.1487
3.1190	2.0370	0.2773	13.3740	13.1377
3.1195	2.0368	0.2867	13.4219	13.1364
3.1200	2.0358	0.2837	13.4228	13.1515
3.1205	2.0361	0.2894	13.3892	13.1551
3.1210	2.0361	0.2904	13.3940	13.1564
3.1215	2.0365	0.2917	13.4471	13.1531
3.1220	2.0359	0.2891	13.4646	13.1490
3.1225	2.0359	0.2916	13.4258	13.1307
3.1230	2.0364	0.2896	13.4211	13.1089
3.1235	2.0364	0.2844	13.4749	13.0984
3.1240	2.0370	0.2823	13.5189	13.0918
3.1245	2.0376	0.2747	13.4856	13.0815
3.1250	2.0380	0.2669	13.4592	13.0833
3.1255	2.0380	0.2658	13.4911	13.0892
3.1260	2.0380	0.2720	13.5331	13.1044
3.1265	2.0380	0.2715	13.5124	13.1352
3.1270	2.0374	0.2712	13.5014	13.1939
3.1275	2.0382	0.2708	13.4233	13.1950
3.1280	2.0383	0.2672	13.5083	13.1983
3.1285	2.0377	0.2699	13.5233	13.1901
3.1290	2.0382	0.2631	13.4365	13.1669
3.1295	2.0387	0.2641	13.4513	13.1644
3.1300	2.0387	0.2685	13.5284	13.1680
3.1305	2.0391	0.2593	13.5186	13.1698
3.1310	2.0386	0.2623	13.4376	13.1775
3.1315	2.0382	0.2644	13.4396	13.1905
3.1320	2.0381	0.2722	13.5053	13.2043
3.1325	2.0382	0.2703	13.4916	13.2007
3.1330	2.0389	0.2588	13.4033	13.1931
3.1335	2.0384	0.2647	13.3550	13.1726
3.1340	2.0390	0.2608	13.3972	13.1529
3.1345	2.0400	0.2453	13.3483	13.1395
3.1350	2.0409	0.2476	13.2634	13.1379
3.1355	2.0412	0.2368	13.2580	13.1366
3.1360	2.0422	0.2228	13.3174	13.1468
3.1365	2.0421	0.2307	13.3844	13.1740
3.1370	2.0428	0.2213	13.3547	13.2287
3.1375	2.0436	0.2086	13.3389	13.2474
3.1380	2.0439	0.2079	13.3996	13.2461
3.1385	2.0434	0.2063	13.4599	13.2329
3.1390	2.0438	0.2045	13.4454	13.2379
3.1395	2.0445	0.1967	13.4290	13.2211
3.1400	2.0445	0.2051	13.4773	13.1851
3.1405	2.0444	0.1993	13.5221	13.1597
3.1410	2.0448	0.1944	13.4942	13.1224
3.1415	2.0432	0.2119	13.4726	13.1093
3.1420	2.0428	0.2189	13.5131	13.1281
3.1425	2.0427	0.2198	13.5619	13.1464
3.1430	2.0427	0.2155	13.5575	13.1713
3.1435	2.0442	0.2062	13.5242	13.1716
3.1440	2.0438	0.2062	13.5354	13.1636
3.1445	2.0447	0.2009	13.5858	13.1190
3.1450	2.0437	0.2059	13.5978	13.0963
3.1455	2.0435	0.2055	13.5591	13.0659
3.1460	2.0442	0.2039	13.5600	13.0434
3.1465	2.0443	0.2037	13.6076	13.0424
3.1470	2.0437	0.2089	13.6158	13.0658
3.1475	2.0430	0.2130	13.5700	13.0723
3.1480	2.0430	0.2172	13.5570	13.1076
3.1485	2.0429	0.2152	13.5994	13.1305
3.1490	2.0420	0.2252	13.6281	13.1434
3.1495	2.0436	0.2127	13.5934	13.1268
3.1500	2.0443	0.2014	13.5604	13.1196
3.1505	2.0439	0.2036	13.5917	13.1205
3.1510	2.0436	0.2105	13.6262	13.1242
3.1515	2.0437	0.2041	13.5984	13.1603
3.1520	2.0434	0.2077	13.5489	13.1868
3.1525	2.0432	0.2105	13.5474	13.2274
3.1530	2.0427	0.2111	13.5835	13.2540
3.1535	2.0428	0.2210	13.5683	13.2833
3.1540	2.0426	0.2216	13.5038	13.2918
3.1545	2.0423	0.2251	13.4729	13.2756
3.1550	2.0419	0.2261	13.5010	13.2523
3.1555	2.0416	0.2315	13.5040	13.2183
3.1560	2.0419	0.2284	13.4559	13.1860
3.1565	2.0421	0.2278	13.4166	13.1632
3.1570	2.0420	0.2203	13.4420	13.1566
3.1575	2.0426	0.2210	13.4471	13.1846
3.1580	2.0433	0.2193	13.3926	13.2061
3.1585	2.0436	0.2137	13.3403	13.2527
3.1590	2.0428	0.2137	13.3474	13.2861
3.1595	2.0423	0.2186	13.3438	13.3131
3.1600	2.0425	0.2186	13.3057	13.3185
3.1605	2.0423	0.2235	13.2838	13.3109
3.1610	2.0422	0.2260	13.2832	13.2728
3.1615	2.0418	0.2295	13.2273	13.2171
3.1620	2.0415	0.2331	13.1989	13.1778
3.1625	2.0408	0.2377	13.1060	13.1684
3.1630	2.0406	0.2451	12.8365	13.1587
3.1635	2.0401	0.2505	12.7310	13.1559
3.1640	2.0391	0.2547	12.7312	13.1802
3.1645	2.0387	0.2555	12.7402	13.1970
3.1650	2.0394	0.2543	12.7535	13.2171
3.1655	2.0395	0.2523	12.7739	13.2137
3.1660	2.0397	0.2498	12.7622	13.1869
3.1665	2.0400	0.2479	12.7749	13.1521
3.1670	2.0403	0.2455	12.8122	13.1148
3.1675	2.0405	0.2389	12.8367	13.0766
3.1680	2.0410	0.2425	12.8428	13.0739
3.1685	2.0412	0.2352	12.8324	13.0930
3.1690	2.0403	0.2423	12.8456	13.1137
3.1695	2.0403	0.2432	12.8744	13.1604
3.1700	2.0401	0.2469	12.8808	13.1697
3.1705	2.0395	0.2485	12.8809	13.1884
3.1710	2.0393	0.2564	12.9073	13.1686
3.1715	2.0394	0.2543	12.9361	13.1476
3.1720	2.0396	0.2561	12.9469	13.1193
3.1725	2.0394	0.2555	12.9448	13.0786
3.1730	2.0393	0.2567	12.9609	13.0625
3.1735	2.0396	0.2543	13.0002	13.0721
3.1740	2.0399	0.2539	13.0159	13.0706
3.1745	2.0399	0.2452	13.0148	13.1345
3.1750	2.0407	0.2413	13.0375	13.1815
3.1755	2.0407	0.2349	13.0735	13.2102
3.1760	2.0413	0.2317	13.0824	13.2435
3.1765	2.0417	0.2289	13.0774	13.2431
3.1770	2.0421	0.2261	13.0946	13.2153
3.1775	2.0425	0.2156	13.1205	13.2060
3.1780	2.0428	0.2198	13.1317	13.1645
3.1785	2.0425	0.2186	13.1415	13.1491
3.1790	2.0425	0.2227	13.1576	13.1780
3.1795	2.0432	0.2165	13.1794	13.1991
3.1800	2.0433	0.2127	13.2046	13.2240
3.1805	2.0429	0.2204	13.2148	13.2501
3.1810	2.0426	0.2206	13.2177	13.2702
3.1815	2.0418	0.2291	13.2409	13.2888
3.1820	2.0421	0.2308	13.2713	13.2903
3.1825	2.0419	0.2299	13.2835	13.2674
3.1830	2.0424	0.2210	13.2873	13.2397
3.1835	2.0432	0.2155	13.3103	13.1921
3.1840	2.0435	0.2036	13.3203	13.1438
3.1845	2.0442	0.2037	13.3212	13.1131
3.1850	2.0435	0.2080	13.3311	13.1052
3.1855	2.0439	0.2062	13.3523	13.1123
3.1860	2.0436	0.2095	13.3676	13.1469
3.1865	2.0445	0.2018	13.3614	13.1687
3.1870	2.0446	0.2011	13.3618	13.1793
3.1875	2.0434	0.2124	13.3738	13.1726
3.1880	2.0438	0.2050	13.3938	13.1650
3.1885	2.0435	0.2091	13.3903	13.1417
3.1890	2.0434	0.2122	13.3769	13.1128
3.1895	2.0428	0.2098	13.3861	13.1009
3.1900	2.0426	0.2228	13.4085	13.0973
3.1905	2.0431	0.2134	13.4158	13.0982
3.1910	2.0426	0.2254	13.4047	13.1380
3.1915	2.0422	0.2264	13.4073	13.1900
3.1920	2.0422	0.2213	13.4405	13.2120
3.1925	2.0416	0.2331	13.4527	13.2132
3.1930	2.0424	0.2251	13.4356	13.1754
3.1935	2.0412	0.2305	13.4402	13.1569
3.1940	2.0408	0.2387	13.4502	13.1349
3.1945	2.0403	0.2365	13.4620	13.1127
3.1950	2.0412	0.2377	13.4175	13.0950
3.1955	2.0409	0.2396	13.3601	13.0952
3.1960	2.0411	0.2365	13.4741	13.1257
3.1965	2.0412	0.2369	13.4406	13.1581
3.1970	2.0409	0.2342	13.3762	13.2088
3.1975	2.0409	0.2399	13.4055	13.2212
3.1980	2.0404	0.2458	13.4610	13.2502
3.1985	2.0402	0.2421	13.4230	13.2576
3.1990	2.0399	0.2523	13.3551	13.2473
3.1995	2.0395	0.2529	13.3734	13.2463
3.2000	2.0397	0.2555	13.4266	13.2060
3.2005	2.0392	0.2538	13.3912	13.2278
3.2010	2.0396	0.2546	13.3047	13.2263
3.2015	2.0394	0.2582	13.2922	13.2536
3.2020	2.0392	0.2588	13.3407	13.2791
3.2025	2.0392	0.2552	13.3361	13.3083
3.2030	2.0397	0.2537	13.1741	13.3253
3.2035	2.0400	0.2503	13.1664	13.3282
3.2040	2.0395	0.2517	13.2852	13.3173
3.2045	2.0395	0.2543	13.2793	13.3143
3.2050	2.0394	0.2518	13.2125	13.3007
3.2055	2.0399	0.2505	13.2272	13.2827
3.2060	2.0401	0.2434	13.3548	13.2717
3.2065	2.0397	0.2521	13.3831	13.2560
3.2070	2.0397	0.2511	13.2932	13.2518
3.2075	2.0389	0.2556	13.2691	13.2503
3.2080	2.0394	0.2552	13.3938	13.2586
3.2085	2.0397	0.2520	13.4512	13.2666
3.2090	2.0395	0.2541	13.3548	13.2589
3.2095	2.0395	0.2551	13.3021	13.2380
3.2100	2.0392	0.2556	13.4030	13.2151
3.2105	2.0393	0.2549	13.4828	13.2029
3.2110	2.0393	0.2567	13.4122	13.1947
3.2115	2.0399	0.2490	13.3408	13.1966
3.2120	2.0405	0.2447	13.4207	13.2097
3.2125	2.0413	0.2329	13.5027	13.2388
3.2130	2.0419	0.2257	13.4449	13.2711
3.2135	2.0423	0.2262	13.3613	13.2893
3.2140	2.0418	0.2271	13.4152	13.3184
3.2145	2.0418	0.2242	13.5078	13.3331
3.2150	2.0424	0.2244	13.4700	13.3271
3.2155	2.0424	0.2246	13.3760	13.2979
3.2160	2.0422	0.2288	13.4113	13.2725
3.2165	2.0421	0.2268	13.5092	13.2509
3.2170	2.0422	0.2230	13.4972	13.2306
3.2175	2.0427	0.2173	13.3915	13.2147
3.2180	2.0428	0.2162	13.3834	13.2156
3.2185	2.0426	0.2213	13.4801	13.2276
3.2190	2.0424	0.2215	13.4991	13.2523
3.2195	2.0424	0.2181	13.3926	13.2896
3.2200	2.0426	0.2143	13.3579	13.3420
3.2205	2.0427	0.2180	13.4475	13.3451
3.2210	2.0424	0.2217	13.4641	13.3587
3.2215	2.0421	0.2188	13.3604	13.3571
3.2220	2.0434	0.2116	13.3017	13.3115
3.2225	2.0431	0.2145	13.3718	13.3126
3.2230	2.0434	0.2152	13.4109	13.3106
3.2235	2.0427	0.2158	13.3127	13.3124
3.2240	2.0428	0.2160	13.2301	13.3268
3.2245	2.0428	0.2162	13.2766	13.3461
3.2250	2.0428	0.2187	13.3383	13.3640
3.2255	2.0434	0.2103	13.2612	13.3574
3.2260	2.0433	0.2045	13.1533	13.3311
3.2265	2.0449	0.1974	13.1801	13.3167
3.2270	2.0452	0.1936	13.2537	13.2659
3.2275	2.0457	0.1899	13.1870	13.2312
3.2280	2.0460	0.1855	13.0651	13.2139
3.2285	2.0459	0.1856	13.0671	13.2308
3.2290	2.0459	0.1850	13.1467	13.2608
3.2295	2.0466	0.1761	13.1132	13.2888
3.2300	2.0460	0.1841	13.0014	13.3176
3.2305	2.0456	0.1847	12.9287	13.3429
3.2310	2.0456	0.1883	12.6694	13.3568
3.2315	2.0441	0.2018	12.6056	13.3441
3.2320	2.0438	0.2043	12.5225	13.2980
3.2325	2.0432	0.2103	12.5123	13.2666
3.2330	2.0429	0.2124	12.6125	13.2369
3.2335	2.0435	0.2098	12.6748	13.2439
3.2340	2.0435	0.2122	12.6014	13.1946
3.2345	2.0431	0.2151	12.5644	13.2162
3.2350	2.0434	0.2109	12.6546	13.2555
3.2355	2.0434	0.2126	12.7217	13.3021
3.2360	2.0433	0.2056	12.6521	13.3576
3.2365	2.0434	0.2169	12.6031	13.3696
3.2370	2.0433	0.2128	12.6824	13.3597
3.2375	2.0433	0.2153	12.7640	13.3151
3.2380	2.0430	0.2172	12.7188	13.2573
3.2385	2.0427	0.2186	12.6536	13.2017
3.2390	2.0424	0.2226	12.7235	13.1694
3.2395	2.0422	0.2213	12.8279	13.1417
3.2400	2.0420	0.2308	12.8077	13.1548
3.2405	2.0419	0.2286	12.7301	13.1715
3.2410	2.0419	0.2334	12.7704	13.2242
3.2415	2.0419	0.2268	12.8789	13.2443
3.2420	2.0417	0.2269	12.8905	13.2542
3.2425	2.0420	0.2242	12.8136	13.2552
3.2430	2.0420	0.2250	12.8215	13.2363
3.2435	2.0416	0.2222	12.9343	13.2118
3.2440	2.0415	0.2295	12.9642	13.1793
3.2445	2.0415	0.2302	12.8878	13.1789
3.2450	2.0414	0.2292	12.8776	13.2096
3.2455	2.0411	0.2410	12.9837	13.2299
3.2460	2.0413	0.2354	13.0314	13.2688
3.2465	2.0409	0.2368	12.9580	13.3104
3.2470	2.0410	0.2353	12.9361	13.3272
3.2475	2.0409	0.2349	13.0411	13.3299
3.2480	2.0404	0.2456	13.1038	13.2998
3.2485	2.0399	0.2428	13.0338	13.2689
3.2490	2.0396	0.2445	13.0009	13.2303
3.2495	2.0389	0.2552	13.0877	13.2071
3.2500	2.0393	0.2602	13.1697	13.1944
3.2505	2.0389	0.2644	13.1215	13.1941
3.2510	2.0386	0.2635	13.0704	13.2129
3.2515	2.0387	0.2649	13.1397	13.2314
3.2520	2.0387	0.2580	13.2290	13.2446
3.2525	2.0390	0.2635	13.1914	13.2444
3.2530	2.0394	0.2568	13.1276	13.2415
3.2535	2.0402	0.2486	13.1769	13.2152
3.2540	2.0400	0.2498	13.2715	13.1878
3.2545	2.0396	0.2478	13.2528	13.1613
3.2550	2.0400	0.2428	13.1675	13.1496
3.2555	2.0400	0.2446	13.1936	13.1504
3.2560	2.0406	0.2422	13.2940	13.1667
3.2565	2.0410	0.2374	13.2967	13.2091
3.2570	2.0419	0.2320	13.2134	13.2536
3.2575	2.0416	0.2264	13.2022	13.3145
3.2580	2.0419	0.2310	13.3002	13.3495
3.2585	2.0410	0.2326	13.3411	13.3474
3.2590	2.0408	0.2352	13.2590	13.3286
3.2595	2.0420	0.2261	13.2352	13.2970
3.2600	2.0420	0.2269	13.3368	13.2406
3.2605	2.0419	0.2256	13.3941	13.1971
3.2610	2.0415	0.2345	13.3035	13.1679
3.2615	2.0407	0.2332	13.2445	13.1564
3.2620	2.0411	0.2399	13.3345	13.1733
3.2625	2.0413	0.2357	13.4197	13.1977
3.2630	2.0415	0.2349	13.3498	13.2011
3.2635	2.0416	0.2292	13.2739	13.1957
3.2640	2.0432	0.2133	13.3326	13.1785
3.2645	2.0432	0.2125	13.4230	13.1429
3.2650	2.0427	0.2127	13.3661	13.1339
3.2655	2.0433	0.2166	13.2064	13.1317
3.2660	2.0430	0.2150	13.2909	13.1377
3.2665	2.0430	0.2183	13.4046	13.1568
3.2670	2.0433	0.2128	13.3620	13.2050
3.2675	2.0431	0.2143	13.2527	13.2241
3.2680	2.0441	0.2020	13.2808	13.2500
3.2685	2.0439	0.2042	13.3806	13.2687
3.2690	2.0444	0.1986	13.3473	13.2821
3.2695	2.0447	0.1977	13.2194	13.2711
3.2700	2.0454	0.1909	13.2018	13.2530
3.2705	2.0446	0.1900	13.3012	13.2452
3.2710	2.0446	0.1939	13.3155	13.2438
3.2715	2.0448	0.1930	13.1860	13.2459
3.2720	2.0449	0.1963	13.1163	13.2607
3.2725	2.0448	0.1963	13.1862	13.2831
3.2730	2.0447	0.1947	13.2504	13.2905
3.2735	2.0435	0.2033	13.1890	13.2863
3.2740	2.0434	0.2072	13.1441	13.3088
3.2745	2.0439	0.2052	13.2416	13.2770
3.2750	2.0446	0.1985	13.3260	13.2417
3.2755	2.0456	0.1944	13.2816	13.2023
3.2760	2.0444	0.1924	13.2278	13.1787
3.2765	2.0440	0.1986	13.3058	13.1698
3.2770	2.0436	0.2089	13.4006	13.1904
3.2775	2.0436	0.2114	13.3536	13.2236
3.2780	2.0429	0.2192	13.2786	13.2399
3.2785	2.0421	0.2227	13.3341	13.2645
3.2790	2.0419	0.2275	13.4391	13.2690
3.2795	2.0422	0.2236	13.4131	13.2533
3.2800	2.0417	0.2381	13.3302	13.2381
3.2805	2.0410	0.2352	13.3597	13.2241
3.2810	2.0416	0.2291	13.4661	13.2324
3.2815	2.0416	0.2313	13.4659	13.2219
3.2820	2.0419	0.2302	13.3739	13.2213
3.2825	2.0413	0.2362	13.3734	13.2213
3.2830	2.0420	0.2319	13.4751	13.2171
3.2835	2.0417	0.2329	13.4862	13.2121
3.2840	2.0419	0.2283	13.3882	13.1997
3.2845	2.0423	0.2260	13.3772	13.1754
3.2850	2.0421	0.2255	13.4841	13.1445
3.2855	2.0421	0.2262	13.5107	13.1354
3.2860	2.0421	0.2245	13.4067	13.1149
3.2865	2.0413	0.2307	13.3701	13.1217
3.2870	2.0410	0.2307	13.4730	13.1278
3.2875	2.0414	0.2322	13.5199	13.1526
3.2880	2.0412	0.2331	13.4262	13.1858
3.2885	2.0417	0.2346	13.3619	13.1932
3.2890	2.0410	0.2360	13.4314	13.1839
3.2895	2.0408	0.2419	13.4916	13.1745
3.2900	2.0402	0.2456	13.4120	13.1610
3.2905	2.0398	0.2460	13.3161	13.1495
3.2910	2.0400	0.2487	13.3587	13.1469
3.2915	2.0401	0.2450	13.4282	13.1611
3.2920	2.0396	0.2471	13.3627	13.1733
3.2925	2.0395	0.2514	13.2703	13.1974
3.2930	2.0390	0.2538	13.2912	13.2070
3.2935	2.0387	0.2641	13.3571	13.2330
3.2940	2.0381	0.2683	13.3123	13.2371
3.2945	2.0386	0.2649	13.2062	13.2400
3.2950	2.0384	0.2660	13.1970	13.2162
3.2955	2.0384	0.2668	13.2740	13.2011
3.2960	2.0382	0.2669	13.2372	13.1892
3.2965	2.0379	0.2646	13.1275	13.1779
3.2970	2.0383	0.2646	13.0927	13.1816
3.2975	2.0384	0.2684	13.1965	13.2019
3.2980	2.0389	0.2633	13.0887	13.2063
3.2985	2.0394	0.2567	12.5561	13.2292
3.2990	2.0392	0.2570	12.5204	13.2342
3.2995	2.0390	0.2585	12.6397	13.2092
3.3000	2.0390	0.2585	12.6829	13.1835
3.3005	2.0392	0.2552	12.5928	13.1507
3.3010	2.0385	0.2621	12.5768	13.1236
3.3015	2.0394	0.2566	12.6901	13.1102
3.3020	2.0394	0.2545	12.7404	13.0996
3.3025	2.0395	0.2530	12.6604	13.1114
3.3030	2.0396	0.2520	12.6160	13.1418
3.3035	2.0394	0.2512	12.7092	13.1799
3.3040	2.0395	0.2520	12.8058	13.1923
3.3045	2.0396	0.2484	12.7498	13.1880
3.3050	2.0403	0.2433	12.6909	13.1602
3.3055	2.0404	0.2370	12.7568	13.1245
3.3060	2.0406	0.2393	12.8513	13.0735
3.3065	2.0405	0.2364	12.8203	13.0429
3.3070	2.0413	0.2381	12.7481	13.0297
3.3075	2.0408	0.2332	12.7991	13.0387
3.3080	2.0405	0.2390	12.9036	13.0490
3.3085	2.0393	0.2469	12.8995	13.0892
3.3090	2.0386	0.2585	12.8192	13.1442
3.3095	2.0384	0.2612	12.8555	13.1771
3.3100	2.0392	0.2527	12.9837	13.1759
3.3105	2.0396	0.2528	13.0022	13.1588
3.3110	2.0398	0.2471	12.9196	13.1519
3.3115	2.0395	0.2528	12.9166	13.1031
3.3120	2.0395	0.2531	13.0292	13.0820
3.3125	2.0398	0.2564	13.0774	13.0738
3.3130	2.0403	0.2484	13.0007	13.1107
3.3135	2.0402	0.2430	12.9693	13.1413
3.3140	2.0409	0.2406	13.0787	13.1992
3.3145	2.0404	0.2466	13.1474	13.2443
3.3150	2.0403	0.2483	13.0821	13.2612
3.3155	2.0406	0.2443	13.0339	13.2560
3.3160	2.0401	0.2460	13.1328	13.2181
3.3165	2.0400	0.2479	13.2199	13.1845
3.3170	2.0400	0.2469	13.1641	13.1611
3.3175	2.0395	0.2493	13.1063	13.1489
3.3180	2.0394	0.2540	13.1866	13.1552
3.3185	2.0392	0.2539	13.2951	13.1794
3.3190	2.0389	0.2612	13.2537	13.2296
3.3195	2.0384	0.2606	13.1799	13.2522
3.3200	2.0391	0.2625	13.2401	13.2825
3.3205	2.0386	0.2596	13.3504	13.2588
3.3210	2.0386	0.2606	13.3350	13.2633
3.3215	2.0389	0.2546	13.2475	13.2415
3.3220	2.0390	0.2575	13.2734	13.1817
3.3225	2.0389	0.2515	13.3779	13.1467
3.3230	2.0395	0.2532	13.3818	13.1291
3.3235	2.0400	0.2539	13.2989	13.1350
3.3240	2.0396	0.2531	13.2988	13.1581
3.3245	2.0393	0.2541	13.4009	13.1806
3.3250	2.0396	0.2502	13.4227	13.2078
3.3255	2.0401	0.2469	13.3443	13.2259
3.3260	2.0403	0.2473	13.3284	13.2239
3.3265	2.0400	0.2493	13.4132	13.2140
3.3270	2.0396	0.2488	13.4580	13.1769
3.3275	2.0397	0.2544	13.3845	13.1537
3.3280	2.0397	0.2511	13.3545	13.1174
3.3285	2.0396	0.2495	13.4519	13.1128
3.3290	2.0395	0.2536	13.5126	13.1193
3.3295	2.0392	0.2559	13.4443	13.1447
3.3300	2.0390	0.2585	13.3871	13.1665
3.3305	2.0392	0.2637	13.4564	13.1794
3.3310	2.0382	0.2591	13.5310	13.1842
3.3315	2.0378	0.2685	13.4731	13.1690
3.3320	2.0383	0.2680	13.3961	13.1564
3.3325	2.0375	0.2685	13.4580	13.1667
3.3330	2.0376	0.2714	13.5421	13.1563
3.3335	2.0369	0.2821	13.4790	13.1737
3.3340	2.0372	0.2782	13.3995	13.2088
3.3345	2.0377	0.2761	13.4250	13.2316
3.3350	2.0375	0.2774	13.5309	13.2467
3.3355	2.0374	0.2773	13.4136	13.2532
3.3360	2.0373	0.2759	13.2100	13.2505
3.3365	2.0368	0.2888	13.2725	13.2478
3.3370	2.0366	0.2900	13.3626	13.2493
3.3375	2.0367	0.2832	13.3429	13.2311
3.3380	2.0369	0.2809	13.2426	13.2154
3.3385	2.0371	0.2757	13.2764	13.2256
3.3390	2.0371	0.2760	13.3643	13.2197
3.3395	2.0373	0.2754	13.3547	13.2230
3.3400	2.0384	0.2734	13.2599	13.2311
3.3405	2.0387	0.2591	13.2702	13.2457
3.3410	2.0395	0.2537	13.3683	13.2366
3.3415	2.0399	0.2511	13.3742	13.2370
3.3420	2.0406	0.2416	13.2970	13.2314
3.3425	2.0399	0.2533	13.3138	13.2453
3.3430	2.0395	0.2520	13.4232	13.2783
3.3435	2.0391	0.2576	13.4476	13.2767
3.3440	2.0387	0.2564	13.3662	13.2839
3.3445	2.0390	0.2609	13.3616	13.2719
3.3450	2.0386	0.2614	13.4738	13.2515
3.3455	2.0385	0.2613	13.5182	13.2163
3.3460	2.0394	0.2576	13.4415	13.1701
3.3465	2.0384	0.2664	13.4067	13.1615
3.3470	2.0382	0.2616	13.4943	13.1321
3.3475	2.0379	0.2664	13.5564	13.1321
3.3480	2.0379	0.2718	13.5000	13.1484
3.3485	2.0380	0.2695	13.4616	13.1633
3.3490	2.0374	0.2712	13.5299	13.1883
3.3495	2.0376	0.2750	13.5959	13.1991
3.3500	2.0378	0.2718	13.5468	13.2221
3.3505	2.0384	0.2672	13.4816	13.2162
3.3510	2.0384	0.2620	13.5284	13.2018
3.3515	2.0391	0.2610	13.6044	13.1841
3.3520	2.0386	0.2573	13.5740	13.1579
3.3525	2.0390	0.2574	13.5098	13.1413
3.3530	2.0386	0.2559	13.5458	13.1519
3.3535	2.0391	0.2602	13.6136	13.1712
3.3540	2.0387	0.2612	13.5852	13.1808
3.3545	2.0382	0.2632	13.5145	13.2077
3.3550	2.0381	0.2692	13.5284	13.2438
3.3555	2.0380	0.2679	13.5975	13.2601
3.3560	2.0378	0.2762	13.5810	13.2585
3.3565	2.0381	0.2691	13.5075	13.2430
3.3570	2.0391	0.2562	13.5066	13.2123
3.3575	2.0394	0.2550	13.5630	13.1752
3.3580	2.0394	0.2531	13.5443	13.1552
3.3585	2.0398	0.2517	13.4648	13.1510
3.3590	2.0402	0.2440	13.4546	13.1623
3.3595	2.0410	0.2347	13.4990	13.1829
3.3600	2.0415	0.2273	13.4857	13.1965
3.3605	2.0423	0.2246	13.4016	13.2192
3.3610	2.0418	0.2282	13.3802	13.2225
3.3615	2.0412	0.2344	13.4363	13.2004
3.3620	2.0401	0.2440	13.4113	13.1986
3.3625	2.0401	0.2465	13.3229	13.1786
3.3630	2.0404	0.2460	13.2925	13.1676
3.3635	2.0397	0.2518	13.3329	13.1592
3.3640	2.0400	0.2500	13.3226	13.1418
3.3645	2.0392	0.2552	13.2483	13.1651
3.3650	2.0390	0.2602	13.1089	13.2232
3.3655	2.0388	0.2597	13.1512	13.2533
3.3660	2.0384	0.2669	13.2073	13.2654
3.3665	2.0380	0.2625	13.1100	13.2629
3.3670	2.0381	0.2649	13.0325	13.2284
3.3675	2.0380	0.2654	13.0771	13.1880
3.3680	2.0384	0.2708	13.0732	13.1494
3.3685	2.0383	0.2683	12.8500	13.1089
3.3690	2.0380	0.2632	12.6931	13.0872
3.3695	2.0379	0.2723	12.6878	13.0864
3.3700	2.0374	0.2751	12.7472	13.1135
3.3705	2.0371	0.2841	12.7363	13.1384
3.3710	2.0372	0.2745	12.6761	13.1602
3.3715	2.0372	0.2770	12.7181	13.1562
3.3720	2.0380	0.2708	12.8098	13.1694
3.3725	2.0383	0.2643	12.7968	13.1636
3.3730	2.0390	0.2579	12.7297	13.1458
3.3735	2.0391	0.2548	12.7542	13.1259
3.3740	2.0392	0.2496	12.8402	13.1080
3.3745	2.0402	0.2452	12.8511	13.0989
3.3750	2.0403	0.2416	12.7924	13.1228
3.3755	2.0402	0.2426	12.7914	13.1394
3.3760	2.0402	0.2458	12.8806	13.1721
3.3765	2.0393	0.2561	12.9253	13.2029
3.3770	2.0390	0.2566	12.8854	13.2386
3.3775	2.0392	0.2567	12.8690	13.2612
3.3780	2.0391	0.2608	12.9396	13.2792
3.3785	2.0387	0.2588	12.9944	13.2674
3.3790	2.0393	0.2560	12.9620	13.2299
3.3795	2.0392	0.2540	12.9366	13.2024
3.3800	2.0387	0.2606	13.0006	13.1791
3.3805	2.0382	0.2590	13.0476	13.1692
3.3810	2.0392	0.2615	13.0141	13.1877
3.3815	2.0389	0.2601	12.9899	13.2044
3.3820	2.0385	0.2629	13.0469	13.2247
3.3825	2.0387	0.2620	13.1093	13.2340
3.3830	2.0392	0.2557	13.0840	13.2378
3.3835	2.0389	0.2564	13.0323	13.2192
3.3840	2.0399	0.2466	13.0817	13.1791
3.3845	2.0399	0.2557	13.1753	13.1394
3.3850	2.0400	0.2537	13.1755	13.1079
3.3855	2.0398	0.2483	13.1152	13.1126
3.3860	2.0391	0.2590	13.1339	13.1135
3.3865	2.0384	0.2640	13.2279	13.1671
3.3870	2.0382	0.2650	13.2467	13.2470
3.3875	2.0382	0.2697	13.1859	13.3235
3.3880	2.0379	0.2692	13.1983	13.3478
3.3885	2.0382	0.2663	13.2862	13.3310
3.3890	2.0380	0.2692	13.3082	13.3085
3.3895	2.0386	0.2644	13.2413	13.2722
3.3900	2.0386	0.2663	13.2262	13.2296
3.3905	2.0384	0.2638	13.3038	13.1939
3.3910	2.0389	0.2569	13.3617	13.1934
3.3915	2.0395	0.2540	13.2940	13.1890
3.3920	2.0399	0.2493	13.2467	13.2126
3.3925	2.0400	0.2425	13.3197	13.2492
3.3930	2.0406	0.2351	13.3779	13.2612
3.3935	2.0413	0.2310	13.3271	13.2772
3.3940	2.0422	0.2290	13.2759	13.2676
3.3945	2.0430	0.2152	13.3335	13.2386
3.3950	2.0430	0.2186	13.4137	13.2035
3.3955	2.0425	0.2176	13.3815	13.1857
3.3960	2.0426	0.2198	13.3206	13.1942
3.3965	2.0432	0.2180	13.3628	13.2017
3.3970	2.0428	0.2208	13.4368	13.2092
3.3975	2.0427	0.2142	13.4227	13.2226
3.3980	2.0428	0.2206	13.3721	13.2230
3.3985	2.0424	0.2172	13.3878	13.2094
3.3990	2.0421	0.2251	13.4527	13.2017
3.3995	2.0419	0.2234	13.4463	13.2046
3.4000	2.0425	0.2177	13.4018	13.2101
3.4005	2.0424	0.2221	13.3846	13.2266
3.4010	2.0425	0.2219	13.4411	13.2443
3.4015	2.0423	0.2245	13.4557	13.2520
3.4020	2.0422	0.2220	13.4192	13.2671
3.4025	2.0418	0.2262	13.3670	13.2799
3.4030	2.0422	0.2225	13.4117	13.2928
3.4035	2.0425	0.2210	13.3369	13.2885
3.4040	2.0419	0.2263	13.1285	13.2675
3.4045	2.0409	0.2360	13.1005	13.2618
3.4050	2.0408	0.2404	13.1243	13.2554
3.4055	2.0415	0.2345	13.1801	13.2282
3.4060	2.0414	0.2281	13.1626	13.2094
3.4065	2.0421	0.2288	13.1462	13.1884
3.4070	2.0419	0.2280	13.1832	13.1914
3.4075	2.0419	0.2247	13.2405	13.2028
3.4080	2.0419	0.2309	13.2354	13.2204
3.4085	2.0421	0.2275	13.2152	13.2544
3.4090	2.0418	0.2304	13.2549	13.2697
3.4095	2.0417	0.2266	13.3243	13.2753
3.4100	2.0419	0.2292	13.3161	13.2889
3.4105	2.0414	0.2307	13.2845	13.2851
3.4110	2.0414	0.2378	13.3191	13.2874
3.4115	2.0407	0.2386	13.3923	13.2904
3.4120	2.0409	0.2413	13.3975	13.2738
3.4125	2.0404	0.2430	13.3628	13.2702
3.4130	2.0411	0.2355	13.3705	13.2576
3.4135	2.0408	0.2426	13.4308	13.2329
3.4140	2.0412	0.2387	13.4493	13.2169
3.4145	2.0417	0.2300	13.4039	13.2195
3.4150	2.0418	0.2343	13.4102	13.2195
3.4155	2.0418	0.2331	13.4856	13.2150
3.4160	2.0409	0.2334	13.5105	13.2174
3.4165	2.0415	0.2278	13.4582	13.2194
3.4170	2.0413	0.2337	13.4406	13.2530
3.4175	2.0410	0.2365	13.4959	13.2642
3.4180	2.0412	0.2321	13.5380	13.2700
3.4185	2.0404	0.2402	13.5019	13.2684
3.4190	2.0403	0.2452	13.4569	13.2473
3.4195	2.0406	0.2382	13.4940	13.2252
3.4200	2.0402	0.2403	13.5454	13.1993
3.4205	2.0411	0.2374	13.5225	13.1581
3.4210	2.0409	0.2422	13.4705	13.1342
3.4215	2.0406	0.2408	13.4932	13.1157
3.4220	2.0406	0.2463	13.5458	13.1397
3.4225	2.0402	0.2484	13.5396	13.1595
3.4230	2.0403	0.2508	13.4912	13.2015
3.4235	2.0395	0.2538	13.4783	13.2210
3.4240	2.0396	0.2530	13.5092	13.2197
3.4245	2.0396	0.2517	13.5211	13.2063
3.4250	2.0397	0.2477	13.4882	13.1713
3.4255	2.0396	0.2446	13.4563	13.1442
3.4260	2.0397	0.2540	13.4566	13.1240
3.4265	2.0394	0.2561	13.4687	13.1424
3.4270	2.0393	0.2499	13.4421	13.1622
3.4275	2.0400	0.2493	13.3961	13.2030
3.4280	2.0404	0.2409	13.3797	13.2234
3.4285	2.0406	0.2390	13.4026	13.2399
3.4290	2.0406	0.2374	13.3963	13.2397
3.4295	2.0398	0.2455	13.3438	13.2311
3.4300	2.0399	0.2555	13.3050	13.2284
3.4305	2.0387	0.2593	13.3156	13.2298
3.4310	2.0385	0.2572	13.3181	13.2370
3.4315	2.0392	0.2612	13.2776	13.2309
3.4320	2.0385	0.2654	13.2128	13.2539
3.4325	2.0377	0.2680	13.2119	13.2719
3.4330	2.0373	0.2773	13.1076	13.3032
3.4335	2.0374	0.2747	13.1307	13.3119
3.4340	2.0371	0.2775	13.1220	13.3251
3.4345	2.0362	0.2846	13.0788	13.3120
3.4350	2.0366	0.2833	13.0758	13.2875
3.4355	2.0375	0.2726	13.0774	13.2625
3.4360	2.0378	0.2715	13.0369	13.2263
3.4365	2.0377	0.2735	13.0064	13.2035
3.4370	2.0381	0.2698	12.9399	13.1951
3.4375	2.0376	0.2721	12.9372	13.2066
3.4380	2.0380	0.2697	12.8048	13.2307
3.4385	2.0383	0.2697	12.6316	13.2726
3.4390	2.0384	0.2650	12.6978	13.2887
3.4395	2.0390	0.2593	12.6865	13.2985
3.4400	2.0387	0.2576	12.7086	13.3047
3.4405	2.0391	0.2577	12.7239	13.3272
3.4410	2.0395	0.2497	12.7492	13.2879
3.4415	2.0398	0.2535	12.7470	13.2666
3.4420	2.0401	0.2496	12.7589	13.2386
3.4425	2.0413	0.2344	12.7574	13.2242
3.4430	2.0430	0.2169	12.7831	13.2137
3.4435	2.0434	0.2084	12.8106	13.2003
3.4440	2.0435	0.2083	12.8192	13.2018
3.4445	2.0441	0.2074	12.8304	13.2325
3.4450	2.0440	0.2006	12.8524	13.2402
3.4455	2.0445	0.1989	12.8748	13.2617
3.4460	2.0449	0.1936	12.8922	13.2484
3.4465	2.0445	0.2004	12.8935	13.2323
3.4470	2.0448	0.1990	12.9068	13.2194
3.4475	2.0445	0.1977	12.9330	13.2152
3.4480	2.0441	0.2041	12.9653	13.2183
3.4485	2.0434	0.2096	12.9657	13.2318
3.4490	2.0437	0.2154	12.9610	13.2557
3.4495	2.0438	0.2108	12.9958	13.2858
3.4500	2.0434	0.2096	13.0328	13.2978
3.4505	2.0432	0.2160	13.0269	13.2821
3.4510	2.0425	0.2180	13.0250	13.2688
3.4515	2.0426	0.2269	13.0709	13.2699
3.4520	2.0413	0.2290	13.1086	13.2666
3.4525	2.0410	0.2364	13.0979	13.2531
3.4530	2.0406	0.2369	13.0874	13.2585
3.4535	2.0407	0.2392	13.1202	13.2731
3.4540	2.0404	0.2395	13.1696	13.2762
3.4545	2.0402	0.2418	13.1751	13.2751
3.4550	2.0404	0.2408	13.1598	13.2953
3.4555	2.0408	0.2347	13.1832	13.2877
3.4560	2.0413	0.2371	13.2347	13.2882
3.4565	2.0414	0.2323	13.2449	13.2932
3.4570	2.0413	0.2354	13.2090	13.3013
3.4575	2.0410	0.2325	13.2218	13.3040
3.4580	2.0415	0.2375	13.2783	13.3019
3.4585	2.0417	0.2279	13.2952	13.2946
3.4590	2.0422	0.2240	13.2537	13.2696
3.4595	2.0418	0.2231	13.2504	13.2562
3.4600	2.0414	0.2304	13.3062	13.2335
3.4605	2.0413	0.2312	13.3276	13.2447
3.4610	2.0413	0.2292	13.2827	13.2606
3.4615	2.0418	0.2271	13.2734	13.2744
3.4620	2.0419	0.2234	13.3242	13.2853
3.4625	2.0424	0.2194	13.3555	13.2833
3.4630	2.0422	0.2236	13.3175	13.2941
3.4635	2.0424	0.2257	13.3020	13.3043
3.4640	2.0418	0.2243	13.3516	13.2922
3.4645	2.0419	0.2298	13.3927	13.2843
3.4650	2.0408	0.2295	13.3723	13.2574
3.4655	2.0405	0.2398	13.3597	13.2234
3.4660	2.0397	0.2443	13.3947	13.1997
3.4665	2.0401	0.2479	13.4270	13.1919
3.4670	2.0395	0.2535	13.4037	13.1845
3.4675	2.0390	0.2535	13.3870	13.1814
3.4680	2.0392	0.2595	13.4143	13.1829
3.4685	2.0392	0.2582	13.4521	13.2023
3.4690	2.0394	0.2538	13.4259	13.2009
3.4695	2.0392	0.2599	13.3951	13.2195
3.4700	2.0389	0.2626	13.4066	13.2379
3.4705	2.0389	0.2641	13.4576	13.2560
3.4710	2.0390	0.2591	13.2839	13.2645
3.4715	2.0395	0.2511	13.0720	13.2703
3.4720	2.0391	0.2514	13.0790	13.2700
3.4725	2.0387	0.2573	13.1138	13.2669
3.4730	2.0393	0.2597	13.1226	13.2835
3.4735	2.0382	0.2658	13.1182	13.2966
3.4740	2.0381	0.2635	13.1587	13.2893
3.4745	2.0381	0.2646	13.2000	13.2831
3.4750	2.0384	0.2626	13.2110	13.2575
3.4755	2.0390	0.2587	13.1921	13.2430
3.4760	2.0386	0.2588	13.2228	13.2096
3.4765	2.0389	0.2624	13.2677	13.1907
3.4770	2.0392	0.2574	13.2752	13.1778
3.4775	2.0394	0.2584	13.2669	13.1921
3.4780	2.0399	0.2458	13.3053	13.2163
3.4785	2.0401	0.2423	13.3459	13.2162
3.4790	2.0410	0.2426	13.3337	13.2235
3.4795	2.0410	0.2366	13.3156	13.2290
3.4800	2.0408	0.2403	13.3641	13.2133
3.4805	2.0414	0.2398	13.4186	13.1752
3.4810	2.0411	0.2409	13.3958	13.1582
3.4815	2.0407	0.2372	13.3617	13.1412
3.4820	2.0413	0.2328	13.4101	13.1352
3.4825	2.0415	0.2298	13.4866	13.1307
3.4830	2.0421	0.2280	13.4892	13.1405
3.4835	2.0425	0.2213	13.4317	13.1745
3.4840	2.0433	0.2085	13.4403	13.1978
3.4845	2.0442	0.2021	13.5119	13.1952
3.4850	2.0440	0.2058	13.5292	13.2056
3.4855	2.0440	0.2055	13.4751	13.2151
3.4860	2.0436	0.2049	13.4729	13.2249
3.4865	2.0444	0.2062	13.5312	13.2350
3.4870	2.0446	0.1956	13.5401	13.2301
3.4875	2.0448	0.1959	13.4906	13.1967
3.4880	2.0453	0.1922	13.4803	13.1623
3.4885	2.0450	0.1972	13.5381	13.1265
3.4890	2.0459	0.1871	13.5711	13.0999
3.4895	2.0461	0.1821	13.5266	13.0717
3.4900	2.0459	0.1862	13.4914	13.0578
3.4905	2.0454	0.1869	13.5333	13.0712
3.4910	2.0455	0.1906	13.5883	13.1178
3.4915	2.0447	0.1959	13.5472	13.1614
3.4920	2.0444	0.1929	13.4935	13.1943
3.4925	2.0447	0.1932	13.5121	13.2231
3.4930	2.0459	0.1873	13.5501	13.2228
3.4935	2.0467	0.1753	13.5225	13.1827
3.4940	2.0466	0.1712	13.4579	13.1605
3.4945	2.0470	0.1708	13.4608	13.1375
3.4950	2.0467	0.1717	13.5139	13.1237
3.4955	2.0463	0.1790	13.4822	13.1545
3.4960	2.0462	0.1817	13.4130	13.2105
3.4965	2.0453	0.1877	13.3959	13.2708
3.4970	2.0452	0.1901	13.4339	13.3137
3.4975	2.0445	0.1943	13.4201	13.3182
3.4980	2.0447	0.2057	13.3395	13.2943
3.4985	2.0431	0.2140	13.3023	13.2446
3.4990	2.0421	0.2230	13.3438	13.1941
3.4995	2.0415	0.2289	13.3449	13.1589
3.5000	2.0410	0.2347	13.2704	13.1414
3.5005	2.0408	0.2411	13.2157	13.1541
3.5010	2.0399	0.2482	13.2436	13.1815
3.5015	2.0400	0.2494	13.2406	13.2192
3.5020	2.0392	0.2553	13.1963	13.2463
3.5025	2.0387	0.2629	13.0902	13.2452
3.5030	2.0382	0.2694	13.0545	13.2219
3.5035	2.0386	0.2632	13.1400	13.1853
3.5040	2.0377	0.2669	13.1254	13.1288
3.5045	2.0379	0.2730	13.0236	13.0772
3.5050	2.0378	0.2683	12.9825	13.0579
3.5055	2.0382	0.2686	13.0318	13.0376
3.5060	2.0390	0.2620	13.0242	13.0720
3.5065	2.0391	0.2565	12.9064	13.1195
3.5070	2.0391	0.2552	12.8468	13.1832
3.5075	2.0398	0.2510	12.7755	13.2251
3.5080	2.0395	0.2527	12.7838	13.2477
3.5085	2.0398	0.2473	12.7403	13.2981
3.5090	2.0397	0.2496	12.6900	13.2961
3.5095	2.0393	0.2533	12.7935	13.2651
3.5100	2.0390	0.2563	12.8660	13.2301
3.5105	2.0388	0.2577	12.8103	13.2017
3.5110	2.0390	0.2534	12.7508	13.1739
3.5115	2.0392	0.2550	12.8339	13.1801
3.5120	2.0390	0.2579	12.9246	13.1786
3.5125	2.0388	0.2595	12.8845	13.1990
3.5130	2.0390	0.2596	12.8127	13.2095
3.5135	2.0391	0.2571	12.8748	13.2220
3.5140	2.0392	0.2570	12.9855	13.2276
3.5145	2.0393	0.2551	12.9728	13.2235
3.5150	2.0393	0.2515	12.8849	13.2180
3.5155	2.0401	0.2457	12.9302	13.2170
3.5160	2.0405	0.2481	13.0481	13.2138
3.5165	2.0413	0.2366	13.0488	13.2074
3.5170	2.0405	0.2385	12.9519	13.2084
3.5175	2.0405	0.2415	12.9723	13.2312
3.5180	2.0402	0.2489	13.0984	13.2436
3.5185	2.0404	0.2437	13.1186	13.2592
3.5190	2.0400	0.2452	13.0288	13.2649
3.5195	2.0406	0.2397	13.0314	13.2814
3.5200	2.0403	0.2472	13.1428	13.2665
3.5205	2.0395	0.2543	13.1868	13.2458
3.5210	2.0377	0.2730	13.1097	13.2375
3.5215	2.0374	0.2788	13.0904	13.2463
3.5220	2.0372	0.2789	13.2004	13.2603
3.5225	2.0374	0.2758	13.2684	13.2635
3.5230	2.0371	0.2755	13.1947	13.2589
3.5235	2.0372	0.2759	13.1489	13.2527
3.5240	2.0370	0.2803	13.2411	13.2306
3.5245	2.0372	0.2785	13.3258	13.2107
3.5250	2.0374	0.2800	13.2760	13.1909
3.5255	2.0382	0.2694	13.2118	13.1681
3.5260	2.0392	0.2556	13.2728	13.1307
3.5265	2.0399	0.2475	13.3651	13.1135
3.5270	2.0410	0.2387	13.3329	13.1052
3.5275	2.0423	0.2272	13.2507	13.1012
3.5280	2.0423	0.2213	13.2843	13.1082
3.5285	2.0420	0.2260	13.3879	13.1288
3.5290	2.0410	0.2340	13.3759	13.1556
3.5295	2.0418	0.2248	13.2858	13.1930
3.5300	2.0435	0.2104	13.2954	13.1918
3.5305	2.0441	0.2079	13.4042	13.1901
3.5310	2.0438	0.2069	13.4281	13.1650
3.5315	2.0440	0.2033	13.3352	13.1477
3.5320	2.0441	0.2032	13.3180	13.1314
3.5325	2.0438	0.2060	13.4175	13.1481
3.5330	2.0450	0.1995	13.4637	13.1559
3.5335	2.0448	0.1976	13.3842	13.1611
3.5340	2.0442	0.2032	13.3460	13.1802
3.5345	2.0433	0.2087	13.4389	13.2005
3.5350	2.0427	0.2180	13.4921	13.2032
3.5355	2.0427	0.2228	13.4305	13.2194
3.5360	2.0425	0.2202	13.3606	13.2104
3.5365	2.0426	0.2190	13.4521	13.2139
3.5370	2.0436	0.2126	13.4164	13.2212
3.5375	2.0433	0.2101	13.0175	13.2030
3.5380	2.0434	0.2099	12.9007	13.1877
3.5385	2.0437	0.2066	12.9724	13.1862
3.5390	2.0433	0.2059	13.0754	13.1938
3.5395	2.0439	0.2089	13.0571	13.1957
3.5400	2.0431	0.2138	13.0239	13.2200
3.5405	2.0432	0.2157	13.0899	13.2315
3.5410	2.0431	0.2147	13.1953	13.2361
3.5415	2.0426	0.2132	13.1818	13.2235
3.5420	2.0434	0.2178	13.1217	13.2026
3.5425	2.0424	0.2172	13.1589	13.1754
3.5430	2.0426	0.2223	13.2581	13.1562
3.5435	2.0419	0.2245	13.2687	13.1463
3.5440	2.0417	0.2268	13.2019	13.1478
3.5445	2.0414	0.2323	13.2246	13.1539
3.5450	2.0413	0.2353	13.3242	13.1845
3.5455	2.0403	0.2433	13.3531	13.2202
3.5460	2.0399	0.2455	13.2820	13.2329
3.5465	2.0402	0.2493	13.2869	13.2492
3.5470	2.0391	0.2518	13.3919	13.2532
3.5475	2.0390	0.2594	13.4279	13.2428
3.5480	2.0386	0.2591	13.3560	13.2290
3.5485	2.0384	0.2626	13.3441	13.2088
3.5490	2.0390	0.2635	13.4536	13.1737
3.5495	2.0382	0.2622	13.5028	13.1581
3.5500	2.0380	0.2723	13.4209	13.1462
3.5505	2.0377	0.2725	13.3796	13.1589
3.5510	2.0370	0.2778	13.4726	13.1740
3.5515	2.0370	0.2862	13.5470	13.1893
3.5520	2.0363	0.2845	13.4838	13.2061
3.5525	2.0362	0.2917	13.4229	13.2188
3.5530	2.0361	0.2912	13.4945	13.2050
3.5535	2.0358	0.2898	13.5770	13.2005
3.5540	2.0362	0.2862	13.5348	13.1885
3.5545	2.0363	0.2904	13.4561	13.1676
3.5550	2.0364	0.2829	13.4979	13.1640
3.5555	2.0362	0.2862	13.5815	13.1775
3.5560	2.0367	0.2829	13.5508	13.2063
3.5565	2.0379	0.2767	13.4662	13.2164
3.5570	2.0381	0.2677	13.4944	13.2032
3.5575	2.0390	0.2614	13.5928	13.2115
3.5580	2.0395	0.2514	13.5778	13.2149
3.5585	2.0395	0.2515	13.4786	13.1997
3.5590	2.0385	0.2614	13.4847	13.2253
3.5595	2.0387	0.2650	13.5808	13.2659
3.5600	2.0383	0.2636	13.5932	13.3009
3.5605	2.0388	0.2667	13.4972	13.3243
3.5610	2.0384	0.2623	13.4632	13.3284
3.5615	2.0390	0.2622	13.5312	13.3176
3.5620	2.0390	0.2608	13.5577	13.3067
3.5625	2.0387	0.2637	13.4699	13.2633
3.5630	2.0387	0.2582	13.4057	13.2356
3.5635	2.0391	0.2588	13.4532	13.2504
3.5640	2.0394	0.2594	13.4912	13.2651
3.5645	2.0392	0.2592	13.4188	13.2825
3.5650	2.0393	0.2575	13.3402	13.2848
3.5655	2.0395	0.2561	13.3707	13.2967
3.5660	2.0397	0.2557	13.4179	13.2870
3.5665	2.0404	0.2450	13.3562	13.2720
3.5670	2.0409	0.2368	13.2576	13.2676
3.5675	2.0414	0.2346	13.2605	13.2503
3.5680	2.0420	0.2292	13.3171	13.2462
3.5685	2.0419	0.2257	13.2731	13.2504
3.5690	2.0414	0.2352	13.1770	13.2851
3.5695	2.0414	0.2292	13.1634	13.3207
3.5700	2.0428	0.2195	13.2253	13.3400
3.5705	2.0429	0.2180	13.1449	13.3411
3.5710	2.0431	0.2119	12.8850	13.3442
3.5715	2.0428	0.2194	12.8730	13.3112
3.5720	2.0418	0.2234	12.9493	13.2756
3.5725	2.0419	0.2263	12.9437	13.2473
3.5730	2.0421	0.2295	12.8502	13.2350
3.5735	2.0425	0.2256	12.8323	13.2191
3.5740	2.0431	0.2180	12.9025	13.2152
3.5745	2.0429	0.2147	12.9275	13.2102
3.5750	2.0431	0.2111	12.8452	13.2436
3.5755	2.0432	0.2138	12.8267	13.2379
3.5760	2.0437	0.2096	12.7869	13.2957
3.5765	2.0437	0.2048	12.8048	13.3355
3.5770	2.0442	0.1997	12.7768	13.3536
3.5775	2.0434	0.2071	12.7415	13.3533
3.5780	2.0428	0.2204	12.8029	13.3321
3.5785	2.0419	0.2202	12.8637	13.3192
3.5790	2.0414	0.2284	12.8449	13.2975
3.5795	2.0415	0.2289	12.8018	13.2780
3.5800	2.0413	0.2336	12.8437	13.2636
3.5805	2.0410	0.2307	12.9246	13.2672
3.5810	2.0409	0.2417	12.9307	13.2626
3.5815	2.0408	0.2387	12.8735	13.2713
3.5820	2.0408	0.2402	12.9095	13.2800
3.5825	2.0411	0.2400	12.9968	13.2970
3.5830	2.0411	0.2339	13.0090	13.3021
3.5835	2.0414	0.2360	12.9539	13.3036
3.5840	2.0411	0.2355	12.9545	13.2848
3.5845	2.0409	0.2387	13.0513	13.2843
3.5850	2.0408	0.2394	13.0938	13.2713
3.5855	2.0408	0.2363	13.0338	13.2494
3.5860	2.0407	0.2431	13.0031	13.2564
3.5865	2.0401	0.2428	13.0790	13.2638
3.5870	2.0403	0.2437	13.1576	13.2760
3.5875	2.0397	0.2501	13.1233	13.2831
3.5880	2.0395	0.2522	13.0899	13.2924
3.5885	2.0393	0.2546	13.1485	13.3080
3.5890	2.0390	0.2531	13.2221	13.3161
3.5895	2.0390	0.2611	13.1943	13.3285
3.5900	2.0389	0.2602	13.1520	13.3390
3.5905	2.0388	0.2579	13.2125	13.3451
3.5910	2.0390	0.2586	13.3003	13.3456
3.5915	2.0387	0.2619	13.2818	13.3556
3.5920	2.0381	0.2653	13.2235	13.3445
3.5925	2.0380	0.2694	13.2534	13.3288
3.5930	2.0378	0.2691	13.3414	13.3286
3.5935	2.0379	0.2726	13.3414	13.3102
3.5940	2.0375	0.2742	13.2735	13.2981
3.5945	2.0372	0.2764	13.2790	13.2790
3.5950	2.0374	0.2745	13.3642	13.2580
3.5955	2.0372	0.2767	13.3877	13.2280
3.5960	2.0368	0.2841	13.3192	13.2163
3.5965	2.0362	0.2866	13.2982	13.2026
3.5970	2.0364	0.2918	13.3722	13.1838
3.5975	2.0366	0.2894	13.4200	13.1847
3.5980	2.0368	0.2871	13.3769	13.1879
3.5985	2.0363	0.2900	13.3381	13.2011
3.5990	2.0357	0.2906	13.3872	13.2138
3.5995	2.0362	0.2920	13.4466	13.2039
3.6000	2.0368	0.2869	13.4131	13.2028
3.6005	2.0365	0.2801	13.3809	13.2050
3.6010	2.0370	0.2782	13.4254	13.1809
3.6015	2.0374	0.2758	13.4828	13.1701
3.6020	2.0381	0.2721	13.4627	13.1605
3.6025	2.0378	0.2741	13.4060	13.1576
3.6030	2.0373	0.2744	13.4320	13.1685
3.6035	2.0379	0.2753	13.4964	13.2339
3.6040	2.0375	0.2702	13.3963	13.2578
3.6045	2.0379	0.2703	13.4126	13.2736
3.6050	2.0388	0.2667	13.4172	13.2831
3.6055	2.0387	0.2620	13.4215	13.2756
3.6060	2.0390	0.2599	13.4420	13.2732
3.6065	2.0390	0.2555	13.4366	13.2599
3.6070	2.0398	0.2520	13.4134	13.2488
3.6075	2.0401	0.2509	13.4217	13.2339
3.6080	2.0392	0.2572	13.4292	13.2546
3.6085	2.0394	0.2562	13.4142	13.2585
3.6090	2.0388	0.2613	13.3825	13.2678
3.6095	2.0394	0.2517	13.3714	13.2676
3.6100	2.0401	0.2523	13.3492	13.2584
3.6105	2.0401	0.2490	13.3144	13.2483
3.6110	2.0402	0.2454	13.2254	13.2477
3.6115	2.0406	0.2423	13.2068	13.2449
3.6120	2.0410	0.2387	13.2462	13.2436
3.6125	2.0423	0.2281	13.2561	13.2478
3.6130	2.0415	0.2278	13.2802	13.2583
3.6135	2.0422	0.2274	13.2970	13.2979
3.6140	2.0430	0.2180	13.3208	13.3125
3.6145	2.0431	0.2170	13.3404	13.3098
3.6150	2.0427	0.2215	13.3646	13.3161
3.6155	2.0427	0.2214	13.3740	13.3341
3.6160	2.0428	0.2167	13.3944	13.3286
3.6165	2.0434	0.2122	13.4219	13.2975
3.6170	2.0439	0.2017	13.4287	13.2684
3.6175	2.0444	0.2012	13.4205	13.2163
3.6180	2.0429	0.2148	13.4409	13.1847
3.6185	2.0430	0.2115	13.4585	13.1729
3.6190	2.0429	0.2156	13.4656	13.1852
3.6195	2.0433	0.2177	13.4762	13.2138
3.6200	2.0435	0.2039	13.4973	13.2233
3.6205	2.0438	0.2081	13.5022	13.2402
3.6210	2.0441	0.2057	13.4935	13.2169
3.6215	2.0434	0.2139	13.5083	13.2168
3.6220	2.0433	0.2127	13.5296	13.1928
3.6225	2.0437	0.2102	13.5317	13.1644
3.6230	2.0437	0.2116	13.5128	13.1487
3.6235	2.0427	0.2130	13.5169	13.1408
3.6240	2.0428	0.2194	13.5451	13.1301
3.6245	2.0416	0.2246	13.5539	13.1522
3.6250	2.0413	0.2328	13.5316	13.1700
3.6255	2.0414	0.2316	13.5177	13.1943
3.6260	2.0418	0.2282	13.5437	13.2130
3.6265	2.0423	0.2282	13.5675	13.2413
3.6270	2.0419	0.2269	13.5436	13.2576
3.6275	2.0422	0.2293	13.5179	13.2654
3.6280	2.0418	0.2251	13.5381	13.2800
3.6285	2.0419	0.2298	13.5559	13.2739
3.6290	2.0418	0.2260	13.5227	13.2891
3.6295	2.0418	0.2259	13.4855	13.2801
3.6300	2.0421	0.2289	13.4983	13.2972
3.6305	2.0419	0.2261	13.5115	13.3243
3.6310	2.0417	0.2324	13.4764	13.3255
3.6315	2.0409	0.2361	13.4317	13.3306
3.6320	2.0411	0.2360	13.4361	13.3269
3.6325	2.0410	0.2405	13.4486	13.3195
3.6330	2.0405	0.2418	13.4112	13.2959
3.6335	2.0400	0.2456	13.3678	13.2769
3.6340	2.0405	0.2334	13.3694	13.2779
3.6345	2.0421	0.2290	13.3721	13.2813
3.6350	2.0424	0.2260	13.3351	13.2810
3.6355	2.0417	0.2281	13.2862	13.3061
3.6360	2.0415	0.2335	13.2613	13.3284
3.6365	2.0407	0.2334	13.2850	13.3551
3.6370	2.0410	0.2377	13.2844	13.3778
3.6375	2.0407	0.2394	13.2297	13.3642
3.6380	2.0403	0.2419	13.1520	13.3326
3.6385	2.0400	0.2422	13.1668	13.3026
3.6390	2.0401	0.2496	13.1534	13.2760
3.6395	2.0393	0.2575	12.8545	13.2334
3.6400	2.0381	0.2602	12.6747	13.2070
3.6405	2.0380	0.2679	12.6971	13.2061
3.6410	2.0383	0.2700	12.7425	13.2079
3.6415	2.0382	0.2638	12.7248	13.2182
3.6420	2.0390	0.2609	12.7082	13.2411
3.6425	2.0385	0.2626	12.7462	13.2487
3.6430	2.0390	0.2562	12.7970	13.2494
3.6435	2.0395	0.2553	12.7914	13.2285
3.6440	2.0398	0.2540	12.7580	13.1985
3.6445	2.0399	0.2446	12.8005	13.1829
3.6450	2.0401	0.2491	12.8591	13.1723
3.6455	2.0398	0.2547	12.8475	13.1638
3.6460	2.0395	0.2532	12.8213	13.1692
3.6465	2.0389	0.2600	12.8452	13.1675
3.6470	2.0391	0.2638	12.9106	13.1733
3.6475	2.0388	0.2573	12.9137	13.1894
3.6480	2.0386	0.2623	12.8841	13.2043
3.6485	2.0391	0.2591	12.9068	13.1995
3.6490	2.0387	0.2588	12.9851	13.1825
3.6495	2.0390	0.2620	13.0012	13.1846
3.6500	2.0392	0.2520	12.9536	13.1660
3.6505	2.0395	0.2570	12.9602	13.1642
3.6510	2.0395	0.2472	13.0485	13.1894
3.6515	2.0409	0.2459	13.0946	13.1888
3.6520	2.0414	0.2359	13.0545	13.2161
3.6525	2.0412	0.2379	13.0308	13.2392
3.6530	2.0413	0.2328	13.0883	13.2458
3.6535	2.0419	0.2257	13.1522	13.2567
3.6540	2.0428	0.2179	13.1368	13.2647
3.6545	2.0423	0.2251	13.0990	13.2516
3.6550	2.0425	0.2228	13.1478	13.2678
3.6555	2.0421	0.2219	13.2193	13.2746
3.6560	2.0431	0.2190	13.1994	13.2611
3.6565	2.0428	0.2175	13.1650	13.2571
3.6570	2.0425	0.2237	13.2122	13.2546
3.6575	2.0415	0.2286	13.2839	13.2605
3.6580	2.0413	0.2316	13.2788	13.2775
3.6585	2.0419	0.2269	13.2445	13.2932
3.6590	2.0417	0.2239	13.2710	13.2981
3.6595	2.0429	0.2171	13.3463	13.2798
3.6600	2.0433	0.2153	13.3649	13.2554
3.6605	2.0434	0.2133	13.3205	13.2130
3.6610	2.0423	0.2238	13.3099	13.1850
3.6615	2.0423	0.2248	13.3758	13.1625
3.6620	2.0417	0.2301	13.4111	13.1582
3.6625	2.0413	0.2343	13.3740	13.1700
3.6630	2.0418	0.2268	13.3612	13.1626
3.6635	2.0413	0.2346	13.4090	13.1740
3.6640	2.0410	0.2369	13.4410	13.1804
3.6645	2.0414	0.2373	13.4061	13.1714
3.6650	2.0409	0.2390	13.3790	13.1671
3.6655	2.0419	0.2257	13.4240	13.1640
3.6660	2.0411	0.2367	13.4743	13.1549
3.6665	2.0421	0.2264	13.4510	13.1528
3.6670	2.0417	0.2270	13.4100	13.1301
3.6675	2.0408	0.2402	13.4509	13.1613
3.6680	2.0409	0.2382	13.5072	13.1973
3.6685	2.0397	0.2445	13.4975	13.2133
3.6690	2.0402	0.2438	13.4597	13.1982
3.6695	2.0404	0.2423	13.4827	13.1770
3.6700	2.0404	0.2425	13.5365	13.1766
3.6705	2.0399	0.2525	13.5302	13.1439
3.6710	2.0395	0.2532	13.4804	13.1267
3.6715	2.0397	0.2558	13.4710	13.1210
3.6720	2.0397	0.2532	13.4638	13.1351
3.6725	2.0393	0.2517	13.5686	13.1639
3.6730	2.0396	0.2530	13.4891	13.1929
3.6735	2.0390	0.2574	13.4057	13.2146
3.6740	2.0390	0.2558	13.4926	13.2240
3.6745	2.0392	0.2534	13.5662	13.2611
3.6750	2.0391	0.2535	13.4851	13.2682
3.6755	2.0384	0.2641	13.3916	13.2741
3.6760	2.0384	0.2659	13.4596	13.2325
3.6765	2.0381	0.2623	13.5376	13.2356
3.6770	2.0389	0.2654	13.4559	13.2361
3.6775	2.0390	0.2577	13.3414	13.2446
3.6780	2.0396	0.2549	13.3828	13.2604
3.6785	2.0402	0.2448	13.4574	13.2671
3.6790	2.0405	0.2458	13.3993	13.2836
3.6795	2.0404	0.2417	13.1974	13.2944
3.6800	2.0406	0.2413	13.2358	13.3132
3.6805	2.0401	0.2446	13.4022	13.3098
3.6810	2.0399	0.2441	13.3640	13.3126
3.6815	2.0399	0.2506	13.2534	13.3093
3.6820	2.0396	0.2508	13.3012	13.3174
3.6825	2.0390	0.2585	13.4750	13.2816
3.6830	2.0383	0.2666	13.4833	13.2647
3.6835	2.0384	0.2684	13.3506	13.2323
3.6840	2.0386	0.2590	13.3494	13.2206
3.6845	2.0393	0.2543	13.5125	13.2063
3.6850	2.0397	0.2579	13.5519	13.2052
3.6855	2.0397	0.2575	13.4176	13.2013
3.6860	2.0392	0.2537	13.3802	13.1960
3.6865	2.0393	0.2564	13.5359	13.2079
3.6870	2.0394	0.2566	13.6080	13.2197
3.6875	2.0394	0.2533	13.4860	13.2274
3.6880	2.0401	0.2478	13.4084	13.2222
3.6885	2.0407	0.2412	13.5412	13.2299
3.6890	2.0414	0.2348	13.6408	13.2399
3.6895	2.0421	0.2292	13.5368	13.2355
3.6900	2.0421	0.2266	13.4401	13.2423
3.6905	2.0414	0.2328	13.5448	13.2648
3.6910	2.0413	0.2338	13.6589	13.2834
3.6915	2.0409	0.2375	13.5645	13.2862
3.6920	2.0406	0.2416	13.4487	13.2932
3.6925	2.0403	0.2387	13.5334	13.2820
3.6930	2.0401	0.2416	13.6547	13.2656
3.6935	2.0406	0.2416	13.5861	13.2427
3.6940	2.0405	0.2458	13.4598	13.2287
3.6945	2.0406	0.2398	13.5137	13.1924
3.6950	2.0409	0.2422	13.6359	13.1907
3.6955	2.0405	0.2376	13.5894	13.2078
3.6960	2.0407	0.2391	13.4652	13.2487
3.6965	2.0405	0.2358	13.4856	13.2940
3.6970	2.0404	0.2440	13.6051	13.3218
3.6975	2.0406	0.2405	13.5786	13.3611
3.6980	2.0411	0.2327	13.4266	13.3487
3.6985	2.0402	0.2434	13.4246	13.3415
3.6990	2.0407	0.2378	13.5334	13.3212
3.6995	2.0410	0.2385	13.5081	13.3011
3.7000	2.0409	0.2407	13.3666	13.2843
3.7005	2.0411	0.2329	13.3419	13.2737
3.7010	2.0415	0.2316	13.4411	13.2759
3.7015	2.0419	0.2234	13.4443	13.2830
3.7020	2.0420	0.2165	13.2986	13.2814
3.7025	2.0431	0.2180	13.2629	13.2910
3.7030	2.0439	0.2080	13.3549	13.2822
3.7035	2.0442	0.2015	13.3750	13.2647
3.7040	2.0449	0.1918	13.2341	13.2501
3.7045	2.0450	0.1939	13.1734	13.2280
3.7050	2.0451	0.1858	13.2458	13.2401
3.7055	2.0454	0.1917	13.2943	13.2384
3.7060	2.0454	0.1853	13.1433	13.2462
3.7065	2.0450	0.1971	13.0984	13.2583
3.7070	2.0449	0.1951	12.9640	13.2775
3.7075	2.0442	0.2016	12.7549	13.2990
3.7080	2.0438	0.2054	12.6795	13.2819
3.7085	2.0429	0.2164	12.6089	13.2691
3.7090	2.0426	0.2197	12.6970	13.2616
3.7095	2.0422	0.2227	12.7757	13.2607
3.7100	2.0422	0.2241	12.7438	13.2565
3.7105	2.0422	0.2257	12.6656	13.2054
3.7110	2.0424	0.2282	12.7334	13.2070
3.7115	2.0416	0.2263	12.8234	13.2183
3.7120	2.0422	0.2287	12.7880	13.2668
3.7125	2.0419	0.2318	12.7174	13.2892
3.7130	2.0411	0.2340	12.7728	13.3071
3.7135	2.0412	0.2357	12.8733	13.3145
3.7140	2.0405	0.2399	12.8626	13.2912
3.7145	2.0406	0.2431	12.7839	13.2699
3.7150	2.0399	0.2428	12.8100	13.2230
3.7155	2.0399	0.2496	12.9203	13.1915
3.7160	2.0398	0.2504	12.9382	13.1609
3.7165	2.0398	0.2514	12.8587	13.1449
3.7170	2.0394	0.2520	12.8560	13.1317
3.7175	2.0393	0.2534	12.9587	13.1591
3.7180	2.0394	0.2508	13.0176	13.1806
3.7185	2.0399	0.2488	12.9465	13.2090
3.7190	2.0394	0.2484	12.9062	13.2298
3.7195	2.0399	0.2531	13.0032	13.2435
3.7200	2.0399	0.2535	13.0911	13.2285
3.7205	2.0396	0.2511	13.0369	13.2071
3.7210	2.0397	0.2528	12.9729	13.2085
3.7215	2.0394	0.2445	13.0469	13.2073
3.7220	2.0399	0.2475	13.1476	13.2139
3.7225	2.0399	0.2506	13.1095	13.2235
3.7230	2.0400	0.2510	13.0316	13.2439
3.7235	2.0399	0.2484	13.0975	13.2623
3.7240	2.0392	0.2524	13.2166	13.2865
3.7245	2.0391	0.2556	13.1930	13.2928
3.7250	2.0390	0.2608	13.1083	13.2806
3.7255	2.0384	0.2644	13.1520	13.2644
3.7260	2.0381	0.2670	13.2730	13.2398
3.7265	2.0372	0.2724	13.2700	13.2065
3.7270	2.0378	0.2746	13.1751	13.1818
3.7275	2.0375	0.2742	13.1957	13.1804
3.7280	2.0371	0.2781	13.3225	13.1771
3.7285	2.0374	0.2751	13.3525	13.2032
3.7290	2.0376	0.2794	13.2509	13.2259
3.7295	2.0378	0.2724	13.2287	13.2480
3.7300	2.0383	0.2659	13.3445	13.2458
3.7305	2.0381	0.2625	13.3931	13.2296
3.7310	2.0385	0.2688	13.2988	13.2043
3.7315	2.0391	0.2608	13.2552	13.1748
3.7320	2.0395	0.2559	13.3604	13.1510
3.7325	2.0399	0.2514	13.4257	13.1603
3.7330	2.0404	0.2483	13.3319	13.1936
3.7335	2.0404	0.2427	13.2745	13.2333
3.7340	2.0408	0.2403	13.3715	13.3009
3.7345	2.0410	0.2358	13.4489	13.3423
3.7350	2.0408	0.2410	13.3765	13.3639
3.7355	2.0404	0.2460	13.2986	13.3692
3.7360	2.0411	0.2350	13.3801	13.3410
3.7365	2.0413	0.2338	13.4787	13.2765
3.7370	2.0411	0.2343	13.4360	13.2158
3.7375	2.0402	0.2420	13.3504	13.1563
3.7380	2.0396	0.2528	13.3995	13.1338
3.7385	2.0398	0.2508	13.5021	13.1520
3.7390	2.0401	0.2469	13.4694	13.1723
3.7395	2.0403	0.2462	13.3734	13.1977
3.7400	2.0410	0.2354	13.4005	13.2105
3.7405	2.0414	0.2310	13.5003	13.2173
3.7410	2.0415	0.2356	13.4824	13.2131
3.7415	2.0411	0.2295	13.3020	13.1972
3.7420	2.0413	0.2340	13.3366	13.1856
3.7425	2.0417	0.2284	13.4610	13.1595
3.7430	2.0420	0.2198	13.4511	13.1666
3.7435	2.0422	0.2189	13.3398	13.1831
3.7440	2.0429	0.2166	13.3271	13.1916
3.7445	2.0433	0.2123	13.4156	13.2328
3.7450	2.0441	0.1994	13.4179	13.2753
3.7455	2.0447	0.1977	13.3154	13.3102
3.7460	2.0458	0.1882	13.2688	13.3233
3.7465	2.0464	0.1776	13.3385	13.3233
3.7470	2.0458	0.1852	13.3625	13.3026
3.7475	2.0443	0.1989	13.2577	13.2879
3.7480	2.0438	0.2005	13.1892	13.2805
3.7485	2.0442	0.2054	13.2493	13.2959
3.7490	2.0438	0.2063	13.3220	13.3152
3.7495	2.0434	0.2109	13.2675	13.3234
3.7500	2.0423	0.2185	13.2139	13.3475
3.7505	2.0428	0.2121	13.2909	13.3505
3.7510	2.0430	0.2168	13.3796	13.3225
3.7515	2.0434	0.2154	13.3468	13.2769
3.7520	2.0436	0.2084	13.2791	13.2389
3.7525	2.0443	0.2087	13.3329	13.2164
3.7530	2.0437	0.2071	13.4235	13.2074
3.7535	2.0436	0.2151	13.4163	13.2229
3.7540	2.0438	0.2093	13.3425	13.2431
3.7545	2.0427	0.2176	13.3533	13.2751
3.7550	2.0427	0.2186	13.4584	13.3083
3.7555	2.0422	0.2212	13.4843	13.3225
3.7560	2.0420	0.2244	13.3946	13.3187
3.7565	2.0412	0.2324	13.3854	13.3141
3.7570	2.0413	0.2269	13.4931	13.3098
3.7575	2.0419	0.2291	13.5178	13.2991
3.7580	2.0417	0.2301	13.4216	13.2654
3.7585	2.0417	0.2322	13.3877	13.2543
3.7590	2.0417	0.2295	13.4934	13.2368
3.7595	2.0415	0.2354	13.5417	13.2389
3.7600	2.0414	0.2356	13.4508	13.2410
3.7605	2.0417	0.2267	13.3945	13.2454
3.7610	2.0414	0.2305	13.4847	13.2340
3.7615	2.0412	0.2315	13.5486	13.2261
3.7620	2.0410	0.2316	13.4773	13.2138
3.7625	2.0416	0.2319	13.4032	13.1919
3.7630	2.0418	0.2274	13.4632	13.1657
3.7635	2.0418	0.2272	13.5357	13.1626
3.7640	2.0424	0.2250	13.4804	13.1893
3.7645	2.0424	0.2203	13.3923	13.1972
3.7650	2.0421	0.2253	13.4197	13.2098
3.7655	2.0416	0.2272	13.4945	13.2285
3.7660	2.0411	0.2368	13.4465	13.2626
3.7665	2.0411	0.2374	13.3534	13.2688
3.7670	2.0406	0.2422	13.3645	13.2649
3.7675	2.0405	0.2411	13.4202	13.2643
3.7680	2.0406	0.2384	13.3867	13.2661
3.7685	2.0401	0.2437	13.3013	13.2573
3.7690	2.0397	0.2517	13.2816	13.2485
3.7695	2.0392	0.2521	13.3348	13.2614
3.7700	2.0388	0.2632	13.3148	13.2789
3.7705	2.0386	0.2633	13.2375	13.2949
3.7710	2.0386	0.2614	13.1908	13.3057
3.7715	2.0391	0.2589	13.2508	13.3161
3.7720	2.0389	0.2614	13.2362	13.3134
3.7725	2.0389	0.2593	13.1649	13.3023
3.7730	2.0384	0.2612	13.0709	13.2862
3.7735	2.0385	0.2657	13.1746	13.2811
3.7740	2.0382	0.2650	12.9913	13.2613
3.7745	2.0387	0.2611	12.5334	13.2698
3.7750	2.0387	0.2597	12.5216	13.2879
3.7755	2.0387	0.2630	12.5946	13.2829
3.7760	2.0389	0.2602	12.6906	13.2765
3.7765	2.0383	0.2596	12.6192	13.2539
3.7770	2.0383	0.2734	12.5883	13.2339
3.7775	2.0376	0.2710	12.6599	13.2356
3.7780	2.0384	0.2670	12.7320	13.2206
3.7785	2.0391	0.2584	12.6797	13.2179
3.7790	2.0391	0.2555	12.6321	13.2081
3.7795	2.0393	0.2564	12.6856	13.2281
3.7800	2.0386	0.2582	12.7892	13.2422
3.7805	2.0389	0.2571	12.7518	13.2532
3.7810	2.0391	0.2509	12.6912	13.2498
3.7815	2.0396	0.2531	12.7293	13.2360
3.7820	2.0391	0.2509	12.8180	13.2141
3.7825	2.0397	0.2552	12.8173	13.1839
3.7830	2.0397	0.2531	12.7581	13.1509
3.7835	2.0398	0.2453	12.7801	13.1375
3.7840	2.0393	0.2546	12.8784	13.1269
3.7845	2.0386	0.2602	12.8991	13.1551
3.7850	2.0379	0.2695	12.8385	13.1899
3.7855	2.0379	0.2720	12.8401	13.2326
3.7860	2.0392	0.2590	12.9344	13.2347
3.7865	2.0393	0.2576	12.9812	13.2491
3.7870	2.0396	0.2478	12.9210	13.2592
3.7875	2.0402	0.2475	12.8998	13.2250
3.7880	2.0402	0.2487	12.9938	13.2043
3.7885	2.0396	0.2515	13.0485	13.1991
3.7890	2.0404	0.2472	12.9897	13.2130
3.7895	2.0408	0.2399	12.9588	13.2307
3.7900	2.0410	0.2403	13.0432	13.2677
3.7905	2.0408	0.2361	13.1089	13.2992
3.7910	2.0412	0.2367	13.0762	13.3296
3.7915	2.0416	0.2330	13.0343	13.3372
3.7920	2.0420	0.2280	13.0946	13.3218
3.7925	2.0414	0.2320	13.1703	13.2812
3.7930	2.0410	0.2344	13.1485	13.2632
3.7935	2.0409	0.2369	13.1091	13.2566
3.7940	2.0408	0.2430	13.1625	13.2639
3.7945	2.0405	0.2460	13.2422	13.2904
3.7950	2.0403	0.2450	13.2267	13.3284
3.7955	2.0405	0.2389	13.1783	13.3509
3.7960	2.0401	0.2426	13.2137	13.3701
3.7965	2.0402	0.2493	13.2973	13.3395
3.7970	2.0399	0.2473	13.2975	13.3451
3.7975	2.0399	0.2481	13.2384	13.3385
3.7980	2.0402	0.2478	13.2582	13.2944
3.7985	2.0397	0.2459	13.3471	13.2674
3.7990	2.0399	0.2479	13.3463	13.2564
3.7995	2.0396	0.2519	13.2797	13.2533
3.8000	2.0395	0.2546	13.2844	13.2681
3.8005	2.0397	0.2558	13.3667	13.2808
3.8010	2.0397	0.2534	13.3863	13.3015
3.8015	2.0401	0.2524	13.3162	13.3032
3.8020	2.0400	0.2464	13.2984	13.3110
3.8025	2.0401	0.2484	13.3804	13.3086
3.8030	2.0402	0.2468	13.4216	13.2692
3.8035	2.0395	0.2494	13.3572	13.2456
3.8040	2.0401	0.2499	13.3360	13.2243
3.8045	2.0399	0.2515	13.4176	13.2268
3.8050	2.0391	0.2567	13.4694	13.2249
3.8055	2.0388	0.2549	13.4066	13.2442
3.8060	2.0389	0.2556	13.3769	13.2703
3.8065	2.0390	0.2622	13.4497	13.2721
3.8070	2.0384	0.2588	13.4977	13.2722
3.8075	2.0387	0.2626	13.4239	13.2552
3.8080	2.0389	0.2646	13.3827	13.2435
3.8085	2.0386	0.2613	13.4455	13.2508
3.8090	2.0374	0.2713	13.5106	13.2450
3.8095	2.0378	0.2741	13.4415	13.2867
3.8100	2.0376	0.2740	13.3755	13.3090
3.8105	2.0376	0.2728	13.4095	13.3401
3.8110	2.0378	0.2729	13.4981	13.3471
3.8115	2.0378	0.2720	13.3629	13.3467
3.8120	2.0373	0.2735	13.1916	13.3431
3.8125	2.0368	0.2806	13.2593	13.3388
3.8130	2.0367	0.2815	13.3437	13.3386
3.8135	2.0376	0.2823	13.3296	13.3106
3.8140	2.0373	0.2739	13.2298	13.3136
3.8145	2.0371	0.2739	13.2495	13.3100
3.8150	2.0373	0.2725	13.3306	13.3131
3.8155	2.0375	0.2738	13.3383	13.3320
3.8160	2.0381	0.2734	13.2499	13.3378
3.8165	2.0383	0.2619	13.2402	13.3384
3.8170	2.0393	0.2599	13.3189	13.3265
3.8175	2.0402	0.2455	13.3556	13.3187
3.8180	2.0400	0.2526	13.3141	13.3185
3.8185	2.0396	0.2539	13.3025	13.3466
3.8190	2.0393	0.2580	13.3758	13.3643
3.8195	2.0392	0.2568	13.4281	13.3590
3.8200	2.0392	0.2581	13.3965	13.3674
3.8205	2.0387	0.2663	13.3714	13.3570
3.8210	2.0388	0.2629	13.4336	13.3337
3.8215	2.0386	0.2632	13.4895	13.2878
3.8220	2.0385	0.2640	13.4558	13.2592
3.8225	2.0382	0.2658	13.4191	13.2282
3.8230	2.0381	0.2692	13.4713	13.1973
3.8235	2.0380	0.2684	13.5332	13.2052
3.8240	2.0384	0.2655	13.5139	13.2130
3.8245	2.0387	0.2646	13.4724	13.2357
3.8250	2.0387	0.2649	13.5061	13.2678
3.8255	2.0386	0.2639	13.5649	13.2816
3.8260	2.0385	0.2618	13.5565	13.3042
3.8265	2.0393	0.2502	13.5113	13.2961
3.8270	2.0397	0.2496	13.5341	13.2824
3.8275	2.0400	0.2474	13.5866	13.2619
3.8280	2.0402	0.2484	13.5725	13.2214
3.8285	2.0401	0.2471	13.5223	13.2152
3.8290	2.0401	0.2520	13.5407	13.2322
3.8295	2.0396	0.2511	13.5998	13.2348
3.8300	2.0396	0.2532	13.5939	13.2376
3.8305	2.0394	0.2558	13.5296	13.2935
3.8310	2.0389	0.2528	13.5360	13.3143
3.8315	2.0389	0.2590	13.5996	13.3307
3.8320	2.0381	0.2622	13.5946	13.3319
3.8325	2.0393	0.2550	13.5269	13.3074
3.8330	2.0401	0.2479	13.5109	13.2727
3.8335	2.0404	0.2455	13.5558	13.2307
3.8340	2.0402	0.2476	13.5573	13.2170
3.8345	2.0407	0.2396	13.4897	13.2182
3.8350	2.0413	0.2369	13.4598	13.2303
3.8355	2.0420	0.2354	13.5005	13.2463
3.8360	2.0416	0.2320	13.5061	13.2722
3.8365	2.0413	0.2360	13.4362	13.2881
3.8370	2.0413	0.2386	13.3983	13.2903
3.8375	2.0401	0.2474	13.4229	13.2822
3.8380	2.0402	0.2455	13.4331	13.2611
3.8385	2.0397	0.2465	13.3828	13.2288
3.8390	2.0394	0.2446	13.3145	13.2100
3.8395	2.0399	0.2485	13.3147	13.1890
3.8400	2.0398	0.2472	13.3354	13.1838
3.8405	2.0398	0.2482	13.2994	13.2314
3.8410	2.0390	0.2568	13.1399	13.2954
3.8415	2.0390	0.2567	13.1517	13.3285
3.8420	2.0392	0.2564	13.2145	13.3328
3.8425	2.0393	0.2553	13.1707	13.3166
3.8430	2.0395	0.2532	13.0960	13.2736
3.8435	2.0388	0.2593	13.0976	13.2166
3.8440	2.0393	0.2527	13.0677	13.1672
3.8445	2.0396	0.2490	12.9049	13.1220
3.8450	2.0390	0.2596	12.7904	13.1129
3.8455	2.0381	0.2668	12.7220	13.1308
3.8460	2.0370	0.2759	12.7541	13.1733
3.8465	2.0373	0.2788	12.7856	13.2107
3.8470	2.0372	0.2816	12.7621	13.2347
3.8475	2.0377	0.2717	12.7716	13.2439
3.8480	2.0380	0.2700	12.8114	13.2294
3.8485	2.0388	0.2626	12.8314	13.1944
3.8490	2.0394	0.2595	12.8154	13.1636
3.8495	2.0394	0.2542	12.8249	13.1328
3.8500	2.0401	0.2461	12.8677	13.1086
3.8505	2.0410	0.2425	12.8956	13.1211
3.8510	2.0401	0.2437	12.8805	13.1630
3.8515	2.0403	0.2463	12.8720	13.2042
3.8520	2.0401	0.2474	12.9081	13.2377
3.8525	2.0395	0.2534	12.9551	13.2717
3.8530	2.0391	0.2568	12.9644	13.2778
3.8535	2.0392	0.2549	12.9502	13.3160
3.8540	2.0387	0.2599	12.9723	13.2915
3.8545	2.0389	0.2593	13.0207	13.2626
3.8550	2.0388	0.2571	13.0222	13.2307
3.8555	2.0384	0.2616	13.0112	13.2053
3.8560	2.0383	0.2644	13.0438	13.2054
3.8565	2.0378	0.2673	13.0892	13.2219
3.8570	2.0384	0.2644	13.0858	13.2499
3.8575	2.0382	0.2627	13.0673	13.2647
3.8580	2.0383	0.2633	13.1034	13.2605
3.8585	2.0385	0.2585	13.1675	13.2626
3.8590	2.0391	0.2590	13.1713	13.2451
3.8595	2.0396	0.2528	13.1259	13.2035
3.8600	2.0399	0.2461	13.1474	13.1576
3.8605	2.0401	0.2470	13.2355	13.1197
3.8610	2.0405	0.2428	13.2649	13.1396
3.8615	2.0402	0.2451	13.2163	13.1538
3.8620	2.0396	0.2514	13.2121	13.1773
3.8625	2.0393	0.2521	13.2916	13.2779
3.8630	2.0389	0.2620	13.3393	13.3690
3.8635	2.0386	0.2602	13.3013	13.3768
3.8640	2.0391	0.2585	13.2846	13.3623
3.8645	2.0392	0.2608	13.3459	13.3496
3.8650	2.0393	0.2515	13.3938	13.3033
3.8655	2.0394	0.2554	13.3576	13.2636
3.8660	2.0391	0.2616	13.3203	13.2328
3.8665	2.0392	0.2553	13.3744	13.2205
3.8670	2.0396	0.2497	13.4275	13.2070
3.8675	2.0402	0.2455	13.4034	13.2179
3.8680	2.0403	0.2437	13.3572	13.2454
3.8685	2.0410	0.2375	13.3986	13.2588
3.8690	2.0417	0.2315	13.4594	13.2871
3.8695	2.0416	0.2268	13.4349	13.2798
3.8700	2.0423	0.2243	13.3824	13.2583
3.8705	2.0420	0.2255	13.4171	13.2306
3.8710	2.0421	0.2263	13.4980	13.2195
3.8715	2.0424	0.2209	13.4836	13.1973
3.8720	2.0427	0.2168	13.4227	13.1982
3.8725	2.0427	0.2145	13.4504	13.1904
3.8730	2.0429	0.2189	13.5339	13.2030
3.8735	2.0425	0.2169	13.5341	13.1975
3.8740	2.0424	0.2208	13.4765	13.2146
3.8745	2.0420	0.2241	13.4788	13.2045
3.8750	2.0417	0.2302	13.5531	13.2032
3.8755	2.0421	0.2201	13.5674	13.2161
3.8760	2.0426	0.2249	13.5106	13.2364
3.8765	2.0420	0.2213	13.4841	13.2508
3.8770	2.0417	0.2226	13.5399	13.2432
3.8775	2.0427	0.2231	13.5713	13.2502
3.8780	2.0423	0.2214	13.5213	13.2587
3.8785	2.0420	0.2215	13.4699	13.2671
3.8790	2.0427	0.2184	13.5138	13.2742
3.8795	2.0423	0.2235	13.3504	13.2810
3.8800	2.0414	0.2300	13.2088	13.2813
3.8805	2.0415	0.2378	13.2003	13.2661
3.8810	2.0414	0.2316	13.2555	13.2629
3.8815	2.0417	0.2258	13.3041	13.2294
3.8820	2.0424	0.2242	13.2625	13.1953
3.8825	2.0423	0.2203	13.2574	13.1760
3.8830	2.0420	0.2280	13.3336	13.1780
3.8835	2.0417	0.2302	13.3797	13.1883
3.8840	2.0412	0.2374	13.3289	13.2236
3.8845	2.0413	0.2341	13.3156	13.2620
3.8850	2.0418	0.2278	13.4066	13.2898
3.8855	2.0419	0.2262	13.4762	13.3026
3.8860	2.0425	0.2228	13.4281	13.3006
3.8865	2.0412	0.2288	13.3878	13.2853
3.8870	2.0411	0.2373	13.4557	13.2782
3.8875	2.0399	0.2505	13.5293	13.2713
3.8880	2.0403	0.2406	13.5071	13.2701
3.8885	2.0406	0.2371	13.4597	13.2564
3.8890	2.0403	0.2445	13.4968	13.2415
3.8895	2.0408	0.2422	13.5739	13.2262
3.8900	2.0414	0.2351	13.5692	13.2174
3.8905	2.0414	0.2360	13.5151	13.2077
3.8910	2.0411	0.2380	13.5364	13.2030
3.8915	2.0412	0.2363	13.6136	13.2079
3.8920	2.0413	0.2320	13.6203	13.2055
3.8925	2.0416	0.2276	13.5719	13.2252
3.8930	2.0416	0.2313	13.5753	13.2394
3.8935	2.0414	0.2350	13.6381	13.2588
3.8940	2.0412	0.2307	13.6486	13.2625
3.8945	2.0411	0.2332	13.5973	13.2365
3.8950	2.0410	0.2372	13.5848	13.2171
3.8955	2.0409	0.2381	13.6332	13.1911
3.8960	2.0407	0.2439	13.6589	13.1613
3.8965	2.0401	0.2407	13.6212	13.1401
3.8970	2.0404	0.2468	13.5960	13.1015
3.8975	2.0397	0.2523	13.6368	13.1290
3.8980	2.0394	0.2549	13.6712	13.1630
3.8985	2.0390	0.2539	13.6377	13.1871
3.8990	2.0389	0.2579	13.6019	13.2077
3.8995	2.0388	0.2613	13.6150	13.2032
3.9000	2.0383	0.2658	13.6451	13.1903
3.9005	2.0388	0.2620	13.6171	13.1746
3.9010	2.0392	0.2593	13.5701	13.1539
3.9015	2.0383	0.2678	13.5746	13.1350
3.9020	2.0384	0.2632	13.6027	13.1361
3.9025	2.0377	0.2755	13.5720	13.1534
3.9030	2.0374	0.2758	13.5173	13.1831
3.9035	2.0379	0.2738	13.5070	13.2235
3.9040	2.0379	0.2708	13.5291	13.2402
3.9045	2.0373	0.2766	13.4991	13.2386
3.9050	2.0368	0.2798	13.4426	13.2360
3.9055	2.0368	0.2794	13.4285	13.2108
3.9060	2.0370	0.2805	13.4415	13.2064
3.9065	2.0363	0.2857	13.4128	13.2094
3.9070	2.0368	0.2820	13.3674	13.2032
3.9075	2.0365	0.2859	13.3390	13.2250
3.9080	2.0364	0.2858	13.3489	13.2493
3.9085	2.0364	0.2852	13.2001	13.2967
3.9090	2.0361	0.2879	13.2006	13.3254
3.9095	2.0362	0.2875	13.2197	13.3429
3.9100	2.0364	0.2852	13.1970	13.3404
3.9105	2.0367	0.2818	13.1737	13.3026
3.9110	2.0366	0.2795	13.1596	13.2689
3.9115	2.0373	0.2740	13.1388	13.2366
3.9120	2.0373	0.2741	13.1210	13.2058
3.9125	2.0375	0.2724	13.0027	13.2034
3.9130	2.0377	0.2722	12.9813	13.2215
3.9135	2.0383	0.2671	12.8910	13.2295
3.9140	2.0383	0.2701	12.7510	13.2618
3.9145	2.0389	0.2604	12.7974	13.2882
3.9150	2.0388	0.2584	12.7730	13.3051
3.9155	2.0392	0.2587	12.8213	13.3024
3.9160	2.0391	0.2566	12.8396	13.3199
3.9165	2.0396	0.2505	12.8369	13.3092
3.9170	2.0397	0.2499	12.8277	13.2824
3.9175	2.0403	0.2478	12.8605	13.2670
3.9180	2.0412	0.2354	12.8916	13.2472
3.9185	2.0429	0.2191	12.8925	13.2447
3.9190	2.0440	0.2065	12.8837	13.2161
3.9195	2.0439	0.2071	12.9041	13.2016
3.9200	2.0438	0.2062	12.9364	13.2223
3.9205	2.0440	0.2012	12.9419	13.2462
3.9210	2.0443	0.2032	12.9282	13.2765
3.9215	2.0453	0.1932	12.9644	13.2699
3.9220	2.0443	0.2043	13.0041	13.2578
3.9225	2.0440	0.2069	13.0056	13.2480
3.9230	2.0443	0.2000	12.9908	13.2373
3.9235	2.0445	0.2046	13.0187	13.2363
3.9240	2.0434	0.2092	13.0686	13.2371
3.9245	2.0437	0.2145	13.0810	13.2608
3.9250	2.0436	0.2121	13.0661	13.2748
3.9255	2.0434	0.2076	13.0781	13.2993
3.9260	2.0436	0.2070	13.1157	13.2893
3.9265	2.0429	0.2090	13.1325	13.2821
3.9270	2.0432	0.2139	13.1140	13.2894
3.9275	2.0420	0.2164	13.1256	13.2946
3.9280	2.0417	0.2256	13.1764	13.2927
3.9285	2.0415	0.2318	13.2110	13.3015
3.9290	2.0416	0.2332	13.2000	13.3119
3.9295	2.0417	0.2273	13.2000	13.3024
3.9300	2.0415	0.2310	13.2447	13.2905
3.9305	2.0414	0.2317	13.2803	13.2804
3.9310	2.0425	0.2179	13.2685	13.2850
3.9315	2.0430	0.2162	13.2532	13.2891
3.9320	2.0424	0.2214	13.2925	13.2910
3.9325	2.0427	0.2197	13.3336	13.3188
3.9330	2.0424	0.2193	13.3197	13.3311
3.9335	2.0426	0.2168	13.2926	13.3474
3.9340	2.0433	0.2103	13.3175	13.3521
3.9345	2.0436	0.2117	13.3683	13.3247
3.9350	2.0429	0.2194	13.3660	13.2972
3.9355	2.0424	0.2186	13.3237	13.2817
3.9360	2.0415	0.2314	13.3266	13.2767
3.9365	2.0414	0.2322	13.3775	13.2732
3.9370	2.0421	0.2272	13.3895	13.2991
3.9375	2.0424	0.2282	13.3472	13.3110
3.9380	2.0420	0.2231	13.3435	13.3254
3.9385	2.0417	0.2344	13.3969	13.3355
3.9390	2.0415	0.2316	13.4321	13.3502
3.9395	2.0414	0.2331	13.3951	13.3513
3.9400	2.0411	0.2362	13.3727	13.3383
3.9405	2.0411	0.2351	13.4266	13.3144
3.9410	2.0407	0.2414	13.4670	13.2713
3.9415	2.0409	0.2416	13.4371	13.2328
3.9420	2.0403	0.2446	13.4013	13.2222
3.9425	2.0392	0.2577	13.4384	13.2176
3.9430	2.0387	0.2591	13.4812	13.2187
3.9435	2.0389	0.2589	13.4634	13.2376
3.9440	2.0391	0.2623	13.4241	13.2549
3.9445	2.0387	0.2609	13.4412	13.2765
3.9450	2.0384	0.2620	13.4621	13.2823
3.9455	2.0392	0.2573	13.4455	13.2902
3.9460	2.0385	0.2660	13.3851	13.2992
3.9465	2.0388	0.2631	13.2002	13.3020
3.9470	2.0390	0.2611	13.1399	13.3058
3.9475	2.0392	0.2576	13.1119	13.3199
3.9480	2.0388	0.2587	13.0934	13.3330
3.9485	2.0385	0.2645	13.1361	13.3405
3.9490	2.0382	0.2626	13.2114	13.3570
3.9495	2.0387	0.2623	13.2125	13.3597
3.9500	2.0389	0.2608	13.1873	13.3468
3.9505	2.0393	0.2626	13.2227	13.3222
3.9510	2.0393	0.2547	13.2688	13.2991
3.9515	2.0390	0.2552	13.2673	13.2794
3.9520	2.0395	0.2593	13.2310	13.2587
3.9525	2.0393	0.2552	13.2623	13.2514
3.9530	2.0399	0.2565	13.3511	13.2562
3.9535	2.0402	0.2410	13.3529	13.2795
3.9540	2.0407	0.2390	13.3112	13.2884
3.9545	2.0411	0.2360	13.3338	13.2825
3.9550	2.0411	0.2386	13.4110	13.2892
3.9555	2.0415	0.2292	13.4196	13.2779
3.9560	2.0419	0.2282	13.3701	13.2491
3.9565	2.0424	0.2261	13.3657	13.2043
3.9570	2.0422	0.2232	13.4401	13.1963
3.9575	2.0433	0.2154	13.4789	13.1905
3.9580	2.0436	0.2105	13.4401	13.1859
3.9585	2.0436	0.2094	13.4187	13.2033
3.9590	2.0434	0.2091	13.4617	13.2564
3.9595	2.0439	0.2059	13.5080	13.2892
3.9600	2.0447	0.2040	13.4850	13.2981
3.9605	2.0439	0.2059	13.4499	13.3090
3.9610	2.0440	0.2053	13.4785	13.3116
3.9615	2.0431	0.2072	13.5402	13.3197
3.9620	2.0435	0.2106	13.5260	13.3067
3.9625	2.0445	0.1980	13.4644	13.2822
3.9630	2.0457	0.1850	13.4782	13.2437
3.9635	2.0467	0.1799	13.5490	13.2034
3.9640	2.0460	0.1795	13.5514	13.1635
3.9645	2.0463	0.1755	13.4893	13.1599
3.9650	2.0469	0.1729	13.4875	13.1617
3.9655	2.0466	0.1778	13.5587	13.1765
3.9660	2.0460	0.1824	13.5604	13.2100
3.9665	2.0458	0.1836	13.4927	13.2506
3.9670	2.0451	0.1967	13.4833	13.2855
3.9675	2.0448	0.1945	13.5485	13.3019
3.9680	2.0454	0.1933	13.5535	13.2926
3.9685	2.0461	0.1854	13.4770	13.2647
3.9690	2.0459	0.1858	13.4437	13.2308
3.9695	2.0461	0.1855	13.4951	13.2154
3.9700	2.0462	0.1793	13.5161	13.2115
3.9705	2.0460	0.1871	13.4363	13.2268
3.9710	2.0453	0.1923	13.3773	13.2645
3.9715	2.0444	0.1946	13.4227	13.3393
3.9720	2.0448	0.1956	13.4536	13.3987
3.9725	2.0444	0.1979	13.3770	13.4149
3.9730	2.0447	0.1976	13.3045	13.3964
3.9735	2.0442	0.2028	13.3309	13.3541
3.9740	2.0438	0.2112	13.3702	13.2796
3.9745	2.0439	0.2065	13.3100	13.2329
3.9750	2.0434	0.2123	13.2190	13.2016
3.9755	2.0431	0.2105	13.2311	13.2036
3.9760	2.0431	0.2216	13.2758	13.2240
3.9765	2.0426	0.2216	13.2207	13.2560
3.9770	2.0424	0.2227	13.1242	13.3166
3.9775	2.0421	0.2245	13.1378	13.3493
3.9780	2.0421	0.2268	13.1272	13.3320
3.9785	2.0417	0.2296	13.0686	13.3061
3.9790	2.0415	0.2278	13.0425	13.2543
3.9795	2.0415	0.2295	13.0424	13.1887
3.9800	2.0413	0.2357	13.0590	13.1493
3.9805	2.0407	0.2399	13.0172	13.1256
3.9810	2.0405	0.2415	12.9595	13.1239
3.9815	2.0404	0.2402	12.9325	13.1852
3.9820	2.0404	0.2402	12.9255	13.2487
3.9825	2.0405	0.2390	12.8640	13.3125
3.9830	2.0407	0.2438	12.6951	13.3396
3.9835	2.0405	0.2449	12.7040	13.3680
3.9840	2.0405	0.2455	12.7406	13.3954
3.9845	2.0404	0.2480	12.7494	13.3621
3.9850	2.0389	0.2577	12.7531	13.3226
3.9855	2.0391	0.2605	12.7593	13.2855
3.9860	2.0391	0.2573	12.7869	13.2709
3.9865	2.0392	0.2573	12.8150	13.2699
3.9870	2.0390	0.2588	12.8247	13.2824
3.9875	2.0382	0.2607	12.8196	13.2924
3.9880	2.0386	0.2626	12.8319	13.3051
3.9885	2.0388	0.2635	12.8775	13.3184
3.9890	2.0389	0.2614	12.8974	13.3178
3.9895	2.0391	0.2610	12.8837	13.3077
3.9900	2.0390	0.2595	12.8963	13.2941
3.9905	2.0396	0.2516	12.9322	13.2863
3.9910	2.0401	0.2493	12.9634	13.2879
3.9915	2.0407	0.2431	12.9549	13.2899
3.9920	2.0414	0.2295	12.9576	13.3047
3.9925	2.0413	0.2303	12.9922	13.3122
3.9930	2.0418	0.2316	13.0285	13.3250
3.9935	2.0409	0.2365	13.0220	13.3488
3.9940	2.0406	0.2345	13.0174	13.3566
3.9945	2.0411	0.2360	13.0481	13.3624
3.9950	2.0406	0.2371	13.0867	13.3690
3.9955	2.0403	0.2437	13.0848	13.3429
3.9960	2.0386	0.2550	13.0783	13.3292
3.9965	2.0379	0.2729	13.1146	13.3220
3.9970	2.0376	0.2739	13.1639	13.3378
3.9975	2.0372	0.2812	13.1624	13.3409
3.9980	2.0372	0.2815	13.1466	13.3422
3.9985	2.0368	0.2853	13.1857	13.3276
3.9990	2.0376	0.2779	13.2354	13.3132
3.9995	2.0373	0.2735	13.2247	13.2932
4.0000	2.0383	0.2664	13.2028	13.2619
4.0005	2.0384	0.2644	13.2349	13.2401
4.0010	2.0401	0.2515	13.2933	13.2061
4.0015	2.0414	0.2357	13.2850	13.1824
4.0020	2.0421	0.2263	13.2528	13.1810
4.0025	2.0435	0.2175	13.2690	13.1796
4.0030	2.0440	0.2068	13.3120	13.1952
4.0035	2.0440	0.2098	13.3171	13.2104
4.0040	2.0435	0.2129	13.2987	13.2353
4.0045	2.0424	0.2234	13.3060	13.2639
4.0050	2.0438	0.2103	13.3393	13.2780
4.0055	2.0444	0.1988	13.3474	13.2648
4.0060	2.0448	0.1939	13.3404	13.2454
4.0065	2.0442	0.1979	13.3376	13.2261
4.0070	2.0445	0.2057	13.3674	13.2043
4.0075	2.0443	0.2021	13.3847	13.2123
4.0080	2.0449	0.1983	13.3756	13.2292
4.0085	2.0457	0.1843	13.3759	13.2374
4.0090	2.0452	0.1894	13.4101	13.2494
4.0095	2.0448	0.2039	13.4231	13.2613
4.0100	2.0433	0.2048	13.4154	13.2726
4.0105	2.0439	0.2102	13.4043	13.2765
4.0110	2.0437	0.2101	13.4442	13.2826
4.0115	2.0437	0.2078	13.4435	13.2784
4.0120	2.0451	0.1997	13.4458	13.2792
4.0125	2.0452	0.1897	13.2523	13.2770
4.0130	2.0449	0.1927	12.9710	13.2618
4.0135	2.0453	0.1924	12.9919	13.2487
4.0140	2.0452	0.1973	12.9950	13.2576
4.0145	2.0454	0.1880	13.0082	13.2700
4.0150	2.0446	0.1933	13.0475	13.2782
4.0155	2.0443	0.2046	13.1107	13.2988
4.0160	2.0442	0.2020	13.1252	13.2979
4.0165	2.0436	0.2059	13.1270	13.2954
4.0170	2.0435	0.2118	13.1486	13.2741
4.0175	2.0430	0.2143	13.2063	13.2473
4.0180	2.0433	0.2219	13.2118	13.2170
4.0185	2.0434	0.2104	13.2014	13.1924
4.0190	2.0434	0.2092	13.2183	13.1797
4.0195	2.0424	0.2222	13.2697	13.1857
4.0200	2.0428	0.2177	13.2958	13.2052
4.0205	2.0416	0.2314	13.2884	13.2509
4.0210	2.0413	0.2325	13.3040	13.2793
4.0215	2.0413	0.2344	13.3456	13.2996
4.0220	2.0413	0.2343	13.3654	13.3071
4.0225	2.0404	0.2448	13.3544	13.2912
4.0230	2.0405	0.2437	13.3675	13.2620
4.0235	2.0402	0.2493	13.4107	13.2407
4.0240	2.0399	0.2490	13.4428	13.2145
4.0245	2.0391	0.2561	13.4411	13.1856
4.0250	2.0387	0.2688	13.4414	13.1916
4.0255	2.0380	0.2688	13.4676	13.2095
4.0260	2.0373	0.2741	13.4965	13.2346
4.0265	2.0372	0.2798	13.4983	13.2563
4.0270	2.0366	0.2841	13.4982	13.2605
4.0275	2.0368	0.2835	13.5146	13.2604
4.0280	2.0364	0.2854	13.5411	13.2418
4.0285	2.0365	0.2891	13.5363	13.2317
4.0290	2.0368	0.2891	13.5251	13.2187
4.0295	2.0363	0.2877	13.5311	13.2038
4.0300	2.0369	0.2896	13.5499	13.2037
4.0305	2.0363	0.2835	13.5515	13.2117
4.0310	2.0363	0.2848	13.5436	13.2506
4.0315	2.0372	0.2730	13.5458	13.2685
4.0320	2.0379	0.2694	13.5572	13.2494
4.0325	2.0389	0.2558	13.5712	13.2513
4.0330	2.0399	0.2499	13.5677	13.2382
4.0335	2.0410	0.2377	13.5614	13.2138
4.0340	2.0405	0.2417	13.5822	13.2287
4.0345	2.0397	0.2483	13.5908	13.2737
4.0350	2.0404	0.2481	13.5782	13.3146
4.0355	2.0401	0.2520	13.5579	13.3485
4.0360	2.0400	0.2465	13.5704	13.3764
4.0365	2.0399	0.2520	13.5772	13.3820
4.0370	2.0397	0.2490	13.5460	13.3747
4.0375	2.0398	0.2501	13.5237	13.3249
4.0380	2.0392	0.2534	13.5242	13.2868
4.0385	2.0393	0.2563	13.5248	13.2700
4.0390	2.0397	0.2480	13.4971	13.2622
4.0395	2.0405	0.2427	13.4665	13.2746
4.0400	2.0400	0.2464	13.4594	13.2763
4.0405	2.0407	0.2443	13.4529	13.2889
4.0410	2.0411	0.2384	13.4147	13.2966
4.0415	2.0421	0.2263	13.3920	13.3084
4.0420	2.0431	0.2175	13.3877	13.3084
4.0425	2.0437	0.2064	13.3729	13.3022
4.0430	2.0445	0.2035	13.3326	13.2825
4.0435	2.0444	0.1950	13.3083	13.2799
4.0440	2.0438	0.2052	13.2954	13.2823
4.0445	2.0428	0.2154	13.2891	13.3130
4.0450	2.0441	0.2090	13.2433	13.3316
4.0455	2.0437	0.1984	13.2223	13.3431
4.0460	2.0438	0.2062	13.0907	13.3535
4.0465	2.0437	0.2104	12.9703	13.3407
4.0470	2.0431	0.2121	12.9907	13.3057
4.0475	2.0427	0.2197	12.9560	13.2856
4.0480	2.0422	0.2204	12.9284	13.2711
4.0485	2.0426	0.2249	12.9368	13.2437
4.0490	2.0432	0.2104	12.9629	13.2286
4.0495	2.0431	0.2120	12.9529	13.2094
4.0500	2.0435	0.2092	12.9232	13.2311
4.0505	2.0434	0.2111	12.9333	13.2232
4.0510	2.0438	0.2073	12.9095	13.2665
4.0515	2.0448	0.2017	12.8276	13.3476
4.0520	2.0451	0.1867	12.8387	13.3644
4.0525	2.0447	0.1984	12.8324	13.3766
4.0530	2.0440	0.2059	12.8730	13.3517
4.0535	2.0433	0.2162	12.8856	13.3295
4.0540	2.0424	0.2172	12.8931	13.2988
4.0545	2.0425	0.2182	12.9021	13.2792
4.0550	2.0424	0.2222	12.9314	13.2593
4.0555	2.0424	0.2195	12.9579	13.2647
4.0560	2.0427	0.2166	12.9731	13.2602
4.0565	2.0423	0.2210	12.9738	13.2701
4.0570	2.0431	0.2163	13.0002	13.2728
4.0575	2.0432	0.2172	13.0384	13.2863
4.0580	2.0432	0.2129	13.0583	13.3003
4.0585	2.0439	0.2145	13.0560	13.2992
4.0590	2.0431	0.2165	13.0721	13.2957
4.0595	2.0428	0.2200	13.1004	13.2941
4.0600	2.0429	0.2148	13.1235	13.2687
4.0605	2.0423	0.2183	13.1247	13.2446
4.0610	2.0424	0.2171	13.1400	13.2513
4.0615	2.0421	0.2215	13.1664	13.2570
4.0620	2.0420	0.2214	13.1868	13.2564
4.0625	2.0420	0.2290	13.1824	13.2684
4.0630	2.0414	0.2299	13.2098	13.2742
4.0635	2.0415	0.2281	13.2558	13.2830
4.0640	2.0409	0.2417	13.2593	13.3002
4.0645	2.0413	0.2360	13.2511	13.3145
4.0650	2.0408	0.2406	13.2762	13.3249
4.0655	2.0405	0.2405	13.3158	13.3243
4.0660	2.0403	0.2387	13.3226	13.3388
4.0665	2.0406	0.2502	13.3129	13.3393
4.0670	2.0398	0.2502	13.3360	13.3434
4.0675	2.0390	0.2656	13.3908	13.3362
4.0680	2.0383	0.2635	13.3998	13.3307
4.0685	2.0381	0.2693	13.3688	13.3094
4.0690	2.0378	0.2703	13.3803	13.2831
4.0695	2.0382	0.2649	13.4337	13.2581
4.0700	2.0378	0.2691	13.4482	13.2213
4.0705	2.0374	0.2686	13.4129	13.1971
4.0710	2.0373	0.2725	13.4151	13.1798
4.0715	2.0370	0.2794	13.4630	13.1728
4.0720	2.0368	0.2815	13.4818	13.1732
4.0725	2.0367	0.2851	13.4565	13.1791
4.0730	2.0366	0.2849	13.4342	13.1984
4.0735	2.0363	0.2872	13.4757	13.2102
4.0740	2.0362	0.2909	13.5136	13.2125
4.0745	2.0362	0.2907	13.4931	13.2004
4.0750	2.0366	0.2837	13.4708	13.1781
4.0755	2.0371	0.2823	13.5151	13.1552
4.0760	2.0377	0.2723	13.5572	13.1411
4.0765	2.0381	0.2642	13.5392	13.1165
4.0770	2.0382	0.2662	13.4991	13.1125
4.0775	2.0382	0.2695	13.5341	13.1162
4.0780	2.0382	0.2679	13.5758	13.1527
4.0785	2.0380	0.2635	13.5788	13.2157
4.0790	2.0390	0.2624	13.4413	13.2556
4.0795	2.0389	0.2623	13.4945	13.2625
4.0800	2.0384	0.2669	13.5803	13.2694
4.0805	2.0385	0.2683	13.5278	13.2601
4.0810	2.0380	0.2668	13.4677	13.2539
4.0815	2.0384	0.2668	13.5053	13.2385
4.0820	2.0383	0.2692	13.5699	13.2241
4.0825	2.0386	0.2620	13.5449	13.2183
4.0830	2.0385	0.2657	13.4738	13.2304
4.0835	2.0387	0.2608	13.4610	13.2380
4.0840	2.0387	0.2608	13.5131	13.2326
4.0845	2.0396	0.2561	13.5036	13.2355
4.0850	2.0400	0.2469	13.4193	13.2180
4.0855	2.0396	0.2557	13.3599	13.2231
4.0860	2.0409	0.2417	13.3491	13.2234
4.0865	2.0408	0.2388	13.3417	13.2280
4.0870	2.0414	0.2337	13.3251	13.2239
4.0875	2.0429	0.2219	13.3049	13.2249
4.0880	2.0420	0.2232	13.3549	13.2264
4.0885	2.0436	0.2192	13.4116	13.2616
4.0890	2.0442	0.2000	13.4193	13.2912
4.0895	2.0443	0.2007	13.4093	13.2769
4.0900	2.0443	0.2006	13.4413	13.2809
4.0905	2.0446	0.2021	13.4829	13.2784
4.0910	2.0442	0.1979	13.4903	13.2953
4.0915	2.0451	0.1903	13.4735	13.2897
4.0920	2.0453	0.1877	13.4892	13.2473
4.0925	2.0452	0.1876	13.5407	13.2112
4.0930	2.0440	0.2031	13.5552	13.1822
4.0935	2.0436	0.2121	13.5297	13.1880
4.0940	2.0432	0.2086	13.5250	13.1801
4.0945	2.0430	0.2180	13.5691	13.2014
4.0950	2.0442	0.2047	13.5981	13.2061
4.0955	2.0444	0.1983	13.5702	13.2065
4.0960	2.0449	0.1989	13.5522	13.1791
4.0965	2.0437	0.2059	13.5843	13.1693
4.0970	2.0431	0.2170	13.6226	13.1711
4.0975	2.0429	0.2133	13.6147	13.1671
4.0980	2.0432	0.2164	13.5808	13.1534
4.0985	2.0420	0.2244	13.5957	13.1639
4.0990	2.0418	0.2345	13.6415	13.1501
4.0995	2.0411	0.2375	13.6352	13.1589
4.1000	2.0405	0.2403	13.5810	13.1588
4.1005	2.0405	0.2437	13.5860	13.1640
4.1010	2.0412	0.2366	13.6416	13.1640
4.1015	2.0419	0.2248	13.6457	13.1659
4.1020	2.0415	0.2277	13.5915	13.1907
4.1025	2.0416	0.2278	13.5881	13.2191
4.1030	2.0412	0.2319	13.6362	13.2613
4.1035	2.0410	0.2349	13.6262	13.2899
4.1040	2.0406	0.2410	13.5618	13.3300
4.1045	2.0408	0.2406	13.5420	13.3405
4.1050	2.0406	0.2357	13.5854	13.3400
4.1055	2.0406	0.2395	13.5870	13.3314
4.1060	2.0407	0.2396	13.5203	13.3067
4.1065	2.0407	0.2428	13.4799	13.2773
4.1070	2.0406	0.2430	13.5196	13.2626
4.1075	2.0406	0.2432	13.5203	13.2520
4.1080	2.0410	0.2382	13.4419	13.2440
4.1085	2.0413	0.2354	13.3980	13.2651
4.1090	2.0414	0.2331	13.4292	13.2858
4.1095	2.0420	0.2315	13.4417	13.3308
4.1100	2.0418	0.2262	13.3708	13.3490
4.1105	2.0419	0.2265	13.3088	13.3705
4.1110	2.0414	0.2333	13.3192	13.3788
4.1115	2.0415	0.2354	13.3587	13.3676
4.1120	2.0410	0.2384	13.3217	13.3493
4.1125	2.0408	0.2411	13.2492	13.3154
4.1130	2.0403	0.2475	13.1896	13.2822
4.1135	2.0406	0.2426	13.2494	13.2501
4.1140	2.0408	0.2448	13.1628	13.2594
4.1145	2.0395	0.2543	12.8178	13.2581
4.1150	2.0391	0.2590	12.7015	13.2578
4.1155	2.0382	0.2681	12.7594	13.2761
4.1160	2.0381	0.2692	12.7935	13.2799
4.1165	2.0386	0.2596	12.7530	13.2759
4.1170	2.0390	0.2618	12.7353	13.2647
4.1175	2.0391	0.2639	12.7889	13.2479
4.1180	2.0395	0.2572	12.8459	13.2159
4.1185	2.0398	0.2583	12.8196	13.1900
4.1190	2.0394	0.2512	12.7962	13.1626
4.1195	2.0404	0.2513	12.8496	13.1636
4.1200	2.0397	0.2512	12.8873	13.1863
4.1205	2.0395	0.2466	12.8755	13.2181
4.1210	2.0392	0.2534	12.8545	13.2323
4.1215	2.0388	0.2620	12.8909	13.2408
4.1220	2.0390	0.2685	12.9574	13.2379
4.1225	2.0389	0.2634	12.9557	13.2236
4.1230	2.0381	0.2637	12.9106	13.2021
4.1235	2.0383	0.2646	12.9305	13.1682
4.1240	2.0384	0.2604	12.9988	13.1530
4.1245	2.0386	0.2590	13.0203	13.1381
4.1250	2.0385	0.2641	12.9900	13.1512
4.1255	2.0390	0.2633	13.0043	13.1773
4.1260	2.0391	0.2553	13.0714	13.2466
4.1265	2.0397	0.2566	13.0962	13.2810
4.1270	2.0404	0.2457	13.0596	13.2889
4.1275	2.0401	0.2461	13.0612	13.3020
4.1280	2.0407	0.2381	13.1243	13.2883
4.1285	2.0412	0.2316	13.1688	13.2715
4.1290	2.0419	0.2281	13.1349	13.2551
4.1295	2.0421	0.2301	13.1032	13.2244
4.1300	2.0419	0.2409	13.1611	13.2335
4.1305	2.0417	0.2334	13.2255	13.2701
4.1310	2.0413	0.2349	13.2143	13.2992
4.1315	2.0416	0.2316	13.1848	13.3288
4.1320	2.0412	0.2326	13.2107	13.3474
4.1325	2.0415	0.2328	13.2707	13.3550
4.1330	2.0419	0.2334	13.2890	13.3432
4.1335	2.0422	0.2228	13.2619	13.3282
4.1340	2.0420	0.2234	13.2808	13.2951
4.1345	2.0426	0.2190	13.3441	13.2682
4.1350	2.0432	0.2125	13.3574	13.2436
4.1355	2.0440	0.2098	13.3224	13.2228
4.1360	2.0430	0.2113	13.3326	13.2104
4.1365	2.0432	0.2186	13.3866	13.2325
4.1370	2.0421	0.2245	13.3990	13.2394
4.1375	2.0423	0.2228	13.3698	13.2615
4.1380	2.0430	0.2142	13.3667	13.2546
4.1385	2.0429	0.2220	13.4035	13.2252
4.1390	2.0426	0.2188	13.4136	13.2014
4.1395	2.0429	0.2175	13.3934	13.1692
4.1400	2.0422	0.2217	13.3827	13.1551
4.1405	2.0424	0.2236	13.4118	13.1561
4.1410	2.0415	0.2305	13.4402	13.1779
4.1415	2.0415	0.2328	13.4403	13.2142
4.1420	2.0414	0.2298	13.4270	13.2504
4.1425	2.0410	0.2315	13.4356	13.2740
4.1430	2.0414	0.2346	13.4679	13.3124
4.1435	2.0411	0.2361	13.4712	13.3043
4.1440	2.0407	0.2405	13.4616	13.2565
4.1445	2.0411	0.2384	13.4659	13.2035
4.1450	2.0401	0.2460	13.5095	13.1819
4.1455	2.0394	0.2510	13.5109	13.1560
4.1460	2.0396	0.2472	13.4964	13.1598
4.1465	2.0396	0.2584	13.4135	13.1742
4.1470	2.0395	0.2534	13.4222	13.2172
4.1475	2.0401	0.2499	13.5552	13.2516
4.1480	2.0401	0.2466	13.4610	13.2821
4.1485	2.0393	0.2501	13.3808	13.3109
4.1490	2.0393	0.2564	13.4555	13.3038
4.1495	2.0394	0.2562	13.5478	13.3164
4.1500	2.0395	0.2520	13.4600	13.2960
4.1505	2.0395	0.2481	13.3519	13.2829
4.1510	2.0393	0.2520	13.4151	13.2563
4.1515	2.0392	0.2632	13.5166	13.2740
4.1520	2.0395	0.2526	13.4356	13.3031
4.1525	2.0399	0.2514	13.3006	13.3279
4.1530	2.0408	0.2464	13.3161	13.3639
4.1535	2.0408	0.2431	13.4159	13.3702
4.1540	2.0408	0.2362	13.3657	13.3751
4.1545	2.0408	0.2375	13.1577	13.3746
4.1550	2.0404	0.2387	13.2125	13.3744
4.1555	2.0402	0.2428	13.3640	13.3583
4.1560	2.0413	0.2351	13.3390	13.3419
4.1565	2.0416	0.2337	13.2286	13.3309
4.1570	2.0411	0.2387	13.2704	13.3442
4.1575	2.0410	0.2382	13.4345	13.3485
4.1580	2.0398	0.2471	13.4487	13.3467
4.1585	2.0397	0.2531	13.3150	13.3404
4.1590	2.0397	0.2528	13.3129	13.3393
4.1595	2.0403	0.2501	13.4673	13.3317
4.1600	2.0400	0.2508	13.5125	13.3168
4.1605	2.0396	0.2546	13.3827	13.2760
4.1610	2.0392	0.2588	13.3542	13.2547
4.1615	2.0388	0.2570	13.4978	13.2459
4.1620	2.0389	0.2631	13.5634	13.2504
4.1625	2.0392	0.2581	13.4401	13.2615
4.1630	2.0392	0.2531	13.3758	13.2827
4.1635	2.0407	0.2426	13.4977	13.3122
4.1640	2.0413	0.2354	13.5859	13.3396
4.1645	2.0414	0.2274	13.4969	13.3437
4.1650	2.0415	0.2306	13.4149	13.3572
4.1655	2.0417	0.2245	13.4991	13.3631
4.1660	2.0415	0.2288	13.5912	13.3448
4.1665	2.0411	0.2331	13.5179	13.3290
4.1670	2.0415	0.2375	13.4229	13.3284
4.1675	2.0412	0.2362	13.4853	13.3028
4.1680	2.0412	0.2380	13.5900	13.2956
4.1685	2.0409	0.2390	13.5427	13.3003
4.1690	2.0408	0.2411	13.4373	13.2951
4.1695	2.0408	0.2368	13.4705	13.2934
4.1700	2.0411	0.2360	13.5815	13.2925
4.1705	2.0409	0.2333	13.5531	13.3084
4.1710	2.0416	0.2312	13.4275	13.3448
4.1715	2.0418	0.2323	13.4303	13.3593
4.1720	2.0418	0.2276	13.5324	13.3598
4.1725	2.0426	0.2263	13.5277	13.3706
4.1730	2.0431	0.2167	13.4046	13.3713
4.1735	2.0430	0.2109	13.3653	13.3575
4.1740	2.0435	0.2102	13.4519	13.3665
4.1745	2.0431	0.2139	13.4726	13.3756
4.1750	2.0428	0.2163	13.3594	13.3927
4.1755	2.0428	0.2173	13.2979	13.4099
4.1760	2.0429	0.2202	13.3683	13.4086
4.1765	2.0431	0.2094	13.3973	13.3906
4.1770	2.0433	0.2104	13.2918	13.3587
4.1775	2.0438	0.2133	13.2188	13.3420
4.1780	2.0446	0.1953	13.2717	13.3150
4.1785	2.0447	0.1934	13.3230	13.2809
4.1790	2.0451	0.1962	13.2213	13.2708
4.1795	2.0452	0.1877	13.1282	13.2882
4.1800	2.0453	0.1921	13.1509	13.3117
4.1805	2.0452	0.1936	13.2322	13.3489
4.1810	2.0449	0.1949	13.1377	13.3616
4.1815	2.0446	0.1996	13.0824	13.3823
4.1820	2.0441	0.2062	12.8776	13.3722
4.1825	2.0436	0.2141	12.6803	13.3608
4.1830	2.0426	0.2175	12.6531	13.3303
4.1835	2.0425	0.2224	12.5902	13.2964
4.1840	2.0421	0.2234	12.6457	13.2779
4.1845	2.0422	0.2266	12.7116	13.2929
4.1850	2.0418	0.2274	12.7210	13.2649
4.1855	2.0416	0.2347	12.6638	13.2546
4.1860	2.0418	0.2307	12.6947	13.2984
4.1865	2.0417	0.2271	12.7662	13.3228
4.1870	2.0422	0.2245	12.7742	13.3829
4.1875	2.0421	0.2286	12.7094	13.3799
4.1880	2.0417	0.2285	12.7239	13.3709
4.1885	2.0420	0.2221	12.8026	13.3410
4.1890	2.0416	0.2293	12.8352	13.3026
4.1895	2.0417	0.2269	12.7789	13.2577
4.1900	2.0418	0.2290	12.7735	13.2318
4.1905	2.0415	0.2330	12.8557	13.2087
4.1910	2.0411	0.2337	12.9044	13.2086
4.1915	2.0412	0.2319	12.8589	13.2297
4.1920	2.0411	0.2367	12.8387	13.2545
4.1925	2.0413	0.2336	12.9097	13.2642
4.1930	2.0411	0.2322	12.9834	13.2669
4.1935	2.0413	0.2375	12.9460	13.2684
4.1940	2.0407	0.2397	12.8926	13.2493
4.1945	2.0408	0.2363	12.9552	13.2420
4.1950	2.0408	0.2450	13.0534	13.2262
4.1955	2.0405	0.2400	13.0432	13.2284
4.1960	2.0411	0.2475	12.9728	13.2606
4.1965	2.0408	0.2387	12.9911	13.2772
4.1970	2.0407	0.2384	13.0946	13.3013
4.1975	2.0406	0.2416	13.1116	13.3220
4.1980	2.0406	0.2424	13.0454	13.3319
4.1985	2.0402	0.2419	13.0598	13.3382
4.1990	2.0399	0.2467	13.1613	13.3246
4.1995	2.0396	0.2467	13.1814	13.3054
4.2000	2.0392	0.2575	13.1113	13.2799
4.2005	2.0389	0.2603	13.1204	13.2588
4.2010	2.0384	0.2648	13.2299	13.2509
4.2015	2.0381	0.2710	13.2689	13.2397
4.2020	2.0381	0.2658	13.1896	13.2510
4.2025	2.0383	0.2691	13.1712	13.2656
4.2030	2.0383	0.2644	13.2850	13.2644
4.2035	2.0386	0.2644	13.3501	13.2629
4.2040	2.0388	0.2627	13.2617	13.2727
4.2045	2.0393	0.2541	13.2110	13.2613
4.2050	2.0399	0.2502	13.3139	13.2351
4.2055	2.0399	0.2511	13.4014	13.2151
4.2060	2.0400	0.2477	13.3198	13.2064
4.2065	2.0405	0.2407	13.2393	13.2018
4.2070	2.0411	0.2359	13.3304	13.2174
4.2075	2.0415	0.2304	13.4354	13.2405
4.2080	2.0417	0.2295	13.3713	13.2804
4.2085	2.0422	0.2280	13.2764	13.3277
4.2090	2.0421	0.2234	13.3368	13.3643
4.2095	2.0416	0.2334	13.4515	13.3821
4.2100	2.0413	0.2298	13.4205	13.3754
4.2105	2.0421	0.2279	13.3167	13.3566
4.2110	2.0428	0.2193	13.3565	13.3108
4.2115	2.0428	0.2159	13.4815	13.2565
4.2120	2.0430	0.2186	13.4710	13.2068
4.2125	2.0423	0.2216	13.3698	13.1835
4.2130	2.0415	0.2260	13.3781	13.1935
4.2135	2.0424	0.2246	13.4937	13.2107
4.2140	2.0420	0.2295	13.5125	13.2230
4.2145	2.0418	0.2270	13.4075	13.2325
4.2150	2.0425	0.2206	13.3778	13.2339
4.2155	2.0427	0.2219	13.4782	13.2282
4.2160	2.0423	0.2236	13.5247	13.2166
4.2165	2.0424	0.2208	13.3509	13.1925
4.2170	2.0428	0.2186	13.3260	13.1926
4.2175	2.0428	0.2206	13.4491	13.1821
4.2180	2.0420	0.2266	13.4969	13.1990
4.2185	2.0432	0.2211	13.3922	13.2373
4.2190	2.0430	0.2129	13.3221	13.2470
4.2195	2.0434	0.2120	13.4069	13.2944
4.2200	2.0438	0.1979	13.4734	13.3364
4.2205	2.0447	0.1984	13.3734	13.3280
4.2210	2.0449	0.1947	13.2664	13.3215
4.2215	2.0451	0.1959	13.3338	13.3113
4.2220	2.0443	0.2034	13.4257	13.2936
4.2225	2.0444	0.2031	13.3277	13.2909
4.2230	2.0439	0.2054	13.1931	13.2944
4.2235	2.0437	0.2047	13.2456	13.3091
4.2240	2.0436	0.2104	13.3684	13.3157
4.2245	2.0426	0.2195	13.3361	13.3337
4.2250	2.0424	0.2186	13.2284	13.3614
4.2255	2.0430	0.2186	13.2932	13.3413
4.2260	2.0433	0.2113	13.4297	13.3071
4.2265	2.0433	0.2110	13.4282	13.2649
4.2270	2.0432	0.2104	13.3262	13.2329
4.2275	2.0430	0.2166	13.3460	13.2147
4.2280	2.0428	0.2183	13.4701	13.2177
4.2285	2.0422	0.2230	13.4926	13.2490
4.2290	2.0416	0.2266	13.3889	13.2729
4.2295	2.0414	0.2318	13.3807	13.2928
4.2300	2.0420	0.2319	13.5006	13.3137
4.2305	2.0409	0.2313	13.5372	13.3092
4.2310	2.0410	0.2357	13.4399	13.2916
4.2315	2.0401	0.2431	13.4140	13.2756
4.2320	2.0405	0.2410	13.5322	13.2967
4.2325	2.0405	0.2424	13.5793	13.2740
4.2330	2.0402	0.2490	13.4806	13.2661
4.2335	2.0398	0.2506	13.4347	13.2613
4.2340	2.0396	0.2485	13.5407	13.2637
4.2345	2.0395	0.2512	13.6053	13.2500
4.2350	2.0398	0.2513	13.5177	13.2500
4.2355	2.0395	0.2497	13.4474	13.2379
4.2360	2.0396	0.2493	13.5308	13.2243
4.2365	2.0398	0.2535	13.6162	13.1955
4.2370	2.0399	0.2489	13.5389	13.1811
4.2375	2.0398	0.2528	13.4480	13.1744
4.2380	2.0399	0.2486	13.5081	13.1655
4.2385	2.0399	0.2505	13.6082	13.1858
4.2390	2.0401	0.2471	13.5542	13.2240
4.2395	2.0400	0.2444	13.4406	13.2267
4.2400	2.0397	0.2535	13.4658	13.2339
4.2405	2.0394	0.2528	13.5563	13.2404
4.2410	2.0394	0.2537	13.5266	13.2391
4.2415	2.0391	0.2554	13.4175	13.2253
4.2420	2.0390	0.2590	13.4117	13.2267
4.2425	2.0392	0.2557	13.4885	13.2340
4.2430	2.0393	0.2581	13.4708	13.2360
4.2435	2.0390	0.2606	13.3606	13.2438
4.2440	2.0385	0.2618	13.3279	13.2456
4.2445	2.0381	0.2677	13.4165	13.2779
4.2450	2.0376	0.2722	13.4102	13.2858
4.2455	2.0382	0.2676	13.3013	13.2919
4.2460	2.0383	0.2649	13.2360	13.2879
4.2465	2.0378	0.2708	13.3171	13.2836
4.2470	2.0381	0.2660	13.3262	13.2765
4.2475	2.0387	0.2661	13.2416	13.2655
4.2480	2.0386	0.2632	13.1319	13.2521
4.2485	2.0382	0.2676	13.2442	13.2584
4.2490	2.0394	0.2614	12.9556	13.2660
4.2495	2.0390	0.2567	12.5896	13.2831
4.2500	2.0382	0.2629	12.5888	13.2850
4.2505	2.0394	0.2629	12.6634	13.2762
4.2510	2.0389	0.2596	12.7687	13.2603
4.2515	2.0390	0.2638	12.6976	13.2375
4.2520	2.0388	0.2616	12.6612	13.2149
4.2525	2.0389	0.2556	12.7209	13.2027
4.2530	2.0387	0.2587	12.8144	13.1845
4.2535	2.0390	0.2596	12.7699	13.1847
4.2540	2.0389	0.2609	12.6897	13.2064
4.2545	2.0390	0.2626	12.7434	13.2328
4.2550	2.0394	0.2496	12.8730	13.2474
4.2555	2.0398	0.2517	12.8593	13.2378
4.2560	2.0403	0.2423	12.7760	13.2139
4.2565	2.0406	0.2387	12.7854	13.1806
4.2570	2.0409	0.2439	12.8992	13.1531
4.2575	2.0417	0.2322	12.9237	13.1136
4.2580	2.0410	0.2334	12.8471	13.0968
4.2585	2.0407	0.2398	12.8417	13.1085
4.2590	2.0401	0.2427	12.9552	13.1268
4.2595	2.0395	0.2508	13.0000	13.1646
4.2600	2.0388	0.2619	12.9277	13.2121
4.2605	2.0385	0.2555	12.9108	13.2365
4.2610	2.0395	0.2567	13.0244	13.2250
4.2615	2.0396	0.2514	13.0869	13.2357
4.2620	2.0398	0.2488	13.0063	13.2194
4.2625	2.0396	0.2505	12.9671	13.1812
4.2630	2.0392	0.2570	13.0748	13.1736
4.2635	2.0389	0.2590	13.1574	13.1734
4.2640	2.0397	0.2514	13.0845	13.2106
4.2645	2.0395	0.2471	13.0303	13.2418
4.2650	2.0400	0.2500	13.1238	13.2728
4.2655	2.0403	0.2481	13.2227	13.2991
4.2660	2.0407	0.2387	13.1735	13.3089
4.2665	2.0410	0.2372	13.1008	13.2872
4.2670	2.0409	0.2394	13.1683	13.2557
4.2675	2.0411	0.2349	13.2800	13.2343
4.2680	2.0410	0.2396	13.2654	13.2315
4.2685	2.0405	0.2459	13.1785	13.2281
4.2690	2.0401	0.2450	13.2109	13.2427
4.2695	2.0400	0.2485	13.3442	13.2993
4.2700	2.0394	0.2543	13.3521	13.3275
4.2705	2.0394	0.2531	13.2643	13.3426
4.2710	2.0396	0.2526	13.2740	13.3430
4.2715	2.0394	0.2515	13.3941	13.3115
4.2720	2.0393	0.2535	13.4204	13.3187
4.2725	2.0395	0.2498	13.3256	13.2927
4.2730	2.0398	0.2472	13.3087	13.2603
4.2735	2.0405	0.2440	13.4141	13.2245
4.2740	2.0403	0.2423	13.4571	13.2204
4.2745	2.0400	0.2459	13.3832	13.2340
4.2750	2.0396	0.2484	13.3461	13.2555
4.2755	2.0403	0.2437	13.4265	13.2716
4.2760	2.0407	0.2419	13.4858	13.2843
4.2765	2.0410	0.2412	13.4227	13.2891
4.2770	2.0401	0.2468	13.3708	13.2929
4.2775	2.0399	0.2481	13.4402	13.2763
4.2780	2.0396	0.2524	13.5250	13.2543
4.2785	2.0396	0.2512	13.4771	13.2221
4.2790	2.0392	0.2568	13.4047	13.2116
4.2795	2.0393	0.2626	13.4555	13.2083
4.2800	2.0387	0.2608	13.5441	13.2250
4.2805	2.0392	0.2608	13.5209	13.2359
4.2810	2.0384	0.2632	13.4482	13.2494
4.2815	2.0379	0.2655	13.4830	13.2523
4.2820	2.0378	0.2705	13.5725	13.2468
4.2825	2.0378	0.2702	13.5584	13.2299
4.2830	2.0371	0.2777	13.4658	13.2428
4.2835	2.0374	0.2762	13.4756	13.2404
4.2840	2.0366	0.2819	13.5640	13.2443
4.2845	2.0369	0.2837	13.5597	13.2946
4.2850	2.0365	0.2832	13.4572	13.3029
4.2855	2.0367	0.2814	13.4570	13.3307
4.2860	2.0367	0.2896	13.5063	13.3307
4.2865	2.0364	0.2886	13.3855	13.3260
4.2870	2.0364	0.2896	13.3172	13.3169
4.2875	2.0356	0.2962	13.2989	13.3136
4.2880	2.0353	0.2924	13.3732	13.3057
4.2885	2.0357	0.2963	13.4001	13.3041
4.2890	2.0364	0.2866	13.3444	13.3093
4.2895	2.0358	0.2916	13.3147	13.3222
4.2900	2.0360	0.2875	13.3702	13.3255
4.2905	2.0361	0.2936	13.4075	13.3302
4.2910	2.0370	0.2792	13.3578	13.3281
4.2915	2.0378	0.2729	13.3120	13.3245
4.2920	2.0385	0.2742	13.3546	13.3067
4.2925	2.0386	0.2645	13.4274	13.3034
4.2930	2.0378	0.2702	13.4159	13.3203
4.2935	2.0373	0.2740	13.3695	13.3624
4.2940	2.0372	0.2772	13.4091	13.3693
4.2945	2.0372	0.2789	13.4817	13.3855
4.2950	2.0364	0.2845	13.4806	13.3824
4.2955	2.0367	0.2841	13.4414	13.3595
4.2960	2.0363	0.2805	13.4574	13.3231
4.2965	2.0371	0.2809	13.5353	13.2767
4.2970	2.0369	0.2851	13.5639	13.2384
4.2975	2.0365	0.2827	13.5066	13.2133
4.2980	2.0364	0.2829	13.4866	13.2045
4.2985	2.0368	0.2848	13.5610	13.2178
4.2990	2.0364	0.2806	13.6125	13.2394
4.2995	2.0369	0.2860	13.5664	13.2624
4.3000	2.0370	0.2797	13.5301	13.2846
4.3005	2.0378	0.2767	13.5781	13.3099
4.3010	2.0376	0.2765	13.6294	13.3186
4.3015	2.0380	0.2717	13.6042	13.2993
4.3020	2.0379	0.2733	13.5601	13.2759
4.3025	2.0375	0.2738	13.5815	13.2484
4.3030	2.0375	0.2720	13.6369	13.2273
4.3035	2.0382	0.2727	13.6291	13.2396
4.3040	2.0383	0.2705	13.5761	13.2589
4.3045	2.0384	0.2685	13.5796	13.2699
4.3050	2.0382	0.2622	13.6305	13.2881
4.3055	2.0380	0.2713	13.6394	13.3122
4.3060	2.0382	0.2666	13.5789	13.3295
4.3065	2.0380	0.2723	13.5556	13.3429
4.3070	2.0377	0.2748	13.6142	13.3240
4.3075	2.0387	0.2611	13.6277	13.3153
4.3080	2.0395	0.2614	13.5624	13.2808
4.3085	2.0394	0.2520	13.5146	13.2596
4.3090	2.0398	0.2560	13.5505	13.2549
4.3095	2.0398	0.2447	13.5757	13.2618
4.3100	2.0409	0.2422	13.5156	13.2680
4.3105	2.0414	0.2397	13.4536	13.2757
4.3110	2.0414	0.2307	13.4703	13.2926
4.3115	2.0416	0.2322	13.5007	13.2944
4.3120	2.0409	0.2376	13.4576	13.2885
4.3125	2.0401	0.2458	13.3761	13.2904
4.3130	2.0396	0.2499	13.3894	13.2750
4.3135	2.0398	0.2511	13.4195	13.2628
4.3140	2.0393	0.2556	13.3818	13.2629
4.3145	2.0388	0.2587	13.2907	13.2595
4.3150	2.0386	0.2654	13.2883	13.2623
4.3155	2.0379	0.2676	13.2334	13.3070
4.3160	2.0379	0.2709	13.1926	13.3297
4.3165	2.0382	0.2694	13.1789	13.3409
4.3170	2.0381	0.2704	13.1286	13.3310
4.3175	2.0376	0.2727	13.1463	13.3070
4.3180	2.0377	0.2728	13.1474	13.2732
4.3185	2.0377	0.2727	13.0647	13.2360
4.3190	2.0383	0.2750	12.8728	13.2094
4.3195	2.0375	0.2691	12.8159	13.1930
4.3200	2.0375	0.2831	12.8016	13.1812
4.3205	2.0371	0.2785	12.7461	13.2119
4.3210	2.0372	0.2792	12.7423	13.2226
4.3215	2.0371	0.2781	12.7712	13.2247
4.3220	2.0373	0.2779	12.8220	13.2379
4.3225	2.0382	0.2702	12.8198	13.2412
4.3230	2.0381	0.2710	12.7916	13.2382
4.3235	2.0391	0.2570	12.8081	13.2294
4.3240	2.0395	0.2528	12.8649	13.2176
4.3245	2.0401	0.2488	12.8824	13.1992
4.3250	2.0408	0.2420	12.8536	13.1983
4.3255	2.0409	0.2410	12.8590	13.2187
4.3260	2.0401	0.2487	12.9070	13.2395
4.3265	2.0401	0.2516	12.9367	13.2380
4.3270	2.0397	0.2508	12.9236	13.2789
4.3275	2.0388	0.2592	12.9278	13.2902
4.3280	2.0390	0.2564	12.9654	13.3065
4.3285	2.0391	0.2555	13.0018	13.3603
4.3290	2.0389	0.2641	12.9996	13.3350
4.3295	2.0391	0.2616	12.9983	13.3157
4.3300	2.0388	0.2655	13.0197	13.2870
4.3305	2.0382	0.2696	13.0506	13.2700
4.3310	2.0382	0.2726	13.0636	13.2711
4.3315	2.0378	0.2708	13.0695	13.2885
4.3320	2.0382	0.2685	13.0772	13.2837
4.3325	2.0381	0.2626	13.1032	13.3072
4.3330	2.0383	0.2646	13.1313	13.2985
4.3335	2.0380	0.2613	13.1477	13.2992
4.3340	2.0387	0.2573	13.1425	13.2802
4.3345	2.0394	0.2579	13.1491	13.2516
4.3350	2.0392	0.2598	13.1954	13.2145
4.3355	2.0394	0.2584	13.2268	13.2071
4.3360	2.0395	0.2584	13.2224	13.2213
4.3365	2.0385	0.2608	13.2160	13.2141
4.3370	2.0382	0.2659	13.2557	13.2666
4.3375	2.0379	0.2694	13.3003	13.3618
4.3380	2.0377	0.2761	13.2990	13.4108
4.3385	2.0376	0.2677	13.2846	13.3978
4.3390	2.0379	0.2764	13.3080	13.4111
4.3395	2.0382	0.2677	13.3415	13.3882
4.3400	2.0385	0.2688	13.3456	13.3558
4.3405	2.0385	0.2668	13.3244	13.3178
4.3410	2.0387	0.2639	13.3499	13.2950
4.3415	2.0388	0.2597	13.3920	13.2781
4.3420	2.0391	0.2583	13.3902	13.2725
4.3425	2.0399	0.2550	13.3555	13.2903
4.3430	2.0407	0.2431	13.3712	13.3090
4.3435	2.0413	0.2348	13.4172	13.3245
4.3440	2.0416	0.2345	13.4218	13.3486
4.3445	2.0421	0.2280	13.3708	13.3424
4.3450	2.0426	0.2199	13.3804	13.3167
4.3455	2.0425	0.2204	13.4376	13.2895
4.3460	2.0428	0.2170	13.4604	13.2758
4.3465	2.0429	0.2175	13.4312	13.2627
4.3470	2.0432	0.2111	13.4290	13.2607
4.3475	2.0427	0.2186	13.4782	13.2646
4.3480	2.0424	0.2210	13.4957	13.2725
4.3485	2.0423	0.2207	13.4684	13.2743
4.3490	2.0421	0.2225	13.4541	13.2717
4.3495	2.0418	0.2292	13.4976	13.2616
4.3500	2.0416	0.2257	13.5134	13.2768
4.3505	2.0422	0.2256	13.4857	13.2932
4.3510	2.0421	0.2198	13.4655	13.3166
4.3515	2.0425	0.2229	13.5073	13.3145
4.3520	2.0427	0.2185	13.5195	13.3089
4.3525	2.0430	0.2131	13.4920	13.3145
4.3530	2.0435	0.2202	13.4429	13.3229
4.3535	2.0428	0.2182	13.4918	13.3293
4.3540	2.0428	0.2175	13.3805	13.3398
4.3545	2.0422	0.2278	13.2127	13.3372
4.3550	2.0409	0.2391	13.1786	13.3364
4.3555	2.0413	0.2385	13.1995	13.3262
4.3560	2.0412	0.2338	13.2606	13.2923
4.3565	2.0419	0.2322	13.2665	13.2661
4.3570	2.0413	0.2336	13.2533	13.2303
4.3575	2.0413	0.2374	13.2652	13.2302
4.3580	2.0407	0.2359	13.3226	13.2406
4.3585	2.0410	0.2456	13.3405	13.2700
4.3590	2.0401	0.2405	13.3128	13.3233
4.3595	2.0408	0.2436	13.3357	13.3453
4.3600	2.0408	0.2375	13.4040	13.3707
4.3605	2.0411	0.2375	13.4277	13.3750
4.3610	2.0409	0.2361	13.4009	13.3792
4.3615	2.0410	0.2408	13.4007	13.3566
4.3620	2.0397	0.2544	13.4632	13.3479
4.3625	2.0398	0.2477	13.5057	13.3360
4.3630	2.0409	0.2434	13.4793	13.3104
4.3635	2.0409	0.2434	13.4570	13.2982
4.3640	2.0405	0.2408	13.5077	13.2829
4.3645	2.0409	0.2422	13.5500	13.2814
4.3650	2.0410	0.2347	13.5197	13.2897
4.3655	2.0419	0.2303	13.4996	13.2823
4.3660	2.0417	0.2280	13.5502	13.2850
4.3665	2.0415	0.2286	13.5884	13.2834
4.3670	2.0423	0.2267	13.5583	13.2816
4.3675	2.0427	0.2206	13.5351	13.2974
4.3680	2.0428	0.2135	13.5725	13.3036
4.3685	2.0424	0.2266	13.6176	13.2998
4.3690	2.0417	0.2304	13.5915	13.2954
4.3695	2.0414	0.2307	13.5531	13.2917
4.3700	2.0407	0.2402	13.5792	13.2814
4.3705	2.0411	0.2390	13.6272	13.2635
4.3710	2.0408	0.2436	13.6197	13.2451
4.3715	2.0406	0.2495	13.5772	13.2042
4.3720	2.0401	0.2495	13.5800	13.1995
4.3725	2.0396	0.2490	13.6316	13.2009
4.3730	2.0397	0.2558	13.6388	13.2152
4.3735	2.0390	0.2605	13.5948	13.2355
4.3740	2.0386	0.2613	13.5765	13.2453
4.3745	2.0387	0.2628	13.6078	13.2473
4.3750	2.0393	0.2602	13.6242	13.2527
4.3755	2.0387	0.2587	13.5747	13.2425
4.3760	2.0384	0.2614	13.5321	13.2302
4.3765	2.0383	0.2652	13.5670	13.2249
4.3770	2.0388	0.2632	13.5878	13.2259
4.3775	2.0389	0.2605	13.5372	13.2390
4.3780	2.0391	0.2585	13.4750	13.2478
4.3785	2.0398	0.2498	13.4977	13.2542
4.3790	2.0399	0.2526	13.5202	13.2583
4.3795	2.0390	0.2576	13.4715	13.2697
4.3800	2.0387	0.2658	13.3929	13.2744
4.3805	2.0378	0.2657	13.4002	13.2896
4.3810	2.0380	0.2756	13.4307	13.3073
4.3815	2.0380	0.2738	13.4057	13.3132
4.3820	2.0378	0.2725	13.3084	13.3169
4.3825	2.0373	0.2777	13.3078	13.3121
4.3830	2.0375	0.2764	13.2566	13.3157
4.3835	2.0368	0.2826	13.2157	13.3241
4.3840	2.0375	0.2751	13.2167	13.3392
4.3845	2.0374	0.2791	13.1496	13.3438
4.3850	2.0373	0.2762	13.1691	13.3357
4.3855	2.0382	0.2677	13.1896	13.3258
4.3860	2.0382	0.2703	13.1495	13.3022
4.3865	2.0385	0.2648	13.0770	13.2967
4.3870	2.0386	0.2640	13.0392	13.2784
4.3875	2.0387	0.2611	13.0525	13.2816
4.3880	2.0393	0.2623	13.0105	13.2822
4.3885	2.0390	0.2543	12.7245	13.2937
4.3890	2.0396	0.2561	12.7301	13.3119
4.3895	2.0395	0.2549	12.8069	13.3126
4.3900	2.0391	0.2569	12.8355	13.3275
4.3905	2.0392	0.2587	12.7979	13.3662
4.3910	2.0395	0.2507	12.7840	13.3704
4.3915	2.0397	0.2543	12.8487	13.3537
4.3920	2.0408	0.2409	12.9051	13.3421
4.3925	2.0419	0.2264	12.8636	13.3125
4.3930	2.0436	0.2127	12.8364	13.2770
4.3935	2.0457	0.1847	12.9068	13.2270
4.3940	2.0454	0.1856	12.9625	13.2057
4.3945	2.0458	0.1872	12.9353	13.2264
4.3950	2.0456	0.1855	12.9039	13.2550
4.3955	2.0458	0.1845	12.9582	13.2974
4.3960	2.0461	0.1790	13.0394	13.3287
4.3965	2.0446	0.1973	13.0184	13.3434
4.3970	2.0450	0.1929	12.9678	13.3421
4.3975	2.0450	0.1930	13.0061	13.3223
4.3980	2.0446	0.1926	13.0896	13.2867
4.3985	2.0437	0.2059	13.0884	13.2746
4.3990	2.0433	0.2113	13.0373	13.2619
4.3995	2.0432	0.2141	13.0583	13.2713
4.4000	2.0429	0.2103	13.1456	13.2726
4.4005	2.0428	0.2157	13.1660	13.2856
4.4010	2.0427	0.2279	13.1154	13.3027
4.4015	2.0419	0.2246	13.1126	13.3420
4.4020	2.0415	0.2345	13.1915	13.3543
4.4025	2.0414	0.2354	13.2318	13.3516
4.4030	2.0403	0.2431	13.1825	13.3286
4.4035	2.0406	0.2410	13.1668	13.3198
4.4040	2.0406	0.2399	13.2433	13.3031
4.4045	2.0405	0.2440	13.2980	13.2788
4.4050	2.0401	0.2458	13.2599	13.2837
4.4055	2.0410	0.2376	13.2347	13.2972
4.4060	2.0404	0.2416	13.2967	13.3293
4.4065	2.0408	0.2423	13.3666	13.3533
4.4070	2.0406	0.2396	13.3341	13.4018
4.4075	2.0405	0.2433	13.2862	13.4027
4.4080	2.0404	0.2414	13.3377	13.4022
4.4085	2.0415	0.2339	13.4065	13.3676
4.4090	2.0410	0.2326	13.3854	13.3233
4.4095	2.0410	0.2340	13.3297	13.2830
4.4100	2.0407	0.2369	13.3628	13.2510
4.4105	2.0408	0.2390	13.4356	13.2546
4.4110	2.0414	0.2343	13.4230	13.2915
4.4115	2.0415	0.2316	13.3677	13.3292
4.4120	2.0416	0.2314	13.3901	13.3669
4.4125	2.0424	0.2290	13.4604	13.3876
4.4130	2.0419	0.2331	13.4532	13.3913
4.4135	2.0417	0.2309	13.3984	13.3898
4.4140	2.0418	0.2331	13.4264	13.3694
4.4145	2.0408	0.2405	13.5091	13.3380
4.4150	2.0400	0.2435	13.5105	13.2967
4.4155	2.0401	0.2497	13.4374	13.2525
4.4160	2.0402	0.2498	13.4347	13.2475
4.4165	2.0394	0.2540	13.5318	13.2543
4.4170	2.0389	0.2609	13.5605	13.2497
4.4175	2.0388	0.2587	13.4779	13.2616
4.4180	2.0392	0.2596	13.4471	13.2739
4.4185	2.0394	0.2637	13.5347	13.2830
4.4190	2.0390	0.2601	13.5795	13.2851
4.4195	2.0386	0.2610	13.4928	13.2835
4.4200	2.0386	0.2593	13.4244	13.2830
4.4205	2.0390	0.2614	13.4890	13.2949
4.4210	2.0392	0.2571	13.3657	13.2988
4.4215	2.0396	0.2537	13.1767	13.3176
4.4220	2.0400	0.2488	13.0974	13.3390
4.4225	2.0391	0.2579	13.1644	13.3490
4.4230	2.0387	0.2644	13.2579	13.3740
4.4235	2.0378	0.2699	13.2523	13.3811
4.4240	2.0381	0.2712	13.2008	13.3723
4.4245	2.0378	0.2694	13.2421	13.3587
4.4250	2.0382	0.2719	13.3408	13.3278
4.4255	2.0379	0.2722	13.3321	13.2944
4.4260	2.0381	0.2733	13.2685	13.2741
4.4265	2.0384	0.2675	13.2823	13.2530
4.4270	2.0383	0.2659	13.3832	13.2551
4.4275	2.0385	0.2639	13.4262	13.2623
4.4280	2.0395	0.2532	13.3670	13.2850
4.4285	2.0405	0.2501	13.3571	13.2961
4.4290	2.0411	0.2440	13.4453	13.2985
4.4295	2.0404	0.2394	13.4954	13.2987
4.4300	2.0409	0.2366	13.4468	13.2706
4.4305	2.0414	0.2307	13.4215	13.2293
4.4310	2.0415	0.2328	13.4898	13.2034
4.4315	2.0419	0.2236	13.5517	13.1961
4.4320	2.0427	0.2205	13.5234	13.1920
4.4325	2.0424	0.2213	13.4881	13.1843
4.4330	2.0429	0.2202	13.5373	13.2142
4.4335	2.0431	0.2197	13.5985	13.2799
4.4340	2.0432	0.2130	13.5648	13.2984
4.4345	2.0438	0.2091	13.5254	13.3069
4.4350	2.0436	0.2106	13.5700	13.3102
4.4355	2.0440	0.2057	13.6235	13.3044
4.4360	2.0440	0.2048	13.6076	13.2865
4.4365	2.0448	0.1973	13.5624	13.2728
4.4370	2.0452	0.1920	13.5744	13.2510
4.4375	2.0456	0.1860	13.6308	13.2317
4.4380	2.0458	0.1844	13.6289	13.2090
4.4385	2.0459	0.1832	13.5828	13.1994
4.4390	2.0464	0.1787	13.5781	13.1954
4.4395	2.0465	0.1777	13.6239	13.1963
4.4400	2.0461	0.1836	13.6300	13.1888
4.4405	2.0457	0.1887	13.5840	13.2063
4.4410	2.0457	0.1864	13.5796	13.2229
4.4415	2.0451	0.1927	13.6287	13.2384
4.4420	2.0455	0.1852	13.6341	13.2470
4.4425	2.0456	0.1844	13.5791	13.2416
4.4430	2.0463	0.1803	13.5554	13.2305
4.4435	2.0463	0.1764	13.5882	13.2359
4.4440	2.0464	0.1799	13.5878	13.2359
4.4445	2.0466	0.1777	13.5274	13.2479
4.4450	2.0459	0.1841	13.4983	13.2593
4.4455	2.0453	0.1874	13.5369	13.2904
4.4460	2.0453	0.1911	13.5423	13.3436
4.4465	2.0448	0.1933	13.4716	13.3750
4.4470	2.0443	0.1989	13.4301	13.3586
4.4475	2.0437	0.2017	13.4568	13.3355
4.4480	2.0436	0.2120	13.4644	13.3015
4.4485	2.0427	0.2139	13.4063	13.2593
4.4490	2.0425	0.2259	13.3324	13.2319
4.4495	2.0413	0.2245	13.3301	13.2342
4.4500	2.0418	0.2295	13.3595	13.2510
4.4505	2.0415	0.2284	13.3298	13.2740
4.4510	2.0411	0.2378	13.2583	13.2965
4.4515	2.0405	0.2390	13.2536	13.3279
4.4520	2.0404	0.2425	13.2889	13.3360
4.4525	2.0400	0.2484	13.1807	13.2995
4.4530	2.0393	0.2559	13.1110	13.2655
4.4535	2.0394	0.2546	13.1685	13.2149
4.4540	2.0393	0.2532	13.1966	13.1725
4.4545	2.0391	0.2602	13.1314	13.1392
4.4550	2.0390	0.2573	13.0452	13.1369
4.4555	2.0392	0.2561	13.0534	13.1501
4.4560	2.0395	0.2499	13.0733	13.1973
4.4565	2.0398	0.2502	13.0132	13.2563
4.4570	2.0399	0.2435	12.8629	13.3063
4.4575	2.0403	0.2459	12.7616	13.3257
4.4580	2.0406	0.2436	12.8611	13.3517
4.4585	2.0403	0.2482	12.8420	13.3650
4.4590	2.0405	0.2461	12.7814	13.3420
4.4595	2.0392	0.2491	12.8165	13.3129
4.4600	2.0394	0.2497	12.9019	13.2920
4.4605	2.0397	0.2540	12.9028	13.2620
4.4610	2.0394	0.2512	12.8561	13.2653
4.4615	2.0393	0.2540	12.8656	13.2772
4.4620	2.0391	0.2563	12.9368	13.2883
4.4625	2.0387	0.2599	12.9653	13.3008
4.4630	2.0393	0.2563	12.9355	13.3086
4.4635	2.0393	0.2597	12.9279	13.3082
4.4640	2.0391	0.2562	12.9924	13.3047
4.4645	2.0392	0.2551	13.0426	13.2862
4.4650	2.0396	0.2541	13.0157	13.2803
4.4655	2.0399	0.2454	12.9888	13.2841
4.4660	2.0410	0.2437	13.0342	13.2750
4.4665	2.0411	0.2381	13.1036	13.2821
4.4670	2.0413	0.2375	13.1003	13.2988
4.4675	2.0409	0.2387	13.0659	13.3036
4.4680	2.0403	0.2424	13.0899	13.3270
4.4685	2.0406	0.2468	13.1572	13.3329
4.4690	2.0404	0.2440	13.1728	13.3602
4.4695	2.0398	0.2472	13.1448	13.3635
4.4700	2.0392	0.2549	13.1584	13.3416
4.4705	2.0381	0.2683	13.2179	13.3311
4.4710	2.0371	0.2795	13.2354	13.3210
4.4715	2.0360	0.2872	13.2075	13.3337
4.4720	2.0363	0.2877	13.2228	13.3329
4.4725	2.0363	0.2844	13.2820	13.3319
4.4730	2.0365	0.2836	13.3050	13.3223
4.4735	2.0367	0.2780	13.2782	13.3022
4.4740	2.0373	0.2779	13.2836	13.2923
4.4745	2.0378	0.2763	13.3332	13.2709
4.4750	2.0381	0.2659	13.3491	13.2493
4.4755	2.0395	0.2580	13.3268	13.2195
4.4760	2.0397	0.2491	13.3256	13.1956
4.4765	2.0411	0.2375	13.3676	13.1946
4.4770	2.0423	0.2269	13.3818	13.1860
4.4775	2.0428	0.2152	13.3562	13.2000
4.4780	2.0427	0.2239	13.3445	13.2094
4.4785	2.0419	0.2280	13.3860	13.2436
4.4790	2.0417	0.2311	13.4179	13.2815
4.4795	2.0436	0.2074	13.3886	13.2923
4.4800	2.0446	0.1980	13.3668	13.2834
4.4805	2.0450	0.1981	13.4174	13.2587
4.4810	2.0452	0.1916	13.4670	13.2323
4.4815	2.0454	0.1858	13.4411	13.2064
4.4820	2.0449	0.1959	13.4070	13.2114
4.4825	2.0454	0.1871	13.4387	13.2212
4.4830	2.0459	0.1829	13.4994	13.2475
4.4835	2.0455	0.1853	13.4886	13.2617
4.4840	2.0442	0.1995	13.4441	13.2853
4.4845	2.0434	0.2107	13.4576	13.3077
4.4850	2.0432	0.2154	13.5205	13.3200
4.4855	2.0432	0.2216	13.5169	13.3133
4.4860	2.0431	0.2172	13.4859	13.2977
4.4865	2.0432	0.2103	13.4138	13.3037
4.4870	2.0437	0.2136	13.1146	13.2773
4.4875	2.0433	0.2135	13.0415	13.2655
4.4880	2.0433	0.2118	13.0365	13.2614
4.4885	2.0429	0.2157	13.0406	13.2752
4.4890	2.0435	0.2148	13.1025	13.2842
4.4895	2.0425	0.2186	13.1653	13.3036
4.4900	2.0428	0.2231	13.1622	13.3198
4.4905	2.0423	0.2202	13.1530	13.3204
4.4910	2.0428	0.2269	13.2024	13.3113
4.4915	2.0432	0.2132	13.2639	13.2846
4.4920	2.0426	0.2178	13.2541	13.2558
4.4925	2.0426	0.2231	13.2245	13.2260
4.4930	2.0423	0.2204	13.2643	13.2033
4.4935	2.0423	0.2232	13.3288	13.2085
4.4940	2.0424	0.2252	13.3354	13.2253
4.4945	2.0420	0.2192	13.2997	13.2505
4.4950	2.0413	0.2340	13.3262	13.2929
4.4955	2.0408	0.2358	13.3975	13.3301
4.4960	2.0406	0.2369	13.4189	13.3424
4.4965	2.0411	0.2399	13.3760	13.3455
4.4970	2.0406	0.2455	13.3811	13.3303
4.4975	2.0403	0.2422	13.4538	13.2981
4.4980	2.0405	0.2448	13.4832	13.2698
4.4985	2.0398	0.2487	13.4518	13.2459
4.4990	2.0390	0.2527	13.4590	13.2220
4.4995	2.0386	0.2614	13.5145	13.2324
4.5000	2.0383	0.2654	13.5419	13.2515
4.5005	2.0378	0.2687	13.5153	13.2752
4.5010	2.0374	0.2753	13.4996	13.2970
4.5015	2.0372	0.2781	13.5406	13.2999
4.5020	2.0367	0.2818	13.5758	13.3006
4.5025	2.0369	0.2788	13.5579	13.2813
4.5030	2.0366	0.2854	13.5431	13.2691
4.5035	2.0365	0.2911	13.5727	13.2493
4.5040	2.0363	0.2889	13.6030	13.2484
4.5045	2.0363	0.2891	13.5809	13.2394
4.5050	2.0363	0.2916	13.5613	13.2703
4.5055	2.0368	0.2821	13.5790	13.3050
4.5060	2.0372	0.2856	13.6074	13.3136
4.5065	2.0378	0.2714	13.6034	13.2986
4.5070	2.0390	0.2648	13.5719	13.3086
4.5075	2.0398	0.2499	13.5820	13.2774
4.5080	2.0396	0.2521	13.6172	13.2585
4.5085	2.0390	0.2583	13.6161	13.2862
4.5090	2.0386	0.2578	13.5799	13.3380
4.5095	2.0386	0.2635	13.5703	13.3700
4.5100	2.0387	0.2611	13.5964	13.4092
4.5105	2.0390	0.2650	13.5957	13.4221
4.5110	2.0390	0.2589	13.5541	13.4253
4.5115	2.0391	0.2614	13.5260	13.4045
4.5120	2.0393	0.2614	13.5357	13.3520
4.5125	2.0392	0.2596	13.5435	13.3236
4.5130	2.0391	0.2600	13.5003	13.3126
4.5135	2.0391	0.2585	13.4645	13.3172
4.5140	2.0388	0.2584	13.4791	13.3357
4.5145	2.0393	0.2601	13.4728	13.3622
4.5150	2.0396	0.2589	13.4246	13.3651
4.5155	2.0396	0.2545	13.3926	13.3715
4.5160	2.0405	0.2438	13.3931	13.3640
4.5165	2.0412	0.2331	13.3870	13.3555
4.5170	2.0423	0.2287	13.3331	13.3414
4.5175	2.0431	0.2228	13.2970	13.3276
4.5180	2.0429	0.2151	13.2942	13.3272
4.5185	2.0418	0.2314	13.3025	13.3416
4.5190	2.0424	0.2220	13.2580	13.3738
4.5195	2.0432	0.2128	13.2258	13.3986
4.5200	2.0433	0.2104	13.1526	13.4071
4.5205	2.0432	0.2090	12.9918	13.4144
4.5210	2.0436	0.2095	12.9866	13.3959
4.5215	2.0428	0.2189	12.9596	13.3621
4.5220	2.0423	0.2203	12.9347	13.3432
4.5225	2.0425	0.2166	12.9405	13.3103
4.5230	2.0434	0.2107	12.9588	13.2894
4.5235	2.0438	0.2070	12.9456	13.2741
4.5240	2.0440	0.2039	12.9255	13.2821
4.5245	2.0442	0.2066	12.9308	13.2970
4.5250	2.0442	0.2036	12.9475	13.3103
4.5255	2.0445	0.1965	12.8376	13.3907
4.5260	2.0458	0.1900	12.8191	13.4403
4.5265	2.0452	0.1897	12.8381	13.4453
4.5270	2.0444	0.2022	12.8743	13.4351
4.5275	2.0442	0.2051	12.8868	13.4101
4.5280	2.0433	0.2133	12.8726	13.3779
4.5285	2.0431	0.2217	12.8864	13.3595
4.5290	2.0434	0.2163	12.9296	13.3337
4.5295	2.0427	0.2201	12.9555	13.3313
4.5300	2.0429	0.2163	12.9469	13.3293
4.5305	2.0422	0.2225	12.9529	13.3394
4.5310	2.0424	0.2255	12.9918	13.3405
4.5315	2.0419	0.2238	13.0250	13.3500
4.5320	2.0417	0.2292	13.0206	13.3740
4.5325	2.0418	0.2284	13.0276	13.3865
4.5330	2.0419	0.2287	13.0606	13.3780
4.5335	2.0410	0.2318	13.0839	13.3651
4.5340	2.0411	0.2378	13.0980	13.3559
4.5345	2.0416	0.2328	13.0996	13.3171
4.5350	2.0414	0.2339	13.1104	13.3092
4.5355	2.0411	0.2351	13.1502	13.3137
4.5360	2.0403	0.2381	13.1646	13.3147
4.5365	2.0408	0.2401	13.1582	13.3258
4.5370	2.0400	0.2480	13.1770	13.3465
4.5375	2.0406	0.2436	13.2201	13.3665
4.5380	2.0405	0.2452	13.2334	13.3768
4.5385	2.0397	0.2486	13.2266	13.3924
4.5390	2.0399	0.2491	13.2508	13.4007
4.5395	2.0400	0.2526	13.2962	13.4052
4.5400	2.0396	0.2528	13.3061	13.4046
4.5405	2.0396	0.2508	13.3010	13.4047
4.5410	2.0395	0.2586	13.3216	13.4075
4.5415	2.0382	0.2622	13.3580	13.3963
4.5420	2.0384	0.2683	13.3664	13.3952
4.5425	2.0385	0.2687	13.3633	13.3925
4.5430	2.0377	0.2693	13.3803	13.3722
4.5435	2.0375	0.2718	13.3992	13.3463
4.5440	2.0375	0.2740	13.4050	13.3241
4.5445	2.0373	0.2724	13.4114	13.3009
4.5450	2.0376	0.2747	13.4175	13.2719
4.5455	2.0368	0.2762	13.4267	13.2558
4.5460	2.0366	0.2816	13.4337	13.2473
4.5465	2.0364	0.2834	13.4435	13.2500
4.5470	2.0363	0.2930	13.4497	13.2573
4.5475	2.0358	0.2839	13.4624	13.2746
4.5480	2.0363	0.2933	13.4682	13.2803
4.5485	2.0362	0.2901	13.4720	13.2810
4.5490	2.0362	0.2867	13.4723	13.2587
4.5495	2.0369	0.2838	13.4980	13.2471
4.5500	2.0375	0.2794	13.5174	13.2314
4.5505	2.0382	0.2787	13.5142	13.2157
4.5510	2.0382	0.2705	13.4933	13.1969
4.5515	2.0381	0.2695	13.5166	13.1974
4.5520	2.0375	0.2746	13.5202	13.2161
4.5525	2.0380	0.2715	13.5512	13.2723
4.5530	2.0381	0.2718	13.4930	13.3266
4.5535	2.0384	0.2649	13.4858	13.3398
4.5540	2.0381	0.2682	13.5494	13.3456
4.5545	2.0380	0.2649	13.4833	13.3390
4.5550	2.0387	0.2594	13.4717	13.3286
4.5555	2.0391	0.2552	13.5216	13.3079
4.5560	2.0396	0.2538	13.5451	13.2871
4.5565	2.0398	0.2490	13.4794	13.2778
4.5570	2.0395	0.2502	13.4647	13.2915
4.5575	2.0398	0.2531	13.4981	13.2984
4.5580	2.0397	0.2499	13.5108	13.3236
4.5585	2.0402	0.2445	13.4547	13.3348
4.5590	2.0407	0.2493	13.4042	13.3306
4.5595	2.0396	0.2438	13.3895	13.3256
4.5600	2.0402	0.2451	13.3622	13.3152
4.5605	2.0404	0.2458	13.2921	13.3034
4.5610	2.0405	0.2406	13.3030	13.2982
4.5615	2.0421	0.2257	13.3347	13.2876
4.5620	2.0416	0.2243	13.3771	13.2905
4.5625	2.0419	0.2269	13.3729	13.3258
4.5630	2.0424	0.2257	13.3733	13.3691
4.5635	2.0431	0.2216	13.4149	13.3806
4.5640	2.0431	0.2169	13.4510	13.3940
4.5645	2.0430	0.2159	13.4502	13.4041
4.5650	2.0432	0.2115	13.4469	13.3836
4.5655	2.0445	0.2018	13.4745	13.3583
4.5660	2.0448	0.1947	13.5057	13.3158
4.5665	2.0451	0.1921	13.5008	13.2596
4.5670	2.0441	0.2027	13.5023	13.2245
4.5675	2.0436	0.2127	13.5457	13.2262
4.5680	2.0432	0.2114	13.5760	13.2425
4.5685	2.0435	0.2099	13.5677	13.2695
4.5690	2.0449	0.2034	13.5516	13.2800
4.5695	2.0442	0.2008	13.5653	13.3061
4.5700	2.0448	0.1955	13.5908	13.2785
4.5705	2.0437	0.2056	13.5877	13.2613
4.5710	2.0430	0.2170	13.5746	13.2460
4.5715	2.0432	0.2127	13.5955	13.2322
4.5720	2.0437	0.2121	13.6264	13.2061
4.5725	2.0425	0.2236	13.6141	13.1909
4.5730	2.0419	0.2279	13.5967	13.1864
4.5735	2.0415	0.2313	13.6118	13.2033
4.5740	2.0412	0.2328	13.6272	13.2218
4.5745	2.0410	0.2343	13.6155	13.2416
4.5750	2.0415	0.2311	13.6111	13.2451
4.5755	2.0415	0.2231	13.6172	13.2648
4.5760	2.0422	0.2278	13.6273	13.2894
4.5765	2.0420	0.2261	13.6239	13.3005
4.5770	2.0421	0.2303	13.6181	13.3286
4.5775	2.0420	0.2308	13.6165	13.3298
4.5780	2.0411	0.2288	13.6060	13.3550
4.5785	2.0414	0.2372	13.5965	13.3601
4.5790	2.0412	0.2340	13.5853	13.3735
4.5795	2.0411	0.2426	13.5708	13.3927
4.5800	2.0408	0.2409	13.5466	13.3834
4.5805	2.0399	0.2436	13.5358	13.3844
4.5810	2.0405	0.2452	13.5289	13.3734
4.5815	2.0407	0.2426	13.5112	13.3509
4.5820	2.0412	0.2328	13.4818	13.3254
4.5825	2.0412	0.2309	13.4630	13.3125
4.5830	2.0416	0.2280	13.4493	13.3111
4.5835	2.0416	0.2278	13.4244	13.3403
4.5840	2.0425	0.2165	13.4004	13.3529
4.5845	2.0420	0.2246	13.3870	13.3871
4.5850	2.0417	0.2257	13.3694	13.4273
4.5855	2.0416	0.2302	13.3341	13.4397
4.5860	2.0418	0.2321	13.3283	13.4398
4.5865	2.0412	0.2354	13.3371	13.4148
4.5870	2.0407	0.2391	13.2854	13.3626
4.5875	2.0407	0.2337	13.2181	13.3220
4.5880	2.0401	0.2434	13.2016	13.3072
4.5885	2.0396	0.2567	12.9516	13.2782
4.5890	2.0389	0.2583	12.7869	13.2747
4.5895	2.0384	0.2668	12.7653	13.2867
4.5900	2.0385	0.2682	12.7755	13.3037
4.5905	2.0386	0.2643	12.8066	13.3224
4.5910	2.0385	0.2593	12.8254	13.3172
4.5915	2.0388	0.2550	12.8104	13.3109
4.5920	2.0396	0.2540	12.8167	13.2846
4.5925	2.0394	0.2491	12.8601	13.2536
4.5930	2.0400	0.2487	12.8803	13.2174
4.5935	2.0406	0.2437	12.8840	13.2107
4.5940	2.0405	0.2457	12.8740	13.2178
4.5945	2.0398	0.2502	12.9051	13.2398
4.5950	2.0393	0.2533	12.9444	13.2583
4.5955	2.0384	0.2572	12.9447	13.2744
4.5960	2.0389	0.2607	12.9339	13.2771
4.5965	2.0387	0.2613	12.9618	13.2762
4.5970	2.0387	0.2630	13.0022	13.2625
4.5975	2.0388	0.2664	13.0176	13.2358
4.5980	2.0383	0.2651	13.0064	13.2059
4.5985	2.0381	0.2678	13.0256	13.1987
4.5990	2.0379	0.2685	13.0706	13.1966
4.5995	2.0384	0.2660	13.0899	13.2152
4.6000	2.0385	0.2660	13.0801	13.2760
4.6005	2.0392	0.2605	13.0992	13.2881
4.6010	2.0400	0.2566	13.1459	13.3188
4.6015	2.0401	0.2520	13.1671	13.3336
4.6020	2.0402	0.2432	13.1474	13.3332
4.6025	2.0406	0.2444	13.1518	13.3182
4.6030	2.0412	0.2334	13.2078	13.3135
4.6035	2.0405	0.2419	13.2283	13.2846
4.6040	2.0404	0.2475	13.2074	13.3015
4.6045	2.0408	0.2440	13.2140	13.3229
4.6050	2.0423	0.2319	13.2691	13.3158
4.6055	2.0419	0.2294	13.3137	13.3243
4.6060	2.0419	0.2272	13.2971	13.3311
4.6065	2.0416	0.2284	13.2801	13.3414
4.6070	2.0412	0.2318	13.3290	13.3578
4.6075	2.0419	0.2249	13.3742	13.3618
4.6080	2.0420	0.2289	13.3627	13.3521
4.6085	2.0424	0.2216	13.3569	13.3338
4.6090	2.0422	0.2218	13.4070	13.3119
4.6095	2.0433	0.2195	13.4417	13.2698
4.6100	2.0420	0.2236	13.4132	13.2456
4.6105	2.0424	0.2221	13.4031	13.2344
4.6110	2.0417	0.2279	13.4418	13.2259
4.6115	2.0428	0.2189	13.4829	13.2255
4.6120	2.0433	0.2152	13.4695	13.2257
4.6125	2.0433	0.2133	13.4450	13.2201
4.6130	2.0436	0.2081	13.4661	13.2176
4.6135	2.0435	0.2078	13.5161	13.2114
4.6140	2.0434	0.2178	13.5096	13.2125
4.6145	2.0434	0.2119	13.4643	13.2281
4.6150	2.0429	0.2166	13.4756	13.2380
4.6155	2.0429	0.2148	13.5413	13.2586
4.6160	2.0426	0.2158	13.5624	13.2556
4.6165	2.0421	0.2302	13.5168	13.2680
4.6170	2.0417	0.2311	13.5065	13.2796
4.6175	2.0407	0.2390	13.5620	13.2863
4.6180	2.0402	0.2436	13.6043	13.2598
4.6185	2.0408	0.2434	13.5549	13.2395
4.6190	2.0404	0.2500	13.5367	13.2343
4.6195	2.0401	0.2486	13.5808	13.2170
4.6200	2.0401	0.2482	13.6327	13.2011
4.6205	2.0402	0.2435	13.5249	13.1973
4.6210	2.0401	0.2493	13.4643	13.2127
4.6215	2.0404	0.2414	13.6168	13.2334
4.6220	2.0405	0.2472	13.5952	13.2646
4.6225	2.0396	0.2493	13.5093	13.2866
4.6230	2.0397	0.2487	13.4960	13.2978
4.6235	2.0394	0.2475	13.5882	13.3174
4.6240	2.0393	0.2523	13.5931	13.3177
4.6245	2.0395	0.2567	13.5016	13.3233
4.6250	2.0388	0.2625	13.4674	13.2996
4.6255	2.0383	0.2578	13.5457	13.3080
4.6260	2.0389	0.2596	13.5508	13.3206
4.6265	2.0392	0.2566	13.4561	13.3296
4.6270	2.0401	0.2428	13.3951	13.3372
4.6275	2.0416	0.2338	13.4572	13.3365
4.6280	2.0417	0.2288	13.4618	13.3333
4.6285	2.0417	0.2304	13.3049	13.3424
4.6290	2.0411	0.2309	13.3094	13.3603
4.6295	2.0414	0.2359	13.3976	13.3741
4.6300	2.0410	0.2401	13.4407	13.3746
4.6305	2.0406	0.2431	13.3892	13.4006
4.6310	2.0404	0.2429	13.3809	13.4044
4.6315	2.0396	0.2524	13.4782	13.3814
4.6320	2.0390	0.2599	13.5365	13.3398
4.6325	2.0388	0.2622	13.4776	13.3137
4.6330	2.0392	0.2540	13.4495	13.2820
4.6335	2.0400	0.2534	13.5303	13.2575
4.6340	2.0398	0.2481	13.5831	13.2458
4.6345	2.0400	0.2478	13.5274	13.2404
4.6350	2.0404	0.2461	13.4868	13.2518
4.6355	2.0401	0.2526	13.5609	13.2749
4.6360	2.0401	0.2457	13.6327	13.2966
4.6365	2.0404	0.2442	13.5838	13.3092
4.6370	2.0410	0.2410	13.5209	13.3156
4.6375	2.0414	0.2312	13.5752	13.3272
4.6380	2.0422	0.2270	13.6513	13.3065
4.6385	2.0428	0.2253	13.6186	13.3043
4.6390	2.0415	0.2260	13.5508	13.3091
4.6395	2.0418	0.2329	13.5826	13.3181
4.6400	2.0415	0.2331	13.6615	13.3226
4.6405	2.0409	0.2398	13.6372	13.3393
4.6410	2.0402	0.2415	13.5615	13.3427
4.6415	2.0405	0.2429	13.5755	13.3432
4.6420	2.0406	0.2393	13.6590	13.3272
4.6425	2.0404	0.2404	13.6542	13.3049
4.6430	2.0404	0.2396	13.5703	13.2812
4.6435	2.0411	0.2361	13.5668	13.2525
4.6440	2.0407	0.2342	13.6439	13.2467
4.6445	2.0414	0.2320	13.6606	13.2679
4.6450	2.0415	0.2342	13.5723	13.3157
4.6455	2.0411	0.2373	13.5153	13.3451
4.6460	2.0413	0.2334	13.5749	13.3919
4.6465	2.0413	0.2298	13.6200	13.4159
4.6470	2.0417	0.2304	13.5389	13.4245
4.6475	2.0419	0.2295	13.4630	13.4200
4.6480	2.0419	0.2271	13.5080	13.3992
4.6485	2.0421	0.2255	13.5496	13.3666
4.6490	2.0417	0.2287	13.4798	13.3433
4.6495	2.0416	0.2348	13.3987	13.3440
4.6500	2.0419	0.2316	13.4195	13.3371
4.6505	2.0421	0.2221	13.4657	13.3343
4.6510	2.0428	0.2198	13.4261	13.3373
4.6515	2.0435	0.2110	13.3332	13.3559
4.6520	2.0439	0.2065	13.3214	13.3431
4.6525	2.0444	0.1968	13.3687	13.3280
4.6530	2.0448	0.1950	13.3477	13.3164
4.6535	2.0448	0.1943	13.2417	13.3101
4.6540	2.0452	0.1900	13.2118	13.3078
4.6545	2.0450	0.1929	13.2770	13.3059
4.6550	2.0445	0.1988	13.2842	13.3061
4.6555	2.0444	0.1997	13.1393	13.3228
4.6560	2.0440	0.2063	12.7470	13.3312
4.6565	2.0433	0.2154	12.7298	13.3521
4.6570	2.0427	0.2165	12.7853	13.3494
4.6575	2.0428	0.2195	12.7351	13.3322
4.6580	2.0422	0.2226	12.7007	13.3277
4.6585	2.0426	0.2200	12.7743	13.3347
4.6590	2.0424	0.2207	12.8461	13.2823
4.6595	2.0422	0.2248	12.8067	13.2582
4.6600	2.0428	0.2194	12.7468	13.2752
4.6605	2.0431	0.2186	12.7980	13.2925
4.6610	2.0432	0.2095	12.8826	13.3322
4.6615	2.0427	0.2148	12.8653	13.3539
4.6620	2.0422	0.2258	12.8058	13.3700
4.6625	2.0419	0.2311	12.8496	13.3697
4.6630	2.0417	0.2293	12.9425	13.3620
4.6635	2.0415	0.2336	12.9278	13.3210
4.6640	2.0414	0.2347	12.8659	13.2741
4.6645	2.0414	0.2377	12.8953	13.2254
4.6650	2.0406	0.2428	12.9847	13.1769
4.6655	2.0408	0.2420	13.0033	13.1795
4.6660	2.0407	0.2373	12.9383	13.1925
4.6665	2.0413	0.2361	12.9520	13.2105
4.6670	2.0406	0.2396	13.0386	13.2535
4.6675	2.0407	0.2385	13.0633	13.2865
4.6680	2.0414	0.2349	12.9997	13.3132
4.6685	2.0413	0.2342	12.9935	13.3178
4.6690	2.0413	0.2372	13.0934	13.2978
4.6695	2.0415	0.2343	13.1494	13.2889
4.6700	2.0414	0.2327	13.0895	13.2722
4.6705	2.0420	0.2304	13.0671	13.2558
4.6710	2.0410	0.2314	13.1531	13.2634
4.6715	2.0411	0.2354	13.2094	13.2855
4.6720	2.0410	0.2356	13.1653	13.3222
4.6725	2.0404	0.2378	13.1401	13.3420
4.6730	2.0403	0.2442	13.2039	13.3593
4.6735	2.0398	0.2490	13.2716	13.3585
4.6740	2.0396	0.2558	13.2417	13.3378
4.6745	2.0391	0.2566	13.1994	13.3157
4.6750	2.0386	0.2641	13.2452	13.2802
4.6755	2.0384	0.2667	13.3173	13.2411
4.6760	2.0382	0.2676	13.3165	13.2406
4.6765	2.0382	0.2685	13.2787	13.2377
4.6770	2.0378	0.2715	13.3096	13.2473
4.6775	2.0381	0.2718	13.3736	13.2779
4.6780	2.0381	0.2685	13.3732	13.2915
4.6785	2.0385	0.2627	13.3309	13.3037
4.6790	2.0393	0.2523	13.3390	13.2955
4.6795	2.0393	0.2528	13.4055	13.2684
4.6800	2.0397	0.2550	13.4234	13.2498
4.6805	2.0397	0.2488	13.3749	13.2150
4.6810	2.0399	0.2472	13.3585	13.2135
4.6815	2.0407	0.2377	13.4066	13.2350
4.6820	2.0412	0.2361	13.4409	13.2851
4.6825	2.0409	0.2317	13.4149	13.3416
4.6830	2.0416	0.2316	13.3926	13.3897
4.6835	2.0416	0.2336	13.4205	13.4286
4.6840	2.0407	0.2381	13.4555	13.4194
4.6845	2.0419	0.2328	13.4535	13.4045
4.6850	2.0421	0.2257	13.4307	13.3385
4.6855	2.0417	0.2319	13.4543	13.2819
4.6860	2.0408	0.2409	13.4879	13.2260
4.6865	2.0402	0.2455	13.4813	13.1990
4.6870	2.0396	0.2478	13.4658	13.2047
4.6875	2.0401	0.2497	13.4876	13.2418
4.6880	2.0403	0.2491	13.5138	13.2645
4.6885	2.0410	0.2375	13.4977	13.2651
4.6890	2.0414	0.2338	13.4626	13.2770
4.6895	2.0418	0.2290	13.4838	13.2649
4.6900	2.0420	0.2343	13.4487	13.2369
4.6905	2.0421	0.2282	13.4384	13.2240
4.6910	2.0426	0.2243	13.4328	13.2107
4.6915	2.0428	0.2180	13.4360	13.2151
4.6920	2.0437	0.2155	13.4606	13.2411
4.6925	2.0437	0.2074	13.4511	13.2679
4.6930	2.0437	0.2069	13.4163	13.3144
4.6935	2.0443	0.1987	13.3918	13.3500
4.6940	2.0447	0.1953	13.4099	13.3938
4.6945	2.0449	0.1995	13.3955	13.3992
4.6950	2.0450	0.1902	13.3541	13.3980
4.6955	2.0447	0.1962	13.3336	13.3706
4.6960	2.0439	0.2018	13.3448	13.3483
4.6965	2.0435	0.2098	13.3304	13.3282
4.6970	2.0436	0.2077	13.2707	13.3317
4.6975	2.0432	0.2121	13.2691	13.3546
4.6980	2.0433	0.2126	13.3279	13.3627
4.6985	2.0423	0.2216	13.3619	13.3986
4.6990	2.0428	0.2169	13.3435	13.4188
4.6995	2.0427	0.2150	13.3318	13.3992
4.7000	2.0433	0.2118	13.3796	13.3612
4.7005	2.0430	0.2117	13.4309	13.3189
4.7010	2.0438	0.2065	13.4170	13.2865
4.7015	2.0432	0.2067	13.3868	13.2671
4.7020	2.0428	0.2133	13.4199	13.2779
4.7025	2.0426	0.2212	13.4721	13.3003
4.7030	2.0412	0.2343	13.4700	13.3210
4.7035	2.0412	0.2349	13.4326	13.3659
4.7040	2.0409	0.2376	13.4526	13.3833
4.7045	2.0405	0.2423	13.5071	13.3837
4.7050	2.0406	0.2444	13.5200	13.3734
4.7055	2.0404	0.2419	13.4828	13.3700
4.7060	2.0398	0.2413	13.4844	13.3672
4.7065	2.0406	0.2412	13.5305	13.3187
4.7070	2.0404	0.2456	13.5399	13.3040
4.7075	2.0401	0.2456	13.5067	13.2950
4.7080	2.0403	0.2445	13.4959	13.2927
4.7085	2.0406	0.2431	13.5262	13.3108
4.7090	2.0404	0.2371	13.5407	13.3112
4.7095	2.0407	0.2396	13.5230	13.3111
4.7100	2.0404	0.2422	13.5145	13.2984
4.7105	2.0408	0.2407	13.5257	13.2710
4.7110	2.0406	0.2376	13.5269	13.2540
4.7115	2.0414	0.2340	13.5204	13.2276
4.7120	2.0411	0.2345	13.5192	13.2244
4.7125	2.0414	0.2289	13.5163	13.2539
4.7130	2.0416	0.2300	13.5109	13.2645
4.7135	2.0412	0.2330	13.4954	13.2820
4.7140	2.0408	0.2382	13.4888	13.3152
4.7145	2.0406	0.2381	13.4789	13.3317
4.7150	2.0403	0.2446	13.4652	13.3323
4.7155	2.0403	0.2460	13.4385	13.3152
4.7160	2.0401	0.2446	13.4194	13.3172
4.7165	2.0401	0.2471	13.4106	13.3112
4.7170	2.0398	0.2472	13.4060	13.2949
4.7175	2.0396	0.2539	13.3691	13.2943
4.7180	2.0387	0.2569	13.3457	13.3106
4.7185	2.0385	0.2649	13.3314	13.3431
4.7190	2.0385	0.2635	13.3293	13.3601
4.7195	2.0385	0.2677	13.2876	13.3748
4.7200	2.0387	0.2647	13.2742	13.3893
4.7205	2.0383	0.2686	13.2413	13.3842
4.7210	2.0388	0.2605	13.2461	13.3634
4.7215	2.0381	0.2617	13.1817	13.3482
4.7220	2.0379	0.2655	13.2098	13.3336
4.7225	2.0382	0.2706	12.9596	13.3075
4.7230	2.0385	0.2632	12.5987	13.3187
4.7235	2.0383	0.2625	12.6374	13.3399
4.7240	2.0386	0.2656	12.6370	13.3469
4.7245	2.0387	0.2677	12.6688	13.3504
4.7250	2.0386	0.2662	12.6674	13.3345
4.7255	2.0377	0.2783	12.7146	13.3274
4.7260	2.0373	0.2744	12.7259	13.3129
4.7265	2.0380	0.2717	12.7188	13.2934
4.7270	2.0380	0.2728	12.7178	13.2792
4.7275	2.0385	0.2608	12.7404	13.2783
4.7280	2.0390	0.2671	12.7604	13.2848
4.7285	2.0393	0.2620	12.7830	13.2990
4.7290	2.0389	0.2556	12.7743	13.3013
4.7295	2.0397	0.2540	12.7967	13.2956
4.7300	2.0403	0.2473	12.8215	13.2877
4.7305	2.0406	0.2440	12.8320	13.2657
4.7310	2.0405	0.2399	12.8305	13.2494
4.7315	2.0411	0.2375	12.8532	13.2261
4.7320	2.0412	0.2344	12.8862	13.2120
4.7325	2.0402	0.2472	12.8947	13.2184
4.7330	2.0399	0.2502	12.8906	13.2401
4.7335	2.0385	0.2558	12.9187	13.2812
4.7340	2.0390	0.2599	12.9632	13.3195
4.7345	2.0398	0.2494	12.9810	13.3307
4.7350	2.0402	0.2471	12.9793	13.3342
4.7355	2.0407	0.2467	12.9906	13.3174
4.7360	2.0405	0.2370	13.0227	13.2919
4.7365	2.0407	0.2436	13.0460	13.2696
4.7370	2.0401	0.2472	13.0386	13.2654
4.7375	2.0405	0.2420	13.0463	13.2824
4.7380	2.0410	0.2383	13.0899	13.3108
4.7385	2.0409	0.2369	13.1230	13.3479
4.7390	2.0408	0.2374	13.1101	13.3763
4.7395	2.0411	0.2346	13.1073	13.3955
4.7400	2.0411	0.2364	13.1472	13.4031
4.7405	2.0407	0.2399	13.1892	13.3772
4.7410	2.0404	0.2442	13.1924	13.3652
4.7415	2.0400	0.2441	13.1832	13.3336
4.7420	2.0400	0.2460	13.2133	13.3237
4.7425	2.0399	0.2429	13.2548	13.3198
4.7430	2.0402	0.2453	13.2608	13.3512
4.7435	2.0401	0.2478	13.2614	13.3824
4.7440	2.0407	0.2501	13.2843	13.4002
4.7445	2.0402	0.2482	13.3159	13.4113
4.7450	2.0403	0.2467	13.3287	13.3997
4.7455	2.0406	0.2446	13.3245	13.4237
4.7460	2.0398	0.2451	13.3376	13.4053
4.7465	2.0398	0.2486	13.3592	13.3690
4.7470	2.0394	0.2465	13.3691	13.3401
4.7475	2.0397	0.2516	13.3647	13.3212
4.7480	2.0391	0.2525	13.3676	13.3193
4.7485	2.0390	0.2569	13.3917	13.3279
4.7490	2.0393	0.2543	13.4059	13.3339
4.7495	2.0396	0.2570	13.4003	13.3572
4.7500	2.0400	0.2556	13.4015	13.3613
4.7505	2.0392	0.2578	13.4268	13.3851
4.7510	2.0390	0.2573	13.4302	13.3702
4.7515	2.0389	0.2593	13.4259	13.3559
4.7520	2.0384	0.2629	13.4333	13.3208
4.7525	2.0393	0.2557	13.4658	13.3062
4.7530	2.0386	0.2593	13.4820	13.2823
4.7535	2.0383	0.2596	13.4697	13.2829
4.7540	2.0385	0.2649	13.4641	13.2913
4.7545	2.0383	0.2620	13.4941	13.3113
4.7550	2.0386	0.2622	13.5142	13.3202
4.7555	2.0378	0.2640	13.4985	13.3399
4.7560	2.0378	0.2734	13.4827	13.3329
4.7565	2.0378	0.2708	13.5115	13.3405
4.7570	2.0375	0.2713	13.5304	13.3459
4.7575	2.0371	0.2708	13.5124	13.3462
4.7580	2.0376	0.2750	13.4823	13.3606
4.7585	2.0368	0.2812	13.4979	13.3609
4.7590	2.0365	0.2791	13.5181	13.3802
4.7595	2.0372	0.2806	13.5012	13.3743
4.7600	2.0367	0.2799	13.3295	13.3860
4.7605	2.0367	0.2853	13.3145	13.3950
4.7610	2.0363	0.2882	13.3714	13.4028
4.7615	2.0371	0.2862	13.3516	13.4093
4.7620	2.0369	0.2835	13.3139	13.3941
4.7625	2.0368	0.2782	13.3348	13.3927
4.7630	2.0367	0.2840	13.3974	13.3927
4.7635	2.0367	0.2835	13.3843	13.3799
4.7640	2.0373	0.2833	13.3306	13.3759
4.7645	2.0373	0.2732	13.3329	13.3748
4.7650	2.0377	0.2707	13.3837	13.3711
4.7655	2.0391	0.2575	13.3900	13.3798
4.7660	2.0392	0.2540	13.3747	13.3784
4.7665	2.0390	0.2585	13.3884	13.4020
4.7670	2.0384	0.2617	13.4320	13.4437
4.7675	2.0382	0.2705	13.4618	13.4476
4.7680	2.0379	0.2712	13.4577	13.4518
4.7685	2.0379	0.2762	13.4570	13.4286
4.7690	2.0376	0.2732	13.4813	13.4025
4.7695	2.0370	0.2729	13.5110	13.3616
4.7700	2.0373	0.2742	13.5207	13.3130
4.7705	2.0372	0.2821	13.5277	13.2860
4.7710	2.0364	0.2833	13.5472	13.2697
4.7715	2.0363	0.2832	13.5628	13.2734
4.7720	2.0363	0.2869	13.5674	13.2949
4.7725	2.0371	0.2786	13.5805	13.3154
4.7730	2.0372	0.2788	13.5918	13.3389
4.7735	2.0371	0.2758	13.5873	13.3555
4.7740	2.0378	0.2758	13.5840	13.3589
4.7745	2.0382	0.2698	13.5973	13.3571
4.7750	2.0379	0.2676	13.6190	13.3318
4.7755	2.0379	0.2658	13.6174	13.3144
4.7760	2.0386	0.2623	13.6041	13.2948
4.7765	2.0381	0.2625	13.6158	13.2770
4.7770	2.0381	0.2673	13.6422	13.2981
4.7775	2.0388	0.2630	13.6386	13.3176
4.7780	2.0391	0.2623	13.6161	13.3183
4.7785	2.0387	0.2676	13.6234	13.3474
4.7790	2.0382	0.2672	13.6527	13.3689
4.7795	2.0382	0.2696	13.6587	13.3806
4.7800	2.0376	0.2732	13.6357	13.3873
4.7805	2.0381	0.2742	13.6257	13.3671
4.7810	2.0384	0.2667	13.6403	13.3476
4.7815	2.0383	0.2611	13.6291	13.3198
4.7820	2.0392	0.2528	13.5958	13.3064
4.7825	2.0400	0.2552	13.5743	13.2889
4.7830	2.0402	0.2431	13.5754	13.2844
4.7835	2.0407	0.2383	13.5696	13.3036
4.7840	2.0413	0.2293	13.5425	13.3102
4.7845	2.0413	0.2320	13.5162	13.3321
4.7850	2.0421	0.2326	13.5044	13.3330
4.7855	2.0410	0.2419	13.5067	13.3268
4.7860	2.0403	0.2493	13.4846	13.3298
4.7865	2.0403	0.2429	13.4521	13.3172
4.7870	2.0409	0.2369	13.4259	13.2922
4.7875	2.0409	0.2398	13.4251	13.2632
4.7880	2.0407	0.2405	13.3910	13.2527
4.7885	2.0400	0.2431	13.3792	13.2803
4.7890	2.0397	0.2513	13.2710	13.3354
4.7895	2.0394	0.2528	13.2284	13.3616
4.7900	2.0398	0.2469	13.2729	13.3776
4.7905	2.0398	0.2527	13.2397	13.3692
4.7910	2.0395	0.2490	13.2060	13.3361
4.7915	2.0393	0.2519	13.1790	13.3013
4.7920	2.0392	0.2547	13.1917	13.2492
4.7925	2.0397	0.2517	13.0336	13.2179
4.7930	2.0389	0.2585	12.9189	13.1924
4.7935	2.0375	0.2773	12.8586	13.2089
4.7940	2.0368	0.2863	12.7977	13.2334
4.7945	2.0365	0.2846	12.8420	13.2606
4.7950	2.0363	0.2900	12.8281	13.2841
4.7955	2.0368	0.2932	12.8479	13.2851
4.7960	2.0374	0.2794	12.8765	13.2862
4.7965	2.0378	0.2723	12.9027	13.2572
4.7970	2.0388	0.2626	12.8868	13.2234
4.7975	2.0393	0.2610	12.8951	13.1939
4.7980	2.0392	0.2500	12.9290	13.1800
4.7985	2.0400	0.2465	12.9578	13.1851
4.7990	2.0394	0.2526	12.9563	13.2295
4.7995	2.0391	0.2534	12.9542	13.2629
4.8000	2.0394	0.2538	12.9884	13.2954
4.8005	2.0397	0.2561	13.0244	13.3281
4.8010	2.0391	0.2579	13.0245	13.3227
4.8015	2.0388	0.2595	13.0239	13.3199
4.8020	2.0387	0.2573	13.0575	13.3495
4.8025	2.0386	0.2655	13.0933	13.3171
4.8030	2.0386	0.2646	13.1010	13.2857
4.8035	2.0375	0.2714	13.0949	13.2671
4.8040	2.0370	0.2775	13.1232	13.2635
4.8045	2.0370	0.2785	13.1553	13.2879
4.8050	2.0375	0.2733	13.1662	13.3117
4.8055	2.0379	0.2667	13.1652	13.3312
4.8060	2.0377	0.2711	13.1820	13.3254
4.8065	2.0380	0.2694	13.2345	13.3068
4.8070	2.0382	0.2687	13.2452	13.2870
4.8075	2.0389	0.2594	13.2214	13.2536
4.8080	2.0395	0.2555	13.2382	13.2096
4.8085	2.0393	0.2576	13.2923	13.1716
4.8090	2.0399	0.2474	13.3237	13.2016
4.8095	2.0395	0.2479	13.3013	13.2224
4.8100	2.0388	0.2567	13.3037	13.2497
4.8105	2.0389	0.2600	13.3613	13.3375
4.8110	2.0382	0.2662	13.4045	13.4250
4.8115	2.0381	0.2667	13.3852	13.4463
4.8120	2.0383	0.2697	13.3658	13.4286
4.8125	2.0385	0.2658	13.4071	13.3918
4.8130	2.0381	0.2658	13.4585	13.3540
4.8135	2.0382	0.2698	13.4486	13.3160
4.8140	2.0382	0.2629	13.4134	13.2848
4.8145	2.0389	0.2620	13.4371	13.2819
4.8150	2.0387	0.2567	13.4941	13.2815
4.8155	2.0395	0.2505	13.4916	13.2810
4.8160	2.0405	0.2422	13.4578	13.3105
4.8165	2.0415	0.2356	13.4656	13.3207
4.8170	2.0412	0.2357	13.5063	13.3333
4.8175	2.0416	0.2268	13.5289	13.3307
4.8180	2.0421	0.2256	13.5004	13.3021
4.8185	2.0423	0.2275	13.5012	13.2790
4.8190	2.0426	0.2205	13.5449	13.2706
4.8195	2.0426	0.2198	13.5779	13.2643
4.8200	2.0430	0.2173	13.5486	13.2644
4.8205	2.0429	0.2174	13.5275	13.2664
4.8210	2.0419	0.2209	13.5688	13.2796
4.8215	2.0423	0.2245	13.6132	13.2696
4.8220	2.0421	0.2227	13.5956	13.2681
4.8225	2.0418	0.2297	13.5699	13.2552
4.8230	2.0420	0.2253	13.6047	13.2418
4.8235	2.0423	0.2281	13.6500	13.2449
4.8240	2.0426	0.2177	13.6203	13.2794
4.8245	2.0426	0.2187	13.5754	13.2985
4.8250	2.0425	0.2189	13.5920	13.2995
4.8255	2.0434	0.2086	13.6398	13.3072
4.8260	2.0432	0.2118	13.6160	13.3168
4.8265	2.0433	0.2115	13.5728	13.3193
4.8270	2.0434	0.2105	13.5395	13.3247
4.8275	2.0430	0.2173	13.3646	13.3298
4.8280	2.0419	0.2320	13.3278	13.3321
4.8285	2.0416	0.2377	13.2892	13.3301
4.8290	2.0415	0.2293	13.2890	13.3057
4.8295	2.0416	0.2293	13.3430	13.2637
4.8300	2.0422	0.2290	13.3832	13.2312
4.8305	2.0419	0.2263	13.3722	13.2098
4.8310	2.0419	0.2255	13.3751	13.2228
4.8315	2.0414	0.2355	13.4149	13.2420
4.8320	2.0414	0.2375	13.4476	13.2759
4.8325	2.0413	0.2360	13.4517	13.3248
4.8330	2.0411	0.2337	13.4562	13.3441
4.8335	2.0416	0.2309	13.4919	13.3640
4.8340	2.0420	0.2343	13.5301	13.3556
4.8345	2.0414	0.2330	13.5307	13.3429
4.8350	2.0407	0.2430	13.5200	13.3261
4.8355	2.0396	0.2515	13.5487	13.3222
4.8360	2.0406	0.2458	13.6029	13.3145
4.8365	2.0408	0.2388	13.6042	13.2960
4.8370	2.0408	0.2430	13.5770	13.2773
4.8375	2.0409	0.2403	13.5984	13.2732
4.8380	2.0410	0.2363	13.6530	13.2730
4.8385	2.0409	0.2347	13.6577	13.2764
4.8390	2.0409	0.2340	13.6285	13.2762
4.8395	2.0408	0.2413	13.6408	13.2784
4.8400	2.0403	0.2397	13.6908	13.2861
4.8405	2.0404	0.2401	13.7029	13.2964
4.8410	2.0407	0.2445	13.6659	13.3068
4.8415	2.0400	0.2442	13.6639	13.3032
4.8420	2.0403	0.2437	13.6983	13.2963
4.8425	2.0403	0.2386	13.7159	13.2720
4.8430	2.0400	0.2455	13.6905	13.2530
4.8435	2.0399	0.2455	13.6798	13.2283
4.8440	2.0399	0.2453	13.7116	13.2160
4.8445	2.0399	0.2527	13.7179	13.2027
4.8450	2.0400	0.2529	13.6871	13.1742
4.8455	2.0392	0.2557	13.6800	13.2071
4.8460	2.0386	0.2584	13.7226	13.2163
4.8465	2.0391	0.2580	13.7409	13.2385
4.8470	2.0387	0.2644	13.6921	13.2446
4.8475	2.0385	0.2639	13.6571	13.2395
4.8480	2.0388	0.2658	13.6820	13.2295
4.8485	2.0383	0.2663	13.7018	13.2222
4.8490	2.0383	0.2662	13.6635	13.2021
4.8495	2.0381	0.2633	13.6188	13.2025
4.8500	2.0379	0.2716	13.6358	13.2098
4.8505	2.0377	0.2749	13.6511	13.2391
4.8510	2.0370	0.2750	13.6056	13.2657
4.8515	2.0379	0.2751	13.5542	13.2823
4.8520	2.0380	0.2719	13.5550	13.2872
4.8525	2.0371	0.2765	13.5803	13.2823
4.8530	2.0374	0.2791	13.5376	13.2753
4.8535	2.0370	0.2785	13.4765	13.2592
4.8540	2.0369	0.2785	13.4612	13.2630
4.8545	2.0368	0.2815	13.4972	13.2707
4.8550	2.0367	0.2806	13.4510	13.2907
4.8555	2.0364	0.2834	13.3941	13.3234
4.8560	2.0363	0.2870	13.3232	13.3546
4.8565	2.0359	0.2938	13.2803	13.3828
4.8570	2.0362	0.2893	13.3457	13.3994
4.8575	2.0360	0.2835	13.2487	13.4093
4.8580	2.0359	0.2946	13.2113	13.3774
4.8585	2.0360	0.2902	13.2487	13.3555
4.8590	2.0372	0.2827	13.2788	13.3142
4.8595	2.0367	0.2773	13.1896	13.2814
4.8600	2.0371	0.2797	13.1034	13.2658
4.8605	2.0371	0.2750	13.0867	13.2732
4.8610	2.0376	0.2785	13.1149	13.2933
4.8615	2.0372	0.2722	12.8596	13.3169
4.8620	2.0381	0.2694	12.7777	13.3575
4.8625	2.0385	0.2681	12.8378	13.3649
4.8630	2.0384	0.2664	12.9008	13.3717
4.8635	2.0387	0.2651	12.8997	13.3660
4.8640	2.0393	0.2620	12.8507	13.3810
4.8645	2.0398	0.2565	12.8811	13.3370
4.8650	2.0399	0.2528	12.9526	13.3176
4.8655	2.0407	0.2387	12.9435	13.3095
4.8660	2.0415	0.2273	12.8885	13.2972
4.8665	2.0441	0.2069	12.9214	13.2879
4.8670	2.0451	0.1939	13.0028	13.2768
4.8675	2.0454	0.1884	13.0112	13.2903
4.8680	2.0458	0.1875	12.9586	13.3001
4.8685	2.0454	0.1815	12.9720	13.3195
4.8690	2.0463	0.1811	13.0580	13.3365
4.8695	2.0464	0.1727	13.0951	13.3231
4.8700	2.0460	0.1809	13.0321	13.3063
4.8705	2.0466	0.1778	13.0186	13.3013
4.8710	2.0463	0.1847	13.1081	13.2966
4.8715	2.0450	0.1950	13.1661	13.3100
4.8720	2.0439	0.2028	13.1044	13.3352
4.8725	2.0440	0.2024	13.0724	13.3551
4.8730	2.0443	0.2093	13.1525	13.3635
4.8735	2.0452	0.1962	13.2236	13.3558
4.8740	2.0444	0.1960	13.1830	13.3287
4.8745	2.0442	0.2048	13.1451	13.3091
4.8750	2.0437	0.2039	13.2039	13.3143
4.8755	2.0436	0.2091	13.2820	13.3113
4.8760	2.0423	0.2195	13.2648	13.3336
4.8765	2.0417	0.2287	13.2206	13.3676
4.8770	2.0417	0.2294	13.2576	13.4040
4.8775	2.0408	0.2297	13.3303	13.4065
4.8780	2.0417	0.2313	13.3190	13.4012
4.8785	2.0422	0.2261	13.2689	13.3845
4.8790	2.0425	0.2197	13.3031	13.3568
4.8795	2.0423	0.2192	13.3829	13.3282
4.8800	2.0418	0.2286	13.3803	13.3392
4.8805	2.0425	0.2254	13.3229	13.3786
4.8810	2.0419	0.2277	13.3363	13.3970
4.8815	2.0428	0.2185	13.4216	13.4287
4.8820	2.0429	0.2195	13.4202	13.4202
4.8825	2.0425	0.2178	13.3485	13.4132
4.8830	2.0421	0.2237	13.3537	13.3839
4.8835	2.0417	0.2312	13.4368	13.3648
4.8840	2.0420	0.2289	13.4475	13.3489
4.8845	2.0415	0.2270	13.3745	13.3499
4.8850	2.0413	0.2340	13.3639	13.3627
4.8855	2.0419	0.2290	13.4430	13.3661
4.8860	2.0416	0.2313	13.4807	13.3880
4.8865	2.0411	0.2349	13.4277	13.4150
4.8870	2.0414	0.2420	13.4072	13.4388
4.8875	2.0405	0.2368	13.4797	13.4428
4.8880	2.0406	0.2426	13.5363	13.4232
4.8885	2.0404	0.2408	13.4877	13.3702
4.8890	2.0401	0.2487	13.4367	13.3227
4.8895	2.0400	0.2517	13.4913	13.2867
4.8900	2.0392	0.2587	13.5610	13.2719
4.8905	2.0387	0.2614	13.5187	13.2752
4.8910	2.0388	0.2591	13.4538	13.2977
4.8915	2.0386	0.2652	13.4933	13.3110
4.8920	2.0386	0.2585	13.5680	13.3469
4.8925	2.0388	0.2623	13.5374	13.3724
4.8930	2.0383	0.2645	13.4388	13.3929
4.8935	2.0386	0.2626	13.4511	13.3898
4.8940	2.0386	0.2622	13.3544	13.3838
4.8945	2.0394	0.2604	13.1957	13.3715
4.8950	2.0398	0.2562	13.1024	13.3723
4.8955	2.0390	0.2530	13.1131	13.3748
4.8960	2.0385	0.2643	13.2321	13.3904
4.8965	2.0386	0.2634	13.2849	13.4232
4.8970	2.0382	0.2647	13.2138	13.4327
4.8975	2.0384	0.2611	13.1900	13.4436
4.8980	2.0386	0.2614	13.3002	13.4310
4.8985	2.0389	0.2585	13.3463	13.4128
4.8990	2.0391	0.2640	13.2847	13.3816
4.8995	2.0389	0.2633	13.2422	13.3556
4.9000	2.0391	0.2569	13.3269	13.3249
4.9005	2.0394	0.2593	13.4214	13.3135
4.9010	2.0399	0.2496	13.3838	13.3351
4.9015	2.0409	0.2461	13.3282	13.3567
4.9020	2.0414	0.2360	13.3792	13.3621
4.9025	2.0415	0.2310	13.4723	13.3685
4.9030	2.0423	0.2312	13.4649	13.3662
4.9035	2.0426	0.2234	13.3961	13.3557
4.9040	2.0431	0.2219	13.4222	13.3106
4.9045	2.0429	0.2141	13.5079	13.2932
4.9050	2.0433	0.2127	13.5209	13.2792
4.9055	2.0436	0.2070	13.4717	13.2619
4.9060	2.0435	0.2098	13.4799	13.2727
4.9065	2.0430	0.2127	13.5467	13.3292
4.9070	2.0433	0.2116	13.5630	13.3622
4.9075	2.0437	0.2141	13.5223	13.3790
4.9080	2.0437	0.2128	13.5172	13.3950
4.9085	2.0433	0.2100	13.5611	13.4040
4.9090	2.0437	0.2095	13.5940	13.3932
4.9095	2.0433	0.2130	13.5522	13.3850
4.9100	2.0438	0.2061	13.5265	13.3598
4.9105	2.0444	0.2013	13.5649	13.3256
4.9110	2.0446	0.2009	13.6004	13.2977
4.9115	2.0451	0.1924	13.5851	13.2661
4.9120	2.0458	0.1880	13.5447	13.2630
4.9125	2.0466	0.1819	13.5599	13.2444
4.9130	2.0461	0.1797	13.5967	13.2515
4.9135	2.0458	0.1865	13.5880	13.2712
4.9140	2.0459	0.1844	13.5451	13.3002
4.9145	2.0449	0.1906	13.5451	13.3349
4.9150	2.0456	0.1915	13.5902	13.3494
4.9155	2.0458	0.1889	13.5912	13.3669
4.9160	2.0458	0.1848	13.5383	13.3552
4.9165	2.0463	0.1780	13.5039	13.3350
4.9170	2.0465	0.1760	13.5259	13.3133
4.9175	2.0463	0.1780	13.5355	13.3079
4.9180	2.0460	0.1812	13.4785	13.3143
4.9185	2.0457	0.1854	13.4305	13.3309
4.9190	2.0451	0.1918	13.4689	13.3981
4.9195	2.0445	0.1999	13.4896	13.4519
4.9200	2.0446	0.1983	13.4216	13.4701
4.9205	2.0439	0.2008	13.3600	13.4586
4.9210	2.0442	0.2004	13.3796	13.4202
4.9215	2.0444	0.2024	13.4048	13.3730
4.9220	2.0436	0.2071	13.3574	13.3317
4.9225	2.0437	0.2060	13.2861	13.3079
4.9230	2.0429	0.2183	13.2944	13.3233
4.9235	2.0421	0.2223	13.3187	13.3293
4.9240	2.0422	0.2293	13.2733	13.3734
4.9245	2.0416	0.2275	13.1964	13.4079
4.9250	2.0415	0.2381	13.2005	13.4323
4.9255	2.0404	0.2405	13.1653	13.4206
4.9260	2.0408	0.2416	13.1161	13.3833
4.9265	2.0410	0.2397	13.1266	13.3250
4.9270	2.0409	0.2434	13.1214	13.2595
4.9275	2.0405	0.2430	13.1001	13.2179
4.9280	2.0410	0.2407	13.0488	13.1957
4.9285	2.0411	0.2349	13.0210	13.2091
4.9290	2.0409	0.2409	13.0147	13.2611
4.9295	2.0409	0.2388	12.9839	13.3292
4.9300	2.0410	0.2403	12.8988	13.3985
4.9305	2.0410	0.2346	12.7412	13.4282
4.9310	2.0407	0.2410	12.7651	13.4707
4.9315	2.0406	0.2430	12.8047	13.4887
4.9320	2.0399	0.2447	12.7943	13.4451
4.9325	2.0398	0.2561	12.7990	13.4024
4.9330	2.0389	0.2627	12.8150	13.3714
4.9335	2.0393	0.2594	12.8361	13.3475
4.9340	2.0391	0.2579	12.8495	13.3333
4.9345	2.0387	0.2623	12.8637	13.3466
4.9350	2.0388	0.2620	12.8830	13.3631
4.9355	2.0389	0.2630	12.9028	13.3854
4.9360	2.0387	0.2616	12.9148	13.4028
4.9365	2.0390	0.2594	12.9217	13.4068
4.9370	2.0394	0.2533	12.9398	13.4058
4.9375	2.0394	0.2526	12.9724	13.3877
4.9380	2.0402	0.2472	12.9909	13.3735
4.9385	2.0406	0.2426	12.9889	13.3552
4.9390	2.0411	0.2370	12.9981	13.3554
4.9395	2.0414	0.2329	13.0398	13.3605
4.9400	2.0407	0.2360	13.0672	13.3751
4.9405	2.0408	0.2370	13.0657	13.3895
4.9410	2.0406	0.2417	13.0637	13.4140
4.9415	2.0402	0.2461	13.0975	13.4276
4.9420	2.0399	0.2458	13.1381	13.4483
4.9425	2.0401	0.2501	13.1422	13.4506
4.9430	2.0398	0.2444	13.1362	13.4208
4.9435	2.0377	0.2700	13.1573	13.4049
4.9440	2.0371	0.2734	13.1936	13.3984
4.9445	2.0368	0.2837	13.2137	13.4023
4.9450	2.0376	0.2760	13.2148	13.4138
4.9455	2.0383	0.2718	13.2278	13.4012
4.9460	2.0381	0.2641	13.2645	13.3663
4.9465	2.0383	0.2675	13.2914	13.3680
4.9470	2.0389	0.2633	13.2768	13.3623
4.9475	2.0381	0.2677	13.2793	13.3385
4.9480	2.0390	0.2582	13.3235	13.3339
4.9485	2.0402	0.2428	13.3509	13.3077
4.9490	2.0410	0.2362	13.3283	13.2906
4.9495	2.0426	0.2260	13.3177	13.2821
4.9500	2.0439	0.2077	13.3575	13.2763
4.9505	2.0436	0.2112	13.3816	13.2605
4.9510	2.0429	0.2170	13.3616	13.2675
4.9515	2.0420	0.2283	13.3521	13.2991
4.9520	2.0423	0.2273	13.3909	13.3487
4.9525	2.0440	0.2076	13.4099	13.3765
4.9530	2.0448	0.1986	13.3838	13.3702
4.9535	2.0450	0.1954	13.3843	13.3608
4.9540	2.0449	0.1966	13.4272	13.3333
4.9545	2.0449	0.1952	13.4564	13.3080
4.9550	2.0448	0.2007	13.4431	13.2974
4.9555	2.0459	0.1880	13.4399	13.2978
4.9560	2.0461	0.1864	13.4608	13.2960
4.9565	2.0452	0.1898	13.4909	13.3019
4.9570	2.0446	0.1998	13.4713	13.3319
4.9575	2.0435	0.2070	13.4647	13.3396
4.9580	2.0434	0.2116	13.4913	13.3634
4.9585	2.0433	0.2130	13.5321	13.3706
4.9590	2.0434	0.2097	13.5018	13.3813
4.9595	2.0438	0.2015	13.4901	13.3724
4.9600	2.0445	0.2003	13.2120	13.3520
4.9605	2.0441	0.2065	13.0320	13.3276
4.9610	2.0436	0.2033	13.0645	13.3156
4.9615	2.0437	0.2061	13.0506	13.3119
4.9620	2.0438	0.2070	13.1006	13.3227
4.9625	2.0429	0.2192	13.1585	13.3401
4.9630	2.0431	0.2119	13.1962	13.3661
4.9635	2.0429	0.2208	13.1777	13.3719
4.9640	2.0420	0.2218	13.1947	13.3715
4.9645	2.0418	0.2234	13.2596	13.3576
4.9650	2.0418	0.2216	13.2977	13.3194
4.9655	2.0421	0.2255	13.2714	13.2787
4.9660	2.0422	0.2228	13.2700	13.2489
4.9665	2.0416	0.2324	13.3192	13.2472
4.9670	2.0422	0.2284	13.3891	13.2613
4.9675	2.0412	0.2303	13.3682	13.2831
4.9680	2.0406	0.2395	13.3412	13.3231
4.9685	2.0407	0.2405	13.3921	13.3601
4.9690	2.0407	0.2387	13.4647	13.3852
4.9695	2.0412	0.2376	13.4550	13.3789
4.9700	2.0404	0.2435	13.4178	13.3706
4.9705	2.0405	0.2428	13.4575	13.3268
4.9710	2.0398	0.2470	13.5292	13.2990
4.9715	2.0399	0.2537	13.5288	13.2668
4.9720	2.0389	0.2592	13.5006	13.2566
4.9725	2.0384	0.2690	13.5144	13.2728
4.9730	2.0378	0.2707	13.5724	13.2881
4.9735	2.0375	0.2711	13.5971	13.3156
4.9740	2.0376	0.2810	13.5599	13.3321
4.9745	2.0369	0.2749	13.5634	13.3452
4.9750	2.0368	0.2806	13.6162	13.3350
4.9755	2.0367	0.2806	13.6338	13.3224
4.9760	2.0366	0.2838	13.6052	13.3012
4.9765	2.0366	0.2823	13.6025	13.2826
4.9770	2.0365	0.2858	13.6424	13.2726
4.9775	2.0366	0.2853	13.6586	13.2769
4.9780	2.0368	0.2846	13.6254	13.3006
4.9785	2.0381	0.2722	13.6105	13.3332
4.9790	2.0384	0.2590	13.6576	13.3126
4.9795	2.0396	0.2561	13.6865	13.3027
4.9800	2.0400	0.2498	13.6530	13.3120
4.9805	2.0410	0.2417	13.6268	13.2865
4.9810	2.0406	0.2444	13.6666	13.2865
4.9815	2.0402	0.2428	13.7087	13.3249
4.9820	2.0398	0.2474	13.6705	13.3716
4.9825	2.0402	0.2465	13.6245	13.4018
4.9830	2.0405	0.2456	13.6347	13.4241
4.9835	2.0401	0.2488	13.6668	13.4352
4.9840	2.0399	0.2443	13.6534	13.4264
4.9845	2.0397	0.2496	13.6067	13.3928
4.9850	2.0392	0.2493	13.5934	13.3508
4.9855	2.0402	0.2477	13.6183	13.3337
4.9860	2.0401	0.2481	13.6019	13.3247
4.9865	2.0407	0.2405	13.5557	13.3361
4.9870	2.0402	0.2428	13.5332	13.3376
4.9875	2.0403	0.2434	13.5491	13.3415
4.9880	2.0415	0.2307	13.5422	13.3424
4.9885	2.0417	0.2233	13.4968	13.3447
4.9890	2.0423	0.2157	13.4555	13.3551
4.9895	2.0432	0.2124	13.4605	13.3490
4.9900	2.0436	0.2101	13.4494	13.3483
4.9905	2.0440	0.2120	13.4011	13.3407
4.9910	2.0439	0.2079	13.3550	13.3547
4.9915	2.0433	0.2112	13.3761	13.3663
4.9920	2.0431	0.2115	13.3720	13.3750
4.9925	2.0436	0.2040	13.3339	13.3856
4.9930	2.0436	0.2067	13.2125	13.3911
4.9935	2.0429	0.2152	13.0594	13.3764
4.9940	2.0428	0.2170	13.0919	13.3524
4.9945	2.0427	0.2179	13.0609	13.3339
4.9950	2.0421	0.2221	13.0121	13.3262
4.9955	2.0423	0.2171	13.0132	13.2989
4.9960	2.0433	0.2110	13.0673	13.2833
4.9965	2.0435	0.2129	13.0746	13.2679
4.9970	2.0442	0.2060	13.0118	13.2748
4.9975	2.0435	0.2086	12.9913	13.2696
4.9980	2.0444	0.2039	13.0304	13.3015
4.9985	2.0445	0.1967	12.9508	13.3807
4.9990	2.0452	0.1927	12.9154	13.4146
4.9995	2.0446	0.1908	12.9036	13.4191
